ISO-10303-21;
HEADER;
/* Generated by software containing ST-Developer
 * from STEP Tools, Inc. (www.steptools.com) 
 */
/* OPTION: using custom renumber hook */

FILE_DESCRIPTION(
/* description */ ('STEP AP242 Edition 2',
'CAx-IF Rec.Pracs.---Representation and Presentation of Product Manufa
cturing Information (PMI)---4.0---2014-10-13',
'CAx-IF Rec.Pracs.---3D Tessellated Geometry---0.4---2014-09-14','2;1',
'CAx-IF Rec.Pracs.---User Defined Attributes---1.5---2016-08-15'),
/* implementation_level */ '2;1');

FILE_NAME(
/* name */ 'LED Carrier Parts - LED_Carrier',
/* time_stamp */ '2026-09-27T04:16:57Z',
/* author */ (''),
/* organization */ (''),
/* preprocessor_version */ 'ST-DEVELOPER v20',
/* originating_system */ 'ONSHAPE BY PTC INC, 1.221',
/* authorisation */ '  ');

FILE_SCHEMA (('AP242_MANAGED_MODEL_BASED_3D_ENGINEERING_MIM_LF { 1 0 10303 442 3 1 4 }'));
ENDSEC;

DATA;
#10=SHAPE_REPRESENTATION_RELATIONSHIP('','',#1690,#11);
#11=ADVANCED_BREP_SHAPE_REPRESENTATION('',(#1688),#2762);
#12=CONICAL_SURFACE('',#1756,0.600000000000007,0.78539816339756);
#13=CONICAL_SURFACE('',#1758,0.6,0.785398163397531);
#14=CONICAL_SURFACE('',#1786,0.600000000000007,0.78539816339756);
#15=CONICAL_SURFACE('',#1788,0.6,0.785398163397531);
#16=B_SPLINE_CURVE_WITH_KNOTS('',3,(#2506,#2507,#2508,#2509,#2510),
 .UNSPECIFIED.,.F.,.F.,(4,1,4),(1.43835672120904E-18,0.000634260774212745,
0.00126852154842549),.UNSPECIFIED.);
#17=B_SPLINE_CURVE_WITH_KNOTS('',3,(#2516,#2517,#2518,#2519,#2520),
 .UNSPECIFIED.,.F.,.F.,(4,1,4),(1.51260774969603E-17,0.000634260774212759,
0.0012685215484255),.UNSPECIFIED.);
#18=B_SPLINE_CURVE_WITH_KNOTS('',3,(#2607,#2608,#2609,#2610,#2611),
 .UNSPECIFIED.,.F.,.F.,(4,1,4),(2.04566856771261E-18,0.000634260774212744,
0.00126852154842549),.UNSPECIFIED.);
#19=B_SPLINE_CURVE_WITH_KNOTS('',3,(#2623,#2624,#2625,#2626,#2627),
 .UNSPECIFIED.,.F.,.F.,(4,1,4),(3.91665690075488E-18,0.000634260774212752,
0.0012685215484255),.UNSPECIFIED.);
#20=CIRCLE('',#1695,5.5);
#21=CIRCLE('',#1697,5.5);
#22=CIRCLE('',#1700,5.5);
#23=CIRCLE('',#1701,0.8);
#24=CIRCLE('',#1702,0.800000000000014);
#25=CIRCLE('',#1703,0.800000000000014);
#26=CIRCLE('',#1704,0.8);
#27=CIRCLE('',#1707,5.5);
#28=CIRCLE('',#1721,0.8);
#29=CIRCLE('',#1722,0.8);
#30=CIRCLE('',#1741,0.4);
#31=CIRCLE('',#1742,0.4);
#32=CIRCLE('',#1745,0.4);
#33=CIRCLE('',#1746,0.4);
#34=CIRCLE('',#1753,0.8);
#35=CIRCLE('',#1770,0.4);
#36=CIRCLE('',#1771,0.4);
#37=CIRCLE('',#1774,0.4);
#38=CIRCLE('',#1775,0.4);
#39=CIRCLE('',#1782,0.8);
#40=CYLINDRICAL_SURFACE('',#1694,5.5);
#41=CYLINDRICAL_SURFACE('',#1706,5.5);
#42=CYLINDRICAL_SURFACE('',#1733,2.);
#43=CYLINDRICAL_SURFACE('',#1736,2.);
#44=CYLINDRICAL_SURFACE('',#1740,0.4);
#45=CYLINDRICAL_SURFACE('',#1744,0.4);
#46=CYLINDRICAL_SURFACE('',#1762,2.);
#47=CYLINDRICAL_SURFACE('',#1765,2.);
#48=CYLINDRICAL_SURFACE('',#1769,0.4);
#49=CYLINDRICAL_SURFACE('',#1773,0.4);
#50=CYLINDRICAL_SURFACE('',#1796,0.8);
#51=CYLINDRICAL_SURFACE('',#1797,0.8);
#52=CYLINDRICAL_SURFACE('',#1798,0.8);
#53=CYLINDRICAL_SURFACE('',#1799,0.8);
#54=LINE('',#2266,#255);
#55=LINE('',#2268,#256);
#56=LINE('',#2270,#257);
#57=LINE('',#2272,#258);
#58=LINE('',#2277,#259);
#59=LINE('',#2283,#260);
#60=LINE('',#2287,#261);
#61=LINE('',#2292,#262);
#62=LINE('',#2294,#263);
#63=LINE('',#2296,#264);
#64=LINE('',#2297,#265);
#65=LINE('',#2299,#266);
#66=LINE('',#2301,#267);
#67=LINE('',#2303,#268);
#68=LINE('',#2305,#269);
#69=LINE('',#2309,#270);
#70=LINE('',#2313,#271);
#71=LINE('',#2315,#272);
#72=LINE('',#2317,#273);
#73=LINE('',#2321,#274);
#74=LINE('',#2325,#275);
#75=LINE('',#2327,#276);
#76=LINE('',#2329,#277);
#77=LINE('',#2331,#278);
#78=LINE('',#2333,#279);
#79=LINE('',#2335,#280);
#80=LINE('',#2337,#281);
#81=LINE('',#2339,#282);
#82=LINE('',#2341,#283);
#83=LINE('',#2343,#284);
#84=LINE('',#2345,#285);
#85=LINE('',#2347,#286);
#86=LINE('',#2348,#287);
#87=LINE('',#2354,#288);
#88=LINE('',#2356,#289);
#89=LINE('',#2359,#290);
#90=LINE('',#2360,#291);
#91=LINE('',#2362,#292);
#92=LINE('',#2364,#293);
#93=LINE('',#2366,#294);
#94=LINE('',#2367,#295);
#95=LINE('',#2369,#296);
#96=LINE('',#2371,#297);
#97=LINE('',#2373,#298);
#98=LINE('',#2375,#299);
#99=LINE('',#2377,#300);
#100=LINE('',#2379,#301);
#101=LINE('',#2382,#302);
#102=LINE('',#2384,#303);
#103=LINE('',#2386,#304);
#104=LINE('',#2388,#305);
#105=LINE('',#2391,#306);
#106=LINE('',#2393,#307);
#107=LINE('',#2395,#308);
#108=LINE('',#2397,#309);
#109=LINE('',#2400,#310);
#110=LINE('',#2402,#311);
#111=LINE('',#2404,#312);
#112=LINE('',#2406,#313);
#113=LINE('',#2408,#314);
#114=LINE('',#2410,#315);
#115=LINE('',#2412,#316);
#116=LINE('',#2414,#317);
#117=LINE('',#2417,#318);
#118=LINE('',#2419,#319);
#119=LINE('',#2421,#320);
#120=LINE('',#2423,#321);
#121=LINE('',#2425,#322);
#122=LINE('',#2427,#323);
#123=LINE('',#2429,#324);
#124=LINE('',#2432,#325);
#125=LINE('',#2437,#326);
#126=LINE('',#2439,#327);
#127=LINE('',#2441,#328);
#128=LINE('',#2443,#329);
#129=LINE('',#2444,#330);
#130=LINE('',#2446,#331);
#131=LINE('',#2448,#332);
#132=LINE('',#2453,#333);
#133=LINE('',#2455,#334);
#134=LINE('',#2457,#335);
#135=LINE('',#2463,#336);
#136=LINE('',#2464,#337);
#137=LINE('',#2468,#338);
#138=LINE('',#2469,#339);
#139=LINE('',#2471,#340);
#140=LINE('',#2473,#341);
#141=LINE('',#2475,#342);
#142=LINE('',#2476,#343);
#143=LINE('',#2478,#344);
#144=LINE('',#2481,#345);
#145=LINE('',#2483,#346);
#146=LINE('',#2484,#347);
#147=LINE('',#2486,#348);
#148=LINE('',#2488,#349);
#149=LINE('',#2490,#350);
#150=LINE('',#2495,#351);
#151=LINE('',#2500,#352);
#152=LINE('',#2502,#353);
#153=LINE('',#2512,#354);
#154=LINE('',#2514,#355);
#155=LINE('',#2524,#356);
#156=LINE('',#2527,#357);
#157=LINE('',#2529,#358);
#158=LINE('',#2531,#359);
#159=LINE('',#2532,#360);
#160=LINE('',#2534,#361);
#161=LINE('',#2536,#362);
#162=LINE('',#2538,#363);
#163=LINE('',#2544,#364);
#164=LINE('',#2546,#365);
#165=LINE('',#2548,#366);
#166=LINE('',#2550,#367);
#167=LINE('',#2556,#368);
#168=LINE('',#2558,#369);
#169=LINE('',#2560,#370);
#170=LINE('',#2562,#371);
#171=LINE('',#2564,#372);
#172=LINE('',#2566,#373);
#173=LINE('',#2567,#374);
#174=LINE('',#2569,#375);
#175=LINE('',#2570,#376);
#176=LINE('',#2572,#377);
#177=LINE('',#2573,#378);
#178=LINE('',#2575,#379);
#179=LINE('',#2577,#380);
#180=LINE('',#2579,#381);
#181=LINE('',#2581,#382);
#182=LINE('',#2583,#383);
#183=LINE('',#2587,#384);
#184=LINE('',#2589,#385);
#185=LINE('',#2591,#386);
#186=LINE('',#2593,#387);
#187=LINE('',#2595,#388);
#188=LINE('',#2598,#389);
#189=LINE('',#2600,#390);
#190=LINE('',#2601,#391);
#191=LINE('',#2603,#392);
#192=LINE('',#2605,#393);
#193=LINE('',#2615,#394);
#194=LINE('',#2617,#395);
#195=LINE('',#2619,#396);
#196=LINE('',#2629,#397);
#197=LINE('',#2632,#398);
#198=LINE('',#2634,#399);
#199=LINE('',#2636,#400);
#200=LINE('',#2637,#401);
#201=LINE('',#2639,#402);
#202=LINE('',#2641,#403);
#203=LINE('',#2643,#404);
#204=LINE('',#2647,#405);
#205=LINE('',#2651,#406);
#206=LINE('',#2653,#407);
#207=LINE('',#2655,#408);
#208=LINE('',#2659,#409);
#209=LINE('',#2663,#410);
#210=LINE('',#2666,#411);
#211=LINE('',#2668,#412);
#212=LINE('',#2669,#413);
#213=LINE('',#2670,#414);
#214=LINE('',#2672,#415);
#215=LINE('',#2673,#416);
#216=LINE('',#2675,#417);
#217=LINE('',#2677,#418);
#218=LINE('',#2678,#419);
#219=LINE('',#2680,#420);
#220=LINE('',#2682,#421);
#221=LINE('',#2684,#422);
#222=LINE('',#2686,#423);
#223=LINE('',#2688,#424);
#224=LINE('',#2690,#425);
#225=LINE('',#2692,#426);
#226=LINE('',#2694,#427);
#227=LINE('',#2696,#428);
#228=LINE('',#2700,#429);
#229=LINE('',#2702,#430);
#230=LINE('',#2704,#431);
#231=LINE('',#2706,#432);
#232=LINE('',#2708,#433);
#233=LINE('',#2710,#434);
#234=LINE('',#2712,#435);
#235=LINE('',#2715,#436);
#236=LINE('',#2717,#437);
#237=LINE('',#2719,#438);
#238=LINE('',#2721,#439);
#239=LINE('',#2722,#440);
#240=LINE('',#2724,#441);
#241=LINE('',#2725,#442);
#242=LINE('',#2727,#443);
#243=LINE('',#2729,#444);
#244=LINE('',#2730,#445);
#245=LINE('',#2732,#446);
#246=LINE('',#2734,#447);
#247=LINE('',#2740,#448);
#248=LINE('',#2741,#449);
#249=LINE('',#2743,#450);
#250=LINE('',#2745,#451);
#251=LINE('',#2746,#452);
#252=LINE('',#2748,#453);
#253=LINE('',#2752,#454);
#254=LINE('',#2754,#455);
#255=VECTOR('',#1820,1000.);
#256=VECTOR('',#1821,1000.);
#257=VECTOR('',#1822,1000.);
#258=VECTOR('',#1825,1000.);
#259=VECTOR('',#1828,1000.);
#260=VECTOR('',#1833,1000.);
#261=VECTOR('',#1838,1000.);
#262=VECTOR('',#1841,1000.);
#263=VECTOR('',#1842,1000.);
#264=VECTOR('',#1843,1000.);
#265=VECTOR('',#1844,1000.);
#266=VECTOR('',#1845,1000.);
#267=VECTOR('',#1846,1000.);
#268=VECTOR('',#1847,1000.);
#269=VECTOR('',#1848,1000.);
#270=VECTOR('',#1851,1000.);
#271=VECTOR('',#1854,1000.);
#272=VECTOR('',#1855,1000.);
#273=VECTOR('',#1856,1000.);
#274=VECTOR('',#1859,1000.);
#275=VECTOR('',#1862,1000.);
#276=VECTOR('',#1863,1000.);
#277=VECTOR('',#1864,1000.);
#278=VECTOR('',#1865,1000.);
#279=VECTOR('',#1868,1000.);
#280=VECTOR('',#1869,1000.);
#281=VECTOR('',#1870,1000.);
#282=VECTOR('',#1871,1000.);
#283=VECTOR('',#1872,1000.);
#284=VECTOR('',#1873,1000.);
#285=VECTOR('',#1874,1000.);
#286=VECTOR('',#1877,1000.);
#287=VECTOR('',#1878,1000.);
#288=VECTOR('',#1883,1000.);
#289=VECTOR('',#1886,1000.);
#290=VECTOR('',#1887,1000.);
#291=VECTOR('',#1888,1000.);
#292=VECTOR('',#1889,1000.);
#293=VECTOR('',#1890,1000.);
#294=VECTOR('',#1893,1000.);
#295=VECTOR('',#1894,1000.);
#296=VECTOR('',#1895,1000.);
#297=VECTOR('',#1896,1000.);
#298=VECTOR('',#1899,1000.);
#299=VECTOR('',#1900,1000.);
#300=VECTOR('',#1901,1000.);
#301=VECTOR('',#1904,1000.);
#302=VECTOR('',#1905,1000.);
#303=VECTOR('',#1906,1000.);
#304=VECTOR('',#1907,1000.);
#305=VECTOR('',#1910,1000.);
#306=VECTOR('',#1911,1000.);
#307=VECTOR('',#1912,1000.);
#308=VECTOR('',#1913,1000.);
#309=VECTOR('',#1916,1000.);
#310=VECTOR('',#1917,1000.);
#311=VECTOR('',#1918,1000.);
#312=VECTOR('',#1919,1000.);
#313=VECTOR('',#1920,1000.);
#314=VECTOR('',#1921,1000.);
#315=VECTOR('',#1922,1000.);
#316=VECTOR('',#1923,1000.);
#317=VECTOR('',#1926,1000.);
#318=VECTOR('',#1927,1000.);
#319=VECTOR('',#1928,1000.);
#320=VECTOR('',#1929,1000.);
#321=VECTOR('',#1932,1000.);
#322=VECTOR('',#1933,1000.);
#323=VECTOR('',#1934,1000.);
#324=VECTOR('',#1937,1000.);
#325=VECTOR('',#1938,1000.);
#326=VECTOR('',#1943,1000.);
#327=VECTOR('',#1944,1000.);
#328=VECTOR('',#1945,1000.);
#329=VECTOR('',#1946,1000.);
#330=VECTOR('',#1947,1000.);
#331=VECTOR('',#1948,1000.);
#332=VECTOR('',#1951,1000.);
#333=VECTOR('',#1954,1000.);
#334=VECTOR('',#1955,1000.);
#335=VECTOR('',#1956,1000.);
#336=VECTOR('',#1963,1000.);
#337=VECTOR('',#1964,1000.);
#338=VECTOR('',#1969,1000.);
#339=VECTOR('',#1970,1000.);
#340=VECTOR('',#1973,1000.);
#341=VECTOR('',#1974,1000.);
#342=VECTOR('',#1975,1000.);
#343=VECTOR('',#1976,1000.);
#344=VECTOR('',#1979,1000.);
#345=VECTOR('',#1980,1000.);
#346=VECTOR('',#1981,1000.);
#347=VECTOR('',#1982,1000.);
#348=VECTOR('',#1983,1000.);
#349=VECTOR('',#1984,1000.);
#350=VECTOR('',#1985,1000.);
#351=VECTOR('',#1990,1000.);
#352=VECTOR('',#1995,1000.);
#353=VECTOR('',#1998,1000.);
#354=VECTOR('',#2003,1000.);
#355=VECTOR('',#2004,1000.);
#356=VECTOR('',#2011,1000.);
#357=VECTOR('',#2012,1000.);
#358=VECTOR('',#2013,1000.);
#359=VECTOR('',#2014,1000.);
#360=VECTOR('',#2015,1000.);
#361=VECTOR('',#2018,1000.);
#362=VECTOR('',#2019,1000.);
#363=VECTOR('',#2020,1000.);
#364=VECTOR('',#2027,1000.);
#365=VECTOR('',#2030,1000.);
#366=VECTOR('',#2031,1000.);
#367=VECTOR('',#2032,1000.);
#368=VECTOR('',#2039,1000.);
#369=VECTOR('',#2042,1000.);
#370=VECTOR('',#2043,1000.);
#371=VECTOR('',#2044,1000.);
#372=VECTOR('',#2045,1000.);
#373=VECTOR('',#2046,1000.);
#374=VECTOR('',#2047,1000.);
#375=VECTOR('',#2048,1000.);
#376=VECTOR('',#2049,1000.);
#377=VECTOR('',#2052,1000.);
#378=VECTOR('',#2053,1000.);
#379=VECTOR('',#2054,1000.);
#380=VECTOR('',#2057,1000.);
#381=VECTOR('',#2058,1000.);
#382=VECTOR('',#2061,1000.);
#383=VECTOR('',#2064,1000.);
#384=VECTOR('',#2071,1000.);
#385=VECTOR('',#2074,1000.);
#386=VECTOR('',#2077,1000.);
#387=VECTOR('',#2080,1000.);
#388=VECTOR('',#2083,1000.);
#389=VECTOR('',#2088,1000.);
#390=VECTOR('',#2089,1000.);
#391=VECTOR('',#2090,1000.);
#392=VECTOR('',#2091,1000.);
#393=VECTOR('',#2094,1000.);
#394=VECTOR('',#2099,1000.);
#395=VECTOR('',#2102,1000.);
#396=VECTOR('',#2103,1000.);
#397=VECTOR('',#2110,1000.);
#398=VECTOR('',#2111,1000.);
#399=VECTOR('',#2112,1000.);
#400=VECTOR('',#2113,1000.);
#401=VECTOR('',#2114,1000.);
#402=VECTOR('',#2117,1000.);
#403=VECTOR('',#2118,1000.);
#404=VECTOR('',#2119,1000.);
#405=VECTOR('',#2124,1000.);
#406=VECTOR('',#2129,1000.);
#407=VECTOR('',#2130,1000.);
#408=VECTOR('',#2131,1000.);
#409=VECTOR('',#2136,1000.);
#410=VECTOR('',#2141,1000.);
#411=VECTOR('',#2142,1000.);
#412=VECTOR('',#2143,1000.);
#413=VECTOR('',#2144,1000.);
#414=VECTOR('',#2145,1000.);
#415=VECTOR('',#2146,1000.);
#416=VECTOR('',#2147,1000.);
#417=VECTOR('',#2148,1000.);
#418=VECTOR('',#2151,1000.);
#419=VECTOR('',#2152,1000.);
#420=VECTOR('',#2153,1000.);
#421=VECTOR('',#2156,1000.);
#422=VECTOR('',#2157,1000.);
#423=VECTOR('',#2158,1000.);
#424=VECTOR('',#2161,1000.);
#425=VECTOR('',#2162,1000.);
#426=VECTOR('',#2165,1000.);
#427=VECTOR('',#2166,1000.);
#428=VECTOR('',#2167,1000.);
#429=VECTOR('',#2174,1000.);
#430=VECTOR('',#2177,1000.);
#431=VECTOR('',#2178,1000.);
#432=VECTOR('',#2181,1000.);
#433=VECTOR('',#2184,1000.);
#434=VECTOR('',#2187,1000.);
#435=VECTOR('',#2190,1000.);
#436=VECTOR('',#2195,1000.);
#437=VECTOR('',#2196,1000.);
#438=VECTOR('',#2197,1000.);
#439=VECTOR('',#2198,1000.);
#440=VECTOR('',#2199,1000.);
#441=VECTOR('',#2202,1000.);
#442=VECTOR('',#2203,1000.);
#443=VECTOR('',#2206,1000.);
#444=VECTOR('',#2209,1000.);
#445=VECTOR('',#2210,1000.);
#446=VECTOR('',#2213,1000.);
#447=VECTOR('',#2216,1000.);
#448=VECTOR('',#2227,1000.);
#449=VECTOR('',#2228,1000.);
#450=VECTOR('',#2231,1000.);
#451=VECTOR('',#2234,1000.);
#452=VECTOR('',#2235,1000.);
#453=VECTOR('',#2238,1000.);
#454=VECTOR('',#2245,1000.);
#455=VECTOR('',#2248,1000.);
#456=ORIENTED_EDGE('',*,*,#938,.F.);
#457=ORIENTED_EDGE('',*,*,#939,.T.);
#458=ORIENTED_EDGE('',*,*,#940,.F.);
#459=ORIENTED_EDGE('',*,*,#941,.T.);
#460=ORIENTED_EDGE('',*,*,#942,.F.);
#461=ORIENTED_EDGE('',*,*,#943,.T.);
#462=ORIENTED_EDGE('',*,*,#944,.T.);
#463=ORIENTED_EDGE('',*,*,#945,.T.);
#464=ORIENTED_EDGE('',*,*,#946,.T.);
#465=ORIENTED_EDGE('',*,*,#947,.F.);
#466=ORIENTED_EDGE('',*,*,#948,.F.);
#467=ORIENTED_EDGE('',*,*,#949,.F.);
#468=ORIENTED_EDGE('',*,*,#950,.F.);
#469=ORIENTED_EDGE('',*,*,#951,.T.);
#470=ORIENTED_EDGE('',*,*,#952,.T.);
#471=ORIENTED_EDGE('',*,*,#953,.F.);
#472=ORIENTED_EDGE('',*,*,#943,.F.);
#473=ORIENTED_EDGE('',*,*,#954,.T.);
#474=ORIENTED_EDGE('',*,*,#955,.F.);
#475=ORIENTED_EDGE('',*,*,#956,.F.);
#476=ORIENTED_EDGE('',*,*,#957,.T.);
#477=ORIENTED_EDGE('',*,*,#958,.T.);
#478=ORIENTED_EDGE('',*,*,#959,.T.);
#479=ORIENTED_EDGE('',*,*,#960,.T.);
#480=ORIENTED_EDGE('',*,*,#961,.T.);
#481=ORIENTED_EDGE('',*,*,#962,.T.);
#482=ORIENTED_EDGE('',*,*,#963,.F.);
#483=ORIENTED_EDGE('',*,*,#964,.F.);
#484=ORIENTED_EDGE('',*,*,#965,.F.);
#485=ORIENTED_EDGE('',*,*,#966,.F.);
#486=ORIENTED_EDGE('',*,*,#967,.F.);
#487=ORIENTED_EDGE('',*,*,#968,.F.);
#488=ORIENTED_EDGE('',*,*,#969,.F.);
#489=ORIENTED_EDGE('',*,*,#970,.T.);
#490=ORIENTED_EDGE('',*,*,#971,.F.);
#491=ORIENTED_EDGE('',*,*,#972,.F.);
#492=ORIENTED_EDGE('',*,*,#973,.F.);
#493=ORIENTED_EDGE('',*,*,#974,.F.);
#494=ORIENTED_EDGE('',*,*,#975,.T.);
#495=ORIENTED_EDGE('',*,*,#976,.T.);
#496=ORIENTED_EDGE('',*,*,#977,.T.);
#497=ORIENTED_EDGE('',*,*,#978,.T.);
#498=ORIENTED_EDGE('',*,*,#952,.F.);
#499=ORIENTED_EDGE('',*,*,#950,.T.);
#500=ORIENTED_EDGE('',*,*,#979,.T.);
#501=ORIENTED_EDGE('',*,*,#938,.T.);
#502=ORIENTED_EDGE('',*,*,#980,.T.);
#503=ORIENTED_EDGE('',*,*,#981,.T.);
#504=ORIENTED_EDGE('',*,*,#982,.T.);
#505=ORIENTED_EDGE('',*,*,#983,.F.);
#506=ORIENTED_EDGE('',*,*,#984,.F.);
#507=ORIENTED_EDGE('',*,*,#985,.T.);
#508=ORIENTED_EDGE('',*,*,#981,.F.);
#509=ORIENTED_EDGE('',*,*,#986,.F.);
#510=ORIENTED_EDGE('',*,*,#987,.F.);
#511=ORIENTED_EDGE('',*,*,#988,.F.);
#512=ORIENTED_EDGE('',*,*,#973,.T.);
#513=ORIENTED_EDGE('',*,*,#989,.T.);
#514=ORIENTED_EDGE('',*,*,#984,.T.);
#515=ORIENTED_EDGE('',*,*,#990,.F.);
#516=ORIENTED_EDGE('',*,*,#991,.F.);
#517=ORIENTED_EDGE('',*,*,#992,.F.);
#518=ORIENTED_EDGE('',*,*,#993,.F.);
#519=ORIENTED_EDGE('',*,*,#994,.F.);
#520=ORIENTED_EDGE('',*,*,#995,.F.);
#521=ORIENTED_EDGE('',*,*,#987,.T.);
#522=ORIENTED_EDGE('',*,*,#996,.T.);
#523=ORIENTED_EDGE('',*,*,#997,.F.);
#524=ORIENTED_EDGE('',*,*,#998,.T.);
#525=ORIENTED_EDGE('',*,*,#999,.F.);
#526=ORIENTED_EDGE('',*,*,#1000,.T.);
#527=ORIENTED_EDGE('',*,*,#1001,.T.);
#528=ORIENTED_EDGE('',*,*,#1002,.F.);
#529=ORIENTED_EDGE('',*,*,#1003,.F.);
#530=ORIENTED_EDGE('',*,*,#1004,.T.);
#531=ORIENTED_EDGE('',*,*,#1005,.T.);
#532=ORIENTED_EDGE('',*,*,#1006,.T.);
#533=ORIENTED_EDGE('',*,*,#1007,.T.);
#534=ORIENTED_EDGE('',*,*,#1008,.F.);
#535=ORIENTED_EDGE('',*,*,#1009,.T.);
#536=ORIENTED_EDGE('',*,*,#1010,.F.);
#537=ORIENTED_EDGE('',*,*,#1011,.T.);
#538=ORIENTED_EDGE('',*,*,#1012,.F.);
#539=ORIENTED_EDGE('',*,*,#1013,.T.);
#540=ORIENTED_EDGE('',*,*,#1014,.T.);
#541=ORIENTED_EDGE('',*,*,#1015,.F.);
#542=ORIENTED_EDGE('',*,*,#1007,.F.);
#543=ORIENTED_EDGE('',*,*,#1016,.F.);
#544=ORIENTED_EDGE('',*,*,#1017,.T.);
#545=ORIENTED_EDGE('',*,*,#1018,.T.);
#546=ORIENTED_EDGE('',*,*,#1019,.T.);
#547=ORIENTED_EDGE('',*,*,#1020,.T.);
#548=ORIENTED_EDGE('',*,*,#1021,.T.);
#549=ORIENTED_EDGE('',*,*,#1000,.F.);
#550=ORIENTED_EDGE('',*,*,#1022,.F.);
#551=ORIENTED_EDGE('',*,*,#1023,.T.);
#552=ORIENTED_EDGE('',*,*,#1024,.F.);
#553=ORIENTED_EDGE('',*,*,#1025,.F.);
#554=ORIENTED_EDGE('',*,*,#1026,.F.);
#555=ORIENTED_EDGE('',*,*,#963,.T.);
#556=ORIENTED_EDGE('',*,*,#1027,.T.);
#557=ORIENTED_EDGE('',*,*,#1028,.T.);
#558=ORIENTED_EDGE('',*,*,#1029,.F.);
#559=ORIENTED_EDGE('',*,*,#1030,.T.);
#560=ORIENTED_EDGE('',*,*,#1031,.T.);
#561=ORIENTED_EDGE('',*,*,#1032,.F.);
#562=ORIENTED_EDGE('',*,*,#1033,.F.);
#563=ORIENTED_EDGE('',*,*,#1034,.T.);
#564=ORIENTED_EDGE('',*,*,#1035,.F.);
#565=ORIENTED_EDGE('',*,*,#1036,.T.);
#566=ORIENTED_EDGE('',*,*,#1029,.T.);
#567=ORIENTED_EDGE('',*,*,#1037,.T.);
#568=ORIENTED_EDGE('',*,*,#1038,.T.);
#569=ORIENTED_EDGE('',*,*,#1014,.F.);
#570=ORIENTED_EDGE('',*,*,#1017,.F.);
#571=ORIENTED_EDGE('',*,*,#1039,.F.);
#572=ORIENTED_EDGE('',*,*,#1032,.T.);
#573=ORIENTED_EDGE('',*,*,#1040,.T.);
#574=ORIENTED_EDGE('',*,*,#946,.F.);
#575=ORIENTED_EDGE('',*,*,#1041,.T.);
#576=ORIENTED_EDGE('',*,*,#1042,.T.);
#577=ORIENTED_EDGE('',*,*,#1043,.T.);
#578=ORIENTED_EDGE('',*,*,#999,.T.);
#579=ORIENTED_EDGE('',*,*,#1044,.T.);
#580=ORIENTED_EDGE('',*,*,#1045,.T.);
#581=ORIENTED_EDGE('',*,*,#1046,.T.);
#582=ORIENTED_EDGE('',*,*,#1047,.F.);
#583=ORIENTED_EDGE('',*,*,#975,.F.);
#584=ORIENTED_EDGE('',*,*,#1048,.F.);
#585=ORIENTED_EDGE('',*,*,#1049,.T.);
#586=ORIENTED_EDGE('',*,*,#1050,.T.);
#587=ORIENTED_EDGE('',*,*,#1051,.T.);
#588=ORIENTED_EDGE('',*,*,#1052,.F.);
#589=ORIENTED_EDGE('',*,*,#1012,.T.);
#590=ORIENTED_EDGE('',*,*,#1053,.T.);
#591=ORIENTED_EDGE('',*,*,#1054,.T.);
#592=ORIENTED_EDGE('',*,*,#1055,.T.);
#593=ORIENTED_EDGE('',*,*,#1002,.T.);
#594=ORIENTED_EDGE('',*,*,#1056,.F.);
#595=ORIENTED_EDGE('',*,*,#1057,.F.);
#596=ORIENTED_EDGE('',*,*,#1055,.F.);
#597=ORIENTED_EDGE('',*,*,#1058,.T.);
#598=ORIENTED_EDGE('',*,*,#1059,.T.);
#599=ORIENTED_EDGE('',*,*,#1060,.T.);
#600=ORIENTED_EDGE('',*,*,#1022,.T.);
#601=ORIENTED_EDGE('',*,*,#1003,.T.);
#602=ORIENTED_EDGE('',*,*,#1054,.F.);
#603=ORIENTED_EDGE('',*,*,#1061,.F.);
#604=ORIENTED_EDGE('',*,*,#1062,.T.);
#605=ORIENTED_EDGE('',*,*,#1058,.F.);
#606=ORIENTED_EDGE('',*,*,#1053,.F.);
#607=ORIENTED_EDGE('',*,*,#1015,.T.);
#608=ORIENTED_EDGE('',*,*,#1038,.F.);
#609=ORIENTED_EDGE('',*,*,#1063,.T.);
#610=ORIENTED_EDGE('',*,*,#1064,.F.);
#611=ORIENTED_EDGE('',*,*,#1061,.T.);
#612=ORIENTED_EDGE('',*,*,#1065,.T.);
#613=ORIENTED_EDGE('',*,*,#1066,.T.);
#614=ORIENTED_EDGE('',*,*,#1067,.F.);
#615=ORIENTED_EDGE('',*,*,#1068,.F.);
#616=ORIENTED_EDGE('',*,*,#1004,.F.);
#617=ORIENTED_EDGE('',*,*,#1069,.T.);
#618=ORIENTED_EDGE('',*,*,#1070,.F.);
#619=ORIENTED_EDGE('',*,*,#1025,.T.);
#620=ORIENTED_EDGE('',*,*,#1071,.T.);
#621=ORIENTED_EDGE('',*,*,#1072,.F.);
#622=ORIENTED_EDGE('',*,*,#1073,.F.);
#623=ORIENTED_EDGE('',*,*,#1072,.T.);
#624=ORIENTED_EDGE('',*,*,#1074,.T.);
#625=ORIENTED_EDGE('',*,*,#1075,.F.);
#626=ORIENTED_EDGE('',*,*,#1076,.F.);
#627=ORIENTED_EDGE('',*,*,#1075,.T.);
#628=ORIENTED_EDGE('',*,*,#1077,.T.);
#629=ORIENTED_EDGE('',*,*,#1078,.F.);
#630=ORIENTED_EDGE('',*,*,#1079,.F.);
#631=ORIENTED_EDGE('',*,*,#1078,.T.);
#632=ORIENTED_EDGE('',*,*,#1080,.T.);
#633=ORIENTED_EDGE('',*,*,#1081,.F.);
#634=ORIENTED_EDGE('',*,*,#1082,.T.);
#635=ORIENTED_EDGE('',*,*,#1083,.T.);
#636=ORIENTED_EDGE('',*,*,#1084,.F.);
#637=ORIENTED_EDGE('',*,*,#1085,.F.);
#638=ORIENTED_EDGE('',*,*,#1086,.F.);
#639=ORIENTED_EDGE('',*,*,#1081,.T.);
#640=ORIENTED_EDGE('',*,*,#1087,.T.);
#641=ORIENTED_EDGE('',*,*,#1088,.T.);
#642=ORIENTED_EDGE('',*,*,#1059,.F.);
#643=ORIENTED_EDGE('',*,*,#1062,.F.);
#644=ORIENTED_EDGE('',*,*,#1064,.T.);
#645=ORIENTED_EDGE('',*,*,#1089,.T.);
#646=ORIENTED_EDGE('',*,*,#1033,.T.);
#647=ORIENTED_EDGE('',*,*,#1039,.T.);
#648=ORIENTED_EDGE('',*,*,#1016,.T.);
#649=ORIENTED_EDGE('',*,*,#1006,.F.);
#650=ORIENTED_EDGE('',*,*,#1090,.F.);
#651=ORIENTED_EDGE('',*,*,#1085,.T.);
#652=ORIENTED_EDGE('',*,*,#1091,.T.);
#653=ORIENTED_EDGE('',*,*,#1092,.T.);
#654=ORIENTED_EDGE('',*,*,#969,.T.);
#655=ORIENTED_EDGE('',*,*,#1093,.F.);
#656=ORIENTED_EDGE('',*,*,#1094,.T.);
#657=ORIENTED_EDGE('',*,*,#970,.F.);
#658=ORIENTED_EDGE('',*,*,#1092,.F.);
#659=ORIENTED_EDGE('',*,*,#941,.F.);
#660=ORIENTED_EDGE('',*,*,#1095,.T.);
#661=ORIENTED_EDGE('',*,*,#993,.T.);
#662=ORIENTED_EDGE('',*,*,#986,.T.);
#663=ORIENTED_EDGE('',*,*,#980,.F.);
#664=ORIENTED_EDGE('',*,*,#990,.T.);
#665=ORIENTED_EDGE('',*,*,#988,.T.);
#666=ORIENTED_EDGE('',*,*,#995,.T.);
#667=ORIENTED_EDGE('',*,*,#1096,.F.);
#668=ORIENTED_EDGE('',*,*,#1087,.F.);
#669=ORIENTED_EDGE('',*,*,#1080,.F.);
#670=ORIENTED_EDGE('',*,*,#1077,.F.);
#671=ORIENTED_EDGE('',*,*,#1074,.F.);
#672=ORIENTED_EDGE('',*,*,#1071,.F.);
#673=ORIENTED_EDGE('',*,*,#1024,.T.);
#674=ORIENTED_EDGE('',*,*,#1097,.T.);
#675=ORIENTED_EDGE('',*,*,#1084,.T.);
#676=ORIENTED_EDGE('',*,*,#1098,.T.);
#677=ORIENTED_EDGE('',*,*,#1093,.T.);
#678=ORIENTED_EDGE('',*,*,#1091,.F.);
#679=ORIENTED_EDGE('',*,*,#1026,.T.);
#680=ORIENTED_EDGE('',*,*,#1070,.T.);
#681=ORIENTED_EDGE('',*,*,#1099,.F.);
#682=ORIENTED_EDGE('',*,*,#964,.T.);
#683=ORIENTED_EDGE('',*,*,#1099,.T.);
#684=ORIENTED_EDGE('',*,*,#1073,.T.);
#685=ORIENTED_EDGE('',*,*,#1100,.F.);
#686=ORIENTED_EDGE('',*,*,#965,.T.);
#687=ORIENTED_EDGE('',*,*,#1100,.T.);
#688=ORIENTED_EDGE('',*,*,#1076,.T.);
#689=ORIENTED_EDGE('',*,*,#1101,.F.);
#690=ORIENTED_EDGE('',*,*,#966,.T.);
#691=ORIENTED_EDGE('',*,*,#1101,.T.);
#692=ORIENTED_EDGE('',*,*,#1079,.T.);
#693=ORIENTED_EDGE('',*,*,#1102,.F.);
#694=ORIENTED_EDGE('',*,*,#967,.T.);
#695=ORIENTED_EDGE('',*,*,#1090,.T.);
#696=ORIENTED_EDGE('',*,*,#968,.T.);
#697=ORIENTED_EDGE('',*,*,#1102,.T.);
#698=ORIENTED_EDGE('',*,*,#1086,.T.);
#699=ORIENTED_EDGE('',*,*,#1103,.F.);
#700=ORIENTED_EDGE('',*,*,#1104,.T.);
#701=ORIENTED_EDGE('',*,*,#1067,.T.);
#702=ORIENTED_EDGE('',*,*,#1105,.T.);
#703=ORIENTED_EDGE('',*,*,#1106,.T.);
#704=ORIENTED_EDGE('',*,*,#991,.T.);
#705=ORIENTED_EDGE('',*,*,#1096,.T.);
#706=ORIENTED_EDGE('',*,*,#1106,.F.);
#707=ORIENTED_EDGE('',*,*,#1107,.T.);
#708=ORIENTED_EDGE('',*,*,#1048,.T.);
#709=ORIENTED_EDGE('',*,*,#974,.T.);
#710=ORIENTED_EDGE('',*,*,#992,.T.);
#711=ORIENTED_EDGE('',*,*,#1056,.T.);
#712=ORIENTED_EDGE('',*,*,#1001,.F.);
#713=ORIENTED_EDGE('',*,*,#1021,.F.);
#714=ORIENTED_EDGE('',*,*,#1108,.T.);
#715=ORIENTED_EDGE('',*,*,#1109,.F.);
#716=ORIENTED_EDGE('',*,*,#1110,.F.);
#717=ORIENTED_EDGE('',*,*,#1057,.T.);
#718=ORIENTED_EDGE('',*,*,#1110,.T.);
#719=ORIENTED_EDGE('',*,*,#1111,.F.);
#720=ORIENTED_EDGE('',*,*,#1112,.T.);
#721=ORIENTED_EDGE('',*,*,#1052,.T.);
#722=ORIENTED_EDGE('',*,*,#1112,.F.);
#723=ORIENTED_EDGE('',*,*,#1113,.T.);
#724=ORIENTED_EDGE('',*,*,#1114,.T.);
#725=ORIENTED_EDGE('',*,*,#1035,.T.);
#726=ORIENTED_EDGE('',*,*,#1013,.F.);
#727=ORIENTED_EDGE('',*,*,#1115,.T.);
#728=ORIENTED_EDGE('',*,*,#1116,.T.);
#729=ORIENTED_EDGE('',*,*,#1117,.T.);
#730=ORIENTED_EDGE('',*,*,#1118,.T.);
#731=ORIENTED_EDGE('',*,*,#1010,.T.);
#732=ORIENTED_EDGE('',*,*,#1119,.T.);
#733=ORIENTED_EDGE('',*,*,#1120,.T.);
#734=ORIENTED_EDGE('',*,*,#1121,.T.);
#735=ORIENTED_EDGE('',*,*,#1122,.F.);
#736=ORIENTED_EDGE('',*,*,#1028,.F.);
#737=ORIENTED_EDGE('',*,*,#1123,.T.);
#738=ORIENTED_EDGE('',*,*,#1124,.T.);
#739=ORIENTED_EDGE('',*,*,#1125,.F.);
#740=ORIENTED_EDGE('',*,*,#1121,.F.);
#741=ORIENTED_EDGE('',*,*,#1126,.T.);
#742=ORIENTED_EDGE('',*,*,#1127,.T.);
#743=ORIENTED_EDGE('',*,*,#1128,.F.);
#744=ORIENTED_EDGE('',*,*,#1124,.F.);
#745=ORIENTED_EDGE('',*,*,#1129,.T.);
#746=ORIENTED_EDGE('',*,*,#1130,.T.);
#747=ORIENTED_EDGE('',*,*,#1131,.F.);
#748=ORIENTED_EDGE('',*,*,#1127,.F.);
#749=ORIENTED_EDGE('',*,*,#1132,.T.);
#750=ORIENTED_EDGE('',*,*,#1133,.T.);
#751=ORIENTED_EDGE('',*,*,#1134,.T.);
#752=ORIENTED_EDGE('',*,*,#1008,.T.);
#753=ORIENTED_EDGE('',*,*,#1018,.F.);
#754=ORIENTED_EDGE('',*,*,#1040,.F.);
#755=ORIENTED_EDGE('',*,*,#1031,.F.);
#756=ORIENTED_EDGE('',*,*,#1135,.T.);
#757=ORIENTED_EDGE('',*,*,#1113,.F.);
#758=ORIENTED_EDGE('',*,*,#1111,.T.);
#759=ORIENTED_EDGE('',*,*,#1109,.T.);
#760=ORIENTED_EDGE('',*,*,#1136,.T.);
#761=ORIENTED_EDGE('',*,*,#1137,.F.);
#762=ORIENTED_EDGE('',*,*,#1130,.F.);
#763=ORIENTED_EDGE('',*,*,#1138,.T.);
#764=ORIENTED_EDGE('',*,*,#1139,.T.);
#765=ORIENTED_EDGE('',*,*,#1140,.T.);
#766=ORIENTED_EDGE('',*,*,#957,.F.);
#767=ORIENTED_EDGE('',*,*,#1141,.F.);
#768=ORIENTED_EDGE('',*,*,#1142,.F.);
#769=ORIENTED_EDGE('',*,*,#1139,.F.);
#770=ORIENTED_EDGE('',*,*,#956,.T.);
#771=ORIENTED_EDGE('',*,*,#1143,.T.);
#772=ORIENTED_EDGE('',*,*,#1144,.T.);
#773=ORIENTED_EDGE('',*,*,#1145,.T.);
#774=ORIENTED_EDGE('',*,*,#1141,.T.);
#775=ORIENTED_EDGE('',*,*,#998,.F.);
#776=ORIENTED_EDGE('',*,*,#1146,.T.);
#777=ORIENTED_EDGE('',*,*,#1147,.T.);
#778=ORIENTED_EDGE('',*,*,#947,.T.);
#779=ORIENTED_EDGE('',*,*,#1044,.F.);
#780=ORIENTED_EDGE('',*,*,#1148,.F.);
#781=ORIENTED_EDGE('',*,*,#1149,.T.);
#782=ORIENTED_EDGE('',*,*,#1150,.F.);
#783=ORIENTED_EDGE('',*,*,#996,.F.);
#784=ORIENTED_EDGE('',*,*,#1043,.F.);
#785=ORIENTED_EDGE('',*,*,#1137,.T.);
#786=ORIENTED_EDGE('',*,*,#1151,.T.);
#787=ORIENTED_EDGE('',*,*,#1019,.F.);
#788=ORIENTED_EDGE('',*,*,#1122,.T.);
#789=ORIENTED_EDGE('',*,*,#1125,.T.);
#790=ORIENTED_EDGE('',*,*,#1128,.T.);
#791=ORIENTED_EDGE('',*,*,#1131,.T.);
#792=ORIENTED_EDGE('',*,*,#1145,.F.);
#793=ORIENTED_EDGE('',*,*,#1152,.T.);
#794=ORIENTED_EDGE('',*,*,#1132,.F.);
#795=ORIENTED_EDGE('',*,*,#1142,.T.);
#796=ORIENTED_EDGE('',*,*,#1153,.F.);
#797=ORIENTED_EDGE('',*,*,#948,.T.);
#798=ORIENTED_EDGE('',*,*,#1147,.F.);
#799=ORIENTED_EDGE('',*,*,#1154,.F.);
#800=ORIENTED_EDGE('',*,*,#1027,.F.);
#801=ORIENTED_EDGE('',*,*,#962,.F.);
#802=ORIENTED_EDGE('',*,*,#1155,.T.);
#803=ORIENTED_EDGE('',*,*,#1120,.F.);
#804=ORIENTED_EDGE('',*,*,#1155,.F.);
#805=ORIENTED_EDGE('',*,*,#961,.F.);
#806=ORIENTED_EDGE('',*,*,#1156,.T.);
#807=ORIENTED_EDGE('',*,*,#1123,.F.);
#808=ORIENTED_EDGE('',*,*,#1156,.F.);
#809=ORIENTED_EDGE('',*,*,#960,.F.);
#810=ORIENTED_EDGE('',*,*,#1157,.T.);
#811=ORIENTED_EDGE('',*,*,#1126,.F.);
#812=ORIENTED_EDGE('',*,*,#1157,.F.);
#813=ORIENTED_EDGE('',*,*,#959,.F.);
#814=ORIENTED_EDGE('',*,*,#1158,.T.);
#815=ORIENTED_EDGE('',*,*,#1129,.F.);
#816=ORIENTED_EDGE('',*,*,#1140,.F.);
#817=ORIENTED_EDGE('',*,*,#1138,.F.);
#818=ORIENTED_EDGE('',*,*,#1158,.F.);
#819=ORIENTED_EDGE('',*,*,#958,.F.);
#820=ORIENTED_EDGE('',*,*,#1159,.F.);
#821=ORIENTED_EDGE('',*,*,#1149,.F.);
#822=ORIENTED_EDGE('',*,*,#1160,.F.);
#823=ORIENTED_EDGE('',*,*,#1161,.F.);
#824=ORIENTED_EDGE('',*,*,#1162,.T.);
#825=ORIENTED_EDGE('',*,*,#1115,.F.);
#826=ORIENTED_EDGE('',*,*,#1163,.T.);
#827=ORIENTED_EDGE('',*,*,#1042,.F.);
#828=ORIENTED_EDGE('',*,*,#1164,.T.);
#829=ORIENTED_EDGE('',*,*,#977,.F.);
#830=ORIENTED_EDGE('',*,*,#1165,.T.);
#831=ORIENTED_EDGE('',*,*,#1160,.T.);
#832=ORIENTED_EDGE('',*,*,#1148,.T.);
#833=ORIENTED_EDGE('',*,*,#1047,.T.);
#834=ORIENTED_EDGE('',*,*,#1166,.T.);
#835=ORIENTED_EDGE('',*,*,#1161,.T.);
#836=ORIENTED_EDGE('',*,*,#1165,.F.);
#837=ORIENTED_EDGE('',*,*,#976,.F.);
#838=ORIENTED_EDGE('',*,*,#1118,.F.);
#839=ORIENTED_EDGE('',*,*,#1167,.T.);
#840=ORIENTED_EDGE('',*,*,#1051,.F.);
#841=ORIENTED_EDGE('',*,*,#1168,.T.);
#842=ORIENTED_EDGE('',*,*,#1069,.F.);
#843=ORIENTED_EDGE('',*,*,#1011,.F.);
#844=ORIENTED_EDGE('',*,*,#1117,.F.);
#845=ORIENTED_EDGE('',*,*,#1169,.T.);
#846=ORIENTED_EDGE('',*,*,#1045,.F.);
#847=ORIENTED_EDGE('',*,*,#1167,.F.);
#848=ORIENTED_EDGE('',*,*,#1050,.F.);
#849=ORIENTED_EDGE('',*,*,#1170,.T.);
#850=ORIENTED_EDGE('',*,*,#1065,.F.);
#851=ORIENTED_EDGE('',*,*,#1168,.F.);
#852=ORIENTED_EDGE('',*,*,#1114,.F.);
#853=ORIENTED_EDGE('',*,*,#1135,.F.);
#854=ORIENTED_EDGE('',*,*,#1030,.F.);
#855=ORIENTED_EDGE('',*,*,#1036,.F.);
#856=ORIENTED_EDGE('',*,*,#1151,.F.);
#857=ORIENTED_EDGE('',*,*,#1136,.F.);
#858=ORIENTED_EDGE('',*,*,#1108,.F.);
#859=ORIENTED_EDGE('',*,*,#1020,.F.);
#860=ORIENTED_EDGE('',*,*,#1097,.F.);
#861=ORIENTED_EDGE('',*,*,#1023,.F.);
#862=ORIENTED_EDGE('',*,*,#1060,.F.);
#863=ORIENTED_EDGE('',*,*,#1088,.F.);
#864=ORIENTED_EDGE('',*,*,#1063,.F.);
#865=ORIENTED_EDGE('',*,*,#1037,.F.);
#866=ORIENTED_EDGE('',*,*,#1034,.F.);
#867=ORIENTED_EDGE('',*,*,#1089,.F.);
#868=ORIENTED_EDGE('',*,*,#955,.T.);
#869=ORIENTED_EDGE('',*,*,#1171,.T.);
#870=ORIENTED_EDGE('',*,*,#1154,.T.);
#871=ORIENTED_EDGE('',*,*,#1146,.F.);
#872=ORIENTED_EDGE('',*,*,#997,.T.);
#873=ORIENTED_EDGE('',*,*,#1150,.T.);
#874=ORIENTED_EDGE('',*,*,#1159,.T.);
#875=ORIENTED_EDGE('',*,*,#1172,.T.);
#876=ORIENTED_EDGE('',*,*,#1143,.F.);
#877=ORIENTED_EDGE('',*,*,#1134,.F.);
#878=ORIENTED_EDGE('',*,*,#1173,.T.);
#879=ORIENTED_EDGE('',*,*,#1119,.F.);
#880=ORIENTED_EDGE('',*,*,#1009,.F.);
#881=ORIENTED_EDGE('',*,*,#1174,.F.);
#882=ORIENTED_EDGE('',*,*,#971,.T.);
#883=ORIENTED_EDGE('',*,*,#1094,.F.);
#884=ORIENTED_EDGE('',*,*,#1175,.T.);
#885=ORIENTED_EDGE('',*,*,#1103,.T.);
#886=ORIENTED_EDGE('',*,*,#994,.T.);
#887=ORIENTED_EDGE('',*,*,#1095,.F.);
#888=ORIENTED_EDGE('',*,*,#940,.T.);
#889=ORIENTED_EDGE('',*,*,#1068,.T.);
#890=ORIENTED_EDGE('',*,*,#1176,.T.);
#891=ORIENTED_EDGE('',*,*,#1082,.F.);
#892=ORIENTED_EDGE('',*,*,#1005,.F.);
#893=ORIENTED_EDGE('',*,*,#1152,.F.);
#894=ORIENTED_EDGE('',*,*,#1144,.F.);
#895=ORIENTED_EDGE('',*,*,#1172,.F.);
#896=ORIENTED_EDGE('',*,*,#1163,.F.);
#897=ORIENTED_EDGE('',*,*,#1173,.F.);
#898=ORIENTED_EDGE('',*,*,#1133,.F.);
#899=ORIENTED_EDGE('',*,*,#1175,.F.);
#900=ORIENTED_EDGE('',*,*,#1098,.F.);
#901=ORIENTED_EDGE('',*,*,#1083,.F.);
#902=ORIENTED_EDGE('',*,*,#1176,.F.);
#903=ORIENTED_EDGE('',*,*,#1104,.F.);
#904=ORIENTED_EDGE('',*,*,#983,.T.);
#905=ORIENTED_EDGE('',*,*,#1177,.T.);
#906=ORIENTED_EDGE('',*,*,#972,.T.);
#907=ORIENTED_EDGE('',*,*,#951,.F.);
#908=ORIENTED_EDGE('',*,*,#978,.F.);
#909=ORIENTED_EDGE('',*,*,#1178,.T.);
#910=ORIENTED_EDGE('',*,*,#944,.F.);
#911=ORIENTED_EDGE('',*,*,#953,.T.);
#912=ORIENTED_EDGE('',*,*,#982,.F.);
#913=ORIENTED_EDGE('',*,*,#985,.F.);
#914=ORIENTED_EDGE('',*,*,#989,.F.);
#915=ORIENTED_EDGE('',*,*,#1177,.F.);
#916=ORIENTED_EDGE('',*,*,#945,.F.);
#917=ORIENTED_EDGE('',*,*,#1178,.F.);
#918=ORIENTED_EDGE('',*,*,#1164,.F.);
#919=ORIENTED_EDGE('',*,*,#1041,.F.);
#920=ORIENTED_EDGE('',*,*,#954,.F.);
#921=ORIENTED_EDGE('',*,*,#942,.T.);
#922=ORIENTED_EDGE('',*,*,#1153,.T.);
#923=ORIENTED_EDGE('',*,*,#1171,.F.);
#924=ORIENTED_EDGE('',*,*,#979,.F.);
#925=ORIENTED_EDGE('',*,*,#949,.T.);
#926=ORIENTED_EDGE('',*,*,#1174,.T.);
#927=ORIENTED_EDGE('',*,*,#939,.F.);
#928=ORIENTED_EDGE('',*,*,#1169,.F.);
#929=ORIENTED_EDGE('',*,*,#1116,.F.);
#930=ORIENTED_EDGE('',*,*,#1162,.F.);
#931=ORIENTED_EDGE('',*,*,#1166,.F.);
#932=ORIENTED_EDGE('',*,*,#1046,.F.);
#933=ORIENTED_EDGE('',*,*,#1105,.F.);
#934=ORIENTED_EDGE('',*,*,#1066,.F.);
#935=ORIENTED_EDGE('',*,*,#1170,.F.);
#936=ORIENTED_EDGE('',*,*,#1049,.F.);
#937=ORIENTED_EDGE('',*,*,#1107,.F.);
#938=EDGE_CURVE('',#1179,#1180,#1335,.F.);
#939=EDGE_CURVE('',#1179,#1181,#54,.T.);
#940=EDGE_CURVE('',#1182,#1181,#55,.T.);
#941=EDGE_CURVE('',#1182,#1180,#56,.T.);
#942=EDGE_CURVE('',#1183,#1184,#57,.T.);
#943=EDGE_CURVE('',#1183,#1185,#20,.T.);
#944=EDGE_CURVE('',#1185,#1186,#58,.T.);
#945=EDGE_CURVE('',#1186,#1187,#1336,.F.);
#946=EDGE_CURVE('',#1187,#1188,#21,.T.);
#947=EDGE_CURVE('',#1189,#1188,#59,.T.);
#948=EDGE_CURVE('',#1184,#1189,#1337,.T.);
#949=EDGE_CURVE('',#1190,#1191,#60,.T.);
#950=EDGE_CURVE('',#1192,#1190,#22,.T.);
#951=EDGE_CURVE('',#1192,#1193,#61,.T.);
#952=EDGE_CURVE('',#1193,#1194,#62,.T.);
#953=EDGE_CURVE('',#1185,#1194,#63,.T.);
#954=EDGE_CURVE('',#1183,#1195,#64,.T.);
#955=EDGE_CURVE('',#1196,#1195,#65,.T.);
#956=EDGE_CURVE('',#1197,#1196,#66,.T.);
#957=EDGE_CURVE('',#1197,#1198,#67,.T.);
#958=EDGE_CURVE('',#1198,#1199,#68,.T.);
#959=EDGE_CURVE('',#1199,#1200,#23,.T.);
#960=EDGE_CURVE('',#1200,#1201,#69,.T.);
#961=EDGE_CURVE('',#1201,#1202,#24,.T.);
#962=EDGE_CURVE('',#1202,#1203,#70,.T.);
#963=EDGE_CURVE('',#1204,#1203,#71,.T.);
#964=EDGE_CURVE('',#1205,#1204,#72,.T.);
#965=EDGE_CURVE('',#1206,#1205,#25,.T.);
#966=EDGE_CURVE('',#1207,#1206,#73,.T.);
#967=EDGE_CURVE('',#1208,#1207,#26,.T.);
#968=EDGE_CURVE('',#1209,#1208,#74,.T.);
#969=EDGE_CURVE('',#1210,#1209,#75,.T.);
#970=EDGE_CURVE('',#1210,#1211,#76,.T.);
#971=EDGE_CURVE('',#1191,#1211,#77,.T.);
#972=EDGE_CURVE('',#1212,#1193,#78,.T.);
#973=EDGE_CURVE('',#1213,#1212,#79,.T.);
#974=EDGE_CURVE('',#1214,#1213,#80,.T.);
#975=EDGE_CURVE('',#1214,#1215,#81,.T.);
#976=EDGE_CURVE('',#1215,#1216,#82,.T.);
#977=EDGE_CURVE('',#1216,#1217,#83,.T.);
#978=EDGE_CURVE('',#1217,#1194,#84,.T.);
#979=EDGE_CURVE('',#1190,#1179,#85,.T.);
#980=EDGE_CURVE('',#1180,#1218,#86,.T.);
#981=EDGE_CURVE('',#1218,#1219,#27,.T.);
#982=EDGE_CURVE('',#1219,#1220,#1338,.T.);
#983=EDGE_CURVE('',#1192,#1220,#87,.T.);
#984=EDGE_CURVE('',#1221,#1222,#88,.T.);
#985=EDGE_CURVE('',#1221,#1219,#89,.T.);
#986=EDGE_CURVE('',#1223,#1218,#90,.T.);
#987=EDGE_CURVE('',#1224,#1223,#91,.T.);
#988=EDGE_CURVE('',#1222,#1224,#92,.T.);
#989=EDGE_CURVE('',#1212,#1221,#93,.T.);
#990=EDGE_CURVE('',#1225,#1222,#94,.T.);
#991=EDGE_CURVE('',#1226,#1225,#95,.T.);
#992=EDGE_CURVE('',#1213,#1226,#96,.T.);
#993=EDGE_CURVE('',#1227,#1223,#97,.T.);
#994=EDGE_CURVE('',#1228,#1227,#98,.T.);
#995=EDGE_CURVE('',#1224,#1228,#99,.T.);
#996=EDGE_CURVE('',#1229,#1230,#100,.T.);
#997=EDGE_CURVE('',#1231,#1230,#101,.T.);
#998=EDGE_CURVE('',#1231,#1232,#102,.T.);
#999=EDGE_CURVE('',#1229,#1232,#103,.T.);
#1000=EDGE_CURVE('',#1233,#1234,#104,.T.);
#1001=EDGE_CURVE('',#1234,#1235,#105,.T.);
#1002=EDGE_CURVE('',#1236,#1235,#106,.T.);
#1003=EDGE_CURVE('',#1233,#1236,#107,.T.);
#1004=EDGE_CURVE('',#1237,#1238,#108,.T.);
#1005=EDGE_CURVE('',#1238,#1239,#109,.T.);
#1006=EDGE_CURVE('',#1239,#1240,#110,.T.);
#1007=EDGE_CURVE('',#1240,#1241,#111,.T.);
#1008=EDGE_CURVE('',#1242,#1241,#112,.T.);
#1009=EDGE_CURVE('',#1242,#1243,#113,.T.);
#1010=EDGE_CURVE('',#1244,#1243,#114,.T.);
#1011=EDGE_CURVE('',#1244,#1237,#115,.T.);
#1012=EDGE_CURVE('',#1245,#1246,#116,.T.);
#1013=EDGE_CURVE('',#1245,#1247,#117,.T.);
#1014=EDGE_CURVE('',#1247,#1248,#118,.T.);
#1015=EDGE_CURVE('',#1246,#1248,#119,.T.);
#1016=EDGE_CURVE('',#1249,#1240,#120,.T.);
#1017=EDGE_CURVE('',#1249,#1250,#121,.T.);
#1018=EDGE_CURVE('',#1250,#1241,#122,.T.);
#1019=EDGE_CURVE('',#1251,#1252,#123,.T.);
#1020=EDGE_CURVE('',#1252,#1253,#124,.T.);
#1021=EDGE_CURVE('',#1253,#1234,#1339,.T.);
#1022=EDGE_CURVE('',#1254,#1233,#1340,.T.);
#1023=EDGE_CURVE('',#1254,#1255,#125,.F.);
#1024=EDGE_CURVE('',#1256,#1255,#126,.T.);
#1025=EDGE_CURVE('',#1257,#1256,#127,.T.);
#1026=EDGE_CURVE('',#1204,#1257,#128,.T.);
#1027=EDGE_CURVE('',#1203,#1258,#129,.T.);
#1028=EDGE_CURVE('',#1258,#1251,#130,.T.);
#1029=EDGE_CURVE('',#1259,#1260,#131,.T.);
#1030=EDGE_CURVE('',#1259,#1261,#28,.F.);
#1031=EDGE_CURVE('',#1261,#1262,#132,.T.);
#1032=EDGE_CURVE('',#1263,#1262,#133,.T.);
#1033=EDGE_CURVE('',#1264,#1263,#134,.T.);
#1034=EDGE_CURVE('',#1264,#1260,#29,.F.);
#1035=EDGE_CURVE('',#1265,#1247,#1341,.T.);
#1036=EDGE_CURVE('',#1265,#1259,#135,.T.);
#1037=EDGE_CURVE('',#1260,#1266,#136,.F.);
#1038=EDGE_CURVE('',#1266,#1248,#1342,.T.);
#1039=EDGE_CURVE('',#1263,#1249,#137,.T.);
#1040=EDGE_CURVE('',#1262,#1250,#138,.T.);
#1041=EDGE_CURVE('',#1187,#1267,#139,.F.);
#1042=EDGE_CURVE('',#1267,#1268,#140,.T.);
#1043=EDGE_CURVE('',#1268,#1229,#141,.T.);
#1044=EDGE_CURVE('',#1232,#1188,#142,.T.);
#1045=EDGE_CURVE('',#1269,#1270,#143,.F.);
#1046=EDGE_CURVE('',#1270,#1271,#144,.T.);
#1047=EDGE_CURVE('',#1215,#1271,#145,.T.);
#1048=EDGE_CURVE('',#1272,#1214,#146,.T.);
#1049=EDGE_CURVE('',#1272,#1273,#147,.T.);
#1050=EDGE_CURVE('',#1273,#1274,#148,.F.);
#1051=EDGE_CURVE('',#1274,#1269,#149,.T.);
#1052=EDGE_CURVE('',#1245,#1275,#1343,.T.);
#1053=EDGE_CURVE('',#1246,#1276,#1344,.F.);
#1054=EDGE_CURVE('',#1276,#1277,#150,.T.);
#1055=EDGE_CURVE('',#1277,#1236,#1345,.F.);
#1056=EDGE_CURVE('',#1278,#1235,#1346,.T.);
#1057=EDGE_CURVE('',#1275,#1278,#151,.T.);
#1058=EDGE_CURVE('',#1277,#1279,#152,.T.);
#1059=EDGE_CURVE('',#1279,#1280,#1347,.T.);
#1060=EDGE_CURVE('',#1280,#1254,#16,.T.);
#1061=EDGE_CURVE('',#1281,#1276,#153,.T.);
#1062=EDGE_CURVE('',#1281,#1279,#154,.T.);
#1063=EDGE_CURVE('',#1266,#1282,#17,.T.);
#1064=EDGE_CURVE('',#1281,#1282,#1348,.T.);
#1065=EDGE_CURVE('',#1283,#1284,#155,.F.);
#1066=EDGE_CURVE('',#1284,#1285,#156,.T.);
#1067=EDGE_CURVE('',#1286,#1285,#157,.T.);
#1068=EDGE_CURVE('',#1238,#1286,#158,.T.);
#1069=EDGE_CURVE('',#1237,#1283,#159,.T.);
#1070=EDGE_CURVE('',#1257,#1287,#160,.T.);
#1071=EDGE_CURVE('',#1256,#1288,#161,.T.);
#1072=EDGE_CURVE('',#1287,#1288,#162,.T.);
#1073=EDGE_CURVE('',#1287,#1289,#30,.T.);
#1074=EDGE_CURVE('',#1288,#1290,#31,.T.);
#1075=EDGE_CURVE('',#1289,#1290,#163,.T.);
#1076=EDGE_CURVE('',#1289,#1291,#164,.T.);
#1077=EDGE_CURVE('',#1290,#1292,#165,.T.);
#1078=EDGE_CURVE('',#1291,#1292,#166,.T.);
#1079=EDGE_CURVE('',#1291,#1293,#32,.T.);
#1080=EDGE_CURVE('',#1292,#1294,#33,.T.);
#1081=EDGE_CURVE('',#1293,#1294,#167,.T.);
#1082=EDGE_CURVE('',#1239,#1295,#168,.T.);
#1083=EDGE_CURVE('',#1295,#1296,#169,.F.);
#1084=EDGE_CURVE('',#1297,#1296,#170,.T.);
#1085=EDGE_CURVE('',#1298,#1297,#171,.T.);
#1086=EDGE_CURVE('',#1293,#1298,#172,.T.);
#1087=EDGE_CURVE('',#1294,#1299,#173,.T.);
#1088=EDGE_CURVE('',#1299,#1280,#174,.T.);
#1089=EDGE_CURVE('',#1282,#1264,#175,.T.);
#1090=EDGE_CURVE('',#1298,#1209,#176,.T.);
#1091=EDGE_CURVE('',#1297,#1300,#177,.T.);
#1092=EDGE_CURVE('',#1300,#1210,#178,.T.);
#1093=EDGE_CURVE('',#1301,#1300,#179,.T.);
#1094=EDGE_CURVE('',#1301,#1211,#180,.T.);
#1095=EDGE_CURVE('',#1182,#1227,#181,.T.);
#1096=EDGE_CURVE('',#1225,#1228,#182,.T.);
#1097=EDGE_CURVE('',#1255,#1299,#34,.T.);
#1098=EDGE_CURVE('',#1296,#1301,#183,.T.);
#1099=EDGE_CURVE('',#1205,#1287,#184,.T.);
#1100=EDGE_CURVE('',#1206,#1289,#185,.T.);
#1101=EDGE_CURVE('',#1207,#1291,#186,.T.);
#1102=EDGE_CURVE('',#1208,#1293,#187,.T.);
#1103=EDGE_CURVE('',#1302,#1228,#188,.T.);
#1104=EDGE_CURVE('',#1302,#1286,#189,.F.);
#1105=EDGE_CURVE('',#1285,#1303,#190,.T.);
#1106=EDGE_CURVE('',#1303,#1226,#191,.T.);
#1107=EDGE_CURVE('',#1303,#1272,#192,.T.);
#1108=EDGE_CURVE('',#1253,#1304,#18,.T.);
#1109=EDGE_CURVE('',#1305,#1304,#1349,.T.);
#1110=EDGE_CURVE('',#1278,#1305,#193,.T.);
#1111=EDGE_CURVE('',#1306,#1305,#194,.T.);
#1112=EDGE_CURVE('',#1306,#1275,#195,.T.);
#1113=EDGE_CURVE('',#1306,#1307,#1350,.T.);
#1114=EDGE_CURVE('',#1307,#1265,#19,.T.);
#1115=EDGE_CURVE('',#1308,#1309,#196,.T.);
#1116=EDGE_CURVE('',#1309,#1310,#197,.T.);
#1117=EDGE_CURVE('',#1310,#1311,#198,.F.);
#1118=EDGE_CURVE('',#1311,#1244,#199,.T.);
#1119=EDGE_CURVE('',#1243,#1308,#200,.T.);
#1120=EDGE_CURVE('',#1258,#1312,#201,.T.);
#1121=EDGE_CURVE('',#1312,#1313,#202,.T.);
#1122=EDGE_CURVE('',#1251,#1313,#203,.T.);
#1123=EDGE_CURVE('',#1312,#1314,#35,.T.);
#1124=EDGE_CURVE('',#1314,#1315,#204,.T.);
#1125=EDGE_CURVE('',#1313,#1315,#36,.T.);
#1126=EDGE_CURVE('',#1314,#1316,#205,.T.);
#1127=EDGE_CURVE('',#1316,#1317,#206,.T.);
#1128=EDGE_CURVE('',#1315,#1317,#207,.T.);
#1129=EDGE_CURVE('',#1316,#1318,#37,.T.);
#1130=EDGE_CURVE('',#1318,#1319,#208,.T.);
#1131=EDGE_CURVE('',#1317,#1319,#38,.T.);
#1132=EDGE_CURVE('',#1320,#1321,#209,.T.);
#1133=EDGE_CURVE('',#1321,#1322,#210,.F.);
#1134=EDGE_CURVE('',#1322,#1242,#211,.T.);
#1135=EDGE_CURVE('',#1261,#1307,#212,.F.);
#1136=EDGE_CURVE('',#1304,#1323,#213,.F.);
#1137=EDGE_CURVE('',#1319,#1323,#214,.T.);
#1138=EDGE_CURVE('',#1318,#1324,#215,.T.);
#1139=EDGE_CURVE('',#1324,#1320,#216,.T.);
#1140=EDGE_CURVE('',#1324,#1198,#217,.T.);
#1141=EDGE_CURVE('',#1325,#1197,#218,.T.);
#1142=EDGE_CURVE('',#1320,#1325,#219,.T.);
#1143=EDGE_CURVE('',#1196,#1326,#220,.T.);
#1144=EDGE_CURVE('',#1326,#1327,#221,.F.);
#1145=EDGE_CURVE('',#1327,#1325,#222,.T.);
#1146=EDGE_CURVE('',#1231,#1328,#223,.T.);
#1147=EDGE_CURVE('',#1328,#1189,#224,.T.);
#1148=EDGE_CURVE('',#1329,#1268,#225,.T.);
#1149=EDGE_CURVE('',#1329,#1330,#226,.T.);
#1150=EDGE_CURVE('',#1230,#1330,#227,.T.);
#1151=EDGE_CURVE('',#1323,#1252,#39,.T.);
#1152=EDGE_CURVE('',#1327,#1321,#228,.T.);
#1153=EDGE_CURVE('',#1184,#1331,#229,.T.);
#1154=EDGE_CURVE('',#1331,#1328,#230,.T.);
#1155=EDGE_CURVE('',#1202,#1312,#231,.T.);
#1156=EDGE_CURVE('',#1201,#1314,#232,.T.);
#1157=EDGE_CURVE('',#1200,#1316,#233,.T.);
#1158=EDGE_CURVE('',#1199,#1318,#234,.T.);
#1159=EDGE_CURVE('',#1330,#1332,#235,.T.);
#1160=EDGE_CURVE('',#1333,#1329,#236,.T.);
#1161=EDGE_CURVE('',#1334,#1333,#237,.T.);
#1162=EDGE_CURVE('',#1334,#1309,#238,.T.);
#1163=EDGE_CURVE('',#1308,#1332,#239,.F.);
#1164=EDGE_CURVE('',#1267,#1217,#240,.F.);
#1165=EDGE_CURVE('',#1216,#1333,#241,.T.);
#1166=EDGE_CURVE('',#1271,#1334,#242,.T.);
#1167=EDGE_CURVE('',#1311,#1269,#243,.F.);
#1168=EDGE_CURVE('',#1274,#1283,#244,.F.);
#1169=EDGE_CURVE('',#1310,#1270,#245,.F.);
#1170=EDGE_CURVE('',#1273,#1284,#246,.F.);
#1171=EDGE_CURVE('',#1195,#1331,#247,.T.);
#1172=EDGE_CURVE('',#1332,#1326,#248,.F.);
#1173=EDGE_CURVE('',#1322,#1308,#249,.F.);
#1174=EDGE_CURVE('',#1191,#1181,#250,.T.);
#1175=EDGE_CURVE('',#1301,#1302,#251,.T.);
#1176=EDGE_CURVE('',#1286,#1295,#252,.F.);
#1177=EDGE_CURVE('',#1220,#1212,#253,.T.);
#1178=EDGE_CURVE('',#1217,#1186,#254,.F.);
#1179=VERTEX_POINT('',#2264);
#1180=VERTEX_POINT('',#2265);
#1181=VERTEX_POINT('',#2267);
#1182=VERTEX_POINT('',#2269);
#1183=VERTEX_POINT('',#2273);
#1184=VERTEX_POINT('',#2274);
#1185=VERTEX_POINT('',#2276);
#1186=VERTEX_POINT('',#2278);
#1187=VERTEX_POINT('',#2280);
#1188=VERTEX_POINT('',#2282);
#1189=VERTEX_POINT('',#2284);
#1190=VERTEX_POINT('',#2288);
#1191=VERTEX_POINT('',#2289);
#1192=VERTEX_POINT('',#2291);
#1193=VERTEX_POINT('',#2293);
#1194=VERTEX_POINT('',#2295);
#1195=VERTEX_POINT('',#2298);
#1196=VERTEX_POINT('',#2300);
#1197=VERTEX_POINT('',#2302);
#1198=VERTEX_POINT('',#2304);
#1199=VERTEX_POINT('',#2306);
#1200=VERTEX_POINT('',#2308);
#1201=VERTEX_POINT('',#2310);
#1202=VERTEX_POINT('',#2312);
#1203=VERTEX_POINT('',#2314);
#1204=VERTEX_POINT('',#2316);
#1205=VERTEX_POINT('',#2318);
#1206=VERTEX_POINT('',#2320);
#1207=VERTEX_POINT('',#2322);
#1208=VERTEX_POINT('',#2324);
#1209=VERTEX_POINT('',#2326);
#1210=VERTEX_POINT('',#2328);
#1211=VERTEX_POINT('',#2330);
#1212=VERTEX_POINT('',#2334);
#1213=VERTEX_POINT('',#2336);
#1214=VERTEX_POINT('',#2338);
#1215=VERTEX_POINT('',#2340);
#1216=VERTEX_POINT('',#2342);
#1217=VERTEX_POINT('',#2344);
#1218=VERTEX_POINT('',#2349);
#1219=VERTEX_POINT('',#2351);
#1220=VERTEX_POINT('',#2353);
#1221=VERTEX_POINT('',#2357);
#1222=VERTEX_POINT('',#2358);
#1223=VERTEX_POINT('',#2361);
#1224=VERTEX_POINT('',#2363);
#1225=VERTEX_POINT('',#2368);
#1226=VERTEX_POINT('',#2370);
#1227=VERTEX_POINT('',#2374);
#1228=VERTEX_POINT('',#2376);
#1229=VERTEX_POINT('',#2380);
#1230=VERTEX_POINT('',#2381);
#1231=VERTEX_POINT('',#2383);
#1232=VERTEX_POINT('',#2385);
#1233=VERTEX_POINT('',#2389);
#1234=VERTEX_POINT('',#2390);
#1235=VERTEX_POINT('',#2392);
#1236=VERTEX_POINT('',#2394);
#1237=VERTEX_POINT('',#2398);
#1238=VERTEX_POINT('',#2399);
#1239=VERTEX_POINT('',#2401);
#1240=VERTEX_POINT('',#2403);
#1241=VERTEX_POINT('',#2405);
#1242=VERTEX_POINT('',#2407);
#1243=VERTEX_POINT('',#2409);
#1244=VERTEX_POINT('',#2411);
#1245=VERTEX_POINT('',#2415);
#1246=VERTEX_POINT('',#2416);
#1247=VERTEX_POINT('',#2418);
#1248=VERTEX_POINT('',#2420);
#1249=VERTEX_POINT('',#2424);
#1250=VERTEX_POINT('',#2426);
#1251=VERTEX_POINT('',#2430);
#1252=VERTEX_POINT('',#2431);
#1253=VERTEX_POINT('',#2433);
#1254=VERTEX_POINT('',#2436);
#1255=VERTEX_POINT('',#2438);
#1256=VERTEX_POINT('',#2440);
#1257=VERTEX_POINT('',#2442);
#1258=VERTEX_POINT('',#2445);
#1259=VERTEX_POINT('',#2449);
#1260=VERTEX_POINT('',#2450);
#1261=VERTEX_POINT('',#2452);
#1262=VERTEX_POINT('',#2454);
#1263=VERTEX_POINT('',#2456);
#1264=VERTEX_POINT('',#2458);
#1265=VERTEX_POINT('',#2462);
#1266=VERTEX_POINT('',#2465);
#1267=VERTEX_POINT('',#2472);
#1268=VERTEX_POINT('',#2474);
#1269=VERTEX_POINT('',#2479);
#1270=VERTEX_POINT('',#2480);
#1271=VERTEX_POINT('',#2482);
#1272=VERTEX_POINT('',#2485);
#1273=VERTEX_POINT('',#2487);
#1274=VERTEX_POINT('',#2489);
#1275=VERTEX_POINT('',#2492);
#1276=VERTEX_POINT('',#2494);
#1277=VERTEX_POINT('',#2496);
#1278=VERTEX_POINT('',#2499);
#1279=VERTEX_POINT('',#2503);
#1280=VERTEX_POINT('',#2505);
#1281=VERTEX_POINT('',#2513);
#1282=VERTEX_POINT('',#2521);
#1283=VERTEX_POINT('',#2525);
#1284=VERTEX_POINT('',#2526);
#1285=VERTEX_POINT('',#2528);
#1286=VERTEX_POINT('',#2530);
#1287=VERTEX_POINT('',#2535);
#1288=VERTEX_POINT('',#2537);
#1289=VERTEX_POINT('',#2541);
#1290=VERTEX_POINT('',#2543);
#1291=VERTEX_POINT('',#2547);
#1292=VERTEX_POINT('',#2549);
#1293=VERTEX_POINT('',#2553);
#1294=VERTEX_POINT('',#2555);
#1295=VERTEX_POINT('',#2559);
#1296=VERTEX_POINT('',#2561);
#1297=VERTEX_POINT('',#2563);
#1298=VERTEX_POINT('',#2565);
#1299=VERTEX_POINT('',#2568);
#1300=VERTEX_POINT('',#2574);
#1301=VERTEX_POINT('',#2578);
#1302=VERTEX_POINT('',#2599);
#1303=VERTEX_POINT('',#2602);
#1304=VERTEX_POINT('',#2612);
#1305=VERTEX_POINT('',#2614);
#1306=VERTEX_POINT('',#2618);
#1307=VERTEX_POINT('',#2622);
#1308=VERTEX_POINT('',#2630);
#1309=VERTEX_POINT('',#2631);
#1310=VERTEX_POINT('',#2633);
#1311=VERTEX_POINT('',#2635);
#1312=VERTEX_POINT('',#2640);
#1313=VERTEX_POINT('',#2642);
#1314=VERTEX_POINT('',#2646);
#1315=VERTEX_POINT('',#2648);
#1316=VERTEX_POINT('',#2652);
#1317=VERTEX_POINT('',#2654);
#1318=VERTEX_POINT('',#2658);
#1319=VERTEX_POINT('',#2660);
#1320=VERTEX_POINT('',#2664);
#1321=VERTEX_POINT('',#2665);
#1322=VERTEX_POINT('',#2667);
#1323=VERTEX_POINT('',#2671);
#1324=VERTEX_POINT('',#2674);
#1325=VERTEX_POINT('',#2679);
#1326=VERTEX_POINT('',#2683);
#1327=VERTEX_POINT('',#2685);
#1328=VERTEX_POINT('',#2689);
#1329=VERTEX_POINT('',#2693);
#1330=VERTEX_POINT('',#2695);
#1331=VERTEX_POINT('',#2703);
#1332=VERTEX_POINT('',#2716);
#1333=VERTEX_POINT('',#2718);
#1334=VERTEX_POINT('',#2720);
#1335=ELLIPSE('',#1693,7.77817459305204,5.5);
#1336=ELLIPSE('',#1696,7.77817459305204,5.5);
#1337=ELLIPSE('',#1698,7.77817459305178,5.5);
#1338=ELLIPSE('',#1708,7.77817459305204,5.5);
#1339=ELLIPSE('',#1718,3.69879798067491,2.);
#1340=ELLIPSE('',#1719,3.69879798067491,2.);
#1341=ELLIPSE('',#1724,3.69879798067492,2.);
#1342=ELLIPSE('',#1725,3.69879798067492,2.);
#1343=ELLIPSE('',#1729,3.10366002138368,2.);
#1344=ELLIPSE('',#1730,3.10366002138359,2.);
#1345=ELLIPSE('',#1731,3.1036600213836,2.);
#1346=ELLIPSE('',#1732,3.10366002138368,2.);
#1347=ELLIPSE('',#1734,3.69879798067492,2.);
#1348=ELLIPSE('',#1737,3.69879798067491,2.);
#1349=ELLIPSE('',#1763,3.69879798067492,2.);
#1350=ELLIPSE('',#1766,3.69879798067491,2.);
#1351=EDGE_LOOP('',(#456,#457,#458,#459));
#1352=EDGE_LOOP('',(#460,#461,#462,#463,#464,#465,#466));
#1353=EDGE_LOOP('',(#467,#468,#469,#470,#471,#472,#473,#474,#475,#476,#477,
#478,#479,#480,#481,#482,#483,#484,#485,#486,#487,#488,#489,#490));
#1354=EDGE_LOOP('',(#491,#492,#493,#494,#495,#496,#497,#498));
#1355=EDGE_LOOP('',(#499,#500,#501,#502,#503,#504,#505));
#1356=EDGE_LOOP('',(#506,#507,#508,#509,#510,#511));
#1357=EDGE_LOOP('',(#512,#513,#514,#515,#516,#517));
#1358=EDGE_LOOP('',(#518,#519,#520,#521));
#1359=EDGE_LOOP('',(#522,#523,#524,#525));
#1360=EDGE_LOOP('',(#526,#527,#528,#529));
#1361=EDGE_LOOP('',(#530,#531,#532,#533,#534,#535,#536,#537));
#1362=EDGE_LOOP('',(#538,#539,#540,#541));
#1363=EDGE_LOOP('',(#542,#543,#544,#545));
#1364=EDGE_LOOP('',(#546,#547,#548,#549,#550,#551,#552,#553,#554,#555,#556,
#557));
#1365=EDGE_LOOP('',(#558,#559,#560,#561,#562,#563));
#1366=EDGE_LOOP('',(#564,#565,#566,#567,#568,#569));
#1367=EDGE_LOOP('',(#570,#571,#572,#573));
#1368=EDGE_LOOP('',(#574,#575,#576,#577,#578,#579));
#1369=EDGE_LOOP('',(#580,#581,#582,#583,#584,#585,#586,#587));
#1370=EDGE_LOOP('',(#588,#589,#590,#591,#592,#593,#594,#595));
#1371=EDGE_LOOP('',(#596,#597,#598,#599,#600,#601));
#1372=EDGE_LOOP('',(#602,#603,#604,#605));
#1373=EDGE_LOOP('',(#606,#607,#608,#609,#610,#611));
#1374=EDGE_LOOP('',(#612,#613,#614,#615,#616,#617));
#1375=EDGE_LOOP('',(#618,#619,#620,#621));
#1376=EDGE_LOOP('',(#622,#623,#624,#625));
#1377=EDGE_LOOP('',(#626,#627,#628,#629));
#1378=EDGE_LOOP('',(#630,#631,#632,#633));
#1379=EDGE_LOOP('',(#634,#635,#636,#637,#638,#639,#640,#641,#642,#643,#644,
#645,#646,#647,#648,#649));
#1380=EDGE_LOOP('',(#650,#651,#652,#653,#654));
#1381=EDGE_LOOP('',(#655,#656,#657,#658));
#1382=EDGE_LOOP('',(#659,#660,#661,#662,#663));
#1383=EDGE_LOOP('',(#664,#665,#666,#667));
#1384=EDGE_LOOP('',(#668,#669,#670,#671,#672,#673,#674));
#1385=EDGE_LOOP('',(#675,#676,#677,#678));
#1386=EDGE_LOOP('',(#679,#680,#681,#682));
#1387=EDGE_LOOP('',(#683,#684,#685,#686));
#1388=EDGE_LOOP('',(#687,#688,#689,#690));
#1389=EDGE_LOOP('',(#691,#692,#693,#694));
#1390=EDGE_LOOP('',(#695,#696,#697,#698));
#1391=EDGE_LOOP('',(#699,#700,#701,#702,#703,#704,#705));
#1392=EDGE_LOOP('',(#706,#707,#708,#709,#710));
#1393=EDGE_LOOP('',(#711,#712,#713,#714,#715,#716));
#1394=EDGE_LOOP('',(#717,#718,#719,#720));
#1395=EDGE_LOOP('',(#721,#722,#723,#724,#725,#726));
#1396=EDGE_LOOP('',(#727,#728,#729,#730,#731,#732));
#1397=EDGE_LOOP('',(#733,#734,#735,#736));
#1398=EDGE_LOOP('',(#737,#738,#739,#740));
#1399=EDGE_LOOP('',(#741,#742,#743,#744));
#1400=EDGE_LOOP('',(#745,#746,#747,#748));
#1401=EDGE_LOOP('',(#749,#750,#751,#752,#753,#754,#755,#756,#757,#758,#759,
#760,#761,#762,#763,#764));
#1402=EDGE_LOOP('',(#765,#766,#767,#768,#769));
#1403=EDGE_LOOP('',(#770,#771,#772,#773,#774));
#1404=EDGE_LOOP('',(#775,#776,#777,#778,#779));
#1405=EDGE_LOOP('',(#780,#781,#782,#783,#784));
#1406=EDGE_LOOP('',(#785,#786,#787,#788,#789,#790,#791));
#1407=EDGE_LOOP('',(#792,#793,#794,#795));
#1408=EDGE_LOOP('',(#796,#797,#798,#799));
#1409=EDGE_LOOP('',(#800,#801,#802,#803));
#1410=EDGE_LOOP('',(#804,#805,#806,#807));
#1411=EDGE_LOOP('',(#808,#809,#810,#811));
#1412=EDGE_LOOP('',(#812,#813,#814,#815));
#1413=EDGE_LOOP('',(#816,#817,#818,#819));
#1414=EDGE_LOOP('',(#820,#821,#822,#823,#824,#825,#826));
#1415=EDGE_LOOP('',(#827,#828,#829,#830,#831,#832));
#1416=EDGE_LOOP('',(#833,#834,#835,#836,#837));
#1417=EDGE_LOOP('',(#838,#839,#840,#841,#842,#843));
#1418=EDGE_LOOP('',(#844,#845,#846,#847));
#1419=EDGE_LOOP('',(#848,#849,#850,#851));
#1420=EDGE_LOOP('',(#852,#853,#854,#855));
#1421=EDGE_LOOP('',(#856,#857,#858,#859));
#1422=EDGE_LOOP('',(#860,#861,#862,#863));
#1423=EDGE_LOOP('',(#864,#865,#866,#867));
#1424=EDGE_LOOP('',(#868,#869,#870,#871,#872,#873,#874,#875,#876));
#1425=EDGE_LOOP('',(#877,#878,#879,#880));
#1426=EDGE_LOOP('',(#881,#882,#883,#884,#885,#886,#887,#888));
#1427=EDGE_LOOP('',(#889,#890,#891,#892));
#1428=EDGE_LOOP('',(#893,#894,#895,#896,#897,#898));
#1429=EDGE_LOOP('',(#899,#900,#901,#902,#903));
#1430=EDGE_LOOP('',(#904,#905,#906,#907));
#1431=EDGE_LOOP('',(#908,#909,#910,#911));
#1432=EDGE_LOOP('',(#912,#913,#914,#915));
#1433=EDGE_LOOP('',(#916,#917,#918,#919));
#1434=EDGE_LOOP('',(#920,#921,#922,#923));
#1435=EDGE_LOOP('',(#924,#925,#926,#927));
#1436=EDGE_LOOP('',(#928,#929,#930,#931,#932));
#1437=EDGE_LOOP('',(#933,#934,#935,#936,#937));
#1438=FACE_BOUND('',#1351,.T.);
#1439=FACE_BOUND('',#1352,.T.);
#1440=FACE_BOUND('',#1353,.T.);
#1441=FACE_BOUND('',#1354,.T.);
#1442=FACE_BOUND('',#1355,.T.);
#1443=FACE_BOUND('',#1356,.T.);
#1444=FACE_BOUND('',#1357,.T.);
#1445=FACE_BOUND('',#1358,.T.);
#1446=FACE_BOUND('',#1359,.T.);
#1447=FACE_BOUND('',#1360,.T.);
#1448=FACE_BOUND('',#1361,.T.);
#1449=FACE_BOUND('',#1362,.T.);
#1450=FACE_BOUND('',#1363,.T.);
#1451=FACE_BOUND('',#1364,.T.);
#1452=FACE_BOUND('',#1365,.T.);
#1453=FACE_BOUND('',#1366,.T.);
#1454=FACE_BOUND('',#1367,.T.);
#1455=FACE_BOUND('',#1368,.T.);
#1456=FACE_BOUND('',#1369,.T.);
#1457=FACE_BOUND('',#1370,.T.);
#1458=FACE_BOUND('',#1371,.T.);
#1459=FACE_BOUND('',#1372,.T.);
#1460=FACE_BOUND('',#1373,.T.);
#1461=FACE_BOUND('',#1374,.T.);
#1462=FACE_BOUND('',#1375,.T.);
#1463=FACE_BOUND('',#1376,.T.);
#1464=FACE_BOUND('',#1377,.T.);
#1465=FACE_BOUND('',#1378,.T.);
#1466=FACE_BOUND('',#1379,.T.);
#1467=FACE_BOUND('',#1380,.T.);
#1468=FACE_BOUND('',#1381,.T.);
#1469=FACE_BOUND('',#1382,.T.);
#1470=FACE_BOUND('',#1383,.T.);
#1471=FACE_BOUND('',#1384,.T.);
#1472=FACE_BOUND('',#1385,.T.);
#1473=FACE_BOUND('',#1386,.T.);
#1474=FACE_BOUND('',#1387,.T.);
#1475=FACE_BOUND('',#1388,.T.);
#1476=FACE_BOUND('',#1389,.T.);
#1477=FACE_BOUND('',#1390,.T.);
#1478=FACE_BOUND('',#1391,.T.);
#1479=FACE_BOUND('',#1392,.T.);
#1480=FACE_BOUND('',#1393,.T.);
#1481=FACE_BOUND('',#1394,.T.);
#1482=FACE_BOUND('',#1395,.T.);
#1483=FACE_BOUND('',#1396,.T.);
#1484=FACE_BOUND('',#1397,.T.);
#1485=FACE_BOUND('',#1398,.T.);
#1486=FACE_BOUND('',#1399,.T.);
#1487=FACE_BOUND('',#1400,.T.);
#1488=FACE_BOUND('',#1401,.T.);
#1489=FACE_BOUND('',#1402,.T.);
#1490=FACE_BOUND('',#1403,.T.);
#1491=FACE_BOUND('',#1404,.T.);
#1492=FACE_BOUND('',#1405,.T.);
#1493=FACE_BOUND('',#1406,.T.);
#1494=FACE_BOUND('',#1407,.T.);
#1495=FACE_BOUND('',#1408,.T.);
#1496=FACE_BOUND('',#1409,.T.);
#1497=FACE_BOUND('',#1410,.T.);
#1498=FACE_BOUND('',#1411,.T.);
#1499=FACE_BOUND('',#1412,.T.);
#1500=FACE_BOUND('',#1413,.T.);
#1501=FACE_BOUND('',#1414,.T.);
#1502=FACE_BOUND('',#1415,.T.);
#1503=FACE_BOUND('',#1416,.T.);
#1504=FACE_BOUND('',#1417,.T.);
#1505=FACE_BOUND('',#1418,.T.);
#1506=FACE_BOUND('',#1419,.T.);
#1507=FACE_BOUND('',#1420,.T.);
#1508=FACE_BOUND('',#1421,.T.);
#1509=FACE_BOUND('',#1422,.T.);
#1510=FACE_BOUND('',#1423,.T.);
#1511=FACE_BOUND('',#1424,.T.);
#1512=FACE_BOUND('',#1425,.T.);
#1513=FACE_BOUND('',#1426,.T.);
#1514=FACE_BOUND('',#1427,.T.);
#1515=FACE_BOUND('',#1428,.T.);
#1516=FACE_BOUND('',#1429,.T.);
#1517=FACE_BOUND('',#1430,.T.);
#1518=FACE_BOUND('',#1431,.T.);
#1519=FACE_BOUND('',#1432,.T.);
#1520=FACE_BOUND('',#1433,.T.);
#1521=FACE_BOUND('',#1434,.T.);
#1522=FACE_BOUND('',#1435,.T.);
#1523=FACE_BOUND('',#1436,.T.);
#1524=FACE_BOUND('',#1437,.T.);
#1525=PLANE('',#1692);
#1526=PLANE('',#1699);
#1527=PLANE('',#1705);
#1528=PLANE('',#1709);
#1529=PLANE('',#1710);
#1530=PLANE('',#1711);
#1531=PLANE('',#1712);
#1532=PLANE('',#1713);
#1533=PLANE('',#1714);
#1534=PLANE('',#1715);
#1535=PLANE('',#1716);
#1536=PLANE('',#1717);
#1537=PLANE('',#1720);
#1538=PLANE('',#1723);
#1539=PLANE('',#1726);
#1540=PLANE('',#1727);
#1541=PLANE('',#1728);
#1542=PLANE('',#1735);
#1543=PLANE('',#1738);
#1544=PLANE('',#1739);
#1545=PLANE('',#1743);
#1546=PLANE('',#1747);
#1547=PLANE('',#1748);
#1548=PLANE('',#1749);
#1549=PLANE('',#1750);
#1550=PLANE('',#1751);
#1551=PLANE('',#1752);
#1552=PLANE('',#1754);
#1553=PLANE('',#1755);
#1554=PLANE('',#1757);
#1555=PLANE('',#1759);
#1556=PLANE('',#1760);
#1557=PLANE('',#1761);
#1558=PLANE('',#1764);
#1559=PLANE('',#1767);
#1560=PLANE('',#1768);
#1561=PLANE('',#1772);
#1562=PLANE('',#1776);
#1563=PLANE('',#1777);
#1564=PLANE('',#1778);
#1565=PLANE('',#1779);
#1566=PLANE('',#1780);
#1567=PLANE('',#1781);
#1568=PLANE('',#1783);
#1569=PLANE('',#1784);
#1570=PLANE('',#1785);
#1571=PLANE('',#1787);
#1572=PLANE('',#1789);
#1573=PLANE('',#1790);
#1574=PLANE('',#1791);
#1575=PLANE('',#1792);
#1576=PLANE('',#1793);
#1577=PLANE('',#1794);
#1578=PLANE('',#1795);
#1579=PLANE('',#1800);
#1580=PLANE('',#1801);
#1581=PLANE('',#1802);
#1582=PLANE('',#1803);
#1583=PLANE('',#1804);
#1584=PLANE('',#1805);
#1585=PLANE('',#1806);
#1586=PLANE('',#1807);
#1587=PLANE('',#1808);
#1588=PLANE('',#1809);
#1589=PLANE('',#1810);
#1590=PLANE('',#1811);
#1591=PLANE('',#1812);
#1592=PLANE('',#1813);
#1593=ADVANCED_FACE('',(#1438),#1525,.T.);
#1594=ADVANCED_FACE('',(#1439),#40,.F.);
#1595=ADVANCED_FACE('',(#1440),#1526,.T.);
#1596=ADVANCED_FACE('',(#1441),#1527,.F.);
#1597=ADVANCED_FACE('',(#1442),#41,.F.);
#1598=ADVANCED_FACE('',(#1443),#1528,.F.);
#1599=ADVANCED_FACE('',(#1444),#1529,.F.);
#1600=ADVANCED_FACE('',(#1445),#1530,.F.);
#1601=ADVANCED_FACE('',(#1446),#1531,.F.);
#1602=ADVANCED_FACE('',(#1447),#1532,.F.);
#1603=ADVANCED_FACE('',(#1448),#1533,.F.);
#1604=ADVANCED_FACE('',(#1449),#1534,.F.);
#1605=ADVANCED_FACE('',(#1450),#1535,.T.);
#1606=ADVANCED_FACE('',(#1451),#1536,.F.);
#1607=ADVANCED_FACE('',(#1452),#1537,.T.);
#1608=ADVANCED_FACE('',(#1453),#1538,.T.);
#1609=ADVANCED_FACE('',(#1454),#1539,.T.);
#1610=ADVANCED_FACE('',(#1455),#1540,.F.);
#1611=ADVANCED_FACE('',(#1456,#1457),#1541,.T.);
#1612=ADVANCED_FACE('',(#1458),#42,.F.);
#1613=ADVANCED_FACE('',(#1459),#1542,.F.);
#1614=ADVANCED_FACE('',(#1460),#43,.F.);
#1615=ADVANCED_FACE('',(#1461),#1543,.T.);
#1616=ADVANCED_FACE('',(#1462),#1544,.F.);
#1617=ADVANCED_FACE('',(#1463),#44,.F.);
#1618=ADVANCED_FACE('',(#1464),#1545,.F.);
#1619=ADVANCED_FACE('',(#1465),#45,.F.);
#1620=ADVANCED_FACE('',(#1466),#1546,.F.);
#1621=ADVANCED_FACE('',(#1467),#1547,.F.);
#1622=ADVANCED_FACE('',(#1468),#1548,.F.);
#1623=ADVANCED_FACE('',(#1469),#1549,.F.);
#1624=ADVANCED_FACE('',(#1470),#1550,.T.);
#1625=ADVANCED_FACE('',(#1471),#1551,.F.);
#1626=ADVANCED_FACE('',(#1472),#1552,.F.);
#1627=ADVANCED_FACE('',(#1473),#1553,.T.);
#1628=ADVANCED_FACE('',(#1474),#12,.F.);
#1629=ADVANCED_FACE('',(#1475),#1554,.T.);
#1630=ADVANCED_FACE('',(#1476),#13,.F.);
#1631=ADVANCED_FACE('',(#1477),#1555,.T.);
#1632=ADVANCED_FACE('',(#1478),#1556,.T.);
#1633=ADVANCED_FACE('',(#1479),#1557,.F.);
#1634=ADVANCED_FACE('',(#1480),#46,.F.);
#1635=ADVANCED_FACE('',(#1481),#1558,.F.);
#1636=ADVANCED_FACE('',(#1482),#47,.F.);
#1637=ADVANCED_FACE('',(#1483),#1559,.T.);
#1638=ADVANCED_FACE('',(#1484),#1560,.F.);
#1639=ADVANCED_FACE('',(#1485),#48,.F.);
#1640=ADVANCED_FACE('',(#1486),#1561,.F.);
#1641=ADVANCED_FACE('',(#1487),#49,.F.);
#1642=ADVANCED_FACE('',(#1488),#1562,.F.);
#1643=ADVANCED_FACE('',(#1489),#1563,.F.);
#1644=ADVANCED_FACE('',(#1490),#1564,.F.);
#1645=ADVANCED_FACE('',(#1491),#1565,.F.);
#1646=ADVANCED_FACE('',(#1492),#1566,.T.);
#1647=ADVANCED_FACE('',(#1493),#1567,.F.);
#1648=ADVANCED_FACE('',(#1494),#1568,.F.);
#1649=ADVANCED_FACE('',(#1495),#1569,.T.);
#1650=ADVANCED_FACE('',(#1496),#1570,.T.);
#1651=ADVANCED_FACE('',(#1497),#14,.F.);
#1652=ADVANCED_FACE('',(#1498),#1571,.T.);
#1653=ADVANCED_FACE('',(#1499),#15,.F.);
#1654=ADVANCED_FACE('',(#1500),#1572,.T.);
#1655=ADVANCED_FACE('',(#1501),#1573,.T.);
#1656=ADVANCED_FACE('',(#1502),#1574,.F.);
#1657=ADVANCED_FACE('',(#1503),#1575,.F.);
#1658=ADVANCED_FACE('',(#1504),#1576,.T.);
#1659=ADVANCED_FACE('',(#1505),#1577,.F.);
#1660=ADVANCED_FACE('',(#1506),#1578,.F.);
#1661=ADVANCED_FACE('',(#1507),#50,.F.);
#1662=ADVANCED_FACE('',(#1508),#51,.F.);
#1663=ADVANCED_FACE('',(#1509),#52,.F.);
#1664=ADVANCED_FACE('',(#1510),#53,.F.);
#1665=ADVANCED_FACE('',(#1511),#1579,.F.);
#1666=ADVANCED_FACE('',(#1512),#1580,.F.);
#1667=ADVANCED_FACE('',(#1513),#1581,.F.);
#1668=ADVANCED_FACE('',(#1514),#1582,.F.);
#1669=ADVANCED_FACE('',(#1515),#1583,.T.);
#1670=ADVANCED_FACE('',(#1516),#1584,.T.);
#1671=ADVANCED_FACE('',(#1517),#1585,.T.);
#1672=ADVANCED_FACE('',(#1518),#1586,.F.);
#1673=ADVANCED_FACE('',(#1519),#1587,.T.);
#1674=ADVANCED_FACE('',(#1520),#1588,.F.);
#1675=ADVANCED_FACE('',(#1521),#1589,.T.);
#1676=ADVANCED_FACE('',(#1522),#1590,.F.);
#1677=ADVANCED_FACE('',(#1523),#1591,.T.);
#1678=ADVANCED_FACE('',(#1524),#1592,.T.);
#1679=CLOSED_SHELL('',(#1593,#1594,#1595,#1596,#1597,#1598,#1599,#1600,
#1601,#1602,#1603,#1604,#1605,#1606,#1607,#1608,#1609,#1610,#1611,#1612,
#1613,#1614,#1615,#1616,#1617,#1618,#1619,#1620,#1621,#1622,#1623,#1624,
#1625,#1626,#1627,#1628,#1629,#1630,#1631,#1632,#1633,#1634,#1635,#1636,
#1637,#1638,#1639,#1640,#1641,#1642,#1643,#1644,#1645,#1646,#1647,#1648,
#1649,#1650,#1651,#1652,#1653,#1654,#1655,#1656,#1657,#1658,#1659,#1660,
#1661,#1662,#1663,#1664,#1665,#1666,#1667,#1668,#1669,#1670,#1671,#1672,
#1673,#1674,#1675,#1676,#1677,#1678));
#1680=STYLED_ITEM('',(#1681),#1688);
#1681=PRESENTATION_STYLE_ASSIGNMENT((#1682));
#1682=SURFACE_STYLE_USAGE(.BOTH.,#1683);
#1683=SURFACE_SIDE_STYLE('',(#1684));
#1684=SURFACE_STYLE_FILL_AREA(#1685);
#1685=FILL_AREA_STYLE('',(#1686));
#1686=FILL_AREA_STYLE_COLOUR('',#1687);
#1687=COLOUR_RGB('',0.188235294117647,0.188235294117647,0.188235294117647);
#1688=MANIFOLD_SOLID_BREP('LED_Carrier',#1679);
#1689=SHAPE_DEFINITION_REPRESENTATION(#2767,#1690);
#1690=SHAPE_REPRESENTATION('LED_Carrier',(#1691),#2762);
#1691=AXIS2_PLACEMENT_3D('',#2261,#1814,#1815);
#1692=AXIS2_PLACEMENT_3D('',#2262,#1816,#1817);
#1693=AXIS2_PLACEMENT_3D('',#2263,#1818,#1819);
#1694=AXIS2_PLACEMENT_3D('',#2271,#1823,#1824);
#1695=AXIS2_PLACEMENT_3D('',#2275,#1826,#1827);
#1696=AXIS2_PLACEMENT_3D('',#2279,#1829,#1830);
#1697=AXIS2_PLACEMENT_3D('',#2281,#1831,#1832);
#1698=AXIS2_PLACEMENT_3D('',#2285,#1834,#1835);
#1699=AXIS2_PLACEMENT_3D('',#2286,#1836,#1837);
#1700=AXIS2_PLACEMENT_3D('',#2290,#1839,#1840);
#1701=AXIS2_PLACEMENT_3D('',#2307,#1849,#1850);
#1702=AXIS2_PLACEMENT_3D('',#2311,#1852,#1853);
#1703=AXIS2_PLACEMENT_3D('',#2319,#1857,#1858);
#1704=AXIS2_PLACEMENT_3D('',#2323,#1860,#1861);
#1705=AXIS2_PLACEMENT_3D('',#2332,#1866,#1867);
#1706=AXIS2_PLACEMENT_3D('',#2346,#1875,#1876);
#1707=AXIS2_PLACEMENT_3D('',#2350,#1879,#1880);
#1708=AXIS2_PLACEMENT_3D('',#2352,#1881,#1882);
#1709=AXIS2_PLACEMENT_3D('',#2355,#1884,#1885);
#1710=AXIS2_PLACEMENT_3D('',#2365,#1891,#1892);
#1711=AXIS2_PLACEMENT_3D('',#2372,#1897,#1898);
#1712=AXIS2_PLACEMENT_3D('',#2378,#1902,#1903);
#1713=AXIS2_PLACEMENT_3D('',#2387,#1908,#1909);
#1714=AXIS2_PLACEMENT_3D('',#2396,#1914,#1915);
#1715=AXIS2_PLACEMENT_3D('',#2413,#1924,#1925);
#1716=AXIS2_PLACEMENT_3D('',#2422,#1930,#1931);
#1717=AXIS2_PLACEMENT_3D('',#2428,#1935,#1936);
#1718=AXIS2_PLACEMENT_3D('',#2434,#1939,#1940);
#1719=AXIS2_PLACEMENT_3D('',#2435,#1941,#1942);
#1720=AXIS2_PLACEMENT_3D('',#2447,#1949,#1950);
#1721=AXIS2_PLACEMENT_3D('',#2451,#1952,#1953);
#1722=AXIS2_PLACEMENT_3D('',#2459,#1957,#1958);
#1723=AXIS2_PLACEMENT_3D('',#2460,#1959,#1960);
#1724=AXIS2_PLACEMENT_3D('',#2461,#1961,#1962);
#1725=AXIS2_PLACEMENT_3D('',#2466,#1965,#1966);
#1726=AXIS2_PLACEMENT_3D('',#2467,#1967,#1968);
#1727=AXIS2_PLACEMENT_3D('',#2470,#1971,#1972);
#1728=AXIS2_PLACEMENT_3D('',#2477,#1977,#1978);
#1729=AXIS2_PLACEMENT_3D('',#2491,#1986,#1987);
#1730=AXIS2_PLACEMENT_3D('',#2493,#1988,#1989);
#1731=AXIS2_PLACEMENT_3D('',#2497,#1991,#1992);
#1732=AXIS2_PLACEMENT_3D('',#2498,#1993,#1994);
#1733=AXIS2_PLACEMENT_3D('',#2501,#1996,#1997);
#1734=AXIS2_PLACEMENT_3D('',#2504,#1999,#2000);
#1735=AXIS2_PLACEMENT_3D('',#2511,#2001,#2002);
#1736=AXIS2_PLACEMENT_3D('',#2515,#2005,#2006);
#1737=AXIS2_PLACEMENT_3D('',#2522,#2007,#2008);
#1738=AXIS2_PLACEMENT_3D('',#2523,#2009,#2010);
#1739=AXIS2_PLACEMENT_3D('',#2533,#2016,#2017);
#1740=AXIS2_PLACEMENT_3D('',#2539,#2021,#2022);
#1741=AXIS2_PLACEMENT_3D('',#2540,#2023,#2024);
#1742=AXIS2_PLACEMENT_3D('',#2542,#2025,#2026);
#1743=AXIS2_PLACEMENT_3D('',#2545,#2028,#2029);
#1744=AXIS2_PLACEMENT_3D('',#2551,#2033,#2034);
#1745=AXIS2_PLACEMENT_3D('',#2552,#2035,#2036);
#1746=AXIS2_PLACEMENT_3D('',#2554,#2037,#2038);
#1747=AXIS2_PLACEMENT_3D('',#2557,#2040,#2041);
#1748=AXIS2_PLACEMENT_3D('',#2571,#2050,#2051);
#1749=AXIS2_PLACEMENT_3D('',#2576,#2055,#2056);
#1750=AXIS2_PLACEMENT_3D('',#2580,#2059,#2060);
#1751=AXIS2_PLACEMENT_3D('',#2582,#2062,#2063);
#1752=AXIS2_PLACEMENT_3D('',#2584,#2065,#2066);
#1753=AXIS2_PLACEMENT_3D('',#2585,#2067,#2068);
#1754=AXIS2_PLACEMENT_3D('',#2586,#2069,#2070);
#1755=AXIS2_PLACEMENT_3D('',#2588,#2072,#2073);
#1756=AXIS2_PLACEMENT_3D('',#2590,#2075,#2076);
#1757=AXIS2_PLACEMENT_3D('',#2592,#2078,#2079);
#1758=AXIS2_PLACEMENT_3D('',#2594,#2081,#2082);
#1759=AXIS2_PLACEMENT_3D('',#2596,#2084,#2085);
#1760=AXIS2_PLACEMENT_3D('',#2597,#2086,#2087);
#1761=AXIS2_PLACEMENT_3D('',#2604,#2092,#2093);
#1762=AXIS2_PLACEMENT_3D('',#2606,#2095,#2096);
#1763=AXIS2_PLACEMENT_3D('',#2613,#2097,#2098);
#1764=AXIS2_PLACEMENT_3D('',#2616,#2100,#2101);
#1765=AXIS2_PLACEMENT_3D('',#2620,#2104,#2105);
#1766=AXIS2_PLACEMENT_3D('',#2621,#2106,#2107);
#1767=AXIS2_PLACEMENT_3D('',#2628,#2108,#2109);
#1768=AXIS2_PLACEMENT_3D('',#2638,#2115,#2116);
#1769=AXIS2_PLACEMENT_3D('',#2644,#2120,#2121);
#1770=AXIS2_PLACEMENT_3D('',#2645,#2122,#2123);
#1771=AXIS2_PLACEMENT_3D('',#2649,#2125,#2126);
#1772=AXIS2_PLACEMENT_3D('',#2650,#2127,#2128);
#1773=AXIS2_PLACEMENT_3D('',#2656,#2132,#2133);
#1774=AXIS2_PLACEMENT_3D('',#2657,#2134,#2135);
#1775=AXIS2_PLACEMENT_3D('',#2661,#2137,#2138);
#1776=AXIS2_PLACEMENT_3D('',#2662,#2139,#2140);
#1777=AXIS2_PLACEMENT_3D('',#2676,#2149,#2150);
#1778=AXIS2_PLACEMENT_3D('',#2681,#2154,#2155);
#1779=AXIS2_PLACEMENT_3D('',#2687,#2159,#2160);
#1780=AXIS2_PLACEMENT_3D('',#2691,#2163,#2164);
#1781=AXIS2_PLACEMENT_3D('',#2697,#2168,#2169);
#1782=AXIS2_PLACEMENT_3D('',#2698,#2170,#2171);
#1783=AXIS2_PLACEMENT_3D('',#2699,#2172,#2173);
#1784=AXIS2_PLACEMENT_3D('',#2701,#2175,#2176);
#1785=AXIS2_PLACEMENT_3D('',#2705,#2179,#2180);
#1786=AXIS2_PLACEMENT_3D('',#2707,#2182,#2183);
#1787=AXIS2_PLACEMENT_3D('',#2709,#2185,#2186);
#1788=AXIS2_PLACEMENT_3D('',#2711,#2188,#2189);
#1789=AXIS2_PLACEMENT_3D('',#2713,#2191,#2192);
#1790=AXIS2_PLACEMENT_3D('',#2714,#2193,#2194);
#1791=AXIS2_PLACEMENT_3D('',#2723,#2200,#2201);
#1792=AXIS2_PLACEMENT_3D('',#2726,#2204,#2205);
#1793=AXIS2_PLACEMENT_3D('',#2728,#2207,#2208);
#1794=AXIS2_PLACEMENT_3D('',#2731,#2211,#2212);
#1795=AXIS2_PLACEMENT_3D('',#2733,#2214,#2215);
#1796=AXIS2_PLACEMENT_3D('',#2735,#2217,#2218);
#1797=AXIS2_PLACEMENT_3D('',#2736,#2219,#2220);
#1798=AXIS2_PLACEMENT_3D('',#2737,#2221,#2222);
#1799=AXIS2_PLACEMENT_3D('',#2738,#2223,#2224);
#1800=AXIS2_PLACEMENT_3D('',#2739,#2225,#2226);
#1801=AXIS2_PLACEMENT_3D('',#2742,#2229,#2230);
#1802=AXIS2_PLACEMENT_3D('',#2744,#2232,#2233);
#1803=AXIS2_PLACEMENT_3D('',#2747,#2236,#2237);
#1804=AXIS2_PLACEMENT_3D('',#2749,#2239,#2240);
#1805=AXIS2_PLACEMENT_3D('',#2750,#2241,#2242);
#1806=AXIS2_PLACEMENT_3D('',#2751,#2243,#2244);
#1807=AXIS2_PLACEMENT_3D('',#2753,#2246,#2247);
#1808=AXIS2_PLACEMENT_3D('',#2755,#2249,#2250);
#1809=AXIS2_PLACEMENT_3D('',#2756,#2251,#2252);
#1810=AXIS2_PLACEMENT_3D('',#2757,#2253,#2254);
#1811=AXIS2_PLACEMENT_3D('',#2758,#2255,#2256);
#1812=AXIS2_PLACEMENT_3D('',#2759,#2257,#2258);
#1813=AXIS2_PLACEMENT_3D('',#2760,#2259,#2260);
#1814=DIRECTION('',(0.,0.,1.));
#1815=DIRECTION('',(1.,0.,0.));
#1816=DIRECTION('',(0.707106781186549,-1.04730666203297E-16,-0.707106781186546));
#1817=DIRECTION('',(1.88667429888629E-13,1.,1.88519318360088E-13));
#1818=DIRECTION('',(0.707106781186549,-1.04730666203297E-16,-0.707106781186546));
#1819=DIRECTION('',(0.707106781186546,7.10891954159964E-16,0.707106781186549));
#1820=DIRECTION('',(-8.1856360694846E-16,1.,-1.42741915946213E-29));
#1821=DIRECTION('',(-0.707106781186546,-5.78811877305785E-16,-0.707106781186549));
#1822=DIRECTION('',(-1.06454973889453E-15,-1.,-9.16438210353461E-16));
#1823=DIRECTION('',(-2.876977494489E-16,5.76732285748004E-16,1.));
#1824=DIRECTION('',(1.,-1.35599758732511E-15,2.87697749448944E-16));
#1825=DIRECTION('',(-2.876977494489E-16,5.76732285748004E-16,1.));
#1826=DIRECTION('',(1.31013048392902E-16,-2.18595826190994E-16,-1.));
#1827=DIRECTION('',(1.,-1.35599758732511E-15,1.31013048392946E-16));
#1828=DIRECTION('',(-2.876977494489E-16,5.76732285748004E-16,1.));
#1829=DIRECTION('',(0.707106781186549,-3.91653128708914E-16,-0.707106781186546));
#1830=DIRECTION('',(0.707106781186546,4.23969491654349E-16,0.707106781186549));
#1831=DIRECTION('',(4.52292352877026E-17,5.53881166366003E-16,1.));
#1832=DIRECTION('',(1.,-1.35599758732511E-15,-4.52292352876585E-17));
#1833=DIRECTION('',(-2.876977494489E-16,5.76732285748004E-16,1.));
#1834=DIRECTION('',(-0.707106781186525,-1.04730666203297E-16,-0.70710678118657));
#1835=DIRECTION('',(-0.70710678118657,7.10891954159984E-16,0.707106781186525));
#1836=DIRECTION('',(-1.31013048392902E-16,2.18595826190994E-16,1.));
#1837=DIRECTION('',(-3.82067201999537E-30,-1.,2.18595826190994E-16));
#1838=DIRECTION('',(-8.1856360694846E-16,1.,-1.42741915946213E-29));
#1839=DIRECTION('',(1.31013048392902E-16,-2.18595826190994E-16,-1.));
#1840=DIRECTION('',(1.,-1.35599758732511E-15,1.31013048392946E-16));
#1841=DIRECTION('',(-2.86389055552471E-32,-1.,2.18595826190994E-16));
#1842=DIRECTION('',(1.,-3.91549447317087E-27,1.31013048392902E-16));
#1843=DIRECTION('',(-2.86389055552471E-32,-1.,2.18595826190994E-16));
#1844=DIRECTION('',(-8.1856360694846E-16,1.,-1.42741915946213E-29));
#1845=DIRECTION('',(1.,8.1856360694846E-16,1.31013048392902E-16));
#1846=DIRECTION('',(-1.17645978506127E-15,1.,-2.1859582619102E-16));
#1847=DIRECTION('',(-1.,1.89882573545361E-16,-3.4825482567929E-14));
#1848=DIRECTION('',(1.08977432444985E-15,-1.,2.1859582619102E-16));
#1849=DIRECTION('',(3.48254825679291E-14,-2.18595826190994E-16,-1.));
#1850=DIRECTION('',(1.3559975873251E-15,-1.,2.1859582619102E-16));
#1851=DIRECTION('',(-1.,-1.35599758732513E-15,-3.48254825679291E-14));
#1852=DIRECTION('',(3.48254825679291E-14,-2.18595826190994E-16,-1.));
#1853=DIRECTION('',(-1.,-1.35599758732511E-15,-3.4825482567929E-14));
#1854=DIRECTION('',(-8.93404660397954E-16,1.,-2.1859582619102E-16));
#1855=DIRECTION('',(1.,-4.98528524719878E-17,-7.26895290810964E-18));
#1856=DIRECTION('',(8.93404660397962E-16,1.,-2.18595826190969E-16));
#1857=DIRECTION('',(-1.31013048392902E-16,2.18595826190994E-16,1.));
#1858=DIRECTION('',(1.,-1.35599758732511E-15,1.31013048392946E-16));
#1859=DIRECTION('',(1.,-1.35599758732513E-15,1.31013048392895E-16));
#1860=DIRECTION('',(-1.31013048392902E-16,2.18595826190994E-16,1.));
#1861=DIRECTION('',(-1.3559975873251E-15,-1.,2.18595826190969E-16));
#1862=DIRECTION('',(-1.08977432444985E-15,-1.,2.18595826190969E-16));
#1863=DIRECTION('',(1.,1.89882573545361E-16,1.31013048392938E-16));
#1864=DIRECTION('',(1.17645978506127E-15,1.,-2.18595826190969E-16));
#1865=DIRECTION('',(1.,8.1856360694846E-16,1.31013048392902E-16));
#1866=DIRECTION('',(3.91584472808617E-27,1.,-2.67343535322101E-15));
#1867=DIRECTION('',(-1.,3.86911776248348E-27,-1.7478247808161E-14));
#1868=DIRECTION('',(1.31013048392902E-16,-2.67343535322101E-15,-1.));
#1869=DIRECTION('',(0.707106781186536,1.89040426732369E-15,0.707106781186559));
#1870=DIRECTION('',(-1.74905966810152E-14,2.67343535322101E-15,1.));
#1871=DIRECTION('',(1.,-3.91584472808617E-27,0.));
#1872=DIRECTION('',(-1.74658989353068E-14,2.67343535322102E-15,1.));
#1873=DIRECTION('',(-0.707106781186561,1.88889170459597E-15,0.707106781186535));
#1874=DIRECTION('',(1.31013048392902E-16,-2.67343535322101E-15,-1.));
#1875=DIRECTION('',(-2.876977494489E-16,5.76732285748004E-16,1.));
#1876=DIRECTION('',(1.,-1.35599758732511E-15,2.87697749448944E-16));
#1877=DIRECTION('',(-2.876977494489E-16,5.76732285748004E-16,1.));
#1878=DIRECTION('',(-2.876977494489E-16,5.76732285748004E-16,1.));
#1879=DIRECTION('',(4.52292352877026E-17,5.53881166366003E-16,1.));
#1880=DIRECTION('',(1.,-1.35599758732511E-15,-4.52292352876585E-17));
#1881=DIRECTION('',(0.707106781186549,3.91653128708914E-16,0.707106781186546));
#1882=DIRECTION('',(-0.707106781186546,4.23969491654349E-16,0.707106781186549));
#1883=DIRECTION('',(-2.876977494489E-16,5.76732285748004E-16,1.));
#1884=DIRECTION('',(-4.52292352877026E-17,-5.53881166366003E-16,-1.));
#1885=DIRECTION('',(9.68087228201795E-30,1.,-5.53881166366003E-16));
#1886=DIRECTION('',(-0.81649658092772,0.577350269189634,-2.8285392453011E-16));
#1887=DIRECTION('',(1.39452223873684E-31,1.,-5.53881166366003E-16));
#1888=DIRECTION('',(-1.06454973889453E-15,-1.,5.53881166366003E-16));
#1889=DIRECTION('',(1.,8.92061128641684E-15,-4.52292352877185E-17));
#1890=DIRECTION('',(9.24508797474939E-16,1.,-5.53881166365978E-16));
#1891=DIRECTION('',(0.500000000000009,0.707106781186545,-0.499999999999994));
#1892=DIRECTION('',(0.812214063289292,-0.583223661057239,-0.0125887480747258));
#1893=DIRECTION('',(-0.5,0.70710678118655,0.5));
#1894=DIRECTION('',(0.707106781186533,5.80690344230082E-15,0.707106781186562));
#1895=DIRECTION('',(-1.39224232746751E-14,0.577350269189629,0.816496580927724));
#1896=DIRECTION('',(-0.678598344545852,0.678598344545848,0.281084637714805));
#1897=DIRECTION('',(8.22426170600657E-15,-0.923879532511289,-0.382683432365085));
#1898=DIRECTION('',(-2.19169627883147E-14,-0.382683432365085,0.923879532511289));
#1899=DIRECTION('',(-5.28425821905625E-16,-0.382683432365085,0.923879532511289));
#1900=DIRECTION('',(1.,8.1856360694846E-16,1.7326267236015E-14));
#1901=DIRECTION('',(-0.678598344545833,0.281084637714816,-0.678598344545863));
#1902=DIRECTION('',(8.22426170600657E-15,-0.923879532511289,-0.382683432365085));
#1903=DIRECTION('',(-2.19169627883147E-14,-0.382683432365085,0.923879532511289));
#1904=DIRECTION('',(0.678598344545857,0.281084637714816,-0.678598344545839));
#1905=DIRECTION('',(1.,8.18563606948459E-16,1.95148441554786E-14));
#1906=DIRECTION('',(-3.17671650063348E-14,-0.382683432365085,0.923879532511289));
#1907=DIRECTION('',(-1.,8.92061128641684E-15,-3.50017248516097E-14));
#1908=DIRECTION('',(4.67239286719172E-18,-0.766044443118978,0.64278760968654));
#1909=DIRECTION('',(-1.,-3.22220477587982E-27,7.26895290810024E-18));
#1910=DIRECTION('',(1.,-4.98528524719878E-17,-7.26895290810964E-18));
#1911=DIRECTION('',(0.540716203060959,-0.540716203060937,-0.644400477571753));
#1912=DIRECTION('',(1.,6.09937570745622E-18,0.));
#1913=DIRECTION('',(-0.540716203060937,-0.540716203060937,-0.644400477571771));
#1914=DIRECTION('',(8.22426170600657E-15,-0.923879532511289,-0.382683432365085));
#1915=DIRECTION('',(-2.19169627883147E-14,-0.382683432365085,0.923879532511289));
#1916=DIRECTION('',(0.678598344545839,-0.281084637714815,0.678598344545857));
#1917=DIRECTION('',(1.,1.72510184928702E-15,1.7326267236015E-14));
#1918=DIRECTION('',(1.21040273900941E-16,0.382683432365085,-0.923879532511289));
#1919=DIRECTION('',(1.,8.90488762262368E-15,-7.26895290812228E-18));
#1920=DIRECTION('',(3.21745505543395E-14,0.382683432365085,-0.923879532511289));
#1921=DIRECTION('',(1.,1.72510184928702E-15,1.7326267236015E-14));
#1922=DIRECTION('',(-0.678598344545862,-0.281084637714817,0.678598344545834));
#1923=DIRECTION('',(-1.,-8.90187672374491E-15,3.64406222787179E-31));
#1924=DIRECTION('',(4.67239286219557E-18,0.766044443118978,0.64278760968654));
#1925=DIRECTION('',(1.,3.29951314459147E-27,-7.26895290810024E-18));
#1926=DIRECTION('',(-1.,6.09937570093421E-18,0.));
#1927=DIRECTION('',(-0.540716203060959,-0.540716203060937,0.644400477571753));
#1928=DIRECTION('',(-1.,-1.10122073460412E-26,7.26895290810024E-18));
#1929=DIRECTION('',(0.540716203060937,-0.540716203060937,0.644400477571772));
#1930=DIRECTION('',(7.26895290810024E-18,6.59826356891996E-16,1.));
#1931=DIRECTION('',(-1.15326085761138E-29,-1.,6.59826356891996E-16));
#1932=DIRECTION('',(1.08977432444985E-15,1.,2.00185022305899E-15));
#1933=DIRECTION('',(1.,6.55861180417468E-14,-7.26895290814351E-18));
#1934=DIRECTION('',(-1.08977432444992E-15,1.,2.00185022305899E-15));
#1935=DIRECTION('',(-4.98528524719878E-17,-1.,2.18595826190994E-16));
#1936=DIRECTION('',(1.,-4.98528524719878E-17,-7.26895290810964E-18));
#1937=DIRECTION('',(1.,4.98528524719878E-17,3.4825482567929E-14));
#1938=DIRECTION('',(3.48254825679291E-14,-2.18595826190996E-16,-1.));
#1939=DIRECTION('',(4.98528524719802E-17,-1.,2.18595826190994E-16));
#1940=DIRECTION('',(-0.642787609686567,1.35409322066639E-16,0.766044443118955));
#1941=DIRECTION('',(4.98528524719878E-17,1.,-2.18595826190994E-16));
#1942=DIRECTION('',(0.64278760968654,1.35409322066639E-16,0.766044443118977));
#1943=DIRECTION('',(1.31013048392895E-16,-2.18595826190994E-16,-1.));
#1944=DIRECTION('',(-1.,4.98528524719878E-17,-1.3101304839299E-16));
#1945=DIRECTION('',(3.62309511856499E-16,-2.18595826190994E-16,-1.));
#1946=DIRECTION('',(-0.707106781186587,-1.19319300993785E-16,-0.707106781186509));
#1947=DIRECTION('',(0.707106781186611,-1.19319300993785E-16,-0.707106781186485));
#1948=DIRECTION('',(3.45941861044655E-14,-2.18595826190994E-16,-1.));
#1949=DIRECTION('',(7.26895290810024E-18,6.59826356891996E-16,1.));
#1950=DIRECTION('',(-1.15326085761138E-29,-1.,6.59826356891996E-16));
#1951=DIRECTION('',(-1.,-1.10122073460412E-26,7.26895290810024E-18));
#1952=DIRECTION('',(7.26895290810024E-18,6.59826356891996E-16,1.));
#1953=DIRECTION('',(-4.09863527621716E-55,1.,-6.59826356891996E-16));
#1954=DIRECTION('',(-1.08977432444983E-15,1.,-6.59826356892021E-16));
#1955=DIRECTION('',(1.,6.55861180417467E-14,-7.26895290813688E-18));
#1956=DIRECTION('',(1.08977432444985E-15,1.,-6.5982635689197E-16));
#1957=DIRECTION('',(7.26895290810024E-18,6.59826356891996E-16,1.));
#1958=DIRECTION('',(-4.09863527621716E-55,1.,-6.59826356891996E-16));
#1959=DIRECTION('',(1.10122010218168E-26,-1.,-8.70032385722988E-16));
#1960=DIRECTION('',(1.,1.10120870362217E-26,1.31013048392902E-16));
#1961=DIRECTION('',(-1.09817877385392E-26,-1.,-8.70032385722988E-16));
#1962=DIRECTION('',(-0.642787609686567,-6.66483474409533E-16,0.766044443118956));
#1963=DIRECTION('',(-3.48254825679291E-14,-8.70032385722988E-16,1.));
#1964=DIRECTION('',(-1.31013048392896E-16,-8.70032385722988E-16,1.));
#1965=DIRECTION('',(-1.10122010218168E-26,1.,8.70032385722988E-16));
#1966=DIRECTION('',(0.64278760968654,-6.66483474409533E-16,0.766044443118978));
#1967=DIRECTION('',(-1.6967915174202E-14,0.25881904510252,0.965925826289069));
#1968=DIRECTION('',(-1.,-1.70854231619986E-14,-1.29884530724686E-14));
#1969=DIRECTION('',(-1.31415924636768E-14,0.965925826289069,-0.25881904510252));
#1970=DIRECTION('',(2.21889992792237E-14,0.965925826289069,-0.25881904510252));
#1971=DIRECTION('',(-4.52292352877026E-17,-5.53881166366003E-16,-1.));
#1972=DIRECTION('',(9.68087228201795E-30,1.,-5.53881166366003E-16));
#1973=DIRECTION('',(-3.44053683759043E-55,1.,-5.53881166366003E-16));
#1974=DIRECTION('',(0.81649658092772,0.577350269189634,2.82590052274117E-14));
#1975=DIRECTION('',(-9.24508797474919E-16,1.,-5.53881166366029E-16));
#1976=DIRECTION('',(1.06454973889451E-15,-1.,5.53881166366003E-16));
#1977=DIRECTION('',(0.,0.,-1.));
#1978=DIRECTION('',(0.,1.,0.));
#1979=DIRECTION('',(-1.47838996384034E-15,1.,0.));
#1980=DIRECTION('',(-0.447213595499965,-0.894427190999913,0.));
#1981=DIRECTION('',(0.707106781186548,0.707106781186548,0.));
#1982=DIRECTION('',(0.707106781186548,-0.707106781186548,0.));
#1983=DIRECTION('',(-0.44721359549996,0.894427190999915,0.));
#1984=DIRECTION('',(-1.47838996384029E-15,-1.,0.));
#1985=DIRECTION('',(1.,8.90187672374491E-15,8.15663058499816E-56));
#1986=DIRECTION('',(0.,0.,-1.));
#1987=DIRECTION('',(0.707106781186562,0.707106781186533,0.));
#1988=DIRECTION('',(0.,0.,-1.));
#1989=DIRECTION('',(-0.707106781186548,0.707106781186548,0.));
#1990=DIRECTION('',(-5.53660052706362E-16,-1.,0.));
#1991=DIRECTION('',(0.,0.,-1.));
#1992=DIRECTION('',(-0.707106781186548,-0.707106781186548,0.));
#1993=DIRECTION('',(0.,0.,-1.));
#1994=DIRECTION('',(0.707106781186562,-0.707106781186533,0.));
#1995=DIRECTION('',(5.53660052706379E-16,-1.,0.));
#1996=DIRECTION('',(-0.540716203060937,-0.540716203060937,-0.644400477571771));
#1997=DIRECTION('',(-0.455659947490848,-0.455659947490851,0.764688187763661));
#1998=DIRECTION('',(0.540716203060937,0.540716203060937,0.644400477571771));
#1999=DIRECTION('',(1.,-1.08977432444985E-15,1.31013048392895E-16));
#2000=DIRECTION('',(6.00131615413423E-16,0.64278760968654,0.766044443118977));
#2001=DIRECTION('',(-0.766044443118978,4.24128206752669E-16,0.64278760968654));
#2002=DIRECTION('',(-2.81574487573599E-27,1.,-6.59826356891996E-16));
#2003=DIRECTION('',(-0.540716203060937,0.540716203060937,-0.644400477571772));
#2004=DIRECTION('',(-1.08977432444985E-15,-1.,6.5982635689197E-16));
#2005=DIRECTION('',(-0.540716203060937,0.540716203060937,-0.644400477571772));
#2006=DIRECTION('',(-0.45565994749085,0.455659947490849,0.764688187763661));
#2007=DIRECTION('',(-1.,1.08977432444985E-15,-1.31013048392895E-16));
#2008=DIRECTION('',(-8.00855250808288E-16,-0.64278760968654,0.766044443118978));
#2009=DIRECTION('',(-0.707106781186557,1.04537956866962E-15,0.707106781186539));
#2010=DIRECTION('',(0.707106781186539,-1.15954819603244E-16,0.707106781186557));
#2011=DIRECTION('',(1.47838996384029E-15,1.,5.21193882701296E-31));
#2012=DIRECTION('',(0.577350269189618,-0.577350269189626,0.577350269189633));
#2013=DIRECTION('',(-8.18563606948472E-16,-1.,6.59826356891833E-16));
#2014=DIRECTION('',(-1.47838996384033E-15,-1.,-4.56213985554491E-29));
#2015=DIRECTION('',(-0.639338269725898,-0.427192174235168,-0.639338269725914));
#2016=DIRECTION('',(1.,-8.93404660397961E-16,3.62309511856533E-16));
#2017=DIRECTION('',(-8.93404660397962E-16,-1.,2.18595826190969E-16));
#2018=DIRECTION('',(-8.93404660397962E-16,-1.,2.18595826190969E-16));
#2019=DIRECTION('',(-8.93404660397961E-16,-1.,2.18595826190969E-16));
#2020=DIRECTION('',(3.62309511856499E-16,-3.91933924160901E-15,-1.));
#2021=DIRECTION('',(3.62309511856499E-16,-3.91933924160901E-15,-1.));
#2022=DIRECTION('',(1.,-1.35599758732511E-15,3.62309511856544E-16));
#2023=DIRECTION('',(1.31013048392902E-16,-2.18595826190994E-16,-1.));
#2024=DIRECTION('',(1.,-1.35599758732511E-15,1.31013048392946E-16));
#2025=DIRECTION('',(1.31013048392902E-16,-2.18595826190994E-16,-1.));
#2026=DIRECTION('',(1.,-1.35599758732511E-15,1.31013048392946E-16));
#2027=DIRECTION('',(3.62309511856499E-16,-3.91933924160901E-15,-1.));
#2028=DIRECTION('',(-1.35599758732511E-15,-1.,3.91933924160899E-15));
#2029=DIRECTION('',(-1.,1.35599758732511E-15,-1.31013048392946E-16));
#2030=DIRECTION('',(-1.,1.35599758732511E-15,-1.31013048392946E-16));
#2031=DIRECTION('',(-1.,1.35599758732511E-15,-1.31013048392946E-16));
#2032=DIRECTION('',(3.62309511856499E-16,-3.91933924160901E-15,-1.));
#2033=DIRECTION('',(3.62309511856499E-16,-3.91933924160901E-15,-1.));
#2034=DIRECTION('',(-1.35599758732511E-15,-1.,3.91933924160899E-15));
#2035=DIRECTION('',(1.31013048392902E-16,-2.18595826190994E-16,-1.));
#2036=DIRECTION('',(-1.3559975873251E-15,-1.,2.18595826190969E-16));
#2037=DIRECTION('',(1.31013048392902E-16,-2.18595826190994E-16,-1.));
#2038=DIRECTION('',(-1.35599758732511E-15,-1.,2.18595826190969E-16));
#2039=DIRECTION('',(3.62309511856499E-16,-3.91933924160901E-15,-1.));
#2040=DIRECTION('',(-1.,1.08977432444985E-15,-1.31013048392895E-16));
#2041=DIRECTION('',(-1.08977432444985E-15,-1.,6.5982635689197E-16));
#2042=DIRECTION('',(-1.08977432444985E-15,-1.,-3.88881401352748E-29));
#2043=DIRECTION('',(8.63227029724015E-16,0.707106781186548,-0.707106781186548));
#2044=DIRECTION('',(1.08977432444985E-15,1.,-2.18595826190969E-16));
#2045=DIRECTION('',(1.31013048392902E-16,-2.18595826190994E-16,-1.));
#2046=DIRECTION('',(1.08977432444985E-15,1.,-2.18595826190969E-16));
#2047=DIRECTION('',(1.81859051425226E-15,1.,-2.18595826190969E-16));
#2048=DIRECTION('',(1.31013048392895E-16,-2.18595826190994E-16,-1.));
#2049=DIRECTION('',(-1.31013048392896E-16,-8.70032385722988E-16,1.));
#2050=DIRECTION('',(1.89882573545361E-16,-1.,2.18595826190994E-16));
#2051=DIRECTION('',(-1.,-1.89882573545361E-16,-1.31013048392938E-16));
#2052=DIRECTION('',(-0.707106781186599,2.03033356557321E-17,0.707106781186496));
#2053=DIRECTION('',(-1.,-1.89882573545361E-16,-1.31013048392938E-16));
#2054=DIRECTION('',(-1.31013048392902E-16,2.18595826190994E-16,1.));
#2055=DIRECTION('',(-1.,1.17645978506128E-15,-1.3101304839298E-16));
#2056=DIRECTION('',(1.17645978506128E-15,1.,-2.18595826190969E-16));
#2057=DIRECTION('',(-1.17645978506127E-15,-1.,2.18595826190969E-16));
#2058=DIRECTION('',(-1.3101304839298E-16,1.41669490811714E-29,1.));
#2059=DIRECTION('',(-1.,1.06454973889453E-15,-1.310130483929E-16));
#2060=DIRECTION('',(-1.06454973889453E-15,-1.,2.18595826190969E-16));
#2061=DIRECTION('',(-1.310130483929E-16,1.41669490811715E-29,1.));
#2062=DIRECTION('',(-0.707106781186562,1.04537956866974E-15,0.707106781186533));
#2063=DIRECTION('',(0.707106781186533,-1.15954819603193E-16,0.707106781186562));
#2064=DIRECTION('',(8.18563606948472E-16,1.,-6.59826356892014E-16));
#2065=DIRECTION('',(1.31013048392902E-16,-2.18595826190994E-16,-1.));
#2066=DIRECTION('',(3.82067201999537E-30,1.,-2.18595826190994E-16));
#2067=DIRECTION('',(1.31013048392902E-16,-2.18595826190994E-16,-1.));
#2068=DIRECTION('',(1.35784900845799E-55,-1.,2.18595826190994E-16));
#2069=DIRECTION('',(1.31013048392902E-16,-2.18595826190994E-16,-1.));
#2070=DIRECTION('',(3.82067201999537E-30,1.,-2.18595826190994E-16));
#2071=DIRECTION('',(-1.,-8.1856360694846E-16,-1.31013048392902E-16));
#2072=DIRECTION('',(-0.707106781186509,7.86303084749592E-16,0.707106781186587));
#2073=DIRECTION('',(-1.89631318846698E-13,-1.,-1.88519318360088E-13));
#2074=DIRECTION('',(-0.707106781186622,7.69589170235139E-15,-0.707106781186473));
#2075=DIRECTION('',(-1.7478247808161E-14,-1.0883634420023E-14,1.));
#2076=DIRECTION('',(1.,-1.3559975873253E-15,1.7478247808161E-14));
#2077=DIRECTION('',(1.2358987548409E-14,0.707106781186578,-0.707106781186517));
#2078=DIRECTION('',(8.66194874327608E-16,0.707106781186517,0.707106781186578));
#2079=DIRECTION('',(-1.,1.87032323470912E-14,-1.74782478081575E-14));
#2080=DIRECTION('',(1.23589875484086E-14,0.707106781186602,-0.707106781186493));
#2081=DIRECTION('',(-1.7478247808161E-14,-1.0883634420031E-14,1.));
#2082=DIRECTION('',(-1.35599758732489E-15,-1.,-1.0883634420031E-14));
#2083=DIRECTION('',(0.707106781186583,7.69589170236827E-15,-0.707106781186512));
#2084=DIRECTION('',(0.707106781186496,-6.16016223743154E-16,0.707106781186599));
#2085=DIRECTION('',(-1.87648139861851E-13,1.,1.88519318360082E-13));
#2086=DIRECTION('',(-1.,8.1856360694846E-16,-1.76302283803071E-14));
#2087=DIRECTION('',(-1.76302283803071E-14,6.59708583070012E-16,1.));
#2088=DIRECTION('',(-1.76302283803071E-14,-1.57271739687948E-31,1.));
#2089=DIRECTION('',(-1.30452659188884E-14,-0.707106781186548,0.707106781186548));
#2090=DIRECTION('',(1.1887642164277E-14,-0.707106781186542,-0.707106781186553));
#2091=DIRECTION('',(-1.76302283803071E-14,2.81306705251287E-15,1.));
#2092=DIRECTION('',(0.707106781186548,0.707106781186548,1.04773152528183E-14));
#2093=DIRECTION('',(-0.707106781186548,0.707106781186548,1.20944300848672E-13));
#2094=DIRECTION('',(-0.577350269189618,0.577350269189626,-0.577350269189633));
#2095=DIRECTION('',(0.540716203060959,-0.540716203060937,-0.644400477571753));
#2096=DIRECTION('',(0.455659947490822,-0.455659947490851,0.764688187763677));
#2097=DIRECTION('',(1.,1.08977432444985E-15,3.48254825679291E-14));
#2098=DIRECTION('',(-2.73783608332098E-14,0.64278760968654,0.766044443118977));
#2099=DIRECTION('',(-0.540716203060959,0.540716203060937,0.644400477571753));
#2100=DIRECTION('',(0.766044443118956,4.24128206752669E-16,0.642787609686567));
#2101=DIRECTION('',(2.83881009288823E-27,1.,-6.59826356891996E-16));
#2102=DIRECTION('',(1.08977432444983E-15,-1.,6.59826356892021E-16));
#2103=DIRECTION('',(0.540716203060959,0.540716203060937,-0.644400477571753));
#2104=DIRECTION('',(0.540716203060959,0.540716203060937,-0.644400477571753));
#2105=DIRECTION('',(0.455659947490824,0.455659947490849,0.764688187763677));
#2106=DIRECTION('',(-1.,-1.08977432444985E-15,-3.48254825679291E-14));
#2107=DIRECTION('',(-2.59773739669881E-14,-0.64278760968654,0.766044443118978));
#2108=DIRECTION('',(0.707106781186533,1.04537956866962E-15,0.707106781186563));
#2109=DIRECTION('',(-0.707106781186563,-1.15954819603244E-16,0.707106781186533));
#2110=DIRECTION('',(8.18563606948449E-16,-1.,6.59826356891861E-16));
#2111=DIRECTION('',(0.577350269189637,0.577350269189626,-0.577350269189614));
#2112=DIRECTION('',(1.47838996384034E-15,-1.,-3.77512060900017E-31));
#2113=DIRECTION('',(-0.639338269725927,0.427192174235147,0.639338269725899));
#2114=DIRECTION('',(1.47838996384033E-15,-1.,5.56529348308903E-30));
#2115=DIRECTION('',(-1.,-8.93404660397961E-16,-3.45941861044655E-14));
#2116=DIRECTION('',(8.93404660397954E-16,-1.,2.1859582619102E-16));
#2117=DIRECTION('',(8.93404660397954E-16,-1.,2.1859582619102E-16));
#2118=DIRECTION('',(3.45941861044655E-14,-3.91933924160901E-15,-1.));
#2119=DIRECTION('',(8.93404660397953E-16,-1.,2.1859582619102E-16));
#2120=DIRECTION('',(3.45941861044655E-14,-3.91933924160901E-15,-1.));
#2121=DIRECTION('',(-1.,-1.35599758732511E-15,-3.45941861044655E-14));
#2122=DIRECTION('',(-3.48254825679291E-14,2.18595826190994E-16,1.));
#2123=DIRECTION('',(-1.,-1.35599758732511E-15,-3.4825482567929E-14));
#2124=DIRECTION('',(3.45941861044655E-14,-3.91933924160901E-15,-1.));
#2125=DIRECTION('',(-3.48254825679291E-14,2.18595826190994E-16,1.));
#2126=DIRECTION('',(-1.,-1.35599758732511E-15,-3.4825482567929E-14));
#2127=DIRECTION('',(1.35599758732497E-15,-1.,3.91933924160904E-15));
#2128=DIRECTION('',(1.,1.35599758732511E-15,3.4825482567929E-14));
#2129=DIRECTION('',(1.,1.35599758732511E-15,3.4825482567929E-14));
#2130=DIRECTION('',(3.45941861044655E-14,-3.91933924160901E-15,-1.));
#2131=DIRECTION('',(1.,1.35599758732511E-15,3.4825482567929E-14));
#2132=DIRECTION('',(3.45941861044655E-14,-3.91933924160901E-15,-1.));
#2133=DIRECTION('',(1.35599758732497E-15,-1.,3.91933924160904E-15));
#2134=DIRECTION('',(-3.48254825679291E-14,2.18595826190994E-16,1.));
#2135=DIRECTION('',(1.3559975873251E-15,-1.,2.1859582619102E-16));
#2136=DIRECTION('',(3.45941861044655E-14,-3.91933924160901E-15,-1.));
#2137=DIRECTION('',(-3.48254825679291E-14,2.18595826190994E-16,1.));
#2138=DIRECTION('',(1.35599758732511E-15,-1.,2.1859582619102E-16));
#2139=DIRECTION('',(1.,1.08977432444985E-15,3.48254825679291E-14));
#2140=DIRECTION('',(1.08977432444983E-15,-1.,6.59826356892021E-16));
#2141=DIRECTION('',(-1.08977432444985E-15,1.,-2.1859582619102E-16));
#2142=DIRECTION('',(-2.38547480670951E-14,-0.707106781186548,0.707106781186548));
#2143=DIRECTION('',(-1.08977432444985E-15,1.,1.12469779054324E-30));
#2144=DIRECTION('',(-3.48254825679291E-14,-8.70032385722988E-16,1.));
#2145=DIRECTION('',(3.48254825679291E-14,-2.18595826190996E-16,-1.));
#2146=DIRECTION('',(-1.81859051425225E-15,1.,-2.1859582619102E-16));
#2147=DIRECTION('',(-1.08977432444985E-15,1.,-2.1859582619102E-16));
#2148=DIRECTION('',(3.48254825679291E-14,-2.18595826190994E-16,-1.));
#2149=DIRECTION('',(-1.89882573545369E-16,-1.,2.18595826190994E-16));
#2150=DIRECTION('',(1.,-1.89882573545361E-16,3.4825482567929E-14));
#2151=DIRECTION('',(0.707106781186575,2.03033356557321E-17,0.70710678118652));
#2152=DIRECTION('',(-3.48254825679291E-14,2.18595826190994E-16,1.));
#2153=DIRECTION('',(1.,-1.89882573545361E-16,3.4825482567929E-14));
#2154=DIRECTION('',(1.,1.17645978506128E-15,3.4825482567929E-14));
#2155=DIRECTION('',(-1.17645978506128E-15,1.,-2.1859582619102E-16));
#2156=DIRECTION('',(3.4825482567929E-14,1.42326810299034E-29,-1.));
#2157=DIRECTION('',(-2.37934521900664E-14,-0.707106781186548,0.707106781186548));
#2158=DIRECTION('',(1.17645978506127E-15,-1.,2.1859582619102E-16));
#2159=DIRECTION('',(1.,1.06454973889453E-15,3.48254825679291E-14));
#2160=DIRECTION('',(1.06454973889453E-15,-1.,2.1859582619102E-16));
#2161=DIRECTION('',(3.48254825679291E-14,1.42326810299035E-29,-1.));
#2162=DIRECTION('',(1.06454973889456E-15,-1.,-9.16438210353426E-16));
#2163=DIRECTION('',(0.707106781186538,1.04537956866974E-15,0.707106781186557));
#2164=DIRECTION('',(-0.707106781186557,-1.15954819603193E-16,0.707106781186538));
#2165=DIRECTION('',(-0.707106781186557,5.80690344230082E-15,0.707106781186538));
#2166=DIRECTION('',(-8.18563606948449E-16,1.,-6.59826356892042E-16));
#2167=DIRECTION('',(0.707106781186557,5.78811877305773E-16,-0.707106781186538));
#2168=DIRECTION('',(3.48254825679291E-14,-2.18595826190994E-16,-1.));
#2169=DIRECTION('',(3.82067201999537E-30,1.,-2.18595826190994E-16));
#2170=DIRECTION('',(3.48254825679291E-14,-2.18595826190994E-16,-1.));
#2171=DIRECTION('',(-1.,0.,-3.48254825679291E-14));
#2172=DIRECTION('',(3.48254825679291E-14,-2.18595826190994E-16,-1.));
#2173=DIRECTION('',(3.82067201999537E-30,1.,-2.18595826190994E-16));
#2174=DIRECTION('',(-1.,-8.1856360694846E-16,-3.48254825679291E-14));
#2175=DIRECTION('',(-0.707106781186525,-1.04730666203297E-16,-0.70710678118657));
#2176=DIRECTION('',(-1.88667429888635E-13,1.,1.88519318360082E-13));
#2177=DIRECTION('',(-8.1856360694846E-16,1.,-1.42741915946213E-29));
#2178=DIRECTION('',(-0.70710678118657,-5.78811877305784E-16,0.707106781186525));
#2179=DIRECTION('',(0.707106781186485,7.86303084749592E-16,0.707106781186611));
#2180=DIRECTION('',(1.89631318846705E-13,-1.,-1.88519318360081E-13));
#2181=DIRECTION('',(0.707106781186646,7.69589170235139E-15,-0.707106781186449));
#2182=DIRECTION('',(-1.7478247808161E-14,-1.0883634420023E-14,1.));
#2183=DIRECTION('',(-1.,-1.3559975873253E-15,-1.7478247808161E-14));
#2184=DIRECTION('',(1.2358987548409E-14,0.707106781186578,-0.707106781186517));
#2185=DIRECTION('',(-2.55841699711478E-14,0.707106781186517,0.707106781186578));
#2186=DIRECTION('',(1.,1.87032323470912E-14,1.74782478081646E-14));
#2187=DIRECTION('',(1.23589875484086E-14,0.707106781186602,-0.707106781186493));
#2188=DIRECTION('',(-1.7478247808161E-14,-1.0883634420031E-14,1.));
#2189=DIRECTION('',(1.35599758732527E-15,-1.,-1.0883634420031E-14));
#2190=DIRECTION('',(-0.707106781186559,7.69589170236827E-15,-0.707106781186536));
#2191=DIRECTION('',(-0.70710678118652,-6.16016223743154E-16,0.707106781186575));
#2192=DIRECTION('',(1.87648139861843E-13,1.,1.88519318360088E-13));
#2193=DIRECTION('',(1.,8.1856360694846E-16,1.7326267236015E-14));
#2194=DIRECTION('',(-1.7326267236015E-14,6.59708583070012E-16,1.));
#2195=DIRECTION('',(1.7326267236015E-14,-9.1539790955977E-32,-1.));
#2196=DIRECTION('',(-1.46194358772668E-14,0.577350269189629,0.816496580927724));
#2197=DIRECTION('',(-1.7326267236015E-14,2.81306705251286E-15,1.));
#2198=DIRECTION('',(-1.28303329325423E-14,0.707106781186544,0.707106781186551));
#2199=DIRECTION('',(1.16727091779307E-14,0.707106781186548,-0.707106781186548));
#2200=DIRECTION('',(-0.499999999999991,0.707106781186545,-0.500000000000011));
#2201=DIRECTION('',(-0.812214063289292,-0.583223661057239,-0.0125887480747542));
#2202=DIRECTION('',(0.5,0.70710678118655,0.5));
#2203=DIRECTION('',(0.678598344545843,0.678598344545848,0.281084637714829));
#2204=DIRECTION('',(-0.707106781186548,0.707106781186548,-1.42406598440008E-14));
#2205=DIRECTION('',(0.707106781186548,0.707106781186548,1.45662275945491E-13));
#2206=DIRECTION('',(-0.577350269189638,-0.577350269189626,0.577350269189614));
#2207=DIRECTION('',(-7.40163998825712E-15,0.831469612302533,-0.55557023301962));
#2208=DIRECTION('',(-1.,-8.90187672374491E-15,0.));
#2209=DIRECTION('',(0.639338269725852,0.427192174235189,0.639338269725945));
#2210=DIRECTION('',(0.63933826972596,-0.427192174235132,-0.639338269725876));
#2211=DIRECTION('',(-0.707106781186599,-1.04537956866971E-15,0.707106781186497));
#2212=DIRECTION('',(1.47838996384034E-15,-1.,8.69345191567364E-70));
#2213=DIRECTION('',(0.301511344577748,0.904534033733286,0.301511344577793));
#2214=DIRECTION('',(0.707106781186501,-1.04537956866953E-15,0.707106781186594));
#2215=DIRECTION('',(-1.47838996384029E-15,-1.,0.));
#2216=DIRECTION('',(0.301511344577783,-0.904534033733291,-0.301511344577744));
#2217=DIRECTION('',(-3.48254825679291E-14,-8.70032385722988E-16,1.));
#2218=DIRECTION('',(1.,0.,3.48254825679291E-14));
#2219=DIRECTION('',(-3.48254825679291E-14,2.18595826190996E-16,1.));
#2220=DIRECTION('',(1.,0.,3.48254825679291E-14));
#2221=DIRECTION('',(-1.31013048392895E-16,2.18595826190994E-16,1.));
#2222=DIRECTION('',(-1.35784900845799E-55,1.,-2.18595826190994E-16));
#2223=DIRECTION('',(-1.31013048392896E-16,-8.70032385722988E-16,1.));
#2224=DIRECTION('',(5.40436948346898E-55,1.,8.70032385722988E-16));
#2225=DIRECTION('',(8.1856360694846E-16,-1.,1.42741915946213E-29));
#2226=DIRECTION('',(1.,8.1856360694846E-16,-6.21168771663368E-40));
#2227=DIRECTION('',(-3.46944695195361E-14,-1.41254385164535E-29,1.));
#2228=DIRECTION('',(1.,8.1856360694846E-16,1.7326267236015E-14));
#2229=DIRECTION('',(1.7326267236015E-14,2.0006418962909E-29,-1.));
#2230=DIRECTION('',(-1.,0.,-1.7326267236015E-14));
#2231=DIRECTION('',(-1.,-8.18563606948434E-16,-1.7326267236015E-14));
#2232=DIRECTION('',(8.1856360694846E-16,-1.,1.42741915946213E-29));
#2233=DIRECTION('',(1.,8.1856360694846E-16,-6.21168771663368E-40));
#2234=DIRECTION('',(6.2115708732961E-40,1.42741915946213E-29,1.));
#2235=DIRECTION('',(-1.,-8.1856360694846E-16,-1.7326267236015E-14));
#2236=DIRECTION('',(1.7326267236015E-14,2.0006418962909E-29,-1.));
#2237=DIRECTION('',(-1.,0.,-1.7326267236015E-14));
#2238=DIRECTION('',(-1.,-8.18563606948434E-16,-1.7326267236015E-14));
#2239=DIRECTION('',(-1.28303329325422E-14,0.707106781186548,0.707106781186548));
#2240=DIRECTION('',(-1.,-8.1856360694846E-16,-1.7326267236015E-14));
#2241=DIRECTION('',(-1.28303329325422E-14,0.707106781186548,0.707106781186548));
#2242=DIRECTION('',(-1.,-8.1856360694846E-16,-1.7326267236015E-14));
#2243=DIRECTION('',(1.,0.,1.31013048392902E-16));
#2244=DIRECTION('',(1.31013048392902E-16,0.,-1.));
#2245=DIRECTION('',(-2.32618534767126E-32,-1.,5.53881166366003E-16));
#2246=DIRECTION('',(1.,0.,1.31013048392902E-16));
#2247=DIRECTION('',(1.31013048392902E-16,0.,-1.));
#2248=DIRECTION('',(-7.2565660053026E-32,-1.,5.53881166366003E-16));
#2249=DIRECTION('',(0.707106781186549,3.91653128708914E-16,0.707106781186546));
#2250=DIRECTION('',(7.25656600530261E-32,1.,-5.53881166366003E-16));
#2251=DIRECTION('',(0.707106781186549,-3.91653128708914E-16,-0.707106781186546));
#2252=DIRECTION('',(-7.25656600530261E-32,-1.,5.53881166366003E-16));
#2253=DIRECTION('',(-1.,-8.1856360694846E-16,-3.46944695195361E-14));
#2254=DIRECTION('',(-3.46944695195361E-14,0.,1.));
#2255=DIRECTION('',(-1.,-8.1856360694846E-16,6.21168771663368E-40));
#2256=DIRECTION('',(8.1856360694846E-16,-1.,-5.08466150256511E-55));
#2257=DIRECTION('',(0.816496580927718,-0.408248290463866,0.408248290463877));
#2258=DIRECTION('',(0.577350269189638,0.577350269189626,-0.577350269189614));
#2259=DIRECTION('',(-0.816496580927732,-0.408248290463868,0.408248290463848));
#2260=DIRECTION('',(0.577350269189618,-0.577350269189626,0.577350269189633));
#2261=CARTESIAN_POINT('',(0.,0.,0.));
#2262=CARTESIAN_POINT('',(-4.52928789248854,-0.900554229308691,3.77928932188135));
#2263=CARTESIAN_POINT('',(1.42939280588052E-6,-0.900554229308688,8.30857864376271));
#2264=CARTESIAN_POINT('',(-5.1085772143699,-2.93830402761359,3.2));
#2265=CARTESIAN_POINT('',(-4.1999985706072,-4.45161041022163,4.1085786437627));
#2266=CARTESIAN_POINT('',(-5.10857721436989,-6.83687565478445,3.2));
#2267=CARTESIAN_POINT('',(-5.1085772143699,4.150288128555,3.2));
#2268=CARTESIAN_POINT('',(-4.52928789248855,4.150288128555,3.77928932188135));
#2269=CARTESIAN_POINT('',(-4.19999857060719,4.150288128555,4.1085786437627));
#2270=CARTESIAN_POINT('',(-4.19999857060719,5.97512206804561,4.10857864376271));
#2271=CARTESIAN_POINT('',(1.42939280735025E-6,-0.900554229308691,3.2));
#2272=CARTESIAN_POINT('',(5.10857721437028,-2.93831119448922,3.20000000000019));
#2273=CARTESIAN_POINT('',(5.1085772143703,-2.93831119448919,2.8));
#2274=CARTESIAN_POINT('',(5.10857721437028,-2.93831119448919,3.2));
#2275=CARTESIAN_POINT('',(1.42939280735025E-6,-0.900554229308691,2.8));
#2276=CARTESIAN_POINT('',(2.9500000000001,-5.54248361625707,2.8));
#2277=CARTESIAN_POINT('',(2.9500000000001,-5.54248361625707,3.2));
#2278=CARTESIAN_POINT('',(2.9500000000001,-5.54248361625707,4.16034772185292));
#2279=CARTESIAN_POINT('',(1.42939280792267E-6,-0.900554229308691,1.21034915124562));
#2280=CARTESIAN_POINT('',(3.53965227814719,-5.11017082336007,4.75));
#2281=CARTESIAN_POINT('',(1.42939279347246E-6,-0.900554229308744,4.75));
#2282=CARTESIAN_POINT('',(4.19999857060735,-4.45161379143799,4.75));
#2283=CARTESIAN_POINT('',(4.19999857060738,-4.45161379143792,4.10857864376288));
#2284=CARTESIAN_POINT('',(4.19999857060738,-4.45161379143792,4.10857864376288));
#2285=CARTESIAN_POINT('',(1.42939280588052E-6,-0.900554229308688,8.30857578497718));
#2286=CARTESIAN_POINT('',(1.42939280735025E-6,-0.900554229308691,2.8));
#2287=CARTESIAN_POINT('',(-5.10857721436989,-6.83687565478445,2.8));
#2288=CARTESIAN_POINT('',(-5.1085772143699,-2.93830402761358,2.8));
#2289=CARTESIAN_POINT('',(-5.1085772143699,4.150288128555,2.8));
#2290=CARTESIAN_POINT('',(1.42939280735025E-6,-0.900554229308691,2.8));
#2291=CARTESIAN_POINT('',(-2.94999999999984,-5.54248179946544,2.8));
#2292=CARTESIAN_POINT('',(-2.94999999999984,-7.07323407870094,2.8));
#2293=CARTESIAN_POINT('',(-2.94999999999983,-6.83487565478442,2.8));
#2294=CARTESIAN_POINT('',(80.,-6.83487565478442,2.8));
#2295=CARTESIAN_POINT('',(2.9500000000001,-6.83487565478442,2.8));
#2296=CARTESIAN_POINT('',(2.9500000000001,-7.07323407870094,2.8));
#2297=CARTESIAN_POINT('',(5.1085772143703,-6.83687565478445,2.8));
#2298=CARTESIAN_POINT('',(5.10857721437029,4.10028812855501,2.8));
#2299=CARTESIAN_POINT('',(1.42939280325674E-6,4.100288128555,2.8));
#2300=CARTESIAN_POINT('',(4.3000000000001,4.10028812855501,2.80000000000016));
#2301=CARTESIAN_POINT('',(4.3000000000001,-1.60055422930869,2.80000000000016));
#2302=CARTESIAN_POINT('',(4.3000000000001,-2.30055422930869,2.80000000000021));
#2303=CARTESIAN_POINT('',(-1.97500071469625,-2.30055422930869,2.79999999999991));
#2304=CARTESIAN_POINT('',(2.9500000000001,-2.30055422930869,2.80000000000011));
#2305=CARTESIAN_POINT('',(2.9500000000001,3.0372839193685,2.80000000000011));
#2306=CARTESIAN_POINT('',(2.9500000000001,-4.65055422930869,2.80000000000016));
#2307=CARTESIAN_POINT('',(2.15000000000012,-4.65055422930869,2.80000000000006));
#2308=CARTESIAN_POINT('',(2.15000000000012,-5.45055422930869,2.80000000000011));
#2309=CARTESIAN_POINT('',(0.674999285303771,-5.45055422930869,2.8));
#2310=CARTESIAN_POINT('',(1.35000000000012,-5.45055422930869,2.80000000000006));
#2311=CARTESIAN_POINT('',(1.35000000000012,-4.65055422930869,2.8));
#2312=CARTESIAN_POINT('',(0.5500000000001,-4.65055422930869,2.8));
#2313=CARTESIAN_POINT('',(0.5500000000001,-2.17555422930869,2.79999999999996));
#2314=CARTESIAN_POINT('',(0.5500000000001,-3.45055422930869,2.80000000000006));
#2315=CARTESIAN_POINT('',(-2.54999999999988,-3.45055422930869,2.8));
#2316=CARTESIAN_POINT('',(-0.549999999999862,-3.45055422930869,2.8));
#2317=CARTESIAN_POINT('',(-0.549999999999862,-2.17555422930869,2.79999999999996));
#2318=CARTESIAN_POINT('',(-0.549999999999862,-4.65055422930869,2.8));
#2319=CARTESIAN_POINT('',(-1.34999999999988,-4.65055422930869,2.79999999999996));
#2320=CARTESIAN_POINT('',(-1.34999999999988,-5.45055422930869,2.8));
#2321=CARTESIAN_POINT('',(-0.674999285303532,-5.45055422930869,2.8));
#2322=CARTESIAN_POINT('',(-2.14999999999988,-5.45055422930869,2.8));
#2323=CARTESIAN_POINT('',(-2.14999999999988,-4.65055422930869,2.79999999999996));
#2324=CARTESIAN_POINT('',(-2.94999999999984,-4.65055422930869,2.80000000000006));
#2325=CARTESIAN_POINT('',(-2.94999999999984,3.0372839193685,2.8));
#2326=CARTESIAN_POINT('',(-2.94999999999984,-2.30055422930869,2.8));
#2327=CARTESIAN_POINT('',(1.97500071469648,-2.30055422930869,2.79999999999996));
#2328=CARTESIAN_POINT('',(-4.29999999999984,-2.30055422930869,2.80000000000006));
#2329=CARTESIAN_POINT('',(-4.29999999999984,-1.60055422930869,2.8));
#2330=CARTESIAN_POINT('',(-4.29999999999983,4.150288128555,2.8));
#2331=CARTESIAN_POINT('',(1.42939280321581E-6,4.150288128555,2.8));
#2332=CARTESIAN_POINT('',(80.,-6.83487565478434,29.7373543730183));
#2333=CARTESIAN_POINT('',(-2.94999999999985,-6.83487565478434,29.7373543730183));
#2334=CARTESIAN_POINT('',(-2.94999999999984,-6.83487565478444,4.16034772185292));
#2335=CARTESIAN_POINT('',(-11.0133770970162,-6.83487565478444,-3.90302937516369));
#2336=CARTESIAN_POINT('',(-3.94436365199681,-6.83487565478444,3.16598406985591));
#2337=CARTESIAN_POINT('',(-3.94436365199671,-6.83487565478444,-2.31264562698335));
#2338=CARTESIAN_POINT('',(-3.94436365199675,-6.83487565478444,6.93889390390723E-15));
#2339=CARTESIAN_POINT('',(1.47559442117316E-13,-6.83487565478443,6.93889390390723E-15));
#2340=CARTESIAN_POINT('',(3.94436365199708,-6.83487565478442,6.93889390390723E-15));
#2341=CARTESIAN_POINT('',(3.94436365199656,-6.83487565478434,29.7373543730171));
#2342=CARTESIAN_POINT('',(3.94436365199702,-6.83487565478444,3.16598406985606));
#2343=CARTESIAN_POINT('',(28.6864966744188,-6.83487565478449,-21.5761489525648));
#2344=CARTESIAN_POINT('',(2.9500000000001,-6.83487565478443,4.16034772185292));
#2345=CARTESIAN_POINT('',(2.9500000000001,-6.83487565478434,29.7373543730183));
#2346=CARTESIAN_POINT('',(1.42939280735025E-6,-0.900554229308691,3.2));
#2347=CARTESIAN_POINT('',(-5.1085772143699,-2.93830402761358,3.2));
#2348=CARTESIAN_POINT('',(-4.1999985706072,-4.45161041022163,3.2));
#2349=CARTESIAN_POINT('',(-4.1999985706072,-4.4516104102217,4.75));
#2350=CARTESIAN_POINT('',(1.42939279347246E-6,-0.900554229308744,4.75));
#2351=CARTESIAN_POINT('',(-3.53965227814693,-5.11016841955235,4.75));
#2352=CARTESIAN_POINT('',(1.42939280792267E-6,-0.900554229308691,1.21034629246026));
#2353=CARTESIAN_POINT('',(-2.94999999999984,-5.54248179946544,4.16034772185292));
#2354=CARTESIAN_POINT('',(-2.94999999999984,-5.54248179946544,3.2));
#2355=CARTESIAN_POINT('',(1.33681654309806E-13,70.7990507935662,4.75));
#2356=CARTESIAN_POINT('',(-28.6563769938119,11.7592249616982,4.75000000000011));
#2357=CARTESIAN_POINT('',(-3.53965227814703,-6.00098140594457,4.75000000000012));
#2358=CARTESIAN_POINT('',(-5.81715585813266,-4.39054318036004,4.75));
#2359=CARTESIAN_POINT('',(-3.53965227814696,-7.07323407870095,4.75));
#2360=CARTESIAN_POINT('',(-4.19999857060719,5.97512206804561,4.75));
#2361=CARTESIAN_POINT('',(-4.19999857060719,3.95028812855508,4.75000000000006));
#2362=CARTESIAN_POINT('',(5.00000071469681,3.95028812855515,4.75000000000006));
#2363=CARTESIAN_POINT('',(-5.81715585813258,3.95028812855506,4.75));
#2364=CARTESIAN_POINT('',(-5.81715585813263,30.7492482821287,4.75));
#2365=CARTESIAN_POINT('',(-19.8633422574162,5.68086510158251,4.94693578523601));
#2366=CARTESIAN_POINT('',(-2.88814064058447,-6.92235799982937,4.09848836243756));
#2367=CARTESIAN_POINT('',(-9.55017918976305,-4.39054318036004,1.01697666836951));
#2368=CARTESIAN_POINT('',(-6.29999857060719,-4.39054318036002,4.26715728752551));
#2369=CARTESIAN_POINT('',(-6.29999857060728,-0.712956429421765,9.46805034750596));
#2370=CARTESIAN_POINT('',(-6.29999857060719,-4.47924073617408,4.1417200011439));
#2371=CARTESIAN_POINT('',(-3.61571347719801,-7.16352582958324,3.02985271017796));
#2372=CARTESIAN_POINT('',(10.0000014293929,6.27512206804561,-0.862645626983093));
#2373=CARTESIAN_POINT('',(-4.19999857060719,4.24681819360512,4.0341130953048));
#2374=CARTESIAN_POINT('',(-4.19999857060719,4.150288128555,4.26715728752542));
#2375=CARTESIAN_POINT('',(-18.7000014293926,4.15028812855499,4.26715728752518));
#2376=CARTESIAN_POINT('',(-6.29999857060719,4.15028812855499,4.26715728752549));
#2377=CARTESIAN_POINT('',(-2.60811795983229,2.62106110890976,7.95903789830051));
#2378=CARTESIAN_POINT('',(10.0000014293929,6.27512206804561,-0.862645626983093));
#2379=CARTESIAN_POINT('',(2.60811795983233,2.62106110890976,7.95903789830056));
#2380=CARTESIAN_POINT('',(5.81715585813282,3.95028812855509,4.75000000000017));
#2381=CARTESIAN_POINT('',(6.17928789248874,4.10028812855501,4.38786796564424));
#2382=CARTESIAN_POINT('',(-18.7000014293926,4.10028812855499,4.38786796564393));
#2383=CARTESIAN_POINT('',(4.19999857060736,4.10028812855501,4.38786796564438));
#2384=CARTESIAN_POINT('',(4.19999857060754,6.27512206804564,-0.86264562698328));
#2385=CARTESIAN_POINT('',(4.19999857060735,3.95028812855508,4.75000000000023));
#2386=CARTESIAN_POINT('',(-5.00000071469666,3.95028812855515,4.74999999999991));
#2387=CARTESIAN_POINT('',(-2.54999999999984,-3.45055422930865,1.13735437301701));
#2388=CARTESIAN_POINT('',(-2.54999999999984,-3.45055422930865,1.13735437301701));
#2389=CARTESIAN_POINT('',(-1.01791111376189,-3.45055422930865,1.13735437301691));
#2390=CARTESIAN_POINT('',(1.01791111376218,-3.45055422930865,1.13735437301696));
#2391=CARTESIAN_POINT('',(0.720300357315012,-3.15294347286155,1.49203306120761));
#2392=CARTESIAN_POINT('',(1.97226474867871,-4.40490786422519,6.93889390390723E-15));
#2393=CARTESIAN_POINT('',(-2.54999999999984,-4.40490786422508,6.93889390390723E-15));
#2394=CARTESIAN_POINT('',(-1.97226474867829,-4.40490786422511,6.93889390390723E-15));
#2395=CARTESIAN_POINT('',(-0.720300357314718,-3.15294347286155,1.49203306120756));
#2396=CARTESIAN_POINT('',(10.0000014293929,6.57512206804561,-0.862645626983093));
#2397=CARTESIAN_POINT('',(-5.48330598015564,5.34816881392307,2.09948155951707));
#2398=CARTESIAN_POINT('',(-7.11323572666811,6.02330782064386,0.469551813004558));
#2399=CARTESIAN_POINT('',(-6.29999857060713,5.68645396117769,1.28278896906556));
#2400=CARTESIAN_POINT('',(10.0000014293928,5.68645396117771,1.28278896906584));
#2401=CARTESIAN_POINT('',(-2.54999999999984,5.68645396117762,1.28278896906562));
#2402=CARTESIAN_POINT('',(-2.54999999999984,6.58746434126241,-0.892442510374042));
#2403=CARTESIAN_POINT('',(-2.54999999999984,5.74669494329931,1.13735437301681));
#2404=CARTESIAN_POINT('',(5.00000071469652,5.74669494329931,1.13735437301686));
#2405=CARTESIAN_POINT('',(2.55000000000016,5.74669494329931,1.13735437301691));
#2406=CARTESIAN_POINT('',(2.55000000000021,6.58746434126241,-0.892442510373941));
#2407=CARTESIAN_POINT('',(2.55000000000014,5.68645396117763,1.28278896906571));
#2408=CARTESIAN_POINT('',(10.0000014293928,5.68645396117771,1.28278896906584));
#2409=CARTESIAN_POINT('',(6.29999857060743,5.68645396117771,1.28278896906577));
#2410=CARTESIAN_POINT('',(9.161305187555,6.87164596802523,-1.57851764788168));
#2411=CARTESIAN_POINT('',(7.11323572666868,6.02330782064399,0.469551813004558));
#2412=CARTESIAN_POINT('',(-7.48278753967266,6.02330782064386,0.469551813004558));
#2413=CARTESIAN_POINT('',(2.55000000000016,1.64944577069136,1.13735437301696));
#2414=CARTESIAN_POINT('',(2.55000000000016,2.60379940560776,6.93889390390723E-15));
#2415=CARTESIAN_POINT('',(1.97226474867868,2.60379940560776,6.93889390390723E-15));
#2416=CARTESIAN_POINT('',(-1.97226474867826,2.60379940560769,6.93889390390723E-15));
#2417=CARTESIAN_POINT('',(0.720300357315026,1.35183501424416,1.49203306120756));
#2418=CARTESIAN_POINT('',(1.01791111376218,1.64944577069136,1.13735437301701));
#2419=CARTESIAN_POINT('',(-1.59150218997944,1.64944577069136,1.13735437301686));
#2420=CARTESIAN_POINT('',(-1.01791111376189,1.64944577069136,1.13735437301696));
#2421=CARTESIAN_POINT('',(-0.720300357314732,1.35183501424416,1.49203306120751));
#2422=CARTESIAN_POINT('',(1.4755944211762E-13,8.1736139436343,1.13735437301691));
#2423=CARTESIAN_POINT('',(-2.54999999999984,5.77512206804561,1.13735437301696));
#2424=CARTESIAN_POINT('',(-2.54999999999985,3.86952543268748,1.1373543730169));
#2425=CARTESIAN_POINT('',(3.46598387043819,3.86952543268788,1.13735437301691));
#2426=CARTESIAN_POINT('',(2.55000000000018,3.86952543268759,1.13735437301691));
#2427=CARTESIAN_POINT('',(2.55000000000018,6.97512206804561,1.13735437301696));
#2428=CARTESIAN_POINT('',(-2.54999999999988,-3.45055422930865,1.6));
#2429=CARTESIAN_POINT('',(2.15000000000013,-3.45055422930865,2.00000000000006));
#2430=CARTESIAN_POINT('',(0.950000000000126,-3.45055422930865,2.00000000000006));
#2431=CARTESIAN_POINT('',(1.75000000000016,-3.45055422930865,2.00000000000005));
#2432=CARTESIAN_POINT('',(1.7500000000002,-3.45055422930865,0.641351853670532));
#2433=CARTESIAN_POINT('',(1.75000000000019,-3.45055422930869,1.01125500091927));
#2434=CARTESIAN_POINT('',(2.55000000000027,-3.45055422930869,-1.97409328070384));
#2435=CARTESIAN_POINT('',(-2.54999999999984,-3.45055422930869,-1.97409328070389));
#2436=CARTESIAN_POINT('',(-1.74999999999985,-3.45055422930869,1.01125500091925));
#2437=CARTESIAN_POINT('',(-1.74999999999985,-3.45055422930865,2.));
#2438=CARTESIAN_POINT('',(-1.74999999999985,-3.45055422930865,2.));
#2439=CARTESIAN_POINT('',(-2.14999999999986,-3.45055422930865,2.));
#2440=CARTESIAN_POINT('',(-0.949999999999859,-3.45055422930865,2.));
#2441=CARTESIAN_POINT('',(-0.949999999999873,-3.45055422930869,2.4));
#2442=CARTESIAN_POINT('',(-0.949999999999873,-3.45055422930869,2.4));
#2443=CARTESIAN_POINT('',(-1.44999999999991,-3.45055422930865,1.9));
#2444=CARTESIAN_POINT('',(1.45000000000018,-3.45055422930865,1.90000000000006));
#2445=CARTESIAN_POINT('',(0.950000000000112,-3.45055422930869,2.40000000000006));
#2446=CARTESIAN_POINT('',(0.950000000000112,-3.45055422930869,2.40000000000006));
#2447=CARTESIAN_POINT('',(0.0943264968264694,2.3494457706914,1.33735437301671));
#2448=CARTESIAN_POINT('',(-1.59150218997944,1.6494457706914,1.33735437301666));
#2449=CARTESIAN_POINT('',(1.75000000000018,1.6494457706914,1.33735437301666));
#2450=CARTESIAN_POINT('',(-1.74999999999985,1.6494457706914,1.33735437301666));
#2451=CARTESIAN_POINT('',(1.75000000000018,0.849445770691407,1.33735437301671));
#2452=CARTESIAN_POINT('',(2.55000000000018,0.849445770691407,1.33735437301681));
#2453=CARTESIAN_POINT('',(2.55000000000016,4.66228391936851,1.33735437301681));
#2454=CARTESIAN_POINT('',(2.55000000000016,3.12311527117451,1.33735437301681));
#2455=CARTESIAN_POINT('',(1.78015518363233,3.12311527117476,1.33735437301671));
#2456=CARTESIAN_POINT('',(-2.54999999999984,3.12311527117451,1.33735437301671));
#2457=CARTESIAN_POINT('',(-2.54999999999984,4.66228391936851,1.33735437301671));
#2458=CARTESIAN_POINT('',(-2.54999999999984,0.849445770691407,1.33735437301671));
#2459=CARTESIAN_POINT('',(-1.74999999999985,0.849445770691407,1.33735437301671));
#2460=CARTESIAN_POINT('',(-3.27733087678532,1.6494457706914,1.80000000000006));
#2461=CARTESIAN_POINT('',(2.55000000000028,1.64944577069131,-1.97409328070384));
#2462=CARTESIAN_POINT('',(1.75000000000019,1.64944577069131,1.01125500091928));
#2463=CARTESIAN_POINT('',(1.75000000000016,1.6494457706914,1.80000000000023));
#2464=CARTESIAN_POINT('',(-1.74999999999985,1.6494457706914,1.80000000000006));
#2465=CARTESIAN_POINT('',(-1.74999999999985,1.64944577069131,1.01125500091923));
#2466=CARTESIAN_POINT('',(-2.54999999999988,1.64944577069131,-1.97409328070394));
#2467=CARTESIAN_POINT('',(3.46598387043825,2.84398576740606,1.41214689813526));
#2468=CARTESIAN_POINT('',(-2.54999999999984,2.94057835003486,1.38626499362491));
#2469=CARTESIAN_POINT('',(2.55000000000016,2.94057835003486,1.38626499362496));
#2470=CARTESIAN_POINT('',(1.33681654309806E-13,70.7990507935662,4.75));
#2471=CARTESIAN_POINT('',(3.53965227814723,70.7990507935662,4.75));
#2472=CARTESIAN_POINT('',(3.53965227814741,-6.00098140594442,4.75000000000024));
#2473=CARTESIAN_POINT('',(28.656376993812,11.7592249616982,4.75000000000111));
#2474=CARTESIAN_POINT('',(5.81715585813281,-4.39054318036004,4.75000000000016));
#2475=CARTESIAN_POINT('',(5.81715585813279,30.7492482821287,4.75000000000016));
#2476=CARTESIAN_POINT('',(4.19999857060728,70.7990507935662,4.75));
#2477=CARTESIAN_POINT('',(1.4755944211762E-13,70.7990507935663,6.93889390390723E-15));
#2478=CARTESIAN_POINT('',(7.09994482719801,70.7990507935663,6.93889390390723E-15));
#2479=CARTESIAN_POINT('',(7.09994482719807,5.70956332979804,6.93889390390723E-15));
#2480=CARTESIAN_POINT('',(7.09994482719812,-3.6204754344814,6.93889390390723E-15));
#2481=CARTESIAN_POINT('',(35.4477663529779,53.0751676170771,6.93889390390723E-15));
#2482=CARTESIAN_POINT('',(7.0411257820961,-3.73811352468544,6.93889390390723E-15));
#2483=CARTESIAN_POINT('',(40.789145050174,30.0099057433924,6.93889390390723E-15));
#2484=CARTESIAN_POINT('',(-40.7891450501737,30.0099057433925,6.93889390390723E-15));
#2485=CARTESIAN_POINT('',(-7.04112578209551,-3.7381135246857,6.93889390390723E-15));
#2486=CARTESIAN_POINT('',(-35.4477663529772,53.0751676170776,6.93889390390723E-15));
#2487=CARTESIAN_POINT('',(-7.09994482719804,-3.62047543448065,6.93889390390723E-15));
#2488=CARTESIAN_POINT('',(-7.09994482719793,70.7990507935663,6.93889390390723E-15));
#2489=CARTESIAN_POINT('',(-7.09994482719803,5.70956332979794,6.93889390390723E-15));
#2490=CARTESIAN_POINT('',(7.26978035531825E-13,5.70956332979802,6.93889390390723E-15));
#2491=CARTESIAN_POINT('',(0.893539056252027,-0.0070151730568388,6.93889390390723E-15));
#2492=CARTESIAN_POINT('',(3.5043536349167,1.0717105193698,6.93889390390723E-15));
#2493=CARTESIAN_POINT('',(-0.893539056251692,-0.00701517305684574,6.93889390390723E-15));
#2494=CARTESIAN_POINT('',(-3.50435363491623,1.07171051936968,6.93889390390723E-15));
#2495=CARTESIAN_POINT('',(-3.50435363491624,1.64944577069136,6.93889390390723E-15));
#2496=CARTESIAN_POINT('',(-3.50435363491624,-2.87281897798721,6.93889390390723E-15));
#2497=CARTESIAN_POINT('',(-0.893539056251693,-1.79409328556053,6.93889390390723E-15));
#2498=CARTESIAN_POINT('',(0.893539056252068,-1.79409328556059,6.93889390390723E-15));
#2499=CARTESIAN_POINT('',(3.50435363491667,-2.87281897798729,6.93889390390723E-15));
#2500=CARTESIAN_POINT('',(3.50435363491667,70.7990507935663,6.93889390390723E-15));
#2501=CARTESIAN_POINT('',(-0.720300357314746,-1.62085458662359,0.20645784183446));
#2502=CARTESIAN_POINT('',(-2.25238924355268,-1.62085458662364,1.49203306120756));
#2503=CARTESIAN_POINT('',(-2.54999999999984,-1.91846534307079,1.13735437301696));
#2504=CARTESIAN_POINT('',(-2.54999999999984,-3.45055422930869,-1.97409328070389));
#2505=CARTESIAN_POINT('',(-2.54999999999984,-2.65055422930865,1.01125500091927));
#2506=CARTESIAN_POINT('',(-2.54999999999985,-2.65055422930865,1.01125500091927));
#2507=CARTESIAN_POINT('',(-2.54999999999985,-2.85459656264136,0.945308969423664));
#2508=CARTESIAN_POINT('',(-2.3794652101077,-3.27978659543367,0.895885788561682));
#2509=CARTESIAN_POINT('',(-1.9540458894675,-3.45055422930864,0.94530782008877));
#2510=CARTESIAN_POINT('',(-1.74999999999986,-3.45055422930865,1.01125500091934));
#2511=CARTESIAN_POINT('',(-2.54999999999984,1.64944577069136,1.13735437301696));
#2512=CARTESIAN_POINT('',(-2.25238924355271,-0.180253871993843,1.49203306120751));
#2513=CARTESIAN_POINT('',(-2.54999999999984,0.117356884453357,1.13735437301696));
#2514=CARTESIAN_POINT('',(-2.54999999999984,6.97512206804561,1.13735437301696));
#2515=CARTESIAN_POINT('',(-0.720300357314746,-0.180253871993792,0.20645784183446));
#2516=CARTESIAN_POINT('',(-1.74999999999985,1.6494457706914,1.01125500091923));
#2517=CARTESIAN_POINT('',(-1.95404233333256,1.6494457706914,0.945308969423619));
#2518=CARTESIAN_POINT('',(-2.37923236612488,1.47891098079925,0.895885788561575));
#2519=CARTESIAN_POINT('',(-2.54999999999984,1.05349166015904,0.945307820088694));
#2520=CARTESIAN_POINT('',(-2.54999999999984,0.849445770691407,1.01125500091927));
#2521=CARTESIAN_POINT('',(-2.54999999999984,0.849445770691407,1.01125500091927));
#2522=CARTESIAN_POINT('',(-2.54999999999984,1.64944577069131,-1.97409328070384));
#2523=CARTESIAN_POINT('',(-8.51715585813249,-9.30055422930877,-0.93436831845984));
#2524=CARTESIAN_POINT('',(-7.34136618343538,-9.30055422930877,0.241421356237306));
#2525=CARTESIAN_POINT('',(-7.34136618343536,5.87087592277321,0.241421356237303));
#2526=CARTESIAN_POINT('',(-7.34136618343537,-2.89621136576871,0.241421356237305));
#2527=CARTESIAN_POINT('',(-5.99044501205345,-4.24713253715064,1.59234252761926));
#2528=CARTESIAN_POINT('',(-6.29999857060714,-3.93757897859695,1.28278896906556));
#2529=CARTESIAN_POINT('',(-6.29999857060714,-9.30055422930877,1.28278896906556));
#2530=CARTESIAN_POINT('',(-6.29999857060713,4.66749812855507,1.28278896906556));
#2531=CARTESIAN_POINT('',(-6.29999857060715,-9.30055422930877,1.28278896906556));
#2532=CARTESIAN_POINT('',(-12.4462079305271,2.45992971740762,-4.86342039085455));
#2533=CARTESIAN_POINT('',(-0.949999999999859,-3.45055422930869,3.2));
#2534=CARTESIAN_POINT('',(-0.949999999999873,-2.17555422930864,2.40000000000006));
#2535=CARTESIAN_POINT('',(-0.949999999999873,-4.65055422930864,2.4000000000001));
#2536=CARTESIAN_POINT('',(-0.949999999999859,-3.45055422930865,2.));
#2537=CARTESIAN_POINT('',(-0.949999999999859,-4.65055422930864,2.));
#2538=CARTESIAN_POINT('',(-0.949999999999859,-4.65055422930869,3.2));
#2539=CARTESIAN_POINT('',(-1.34999999999987,-4.65055422930869,3.19999999999996));
#2540=CARTESIAN_POINT('',(-1.34999999999988,-4.65055422930864,2.40000000000006));
#2541=CARTESIAN_POINT('',(-1.34999999999988,-5.05055422930864,2.4));
#2542=CARTESIAN_POINT('',(-1.34999999999987,-4.65055422930864,1.99999999999996));
#2543=CARTESIAN_POINT('',(-1.34999999999987,-5.05055422930864,2.));
#2544=CARTESIAN_POINT('',(-1.34999999999987,-5.05055422930869,3.2));
#2545=CARTESIAN_POINT('',(-1.34999999999987,-5.05055422930869,3.2));
#2546=CARTESIAN_POINT('',(-0.674999285303532,-5.05055422930864,2.4));
#2547=CARTESIAN_POINT('',(-2.14999999999988,-5.05055422930864,2.4000000000001));
#2548=CARTESIAN_POINT('',(-1.34999999999987,-5.05055422930864,2.));
#2549=CARTESIAN_POINT('',(-2.14999999999986,-5.05055422930864,2.));
#2550=CARTESIAN_POINT('',(-2.14999999999988,-5.05055422930869,3.2));
#2551=CARTESIAN_POINT('',(-2.14999999999988,-4.65055422930869,3.20000000000006));
#2552=CARTESIAN_POINT('',(-2.14999999999988,-4.65055422930864,2.40000000000006));
#2553=CARTESIAN_POINT('',(-2.54999999999988,-4.65055422930864,2.40000000000006));
#2554=CARTESIAN_POINT('',(-2.14999999999986,-4.65055422930864,2.00000000000006));
#2555=CARTESIAN_POINT('',(-2.54999999999984,-4.65055422930864,2.00000000000006));
#2556=CARTESIAN_POINT('',(-2.54999999999984,-4.65055422930869,3.20000000000006));
#2557=CARTESIAN_POINT('',(-2.54999999999984,6.97512206804561,1.60000000000006));
#2558=CARTESIAN_POINT('',(-2.54999999999984,6.97512206804561,1.28278896906562));
#2559=CARTESIAN_POINT('',(-2.54999999999984,4.66749812855507,1.28278896906562));
#2560=CARTESIAN_POINT('',(-2.54999999999984,5.51270458283312,0.437582514787572));
#2561=CARTESIAN_POINT('',(-2.54999999999984,4.150288128555,1.8));
#2562=CARTESIAN_POINT('',(-2.54999999999984,4.65620299370701,1.8));
#2563=CARTESIAN_POINT('',(-2.54999999999984,-2.30055422930869,1.8));
#2564=CARTESIAN_POINT('',(-2.54999999999988,-2.30055422930869,2.4));
#2565=CARTESIAN_POINT('',(-2.54999999999988,-2.30055422930869,2.4));
#2566=CARTESIAN_POINT('',(-2.54999999999984,3.03728391936846,2.4));
#2567=CARTESIAN_POINT('',(-2.54999999999984,-4.65055422930864,2.00000000000006));
#2568=CARTESIAN_POINT('',(-2.54999999999984,-2.65055422930865,2.00000000000006));
#2569=CARTESIAN_POINT('',(-2.54999999999985,-2.65055422930865,0.641351853670508));
#2570=CARTESIAN_POINT('',(-2.54999999999984,0.849445770691407,1.60000000000006));
#2571=CARTESIAN_POINT('',(3.95000000000016,-2.30055422930869,3.2));
#2572=CARTESIAN_POINT('',(-1.22499999999962,-2.30055422930864,1.075));
#2573=CARTESIAN_POINT('',(-3.94999999999984,-2.30055422930869,1.79999999999996));
#2574=CARTESIAN_POINT('',(-4.29999999999984,-2.30055422930869,1.80000000000006));
#2575=CARTESIAN_POINT('',(-4.29999999999984,-2.30055422930869,3.20000000000006));
#2576=CARTESIAN_POINT('',(-4.29999999999984,-2.30055422930869,3.20000000000006));
#2577=CARTESIAN_POINT('',(-4.29999999999984,0.0183648450299071,1.8));
#2578=CARTESIAN_POINT('',(-4.29999999999983,4.150288128555,1.79999948453284));
#2579=CARTESIAN_POINT('',(-4.29999999999983,4.150288128555,3.20000000000006));
#2580=CARTESIAN_POINT('',(-4.19999857060719,5.97512206804561,4.75));
#2581=CARTESIAN_POINT('',(-4.19999857060719,4.150288128555,4.75));
#2582=CARTESIAN_POINT('',(-6.35857721436989,-9.30055422930865,4.20857864376281));
#2583=CARTESIAN_POINT('',(-6.2999985706072,-9.30055422930867,4.26715728752551));
#2584=CARTESIAN_POINT('',(-1.74999999999984,-4.25055422930864,2.00000000000006));
#2585=CARTESIAN_POINT('',(-1.74999999999985,-2.65055422930865,2.00000000000006));
#2586=CARTESIAN_POINT('',(1.4755944211762E-13,2.33728391936851,1.8));
#2587=CARTESIAN_POINT('',(1.46075382852736E-13,4.150288128555,1.8));
#2588=CARTESIAN_POINT('',(-0.749999999999867,-2.17555422930864,2.60000000000006));
#2589=CARTESIAN_POINT('',(-0.549999999999862,-4.65055422930869,2.8));
#2590=CARTESIAN_POINT('',(-1.34999999999988,-4.65055422930864,2.60000000000006));
#2591=CARTESIAN_POINT('',(-1.34999999999988,-5.45055422930869,2.8));
#2592=CARTESIAN_POINT('',(-0.674999285303532,-5.25055422930864,2.59999999999996));
#2593=CARTESIAN_POINT('',(-2.14999999999988,-5.45055422930869,2.8));
#2594=CARTESIAN_POINT('',(-2.14999999999988,-4.65055422930864,2.60000000000006));
#2595=CARTESIAN_POINT('',(-2.94999999999984,-4.65055422930869,2.80000000000006));
#2596=CARTESIAN_POINT('',(-2.74999999999984,3.03728391936846,2.6));
#2597=CARTESIAN_POINT('',(-6.29999857060715,-9.30055422930867,1.64847439401481));
#2598=CARTESIAN_POINT('',(-6.29999857060714,4.150288128555,1.64847439401481));
#2599=CARTESIAN_POINT('',(-6.29999857060714,4.150288128555,1.79999896906563));
#2600=CARTESIAN_POINT('',(-6.29999857060713,4.66749812855499,1.28278896906564));
#2601=CARTESIAN_POINT('',(-6.29999857060713,-4.47924073617409,0.741127211488418));
#2602=CARTESIAN_POINT('',(-6.29999857060713,-4.47924073617408,0.74112721148841));
#2603=CARTESIAN_POINT('',(-6.29999857060708,-4.4792407361741,-2.31264562698342));
#2604=CARTESIAN_POINT('',(-4.72218111130188,-6.05705819547929,-2.31264562698339));
#2605=CARTESIAN_POINT('',(-7.17259737726276,-3.60664192951844,-0.131471595167243));
#2606=CARTESIAN_POINT('',(0.720300357315068,-1.62085458662359,0.206457841834508));
#2607=CARTESIAN_POINT('',(1.75000000000019,-3.45055422930865,1.01125500091927));
#2608=CARTESIAN_POINT('',(1.95404233333292,-3.45055422930864,0.945308969423653));
#2609=CARTESIAN_POINT('',(2.37923236612523,-3.28001943941649,0.89588578856181));
#2610=CARTESIAN_POINT('',(2.5500000000002,-2.85460011877628,0.945307820088827));
#2611=CARTESIAN_POINT('',(2.5500000000002,-2.65055422930865,1.01125500091938));
#2612=CARTESIAN_POINT('',(2.55000000000017,-2.65055422930865,1.01125500091932));
#2613=CARTESIAN_POINT('',(2.55000000000027,-3.45055422930869,-1.97409328070384));
#2614=CARTESIAN_POINT('',(2.55000000000016,-1.91846534307079,1.13735437301706));
#2615=CARTESIAN_POINT('',(2.25238924355297,-1.62085458662364,1.49203306120761));
#2616=CARTESIAN_POINT('',(2.55000000000016,1.64944577069136,1.13735437301706));
#2617=CARTESIAN_POINT('',(2.55000000000016,6.97512206804561,1.13735437301706));
#2618=CARTESIAN_POINT('',(2.55000000000016,0.117356884453357,1.13735437301706));
#2619=CARTESIAN_POINT('',(2.252389243553,-0.180253871993843,1.49203306120761));
#2620=CARTESIAN_POINT('',(0.720300357315068,-0.180253871993792,0.20645784183446));
#2621=CARTESIAN_POINT('',(2.55000000000027,1.64944577069131,-1.97409328070374));
#2622=CARTESIAN_POINT('',(2.55000000000017,0.849445770691407,1.01125500091937));
#2623=CARTESIAN_POINT('',(2.55000000000019,0.849445770691407,1.01125500091938));
#2624=CARTESIAN_POINT('',(2.55000000000019,1.05348810402412,0.94530896942376));
#2625=CARTESIAN_POINT('',(2.37946521010807,1.47867813681641,0.895885788561563));
#2626=CARTESIAN_POINT('',(1.95404588946782,1.64944577069141,0.945307820088679));
#2627=CARTESIAN_POINT('',(1.75000000000018,1.64944577069141,1.01125500091924));
#2628=CARTESIAN_POINT('',(8.51715585813286,-9.30055422930877,-0.934368318459543));
#2629=CARTESIAN_POINT('',(6.29999857060743,-9.30055422930867,1.2827889690658));
#2630=CARTESIAN_POINT('',(6.29999857060743,4.66749812855508,1.28278896906577));
#2631=CARTESIAN_POINT('',(6.29999857060742,-3.93757897859694,1.2827889690658));
#2632=CARTESIAN_POINT('',(5.99044501205373,-4.24713253715062,1.59234252761947));
#2633=CARTESIAN_POINT('',(7.34136618343568,-2.89621136576862,0.241421356237583));
#2634=CARTESIAN_POINT('',(7.34136618343568,-9.30055422930877,0.241421356237595));
#2635=CARTESIAN_POINT('',(7.34136618343564,5.87087592277353,0.241421356237611));
#2636=CARTESIAN_POINT('',(12.4462079305275,2.45992971740816,-4.86342039085407));
#2637=CARTESIAN_POINT('',(6.29999857060743,5.2014541063616,1.28278896906577));
#2638=CARTESIAN_POINT('',(0.95000000000007,-3.45055422930869,3.20000000000006));
#2639=CARTESIAN_POINT('',(0.950000000000112,-2.17555422930864,2.4000000000001));
#2640=CARTESIAN_POINT('',(0.950000000000112,-4.65055422930864,2.4000000000001));
#2641=CARTESIAN_POINT('',(0.95000000000007,-4.65055422930869,3.2));
#2642=CARTESIAN_POINT('',(0.950000000000126,-4.65055422930864,2.));
#2643=CARTESIAN_POINT('',(0.950000000000126,-3.45055422930865,2.00000000000006));
#2644=CARTESIAN_POINT('',(1.35000000000008,-4.65055422930869,3.2));
#2645=CARTESIAN_POINT('',(1.35000000000012,-4.65055422930864,2.4000000000001));
#2646=CARTESIAN_POINT('',(1.35000000000012,-5.05055422930864,2.40000000000006));
#2647=CARTESIAN_POINT('',(1.35000000000008,-5.05055422930869,3.20000000000006));
#2648=CARTESIAN_POINT('',(1.35000000000014,-5.05055422930864,2.00000000000006));
#2649=CARTESIAN_POINT('',(1.35000000000014,-4.65055422930864,2.));
#2650=CARTESIAN_POINT('',(1.35000000000008,-5.05055422930869,3.20000000000006));
#2651=CARTESIAN_POINT('',(0.674999285303771,-5.05055422930864,2.40000000000006));
#2652=CARTESIAN_POINT('',(2.15000000000012,-5.05055422930864,2.40000000000016));
#2653=CARTESIAN_POINT('',(2.15000000000009,-5.05055422930869,3.20000000000006));
#2654=CARTESIAN_POINT('',(2.15000000000013,-5.05055422930864,2.00000000000006));
#2655=CARTESIAN_POINT('',(1.35000000000014,-5.05055422930864,2.00000000000006));
#2656=CARTESIAN_POINT('',(2.15000000000009,-4.65055422930869,3.20000000000016));
#2657=CARTESIAN_POINT('',(2.15000000000012,-4.65055422930864,2.40000000000016));
#2658=CARTESIAN_POINT('',(2.55000000000012,-4.65055422930864,2.40000000000016));
#2659=CARTESIAN_POINT('',(2.55000000000008,-4.65055422930869,3.20000000000016));
#2660=CARTESIAN_POINT('',(2.55000000000016,-4.65055422930864,2.00000000000016));
#2661=CARTESIAN_POINT('',(2.15000000000013,-4.65055422930864,2.00000000000016));
#2662=CARTESIAN_POINT('',(2.55000000000016,6.97512206804561,1.60000000000016));
#2663=CARTESIAN_POINT('',(2.55000000000016,4.65620299370701,1.8000000000001));
#2664=CARTESIAN_POINT('',(2.55000000000016,-2.30055422930869,1.8000000000001));
#2665=CARTESIAN_POINT('',(2.55000000000016,4.150288128555,1.80000000000009));
#2666=CARTESIAN_POINT('',(2.55000000000021,5.51270458283312,0.43758251478767));
#2667=CARTESIAN_POINT('',(2.55000000000018,4.66749812855508,1.28278896906571));
#2668=CARTESIAN_POINT('',(2.55000000000017,6.97512206804561,1.28278896906571));
#2669=CARTESIAN_POINT('',(2.55000000000017,0.849445770691407,1.60000000000016));
#2670=CARTESIAN_POINT('',(2.55000000000016,-2.65055422930865,2.00000000000006));
#2671=CARTESIAN_POINT('',(2.55000000000016,-2.65055422930865,2.00000000000016));
#2672=CARTESIAN_POINT('',(2.55000000000016,-4.65055422930864,2.00000000000016));
#2673=CARTESIAN_POINT('',(2.55000000000009,3.03728391936846,2.4000000000001));
#2674=CARTESIAN_POINT('',(2.55000000000012,-2.30055422930869,2.4000000000001));
#2675=CARTESIAN_POINT('',(2.55000000000012,-2.30055422930869,2.4000000000001));
#2676=CARTESIAN_POINT('',(-3.94999999999994,-2.30055422930869,3.19999999999986));
#2677=CARTESIAN_POINT('',(1.22499999999992,-2.30055422930864,1.07500000000006));
#2678=CARTESIAN_POINT('',(4.30000000000006,-2.30055422930869,3.20000000000021));
#2679=CARTESIAN_POINT('',(4.30000000000012,-2.30055422930869,1.80000000000021));
#2680=CARTESIAN_POINT('',(3.95000000000016,-2.30055422930869,1.8000000000001));
#2681=CARTESIAN_POINT('',(4.30000000000006,-2.30055422930869,3.20000000000021));
#2682=CARTESIAN_POINT('',(4.30000000000005,4.10028812855501,3.20000000000021));
#2683=CARTESIAN_POINT('',(4.3000000000001,4.10028812855501,1.84999896906581));
#2684=CARTESIAN_POINT('',(4.3,0.224866434155961,5.72542066346486));
#2685=CARTESIAN_POINT('',(4.3000000000001,4.150288128555,1.80000000000015));
#2686=CARTESIAN_POINT('',(4.30000000000012,0.0183648450299071,1.80000000000016));
#2687=CARTESIAN_POINT('',(4.19999857060734,5.97512206804561,4.7500000000002));
#2688=CARTESIAN_POINT('',(4.19999857060734,4.10028812855501,4.7500000000002));
#2689=CARTESIAN_POINT('',(4.19999857060736,4.10028812855501,4.10857864376289));
#2690=CARTESIAN_POINT('',(4.19999857060737,-0.900554229308691,4.10857864376288));
#2691=CARTESIAN_POINT('',(6.35857721437008,-9.30055422930865,4.20857864376306));
#2692=CARTESIAN_POINT('',(9.55017918976334,-4.39054318036004,1.01697666836981));
#2693=CARTESIAN_POINT('',(6.29999857060737,-4.39054318036002,4.26715728752569));
#2694=CARTESIAN_POINT('',(6.29999857060738,-9.30055422930865,4.26715728752577));
#2695=CARTESIAN_POINT('',(6.29999857060737,4.10028812855501,4.26715728752576));
#2696=CARTESIAN_POINT('',(6.35857721437006,4.10028812855501,4.20857864376306));
#2697=CARTESIAN_POINT('',(1.75000000000012,-4.25055422930864,2.00000000000011));
#2698=CARTESIAN_POINT('',(1.75000000000016,-2.65055422930865,2.00000000000011));
#2699=CARTESIAN_POINT('',(1.19803866501991E-13,2.33728391936851,1.8));
#2700=CARTESIAN_POINT('',(1.18319807237107E-13,4.150288128555,1.8));
#2701=CARTESIAN_POINT('',(4.52928789248873,-0.900554229308691,3.77928932188154));
#2702=CARTESIAN_POINT('',(5.10857721437029,-6.83687565478445,3.2));
#2703=CARTESIAN_POINT('',(5.10857721437028,4.10028812855501,3.2));
#2704=CARTESIAN_POINT('',(4.52928789248873,4.10028812855501,3.77928932188154));
#2705=CARTESIAN_POINT('',(0.750000000000107,-2.17555422930864,2.60000000000011));
#2706=CARTESIAN_POINT('',(0.5500000000001,-4.65055422930869,2.8));
#2707=CARTESIAN_POINT('',(1.35000000000012,-4.65055422930864,2.60000000000011));
#2708=CARTESIAN_POINT('',(1.35000000000012,-5.45055422930869,2.80000000000006));
#2709=CARTESIAN_POINT('',(0.674999285303771,-5.25055422930864,2.6));
#2710=CARTESIAN_POINT('',(2.15000000000012,-5.45055422930869,2.80000000000011));
#2711=CARTESIAN_POINT('',(2.15000000000012,-4.65055422930864,2.60000000000016));
#2712=CARTESIAN_POINT('',(2.9500000000001,-4.65055422930869,2.80000000000016));
#2713=CARTESIAN_POINT('',(2.7500000000001,3.03728391936846,2.60000000000011));
#2714=CARTESIAN_POINT('',(6.29999857060742,-9.30055422930867,1.64847439401506));
#2715=CARTESIAN_POINT('',(6.29999857060741,4.10028812855501,1.64847439401506));
#2716=CARTESIAN_POINT('',(6.29999857060741,4.10028812855501,1.84999896906585));
#2717=CARTESIAN_POINT('',(6.29999857060744,-7.26167248452863,0.206767286243624));
#2718=CARTESIAN_POINT('',(6.29999857060737,-4.47924073617405,4.14172000114417));
#2719=CARTESIAN_POINT('',(6.29999857060742,-4.47924073617408,1.64847439401505));
#2720=CARTESIAN_POINT('',(6.29999857060743,-4.47924073617408,0.741127211488654));
#2721=CARTESIAN_POINT('',(6.29999857060743,-4.47924073617408,0.74112721148865));
#2722=CARTESIAN_POINT('',(6.29999857060742,4.66749812855501,1.28278896906585));
#2723=CARTESIAN_POINT('',(19.8633422574163,5.68086510158251,4.94693578523671));
#2724=CARTESIAN_POINT('',(30.67015099042,32.3673378268977,31.8804987122729));
#2725=CARTESIAN_POINT('',(17.3781351126111,6.59889580582976,8.73043440266326));
#2726=CARTESIAN_POINT('',(4.72218111130228,-6.05705819547929,-2.31264562698319));
#2727=CARTESIAN_POINT('',(6.1458744253755,-4.63336488140601,0.89525135672058));
#2728=CARTESIAN_POINT('',(7.26383231145405E-13,5.77638119358996,0.100000000000006));
#2729=CARTESIAN_POINT('',(4.25694273269048,3.80993006268786,-2.843002094508));
#2730=CARTESIAN_POINT('',(-4.25694273268891,3.80993006268731,-2.84300209450874));
#2731=CARTESIAN_POINT('',(7.19994482719799,70.7990507935663,0.100000000000006));
#2732=CARTESIAN_POINT('',(27.41436107121,57.322773297557,20.3144162440149));
#2733=CARTESIAN_POINT('',(-7.34136618343538,-9.30055422930879,0.241421356237309));
#2734=CARTESIAN_POINT('',(-5.5947272206516,-8.13612825411969,-1.50521760654624));
#2735=CARTESIAN_POINT('',(1.75000000000016,0.849445770691407,1.80000000000023));
#2736=CARTESIAN_POINT('',(1.75000000000017,-2.65055422930865,1.60000000000016));
#2737=CARTESIAN_POINT('',(-1.74999999999985,-2.65055422930865,1.60000000000007));
#2738=CARTESIAN_POINT('',(-1.74999999999985,0.849445770691407,1.60000000000006));
#2739=CARTESIAN_POINT('',(-18.7000014293926,4.10028812855499,2.77497312829529));
#2740=CARTESIAN_POINT('',(5.10857721437028,4.10028812855501,3.));
#2741=CARTESIAN_POINT('',(-18.7000014293926,4.10028812855499,1.84999896906542));
#2742=CARTESIAN_POINT('',(-18.7000014293926,5.20145410636156,1.28278896906534));
#2743=CARTESIAN_POINT('',(-18.7000014293926,4.66749812855506,1.28278896906534));
#2744=CARTESIAN_POINT('',(-18.7000014293926,4.15028812855499,2.77497312829529));
#2745=CARTESIAN_POINT('',(-5.1085772143699,4.150288128555,3.));
#2746=CARTESIAN_POINT('',(-6.29999857060714,4.150288128555,1.79999896906563));
#2747=CARTESIAN_POINT('',(-18.7000014293926,5.20145410636156,1.28278896906534));
#2748=CARTESIAN_POINT('',(-18.7000014293926,4.66749812855506,1.28278896906534));
#2749=CARTESIAN_POINT('',(-18.7000014293926,4.66749812855499,1.28278896906541));
#2750=CARTESIAN_POINT('',(-18.7000014293926,4.66749812855499,1.28278896906541));
#2751=CARTESIAN_POINT('',(-2.94999999999984,-7.07323407870094,27.8));
#2752=CARTESIAN_POINT('',(-2.94999999999984,-7.07323407870095,4.16034772185292));
#2753=CARTESIAN_POINT('',(2.9500000000001,-7.07323407870094,27.8));
#2754=CARTESIAN_POINT('',(2.9500000000001,70.7990507935662,4.16034772185288));
#2755=CARTESIAN_POINT('',(-2.9948261390734,-7.07323407870095,4.20517386092648));
#2756=CARTESIAN_POINT('',(3.49482613907366,70.7990507935662,4.70517386092645));
#2757=CARTESIAN_POINT('',(5.10857721437029,-6.83687565478445,3.));
#2758=CARTESIAN_POINT('',(-5.10857721436989,-6.83687565478445,3.));
#2759=CARTESIAN_POINT('',(6.26604454389456,-4.51319476288695,0.775081238201521));
#2760=CARTESIAN_POINT('',(-6.26604454389427,-4.51319476288695,0.775081238201279));
#2761=MECHANICAL_DESIGN_GEOMETRIC_PRESENTATION_REPRESENTATION('',(#1680),
#2762);
#2762=(
GEOMETRIC_REPRESENTATION_CONTEXT(3)
GLOBAL_UNCERTAINTY_ASSIGNED_CONTEXT((#2763))
GLOBAL_UNIT_ASSIGNED_CONTEXT((#2766,#2765,#2764))
REPRESENTATION_CONTEXT('LED_Carrier','TOP_LEVEL_ASSEMBLY_PART')
);
#2763=UNCERTAINTY_MEASURE_WITH_UNIT(LENGTH_MEASURE(1.E-5),#2766,
'DISTANCE_ACCURACY_VALUE','Maximum Tolerance applied to model');
#2764=(
NAMED_UNIT(*)
SI_UNIT($,.STERADIAN.)
SOLID_ANGLE_UNIT()
);
#2765=(
NAMED_UNIT(*)
PLANE_ANGLE_UNIT()
SI_UNIT($,.RADIAN.)
);
#2766=(
LENGTH_UNIT()
NAMED_UNIT(*)
SI_UNIT(.MILLI.,.METRE.)
);
#2767=PRODUCT_DEFINITION_SHAPE('','',#2768);
#2768=PRODUCT_DEFINITION('','',#2770,#2769);
#2769=PRODUCT_DEFINITION_CONTEXT('',#2776,'design');
#2770=PRODUCT_DEFINITION_FORMATION_WITH_SPECIFIED_SOURCE('','',#2772,
 .NOT_KNOWN.);
#2771=PRODUCT_RELATED_PRODUCT_CATEGORY('','',(#2772));
#2772=PRODUCT('LED_Carrier','LED_Carrier','LED_Carrier',(#2774));
#2773=PRODUCT_CATEGORY('','');
#2774=PRODUCT_CONTEXT('',#2776,'mechanical');
#2775=APPLICATION_PROTOCOL_DEFINITION('international standard',
'ap242_managed_model_based_3d_engineering',2020,#2776);
#2776=APPLICATION_CONTEXT('managed model based 3d engineering');
ENDSEC;
END-ISO-10303-21;
