ISO-10303-21;
HEADER;
/* Generated by software containing ST-Developer
 * from STEP Tools, Inc. (www.steptools.com) 
 */
/* OPTION: using custom renumber hook */

FILE_DESCRIPTION(
/* description */ ('STEP AP242 Edition 2',
'CAx-IF Rec.Pracs.---Representation and Presentation of Product Manufa
cturing Information (PMI)---4.0---2014-10-13',
'CAx-IF Rec.Pracs.---3D Tessellated Geometry---0.4---2014-09-14','2;1',
'CAx-IF Rec.Pracs.---User Defined Attributes---1.5---2016-08-15'),
/* implementation_level */ '2;1');

FILE_NAME(
/* name */ '[a]_orbiter-UHF-adapter_o2_xol',
/* time_stamp */ '2026-09-27T04:16:56Z',
/* author */ (''),
/* organization */ (''),
/* preprocessor_version */ 'ST-DEVELOPER v20',
/* originating_system */ 'ONSHAPE BY PTC INC, 1.221',
/* authorisation */ '  ');

FILE_SCHEMA (('AP242_MANAGED_MODEL_BASED_3D_ENGINEERING_MIM_LF { 1 0 10303 442 3 1 4 }'));
ENDSEC;

DATA;
#10=SHAPE_REPRESENTATION_RELATIONSHIP('','',#1396,#11);
#11=ADVANCED_BREP_SHAPE_REPRESENTATION('',(#1394),#2913);
#12=CONICAL_SURFACE('',#1533,2.2,0.785398163397448);
#13=CONICAL_SURFACE('',#1535,1.7,0.785398163397448);
#14=CONICAL_SURFACE('',#1537,1.7,0.785398163397448);
#15=CONICAL_SURFACE('',#1540,2.6,0.785398163397448);
#16=CONICAL_SURFACE('',#1541,2.1,0.785398163397448);
#17=CONICAL_SURFACE('',#1542,2.1,0.785398163397449);
#18=B_SPLINE_SURFACE_WITH_KNOTS('',1,3,((#2562,#2563,#2564,#2565,#2566,
#2567,#2568,#2569,#2570,#2571,#2572,#2573,#2574,#2575,#2576,#2577,#2578,
#2579,#2580,#2581,#2582,#2583,#2584,#2585,#2586,#2587,#2588,#2589,#2590,
#2591,#2592,#2593,#2594,#2595),(#2596,#2597,#2598,#2599,#2600,#2601,#2602,
#2603,#2604,#2605,#2606,#2607,#2608,#2609,#2610,#2611,#2612,#2613,#2614,
#2615,#2616,#2617,#2618,#2619,#2620,#2621,#2622,#2623,#2624,#2625,#2626,
#2627,#2628,#2629)),.RULED_SURF.,.F.,.T.,.F.,(2,2),(2,2,2,2,2,2,2,2,2,2,
2,2,2,2,2,2,2,2,2),(0.,1.),(-0.392699081698725,0.,0.392699081698724,0.785398163397448,
1.17809724509617,1.5707963267949,1.96349540849362,2.35619449019234,2.74889357189107,
3.1415926535898,3.53429173528852,3.92699081698724,4.31968989868597,4.71238898038469,
5.10508806208341,5.49778714378214,5.89048622548086,6.28318530717959,6.67588438887831),
 .UNSPECIFIED.);
#19=B_SPLINE_SURFACE_WITH_KNOTS('',1,3,((#2642,#2643,#2644,#2645,#2646,
#2647,#2648,#2649),(#2650,#2651,#2652,#2653,#2654,#2655,#2656,#2657),(#2658,
#2659,#2660,#2661,#2662,#2663,#2664,#2665)),.RULED_SURF.,.F.,.F.,.F.,(2,
1,2),(4,2,2,4),(-0.00508226024939446,0.,0.833333333333352),(4.71238898038469,
5.10508806208341,5.49778714378214,5.57762030576419),.UNSPECIFIED.);
#20=B_SPLINE_SURFACE_WITH_KNOTS('',1,3,((#2682,#2683,#2684,#2685,#2686,
#2687,#2688,#2689),(#2690,#2691,#2692,#2693,#2694,#2695,#2696,#2697),(#2698,
#2699,#2700,#2701,#2702,#2703,#2704,#2705)),.RULED_SURF.,.F.,.F.,.F.,(2,
1,2),(4,2,2,4),(-0.00525847751565417,0.,0.838417547201256),(5.39430000035531,
5.49778714378214,5.89048622548086,6.12563604118939),.UNSPECIFIED.);
#21=B_SPLINE_SURFACE_WITH_KNOTS('',1,3,((#2711,#2712,#2713,#2714,#2715,
#2716),(#2717,#2718,#2719,#2720,#2721,#2722),(#2723,#2724,#2725,#2726,#2727,
#2728)),.RULED_SURF.,.F.,.F.,.F.,(2,1,2),(4,2,4),(-0.00512607773628881,
0.,0.838342656244405),(2.982149444834,3.1415926535898,3.50793987346592),
 .UNSPECIFIED.);
#22=B_SPLINE_SURFACE_WITH_KNOTS('',1,3,((#2745,#2746,#2747,#2748,#2749,
#2750,#2751,#2752,#2753,#2754),(#2755,#2756,#2757,#2758,#2759,#2760,#2761,
#2762,#2763,#2764)),.RULED_SURF.,.F.,.F.,.F.,(2,2),(4,2,2,2,4),(0.,0.83333333333333),
(3.64766826093583,3.73064127613788,3.92699081698724,4.31968989868597,4.71238898038469),
 .UNSPECIFIED.);
#23=B_SPLINE_SURFACE_WITH_KNOTS('',1,3,((#2776,#2777,#2778,#2779,#2780,
#2781,#2782,#2783,#2784,#2785,#2786,#2787,#2788,#2789),(#2790,#2791,#2792,
#2793,#2794,#2795,#2796,#2797,#2798,#2799,#2800,#2801,#2802,#2803)),
 .RULED_SURF.,.F.,.F.,.F.,(2,2),(4,2,2,2,2,2,4),(0.,0.916666666666668),
(1.41371669411551,1.5707963267949,1.96349540849362,2.35619449019234,2.74889357189107,
3.1415926535898,3.29867228626952),.UNSPECIFIED.);
#24=B_SPLINE_SURFACE_WITH_KNOTS('',1,3,((#2819,#2820,#2821,#2822,#2823,
#2824,#2825,#2826,#2827,#2828,#2829,#2830),(#2831,#2832,#2833,#2834,#2835,
#2836,#2837,#2838,#2839,#2840,#2841,#2842),(#2843,#2844,#2845,#2846,#2847,
#2848,#2849,#2850,#2851,#2852,#2853,#2854)),.RULED_SURF.,.F.,.F.,.F.,(2,
1,2),(4,2,2,2,2,4),(-0.01,0.,0.917172510001798),(1.37778586369221,1.5707963267949,
1.96349540849362,2.35619449019234,2.74889357189107,3.04288304454895),
 .UNSPECIFIED.);
#25=B_SPLINE_SURFACE_WITH_KNOTS('',1,3,((#2880,#2881,#2882,#2883,#2884,
#2885,#2886,#2887,#2888,#2889,#2890,#2891),(#2892,#2893,#2894,#2895,#2896,
#2897,#2898,#2899,#2900,#2901,#2902,#2903)),.RULED_SURF.,.F.,.F.,.F.,(2,
2),(4,2,2,2,2,4),(0.,0.922166666666667),(3.2403133242285,3.53429173528852,
3.92699081698724,4.31968989868597,4.71238898038469,4.90539837234654),
 .UNSPECIFIED.);
#26=(
BOUNDED_SURFACE()
B_SPLINE_SURFACE(3,2,((#2116,#2117,#2118),(#2119,#2120,#2121),(#2122,#2123,
#2124),(#2125,#2126,#2127)),.UNSPECIFIED.,.F.,.F.,.F.)
B_SPLINE_SURFACE_WITH_KNOTS((4,4),(3,3),(5.4977871437821,6.28318530717959),
(0.,1.),.PIECEWISE_BEZIER_KNOTS.)
GEOMETRIC_REPRESENTATION_ITEM()
RATIONAL_B_SPLINE_SURFACE(((1.,0.866025403784434,1.),(1.,0.903812900244049,
1.),(1.,0.923879532489313,1.),(1.,0.923879532511287,1.)))
REPRESENTATION_ITEM('')
SURFACE()
);
#27=(
BOUNDED_SURFACE()
B_SPLINE_SURFACE(3,2,((#2134,#2135,#2136),(#2137,#2138,#2139),(#2140,#2141,
#2142),(#2143,#2144,#2145)),.UNSPECIFIED.,.F.,.F.,.F.)
B_SPLINE_SURFACE_WITH_KNOTS((4,4),(3,3),(0.,0.785398163397659),(0.,1.),
 .PIECEWISE_BEZIER_KNOTS.)
GEOMETRIC_REPRESENTATION_ITEM()
RATIONAL_B_SPLINE_SURFACE(((1.,0.923879532511287,1.),(1.,0.923879532489357,
1.),(1.,0.903812900244019,1.),(1.,0.866025403784407,1.)))
REPRESENTATION_ITEM('')
SURFACE()
);
#28=(
BOUNDED_SURFACE()
B_SPLINE_SURFACE(3,2,((#2226,#2227,#2228),(#2229,#2230,#2231),(#2232,#2233,
#2234),(#2235,#2236,#2237),(#2238,#2239,#2240)),.UNSPECIFIED.,.F.,.F.,.F.)
B_SPLINE_SURFACE_WITH_KNOTS((4,1,4),(3,3),(2.61799387799164,3.14159265358994,
3.66519142918824),(0.,1.),.UNSPECIFIED.)
GEOMETRIC_REPRESENTATION_ITEM()
RATIONAL_B_SPLINE_SURFACE(((1.,0.923879532511286,1.),(1.,0.943160392726976,
1.),(1.,0.962880835015918,1.),(1.,0.943160392726803,1.),(1.,0.923879532511254,
1.)))
REPRESENTATION_ITEM('')
SURFACE()
);
#29=(
BOUNDED_SURFACE()
B_SPLINE_SURFACE(3,2,((#2255,#2256,#2257),(#2258,#2259,#2260),(#2261,#2262,
#2263),(#2264,#2265,#2266),(#2267,#2268,#2269)),.UNSPECIFIED.,.F.,.F.,.F.)
B_SPLINE_SURFACE_WITH_KNOTS((4,1,4),(3,3),(2.61799387799154,3.14159265358983,
3.66519142918813),(0.,1.),.UNSPECIFIED.)
GEOMETRIC_REPRESENTATION_ITEM()
RATIONAL_B_SPLINE_SURFACE(((1.,0.923879532511295,1.),(1.,0.943160392726986,
1.),(1.,0.962880835015871,1.),(1.,0.943160392726977,1.),(1.,0.923879532511287,
1.)))
REPRESENTATION_ITEM('')
SURFACE()
);
#30=(
BOUNDED_SURFACE()
B_SPLINE_SURFACE(3,2,((#2339,#2340,#2341),(#2342,#2343,#2344),(#2345,#2346,
#2347),(#2348,#2349,#2350),(#2351,#2352,#2353)),.UNSPECIFIED.,.F.,.F.,.F.)
B_SPLINE_SURFACE_WITH_KNOTS((4,1,4),(3,3),(0.,0.785398163397448,1.5707963267949),
(0.,1.),.UNSPECIFIED.)
GEOMETRIC_REPRESENTATION_ITEM()
RATIONAL_B_SPLINE_SURFACE(((1.,0.924571083196655,1.),(1.,0.924571083174812,
1.),(1.,0.88441203433824,1.),(1.,0.772793285455023,1.),(1.,0.707106781186548,
1.)))
REPRESENTATION_ITEM('')
SURFACE()
);
#31=(
BOUNDED_SURFACE()
B_SPLINE_SURFACE(3,2,((#2357,#2358,#2359),(#2360,#2361,#2362),(#2363,#2364,
#2365),(#2366,#2367,#2368)),.UNSPECIFIED.,.F.,.F.,.F.)
B_SPLINE_SURFACE_WITH_KNOTS((4,4),(3,3),(4.71238898038469,5.57243493160792),
(0.,1.),.PIECEWISE_BEZIER_KNOTS.)
GEOMETRIC_REPRESENTATION_ITEM()
RATIONAL_B_SPLINE_SURFACE(((1.,0.707106781186544,1.),(1.,0.646390381749749,
1.),(1.,0.57610558207797,1.),(1.,0.522498564715949,1.)))
REPRESENTATION_ITEM('')
SURFACE()
);
#32=(
BOUNDED_SURFACE()
B_SPLINE_SURFACE(3,2,((#2372,#2373,#2374),(#2375,#2376,#2377),(#2378,#2379,
#2380),(#2381,#2382,#2383)),.UNSPECIFIED.,.F.,.F.,.F.)
B_SPLINE_SURFACE_WITH_KNOTS((4,4),(3,3),(4.1044370368644,4.24376364854758),
(0.,1.),.PIECEWISE_BEZIER_KNOTS.)
GEOMETRIC_REPRESENTATION_ITEM()
RATIONAL_B_SPLINE_SURFACE(((1.,0.522498564715946,1.),(1.,0.536995741895876,
1.),(1.,0.551589307079247,1.),(1.,0.566132511543583,1.)))
REPRESENTATION_ITEM('')
SURFACE()
);
#33=(
BOUNDED_SURFACE()
B_SPLINE_SURFACE(3,2,((#2385,#2386,#2387),(#2388,#2389,#2390),(#2391,#2392,
#2393),(#2394,#2395,#2396)),.UNSPECIFIED.,.F.,.F.,.F.)
B_SPLINE_SURFACE_WITH_KNOTS((4,4),(3,3),(-2.1467203015213E-17,0.0028765597122494),
(0.,1.),.PIECEWISE_BEZIER_KNOTS.)
GEOMETRIC_REPRESENTATION_ITEM()
RATIONAL_B_SPLINE_SURFACE(((1.,0.566132511543586,1.),(1.,0.547311103846677,
1.),(1.,0.523945340113114,1.),(1.,0.521129248023727,1.)))
REPRESENTATION_ITEM('')
SURFACE()
);
#34=(
BOUNDED_SURFACE()
B_SPLINE_SURFACE(3,2,((#2398,#2399,#2400),(#2401,#2402,#2403),(#2404,#2405,
#2406),(#2407,#2408,#2409)),.UNSPECIFIED.,.F.,.F.,.F.)
B_SPLINE_SURFACE_WITH_KNOTS((4,4),(3,3),(5.22837868471638,5.28282535814196),
(0.,1.),.PIECEWISE_BEZIER_KNOTS.)
GEOMETRIC_REPRESENTATION_ITEM()
RATIONAL_B_SPLINE_SURFACE(((1.,0.521129248023731,1.),(1.,0.514117226923771,
1.),(1.,0.507071903447906,1.),(1.,0.499999999998993,1.)))
REPRESENTATION_ITEM('')
SURFACE()
);
#35=(
BOUNDED_SURFACE()
B_SPLINE_SURFACE(3,2,((#2413,#2414,#2415),(#2416,#2417,#2418),(#2419,#2420,
#2421),(#2422,#2423,#2424),(#2425,#2426,#2427)),.UNSPECIFIED.,.F.,.F.,.F.)
B_SPLINE_SURFACE_WITH_KNOTS((4,1,4),(3,3),(5.49778714378617,5.89048622548288,
6.28318530717959),(0.,1.),.UNSPECIFIED.)
GEOMETRIC_REPRESENTATION_ITEM()
RATIONAL_B_SPLINE_SURFACE(((1.,0.499999999998993,1.),(1.,0.467275075281345,
1.),(1.,0.407749414546103,1.),(1.,0.382683432363167,1.),(1.,0.382683432365097,
1.)))
REPRESENTATION_ITEM('')
SURFACE()
);
#36=(
BOUNDED_SURFACE()
B_SPLINE_SURFACE(3,2,((#2431,#2432,#2433),(#2434,#2435,#2436),(#2437,#2438,
#2439),(#2440,#2441,#2442),(#2443,#2444,#2445)),.UNSPECIFIED.,.F.,.F.,.F.)
B_SPLINE_SURFACE_WITH_KNOTS((4,1,4),(3,3),(1.0445991674486E-37,0.392699081698705,
0.785398163397411),(0.,1.),.UNSPECIFIED.)
GEOMETRIC_REPRESENTATION_ITEM()
RATIONAL_B_SPLINE_SURFACE(((1.,0.38268343236509,1.),(1.,0.382683432365753,
1.),(1.,0.407749414546347,1.),(1.,0.467275075279556,1.),(1.,0.499999999999991,
1.)))
REPRESENTATION_ITEM('')
SURFACE()
);
#37=(
BOUNDED_SURFACE()
B_SPLINE_SURFACE(3,2,((#2449,#2450,#2451),(#2452,#2453,#2454),(#2455,#2456,
#2457),(#2458,#2459,#2460)),.UNSPECIFIED.,.F.,.F.,.F.)
B_SPLINE_SURFACE_WITH_KNOTS((4,4),(3,3),(4.03329935118447,4.1361409120498),
(0.,1.),.PIECEWISE_BEZIER_KNOTS.)
GEOMETRIC_REPRESENTATION_ITEM()
RATIONAL_B_SPLINE_SURFACE(((1.,0.499999999999983,1.),(1.,0.510617677330478,
1.),(1.,0.521336740889597,1.),(1.,0.532088146690218,1.)))
REPRESENTATION_ITEM('')
SURFACE()
);
#38=(
BOUNDED_SURFACE()
B_SPLINE_SURFACE(3,2,((#2462,#2463,#2464),(#2465,#2466,#2467),(#2468,#2469,
#2470),(#2471,#2472,#2473)),.UNSPECIFIED.,.F.,.F.,.F.)
B_SPLINE_SURFACE_WITH_KNOTS((4,4),(3,3),(-9.75781955236954E-18,0.00150605579110764),
(0.,1.),.PIECEWISE_BEZIER_KNOTS.)
GEOMETRIC_REPRESENTATION_ITEM()
RATIONAL_B_SPLINE_SURFACE(((1.,0.532088146690219,1.),(1.,0.542138382269845,
1.),(1.,0.550859683360598,1.),(1.,0.561338963853081,1.)))
REPRESENTATION_ITEM('')
SURFACE()
);
#39=(
BOUNDED_SURFACE()
B_SPLINE_SURFACE(3,2,((#2475,#2476,#2477),(#2478,#2479,#2480),(#2481,#2482,
#2483),(#2484,#2485,#2486)),.UNSPECIFIED.,.F.,.F.,.F.)
B_SPLINE_SURFACE_WITH_KNOTS((4,4),(3,3),(2.03285198781609,2.37937284950891),
(0.,1.),.PIECEWISE_BEZIER_KNOTS.)
GEOMETRIC_REPRESENTATION_ITEM()
RATIONAL_B_SPLINE_SURFACE(((1.,0.561338963853088,1.),(1.,0.523140403227887,
1.),(1.,0.48419757878518,1.),(1.,0.447210320296717,1.)))
REPRESENTATION_ITEM('')
SURFACE()
);
#40=(
BOUNDED_SURFACE()
B_SPLINE_SURFACE(3,2,((#2488,#2489,#2490),(#2491,#2492,#2493),(#2494,#2495,
#2496),(#2497,#2498,#2499)),.UNSPECIFIED.,.F.,.F.,.F.)
B_SPLINE_SURFACE_WITH_KNOTS((4,4),(3,3),(3.55618312575245E-17,0.00059169155397498),
(0.,1.),.PIECEWISE_BEZIER_KNOTS.)
GEOMETRIC_REPRESENTATION_ITEM()
RATIONAL_B_SPLINE_SURFACE(((1.,0.447210320296725,1.),(1.,0.433256992665875,
1.),(1.,0.419550250432461,1.),(1.,0.406736643075798,1.)))
REPRESENTATION_ITEM('')
SURFACE()
);
#41=(
BOUNDED_SURFACE()
B_SPLINE_SURFACE(3,2,((#2503,#2504,#2505),(#2506,#2507,#2508),(#2509,#2510,
#2511),(#2512,#2513,#2514),(#2515,#2516,#2517)),.UNSPECIFIED.,.F.,.F.,.F.)
B_SPLINE_SURFACE_WITH_KNOTS((4,1,4),(3,3),(3.6540223193412,4.18320564986294,
4.71238898038469),(0.,1.),.UNSPECIFIED.)
GEOMETRIC_REPRESENTATION_ITEM()
RATIONAL_B_SPLINE_SURFACE(((1.,0.406736643075793,1.),(1.,0.447548461207201,
1.),(1.,0.553338784328257,1.),(1.,0.659226620716725,1.),(1.,0.70710678118655,
1.)))
REPRESENTATION_ITEM('')
SURFACE()
);
#42=(
BOUNDED_SURFACE()
B_SPLINE_SURFACE(3,2,((#2521,#2522,#2523),(#2524,#2525,#2526),(#2527,#2528,
#2529),(#2530,#2531,#2532),(#2533,#2534,#2535)),.UNSPECIFIED.,.F.,.F.,.F.)
B_SPLINE_SURFACE_WITH_KNOTS((4,1,4),(3,3),(1.5707963267949,2.35619449019234,
3.14159265358979),(0.,1.),.UNSPECIFIED.)
GEOMETRIC_REPRESENTATION_ITEM()
RATIONAL_B_SPLINE_SURFACE(((1.,0.707106781186548,1.),(1.,0.772793285453686,
1.),(1.,0.88441203433902,1.),(1.,0.924571083174559,1.),(1.,0.924571083196655,
1.)))
REPRESENTATION_ITEM('')
SURFACE()
);
#43=B_SPLINE_CURVE_WITH_KNOTS('',3,(#2046,#2047,#2048,#2049,#2050,#2051),
 .UNSPECIFIED.,.F.,.F.,(4,1,1,4),(9.33354262432141E-6,0.250007000156968,
0.500004666771312,1.),.UNSPECIFIED.);
#44=B_SPLINE_CURVE_WITH_KNOTS('',3,(#2060,#2061,#2062,#2063,#2064,#2065),
 .UNSPECIFIED.,.F.,.F.,(4,1,1,4),(0.,0.499995334669848,0.749993002004772,
0.999990669339696),.UNSPECIFIED.);
#45=B_SPLINE_CURVE_WITH_KNOTS('',3,(#2081,#2082,#2083,#2084),
 .UNSPECIFIED.,.F.,.F.,(4,4),(5.34748032028574E-17,0.00104950920880679),
 .UNSPECIFIED.);
#46=B_SPLINE_CURVE_WITH_KNOTS('',3,(#2085,#2086,#2087,#2088),
 .UNSPECIFIED.,.F.,.F.,(4,4),(0.,0.000512677992730111),.UNSPECIFIED.);
#47=B_SPLINE_CURVE_WITH_KNOTS('',3,(#2090,#2091,#2092,#2093),
 .UNSPECIFIED.,.F.,.F.,(4,4),(0.,0.000512677992721157),.UNSPECIFIED.);
#48=B_SPLINE_CURVE_WITH_KNOTS('',3,(#2094,#2095,#2096,#2097,#2098),
 .UNSPECIFIED.,.F.,.F.,(4,1,4),(0.,0.000602537988320624,0.00120507597664125),
 .UNSPECIFIED.);
#49=B_SPLINE_CURVE_WITH_KNOTS('',3,(#2154,#2155,#2156,#2157),
 .UNSPECIFIED.,.F.,.F.,(4,4),(0.,1.),.UNSPECIFIED.);
#50=B_SPLINE_CURVE_WITH_KNOTS('',3,(#2161,#2162,#2163,#2164),
 .UNSPECIFIED.,.F.,.F.,(4,4),(0.,1.),.UNSPECIFIED.);
#51=B_SPLINE_CURVE_WITH_KNOTS('',3,(#2174,#2175,#2176,#2177),
 .UNSPECIFIED.,.F.,.F.,(4,4),(0.,0.000591691553974978),.UNSPECIFIED.);
#52=B_SPLINE_CURVE_WITH_KNOTS('',3,(#2208,#2209,#2210,#2211),
 .UNSPECIFIED.,.F.,.F.,(4,4),(0.,0.00304361471206209),.UNSPECIFIED.);
#53=B_SPLINE_CURVE_WITH_KNOTS('',3,(#2214,#2215,#2216,#2217),
 .UNSPECIFIED.,.F.,.F.,(4,4),(0.,1.),.UNSPECIFIED.);
#54=B_SPLINE_CURVE_WITH_KNOTS('',3,(#2219,#2220,#2221,#2222),
 .UNSPECIFIED.,.F.,.F.,(4,4),(0.,0.00270574886198315),.UNSPECIFIED.);
#55=B_SPLINE_CURVE_WITH_KNOTS('',3,(#2247,#2248,#2249,#2250),
 .UNSPECIFIED.,.F.,.F.,(4,4),(0.,0.00162837404346832),.UNSPECIFIED.);
#56=B_SPLINE_CURVE_WITH_KNOTS('',3,(#2251,#2252,#2253,#2254),
 .UNSPECIFIED.,.F.,.F.,(4,4),(0.,1.),.UNSPECIFIED.);
#57=B_SPLINE_CURVE_WITH_KNOTS('',3,(#2270,#2271,#2272,#2273),
 .UNSPECIFIED.,.F.,.F.,(4,4),(0.,0.000555334871390822),.UNSPECIFIED.);
#58=B_SPLINE_CURVE_WITH_KNOTS('',3,(#2279,#2280,#2281,#2282),
 .UNSPECIFIED.,.F.,.F.,(4,4),(0.,0.0014232650484543),.UNSPECIFIED.);
#59=B_SPLINE_CURVE_WITH_KNOTS('',3,(#2285,#2286,#2287,#2288,#2289,#2290,
#2291,#2292,#2293,#2294,#2295),.UNSPECIFIED.,.F.,.F.,(4,1,1,1,1,1,1,1,4),
(0.,0.25,0.375,0.4375,0.5,0.5625,0.625,0.75,1.),.UNSPECIFIED.);
#60=B_SPLINE_CURVE_WITH_KNOTS('',3,(#2298,#2299,#2300,#2301,#2302,#2303,
#2304,#2305,#2306,#2307,#2308,#2309,#2310),.UNSPECIFIED.,.F.,.F.,(4,1,1,
1,1,1,1,1,1,1,4),(0.,0.25,0.375,0.4375,0.46875,0.5,0.53125,0.5625,0.625,
0.75,1.),.UNSPECIFIED.);
#61=B_SPLINE_CURVE_WITH_KNOTS('',3,(#2313,#2314,#2315,#2316,#2317,#2318,
#2319,#2320,#2321,#2322,#2323),.UNSPECIFIED.,.F.,.F.,(4,1,1,1,1,1,1,1,4),
(0.,0.125,0.1875,0.25,0.3125,0.375,0.5,0.75,1.),.UNSPECIFIED.);
#62=B_SPLINE_CURVE_WITH_KNOTS('',3,(#2326,#2327,#2328,#2329,#2330,#2331,
#2332,#2333,#2334,#2335,#2336),.UNSPECIFIED.,.F.,.F.,(4,1,1,1,1,1,1,1,4),
(0.,0.25,0.5,0.625,0.6875,0.75,0.8125,0.875,1.),.UNSPECIFIED.);
#63=B_SPLINE_CURVE_WITH_KNOTS('',3,(#2558,#2559,#2560,#2561),
 .UNSPECIFIED.,.F.,.F.,(4,4),(0.,0.000626445732097208),.UNSPECIFIED.);
#64=B_SPLINE_CURVE_WITH_KNOTS('',3,(#2632,#2633,#2634,#2635,#2636,#2637),
 .UNSPECIFIED.,.F.,.F.,(4,1,1,4),(0.,0.000320400021966926,0.000640800043933852,
0.0012816000878677),.UNSPECIFIED.);
#65=B_SPLINE_CURVE_WITH_KNOTS('',3,(#2666,#2667,#2668,#2669),
 .UNSPECIFIED.,.F.,.F.,(4,4),(0.,1.),.UNSPECIFIED.);
#66=B_SPLINE_CURVE_WITH_KNOTS('',3,(#2671,#2672,#2673,#2674),
 .UNSPECIFIED.,.F.,.F.,(4,4),(0.,0.0027841851966071),.UNSPECIFIED.);
#67=B_SPLINE_CURVE_WITH_KNOTS('',3,(#2676,#2677,#2678,#2679),
 .UNSPECIFIED.,.F.,.F.,(4,4),(0.,1.),.UNSPECIFIED.);
#68=B_SPLINE_CURVE_WITH_KNOTS('',3,(#2706,#2707,#2708,#2709,#2710),
 .UNSPECIFIED.,.F.,.F.,(4,1,4),(0.,0.00105112937549725,0.00210225875099449),
 .UNSPECIFIED.);
#69=B_SPLINE_CURVE_WITH_KNOTS('',3,(#2729,#2730,#2731,#2732),
 .UNSPECIFIED.,.F.,.F.,(4,4),(0.,1.),.UNSPECIFIED.);
#70=B_SPLINE_CURVE_WITH_KNOTS('',3,(#2734,#2735,#2736,#2737),
 .UNSPECIFIED.,.F.,.F.,(4,4),(2.48544555050733E-11,0.00128866340908521),
 .UNSPECIFIED.);
#71=B_SPLINE_CURVE_WITH_KNOTS('',3,(#2739,#2740,#2741,#2742),
 .UNSPECIFIED.,.F.,.F.,(4,4),(0.,1.),.UNSPECIFIED.);
#72=B_SPLINE_CURVE_WITH_KNOTS('',3,(#2767,#2768,#2769,#2770,#2771),
 .UNSPECIFIED.,.F.,.F.,(4,1,4),(0.,0.00206634760542456,0.00413269521084912),
 .UNSPECIFIED.);
#73=B_SPLINE_CURVE_WITH_KNOTS('',3,(#2806,#2807,#2808,#2809,#2810,#2811),
 .UNSPECIFIED.,.F.,.F.,(4,1,1,4),(0.,0.000636292714399155,0.000954439071598733,
0.00127258542879831),.UNSPECIFIED.);
#74=B_SPLINE_CURVE_WITH_KNOTS('',3,(#2813,#2814,#2815,#2816),
 .UNSPECIFIED.,.F.,.F.,(4,4),(0.,0.000626445732110971),.UNSPECIFIED.);
#75=B_SPLINE_CURVE_WITH_KNOTS('',3,(#2855,#2856,#2857,#2858),
 .UNSPECIFIED.,.F.,.F.,(4,4),(0.,1.),.UNSPECIFIED.);
#76=B_SPLINE_CURVE_WITH_KNOTS('',3,(#2860,#2861,#2862,#2863),
 .UNSPECIFIED.,.F.,.F.,(4,4),(0.,0.000848166810275705),.UNSPECIFIED.);
#77=B_SPLINE_CURVE_WITH_KNOTS('',3,(#2865,#2866,#2867,#2868),
 .UNSPECIFIED.,.F.,.F.,(4,4),(0.,1.),.UNSPECIFIED.);
#78=B_SPLINE_CURVE_WITH_KNOTS('',3,(#2904,#2905,#2906,#2907),
 .UNSPECIFIED.,.F.,.F.,(4,4),(0.,0.000847316645401387),.UNSPECIFIED.);
#79=SPHERICAL_SURFACE('',#1427,1.);
#80=SPHERICAL_SURFACE('',#1431,1.);
#81=CYLINDRICAL_SURFACE('',#1419,3.6);
#82=CYLINDRICAL_SURFACE('',#1422,3.6);
#83=CYLINDRICAL_SURFACE('',#1435,1.);
#84=CYLINDRICAL_SURFACE('',#1438,1.);
#85=CYLINDRICAL_SURFACE('',#1444,1.);
#86=CYLINDRICAL_SURFACE('',#1445,1.);
#87=CYLINDRICAL_SURFACE('',#1446,1.);
#88=CYLINDRICAL_SURFACE('',#1450,3.);
#89=CYLINDRICAL_SURFACE('',#1454,3.);
#90=CYLINDRICAL_SURFACE('',#1456,3.);
#91=CYLINDRICAL_SURFACE('',#1466,3.);
#92=CYLINDRICAL_SURFACE('',#1468,3.);
#93=CYLINDRICAL_SURFACE('',#1472,3.);
#94=CYLINDRICAL_SURFACE('',#1474,3.);
#95=CYLINDRICAL_SURFACE('',#1477,3.);
#96=CYLINDRICAL_SURFACE('',#1479,3.);
#97=CYLINDRICAL_SURFACE('',#1481,3.);
#98=CYLINDRICAL_SURFACE('',#1483,1.);
#99=CYLINDRICAL_SURFACE('',#1485,1.);
#100=CYLINDRICAL_SURFACE('',#1487,0.4);
#101=CYLINDRICAL_SURFACE('',#1490,0.4);
#102=CYLINDRICAL_SURFACE('',#1493,0.4);
#103=CYLINDRICAL_SURFACE('',#1498,0.4);
#104=CYLINDRICAL_SURFACE('',#1501,0.4);
#105=CYLINDRICAL_SURFACE('',#1504,0.4);
#106=CYLINDRICAL_SURFACE('',#1510,0.4);
#107=CYLINDRICAL_SURFACE('',#1513,0.4);
#108=CYLINDRICAL_SURFACE('',#1516,0.4);
#109=CYLINDRICAL_SURFACE('',#1517,2.2);
#110=CYLINDRICAL_SURFACE('',#1520,1.7);
#111=CYLINDRICAL_SURFACE('',#1523,1.7);
#112=CIRCLE('',#1403,2.6);
#113=CIRCLE('',#1404,2.1);
#114=CIRCLE('',#1405,2.1);
#115=CIRCLE('',#1428,1.);
#116=CIRCLE('',#1429,1.);
#117=CIRCLE('',#1430,1.);
#118=CIRCLE('',#1432,1.);
#119=CIRCLE('',#1433,1.);
#120=CIRCLE('',#1434,1.);
#121=CIRCLE('',#1451,3.);
#122=CIRCLE('',#1452,3.);
#123=CIRCLE('',#1453,3.);
#124=CIRCLE('',#1458,3.);
#125=CIRCLE('',#1470,3.);
#126=CIRCLE('',#1471,3.);
#127=CIRCLE('',#1473,3.);
#128=CIRCLE('',#1476,3.);
#129=CIRCLE('',#1488,0.4);
#130=CIRCLE('',#1489,0.4);
#131=CIRCLE('',#1491,0.4);
#132=CIRCLE('',#1492,0.4);
#133=CIRCLE('',#1494,0.4);
#134=CIRCLE('',#1495,0.4);
#135=CIRCLE('',#1496,0.4);
#136=CIRCLE('',#1497,0.4);
#137=CIRCLE('',#1499,0.4);
#138=CIRCLE('',#1500,0.4);
#139=CIRCLE('',#1502,0.4);
#140=CIRCLE('',#1503,0.4);
#141=CIRCLE('',#1505,0.4);
#142=CIRCLE('',#1506,0.4);
#143=CIRCLE('',#1507,0.4);
#144=CIRCLE('',#1508,0.4);
#145=CIRCLE('',#1509,0.4);
#146=CIRCLE('',#1511,0.4);
#147=CIRCLE('',#1512,0.4);
#148=CIRCLE('',#1514,0.4);
#149=CIRCLE('',#1515,0.4);
#150=CIRCLE('',#1518,2.2);
#151=CIRCLE('',#1519,2.2);
#152=CIRCLE('',#1521,1.7);
#153=CIRCLE('',#1522,1.7);
#154=CIRCLE('',#1524,1.7);
#155=CIRCLE('',#1525,1.7);
#156=CIRCLE('',#1534,2.6);
#157=CIRCLE('',#1536,2.1);
#158=CIRCLE('',#1538,2.1);
#159=ELLIPSE('',#1399,1.91788695848701,1.);
#160=ELLIPSE('',#1401,1.46606218627884,1.);
#161=ELLIPSE('',#1406,0.851618397098385,0.6);
#162=ELLIPSE('',#1407,4.05769238738288,2.6);
#163=ELLIPSE('',#1408,10.3923048454136,6.);
#164=ELLIPSE('',#1409,10.3923048454114,6.);
#165=ELLIPSE('',#1410,3.24705938791221,2.6);
#166=ELLIPSE('',#1411,0.851618397098385,0.6);
#167=ELLIPSE('',#1413,1.91788695848782,1.);
#168=ELLIPSE('',#1415,5.6027291485659,3.4);
#169=ELLIPSE('',#1418,4.29607505143626,2.6);
#170=ELLIPSE('',#1420,4.81663783151692,3.6);
#171=ELLIPSE('',#1421,3.64965751817893,3.6);
#172=ELLIPSE('',#1423,4.81663783151692,3.6);
#173=ELLIPSE('',#1424,3.64965751817893,3.6);
#174=ELLIPSE('',#1426,6.88372351906611,2.6);
#175=ELLIPSE('',#1437,5.62788204290772,1.);
#176=ELLIPSE('',#1441,5.62788204300141,1.);
#177=ELLIPSE('',#1443,1.46606218627884,1.);
#178=ELLIPSE('',#1448,0.848528137423857,0.6);
#179=ELLIPSE('',#1449,0.848528137423857,0.6);
#180=ELLIPSE('',#1455,9.00000000000044,3.);
#181=ELLIPSE('',#1457,8.99999999999789,3.);
#182=ELLIPSE('',#1460,4.5254833995939,3.2);
#183=ELLIPSE('',#1461,4.5254833995939,3.2);
#184=ELLIPSE('',#1463,6.08820797042357,3.4);
#185=ELLIPSE('',#1467,7.04454750051016,3.);
#186=ELLIPSE('',#1469,5.369410946481,3.);
#187=ELLIPSE('',#1475,4.54931432718966,3.);
#188=ELLIPSE('',#1478,5.87420431131988,3.);
#189=ELLIPSE('',#1480,3.57538734525769,3.);
#190=ELLIPSE('',#1482,4.32491242808742,3.);
#191=ELLIPSE('',#1484,1.16844079622222,1.);
#192=ELLIPSE('',#1486,1.16844079622222,1.);
#193=ORIENTED_EDGE('',*,*,#587,.T.);
#194=ORIENTED_EDGE('',*,*,#588,.T.);
#195=ORIENTED_EDGE('',*,*,#589,.T.);
#196=ORIENTED_EDGE('',*,*,#590,.T.);
#197=ORIENTED_EDGE('',*,*,#591,.F.);
#198=ORIENTED_EDGE('',*,*,#592,.T.);
#199=ORIENTED_EDGE('',*,*,#593,.T.);
#200=ORIENTED_EDGE('',*,*,#594,.T.);
#201=ORIENTED_EDGE('',*,*,#595,.T.);
#202=ORIENTED_EDGE('',*,*,#596,.T.);
#203=ORIENTED_EDGE('',*,*,#597,.T.);
#204=ORIENTED_EDGE('',*,*,#598,.T.);
#205=ORIENTED_EDGE('',*,*,#599,.T.);
#206=ORIENTED_EDGE('',*,*,#600,.T.);
#207=ORIENTED_EDGE('',*,*,#601,.T.);
#208=ORIENTED_EDGE('',*,*,#602,.T.);
#209=ORIENTED_EDGE('',*,*,#603,.T.);
#210=ORIENTED_EDGE('',*,*,#604,.T.);
#211=ORIENTED_EDGE('',*,*,#605,.T.);
#212=ORIENTED_EDGE('',*,*,#606,.T.);
#213=ORIENTED_EDGE('',*,*,#607,.T.);
#214=ORIENTED_EDGE('',*,*,#608,.T.);
#215=ORIENTED_EDGE('',*,*,#609,.T.);
#216=ORIENTED_EDGE('',*,*,#610,.T.);
#217=ORIENTED_EDGE('',*,*,#611,.T.);
#218=ORIENTED_EDGE('',*,*,#612,.F.);
#219=ORIENTED_EDGE('',*,*,#613,.F.);
#220=ORIENTED_EDGE('',*,*,#614,.F.);
#221=ORIENTED_EDGE('',*,*,#615,.T.);
#222=ORIENTED_EDGE('',*,*,#616,.T.);
#223=ORIENTED_EDGE('',*,*,#617,.F.);
#224=ORIENTED_EDGE('',*,*,#618,.T.);
#225=ORIENTED_EDGE('',*,*,#619,.T.);
#226=ORIENTED_EDGE('',*,*,#620,.T.);
#227=ORIENTED_EDGE('',*,*,#621,.T.);
#228=ORIENTED_EDGE('',*,*,#622,.T.);
#229=ORIENTED_EDGE('',*,*,#623,.F.);
#230=ORIENTED_EDGE('',*,*,#624,.T.);
#231=ORIENTED_EDGE('',*,*,#625,.T.);
#232=ORIENTED_EDGE('',*,*,#626,.F.);
#233=ORIENTED_EDGE('',*,*,#627,.T.);
#234=ORIENTED_EDGE('',*,*,#628,.T.);
#235=ORIENTED_EDGE('',*,*,#629,.T.);
#236=ORIENTED_EDGE('',*,*,#630,.F.);
#237=ORIENTED_EDGE('',*,*,#631,.F.);
#238=ORIENTED_EDGE('',*,*,#630,.T.);
#239=ORIENTED_EDGE('',*,*,#632,.T.);
#240=ORIENTED_EDGE('',*,*,#623,.T.);
#241=ORIENTED_EDGE('',*,*,#633,.F.);
#242=ORIENTED_EDGE('',*,*,#625,.F.);
#243=ORIENTED_EDGE('',*,*,#634,.T.);
#244=ORIENTED_EDGE('',*,*,#635,.F.);
#245=ORIENTED_EDGE('',*,*,#636,.T.);
#246=ORIENTED_EDGE('',*,*,#635,.T.);
#247=ORIENTED_EDGE('',*,*,#637,.T.);
#248=ORIENTED_EDGE('',*,*,#638,.T.);
#249=ORIENTED_EDGE('',*,*,#639,.T.);
#250=ORIENTED_EDGE('',*,*,#640,.T.);
#251=ORIENTED_EDGE('',*,*,#641,.F.);
#252=ORIENTED_EDGE('',*,*,#642,.T.);
#253=ORIENTED_EDGE('',*,*,#643,.T.);
#254=ORIENTED_EDGE('',*,*,#644,.T.);
#255=ORIENTED_EDGE('',*,*,#645,.T.);
#256=ORIENTED_EDGE('',*,*,#646,.F.);
#257=ORIENTED_EDGE('',*,*,#647,.T.);
#258=ORIENTED_EDGE('',*,*,#641,.T.);
#259=ORIENTED_EDGE('',*,*,#648,.T.);
#260=ORIENTED_EDGE('',*,*,#617,.T.);
#261=ORIENTED_EDGE('',*,*,#649,.F.);
#262=ORIENTED_EDGE('',*,*,#650,.F.);
#263=ORIENTED_EDGE('',*,*,#651,.T.);
#264=ORIENTED_EDGE('',*,*,#614,.T.);
#265=ORIENTED_EDGE('',*,*,#648,.F.);
#266=ORIENTED_EDGE('',*,*,#652,.T.);
#267=ORIENTED_EDGE('',*,*,#646,.T.);
#268=ORIENTED_EDGE('',*,*,#653,.T.);
#269=ORIENTED_EDGE('',*,*,#654,.F.);
#270=ORIENTED_EDGE('',*,*,#590,.F.);
#271=ORIENTED_EDGE('',*,*,#653,.F.);
#272=ORIENTED_EDGE('',*,*,#655,.F.);
#273=ORIENTED_EDGE('',*,*,#647,.F.);
#274=ORIENTED_EDGE('',*,*,#656,.F.);
#275=ORIENTED_EDGE('',*,*,#652,.F.);
#276=ORIENTED_EDGE('',*,*,#589,.F.);
#277=ORIENTED_EDGE('',*,*,#657,.T.);
#278=ORIENTED_EDGE('',*,*,#658,.T.);
#279=ORIENTED_EDGE('',*,*,#659,.T.);
#280=ORIENTED_EDGE('',*,*,#660,.T.);
#281=ORIENTED_EDGE('',*,*,#661,.T.);
#282=ORIENTED_EDGE('',*,*,#658,.F.);
#283=ORIENTED_EDGE('',*,*,#662,.T.);
#284=ORIENTED_EDGE('',*,*,#661,.F.);
#285=ORIENTED_EDGE('',*,*,#663,.T.);
#286=ORIENTED_EDGE('',*,*,#597,.F.);
#287=ORIENTED_EDGE('',*,*,#644,.F.);
#288=ORIENTED_EDGE('',*,*,#612,.T.);
#289=ORIENTED_EDGE('',*,*,#664,.T.);
#290=ORIENTED_EDGE('',*,*,#591,.T.);
#291=ORIENTED_EDGE('',*,*,#665,.T.);
#292=ORIENTED_EDGE('',*,*,#650,.T.);
#293=ORIENTED_EDGE('',*,*,#643,.F.);
#294=ORIENTED_EDGE('',*,*,#645,.F.);
#295=ORIENTED_EDGE('',*,*,#613,.T.);
#296=ORIENTED_EDGE('',*,*,#642,.F.);
#297=ORIENTED_EDGE('',*,*,#655,.T.);
#298=ORIENTED_EDGE('',*,*,#666,.T.);
#299=ORIENTED_EDGE('',*,*,#667,.T.);
#300=ORIENTED_EDGE('',*,*,#668,.F.);
#301=ORIENTED_EDGE('',*,*,#669,.F.);
#302=ORIENTED_EDGE('',*,*,#670,.F.);
#303=ORIENTED_EDGE('',*,*,#671,.T.);
#304=ORIENTED_EDGE('',*,*,#670,.T.);
#305=ORIENTED_EDGE('',*,*,#672,.F.);
#306=ORIENTED_EDGE('',*,*,#626,.T.);
#307=ORIENTED_EDGE('',*,*,#673,.T.);
#308=ORIENTED_EDGE('',*,*,#674,.F.);
#309=ORIENTED_EDGE('',*,*,#633,.T.);
#310=ORIENTED_EDGE('',*,*,#672,.T.);
#311=ORIENTED_EDGE('',*,*,#669,.T.);
#312=ORIENTED_EDGE('',*,*,#668,.T.);
#313=ORIENTED_EDGE('',*,*,#675,.T.);
#314=ORIENTED_EDGE('',*,*,#631,.T.);
#315=ORIENTED_EDGE('',*,*,#674,.T.);
#316=ORIENTED_EDGE('',*,*,#640,.F.);
#317=ORIENTED_EDGE('',*,*,#676,.T.);
#318=ORIENTED_EDGE('',*,*,#666,.F.);
#319=ORIENTED_EDGE('',*,*,#677,.F.);
#320=ORIENTED_EDGE('',*,*,#677,.T.);
#321=ORIENTED_EDGE('',*,*,#671,.F.);
#322=ORIENTED_EDGE('',*,*,#673,.F.);
#323=ORIENTED_EDGE('',*,*,#636,.F.);
#324=ORIENTED_EDGE('',*,*,#678,.T.);
#325=ORIENTED_EDGE('',*,*,#679,.T.);
#326=ORIENTED_EDGE('',*,*,#680,.T.);
#327=ORIENTED_EDGE('',*,*,#681,.F.);
#328=ORIENTED_EDGE('',*,*,#682,.F.);
#329=ORIENTED_EDGE('',*,*,#683,.T.);
#330=ORIENTED_EDGE('',*,*,#684,.T.);
#331=ORIENTED_EDGE('',*,*,#685,.T.);
#332=ORIENTED_EDGE('',*,*,#686,.T.);
#333=ORIENTED_EDGE('',*,*,#687,.T.);
#334=ORIENTED_EDGE('',*,*,#688,.T.);
#335=ORIENTED_EDGE('',*,*,#689,.T.);
#336=ORIENTED_EDGE('',*,*,#690,.T.);
#337=ORIENTED_EDGE('',*,*,#691,.T.);
#338=ORIENTED_EDGE('',*,*,#692,.T.);
#339=ORIENTED_EDGE('',*,*,#693,.T.);
#340=ORIENTED_EDGE('',*,*,#694,.T.);
#341=ORIENTED_EDGE('',*,*,#695,.T.);
#342=ORIENTED_EDGE('',*,*,#696,.T.);
#343=ORIENTED_EDGE('',*,*,#697,.F.);
#344=ORIENTED_EDGE('',*,*,#698,.T.);
#345=ORIENTED_EDGE('',*,*,#699,.T.);
#346=ORIENTED_EDGE('',*,*,#700,.T.);
#347=ORIENTED_EDGE('',*,*,#701,.T.);
#348=ORIENTED_EDGE('',*,*,#702,.T.);
#349=ORIENTED_EDGE('',*,*,#703,.T.);
#350=ORIENTED_EDGE('',*,*,#684,.F.);
#351=ORIENTED_EDGE('',*,*,#704,.F.);
#352=ORIENTED_EDGE('',*,*,#620,.F.);
#353=ORIENTED_EDGE('',*,*,#639,.F.);
#354=ORIENTED_EDGE('',*,*,#705,.T.);
#355=ORIENTED_EDGE('',*,*,#706,.T.);
#356=ORIENTED_EDGE('',*,*,#606,.F.);
#357=ORIENTED_EDGE('',*,*,#707,.F.);
#358=ORIENTED_EDGE('',*,*,#707,.T.);
#359=ORIENTED_EDGE('',*,*,#605,.F.);
#360=ORIENTED_EDGE('',*,*,#708,.F.);
#361=ORIENTED_EDGE('',*,*,#676,.F.);
#362=ORIENTED_EDGE('',*,*,#708,.T.);
#363=ORIENTED_EDGE('',*,*,#604,.F.);
#364=ORIENTED_EDGE('',*,*,#709,.F.);
#365=ORIENTED_EDGE('',*,*,#667,.F.);
#366=ORIENTED_EDGE('',*,*,#710,.T.);
#367=ORIENTED_EDGE('',*,*,#711,.T.);
#368=ORIENTED_EDGE('',*,*,#692,.F.);
#369=ORIENTED_EDGE('',*,*,#712,.F.);
#370=ORIENTED_EDGE('',*,*,#680,.F.);
#371=ORIENTED_EDGE('',*,*,#603,.F.);
#372=ORIENTED_EDGE('',*,*,#713,.T.);
#373=ORIENTED_EDGE('',*,*,#714,.F.);
#374=ORIENTED_EDGE('',*,*,#675,.F.);
#375=ORIENTED_EDGE('',*,*,#709,.T.);
#376=ORIENTED_EDGE('',*,*,#714,.T.);
#377=ORIENTED_EDGE('',*,*,#715,.T.);
#378=ORIENTED_EDGE('',*,*,#716,.T.);
#379=ORIENTED_EDGE('',*,*,#627,.F.);
#380=ORIENTED_EDGE('',*,*,#696,.F.);
#381=ORIENTED_EDGE('',*,*,#717,.T.);
#382=ORIENTED_EDGE('',*,*,#622,.F.);
#383=ORIENTED_EDGE('',*,*,#718,.F.);
#384=ORIENTED_EDGE('',*,*,#690,.F.);
#385=ORIENTED_EDGE('',*,*,#719,.T.);
#386=ORIENTED_EDGE('',*,*,#698,.F.);
#387=ORIENTED_EDGE('',*,*,#720,.F.);
#388=ORIENTED_EDGE('',*,*,#593,.F.);
#389=ORIENTED_EDGE('',*,*,#721,.T.);
#390=ORIENTED_EDGE('',*,*,#694,.F.);
#391=ORIENTED_EDGE('',*,*,#722,.F.);
#392=ORIENTED_EDGE('',*,*,#615,.F.);
#393=ORIENTED_EDGE('',*,*,#651,.F.);
#394=ORIENTED_EDGE('',*,*,#665,.F.);
#395=ORIENTED_EDGE('',*,*,#700,.F.);
#396=ORIENTED_EDGE('',*,*,#723,.T.);
#397=ORIENTED_EDGE('',*,*,#659,.F.);
#398=ORIENTED_EDGE('',*,*,#662,.F.);
#399=ORIENTED_EDGE('',*,*,#657,.F.);
#400=ORIENTED_EDGE('',*,*,#588,.F.);
#401=ORIENTED_EDGE('',*,*,#724,.F.);
#402=ORIENTED_EDGE('',*,*,#664,.F.);
#403=ORIENTED_EDGE('',*,*,#611,.F.);
#404=ORIENTED_EDGE('',*,*,#725,.F.);
#405=ORIENTED_EDGE('',*,*,#592,.F.);
#406=ORIENTED_EDGE('',*,*,#725,.T.);
#407=ORIENTED_EDGE('',*,*,#610,.F.);
#408=ORIENTED_EDGE('',*,*,#726,.F.);
#409=ORIENTED_EDGE('',*,*,#721,.F.);
#410=ORIENTED_EDGE('',*,*,#726,.T.);
#411=ORIENTED_EDGE('',*,*,#609,.F.);
#412=ORIENTED_EDGE('',*,*,#727,.F.);
#413=ORIENTED_EDGE('',*,*,#695,.F.);
#414=ORIENTED_EDGE('',*,*,#727,.T.);
#415=ORIENTED_EDGE('',*,*,#608,.F.);
#416=ORIENTED_EDGE('',*,*,#728,.F.);
#417=ORIENTED_EDGE('',*,*,#717,.F.);
#418=ORIENTED_EDGE('',*,*,#728,.T.);
#419=ORIENTED_EDGE('',*,*,#607,.F.);
#420=ORIENTED_EDGE('',*,*,#729,.F.);
#421=ORIENTED_EDGE('',*,*,#618,.F.);
#422=ORIENTED_EDGE('',*,*,#729,.T.);
#423=ORIENTED_EDGE('',*,*,#706,.F.);
#424=ORIENTED_EDGE('',*,*,#730,.F.);
#425=ORIENTED_EDGE('',*,*,#619,.F.);
#426=ORIENTED_EDGE('',*,*,#730,.T.);
#427=ORIENTED_EDGE('',*,*,#705,.F.);
#428=ORIENTED_EDGE('',*,*,#731,.F.);
#429=ORIENTED_EDGE('',*,*,#702,.F.);
#430=ORIENTED_EDGE('',*,*,#731,.T.);
#431=ORIENTED_EDGE('',*,*,#638,.F.);
#432=ORIENTED_EDGE('',*,*,#732,.F.);
#433=ORIENTED_EDGE('',*,*,#703,.F.);
#434=ORIENTED_EDGE('',*,*,#732,.T.);
#435=ORIENTED_EDGE('',*,*,#637,.F.);
#436=ORIENTED_EDGE('',*,*,#733,.F.);
#437=ORIENTED_EDGE('',*,*,#685,.F.);
#438=ORIENTED_EDGE('',*,*,#733,.T.);
#439=ORIENTED_EDGE('',*,*,#634,.F.);
#440=ORIENTED_EDGE('',*,*,#734,.F.);
#441=ORIENTED_EDGE('',*,*,#686,.F.);
#442=ORIENTED_EDGE('',*,*,#734,.T.);
#443=ORIENTED_EDGE('',*,*,#624,.F.);
#444=ORIENTED_EDGE('',*,*,#735,.F.);
#445=ORIENTED_EDGE('',*,*,#687,.F.);
#446=ORIENTED_EDGE('',*,*,#735,.T.);
#447=ORIENTED_EDGE('',*,*,#632,.F.);
#448=ORIENTED_EDGE('',*,*,#736,.F.);
#449=ORIENTED_EDGE('',*,*,#678,.F.);
#450=ORIENTED_EDGE('',*,*,#736,.T.);
#451=ORIENTED_EDGE('',*,*,#629,.F.);
#452=ORIENTED_EDGE('',*,*,#737,.F.);
#453=ORIENTED_EDGE('',*,*,#679,.F.);
#454=ORIENTED_EDGE('',*,*,#737,.T.);
#455=ORIENTED_EDGE('',*,*,#628,.F.);
#456=ORIENTED_EDGE('',*,*,#738,.F.);
#457=ORIENTED_EDGE('',*,*,#710,.F.);
#458=ORIENTED_EDGE('',*,*,#738,.T.);
#459=ORIENTED_EDGE('',*,*,#716,.F.);
#460=ORIENTED_EDGE('',*,*,#739,.F.);
#461=ORIENTED_EDGE('',*,*,#711,.F.);
#462=ORIENTED_EDGE('',*,*,#739,.T.);
#463=ORIENTED_EDGE('',*,*,#715,.F.);
#464=ORIENTED_EDGE('',*,*,#740,.F.);
#465=ORIENTED_EDGE('',*,*,#693,.F.);
#466=ORIENTED_EDGE('',*,*,#740,.T.);
#467=ORIENTED_EDGE('',*,*,#713,.F.);
#468=ORIENTED_EDGE('',*,*,#741,.F.);
#469=ORIENTED_EDGE('',*,*,#688,.F.);
#470=ORIENTED_EDGE('',*,*,#741,.T.);
#471=ORIENTED_EDGE('',*,*,#602,.F.);
#472=ORIENTED_EDGE('',*,*,#742,.F.);
#473=ORIENTED_EDGE('',*,*,#689,.F.);
#474=ORIENTED_EDGE('',*,*,#742,.T.);
#475=ORIENTED_EDGE('',*,*,#601,.F.);
#476=ORIENTED_EDGE('',*,*,#743,.F.);
#477=ORIENTED_EDGE('',*,*,#719,.F.);
#478=ORIENTED_EDGE('',*,*,#743,.T.);
#479=ORIENTED_EDGE('',*,*,#600,.F.);
#480=ORIENTED_EDGE('',*,*,#744,.F.);
#481=ORIENTED_EDGE('',*,*,#699,.F.);
#482=ORIENTED_EDGE('',*,*,#744,.T.);
#483=ORIENTED_EDGE('',*,*,#599,.F.);
#484=ORIENTED_EDGE('',*,*,#745,.F.);
#485=ORIENTED_EDGE('',*,*,#723,.F.);
#486=ORIENTED_EDGE('',*,*,#745,.T.);
#487=ORIENTED_EDGE('',*,*,#598,.F.);
#488=ORIENTED_EDGE('',*,*,#663,.F.);
#489=ORIENTED_EDGE('',*,*,#660,.F.);
#490=ORIENTED_EDGE('',*,*,#746,.T.);
#491=ORIENTED_EDGE('',*,*,#747,.T.);
#492=ORIENTED_EDGE('',*,*,#748,.T.);
#493=ORIENTED_EDGE('',*,*,#749,.T.);
#494=ORIENTED_EDGE('',*,*,#750,.T.);
#495=ORIENTED_EDGE('',*,*,#751,.T.);
#496=ORIENTED_EDGE('',*,*,#616,.F.);
#497=ORIENTED_EDGE('',*,*,#752,.F.);
#498=ORIENTED_EDGE('',*,*,#753,.T.);
#499=ORIENTED_EDGE('',*,*,#754,.T.);
#500=ORIENTED_EDGE('',*,*,#722,.T.);
#501=ORIENTED_EDGE('',*,*,#755,.F.);
#502=ORIENTED_EDGE('',*,*,#756,.F.);
#503=ORIENTED_EDGE('',*,*,#752,.T.);
#504=ORIENTED_EDGE('',*,*,#697,.T.);
#505=ORIENTED_EDGE('',*,*,#757,.F.);
#506=ORIENTED_EDGE('',*,*,#758,.F.);
#507=ORIENTED_EDGE('',*,*,#755,.T.);
#508=ORIENTED_EDGE('',*,*,#718,.T.);
#509=ORIENTED_EDGE('',*,*,#759,.F.);
#510=ORIENTED_EDGE('',*,*,#760,.F.);
#511=ORIENTED_EDGE('',*,*,#757,.T.);
#512=ORIENTED_EDGE('',*,*,#621,.F.);
#513=ORIENTED_EDGE('',*,*,#761,.F.);
#514=ORIENTED_EDGE('',*,*,#762,.T.);
#515=ORIENTED_EDGE('',*,*,#759,.T.);
#516=ORIENTED_EDGE('',*,*,#704,.T.);
#517=ORIENTED_EDGE('',*,*,#683,.F.);
#518=ORIENTED_EDGE('',*,*,#763,.F.);
#519=ORIENTED_EDGE('',*,*,#761,.T.);
#520=ORIENTED_EDGE('',*,*,#712,.T.);
#521=ORIENTED_EDGE('',*,*,#764,.F.);
#522=ORIENTED_EDGE('',*,*,#765,.F.);
#523=ORIENTED_EDGE('',*,*,#681,.T.);
#524=ORIENTED_EDGE('',*,*,#691,.F.);
#525=ORIENTED_EDGE('',*,*,#766,.F.);
#526=ORIENTED_EDGE('',*,*,#767,.T.);
#527=ORIENTED_EDGE('',*,*,#764,.T.);
#528=ORIENTED_EDGE('',*,*,#720,.T.);
#529=ORIENTED_EDGE('',*,*,#768,.F.);
#530=ORIENTED_EDGE('',*,*,#769,.F.);
#531=ORIENTED_EDGE('',*,*,#766,.T.);
#532=ORIENTED_EDGE('',*,*,#701,.F.);
#533=ORIENTED_EDGE('',*,*,#770,.F.);
#534=ORIENTED_EDGE('',*,*,#771,.T.);
#535=ORIENTED_EDGE('',*,*,#768,.T.);
#536=ORIENTED_EDGE('',*,*,#724,.T.);
#537=ORIENTED_EDGE('',*,*,#772,.F.);
#538=ORIENTED_EDGE('',*,*,#773,.F.);
#539=ORIENTED_EDGE('',*,*,#770,.T.);
#540=ORIENTED_EDGE('',*,*,#587,.F.);
#541=ORIENTED_EDGE('',*,*,#774,.F.);
#542=ORIENTED_EDGE('',*,*,#775,.T.);
#543=ORIENTED_EDGE('',*,*,#772,.T.);
#544=ORIENTED_EDGE('',*,*,#654,.T.);
#545=ORIENTED_EDGE('',*,*,#776,.F.);
#546=ORIENTED_EDGE('',*,*,#777,.F.);
#547=ORIENTED_EDGE('',*,*,#774,.T.);
#548=ORIENTED_EDGE('',*,*,#656,.T.);
#549=ORIENTED_EDGE('',*,*,#778,.F.);
#550=ORIENTED_EDGE('',*,*,#779,.F.);
#551=ORIENTED_EDGE('',*,*,#776,.T.);
#552=ORIENTED_EDGE('',*,*,#780,.T.);
#553=ORIENTED_EDGE('',*,*,#747,.F.);
#554=ORIENTED_EDGE('',*,*,#781,.T.);
#555=ORIENTED_EDGE('',*,*,#749,.F.);
#556=ORIENTED_EDGE('',*,*,#782,.T.);
#557=ORIENTED_EDGE('',*,*,#751,.F.);
#558=ORIENTED_EDGE('',*,*,#649,.T.);
#559=ORIENTED_EDGE('',*,*,#754,.F.);
#560=ORIENTED_EDGE('',*,*,#783,.F.);
#561=ORIENTED_EDGE('',*,*,#778,.T.);
#562=ORIENTED_EDGE('',*,*,#782,.F.);
#563=ORIENTED_EDGE('',*,*,#781,.F.);
#564=ORIENTED_EDGE('',*,*,#780,.F.);
#565=ORIENTED_EDGE('',*,*,#753,.F.);
#566=ORIENTED_EDGE('',*,*,#756,.T.);
#567=ORIENTED_EDGE('',*,*,#758,.T.);
#568=ORIENTED_EDGE('',*,*,#760,.T.);
#569=ORIENTED_EDGE('',*,*,#762,.F.);
#570=ORIENTED_EDGE('',*,*,#763,.T.);
#571=ORIENTED_EDGE('',*,*,#682,.T.);
#572=ORIENTED_EDGE('',*,*,#765,.T.);
#573=ORIENTED_EDGE('',*,*,#767,.F.);
#574=ORIENTED_EDGE('',*,*,#769,.T.);
#575=ORIENTED_EDGE('',*,*,#771,.F.);
#576=ORIENTED_EDGE('',*,*,#773,.T.);
#577=ORIENTED_EDGE('',*,*,#775,.F.);
#578=ORIENTED_EDGE('',*,*,#777,.T.);
#579=ORIENTED_EDGE('',*,*,#779,.T.);
#580=ORIENTED_EDGE('',*,*,#783,.T.);
#581=ORIENTED_EDGE('',*,*,#746,.F.);
#582=ORIENTED_EDGE('',*,*,#594,.F.);
#583=ORIENTED_EDGE('',*,*,#748,.F.);
#584=ORIENTED_EDGE('',*,*,#595,.F.);
#585=ORIENTED_EDGE('',*,*,#750,.F.);
#586=ORIENTED_EDGE('',*,*,#596,.F.);
#587=EDGE_CURVE('',#784,#785,#903,.T.);
#588=EDGE_CURVE('',#785,#786,#904,.T.);
#589=EDGE_CURVE('',#786,#787,#905,.T.);
#590=EDGE_CURVE('',#787,#784,#159,.T.);
#591=EDGE_CURVE('',#788,#789,#160,.F.);
#592=EDGE_CURVE('',#788,#790,#906,.F.);
#593=EDGE_CURVE('',#790,#789,#907,.F.);
#594=EDGE_CURVE('',#791,#791,#112,.T.);
#595=EDGE_CURVE('',#792,#792,#113,.T.);
#596=EDGE_CURVE('',#793,#793,#114,.T.);
#597=EDGE_CURVE('',#794,#795,#908,.F.);
#598=EDGE_CURVE('',#795,#796,#909,.F.);
#599=EDGE_CURVE('',#796,#797,#161,.F.);
#600=EDGE_CURVE('',#797,#798,#910,.T.);
#601=EDGE_CURVE('',#798,#799,#162,.F.);
#602=EDGE_CURVE('',#799,#800,#911,.T.);
#603=EDGE_CURVE('',#800,#801,#163,.T.);
#604=EDGE_CURVE('',#801,#802,#912,.T.);
#605=EDGE_CURVE('',#802,#803,#164,.T.);
#606=EDGE_CURVE('',#803,#804,#913,.F.);
#607=EDGE_CURVE('',#804,#805,#914,.T.);
#608=EDGE_CURVE('',#805,#806,#165,.F.);
#609=EDGE_CURVE('',#806,#807,#915,.F.);
#610=EDGE_CURVE('',#807,#808,#166,.F.);
#611=EDGE_CURVE('',#808,#809,#916,.T.);
#612=EDGE_CURVE('',#810,#809,#917,.F.);
#613=EDGE_CURVE('',#794,#810,#918,.F.);
#614=EDGE_CURVE('',#811,#812,#919,.T.);
#615=EDGE_CURVE('',#811,#813,#920,.F.);
#616=EDGE_CURVE('',#813,#814,#921,.T.);
#617=EDGE_CURVE('',#812,#814,#167,.F.);
#618=EDGE_CURVE('',#815,#816,#922,.F.);
#619=EDGE_CURVE('',#816,#817,#168,.T.);
#620=EDGE_CURVE('',#817,#818,#923,.T.);
#621=EDGE_CURVE('',#818,#819,#924,.T.);
#622=EDGE_CURVE('',#819,#815,#925,.F.);
#623=EDGE_CURVE('',#820,#821,#926,.F.);
#624=EDGE_CURVE('',#820,#822,#927,.F.);
#625=EDGE_CURVE('',#822,#823,#928,.F.);
#626=EDGE_CURVE('',#821,#823,#929,.T.);
#627=EDGE_CURVE('',#824,#825,#930,.F.);
#628=EDGE_CURVE('',#825,#826,#169,.F.);
#629=EDGE_CURVE('',#826,#827,#931,.F.);
#630=EDGE_CURVE('',#828,#827,#932,.T.);
#631=EDGE_CURVE('',#824,#828,#933,.F.);
#632=EDGE_CURVE('',#827,#820,#170,.T.);
#633=EDGE_CURVE('',#828,#821,#171,.F.);
#634=EDGE_CURVE('',#822,#829,#172,.T.);
#635=EDGE_CURVE('',#830,#829,#934,.T.);
#636=EDGE_CURVE('',#830,#823,#173,.T.);
#637=EDGE_CURVE('',#829,#831,#935,.F.);
#638=EDGE_CURVE('',#831,#832,#174,.F.);
#639=EDGE_CURVE('',#832,#833,#936,.T.);
#640=EDGE_CURVE('',#833,#830,#937,.F.);
#641=EDGE_CURVE('',#834,#835,#115,.F.);
#642=EDGE_CURVE('',#834,#810,#116,.F.);
#643=EDGE_CURVE('',#810,#835,#117,.F.);
#644=EDGE_CURVE('',#836,#794,#118,.F.);
#645=EDGE_CURVE('',#794,#837,#119,.T.);
#646=EDGE_CURVE('',#836,#837,#120,.F.);
#647=EDGE_CURVE('',#838,#834,#938,.T.);
#648=EDGE_CURVE('',#835,#812,#939,.F.);
#649=EDGE_CURVE('',#838,#814,#43,.F.);
#650=EDGE_CURVE('',#839,#835,#940,.T.);
#651=EDGE_CURVE('',#839,#811,#175,.T.);
#652=EDGE_CURVE('',#787,#836,#941,.T.);
#653=EDGE_CURVE('',#837,#840,#942,.F.);
#654=EDGE_CURVE('',#784,#840,#44,.F.);
#655=EDGE_CURVE('',#834,#837,#943,.T.);
#656=EDGE_CURVE('',#840,#838,#944,.T.);
#657=EDGE_CURVE('',#786,#841,#176,.T.);
#658=EDGE_CURVE('',#841,#836,#945,.T.);
#659=EDGE_CURVE('',#842,#843,#946,.T.);
#660=EDGE_CURVE('',#843,#844,#947,.T.);
#661=EDGE_CURVE('',#844,#842,#177,.T.);
#662=EDGE_CURVE('',#841,#842,#45,.T.);
#663=EDGE_CURVE('',#844,#795,#46,.T.);
#664=EDGE_CURVE('',#809,#788,#47,.F.);
#665=EDGE_CURVE('',#789,#839,#48,.T.);
#666=EDGE_CURVE('',#845,#846,#948,.F.);
#667=EDGE_CURVE('',#846,#847,#949,.T.);
#668=EDGE_CURVE('',#848,#847,#950,.F.);
#669=EDGE_CURVE('',#849,#848,#178,.F.);
#670=EDGE_CURVE('',#850,#849,#951,.T.);
#671=EDGE_CURVE('',#850,#845,#179,.T.);
#672=EDGE_CURVE('',#821,#849,#121,.F.);
#673=EDGE_CURVE('',#823,#850,#122,.F.);
#674=EDGE_CURVE('',#828,#848,#123,.F.);
#675=EDGE_CURVE('',#847,#824,#180,.T.);
#676=EDGE_CURVE('',#833,#846,#181,.T.);
#677=EDGE_CURVE('',#830,#845,#124,.T.);
#678=EDGE_CURVE('',#851,#852,#182,.T.);
#679=EDGE_CURVE('',#852,#853,#952,.T.);
#680=EDGE_CURVE('',#853,#854,#953,.F.);
#681=EDGE_CURVE('',#855,#854,#49,.F.);
#682=EDGE_CURVE('',#856,#855,#954,.F.);
#683=EDGE_CURVE('',#856,#857,#50,.T.);
#684=EDGE_CURVE('',#857,#858,#955,.F.);
#685=EDGE_CURVE('',#858,#859,#956,.T.);
#686=EDGE_CURVE('',#859,#860,#183,.T.);
#687=EDGE_CURVE('',#860,#851,#957,.T.);
#688=EDGE_CURVE('',#861,#862,#51,.T.);
#689=EDGE_CURVE('',#862,#863,#958,.F.);
#690=EDGE_CURVE('',#863,#864,#959,.T.);
#691=EDGE_CURVE('',#864,#865,#960,.T.);
#692=EDGE_CURVE('',#865,#866,#961,.T.);
#693=EDGE_CURVE('',#866,#861,#184,.T.);
#694=EDGE_CURVE('',#867,#868,#962,.T.);
#695=EDGE_CURVE('',#868,#869,#963,.T.);
#696=EDGE_CURVE('',#869,#870,#964,.T.);
#697=EDGE_CURVE('',#867,#870,#965,.T.);
#698=EDGE_CURVE('',#871,#872,#966,.F.);
#699=EDGE_CURVE('',#872,#873,#967,.F.);
#700=EDGE_CURVE('',#873,#874,#968,.F.);
#701=EDGE_CURVE('',#874,#871,#969,.T.);
#702=EDGE_CURVE('',#817,#875,#52,.T.);
#703=EDGE_CURVE('',#875,#858,#185,.F.);
#704=EDGE_CURVE('',#818,#857,#53,.F.);
#705=EDGE_CURVE('',#832,#876,#54,.T.);
#706=EDGE_CURVE('',#876,#804,#186,.T.);
#707=EDGE_CURVE('',#833,#803,#125,.T.);
#708=EDGE_CURVE('',#846,#802,#126,.T.);
#709=EDGE_CURVE('',#847,#801,#127,.T.);
#710=EDGE_CURVE('',#853,#877,#187,.F.);
#711=EDGE_CURVE('',#877,#866,#55,.T.);
#712=EDGE_CURVE('',#854,#865,#56,.F.);
#713=EDGE_CURVE('',#800,#878,#57,.T.);
#714=EDGE_CURVE('',#824,#878,#128,.T.);
#715=EDGE_CURVE('',#878,#879,#188,.T.);
#716=EDGE_CURVE('',#879,#825,#58,.T.);
#717=EDGE_CURVE('',#869,#815,#189,.F.);
#718=EDGE_CURVE('',#870,#819,#59,.F.);
#719=EDGE_CURVE('',#863,#872,#190,.F.);
#720=EDGE_CURVE('',#864,#871,#60,.F.);
#721=EDGE_CURVE('',#790,#868,#191,.F.);
#722=EDGE_CURVE('',#813,#867,#61,.F.);
#723=EDGE_CURVE('',#873,#843,#192,.F.);
#724=EDGE_CURVE('',#874,#785,#62,.F.);
#725=EDGE_CURVE('',#790,#808,#129,.T.);
#726=EDGE_CURVE('',#868,#807,#130,.T.);
#727=EDGE_CURVE('',#869,#806,#131,.T.);
#728=EDGE_CURVE('',#815,#805,#132,.T.);
#729=EDGE_CURVE('',#816,#804,#133,.T.);
#730=EDGE_CURVE('',#817,#876,#134,.T.);
#731=EDGE_CURVE('',#875,#832,#135,.T.);
#732=EDGE_CURVE('',#858,#831,#136,.T.);
#733=EDGE_CURVE('',#859,#829,#137,.T.);
#734=EDGE_CURVE('',#860,#822,#138,.T.);
#735=EDGE_CURVE('',#851,#820,#139,.T.);
#736=EDGE_CURVE('',#852,#827,#140,.T.);
#737=EDGE_CURVE('',#853,#826,#141,.T.);
#738=EDGE_CURVE('',#877,#825,#142,.T.);
#739=EDGE_CURVE('',#866,#879,#143,.T.);
#740=EDGE_CURVE('',#861,#878,#144,.T.);
#741=EDGE_CURVE('',#862,#800,#145,.T.);
#742=EDGE_CURVE('',#863,#799,#146,.T.);
#743=EDGE_CURVE('',#872,#798,#147,.T.);
#744=EDGE_CURVE('',#873,#797,#148,.T.);
#745=EDGE_CURVE('',#843,#796,#149,.T.);
#746=EDGE_CURVE('',#880,#880,#150,.F.);
#747=EDGE_CURVE('',#881,#881,#151,.T.);
#748=EDGE_CURVE('',#882,#882,#152,.F.);
#749=EDGE_CURVE('',#883,#883,#153,.T.);
#750=EDGE_CURVE('',#884,#884,#154,.F.);
#751=EDGE_CURVE('',#885,#885,#155,.T.);
#752=EDGE_CURVE('',#886,#813,#970,.T.);
#753=EDGE_CURVE('',#886,#887,#971,.T.);
#754=EDGE_CURVE('',#887,#814,#63,.T.);
#755=EDGE_CURVE('',#888,#867,#972,.T.);
#756=EDGE_CURVE('',#886,#888,#64,.T.);
#757=EDGE_CURVE('',#889,#870,#973,.T.);
#758=EDGE_CURVE('',#888,#889,#974,.F.);
#759=EDGE_CURVE('',#890,#819,#65,.T.);
#760=EDGE_CURVE('',#889,#890,#66,.T.);
#761=EDGE_CURVE('',#891,#818,#67,.F.);
#762=EDGE_CURVE('',#891,#890,#975,.T.);
#763=EDGE_CURVE('',#891,#856,#68,.T.);
#764=EDGE_CURVE('',#892,#865,#69,.T.);
#765=EDGE_CURVE('',#855,#892,#70,.T.);
#766=EDGE_CURVE('',#893,#864,#71,.F.);
#767=EDGE_CURVE('',#893,#892,#976,.T.);
#768=EDGE_CURVE('',#894,#871,#977,.T.);
#769=EDGE_CURVE('',#893,#894,#72,.T.);
#770=EDGE_CURVE('',#895,#874,#978,.T.);
#771=EDGE_CURVE('',#895,#894,#979,.T.);
#772=EDGE_CURVE('',#896,#785,#980,.T.);
#773=EDGE_CURVE('',#895,#896,#73,.T.);
#774=EDGE_CURVE('',#897,#784,#74,.T.);
#775=EDGE_CURVE('',#897,#896,#981,.T.);
#776=EDGE_CURVE('',#898,#840,#75,.T.);
#777=EDGE_CURVE('',#897,#898,#76,.T.);
#778=EDGE_CURVE('',#899,#838,#77,.F.);
#779=EDGE_CURVE('',#898,#899,#982,.F.);
#780=EDGE_CURVE('',#900,#900,#156,.T.);
#781=EDGE_CURVE('',#901,#901,#157,.T.);
#782=EDGE_CURVE('',#902,#902,#158,.T.);
#783=EDGE_CURVE('',#899,#887,#78,.T.);
#784=VERTEX_POINT('',#1918);
#785=VERTEX_POINT('',#1919);
#786=VERTEX_POINT('',#1921);
#787=VERTEX_POINT('',#1923);
#788=VERTEX_POINT('',#1927);
#789=VERTEX_POINT('',#1928);
#790=VERTEX_POINT('',#1930);
#791=VERTEX_POINT('',#1934);
#792=VERTEX_POINT('',#1936);
#793=VERTEX_POINT('',#1938);
#794=VERTEX_POINT('',#1940);
#795=VERTEX_POINT('',#1941);
#796=VERTEX_POINT('',#1943);
#797=VERTEX_POINT('',#1945);
#798=VERTEX_POINT('',#1947);
#799=VERTEX_POINT('',#1949);
#800=VERTEX_POINT('',#1951);
#801=VERTEX_POINT('',#1953);
#802=VERTEX_POINT('',#1955);
#803=VERTEX_POINT('',#1957);
#804=VERTEX_POINT('',#1959);
#805=VERTEX_POINT('',#1961);
#806=VERTEX_POINT('',#1963);
#807=VERTEX_POINT('',#1965);
#808=VERTEX_POINT('',#1967);
#809=VERTEX_POINT('',#1969);
#810=VERTEX_POINT('',#1971);
#811=VERTEX_POINT('',#1975);
#812=VERTEX_POINT('',#1976);
#813=VERTEX_POINT('',#1978);
#814=VERTEX_POINT('',#1980);
#815=VERTEX_POINT('',#1984);
#816=VERTEX_POINT('',#1985);
#817=VERTEX_POINT('',#1987);
#818=VERTEX_POINT('',#1989);
#819=VERTEX_POINT('',#1991);
#820=VERTEX_POINT('',#1995);
#821=VERTEX_POINT('',#1996);
#822=VERTEX_POINT('',#1998);
#823=VERTEX_POINT('',#2000);
#824=VERTEX_POINT('',#2004);
#825=VERTEX_POINT('',#2005);
#826=VERTEX_POINT('',#2007);
#827=VERTEX_POINT('',#2009);
#828=VERTEX_POINT('',#2011);
#829=VERTEX_POINT('',#2018);
#830=VERTEX_POINT('',#2020);
#831=VERTEX_POINT('',#2024);
#832=VERTEX_POINT('',#2026);
#833=VERTEX_POINT('',#2028);
#834=VERTEX_POINT('',#2032);
#835=VERTEX_POINT('',#2033);
#836=VERTEX_POINT('',#2038);
#837=VERTEX_POINT('',#2040);
#838=VERTEX_POINT('',#2044);
#839=VERTEX_POINT('',#2054);
#840=VERTEX_POINT('',#2059);
#841=VERTEX_POINT('',#2071);
#842=VERTEX_POINT('',#2075);
#843=VERTEX_POINT('',#2076);
#844=VERTEX_POINT('',#2078);
#845=VERTEX_POINT('',#2102);
#846=VERTEX_POINT('',#2103);
#847=VERTEX_POINT('',#2105);
#848=VERTEX_POINT('',#2107);
#849=VERTEX_POINT('',#2109);
#850=VERTEX_POINT('',#2111);
#851=VERTEX_POINT('',#2148);
#852=VERTEX_POINT('',#2149);
#853=VERTEX_POINT('',#2151);
#854=VERTEX_POINT('',#2153);
#855=VERTEX_POINT('',#2158);
#856=VERTEX_POINT('',#2160);
#857=VERTEX_POINT('',#2165);
#858=VERTEX_POINT('',#2167);
#859=VERTEX_POINT('',#2169);
#860=VERTEX_POINT('',#2171);
#861=VERTEX_POINT('',#2178);
#862=VERTEX_POINT('',#2179);
#863=VERTEX_POINT('',#2181);
#864=VERTEX_POINT('',#2183);
#865=VERTEX_POINT('',#2185);
#866=VERTEX_POINT('',#2187);
#867=VERTEX_POINT('',#2191);
#868=VERTEX_POINT('',#2192);
#869=VERTEX_POINT('',#2194);
#870=VERTEX_POINT('',#2196);
#871=VERTEX_POINT('',#2200);
#872=VERTEX_POINT('',#2201);
#873=VERTEX_POINT('',#2203);
#874=VERTEX_POINT('',#2205);
#875=VERTEX_POINT('',#2212);
#876=VERTEX_POINT('',#2223);
#877=VERTEX_POINT('',#2246);
#878=VERTEX_POINT('',#2274);
#879=VERTEX_POINT('',#2278);
#880=VERTEX_POINT('',#2540);
#881=VERTEX_POINT('',#2542);
#882=VERTEX_POINT('',#2545);
#883=VERTEX_POINT('',#2547);
#884=VERTEX_POINT('',#2550);
#885=VERTEX_POINT('',#2552);
#886=VERTEX_POINT('',#2555);
#887=VERTEX_POINT('',#2557);
#888=VERTEX_POINT('',#2631);
#889=VERTEX_POINT('',#2640);
#890=VERTEX_POINT('',#2670);
#891=VERTEX_POINT('',#2680);
#892=VERTEX_POINT('',#2733);
#893=VERTEX_POINT('',#2743);
#894=VERTEX_POINT('',#2766);
#895=VERTEX_POINT('',#2774);
#896=VERTEX_POINT('',#2805);
#897=VERTEX_POINT('',#2817);
#898=VERTEX_POINT('',#2859);
#899=VERTEX_POINT('',#2869);
#900=VERTEX_POINT('',#2873);
#901=VERTEX_POINT('',#2876);
#902=VERTEX_POINT('',#2879);
#903=LINE('',#1917,#983);
#904=LINE('',#1920,#984);
#905=LINE('',#1922,#985);
#906=LINE('',#1929,#986);
#907=LINE('',#1931,#987);
#908=LINE('',#1939,#988);
#909=LINE('',#1942,#989);
#910=LINE('',#1946,#990);
#911=LINE('',#1950,#991);
#912=LINE('',#1954,#992);
#913=LINE('',#1958,#993);
#914=LINE('',#1960,#994);
#915=LINE('',#1964,#995);
#916=LINE('',#1968,#996);
#917=LINE('',#1970,#997);
#918=LINE('',#1972,#998);
#919=LINE('',#1974,#999);
#920=LINE('',#1977,#1000);
#921=LINE('',#1979,#1001);
#922=LINE('',#1983,#1002);
#923=LINE('',#1988,#1003);
#924=LINE('',#1990,#1004);
#925=LINE('',#1992,#1005);
#926=LINE('',#1994,#1006);
#927=LINE('',#1997,#1007);
#928=LINE('',#1999,#1008);
#929=LINE('',#2001,#1009);
#930=LINE('',#2003,#1010);
#931=LINE('',#2008,#1011);
#932=LINE('',#2010,#1012);
#933=LINE('',#2012,#1013);
#934=LINE('',#2019,#1014);
#935=LINE('',#2023,#1015);
#936=LINE('',#2027,#1016);
#937=LINE('',#2029,#1017);
#938=LINE('',#2043,#1018);
#939=LINE('',#2045,#1019);
#940=LINE('',#2053,#1020);
#941=LINE('',#2057,#1021);
#942=LINE('',#2058,#1022);
#943=LINE('',#2067,#1023);
#944=LINE('',#2068,#1024);
#945=LINE('',#2072,#1025);
#946=LINE('',#2074,#1026);
#947=LINE('',#2077,#1027);
#948=LINE('',#2101,#1028);
#949=LINE('',#2104,#1029);
#950=LINE('',#2106,#1030);
#951=LINE('',#2110,#1031);
#952=LINE('',#2150,#1032);
#953=LINE('',#2152,#1033);
#954=LINE('',#2159,#1034);
#955=LINE('',#2166,#1035);
#956=LINE('',#2168,#1036);
#957=LINE('',#2172,#1037);
#958=LINE('',#2180,#1038);
#959=LINE('',#2182,#1039);
#960=LINE('',#2184,#1040);
#961=LINE('',#2186,#1041);
#962=LINE('',#2190,#1042);
#963=LINE('',#2193,#1043);
#964=LINE('',#2195,#1044);
#965=LINE('',#2197,#1045);
#966=LINE('',#2199,#1046);
#967=LINE('',#2202,#1047);
#968=LINE('',#2204,#1048);
#969=LINE('',#2206,#1049);
#970=LINE('',#2554,#1050);
#971=LINE('',#2556,#1051);
#972=LINE('',#2630,#1052);
#973=LINE('',#2639,#1053);
#974=LINE('',#2641,#1054);
#975=LINE('',#2681,#1055);
#976=LINE('',#2744,#1056);
#977=LINE('',#2765,#1057);
#978=LINE('',#2773,#1058);
#979=LINE('',#2775,#1059);
#980=LINE('',#2804,#1060);
#981=LINE('',#2818,#1061);
#982=LINE('',#2870,#1062);
#983=VECTOR('',#1547,1000.);
#984=VECTOR('',#1548,1000.);
#985=VECTOR('',#1549,1000.);
#986=VECTOR('',#1556,1000.);
#987=VECTOR('',#1557,1000.);
#988=VECTOR('',#1566,1000.);
#989=VECTOR('',#1567,1000.);
#990=VECTOR('',#1570,1000.);
#991=VECTOR('',#1573,1000.);
#992=VECTOR('',#1576,1000.);
#993=VECTOR('',#1579,1000.);
#994=VECTOR('',#1580,1000.);
#995=VECTOR('',#1583,1000.);
#996=VECTOR('',#1586,1000.);
#997=VECTOR('',#1587,1000.);
#998=VECTOR('',#1588,1000.);
#999=VECTOR('',#1591,1000.);
#1000=VECTOR('',#1592,1000.);
#1001=VECTOR('',#1593,1000.);
#1002=VECTOR('',#1598,1000.);
#1003=VECTOR('',#1601,1000.);
#1004=VECTOR('',#1602,1000.);
#1005=VECTOR('',#1603,1000.);
#1006=VECTOR('',#1606,1000.);
#1007=VECTOR('',#1607,1000.);
#1008=VECTOR('',#1608,1000.);
#1009=VECTOR('',#1609,1000.);
#1010=VECTOR('',#1612,1000.);
#1011=VECTOR('',#1615,1000.);
#1012=VECTOR('',#1616,1000.);
#1013=VECTOR('',#1617,1000.);
#1014=VECTOR('',#1628,1000.);
#1015=VECTOR('',#1633,1000.);
#1016=VECTOR('',#1636,1000.);
#1017=VECTOR('',#1637,1000.);
#1018=VECTOR('',#1656,1000.);
#1019=VECTOR('',#1657,1000.);
#1020=VECTOR('',#1660,1000.);
#1021=VECTOR('',#1665,1000.);
#1022=VECTOR('',#1666,1000.);
#1023=VECTOR('',#1669,1000.);
#1024=VECTOR('',#1670,1000.);
#1025=VECTOR('',#1675,1000.);
#1026=VECTOR('',#1678,1000.);
#1027=VECTOR('',#1679,1000.);
#1028=VECTOR('',#1690,1000.);
#1029=VECTOR('',#1691,1000.);
#1030=VECTOR('',#1692,1000.);
#1031=VECTOR('',#1695,1000.);
#1032=VECTOR('',#1720,1000.);
#1033=VECTOR('',#1721,1000.);
#1034=VECTOR('',#1722,1000.);
#1035=VECTOR('',#1723,1000.);
#1036=VECTOR('',#1724,1000.);
#1037=VECTOR('',#1727,1000.);
#1038=VECTOR('',#1730,1000.);
#1039=VECTOR('',#1731,1000.);
#1040=VECTOR('',#1732,1000.);
#1041=VECTOR('',#1733,1000.);
#1042=VECTOR('',#1738,1000.);
#1043=VECTOR('',#1739,1000.);
#1044=VECTOR('',#1740,1000.);
#1045=VECTOR('',#1741,1000.);
#1046=VECTOR('',#1744,1000.);
#1047=VECTOR('',#1745,1000.);
#1048=VECTOR('',#1746,1000.);
#1049=VECTOR('',#1747,1000.);
#1050=VECTOR('',#1870,1000.);
#1051=VECTOR('',#1871,1000.);
#1052=VECTOR('',#1872,1000.);
#1053=VECTOR('',#1875,1000.);
#1054=VECTOR('',#1876,1000.);
#1055=VECTOR('',#1879,1000.);
#1056=VECTOR('',#1882,1000.);
#1057=VECTOR('',#1883,1000.);
#1058=VECTOR('',#1886,1000.);
#1059=VECTOR('',#1887,1000.);
#1060=VECTOR('',#1888,1000.);
#1061=VECTOR('',#1891,1000.);
#1062=VECTOR('',#1894,1000.);
#1063=EDGE_LOOP('',(#193,#194,#195,#196));
#1064=EDGE_LOOP('',(#197,#198,#199));
#1065=EDGE_LOOP('',(#200));
#1066=EDGE_LOOP('',(#201));
#1067=EDGE_LOOP('',(#202));
#1068=EDGE_LOOP('',(#203,#204,#205,#206,#207,#208,#209,#210,#211,#212,#213,
#214,#215,#216,#217,#218,#219));
#1069=EDGE_LOOP('',(#220,#221,#222,#223));
#1070=EDGE_LOOP('',(#224,#225,#226,#227,#228));
#1071=EDGE_LOOP('',(#229,#230,#231,#232));
#1072=EDGE_LOOP('',(#233,#234,#235,#236,#237));
#1073=EDGE_LOOP('',(#238,#239,#240,#241));
#1074=EDGE_LOOP('',(#242,#243,#244,#245));
#1075=EDGE_LOOP('',(#246,#247,#248,#249,#250));
#1076=EDGE_LOOP('',(#251,#252,#253));
#1077=EDGE_LOOP('',(#254,#255,#256));
#1078=EDGE_LOOP('',(#257,#258,#259,#260,#261));
#1079=EDGE_LOOP('',(#262,#263,#264,#265));
#1080=EDGE_LOOP('',(#266,#267,#268,#269,#270));
#1081=EDGE_LOOP('',(#271,#272,#273,#274));
#1082=EDGE_LOOP('',(#275,#276,#277,#278));
#1083=EDGE_LOOP('',(#279,#280,#281));
#1084=EDGE_LOOP('',(#282,#283,#284,#285,#286,#287));
#1085=EDGE_LOOP('',(#288,#289,#290,#291,#292,#293));
#1086=EDGE_LOOP('',(#294,#295,#296,#297));
#1087=EDGE_LOOP('',(#298,#299,#300,#301,#302,#303));
#1088=EDGE_LOOP('',(#304,#305,#306,#307));
#1089=EDGE_LOOP('',(#308,#309,#310,#311));
#1090=EDGE_LOOP('',(#312,#313,#314,#315));
#1091=EDGE_LOOP('',(#316,#317,#318,#319));
#1092=EDGE_LOOP('',(#320,#321,#322,#323));
#1093=EDGE_LOOP('',(#324,#325,#326,#327,#328,#329,#330,#331,#332,#333));
#1094=EDGE_LOOP('',(#334,#335,#336,#337,#338,#339));
#1095=EDGE_LOOP('',(#340,#341,#342,#343));
#1096=EDGE_LOOP('',(#344,#345,#346,#347));
#1097=EDGE_LOOP('',(#348,#349,#350,#351,#352));
#1098=EDGE_LOOP('',(#353,#354,#355,#356,#357));
#1099=EDGE_LOOP('',(#358,#359,#360,#361));
#1100=EDGE_LOOP('',(#362,#363,#364,#365));
#1101=EDGE_LOOP('',(#366,#367,#368,#369,#370));
#1102=EDGE_LOOP('',(#371,#372,#373,#374,#375));
#1103=EDGE_LOOP('',(#376,#377,#378,#379));
#1104=EDGE_LOOP('',(#380,#381,#382,#383));
#1105=EDGE_LOOP('',(#384,#385,#386,#387));
#1106=EDGE_LOOP('',(#388,#389,#390,#391,#392,#393,#394));
#1107=EDGE_LOOP('',(#395,#396,#397,#398,#399,#400,#401));
#1108=EDGE_LOOP('',(#402,#403,#404,#405));
#1109=EDGE_LOOP('',(#406,#407,#408,#409));
#1110=EDGE_LOOP('',(#410,#411,#412,#413));
#1111=EDGE_LOOP('',(#414,#415,#416,#417));
#1112=EDGE_LOOP('',(#418,#419,#420,#421));
#1113=EDGE_LOOP('',(#422,#423,#424,#425));
#1114=EDGE_LOOP('',(#426,#427,#428,#429));
#1115=EDGE_LOOP('',(#430,#431,#432,#433));
#1116=EDGE_LOOP('',(#434,#435,#436,#437));
#1117=EDGE_LOOP('',(#438,#439,#440,#441));
#1118=EDGE_LOOP('',(#442,#443,#444,#445));
#1119=EDGE_LOOP('',(#446,#447,#448,#449));
#1120=EDGE_LOOP('',(#450,#451,#452,#453));
#1121=EDGE_LOOP('',(#454,#455,#456,#457));
#1122=EDGE_LOOP('',(#458,#459,#460,#461));
#1123=EDGE_LOOP('',(#462,#463,#464,#465));
#1124=EDGE_LOOP('',(#466,#467,#468,#469));
#1125=EDGE_LOOP('',(#470,#471,#472,#473));
#1126=EDGE_LOOP('',(#474,#475,#476,#477));
#1127=EDGE_LOOP('',(#478,#479,#480,#481));
#1128=EDGE_LOOP('',(#482,#483,#484,#485));
#1129=EDGE_LOOP('',(#486,#487,#488,#489));
#1130=EDGE_LOOP('',(#490));
#1131=EDGE_LOOP('',(#491));
#1132=EDGE_LOOP('',(#492));
#1133=EDGE_LOOP('',(#493));
#1134=EDGE_LOOP('',(#494));
#1135=EDGE_LOOP('',(#495));
#1136=EDGE_LOOP('',(#496,#497,#498,#499));
#1137=EDGE_LOOP('',(#500,#501,#502,#503));
#1138=EDGE_LOOP('',(#504,#505,#506,#507));
#1139=EDGE_LOOP('',(#508,#509,#510,#511));
#1140=EDGE_LOOP('',(#512,#513,#514,#515));
#1141=EDGE_LOOP('',(#516,#517,#518,#519));
#1142=EDGE_LOOP('',(#520,#521,#522,#523));
#1143=EDGE_LOOP('',(#524,#525,#526,#527));
#1144=EDGE_LOOP('',(#528,#529,#530,#531));
#1145=EDGE_LOOP('',(#532,#533,#534,#535));
#1146=EDGE_LOOP('',(#536,#537,#538,#539));
#1147=EDGE_LOOP('',(#540,#541,#542,#543));
#1148=EDGE_LOOP('',(#544,#545,#546,#547));
#1149=EDGE_LOOP('',(#548,#549,#550,#551));
#1150=EDGE_LOOP('',(#552));
#1151=EDGE_LOOP('',(#553));
#1152=EDGE_LOOP('',(#554));
#1153=EDGE_LOOP('',(#555));
#1154=EDGE_LOOP('',(#556));
#1155=EDGE_LOOP('',(#557));
#1156=EDGE_LOOP('',(#558,#559,#560,#561));
#1157=EDGE_LOOP('',(#562));
#1158=EDGE_LOOP('',(#563));
#1159=EDGE_LOOP('',(#564));
#1160=EDGE_LOOP('',(#565,#566,#567,#568,#569,#570,#571,#572,#573,#574,#575,
#576,#577,#578,#579,#580));
#1161=EDGE_LOOP('',(#581));
#1162=EDGE_LOOP('',(#582));
#1163=EDGE_LOOP('',(#583));
#1164=EDGE_LOOP('',(#584));
#1165=EDGE_LOOP('',(#585));
#1166=EDGE_LOOP('',(#586));
#1167=FACE_BOUND('',#1063,.T.);
#1168=FACE_BOUND('',#1064,.T.);
#1169=FACE_BOUND('',#1065,.T.);
#1170=FACE_BOUND('',#1066,.T.);
#1171=FACE_BOUND('',#1067,.T.);
#1172=FACE_BOUND('',#1068,.T.);
#1173=FACE_BOUND('',#1069,.T.);
#1174=FACE_BOUND('',#1070,.T.);
#1175=FACE_BOUND('',#1071,.T.);
#1176=FACE_BOUND('',#1072,.T.);
#1177=FACE_BOUND('',#1073,.T.);
#1178=FACE_BOUND('',#1074,.T.);
#1179=FACE_BOUND('',#1075,.T.);
#1180=FACE_BOUND('',#1076,.T.);
#1181=FACE_BOUND('',#1077,.T.);
#1182=FACE_BOUND('',#1078,.T.);
#1183=FACE_BOUND('',#1079,.T.);
#1184=FACE_BOUND('',#1080,.T.);
#1185=FACE_BOUND('',#1081,.T.);
#1186=FACE_BOUND('',#1082,.T.);
#1187=FACE_BOUND('',#1083,.T.);
#1188=FACE_BOUND('',#1084,.T.);
#1189=FACE_BOUND('',#1085,.T.);
#1190=FACE_BOUND('',#1086,.T.);
#1191=FACE_BOUND('',#1087,.T.);
#1192=FACE_BOUND('',#1088,.T.);
#1193=FACE_BOUND('',#1089,.T.);
#1194=FACE_BOUND('',#1090,.T.);
#1195=FACE_BOUND('',#1091,.T.);
#1196=FACE_BOUND('',#1092,.T.);
#1197=FACE_BOUND('',#1093,.T.);
#1198=FACE_BOUND('',#1094,.T.);
#1199=FACE_BOUND('',#1095,.T.);
#1200=FACE_BOUND('',#1096,.T.);
#1201=FACE_BOUND('',#1097,.T.);
#1202=FACE_BOUND('',#1098,.T.);
#1203=FACE_BOUND('',#1099,.T.);
#1204=FACE_BOUND('',#1100,.T.);
#1205=FACE_BOUND('',#1101,.T.);
#1206=FACE_BOUND('',#1102,.T.);
#1207=FACE_BOUND('',#1103,.T.);
#1208=FACE_BOUND('',#1104,.T.);
#1209=FACE_BOUND('',#1105,.T.);
#1210=FACE_BOUND('',#1106,.T.);
#1211=FACE_BOUND('',#1107,.T.);
#1212=FACE_BOUND('',#1108,.T.);
#1213=FACE_BOUND('',#1109,.T.);
#1214=FACE_BOUND('',#1110,.T.);
#1215=FACE_BOUND('',#1111,.T.);
#1216=FACE_BOUND('',#1112,.T.);
#1217=FACE_BOUND('',#1113,.T.);
#1218=FACE_BOUND('',#1114,.T.);
#1219=FACE_BOUND('',#1115,.T.);
#1220=FACE_BOUND('',#1116,.T.);
#1221=FACE_BOUND('',#1117,.T.);
#1222=FACE_BOUND('',#1118,.T.);
#1223=FACE_BOUND('',#1119,.T.);
#1224=FACE_BOUND('',#1120,.T.);
#1225=FACE_BOUND('',#1121,.T.);
#1226=FACE_BOUND('',#1122,.T.);
#1227=FACE_BOUND('',#1123,.T.);
#1228=FACE_BOUND('',#1124,.T.);
#1229=FACE_BOUND('',#1125,.T.);
#1230=FACE_BOUND('',#1126,.T.);
#1231=FACE_BOUND('',#1127,.T.);
#1232=FACE_BOUND('',#1128,.T.);
#1233=FACE_BOUND('',#1129,.T.);
#1234=FACE_BOUND('',#1130,.T.);
#1235=FACE_BOUND('',#1131,.T.);
#1236=FACE_BOUND('',#1132,.T.);
#1237=FACE_BOUND('',#1133,.T.);
#1238=FACE_BOUND('',#1134,.T.);
#1239=FACE_BOUND('',#1135,.T.);
#1240=FACE_BOUND('',#1136,.T.);
#1241=FACE_BOUND('',#1137,.T.);
#1242=FACE_BOUND('',#1138,.T.);
#1243=FACE_BOUND('',#1139,.T.);
#1244=FACE_BOUND('',#1140,.T.);
#1245=FACE_BOUND('',#1141,.T.);
#1246=FACE_BOUND('',#1142,.T.);
#1247=FACE_BOUND('',#1143,.T.);
#1248=FACE_BOUND('',#1144,.T.);
#1249=FACE_BOUND('',#1145,.T.);
#1250=FACE_BOUND('',#1146,.T.);
#1251=FACE_BOUND('',#1147,.T.);
#1252=FACE_BOUND('',#1148,.T.);
#1253=FACE_BOUND('',#1149,.T.);
#1254=FACE_BOUND('',#1150,.T.);
#1255=FACE_BOUND('',#1151,.T.);
#1256=FACE_BOUND('',#1152,.T.);
#1257=FACE_BOUND('',#1153,.T.);
#1258=FACE_BOUND('',#1154,.T.);
#1259=FACE_BOUND('',#1155,.T.);
#1260=FACE_BOUND('',#1156,.T.);
#1261=FACE_BOUND('',#1157,.T.);
#1262=FACE_BOUND('',#1158,.T.);
#1263=FACE_BOUND('',#1159,.T.);
#1264=FACE_BOUND('',#1160,.T.);
#1265=FACE_BOUND('',#1161,.T.);
#1266=FACE_BOUND('',#1162,.T.);
#1267=FACE_BOUND('',#1163,.T.);
#1268=FACE_BOUND('',#1164,.T.);
#1269=FACE_BOUND('',#1165,.T.);
#1270=FACE_BOUND('',#1166,.T.);
#1271=PLANE('',#1398);
#1272=PLANE('',#1400);
#1273=PLANE('',#1402);
#1274=PLANE('',#1412);
#1275=PLANE('',#1414);
#1276=PLANE('',#1416);
#1277=PLANE('',#1417);
#1278=PLANE('',#1425);
#1279=PLANE('',#1436);
#1280=PLANE('',#1439);
#1281=PLANE('',#1440);
#1282=PLANE('',#1442);
#1283=PLANE('',#1447);
#1284=PLANE('',#1459);
#1285=PLANE('',#1462);
#1286=PLANE('',#1464);
#1287=PLANE('',#1465);
#1288=PLANE('',#1526);
#1289=PLANE('',#1527);
#1290=PLANE('',#1528);
#1291=PLANE('',#1529);
#1292=PLANE('',#1530);
#1293=PLANE('',#1531);
#1294=PLANE('',#1532);
#1295=PLANE('',#1539);
#1296=ADVANCED_FACE('',(#1167),#1271,.F.);
#1297=ADVANCED_FACE('',(#1168),#1272,.F.);
#1298=ADVANCED_FACE('',(#1169,#1170,#1171,#1172),#1273,.F.);
#1299=ADVANCED_FACE('',(#1173),#1274,.F.);
#1300=ADVANCED_FACE('',(#1174),#1275,.F.);
#1301=ADVANCED_FACE('',(#1175),#1276,.F.);
#1302=ADVANCED_FACE('',(#1176),#1277,.F.);
#1303=ADVANCED_FACE('',(#1177),#81,.T.);
#1304=ADVANCED_FACE('',(#1178),#82,.T.);
#1305=ADVANCED_FACE('',(#1179),#1278,.F.);
#1306=ADVANCED_FACE('',(#1180),#79,.T.);
#1307=ADVANCED_FACE('',(#1181),#80,.T.);
#1308=ADVANCED_FACE('',(#1182),#83,.T.);
#1309=ADVANCED_FACE('',(#1183),#1279,.F.);
#1310=ADVANCED_FACE('',(#1184),#84,.T.);
#1311=ADVANCED_FACE('',(#1185),#1280,.T.);
#1312=ADVANCED_FACE('',(#1186),#1281,.F.);
#1313=ADVANCED_FACE('',(#1187),#1282,.F.);
#1314=ADVANCED_FACE('',(#1188),#85,.T.);
#1315=ADVANCED_FACE('',(#1189),#86,.T.);
#1316=ADVANCED_FACE('',(#1190),#87,.T.);
#1317=ADVANCED_FACE('',(#1191),#1283,.T.);
#1318=ADVANCED_FACE('',(#1192),#88,.T.);
#1319=ADVANCED_FACE('',(#1193),#26,.T.);
#1320=ADVANCED_FACE('',(#1194),#89,.T.);
#1321=ADVANCED_FACE('',(#1195),#90,.T.);
#1322=ADVANCED_FACE('',(#1196),#27,.T.);
#1323=ADVANCED_FACE('',(#1197),#1284,.T.);
#1324=ADVANCED_FACE('',(#1198),#1285,.F.);
#1325=ADVANCED_FACE('',(#1199),#1286,.T.);
#1326=ADVANCED_FACE('',(#1200),#1287,.F.);
#1327=ADVANCED_FACE('',(#1201),#91,.T.);
#1328=ADVANCED_FACE('',(#1202),#92,.F.);
#1329=ADVANCED_FACE('',(#1203),#28,.F.);
#1330=ADVANCED_FACE('',(#1204),#93,.F.);
#1331=ADVANCED_FACE('',(#1205),#94,.T.);
#1332=ADVANCED_FACE('',(#1206),#29,.F.);
#1333=ADVANCED_FACE('',(#1207),#95,.F.);
#1334=ADVANCED_FACE('',(#1208),#96,.T.);
#1335=ADVANCED_FACE('',(#1209),#97,.T.);
#1336=ADVANCED_FACE('',(#1210),#98,.T.);
#1337=ADVANCED_FACE('',(#1211),#99,.T.);
#1338=ADVANCED_FACE('',(#1212),#100,.T.);
#1339=ADVANCED_FACE('',(#1213),#30,.T.);
#1340=ADVANCED_FACE('',(#1214),#101,.T.);
#1341=ADVANCED_FACE('',(#1215),#31,.T.);
#1342=ADVANCED_FACE('',(#1216),#102,.T.);
#1343=ADVANCED_FACE('',(#1217),#32,.T.);
#1344=ADVANCED_FACE('',(#1218),#33,.T.);
#1345=ADVANCED_FACE('',(#1219),#34,.T.);
#1346=ADVANCED_FACE('',(#1220),#103,.T.);
#1347=ADVANCED_FACE('',(#1221),#35,.T.);
#1348=ADVANCED_FACE('',(#1222),#104,.T.);
#1349=ADVANCED_FACE('',(#1223),#36,.T.);
#1350=ADVANCED_FACE('',(#1224),#105,.T.);
#1351=ADVANCED_FACE('',(#1225),#37,.T.);
#1352=ADVANCED_FACE('',(#1226),#38,.T.);
#1353=ADVANCED_FACE('',(#1227),#39,.T.);
#1354=ADVANCED_FACE('',(#1228),#40,.T.);
#1355=ADVANCED_FACE('',(#1229),#106,.T.);
#1356=ADVANCED_FACE('',(#1230),#41,.T.);
#1357=ADVANCED_FACE('',(#1231),#107,.T.);
#1358=ADVANCED_FACE('',(#1232),#42,.T.);
#1359=ADVANCED_FACE('',(#1233),#108,.T.);
#1360=ADVANCED_FACE('',(#1234,#1235),#109,.F.);
#1361=ADVANCED_FACE('',(#1236,#1237),#110,.F.);
#1362=ADVANCED_FACE('',(#1238,#1239),#111,.F.);
#1363=ADVANCED_FACE('',(#1240),#1288,.T.);
#1364=ADVANCED_FACE('',(#1241),#18,.F.);
#1365=ADVANCED_FACE('',(#1242),#1289,.T.);
#1366=ADVANCED_FACE('',(#1243),#19,.F.);
#1367=ADVANCED_FACE('',(#1244),#1290,.T.);
#1368=ADVANCED_FACE('',(#1245),#20,.F.);
#1369=ADVANCED_FACE('',(#1246),#21,.F.);
#1370=ADVANCED_FACE('',(#1247),#1291,.T.);
#1371=ADVANCED_FACE('',(#1248),#22,.F.);
#1372=ADVANCED_FACE('',(#1249),#1292,.T.);
#1373=ADVANCED_FACE('',(#1250),#23,.F.);
#1374=ADVANCED_FACE('',(#1251),#1293,.T.);
#1375=ADVANCED_FACE('',(#1252),#24,.F.);
#1376=ADVANCED_FACE('',(#1253),#1294,.T.);
#1377=ADVANCED_FACE('',(#1254,#1255),#12,.F.);
#1378=ADVANCED_FACE('',(#1256,#1257),#13,.F.);
#1379=ADVANCED_FACE('',(#1258,#1259),#14,.F.);
#1380=ADVANCED_FACE('',(#1260),#25,.F.);
#1381=ADVANCED_FACE('',(#1261,#1262,#1263,#1264),#1295,.T.);
#1382=ADVANCED_FACE('',(#1265,#1266),#15,.F.);
#1383=ADVANCED_FACE('',(#1267,#1268),#16,.F.);
#1384=ADVANCED_FACE('',(#1269,#1270),#17,.F.);
#1385=CLOSED_SHELL('',(#1296,#1297,#1298,#1299,#1300,#1301,#1302,#1303,
#1304,#1305,#1306,#1307,#1308,#1309,#1310,#1311,#1312,#1313,#1314,#1315,
#1316,#1317,#1318,#1319,#1320,#1321,#1322,#1323,#1324,#1325,#1326,#1327,
#1328,#1329,#1330,#1331,#1332,#1333,#1334,#1335,#1336,#1337,#1338,#1339,
#1340,#1341,#1342,#1343,#1344,#1345,#1346,#1347,#1348,#1349,#1350,#1351,
#1352,#1353,#1354,#1355,#1356,#1357,#1358,#1359,#1360,#1361,#1362,#1363,
#1364,#1365,#1366,#1367,#1368,#1369,#1370,#1371,#1372,#1373,#1374,#1375,
#1376,#1377,#1378,#1379,#1380,#1381,#1382,#1383,#1384));
#1386=STYLED_ITEM('',(#1387),#1394);
#1387=PRESENTATION_STYLE_ASSIGNMENT((#1388));
#1388=SURFACE_STYLE_USAGE(.BOTH.,#1389);
#1389=SURFACE_SIDE_STYLE('',(#1390));
#1390=SURFACE_STYLE_FILL_AREA(#1391);
#1391=FILL_AREA_STYLE('',(#1392));
#1392=FILL_AREA_STYLE_COLOUR('',#1393);
#1393=COLOUR_RGB('',0.290196078431373,0.435294117647059,0.647058823529412);
#1394=MANIFOLD_SOLID_BREP('[a]_orbiter-UHF-adapter_o2_xol',#1385);
#1395=SHAPE_DEFINITION_REPRESENTATION(#2918,#1396);
#1396=SHAPE_REPRESENTATION('[a]_orbiter-UHF-adapter_o2_xol',(#1397),#2913);
#1397=AXIS2_PLACEMENT_3D('',#1915,#1543,#1544);
#1398=AXIS2_PLACEMENT_3D('',#1916,#1545,#1546);
#1399=AXIS2_PLACEMENT_3D('',#1924,#1550,#1551);
#1400=AXIS2_PLACEMENT_3D('',#1925,#1552,#1553);
#1401=AXIS2_PLACEMENT_3D('',#1926,#1554,#1555);
#1402=AXIS2_PLACEMENT_3D('',#1932,#1558,#1559);
#1403=AXIS2_PLACEMENT_3D('',#1933,#1560,#1561);
#1404=AXIS2_PLACEMENT_3D('',#1935,#1562,#1563);
#1405=AXIS2_PLACEMENT_3D('',#1937,#1564,#1565);
#1406=AXIS2_PLACEMENT_3D('',#1944,#1568,#1569);
#1407=AXIS2_PLACEMENT_3D('',#1948,#1571,#1572);
#1408=AXIS2_PLACEMENT_3D('',#1952,#1574,#1575);
#1409=AXIS2_PLACEMENT_3D('',#1956,#1577,#1578);
#1410=AXIS2_PLACEMENT_3D('',#1962,#1581,#1582);
#1411=AXIS2_PLACEMENT_3D('',#1966,#1584,#1585);
#1412=AXIS2_PLACEMENT_3D('',#1973,#1589,#1590);
#1413=AXIS2_PLACEMENT_3D('',#1981,#1594,#1595);
#1414=AXIS2_PLACEMENT_3D('',#1982,#1596,#1597);
#1415=AXIS2_PLACEMENT_3D('',#1986,#1599,#1600);
#1416=AXIS2_PLACEMENT_3D('',#1993,#1604,#1605);
#1417=AXIS2_PLACEMENT_3D('',#2002,#1610,#1611);
#1418=AXIS2_PLACEMENT_3D('',#2006,#1613,#1614);
#1419=AXIS2_PLACEMENT_3D('',#2013,#1618,#1619);
#1420=AXIS2_PLACEMENT_3D('',#2014,#1620,#1621);
#1421=AXIS2_PLACEMENT_3D('',#2015,#1622,#1623);
#1422=AXIS2_PLACEMENT_3D('',#2016,#1624,#1625);
#1423=AXIS2_PLACEMENT_3D('',#2017,#1626,#1627);
#1424=AXIS2_PLACEMENT_3D('',#2021,#1629,#1630);
#1425=AXIS2_PLACEMENT_3D('',#2022,#1631,#1632);
#1426=AXIS2_PLACEMENT_3D('',#2025,#1634,#1635);
#1427=AXIS2_PLACEMENT_3D('',#2030,#1638,#1639);
#1428=AXIS2_PLACEMENT_3D('',#2031,#1640,#1641);
#1429=AXIS2_PLACEMENT_3D('',#2034,#1642,#1643);
#1430=AXIS2_PLACEMENT_3D('',#2035,#1644,#1645);
#1431=AXIS2_PLACEMENT_3D('',#2036,#1646,#1647);
#1432=AXIS2_PLACEMENT_3D('',#2037,#1648,#1649);
#1433=AXIS2_PLACEMENT_3D('',#2039,#1650,#1651);
#1434=AXIS2_PLACEMENT_3D('',#2041,#1652,#1653);
#1435=AXIS2_PLACEMENT_3D('',#2042,#1654,#1655);
#1436=AXIS2_PLACEMENT_3D('',#2052,#1658,#1659);
#1437=AXIS2_PLACEMENT_3D('',#2055,#1661,#1662);
#1438=AXIS2_PLACEMENT_3D('',#2056,#1663,#1664);
#1439=AXIS2_PLACEMENT_3D('',#2066,#1667,#1668);
#1440=AXIS2_PLACEMENT_3D('',#2069,#1671,#1672);
#1441=AXIS2_PLACEMENT_3D('',#2070,#1673,#1674);
#1442=AXIS2_PLACEMENT_3D('',#2073,#1676,#1677);
#1443=AXIS2_PLACEMENT_3D('',#2079,#1680,#1681);
#1444=AXIS2_PLACEMENT_3D('',#2080,#1682,#1683);
#1445=AXIS2_PLACEMENT_3D('',#2089,#1684,#1685);
#1446=AXIS2_PLACEMENT_3D('',#2099,#1686,#1687);
#1447=AXIS2_PLACEMENT_3D('',#2100,#1688,#1689);
#1448=AXIS2_PLACEMENT_3D('',#2108,#1693,#1694);
#1449=AXIS2_PLACEMENT_3D('',#2112,#1696,#1697);
#1450=AXIS2_PLACEMENT_3D('',#2113,#1698,#1699);
#1451=AXIS2_PLACEMENT_3D('',#2114,#1700,#1701);
#1452=AXIS2_PLACEMENT_3D('',#2115,#1702,#1703);
#1453=AXIS2_PLACEMENT_3D('',#2128,#1704,#1705);
#1454=AXIS2_PLACEMENT_3D('',#2129,#1706,#1707);
#1455=AXIS2_PLACEMENT_3D('',#2130,#1708,#1709);
#1456=AXIS2_PLACEMENT_3D('',#2131,#1710,#1711);
#1457=AXIS2_PLACEMENT_3D('',#2132,#1712,#1713);
#1458=AXIS2_PLACEMENT_3D('',#2133,#1714,#1715);
#1459=AXIS2_PLACEMENT_3D('',#2146,#1716,#1717);
#1460=AXIS2_PLACEMENT_3D('',#2147,#1718,#1719);
#1461=AXIS2_PLACEMENT_3D('',#2170,#1725,#1726);
#1462=AXIS2_PLACEMENT_3D('',#2173,#1728,#1729);
#1463=AXIS2_PLACEMENT_3D('',#2188,#1734,#1735);
#1464=AXIS2_PLACEMENT_3D('',#2189,#1736,#1737);
#1465=AXIS2_PLACEMENT_3D('',#2198,#1742,#1743);
#1466=AXIS2_PLACEMENT_3D('',#2207,#1748,#1749);
#1467=AXIS2_PLACEMENT_3D('',#2213,#1750,#1751);
#1468=AXIS2_PLACEMENT_3D('',#2218,#1752,#1753);
#1469=AXIS2_PLACEMENT_3D('',#2224,#1754,#1755);
#1470=AXIS2_PLACEMENT_3D('',#2225,#1756,#1757);
#1471=AXIS2_PLACEMENT_3D('',#2241,#1758,#1759);
#1472=AXIS2_PLACEMENT_3D('',#2242,#1760,#1761);
#1473=AXIS2_PLACEMENT_3D('',#2243,#1762,#1763);
#1474=AXIS2_PLACEMENT_3D('',#2244,#1764,#1765);
#1475=AXIS2_PLACEMENT_3D('',#2245,#1766,#1767);
#1476=AXIS2_PLACEMENT_3D('',#2275,#1768,#1769);
#1477=AXIS2_PLACEMENT_3D('',#2276,#1770,#1771);
#1478=AXIS2_PLACEMENT_3D('',#2277,#1772,#1773);
#1479=AXIS2_PLACEMENT_3D('',#2283,#1774,#1775);
#1480=AXIS2_PLACEMENT_3D('',#2284,#1776,#1777);
#1481=AXIS2_PLACEMENT_3D('',#2296,#1778,#1779);
#1482=AXIS2_PLACEMENT_3D('',#2297,#1780,#1781);
#1483=AXIS2_PLACEMENT_3D('',#2311,#1782,#1783);
#1484=AXIS2_PLACEMENT_3D('',#2312,#1784,#1785);
#1485=AXIS2_PLACEMENT_3D('',#2324,#1786,#1787);
#1486=AXIS2_PLACEMENT_3D('',#2325,#1788,#1789);
#1487=AXIS2_PLACEMENT_3D('',#2337,#1790,#1791);
#1488=AXIS2_PLACEMENT_3D('',#2338,#1792,#1793);
#1489=AXIS2_PLACEMENT_3D('',#2354,#1794,#1795);
#1490=AXIS2_PLACEMENT_3D('',#2355,#1796,#1797);
#1491=AXIS2_PLACEMENT_3D('',#2356,#1798,#1799);
#1492=AXIS2_PLACEMENT_3D('',#2369,#1800,#1801);
#1493=AXIS2_PLACEMENT_3D('',#2370,#1802,#1803);
#1494=AXIS2_PLACEMENT_3D('',#2371,#1804,#1805);
#1495=AXIS2_PLACEMENT_3D('',#2384,#1806,#1807);
#1496=AXIS2_PLACEMENT_3D('',#2397,#1808,#1809);
#1497=AXIS2_PLACEMENT_3D('',#2410,#1810,#1811);
#1498=AXIS2_PLACEMENT_3D('',#2411,#1812,#1813);
#1499=AXIS2_PLACEMENT_3D('',#2412,#1814,#1815);
#1500=AXIS2_PLACEMENT_3D('',#2428,#1816,#1817);
#1501=AXIS2_PLACEMENT_3D('',#2429,#1818,#1819);
#1502=AXIS2_PLACEMENT_3D('',#2430,#1820,#1821);
#1503=AXIS2_PLACEMENT_3D('',#2446,#1822,#1823);
#1504=AXIS2_PLACEMENT_3D('',#2447,#1824,#1825);
#1505=AXIS2_PLACEMENT_3D('',#2448,#1826,#1827);
#1506=AXIS2_PLACEMENT_3D('',#2461,#1828,#1829);
#1507=AXIS2_PLACEMENT_3D('',#2474,#1830,#1831);
#1508=AXIS2_PLACEMENT_3D('',#2487,#1832,#1833);
#1509=AXIS2_PLACEMENT_3D('',#2500,#1834,#1835);
#1510=AXIS2_PLACEMENT_3D('',#2501,#1836,#1837);
#1511=AXIS2_PLACEMENT_3D('',#2502,#1838,#1839);
#1512=AXIS2_PLACEMENT_3D('',#2518,#1840,#1841);
#1513=AXIS2_PLACEMENT_3D('',#2519,#1842,#1843);
#1514=AXIS2_PLACEMENT_3D('',#2520,#1844,#1845);
#1515=AXIS2_PLACEMENT_3D('',#2536,#1846,#1847);
#1516=AXIS2_PLACEMENT_3D('',#2537,#1848,#1849);
#1517=AXIS2_PLACEMENT_3D('',#2538,#1850,#1851);
#1518=AXIS2_PLACEMENT_3D('',#2539,#1852,#1853);
#1519=AXIS2_PLACEMENT_3D('',#2541,#1854,#1855);
#1520=AXIS2_PLACEMENT_3D('',#2543,#1856,#1857);
#1521=AXIS2_PLACEMENT_3D('',#2544,#1858,#1859);
#1522=AXIS2_PLACEMENT_3D('',#2546,#1860,#1861);
#1523=AXIS2_PLACEMENT_3D('',#2548,#1862,#1863);
#1524=AXIS2_PLACEMENT_3D('',#2549,#1864,#1865);
#1525=AXIS2_PLACEMENT_3D('',#2551,#1866,#1867);
#1526=AXIS2_PLACEMENT_3D('',#2553,#1868,#1869);
#1527=AXIS2_PLACEMENT_3D('',#2638,#1873,#1874);
#1528=AXIS2_PLACEMENT_3D('',#2675,#1877,#1878);
#1529=AXIS2_PLACEMENT_3D('',#2738,#1880,#1881);
#1530=AXIS2_PLACEMENT_3D('',#2772,#1884,#1885);
#1531=AXIS2_PLACEMENT_3D('',#2812,#1889,#1890);
#1532=AXIS2_PLACEMENT_3D('',#2864,#1892,#1893);
#1533=AXIS2_PLACEMENT_3D('',#2871,#1895,#1896);
#1534=AXIS2_PLACEMENT_3D('',#2872,#1897,#1898);
#1535=AXIS2_PLACEMENT_3D('',#2874,#1899,#1900);
#1536=AXIS2_PLACEMENT_3D('',#2875,#1901,#1902);
#1537=AXIS2_PLACEMENT_3D('',#2877,#1903,#1904);
#1538=AXIS2_PLACEMENT_3D('',#2878,#1905,#1906);
#1539=AXIS2_PLACEMENT_3D('',#2908,#1907,#1908);
#1540=AXIS2_PLACEMENT_3D('',#2909,#1909,#1910);
#1541=AXIS2_PLACEMENT_3D('',#2910,#1911,#1912);
#1542=AXIS2_PLACEMENT_3D('',#2911,#1913,#1914);
#1543=DIRECTION('',(0.,0.,1.));
#1544=DIRECTION('',(1.,0.,0.));
#1545=DIRECTION('',(-1.56926056433767E-13,-0.704540909454641,-0.709663375766868));
#1546=DIRECTION('',(7.49764997473846E-14,-0.709663375766868,0.704540909454641));
#1547=DIRECTION('',(-1.,2.22735194405159E-13,0.));
#1548=DIRECTION('',(7.49779592164078E-14,-0.709663375766868,0.704540909454641));
#1549=DIRECTION('',(0.180517647920906,0.698004845308153,-0.692966532175577));
#1550=DIRECTION('',(-1.56926056433767E-13,-0.704540909454641,-0.709663375766868));
#1551=DIRECTION('',(-0.0717233255457333,-0.707835684478033,0.702726410740464));
#1552=DIRECTION('',(2.96468836840256E-12,-0.704540909454641,-0.709663375766868));
#1553=DIRECTION('',(3.05529448880097E-12,-0.709663375766868,0.704540909454641));
#1554=DIRECTION('',(2.96468836840256E-12,-0.704540909454641,-0.709663375766868));
#1555=DIRECTION('',(0.342397880105585,-0.666767808394858,0.661954969304952));
#1556=DIRECTION('',(-1.,-4.20797192699203E-12,1.44353584646643E-28));
#1557=DIRECTION('',(0.,-0.709663375766868,0.704540909454641));
#1558=DIRECTION('',(0.,0.,-1.));
#1559=DIRECTION('',(-1.,0.,0.));
#1560=DIRECTION('',(0.,0.,-1.));
#1561=DIRECTION('',(-1.,0.,0.));
#1562=DIRECTION('',(0.,0.,-1.));
#1563=DIRECTION('',(-1.,0.,0.));
#1564=DIRECTION('',(0.,0.,-1.));
#1565=DIRECTION('',(-1.,0.,0.));
#1566=DIRECTION('',(0.25038172139058,0.968147196243159,-5.32907168871455E-14));
#1567=DIRECTION('',(1.,-2.22735194405159E-13,0.));
#1568=DIRECTION('',(0.,0.,-1.));
#1569=DIRECTION('',(1.0565285144578E-13,-1.,0.));
#1570=DIRECTION('',(0.,-1.,0.));
#1571=DIRECTION('',(0.,0.,-1.));
#1572=DIRECTION('',(-8.88190129055088E-14,1.,0.));
#1573=DIRECTION('',(0.751477495986948,-0.659758723341486,0.));
#1574=DIRECTION('',(0.,0.,-1.));
#1575=DIRECTION('',(0.707106781186585,-0.707106781186511,0.));
#1576=DIRECTION('',(1.,8.92494232791578E-29,0.));
#1577=DIRECTION('',(0.,0.,-1.));
#1578=DIRECTION('',(-0.707106781183539,-0.707106781189556,0.));
#1579=DIRECTION('',(-4.19962208960483E-12,1.,0.));
#1580=DIRECTION('',(0.681080435401082,0.732208604506853,0.));
#1581=DIRECTION('',(0.,0.,-1.));
#1582=DIRECTION('',(0.,-1.,0.));
#1583=DIRECTION('',(0.,-1.,0.));
#1584=DIRECTION('',(0.,0.,-1.));
#1585=DIRECTION('',(0.,1.,0.));
#1586=DIRECTION('',(-1.,-4.20797192699203E-12,0.));
#1587=DIRECTION('',(-0.250381721394646,0.968147196242107,1.75897049202561E-25));
#1588=DIRECTION('',(-1.,6.02934254911523E-14,0.));
#1589=DIRECTION('',(2.96468836840256E-12,-0.704540909454641,-0.709663375766868));
#1590=DIRECTION('',(3.05529448880097E-12,-0.709663375766868,0.704540909454641));
#1591=DIRECTION('',(-0.180517647923986,0.698004845307395,-0.692966532175539));
#1592=DIRECTION('',(0.,-0.709663375766868,0.704540909454641));
#1593=DIRECTION('',(-1.,-4.20797192699203E-12,0.));
#1594=DIRECTION('',(2.96468836840256E-12,-0.704540909454641,-0.709663375766868));
#1595=DIRECTION('',(0.0717233255489187,-0.707835684477728,0.702726410740446));
#1596=DIRECTION('',(-0.652402643682466,0.606847111439418,0.453990499739547));
#1597=DIRECTION('',(0.49811198077054,0.794818585173771,-0.346623529604116));
#1598=DIRECTION('',(0.681080435401082,0.732208604506853,2.4077741721903E-17));
#1599=DIRECTION('',(-0.652402643682466,0.606847111439418,0.453990499739547));
#1600=DIRECTION('',(-0.498111980768816,-0.794818585173771,0.346623529606593));
#1601=DIRECTION('',(0.163445753621584,0.697597837447577,-0.697597837447577));
#1602=DIRECTION('',(0.681080435401082,0.732208604506853,0.));
#1603=DIRECTION('',(-1.92955294141281E-17,0.599032784991676,-0.800724498504396));
#1604=DIRECTION('',(-1.06418944224796E-13,0.,-1.));
#1605=DIRECTION('',(-1.,0.,1.06418944224796E-13));
#1606=DIRECTION('',(5.22299583724302E-38,-1.,-5.55825702687233E-51));
#1607=DIRECTION('',(-1.,-1.06418944224796E-13,1.06418944224796E-13));
#1608=DIRECTION('',(4.19962208960528E-12,-1.,-4.46919348916775E-25));
#1609=DIRECTION('',(1.,1.06418944224796E-13,-1.06418944224796E-13));
#1610=DIRECTION('',(0.707106781186511,5.04870979341448E-29,-0.707106781186585));
#1611=DIRECTION('',(5.22299583724302E-38,-1.,-5.55825702687233E-51));
#1612=DIRECTION('',(-7.139953862333E-29,1.,-2.56217212203604E-45));
#1613=DIRECTION('',(0.707106781186511,5.04870979341448E-29,-0.707106781186585));
#1614=DIRECTION('',(-0.339573301993065,0.877143058541238,-0.339573301993029));
#1615=DIRECTION('',(-0.577350269189667,0.577350269189606,-0.577350269189606));
#1616=DIRECTION('',(5.22299583724302E-38,-1.,-5.55825702687233E-51));
#1617=DIRECTION('',(-0.577350269189666,0.577350269189606,-0.577350269189606));
#1618=DIRECTION('',(5.22299583724302E-38,-1.,-5.55825702687233E-51));
#1619=DIRECTION('',(1.06418944224796E-13,0.,1.));
#1620=DIRECTION('',(-4.33746195577934E-39,0.74740931868366,0.66436383882992));
#1621=DIRECTION('',(0.,-0.66436383882992,0.74740931868366));
#1622=DIRECTION('',(1.46725148476135E-29,-0.986393923832144,-0.164398987305357));
#1623=DIRECTION('',(0.,-0.164398987305357,0.986393923832144));
#1624=DIRECTION('',(4.19962208960528E-12,-1.,-4.46919348916775E-25));
#1625=DIRECTION('',(1.06418944223771E-13,0.,1.));
#1626=DIRECTION('',(-3.48759631635637E-13,0.74740931868366,0.66436383882992));
#1627=DIRECTION('',(5.92900820493584E-12,-0.66436383882992,0.74740931868366));
#1628=DIRECTION('',(4.19962208960528E-12,-1.,-4.46919348916775E-25));
#1629=DIRECTION('',(3.45206809298158E-12,-0.986393923832144,-0.164398987305357));
#1630=DIRECTION('',(4.83272768859554E-12,-0.164398987305357,0.986393923832144));
#1631=DIRECTION('',(-0.707106781186661,-2.96958125798087E-12,-0.707106781186435));
#1632=DIRECTION('',(4.19962208960528E-12,-1.,-4.46919348916775E-25));
#1633=DIRECTION('',(-0.577350269187886,-0.577350269190496,0.577350269190496));
#1634=DIRECTION('',(-0.707106781186661,-2.96958125798087E-12,-0.707106781186435));
#1635=DIRECTION('',(-0.464963008944793,-0.753404805282611,0.464963008948106));
#1636=DIRECTION('',(-4.19962208960483E-12,1.,1.82325745790231E-40));
#1637=DIRECTION('',(0.577350269187119,0.577350269192031,-0.577350269189728));
#1638=DIRECTION('',(0.,0.,-1.));
#1639=DIRECTION('',(-1.,0.,0.));
#1640=DIRECTION('',(0.0612020885858686,-0.236649185645773,0.969665647161908));
#1641=DIRECTION('',(0.,0.971486801075012,0.237093642548762));
#1642=DIRECTION('',(-1.,6.02934254911523E-14,0.));
#1643=DIRECTION('',(6.02934254911523E-14,1.,0.));
#1644=DIRECTION('',(0.250381721394646,-0.968147196242107,-1.75897049202561E-25));
#1645=DIRECTION('',(-0.968147196242108,-0.250381721394646,0.));
#1646=DIRECTION('',(0.,0.,-1.));
#1647=DIRECTION('',(-1.,0.,0.));
#1648=DIRECTION('',(-0.25038172139058,-0.968147196243159,5.32907168871455E-14));
#1649=DIRECTION('',(-0.968147196243159,0.25038172139058,0.));
#1650=DIRECTION('',(-1.,6.02934254911523E-14,0.));
#1651=DIRECTION('',(6.02934254911523E-14,1.,0.));
#1652=DIRECTION('',(-0.0612020885846049,-0.236649185645785,0.969665647161985));
#1653=DIRECTION('',(0.,0.971486801075014,0.237093642548754));
#1654=DIRECTION('',(0.0612020885858686,-0.236649185645773,0.969665647161908));
#1655=DIRECTION('',(-2.01470745965489E-12,0.971486801074983,0.237093642548881));
#1656=DIRECTION('',(0.0612020885858686,-0.236649185645773,0.969665647161908));
#1657=DIRECTION('',(0.0612020885858686,-0.236649185645773,0.969665647161908));
#1658=DIRECTION('',(-0.968147196242107,-0.250381721394646,-6.18399836227518E-14));
#1659=DIRECTION('',(0.250381721394646,-0.968147196242107,-5.79941066749143E-13));
#1660=DIRECTION('',(-0.250381721394646,0.968147196242107,1.75897049202561E-25));
#1661=DIRECTION('',(-0.968147196242107,-0.250381721394646,-6.18399836227518E-14));
#1662=DIRECTION('',(-0.174808628824563,0.675929867934405,-0.715933486381699));
#1663=DIRECTION('',(-0.0612020885846049,-0.236649185645785,0.969665647161985));
#1664=DIRECTION('',(-2.01470745965504E-12,0.971486801075043,0.237093642548634));
#1665=DIRECTION('',(-0.0612020885846049,-0.236649185645785,0.969665647161985));
#1666=DIRECTION('',(-0.0612020885846049,-0.236649185645785,0.969665647161985));
#1667=DIRECTION('',(5.85742670562543E-14,0.971486801075013,0.237093642548758));
#1668=DIRECTION('',(-1.03384599698742E-13,0.237093642548758,-0.971486801075014));
#1669=DIRECTION('',(-1.,6.02934254911523E-14,0.));
#1670=DIRECTION('',(1.,-6.02934254911524E-14,0.));
#1671=DIRECTION('',(0.968147196243159,-0.25038172139058,-2.67898388578435E-13));
#1672=DIRECTION('',(-0.25038172139058,-0.968147196243159,-5.26650349861822E-13));
#1673=DIRECTION('',(0.968147196243159,-0.25038172139058,-2.67898388578435E-13));
#1674=DIRECTION('',(-0.174808628821672,-0.675929867935525,0.715933486381347));
#1675=DIRECTION('',(0.25038172139058,0.968147196243159,-5.32907168871455E-14));
#1676=DIRECTION('',(-1.56926056433767E-13,-0.704540909454641,-0.709663375766868));
#1677=DIRECTION('',(7.49764997473846E-14,-0.709663375766868,0.704540909454641));
#1678=DIRECTION('',(7.49779592164078E-14,-0.709663375766868,0.704540909454641));
#1679=DIRECTION('',(1.,-2.22735194405159E-13,5.60773587919469E-30));
#1680=DIRECTION('',(-1.56926056433767E-13,-0.704540909454641,-0.709663375766868));
#1681=DIRECTION('',(-0.342397880102644,-0.666767808396296,0.661954969305025));
#1682=DIRECTION('',(-0.25038172139058,-0.968147196243159,5.32907168871455E-14));
#1683=DIRECTION('',(0.968147196243159,-0.25038172139058,-2.46122249094758E-13));
#1684=DIRECTION('',(0.250381721394646,-0.968147196242107,-1.75897049202561E-25));
#1685=DIRECTION('',(-0.968147196242107,-0.250381721394646,-4.00638441390746E-14));
#1686=DIRECTION('',(-1.,6.02934254911523E-14,0.));
#1687=DIRECTION('',(6.02934254911523E-14,1.,-1.57713813111996E-13));
#1688=DIRECTION('',(-6.3108872417681E-29,0.707106781186547,0.707106781186548));
#1689=DIRECTION('',(-1.,1.79927424960937E-28,0.));
#1690=DIRECTION('',(-0.577350269187119,-0.577350269192031,0.577350269189728));
#1691=DIRECTION('',(-1.,-8.92494232791578E-29,0.));
#1692=DIRECTION('',(0.577350269189666,-0.577350269189606,0.577350269189606));
#1693=DIRECTION('',(-6.3108872417681E-29,0.707106781186547,0.707106781186548));
#1694=DIRECTION('',(-6.31088723438165E-29,-0.707106781186548,0.707106781186547));
#1695=DIRECTION('',(-1.,-1.06418944224796E-13,1.06418944224796E-13));
#1696=DIRECTION('',(-6.3108872417681E-29,0.707106781186547,0.707106781186548));
#1697=DIRECTION('',(5.93916251596141E-12,-0.707106781186548,0.707106781186547));
#1698=DIRECTION('',(1.,1.06418944224796E-13,-1.06418944224796E-13));
#1699=DIRECTION('',(1.06418944224735E-13,-1.,-5.71499572020079E-13));
#1700=DIRECTION('',(1.,8.92494232269279E-29,5.22298970115468E-38));
#1701=DIRECTION('',(8.92494232269279E-29,-1.,0.));
#1702=DIRECTION('',(1.,1.06418944224796E-13,-1.06418944224796E-13));
#1703=DIRECTION('',(-1.06418944224796E-13,0.,-1.));
#1704=DIRECTION('',(0.577350269189666,-0.577350269189606,0.577350269189605));
#1705=DIRECTION('',(-0.707106781186511,-0.707106781186585,0.));
#1706=DIRECTION('',(0.577350269189666,-0.577350269189606,0.577350269189605));
#1707=DIRECTION('',(0.707106781186713,4.04111222820506E-13,-0.707106781186383));
#1708=DIRECTION('',(-0.192450089729879,0.192450089729859,0.962250448649379));
#1709=DIRECTION('',(0.680413817439809,-0.680413817439738,0.272165526975901));
#1710=DIRECTION('',(-0.577350269187119,-0.577350269192031,0.577350269189727));
#1711=DIRECTION('',(-0.707106781186863,-2.56547003516121E-12,-0.707106781186233));
#1712=DIRECTION('',(0.192450089729085,0.192450089730722,0.962250448649365));
#1713=DIRECTION('',(-0.680413817436869,-0.680413817442658,0.272165526975948));
#1714=DIRECTION('',(-0.57735026918463,-0.577350269192124,0.577350269192123));
#1715=DIRECTION('',(0.,0.707106781186547,0.707106781186548));
#1716=DIRECTION('',(0.,-0.707106781186548,-0.707106781186548));
#1717=DIRECTION('',(-1.,0.,0.));
#1718=DIRECTION('',(0.,-0.707106781186548,-0.707106781186548));
#1719=DIRECTION('',(7.3864315492473E-38,-0.707106781186548,0.707106781186548));
#1720=DIRECTION('',(-0.577350269189666,0.577350269189605,-0.577350269189606));
#1721=DIRECTION('',(-0.157619184589338,-0.698267925888549,0.698267925888549));
#1722=DIRECTION('',(1.,0.,0.));
#1723=DIRECTION('',(0.163445753621584,0.697597837447577,-0.697597837447577));
#1724=DIRECTION('',(-0.577350269187886,-0.577350269190496,0.577350269190496));
#1725=DIRECTION('',(0.,-0.707106781186548,-0.707106781186548));
#1726=DIRECTION('',(5.93916251596142E-12,-0.707106781186548,0.707106781186548));
#1727=DIRECTION('',(-1.,-1.06418944224796E-13,1.06418944224796E-13));
#1728=DIRECTION('',(0.490296281314797,0.55845661260541,0.669130606358858));
#1729=DIRECTION('',(-0.87155582525096,0.314161402520886,0.376421381748205));
#1730=DIRECTION('',(0.751477495986948,-0.659758723341486,2.34938696953163E-17));
#1731=DIRECTION('',(-6.82201784858067E-14,0.767742681504317,-0.640758281254766));
#1732=DIRECTION('',(0.751477495986948,-0.659758723341486,0.));
#1733=DIRECTION('',(-0.157619184589338,-0.698267925888549,0.698267925888549));
#1734=DIRECTION('',(0.490296281314797,0.55845661260541,0.669130606358858));
#1735=DIRECTION('',(0.330076029473724,-0.829533731584974,0.45047042403422));
#1736=DIRECTION('',(1.,0.,0.));
#1737=DIRECTION('',(0.,-1.,5.66446991226466E-17));
#1738=DIRECTION('',(0.,-0.709663375766868,0.704540909454641));
#1739=DIRECTION('',(0.,-1.,0.));
#1740=DIRECTION('',(0.,0.599032784991676,-0.800724498504396));
#1741=DIRECTION('',(0.,-1.,0.));
#1742=DIRECTION('',(1.,0.,-1.06421015742642E-13));
#1743=DIRECTION('',(0.,-1.,0.));
#1744=DIRECTION('',(-6.81901471366418E-14,0.767742681504317,-0.640758281254766));
#1745=DIRECTION('',(0.,-1.,0.));
#1746=DIRECTION('',(7.49779592164079E-14,-0.709663375766868,0.704540909454641));
#1747=DIRECTION('',(0.,-1.,0.));
#1748=DIRECTION('',(-0.163445753621584,-0.697597837447577,0.697597837447577));
#1749=DIRECTION('',(0.,0.707106781186548,0.707106781186548));
#1750=DIRECTION('',(0.681683142650306,-0.0396106541887017,0.730574492506512));
#1751=DIRECTION('',(-0.501496453340958,-0.752362809220174,0.427143430932478));
#1752=DIRECTION('',(4.19962208960483E-12,-1.,0.));
#1753=DIRECTION('',(-1.,-4.19962208960483E-12,0.));
#1754=DIRECTION('',(0.680751640131976,-0.558720505822112,-0.473717849390867));
#1755=DIRECTION('',(-0.458608721381232,-0.829356013044991,0.319134210480775));
#1756=DIRECTION('',(4.18265009221866E-12,-1.,1.73472347597705E-14));
#1757=DIRECTION('',(-1.,-4.18265009221866E-12,0.));
#1758=DIRECTION('',(1.,-1.01272886118572E-12,6.95045872708041E-12));
#1759=DIRECTION('',(6.95045872708041E-12,0.,-1.));
#1760=DIRECTION('',(-1.,-8.92494232791578E-29,0.));
#1761=DIRECTION('',(-8.92494232791578E-29,1.,0.));
#1762=DIRECTION('',(1.,4.62592926927149E-15,-4.62592926927148E-15));
#1763=DIRECTION('',(4.62592926927149E-15,-1.,0.));
#1764=DIRECTION('',(0.157619184589338,0.698267925888549,-0.698267925888549));
#1765=DIRECTION('',(0.,-0.707106781186548,-0.707106781186548));
#1766=DIRECTION('',(-0.681604139036936,-0.0613954434157472,0.729140862368516));
#1767=DIRECTION('',(-0.388234239955904,0.874991739775218,-0.289246659878726));
#1768=DIRECTION('',(-1.7177016455482E-15,1.,8.0953762212251E-15));
#1769=DIRECTION('',(0.,8.0953762212251E-15,-1.));
#1770=DIRECTION('',(7.139953862333E-29,-1.,0.));
#1771=DIRECTION('',(-1.,-7.139953862333E-29,0.));
#1772=DIRECTION('',(-0.508158308695101,-0.510707466238254,-0.693507762921683));
#1773=DIRECTION('',(0.301853875258198,-0.859754548652406,0.411954310649986));
#1774=DIRECTION('',(0.,-0.599032784991676,0.800724498504396));
#1775=DIRECTION('',(0.,0.800724498504396,0.599032784991676));
#1776=DIRECTION('',(0.,-0.0670173860503499,0.997751807799404));
#1777=DIRECTION('',(0.,-0.997751807799404,-0.0670173860503499));
#1778=DIRECTION('',(-6.81901471366418E-14,0.767742681504317,-0.640758281254766));
#1779=DIRECTION('',(0.,-0.640758281254766,-0.767742681504317));
#1780=DIRECTION('',(6.30673090107373E-15,-0.0710065412208895,0.997475849885021));
#1781=DIRECTION('',(-8.90442565185432E-14,0.997475849885021,0.0710065412208895));
#1782=DIRECTION('',(0.,0.709663375766868,-0.704540909454641));
#1783=DIRECTION('',(0.,-0.704540909454641,-0.709663375766868));
#1784=DIRECTION('',(0.,-0.242943717152409,0.97004038590987));
#1785=DIRECTION('',(0.,0.97004038590987,0.242943717152409));
#1786=DIRECTION('',(7.49779592164079E-14,-0.709663375766868,0.704540909454641));
#1787=DIRECTION('',(0.,0.704540909454641,0.709663375766868));
#1788=DIRECTION('',(2.56676964579891E-14,-0.242943717152409,0.97004038590987));
#1789=DIRECTION('',(1.03925371067994E-13,-0.97004038590987,-0.242943717152409));
#1790=DIRECTION('',(-1.,-4.20797192699203E-12,0.));
#1791=DIRECTION('',(-4.20797192699203E-12,1.,0.));
#1792=DIRECTION('',(1.,4.21036891415789E-12,-9.12978224739084E-27));
#1793=DIRECTION('',(4.21036891415789E-12,-1.,0.));
#1794=DIRECTION('',(0.,-1.,0.));
#1795=DIRECTION('',(0.,0.,1.));
#1796=DIRECTION('',(0.,1.,0.));
#1797=DIRECTION('',(0.,0.,-1.));
#1798=DIRECTION('',(0.,-1.,0.));
#1799=DIRECTION('',(0.,0.,1.));
#1800=DIRECTION('',(-0.681080435401084,-0.732208604506851,-1.58772431943782E-15));
#1801=DIRECTION('',(-0.732208604506851,0.681080435401084,0.));
#1802=DIRECTION('',(0.681080435401082,0.732208604506853,0.));
#1803=DIRECTION('',(0.732208604506853,-0.681080435401082,0.));
#1804=DIRECTION('',(-0.68108043540108,-0.732208604506855,0.));
#1805=DIRECTION('',(-0.732208604506855,0.68108043540108,0.));
#1806=DIRECTION('',(-0.643886679486469,-0.759774080123824,0.090295576590923));
#1807=DIRECTION('',(-0.762890479450514,0.646527738278695,0.));
#1808=DIRECTION('',(-0.566252095370729,-0.59892998670418,0.56625209537342));
#1809=DIRECTION('',(0.,0.687005627761626,0.726652095176126));
#1810=DIRECTION('',(-0.577350269187887,-0.577350269190495,0.577350269190495));
#1811=DIRECTION('',(0.,0.707106781186548,0.707106781186547));
#1812=DIRECTION('',(0.577350269187886,0.577350269190496,-0.577350269190496));
#1813=DIRECTION('',(0.,-0.707106781186548,-0.707106781186548));
#1814=DIRECTION('',(-0.577350269187882,-0.577350269190498,0.577350269190498));
#1815=DIRECTION('',(0.,0.707106781186548,0.707106781186547));
#1816=DIRECTION('',(-1.,-1.06251812903579E-13,1.06251812903579E-13));
#1817=DIRECTION('',(1.06251812903579E-13,0.,1.));
#1818=DIRECTION('',(1.,1.06418944224796E-13,-1.06418944224796E-13));
#1819=DIRECTION('',(-1.06418944224796E-13,0.,-1.));
#1820=DIRECTION('',(-1.,-1.06251812903579E-13,1.06251812903579E-13));
#1821=DIRECTION('',(1.06251812903579E-13,0.,1.));
#1822=DIRECTION('',(-0.57735026918967,0.577350269189603,-0.577350269189604));
#1823=DIRECTION('',(-0.707106781186508,0.,0.707106781186588));
#1824=DIRECTION('',(0.577350269189666,-0.577350269189605,0.577350269189606));
#1825=DIRECTION('',(0.70710678118651,0.,-0.707106781186585));
#1826=DIRECTION('',(-0.577350269189669,0.577350269189604,-0.577350269189605));
#1827=DIRECTION('',(-0.707106781186509,0.,0.707106781186587));
#1828=DIRECTION('',(-0.543011449456301,0.640528790546372,-0.543011449456242));
#1829=DIRECTION('',(0.762783730309216,0.646653679163397,0.));
#1830=DIRECTION('',(-0.53414243260101,0.799200469476746,-0.275627413881902));
#1831=DIRECTION('',(0.83140533189479,0.555666423402489,0.));
#1832=DIRECTION('',(-0.692196895645631,0.716025036385643,-0.0903969298565497));
#1833=DIRECTION('',(0.718968625967119,0.695042527385881,0.));
#1834=DIRECTION('',(-0.751477495986945,0.659758723341489,-5.72249472930486E-15));
#1835=DIRECTION('',(0.659758723341489,0.751477495986945,0.));
#1836=DIRECTION('',(0.751477495986948,-0.659758723341486,0.));
#1837=DIRECTION('',(-0.659758723341486,-0.751477495986948,0.));
#1838=DIRECTION('',(-0.751477495986945,0.659758723341489,-7.95533540479259E-16));
#1839=DIRECTION('',(0.659758723341489,0.751477495986945,0.));
#1840=DIRECTION('',(0.,1.,0.));
#1841=DIRECTION('',(0.,0.,-1.));
#1842=DIRECTION('',(0.,-1.,0.));
#1843=DIRECTION('',(0.,0.,1.));
#1844=DIRECTION('',(2.30396892761168E-28,1.,2.16840434497101E-15));
#1845=DIRECTION('',(0.,2.16840434497101E-15,-1.));
#1846=DIRECTION('',(1.,-2.21598363903046E-13,0.));
#1847=DIRECTION('',(-2.21598363903046E-13,-1.,0.));
#1848=DIRECTION('',(1.,-2.22735194405159E-13,0.));
#1849=DIRECTION('',(-2.22735194405159E-13,-1.,0.));
#1850=DIRECTION('',(0.,0.,-1.));
#1851=DIRECTION('',(-1.,0.,0.));
#1852=DIRECTION('',(0.,0.,-1.));
#1853=DIRECTION('',(-1.,0.,0.));
#1854=DIRECTION('',(0.,0.,-1.));
#1855=DIRECTION('',(-1.,0.,0.));
#1856=DIRECTION('',(0.,0.,-1.));
#1857=DIRECTION('',(-1.,0.,0.));
#1858=DIRECTION('',(0.,0.,-1.));
#1859=DIRECTION('',(-1.,0.,0.));
#1860=DIRECTION('',(0.,0.,-1.));
#1861=DIRECTION('',(-1.,0.,0.));
#1862=DIRECTION('',(0.,0.,-1.));
#1863=DIRECTION('',(-1.,0.,0.));
#1864=DIRECTION('',(0.,0.,-1.));
#1865=DIRECTION('',(-1.,0.,0.));
#1866=DIRECTION('',(0.,0.,-1.));
#1867=DIRECTION('',(-1.,0.,0.));
#1868=DIRECTION('',(-2.97548548461869E-12,0.707106781186548,-0.707106781186548));
#1869=DIRECTION('',(2.97548548461869E-12,-0.707106781186548,-0.707106781186548));
#1870=DIRECTION('',(2.50856208199188E-10,0.707106781186549,0.707106781186546));
#1871=DIRECTION('',(-1.,-4.20797192699203E-12,0.));
#1872=DIRECTION('',(0.707106781186548,0.,0.707106781186548));
#1873=DIRECTION('',(0.707106781186548,0.,-0.707106781186548));
#1874=DIRECTION('',(-0.707106781186548,0.,-0.707106781186548));
#1875=DIRECTION('',(0.707106781186551,0.,0.707106781186544));
#1876=DIRECTION('',(0.,1.,0.));
#1877=DIRECTION('',(0.517749669489934,-0.481596594405592,-0.707106781186548));
#1878=DIRECTION('',(-0.517749669489934,0.481596594405591,-0.707106781186548));
#1879=DIRECTION('',(0.681080435401082,0.732208604506853,0.));
#1880=DIRECTION('',(-0.466519867221744,-0.531374833321457,-0.707106781186548));
#1881=DIRECTION('',(0.466519867221744,0.531374833321457,-0.707106781186548));
#1882=DIRECTION('',(0.751477495986948,-0.659758723341486,0.));
#1883=DIRECTION('',(-0.707106781186548,0.,0.707106781186548));
#1884=DIRECTION('',(-0.707106781186548,0.,-0.707106781186548));
#1885=DIRECTION('',(0.707106781186548,0.,-0.707106781186548));
#1886=DIRECTION('',(-0.707106781186546,7.92253423688121E-14,0.707106781186549));
#1887=DIRECTION('',(0.,-1.,0.));
#1888=DIRECTION('',(1.57497566372792E-13,0.707106781186548,0.707106781186548));
#1889=DIRECTION('',(1.57497566372792E-13,0.707106781186548,-0.707106781186548));
#1890=DIRECTION('',(-1.57497566372792E-13,-0.707106781186548,-0.707106781186548));
#1891=DIRECTION('',(-1.,2.22735194405159E-13,0.));
#1892=DIRECTION('',(4.26338900257597E-14,0.707106781186548,-0.707106781186548));
#1893=DIRECTION('',(-4.26338900257596E-14,-0.707106781186548,-0.707106781186548));
#1894=DIRECTION('',(-1.,6.02934254911524E-14,0.));
#1895=DIRECTION('',(0.,0.,-1.));
#1896=DIRECTION('',(-1.,0.,0.));
#1897=DIRECTION('',(0.,0.,-1.));
#1898=DIRECTION('',(-1.,0.,0.));
#1899=DIRECTION('',(0.,0.,-1.));
#1900=DIRECTION('',(-1.,0.,0.));
#1901=DIRECTION('',(0.,0.,-1.));
#1902=DIRECTION('',(-1.,0.,0.));
#1903=DIRECTION('',(0.,0.,-1.));
#1904=DIRECTION('',(-1.,0.,0.));
#1905=DIRECTION('',(0.,0.,-1.));
#1906=DIRECTION('',(-1.,0.,0.));
#1907=DIRECTION('',(0.,0.,-1.));
#1908=DIRECTION('',(-1.,0.,0.));
#1909=DIRECTION('',(0.,0.,1.));
#1910=DIRECTION('',(1.,0.,0.));
#1911=DIRECTION('',(0.,0.,1.));
#1912=DIRECTION('',(1.,0.,0.));
#1913=DIRECTION('',(0.,0.,1.));
#1914=DIRECTION('',(1.,0.,0.));
#1915=CARTESIAN_POINT('',(0.,0.,0.));
#1916=CARTESIAN_POINT('',(-10.1265107360818,10.6266926752876,4.5324261060796));
#1917=CARTESIAN_POINT('',(-4.99552056119296,14.7891641814729,0.4));
#1918=CARTESIAN_POINT('',(-21.6551430696091,14.7891641814766,0.4));
#1919=CARTESIAN_POINT('',(-23.0999999999921,14.7891641814769,0.4));
#1920=CARTESIAN_POINT('',(-23.0999999999917,10.6266926752884,4.53242610608173));
#1921=CARTESIAN_POINT('',(-23.0999999999915,9.36406596353978,5.78593897172144));
#1922=CARTESIAN_POINT('',(-23.5122078576451,7.77018810599991,7.36831195820584));
#1923=CARTESIAN_POINT('',(-21.789468764028,14.4314771732793,0.755105164872148));
#1924=CARTESIAN_POINT('',(-20.8420276572292,14.101031530571,1.08316559688655));
#1925=CARTESIAN_POINT('',(10.1265107359203,10.6266926753302,4.53242610607744));
#1926=CARTESIAN_POINT('',(22.2010120124773,8.84626738049012,6.3));
#1927=CARTESIAN_POINT('',(22.9143892532961,7.95597575965937,7.18386535030675));
#1928=CARTESIAN_POINT('',(23.000680269285,8.01610232264836,7.12417279068351));
#1929=CARTESIAN_POINT('',(10.1265107359315,7.95597575960555,7.18386535030675));
#1930=CARTESIAN_POINT('',(23.000680269285,7.95597575965973,7.18386535030675));
#1931=CARTESIAN_POINT('',(23.000680269285,15.1920724392707,-2.10248485288389E-12));
#1932=CARTESIAN_POINT('',(-4.99552056119747,-5.48181172713489,7.3));
#1933=CARTESIAN_POINT('',(0.,0.,7.3));
#1934=CARTESIAN_POINT('',(-2.6,0.,7.3));
#1935=CARTESIAN_POINT('',(-17.5,2.11251572852918E-15,7.3));
#1936=CARTESIAN_POINT('',(-19.6,2.11251572852918E-15,7.3));
#1937=CARTESIAN_POINT('',(19.5,-1.31649530908342E-15,7.3));
#1938=CARTESIAN_POINT('',(17.4,-1.31649530908342E-15,7.3));
#1939=CARTESIAN_POINT('',(-22.8867829616333,6.19460727575863,7.3000000000049));
#1940=CARTESIAN_POINT('',(-21.1712969906377,12.8278508040402,7.3));
#1941=CARTESIAN_POINT('',(-22.5041419664034,7.67415939578607,7.3));
#1942=CARTESIAN_POINT('',(-4.99552056119454,7.67415939578217,7.3));
#1943=CARTESIAN_POINT('',(-23.0999999999915,7.67415939578621,7.3));
#1944=CARTESIAN_POINT('',(-23.0999999999915,6.82254099868782,7.3));
#1945=CARTESIAN_POINT('',(-23.6999999999915,6.82254099868789,7.3));
#1946=CARTESIAN_POINT('',(-23.6999999999915,-5.48181172713489,7.3));
#1947=CARTESIAN_POINT('',(-23.6999999999915,-5.71931828665709,7.3));
#1948=CARTESIAN_POINT('',(-21.0999999999915,-5.71931828665743,7.3));
#1949=CARTESIAN_POINT('',(-22.3747703314098,-9.25582372395745,7.3));
#1950=CARTESIAN_POINT('',(-14.4315196142705,-16.2295907100712,7.3));
#1951=CARTESIAN_POINT('',(-13.4843179969937,-17.0611851797642,7.3));
#1952=CARTESIAN_POINT('',(-5.01262512191693,-21.7127416999152,7.3));
#1953=CARTESIAN_POINT('',(-9.25526580903666,-13.2274603256767,7.3));
#1954=CARTESIAN_POINT('',(10.1339454654197,-13.2274603256767,7.3));
#1955=CARTESIAN_POINT('',(9.25526580898329,-13.2274603256395,7.3));
#1956=CARTESIAN_POINT('',(5.01262512189165,-21.712741699895,7.3));
#1957=CARTESIAN_POINT('',(13.497906496111,-17.4701010127418,7.3));
#1958=CARTESIAN_POINT('',(13.497906496121,-19.854544984879,7.3));
#1959=CARTESIAN_POINT('',(13.4979064961114,-17.5602302504674,7.3));
#1960=CARTESIAN_POINT('',(10.9427723673051,-20.307176275542,7.3));
#1961=CARTESIAN_POINT('',(22.6969271428624,-7.67064640620279,7.3));
#1962=CARTESIAN_POINT('',(21.000680269288,-5.20978925257849,7.3));
#1963=CARTESIAN_POINT('',(23.600680269288,-5.20978925257849,7.3));
#1964=CARTESIAN_POINT('',(23.600680269288,6.41963274107948,7.3));
#1965=CARTESIAN_POINT('',(23.600680269288,6.82254099877949,7.3));
#1966=CARTESIAN_POINT('',(23.000680269288,6.82254099877949,7.3));
#1967=CARTESIAN_POINT('',(23.0006802692862,7.67415939587787,7.3));
#1968=CARTESIAN_POINT('',(-4.99552056125283,7.67415939576007,7.3));
#1969=CARTESIAN_POINT('',(22.5041419662564,7.67415939587578,7.3));
#1970=CARTESIAN_POINT('',(22.8867829614912,6.19460727585478,7.3));
#1971=CARTESIAN_POINT('',(21.1712969904914,12.8278508040376,7.3));
#1972=CARTESIAN_POINT('',(-4.99552056119637,12.8278508040392,7.3));
#1973=CARTESIAN_POINT('',(10.1265107359203,10.6266926753302,4.53242610607744));
#1974=CARTESIAN_POINT('',(22.3613387904836,12.2202360339748,2.95038520407173));
#1975=CARTESIAN_POINT('',(23.000680269285,9.74810405606798,5.40467292904581));
#1976=CARTESIAN_POINT('',(21.78946876388,14.4314771732535,0.755105164983972));
#1977=CARTESIAN_POINT('',(23.000680269285,15.1920724392707,-2.10248485288389E-12));
#1978=CARTESIAN_POINT('',(23.000680269285,14.7891641815686,0.4));
#1979=CARTESIAN_POINT('',(-4.99552056128277,14.7891641814508,0.4));
#1980=CARTESIAN_POINT('',(21.6551430694025,14.7891641815629,0.4));
#1981=CARTESIAN_POINT('',(20.8420276570827,14.1010315305411,1.08316559699879));
#1982=CARTESIAN_POINT('',(18.4873588815938,-7.69338527065547,-1.7347234759768E-15));
#1983=CARTESIAN_POINT('',(20.9938537042747,-10.0248582616234,6.71840380010418));
#1984=CARTESIAN_POINT('',(22.9578882003354,-7.91338525077856,6.71840380010418));
#1985=CARTESIAN_POINT('',(13.7588675535844,-17.8029690950432,6.71840380010418));
#1986=CARTESIAN_POINT('',(13.7588675535951,-20.346554901106,10.1184038001042));
#1987=CARTESIAN_POINT('',(13.2866881907963,-18.3352426006536,6.75135068954074));
#1988=CARTESIAN_POINT('',(14.7212975362736,-12.2122301955465,0.628338284433597));
#1989=CARTESIAN_POINT('',(14.7747534535503,-11.9838516876416,0.4));
#1990=CARTESIAN_POINT('',(8.84647016943124,-18.3572532551457,0.4));
#1991=CARTESIAN_POINT('',(22.9578882003354,-3.18650224401663,0.4));
#1992=CARTESIAN_POINT('',(22.9578882003354,-7.94619882588353,6.76226556214518));
#1993=CARTESIAN_POINT('',(5.84822166578339E-12,-21.6134256522781,12.7));
#1994=CARTESIAN_POINT('',(-5.36409698449218,-21.8500000001183,12.7000000000006));
#1995=CARTESIAN_POINT('',(-5.36409698449218,-24.3783343397466,12.7000000000006));
#1996=CARTESIAN_POINT('',(-5.36409698449218,-21.1127416999158,12.7000000000006));
#1997=CARTESIAN_POINT('',(5.36409698448362,-24.3783343397455,12.6999999999994));
#1998=CARTESIAN_POINT('',(5.36409698447967,-24.3783343397455,12.6999999999994));
#1999=CARTESIAN_POINT('',(5.36409698446906,-21.8500000000958,12.6999999999994));
#2000=CARTESIAN_POINT('',(5.36409698446596,-21.1127416999147,12.6999999999994));
#2001=CARTESIAN_POINT('',(0.00331283472600428,-21.1127416999153,12.7));
#2002=CARTESIAN_POINT('',(-6.92597648715527,-21.8500000001183,12.6292893218809));
#2003=CARTESIAN_POINT('',(-11.3765861525964,-19.335761093396,8.17867965644024));
#2004=CARTESIAN_POINT('',(-11.3765861525964,-17.4701010127957,8.17867965644026));
#2005=CARTESIAN_POINT('',(-11.3765861525964,-19.954743965082,8.17867965644024));
#2006=CARTESIAN_POINT('',(-10.8192847484036,-16.8545174257344,8.73598106063301));
#2007=CARTESIAN_POINT('',(-11.1578566716746,-20.1929007646334,8.39740913736204));
#2008=CARTESIAN_POINT('',(-7.62683868428938,-23.7239187520182,11.9284271247469));
#2009=CARTESIAN_POINT('',(-7.909681396764,-23.4410760395437,11.6455844122722));
#2010=CARTESIAN_POINT('',(-7.909681396764,-21.8500000001183,11.6455844122722));
#2011=CARTESIAN_POINT('',(-7.90968139676399,-20.9370057686277,11.6455844122723));
#2012=CARTESIAN_POINT('',(-8.71106908210875,-20.1356180832831,10.8441967269276));
#2013=CARTESIAN_POINT('',(-5.36409698449256,-21.8500000001183,9.10000000000058));
#2014=CARTESIAN_POINT('',(-5.36409698449256,-21.1783343397466,9.10000000000058));
#2015=CARTESIAN_POINT('',(-5.36409698449256,-20.5127416999158,9.10000000000058));
#2016=CARTESIAN_POINT('',(5.36409698446867,-21.8500000000958,9.09999999999943));
#2017=CARTESIAN_POINT('',(5.36409698446585,-21.1783343397455,9.09999999999943));
#2018=CARTESIAN_POINT('',(7.90968139674734,-23.4410760395409,11.6455844122706));
#2019=CARTESIAN_POINT('',(7.90968139674065,-21.8500000000851,11.6455844122706));
#2020=CARTESIAN_POINT('',(7.90968139673681,-20.9370057685943,11.6455844122706));
#2021=CARTESIAN_POINT('',(5.36409698446306,-20.5127416999147,9.09999999999943));
#2022=CARTESIAN_POINT('',(6.92597648713213,-21.8500000000892,12.6292893218794));
#2023=CARTESIAN_POINT('',(10.3631197402784,-20.9876376959987,9.1921460687284));
#2024=CARTESIAN_POINT('',(11.1884471756065,-20.1623102606669,8.36681863339662));
#2025=CARTESIAN_POINT('',(11.7510048647569,-15.9227973093284,7.80426094422817));
#2026=CARTESIAN_POINT('',(11.3765861525615,-19.9687225728589,8.1786796564407));
#2027=CARTESIAN_POINT('',(11.3765861525473,-16.5914213563101,8.1786796564407));
#2028=CARTESIAN_POINT('',(11.376586152551,-17.4701010127506,8.17867965644071));
#2029=CARTESIAN_POINT('',(8.7110690820779,-20.1356180832465,10.8441967269259));
#2030=CARTESIAN_POINT('',(21.1712969904914,12.8278508040376,6.3));
#2031=CARTESIAN_POINT('',(21.1712969904914,12.8278508040376,6.3));
#2032=CARTESIAN_POINT('',(21.1712969904915,13.7993376051126,6.53709364254876));
#2033=CARTESIAN_POINT('',(22.1394441867335,13.0782325254322,6.3));
#2034=CARTESIAN_POINT('',(21.1712969904914,12.8278508040376,6.3));
#2035=CARTESIAN_POINT('',(21.1712969904912,12.8278508040376,6.3));
#2036=CARTESIAN_POINT('',(-21.1712969906377,12.8278508040402,6.30000000000226));
#2037=CARTESIAN_POINT('',(-21.1712969906377,12.8278508040402,6.30000000000451));
#2038=CARTESIAN_POINT('',(-22.1394441868813,13.0782325254309,6.30000000000253));
#2039=CARTESIAN_POINT('',(-21.1712969906377,12.8278508040402,6.3));
#2040=CARTESIAN_POINT('',(-21.1712969906377,13.7993376051146,6.53709364255088));
#2041=CARTESIAN_POINT('',(-21.1712969906383,12.8278508040397,6.3000000000021));
#2042=CARTESIAN_POINT('',(21.4543245781054,11.7334723331105,10.7841954784494));
#2043=CARTESIAN_POINT('',(21.4543245781054,12.7049591341856,11.0212891209981));
#2044=CARTESIAN_POINT('',(20.7839439460957,15.2970818863629,0.4));
#2045=CARTESIAN_POINT('',(22.4347693292705,11.9363032858107,10.9790338708715));
#2046=CARTESIAN_POINT('',(21.6551598608192,14.7891740272978,0.400000000000803));
#2047=CARTESIAN_POINT('',(21.6036162519091,14.8770790887499,0.400000014647724));
#2048=CARTESIAN_POINT('',(21.4783958453622,15.0271944217489,0.400242212894822));
#2049=CARTESIAN_POINT('',(21.2335479765034,15.2143244087635,0.399854672139911));
#2050=CARTESIAN_POINT('',(20.9491981095963,15.2971097670862,0.400000000000189));
#2051=CARTESIAN_POINT('',(20.7839439375372,15.2971097670859,0.400000000000116));
#2052=CARTESIAN_POINT('',(22.7099333842021,10.87233061718,10.7020013893841));
#2053=CARTESIAN_POINT('',(22.0756338947231,13.3249668116137,6.3000000000001));
#2054=CARTESIAN_POINT('',(23.2450408932176,8.80323854585945,6.3000000000001));
#2055=CARTESIAN_POINT('',(23.000680269288,9.74810405605685,3.99555413534794));
#2056=CARTESIAN_POINT('',(-21.4666221331707,11.6859215644121,10.9790338708982));
#2057=CARTESIAN_POINT('',(-22.4347693294139,11.9363032858027,10.9790338708984));
#2058=CARTESIAN_POINT('',(-20.4444397351606,16.6098655064906,-4.97899228403922));
#2059=CARTESIAN_POINT('',(-20.7839439376939,15.2971097670885,0.4));
#2060=CARTESIAN_POINT('',(-20.783943937696,15.2971097670885,0.399999999999878));
#2061=CARTESIAN_POINT('',(-20.9491536276128,15.2971097670882,0.399999999999787));
#2062=CARTESIAN_POINT('',(-21.2335906697602,15.2142959286885,0.399856072669235));
#2063=CARTESIAN_POINT('',(-21.478339518745,15.0272418878685,0.400239879089289));
#2064=CARTESIAN_POINT('',(-21.6036003298844,14.8771062432647,0.400000014596495));
#2065=CARTESIAN_POINT('',(-21.6551598610259,14.7891740272114,0.40000000000082));
#2066=CARTESIAN_POINT('',(134.806046488775,14.35285273967,4.26907564913573));
#2067=CARTESIAN_POINT('',(134.806046488775,13.7993376051058,6.53709364254876));
#2068=CARTESIAN_POINT('',(-4.99552056119622,15.2971097670875,0.4));
#2069=CARTESIAN_POINT('',(-22.7099333843634,10.8723306170846,10.7020013893889));
#2070=CARTESIAN_POINT('',(-23.0999999999918,9.36406596354039,4.37682017801193));
#2071=CARTESIAN_POINT('',(-23.2373939630972,8.83280681481577,6.30000000000506));
#2072=CARTESIAN_POINT('',(-22.0756338948953,13.324966811521,6.30000000000482));
#2073=CARTESIAN_POINT('',(-10.1265107360818,10.6266926752876,4.5324261060796));
#2074=CARTESIAN_POINT('',(-23.0999999999917,10.6266926752884,4.53242610608173));
#2075=CARTESIAN_POINT('',(-23.0999999999914,8.11443692411508,7.02654798436186));
#2076=CARTESIAN_POINT('',(-23.0999999999914,7.95597575956806,7.18386535030675));
#2077=CARTESIAN_POINT('',(-10.1265107360824,7.95597575956517,7.18386535030675));
#2078=CARTESIAN_POINT('',(-22.9143892534538,7.95597575956802,7.18386535030675));
#2079=CARTESIAN_POINT('',(-22.2010120126307,8.84626738039684,6.30000000000473));
#2080=CARTESIAN_POINT('',(-21.741786188121,10.621948895694,6.30000000000463));
#2081=CARTESIAN_POINT('',(-23.2373939630976,8.83280681481587,6.30000000000506));
#2082=CARTESIAN_POINT('',(-23.3026870460805,8.58033904331461,6.53788335944489));
#2083=CARTESIAN_POINT('',(-23.2792711404325,8.33155789678692,6.81099422638109));
#2084=CARTESIAN_POINT('',(-23.0999999999914,8.11443692411508,7.02654798436186));
#2085=CARTESIAN_POINT('',(-22.9143892534538,7.95597575956802,7.18386535030675));
#2086=CARTESIAN_POINT('',(-22.781625658749,7.87690783024548,7.26236255438379));
#2087=CARTESIAN_POINT('',(-22.6423339529181,7.774695491732,7.3000000000024));
#2088=CARTESIAN_POINT('',(-22.5041419664036,7.67415939578609,7.3000000000024));
#2089=CARTESIAN_POINT('',(21.7417861879602,10.6219488957854,6.3));
#2090=CARTESIAN_POINT('',(22.9143892532961,7.95597575965937,7.18386535030675));
#2091=CARTESIAN_POINT('',(22.7816256585923,7.87690783033904,7.26236255438108));
#2092=CARTESIAN_POINT('',(22.6423339452279,7.77469550218497,7.3));
#2093=CARTESIAN_POINT('',(22.5041419662564,7.67415939587578,7.3));
#2094=CARTESIAN_POINT('',(23.000680269285,8.01610232264836,7.12417279068351));
#2095=CARTESIAN_POINT('',(23.1348920912435,8.12489253752355,7.01616784137258));
#2096=CARTESIAN_POINT('',(23.3110828930425,8.35658878193518,6.71782061952055));
#2097=CARTESIAN_POINT('',(23.2833065476807,8.65527732139522,6.43330515296308));
#2098=CARTESIAN_POINT('',(23.2450408932173,8.80323854586057,6.30000000000116));
#2099=CARTESIAN_POINT('',(134.806046488775,12.8278508040308,6.3));
#2100=CARTESIAN_POINT('',(0.0556151082650686,-16.8600505064571,9.68994949366114));
#2101=CARTESIAN_POINT('',(8.48091756304532,-16.1231289151438,8.95302790238183));
#2102=CARTESIAN_POINT('',(5.78836105317863,-18.8156854250651,11.6455844122691));
#2103=CARTESIAN_POINT('',(9.25526580898326,-15.3487806691993,8.17867965644039));
#2104=CARTESIAN_POINT('',(-10.1339454654771,-15.3487806692363,8.17867965644036));
#2105=CARTESIAN_POINT('',(-9.25526580903665,-15.3487806692363,8.17867965644036));
#2106=CARTESIAN_POINT('',(-8.48091756309342,-16.1231289151794,8.95302790238351));
#2107=CARTESIAN_POINT('',(-5.78836105320448,-18.8156854250681,11.6455844122721));
#2108=CARTESIAN_POINT('',(-5.36409698449256,-18.3914213563562,11.2213203435602));
#2109=CARTESIAN_POINT('',(-5.36409698449256,-18.9914213563562,11.8213203435602));
#2110=CARTESIAN_POINT('',(0.0556151082655222,-18.9914213563556,11.8213203435596));
#2111=CARTESIAN_POINT('',(5.36409698446564,-18.991421356355,11.8213203435591));
#2112=CARTESIAN_POINT('',(5.36409698446306,-18.391421356355,11.2213203435591));
#2113=CARTESIAN_POINT('',(0.0556151082655223,-21.1127416999153,9.7));
#2114=CARTESIAN_POINT('',(-5.36409698449256,-21.1127416999158,9.70000000000058));
#2115=CARTESIAN_POINT('',(5.36409698446564,-21.1127416999147,9.69999999999943));
#2116=CARTESIAN_POINT('',(-7.90968139676422,-20.9370057686278,11.6455844122721));
#2117=CARTESIAN_POINT('',(-7.20257461557766,-19.5227922062547,12.3526911934587));
#2118=CARTESIAN_POINT('',(-5.7883610532045,-18.8156854250681,11.6455844122721));
#2119=CARTESIAN_POINT('',(-7.24324854466298,-21.048077910575,12.3120172643733));
#2120=CARTESIAN_POINT('',(-6.62313163179758,-19.7474742138765,12.5773732010795));
#2121=CARTESIAN_POINT('',(-5.6772889111177,-18.9267575670153,11.7566565542193));
#2122=CARTESIAN_POINT('',(-6.30657565323299,-21.1127416997346,12.7000000000006));
#2123=CARTESIAN_POINT('',(-5.98125260656881,-19.8701010124268,12.6999999996306));
#2124=CARTESIAN_POINT('',(-5.52117676261597,-18.9914213561747,11.8213203433787));
#2125=CARTESIAN_POINT('',(-5.36409698449257,-21.1127416999159,12.7000000000006));
#2126=CARTESIAN_POINT('',(-5.36409698449256,-19.8701010127966,12.7000000000006));
#2127=CARTESIAN_POINT('',(-5.36409698449256,-18.9914213563562,11.8213203435602));
#2128=CARTESIAN_POINT('',(-5.78836105320448,-20.9370057686277,9.52426406871254));
#2129=CARTESIAN_POINT('',(-4.8282263696351,-21.897140452197,10.4843987522818));
#2130=CARTESIAN_POINT('',(-5.01262512191693,-21.7127416999152,10.3));
#2131=CARTESIAN_POINT('',(4.82822636961158,-21.8971404521767,10.4843987522809));
#2132=CARTESIAN_POINT('',(5.01262512189165,-21.712741699895,10.3));
#2133=CARTESIAN_POINT('',(5.78836105317863,-20.9370057686247,9.5242640687095));
#2134=CARTESIAN_POINT('',(5.36409698448073,-21.1127416999147,12.6999999999994));
#2135=CARTESIAN_POINT('',(5.3640969844755,-19.8701010127954,12.6999999999994));
#2136=CARTESIAN_POINT('',(5.3640969844681,-18.9914213563551,11.8213203435591));
#2137=CARTESIAN_POINT('',(6.30657565322145,-21.1127416997286,12.6999999999955));
#2138=CARTESIAN_POINT('',(5.98125260655191,-19.8701010124227,12.6999999996256));
#2139=CARTESIAN_POINT('',(5.52117676259156,-18.9914213561723,11.8213203433763));
#2140=CARTESIAN_POINT('',(7.24324854464926,-21.0480779105655,12.3120172643645));
#2141=CARTESIAN_POINT('',(6.62313163177907,-19.7474742138674,12.5773732010729));
#2142=CARTESIAN_POINT('',(5.67728891109253,-18.9267575670117,11.7566565542157));
#2143=CARTESIAN_POINT('',(7.90968139674766,-20.9370057686159,11.6455844122598));
#2144=CARTESIAN_POINT('',(7.20257461555808,-19.5227922062456,12.3526911934496));
#2145=CARTESIAN_POINT('',(5.78836105317864,-18.8156854250651,11.6455844122691));
#2146=CARTESIAN_POINT('',(2.1428009849622,-12.6440197646953,-1.7347234759768E-15));
#2147=CARTESIAN_POINT('',(-5.36409698449256,-21.4611770522212,8.81715728752596));
#2148=CARTESIAN_POINT('',(-5.36409698449222,-24.6611770522212,12.017157287526));
#2149=CARTESIAN_POINT('',(-7.62683868428942,-23.7239187520182,11.079898987323));
#2150=CARTESIAN_POINT('',(-10.4655924988373,-20.8851649374706,8.24114517277536));
#2151=CARTESIAN_POINT('',(-10.8750139592,-20.475743477108,7.83172371241278));
#2152=CARTESIAN_POINT('',(-9.12722868489894,-12.7328890678277,0.0888693031324394));
#2153=CARTESIAN_POINT('',(-9.19745988540092,-13.0438994531011,0.4));
#2154=CARTESIAN_POINT('',(-9.19745992545174,-13.0438994531011,0.399879688405883));
#2155=CARTESIAN_POINT('',(-9.19750427601477,-12.9106188257447,0.266599061049392));
#2156=CARTESIAN_POINT('',(-9.19754862657781,-12.7773381983882,0.133318433692901));
#2157=CARTESIAN_POINT('',(-9.19759297714084,-12.6440575710317,3.78063364095752E-5));
#2158=CARTESIAN_POINT('',(-9.19759297714084,-12.6440953773681,0.));
#2159=CARTESIAN_POINT('',(-0.049659865352096,-12.6440197646953,0.));
#2160=CARTESIAN_POINT('',(12.6396749117079,-12.6440197646953,0.));
#2161=CARTESIAN_POINT('',(12.6396749117079,-12.6440197646953,-8.673617379884E-16));
#2162=CARTESIAN_POINT('',(12.6396749117079,-12.7773530980286,0.133333333333332));
#2163=CARTESIAN_POINT('',(12.6396749117079,-12.9106864313619,0.266666666666665));
#2164=CARTESIAN_POINT('',(12.6396749117079,-13.0440197646953,0.399999999999999));
#2165=CARTESIAN_POINT('',(12.6396749117079,-13.0440197646953,0.4));
#2166=CARTESIAN_POINT('',(11.0282477464555,-19.9217029150753,7.27768315038005));
#2167=CARTESIAN_POINT('',(10.9056044631318,-20.4451529731427,7.80113320844743));
#2168=CARTESIAN_POINT('',(7.34399597179928,-24.0067614644914,11.3627416997961));
#2169=CARTESIAN_POINT('',(7.62683868427268,-23.7239187520167,11.0798989873214));
#2170=CARTESIAN_POINT('',(5.36409698446585,-21.4611770522201,8.81715728752482));
#2171=CARTESIAN_POINT('',(5.36409698447963,-24.6611770522201,12.0171572875248));
#2172=CARTESIAN_POINT('',(-5.36409698449233,-24.6611770522212,12.017157287526));
#2173=CARTESIAN_POINT('',(-15.4745025281832,-7.76273451871412,-1.7347234759768E-15));
#2174=CARTESIAN_POINT('',(-13.2537431799496,-17.6934836578379,6.66097534977318));
#2175=CARTESIAN_POINT('',(-13.3904859913132,-17.5520336208642,6.64311752578554));
#2176=CARTESIAN_POINT('',(-13.5319070941312,-17.4149690384137,6.63234775745646));
#2177=CARTESIAN_POINT('',(-13.6804365095196,-17.2845678248063,6.63234775745646));
#2178=CARTESIAN_POINT('',(-13.2537431799496,-17.6934836578379,6.66097534977318));
#2179=CARTESIAN_POINT('',(-13.6804365095196,-17.2845678248063,6.63234775745646));
#2180=CARTESIAN_POINT('',(-19.4144448850268,-12.2504023765309,6.63234775745646));
#2181=CARTESIAN_POINT('',(-22.5708888439357,-9.47920636899961,6.63234775745646));
#2182=CARTESIAN_POINT('',(-22.5708888439361,-5.20476793390633,3.06490010737517));
#2183=CARTESIAN_POINT('',(-22.5708841781729,-2.01173708319783,0.4));
#2184=CARTESIAN_POINT('',(-10.9253155390557,-12.2359588479307,0.4));
#2185=CARTESIAN_POINT('',(-10.6426317395898,-12.4841407344688,0.4));
#2186=CARTESIAN_POINT('',(-12.3735263670236,-20.1521679773379,8.06802724286915));
#2187=CARTESIAN_POINT('',(-12.1349026381643,-19.0950422432305,7.01090150876169));
#2188=CARTESIAN_POINT('',(-13.6940250086818,-21.3464441099297,10.0323477574565));
#2189=CARTESIAN_POINT('',(24.000680269288,8.35598023530474,-1.7347234759768E-15));
#2190=CARTESIAN_POINT('',(24.000680269288,7.13445582679093,6.59033662423103));
#2191=CARTESIAN_POINT('',(24.000680269288,13.3698001864046,0.4));
#2192=CARTESIAN_POINT('',(24.000680269288,6.82254099877949,6.9));
#2193=CARTESIAN_POINT('',(24.000680269288,-5.5090346415284,6.9));
#2194=CARTESIAN_POINT('',(24.000680269288,-5.20978925257849,6.9));
#2195=CARTESIAN_POINT('',(24.000680269288,-0.664429143229394,0.824237061363819));
#2196=CARTESIAN_POINT('',(24.000680269288,-0.347051682142435,0.4));
#2197=CARTESIAN_POINT('',(24.000680269288,-5.48181172713489,0.4));
#2198=CARTESIAN_POINT('',(-24.0999999999905,-33.8500000001183,16.2375260206126));
#2199=CARTESIAN_POINT('',(-24.0999999999896,-26.8938319853558,24.5722557320885));
#2200=CARTESIAN_POINT('',(-24.0999999999922,2.06884079886542,0.4));
#2201=CARTESIAN_POINT('',(-24.0999999999915,-5.71931828665709,6.9));
#2202=CARTESIAN_POINT('',(-24.0999999999915,-33.8500000001183,6.9));
#2203=CARTESIAN_POINT('',(-24.0999999999915,6.82254099868789,6.9));
#2204=CARTESIAN_POINT('',(-24.0999999999888,-18.3296902958509,31.8706783753898));
#2205=CARTESIAN_POINT('',(-24.0999999999922,13.369800186313,0.4));
#2206=CARTESIAN_POINT('',(-24.0999999999922,-5.48181172713489,0.4));
#2207=CARTESIAN_POINT('',(13.4515768683574,-7.45744543546485,-0.943933642111127));
#2208=CARTESIAN_POINT('',(13.2866881907963,-18.3352426006536,6.75135068954074));
#2209=CARTESIAN_POINT('',(12.5953915063395,-19.0992878401113,6.77922541835695));
#2210=CARTESIAN_POINT('',(11.7464220976753,-19.6591898750499,7.0591983331028));
#2211=CARTESIAN_POINT('',(11.1152186229548,-20.2536619495515,7.61592915891624));
#2212=CARTESIAN_POINT('',(11.1152186229548,-20.2536619495515,7.61592915891624));
#2213=CARTESIAN_POINT('',(11.4681621522823,-15.9227973093296,7.5214182317536));
#2214=CARTESIAN_POINT('',(12.6396749117079,-13.0440197646953,0.399999999999998));
#2215=CARTESIAN_POINT('',(13.3207359128405,-13.0440197646953,0.4));
#2216=CARTESIAN_POINT('',(14.1021940840807,-12.7069863069363,0.399999999999999));
#2217=CARTESIAN_POINT('',(14.7747967316216,-11.9838919111129,0.399999999999997));
#2218=CARTESIAN_POINT('',(13.4979064961294,-21.8500000000616,10.3));
#2219=CARTESIAN_POINT('',(11.3765861525615,-19.9687225728589,8.1786796564407));
#2220=CARTESIAN_POINT('',(11.8658510964257,-19.3822225989399,7.68941471257395));
#2221=CARTESIAN_POINT('',(12.5397247451239,-18.8167288722085,7.40501556366946));
#2222=CARTESIAN_POINT('',(13.0812776465932,-18.0925037560781,7.32907078479682));
#2223=CARTESIAN_POINT('',(13.0812776465928,-18.0925037560776,7.32907078479696));
#2224=CARTESIAN_POINT('',(13.4979064961221,-20.1038160565302,10.3));
#2225=CARTESIAN_POINT('',(13.497906496111,-17.4701010127418,10.3));
#2226=CARTESIAN_POINT('',(9.25526580897477,-13.2274603256395,7.3));
#2227=CARTESIAN_POINT('',(9.25526580897975,-14.4701010127588,7.3));
#2228=CARTESIAN_POINT('',(9.25526580898326,-15.3487806691991,8.17867965644037));
#2229=CARTESIAN_POINT('',(10.5378156470493,-13.227460325635,7.3));
#2230=CARTESIAN_POINT('',(10.2662828492221,-14.2966379108975,7.30000000000139));
#2231=CARTESIAN_POINT('',(10.1102990343656,-15.1350223628485,7.96492135009317));
#2232=CARTESIAN_POINT('',(12.7043276288405,-14.0210391928811,7.3));
#2233=CARTESIAN_POINT('',(12.0192633985337,-14.7061034231993,7.30000000000041));
#2234=CARTESIAN_POINT('',(11.4223772110165,-15.3029896107172,7.73609916433888));
#2235=CARTESIAN_POINT('',(13.4979064961066,-16.1875511746672,7.3));
#2236=CARTESIAN_POINT('',(12.4287289108335,-16.4590839725041,7.29999999999777));
#2237=CARTESIAN_POINT('',(11.5903444588909,-16.6150677873684,7.96492135009721));
#2238=CARTESIAN_POINT('',(13.4979064961111,-17.4701010127418,7.3));
#2239=CARTESIAN_POINT('',(12.2552658089915,-17.470101012747,7.3));
#2240=CARTESIAN_POINT('',(11.376586152551,-17.4701010127507,8.17867965644072));
#2241=CARTESIAN_POINT('',(9.25526580896244,-13.2274603256395,10.3));
#2242=CARTESIAN_POINT('',(0.0556151082650686,-13.2274603256767,10.3));
#2243=CARTESIAN_POINT('',(-9.25526580903664,-13.2274603256767,10.3));
#2244=CARTESIAN_POINT('',(-8.7281208379125,-8.84348313717943,0.442104059603457));
#2245=CARTESIAN_POINT('',(-10.536442035929,-16.8545174257344,8.45313834815837));
#2246=CARTESIAN_POINT('',(-11.1342942869312,-20.2315155213321,7.60991189351718));
#2247=CARTESIAN_POINT('',(-11.1342942869312,-20.2315155213321,7.60991189351718));
#2248=CARTESIAN_POINT('',(-11.465104479814,-19.8930216644686,7.32917105613777));
#2249=CARTESIAN_POINT('',(-11.8149372372953,-19.5253417974163,7.13557938845805));
#2250=CARTESIAN_POINT('',(-12.1349026381643,-19.0950422432305,7.01090150876168));
#2251=CARTESIAN_POINT('',(-10.6426317395898,-12.4841407344688,0.399999999999999));
#2252=CARTESIAN_POINT('',(-10.2233444502859,-12.8522534832626,0.399999999999998));
#2253=CARTESIAN_POINT('',(-9.71885007296269,-13.0440197646953,0.399999999999998));
#2254=CARTESIAN_POINT('',(-9.19745984535011,-13.0440197646953,0.399999999999999));
#2255=CARTESIAN_POINT('',(-13.497906496156,-17.4701010127958,7.3));
#2256=CARTESIAN_POINT('',(-12.2552658090368,-17.4701010127958,7.3));
#2257=CARTESIAN_POINT('',(-11.3765861525964,-17.4701010127957,8.17867965644026));
#2258=CARTESIAN_POINT('',(-13.4979064961471,-16.1875511747234,7.3));
#2259=CARTESIAN_POINT('',(-12.4287289108842,-16.4590839725542,7.29999999999608));
#2260=CARTESIAN_POINT('',(-11.5903444589381,-16.6150677874157,7.9649213500986));
#2261=CARTESIAN_POINT('',(-12.7043276289014,-14.0210391929329,7.3));
#2262=CARTESIAN_POINT('',(-12.0192633985862,-14.7061034232434,7.2999999999998));
#2263=CARTESIAN_POINT('',(-11.4223772110695,-15.302989610762,7.7360991643377));
#2264=CARTESIAN_POINT('',(-10.5378156471179,-13.2274603256733,7.3));
#2265=CARTESIAN_POINT('',(-10.2662828492873,-14.2966379109457,7.30000000000434));
#2266=CARTESIAN_POINT('',(-10.1102990344245,-15.135022362889,7.96492135009312));
#2267=CARTESIAN_POINT('',(-9.25526580903666,-13.2274603256766,7.3));
#2268=CARTESIAN_POINT('',(-9.25526580903666,-14.4701010127959,7.3));
#2269=CARTESIAN_POINT('',(-9.25526580903666,-15.3487806692363,8.17867965644036));
#2270=CARTESIAN_POINT('',(-13.4843179969937,-17.0611851797642,7.3));
#2271=CARTESIAN_POINT('',(-13.3526652840646,-17.1918793963574,7.3));
#2272=CARTESIAN_POINT('',(-13.2287096406998,-17.3290322698,7.30968143026403));
#2273=CARTESIAN_POINT('',(-13.1094225296274,-17.4701010127957,7.32525964027946));
#2274=CARTESIAN_POINT('',(-13.1094225296274,-17.4701010127957,7.32525964027946));
#2275=CARTESIAN_POINT('',(-13.497906496156,-17.4701010127957,10.3));
#2276=CARTESIAN_POINT('',(-13.4979064961559,-5.48181172713489,10.3));
#2277=CARTESIAN_POINT('',(-13.4979064961559,-21.1230614648875,10.3));
#2278=CARTESIAN_POINT('',(-12.1222102868757,-18.8716595981883,7.63401801585756));
#2279=CARTESIAN_POINT('',(-12.1222102868757,-18.8716595981883,7.63401801585756));
#2280=CARTESIAN_POINT('',(-11.8863884770345,-19.2715493558999,7.75570644878539));
#2281=CARTESIAN_POINT('',(-11.6231796164451,-19.625081963008,7.93208619259002));
#2282=CARTESIAN_POINT('',(-11.3765861525957,-19.9547439650819,8.17867965643937));
#2283=CARTESIAN_POINT('',(21.000680269288,2.9678107967012,-4.03096214845735));
#2284=CARTESIAN_POINT('',(21.000680269288,-5.20978925257849,6.9));
#2285=CARTESIAN_POINT('',(22.9578882003354,-3.18650224401662,0.4));
#2286=CARTESIAN_POINT('',(23.1052517555405,-3.02807622338318,0.400000000000001));
#2287=CARTESIAN_POINT('',(23.3188886208673,-2.75272509027743,0.399459417749089));
#2288=CARTESIAN_POINT('',(23.5396274106713,-2.35024132905174,0.399719995972437));
#2289=CARTESIAN_POINT('',(23.6493380892236,-2.11192039359313,0.399924723504439));
#2290=CARTESIAN_POINT('',(23.7362545327601,-1.88888625670353,0.400057723231189));
#2291=CARTESIAN_POINT('',(23.7709364837837,-1.78642049978127,0.3998443835708));
#2292=CARTESIAN_POINT('',(23.8368328643431,-1.57784271652581,0.399235780032346));
#2293=CARTESIAN_POINT('',(23.9393375827723,-1.17198932827905,0.398189805685619));
#2294=CARTESIAN_POINT('',(24.000680269288,-0.704019185290264,0.399999999999998));
#2295=CARTESIAN_POINT('',(24.000680269288,-0.34705168214243,0.399999999999996));
#2296=CARTESIAN_POINT('',(-21.0999999999917,-3.5293980960901,5.07229192645174));
#2297=CARTESIAN_POINT('',(-21.0999999999915,-5.71931828665743,6.9));
#2298=CARTESIAN_POINT('',(-24.0999999999922,2.06884079886543,0.399999999999995));
#2299=CARTESIAN_POINT('',(-24.0999999999922,1.52090932293484,0.399999999999995));
#2300=CARTESIAN_POINT('',(-24.009370202967,0.812196946926495,0.39569005805034));
#2301=CARTESIAN_POINT('',(-23.8506342080735,0.189292526581401,0.39819211546257));
#2302=CARTESIAN_POINT('',(-23.7706970384927,-0.0660327190341487,0.399431182134412));
#2303=CARTESIAN_POINT('',(-23.7219908591919,-0.206657836965413,0.39990686490588));
#2304=CARTESIAN_POINT('',(-23.6957927902528,-0.279795633900199,0.400033426139022));
#2305=CARTESIAN_POINT('',(-23.6327914348542,-0.442615201614291,0.399959430538007));
#2306=CARTESIAN_POINT('',(-23.5571391637757,-0.620554682861455,0.399791147259276));
#2307=CARTESIAN_POINT('',(-23.4106147196812,-0.930734161565788,0.399357949304951));
#2308=CARTESIAN_POINT('',(-23.0916690988816,-1.47343323039175,0.398773744115266));
#2309=CARTESIAN_POINT('',(-22.7814179526217,-1.82690863158719,0.399999999999994));
#2310=CARTESIAN_POINT('',(-22.5708888439364,-2.01174239801961,0.399999999999994));
#2311=CARTESIAN_POINT('',(23.000680269288,11.044724371058,2.70829303784364));
#2312=CARTESIAN_POINT('',(23.000680269288,6.82254099877949,6.9));
#2313=CARTESIAN_POINT('',(24.000680269288,13.3698001864046,0.399999999999998));
#2314=CARTESIAN_POINT('',(24.000680269288,13.4933224763644,0.399999999999998));
#2315=CARTESIAN_POINT('',(23.9847817275154,13.6517580608138,0.400550080052143));
#2316=CARTESIAN_POINT('',(23.9490537849818,13.823010642734,0.400179840404828));
#2317=CARTESIAN_POINT('',(23.9296936813384,13.9002556685422,0.399935101453483));
#2318=CARTESIAN_POINT('',(23.8795303004587,14.0537703141991,0.400079753781229));
#2319=CARTESIAN_POINT('',(23.8098520395794,14.2108640440284,0.400167494280226));
#2320=CARTESIAN_POINT('',(23.6774352935112,14.4428179798639,0.399690108785491));
#2321=CARTESIAN_POINT('',(23.3760445275559,14.7276307292008,0.401610559890337));
#2322=CARTESIAN_POINT('',(23.1244174971517,14.7891641815688,0.400000000000259));
#2323=CARTESIAN_POINT('',(23.000680269285,14.7891641815686,0.399999999999998));
#2324=CARTESIAN_POINT('',(-23.0999999999918,9.92215176583373,3.82276273031487));
#2325=CARTESIAN_POINT('',(-23.0999999999915,6.82254099868782,6.9));
#2326=CARTESIAN_POINT('',(-23.0999999999922,14.7891641814769,0.4));
#2327=CARTESIAN_POINT('',(-23.2237189719736,14.7891641814769,0.400000000000006));
#2328=CARTESIAN_POINT('',(-23.4753124310194,14.7276668549165,0.401623780605659));
#2329=CARTESIAN_POINT('',(-23.7767933158799,14.4427545885676,0.399689968000151));
#2330=CARTESIAN_POINT('',(-23.9091253171398,14.2109496391635,0.400165384793787));
#2331=CARTESIAN_POINT('',(-23.9788237252904,14.0538448314183,0.40008211473313));
#2332=CARTESIAN_POINT('',(-24.029023852677,13.9002219369373,0.399934888393436));
#2333=CARTESIAN_POINT('',(-24.0483580590222,13.8230710513794,0.400178331693152));
#2334=CARTESIAN_POINT('',(-24.0840928839318,13.6518238196977,0.400549530310871));
#2335=CARTESIAN_POINT('',(-24.0999999999922,13.4933638557465,0.4));
#2336=CARTESIAN_POINT('',(-24.0999999999922,13.369800186313,0.399999999999997));
#2337=CARTESIAN_POINT('',(-4.99552056125283,7.67415939576007,6.9));
#2338=CARTESIAN_POINT('',(23.0006802692862,7.67415939587787,6.9));
#2339=CARTESIAN_POINT('',(23.000680269288,7.67415939587787,7.3));
#2340=CARTESIAN_POINT('',(23.000680269288,7.83899673624346,7.3));
#2341=CARTESIAN_POINT('',(23.000680269288,7.95597575965973,7.18386535030675));
#2342=CARTESIAN_POINT('',(23.1577600474118,7.6741593956199,7.3));
#2343=CARTESIAN_POINT('',(23.2190118400312,7.83899673567071,7.29999999999998));
#2344=CARTESIAN_POINT('',(23.2624798994938,7.95597575952967,7.18386535043587));
#2345=CARTESIAN_POINT('',(23.4706685176815,7.48962544876724,7.3));
#2346=CARTESIAN_POINT('',(23.67981849569,7.61267444107774,7.30000000000051));
#2347=CARTESIAN_POINT('',(23.7839940165582,7.71037609786148,7.12235564853174));
#2348=CARTESIAN_POINT('',(23.600680269225,7.04549427624954,7.3));
#2349=CARTESIAN_POINT('',(23.9326812738293,7.09405174093946,7.29999999999884));
#2350=CARTESIAN_POINT('',(24.000680269288,7.11927366166922,6.97431580908384));
#2351=CARTESIAN_POINT('',(23.600680269288,6.82254099877949,7.3));
#2352=CARTESIAN_POINT('',(24.000680269288,6.82254099877949,7.3));
#2353=CARTESIAN_POINT('',(24.000680269288,6.82254099877949,6.9));
#2354=CARTESIAN_POINT('',(23.600680269288,6.82254099877949,6.9));
#2355=CARTESIAN_POINT('',(23.600680269288,8.35598023530474,6.9));
#2356=CARTESIAN_POINT('',(23.600680269288,-5.20978925257849,6.9));
#2357=CARTESIAN_POINT('',(23.600680269288,-5.20978925257849,7.3));
#2358=CARTESIAN_POINT('',(24.000680269288,-5.20978925257849,7.3));
#2359=CARTESIAN_POINT('',(24.000680269288,-5.20978925257849,6.9));
#2360=CARTESIAN_POINT('',(23.6006802692864,-6.14066270866034,7.3));
#2361=CARTESIAN_POINT('',(24.0758254252572,-6.32854725728373,7.29999999999532));
#2362=CARTESIAN_POINT('',(24.000680269288,-6.23248402662666,6.83130723497737));
#2363=CARTESIAN_POINT('',(23.2618250154324,-7.0633420975288,7.3));
#2364=CARTESIAN_POINT('',(23.7426150117808,-7.38218189303652,7.30000000000086));
#2365=CARTESIAN_POINT('',(23.6096934379232,-7.24617647102795,6.76321914197001));
#2366=CARTESIAN_POINT('',(22.6969271428624,-7.6706464062028,7.3));
#2367=CARTESIAN_POINT('',(23.1748694815003,-8.11521530923466,7.3));
#2368=CARTESIAN_POINT('',(22.9578882003354,-7.91338525077856,6.71840380010418));
#2369=CARTESIAN_POINT('',(22.6969271428624,-7.67064640620279,6.9));
#2370=CARTESIAN_POINT('',(10.9427723673051,-20.307176275542,6.9));
#2371=CARTESIAN_POINT('',(13.4979064961114,-17.5602302504674,6.9));
#2372=CARTESIAN_POINT('',(13.4979064961114,-17.5602302504674,7.3));
#2373=CARTESIAN_POINT('',(13.9758488347493,-18.0047991534993,7.3));
#2374=CARTESIAN_POINT('',(13.7588675535844,-17.8029690950432,6.71840380010418));
#2375=CARTESIAN_POINT('',(13.3585798825647,-17.729987436212,7.3));
#2376=CARTESIAN_POINT('',(13.8295068734066,-18.1459695392974,7.27840254008691));
#2377=CARTESIAN_POINT('',(13.6009640582315,-17.9727262807878,6.7184038001047));
#2378=CARTESIAN_POINT('',(13.2192541486422,-17.9079861439502,7.30972162258336));
#2379=CARTESIAN_POINT('',(13.6765729549527,-18.3017703734827,7.26688862839399));
#2380=CARTESIAN_POINT('',(13.4430615597857,-18.1507249885259,6.72942163903209));
#2381=CARTESIAN_POINT('',(13.0812776465928,-18.0925037560776,7.32907078479696));
#2382=CARTESIAN_POINT('',(13.5194956592992,-18.4711843875695,7.26761719460766));
#2383=CARTESIAN_POINT('',(13.2866881907963,-18.3352426006536,6.75135068954074));
#2384=CARTESIAN_POINT('',(13.0257271333233,-18.0925037560778,6.93294688943656));
#2385=CARTESIAN_POINT('',(13.0812776465928,-18.0925037560776,7.32907078479696));
#2386=CARTESIAN_POINT('',(13.5194956592992,-18.4711843875695,7.26761719460765));
#2387=CARTESIAN_POINT('',(13.2866881907963,-18.3352426006536,6.75135068954074));
#2388=CARTESIAN_POINT('',(12.5287469170103,-18.8314096123702,7.40655504157903));
#2389=CARTESIAN_POINT('',(12.8966957383271,-19.3273805634017,7.26899571256681));
#2390=CARTESIAN_POINT('',(12.5812235454074,-19.1149467458702,6.77979667824139));
#2391=CARTESIAN_POINT('',(11.8621421919705,-19.3866686342312,7.69312361702912));
#2392=CARTESIAN_POINT('',(12.1913047506651,-19.917703973286,7.49028636347243));
#2393=CARTESIAN_POINT('',(11.7280517702224,-19.6764912020728,7.07540125220223));
#2394=CARTESIAN_POINT('',(11.3765861525615,-19.968722572859,8.1786796564407));
#2395=CARTESIAN_POINT('',(11.654025348636,-20.4933265486239,7.9012404603683));
#2396=CARTESIAN_POINT('',(11.1152186229548,-20.2536619495515,7.61592915891624));
#2397=CARTESIAN_POINT('',(11.0937434400869,-19.9687225728601,7.89583694396612));
#2398=CARTESIAN_POINT('',(11.3765861525615,-19.968722572859,8.17867965644069));
#2399=CARTESIAN_POINT('',(11.6540253486361,-20.493326548624,7.90124046036828));
#2400=CARTESIAN_POINT('',(11.1152186229548,-20.2536619495515,7.61592915891623));
#2401=CARTESIAN_POINT('',(11.313657128115,-20.0352831738408,8.24160868088752));
#2402=CARTESIAN_POINT('',(11.592175434547,-20.5740629347397,7.96309037445689));
#2403=CARTESIAN_POINT('',(11.0451382790974,-20.3196641327825,7.67774106152994));
#2404=CARTESIAN_POINT('',(11.2509131505912,-20.099844285682,8.30435265841163));
#2405=CARTESIAN_POINT('',(11.5312300545562,-20.6522768007935,8.02403575444921));
#2406=CARTESIAN_POINT('',(10.9752323704687,-20.3835260112452,7.73950624654986));
#2407=CARTESIAN_POINT('',(11.1884471756065,-20.1623102606669,8.36681863339663));
#2408=CARTESIAN_POINT('',(11.4712898880834,-20.7279956856172,8.08397592092197));
#2409=CARTESIAN_POINT('',(10.9056044631318,-20.4451529731427,7.80113320844744));
#2410=CARTESIAN_POINT('',(10.9056044631318,-20.1623102606681,8.08397592092204));
#2411=CARTESIAN_POINT('',(13.1854254427167,-17.8824892810729,5.80415494132689));
#2412=CARTESIAN_POINT('',(7.62683868427268,-23.4410760395421,11.362741699796));
#2413=CARTESIAN_POINT('',(7.90968139674735,-23.4410760395408,11.6455844122706));
#2414=CARTESIAN_POINT('',(8.1925241092243,-24.0067614644912,11.3627416997959));
#2415=CARTESIAN_POINT('',(7.62683868427269,-23.7239187520166,11.0798989873214));
#2416=CARTESIAN_POINT('',(7.57646516915671,-23.7372682418415,11.9788006398626));
#2417=CARTESIAN_POINT('',(7.87558852036181,-24.4029309363952,11.7589111717006));
#2418=CARTESIAN_POINT('',(7.33064648196939,-24.0201109543188,11.3760911896236));
#2419=CARTESIAN_POINT('',(6.77761414848565,-24.2116963967656,12.5125323141441));
#2420=CARTESIAN_POINT('',(7.04713576757992,-25.0796282941927,12.4356085295001));
#2421=CARTESIAN_POINT('',(6.62055668581873,-24.4945391092404,11.8505193445451));
#2422=CARTESIAN_POINT('',(5.83533589787144,-24.3783343397404,12.6999999999975));
#2423=CARTESIAN_POINT('',(5.96174380021806,-25.3440197647019,12.7000000000003));
#2424=CARTESIAN_POINT('',(5.78297601860522,-24.6611770522144,12.0171572875192));
#2425=CARTESIAN_POINT('',(5.3640969844944,-24.3783343397455,12.6999999999994));
#2426=CARTESIAN_POINT('',(5.36409698449846,-25.3440197646947,12.6999999999994));
#2427=CARTESIAN_POINT('',(5.36409698449272,-24.6611770522201,12.0171572875248));
#2428=CARTESIAN_POINT('',(5.36409698447963,-24.3783343397455,12.2999999999994));
#2429=CARTESIAN_POINT('',(2.14280098496475,-24.3783343397458,12.2999999999998));
#2430=CARTESIAN_POINT('',(-5.36409698449222,-24.3783343397466,12.3000000000006));
#2431=CARTESIAN_POINT('',(-5.36409698449256,-24.3783343397466,12.7000000000006));
#2432=CARTESIAN_POINT('',(-5.36409698449256,-25.3440197646958,12.7000000000006));
#2433=CARTESIAN_POINT('',(-5.36409698449256,-24.6611770522212,12.017157287526));
#2434=CARTESIAN_POINT('',(-5.83533589787065,-24.378334339743,12.7000000000006));
#2435=CARTESIAN_POINT('',(-5.96174380020916,-25.3440197646994,12.7000000000037));
#2436=CARTESIAN_POINT('',(-5.78297601860662,-24.6611770522178,12.0171572875225));
#2437=CARTESIAN_POINT('',(-6.77761414849325,-24.2116963967703,12.5125323141491));
#2438=CARTESIAN_POINT('',(-7.04713576759357,-25.0796282941931,12.4356085295017));
#2439=CARTESIAN_POINT('',(-6.62055668582702,-24.4945391092445,11.8505193445492));
#2440=CARTESIAN_POINT('',(-7.57646516917014,-23.7372682418474,11.9788006398661));
#2441=CARTESIAN_POINT('',(-7.87558852037131,-24.4029309364081,11.7589111717063));
#2442=CARTESIAN_POINT('',(-7.33064648198252,-24.0201109543227,11.3760911896275));
#2443=CARTESIAN_POINT('',(-7.90968139676404,-23.4410760395436,11.6455844122722));
#2444=CARTESIAN_POINT('',(-8.19252410923867,-24.0067614644929,11.3627416997976));
#2445=CARTESIAN_POINT('',(-7.62683868428943,-23.7239187520183,11.079898987323));
#2446=CARTESIAN_POINT('',(-7.62683868428942,-23.4410760395437,11.3627416997976));
#2447=CARTESIAN_POINT('',(-11.756891452754,-19.3110232710795,7.23268893133345));
#2448=CARTESIAN_POINT('',(-10.8750139592,-20.1929007646334,8.1145664248874));
#2449=CARTESIAN_POINT('',(-11.1578566716746,-20.1929007646334,8.39740913736204));
#2450=CARTESIAN_POINT('',(-11.4406993841492,-20.7585861895827,8.11456642488743));
#2451=CARTESIAN_POINT('',(-10.8750139592,-20.475743477108,7.83172371241278));
#2452=CARTESIAN_POINT('',(-11.2314925174285,-20.1192649188791,8.32377329160807));
#2453=CARTESIAN_POINT('',(-11.5157970529959,-20.6599630358684,8.03946875604027));
#2454=CARTESIAN_POINT('',(-10.9621906103956,-20.400579356437,7.75655959174173));
#2455=CARTESIAN_POINT('',(-11.3045308841066,-20.0397393625531,8.25073492493004));
#2456=CARTESIAN_POINT('',(-11.5906097547169,-20.5549792063656,7.96465605431933));
#2457=CARTESIAN_POINT('',(-11.0487697563319,-20.3190265135618,7.68249196769073));
#2458=CARTESIAN_POINT('',(-11.3765861525964,-19.954743965082,8.17867965644023));
#2459=CARTESIAN_POINT('',(-11.6648724260534,-20.4435361927498,7.89039338298321));
#2460=CARTESIAN_POINT('',(-11.1342942869312,-20.2315155213321,7.60991189351717));
#2461=CARTESIAN_POINT('',(-11.0937434401218,-19.954743965082,7.89583694396561));
#2462=CARTESIAN_POINT('',(-11.3765861525964,-19.954743965082,8.17867965644025));
#2463=CARTESIAN_POINT('',(-11.6648724260535,-20.4435361927498,7.89039338298322));
#2464=CARTESIAN_POINT('',(-11.1342942869312,-20.2315155213321,7.60991189351718));
#2465=CARTESIAN_POINT('',(-11.6200677212723,-19.6292421626833,7.93519808776438));
#2466=CARTESIAN_POINT('',(-11.9476651644071,-20.089247590037,7.67255185728314));
#2467=CARTESIAN_POINT('',(-11.4618225044789,-19.8963798897189,7.33195631174403));
#2468=CARTESIAN_POINT('',(-11.8825941316116,-19.2779835160212,7.75766440148202));
#2469=CARTESIAN_POINT('',(-12.2580463079809,-19.6958944132357,7.51534932035719));
#2470=CARTESIAN_POINT('',(-11.8133435831188,-19.5274849752593,7.13620035709704));
#2471=CARTESIAN_POINT('',(-12.1222102868757,-18.8716595981883,7.63401801585754));
#2472=CARTESIAN_POINT('',(-12.5410420572275,-19.2261210860076,7.41789304493643));
#2473=CARTESIAN_POINT('',(-12.1349026381643,-19.0950422432305,7.01090150876167));
#2474=CARTESIAN_POINT('',(-11.9387841256383,-18.8716595981883,7.27855375130524));
#2475=CARTESIAN_POINT('',(-12.1222102868757,-18.8716595981883,7.63401801585756));
#2476=CARTESIAN_POINT('',(-12.5410420572274,-19.2261210860075,7.41789304493645));
#2477=CARTESIAN_POINT('',(-12.1349026381643,-19.0950422432305,7.01090150876169));
#2478=CARTESIAN_POINT('',(-12.4301497482173,-18.3494778853559,7.47511553558005));
#2479=CARTESIAN_POINT('',(-12.9335656804797,-18.7175748126538,7.28107647207514));
#2480=CARTESIAN_POINT('',(-12.4839006943514,-18.5728605303989,6.83081203111322));
#2481=CARTESIAN_POINT('',(-12.7658193272119,-17.8729232396334,7.37013224052172));
#2482=CARTESIAN_POINT('',(-13.3288500865944,-18.3152960428688,7.23497371660565));
#2483=CARTESIAN_POINT('',(-12.8643262172119,-18.0963058846755,6.71183096338184));
#2484=CARTESIAN_POINT('',(-13.1094225296274,-17.4701010127957,7.32525964027945));
#2485=CARTESIAN_POINT('',(-13.6774246825211,-18.0285658052911,7.25108182888432));
#2486=CARTESIAN_POINT('',(-13.2537431799496,-17.6934836578379,6.66097534977317));
#2487=CARTESIAN_POINT('',(-13.0576246674236,-17.4701010127957,6.92862759231672));
#2488=CARTESIAN_POINT('',(-13.1094225296274,-17.4701010127957,7.32525964027946));
#2489=CARTESIAN_POINT('',(-13.6774246825211,-18.0285658052911,7.25108182888432));
#2490=CARTESIAN_POINT('',(-13.2537431799496,-17.6934836578379,6.66097534977318));
#2491=CARTESIAN_POINT('',(-13.2300779479884,-17.3274141036197,7.30950273720896));
#2492=CARTESIAN_POINT('',(-13.8169791791393,-17.9153399263135,7.25884011978771));
#2493=CARTESIAN_POINT('',(-13.3904859871935,-17.5520336170034,6.64311751954463));
#2494=CARTESIAN_POINT('',(-13.3542160146583,-17.1903399653764,7.3));
#2495=CARTESIAN_POINT('',(-13.9508488997497,-17.8178509126688,7.27556696170662));
#2496=CARTESIAN_POINT('',(-13.5319070991448,-17.4149690431124,6.63234776505163));
#2497=CARTESIAN_POINT('',(-13.4843179969937,-17.0611851797642,7.3));
#2498=CARTESIAN_POINT('',(-14.0770549388053,-17.7363236160634,7.3));
#2499=CARTESIAN_POINT('',(-13.6804365095196,-17.2845678248064,6.63234775745646));
#2500=CARTESIAN_POINT('',(-13.4843179969937,-17.0611851797642,6.9));
#2501=CARTESIAN_POINT('',(-14.4315196142705,-16.2295907100712,6.9));
#2502=CARTESIAN_POINT('',(-22.3747703314098,-9.25582372395745,6.9));
#2503=CARTESIAN_POINT('',(-22.3747703314098,-9.25582372395746,7.3));
#2504=CARTESIAN_POINT('',(-22.9675072732214,-9.93096216025674,7.30000000000001));
#2505=CARTESIAN_POINT('',(-22.5708888439357,-9.47920636899962,6.63234775745646));
#2506=CARTESIAN_POINT('',(-22.7744881184907,-8.9048919950435,7.3));
#2507=CARTESIAN_POINT('',(-23.3915823955192,-9.42801490748319,7.29999999999771));
#2508=CARTESIAN_POINT('',(-23.0321016751856,-9.10610810896799,6.65890721449127));
#2509=CARTESIAN_POINT('',(-23.4514980499953,-7.86553211382839,7.3));
#2510=CARTESIAN_POINT('',(-23.9682175420776,-8.25290574107413,7.29999999999516));
#2511=CARTESIAN_POINT('',(-23.8132669807624,-8.00109727272165,6.73756876555049));
#2512=CARTESIAN_POINT('',(-23.699999999989,-6.43507269174462,7.3));
#2513=CARTESIAN_POINT('',(-24.1581046336338,-6.53555267104091,7.30000000000969));
#2514=CARTESIAN_POINT('',(-24.0999999999914,-6.48028317283779,6.84582978168006));
#2515=CARTESIAN_POINT('',(-23.6999999999915,-5.71931828665766,7.3));
#2516=CARTESIAN_POINT('',(-24.0999999999915,-5.7193182866577,7.3));
#2517=CARTESIAN_POINT('',(-24.0999999999915,-5.7193182866577,6.9));
#2518=CARTESIAN_POINT('',(-23.6999999999915,-5.71931828665709,6.9));
#2519=CARTESIAN_POINT('',(-23.6999999999915,-5.48181172713489,6.9));
#2520=CARTESIAN_POINT('',(-23.6999999999915,6.82254099868789,6.9));
#2521=CARTESIAN_POINT('',(-23.6999999999915,6.82254099868776,7.3));
#2522=CARTESIAN_POINT('',(-24.0999999999915,6.82254099868771,7.3));
#2523=CARTESIAN_POINT('',(-24.0999999999915,6.82254099868771,6.9));
#2524=CARTESIAN_POINT('',(-23.6999999999285,7.04549427615781,7.3));
#2525=CARTESIAN_POINT('',(-24.0320010045344,7.09405174084874,7.30000000000045));
#2526=CARTESIAN_POINT('',(-24.0999999999915,7.11927366157744,6.97431580908383));
#2527=CARTESIAN_POINT('',(-23.5699882483851,7.48962544867547,7.3));
#2528=CARTESIAN_POINT('',(-23.7791382263923,7.61267444098477,7.29999999999973));
#2529=CARTESIAN_POINT('',(-23.8833137472612,7.71037609776953,7.12235564853192));
#2530=CARTESIAN_POINT('',(-23.2570797781154,7.67415939552829,7.3));
#2531=CARTESIAN_POINT('',(-23.3183315707362,7.83899673557978,7.30000000000013));
#2532=CARTESIAN_POINT('',(-23.3617996301986,7.95597575943835,7.18386535043548));
#2533=CARTESIAN_POINT('',(-23.0999999999916,7.67415939578621,7.3));
#2534=CARTESIAN_POINT('',(-23.0999999999916,7.83899673615179,7.3));
#2535=CARTESIAN_POINT('',(-23.0999999999916,7.95597575956806,7.18386535030675));
#2536=CARTESIAN_POINT('',(-23.0999999999915,7.67415939578621,6.9));
#2537=CARTESIAN_POINT('',(-10.1265107360825,7.67415939578332,6.9));
#2538=CARTESIAN_POINT('',(0.,0.,12.9));
#2539=CARTESIAN_POINT('',(0.,0.,6.9));
#2540=CARTESIAN_POINT('',(-2.2,0.,6.9));
#2541=CARTESIAN_POINT('',(0.,0.,0.4));
#2542=CARTESIAN_POINT('',(-2.2,0.,0.4));
#2543=CARTESIAN_POINT('',(-17.5,2.11251572852918E-15,12.9));
#2544=CARTESIAN_POINT('',(-17.5,2.11251572852918E-15,6.9));
#2545=CARTESIAN_POINT('',(-19.2,2.11251572852918E-15,6.9));
#2546=CARTESIAN_POINT('',(-17.5,2.11251572852918E-15,0.4));
#2547=CARTESIAN_POINT('',(-19.2,2.11251572852918E-15,0.4));
#2548=CARTESIAN_POINT('',(19.5,-1.31649530908342E-15,12.9));
#2549=CARTESIAN_POINT('',(19.5,-1.31649530908342E-15,6.9));
#2550=CARTESIAN_POINT('',(17.8,-1.31649530908342E-15,6.9));
#2551=CARTESIAN_POINT('',(19.5,-1.31649530908342E-15,0.4));
#2552=CARTESIAN_POINT('',(17.8,-1.31649530908342E-15,0.4));
#2553=CARTESIAN_POINT('',(-0.049659865409588,14.7891641814716,0.4));
#2554=CARTESIAN_POINT('',(23.000680269288,14.7891641815686,0.4));
#2555=CARTESIAN_POINT('',(23.0006802691461,14.3891641815686,0.));
#2556=CARTESIAN_POINT('',(-0.0496598654079048,14.3891641814716,0.));
#2557=CARTESIAN_POINT('',(21.3865603793436,14.3891641815618,-3.46944695195361E-15));
#2558=CARTESIAN_POINT('',(21.3865603793436,14.3891641815618,-3.67718587682156E-15));
#2559=CARTESIAN_POINT('',(21.4905428229842,14.5173772067302,0.128213025167976));
#2560=CARTESIAN_POINT('',(21.5766412418387,14.6522354016944,0.263071220131857));
#2561=CARTESIAN_POINT('',(21.6551205049573,14.7891641815629,0.4));
#2562=CARTESIAN_POINT('',(22.8697805317554,14.789164181615,0.4));
#2563=CARTESIAN_POINT('',(23.1315800068205,14.7891641815221,0.4));
#2564=CARTESIAN_POINT('',(23.2624281711958,14.7522219256239,0.4));
#2565=CARTESIAN_POINT('',(23.5042992321104,14.6100211358161,0.4));
#2566=CARTESIAN_POINT('',(23.6152269994976,14.5048184961044,0.4));
#2567=CARTESIAN_POINT('',(23.8003471014515,14.2420656886098,0.4));
#2568=CARTESIAN_POINT('',(23.8744666621165,14.0846188190929,0.4));
#2569=CARTESIAN_POINT('',(23.9746529414821,13.7413157246058,0.4));
#2570=CARTESIAN_POINT('',(24.000680269288,13.5555944835329,0.4));
#2571=CARTESIAN_POINT('',(24.000680269288,13.1840058892762,0.4));
#2572=CARTESIAN_POINT('',(23.9746529414821,12.9982846482032,0.4));
#2573=CARTESIAN_POINT('',(23.8744666621165,12.6549815537164,0.4));
#2574=CARTESIAN_POINT('',(23.8003471014515,12.4975346841994,0.4));
#2575=CARTESIAN_POINT('',(23.6152269994976,12.2347818767048,0.4));
#2576=CARTESIAN_POINT('',(23.5042992321104,12.129579236993,0.4));
#2577=CARTESIAN_POINT('',(23.2624281711958,11.9873784471852,0.4));
#2578=CARTESIAN_POINT('',(23.1315799413708,11.9504361912406,0.4));
#2579=CARTESIAN_POINT('',(22.8697805972051,11.9504361912406,0.4));
#2580=CARTESIAN_POINT('',(22.7389323673802,11.9873784471851,0.4));
#2581=CARTESIAN_POINT('',(22.4970613064656,12.1295792369932,0.4));
#2582=CARTESIAN_POINT('',(22.3861335390786,12.2347818767048,0.4));
#2583=CARTESIAN_POINT('',(22.2010134371243,12.4975346841994,0.4));
#2584=CARTESIAN_POINT('',(22.1268938764598,12.6549815537165,0.4));
#2585=CARTESIAN_POINT('',(22.0267075970936,12.9982846482032,0.4));
#2586=CARTESIAN_POINT('',(22.000680269288,13.1840058892763,0.4));
#2587=CARTESIAN_POINT('',(22.000680269288,13.5555944835329,0.4));
#2588=CARTESIAN_POINT('',(22.0267075970939,13.7413157246058,0.4));
#2589=CARTESIAN_POINT('',(22.1268938764594,14.0846188190929,0.4));
#2590=CARTESIAN_POINT('',(22.2010134371244,14.2420656886097,0.4));
#2591=CARTESIAN_POINT('',(22.3861335390784,14.5048184961044,0.4));
#2592=CARTESIAN_POINT('',(22.4970613064655,14.6100211358161,0.4));
#2593=CARTESIAN_POINT('',(22.7389323673803,14.752221925624,0.4));
#2594=CARTESIAN_POINT('',(22.8697805317554,14.789164181615,0.4));
#2595=CARTESIAN_POINT('',(23.1315800068205,14.7891641815221,0.4));
#2596=CARTESIAN_POINT('',(22.9589619219644,14.3091641812945,-0.08));
#2597=CARTESIAN_POINT('',(23.0423986166116,14.3091641818426,-0.08));
#2598=CARTESIAN_POINT('',(23.0860892076329,14.299084842108,-0.08));
#2599=CARTESIAN_POINT('',(23.1940928517918,14.2355872988985,-0.08));
#2600=CARTESIAN_POINT('',(23.2569115249105,14.179994442184,-0.08));
#2601=CARTESIAN_POINT('',(23.3738777608175,14.0139767350881,-0.08));
#2602=CARTESIAN_POINT('',(23.4270757700147,13.9042705227818,-0.08));
#2603=CARTESIAN_POINT('',(23.5004844032924,13.652724963804,-0.08));
#2604=CARTESIAN_POINT('',(23.520680269288,13.5113268707562,-0.08));
#2605=CARTESIAN_POINT('',(23.520680269288,13.2282735020529,-0.08));
#2606=CARTESIAN_POINT('',(23.5004844032924,13.0868754090052,-0.08));
#2607=CARTESIAN_POINT('',(23.4270757700147,12.8353298500274,-0.08));
#2608=CARTESIAN_POINT('',(23.3738777608175,12.7256236377211,-0.08));
#2609=CARTESIAN_POINT('',(23.2569115249105,12.5596059306251,-0.08));
#2610=CARTESIAN_POINT('',(23.1940928517918,12.5040130739107,-0.08));
#2611=CARTESIAN_POINT('',(23.0860892076329,12.4405155307012,-0.08));
#2612=CARTESIAN_POINT('',(23.042398731476,12.4304361912406,-0.08));
#2613=CARTESIAN_POINT('',(22.9589618070999,12.4304361912406,-0.08));
#2614=CARTESIAN_POINT('',(22.9152713309428,12.4405155307011,-0.08));
#2615=CARTESIAN_POINT('',(22.8072676867845,12.5040130739108,-0.08));
#2616=CARTESIAN_POINT('',(22.7444490136657,12.559605930625,-0.08));
#2617=CARTESIAN_POINT('',(22.6274827777581,12.7256236377212,-0.08));
#2618=CARTESIAN_POINT('',(22.5742847685616,12.8353298500274,-0.08));
#2619=CARTESIAN_POINT('',(22.5008761352833,13.0868754090052,-0.08));
#2620=CARTESIAN_POINT('',(22.480680269288,13.2282735020531,-0.08));
#2621=CARTESIAN_POINT('',(22.480680269288,13.511326870756,-0.08));
#2622=CARTESIAN_POINT('',(22.5008761352836,13.652724963804,-0.08));
#2623=CARTESIAN_POINT('',(22.5742847685613,13.9042705227817,-0.08));
#2624=CARTESIAN_POINT('',(22.6274827777581,14.0139767350879,-0.08));
#2625=CARTESIAN_POINT('',(22.7444490136658,14.1799944421842,-0.08));
#2626=CARTESIAN_POINT('',(22.8072676867842,14.2355872988985,-0.08));
#2627=CARTESIAN_POINT('',(22.9152713309431,14.299084842108,-0.08));
#2628=CARTESIAN_POINT('',(22.9589619219644,14.3091641812945,-0.08));
#2629=CARTESIAN_POINT('',(23.0423986166116,14.3091641818426,-0.08));
#2630=CARTESIAN_POINT('',(24.000680269288,13.3698001864046,0.4));
#2631=CARTESIAN_POINT('',(23.600680269288,13.3698001864046,0.));
#2632=CARTESIAN_POINT('',(23.0006802691461,14.3891641815686,0.));
#2633=CARTESIAN_POINT('',(23.1096948140135,14.3891641820406,0.));
#2634=CARTESIAN_POINT('',(23.3052020735908,14.2712904767015,5.02059528736184E-17));
#2635=CARTESIAN_POINT('',(23.5390548778573,13.9067245781697,-4.13660090240918E-16));
#2636=CARTESIAN_POINT('',(23.6006802692879,13.5850104779758,1.73472347597681E-15));
#2637=CARTESIAN_POINT('',(23.600680269288,13.3698001864056,1.7347234759768E-15));
#2638=CARTESIAN_POINT('',(24.000680269288,1.12654500119663,0.4));
#2639=CARTESIAN_POINT('',(24.000680269288,-0.347051682142433,0.4));
#2640=CARTESIAN_POINT('',(23.600680269288,-0.347051682142433,0.));
#2641=CARTESIAN_POINT('',(23.600680269288,1.12654500119663,0.));
#2642=CARTESIAN_POINT('',(24.0031197542077,-0.347051682142436,0.402439484919709));
#2643=CARTESIAN_POINT('',(24.0031197542077,-0.837737077571875,0.402439484919709));
#2644=CARTESIAN_POINT('',(23.9249987070658,-1.32822995352334,0.402439484919709));
#2645=CARTESIAN_POINT('',(23.6242699280949,-2.23493818854436,0.402439484919709));
#2646=CARTESIAN_POINT('',(23.4017798000996,-2.65079826309082,0.402439484919709));
#2647=CARTESIAN_POINT('',(23.0674146939036,-3.06837647733501,0.402439484919709));
#2648=CARTESIAN_POINT('',(23.0086444707369,-3.13606937743134,0.402439484919709));
#2649=CARTESIAN_POINT('',(22.947804904012,-3.20073014268734,0.402439484919709));
#2650=CARTESIAN_POINT('',(24.000680269288,-0.347051682142437,0.4));
#2651=CARTESIAN_POINT('',(24.000680269288,-0.837481383955698,0.4));
#2652=CARTESIAN_POINT('',(23.9225982974094,-1.32771813994553,0.4));
#2653=CARTESIAN_POINT('',(23.6220394362343,-2.23391406663056,0.4));
#2654=CARTESIAN_POINT('',(23.3996807924646,-2.64951672147403,0.4));
#2655=CARTESIAN_POINT('',(23.0655500434634,-3.06680225429497,0.4));
#2656=CARTESIAN_POINT('',(23.0068221621354,-3.13444627906401,0.4));
#2657=CARTESIAN_POINT('',(22.9460276820164,-3.19905912944037,0.4));
#2658=CARTESIAN_POINT('',(23.600680269288,-0.347051682142437,-8.8836815508031E-15));
#2659=CARTESIAN_POINT('',(23.600680269288,-0.795555547216757,-8.8836815508031E-15));
#2660=CARTESIAN_POINT('',(23.5290054308214,-1.24379655901243,-8.8836815508031E-15));
#2661=CARTESIAN_POINT('',(23.2563078274754,-2.06598977974134,-8.8836815508031E-15));
#2662=CARTESIAN_POINT('',(23.0555085259304,-2.43938357304935,-8.8836815508031E-15));
#2663=CARTESIAN_POINT('',(22.7598051011346,-2.80867841391821,-8.8836815508031E-15));
#2664=CARTESIAN_POINT('',(22.7080199704525,-2.86830839820011,-8.8836815508031E-15));
#2665=CARTESIAN_POINT('',(22.6546182978025,-2.9250646917685,-8.8836815508031E-15));
#2666=CARTESIAN_POINT('',(22.6650047585327,-2.9140700698562,-8.22454938710638E-15));
#2667=CARTESIAN_POINT('',(22.7626325724669,-3.00488079457634,0.133333333333325));
#2668=CARTESIAN_POINT('',(22.8602603864011,-3.09569151929648,0.266666666666658));
#2669=CARTESIAN_POINT('',(22.9578882003354,-3.18650224401663,0.399999999999992));
#2670=CARTESIAN_POINT('',(22.6650047585327,-2.9140700698562,0.));
#2671=CARTESIAN_POINT('',(23.600680269288,-0.347051682142433,-9.14795583034645E-16));
#2672=CARTESIAN_POINT('',(23.600680269288,-1.28595350205272,-9.14795583034645E-16));
#2673=CARTESIAN_POINT('',(23.3069828148838,-2.22449119551595,-1.35525271560688E-17));
#2674=CARTESIAN_POINT('',(22.6649536581324,-2.91402248978663,-1.35525271560688E-17));
#2675=CARTESIAN_POINT('',(14.4362502831695,-12.3478527734387,0.4));
#2676=CARTESIAN_POINT('',(14.7747534372889,-11.9838517051237,0.399940916004498));
#2677=CARTESIAN_POINT('',(14.6770831530414,-11.8930750700725,0.266599703348935));
#2678=CARTESIAN_POINT('',(14.579412868794,-11.8022984350212,0.133258490693372));
#2679=CARTESIAN_POINT('',(14.4817425845465,-11.71152179997,-8.27219621917795E-5));
#2680=CARTESIAN_POINT('',(14.481682014814,-11.71146545966,0.));
#2681=CARTESIAN_POINT('',(14.1433668413667,-12.0754205992783,0.));
#2682=CARTESIAN_POINT('',(14.7878615380742,-11.9733230091328,0.402524069207514));
#2683=CARTESIAN_POINT('',(14.6980605740534,-12.0706819367322,0.402524069207514));
#2684=CARTESIAN_POINT('',(14.6053174418495,-12.1623935798568,0.402524069207514));
#2685=CARTESIAN_POINT('',(14.1486872951516,-12.5723062409896,0.402524069207514));
#2686=CARTESIAN_POINT('',(13.751660924083,-12.8069344174014,0.402524069207514));
#2687=CARTESIAN_POINT('',(13.1077036575773,-13.0101488075099,0.402524069207514));
#2688=CARTESIAN_POINT('',(12.8645714041783,-13.0476639140018,0.402524069207514));
#2689=CARTESIAN_POINT('',(12.6261117930669,-13.0462575719663,0.402524069207514));
#2690=CARTESIAN_POINT('',(14.7860067535747,-11.9716106158436,0.4));
#2691=CARTESIAN_POINT('',(14.696257600516,-12.0689136134084,0.4));
#2692=CARTESIAN_POINT('',(14.6035705192139,-12.1605698847591,0.4));
#2693=CARTESIAN_POINT('',(14.147231922179,-12.5702208244673,0.4));
#2694=CARTESIAN_POINT('',(13.7505100957777,-12.8046508187481,0.4));
#2695=CARTESIAN_POINT('',(13.1071783287308,-13.0076678192462,0.4));
#2696=CARTESIAN_POINT('',(12.8643132593168,-13.0451407015348,0.4));
#2697=CARTESIAN_POINT('',(12.6261293380137,-13.0437355767165,0.4));
#2698=CARTESIAN_POINT('',(14.4902778346869,-11.698584711079,-0.00244042265660317));
#2699=CARTESIAN_POINT('',(14.4087894794922,-11.7869701612589,-0.00244042265660317));
#2700=CARTESIAN_POINT('',(14.325039216779,-11.8697978949453,-0.00244042265660317));
#2701=CARTESIAN_POINT('',(13.915185624683,-12.2377196774526,-0.00244042265660317));
#2702=CARTESIAN_POINT('',(13.5670207412839,-12.4405512907011,-0.00244042265660317));
#2703=CARTESIAN_POINT('',(13.0234193088081,-12.6120962705455,-0.00244042265660317));
#2704=CARTESIAN_POINT('',(12.8231543533325,-12.6428368785435,-0.00244042265660317));
#2705=CARTESIAN_POINT('',(12.6289267239972,-12.6416258282158,-0.00244042265660317));
#2706=CARTESIAN_POINT('',(14.4816820216167,-11.7114654659804,-9.28681887580449E-9));
#2707=CARTESIAN_POINT('',(14.2395324428311,-11.9720947863481,-9.28681887580449E-9));
#2708=CARTESIAN_POINT('',(13.6973092055464,-12.4219164639358,4.64340950958735E-9));
#2709=CARTESIAN_POINT('',(12.9981865746408,-12.644157248146,-2.13974591544991E-17));
#2710=CARTESIAN_POINT('',(12.6396748988149,-12.644098659537,-2.13974591544991E-17));
#2711=CARTESIAN_POINT('',(-9.18797815255102,-13.0462140227748,0.402460517313419));
#2712=CARTESIAN_POINT('',(-9.34970271942181,-13.0469677797406,0.402460517313419));
#2713=CARTESIAN_POINT('',(-9.50945289728614,-13.0298291506823,0.402460517313419));
#2714=CARTESIAN_POINT('',(-10.0229414115359,-12.9139200018993,0.402460517313419));
#2715=CARTESIAN_POINT('',(-10.3591214253432,-12.7381423475194,0.402460517313419));
#2716=CARTESIAN_POINT('',(-10.6517211693233,-12.4793880318333,0.402460517313419));
#2717=CARTESIAN_POINT('',(-9.1879870448583,-13.0437554921382,0.4));
#2718=CARTESIAN_POINT('',(-9.34952963643999,-13.0445081491341,0.4));
#2719=CARTESIAN_POINT('',(-9.50909380157754,-13.027387784437,0.4));
#2720=CARTESIAN_POINT('',(-10.0219798894622,-12.9116146206376,0.4));
#2721=CARTESIAN_POINT('',(-10.3577763809822,-12.7360487840164,0.4));
#2722=CARTESIAN_POINT('',(-10.6500907259031,-12.4775454441153,0.4));
#2723=CARTESIAN_POINT('',(-9.18944133425618,-12.6416759275278,-0.00240447499731398));
#2724=CARTESIAN_POINT('',(-9.32122283849522,-12.6422486903118,-0.00240447499731398));
#2725=CARTESIAN_POINT('',(-9.45036561490602,-12.6281153644276,-0.00240447499731398));
#2726=CARTESIAN_POINT('',(-9.86472808588716,-12.5345818189515,-0.00240447499731398));
#2727=CARTESIAN_POINT('',(-10.1378015541538,-12.3936576463082,-0.00240447499731398));
#2728=CARTESIAN_POINT('',(-10.3834404060943,-12.1762000566008,-0.00240447499731398));
#2729=CARTESIAN_POINT('',(-10.3787282502532,-12.183549736074,-2.16840434497101E-16));
#2730=CARTESIAN_POINT('',(-10.4666960800321,-12.2837467355389,0.133333333333333));
#2731=CARTESIAN_POINT('',(-10.5546639098109,-12.3839437350039,0.266666666666666));
#2732=CARTESIAN_POINT('',(-10.6426317395898,-12.4841407344688,0.399999999999999));
#2733=CARTESIAN_POINT('',(-10.3787282502532,-12.183549736074,0.));
#2734=CARTESIAN_POINT('',(-9.19759297712839,-12.644095328019,4.93101075346021E-8));
#2735=CARTESIAN_POINT('',(-9.63334513828788,-12.6439853648237,4.93101075346021E-8));
#2736=CARTESIAN_POINT('',(-10.0516789496295,-12.4708012310892,-1.35525271560688E-17));
#2737=CARTESIAN_POINT('',(-10.3787332438269,-12.1835562364434,-1.35525271560688E-17));
#2738=CARTESIAN_POINT('',(-11.4086793814918,-11.8115901698291,0.4));
#2739=CARTESIAN_POINT('',(-22.5708841783861,-2.01173708301062,0.399992927752844));
#2740=CARTESIAN_POINT('',(-22.4829198417817,-1.9115359544621,0.266658796158456));
#2741=CARTESIAN_POINT('',(-22.3949555051773,-1.81133482591357,0.133324664564069));
#2742=CARTESIAN_POINT('',(-22.306991168573,-1.71113369736505,-9.46703031891099E-6));
#2743=CARTESIAN_POINT('',(-22.3069849226171,-1.71112658310481,0.));
#2744=CARTESIAN_POINT('',(-11.1447758921552,-11.5109991714343,0.));
#2745=CARTESIAN_POINT('',(-22.5542402723249,-2.02623075507059,0.4));
#2746=CARTESIAN_POINT('',(-22.6268138008713,-1.96346250499529,0.4));
#2747=CARTESIAN_POINT('',(-22.6977211591542,-1.89600249388398,0.4));
#2748=CARTESIAN_POINT('',(-22.9299693735618,-1.65381554117243,0.4));
#2749=CARTESIAN_POINT('',(-23.0824802532308,-1.45848065760442,0.4));
#2750=CARTESIAN_POINT('',(-23.4990005241929,-0.808437914268604,0.4));
#2751=CARTESIAN_POINT('',(-23.7213591663052,-0.289079468876393,0.4));
#2752=CARTESIAN_POINT('',(-24.0219180287466,0.843349565947602,0.4));
#2753=CARTESIAN_POINT('',(-24.0999999999922,1.4559746210858,0.4));
#2754=CARTESIAN_POINT('',(-24.0999999999922,2.06884079886499,0.4));
#2755=CARTESIAN_POINT('',(-22.2925805169744,-1.7236778495292,1.77538105744501E-15));
#2756=CARTESIAN_POINT('',(-22.3553863360023,-1.66935873412034,1.77538105744501E-15));
#2757=CARTESIAN_POINT('',(-22.4172974762918,-1.61051046809578,1.77538105744501E-15));
#2758=CARTESIAN_POINT('',(-22.6216688549584,-1.39739329919067,1.77538105744501E-15));
#2759=CARTESIAN_POINT('',(-22.7585197003825,-1.22265175325266,1.77538105744501E-15));
#2760=CARTESIAN_POINT('',(-23.1365439501542,-0.632687857486577,1.77538105744501E-15));
#2761=CARTESIAN_POINT('',(-23.3441642383247,-0.15097689980258,1.77538105744501E-15));
#2762=CARTESIAN_POINT('',(-23.6258837701577,0.910470350898597,1.77538105744501E-15));
#2763=CARTESIAN_POINT('',(-23.6999999999922,1.48952464643375,1.77538105744501E-15));
#2764=CARTESIAN_POINT('',(-23.6999999999922,2.06884079886502,1.77538105744501E-15));
#2765=CARTESIAN_POINT('',(-24.0999999999922,2.06884079886542,0.4));
#2766=CARTESIAN_POINT('',(-23.6999999999922,2.06884079886542,0.));
#2767=CARTESIAN_POINT('',(-22.3069849225984,-1.71112658308348,2.83749954351314E-11));
#2768=CARTESIAN_POINT('',(-22.8319377929495,-1.25029940764591,2.83749954351314E-11));
#2769=CARTESIAN_POINT('',(-23.495486064135,0.000211121180531825,-1.41875078819611E-11));
#2770=CARTESIAN_POINT('',(-23.6999999999923,1.37546354545488,-2.03287907341032E-17));
#2771=CARTESIAN_POINT('',(-23.6999999999922,2.06884079886542,-2.03287907341032E-17));
#2772=CARTESIAN_POINT('',(-24.0999999999922,1.12654500119663,0.4));
#2773=CARTESIAN_POINT('',(-24.0999999999922,13.369800186313,0.4));
#2774=CARTESIAN_POINT('',(-23.6999999999922,13.369800186313,0.));
#2775=CARTESIAN_POINT('',(-23.6999999999922,1.12654500119663,0.));
#2776=CARTESIAN_POINT('',(-24.0876324196648,13.147777881483,0.4));
#2777=CARTESIAN_POINT('',(-24.0958356275432,13.2211764375791,0.4));
#2778=CARTESIAN_POINT('',(-24.0999999999922,13.2954824674615,0.4));
#2779=CARTESIAN_POINT('',(-24.0999999999922,13.5555944834412,0.4));
#2780=CARTESIAN_POINT('',(-24.0739726721863,13.7413157245142,0.4));
#2781=CARTESIAN_POINT('',(-23.9737863928208,14.084618819001,0.4));
#2782=CARTESIAN_POINT('',(-23.8996668321558,14.242065688518,0.4));
#2783=CARTESIAN_POINT('',(-23.7145467302019,14.5048184960126,0.4));
#2784=CARTESIAN_POINT('',(-23.6036189628147,14.6100211357244,0.4));
#2785=CARTESIAN_POINT('',(-23.3617479019001,14.7522219255322,0.4));
#2786=CARTESIAN_POINT('',(-23.2308996720754,14.7891641814769,0.4));
#2787=CARTESIAN_POINT('',(-23.047640131159,14.7891641814769,0.4));
#2788=CARTESIAN_POINT('',(-22.9952884930871,14.7832534205257,0.4));
#2789=CARTESIAN_POINT('',(-22.9435762062314,14.7716100821105,0.4));
#2790=CARTESIAN_POINT('',(-23.6502995156275,13.1965846960031,-0.0400000000000006));
#2791=CARTESIAN_POINT('',(-23.6566909086087,13.2536474987852,-0.0400000000000006));
#2792=CARTESIAN_POINT('',(-23.6599999999922,13.3117139254797,-0.0400000000000006));
#2793=CARTESIAN_POINT('',(-23.6599999999922,13.5150158383958,-0.0400000000000006));
#2794=CARTESIAN_POINT('',(-23.6393181788458,13.6601075271124,-0.0400000000000006));
#2795=CARTESIAN_POINT('',(-23.5636780750607,13.9192995473826,-0.0400000000000006));
#2796=CARTESIAN_POINT('',(-23.5087366032413,14.0329841477899,-0.0400000000000006));
#2797=CARTESIAN_POINT('',(-23.386090878497,14.2070631132523,-0.0400000000000006));
#2798=CARTESIAN_POINT('',(-23.319263114189,14.2667901185499,-0.0400000000000006));
#2799=CARTESIAN_POINT('',(-23.2001038519677,14.3368462656426,-0.0400000000000006));
#2800=CARTESIAN_POINT('',(-23.1491502296719,14.3491641814769,-0.0400000000000006));
#2801=CARTESIAN_POINT('',(-23.0803399081204,14.3491641814769,-0.0400000000000006));
#2802=CARTESIAN_POINT('',(-23.0603912734299,14.3471933149434,-0.0400000000000006));
#2803=CARTESIAN_POINT('',(-23.0397174484842,14.3425864783963,-0.0400000000000006));
#2804=CARTESIAN_POINT('',(-23.0999999999921,14.7891641814769,0.4));
#2805=CARTESIAN_POINT('',(-23.0999999999922,14.3891641814769,0.));
#2806=CARTESIAN_POINT('',(-23.6999999999922,13.369800186313,9.52065032713834E-16));
#2807=CARTESIAN_POINT('',(-23.6999999999922,13.5850760937837,9.52065032713834E-16));
#2808=CARTESIAN_POINT('',(-23.6390053842733,13.9047384396981,-2.31625009576449E-16));
#2809=CARTESIAN_POINT('',(-23.4052137229754,14.270911843503,3.81934856216485E-17));
#2810=CARTESIAN_POINT('',(-23.2089746744256,14.3891641814769,-2.03287907341032E-17));
#2811=CARTESIAN_POINT('',(-23.0999999999922,14.3891641814769,-2.03287907341032E-17));
#2812=CARTESIAN_POINT('',(-0.0496598653490529,14.7891641814718,0.4));
#2813=CARTESIAN_POINT('',(-21.3865603795167,14.3891641814765,-2.98287506527023E-15));
#2814=CARTESIAN_POINT('',(-21.4905428231705,14.5173772066432,0.128213025166625));
#2815=CARTESIAN_POINT('',(-21.5766412420357,14.6522354016075,0.263071220130929));
#2816=CARTESIAN_POINT('',(-21.6551205051639,14.7891641814766,0.4));
#2817=CARTESIAN_POINT('',(-21.3865603795167,14.3891641814765,0.));
#2818=CARTESIAN_POINT('',(-0.049659865349142,14.3891641814718,0.));
#2819=CARTESIAN_POINT('',(-21.8033353879652,14.3222904713132,0.4048));
#2820=CARTESIAN_POINT('',(-21.7989605087148,14.3887223728883,0.4048));
#2821=CARTESIAN_POINT('',(-21.7883904804619,14.4548172844458,0.4048));
#2822=CARTESIAN_POINT('',(-21.7377500672465,14.6506278004807,0.4048));
#2823=CARTESIAN_POINT('',(-21.6784992408444,14.7753151069202,0.4048));
#2824=CARTESIAN_POINT('',(-21.5183203911215,14.9927122470941,0.4048));
#2825=CARTESIAN_POINT('',(-21.4174545529765,15.0853368253161,0.4048));
#2826=CARTESIAN_POINT('',(-21.1893580663289,15.2244704178112,0.4048));
#2827=CARTESIAN_POINT('',(-21.0622165210739,15.2709240780858,0.4048));
#2828=CARTESIAN_POINT('',(-20.83375189665,15.3056012988326,0.4048));
#2829=CARTESIAN_POINT('',(-20.7340300304015,15.3055174325395,0.4048));
#2830=CARTESIAN_POINT('',(-20.6366407213507,15.2907174558462,0.4048));
#2831=CARTESIAN_POINT('',(-21.7985459069901,14.3219750179067,0.4));
#2832=CARTESIAN_POINT('',(-21.7941907499488,14.3881074561979,0.4));
#2833=CARTESIAN_POINT('',(-21.7836683973773,14.453905362841,0.4));
#2834=CARTESIAN_POINT('',(-21.7332555079758,14.6488361160032,0.4));
#2835=CARTESIAN_POINT('',(-21.6742703110861,14.7729626759027,0.4));
#2836=CARTESIAN_POINT('',(-21.5148206402491,14.9893701635836,0.4));
#2837=CARTESIAN_POINT('',(-21.4144188289006,15.0815660443364,0.4));
#2838=CARTESIAN_POINT('',(-21.1873946399203,15.2200455600462,0.4));
#2839=CARTESIAN_POINT('',(-21.0608614792089,15.2662747743216,0.4));
#2840=CARTESIAN_POINT('',(-20.8335067676947,15.3007835283342,0.4));
#2841=CARTESIAN_POINT('',(-20.7342742919655,15.3006998257435,0.4));
#2842=CARTESIAN_POINT('',(-20.6373642053756,15.2859725615978,0.4));
#2843=CARTESIAN_POINT('',(-21.3592678782267,14.2930424986472,-0.0402428048008631));
#2844=CARTESIAN_POINT('',(-21.3567215879839,14.3317089877591,-0.0402428048008631));
#2845=CARTESIAN_POINT('',(-21.3505719178585,14.3702664201275,-0.0402428048008631));
#2846=CARTESIAN_POINT('',(-21.3210268872044,14.4845077410667,-0.0402428048008631));
#2847=CARTESIAN_POINT('',(-21.2864044989816,14.5572041698091,-0.0402428048008631));
#2848=CARTESIAN_POINT('',(-21.1938331110513,14.682843451391,-0.0402428048008631));
#2849=CARTESIAN_POINT('',(-21.1359905618636,14.7357203787531,-0.0402428048008631));
#2850=CARTESIAN_POINT('',(-21.0073145671941,14.8142097697699,-0.0402428048008631));
#2851=CARTESIAN_POINT('',(-20.936580764369,14.8398534140067,-0.0402428048008631));
#2852=CARTESIAN_POINT('',(-20.8110242137619,14.8589108622744,-0.0402428048008631));
#2853=CARTESIAN_POINT('',(-20.7566772911422,14.8588421740215,-0.0402428048008631));
#2854=CARTESIAN_POINT('',(-20.7037201712801,14.8507839048509,-0.0402428048008631));
#2855=CARTESIAN_POINT('',(-20.783943937694,14.8971097670885,4.87890977617823E-16));
#2856=CARTESIAN_POINT('',(-20.783943937694,15.0304431004218,0.133333333333334));
#2857=CARTESIAN_POINT('',(-20.783943937694,15.1637764337552,0.266666666666667));
#2858=CARTESIAN_POINT('',(-20.783943937694,15.2971097670885,0.4));
#2859=CARTESIAN_POINT('',(-20.7839439376939,14.8971097670885,0.));
#2860=CARTESIAN_POINT('',(-21.3865603795167,14.3891641814765,-5.07198734550134E-15));
#2861=CARTESIAN_POINT('',(-21.3273612146048,14.669729583856,-5.07198734550134E-15));
#2862=CARTESIAN_POINT('',(-21.0709670519217,14.8971464996468,-2.11759943163798E-17));
#2863=CARTESIAN_POINT('',(-20.7839439419431,14.897088675507,-2.11759943163798E-17));
#2864=CARTESIAN_POINT('',(-0.0496598653512417,15.2971097670872,0.4));
#2865=CARTESIAN_POINT('',(20.783943954652,15.2970818863629,0.399972119276877));
#2866=CARTESIAN_POINT('',(20.7839848700277,15.1637543375106,0.266644570424652));
#2867=CARTESIAN_POINT('',(20.7840257854035,15.0304267886584,0.133317021572426));
#2868=CARTESIAN_POINT('',(20.7840667007792,14.8970992398062,-1.05272797987568E-5));
#2869=CARTESIAN_POINT('',(20.7840667007791,14.8970887125264,0.));
#2870=CARTESIAN_POINT('',(-0.0496598653512658,14.8971097670872,0.));
#2871=CARTESIAN_POINT('',(0.,0.,0.4));
#2872=CARTESIAN_POINT('',(0.,0.,0.));
#2873=CARTESIAN_POINT('',(-2.6,0.,0.));
#2874=CARTESIAN_POINT('',(-17.5,2.11251572852918E-15,0.4));
#2875=CARTESIAN_POINT('',(-17.5,2.11251572852918E-15,0.));
#2876=CARTESIAN_POINT('',(-19.6,2.11251572852918E-15,0.));
#2877=CARTESIAN_POINT('',(19.5,-1.31649530908342E-15,0.4));
#2878=CARTESIAN_POINT('',(19.5,-1.31649530908342E-15,0.));
#2879=CARTESIAN_POINT('',(17.4,-1.31649530908342E-15,0.));
#2880=CARTESIAN_POINT('',(20.6373751441932,15.2859742239089,0.4));
#2881=CARTESIAN_POINT('',(20.7342817592117,15.3006998320184,0.4));
#2882=CARTESIAN_POINT('',(20.8335104299031,15.3007829724438,0.4));
#2883=CARTESIAN_POINT('',(21.0608614790495,15.2662747743204,0.4));
#2884=CARTESIAN_POINT('',(21.1873946397611,15.2200455600456,0.4));
#2885=CARTESIAN_POINT('',(21.414418828742,15.0815660443369,0.4));
#2886=CARTESIAN_POINT('',(21.514820640091,14.9893701635846,0.4));
#2887=CARTESIAN_POINT('',(21.674270310929,14.7729626759046,0.4));
#2888=CARTESIAN_POINT('',(21.7332555078195,14.6488361160054,0.4));
#2889=CARTESIAN_POINT('',(21.7836683050271,14.4539057193311,0.4));
#2890=CARTESIAN_POINT('',(21.7941906330025,14.3881081865111,0.4));
#2891=CARTESIAN_POINT('',(21.7985458343258,14.3219761189451,0.4));
#2892=CARTESIAN_POINT('',(20.7040874410368,14.8484151357888,-0.04264));
#2893=CARTESIAN_POINT('',(20.7568033503397,14.8564361908611,-0.04264));
#2894=CARTESIAN_POINT('',(20.8109038059761,14.8565044865738,-0.04264));
#2895=CARTESIAN_POINT('',(20.9359040350754,14.8375314788668,-0.04264));
#2896=CARTESIAN_POINT('',(21.0063340011286,14.8119999264787,-0.04264));
#2897=CARTESIAN_POINT('',(21.1344744735439,14.733837191656,-0.04264));
#2898=CARTESIAN_POINT('',(21.1920852804803,14.6811743625264,-0.04264));
#2899=CARTESIAN_POINT('',(21.2842925050519,14.5560293289047,-0.04264));
#2900=CARTESIAN_POINT('',(21.3187822337353,14.4836129457694,-0.04264));
#2901=CARTESIAN_POINT('',(21.3482135816085,14.3698112003117,-0.04264));
#2902=CARTESIAN_POINT('',(21.3543394275828,14.3314023150447,-0.04264));
#2903=CARTESIAN_POINT('',(21.3568758940091,14.2928855975407,-0.04264));
#2904=CARTESIAN_POINT('',(20.7840667007791,14.8970887061886,6.33728289733462E-9));
#2905=CARTESIAN_POINT('',(21.0707548323706,14.8970854704876,6.33728289733462E-9));
#2906=CARTESIAN_POINT('',(21.3274303743019,14.6694018111122,2.71050543121376E-17));
#2907=CARTESIAN_POINT('',(21.3865603793436,14.3891641815618,2.71050543121376E-17));
#2908=CARTESIAN_POINT('',(-4.99552056119747,-5.48181172713489,0.));
#2909=CARTESIAN_POINT('',(0.,0.,7.3));
#2910=CARTESIAN_POINT('',(-17.5,2.11251572852918E-15,7.3));
#2911=CARTESIAN_POINT('',(19.5,-1.31649530908342E-15,7.3));
#2912=MECHANICAL_DESIGN_GEOMETRIC_PRESENTATION_REPRESENTATION('',(#1386),
#2913);
#2913=(
GEOMETRIC_REPRESENTATION_CONTEXT(3)
GLOBAL_UNCERTAINTY_ASSIGNED_CONTEXT((#2914))
GLOBAL_UNIT_ASSIGNED_CONTEXT((#2917,#2916,#2915))
REPRESENTATION_CONTEXT('[a]_orbiter-UHF-adapter_o2_xol',
'TOP_LEVEL_ASSEMBLY_PART')
);
#2914=UNCERTAINTY_MEASURE_WITH_UNIT(LENGTH_MEASURE(0.0201181680006477),
#2917,'DISTANCE_ACCURACY_VALUE','Maximum Tolerance applied to model');
#2915=(
NAMED_UNIT(*)
SI_UNIT($,.STERADIAN.)
SOLID_ANGLE_UNIT()
);
#2916=(
NAMED_UNIT(*)
PLANE_ANGLE_UNIT()
SI_UNIT($,.RADIAN.)
);
#2917=(
LENGTH_UNIT()
NAMED_UNIT(*)
SI_UNIT(.MILLI.,.METRE.)
);
#2918=PRODUCT_DEFINITION_SHAPE('','',#2919);
#2919=PRODUCT_DEFINITION('','',#2921,#2920);
#2920=PRODUCT_DEFINITION_CONTEXT('',#2927,'design');
#2921=PRODUCT_DEFINITION_FORMATION_WITH_SPECIFIED_SOURCE('','',#2923,
 .NOT_KNOWN.);
#2922=PRODUCT_RELATED_PRODUCT_CATEGORY('','',(#2923));
#2923=PRODUCT('[a]_orbiter-UHF-adapter_o2_xol',
'[a]_orbiter-UHF-adapter_o2_xol','[a]_orbiter-UHF-adapter_o2_xol',(#2925));
#2924=PRODUCT_CATEGORY('','');
#2925=PRODUCT_CONTEXT('',#2927,'mechanical');
#2926=APPLICATION_PROTOCOL_DEFINITION('international standard',
'ap242_managed_model_based_3d_engineering',2020,#2927);
#2927=APPLICATION_CONTEXT('managed model based 3d engineering');
ENDSEC;
END-ISO-10303-21;
