ISO-10303-21;
HEADER;
/* Generated by software containing ST-Developer
 * from STEP Tools, Inc. (www.steptools.com) 
 */
/* OPTION: using custom renumber hook */

FILE_DESCRIPTION(
/* description */ ('STEP AP242 Edition 2',
'CAx-IF Rec.Pracs.---Representation and Presentation of Product Manufa
cturing Information (PMI)---4.0---2014-10-13',
'CAx-IF Rec.Pracs.---3D Tessellated Geometry---0.4---2014-09-14','2;1',
'CAx-IF Rec.Pracs.---User Defined Attributes---1.5---2016-08-15'),
/* implementation_level */ '2;1');

FILE_NAME(
/* name */ '[a]_lgxl-vz-adapter_sherpa_xol',
/* time_stamp */ '2026-09-27T04:16:36Z',
/* author */ (''),
/* organization */ (''),
/* preprocessor_version */ 'ST-DEVELOPER v20',
/* originating_system */ 'ONSHAPE BY PTC INC, 1.221',
/* authorisation */ '  ');

FILE_SCHEMA (('AP242_MANAGED_MODEL_BASED_3D_ENGINEERING_MIM_LF { 1 0 10303 442 3 1 4 }'));
ENDSEC;

DATA;
#10=SHAPE_REPRESENTATION_RELATIONSHIP('','',#2822,#11);
#11=ADVANCED_BREP_SHAPE_REPRESENTATION('',(#2820),#5451);
#12=B_SPLINE_SURFACE_WITH_KNOTS('',1,3,((#4975,#4976,#4977,#4978,#4979,
#4980,#4981,#4982),(#4983,#4984,#4985,#4986,#4987,#4988,#4989,#4990),(#4991,
#4992,#4993,#4994,#4995,#4996,#4997,#4998)),.RULED_SURF.,.F.,.F.,.F.,(2,
1,2),(4,2,2,4),(-0.0052390150438623,0.,0.838443056948785),(5.32623110329111,
5.49778714378214,5.89048622548086,6.0400009814559),.UNSPECIFIED.);
#13=B_SPLINE_SURFACE_WITH_KNOTS('',1,3,((#5009,#5010,#5011,#5012,#5013,
#5014,#5015,#5016),(#5017,#5018,#5019,#5020,#5021,#5022,#5023,#5024),(#5025,
#5026,#5027,#5028,#5029,#5030,#5031,#5032)),.RULED_SURF.,.F.,.F.,.F.,(2,
1,2),(4,2,2,4),(-0.00520495334359776,0.,0.838334653841224),(3.38484624430629,
3.53429173528852,3.92699081698724,4.09854645041345),.UNSPECIFIED.);
#14=B_SPLINE_SURFACE_WITH_KNOTS('',1,3,((#5049,#5050,#5051,#5052,#5053,
#5054,#5055,#5056),(#5057,#5058,#5059,#5060,#5061,#5062,#5063,#5064)),
 .RULED_SURF.,.F.,.F.,.F.,(2,2),(4,2,2,4),(0.,0.833333333333324),(0.672503363084748,
0.785398163397448,1.17809724509617,1.5707963267949),.UNSPECIFIED.);
#15=B_SPLINE_SURFACE_WITH_KNOTS('',1,3,((#5091,#5092,#5093,#5094,#5095,
#5096,#5097,#5098,#5099,#5100,#5101,#5102),(#5103,#5104,#5105,#5106,#5107,
#5108,#5109,#5110,#5111,#5112,#5113,#5114),(#5115,#5116,#5117,#5118,#5119,
#5120,#5121,#5122,#5123,#5124,#5125,#5126)),.RULED_SURF.,.F.,.F.,.F.,(2,
1,2),(4,2,2,2,2,4),(-0.01,0.,0.9171725100018),(1.43749108022075,1.5707963267949,
1.96349540849362,2.35619449019234,2.74889357189107,3.03715403911929),
 .UNSPECIFIED.);
#16=B_SPLINE_SURFACE_WITH_KNOTS('',1,3,((#5143,#5144,#5145,#5146,#5147,
#5148,#5149,#5150,#5151,#5152,#5153,#5154),(#5155,#5156,#5157,#5158,#5159,
#5160,#5161,#5162,#5163,#5164,#5165,#5166)),.RULED_SURF.,.F.,.F.,.F.,(2,
2),(4,2,2,2,2,4),(0.,0.922166666666668),(3.2460423236493,3.53429173528852,
3.92699081698724,4.31968989868597,4.71238898038469,4.8456932219057),
 .UNSPECIFIED.);
#17=B_SPLINE_SURFACE_WITH_KNOTS('',1,3,((#5193,#5194,#5195,#5196,#5197,
#5198,#5199,#5200),(#5201,#5202,#5203,#5204,#5205,#5206,#5207,#5208),(#5209,
#5210,#5211,#5212,#5213,#5214,#5215,#5216)),.RULED_SURF.,.F.,.F.,.F.,(2,
1,2),(4,2,2,4),(-0.00513520878828123,0.,0.833333333333331),(1.5707963267949,
1.96349540849362,2.35619449019234,2.46911257617458),.UNSPECIFIED.);
#18=CONICAL_SURFACE('',#3045,2.1,0.785398163397448);
#19=CONICAL_SURFACE('',#3046,2.1,0.785398163397448);
#20=CONICAL_SURFACE('',#3047,2.6,0.785398163397448);
#21=CONICAL_SURFACE('',#3058,3.,0.785398163397448);
#22=CONICAL_SURFACE('',#3061,3.,0.785398163397448);
#23=CONICAL_SURFACE('',#3066,3.,0.785398163397448);
#24=CONICAL_SURFACE('',#3069,3.,0.785398163397448);
#25=CONICAL_SURFACE('',#3072,2.2,0.785398163397448);
#26=CONICAL_SURFACE('',#3074,2.9,0.785398163397448);
#27=CONICAL_SURFACE('',#3076,2.9,0.785398163397448);
#28=CONICAL_SURFACE('',#3093,1.9,0.785398163397434);
#29=CONICAL_SURFACE('',#3103,1.9,0.785398163397435);
#30=CONICAL_SURFACE('',#3107,1.9,0.785398163397435);
#31=CONICAL_SURFACE('',#3119,1.9,0.785398163397434);
#32=CONICAL_SURFACE('',#3130,2.95,0.785398163397435);
#33=CONICAL_SURFACE('',#3131,2.95,0.785398163397433);
#34=TOROIDAL_SURFACE('',#2985,3.9352192353441,3.);
#35=TOROIDAL_SURFACE('',#2993,3.93521923532499,3.);
#36=TOROIDAL_SURFACE('',#3010,2.6,0.4);
#37=TOROIDAL_SURFACE('',#3036,2.6,0.4);
#38=TOROIDAL_SURFACE('',#3122,3.15,0.2);
#39=TOROIDAL_SURFACE('',#3127,3.15,0.2);
#40=(
BOUNDED_SURFACE()
B_SPLINE_SURFACE(3,2,((#4409,#4410,#4411),(#4412,#4413,#4414),(#4415,#4416,
#4417),(#4418,#4419,#4420)),.UNSPECIFIED.,.F.,.F.,.F.)
B_SPLINE_SURFACE_WITH_KNOTS((4,4),(3,3),(5.4977871437821,6.28318530717959),
(0.,1.),.PIECEWISE_BEZIER_KNOTS.)
GEOMETRIC_REPRESENTATION_ITEM()
RATIONAL_B_SPLINE_SURFACE(((1.,0.866025403784434,1.),(1.,0.903812900244017,
1.),(1.,0.923879532489348,1.),(1.,0.923879532511287,1.)))
REPRESENTATION_ITEM('')
SURFACE()
);
#41=(
BOUNDED_SURFACE()
B_SPLINE_SURFACE(3,2,((#4430,#4431,#4432),(#4433,#4434,#4435),(#4436,#4437,
#4438),(#4439,#4440,#4441)),.UNSPECIFIED.,.F.,.F.,.F.)
B_SPLINE_SURFACE_WITH_KNOTS((4,4),(3,3),(0.,0.785398163397668),(0.,1.),
 .PIECEWISE_BEZIER_KNOTS.)
GEOMETRIC_REPRESENTATION_ITEM()
RATIONAL_B_SPLINE_SURFACE(((1.,0.923879532511287,1.),(1.,0.923879532489357,
1.),(1.,0.903812900244039,1.),(1.,0.866025403784406,1.)))
REPRESENTATION_ITEM('')
SURFACE()
);
#42=(
BOUNDED_SURFACE()
B_SPLINE_SURFACE(3,2,((#4479,#4480,#4481),(#4482,#4483,#4484),(#4485,#4486,
#4487),(#4488,#4489,#4490),(#4491,#4492,#4493)),.UNSPECIFIED.,.F.,.F.,.F.)
B_SPLINE_SURFACE_WITH_KNOTS((4,1,4),(3,3),(2.61799387799081,3.14159265358952,
3.66519142918824),(0.,1.),.UNSPECIFIED.)
GEOMETRIC_REPRESENTATION_ITEM()
RATIONAL_B_SPLINE_SURFACE(((1.,0.923879532511194,1.),(1.,0.9431603927269,
1.),(1.,0.962880835015948,1.),(1.,0.943160392726818,1.),(1.,0.923879532511254,
1.)))
REPRESENTATION_ITEM('')
SURFACE()
);
#43=(
BOUNDED_SURFACE()
B_SPLINE_SURFACE(3,2,((#4497,#4498,#4499),(#4500,#4501,#4502),(#4503,#4504,
#4505),(#4506,#4507,#4508),(#4509,#4510,#4511)),.UNSPECIFIED.,.F.,.F.,.F.)
B_SPLINE_SURFACE_WITH_KNOTS((4,1,4),(3,3),(2.61799387799154,3.14159265358983,
3.66519142918813),(0.,1.),.UNSPECIFIED.)
GEOMETRIC_REPRESENTATION_ITEM()
RATIONAL_B_SPLINE_SURFACE(((1.,0.923879532511295,1.),(1.,0.943160392726843,
1.),(1.,0.962880835016049,1.),(1.,0.943160392726764,1.),(1.,0.923879532511287,
1.)))
REPRESENTATION_ITEM('')
SURFACE()
);
#44=(
BOUNDED_SURFACE()
B_SPLINE_SURFACE(3,2,((#4567,#4568,#4569),(#4570,#4571,#4572),(#4573,#4574,
#4575),(#4576,#4577,#4578),(#4579,#4580,#4581),(#4582,#4583,#4584),(#4585,
#4586,#4587),(#4588,#4589,#4590)),.UNSPECIFIED.,.F.,.F.,.F.)
B_SPLINE_SURFACE_WITH_KNOTS((4,1,1,1,1,4),(3,3),(0.171113780408671,0.272112594610943,
0.373111408813215,0.474110223015488,0.524609630116624,0.57510903721776),
(0.,1.),.UNSPECIFIED.)
GEOMETRIC_REPRESENTATION_ITEM()
RATIONAL_B_SPLINE_SURFACE(((1.,0.964787557115742,1.),(1.,0.964787557350165,
1.),(1.,0.955102633037977,1.),(1.,0.911695268388528,1.),(1.,0.857878478184788,
1.),(1.,0.810999946431999,1.),(1.,0.782972838067906,1.),(1.,0.767868193670349,
1.)))
REPRESENTATION_ITEM('')
SURFACE()
);
#45=(
BOUNDED_SURFACE()
B_SPLINE_SURFACE(3,2,((#4616,#4617,#4618),(#4619,#4620,#4621),(#4622,#4623,
#4624),(#4625,#4626,#4627),(#4628,#4629,#4630),(#4631,#4632,#4633),(#4634,
#4635,#4636),(#4637,#4638,#4639)),.UNSPECIFIED.,.F.,.F.,.F.)
B_SPLINE_SURFACE_WITH_KNOTS((4,1,1,1,1,4),(3,3),(0.171113780408621,0.272112594608577,
0.373111408808532,0.474110223008488,0.524609630108466,0.575109037208444),
(0.,1.),.UNSPECIFIED.)
GEOMETRIC_REPRESENTATION_ITEM()
RATIONAL_B_SPLINE_SURFACE(((1.,0.964787557116294,1.),(1.,0.964787557350585,
1.),(1.,0.955102633039038,1.),(1.,0.911695268391431,1.),(1.,0.857878478189482,
1.),(1.,0.810999946438299,1.),(1.,0.782972838075852,1.),(1.,0.767868193678888,
1.)))
REPRESENTATION_ITEM('')
SURFACE()
);
#46=(
BOUNDED_SURFACE()
B_SPLINE_SURFACE(3,2,((#4710,#4711,#4712),(#4713,#4714,#4715),(#4716,#4717,
#4718),(#4719,#4720,#4721)),.UNSPECIFIED.,.F.,.F.,.F.)
B_SPLINE_SURFACE_WITH_KNOTS((4,4),(3,3),(-6.39679281766448E-18,0.000167264447293568),
(0.,1.),.PIECEWISE_BEZIER_KNOTS.)
GEOMETRIC_REPRESENTATION_ITEM()
RATIONAL_B_SPLINE_SURFACE(((1.,0.994331037334847,1.),(1.,0.998135449617799,
1.),(1.,1.0000000058248,1.),(1.,1.,1.)))
REPRESENTATION_ITEM('')
SURFACE()
);
#47=(
BOUNDED_SURFACE()
B_SPLINE_SURFACE(3,2,((#4723,#4724,#4725),(#4726,#4727,#4728),(#4729,#4730,
#4731),(#4732,#4733,#4734)),.UNSPECIFIED.,.F.,.F.,.F.)
B_SPLINE_SURFACE_WITH_KNOTS((4,4),(3,3),(-3.02221355580334E-18,1.93762257257502E-5),
(0.,1.),.PIECEWISE_BEZIER_KNOTS.)
GEOMETRIC_REPRESENTATION_ITEM()
RATIONAL_B_SPLINE_SURFACE(((1.,0.993544718848127,1.),(1.,0.993839334154288,
1.),(1.,0.994103359608097,1.),(1.,0.994331037334848,1.)))
REPRESENTATION_ITEM('')
SURFACE()
);
#48=(
BOUNDED_SURFACE()
B_SPLINE_SURFACE(3,2,((#4736,#4737,#4738),(#4739,#4740,#4741),(#4742,#4743,
#4744),(#4745,#4746,#4747),(#4748,#4749,#4750),(#4751,#4752,#4753)),
 .UNSPECIFIED.,.F.,.F.,.F.)
B_SPLINE_SURFACE_WITH_KNOTS((4,1,1,4),(3,3),(-1.88651178012478E-17,0.00177410773200531,
0.00354821546401063,0.00709643092802128),(0.,1.),.UNSPECIFIED.)
GEOMETRIC_REPRESENTATION_ITEM()
RATIONAL_B_SPLINE_SURFACE(((1.,0.707106781186546,1.),(1.,0.724222275767995,
1.),(1.,0.8060947912305,1.),(1.,0.957611186088057,1.),(1.,0.982867990567743,
1.),(1.,0.993544718848129,1.)))
REPRESENTATION_ITEM('')
SURFACE()
);
#49=(
BOUNDED_SURFACE()
B_SPLINE_SURFACE(3,2,((#4761,#4762,#4763),(#4764,#4765,#4766),(#4767,#4768,
#4769),(#4770,#4771,#4772)),.UNSPECIFIED.,.F.,.F.,.F.)
B_SPLINE_SURFACE_WITH_KNOTS((4,4),(3,3),(1.5707963267949,2.46372209846547),
(0.,1.),.PIECEWISE_BEZIER_KNOTS.)
GEOMETRIC_REPRESENTATION_ITEM()
RATIONAL_B_SPLINE_SURFACE(((1.,0.707106781186551,1.),(1.,0.65001019564961,
1.),(1.,0.584423400500284,1.),(1.,0.537299608346825,1.)))
REPRESENTATION_ITEM('')
SURFACE()
);
#50=(
BOUNDED_SURFACE()
B_SPLINE_SURFACE(3,2,((#4776,#4777,#4778),(#4779,#4780,#4781),(#4782,#4783,
#4784),(#4785,#4786,#4787)),.UNSPECIFIED.,.F.,.F.,.F.)
B_SPLINE_SURFACE_WITH_KNOTS((4,4),(3,3),(4.11940476924469,4.37574563396738),
(0.,1.),.PIECEWISE_BEZIER_KNOTS.)
GEOMETRIC_REPRESENTATION_ITEM()
RATIONAL_B_SPLINE_SURFACE(((1.,0.53729960834682,1.),(1.,0.562233018258744,
1.),(1.,0.587556315779208,1.),(1.,0.6124527837904,1.)))
REPRESENTATION_ITEM('')
SURFACE()
);
#51=(
BOUNDED_SURFACE()
B_SPLINE_SURFACE(3,2,((#4789,#4790,#4791),(#4792,#4793,#4794),(#4795,#4796,
#4797),(#4798,#4799,#4800)),.UNSPECIFIED.,.F.,.F.,.F.)
B_SPLINE_SURFACE_WITH_KNOTS((4,4),(3,3),(-1.25767452008319E-17,0.0024250619502916),
(0.,1.),.PIECEWISE_BEZIER_KNOTS.)
GEOMETRIC_REPRESENTATION_ITEM()
RATIONAL_B_SPLINE_SURFACE(((1.,0.612452783790341,1.),(1.,0.599402177636565,
1.),(1.,0.58910822013191,1.),(1.,0.598711120098676,1.)))
REPRESENTATION_ITEM('')
SURFACE()
);
#52=(
BOUNDED_SURFACE()
B_SPLINE_SURFACE(3,2,((#4802,#4803,#4804),(#4805,#4806,#4807),(#4808,#4809,
#4810),(#4811,#4812,#4813)),.UNSPECIFIED.,.F.,.F.,.F.)
B_SPLINE_SURFACE_WITH_KNOTS((4,4),(3,3),(5.01420987081768,5.26513478634811),
(0.,1.),.PIECEWISE_BEZIER_KNOTS.)
GEOMETRIC_REPRESENTATION_ITEM()
RATIONAL_B_SPLINE_SURFACE(((1.,0.598711120098675,1.),(1.,0.566953696496474,
1.),(1.,0.533896521589563,1.),(1.,0.499999999998985,1.)))
REPRESENTATION_ITEM('')
SURFACE()
);
#53=(
BOUNDED_SURFACE()
B_SPLINE_SURFACE(3,2,((#4817,#4818,#4819),(#4820,#4821,#4822),(#4823,#4824,
#4825),(#4826,#4827,#4828),(#4829,#4830,#4831)),.UNSPECIFIED.,.F.,.F.,.F.)
B_SPLINE_SURFACE_WITH_KNOTS((4,1,4),(3,3),(7.00510346568583E-17,0.392699081696709,
0.785398163393418),(0.,1.),.UNSPECIFIED.)
GEOMETRIC_REPRESENTATION_ITEM()
RATIONAL_B_SPLINE_SURFACE(((1.,0.38268343236509,1.),(1.,0.382683432368368,
1.),(1.,0.407749414543832,1.),(1.,0.467275075280676,1.),(1.,0.499999999998994,
1.)))
REPRESENTATION_ITEM('')
SURFACE()
);
#54=(
BOUNDED_SURFACE()
B_SPLINE_SURFACE(3,2,((#4835,#4836,#4837),(#4838,#4839,#4840),(#4841,#4842,
#4843),(#4844,#4845,#4846),(#4847,#4848,#4849)),.UNSPECIFIED.,.F.,.F.,.F.)
B_SPLINE_SURFACE_WITH_KNOTS((4,1,4),(3,3),(5.49778714378218,5.89048622548088,
6.28318530717959),(0.,1.),.UNSPECIFIED.)
GEOMETRIC_REPRESENTATION_ITEM()
RATIONAL_B_SPLINE_SURFACE(((1.,0.499999999999991,1.),(1.,0.467275075287231,
1.),(1.,0.407749414542665,1.),(1.,0.382683432365449,1.),(1.,0.382683432365088,
1.)))
REPRESENTATION_ITEM('')
SURFACE()
);
#55=(
BOUNDED_SURFACE()
B_SPLINE_SURFACE(3,2,((#4853,#4854,#4855),(#4856,#4857,#4858),(#4859,#4860,
#4861),(#4862,#4863,#4864)),.UNSPECIFIED.,.F.,.F.,.F.)
B_SPLINE_SURFACE_WITH_KNOTS((4,4),(3,3),(4.15964317442328,4.41144143366218),
(0.,1.),.PIECEWISE_BEZIER_KNOTS.)
GEOMETRIC_REPRESENTATION_ITEM()
RATIONAL_B_SPLINE_SURFACE(((1.,0.499999999999984,1.),(1.,0.534014498374514,
1.),(1.,0.567183702832713,1.),(1.,0.599042668300232,1.)))
REPRESENTATION_ITEM('')
SURFACE()
);
#56=(
BOUNDED_SURFACE()
B_SPLINE_SURFACE(3,2,((#4866,#4867,#4868),(#4869,#4870,#4871),(#4872,#4873,
#4874),(#4875,#4876,#4877)),.UNSPECIFIED.,.F.,.F.,.F.)
B_SPLINE_SURFACE_WITH_KNOTS((4,4),(3,3),(1.60461921527855E-17,0.00242188530720359),
(0.,1.),.PIECEWISE_BEZIER_KNOTS.)
GEOMETRIC_REPRESENTATION_ITEM()
RATIONAL_B_SPLINE_SURFACE(((1.,0.599042668300233,1.),(1.,0.589438929798388,
1.),(1.,0.599673604155672,1.),(1.,0.612690278165415,1.)))
REPRESENTATION_ITEM('')
SURFACE()
);
#57=(
BOUNDED_SURFACE()
B_SPLINE_SURFACE(3,2,((#4879,#4880,#4881),(#4882,#4883,#4884),(#4885,#4886,
#4887),(#4888,#4889,#4890)),.UNSPECIFIED.,.F.,.F.,.F.)
B_SPLINE_SURFACE_WITH_KNOTS((4,4),(3,3),(1.90662452892933,2.16378053793287),
(0.,1.),.PIECEWISE_BEZIER_KNOTS.)
GEOMETRIC_REPRESENTATION_ITEM()
RATIONAL_B_SPLINE_SURFACE(((1.,0.612690278165412,1.),(1.,0.587717208704334,
1.),(1.,0.562312304588958,1.),(1.,0.537299608346821,1.)))
REPRESENTATION_ITEM('')
SURFACE()
);
#58=(
BOUNDED_SURFACE()
B_SPLINE_SURFACE(3,2,((#4894,#4895,#4896),(#4897,#4898,#4899),(#4900,#4901,
#4902),(#4903,#4904,#4905)),.UNSPECIFIED.,.F.,.F.,.F.)
B_SPLINE_SURFACE_WITH_KNOTS((4,4),(3,3),(0.677870555124326,1.5707963267949),
(0.,1.),.PIECEWISE_BEZIER_KNOTS.)
GEOMETRIC_REPRESENTATION_ITEM()
RATIONAL_B_SPLINE_SURFACE(((1.,0.537299608346825,1.),(1.,0.584423400502014,
1.),(1.,0.65001019564961,1.),(1.,0.707106781186551,1.)))
REPRESENTATION_ITEM('')
SURFACE()
);
#59=(
BOUNDED_SURFACE()
B_SPLINE_SURFACE(3,2,((#4913,#4914,#4915),(#4916,#4917,#4918),(#4919,#4920,
#4921),(#4922,#4923,#4924),(#4925,#4926,#4927),(#4928,#4929,#4930)),
 .UNSPECIFIED.,.F.,.F.,.F.)
B_SPLINE_SURFACE_WITH_KNOTS((4,1,1,4),(3,3),(-1.0842021724855E-17,0.00355867247418309,
0.00533800871127465,0.0071173449483662),(0.,1.),.UNSPECIFIED.)
GEOMETRIC_REPRESENTATION_ITEM()
RATIONAL_B_SPLINE_SURFACE(((1.,0.993544718850351,1.),(1.,0.982846952315272,
1.),(1.,0.957894405328106,1.),(1.,0.804660372049099,1.),(1.,0.724326873367584,
1.),(1.,0.707106781186548,1.)))
REPRESENTATION_ITEM('')
SURFACE()
);
#60=(
BOUNDED_SURFACE()
B_SPLINE_SURFACE(3,2,((#4932,#4933,#4934),(#4935,#4936,#4937),(#4938,#4939,
#4940),(#4941,#4942,#4943)),.UNSPECIFIED.,.F.,.F.,.F.)
B_SPLINE_SURFACE_WITH_KNOTS((4,4),(3,3),(-3.65037318948713E-17,1.93762257107796E-5),
(0.,1.),.PIECEWISE_BEZIER_KNOTS.)
GEOMETRIC_REPRESENTATION_ITEM()
RATIONAL_B_SPLINE_SURFACE(((1.,0.994331037336377,1.),(1.,0.994103359609807,
1.),(1.,0.993839334155503,1.),(1.,0.993544718850426,1.)))
REPRESENTATION_ITEM('')
SURFACE()
);
#61=(
BOUNDED_SURFACE()
B_SPLINE_SURFACE(3,2,((#4945,#4946,#4947),(#4948,#4949,#4950),(#4951,#4952,
#4953),(#4954,#4955,#4956)),.UNSPECIFIED.,.F.,.F.,.F.)
B_SPLINE_SURFACE_WITH_KNOTS((4,4),(3,3),(2.84603070277445E-17,0.000167264447269396),
(0.,1.),.PIECEWISE_BEZIER_KNOTS.)
GEOMETRIC_REPRESENTATION_ITEM()
RATIONAL_B_SPLINE_SURFACE(((1.,0.994331037336376,1.),(1.,0.998135449618437,
1.),(1.,1.00000000582478,1.),(1.,1.,1.)))
REPRESENTATION_ITEM('')
SURFACE()
);
#62=(
BOUNDED_SURFACE()
B_SPLINE_SURFACE(3,2,((#5342,#5343,#5344),(#5345,#5346,#5347),(#5348,#5349,
#5350),(#5351,#5352,#5353)),.UNSPECIFIED.,.F.,.F.,.F.)
B_SPLINE_SURFACE_WITH_KNOTS((4,4),(3,3),(5.04011679130599,5.53248109120475),
(0.,1.),.PIECEWISE_BEZIER_KNOTS.)
GEOMETRIC_REPRESENTATION_ITEM()
RATIONAL_B_SPLINE_SURFACE(((1.,0.586210534387719,1.),(1.,0.521832765328147,
1.),(1.,0.452003785095775,1.),(1.,0.380552513843922,1.)))
REPRESENTATION_ITEM('')
SURFACE()
);
#63=(
BOUNDED_SURFACE()
B_SPLINE_SURFACE(3,2,((#5355,#5356,#5357),(#5358,#5359,#5360),(#5361,#5362,
#5363),(#5364,#5365,#5366)),.UNSPECIFIED.,.F.,.F.,.F.)
B_SPLINE_SURFACE_WITH_KNOTS((4,4),(3,3),(-1.1817803680092E-17,0.00107198825215995),
(0.,1.),.PIECEWISE_BEZIER_KNOTS.)
GEOMETRIC_REPRESENTATION_ITEM()
RATIONAL_B_SPLINE_SURFACE(((1.,0.586210534387717,1.),(1.,0.612194195154035,
1.),(1.,0.695093595254618,1.),(1.,0.707106781186549,1.)))
REPRESENTATION_ITEM('')
SURFACE()
);
#64=(
BOUNDED_SURFACE()
B_SPLINE_SURFACE(3,2,((#5370,#5371,#5372),(#5373,#5374,#5375),(#5376,#5377,
#5378),(#5379,#5380,#5381)),.UNSPECIFIED.,.F.,.F.,.F.)
B_SPLINE_SURFACE_WITH_KNOTS((4,4),(3,3),(-1.01915004213637E-17,0.00107205436209426),
(0.,1.),.PIECEWISE_BEZIER_KNOTS.)
GEOMETRIC_REPRESENTATION_ITEM()
RATIONAL_B_SPLINE_SURFACE(((1.,0.707106781186548,1.),(1.,0.695093572854585,
1.),(1.,0.612193677764356,1.),(1.,0.586210534387722,1.)))
REPRESENTATION_ITEM('')
SURFACE()
);
#65=(
BOUNDED_SURFACE()
B_SPLINE_SURFACE(3,2,((#5383,#5384,#5385),(#5386,#5387,#5388),(#5389,#5390,
#5391),(#5392,#5393,#5394)),.UNSPECIFIED.,.F.,.F.,.F.)
B_SPLINE_SURFACE_WITH_KNOTS((4,4),(3,3),(0.750697884476703,1.2430685158736),
(0.,1.),.PIECEWISE_BEZIER_KNOTS.)
GEOMETRIC_REPRESENTATION_ITEM()
RATIONAL_B_SPLINE_SURFACE(((1.,0.380549757386812,1.),(1.,0.452001980079893,
1.),(1.,0.521831937475615,1.),(1.,0.586210534387718,1.)))
REPRESENTATION_ITEM('')
SURFACE()
);
#66=(
BOUNDED_SURFACE()
B_SPLINE_SURFACE(3,2,((#5395,#5396,#5397),(#5398,#5399,#5400),(#5401,#5402,
#5403),(#5404,#5405,#5406)),.UNSPECIFIED.,.F.,.F.,.F.)
B_SPLINE_SURFACE_WITH_KNOTS((4,4),(3,3),(5.0401167913056,5.53248109120421),
(0.,1.),.PIECEWISE_BEZIER_KNOTS.)
GEOMETRIC_REPRESENTATION_ITEM()
RATIONAL_B_SPLINE_SURFACE(((1.,0.586210534387864,1.),(1.,0.521832765355905,
1.),(1.,0.452003785101137,1.),(1.,0.380552513844152,1.)))
REPRESENTATION_ITEM('')
SURFACE()
);
#67=(
BOUNDED_SURFACE()
B_SPLINE_SURFACE(3,2,((#5408,#5409,#5410),(#5411,#5412,#5413),(#5414,#5415,
#5416),(#5417,#5418,#5419)),.UNSPECIFIED.,.F.,.F.,.F.)
B_SPLINE_SURFACE_WITH_KNOTS((4,4),(3,3),(-1.33356867215717E-17,0.00107198825215991),
(0.,1.),.PIECEWISE_BEZIER_KNOTS.)
GEOMETRIC_REPRESENTATION_ITEM()
RATIONAL_B_SPLINE_SURFACE(((1.,0.586210534387871,1.),(1.,0.612194195152779,
1.),(1.,0.69509359525452,1.),(1.,0.707106781186551,1.)))
REPRESENTATION_ITEM('')
SURFACE()
);
#68=(
BOUNDED_SURFACE()
B_SPLINE_SURFACE(3,2,((#5423,#5424,#5425),(#5426,#5427,#5428),(#5429,#5430,
#5431),(#5432,#5433,#5434)),.UNSPECIFIED.,.F.,.F.,.F.)
B_SPLINE_SURFACE_WITH_KNOTS((4,4),(3,3),(-1.25225350922076E-17,0.00107205436209422),
(0.,1.),.PIECEWISE_BEZIER_KNOTS.)
GEOMETRIC_REPRESENTATION_ITEM()
RATIONAL_B_SPLINE_SURFACE(((1.,0.707106781186549,1.),(1.,0.695093572855431,
1.),(1.,0.612193677763137,1.),(1.,0.586210534387874,1.)))
REPRESENTATION_ITEM('')
SURFACE()
);
#69=(
BOUNDED_SURFACE()
B_SPLINE_SURFACE(3,2,((#5436,#5437,#5438),(#5439,#5440,#5441),(#5442,#5443,
#5444),(#5445,#5446,#5447)),.UNSPECIFIED.,.F.,.F.,.F.)
B_SPLINE_SURFACE_WITH_KNOTS((4,4),(3,3),(0.75069788447724,1.24306851587398),
(0.,1.),.PIECEWISE_BEZIER_KNOTS.)
GEOMETRIC_REPRESENTATION_ITEM()
RATIONAL_B_SPLINE_SURFACE(((1.,0.380549757387051,1.),(1.,0.452001980057437,
1.),(1.,0.521831937500387,1.),(1.,0.586210534387866,1.)))
REPRESENTATION_ITEM('')
SURFACE()
);
#70=SPHERICAL_SURFACE('',#2923,1.);
#71=SPHERICAL_SURFACE('',#2927,1.);
#72=CYLINDRICAL_SURFACE('',#2843,1.);
#73=CYLINDRICAL_SURFACE('',#2844,1.);
#74=CYLINDRICAL_SURFACE('',#2846,1.);
#75=CYLINDRICAL_SURFACE('',#2916,1.7);
#76=CYLINDRICAL_SURFACE('',#2918,1.7);
#77=CYLINDRICAL_SURFACE('',#2931,1.);
#78=CYLINDRICAL_SURFACE('',#2933,1.);
#79=CYLINDRICAL_SURFACE('',#2935,1.);
#80=CYLINDRICAL_SURFACE('',#2937,1.);
#81=CYLINDRICAL_SURFACE('',#2942,3.6);
#82=CYLINDRICAL_SURFACE('',#2948,3.);
#83=CYLINDRICAL_SURFACE('',#2952,3.);
#84=CYLINDRICAL_SURFACE('',#2954,3.);
#85=CYLINDRICAL_SURFACE('',#2958,3.6);
#86=CYLINDRICAL_SURFACE('',#2964,3.);
#87=CYLINDRICAL_SURFACE('',#2968,3.);
#88=CYLINDRICAL_SURFACE('',#2971,3.);
#89=CYLINDRICAL_SURFACE('',#2981,3.);
#90=CYLINDRICAL_SURFACE('',#2986,3.);
#91=CYLINDRICAL_SURFACE('',#2989,3.);
#92=CYLINDRICAL_SURFACE('',#2994,3.);
#93=CYLINDRICAL_SURFACE('',#2997,3.);
#94=CYLINDRICAL_SURFACE('',#2999,3.);
#95=CYLINDRICAL_SURFACE('',#3001,3.);
#96=CYLINDRICAL_SURFACE('',#3003,3.);
#97=CYLINDRICAL_SURFACE('',#3008,0.4);
#98=CYLINDRICAL_SURFACE('',#3012,0.4);
#99=CYLINDRICAL_SURFACE('',#3015,0.4);
#100=CYLINDRICAL_SURFACE('',#3020,0.4);
#101=CYLINDRICAL_SURFACE('',#3023,0.4);
#102=CYLINDRICAL_SURFACE('',#3026,0.4);
#103=CYLINDRICAL_SURFACE('',#3031,0.4);
#104=CYLINDRICAL_SURFACE('',#3034,0.4);
#105=CYLINDRICAL_SURFACE('',#3038,0.4);
#106=CYLINDRICAL_SURFACE('',#3042,2.2);
#107=CYLINDRICAL_SURFACE('',#3050,2.9);
#108=CYLINDRICAL_SURFACE('',#3054,2.9);
#109=CYLINDRICAL_SURFACE('',#3084,2.95);
#110=CYLINDRICAL_SURFACE('',#3091,1.7);
#111=CYLINDRICAL_SURFACE('',#3094,2.95);
#112=CYLINDRICAL_SURFACE('',#3101,1.7);
#113=CYLINDRICAL_SURFACE('',#3104,1.7);
#114=CYLINDRICAL_SURFACE('',#3110,2.95);
#115=CYLINDRICAL_SURFACE('',#3112,1.7);
#116=CYLINDRICAL_SURFACE('',#3115,2.95);
#117=ELLIPSE('',#2829,3.09521464383185,2.6);
#118=ELLIPSE('',#2830,10.3923048454136,6.);
#119=ELLIPSE('',#2831,10.3923048454114,6.);
#120=ELLIPSE('',#2832,3.09521464383184,2.6);
#121=ELLIPSE('',#2839,13.2858897697023,3.15);
#122=ELLIPSE('',#2840,13.2858897697023,3.15);
#123=ELLIPSE('',#2841,13.2858897697023,3.15);
#124=ELLIPSE('',#2842,13.2858897697023,3.15);
#125=ELLIPSE('',#2921,4.5254833995939,3.2);
#126=ELLIPSE('',#2922,4.5254833995939,3.2);
#127=ELLIPSE('',#2936,6.8639154395042,1.);
#128=ELLIPSE('',#2938,6.86391543956872,1.);
#129=ELLIPSE('',#2941,8.52295136509626,2.6);
#130=ELLIPSE('',#2943,4.81663783151692,3.6);
#131=ELLIPSE('',#2944,3.64965751817893,3.6);
#132=ELLIPSE('',#2946,0.848528137423857,0.6);
#133=ELLIPSE('',#2947,0.848528137423857,0.6);
#134=ELLIPSE('',#2953,9.00000000000044,3.);
#135=ELLIPSE('',#2955,8.99999999999789,3.);
#136=ELLIPSE('',#2957,3.64965751817893,3.6);
#137=ELLIPSE('',#2959,4.81663783151692,3.6);
#138=ELLIPSE('',#2961,8.52295136515697,2.6);
#139=ELLIPSE('',#2965,4.94402509470253,3.);
#140=ELLIPSE('',#2972,4.94402509472452,3.);
#141=ELLIPSE('',#2974,5.19647805126374,3.4);
#142=ELLIPSE('',#2976,5.19647805124282,3.4);
#143=ELLIPSE('',#2978,7.88120137800476,4.);
#144=ELLIPSE('',#2980,7.88120137806096,4.);
#145=ELLIPSE('',#2998,3.43807412534854,3.);
#146=ELLIPSE('',#3000,3.43807412534855,3.);
#147=ELLIPSE('',#3002,8.65336350627871,3.);
#148=ELLIPSE('',#3004,8.65336350633851,3.);
#149=ELLIPSE('',#3086,13.2398967885962,2.95);
#150=ELLIPSE('',#3088,13.2398967885962,2.95);
#151=ELLIPSE('',#3096,13.2398967885962,2.95);
#152=ELLIPSE('',#3098,13.2398967885962,2.95);
#153=B_SPLINE_CURVE_WITH_KNOTS('',3,(#3946,#3947,#3948,#3949),
 .UNSPECIFIED.,.F.,.F.,(4,4),(2.0304417714389E-17,1.93762257095178E-5),
 .UNSPECIFIED.);
#154=B_SPLINE_CURVE_WITH_KNOTS('',3,(#3951,#3952,#3953,#3954,#3955,#3956),
 .UNSPECIFIED.,.F.,.F.,(4,1,1,4),(0.,0.00355867247418305,0.00533800871127458,
0.00711734494836611),.UNSPECIFIED.);
#155=B_SPLINE_CURVE_WITH_KNOTS('',3,(#3988,#3989,#3990,#3991,#3992,#3993),
 .UNSPECIFIED.,.F.,.F.,(4,1,1,4),(0.,0.0017741077320053,0.00354821546401061,
0.00709643092802122),.UNSPECIFIED.);
#156=B_SPLINE_CURVE_WITH_KNOTS('',3,(#3995,#3996,#3997,#3998),
 .UNSPECIFIED.,.F.,.F.,(4,4),(1.73472347597681E-18,1.93762257257148E-5),
 .UNSPECIFIED.);
#157=B_SPLINE_CURVE_WITH_KNOTS('',3,(#4035,#4036,#4037,#4038),
 .UNSPECIFIED.,.F.,.F.,(4,4),(9.38195166207825E-18,0.0013346477189695),
 .UNSPECIFIED.);
#158=B_SPLINE_CURVE_WITH_KNOTS('',3,(#4039,#4040,#4041,#4042),
 .UNSPECIFIED.,.F.,.F.,(4,4),(0.,0.00133470060683354),.UNSPECIFIED.);
#159=B_SPLINE_CURVE_WITH_KNOTS('',3,(#4044,#4045,#4046,#4047),
 .UNSPECIFIED.,.F.,.F.,(4,4),(0.,0.00133470060683356),.UNSPECIFIED.);
#160=B_SPLINE_CURVE_WITH_KNOTS('',3,(#4050,#4051,#4052,#4053),
 .UNSPECIFIED.,.F.,.F.,(4,4),(5.20417042793042E-18,0.000264193449953001),
 .UNSPECIFIED.);
#161=B_SPLINE_CURVE_WITH_KNOTS('',3,(#4055,#4056,#4057,#4058),
 .UNSPECIFIED.,.F.,.F.,(4,4),(7.75791922889773E-18,0.00133464771896948),
 .UNSPECIFIED.);
#162=B_SPLINE_CURVE_WITH_KNOTS('',3,(#4059,#4060,#4061,#4062),
 .UNSPECIFIED.,.F.,.F.,(4,4),(1.27475620829111E-17,0.00026419344999386),
 .UNSPECIFIED.);
#163=B_SPLINE_CURVE_WITH_KNOTS('',3,(#4295,#4296,#4297,#4298),
 .UNSPECIFIED.,.F.,.F.,(4,4),(0.,1.),.UNSPECIFIED.);
#164=B_SPLINE_CURVE_WITH_KNOTS('',3,(#4302,#4303,#4304,#4305),
 .UNSPECIFIED.,.F.,.F.,(4,4),(0.,1.),.UNSPECIFIED.);
#165=B_SPLINE_CURVE_WITH_KNOTS('',3,(#4333,#4334,#4335,#4336,#4337,#4338,
#4339,#4340,#4341),.UNSPECIFIED.,.F.,.F.,(4,1,1,1,1,1,4),(0.,0.25,0.375,
0.5,0.625,0.75,1.),.UNSPECIFIED.);
#166=B_SPLINE_CURVE_WITH_KNOTS('',3,(#4351,#4352,#4353,#4354,#4355,#4356,
#4357,#4358,#4359),.UNSPECIFIED.,.F.,.F.,(4,1,1,1,1,1,4),(0.,0.25,0.375,
0.5,0.625,0.75,1.),.UNSPECIFIED.);
#167=B_SPLINE_CURVE_WITH_KNOTS('',3,(#4472,#4473,#4474,#4475),
 .UNSPECIFIED.,.F.,.F.,(4,4),(0.,0.00230186777973231),.UNSPECIFIED.);
#168=B_SPLINE_CURVE_WITH_KNOTS('',3,(#4516,#4517,#4518,#4519),
 .UNSPECIFIED.,.F.,.F.,(4,4),(0.,0.00229997024166973),.UNSPECIFIED.);
#169=B_SPLINE_CURVE_WITH_KNOTS('',3,(#4591,#4592,#4593,#4594,#4595,#4596,
#4597),.UNSPECIFIED.,.F.,.F.,(4,1,1,1,4),(0.,0.00172334727176535,0.00344669454353071,
0.00517004181529606,0.00689338908706142),.UNSPECIFIED.);
#170=B_SPLINE_CURVE_WITH_KNOTS('',3,(#4601,#4602,#4603,#4604),
 .UNSPECIFIED.,.F.,.F.,(4,4),(4.56472961290666E-16,2.98393213758998E-5),
 .UNSPECIFIED.);
#171=B_SPLINE_CURVE_WITH_KNOTS('',3,(#4606,#4607,#4608,#4609),
 .UNSPECIFIED.,.F.,.F.,(4,4),(1.11076499342709E-17,0.000264063427574212),
 .UNSPECIFIED.);
#172=B_SPLINE_CURVE_WITH_KNOTS('',3,(#4642,#4643,#4644,#4645,#4646,#4647,
#4648),.UNSPECIFIED.,.F.,.F.,(4,1,1,1,4),(0.,0.0017353719368765,0.00347074387375301,
0.00520611581062951,0.00694148774750602),.UNSPECIFIED.);
#173=B_SPLINE_CURVE_WITH_KNOTS('',3,(#4650,#4651,#4652,#4653),
 .UNSPECIFIED.,.F.,.F.,(4,4),(1.2509268882771E-17,0.000264063427602936),
 .UNSPECIFIED.);
#174=B_SPLINE_CURVE_WITH_KNOTS('',3,(#4655,#4656,#4657,#4658),
 .UNSPECIFIED.,.F.,.F.,(4,4),(0.,2.98393213965467E-5),.UNSPECIFIED.);
#175=B_SPLINE_CURVE_WITH_KNOTS('',3,(#4664,#4665,#4666,#4667,#4668,#4669,
#4670,#4671,#4672,#4673,#4674),.UNSPECIFIED.,.F.,.F.,(4,1,1,1,1,1,1,1,4),
(0.,0.25,0.375,0.4375,0.5,0.5625,0.625,0.75,1.),.UNSPECIFIED.);
#176=B_SPLINE_CURVE_WITH_KNOTS('',3,(#4677,#4678,#4679,#4680,#4681,#4682,
#4683,#4684,#4685,#4686,#4687),.UNSPECIFIED.,.F.,.F.,(4,1,1,1,1,1,1,1,4),
(0.,0.25,0.375,0.4375,0.5,0.5625,0.625,0.75,1.),.UNSPECIFIED.);
#177=B_SPLINE_CURVE_WITH_KNOTS('',3,(#4691,#4692,#4693,#4694),
 .UNSPECIFIED.,.F.,.F.,(4,4),(0.,0.00251395418764155),.UNSPECIFIED.);
#178=B_SPLINE_CURVE_WITH_KNOTS('',3,(#4695,#4696,#4697,#4698),
 .UNSPECIFIED.,.F.,.F.,(4,4),(0.,1.),.UNSPECIFIED.);
#179=B_SPLINE_CURVE_WITH_KNOTS('',3,(#4700,#4701,#4702,#4703),
 .UNSPECIFIED.,.F.,.F.,(4,4),(3.66158172814966E-16,0.00251754469398475),
 .UNSPECIFIED.);
#180=B_SPLINE_CURVE_WITH_KNOTS('',3,(#4706,#4707,#4708,#4709),
 .UNSPECIFIED.,.F.,.F.,(4,4),(0.,1.),.UNSPECIFIED.);
#181=B_SPLINE_CURVE_WITH_KNOTS('',3,(#4999,#5000,#5001,#5002,#5003),
 .UNSPECIFIED.,.F.,.F.,(4,1,4),(0.,0.00107773960587371,0.00215547921174743),
 .UNSPECIFIED.);
#182=B_SPLINE_CURVE_WITH_KNOTS('',3,(#5005,#5006,#5007,#5008),
 .UNSPECIFIED.,.F.,.F.,(4,4),(0.,1.),.UNSPECIFIED.);
#183=B_SPLINE_CURVE_WITH_KNOTS('',3,(#5033,#5034,#5035,#5036),
 .UNSPECIFIED.,.F.,.F.,(4,4),(0.,1.),.UNSPECIFIED.);
#184=B_SPLINE_CURVE_WITH_KNOTS('',3,(#5038,#5039,#5040,#5041),
 .UNSPECIFIED.,.F.,.F.,(4,4),(0.,0.00216578871487957),.UNSPECIFIED.);
#185=B_SPLINE_CURVE_WITH_KNOTS('',3,(#5043,#5044,#5045,#5046),
 .UNSPECIFIED.,.F.,.F.,(4,4),(0.,1.),.UNSPECIFIED.);
#186=B_SPLINE_CURVE_WITH_KNOTS('',3,(#5067,#5068,#5069,#5070),
 .UNSPECIFIED.,.F.,.F.,(4,4),(0.,0.00274044824403368),.UNSPECIFIED.);
#187=B_SPLINE_CURVE_WITH_KNOTS('',3,(#5127,#5128,#5129,#5130),
 .UNSPECIFIED.,.F.,.F.,(4,4),(0.,1.),.UNSPECIFIED.);
#188=B_SPLINE_CURVE_WITH_KNOTS('',3,(#5132,#5133,#5134,#5135),
 .UNSPECIFIED.,.F.,.F.,(4,4),(0.,0.000818378535692631),.UNSPECIFIED.);
#189=B_SPLINE_CURVE_WITH_KNOTS('',3,(#5137,#5138,#5139,#5140),
 .UNSPECIFIED.,.F.,.F.,(4,4),(0.,1.),.UNSPECIFIED.);
#190=B_SPLINE_CURVE_WITH_KNOTS('',3,(#5169,#5170,#5171,#5172),
 .UNSPECIFIED.,.F.,.F.,(4,4),(0.,0.00081812572283334),.UNSPECIFIED.);
#191=B_SPLINE_CURVE_WITH_KNOTS('',3,(#5217,#5218,#5219,#5220),
 .UNSPECIFIED.,.F.,.F.,(4,4),(0.,1.),.UNSPECIFIED.);
#192=B_SPLINE_CURVE_WITH_KNOTS('',3,(#5222,#5223,#5224,#5225),
 .UNSPECIFIED.,.F.,.F.,(4,4),(0.,0.00273729761142413),.UNSPECIFIED.);
#193=B_SPLINE_CURVE_WITH_KNOTS('',3,(#5252,#5253,#5254,#5255),
 .UNSPECIFIED.,.F.,.F.,(4,4),(0.,0.00103319915107116),.UNSPECIFIED.);
#194=B_SPLINE_CURVE_WITH_KNOTS('',3,(#5259,#5260,#5261,#5262),
 .UNSPECIFIED.,.F.,.F.,(4,4),(0.,0.00103205148436553),.UNSPECIFIED.);
#195=B_SPLINE_CURVE_WITH_KNOTS('',3,(#5268,#5269,#5270,#5271,#5272),
 .UNSPECIFIED.,.F.,.F.,(4,1,4),(1.05519109601004E-17,0.000239609907353463,
0.000479219814706916),.UNSPECIFIED.);
#196=B_SPLINE_CURVE_WITH_KNOTS('',3,(#5273,#5274,#5275,#5276,#5277),
 .UNSPECIFIED.,.F.,.F.,(4,1,4),(0.,0.000239502492204954,0.000479004984409908),
 .UNSPECIFIED.);
#197=B_SPLINE_CURVE_WITH_KNOTS('',3,(#5288,#5289,#5290,#5291),
 .UNSPECIFIED.,.F.,.F.,(4,4),(0.,0.00103319915107121),.UNSPECIFIED.);
#198=B_SPLINE_CURVE_WITH_KNOTS('',3,(#5295,#5296,#5297,#5298),
 .UNSPECIFIED.,.F.,.F.,(4,4),(0.,0.00103205148436554),.UNSPECIFIED.);
#199=B_SPLINE_CURVE_WITH_KNOTS('',3,(#5304,#5305,#5306,#5307,#5308),
 .UNSPECIFIED.,.F.,.F.,(4,1,4),(0.,0.000239609907353512,0.000479219814707024),
 .UNSPECIFIED.);
#200=B_SPLINE_CURVE_WITH_KNOTS('',3,(#5309,#5310,#5311,#5312,#5313),
 .UNSPECIFIED.,.F.,.F.,(4,1,4),(0.,0.000239502492205003,0.000479004984410006),
 .UNSPECIFIED.);
#201=LINE('',#3939,#384);
#202=LINE('',#3944,#385);
#203=LINE('',#3958,#386);
#204=LINE('',#3962,#387);
#205=LINE('',#3966,#388);
#206=LINE('',#3968,#389);
#207=LINE('',#3972,#390);
#208=LINE('',#3976,#391);
#209=LINE('',#3978,#392);
#210=LINE('',#3982,#393);
#211=LINE('',#3986,#394);
#212=LINE('',#4000,#395);
#213=LINE('',#4010,#396);
#214=LINE('',#4015,#397);
#215=LINE('',#4019,#398);
#216=LINE('',#4023,#399);
#217=LINE('',#4027,#400);
#218=LINE('',#4029,#401);
#219=LINE('',#4031,#402);
#220=LINE('',#4033,#403);
#221=LINE('',#4066,#404);
#222=LINE('',#4069,#405);
#223=LINE('',#4071,#406);
#224=LINE('',#4073,#407);
#225=LINE('',#4075,#408);
#226=LINE('',#4077,#409);
#227=LINE('',#4079,#410);
#228=LINE('',#4081,#411);
#229=LINE('',#4083,#412);
#230=LINE('',#4085,#413);
#231=LINE('',#4088,#414);
#232=LINE('',#4090,#415);
#233=LINE('',#4092,#416);
#234=LINE('',#4094,#417);
#235=LINE('',#4096,#418);
#236=LINE('',#4098,#419);
#237=LINE('',#4100,#420);
#238=LINE('',#4102,#421);
#239=LINE('',#4104,#422);
#240=LINE('',#4106,#423);
#241=LINE('',#4108,#424);
#242=LINE('',#4110,#425);
#243=LINE('',#4112,#426);
#244=LINE('',#4114,#427);
#245=LINE('',#4116,#428);
#246=LINE('',#4118,#429);
#247=LINE('',#4120,#430);
#248=LINE('',#4122,#431);
#249=LINE('',#4123,#432);
#250=LINE('',#4125,#433);
#251=LINE('',#4127,#434);
#252=LINE('',#4129,#435);
#253=LINE('',#4131,#436);
#254=LINE('',#4133,#437);
#255=LINE('',#4135,#438);
#256=LINE('',#4137,#439);
#257=LINE('',#4138,#440);
#258=LINE('',#4140,#441);
#259=LINE('',#4142,#442);
#260=LINE('',#4144,#443);
#261=LINE('',#4149,#444);
#262=LINE('',#4150,#445);
#263=LINE('',#4152,#446);
#264=LINE('',#4156,#447);
#265=LINE('',#4176,#448);
#266=LINE('',#4179,#449);
#267=LINE('',#4181,#450);
#268=LINE('',#4183,#451);
#269=LINE('',#4185,#452);
#270=LINE('',#4187,#453);
#271=LINE('',#4189,#454);
#272=LINE('',#4191,#455);
#273=LINE('',#4193,#456);
#274=LINE('',#4195,#457);
#275=LINE('',#4198,#458);
#276=LINE('',#4200,#459);
#277=LINE('',#4202,#460);
#278=LINE('',#4204,#461);
#279=LINE('',#4206,#462);
#280=LINE('',#4208,#463);
#281=LINE('',#4210,#464);
#282=LINE('',#4212,#465);
#283=LINE('',#4214,#466);
#284=LINE('',#4216,#467);
#285=LINE('',#4218,#468);
#286=LINE('',#4220,#469);
#287=LINE('',#4222,#470);
#288=LINE('',#4224,#471);
#289=LINE('',#4226,#472);
#290=LINE('',#4228,#473);
#291=LINE('',#4230,#474);
#292=LINE('',#4232,#475);
#293=LINE('',#4233,#476);
#294=LINE('',#4235,#477);
#295=LINE('',#4237,#478);
#296=LINE('',#4239,#479);
#297=LINE('',#4241,#480);
#298=LINE('',#4243,#481);
#299=LINE('',#4245,#482);
#300=LINE('',#4247,#483);
#301=LINE('',#4248,#484);
#302=LINE('',#4250,#485);
#303=LINE('',#4252,#486);
#304=LINE('',#4254,#487);
#305=LINE('',#4259,#488);
#306=LINE('',#4260,#489);
#307=LINE('',#4262,#490);
#308=LINE('',#4266,#491);
#309=LINE('',#4292,#492);
#310=LINE('',#4300,#493);
#311=LINE('',#4307,#494);
#312=LINE('',#4309,#495);
#313=LINE('',#4313,#496);
#314=LINE('',#4317,#497);
#315=LINE('',#4331,#498);
#316=LINE('',#4343,#499);
#317=LINE('',#4345,#500);
#318=LINE('',#4347,#501);
#319=LINE('',#4349,#502);
#320=LINE('',#4361,#503);
#321=LINE('',#4363,#504);
#322=LINE('',#4365,#505);
#323=LINE('',#4371,#506);
#324=LINE('',#4374,#507);
#325=LINE('',#4376,#508);
#326=LINE('',#4378,#509);
#327=LINE('',#4383,#510);
#328=LINE('',#4385,#511);
#329=LINE('',#4387,#512);
#330=LINE('',#4389,#513);
#331=LINE('',#4394,#514);
#332=LINE('',#4397,#515);
#333=LINE('',#4399,#516);
#334=LINE('',#4403,#517);
#335=LINE('',#4425,#518);
#336=LINE('',#4446,#519);
#337=LINE('',#4448,#520);
#338=LINE('',#4452,#521);
#339=LINE('',#4454,#522);
#340=LINE('',#4457,#523);
#341=LINE('',#4459,#524);
#342=LINE('',#4461,#525);
#343=LINE('',#4463,#526);
#344=LINE('',#4466,#527);
#345=LINE('',#4468,#528);
#346=LINE('',#4470,#529);
#347=LINE('',#4521,#530);
#348=LINE('',#4526,#531);
#349=LINE('',#4528,#532);
#350=LINE('',#4530,#533);
#351=LINE('',#4532,#534);
#352=LINE('',#4535,#535);
#353=LINE('',#4539,#536);
#354=LINE('',#4541,#537);
#355=LINE('',#4543,#538);
#356=LINE('',#4546,#539);
#357=LINE('',#4550,#540);
#358=LINE('',#4552,#541);
#359=LINE('',#4557,#542);
#360=LINE('',#4559,#543);
#361=LINE('',#4561,#544);
#362=LINE('',#4563,#545);
#363=LINE('',#5048,#546);
#364=LINE('',#5065,#547);
#365=LINE('',#5072,#548);
#366=LINE('',#5074,#549);
#367=LINE('',#5076,#550);
#368=LINE('',#5080,#551);
#369=LINE('',#5082,#552);
#370=LINE('',#5084,#553);
#371=LINE('',#5088,#554);
#372=LINE('',#5090,#555);
#373=LINE('',#5142,#556);
#374=LINE('',#5167,#557);
#375=LINE('',#5174,#558);
#376=LINE('',#5176,#559);
#377=LINE('',#5178,#560);
#378=LINE('',#5182,#561);
#379=LINE('',#5184,#562);
#380=LINE('',#5186,#563);
#381=LINE('',#5190,#564);
#382=LINE('',#5192,#565);
#383=LINE('',#5236,#566);
#384=VECTOR('',#3140,1000.);
#385=VECTOR('',#3143,1000.);
#386=VECTOR('',#3144,1000.);
#387=VECTOR('',#3147,1000.);
#388=VECTOR('',#3150,1000.);
#389=VECTOR('',#3151,1000.);
#390=VECTOR('',#3154,1000.);
#391=VECTOR('',#3157,1000.);
#392=VECTOR('',#3158,1000.);
#393=VECTOR('',#3161,1000.);
#394=VECTOR('',#3164,1000.);
#395=VECTOR('',#3165,1000.);
#396=VECTOR('',#3176,1000.);
#397=VECTOR('',#3179,1000.);
#398=VECTOR('',#3182,1000.);
#399=VECTOR('',#3185,1000.);
#400=VECTOR('',#3188,1000.);
#401=VECTOR('',#3189,1000.);
#402=VECTOR('',#3190,1000.);
#403=VECTOR('',#3191,1000.);
#404=VECTOR('',#3204,1000.);
#405=VECTOR('',#3205,1000.);
#406=VECTOR('',#3206,1000.);
#407=VECTOR('',#3207,1000.);
#408=VECTOR('',#3208,1000.);
#409=VECTOR('',#3211,1000.);
#410=VECTOR('',#3212,1000.);
#411=VECTOR('',#3213,1000.);
#412=VECTOR('',#3214,1000.);
#413=VECTOR('',#3217,1000.);
#414=VECTOR('',#3218,1000.);
#415=VECTOR('',#3219,1000.);
#416=VECTOR('',#3220,1000.);
#417=VECTOR('',#3221,1000.);
#418=VECTOR('',#3224,1000.);
#419=VECTOR('',#3225,1000.);
#420=VECTOR('',#3226,1000.);
#421=VECTOR('',#3227,1000.);
#422=VECTOR('',#3230,1000.);
#423=VECTOR('',#3231,1000.);
#424=VECTOR('',#3232,1000.);
#425=VECTOR('',#3235,1000.);
#426=VECTOR('',#3236,1000.);
#427=VECTOR('',#3237,1000.);
#428=VECTOR('',#3240,1000.);
#429=VECTOR('',#3241,1000.);
#430=VECTOR('',#3242,1000.);
#431=VECTOR('',#3245,1000.);
#432=VECTOR('',#3246,1000.);
#433=VECTOR('',#3249,1000.);
#434=VECTOR('',#3250,1000.);
#435=VECTOR('',#3251,1000.);
#436=VECTOR('',#3254,1000.);
#437=VECTOR('',#3255,1000.);
#438=VECTOR('',#3256,1000.);
#439=VECTOR('',#3259,1000.);
#440=VECTOR('',#3260,1000.);
#441=VECTOR('',#3263,1000.);
#442=VECTOR('',#3264,1000.);
#443=VECTOR('',#3265,1000.);
#444=VECTOR('',#3270,1000.);
#445=VECTOR('',#3271,1000.);
#446=VECTOR('',#3274,1000.);
#447=VECTOR('',#3277,1000.);
#448=VECTOR('',#3316,1000.);
#449=VECTOR('',#3317,1000.);
#450=VECTOR('',#3318,1000.);
#451=VECTOR('',#3319,1000.);
#452=VECTOR('',#3320,1000.);
#453=VECTOR('',#3323,1000.);
#454=VECTOR('',#3324,1000.);
#455=VECTOR('',#3325,1000.);
#456=VECTOR('',#3326,1000.);
#457=VECTOR('',#3329,1000.);
#458=VECTOR('',#3330,1000.);
#459=VECTOR('',#3331,1000.);
#460=VECTOR('',#3332,1000.);
#461=VECTOR('',#3333,1000.);
#462=VECTOR('',#3336,1000.);
#463=VECTOR('',#3337,1000.);
#464=VECTOR('',#3338,1000.);
#465=VECTOR('',#3339,1000.);
#466=VECTOR('',#3342,1000.);
#467=VECTOR('',#3343,1000.);
#468=VECTOR('',#3344,1000.);
#469=VECTOR('',#3347,1000.);
#470=VECTOR('',#3348,1000.);
#471=VECTOR('',#3349,1000.);
#472=VECTOR('',#3352,1000.);
#473=VECTOR('',#3353,1000.);
#474=VECTOR('',#3354,1000.);
#475=VECTOR('',#3357,1000.);
#476=VECTOR('',#3358,1000.);
#477=VECTOR('',#3361,1000.);
#478=VECTOR('',#3362,1000.);
#479=VECTOR('',#3363,1000.);
#480=VECTOR('',#3366,1000.);
#481=VECTOR('',#3367,1000.);
#482=VECTOR('',#3368,1000.);
#483=VECTOR('',#3371,1000.);
#484=VECTOR('',#3372,1000.);
#485=VECTOR('',#3375,1000.);
#486=VECTOR('',#3376,1000.);
#487=VECTOR('',#3377,1000.);
#488=VECTOR('',#3382,1000.);
#489=VECTOR('',#3383,1000.);
#490=VECTOR('',#3386,1000.);
#491=VECTOR('',#3389,1000.);
#492=VECTOR('',#3436,1000.);
#493=VECTOR('',#3437,1000.);
#494=VECTOR('',#3438,1000.);
#495=VECTOR('',#3439,1000.);
#496=VECTOR('',#3442,1000.);
#497=VECTOR('',#3445,1000.);
#498=VECTOR('',#3464,1000.);
#499=VECTOR('',#3467,1000.);
#500=VECTOR('',#3468,1000.);
#501=VECTOR('',#3469,1000.);
#502=VECTOR('',#3472,1000.);
#503=VECTOR('',#3475,1000.);
#504=VECTOR('',#3476,1000.);
#505=VECTOR('',#3477,1000.);
#506=VECTOR('',#3488,1000.);
#507=VECTOR('',#3489,1000.);
#508=VECTOR('',#3490,1000.);
#509=VECTOR('',#3491,1000.);
#510=VECTOR('',#3496,1000.);
#511=VECTOR('',#3497,1000.);
#512=VECTOR('',#3498,1000.);
#513=VECTOR('',#3499,1000.);
#514=VECTOR('',#3508,1000.);
#515=VECTOR('',#3509,1000.);
#516=VECTOR('',#3510,1000.);
#517=VECTOR('',#3513,1000.);
#518=VECTOR('',#3530,1000.);
#519=VECTOR('',#3541,1000.);
#520=VECTOR('',#3544,1000.);
#521=VECTOR('',#3547,1000.);
#522=VECTOR('',#3550,1000.);
#523=VECTOR('',#3551,1000.);
#524=VECTOR('',#3552,1000.);
#525=VECTOR('',#3553,1000.);
#526=VECTOR('',#3556,1000.);
#527=VECTOR('',#3557,1000.);
#528=VECTOR('',#3558,1000.);
#529=VECTOR('',#3559,1000.);
#530=VECTOR('',#3580,1000.);
#531=VECTOR('',#3583,1000.);
#532=VECTOR('',#3584,1000.);
#533=VECTOR('',#3585,1000.);
#534=VECTOR('',#3588,1000.);
#535=VECTOR('',#3589,1000.);
#536=VECTOR('',#3592,1000.);
#537=VECTOR('',#3593,1000.);
#538=VECTOR('',#3596,1000.);
#539=VECTOR('',#3597,1000.);
#540=VECTOR('',#3600,1000.);
#541=VECTOR('',#3601,1000.);
#542=VECTOR('',#3606,1000.);
#543=VECTOR('',#3607,1000.);
#544=VECTOR('',#3608,1000.);
#545=VECTOR('',#3609,1000.);
#546=VECTOR('',#3762,1000.);
#547=VECTOR('',#3763,1000.);
#548=VECTOR('',#3766,1000.);
#549=VECTOR('',#3767,1000.);
#550=VECTOR('',#3770,1000.);
#551=VECTOR('',#3775,1000.);
#552=VECTOR('',#3776,1000.);
#553=VECTOR('',#3779,1000.);
#554=VECTOR('',#3784,1000.);
#555=VECTOR('',#3785,1000.);
#556=VECTOR('',#3788,1000.);
#557=VECTOR('',#3789,1000.);
#558=VECTOR('',#3792,1000.);
#559=VECTOR('',#3793,1000.);
#560=VECTOR('',#3796,1000.);
#561=VECTOR('',#3801,1000.);
#562=VECTOR('',#3802,1000.);
#563=VECTOR('',#3805,1000.);
#564=VECTOR('',#3810,1000.);
#565=VECTOR('',#3811,1000.);
#566=VECTOR('',#3826,1000.);
#567=ORIENTED_EDGE('',*,*,#1353,.T.);
#568=ORIENTED_EDGE('',*,*,#1354,.T.);
#569=ORIENTED_EDGE('',*,*,#1355,.F.);
#570=ORIENTED_EDGE('',*,*,#1356,.T.);
#571=ORIENTED_EDGE('',*,*,#1357,.F.);
#572=ORIENTED_EDGE('',*,*,#1358,.T.);
#573=ORIENTED_EDGE('',*,*,#1359,.T.);
#574=ORIENTED_EDGE('',*,*,#1360,.T.);
#575=ORIENTED_EDGE('',*,*,#1361,.T.);
#576=ORIENTED_EDGE('',*,*,#1362,.T.);
#577=ORIENTED_EDGE('',*,*,#1363,.T.);
#578=ORIENTED_EDGE('',*,*,#1364,.T.);
#579=ORIENTED_EDGE('',*,*,#1365,.T.);
#580=ORIENTED_EDGE('',*,*,#1366,.T.);
#581=ORIENTED_EDGE('',*,*,#1367,.T.);
#582=ORIENTED_EDGE('',*,*,#1368,.T.);
#583=ORIENTED_EDGE('',*,*,#1369,.T.);
#584=ORIENTED_EDGE('',*,*,#1370,.T.);
#585=ORIENTED_EDGE('',*,*,#1371,.T.);
#586=ORIENTED_EDGE('',*,*,#1372,.T.);
#587=ORIENTED_EDGE('',*,*,#1373,.T.);
#588=ORIENTED_EDGE('',*,*,#1374,.T.);
#589=ORIENTED_EDGE('',*,*,#1375,.T.);
#590=ORIENTED_EDGE('',*,*,#1376,.T.);
#591=ORIENTED_EDGE('',*,*,#1377,.F.);
#592=ORIENTED_EDGE('',*,*,#1378,.T.);
#593=ORIENTED_EDGE('',*,*,#1379,.T.);
#594=ORIENTED_EDGE('',*,*,#1380,.T.);
#595=ORIENTED_EDGE('',*,*,#1381,.T.);
#596=ORIENTED_EDGE('',*,*,#1382,.F.);
#597=ORIENTED_EDGE('',*,*,#1383,.T.);
#598=ORIENTED_EDGE('',*,*,#1384,.T.);
#599=ORIENTED_EDGE('',*,*,#1385,.T.);
#600=ORIENTED_EDGE('',*,*,#1386,.F.);
#601=ORIENTED_EDGE('',*,*,#1387,.T.);
#602=ORIENTED_EDGE('',*,*,#1388,.T.);
#603=ORIENTED_EDGE('',*,*,#1389,.T.);
#604=ORIENTED_EDGE('',*,*,#1390,.F.);
#605=ORIENTED_EDGE('',*,*,#1391,.F.);
#606=ORIENTED_EDGE('',*,*,#1392,.F.);
#607=ORIENTED_EDGE('',*,*,#1393,.F.);
#608=ORIENTED_EDGE('',*,*,#1386,.T.);
#609=ORIENTED_EDGE('',*,*,#1394,.T.);
#610=ORIENTED_EDGE('',*,*,#1355,.T.);
#611=ORIENTED_EDGE('',*,*,#1395,.T.);
#612=ORIENTED_EDGE('',*,*,#1357,.T.);
#613=ORIENTED_EDGE('',*,*,#1396,.T.);
#614=ORIENTED_EDGE('',*,*,#1382,.T.);
#615=ORIENTED_EDGE('',*,*,#1397,.F.);
#616=ORIENTED_EDGE('',*,*,#1398,.T.);
#617=ORIENTED_EDGE('',*,*,#1390,.T.);
#618=ORIENTED_EDGE('',*,*,#1399,.T.);
#619=ORIENTED_EDGE('',*,*,#1377,.T.);
#620=ORIENTED_EDGE('',*,*,#1400,.T.);
#621=ORIENTED_EDGE('',*,*,#1401,.F.);
#622=ORIENTED_EDGE('',*,*,#1402,.F.);
#623=ORIENTED_EDGE('',*,*,#1403,.F.);
#624=ORIENTED_EDGE('',*,*,#1404,.T.);
#625=ORIENTED_EDGE('',*,*,#1405,.T.);
#626=ORIENTED_EDGE('',*,*,#1406,.T.);
#627=ORIENTED_EDGE('',*,*,#1407,.F.);
#628=ORIENTED_EDGE('',*,*,#1408,.F.);
#629=ORIENTED_EDGE('',*,*,#1409,.T.);
#630=ORIENTED_EDGE('',*,*,#1410,.T.);
#631=ORIENTED_EDGE('',*,*,#1403,.T.);
#632=ORIENTED_EDGE('',*,*,#1411,.F.);
#633=ORIENTED_EDGE('',*,*,#1412,.F.);
#634=ORIENTED_EDGE('',*,*,#1413,.T.);
#635=ORIENTED_EDGE('',*,*,#1414,.T.);
#636=ORIENTED_EDGE('',*,*,#1415,.T.);
#637=ORIENTED_EDGE('',*,*,#1416,.F.);
#638=ORIENTED_EDGE('',*,*,#1415,.F.);
#639=ORIENTED_EDGE('',*,*,#1417,.T.);
#640=ORIENTED_EDGE('',*,*,#1418,.T.);
#641=ORIENTED_EDGE('',*,*,#1419,.T.);
#642=ORIENTED_EDGE('',*,*,#1420,.F.);
#643=ORIENTED_EDGE('',*,*,#1421,.F.);
#644=ORIENTED_EDGE('',*,*,#1422,.T.);
#645=ORIENTED_EDGE('',*,*,#1412,.T.);
#646=ORIENTED_EDGE('',*,*,#1423,.T.);
#647=ORIENTED_EDGE('',*,*,#1413,.F.);
#648=ORIENTED_EDGE('',*,*,#1424,.F.);
#649=ORIENTED_EDGE('',*,*,#1425,.T.);
#650=ORIENTED_EDGE('',*,*,#1426,.T.);
#651=ORIENTED_EDGE('',*,*,#1427,.F.);
#652=ORIENTED_EDGE('',*,*,#1428,.F.);
#653=ORIENTED_EDGE('',*,*,#1405,.F.);
#654=ORIENTED_EDGE('',*,*,#1429,.F.);
#655=ORIENTED_EDGE('',*,*,#1406,.F.);
#656=ORIENTED_EDGE('',*,*,#1430,.T.);
#657=ORIENTED_EDGE('',*,*,#1421,.T.);
#658=ORIENTED_EDGE('',*,*,#1431,.T.);
#659=ORIENTED_EDGE('',*,*,#1432,.F.);
#660=ORIENTED_EDGE('',*,*,#1433,.F.);
#661=ORIENTED_EDGE('',*,*,#1418,.F.);
#662=ORIENTED_EDGE('',*,*,#1434,.F.);
#663=ORIENTED_EDGE('',*,*,#1419,.F.);
#664=ORIENTED_EDGE('',*,*,#1435,.T.);
#665=ORIENTED_EDGE('',*,*,#1436,.T.);
#666=ORIENTED_EDGE('',*,*,#1437,.F.);
#667=ORIENTED_EDGE('',*,*,#1436,.F.);
#668=ORIENTED_EDGE('',*,*,#1438,.T.);
#669=ORIENTED_EDGE('',*,*,#1408,.T.);
#670=ORIENTED_EDGE('',*,*,#1439,.T.);
#671=ORIENTED_EDGE('',*,*,#1409,.F.);
#672=ORIENTED_EDGE('',*,*,#1440,.F.);
#673=ORIENTED_EDGE('',*,*,#1441,.T.);
#674=ORIENTED_EDGE('',*,*,#1442,.T.);
#675=ORIENTED_EDGE('',*,*,#1443,.T.);
#676=ORIENTED_EDGE('',*,*,#1404,.F.);
#677=ORIENTED_EDGE('',*,*,#1410,.F.);
#678=ORIENTED_EDGE('',*,*,#1444,.T.);
#679=ORIENTED_EDGE('',*,*,#1414,.F.);
#680=ORIENTED_EDGE('',*,*,#1445,.T.);
#681=ORIENTED_EDGE('',*,*,#1446,.T.);
#682=ORIENTED_EDGE('',*,*,#1447,.T.);
#683=ORIENTED_EDGE('',*,*,#1417,.F.);
#684=ORIENTED_EDGE('',*,*,#1402,.T.);
#685=ORIENTED_EDGE('',*,*,#1429,.T.);
#686=ORIENTED_EDGE('',*,*,#1448,.T.);
#687=ORIENTED_EDGE('',*,*,#1449,.T.);
#688=ORIENTED_EDGE('',*,*,#1420,.T.);
#689=ORIENTED_EDGE('',*,*,#1411,.T.);
#690=ORIENTED_EDGE('',*,*,#1450,.T.);
#691=ORIENTED_EDGE('',*,*,#1440,.T.);
#692=ORIENTED_EDGE('',*,*,#1438,.F.);
#693=ORIENTED_EDGE('',*,*,#1435,.F.);
#694=ORIENTED_EDGE('',*,*,#1433,.T.);
#695=ORIENTED_EDGE('',*,*,#1437,.T.);
#696=ORIENTED_EDGE('',*,*,#1407,.T.);
#697=ORIENTED_EDGE('',*,*,#1451,.T.);
#698=ORIENTED_EDGE('',*,*,#1430,.F.);
#699=ORIENTED_EDGE('',*,*,#1428,.T.);
#700=ORIENTED_EDGE('',*,*,#1452,.T.);
#701=ORIENTED_EDGE('',*,*,#1424,.T.);
#702=ORIENTED_EDGE('',*,*,#1422,.F.);
#703=ORIENTED_EDGE('',*,*,#1445,.F.);
#704=ORIENTED_EDGE('',*,*,#1423,.F.);
#705=ORIENTED_EDGE('',*,*,#1453,.T.);
#706=ORIENTED_EDGE('',*,*,#1416,.T.);
#707=ORIENTED_EDGE('',*,*,#1434,.T.);
#708=ORIENTED_EDGE('',*,*,#1454,.T.);
#709=ORIENTED_EDGE('',*,*,#1443,.F.);
#710=ORIENTED_EDGE('',*,*,#1455,.T.);
#711=ORIENTED_EDGE('',*,*,#1426,.F.);
#712=ORIENTED_EDGE('',*,*,#1439,.F.);
#713=ORIENTED_EDGE('',*,*,#1456,.T.);
#714=ORIENTED_EDGE('',*,*,#1444,.F.);
#715=ORIENTED_EDGE('',*,*,#1457,.F.);
#716=ORIENTED_EDGE('',*,*,#1458,.F.);
#717=ORIENTED_EDGE('',*,*,#1459,.T.);
#718=ORIENTED_EDGE('',*,*,#1460,.T.);
#719=ORIENTED_EDGE('',*,*,#1461,.T.);
#720=ORIENTED_EDGE('',*,*,#1462,.F.);
#721=ORIENTED_EDGE('',*,*,#1463,.F.);
#722=ORIENTED_EDGE('',*,*,#1464,.T.);
#723=ORIENTED_EDGE('',*,*,#1465,.T.);
#724=ORIENTED_EDGE('',*,*,#1458,.T.);
#725=ORIENTED_EDGE('',*,*,#1466,.F.);
#726=ORIENTED_EDGE('',*,*,#1467,.F.);
#727=ORIENTED_EDGE('',*,*,#1468,.T.);
#728=ORIENTED_EDGE('',*,*,#1469,.T.);
#729=ORIENTED_EDGE('',*,*,#1470,.T.);
#730=ORIENTED_EDGE('',*,*,#1471,.F.);
#731=ORIENTED_EDGE('',*,*,#1470,.F.);
#732=ORIENTED_EDGE('',*,*,#1472,.T.);
#733=ORIENTED_EDGE('',*,*,#1473,.T.);
#734=ORIENTED_EDGE('',*,*,#1474,.T.);
#735=ORIENTED_EDGE('',*,*,#1475,.F.);
#736=ORIENTED_EDGE('',*,*,#1476,.F.);
#737=ORIENTED_EDGE('',*,*,#1477,.T.);
#738=ORIENTED_EDGE('',*,*,#1467,.T.);
#739=ORIENTED_EDGE('',*,*,#1478,.T.);
#740=ORIENTED_EDGE('',*,*,#1468,.F.);
#741=ORIENTED_EDGE('',*,*,#1479,.F.);
#742=ORIENTED_EDGE('',*,*,#1480,.T.);
#743=ORIENTED_EDGE('',*,*,#1481,.T.);
#744=ORIENTED_EDGE('',*,*,#1482,.F.);
#745=ORIENTED_EDGE('',*,*,#1483,.F.);
#746=ORIENTED_EDGE('',*,*,#1460,.F.);
#747=ORIENTED_EDGE('',*,*,#1484,.F.);
#748=ORIENTED_EDGE('',*,*,#1461,.F.);
#749=ORIENTED_EDGE('',*,*,#1485,.T.);
#750=ORIENTED_EDGE('',*,*,#1476,.T.);
#751=ORIENTED_EDGE('',*,*,#1486,.T.);
#752=ORIENTED_EDGE('',*,*,#1487,.F.);
#753=ORIENTED_EDGE('',*,*,#1488,.F.);
#754=ORIENTED_EDGE('',*,*,#1473,.F.);
#755=ORIENTED_EDGE('',*,*,#1489,.F.);
#756=ORIENTED_EDGE('',*,*,#1474,.F.);
#757=ORIENTED_EDGE('',*,*,#1490,.T.);
#758=ORIENTED_EDGE('',*,*,#1491,.T.);
#759=ORIENTED_EDGE('',*,*,#1492,.F.);
#760=ORIENTED_EDGE('',*,*,#1491,.F.);
#761=ORIENTED_EDGE('',*,*,#1493,.T.);
#762=ORIENTED_EDGE('',*,*,#1463,.T.);
#763=ORIENTED_EDGE('',*,*,#1494,.T.);
#764=ORIENTED_EDGE('',*,*,#1464,.F.);
#765=ORIENTED_EDGE('',*,*,#1495,.F.);
#766=ORIENTED_EDGE('',*,*,#1496,.T.);
#767=ORIENTED_EDGE('',*,*,#1497,.T.);
#768=ORIENTED_EDGE('',*,*,#1498,.T.);
#769=ORIENTED_EDGE('',*,*,#1459,.F.);
#770=ORIENTED_EDGE('',*,*,#1465,.F.);
#771=ORIENTED_EDGE('',*,*,#1499,.T.);
#772=ORIENTED_EDGE('',*,*,#1469,.F.);
#773=ORIENTED_EDGE('',*,*,#1500,.T.);
#774=ORIENTED_EDGE('',*,*,#1501,.T.);
#775=ORIENTED_EDGE('',*,*,#1502,.T.);
#776=ORIENTED_EDGE('',*,*,#1472,.F.);
#777=ORIENTED_EDGE('',*,*,#1457,.T.);
#778=ORIENTED_EDGE('',*,*,#1484,.T.);
#779=ORIENTED_EDGE('',*,*,#1503,.T.);
#780=ORIENTED_EDGE('',*,*,#1504,.T.);
#781=ORIENTED_EDGE('',*,*,#1475,.T.);
#782=ORIENTED_EDGE('',*,*,#1466,.T.);
#783=ORIENTED_EDGE('',*,*,#1505,.T.);
#784=ORIENTED_EDGE('',*,*,#1495,.T.);
#785=ORIENTED_EDGE('',*,*,#1493,.F.);
#786=ORIENTED_EDGE('',*,*,#1490,.F.);
#787=ORIENTED_EDGE('',*,*,#1488,.T.);
#788=ORIENTED_EDGE('',*,*,#1492,.T.);
#789=ORIENTED_EDGE('',*,*,#1462,.T.);
#790=ORIENTED_EDGE('',*,*,#1506,.T.);
#791=ORIENTED_EDGE('',*,*,#1485,.F.);
#792=ORIENTED_EDGE('',*,*,#1483,.T.);
#793=ORIENTED_EDGE('',*,*,#1507,.T.);
#794=ORIENTED_EDGE('',*,*,#1479,.T.);
#795=ORIENTED_EDGE('',*,*,#1477,.F.);
#796=ORIENTED_EDGE('',*,*,#1500,.F.);
#797=ORIENTED_EDGE('',*,*,#1478,.F.);
#798=ORIENTED_EDGE('',*,*,#1508,.T.);
#799=ORIENTED_EDGE('',*,*,#1471,.T.);
#800=ORIENTED_EDGE('',*,*,#1489,.T.);
#801=ORIENTED_EDGE('',*,*,#1509,.T.);
#802=ORIENTED_EDGE('',*,*,#1498,.F.);
#803=ORIENTED_EDGE('',*,*,#1510,.T.);
#804=ORIENTED_EDGE('',*,*,#1481,.F.);
#805=ORIENTED_EDGE('',*,*,#1494,.F.);
#806=ORIENTED_EDGE('',*,*,#1511,.T.);
#807=ORIENTED_EDGE('',*,*,#1499,.F.);
#808=ORIENTED_EDGE('',*,*,#1512,.T.);
#809=ORIENTED_EDGE('',*,*,#1449,.F.);
#810=ORIENTED_EDGE('',*,*,#1454,.F.);
#811=ORIENTED_EDGE('',*,*,#1451,.F.);
#812=ORIENTED_EDGE('',*,*,#1448,.F.);
#813=ORIENTED_EDGE('',*,*,#1513,.T.);
#814=ORIENTED_EDGE('',*,*,#1504,.F.);
#815=ORIENTED_EDGE('',*,*,#1509,.F.);
#816=ORIENTED_EDGE('',*,*,#1506,.F.);
#817=ORIENTED_EDGE('',*,*,#1503,.F.);
#818=ORIENTED_EDGE('',*,*,#1514,.T.);
#819=ORIENTED_EDGE('',*,*,#1515,.F.);
#820=ORIENTED_EDGE('',*,*,#1516,.F.);
#821=ORIENTED_EDGE('',*,*,#1517,.T.);
#822=ORIENTED_EDGE('',*,*,#1518,.T.);
#823=ORIENTED_EDGE('',*,*,#1519,.T.);
#824=ORIENTED_EDGE('',*,*,#1520,.T.);
#825=ORIENTED_EDGE('',*,*,#1521,.T.);
#826=ORIENTED_EDGE('',*,*,#1522,.T.);
#827=ORIENTED_EDGE('',*,*,#1523,.T.);
#828=ORIENTED_EDGE('',*,*,#1401,.T.);
#829=ORIENTED_EDGE('',*,*,#1524,.T.);
#830=ORIENTED_EDGE('',*,*,#1525,.T.);
#831=ORIENTED_EDGE('',*,*,#1526,.F.);
#832=ORIENTED_EDGE('',*,*,#1527,.T.);
#833=ORIENTED_EDGE('',*,*,#1528,.T.);
#834=ORIENTED_EDGE('',*,*,#1397,.T.);
#835=ORIENTED_EDGE('',*,*,#1529,.F.);
#836=ORIENTED_EDGE('',*,*,#1391,.T.);
#837=ORIENTED_EDGE('',*,*,#1526,.T.);
#838=ORIENTED_EDGE('',*,*,#1530,.T.);
#839=ORIENTED_EDGE('',*,*,#1531,.F.);
#840=ORIENTED_EDGE('',*,*,#1532,.F.);
#841=ORIENTED_EDGE('',*,*,#1533,.T.);
#842=ORIENTED_EDGE('',*,*,#1534,.T.);
#843=ORIENTED_EDGE('',*,*,#1530,.F.);
#844=ORIENTED_EDGE('',*,*,#1535,.T.);
#845=ORIENTED_EDGE('',*,*,#1529,.T.);
#846=ORIENTED_EDGE('',*,*,#1393,.T.);
#847=ORIENTED_EDGE('',*,*,#1536,.F.);
#848=ORIENTED_EDGE('',*,*,#1537,.T.);
#849=ORIENTED_EDGE('',*,*,#1538,.T.);
#850=ORIENTED_EDGE('',*,*,#1539,.T.);
#851=ORIENTED_EDGE('',*,*,#1535,.F.);
#852=ORIENTED_EDGE('',*,*,#1539,.F.);
#853=ORIENTED_EDGE('',*,*,#1540,.T.);
#854=ORIENTED_EDGE('',*,*,#1527,.F.);
#855=ORIENTED_EDGE('',*,*,#1525,.F.);
#856=ORIENTED_EDGE('',*,*,#1541,.T.);
#857=ORIENTED_EDGE('',*,*,#1532,.T.);
#858=ORIENTED_EDGE('',*,*,#1542,.F.);
#859=ORIENTED_EDGE('',*,*,#1543,.T.);
#860=ORIENTED_EDGE('',*,*,#1544,.T.);
#861=ORIENTED_EDGE('',*,*,#1545,.F.);
#862=ORIENTED_EDGE('',*,*,#1546,.T.);
#863=ORIENTED_EDGE('',*,*,#1547,.T.);
#864=ORIENTED_EDGE('',*,*,#1548,.F.);
#865=ORIENTED_EDGE('',*,*,#1549,.F.);
#866=ORIENTED_EDGE('',*,*,#1550,.T.);
#867=ORIENTED_EDGE('',*,*,#1548,.T.);
#868=ORIENTED_EDGE('',*,*,#1551,.T.);
#869=ORIENTED_EDGE('',*,*,#1542,.T.);
#870=ORIENTED_EDGE('',*,*,#1552,.F.);
#871=ORIENTED_EDGE('',*,*,#1553,.T.);
#872=ORIENTED_EDGE('',*,*,#1554,.T.);
#873=ORIENTED_EDGE('',*,*,#1555,.F.);
#874=ORIENTED_EDGE('',*,*,#1556,.F.);
#875=ORIENTED_EDGE('',*,*,#1557,.F.);
#876=ORIENTED_EDGE('',*,*,#1558,.T.);
#877=ORIENTED_EDGE('',*,*,#1557,.T.);
#878=ORIENTED_EDGE('',*,*,#1559,.F.);
#879=ORIENTED_EDGE('',*,*,#1545,.T.);
#880=ORIENTED_EDGE('',*,*,#1560,.T.);
#881=ORIENTED_EDGE('',*,*,#1561,.F.);
#882=ORIENTED_EDGE('',*,*,#1552,.T.);
#883=ORIENTED_EDGE('',*,*,#1559,.T.);
#884=ORIENTED_EDGE('',*,*,#1556,.T.);
#885=ORIENTED_EDGE('',*,*,#1555,.T.);
#886=ORIENTED_EDGE('',*,*,#1562,.T.);
#887=ORIENTED_EDGE('',*,*,#1549,.T.);
#888=ORIENTED_EDGE('',*,*,#1561,.T.);
#889=ORIENTED_EDGE('',*,*,#1563,.F.);
#890=ORIENTED_EDGE('',*,*,#1564,.T.);
#891=ORIENTED_EDGE('',*,*,#1553,.F.);
#892=ORIENTED_EDGE('',*,*,#1565,.F.);
#893=ORIENTED_EDGE('',*,*,#1565,.T.);
#894=ORIENTED_EDGE('',*,*,#1558,.F.);
#895=ORIENTED_EDGE('',*,*,#1560,.F.);
#896=ORIENTED_EDGE('',*,*,#1566,.F.);
#897=ORIENTED_EDGE('',*,*,#1544,.F.);
#898=ORIENTED_EDGE('',*,*,#1567,.T.);
#899=ORIENTED_EDGE('',*,*,#1568,.F.);
#900=ORIENTED_EDGE('',*,*,#1566,.T.);
#901=ORIENTED_EDGE('',*,*,#1569,.T.);
#902=ORIENTED_EDGE('',*,*,#1570,.T.);
#903=ORIENTED_EDGE('',*,*,#1571,.T.);
#904=ORIENTED_EDGE('',*,*,#1563,.T.);
#905=ORIENTED_EDGE('',*,*,#1568,.T.);
#906=ORIENTED_EDGE('',*,*,#1572,.T.);
#907=ORIENTED_EDGE('',*,*,#1573,.T.);
#908=ORIENTED_EDGE('',*,*,#1574,.T.);
#909=ORIENTED_EDGE('',*,*,#1575,.F.);
#910=ORIENTED_EDGE('',*,*,#1576,.T.);
#911=ORIENTED_EDGE('',*,*,#1577,.T.);
#912=ORIENTED_EDGE('',*,*,#1578,.T.);
#913=ORIENTED_EDGE('',*,*,#1579,.T.);
#914=ORIENTED_EDGE('',*,*,#1580,.T.);
#915=ORIENTED_EDGE('',*,*,#1581,.T.);
#916=ORIENTED_EDGE('',*,*,#1369,.F.);
#917=ORIENTED_EDGE('',*,*,#1582,.F.);
#918=ORIENTED_EDGE('',*,*,#1571,.F.);
#919=ORIENTED_EDGE('',*,*,#1582,.T.);
#920=ORIENTED_EDGE('',*,*,#1368,.F.);
#921=ORIENTED_EDGE('',*,*,#1583,.F.);
#922=ORIENTED_EDGE('',*,*,#1564,.F.);
#923=ORIENTED_EDGE('',*,*,#1583,.T.);
#924=ORIENTED_EDGE('',*,*,#1367,.F.);
#925=ORIENTED_EDGE('',*,*,#1584,.F.);
#926=ORIENTED_EDGE('',*,*,#1554,.F.);
#927=ORIENTED_EDGE('',*,*,#1584,.T.);
#928=ORIENTED_EDGE('',*,*,#1366,.F.);
#929=ORIENTED_EDGE('',*,*,#1585,.F.);
#930=ORIENTED_EDGE('',*,*,#1562,.F.);
#931=ORIENTED_EDGE('',*,*,#1586,.T.);
#932=ORIENTED_EDGE('',*,*,#1587,.T.);
#933=ORIENTED_EDGE('',*,*,#1550,.F.);
#934=ORIENTED_EDGE('',*,*,#1585,.T.);
#935=ORIENTED_EDGE('',*,*,#1365,.F.);
#936=ORIENTED_EDGE('',*,*,#1588,.T.);
#937=ORIENTED_EDGE('',*,*,#1589,.T.);
#938=ORIENTED_EDGE('',*,*,#1590,.T.);
#939=ORIENTED_EDGE('',*,*,#1591,.T.);
#940=ORIENTED_EDGE('',*,*,#1592,.T.);
#941=ORIENTED_EDGE('',*,*,#1593,.T.);
#942=ORIENTED_EDGE('',*,*,#1594,.T.);
#943=ORIENTED_EDGE('',*,*,#1595,.T.);
#944=ORIENTED_EDGE('',*,*,#1596,.T.);
#945=ORIENTED_EDGE('',*,*,#1597,.T.);
#946=ORIENTED_EDGE('',*,*,#1598,.T.);
#947=ORIENTED_EDGE('',*,*,#1599,.T.);
#948=ORIENTED_EDGE('',*,*,#1600,.T.);
#949=ORIENTED_EDGE('',*,*,#1601,.T.);
#950=ORIENTED_EDGE('',*,*,#1602,.T.);
#951=ORIENTED_EDGE('',*,*,#1603,.T.);
#952=ORIENTED_EDGE('',*,*,#1604,.T.);
#953=ORIENTED_EDGE('',*,*,#1605,.T.);
#954=ORIENTED_EDGE('',*,*,#1606,.F.);
#955=ORIENTED_EDGE('',*,*,#1607,.T.);
#956=ORIENTED_EDGE('',*,*,#1608,.F.);
#957=ORIENTED_EDGE('',*,*,#1601,.F.);
#958=ORIENTED_EDGE('',*,*,#1609,.F.);
#959=ORIENTED_EDGE('',*,*,#1538,.F.);
#960=ORIENTED_EDGE('',*,*,#1600,.F.);
#961=ORIENTED_EDGE('',*,*,#1610,.T.);
#962=ORIENTED_EDGE('',*,*,#1611,.F.);
#963=ORIENTED_EDGE('',*,*,#1540,.F.);
#964=ORIENTED_EDGE('',*,*,#1609,.T.);
#965=ORIENTED_EDGE('',*,*,#1612,.T.);
#966=ORIENTED_EDGE('',*,*,#1613,.T.);
#967=ORIENTED_EDGE('',*,*,#1528,.F.);
#968=ORIENTED_EDGE('',*,*,#1611,.T.);
#969=ORIENTED_EDGE('',*,*,#1578,.F.);
#970=ORIENTED_EDGE('',*,*,#1614,.T.);
#971=ORIENTED_EDGE('',*,*,#1598,.F.);
#972=ORIENTED_EDGE('',*,*,#1615,.F.);
#973=ORIENTED_EDGE('',*,*,#1616,.F.);
#974=ORIENTED_EDGE('',*,*,#1533,.F.);
#975=ORIENTED_EDGE('',*,*,#1617,.F.);
#976=ORIENTED_EDGE('',*,*,#1607,.F.);
#977=ORIENTED_EDGE('',*,*,#1618,.F.);
#978=ORIENTED_EDGE('',*,*,#1619,.T.);
#979=ORIENTED_EDGE('',*,*,#1603,.F.);
#980=ORIENTED_EDGE('',*,*,#1617,.T.);
#981=ORIENTED_EDGE('',*,*,#1541,.F.);
#982=ORIENTED_EDGE('',*,*,#1524,.F.);
#983=ORIENTED_EDGE('',*,*,#1620,.T.);
#984=ORIENTED_EDGE('',*,*,#1621,.T.);
#985=ORIENTED_EDGE('',*,*,#1618,.T.);
#986=ORIENTED_EDGE('',*,*,#1605,.F.);
#987=ORIENTED_EDGE('',*,*,#1622,.T.);
#988=ORIENTED_EDGE('',*,*,#1572,.F.);
#989=ORIENTED_EDGE('',*,*,#1623,.F.);
#990=ORIENTED_EDGE('',*,*,#1574,.F.);
#991=ORIENTED_EDGE('',*,*,#1624,.T.);
#992=ORIENTED_EDGE('',*,*,#1593,.F.);
#993=ORIENTED_EDGE('',*,*,#1625,.F.);
#994=ORIENTED_EDGE('',*,*,#1591,.F.);
#995=ORIENTED_EDGE('',*,*,#1626,.T.);
#996=ORIENTED_EDGE('',*,*,#1576,.F.);
#997=ORIENTED_EDGE('',*,*,#1627,.F.);
#998=ORIENTED_EDGE('',*,*,#1514,.F.);
#999=ORIENTED_EDGE('',*,*,#1628,.T.);
#1000=ORIENTED_EDGE('',*,*,#1629,.T.);
#1001=ORIENTED_EDGE('',*,*,#1588,.F.);
#1002=ORIENTED_EDGE('',*,*,#1630,.F.);
#1003=ORIENTED_EDGE('',*,*,#1596,.F.);
#1004=ORIENTED_EDGE('',*,*,#1631,.T.);
#1005=ORIENTED_EDGE('',*,*,#1632,.T.);
#1006=ORIENTED_EDGE('',*,*,#1518,.F.);
#1007=ORIENTED_EDGE('',*,*,#1633,.F.);
#1008=ORIENTED_EDGE('',*,*,#1620,.F.);
#1009=ORIENTED_EDGE('',*,*,#1400,.F.);
#1010=ORIENTED_EDGE('',*,*,#1634,.F.);
#1011=ORIENTED_EDGE('',*,*,#1634,.T.);
#1012=ORIENTED_EDGE('',*,*,#1376,.F.);
#1013=ORIENTED_EDGE('',*,*,#1635,.F.);
#1014=ORIENTED_EDGE('',*,*,#1621,.F.);
#1015=ORIENTED_EDGE('',*,*,#1635,.T.);
#1016=ORIENTED_EDGE('',*,*,#1375,.F.);
#1017=ORIENTED_EDGE('',*,*,#1636,.F.);
#1018=ORIENTED_EDGE('',*,*,#1619,.F.);
#1019=ORIENTED_EDGE('',*,*,#1636,.T.);
#1020=ORIENTED_EDGE('',*,*,#1374,.F.);
#1021=ORIENTED_EDGE('',*,*,#1637,.F.);
#1022=ORIENTED_EDGE('',*,*,#1604,.F.);
#1023=ORIENTED_EDGE('',*,*,#1637,.T.);
#1024=ORIENTED_EDGE('',*,*,#1373,.F.);
#1025=ORIENTED_EDGE('',*,*,#1638,.F.);
#1026=ORIENTED_EDGE('',*,*,#1622,.F.);
#1027=ORIENTED_EDGE('',*,*,#1638,.T.);
#1028=ORIENTED_EDGE('',*,*,#1372,.F.);
#1029=ORIENTED_EDGE('',*,*,#1639,.F.);
#1030=ORIENTED_EDGE('',*,*,#1573,.F.);
#1031=ORIENTED_EDGE('',*,*,#1639,.T.);
#1032=ORIENTED_EDGE('',*,*,#1371,.F.);
#1033=ORIENTED_EDGE('',*,*,#1640,.F.);
#1034=ORIENTED_EDGE('',*,*,#1624,.F.);
#1035=ORIENTED_EDGE('',*,*,#1640,.T.);
#1036=ORIENTED_EDGE('',*,*,#1370,.F.);
#1037=ORIENTED_EDGE('',*,*,#1641,.F.);
#1038=ORIENTED_EDGE('',*,*,#1594,.F.);
#1039=ORIENTED_EDGE('',*,*,#1641,.T.);
#1040=ORIENTED_EDGE('',*,*,#1581,.F.);
#1041=ORIENTED_EDGE('',*,*,#1642,.F.);
#1042=ORIENTED_EDGE('',*,*,#1595,.F.);
#1043=ORIENTED_EDGE('',*,*,#1642,.T.);
#1044=ORIENTED_EDGE('',*,*,#1580,.F.);
#1045=ORIENTED_EDGE('',*,*,#1643,.F.);
#1046=ORIENTED_EDGE('',*,*,#1631,.F.);
#1047=ORIENTED_EDGE('',*,*,#1643,.T.);
#1048=ORIENTED_EDGE('',*,*,#1570,.F.);
#1049=ORIENTED_EDGE('',*,*,#1644,.F.);
#1050=ORIENTED_EDGE('',*,*,#1632,.F.);
#1051=ORIENTED_EDGE('',*,*,#1644,.T.);
#1052=ORIENTED_EDGE('',*,*,#1569,.F.);
#1053=ORIENTED_EDGE('',*,*,#1645,.F.);
#1054=ORIENTED_EDGE('',*,*,#1519,.F.);
#1055=ORIENTED_EDGE('',*,*,#1645,.T.);
#1056=ORIENTED_EDGE('',*,*,#1567,.F.);
#1057=ORIENTED_EDGE('',*,*,#1646,.F.);
#1058=ORIENTED_EDGE('',*,*,#1520,.F.);
#1059=ORIENTED_EDGE('',*,*,#1646,.T.);
#1060=ORIENTED_EDGE('',*,*,#1543,.F.);
#1061=ORIENTED_EDGE('',*,*,#1647,.F.);
#1062=ORIENTED_EDGE('',*,*,#1521,.F.);
#1063=ORIENTED_EDGE('',*,*,#1647,.T.);
#1064=ORIENTED_EDGE('',*,*,#1551,.F.);
#1065=ORIENTED_EDGE('',*,*,#1648,.F.);
#1066=ORIENTED_EDGE('',*,*,#1522,.F.);
#1067=ORIENTED_EDGE('',*,*,#1648,.T.);
#1068=ORIENTED_EDGE('',*,*,#1547,.F.);
#1069=ORIENTED_EDGE('',*,*,#1649,.F.);
#1070=ORIENTED_EDGE('',*,*,#1523,.F.);
#1071=ORIENTED_EDGE('',*,*,#1649,.T.);
#1072=ORIENTED_EDGE('',*,*,#1546,.F.);
#1073=ORIENTED_EDGE('',*,*,#1650,.F.);
#1074=ORIENTED_EDGE('',*,*,#1628,.F.);
#1075=ORIENTED_EDGE('',*,*,#1650,.T.);
#1076=ORIENTED_EDGE('',*,*,#1587,.F.);
#1077=ORIENTED_EDGE('',*,*,#1651,.F.);
#1078=ORIENTED_EDGE('',*,*,#1629,.F.);
#1079=ORIENTED_EDGE('',*,*,#1651,.T.);
#1080=ORIENTED_EDGE('',*,*,#1586,.F.);
#1081=ORIENTED_EDGE('',*,*,#1652,.F.);
#1082=ORIENTED_EDGE('',*,*,#1589,.F.);
#1083=ORIENTED_EDGE('',*,*,#1652,.T.);
#1084=ORIENTED_EDGE('',*,*,#1364,.F.);
#1085=ORIENTED_EDGE('',*,*,#1653,.F.);
#1086=ORIENTED_EDGE('',*,*,#1590,.F.);
#1087=ORIENTED_EDGE('',*,*,#1653,.T.);
#1088=ORIENTED_EDGE('',*,*,#1363,.F.);
#1089=ORIENTED_EDGE('',*,*,#1654,.F.);
#1090=ORIENTED_EDGE('',*,*,#1626,.F.);
#1091=ORIENTED_EDGE('',*,*,#1654,.T.);
#1092=ORIENTED_EDGE('',*,*,#1362,.F.);
#1093=ORIENTED_EDGE('',*,*,#1655,.F.);
#1094=ORIENTED_EDGE('',*,*,#1577,.F.);
#1095=ORIENTED_EDGE('',*,*,#1655,.T.);
#1096=ORIENTED_EDGE('',*,*,#1361,.F.);
#1097=ORIENTED_EDGE('',*,*,#1656,.F.);
#1098=ORIENTED_EDGE('',*,*,#1614,.F.);
#1099=ORIENTED_EDGE('',*,*,#1656,.T.);
#1100=ORIENTED_EDGE('',*,*,#1360,.F.);
#1101=ORIENTED_EDGE('',*,*,#1657,.F.);
#1102=ORIENTED_EDGE('',*,*,#1599,.F.);
#1103=ORIENTED_EDGE('',*,*,#1657,.T.);
#1104=ORIENTED_EDGE('',*,*,#1359,.F.);
#1105=ORIENTED_EDGE('',*,*,#1658,.F.);
#1106=ORIENTED_EDGE('',*,*,#1610,.F.);
#1107=ORIENTED_EDGE('',*,*,#1658,.T.);
#1108=ORIENTED_EDGE('',*,*,#1358,.F.);
#1109=ORIENTED_EDGE('',*,*,#1659,.F.);
#1110=ORIENTED_EDGE('',*,*,#1612,.F.);
#1111=ORIENTED_EDGE('',*,*,#1398,.F.);
#1112=ORIENTED_EDGE('',*,*,#1613,.F.);
#1113=ORIENTED_EDGE('',*,*,#1659,.T.);
#1114=ORIENTED_EDGE('',*,*,#1660,.T.);
#1115=ORIENTED_EDGE('',*,*,#1661,.T.);
#1116=ORIENTED_EDGE('',*,*,#1513,.F.);
#1117=ORIENTED_EDGE('',*,*,#1379,.F.);
#1118=ORIENTED_EDGE('',*,*,#1512,.F.);
#1119=ORIENTED_EDGE('',*,*,#1380,.F.);
#1120=ORIENTED_EDGE('',*,*,#1660,.F.);
#1121=ORIENTED_EDGE('',*,*,#1381,.F.);
#1122=ORIENTED_EDGE('',*,*,#1447,.F.);
#1123=ORIENTED_EDGE('',*,*,#1662,.T.);
#1124=ORIENTED_EDGE('',*,*,#1431,.F.);
#1125=ORIENTED_EDGE('',*,*,#1450,.F.);
#1126=ORIENTED_EDGE('',*,*,#1432,.T.);
#1127=ORIENTED_EDGE('',*,*,#1662,.F.);
#1128=ORIENTED_EDGE('',*,*,#1446,.F.);
#1129=ORIENTED_EDGE('',*,*,#1453,.F.);
#1130=ORIENTED_EDGE('',*,*,#1425,.F.);
#1131=ORIENTED_EDGE('',*,*,#1452,.F.);
#1132=ORIENTED_EDGE('',*,*,#1427,.T.);
#1133=ORIENTED_EDGE('',*,*,#1455,.F.);
#1134=ORIENTED_EDGE('',*,*,#1442,.F.);
#1135=ORIENTED_EDGE('',*,*,#1456,.F.);
#1136=ORIENTED_EDGE('',*,*,#1441,.F.);
#1137=ORIENTED_EDGE('',*,*,#1663,.T.);
#1138=ORIENTED_EDGE('',*,*,#1502,.F.);
#1139=ORIENTED_EDGE('',*,*,#1664,.T.);
#1140=ORIENTED_EDGE('',*,*,#1486,.F.);
#1141=ORIENTED_EDGE('',*,*,#1505,.F.);
#1142=ORIENTED_EDGE('',*,*,#1487,.T.);
#1143=ORIENTED_EDGE('',*,*,#1664,.F.);
#1144=ORIENTED_EDGE('',*,*,#1501,.F.);
#1145=ORIENTED_EDGE('',*,*,#1508,.F.);
#1146=ORIENTED_EDGE('',*,*,#1480,.F.);
#1147=ORIENTED_EDGE('',*,*,#1507,.F.);
#1148=ORIENTED_EDGE('',*,*,#1482,.T.);
#1149=ORIENTED_EDGE('',*,*,#1510,.F.);
#1150=ORIENTED_EDGE('',*,*,#1497,.F.);
#1151=ORIENTED_EDGE('',*,*,#1511,.F.);
#1152=ORIENTED_EDGE('',*,*,#1496,.F.);
#1153=ORIENTED_EDGE('',*,*,#1665,.T.);
#1154=ORIENTED_EDGE('',*,*,#1633,.T.);
#1155=ORIENTED_EDGE('',*,*,#1517,.F.);
#1156=ORIENTED_EDGE('',*,*,#1666,.F.);
#1157=ORIENTED_EDGE('',*,*,#1667,.T.);
#1158=ORIENTED_EDGE('',*,*,#1630,.T.);
#1159=ORIENTED_EDGE('',*,*,#1668,.F.);
#1160=ORIENTED_EDGE('',*,*,#1669,.F.);
#1161=ORIENTED_EDGE('',*,*,#1515,.T.);
#1162=ORIENTED_EDGE('',*,*,#1592,.F.);
#1163=ORIENTED_EDGE('',*,*,#1670,.F.);
#1164=ORIENTED_EDGE('',*,*,#1671,.T.);
#1165=ORIENTED_EDGE('',*,*,#1668,.T.);
#1166=ORIENTED_EDGE('',*,*,#1627,.T.);
#1167=ORIENTED_EDGE('',*,*,#1672,.F.);
#1168=ORIENTED_EDGE('',*,*,#1673,.F.);
#1169=ORIENTED_EDGE('',*,*,#1670,.T.);
#1170=ORIENTED_EDGE('',*,*,#1579,.F.);
#1171=ORIENTED_EDGE('',*,*,#1674,.F.);
#1172=ORIENTED_EDGE('',*,*,#1675,.T.);
#1173=ORIENTED_EDGE('',*,*,#1672,.T.);
#1174=ORIENTED_EDGE('',*,*,#1615,.T.);
#1175=ORIENTED_EDGE('',*,*,#1676,.F.);
#1176=ORIENTED_EDGE('',*,*,#1677,.F.);
#1177=ORIENTED_EDGE('',*,*,#1674,.T.);
#1178=ORIENTED_EDGE('',*,*,#1602,.F.);
#1179=ORIENTED_EDGE('',*,*,#1678,.F.);
#1180=ORIENTED_EDGE('',*,*,#1679,.T.);
#1181=ORIENTED_EDGE('',*,*,#1676,.T.);
#1182=ORIENTED_EDGE('',*,*,#1608,.T.);
#1183=ORIENTED_EDGE('',*,*,#1680,.F.);
#1184=ORIENTED_EDGE('',*,*,#1681,.F.);
#1185=ORIENTED_EDGE('',*,*,#1678,.T.);
#1186=ORIENTED_EDGE('',*,*,#1537,.F.);
#1187=ORIENTED_EDGE('',*,*,#1682,.F.);
#1188=ORIENTED_EDGE('',*,*,#1683,.T.);
#1189=ORIENTED_EDGE('',*,*,#1680,.T.);
#1190=ORIENTED_EDGE('',*,*,#1536,.T.);
#1191=ORIENTED_EDGE('',*,*,#1684,.F.);
#1192=ORIENTED_EDGE('',*,*,#1685,.F.);
#1193=ORIENTED_EDGE('',*,*,#1682,.T.);
#1194=ORIENTED_EDGE('',*,*,#1392,.T.);
#1195=ORIENTED_EDGE('',*,*,#1686,.F.);
#1196=ORIENTED_EDGE('',*,*,#1687,.F.);
#1197=ORIENTED_EDGE('',*,*,#1684,.T.);
#1198=ORIENTED_EDGE('',*,*,#1531,.T.);
#1199=ORIENTED_EDGE('',*,*,#1688,.F.);
#1200=ORIENTED_EDGE('',*,*,#1689,.F.);
#1201=ORIENTED_EDGE('',*,*,#1686,.T.);
#1202=ORIENTED_EDGE('',*,*,#1534,.F.);
#1203=ORIENTED_EDGE('',*,*,#1690,.F.);
#1204=ORIENTED_EDGE('',*,*,#1691,.T.);
#1205=ORIENTED_EDGE('',*,*,#1688,.T.);
#1206=ORIENTED_EDGE('',*,*,#1616,.T.);
#1207=ORIENTED_EDGE('',*,*,#1692,.F.);
#1208=ORIENTED_EDGE('',*,*,#1693,.F.);
#1209=ORIENTED_EDGE('',*,*,#1690,.T.);
#1210=ORIENTED_EDGE('',*,*,#1606,.T.);
#1211=ORIENTED_EDGE('',*,*,#1694,.F.);
#1212=ORIENTED_EDGE('',*,*,#1695,.F.);
#1213=ORIENTED_EDGE('',*,*,#1692,.T.);
#1214=ORIENTED_EDGE('',*,*,#1623,.T.);
#1215=ORIENTED_EDGE('',*,*,#1696,.F.);
#1216=ORIENTED_EDGE('',*,*,#1697,.F.);
#1217=ORIENTED_EDGE('',*,*,#1694,.T.);
#1218=ORIENTED_EDGE('',*,*,#1575,.T.);
#1219=ORIENTED_EDGE('',*,*,#1698,.F.);
#1220=ORIENTED_EDGE('',*,*,#1699,.F.);
#1221=ORIENTED_EDGE('',*,*,#1696,.T.);
#1222=ORIENTED_EDGE('',*,*,#1625,.T.);
#1223=ORIENTED_EDGE('',*,*,#1700,.F.);
#1224=ORIENTED_EDGE('',*,*,#1701,.F.);
#1225=ORIENTED_EDGE('',*,*,#1698,.T.);
#1226=ORIENTED_EDGE('',*,*,#1702,.T.);
#1227=ORIENTED_EDGE('',*,*,#1661,.F.);
#1228=ORIENTED_EDGE('',*,*,#1703,.T.);
#1229=ORIENTED_EDGE('',*,*,#1663,.F.);
#1230=ORIENTED_EDGE('',*,*,#1704,.T.);
#1231=ORIENTED_EDGE('',*,*,#1665,.F.);
#1232=ORIENTED_EDGE('',*,*,#1597,.F.);
#1233=ORIENTED_EDGE('',*,*,#1667,.F.);
#1234=ORIENTED_EDGE('',*,*,#1705,.T.);
#1235=ORIENTED_EDGE('',*,*,#1700,.T.);
#1236=ORIENTED_EDGE('',*,*,#1706,.T.);
#1237=ORIENTED_EDGE('',*,*,#1707,.T.);
#1238=ORIENTED_EDGE('',*,*,#1708,.T.);
#1239=ORIENTED_EDGE('',*,*,#1709,.T.);
#1240=ORIENTED_EDGE('',*,*,#1704,.F.);
#1241=ORIENTED_EDGE('',*,*,#1703,.F.);
#1242=ORIENTED_EDGE('',*,*,#1702,.F.);
#1243=ORIENTED_EDGE('',*,*,#1666,.T.);
#1244=ORIENTED_EDGE('',*,*,#1516,.T.);
#1245=ORIENTED_EDGE('',*,*,#1669,.T.);
#1246=ORIENTED_EDGE('',*,*,#1671,.F.);
#1247=ORIENTED_EDGE('',*,*,#1673,.T.);
#1248=ORIENTED_EDGE('',*,*,#1675,.F.);
#1249=ORIENTED_EDGE('',*,*,#1677,.T.);
#1250=ORIENTED_EDGE('',*,*,#1679,.F.);
#1251=ORIENTED_EDGE('',*,*,#1681,.T.);
#1252=ORIENTED_EDGE('',*,*,#1683,.F.);
#1253=ORIENTED_EDGE('',*,*,#1685,.T.);
#1254=ORIENTED_EDGE('',*,*,#1687,.T.);
#1255=ORIENTED_EDGE('',*,*,#1689,.T.);
#1256=ORIENTED_EDGE('',*,*,#1691,.F.);
#1257=ORIENTED_EDGE('',*,*,#1693,.T.);
#1258=ORIENTED_EDGE('',*,*,#1695,.T.);
#1259=ORIENTED_EDGE('',*,*,#1697,.T.);
#1260=ORIENTED_EDGE('',*,*,#1699,.T.);
#1261=ORIENTED_EDGE('',*,*,#1701,.T.);
#1262=ORIENTED_EDGE('',*,*,#1705,.F.);
#1263=ORIENTED_EDGE('',*,*,#1710,.F.);
#1264=ORIENTED_EDGE('',*,*,#1711,.T.);
#1265=ORIENTED_EDGE('',*,*,#1712,.T.);
#1266=ORIENTED_EDGE('',*,*,#1713,.T.);
#1267=ORIENTED_EDGE('',*,*,#1714,.T.);
#1268=ORIENTED_EDGE('',*,*,#1715,.T.);
#1269=ORIENTED_EDGE('',*,*,#1716,.F.);
#1270=ORIENTED_EDGE('',*,*,#1388,.F.);
#1271=ORIENTED_EDGE('',*,*,#1717,.T.);
#1272=ORIENTED_EDGE('',*,*,#1710,.T.);
#1273=ORIENTED_EDGE('',*,*,#1718,.T.);
#1274=ORIENTED_EDGE('',*,*,#1719,.T.);
#1275=ORIENTED_EDGE('',*,*,#1716,.T.);
#1276=ORIENTED_EDGE('',*,*,#1719,.F.);
#1277=ORIENTED_EDGE('',*,*,#1709,.F.);
#1278=ORIENTED_EDGE('',*,*,#1720,.F.);
#1279=ORIENTED_EDGE('',*,*,#1721,.T.);
#1280=ORIENTED_EDGE('',*,*,#1722,.T.);
#1281=ORIENTED_EDGE('',*,*,#1723,.T.);
#1282=ORIENTED_EDGE('',*,*,#1724,.T.);
#1283=ORIENTED_EDGE('',*,*,#1725,.T.);
#1284=ORIENTED_EDGE('',*,*,#1726,.F.);
#1285=ORIENTED_EDGE('',*,*,#1384,.F.);
#1286=ORIENTED_EDGE('',*,*,#1727,.T.);
#1287=ORIENTED_EDGE('',*,*,#1720,.T.);
#1288=ORIENTED_EDGE('',*,*,#1728,.T.);
#1289=ORIENTED_EDGE('',*,*,#1729,.T.);
#1290=ORIENTED_EDGE('',*,*,#1726,.T.);
#1291=ORIENTED_EDGE('',*,*,#1729,.F.);
#1292=ORIENTED_EDGE('',*,*,#1708,.F.);
#1293=ORIENTED_EDGE('',*,*,#1730,.T.);
#1294=ORIENTED_EDGE('',*,*,#1731,.T.);
#1295=ORIENTED_EDGE('',*,*,#1730,.F.);
#1296=ORIENTED_EDGE('',*,*,#1707,.F.);
#1297=ORIENTED_EDGE('',*,*,#1731,.F.);
#1298=ORIENTED_EDGE('',*,*,#1732,.T.);
#1299=ORIENTED_EDGE('',*,*,#1733,.T.);
#1300=ORIENTED_EDGE('',*,*,#1732,.F.);
#1301=ORIENTED_EDGE('',*,*,#1734,.T.);
#1302=ORIENTED_EDGE('',*,*,#1735,.T.);
#1303=ORIENTED_EDGE('',*,*,#1736,.T.);
#1304=ORIENTED_EDGE('',*,*,#1737,.F.);
#1305=ORIENTED_EDGE('',*,*,#1735,.F.);
#1306=ORIENTED_EDGE('',*,*,#1737,.T.);
#1307=ORIENTED_EDGE('',*,*,#1734,.F.);
#1308=ORIENTED_EDGE('',*,*,#1706,.F.);
#1309=ORIENTED_EDGE('',*,*,#1728,.F.);
#1310=ORIENTED_EDGE('',*,*,#1725,.F.);
#1311=ORIENTED_EDGE('',*,*,#1738,.F.);
#1312=ORIENTED_EDGE('',*,*,#1385,.F.);
#1313=ORIENTED_EDGE('',*,*,#1738,.T.);
#1314=ORIENTED_EDGE('',*,*,#1724,.F.);
#1315=ORIENTED_EDGE('',*,*,#1739,.F.);
#1316=ORIENTED_EDGE('',*,*,#1394,.F.);
#1317=ORIENTED_EDGE('',*,*,#1739,.T.);
#1318=ORIENTED_EDGE('',*,*,#1723,.F.);
#1319=ORIENTED_EDGE('',*,*,#1740,.F.);
#1320=ORIENTED_EDGE('',*,*,#1356,.F.);
#1321=ORIENTED_EDGE('',*,*,#1740,.T.);
#1322=ORIENTED_EDGE('',*,*,#1722,.F.);
#1323=ORIENTED_EDGE('',*,*,#1741,.F.);
#1324=ORIENTED_EDGE('',*,*,#1396,.F.);
#1325=ORIENTED_EDGE('',*,*,#1741,.T.);
#1326=ORIENTED_EDGE('',*,*,#1721,.F.);
#1327=ORIENTED_EDGE('',*,*,#1727,.F.);
#1328=ORIENTED_EDGE('',*,*,#1383,.F.);
#1329=ORIENTED_EDGE('',*,*,#1718,.F.);
#1330=ORIENTED_EDGE('',*,*,#1715,.F.);
#1331=ORIENTED_EDGE('',*,*,#1742,.F.);
#1332=ORIENTED_EDGE('',*,*,#1389,.F.);
#1333=ORIENTED_EDGE('',*,*,#1742,.T.);
#1334=ORIENTED_EDGE('',*,*,#1714,.F.);
#1335=ORIENTED_EDGE('',*,*,#1743,.F.);
#1336=ORIENTED_EDGE('',*,*,#1399,.F.);
#1337=ORIENTED_EDGE('',*,*,#1743,.T.);
#1338=ORIENTED_EDGE('',*,*,#1713,.F.);
#1339=ORIENTED_EDGE('',*,*,#1744,.F.);
#1340=ORIENTED_EDGE('',*,*,#1378,.F.);
#1341=ORIENTED_EDGE('',*,*,#1744,.T.);
#1342=ORIENTED_EDGE('',*,*,#1712,.F.);
#1343=ORIENTED_EDGE('',*,*,#1745,.F.);
#1344=ORIENTED_EDGE('',*,*,#1395,.F.);
#1345=ORIENTED_EDGE('',*,*,#1745,.T.);
#1346=ORIENTED_EDGE('',*,*,#1711,.F.);
#1347=ORIENTED_EDGE('',*,*,#1717,.F.);
#1348=ORIENTED_EDGE('',*,*,#1387,.F.);
#1349=ORIENTED_EDGE('',*,*,#1353,.F.);
#1350=ORIENTED_EDGE('',*,*,#1733,.F.);
#1351=ORIENTED_EDGE('',*,*,#1354,.F.);
#1352=ORIENTED_EDGE('',*,*,#1736,.F.);
#1353=EDGE_CURVE('',#1746,#1746,#1984,.T.);
#1354=EDGE_CURVE('',#1747,#1747,#1985,.T.);
#1355=EDGE_CURVE('',#1748,#1749,#201,.F.);
#1356=EDGE_CURVE('',#1748,#1750,#1986,.T.);
#1357=EDGE_CURVE('',#1751,#1750,#202,.F.);
#1358=EDGE_CURVE('',#1751,#1752,#153,.T.);
#1359=EDGE_CURVE('',#1752,#1753,#154,.T.);
#1360=EDGE_CURVE('',#1753,#1754,#203,.T.);
#1361=EDGE_CURVE('',#1754,#1755,#1987,.F.);
#1362=EDGE_CURVE('',#1755,#1756,#204,.T.);
#1363=EDGE_CURVE('',#1756,#1757,#117,.F.);
#1364=EDGE_CURVE('',#1757,#1758,#205,.T.);
#1365=EDGE_CURVE('',#1758,#1759,#206,.T.);
#1366=EDGE_CURVE('',#1759,#1760,#118,.T.);
#1367=EDGE_CURVE('',#1760,#1761,#207,.T.);
#1368=EDGE_CURVE('',#1761,#1762,#119,.T.);
#1369=EDGE_CURVE('',#1762,#1763,#208,.F.);
#1370=EDGE_CURVE('',#1763,#1764,#209,.T.);
#1371=EDGE_CURVE('',#1764,#1765,#120,.F.);
#1372=EDGE_CURVE('',#1765,#1766,#210,.F.);
#1373=EDGE_CURVE('',#1766,#1767,#1988,.F.);
#1374=EDGE_CURVE('',#1767,#1768,#211,.F.);
#1375=EDGE_CURVE('',#1768,#1769,#155,.T.);
#1376=EDGE_CURVE('',#1769,#1770,#156,.T.);
#1377=EDGE_CURVE('',#1771,#1770,#212,.F.);
#1378=EDGE_CURVE('',#1771,#1749,#1989,.T.);
#1379=EDGE_CURVE('',#1772,#1772,#1990,.T.);
#1380=EDGE_CURVE('',#1773,#1773,#1991,.T.);
#1381=EDGE_CURVE('',#1774,#1774,#1992,.T.);
#1382=EDGE_CURVE('',#1775,#1776,#213,.T.);
#1383=EDGE_CURVE('',#1775,#1777,#121,.F.);
#1384=EDGE_CURVE('',#1777,#1778,#214,.T.);
#1385=EDGE_CURVE('',#1778,#1779,#122,.F.);
#1386=EDGE_CURVE('',#1780,#1779,#215,.T.);
#1387=EDGE_CURVE('',#1780,#1781,#123,.F.);
#1388=EDGE_CURVE('',#1781,#1782,#216,.T.);
#1389=EDGE_CURVE('',#1782,#1783,#124,.F.);
#1390=EDGE_CURVE('',#1784,#1783,#217,.T.);
#1391=EDGE_CURVE('',#1785,#1784,#218,.T.);
#1392=EDGE_CURVE('',#1786,#1785,#219,.T.);
#1393=EDGE_CURVE('',#1776,#1786,#220,.F.);
#1394=EDGE_CURVE('',#1779,#1748,#157,.T.);
#1395=EDGE_CURVE('',#1749,#1780,#158,.T.);
#1396=EDGE_CURVE('',#1750,#1775,#159,.T.);
#1397=EDGE_CURVE('',#1787,#1776,#1993,.T.);
#1398=EDGE_CURVE('',#1787,#1751,#160,.F.);
#1399=EDGE_CURVE('',#1783,#1771,#161,.T.);
#1400=EDGE_CURVE('',#1770,#1788,#162,.T.);
#1401=EDGE_CURVE('',#1784,#1788,#1994,.F.);
#1402=EDGE_CURVE('',#1789,#1790,#221,.F.);
#1403=EDGE_CURVE('',#1791,#1789,#222,.F.);
#1404=EDGE_CURVE('',#1791,#1792,#223,.F.);
#1405=EDGE_CURVE('',#1792,#1793,#224,.T.);
#1406=EDGE_CURVE('',#1793,#1790,#225,.T.);
#1407=EDGE_CURVE('',#1794,#1789,#226,.F.);
#1408=EDGE_CURVE('',#1795,#1794,#227,.T.);
#1409=EDGE_CURVE('',#1795,#1796,#228,.F.);
#1410=EDGE_CURVE('',#1796,#1791,#229,.F.);
#1411=EDGE_CURVE('',#1797,#1798,#230,.T.);
#1412=EDGE_CURVE('',#1799,#1797,#231,.T.);
#1413=EDGE_CURVE('',#1799,#1800,#232,.F.);
#1414=EDGE_CURVE('',#1800,#1801,#233,.T.);
#1415=EDGE_CURVE('',#1801,#1798,#234,.F.);
#1416=EDGE_CURVE('',#1798,#1802,#235,.T.);
#1417=EDGE_CURVE('',#1801,#1803,#236,.T.);
#1418=EDGE_CURVE('',#1803,#1804,#237,.T.);
#1419=EDGE_CURVE('',#1804,#1802,#238,.T.);
#1420=EDGE_CURVE('',#1805,#1797,#239,.T.);
#1421=EDGE_CURVE('',#1806,#1805,#240,.F.);
#1422=EDGE_CURVE('',#1806,#1799,#241,.T.);
#1423=EDGE_CURVE('',#1807,#1800,#242,.F.);
#1424=EDGE_CURVE('',#1808,#1799,#243,.F.);
#1425=EDGE_CURVE('',#1808,#1807,#244,.T.);
#1426=EDGE_CURVE('',#1792,#1809,#245,.T.);
#1427=EDGE_CURVE('',#1810,#1809,#246,.T.);
#1428=EDGE_CURVE('',#1793,#1810,#247,.T.);
#1429=EDGE_CURVE('',#1790,#1805,#248,.T.);
#1430=EDGE_CURVE('',#1793,#1806,#249,.T.);
#1431=EDGE_CURVE('',#1803,#1811,#250,.F.);
#1432=EDGE_CURVE('',#1812,#1811,#251,.T.);
#1433=EDGE_CURVE('',#1804,#1812,#252,.F.);
#1434=EDGE_CURVE('',#1802,#1813,#253,.F.);
#1435=EDGE_CURVE('',#1804,#1814,#254,.F.);
#1436=EDGE_CURVE('',#1814,#1813,#255,.F.);
#1437=EDGE_CURVE('',#1813,#1794,#256,.F.);
#1438=EDGE_CURVE('',#1814,#1795,#257,.F.);
#1439=EDGE_CURVE('',#1815,#1796,#258,.T.);
#1440=EDGE_CURVE('',#1816,#1795,#259,.T.);
#1441=EDGE_CURVE('',#1816,#1815,#260,.T.);
#1442=EDGE_CURVE('',#1817,#1818,#1995,.T.);
#1443=EDGE_CURVE('',#1818,#1792,#261,.T.);
#1444=EDGE_CURVE('',#1796,#1817,#262,.F.);
#1445=EDGE_CURVE('',#1800,#1819,#263,.T.);
#1446=EDGE_CURVE('',#1819,#1820,#1996,.T.);
#1447=EDGE_CURVE('',#1820,#1803,#264,.F.);
#1448=EDGE_CURVE('',#1805,#1789,#1997,.F.);
#1449=EDGE_CURVE('',#1798,#1805,#1998,.F.);
#1450=EDGE_CURVE('',#1812,#1816,#1999,.T.);
#1451=EDGE_CURVE('',#1789,#1813,#2000,.F.);
#1452=EDGE_CURVE('',#1810,#1808,#2001,.T.);
#1453=EDGE_CURVE('',#1807,#1819,#2002,.T.);
#1454=EDGE_CURVE('',#1813,#1798,#2003,.F.);
#1455=EDGE_CURVE('',#1818,#1809,#2004,.T.);
#1456=EDGE_CURVE('',#1815,#1817,#2005,.T.);
#1457=EDGE_CURVE('',#1821,#1822,#265,.F.);
#1458=EDGE_CURVE('',#1823,#1821,#266,.F.);
#1459=EDGE_CURVE('',#1823,#1824,#267,.F.);
#1460=EDGE_CURVE('',#1824,#1825,#268,.T.);
#1461=EDGE_CURVE('',#1825,#1822,#269,.T.);
#1462=EDGE_CURVE('',#1826,#1821,#270,.F.);
#1463=EDGE_CURVE('',#1827,#1826,#271,.T.);
#1464=EDGE_CURVE('',#1827,#1828,#272,.F.);
#1465=EDGE_CURVE('',#1828,#1823,#273,.F.);
#1466=EDGE_CURVE('',#1829,#1830,#274,.T.);
#1467=EDGE_CURVE('',#1831,#1829,#275,.T.);
#1468=EDGE_CURVE('',#1831,#1832,#276,.F.);
#1469=EDGE_CURVE('',#1832,#1833,#277,.T.);
#1470=EDGE_CURVE('',#1833,#1830,#278,.F.);
#1471=EDGE_CURVE('',#1830,#1834,#279,.T.);
#1472=EDGE_CURVE('',#1833,#1835,#280,.T.);
#1473=EDGE_CURVE('',#1835,#1836,#281,.T.);
#1474=EDGE_CURVE('',#1836,#1834,#282,.T.);
#1475=EDGE_CURVE('',#1837,#1829,#283,.T.);
#1476=EDGE_CURVE('',#1838,#1837,#284,.F.);
#1477=EDGE_CURVE('',#1838,#1831,#285,.T.);
#1478=EDGE_CURVE('',#1839,#1832,#286,.F.);
#1479=EDGE_CURVE('',#1840,#1831,#287,.F.);
#1480=EDGE_CURVE('',#1840,#1839,#288,.T.);
#1481=EDGE_CURVE('',#1824,#1841,#289,.T.);
#1482=EDGE_CURVE('',#1842,#1841,#290,.T.);
#1483=EDGE_CURVE('',#1825,#1842,#291,.T.);
#1484=EDGE_CURVE('',#1822,#1837,#292,.T.);
#1485=EDGE_CURVE('',#1825,#1838,#293,.T.);
#1486=EDGE_CURVE('',#1835,#1843,#294,.F.);
#1487=EDGE_CURVE('',#1844,#1843,#295,.T.);
#1488=EDGE_CURVE('',#1836,#1844,#296,.F.);
#1489=EDGE_CURVE('',#1834,#1845,#297,.F.);
#1490=EDGE_CURVE('',#1836,#1846,#298,.F.);
#1491=EDGE_CURVE('',#1846,#1845,#299,.F.);
#1492=EDGE_CURVE('',#1845,#1826,#300,.F.);
#1493=EDGE_CURVE('',#1846,#1827,#301,.F.);
#1494=EDGE_CURVE('',#1847,#1828,#302,.T.);
#1495=EDGE_CURVE('',#1848,#1827,#303,.T.);
#1496=EDGE_CURVE('',#1848,#1847,#304,.T.);
#1497=EDGE_CURVE('',#1849,#1850,#2006,.T.);
#1498=EDGE_CURVE('',#1850,#1824,#305,.T.);
#1499=EDGE_CURVE('',#1828,#1849,#306,.F.);
#1500=EDGE_CURVE('',#1832,#1851,#307,.T.);
#1501=EDGE_CURVE('',#1851,#1852,#2007,.T.);
#1502=EDGE_CURVE('',#1852,#1835,#308,.F.);
#1503=EDGE_CURVE('',#1837,#1821,#2008,.F.);
#1504=EDGE_CURVE('',#1830,#1837,#2009,.F.);
#1505=EDGE_CURVE('',#1844,#1848,#2010,.T.);
#1506=EDGE_CURVE('',#1821,#1845,#2011,.F.);
#1507=EDGE_CURVE('',#1842,#1840,#2012,.T.);
#1508=EDGE_CURVE('',#1839,#1851,#2013,.T.);
#1509=EDGE_CURVE('',#1845,#1830,#2014,.F.);
#1510=EDGE_CURVE('',#1850,#1841,#2015,.T.);
#1511=EDGE_CURVE('',#1847,#1849,#2016,.T.);
#1512=EDGE_CURVE('',#1853,#1853,#2017,.F.);
#1513=EDGE_CURVE('',#1854,#1854,#2018,.F.);
#1514=EDGE_CURVE('',#1855,#1856,#309,.T.);
#1515=EDGE_CURVE('',#1857,#1856,#163,.F.);
#1516=EDGE_CURVE('',#1858,#1857,#310,.F.);
#1517=EDGE_CURVE('',#1858,#1859,#164,.T.);
#1518=EDGE_CURVE('',#1859,#1860,#311,.T.);
#1519=EDGE_CURVE('',#1860,#1861,#312,.F.);
#1520=EDGE_CURVE('',#1861,#1862,#125,.F.);
#1521=EDGE_CURVE('',#1862,#1863,#313,.F.);
#1522=EDGE_CURVE('',#1863,#1864,#126,.F.);
#1523=EDGE_CURVE('',#1864,#1855,#314,.F.);
#1524=EDGE_CURVE('',#1788,#1865,#2019,.F.);
#1525=EDGE_CURVE('',#1865,#1866,#2020,.F.);
#1526=EDGE_CURVE('',#1784,#1866,#2021,.F.);
#1527=EDGE_CURVE('',#1867,#1868,#2022,.F.);
#1528=EDGE_CURVE('',#1868,#1787,#2023,.F.);
#1529=EDGE_CURVE('',#1867,#1776,#2024,.F.);
#1530=EDGE_CURVE('',#1866,#1869,#315,.F.);
#1531=EDGE_CURVE('',#1785,#1869,#165,.F.);
#1532=EDGE_CURVE('',#1870,#1866,#316,.T.);
#1533=EDGE_CURVE('',#1870,#1871,#317,.T.);
#1534=EDGE_CURVE('',#1871,#1869,#318,.T.);
#1535=EDGE_CURVE('',#1872,#1867,#319,.T.);
#1536=EDGE_CURVE('',#1872,#1786,#166,.F.);
#1537=EDGE_CURVE('',#1872,#1873,#320,.T.);
#1538=EDGE_CURVE('',#1873,#1874,#321,.F.);
#1539=EDGE_CURVE('',#1874,#1867,#322,.T.);
#1540=EDGE_CURVE('',#1874,#1868,#127,.T.);
#1541=EDGE_CURVE('',#1865,#1870,#128,.F.);
#1542=EDGE_CURVE('',#1875,#1876,#323,.F.);
#1543=EDGE_CURVE('',#1875,#1877,#324,.T.);
#1544=EDGE_CURVE('',#1877,#1878,#325,.F.);
#1545=EDGE_CURVE('',#1876,#1878,#326,.T.);
#1546=EDGE_CURVE('',#1879,#1880,#129,.F.);
#1547=EDGE_CURVE('',#1880,#1881,#327,.T.);
#1548=EDGE_CURVE('',#1882,#1881,#328,.T.);
#1549=EDGE_CURVE('',#1883,#1882,#329,.F.);
#1550=EDGE_CURVE('',#1883,#1879,#330,.F.);
#1551=EDGE_CURVE('',#1881,#1875,#130,.F.);
#1552=EDGE_CURVE('',#1882,#1876,#131,.F.);
#1553=EDGE_CURVE('',#1884,#1885,#331,.F.);
#1554=EDGE_CURVE('',#1885,#1886,#332,.T.);
#1555=EDGE_CURVE('',#1887,#1886,#333,.F.);
#1556=EDGE_CURVE('',#1888,#1887,#132,.F.);
#1557=EDGE_CURVE('',#1889,#1888,#334,.T.);
#1558=EDGE_CURVE('',#1889,#1884,#133,.T.);
#1559=EDGE_CURVE('',#1876,#1888,#2025,.F.);
#1560=EDGE_CURVE('',#1878,#1889,#2026,.F.);
#1561=EDGE_CURVE('',#1882,#1887,#2027,.F.);
#1562=EDGE_CURVE('',#1886,#1883,#134,.T.);
#1563=EDGE_CURVE('',#1890,#1891,#335,.F.);
#1564=EDGE_CURVE('',#1890,#1885,#135,.T.);
#1565=EDGE_CURVE('',#1891,#1884,#2028,.T.);
#1566=EDGE_CURVE('',#1891,#1878,#136,.T.);
#1567=EDGE_CURVE('',#1877,#1892,#137,.F.);
#1568=EDGE_CURVE('',#1891,#1892,#336,.T.);
#1569=EDGE_CURVE('',#1892,#1893,#337,.T.);
#1570=EDGE_CURVE('',#1893,#1894,#138,.F.);
#1571=EDGE_CURVE('',#1894,#1890,#338,.T.);
#1572=EDGE_CURVE('',#1895,#1896,#339,.F.);
#1573=EDGE_CURVE('',#1896,#1897,#340,.T.);
#1574=EDGE_CURVE('',#1897,#1898,#341,.F.);
#1575=EDGE_CURVE('',#1895,#1898,#342,.T.);
#1576=EDGE_CURVE('',#1899,#1900,#343,.T.);
#1577=EDGE_CURVE('',#1900,#1901,#344,.F.);
#1578=EDGE_CURVE('',#1901,#1902,#345,.T.);
#1579=EDGE_CURVE('',#1902,#1899,#346,.T.);
#1580=EDGE_CURVE('',#1894,#1903,#167,.T.);
#1581=EDGE_CURVE('',#1903,#1763,#139,.T.);
#1582=EDGE_CURVE('',#1890,#1762,#2029,.T.);
#1583=EDGE_CURVE('',#1885,#1761,#2030,.T.);
#1584=EDGE_CURVE('',#1886,#1760,#2031,.T.);
#1585=EDGE_CURVE('',#1883,#1759,#2032,.T.);
#1586=EDGE_CURVE('',#1758,#1904,#140,.T.);
#1587=EDGE_CURVE('',#1904,#1879,#168,.T.);
#1588=EDGE_CURVE('',#1905,#1906,#347,.F.);
#1589=EDGE_CURVE('',#1906,#1907,#141,.T.);
#1590=EDGE_CURVE('',#1907,#1908,#348,.F.);
#1591=EDGE_CURVE('',#1908,#1909,#349,.F.);
#1592=EDGE_CURVE('',#1909,#1905,#350,.T.);
#1593=EDGE_CURVE('',#1910,#1911,#351,.T.);
#1594=EDGE_CURVE('',#1911,#1912,#352,.F.);
#1595=EDGE_CURVE('',#1912,#1913,#142,.T.);
#1596=EDGE_CURVE('',#1913,#1914,#353,.F.);
#1597=EDGE_CURVE('',#1914,#1910,#354,.T.);
#1598=EDGE_CURVE('',#1915,#1916,#355,.F.);
#1599=EDGE_CURVE('',#1916,#1917,#356,.F.);
#1600=EDGE_CURVE('',#1917,#1918,#143,.T.);
#1601=EDGE_CURVE('',#1918,#1919,#357,.T.);
#1602=EDGE_CURVE('',#1919,#1915,#358,.T.);
#1603=EDGE_CURVE('',#1920,#1921,#144,.F.);
#1604=EDGE_CURVE('',#1921,#1922,#359,.T.);
#1605=EDGE_CURVE('',#1922,#1923,#360,.T.);
#1606=EDGE_CURVE('',#1924,#1923,#361,.T.);
#1607=EDGE_CURVE('',#1924,#1920,#362,.F.);
#1608=EDGE_CURVE('',#1919,#1873,#2033,.F.);
#1609=EDGE_CURVE('',#1874,#1918,#2034,.T.);
#1610=EDGE_CURVE('',#1917,#1925,#169,.T.);
#1611=EDGE_CURVE('',#1868,#1925,#2035,.T.);
#1612=EDGE_CURVE('',#1925,#1926,#170,.T.);
#1613=EDGE_CURVE('',#1926,#1787,#171,.T.);
#1614=EDGE_CURVE('',#1901,#1916,#2036,.T.);
#1615=EDGE_CURVE('',#1902,#1915,#2037,.T.);
#1616=EDGE_CURVE('',#1871,#1924,#2038,.F.);
#1617=EDGE_CURVE('',#1920,#1870,#2039,.T.);
#1618=EDGE_CURVE('',#1927,#1865,#2040,.T.);
#1619=EDGE_CURVE('',#1927,#1921,#172,.T.);
#1620=EDGE_CURVE('',#1788,#1928,#173,.F.);
#1621=EDGE_CURVE('',#1928,#1927,#174,.T.);
#1622=EDGE_CURVE('',#1922,#1896,#2041,.T.);
#1623=EDGE_CURVE('',#1923,#1895,#2042,.T.);
#1624=EDGE_CURVE('',#1897,#1911,#145,.F.);
#1625=EDGE_CURVE('',#1898,#1910,#175,.F.);
#1626=EDGE_CURVE('',#1908,#1900,#146,.F.);
#1627=EDGE_CURVE('',#1909,#1899,#176,.F.);
#1628=EDGE_CURVE('',#1855,#1929,#147,.F.);
#1629=EDGE_CURVE('',#1929,#1906,#177,.T.);
#1630=EDGE_CURVE('',#1856,#1905,#178,.F.);
#1631=EDGE_CURVE('',#1913,#1930,#179,.T.);
#1632=EDGE_CURVE('',#1930,#1860,#148,.F.);
#1633=EDGE_CURVE('',#1914,#1859,#180,.F.);
#1634=EDGE_CURVE('',#1928,#1770,#2043,.T.);
#1635=EDGE_CURVE('',#1927,#1769,#2044,.T.);
#1636=EDGE_CURVE('',#1921,#1768,#2045,.T.);
#1637=EDGE_CURVE('',#1922,#1767,#2046,.T.);
#1638=EDGE_CURVE('',#1896,#1766,#2047,.T.);
#1639=EDGE_CURVE('',#1897,#1765,#2048,.T.);
#1640=EDGE_CURVE('',#1911,#1764,#2049,.T.);
#1641=EDGE_CURVE('',#1912,#1763,#2050,.T.);
#1642=EDGE_CURVE('',#1913,#1903,#2051,.T.);
#1643=EDGE_CURVE('',#1930,#1894,#2052,.T.);
#1644=EDGE_CURVE('',#1860,#1893,#2053,.T.);
#1645=EDGE_CURVE('',#1861,#1892,#2054,.T.);
#1646=EDGE_CURVE('',#1862,#1877,#2055,.T.);
#1647=EDGE_CURVE('',#1863,#1875,#2056,.T.);
#1648=EDGE_CURVE('',#1864,#1881,#2057,.T.);
#1649=EDGE_CURVE('',#1855,#1880,#2058,.T.);
#1650=EDGE_CURVE('',#1929,#1879,#2059,.T.);
#1651=EDGE_CURVE('',#1906,#1904,#2060,.T.);
#1652=EDGE_CURVE('',#1907,#1758,#2061,.T.);
#1653=EDGE_CURVE('',#1908,#1757,#2062,.T.);
#1654=EDGE_CURVE('',#1900,#1756,#2063,.T.);
#1655=EDGE_CURVE('',#1901,#1755,#2064,.T.);
#1656=EDGE_CURVE('',#1916,#1754,#2065,.T.);
#1657=EDGE_CURVE('',#1917,#1753,#2066,.T.);
#1658=EDGE_CURVE('',#1925,#1752,#2067,.T.);
#1659=EDGE_CURVE('',#1926,#1751,#2068,.T.);
#1660=EDGE_CURVE('',#1931,#1931,#2069,.F.);
#1661=EDGE_CURVE('',#1932,#1932,#2070,.T.);
#1662=EDGE_CURVE('',#1820,#1811,#2071,.T.);
#1663=EDGE_CURVE('',#1933,#1933,#2072,.T.);
#1664=EDGE_CURVE('',#1852,#1843,#2073,.T.);
#1665=EDGE_CURVE('',#1934,#1934,#2074,.T.);
#1666=EDGE_CURVE('',#1935,#1858,#181,.T.);
#1667=EDGE_CURVE('',#1935,#1914,#182,.F.);
#1668=EDGE_CURVE('',#1936,#1905,#183,.T.);
#1669=EDGE_CURVE('',#1857,#1936,#184,.T.);
#1670=EDGE_CURVE('',#1937,#1909,#185,.F.);
#1671=EDGE_CURVE('',#1937,#1936,#363,.T.);
#1672=EDGE_CURVE('',#1938,#1899,#364,.T.);
#1673=EDGE_CURVE('',#1937,#1938,#186,.T.);
#1674=EDGE_CURVE('',#1939,#1902,#365,.T.);
#1675=EDGE_CURVE('',#1939,#1938,#366,.T.);
#1676=EDGE_CURVE('',#1940,#1915,#367,.T.);
#1677=EDGE_CURVE('',#1939,#1940,#2075,.T.);
#1678=EDGE_CURVE('',#1941,#1919,#368,.T.);
#1679=EDGE_CURVE('',#1941,#1940,#369,.T.);
#1680=EDGE_CURVE('',#1942,#1873,#370,.T.);
#1681=EDGE_CURVE('',#1941,#1942,#2076,.F.);
#1682=EDGE_CURVE('',#1943,#1872,#371,.T.);
#1683=EDGE_CURVE('',#1943,#1942,#372,.T.);
#1684=EDGE_CURVE('',#1944,#1786,#187,.T.);
#1685=EDGE_CURVE('',#1943,#1944,#188,.T.);
#1686=EDGE_CURVE('',#1945,#1785,#189,.F.);
#1687=EDGE_CURVE('',#1944,#1945,#373,.F.);
#1688=EDGE_CURVE('',#1946,#1869,#374,.T.);
#1689=EDGE_CURVE('',#1945,#1946,#190,.T.);
#1690=EDGE_CURVE('',#1947,#1871,#375,.T.);
#1691=EDGE_CURVE('',#1947,#1946,#376,.T.);
#1692=EDGE_CURVE('',#1948,#1924,#377,.T.);
#1693=EDGE_CURVE('',#1947,#1948,#2077,.F.);
#1694=EDGE_CURVE('',#1949,#1923,#378,.T.);
#1695=EDGE_CURVE('',#1948,#1949,#379,.F.);
#1696=EDGE_CURVE('',#1950,#1895,#380,.T.);
#1697=EDGE_CURVE('',#1949,#1950,#2078,.T.);
#1698=EDGE_CURVE('',#1951,#1898,#381,.T.);
#1699=EDGE_CURVE('',#1950,#1951,#382,.F.);
#1700=EDGE_CURVE('',#1952,#1910,#191,.T.);
#1701=EDGE_CURVE('',#1951,#1952,#192,.T.);
#1702=EDGE_CURVE('',#1953,#1953,#2079,.T.);
#1703=EDGE_CURVE('',#1954,#1954,#2080,.T.);
#1704=EDGE_CURVE('',#1955,#1955,#2081,.T.);
#1705=EDGE_CURVE('',#1935,#1952,#383,.T.);
#1706=EDGE_CURVE('',#1956,#1956,#2082,.T.);
#1707=EDGE_CURVE('',#1957,#1957,#2083,.T.);
#1708=EDGE_CURVE('',#1958,#1958,#2084,.T.);
#1709=EDGE_CURVE('',#1959,#1959,#2085,.T.);
#1710=EDGE_CURVE('',#1960,#1961,#2086,.T.);
#1711=EDGE_CURVE('',#1960,#1962,#149,.F.);
#1712=EDGE_CURVE('',#1962,#1963,#193,.T.);
#1713=EDGE_CURVE('',#1963,#1964,#2087,.F.);
#1714=EDGE_CURVE('',#1964,#1965,#194,.T.);
#1715=EDGE_CURVE('',#1965,#1961,#150,.F.);
#1716=EDGE_CURVE('',#1966,#1966,#2088,.T.);
#1717=EDGE_CURVE('',#1781,#1960,#195,.T.);
#1718=EDGE_CURVE('',#1961,#1782,#196,.T.);
#1719=EDGE_CURVE('',#1967,#1967,#2089,.F.);
#1720=EDGE_CURVE('',#1968,#1969,#2090,.T.);
#1721=EDGE_CURVE('',#1968,#1970,#151,.F.);
#1722=EDGE_CURVE('',#1970,#1971,#197,.T.);
#1723=EDGE_CURVE('',#1971,#1972,#2091,.F.);
#1724=EDGE_CURVE('',#1972,#1973,#198,.T.);
#1725=EDGE_CURVE('',#1973,#1969,#152,.F.);
#1726=EDGE_CURVE('',#1974,#1974,#2092,.T.);
#1727=EDGE_CURVE('',#1777,#1968,#199,.T.);
#1728=EDGE_CURVE('',#1969,#1778,#200,.T.);
#1729=EDGE_CURVE('',#1975,#1975,#2093,.F.);
#1730=EDGE_CURVE('',#1976,#1976,#2094,.F.);
#1731=EDGE_CURVE('',#1977,#1977,#2095,.T.);
#1732=EDGE_CURVE('',#1978,#1978,#2096,.T.);
#1733=EDGE_CURVE('',#1979,#1979,#2097,.F.);
#1734=EDGE_CURVE('',#1980,#1980,#2098,.F.);
#1735=EDGE_CURVE('',#1981,#1981,#2099,.T.);
#1736=EDGE_CURVE('',#1982,#1982,#2100,.F.);
#1737=EDGE_CURVE('',#1983,#1983,#2101,.T.);
#1738=EDGE_CURVE('',#1779,#1973,#2102,.T.);
#1739=EDGE_CURVE('',#1748,#1972,#2103,.T.);
#1740=EDGE_CURVE('',#1750,#1971,#2104,.T.);
#1741=EDGE_CURVE('',#1775,#1970,#2105,.T.);
#1742=EDGE_CURVE('',#1783,#1965,#2106,.T.);
#1743=EDGE_CURVE('',#1771,#1964,#2107,.T.);
#1744=EDGE_CURVE('',#1749,#1963,#2108,.T.);
#1745=EDGE_CURVE('',#1780,#1962,#2109,.T.);
#1746=VERTEX_POINT('',#3936);
#1747=VERTEX_POINT('',#3938);
#1748=VERTEX_POINT('',#3940);
#1749=VERTEX_POINT('',#3941);
#1750=VERTEX_POINT('',#3943);
#1751=VERTEX_POINT('',#3945);
#1752=VERTEX_POINT('',#3950);
#1753=VERTEX_POINT('',#3957);
#1754=VERTEX_POINT('',#3959);
#1755=VERTEX_POINT('',#3961);
#1756=VERTEX_POINT('',#3963);
#1757=VERTEX_POINT('',#3965);
#1758=VERTEX_POINT('',#3967);
#1759=VERTEX_POINT('',#3969);
#1760=VERTEX_POINT('',#3971);
#1761=VERTEX_POINT('',#3973);
#1762=VERTEX_POINT('',#3975);
#1763=VERTEX_POINT('',#3977);
#1764=VERTEX_POINT('',#3979);
#1765=VERTEX_POINT('',#3981);
#1766=VERTEX_POINT('',#3983);
#1767=VERTEX_POINT('',#3985);
#1768=VERTEX_POINT('',#3987);
#1769=VERTEX_POINT('',#3994);
#1770=VERTEX_POINT('',#3999);
#1771=VERTEX_POINT('',#4001);
#1772=VERTEX_POINT('',#4004);
#1773=VERTEX_POINT('',#4006);
#1774=VERTEX_POINT('',#4008);
#1775=VERTEX_POINT('',#4011);
#1776=VERTEX_POINT('',#4012);
#1777=VERTEX_POINT('',#4014);
#1778=VERTEX_POINT('',#4016);
#1779=VERTEX_POINT('',#4018);
#1780=VERTEX_POINT('',#4020);
#1781=VERTEX_POINT('',#4022);
#1782=VERTEX_POINT('',#4024);
#1783=VERTEX_POINT('',#4026);
#1784=VERTEX_POINT('',#4028);
#1785=VERTEX_POINT('',#4030);
#1786=VERTEX_POINT('',#4032);
#1787=VERTEX_POINT('',#4049);
#1788=VERTEX_POINT('',#4063);
#1789=VERTEX_POINT('',#4067);
#1790=VERTEX_POINT('',#4068);
#1791=VERTEX_POINT('',#4070);
#1792=VERTEX_POINT('',#4072);
#1793=VERTEX_POINT('',#4074);
#1794=VERTEX_POINT('',#4078);
#1795=VERTEX_POINT('',#4080);
#1796=VERTEX_POINT('',#4082);
#1797=VERTEX_POINT('',#4086);
#1798=VERTEX_POINT('',#4087);
#1799=VERTEX_POINT('',#4089);
#1800=VERTEX_POINT('',#4091);
#1801=VERTEX_POINT('',#4093);
#1802=VERTEX_POINT('',#4097);
#1803=VERTEX_POINT('',#4099);
#1804=VERTEX_POINT('',#4101);
#1805=VERTEX_POINT('',#4105);
#1806=VERTEX_POINT('',#4107);
#1807=VERTEX_POINT('',#4111);
#1808=VERTEX_POINT('',#4113);
#1809=VERTEX_POINT('',#4117);
#1810=VERTEX_POINT('',#4119);
#1811=VERTEX_POINT('',#4126);
#1812=VERTEX_POINT('',#4128);
#1813=VERTEX_POINT('',#4132);
#1814=VERTEX_POINT('',#4134);
#1815=VERTEX_POINT('',#4141);
#1816=VERTEX_POINT('',#4143);
#1817=VERTEX_POINT('',#4147);
#1818=VERTEX_POINT('',#4148);
#1819=VERTEX_POINT('',#4153);
#1820=VERTEX_POINT('',#4155);
#1821=VERTEX_POINT('',#4177);
#1822=VERTEX_POINT('',#4178);
#1823=VERTEX_POINT('',#4180);
#1824=VERTEX_POINT('',#4182);
#1825=VERTEX_POINT('',#4184);
#1826=VERTEX_POINT('',#4188);
#1827=VERTEX_POINT('',#4190);
#1828=VERTEX_POINT('',#4192);
#1829=VERTEX_POINT('',#4196);
#1830=VERTEX_POINT('',#4197);
#1831=VERTEX_POINT('',#4199);
#1832=VERTEX_POINT('',#4201);
#1833=VERTEX_POINT('',#4203);
#1834=VERTEX_POINT('',#4207);
#1835=VERTEX_POINT('',#4209);
#1836=VERTEX_POINT('',#4211);
#1837=VERTEX_POINT('',#4215);
#1838=VERTEX_POINT('',#4217);
#1839=VERTEX_POINT('',#4221);
#1840=VERTEX_POINT('',#4223);
#1841=VERTEX_POINT('',#4227);
#1842=VERTEX_POINT('',#4229);
#1843=VERTEX_POINT('',#4236);
#1844=VERTEX_POINT('',#4238);
#1845=VERTEX_POINT('',#4242);
#1846=VERTEX_POINT('',#4244);
#1847=VERTEX_POINT('',#4251);
#1848=VERTEX_POINT('',#4253);
#1849=VERTEX_POINT('',#4257);
#1850=VERTEX_POINT('',#4258);
#1851=VERTEX_POINT('',#4263);
#1852=VERTEX_POINT('',#4265);
#1853=VERTEX_POINT('',#4287);
#1854=VERTEX_POINT('',#4290);
#1855=VERTEX_POINT('',#4293);
#1856=VERTEX_POINT('',#4294);
#1857=VERTEX_POINT('',#4299);
#1858=VERTEX_POINT('',#4301);
#1859=VERTEX_POINT('',#4306);
#1860=VERTEX_POINT('',#4308);
#1861=VERTEX_POINT('',#4310);
#1862=VERTEX_POINT('',#4312);
#1863=VERTEX_POINT('',#4314);
#1864=VERTEX_POINT('',#4316);
#1865=VERTEX_POINT('',#4320);
#1866=VERTEX_POINT('',#4322);
#1867=VERTEX_POINT('',#4326);
#1868=VERTEX_POINT('',#4327);
#1869=VERTEX_POINT('',#4332);
#1870=VERTEX_POINT('',#4344);
#1871=VERTEX_POINT('',#4346);
#1872=VERTEX_POINT('',#4350);
#1873=VERTEX_POINT('',#4362);
#1874=VERTEX_POINT('',#4364);
#1875=VERTEX_POINT('',#4372);
#1876=VERTEX_POINT('',#4373);
#1877=VERTEX_POINT('',#4375);
#1878=VERTEX_POINT('',#4377);
#1879=VERTEX_POINT('',#4381);
#1880=VERTEX_POINT('',#4382);
#1881=VERTEX_POINT('',#4384);
#1882=VERTEX_POINT('',#4386);
#1883=VERTEX_POINT('',#4388);
#1884=VERTEX_POINT('',#4395);
#1885=VERTEX_POINT('',#4396);
#1886=VERTEX_POINT('',#4398);
#1887=VERTEX_POINT('',#4400);
#1888=VERTEX_POINT('',#4402);
#1889=VERTEX_POINT('',#4404);
#1890=VERTEX_POINT('',#4426);
#1891=VERTEX_POINT('',#4427);
#1892=VERTEX_POINT('',#4445);
#1893=VERTEX_POINT('',#4449);
#1894=VERTEX_POINT('',#4451);
#1895=VERTEX_POINT('',#4455);
#1896=VERTEX_POINT('',#4456);
#1897=VERTEX_POINT('',#4458);
#1898=VERTEX_POINT('',#4460);
#1899=VERTEX_POINT('',#4464);
#1900=VERTEX_POINT('',#4465);
#1901=VERTEX_POINT('',#4467);
#1902=VERTEX_POINT('',#4469);
#1903=VERTEX_POINT('',#4476);
#1904=VERTEX_POINT('',#4515);
#1905=VERTEX_POINT('',#4522);
#1906=VERTEX_POINT('',#4523);
#1907=VERTEX_POINT('',#4525);
#1908=VERTEX_POINT('',#4527);
#1909=VERTEX_POINT('',#4529);
#1910=VERTEX_POINT('',#4533);
#1911=VERTEX_POINT('',#4534);
#1912=VERTEX_POINT('',#4536);
#1913=VERTEX_POINT('',#4538);
#1914=VERTEX_POINT('',#4540);
#1915=VERTEX_POINT('',#4544);
#1916=VERTEX_POINT('',#4545);
#1917=VERTEX_POINT('',#4547);
#1918=VERTEX_POINT('',#4549);
#1919=VERTEX_POINT('',#4551);
#1920=VERTEX_POINT('',#4555);
#1921=VERTEX_POINT('',#4556);
#1922=VERTEX_POINT('',#4558);
#1923=VERTEX_POINT('',#4560);
#1924=VERTEX_POINT('',#4562);
#1925=VERTEX_POINT('',#4598);
#1926=VERTEX_POINT('',#4605);
#1927=VERTEX_POINT('',#4641);
#1928=VERTEX_POINT('',#4654);
#1929=VERTEX_POINT('',#4690);
#1930=VERTEX_POINT('',#4704);
#1931=VERTEX_POINT('',#4959);
#1932=VERTEX_POINT('',#4961);
#1933=VERTEX_POINT('',#4969);
#1934=VERTEX_POINT('',#4974);
#1935=VERTEX_POINT('',#5004);
#1936=VERTEX_POINT('',#5037);
#1937=VERTEX_POINT('',#5047);
#1938=VERTEX_POINT('',#5066);
#1939=VERTEX_POINT('',#5073);
#1940=VERTEX_POINT('',#5077);
#1941=VERTEX_POINT('',#5081);
#1942=VERTEX_POINT('',#5085);
#1943=VERTEX_POINT('',#5089);
#1944=VERTEX_POINT('',#5131);
#1945=VERTEX_POINT('',#5141);
#1946=VERTEX_POINT('',#5168);
#1947=VERTEX_POINT('',#5175);
#1948=VERTEX_POINT('',#5179);
#1949=VERTEX_POINT('',#5183);
#1950=VERTEX_POINT('',#5187);
#1951=VERTEX_POINT('',#5191);
#1952=VERTEX_POINT('',#5221);
#1953=VERTEX_POINT('',#5228);
#1954=VERTEX_POINT('',#5231);
#1955=VERTEX_POINT('',#5234);
#1956=VERTEX_POINT('',#5239);
#1957=VERTEX_POINT('',#5241);
#1958=VERTEX_POINT('',#5243);
#1959=VERTEX_POINT('',#5245);
#1960=VERTEX_POINT('',#5248);
#1961=VERTEX_POINT('',#5249);
#1962=VERTEX_POINT('',#5251);
#1963=VERTEX_POINT('',#5256);
#1964=VERTEX_POINT('',#5258);
#1965=VERTEX_POINT('',#5263);
#1966=VERTEX_POINT('',#5267);
#1967=VERTEX_POINT('',#5280);
#1968=VERTEX_POINT('',#5284);
#1969=VERTEX_POINT('',#5285);
#1970=VERTEX_POINT('',#5287);
#1971=VERTEX_POINT('',#5292);
#1972=VERTEX_POINT('',#5294);
#1973=VERTEX_POINT('',#5299);
#1974=VERTEX_POINT('',#5303);
#1975=VERTEX_POINT('',#5316);
#1976=VERTEX_POINT('',#5320);
#1977=VERTEX_POINT('',#5322);
#1978=VERTEX_POINT('',#5326);
#1979=VERTEX_POINT('',#5329);
#1980=VERTEX_POINT('',#5332);
#1981=VERTEX_POINT('',#5334);
#1982=VERTEX_POINT('',#5337);
#1983=VERTEX_POINT('',#5339);
#1984=CIRCLE('',#2825,3.35);
#1985=CIRCLE('',#2826,3.35);
#1986=CIRCLE('',#2827,3.15);
#1987=CIRCLE('',#2828,2.6);
#1988=CIRCLE('',#2833,2.6);
#1989=CIRCLE('',#2834,3.15);
#1990=CIRCLE('',#2835,2.1);
#1991=CIRCLE('',#2836,2.1);
#1992=CIRCLE('',#2837,2.6);
#1993=CIRCLE('',#2845,1.);
#1994=CIRCLE('',#2847,1.);
#1995=CIRCLE('',#2861,2.9);
#1996=CIRCLE('',#2863,2.9);
#1997=CIRCLE('',#2865,1.7);
#1998=CIRCLE('',#2867,1.7);
#1999=CIRCLE('',#2869,2.9);
#2000=CIRCLE('',#2871,1.7);
#2001=CIRCLE('',#2873,2.9);
#2002=CIRCLE('',#2875,2.9);
#2003=CIRCLE('',#2877,1.7);
#2004=CIRCLE('',#2879,2.9);
#2005=CIRCLE('',#2881,2.9);
#2006=CIRCLE('',#2895,2.9);
#2007=CIRCLE('',#2897,2.9);
#2008=CIRCLE('',#2899,1.7);
#2009=CIRCLE('',#2901,1.7);
#2010=CIRCLE('',#2903,2.9);
#2011=CIRCLE('',#2905,1.7);
#2012=CIRCLE('',#2907,2.9);
#2013=CIRCLE('',#2909,2.9);
#2014=CIRCLE('',#2911,1.7);
#2015=CIRCLE('',#2913,2.9);
#2016=CIRCLE('',#2915,2.9);
#2017=CIRCLE('',#2917,1.7);
#2018=CIRCLE('',#2919,1.7);
#2019=CIRCLE('',#2924,0.983804808831248);
#2020=CIRCLE('',#2925,1.);
#2021=CIRCLE('',#2926,1.);
#2022=CIRCLE('',#2928,1.);
#2023=CIRCLE('',#2929,0.983804808836025);
#2024=CIRCLE('',#2930,1.);
#2025=CIRCLE('',#2949,3.);
#2026=CIRCLE('',#2950,3.);
#2027=CIRCLE('',#2951,3.);
#2028=CIRCLE('',#2956,3.);
#2029=CIRCLE('',#2966,3.);
#2030=CIRCLE('',#2967,3.);
#2031=CIRCLE('',#2969,3.);
#2032=CIRCLE('',#2970,3.);
#2033=CIRCLE('',#2982,3.);
#2034=CIRCLE('',#2983,3.);
#2035=CIRCLE('',#2984,3.);
#2036=CIRCLE('',#2987,3.);
#2037=CIRCLE('',#2988,3.);
#2038=CIRCLE('',#2990,3.);
#2039=CIRCLE('',#2991,3.);
#2040=CIRCLE('',#2992,3.);
#2041=CIRCLE('',#2995,3.);
#2042=CIRCLE('',#2996,3.);
#2043=CIRCLE('',#3005,0.4);
#2044=CIRCLE('',#3006,0.4);
#2045=CIRCLE('',#3007,0.4);
#2046=CIRCLE('',#3009,0.4);
#2047=CIRCLE('',#3011,0.4);
#2048=CIRCLE('',#3013,0.4);
#2049=CIRCLE('',#3014,0.4);
#2050=CIRCLE('',#3016,0.4);
#2051=CIRCLE('',#3017,0.4);
#2052=CIRCLE('',#3018,0.4);
#2053=CIRCLE('',#3019,0.4);
#2054=CIRCLE('',#3021,0.4);
#2055=CIRCLE('',#3022,0.4);
#2056=CIRCLE('',#3024,0.4);
#2057=CIRCLE('',#3025,0.4);
#2058=CIRCLE('',#3027,0.4);
#2059=CIRCLE('',#3028,0.4);
#2060=CIRCLE('',#3029,0.4);
#2061=CIRCLE('',#3030,0.4);
#2062=CIRCLE('',#3032,0.4);
#2063=CIRCLE('',#3033,0.4);
#2064=CIRCLE('',#3035,0.4);
#2065=CIRCLE('',#3037,0.4);
#2066=CIRCLE('',#3039,0.4);
#2067=CIRCLE('',#3040,0.4);
#2068=CIRCLE('',#3041,0.4);
#2069=CIRCLE('',#3043,2.2);
#2070=CIRCLE('',#3044,2.2);
#2071=CIRCLE('',#3049,2.9);
#2072=CIRCLE('',#3051,2.9);
#2073=CIRCLE('',#3053,2.9);
#2074=CIRCLE('',#3055,2.9);
#2075=CIRCLE('',#3059,2.6);
#2076=CIRCLE('',#3062,3.4);
#2077=CIRCLE('',#3067,3.4);
#2078=CIRCLE('',#3070,2.6);
#2079=CIRCLE('',#3073,2.6);
#2080=CIRCLE('',#3075,3.3);
#2081=CIRCLE('',#3077,3.3);
#2082=CIRCLE('',#3080,1.9);
#2083=CIRCLE('',#3081,1.9);
#2084=CIRCLE('',#3082,1.9);
#2085=CIRCLE('',#3083,1.9);
#2086=CIRCLE('',#3085,2.95);
#2087=CIRCLE('',#3087,2.95);
#2088=CIRCLE('',#3090,1.7);
#2089=CIRCLE('',#3092,1.7);
#2090=CIRCLE('',#3095,2.95);
#2091=CIRCLE('',#3097,2.95);
#2092=CIRCLE('',#3100,1.7);
#2093=CIRCLE('',#3102,1.7);
#2094=CIRCLE('',#3105,1.7);
#2095=CIRCLE('',#3106,1.7);
#2096=CIRCLE('',#3109,2.95);
#2097=CIRCLE('',#3111,2.95);
#2098=CIRCLE('',#3113,1.7);
#2099=CIRCLE('',#3114,1.7);
#2100=CIRCLE('',#3116,2.95);
#2101=CIRCLE('',#3117,2.95);
#2102=CIRCLE('',#3120,0.2);
#2103=CIRCLE('',#3121,0.2);
#2104=CIRCLE('',#3123,0.2);
#2105=CIRCLE('',#3124,0.2);
#2106=CIRCLE('',#3125,0.2);
#2107=CIRCLE('',#3126,0.2);
#2108=CIRCLE('',#3128,0.2);
#2109=CIRCLE('',#3129,0.2);
#2110=EDGE_LOOP('',(#567));
#2111=EDGE_LOOP('',(#568));
#2112=EDGE_LOOP('',(#569,#570,#571,#572,#573,#574,#575,#576,#577,#578,#579,
#580,#581,#582,#583,#584,#585,#586,#587,#588,#589,#590,#591,#592));
#2113=EDGE_LOOP('',(#593));
#2114=EDGE_LOOP('',(#594));
#2115=EDGE_LOOP('',(#595));
#2116=EDGE_LOOP('',(#596,#597,#598,#599,#600,#601,#602,#603,#604,#605,#606,
#607));
#2117=EDGE_LOOP('',(#608,#609,#610,#611));
#2118=EDGE_LOOP('',(#612,#613,#614,#615,#616));
#2119=EDGE_LOOP('',(#617,#618,#619,#620,#621));
#2120=EDGE_LOOP('',(#622,#623,#624,#625,#626));
#2121=EDGE_LOOP('',(#627,#628,#629,#630,#631));
#2122=EDGE_LOOP('',(#632,#633,#634,#635,#636));
#2123=EDGE_LOOP('',(#637,#638,#639,#640,#641));
#2124=EDGE_LOOP('',(#642,#643,#644,#645));
#2125=EDGE_LOOP('',(#646,#647,#648,#649));
#2126=EDGE_LOOP('',(#650,#651,#652,#653));
#2127=EDGE_LOOP('',(#654,#655,#656,#657));
#2128=EDGE_LOOP('',(#658,#659,#660,#661));
#2129=EDGE_LOOP('',(#662,#663,#664,#665));
#2130=EDGE_LOOP('',(#666,#667,#668,#669));
#2131=EDGE_LOOP('',(#670,#671,#672,#673));
#2132=EDGE_LOOP('',(#674,#675,#676,#677,#678));
#2133=EDGE_LOOP('',(#679,#680,#681,#682,#683));
#2134=EDGE_LOOP('',(#684,#685,#686));
#2135=EDGE_LOOP('',(#687,#688,#689));
#2136=EDGE_LOOP('',(#690,#691,#692,#693,#694));
#2137=EDGE_LOOP('',(#695,#696,#697));
#2138=EDGE_LOOP('',(#698,#699,#700,#701,#702));
#2139=EDGE_LOOP('',(#703,#704,#705));
#2140=EDGE_LOOP('',(#706,#707,#708));
#2141=EDGE_LOOP('',(#709,#710,#711));
#2142=EDGE_LOOP('',(#712,#713,#714));
#2143=EDGE_LOOP('',(#715,#716,#717,#718,#719));
#2144=EDGE_LOOP('',(#720,#721,#722,#723,#724));
#2145=EDGE_LOOP('',(#725,#726,#727,#728,#729));
#2146=EDGE_LOOP('',(#730,#731,#732,#733,#734));
#2147=EDGE_LOOP('',(#735,#736,#737,#738));
#2148=EDGE_LOOP('',(#739,#740,#741,#742));
#2149=EDGE_LOOP('',(#743,#744,#745,#746));
#2150=EDGE_LOOP('',(#747,#748,#749,#750));
#2151=EDGE_LOOP('',(#751,#752,#753,#754));
#2152=EDGE_LOOP('',(#755,#756,#757,#758));
#2153=EDGE_LOOP('',(#759,#760,#761,#762));
#2154=EDGE_LOOP('',(#763,#764,#765,#766));
#2155=EDGE_LOOP('',(#767,#768,#769,#770,#771));
#2156=EDGE_LOOP('',(#772,#773,#774,#775,#776));
#2157=EDGE_LOOP('',(#777,#778,#779));
#2158=EDGE_LOOP('',(#780,#781,#782));
#2159=EDGE_LOOP('',(#783,#784,#785,#786,#787));
#2160=EDGE_LOOP('',(#788,#789,#790));
#2161=EDGE_LOOP('',(#791,#792,#793,#794,#795));
#2162=EDGE_LOOP('',(#796,#797,#798));
#2163=EDGE_LOOP('',(#799,#800,#801));
#2164=EDGE_LOOP('',(#802,#803,#804));
#2165=EDGE_LOOP('',(#805,#806,#807));
#2166=EDGE_LOOP('',(#808));
#2167=EDGE_LOOP('',(#809,#810,#811,#812));
#2168=EDGE_LOOP('',(#813));
#2169=EDGE_LOOP('',(#814,#815,#816,#817));
#2170=EDGE_LOOP('',(#818,#819,#820,#821,#822,#823,#824,#825,#826,#827));
#2171=EDGE_LOOP('',(#828,#829,#830,#831));
#2172=EDGE_LOOP('',(#832,#833,#834,#835));
#2173=EDGE_LOOP('',(#836,#837,#838,#839));
#2174=EDGE_LOOP('',(#840,#841,#842,#843));
#2175=EDGE_LOOP('',(#844,#845,#846,#847));
#2176=EDGE_LOOP('',(#848,#849,#850,#851));
#2177=EDGE_LOOP('',(#852,#853,#854));
#2178=EDGE_LOOP('',(#855,#856,#857));
#2179=EDGE_LOOP('',(#858,#859,#860,#861));
#2180=EDGE_LOOP('',(#862,#863,#864,#865,#866));
#2181=EDGE_LOOP('',(#867,#868,#869,#870));
#2182=EDGE_LOOP('',(#871,#872,#873,#874,#875,#876));
#2183=EDGE_LOOP('',(#877,#878,#879,#880));
#2184=EDGE_LOOP('',(#881,#882,#883,#884));
#2185=EDGE_LOOP('',(#885,#886,#887,#888));
#2186=EDGE_LOOP('',(#889,#890,#891,#892));
#2187=EDGE_LOOP('',(#893,#894,#895,#896));
#2188=EDGE_LOOP('',(#897,#898,#899,#900));
#2189=EDGE_LOOP('',(#901,#902,#903,#904,#905));
#2190=EDGE_LOOP('',(#906,#907,#908,#909));
#2191=EDGE_LOOP('',(#910,#911,#912,#913));
#2192=EDGE_LOOP('',(#914,#915,#916,#917,#918));
#2193=EDGE_LOOP('',(#919,#920,#921,#922));
#2194=EDGE_LOOP('',(#923,#924,#925,#926));
#2195=EDGE_LOOP('',(#927,#928,#929,#930));
#2196=EDGE_LOOP('',(#931,#932,#933,#934,#935));
#2197=EDGE_LOOP('',(#936,#937,#938,#939,#940));
#2198=EDGE_LOOP('',(#941,#942,#943,#944,#945));
#2199=EDGE_LOOP('',(#946,#947,#948,#949,#950));
#2200=EDGE_LOOP('',(#951,#952,#953,#954,#955));
#2201=EDGE_LOOP('',(#956,#957,#958,#959));
#2202=EDGE_LOOP('',(#960,#961,#962,#963,#964));
#2203=EDGE_LOOP('',(#965,#966,#967,#968));
#2204=EDGE_LOOP('',(#969,#970,#971,#972));
#2205=EDGE_LOOP('',(#973,#974,#975,#976));
#2206=EDGE_LOOP('',(#977,#978,#979,#980,#981));
#2207=EDGE_LOOP('',(#982,#983,#984,#985));
#2208=EDGE_LOOP('',(#986,#987,#988,#989));
#2209=EDGE_LOOP('',(#990,#991,#992,#993));
#2210=EDGE_LOOP('',(#994,#995,#996,#997));
#2211=EDGE_LOOP('',(#998,#999,#1000,#1001,#1002));
#2212=EDGE_LOOP('',(#1003,#1004,#1005,#1006,#1007));
#2213=EDGE_LOOP('',(#1008,#1009,#1010));
#2214=EDGE_LOOP('',(#1011,#1012,#1013,#1014));
#2215=EDGE_LOOP('',(#1015,#1016,#1017,#1018));
#2216=EDGE_LOOP('',(#1019,#1020,#1021,#1022));
#2217=EDGE_LOOP('',(#1023,#1024,#1025,#1026));
#2218=EDGE_LOOP('',(#1027,#1028,#1029,#1030));
#2219=EDGE_LOOP('',(#1031,#1032,#1033,#1034));
#2220=EDGE_LOOP('',(#1035,#1036,#1037,#1038));
#2221=EDGE_LOOP('',(#1039,#1040,#1041,#1042));
#2222=EDGE_LOOP('',(#1043,#1044,#1045,#1046));
#2223=EDGE_LOOP('',(#1047,#1048,#1049,#1050));
#2224=EDGE_LOOP('',(#1051,#1052,#1053,#1054));
#2225=EDGE_LOOP('',(#1055,#1056,#1057,#1058));
#2226=EDGE_LOOP('',(#1059,#1060,#1061,#1062));
#2227=EDGE_LOOP('',(#1063,#1064,#1065,#1066));
#2228=EDGE_LOOP('',(#1067,#1068,#1069,#1070));
#2229=EDGE_LOOP('',(#1071,#1072,#1073,#1074));
#2230=EDGE_LOOP('',(#1075,#1076,#1077,#1078));
#2231=EDGE_LOOP('',(#1079,#1080,#1081,#1082));
#2232=EDGE_LOOP('',(#1083,#1084,#1085,#1086));
#2233=EDGE_LOOP('',(#1087,#1088,#1089,#1090));
#2234=EDGE_LOOP('',(#1091,#1092,#1093,#1094));
#2235=EDGE_LOOP('',(#1095,#1096,#1097,#1098));
#2236=EDGE_LOOP('',(#1099,#1100,#1101,#1102));
#2237=EDGE_LOOP('',(#1103,#1104,#1105,#1106));
#2238=EDGE_LOOP('',(#1107,#1108,#1109,#1110));
#2239=EDGE_LOOP('',(#1111,#1112,#1113));
#2240=EDGE_LOOP('',(#1114));
#2241=EDGE_LOOP('',(#1115));
#2242=EDGE_LOOP('',(#1116));
#2243=EDGE_LOOP('',(#1117));
#2244=EDGE_LOOP('',(#1118));
#2245=EDGE_LOOP('',(#1119));
#2246=EDGE_LOOP('',(#1120));
#2247=EDGE_LOOP('',(#1121));
#2248=EDGE_LOOP('',(#1122,#1123,#1124));
#2249=EDGE_LOOP('',(#1125,#1126,#1127,#1128,#1129,#1130,#1131,#1132,#1133,
#1134,#1135,#1136));
#2250=EDGE_LOOP('',(#1137));
#2251=EDGE_LOOP('',(#1138,#1139,#1140));
#2252=EDGE_LOOP('',(#1141,#1142,#1143,#1144,#1145,#1146,#1147,#1148,#1149,
#1150,#1151,#1152));
#2253=EDGE_LOOP('',(#1153));
#2254=EDGE_LOOP('',(#1154,#1155,#1156,#1157));
#2255=EDGE_LOOP('',(#1158,#1159,#1160,#1161));
#2256=EDGE_LOOP('',(#1162,#1163,#1164,#1165));
#2257=EDGE_LOOP('',(#1166,#1167,#1168,#1169));
#2258=EDGE_LOOP('',(#1170,#1171,#1172,#1173));
#2259=EDGE_LOOP('',(#1174,#1175,#1176,#1177));
#2260=EDGE_LOOP('',(#1178,#1179,#1180,#1181));
#2261=EDGE_LOOP('',(#1182,#1183,#1184,#1185));
#2262=EDGE_LOOP('',(#1186,#1187,#1188,#1189));
#2263=EDGE_LOOP('',(#1190,#1191,#1192,#1193));
#2264=EDGE_LOOP('',(#1194,#1195,#1196,#1197));
#2265=EDGE_LOOP('',(#1198,#1199,#1200,#1201));
#2266=EDGE_LOOP('',(#1202,#1203,#1204,#1205));
#2267=EDGE_LOOP('',(#1206,#1207,#1208,#1209));
#2268=EDGE_LOOP('',(#1210,#1211,#1212,#1213));
#2269=EDGE_LOOP('',(#1214,#1215,#1216,#1217));
#2270=EDGE_LOOP('',(#1218,#1219,#1220,#1221));
#2271=EDGE_LOOP('',(#1222,#1223,#1224,#1225));
#2272=EDGE_LOOP('',(#1226));
#2273=EDGE_LOOP('',(#1227));
#2274=EDGE_LOOP('',(#1228));
#2275=EDGE_LOOP('',(#1229));
#2276=EDGE_LOOP('',(#1230));
#2277=EDGE_LOOP('',(#1231));
#2278=EDGE_LOOP('',(#1232,#1233,#1234,#1235));
#2279=EDGE_LOOP('',(#1236));
#2280=EDGE_LOOP('',(#1237));
#2281=EDGE_LOOP('',(#1238));
#2282=EDGE_LOOP('',(#1239));
#2283=EDGE_LOOP('',(#1240));
#2284=EDGE_LOOP('',(#1241));
#2285=EDGE_LOOP('',(#1242));
#2286=EDGE_LOOP('',(#1243,#1244,#1245,#1246,#1247,#1248,#1249,#1250,#1251,
#1252,#1253,#1254,#1255,#1256,#1257,#1258,#1259,#1260,#1261,#1262));
#2287=EDGE_LOOP('',(#1263,#1264,#1265,#1266,#1267,#1268));
#2288=EDGE_LOOP('',(#1269));
#2289=EDGE_LOOP('',(#1270,#1271,#1272,#1273));
#2290=EDGE_LOOP('',(#1274));
#2291=EDGE_LOOP('',(#1275));
#2292=EDGE_LOOP('',(#1276));
#2293=EDGE_LOOP('',(#1277));
#2294=EDGE_LOOP('',(#1278,#1279,#1280,#1281,#1282,#1283));
#2295=EDGE_LOOP('',(#1284));
#2296=EDGE_LOOP('',(#1285,#1286,#1287,#1288));
#2297=EDGE_LOOP('',(#1289));
#2298=EDGE_LOOP('',(#1290));
#2299=EDGE_LOOP('',(#1291));
#2300=EDGE_LOOP('',(#1292));
#2301=EDGE_LOOP('',(#1293));
#2302=EDGE_LOOP('',(#1294));
#2303=EDGE_LOOP('',(#1295));
#2304=EDGE_LOOP('',(#1296));
#2305=EDGE_LOOP('',(#1297));
#2306=EDGE_LOOP('',(#1298));
#2307=EDGE_LOOP('',(#1299));
#2308=EDGE_LOOP('',(#1300));
#2309=EDGE_LOOP('',(#1301));
#2310=EDGE_LOOP('',(#1302));
#2311=EDGE_LOOP('',(#1303));
#2312=EDGE_LOOP('',(#1304));
#2313=EDGE_LOOP('',(#1305));
#2314=EDGE_LOOP('',(#1306));
#2315=EDGE_LOOP('',(#1307));
#2316=EDGE_LOOP('',(#1308));
#2317=EDGE_LOOP('',(#1309,#1310,#1311,#1312));
#2318=EDGE_LOOP('',(#1313,#1314,#1315,#1316));
#2319=EDGE_LOOP('',(#1317,#1318,#1319,#1320));
#2320=EDGE_LOOP('',(#1321,#1322,#1323,#1324));
#2321=EDGE_LOOP('',(#1325,#1326,#1327,#1328));
#2322=EDGE_LOOP('',(#1329,#1330,#1331,#1332));
#2323=EDGE_LOOP('',(#1333,#1334,#1335,#1336));
#2324=EDGE_LOOP('',(#1337,#1338,#1339,#1340));
#2325=EDGE_LOOP('',(#1341,#1342,#1343,#1344));
#2326=EDGE_LOOP('',(#1345,#1346,#1347,#1348));
#2327=EDGE_LOOP('',(#1349));
#2328=EDGE_LOOP('',(#1350));
#2329=EDGE_LOOP('',(#1351));
#2330=EDGE_LOOP('',(#1352));
#2331=FACE_BOUND('',#2110,.T.);
#2332=FACE_BOUND('',#2111,.T.);
#2333=FACE_BOUND('',#2112,.T.);
#2334=FACE_BOUND('',#2113,.T.);
#2335=FACE_BOUND('',#2114,.T.);
#2336=FACE_BOUND('',#2115,.T.);
#2337=FACE_BOUND('',#2116,.T.);
#2338=FACE_BOUND('',#2117,.T.);
#2339=FACE_BOUND('',#2118,.T.);
#2340=FACE_BOUND('',#2119,.T.);
#2341=FACE_BOUND('',#2120,.T.);
#2342=FACE_BOUND('',#2121,.T.);
#2343=FACE_BOUND('',#2122,.T.);
#2344=FACE_BOUND('',#2123,.T.);
#2345=FACE_BOUND('',#2124,.T.);
#2346=FACE_BOUND('',#2125,.T.);
#2347=FACE_BOUND('',#2126,.T.);
#2348=FACE_BOUND('',#2127,.T.);
#2349=FACE_BOUND('',#2128,.T.);
#2350=FACE_BOUND('',#2129,.T.);
#2351=FACE_BOUND('',#2130,.T.);
#2352=FACE_BOUND('',#2131,.T.);
#2353=FACE_BOUND('',#2132,.T.);
#2354=FACE_BOUND('',#2133,.T.);
#2355=FACE_BOUND('',#2134,.T.);
#2356=FACE_BOUND('',#2135,.T.);
#2357=FACE_BOUND('',#2136,.T.);
#2358=FACE_BOUND('',#2137,.T.);
#2359=FACE_BOUND('',#2138,.T.);
#2360=FACE_BOUND('',#2139,.T.);
#2361=FACE_BOUND('',#2140,.T.);
#2362=FACE_BOUND('',#2141,.T.);
#2363=FACE_BOUND('',#2142,.T.);
#2364=FACE_BOUND('',#2143,.T.);
#2365=FACE_BOUND('',#2144,.T.);
#2366=FACE_BOUND('',#2145,.T.);
#2367=FACE_BOUND('',#2146,.T.);
#2368=FACE_BOUND('',#2147,.T.);
#2369=FACE_BOUND('',#2148,.T.);
#2370=FACE_BOUND('',#2149,.T.);
#2371=FACE_BOUND('',#2150,.T.);
#2372=FACE_BOUND('',#2151,.T.);
#2373=FACE_BOUND('',#2152,.T.);
#2374=FACE_BOUND('',#2153,.T.);
#2375=FACE_BOUND('',#2154,.T.);
#2376=FACE_BOUND('',#2155,.T.);
#2377=FACE_BOUND('',#2156,.T.);
#2378=FACE_BOUND('',#2157,.T.);
#2379=FACE_BOUND('',#2158,.T.);
#2380=FACE_BOUND('',#2159,.T.);
#2381=FACE_BOUND('',#2160,.T.);
#2382=FACE_BOUND('',#2161,.T.);
#2383=FACE_BOUND('',#2162,.T.);
#2384=FACE_BOUND('',#2163,.T.);
#2385=FACE_BOUND('',#2164,.T.);
#2386=FACE_BOUND('',#2165,.T.);
#2387=FACE_BOUND('',#2166,.T.);
#2388=FACE_BOUND('',#2167,.T.);
#2389=FACE_BOUND('',#2168,.T.);
#2390=FACE_BOUND('',#2169,.T.);
#2391=FACE_BOUND('',#2170,.T.);
#2392=FACE_BOUND('',#2171,.T.);
#2393=FACE_BOUND('',#2172,.T.);
#2394=FACE_BOUND('',#2173,.T.);
#2395=FACE_BOUND('',#2174,.T.);
#2396=FACE_BOUND('',#2175,.T.);
#2397=FACE_BOUND('',#2176,.T.);
#2398=FACE_BOUND('',#2177,.T.);
#2399=FACE_BOUND('',#2178,.T.);
#2400=FACE_BOUND('',#2179,.T.);
#2401=FACE_BOUND('',#2180,.T.);
#2402=FACE_BOUND('',#2181,.T.);
#2403=FACE_BOUND('',#2182,.T.);
#2404=FACE_BOUND('',#2183,.T.);
#2405=FACE_BOUND('',#2184,.T.);
#2406=FACE_BOUND('',#2185,.T.);
#2407=FACE_BOUND('',#2186,.T.);
#2408=FACE_BOUND('',#2187,.T.);
#2409=FACE_BOUND('',#2188,.T.);
#2410=FACE_BOUND('',#2189,.T.);
#2411=FACE_BOUND('',#2190,.T.);
#2412=FACE_BOUND('',#2191,.T.);
#2413=FACE_BOUND('',#2192,.T.);
#2414=FACE_BOUND('',#2193,.T.);
#2415=FACE_BOUND('',#2194,.T.);
#2416=FACE_BOUND('',#2195,.T.);
#2417=FACE_BOUND('',#2196,.T.);
#2418=FACE_BOUND('',#2197,.T.);
#2419=FACE_BOUND('',#2198,.T.);
#2420=FACE_BOUND('',#2199,.T.);
#2421=FACE_BOUND('',#2200,.T.);
#2422=FACE_BOUND('',#2201,.T.);
#2423=FACE_BOUND('',#2202,.T.);
#2424=FACE_BOUND('',#2203,.T.);
#2425=FACE_BOUND('',#2204,.T.);
#2426=FACE_BOUND('',#2205,.T.);
#2427=FACE_BOUND('',#2206,.T.);
#2428=FACE_BOUND('',#2207,.T.);
#2429=FACE_BOUND('',#2208,.T.);
#2430=FACE_BOUND('',#2209,.T.);
#2431=FACE_BOUND('',#2210,.T.);
#2432=FACE_BOUND('',#2211,.T.);
#2433=FACE_BOUND('',#2212,.T.);
#2434=FACE_BOUND('',#2213,.T.);
#2435=FACE_BOUND('',#2214,.T.);
#2436=FACE_BOUND('',#2215,.T.);
#2437=FACE_BOUND('',#2216,.T.);
#2438=FACE_BOUND('',#2217,.T.);
#2439=FACE_BOUND('',#2218,.T.);
#2440=FACE_BOUND('',#2219,.T.);
#2441=FACE_BOUND('',#2220,.T.);
#2442=FACE_BOUND('',#2221,.T.);
#2443=FACE_BOUND('',#2222,.T.);
#2444=FACE_BOUND('',#2223,.T.);
#2445=FACE_BOUND('',#2224,.T.);
#2446=FACE_BOUND('',#2225,.T.);
#2447=FACE_BOUND('',#2226,.T.);
#2448=FACE_BOUND('',#2227,.T.);
#2449=FACE_BOUND('',#2228,.T.);
#2450=FACE_BOUND('',#2229,.T.);
#2451=FACE_BOUND('',#2230,.T.);
#2452=FACE_BOUND('',#2231,.T.);
#2453=FACE_BOUND('',#2232,.T.);
#2454=FACE_BOUND('',#2233,.T.);
#2455=FACE_BOUND('',#2234,.T.);
#2456=FACE_BOUND('',#2235,.T.);
#2457=FACE_BOUND('',#2236,.T.);
#2458=FACE_BOUND('',#2237,.T.);
#2459=FACE_BOUND('',#2238,.T.);
#2460=FACE_BOUND('',#2239,.T.);
#2461=FACE_BOUND('',#2240,.T.);
#2462=FACE_BOUND('',#2241,.T.);
#2463=FACE_BOUND('',#2242,.T.);
#2464=FACE_BOUND('',#2243,.T.);
#2465=FACE_BOUND('',#2244,.T.);
#2466=FACE_BOUND('',#2245,.T.);
#2467=FACE_BOUND('',#2246,.T.);
#2468=FACE_BOUND('',#2247,.T.);
#2469=FACE_BOUND('',#2248,.T.);
#2470=FACE_BOUND('',#2249,.T.);
#2471=FACE_BOUND('',#2250,.T.);
#2472=FACE_BOUND('',#2251,.T.);
#2473=FACE_BOUND('',#2252,.T.);
#2474=FACE_BOUND('',#2253,.T.);
#2475=FACE_BOUND('',#2254,.T.);
#2476=FACE_BOUND('',#2255,.T.);
#2477=FACE_BOUND('',#2256,.T.);
#2478=FACE_BOUND('',#2257,.T.);
#2479=FACE_BOUND('',#2258,.T.);
#2480=FACE_BOUND('',#2259,.T.);
#2481=FACE_BOUND('',#2260,.T.);
#2482=FACE_BOUND('',#2261,.T.);
#2483=FACE_BOUND('',#2262,.T.);
#2484=FACE_BOUND('',#2263,.T.);
#2485=FACE_BOUND('',#2264,.T.);
#2486=FACE_BOUND('',#2265,.T.);
#2487=FACE_BOUND('',#2266,.T.);
#2488=FACE_BOUND('',#2267,.T.);
#2489=FACE_BOUND('',#2268,.T.);
#2490=FACE_BOUND('',#2269,.T.);
#2491=FACE_BOUND('',#2270,.T.);
#2492=FACE_BOUND('',#2271,.T.);
#2493=FACE_BOUND('',#2272,.T.);
#2494=FACE_BOUND('',#2273,.T.);
#2495=FACE_BOUND('',#2274,.T.);
#2496=FACE_BOUND('',#2275,.T.);
#2497=FACE_BOUND('',#2276,.T.);
#2498=FACE_BOUND('',#2277,.T.);
#2499=FACE_BOUND('',#2278,.T.);
#2500=FACE_BOUND('',#2279,.T.);
#2501=FACE_BOUND('',#2280,.T.);
#2502=FACE_BOUND('',#2281,.T.);
#2503=FACE_BOUND('',#2282,.T.);
#2504=FACE_BOUND('',#2283,.T.);
#2505=FACE_BOUND('',#2284,.T.);
#2506=FACE_BOUND('',#2285,.T.);
#2507=FACE_BOUND('',#2286,.T.);
#2508=FACE_BOUND('',#2287,.T.);
#2509=FACE_BOUND('',#2288,.T.);
#2510=FACE_BOUND('',#2289,.T.);
#2511=FACE_BOUND('',#2290,.T.);
#2512=FACE_BOUND('',#2291,.T.);
#2513=FACE_BOUND('',#2292,.T.);
#2514=FACE_BOUND('',#2293,.T.);
#2515=FACE_BOUND('',#2294,.T.);
#2516=FACE_BOUND('',#2295,.T.);
#2517=FACE_BOUND('',#2296,.T.);
#2518=FACE_BOUND('',#2297,.T.);
#2519=FACE_BOUND('',#2298,.T.);
#2520=FACE_BOUND('',#2299,.T.);
#2521=FACE_BOUND('',#2300,.T.);
#2522=FACE_BOUND('',#2301,.T.);
#2523=FACE_BOUND('',#2302,.T.);
#2524=FACE_BOUND('',#2303,.T.);
#2525=FACE_BOUND('',#2304,.T.);
#2526=FACE_BOUND('',#2305,.T.);
#2527=FACE_BOUND('',#2306,.T.);
#2528=FACE_BOUND('',#2307,.T.);
#2529=FACE_BOUND('',#2308,.T.);
#2530=FACE_BOUND('',#2309,.T.);
#2531=FACE_BOUND('',#2310,.T.);
#2532=FACE_BOUND('',#2311,.T.);
#2533=FACE_BOUND('',#2312,.T.);
#2534=FACE_BOUND('',#2313,.T.);
#2535=FACE_BOUND('',#2314,.T.);
#2536=FACE_BOUND('',#2315,.T.);
#2537=FACE_BOUND('',#2316,.T.);
#2538=FACE_BOUND('',#2317,.T.);
#2539=FACE_BOUND('',#2318,.T.);
#2540=FACE_BOUND('',#2319,.T.);
#2541=FACE_BOUND('',#2320,.T.);
#2542=FACE_BOUND('',#2321,.T.);
#2543=FACE_BOUND('',#2322,.T.);
#2544=FACE_BOUND('',#2323,.T.);
#2545=FACE_BOUND('',#2324,.T.);
#2546=FACE_BOUND('',#2325,.T.);
#2547=FACE_BOUND('',#2326,.T.);
#2548=FACE_BOUND('',#2327,.T.);
#2549=FACE_BOUND('',#2328,.T.);
#2550=FACE_BOUND('',#2329,.T.);
#2551=FACE_BOUND('',#2330,.T.);
#2552=PLANE('',#2824);
#2553=PLANE('',#2838);
#2554=PLANE('',#2848);
#2555=PLANE('',#2849);
#2556=PLANE('',#2850);
#2557=PLANE('',#2851);
#2558=PLANE('',#2852);
#2559=PLANE('',#2853);
#2560=PLANE('',#2854);
#2561=PLANE('',#2855);
#2562=PLANE('',#2856);
#2563=PLANE('',#2857);
#2564=PLANE('',#2858);
#2565=PLANE('',#2859);
#2566=PLANE('',#2860);
#2567=PLANE('',#2862);
#2568=PLANE('',#2864);
#2569=PLANE('',#2866);
#2570=PLANE('',#2868);
#2571=PLANE('',#2870);
#2572=PLANE('',#2872);
#2573=PLANE('',#2874);
#2574=PLANE('',#2876);
#2575=PLANE('',#2878);
#2576=PLANE('',#2880);
#2577=PLANE('',#2882);
#2578=PLANE('',#2883);
#2579=PLANE('',#2884);
#2580=PLANE('',#2885);
#2581=PLANE('',#2886);
#2582=PLANE('',#2887);
#2583=PLANE('',#2888);
#2584=PLANE('',#2889);
#2585=PLANE('',#2890);
#2586=PLANE('',#2891);
#2587=PLANE('',#2892);
#2588=PLANE('',#2893);
#2589=PLANE('',#2894);
#2590=PLANE('',#2896);
#2591=PLANE('',#2898);
#2592=PLANE('',#2900);
#2593=PLANE('',#2902);
#2594=PLANE('',#2904);
#2595=PLANE('',#2906);
#2596=PLANE('',#2908);
#2597=PLANE('',#2910);
#2598=PLANE('',#2912);
#2599=PLANE('',#2914);
#2600=PLANE('',#2920);
#2601=PLANE('',#2932);
#2602=PLANE('',#2934);
#2603=PLANE('',#2939);
#2604=PLANE('',#2940);
#2605=PLANE('',#2945);
#2606=PLANE('',#2960);
#2607=PLANE('',#2962);
#2608=PLANE('',#2963);
#2609=PLANE('',#2973);
#2610=PLANE('',#2975);
#2611=PLANE('',#2977);
#2612=PLANE('',#2979);
#2613=PLANE('',#3048);
#2614=PLANE('',#3052);
#2615=PLANE('',#3056);
#2616=PLANE('',#3057);
#2617=PLANE('',#3060);
#2618=PLANE('',#3063);
#2619=PLANE('',#3064);
#2620=PLANE('',#3065);
#2621=PLANE('',#3068);
#2622=PLANE('',#3071);
#2623=PLANE('',#3078);
#2624=PLANE('',#3079);
#2625=PLANE('',#3089);
#2626=PLANE('',#3099);
#2627=PLANE('',#3108);
#2628=PLANE('',#3118);
#2629=ADVANCED_FACE('',(#2331,#2332,#2333,#2334,#2335,#2336),#2552,.F.);
#2630=ADVANCED_FACE('',(#2337),#2553,.T.);
#2631=ADVANCED_FACE('',(#2338),#72,.T.);
#2632=ADVANCED_FACE('',(#2339),#73,.T.);
#2633=ADVANCED_FACE('',(#2340),#74,.T.);
#2634=ADVANCED_FACE('',(#2341),#2554,.T.);
#2635=ADVANCED_FACE('',(#2342),#2555,.T.);
#2636=ADVANCED_FACE('',(#2343),#2556,.F.);
#2637=ADVANCED_FACE('',(#2344),#2557,.F.);
#2638=ADVANCED_FACE('',(#2345),#2558,.F.);
#2639=ADVANCED_FACE('',(#2346),#2559,.F.);
#2640=ADVANCED_FACE('',(#2347),#2560,.T.);
#2641=ADVANCED_FACE('',(#2348),#2561,.F.);
#2642=ADVANCED_FACE('',(#2349),#2562,.F.);
#2643=ADVANCED_FACE('',(#2350),#2563,.T.);
#2644=ADVANCED_FACE('',(#2351),#2564,.T.);
#2645=ADVANCED_FACE('',(#2352),#2565,.T.);
#2646=ADVANCED_FACE('',(#2353),#2566,.T.);
#2647=ADVANCED_FACE('',(#2354),#2567,.T.);
#2648=ADVANCED_FACE('',(#2355),#2568,.T.);
#2649=ADVANCED_FACE('',(#2356),#2569,.T.);
#2650=ADVANCED_FACE('',(#2357),#2570,.T.);
#2651=ADVANCED_FACE('',(#2358),#2571,.T.);
#2652=ADVANCED_FACE('',(#2359),#2572,.T.);
#2653=ADVANCED_FACE('',(#2360),#2573,.T.);
#2654=ADVANCED_FACE('',(#2361),#2574,.T.);
#2655=ADVANCED_FACE('',(#2362),#2575,.T.);
#2656=ADVANCED_FACE('',(#2363),#2576,.T.);
#2657=ADVANCED_FACE('',(#2364),#2577,.T.);
#2658=ADVANCED_FACE('',(#2365),#2578,.T.);
#2659=ADVANCED_FACE('',(#2366),#2579,.F.);
#2660=ADVANCED_FACE('',(#2367),#2580,.F.);
#2661=ADVANCED_FACE('',(#2368),#2581,.F.);
#2662=ADVANCED_FACE('',(#2369),#2582,.F.);
#2663=ADVANCED_FACE('',(#2370),#2583,.T.);
#2664=ADVANCED_FACE('',(#2371),#2584,.F.);
#2665=ADVANCED_FACE('',(#2372),#2585,.F.);
#2666=ADVANCED_FACE('',(#2373),#2586,.T.);
#2667=ADVANCED_FACE('',(#2374),#2587,.T.);
#2668=ADVANCED_FACE('',(#2375),#2588,.T.);
#2669=ADVANCED_FACE('',(#2376),#2589,.T.);
#2670=ADVANCED_FACE('',(#2377),#2590,.T.);
#2671=ADVANCED_FACE('',(#2378),#2591,.T.);
#2672=ADVANCED_FACE('',(#2379),#2592,.T.);
#2673=ADVANCED_FACE('',(#2380),#2593,.T.);
#2674=ADVANCED_FACE('',(#2381),#2594,.T.);
#2675=ADVANCED_FACE('',(#2382),#2595,.T.);
#2676=ADVANCED_FACE('',(#2383),#2596,.T.);
#2677=ADVANCED_FACE('',(#2384),#2597,.T.);
#2678=ADVANCED_FACE('',(#2385),#2598,.T.);
#2679=ADVANCED_FACE('',(#2386),#2599,.T.);
#2680=ADVANCED_FACE('',(#2387,#2388),#75,.F.);
#2681=ADVANCED_FACE('',(#2389,#2390),#76,.F.);
#2682=ADVANCED_FACE('',(#2391),#2600,.F.);
#2683=ADVANCED_FACE('',(#2392),#70,.T.);
#2684=ADVANCED_FACE('',(#2393),#71,.T.);
#2685=ADVANCED_FACE('',(#2394),#77,.T.);
#2686=ADVANCED_FACE('',(#2395),#2601,.F.);
#2687=ADVANCED_FACE('',(#2396),#78,.T.);
#2688=ADVANCED_FACE('',(#2397),#2602,.F.);
#2689=ADVANCED_FACE('',(#2398),#79,.T.);
#2690=ADVANCED_FACE('',(#2399),#80,.T.);
#2691=ADVANCED_FACE('',(#2400),#2603,.F.);
#2692=ADVANCED_FACE('',(#2401),#2604,.F.);
#2693=ADVANCED_FACE('',(#2402),#81,.T.);
#2694=ADVANCED_FACE('',(#2403),#2605,.T.);
#2695=ADVANCED_FACE('',(#2404),#82,.T.);
#2696=ADVANCED_FACE('',(#2405),#40,.T.);
#2697=ADVANCED_FACE('',(#2406),#83,.T.);
#2698=ADVANCED_FACE('',(#2407),#84,.T.);
#2699=ADVANCED_FACE('',(#2408),#41,.T.);
#2700=ADVANCED_FACE('',(#2409),#85,.T.);
#2701=ADVANCED_FACE('',(#2410),#2606,.F.);
#2702=ADVANCED_FACE('',(#2411),#2607,.T.);
#2703=ADVANCED_FACE('',(#2412),#2608,.F.);
#2704=ADVANCED_FACE('',(#2413),#86,.F.);
#2705=ADVANCED_FACE('',(#2414),#42,.F.);
#2706=ADVANCED_FACE('',(#2415),#87,.F.);
#2707=ADVANCED_FACE('',(#2416),#43,.F.);
#2708=ADVANCED_FACE('',(#2417),#88,.F.);
#2709=ADVANCED_FACE('',(#2418),#2609,.F.);
#2710=ADVANCED_FACE('',(#2419),#2610,.F.);
#2711=ADVANCED_FACE('',(#2420),#2611,.F.);
#2712=ADVANCED_FACE('',(#2421),#2612,.T.);
#2713=ADVANCED_FACE('',(#2422),#89,.F.);
#2714=ADVANCED_FACE('',(#2423),#44,.F.);
#2715=ADVANCED_FACE('',(#2424),#34,.F.);
#2716=ADVANCED_FACE('',(#2425),#90,.T.);
#2717=ADVANCED_FACE('',(#2426),#91,.F.);
#2718=ADVANCED_FACE('',(#2427),#45,.F.);
#2719=ADVANCED_FACE('',(#2428),#35,.F.);
#2720=ADVANCED_FACE('',(#2429),#92,.T.);
#2721=ADVANCED_FACE('',(#2430),#93,.T.);
#2722=ADVANCED_FACE('',(#2431),#94,.T.);
#2723=ADVANCED_FACE('',(#2432),#95,.T.);
#2724=ADVANCED_FACE('',(#2433),#96,.T.);
#2725=ADVANCED_FACE('',(#2434),#46,.T.);
#2726=ADVANCED_FACE('',(#2435),#47,.T.);
#2727=ADVANCED_FACE('',(#2436),#48,.T.);
#2728=ADVANCED_FACE('',(#2437),#97,.T.);
#2729=ADVANCED_FACE('',(#2438),#36,.T.);
#2730=ADVANCED_FACE('',(#2439),#98,.T.);
#2731=ADVANCED_FACE('',(#2440),#49,.T.);
#2732=ADVANCED_FACE('',(#2441),#99,.T.);
#2733=ADVANCED_FACE('',(#2442),#50,.T.);
#2734=ADVANCED_FACE('',(#2443),#51,.T.);
#2735=ADVANCED_FACE('',(#2444),#52,.T.);
#2736=ADVANCED_FACE('',(#2445),#100,.T.);
#2737=ADVANCED_FACE('',(#2446),#53,.T.);
#2738=ADVANCED_FACE('',(#2447),#101,.T.);
#2739=ADVANCED_FACE('',(#2448),#54,.T.);
#2740=ADVANCED_FACE('',(#2449),#102,.T.);
#2741=ADVANCED_FACE('',(#2450),#55,.T.);
#2742=ADVANCED_FACE('',(#2451),#56,.T.);
#2743=ADVANCED_FACE('',(#2452),#57,.T.);
#2744=ADVANCED_FACE('',(#2453),#103,.T.);
#2745=ADVANCED_FACE('',(#2454),#58,.T.);
#2746=ADVANCED_FACE('',(#2455),#104,.T.);
#2747=ADVANCED_FACE('',(#2456),#37,.T.);
#2748=ADVANCED_FACE('',(#2457),#105,.T.);
#2749=ADVANCED_FACE('',(#2458),#59,.T.);
#2750=ADVANCED_FACE('',(#2459),#60,.T.);
#2751=ADVANCED_FACE('',(#2460),#61,.T.);
#2752=ADVANCED_FACE('',(#2461,#2462),#106,.F.);
#2753=ADVANCED_FACE('',(#2463,#2464),#18,.F.);
#2754=ADVANCED_FACE('',(#2465,#2466),#19,.F.);
#2755=ADVANCED_FACE('',(#2467,#2468),#20,.F.);
#2756=ADVANCED_FACE('',(#2469),#2613,.T.);
#2757=ADVANCED_FACE('',(#2470,#2471),#107,.F.);
#2758=ADVANCED_FACE('',(#2472),#2614,.T.);
#2759=ADVANCED_FACE('',(#2473,#2474),#108,.F.);
#2760=ADVANCED_FACE('',(#2475),#12,.F.);
#2761=ADVANCED_FACE('',(#2476),#13,.F.);
#2762=ADVANCED_FACE('',(#2477),#2615,.T.);
#2763=ADVANCED_FACE('',(#2478),#14,.F.);
#2764=ADVANCED_FACE('',(#2479),#2616,.T.);
#2765=ADVANCED_FACE('',(#2480),#21,.T.);
#2766=ADVANCED_FACE('',(#2481),#2617,.T.);
#2767=ADVANCED_FACE('',(#2482),#22,.F.);
#2768=ADVANCED_FACE('',(#2483),#2618,.T.);
#2769=ADVANCED_FACE('',(#2484),#15,.F.);
#2770=ADVANCED_FACE('',(#2485),#2619,.T.);
#2771=ADVANCED_FACE('',(#2486),#16,.F.);
#2772=ADVANCED_FACE('',(#2487),#2620,.T.);
#2773=ADVANCED_FACE('',(#2488),#23,.F.);
#2774=ADVANCED_FACE('',(#2489),#2621,.T.);
#2775=ADVANCED_FACE('',(#2490),#24,.T.);
#2776=ADVANCED_FACE('',(#2491),#2622,.T.);
#2777=ADVANCED_FACE('',(#2492),#17,.F.);
#2778=ADVANCED_FACE('',(#2493,#2494),#25,.F.);
#2779=ADVANCED_FACE('',(#2495,#2496),#26,.F.);
#2780=ADVANCED_FACE('',(#2497,#2498),#27,.F.);
#2781=ADVANCED_FACE('',(#2499),#2623,.T.);
#2782=ADVANCED_FACE('',(#2500,#2501,#2502,#2503,#2504,#2505,#2506,#2507),
#2624,.T.);
#2783=ADVANCED_FACE('',(#2508),#109,.F.);
#2784=ADVANCED_FACE('',(#2509,#2510),#2625,.T.);
#2785=ADVANCED_FACE('',(#2511,#2512),#110,.F.);
#2786=ADVANCED_FACE('',(#2513,#2514),#28,.F.);
#2787=ADVANCED_FACE('',(#2515),#111,.F.);
#2788=ADVANCED_FACE('',(#2516,#2517),#2626,.T.);
#2789=ADVANCED_FACE('',(#2518,#2519),#112,.F.);
#2790=ADVANCED_FACE('',(#2520,#2521),#29,.F.);
#2791=ADVANCED_FACE('',(#2522,#2523),#113,.F.);
#2792=ADVANCED_FACE('',(#2524,#2525),#30,.F.);
#2793=ADVANCED_FACE('',(#2526,#2527),#2627,.T.);
#2794=ADVANCED_FACE('',(#2528,#2529),#114,.F.);
#2795=ADVANCED_FACE('',(#2530,#2531),#115,.F.);
#2796=ADVANCED_FACE('',(#2532,#2533),#116,.F.);
#2797=ADVANCED_FACE('',(#2534,#2535),#2628,.T.);
#2798=ADVANCED_FACE('',(#2536,#2537),#31,.F.);
#2799=ADVANCED_FACE('',(#2538),#62,.T.);
#2800=ADVANCED_FACE('',(#2539),#63,.T.);
#2801=ADVANCED_FACE('',(#2540),#38,.T.);
#2802=ADVANCED_FACE('',(#2541),#64,.T.);
#2803=ADVANCED_FACE('',(#2542),#65,.T.);
#2804=ADVANCED_FACE('',(#2543),#66,.T.);
#2805=ADVANCED_FACE('',(#2544),#67,.T.);
#2806=ADVANCED_FACE('',(#2545),#39,.T.);
#2807=ADVANCED_FACE('',(#2546),#68,.T.);
#2808=ADVANCED_FACE('',(#2547),#69,.T.);
#2809=ADVANCED_FACE('',(#2548,#2549),#32,.F.);
#2810=ADVANCED_FACE('',(#2550,#2551),#33,.F.);
#2811=CLOSED_SHELL('',(#2629,#2630,#2631,#2632,#2633,#2634,#2635,#2636,
#2637,#2638,#2639,#2640,#2641,#2642,#2643,#2644,#2645,#2646,#2647,#2648,
#2649,#2650,#2651,#2652,#2653,#2654,#2655,#2656,#2657,#2658,#2659,#2660,
#2661,#2662,#2663,#2664,#2665,#2666,#2667,#2668,#2669,#2670,#2671,#2672,
#2673,#2674,#2675,#2676,#2677,#2678,#2679,#2680,#2681,#2682,#2683,#2684,
#2685,#2686,#2687,#2688,#2689,#2690,#2691,#2692,#2693,#2694,#2695,#2696,
#2697,#2698,#2699,#2700,#2701,#2702,#2703,#2704,#2705,#2706,#2707,#2708,
#2709,#2710,#2711,#2712,#2713,#2714,#2715,#2716,#2717,#2718,#2719,#2720,
#2721,#2722,#2723,#2724,#2725,#2726,#2727,#2728,#2729,#2730,#2731,#2732,
#2733,#2734,#2735,#2736,#2737,#2738,#2739,#2740,#2741,#2742,#2743,#2744,
#2745,#2746,#2747,#2748,#2749,#2750,#2751,#2752,#2753,#2754,#2755,#2756,
#2757,#2758,#2759,#2760,#2761,#2762,#2763,#2764,#2765,#2766,#2767,#2768,
#2769,#2770,#2771,#2772,#2773,#2774,#2775,#2776,#2777,#2778,#2779,#2780,
#2781,#2782,#2783,#2784,#2785,#2786,#2787,#2788,#2789,#2790,#2791,#2792,
#2793,#2794,#2795,#2796,#2797,#2798,#2799,#2800,#2801,#2802,#2803,#2804,
#2805,#2806,#2807,#2808,#2809,#2810));
#2812=STYLED_ITEM('',(#2813),#2820);
#2813=PRESENTATION_STYLE_ASSIGNMENT((#2814));
#2814=SURFACE_STYLE_USAGE(.BOTH.,#2815);
#2815=SURFACE_SIDE_STYLE('',(#2816));
#2816=SURFACE_STYLE_FILL_AREA(#2817);
#2817=FILL_AREA_STYLE('',(#2818));
#2818=FILL_AREA_STYLE_COLOUR('',#2819);
#2819=COLOUR_RGB('',0.290196078431373,0.435294117647059,0.647058823529412);
#2820=MANIFOLD_SOLID_BREP('[a]_lgxl-vz-adapter_sherpa_xol',#2811);
#2821=SHAPE_DEFINITION_REPRESENTATION(#5456,#2822);
#2822=SHAPE_REPRESENTATION('[a]_lgxl-vz-adapter_sherpa_xol',(#2823),#5451);
#2823=AXIS2_PLACEMENT_3D('',#3933,#3132,#3133);
#2824=AXIS2_PLACEMENT_3D('',#3934,#3134,#3135);
#2825=AXIS2_PLACEMENT_3D('',#3935,#3136,#3137);
#2826=AXIS2_PLACEMENT_3D('',#3937,#3138,#3139);
#2827=AXIS2_PLACEMENT_3D('',#3942,#3141,#3142);
#2828=AXIS2_PLACEMENT_3D('',#3960,#3145,#3146);
#2829=AXIS2_PLACEMENT_3D('',#3964,#3148,#3149);
#2830=AXIS2_PLACEMENT_3D('',#3970,#3152,#3153);
#2831=AXIS2_PLACEMENT_3D('',#3974,#3155,#3156);
#2832=AXIS2_PLACEMENT_3D('',#3980,#3159,#3160);
#2833=AXIS2_PLACEMENT_3D('',#3984,#3162,#3163);
#2834=AXIS2_PLACEMENT_3D('',#4002,#3166,#3167);
#2835=AXIS2_PLACEMENT_3D('',#4003,#3168,#3169);
#2836=AXIS2_PLACEMENT_3D('',#4005,#3170,#3171);
#2837=AXIS2_PLACEMENT_3D('',#4007,#3172,#3173);
#2838=AXIS2_PLACEMENT_3D('',#4009,#3174,#3175);
#2839=AXIS2_PLACEMENT_3D('',#4013,#3177,#3178);
#2840=AXIS2_PLACEMENT_3D('',#4017,#3180,#3181);
#2841=AXIS2_PLACEMENT_3D('',#4021,#3183,#3184);
#2842=AXIS2_PLACEMENT_3D('',#4025,#3186,#3187);
#2843=AXIS2_PLACEMENT_3D('',#4034,#3192,#3193);
#2844=AXIS2_PLACEMENT_3D('',#4043,#3194,#3195);
#2845=AXIS2_PLACEMENT_3D('',#4048,#3196,#3197);
#2846=AXIS2_PLACEMENT_3D('',#4054,#3198,#3199);
#2847=AXIS2_PLACEMENT_3D('',#4064,#3200,#3201);
#2848=AXIS2_PLACEMENT_3D('',#4065,#3202,#3203);
#2849=AXIS2_PLACEMENT_3D('',#4076,#3209,#3210);
#2850=AXIS2_PLACEMENT_3D('',#4084,#3215,#3216);
#2851=AXIS2_PLACEMENT_3D('',#4095,#3222,#3223);
#2852=AXIS2_PLACEMENT_3D('',#4103,#3228,#3229);
#2853=AXIS2_PLACEMENT_3D('',#4109,#3233,#3234);
#2854=AXIS2_PLACEMENT_3D('',#4115,#3238,#3239);
#2855=AXIS2_PLACEMENT_3D('',#4121,#3243,#3244);
#2856=AXIS2_PLACEMENT_3D('',#4124,#3247,#3248);
#2857=AXIS2_PLACEMENT_3D('',#4130,#3252,#3253);
#2858=AXIS2_PLACEMENT_3D('',#4136,#3257,#3258);
#2859=AXIS2_PLACEMENT_3D('',#4139,#3261,#3262);
#2860=AXIS2_PLACEMENT_3D('',#4145,#3266,#3267);
#2861=AXIS2_PLACEMENT_3D('',#4146,#3268,#3269);
#2862=AXIS2_PLACEMENT_3D('',#4151,#3272,#3273);
#2863=AXIS2_PLACEMENT_3D('',#4154,#3275,#3276);
#2864=AXIS2_PLACEMENT_3D('',#4157,#3278,#3279);
#2865=AXIS2_PLACEMENT_3D('',#4158,#3280,#3281);
#2866=AXIS2_PLACEMENT_3D('',#4159,#3282,#3283);
#2867=AXIS2_PLACEMENT_3D('',#4160,#3284,#3285);
#2868=AXIS2_PLACEMENT_3D('',#4161,#3286,#3287);
#2869=AXIS2_PLACEMENT_3D('',#4162,#3288,#3289);
#2870=AXIS2_PLACEMENT_3D('',#4163,#3290,#3291);
#2871=AXIS2_PLACEMENT_3D('',#4164,#3292,#3293);
#2872=AXIS2_PLACEMENT_3D('',#4165,#3294,#3295);
#2873=AXIS2_PLACEMENT_3D('',#4166,#3296,#3297);
#2874=AXIS2_PLACEMENT_3D('',#4167,#3298,#3299);
#2875=AXIS2_PLACEMENT_3D('',#4168,#3300,#3301);
#2876=AXIS2_PLACEMENT_3D('',#4169,#3302,#3303);
#2877=AXIS2_PLACEMENT_3D('',#4170,#3304,#3305);
#2878=AXIS2_PLACEMENT_3D('',#4171,#3306,#3307);
#2879=AXIS2_PLACEMENT_3D('',#4172,#3308,#3309);
#2880=AXIS2_PLACEMENT_3D('',#4173,#3310,#3311);
#2881=AXIS2_PLACEMENT_3D('',#4174,#3312,#3313);
#2882=AXIS2_PLACEMENT_3D('',#4175,#3314,#3315);
#2883=AXIS2_PLACEMENT_3D('',#4186,#3321,#3322);
#2884=AXIS2_PLACEMENT_3D('',#4194,#3327,#3328);
#2885=AXIS2_PLACEMENT_3D('',#4205,#3334,#3335);
#2886=AXIS2_PLACEMENT_3D('',#4213,#3340,#3341);
#2887=AXIS2_PLACEMENT_3D('',#4219,#3345,#3346);
#2888=AXIS2_PLACEMENT_3D('',#4225,#3350,#3351);
#2889=AXIS2_PLACEMENT_3D('',#4231,#3355,#3356);
#2890=AXIS2_PLACEMENT_3D('',#4234,#3359,#3360);
#2891=AXIS2_PLACEMENT_3D('',#4240,#3364,#3365);
#2892=AXIS2_PLACEMENT_3D('',#4246,#3369,#3370);
#2893=AXIS2_PLACEMENT_3D('',#4249,#3373,#3374);
#2894=AXIS2_PLACEMENT_3D('',#4255,#3378,#3379);
#2895=AXIS2_PLACEMENT_3D('',#4256,#3380,#3381);
#2896=AXIS2_PLACEMENT_3D('',#4261,#3384,#3385);
#2897=AXIS2_PLACEMENT_3D('',#4264,#3387,#3388);
#2898=AXIS2_PLACEMENT_3D('',#4267,#3390,#3391);
#2899=AXIS2_PLACEMENT_3D('',#4268,#3392,#3393);
#2900=AXIS2_PLACEMENT_3D('',#4269,#3394,#3395);
#2901=AXIS2_PLACEMENT_3D('',#4270,#3396,#3397);
#2902=AXIS2_PLACEMENT_3D('',#4271,#3398,#3399);
#2903=AXIS2_PLACEMENT_3D('',#4272,#3400,#3401);
#2904=AXIS2_PLACEMENT_3D('',#4273,#3402,#3403);
#2905=AXIS2_PLACEMENT_3D('',#4274,#3404,#3405);
#2906=AXIS2_PLACEMENT_3D('',#4275,#3406,#3407);
#2907=AXIS2_PLACEMENT_3D('',#4276,#3408,#3409);
#2908=AXIS2_PLACEMENT_3D('',#4277,#3410,#3411);
#2909=AXIS2_PLACEMENT_3D('',#4278,#3412,#3413);
#2910=AXIS2_PLACEMENT_3D('',#4279,#3414,#3415);
#2911=AXIS2_PLACEMENT_3D('',#4280,#3416,#3417);
#2912=AXIS2_PLACEMENT_3D('',#4281,#3418,#3419);
#2913=AXIS2_PLACEMENT_3D('',#4282,#3420,#3421);
#2914=AXIS2_PLACEMENT_3D('',#4283,#3422,#3423);
#2915=AXIS2_PLACEMENT_3D('',#4284,#3424,#3425);
#2916=AXIS2_PLACEMENT_3D('',#4285,#3426,#3427);
#2917=AXIS2_PLACEMENT_3D('',#4286,#3428,#3429);
#2918=AXIS2_PLACEMENT_3D('',#4288,#3430,#3431);
#2919=AXIS2_PLACEMENT_3D('',#4289,#3432,#3433);
#2920=AXIS2_PLACEMENT_3D('',#4291,#3434,#3435);
#2921=AXIS2_PLACEMENT_3D('',#4311,#3440,#3441);
#2922=AXIS2_PLACEMENT_3D('',#4315,#3443,#3444);
#2923=AXIS2_PLACEMENT_3D('',#4318,#3446,#3447);
#2924=AXIS2_PLACEMENT_3D('',#4319,#3448,#3449);
#2925=AXIS2_PLACEMENT_3D('',#4321,#3450,#3451);
#2926=AXIS2_PLACEMENT_3D('',#4323,#3452,#3453);
#2927=AXIS2_PLACEMENT_3D('',#4324,#3454,#3455);
#2928=AXIS2_PLACEMENT_3D('',#4325,#3456,#3457);
#2929=AXIS2_PLACEMENT_3D('',#4328,#3458,#3459);
#2930=AXIS2_PLACEMENT_3D('',#4329,#3460,#3461);
#2931=AXIS2_PLACEMENT_3D('',#4330,#3462,#3463);
#2932=AXIS2_PLACEMENT_3D('',#4342,#3465,#3466);
#2933=AXIS2_PLACEMENT_3D('',#4348,#3470,#3471);
#2934=AXIS2_PLACEMENT_3D('',#4360,#3473,#3474);
#2935=AXIS2_PLACEMENT_3D('',#4366,#3478,#3479);
#2936=AXIS2_PLACEMENT_3D('',#4367,#3480,#3481);
#2937=AXIS2_PLACEMENT_3D('',#4368,#3482,#3483);
#2938=AXIS2_PLACEMENT_3D('',#4369,#3484,#3485);
#2939=AXIS2_PLACEMENT_3D('',#4370,#3486,#3487);
#2940=AXIS2_PLACEMENT_3D('',#4379,#3492,#3493);
#2941=AXIS2_PLACEMENT_3D('',#4380,#3494,#3495);
#2942=AXIS2_PLACEMENT_3D('',#4390,#3500,#3501);
#2943=AXIS2_PLACEMENT_3D('',#4391,#3502,#3503);
#2944=AXIS2_PLACEMENT_3D('',#4392,#3504,#3505);
#2945=AXIS2_PLACEMENT_3D('',#4393,#3506,#3507);
#2946=AXIS2_PLACEMENT_3D('',#4401,#3511,#3512);
#2947=AXIS2_PLACEMENT_3D('',#4405,#3514,#3515);
#2948=AXIS2_PLACEMENT_3D('',#4406,#3516,#3517);
#2949=AXIS2_PLACEMENT_3D('',#4407,#3518,#3519);
#2950=AXIS2_PLACEMENT_3D('',#4408,#3520,#3521);
#2951=AXIS2_PLACEMENT_3D('',#4421,#3522,#3523);
#2952=AXIS2_PLACEMENT_3D('',#4422,#3524,#3525);
#2953=AXIS2_PLACEMENT_3D('',#4423,#3526,#3527);
#2954=AXIS2_PLACEMENT_3D('',#4424,#3528,#3529);
#2955=AXIS2_PLACEMENT_3D('',#4428,#3531,#3532);
#2956=AXIS2_PLACEMENT_3D('',#4429,#3533,#3534);
#2957=AXIS2_PLACEMENT_3D('',#4442,#3535,#3536);
#2958=AXIS2_PLACEMENT_3D('',#4443,#3537,#3538);
#2959=AXIS2_PLACEMENT_3D('',#4444,#3539,#3540);
#2960=AXIS2_PLACEMENT_3D('',#4447,#3542,#3543);
#2961=AXIS2_PLACEMENT_3D('',#4450,#3545,#3546);
#2962=AXIS2_PLACEMENT_3D('',#4453,#3548,#3549);
#2963=AXIS2_PLACEMENT_3D('',#4462,#3554,#3555);
#2964=AXIS2_PLACEMENT_3D('',#4471,#3560,#3561);
#2965=AXIS2_PLACEMENT_3D('',#4477,#3562,#3563);
#2966=AXIS2_PLACEMENT_3D('',#4478,#3564,#3565);
#2967=AXIS2_PLACEMENT_3D('',#4494,#3566,#3567);
#2968=AXIS2_PLACEMENT_3D('',#4495,#3568,#3569);
#2969=AXIS2_PLACEMENT_3D('',#4496,#3570,#3571);
#2970=AXIS2_PLACEMENT_3D('',#4512,#3572,#3573);
#2971=AXIS2_PLACEMENT_3D('',#4513,#3574,#3575);
#2972=AXIS2_PLACEMENT_3D('',#4514,#3576,#3577);
#2973=AXIS2_PLACEMENT_3D('',#4520,#3578,#3579);
#2974=AXIS2_PLACEMENT_3D('',#4524,#3581,#3582);
#2975=AXIS2_PLACEMENT_3D('',#4531,#3586,#3587);
#2976=AXIS2_PLACEMENT_3D('',#4537,#3590,#3591);
#2977=AXIS2_PLACEMENT_3D('',#4542,#3594,#3595);
#2978=AXIS2_PLACEMENT_3D('',#4548,#3598,#3599);
#2979=AXIS2_PLACEMENT_3D('',#4553,#3602,#3603);
#2980=AXIS2_PLACEMENT_3D('',#4554,#3604,#3605);
#2981=AXIS2_PLACEMENT_3D('',#4564,#3610,#3611);
#2982=AXIS2_PLACEMENT_3D('',#4565,#3612,#3613);
#2983=AXIS2_PLACEMENT_3D('',#4566,#3614,#3615);
#2984=AXIS2_PLACEMENT_3D('',#4599,#3616,#3617);
#2985=AXIS2_PLACEMENT_3D('',#4600,#3618,#3619);
#2986=AXIS2_PLACEMENT_3D('',#4610,#3620,#3621);
#2987=AXIS2_PLACEMENT_3D('',#4611,#3622,#3623);
#2988=AXIS2_PLACEMENT_3D('',#4612,#3624,#3625);
#2989=AXIS2_PLACEMENT_3D('',#4613,#3626,#3627);
#2990=AXIS2_PLACEMENT_3D('',#4614,#3628,#3629);
#2991=AXIS2_PLACEMENT_3D('',#4615,#3630,#3631);
#2992=AXIS2_PLACEMENT_3D('',#4640,#3632,#3633);
#2993=AXIS2_PLACEMENT_3D('',#4649,#3634,#3635);
#2994=AXIS2_PLACEMENT_3D('',#4659,#3636,#3637);
#2995=AXIS2_PLACEMENT_3D('',#4660,#3638,#3639);
#2996=AXIS2_PLACEMENT_3D('',#4661,#3640,#3641);
#2997=AXIS2_PLACEMENT_3D('',#4662,#3642,#3643);
#2998=AXIS2_PLACEMENT_3D('',#4663,#3644,#3645);
#2999=AXIS2_PLACEMENT_3D('',#4675,#3646,#3647);
#3000=AXIS2_PLACEMENT_3D('',#4676,#3648,#3649);
#3001=AXIS2_PLACEMENT_3D('',#4688,#3650,#3651);
#3002=AXIS2_PLACEMENT_3D('',#4689,#3652,#3653);
#3003=AXIS2_PLACEMENT_3D('',#4699,#3654,#3655);
#3004=AXIS2_PLACEMENT_3D('',#4705,#3656,#3657);
#3005=AXIS2_PLACEMENT_3D('',#4722,#3658,#3659);
#3006=AXIS2_PLACEMENT_3D('',#4735,#3660,#3661);
#3007=AXIS2_PLACEMENT_3D('',#4754,#3662,#3663);
#3008=AXIS2_PLACEMENT_3D('',#4755,#3664,#3665);
#3009=AXIS2_PLACEMENT_3D('',#4756,#3666,#3667);
#3010=AXIS2_PLACEMENT_3D('',#4757,#3668,#3669);
#3011=AXIS2_PLACEMENT_3D('',#4758,#3670,#3671);
#3012=AXIS2_PLACEMENT_3D('',#4759,#3672,#3673);
#3013=AXIS2_PLACEMENT_3D('',#4760,#3674,#3675);
#3014=AXIS2_PLACEMENT_3D('',#4773,#3676,#3677);
#3015=AXIS2_PLACEMENT_3D('',#4774,#3678,#3679);
#3016=AXIS2_PLACEMENT_3D('',#4775,#3680,#3681);
#3017=AXIS2_PLACEMENT_3D('',#4788,#3682,#3683);
#3018=AXIS2_PLACEMENT_3D('',#4801,#3684,#3685);
#3019=AXIS2_PLACEMENT_3D('',#4814,#3686,#3687);
#3020=AXIS2_PLACEMENT_3D('',#4815,#3688,#3689);
#3021=AXIS2_PLACEMENT_3D('',#4816,#3690,#3691);
#3022=AXIS2_PLACEMENT_3D('',#4832,#3692,#3693);
#3023=AXIS2_PLACEMENT_3D('',#4833,#3694,#3695);
#3024=AXIS2_PLACEMENT_3D('',#4834,#3696,#3697);
#3025=AXIS2_PLACEMENT_3D('',#4850,#3698,#3699);
#3026=AXIS2_PLACEMENT_3D('',#4851,#3700,#3701);
#3027=AXIS2_PLACEMENT_3D('',#4852,#3702,#3703);
#3028=AXIS2_PLACEMENT_3D('',#4865,#3704,#3705);
#3029=AXIS2_PLACEMENT_3D('',#4878,#3706,#3707);
#3030=AXIS2_PLACEMENT_3D('',#4891,#3708,#3709);
#3031=AXIS2_PLACEMENT_3D('',#4892,#3710,#3711);
#3032=AXIS2_PLACEMENT_3D('',#4893,#3712,#3713);
#3033=AXIS2_PLACEMENT_3D('',#4906,#3714,#3715);
#3034=AXIS2_PLACEMENT_3D('',#4907,#3716,#3717);
#3035=AXIS2_PLACEMENT_3D('',#4908,#3718,#3719);
#3036=AXIS2_PLACEMENT_3D('',#4909,#3720,#3721);
#3037=AXIS2_PLACEMENT_3D('',#4910,#3722,#3723);
#3038=AXIS2_PLACEMENT_3D('',#4911,#3724,#3725);
#3039=AXIS2_PLACEMENT_3D('',#4912,#3726,#3727);
#3040=AXIS2_PLACEMENT_3D('',#4931,#3728,#3729);
#3041=AXIS2_PLACEMENT_3D('',#4944,#3730,#3731);
#3042=AXIS2_PLACEMENT_3D('',#4957,#3732,#3733);
#3043=AXIS2_PLACEMENT_3D('',#4958,#3734,#3735);
#3044=AXIS2_PLACEMENT_3D('',#4960,#3736,#3737);
#3045=AXIS2_PLACEMENT_3D('',#4962,#3738,#3739);
#3046=AXIS2_PLACEMENT_3D('',#4963,#3740,#3741);
#3047=AXIS2_PLACEMENT_3D('',#4964,#3742,#3743);
#3048=AXIS2_PLACEMENT_3D('',#4965,#3744,#3745);
#3049=AXIS2_PLACEMENT_3D('',#4966,#3746,#3747);
#3050=AXIS2_PLACEMENT_3D('',#4967,#3748,#3749);
#3051=AXIS2_PLACEMENT_3D('',#4968,#3750,#3751);
#3052=AXIS2_PLACEMENT_3D('',#4970,#3752,#3753);
#3053=AXIS2_PLACEMENT_3D('',#4971,#3754,#3755);
#3054=AXIS2_PLACEMENT_3D('',#4972,#3756,#3757);
#3055=AXIS2_PLACEMENT_3D('',#4973,#3758,#3759);
#3056=AXIS2_PLACEMENT_3D('',#5042,#3760,#3761);
#3057=AXIS2_PLACEMENT_3D('',#5071,#3764,#3765);
#3058=AXIS2_PLACEMENT_3D('',#5075,#3768,#3769);
#3059=AXIS2_PLACEMENT_3D('',#5078,#3771,#3772);
#3060=AXIS2_PLACEMENT_3D('',#5079,#3773,#3774);
#3061=AXIS2_PLACEMENT_3D('',#5083,#3777,#3778);
#3062=AXIS2_PLACEMENT_3D('',#5086,#3780,#3781);
#3063=AXIS2_PLACEMENT_3D('',#5087,#3782,#3783);
#3064=AXIS2_PLACEMENT_3D('',#5136,#3786,#3787);
#3065=AXIS2_PLACEMENT_3D('',#5173,#3790,#3791);
#3066=AXIS2_PLACEMENT_3D('',#5177,#3794,#3795);
#3067=AXIS2_PLACEMENT_3D('',#5180,#3797,#3798);
#3068=AXIS2_PLACEMENT_3D('',#5181,#3799,#3800);
#3069=AXIS2_PLACEMENT_3D('',#5185,#3803,#3804);
#3070=AXIS2_PLACEMENT_3D('',#5188,#3806,#3807);
#3071=AXIS2_PLACEMENT_3D('',#5189,#3808,#3809);
#3072=AXIS2_PLACEMENT_3D('',#5226,#3812,#3813);
#3073=AXIS2_PLACEMENT_3D('',#5227,#3814,#3815);
#3074=AXIS2_PLACEMENT_3D('',#5229,#3816,#3817);
#3075=AXIS2_PLACEMENT_3D('',#5230,#3818,#3819);
#3076=AXIS2_PLACEMENT_3D('',#5232,#3820,#3821);
#3077=AXIS2_PLACEMENT_3D('',#5233,#3822,#3823);
#3078=AXIS2_PLACEMENT_3D('',#5235,#3824,#3825);
#3079=AXIS2_PLACEMENT_3D('',#5237,#3827,#3828);
#3080=AXIS2_PLACEMENT_3D('',#5238,#3829,#3830);
#3081=AXIS2_PLACEMENT_3D('',#5240,#3831,#3832);
#3082=AXIS2_PLACEMENT_3D('',#5242,#3833,#3834);
#3083=AXIS2_PLACEMENT_3D('',#5244,#3835,#3836);
#3084=AXIS2_PLACEMENT_3D('',#5246,#3837,#3838);
#3085=AXIS2_PLACEMENT_3D('',#5247,#3839,#3840);
#3086=AXIS2_PLACEMENT_3D('',#5250,#3841,#3842);
#3087=AXIS2_PLACEMENT_3D('',#5257,#3843,#3844);
#3088=AXIS2_PLACEMENT_3D('',#5264,#3845,#3846);
#3089=AXIS2_PLACEMENT_3D('',#5265,#3847,#3848);
#3090=AXIS2_PLACEMENT_3D('',#5266,#3849,#3850);
#3091=AXIS2_PLACEMENT_3D('',#5278,#3851,#3852);
#3092=AXIS2_PLACEMENT_3D('',#5279,#3853,#3854);
#3093=AXIS2_PLACEMENT_3D('',#5281,#3855,#3856);
#3094=AXIS2_PLACEMENT_3D('',#5282,#3857,#3858);
#3095=AXIS2_PLACEMENT_3D('',#5283,#3859,#3860);
#3096=AXIS2_PLACEMENT_3D('',#5286,#3861,#3862);
#3097=AXIS2_PLACEMENT_3D('',#5293,#3863,#3864);
#3098=AXIS2_PLACEMENT_3D('',#5300,#3865,#3866);
#3099=AXIS2_PLACEMENT_3D('',#5301,#3867,#3868);
#3100=AXIS2_PLACEMENT_3D('',#5302,#3869,#3870);
#3101=AXIS2_PLACEMENT_3D('',#5314,#3871,#3872);
#3102=AXIS2_PLACEMENT_3D('',#5315,#3873,#3874);
#3103=AXIS2_PLACEMENT_3D('',#5317,#3875,#3876);
#3104=AXIS2_PLACEMENT_3D('',#5318,#3877,#3878);
#3105=AXIS2_PLACEMENT_3D('',#5319,#3879,#3880);
#3106=AXIS2_PLACEMENT_3D('',#5321,#3881,#3882);
#3107=AXIS2_PLACEMENT_3D('',#5323,#3883,#3884);
#3108=AXIS2_PLACEMENT_3D('',#5324,#3885,#3886);
#3109=AXIS2_PLACEMENT_3D('',#5325,#3887,#3888);
#3110=AXIS2_PLACEMENT_3D('',#5327,#3889,#3890);
#3111=AXIS2_PLACEMENT_3D('',#5328,#3891,#3892);
#3112=AXIS2_PLACEMENT_3D('',#5330,#3893,#3894);
#3113=AXIS2_PLACEMENT_3D('',#5331,#3895,#3896);
#3114=AXIS2_PLACEMENT_3D('',#5333,#3897,#3898);
#3115=AXIS2_PLACEMENT_3D('',#5335,#3899,#3900);
#3116=AXIS2_PLACEMENT_3D('',#5336,#3901,#3902);
#3117=AXIS2_PLACEMENT_3D('',#5338,#3903,#3904);
#3118=AXIS2_PLACEMENT_3D('',#5340,#3905,#3906);
#3119=AXIS2_PLACEMENT_3D('',#5341,#3907,#3908);
#3120=AXIS2_PLACEMENT_3D('',#5354,#3909,#3910);
#3121=AXIS2_PLACEMENT_3D('',#5367,#3911,#3912);
#3122=AXIS2_PLACEMENT_3D('',#5368,#3913,#3914);
#3123=AXIS2_PLACEMENT_3D('',#5369,#3915,#3916);
#3124=AXIS2_PLACEMENT_3D('',#5382,#3917,#3918);
#3125=AXIS2_PLACEMENT_3D('',#5407,#3919,#3920);
#3126=AXIS2_PLACEMENT_3D('',#5420,#3921,#3922);
#3127=AXIS2_PLACEMENT_3D('',#5421,#3923,#3924);
#3128=AXIS2_PLACEMENT_3D('',#5422,#3925,#3926);
#3129=AXIS2_PLACEMENT_3D('',#5435,#3927,#3928);
#3130=AXIS2_PLACEMENT_3D('',#5448,#3929,#3930);
#3131=AXIS2_PLACEMENT_3D('',#5449,#3931,#3932);
#3132=DIRECTION('',(0.,0.,1.));
#3133=DIRECTION('',(1.,0.,0.));
#3134=DIRECTION('',(0.,0.,-1.));
#3135=DIRECTION('',(-1.,0.,0.));
#3136=DIRECTION('',(0.,0.,-1.));
#3137=DIRECTION('',(-1.,0.,0.));
#3138=DIRECTION('',(0.,0.,-1.));
#3139=DIRECTION('',(-1.,0.,0.));
#3140=DIRECTION('',(-1.,6.02934254911523E-14,0.));
#3141=DIRECTION('',(0.,0.,-1.));
#3142=DIRECTION('',(-1.,0.,0.));
#3143=DIRECTION('',(-1.,6.02934254911523E-14,0.));
#3144=DIRECTION('',(-0.707106781186547,-0.707106781186548,0.));
#3145=DIRECTION('',(0.,0.,-1.));
#3146=DIRECTION('',(-1.,0.,0.));
#3147=DIRECTION('',(1.21138713423271E-17,-1.,0.));
#3148=DIRECTION('',(0.,0.,-1.));
#3149=DIRECTION('',(4.1167717996827E-15,-1.,0.));
#3150=DIRECTION('',(0.721928369073,-0.691967795441087,0.));
#3151=DIRECTION('',(-7.139953862333E-29,1.,0.));
#3152=DIRECTION('',(0.,0.,-1.));
#3153=DIRECTION('',(0.707106781186585,-0.707106781186511,0.));
#3154=DIRECTION('',(1.,8.92494232791578E-29,0.));
#3155=DIRECTION('',(0.,0.,-1.));
#3156=DIRECTION('',(-0.707106781183539,-0.707106781189556,0.));
#3157=DIRECTION('',(-4.19962208960483E-12,1.,0.));
#3158=DIRECTION('',(0.721928369073,0.691967795441087,0.));
#3159=DIRECTION('',(0.,0.,-1.));
#3160=DIRECTION('',(-4.11677179968274E-15,1.,0.));
#3161=DIRECTION('',(1.21138713423271E-17,-1.,0.));
#3162=DIRECTION('',(0.,0.,-1.));
#3163=DIRECTION('',(-1.,0.,0.));
#3164=DIRECTION('',(0.707106781186547,-0.707106781186548,0.));
#3165=DIRECTION('',(-1.,6.02934254911523E-14,0.));
#3166=DIRECTION('',(0.,0.,-1.));
#3167=DIRECTION('',(-1.,0.,0.));
#3168=DIRECTION('',(0.,0.,-1.));
#3169=DIRECTION('',(-1.,0.,0.));
#3170=DIRECTION('',(0.,0.,-1.));
#3171=DIRECTION('',(-1.,0.,0.));
#3172=DIRECTION('',(0.,0.,-1.));
#3173=DIRECTION('',(-1.,0.,0.));
#3174=DIRECTION('',(5.85742670562543E-14,0.971486801075013,0.237093642548758));
#3175=DIRECTION('',(-1.03384599698742E-13,0.237093642548758,-0.971486801075014));
#3176=DIRECTION('',(-1.,6.02934254911523E-14,0.));
#3177=DIRECTION('',(5.85742670562543E-14,0.971486801075013,0.237093642548758));
#3178=DIRECTION('',(1.42951878714394E-14,0.237093642548758,-0.971486801075013));
#3179=DIRECTION('',(1.,-6.02934254911524E-14,0.));
#3180=DIRECTION('',(5.85742670562543E-14,0.971486801075013,0.237093642548758));
#3181=DIRECTION('',(1.42951878714394E-14,0.237093642548758,-0.971486801075013));
#3182=DIRECTION('',(-1.,6.02934254911523E-14,0.));
#3183=DIRECTION('',(5.85742670562543E-14,0.971486801075013,0.237093642548758));
#3184=DIRECTION('',(1.42951878714394E-14,0.237093642548758,-0.971486801075013));
#3185=DIRECTION('',(1.,-6.02934254911524E-14,0.));
#3186=DIRECTION('',(5.85742670562543E-14,0.971486801075013,0.237093642548758));
#3187=DIRECTION('',(1.42951878714394E-14,0.237093642548758,-0.971486801075013));
#3188=DIRECTION('',(-1.,6.02934254911523E-14,0.));
#3189=DIRECTION('',(0.0612020885858686,-0.236649185645773,0.969665647161908));
#3190=DIRECTION('',(1.,-6.02934254911524E-14,0.));
#3191=DIRECTION('',(-0.0612020885846049,-0.236649185645785,0.969665647161985));
#3192=DIRECTION('',(-1.,6.02934254911523E-14,0.));
#3193=DIRECTION('',(6.02934254911523E-14,1.,-1.57713813111996E-13));
#3194=DIRECTION('',(-1.,6.02934254911523E-14,0.));
#3195=DIRECTION('',(6.02934254911523E-14,1.,-1.57713813111996E-13));
#3196=DIRECTION('',(-1.,6.02934254911523E-14,0.));
#3197=DIRECTION('',(6.02934254911523E-14,1.,0.));
#3198=DIRECTION('',(-1.,6.02934254911523E-14,0.));
#3199=DIRECTION('',(6.02934254911523E-14,1.,-1.57713813111996E-13));
#3200=DIRECTION('',(-1.,6.02934254911523E-14,0.));
#3201=DIRECTION('',(6.02934254911523E-14,1.,0.));
#3202=DIRECTION('',(-1.,0.,0.));
#3203=DIRECTION('',(0.,1.,0.));
#3204=DIRECTION('',(0.,1.,0.));
#3205=DIRECTION('',(0.,0.,-1.));
#3206=DIRECTION('',(0.,1.,0.));
#3207=DIRECTION('',(0.,0.,1.));
#3208=DIRECTION('',(0.,0.,1.));
#3209=DIRECTION('',(-1.,0.,0.));
#3210=DIRECTION('',(0.,1.,0.));
#3211=DIRECTION('',(0.,1.,0.));
#3212=DIRECTION('',(0.,0.,1.));
#3213=DIRECTION('',(0.,0.,1.));
#3214=DIRECTION('',(0.,1.,0.));
#3215=DIRECTION('',(-1.,0.,0.));
#3216=DIRECTION('',(0.,1.,0.));
#3217=DIRECTION('',(0.,1.,0.));
#3218=DIRECTION('',(0.,0.,1.));
#3219=DIRECTION('',(0.,0.,1.));
#3220=DIRECTION('',(0.,1.,0.));
#3221=DIRECTION('',(0.,0.,-1.));
#3222=DIRECTION('',(-1.,0.,0.));
#3223=DIRECTION('',(0.,1.,0.));
#3224=DIRECTION('',(0.,1.,0.));
#3225=DIRECTION('',(0.,1.,0.));
#3226=DIRECTION('',(0.,0.,1.));
#3227=DIRECTION('',(0.,0.,1.));
#3228=DIRECTION('',(0.,-1.,0.));
#3229=DIRECTION('',(-1.,0.,0.));
#3230=DIRECTION('',(-1.,0.,0.));
#3231=DIRECTION('',(0.,0.,-1.));
#3232=DIRECTION('',(-1.,0.,0.));
#3233=DIRECTION('',(-1.,0.,0.));
#3234=DIRECTION('',(0.,1.,0.));
#3235=DIRECTION('',(0.,-1.,0.));
#3236=DIRECTION('',(0.,-1.,0.));
#3237=DIRECTION('',(0.,0.,-1.));
#3238=DIRECTION('',(-1.,0.,0.));
#3239=DIRECTION('',(0.,1.,0.));
#3240=DIRECTION('',(0.,-1.,0.));
#3241=DIRECTION('',(0.,0.,-1.));
#3242=DIRECTION('',(0.,-1.,0.));
#3243=DIRECTION('',(0.,-1.,0.));
#3244=DIRECTION('',(-1.,0.,0.));
#3245=DIRECTION('',(-1.,0.,0.));
#3246=DIRECTION('',(-1.,0.,0.));
#3247=DIRECTION('',(-1.,0.,0.));
#3248=DIRECTION('',(0.,1.,0.));
#3249=DIRECTION('',(0.,-1.,0.));
#3250=DIRECTION('',(0.,0.,-1.));
#3251=DIRECTION('',(0.,-1.,0.));
#3252=DIRECTION('',(0.,-1.,0.));
#3253=DIRECTION('',(-1.,0.,0.));
#3254=DIRECTION('',(-1.,0.,0.));
#3255=DIRECTION('',(-1.,0.,0.));
#3256=DIRECTION('',(0.,0.,-1.));
#3257=DIRECTION('',(0.,-1.,0.));
#3258=DIRECTION('',(-1.,0.,0.));
#3259=DIRECTION('',(-1.,0.,0.));
#3260=DIRECTION('',(-1.,0.,0.));
#3261=DIRECTION('',(-1.,0.,0.));
#3262=DIRECTION('',(0.,1.,0.));
#3263=DIRECTION('',(0.,-1.,0.));
#3264=DIRECTION('',(0.,-1.,0.));
#3265=DIRECTION('',(0.,0.,-1.));
#3266=DIRECTION('',(0.,0.,-1.));
#3267=DIRECTION('',(-1.,0.,0.));
#3268=DIRECTION('',(0.,0.,-1.));
#3269=DIRECTION('',(-1.,0.,0.));
#3270=DIRECTION('',(-1.,0.,0.));
#3271=DIRECTION('',(-1.,0.,0.));
#3272=DIRECTION('',(0.,0.,-1.));
#3273=DIRECTION('',(-1.,0.,0.));
#3274=DIRECTION('',(-1.,0.,0.));
#3275=DIRECTION('',(0.,0.,-1.));
#3276=DIRECTION('',(-1.,0.,0.));
#3277=DIRECTION('',(-1.,0.,0.));
#3278=DIRECTION('',(0.,0.,-1.));
#3279=DIRECTION('',(-1.,0.,0.));
#3280=DIRECTION('',(0.,0.,-1.));
#3281=DIRECTION('',(-1.,0.,0.));
#3282=DIRECTION('',(0.,0.,-1.));
#3283=DIRECTION('',(-1.,0.,0.));
#3284=DIRECTION('',(0.,0.,-1.));
#3285=DIRECTION('',(-1.,0.,0.));
#3286=DIRECTION('',(0.,0.,-1.));
#3287=DIRECTION('',(-1.,0.,0.));
#3288=DIRECTION('',(0.,0.,-1.));
#3289=DIRECTION('',(-1.,0.,0.));
#3290=DIRECTION('',(0.,0.,-1.));
#3291=DIRECTION('',(-1.,0.,0.));
#3292=DIRECTION('',(0.,0.,-1.));
#3293=DIRECTION('',(-1.,0.,0.));
#3294=DIRECTION('',(0.,0.,-1.));
#3295=DIRECTION('',(-1.,0.,0.));
#3296=DIRECTION('',(0.,0.,-1.));
#3297=DIRECTION('',(-1.,0.,0.));
#3298=DIRECTION('',(0.,0.,-1.));
#3299=DIRECTION('',(-1.,0.,0.));
#3300=DIRECTION('',(0.,0.,-1.));
#3301=DIRECTION('',(-1.,0.,0.));
#3302=DIRECTION('',(0.,0.,-1.));
#3303=DIRECTION('',(-1.,0.,0.));
#3304=DIRECTION('',(0.,0.,-1.));
#3305=DIRECTION('',(-1.,0.,0.));
#3306=DIRECTION('',(0.,0.,-1.));
#3307=DIRECTION('',(-1.,0.,0.));
#3308=DIRECTION('',(0.,0.,-1.));
#3309=DIRECTION('',(-1.,0.,0.));
#3310=DIRECTION('',(0.,0.,-1.));
#3311=DIRECTION('',(-1.,0.,0.));
#3312=DIRECTION('',(0.,0.,-1.));
#3313=DIRECTION('',(-1.,0.,0.));
#3314=DIRECTION('',(-1.,0.,0.));
#3315=DIRECTION('',(0.,1.,0.));
#3316=DIRECTION('',(0.,1.,0.));
#3317=DIRECTION('',(0.,0.,-1.));
#3318=DIRECTION('',(0.,1.,0.));
#3319=DIRECTION('',(0.,0.,1.));
#3320=DIRECTION('',(0.,0.,1.));
#3321=DIRECTION('',(-1.,0.,0.));
#3322=DIRECTION('',(0.,1.,0.));
#3323=DIRECTION('',(0.,1.,0.));
#3324=DIRECTION('',(0.,0.,1.));
#3325=DIRECTION('',(0.,0.,1.));
#3326=DIRECTION('',(0.,1.,0.));
#3327=DIRECTION('',(-1.,0.,0.));
#3328=DIRECTION('',(0.,1.,0.));
#3329=DIRECTION('',(0.,1.,0.));
#3330=DIRECTION('',(0.,0.,1.));
#3331=DIRECTION('',(0.,0.,1.));
#3332=DIRECTION('',(0.,1.,0.));
#3333=DIRECTION('',(0.,0.,-1.));
#3334=DIRECTION('',(-1.,0.,0.));
#3335=DIRECTION('',(0.,1.,0.));
#3336=DIRECTION('',(0.,1.,0.));
#3337=DIRECTION('',(0.,1.,0.));
#3338=DIRECTION('',(0.,0.,1.));
#3339=DIRECTION('',(0.,0.,1.));
#3340=DIRECTION('',(0.,-1.,0.));
#3341=DIRECTION('',(-1.,0.,0.));
#3342=DIRECTION('',(-1.,0.,0.));
#3343=DIRECTION('',(0.,0.,-1.));
#3344=DIRECTION('',(-1.,0.,0.));
#3345=DIRECTION('',(-1.,0.,0.));
#3346=DIRECTION('',(0.,1.,0.));
#3347=DIRECTION('',(0.,-1.,0.));
#3348=DIRECTION('',(0.,-1.,0.));
#3349=DIRECTION('',(0.,0.,-1.));
#3350=DIRECTION('',(-1.,0.,0.));
#3351=DIRECTION('',(0.,1.,0.));
#3352=DIRECTION('',(0.,-1.,0.));
#3353=DIRECTION('',(0.,0.,-1.));
#3354=DIRECTION('',(0.,-1.,0.));
#3355=DIRECTION('',(0.,-1.,0.));
#3356=DIRECTION('',(-1.,0.,0.));
#3357=DIRECTION('',(-1.,0.,0.));
#3358=DIRECTION('',(-1.,0.,0.));
#3359=DIRECTION('',(-1.,0.,0.));
#3360=DIRECTION('',(0.,1.,0.));
#3361=DIRECTION('',(0.,-1.,0.));
#3362=DIRECTION('',(0.,0.,-1.));
#3363=DIRECTION('',(0.,-1.,0.));
#3364=DIRECTION('',(0.,-1.,0.));
#3365=DIRECTION('',(-1.,0.,0.));
#3366=DIRECTION('',(-1.,0.,0.));
#3367=DIRECTION('',(-1.,0.,0.));
#3368=DIRECTION('',(0.,0.,-1.));
#3369=DIRECTION('',(0.,-1.,0.));
#3370=DIRECTION('',(-1.,0.,0.));
#3371=DIRECTION('',(-1.,0.,0.));
#3372=DIRECTION('',(-1.,0.,0.));
#3373=DIRECTION('',(-1.,0.,0.));
#3374=DIRECTION('',(0.,1.,0.));
#3375=DIRECTION('',(0.,-1.,0.));
#3376=DIRECTION('',(0.,-1.,0.));
#3377=DIRECTION('',(0.,0.,-1.));
#3378=DIRECTION('',(0.,0.,-1.));
#3379=DIRECTION('',(-1.,0.,0.));
#3380=DIRECTION('',(0.,0.,-1.));
#3381=DIRECTION('',(-1.,0.,0.));
#3382=DIRECTION('',(-1.,0.,0.));
#3383=DIRECTION('',(-1.,0.,0.));
#3384=DIRECTION('',(0.,0.,-1.));
#3385=DIRECTION('',(-1.,0.,0.));
#3386=DIRECTION('',(-1.,0.,0.));
#3387=DIRECTION('',(0.,0.,-1.));
#3388=DIRECTION('',(-1.,0.,0.));
#3389=DIRECTION('',(-1.,0.,0.));
#3390=DIRECTION('',(0.,0.,-1.));
#3391=DIRECTION('',(-1.,0.,0.));
#3392=DIRECTION('',(0.,0.,-1.));
#3393=DIRECTION('',(-1.,0.,0.));
#3394=DIRECTION('',(0.,0.,-1.));
#3395=DIRECTION('',(-1.,0.,0.));
#3396=DIRECTION('',(0.,0.,-1.));
#3397=DIRECTION('',(-1.,0.,0.));
#3398=DIRECTION('',(0.,0.,-1.));
#3399=DIRECTION('',(-1.,0.,0.));
#3400=DIRECTION('',(0.,0.,-1.));
#3401=DIRECTION('',(-1.,0.,0.));
#3402=DIRECTION('',(0.,0.,-1.));
#3403=DIRECTION('',(-1.,0.,0.));
#3404=DIRECTION('',(0.,0.,-1.));
#3405=DIRECTION('',(-1.,0.,0.));
#3406=DIRECTION('',(0.,0.,-1.));
#3407=DIRECTION('',(-1.,0.,0.));
#3408=DIRECTION('',(0.,0.,-1.));
#3409=DIRECTION('',(-1.,0.,0.));
#3410=DIRECTION('',(0.,0.,-1.));
#3411=DIRECTION('',(-1.,0.,0.));
#3412=DIRECTION('',(0.,0.,-1.));
#3413=DIRECTION('',(-1.,0.,0.));
#3414=DIRECTION('',(0.,0.,-1.));
#3415=DIRECTION('',(-1.,0.,0.));
#3416=DIRECTION('',(0.,0.,-1.));
#3417=DIRECTION('',(-1.,0.,0.));
#3418=DIRECTION('',(0.,0.,-1.));
#3419=DIRECTION('',(-1.,0.,0.));
#3420=DIRECTION('',(0.,0.,-1.));
#3421=DIRECTION('',(-1.,0.,0.));
#3422=DIRECTION('',(0.,0.,-1.));
#3423=DIRECTION('',(-1.,0.,0.));
#3424=DIRECTION('',(0.,0.,-1.));
#3425=DIRECTION('',(-1.,0.,0.));
#3426=DIRECTION('',(0.,0.,-1.));
#3427=DIRECTION('',(-1.,0.,0.));
#3428=DIRECTION('',(0.,0.,-1.));
#3429=DIRECTION('',(-1.,0.,0.));
#3430=DIRECTION('',(0.,0.,-1.));
#3431=DIRECTION('',(-1.,0.,0.));
#3432=DIRECTION('',(0.,0.,-1.));
#3433=DIRECTION('',(-1.,0.,0.));
#3434=DIRECTION('',(0.,0.707106781186548,0.707106781186548));
#3435=DIRECTION('',(1.,0.,0.));
#3436=DIRECTION('',(-0.252733199495569,0.684151273430348,-0.684151273430348));
#3437=DIRECTION('',(1.,0.,0.));
#3438=DIRECTION('',(-0.252733199495569,-0.684151273430348,0.684151273430348));
#3439=DIRECTION('',(0.577350269187886,0.577350269190496,-0.577350269190496));
#3440=DIRECTION('',(0.,0.707106781186548,0.707106781186548));
#3441=DIRECTION('',(5.93916251596142E-12,-0.707106781186548,0.707106781186548));
#3442=DIRECTION('',(1.,1.06418944224796E-13,-1.06418944224796E-13));
#3443=DIRECTION('',(0.,0.707106781186548,0.707106781186548));
#3444=DIRECTION('',(7.3864315492473E-38,-0.707106781186548,0.707106781186548));
#3445=DIRECTION('',(0.577350269189666,-0.577350269189605,0.577350269189606));
#3446=DIRECTION('',(0.,0.,-1.));
#3447=DIRECTION('',(-1.,0.,0.));
#3448=DIRECTION('',(-0.707106781186548,-0.707106781186547,0.));
#3449=DIRECTION('',(-0.707106781186547,0.707106781186548,0.));
#3450=DIRECTION('',(0.250381721394646,-0.968147196242107,-1.75897049202561E-25));
#3451=DIRECTION('',(-0.968147196242108,-0.250381721394646,0.));
#3452=DIRECTION('',(0.0612020885858686,-0.236649185645773,0.969665647161908));
#3453=DIRECTION('',(0.,0.971486801075012,0.237093642548762));
#3454=DIRECTION('',(0.,0.,-1.));
#3455=DIRECTION('',(-1.,0.,0.));
#3456=DIRECTION('',(-0.25038172139058,-0.968147196243159,5.32907168871455E-14));
#3457=DIRECTION('',(-0.968147196243159,0.25038172139058,0.));
#3458=DIRECTION('',(0.707106781186548,-0.707106781186547,0.));
#3459=DIRECTION('',(-0.707106781186547,-0.707106781186548,0.));
#3460=DIRECTION('',(-0.0612020885846049,-0.236649185645785,0.969665647161985));
#3461=DIRECTION('',(0.,0.971486801075014,0.237093642548754));
#3462=DIRECTION('',(0.0612020885858686,-0.236649185645773,0.969665647161908));
#3463=DIRECTION('',(-2.01470745965489E-12,0.971486801074983,0.237093642548881));
#3464=DIRECTION('',(0.0612020885858686,-0.236649185645773,0.969665647161908));
#3465=DIRECTION('',(-0.968147196242107,-0.250381721394646,-6.18399836227518E-14));
#3466=DIRECTION('',(0.250381721394646,-0.968147196242107,-5.79941066749143E-13));
#3467=DIRECTION('',(-0.250381721394646,0.968147196242107,1.75897049202561E-25));
#3468=DIRECTION('',(8.61562526894931E-14,-8.61562526894932E-14,-1.));
#3469=DIRECTION('',(-0.250381721394646,0.968147196242108,0.));
#3470=DIRECTION('',(-0.0612020885846049,-0.236649185645785,0.969665647161985));
#3471=DIRECTION('',(-2.01470745965504E-12,0.971486801075043,0.237093642548634));
#3472=DIRECTION('',(-0.0612020885846049,-0.236649185645785,0.969665647161985));
#3473=DIRECTION('',(0.968147196243159,-0.25038172139058,-2.67898388578435E-13));
#3474=DIRECTION('',(-0.25038172139058,-0.968147196243159,-5.26650349861822E-13));
#3475=DIRECTION('',(-0.25038172139058,-0.968147196243159,0.));
#3476=DIRECTION('',(-3.73239446538521E-13,-3.73239446538521E-13,-1.));
#3477=DIRECTION('',(0.25038172139058,0.968147196243159,-5.32907168871455E-14));
#3478=DIRECTION('',(-0.25038172139058,-0.968147196243159,5.32907168871455E-14));
#3479=DIRECTION('',(0.968147196243159,-0.25038172139058,-2.46122249094758E-13));
#3480=DIRECTION('',(-0.921339453871896,0.388759065153517,2.32916841809148E-14));
#3481=DIRECTION('',(-0.388759065153517,-0.921339453871896,5.73067299043174E-14));
#3482=DIRECTION('',(0.250381721394646,-0.968147196242107,-1.75897049202561E-25));
#3483=DIRECTION('',(-0.968147196242107,-0.250381721394646,-4.00638441390746E-14));
#3484=DIRECTION('',(-0.921339453870801,-0.388759065156112,7.68790280494535E-26));
#3485=DIRECTION('',(0.388759065156112,-0.921339453870801,0.));
#3486=DIRECTION('',(-1.06418944224796E-13,0.,-1.));
#3487=DIRECTION('',(-1.,0.,1.06418944224796E-13));
#3488=DIRECTION('',(5.22299583724302E-38,-1.,-5.55825702687233E-51));
#3489=DIRECTION('',(1.,1.06418944224796E-13,-1.06418944224796E-13));
#3490=DIRECTION('',(4.19962208960528E-12,-1.,-4.46919348916775E-25));
#3491=DIRECTION('',(1.,1.06418944224796E-13,-1.06418944224796E-13));
#3492=DIRECTION('',(0.707106781186511,5.04870979341448E-29,-0.707106781186585));
#3493=DIRECTION('',(5.22299583724302E-38,-1.,-5.55825702687233E-51));
#3494=DIRECTION('',(0.707106781186511,5.04870979341448E-29,-0.707106781186585));
#3495=DIRECTION('',(-0.491888822067726,0.718394580609918,-0.491888822067675));
#3496=DIRECTION('',(0.577350269189667,-0.577350269189606,0.577350269189606));
#3497=DIRECTION('',(5.22299583724302E-38,-1.,-5.55825702687233E-51));
#3498=DIRECTION('',(-0.577350269189666,0.577350269189606,-0.577350269189606));
#3499=DIRECTION('',(-7.139953862333E-29,1.,-2.56217212203604E-45));
#3500=DIRECTION('',(5.22299583724302E-38,-1.,-5.55825702687233E-51));
#3501=DIRECTION('',(1.06418944224796E-13,0.,1.));
#3502=DIRECTION('',(4.33746195577934E-39,-0.74740931868366,-0.66436383882992));
#3503=DIRECTION('',(0.,-0.66436383882992,0.74740931868366));
#3504=DIRECTION('',(1.46725148476135E-29,-0.986393923832144,-0.164398987305357));
#3505=DIRECTION('',(0.,-0.164398987305357,0.986393923832144));
#3506=DIRECTION('',(-6.3108872417681E-29,0.707106781186547,0.707106781186548));
#3507=DIRECTION('',(-1.,1.79927424960937E-28,0.));
#3508=DIRECTION('',(-0.577350269187119,-0.577350269192031,0.577350269189728));
#3509=DIRECTION('',(-1.,-8.92494232791578E-29,0.));
#3510=DIRECTION('',(0.577350269189666,-0.577350269189606,0.577350269189606));
#3511=DIRECTION('',(-6.3108872417681E-29,0.707106781186547,0.707106781186548));
#3512=DIRECTION('',(-6.31088723438165E-29,-0.707106781186548,0.707106781186547));
#3513=DIRECTION('',(-1.,-1.06418944224796E-13,1.06418944224796E-13));
#3514=DIRECTION('',(-6.3108872417681E-29,0.707106781186547,0.707106781186548));
#3515=DIRECTION('',(5.93916251596141E-12,-0.707106781186548,0.707106781186547));
#3516=DIRECTION('',(1.,1.06418944224796E-13,-1.06418944224796E-13));
#3517=DIRECTION('',(1.06418944224735E-13,-1.,-5.71499572020079E-13));
#3518=DIRECTION('',(1.,8.92494232269279E-29,5.22298970115468E-38));
#3519=DIRECTION('',(8.92494232269279E-29,-1.,0.));
#3520=DIRECTION('',(1.,1.06418944224796E-13,-1.06418944224796E-13));
#3521=DIRECTION('',(-1.06418944224796E-13,0.,-1.));
#3522=DIRECTION('',(0.577350269189666,-0.577350269189606,0.577350269189605));
#3523=DIRECTION('',(-0.707106781186511,-0.707106781186585,0.));
#3524=DIRECTION('',(0.577350269189666,-0.577350269189606,0.577350269189605));
#3525=DIRECTION('',(0.707106781186713,4.04111222820506E-13,-0.707106781186383));
#3526=DIRECTION('',(-0.192450089729879,0.192450089729859,0.962250448649379));
#3527=DIRECTION('',(0.680413817439809,-0.680413817439738,0.272165526975901));
#3528=DIRECTION('',(-0.577350269187119,-0.577350269192031,0.577350269189727));
#3529=DIRECTION('',(-0.707106781186863,-2.56547003516121E-12,-0.707106781186233));
#3530=DIRECTION('',(0.577350269187119,0.577350269192031,-0.577350269189728));
#3531=DIRECTION('',(0.192450089729085,0.192450089730723,0.962250448649365));
#3532=DIRECTION('',(-0.680413817436869,-0.680413817442658,0.272165526975948));
#3533=DIRECTION('',(-0.57735026918463,-0.577350269192124,0.577350269192123));
#3534=DIRECTION('',(0.,0.707106781186547,0.707106781186548));
#3535=DIRECTION('',(3.45206809298158E-12,-0.986393923832144,-0.164398987305357));
#3536=DIRECTION('',(4.83272768859554E-12,-0.164398987305357,0.986393923832144));
#3537=DIRECTION('',(4.19962208960528E-12,-1.,-4.46919348916775E-25));
#3538=DIRECTION('',(1.06418944223771E-13,0.,1.));
#3539=DIRECTION('',(3.48759631635637E-13,-0.74740931868366,-0.66436383882992));
#3540=DIRECTION('',(5.92900820493584E-12,-0.66436383882992,0.74740931868366));
#3541=DIRECTION('',(4.19962208960528E-12,-1.,-4.46919348916775E-25));
#3542=DIRECTION('',(-0.707106781186661,-2.96958125798087E-12,-0.707106781186435));
#3543=DIRECTION('',(4.19962208960528E-12,-1.,-4.46919348916775E-25));
#3544=DIRECTION('',(0.577350269187886,0.577350269190496,-0.577350269190496));
#3545=DIRECTION('',(-0.707106781186661,-2.96958125798087E-12,-0.707106781186435));
#3546=DIRECTION('',(-0.491888822065802,-0.718394580610344,0.491888822068977));
#3547=DIRECTION('',(-4.19962208960483E-12,1.,1.82325745790231E-40));
#3548=DIRECTION('',(1.,1.21138713423271E-17,-2.6512788637874E-15));
#3549=DIRECTION('',(-2.65127886378741E-15,5.71499572020068E-13,-1.));
#3550=DIRECTION('',(-2.6512788637874E-15,2.6512788637874E-15,-1.));
#3551=DIRECTION('',(1.21138713423271E-17,-1.,0.));
#3552=DIRECTION('',(2.23366382184422E-15,-0.542576545538997,0.840006364399085));
#3553=DIRECTION('',(1.21138713423271E-17,-1.,0.));
#3554=DIRECTION('',(1.,1.21138713423271E-17,-2.6512788637874E-15));
#3555=DIRECTION('',(-2.65127886378741E-15,5.71499572020068E-13,-1.));
#3556=DIRECTION('',(2.23366382184421E-15,-0.542576545539,0.840006364399083));
#3557=DIRECTION('',(1.21138713423271E-17,-1.,0.));
#3558=DIRECTION('',(-2.6512788637874E-15,-2.6512788637874E-15,-1.));
#3559=DIRECTION('',(1.21138713423271E-17,-1.,0.));
#3560=DIRECTION('',(4.19962208960483E-12,-1.,0.));
#3561=DIRECTION('',(-1.,-4.19962208960483E-12,0.));
#3562=DIRECTION('',(0.659158755190278,-0.606793036548456,-0.444198093481173));
#3563=DIRECTION('',(-0.50319931651036,-0.79485986865378,0.33909915521452));
#3564=DIRECTION('',(4.18265009221866E-12,-1.,1.73472347597729E-14));
#3565=DIRECTION('',(-1.,-4.18265009221866E-12,0.));
#3566=DIRECTION('',(1.,-1.01272886118572E-12,6.95045872708041E-12));
#3567=DIRECTION('',(6.95045872708041E-12,0.,-1.));
#3568=DIRECTION('',(-1.,-8.92494232791578E-29,0.));
#3569=DIRECTION('',(-8.92494232791578E-29,1.,0.));
#3570=DIRECTION('',(1.,4.62592926927149E-15,-4.62592926927148E-15));
#3571=DIRECTION('',(4.62592926927149E-15,-1.,0.));
#3572=DIRECTION('',(-1.7177016455482E-15,1.,8.0953762212251E-15));
#3573=DIRECTION('',(0.,8.0953762212251E-15,-1.));
#3574=DIRECTION('',(7.139953862333E-29,-1.,0.));
#3575=DIRECTION('',(-1.,-7.139953862333E-29,0.));
#3576=DIRECTION('',(-0.65915875519034,-0.606793036548525,-0.444198093480985));
#3577=DIRECTION('',(0.503199316512149,-0.794859868653727,0.339099155211991));
#3578=DIRECTION('',(0.627135801386841,0.654289302573529,0.422618261740699));
#3579=DIRECTION('',(0.778909934856967,-0.526798064507466,-0.340269176700303));
#3580=DIRECTION('',(-0.252733199495569,0.684151273430348,-0.684151273430348));
#3581=DIRECTION('',(0.627135801386841,0.654289302573529,0.422618261740699));
#3582=DIRECTION('',(0.542586862448085,-0.756244344466685,0.365641885129286));
#3583=DIRECTION('',(0.721928369073,-0.691967795441087,-3.35353063643429E-17));
#3584=DIRECTION('',(2.24820162486594E-15,-0.542576545539,0.840006364399083));
#3585=DIRECTION('',(0.721928369073,-0.691967795441087,0.));
#3586=DIRECTION('',(-0.627135801386841,0.654289302573529,0.422618261740699));
#3587=DIRECTION('',(0.778909934856967,0.526798064507466,0.340269176700303));
#3588=DIRECTION('',(2.20496343767657E-15,-0.542576545538997,0.840006364399085));
#3589=DIRECTION('',(0.721928369073,0.691967795441087,4.07191009267244E-18));
#3590=DIRECTION('',(-0.627135801386841,0.654289302573529,0.422618261740699));
#3591=DIRECTION('',(-0.542586862446351,-0.756244344466685,0.365641885131859));
#3592=DIRECTION('',(-0.252733199495569,-0.684151273430348,0.684151273430348));
#3593=DIRECTION('',(0.721928369073,0.691967795441087,0.));
#3594=DIRECTION('',(0.707106781186548,-0.707106781186547,0.));
#3595=DIRECTION('',(-0.707106781186547,-0.707106781186548,0.));
#3596=DIRECTION('',(-2.6512788637874E-15,-2.6512788637874E-15,-1.));
#3597=DIRECTION('',(-0.707106781186547,-0.707106781186548,0.));
#3598=DIRECTION('',(0.707106781186548,-0.707106781186547,0.));
#3599=DIRECTION('',(-0.707106781186547,-0.707106781186548,6.18487206005224E-14));
#3600=DIRECTION('',(-3.73239446538521E-13,-3.73239446538521E-13,-1.));
#3601=DIRECTION('',(-0.707106781186547,-0.707106781186548,0.));
#3602=DIRECTION('',(0.707106781186548,0.707106781186547,0.));
#3603=DIRECTION('',(0.707106781186547,-0.707106781186548,0.));
#3604=DIRECTION('',(0.707106781186548,0.707106781186547,0.));
#3605=DIRECTION('',(0.707106781186547,-0.707106781186548,-2.04144513079027E-25));
#3606=DIRECTION('',(0.707106781186547,-0.707106781186548,0.));
#3607=DIRECTION('',(-2.6512788637874E-15,2.6512788637874E-15,-1.));
#3608=DIRECTION('',(0.707106781186547,-0.707106781186548,0.));
#3609=DIRECTION('',(8.6156252689493E-14,-8.61562526894932E-14,-1.));
#3610=DIRECTION('',(3.73239446538521E-13,3.73239446538521E-13,1.));
#3611=DIRECTION('',(0.,1.,-3.73239446538521E-13));
#3612=DIRECTION('',(0.,0.,-1.));
#3613=DIRECTION('',(-1.,0.,0.));
#3614=DIRECTION('',(-3.73235854947531E-13,-3.73338074508643E-13,-1.));
#3615=DIRECTION('',(0.,-1.,3.73338074508643E-13));
#3616=DIRECTION('',(-0.70302291475079,-0.70302291475079,-0.107319908081435));
#3617=DIRECTION('',(-0.707106781186548,0.707106781186547,0.));
#3618=DIRECTION('',(0.707106781186548,-0.707106781186547,0.));
#3619=DIRECTION('',(-0.707106781186547,-0.707106781186548,0.));
#3620=DIRECTION('',(-2.6512788637874E-15,-2.6512788637874E-15,-1.));
#3621=DIRECTION('',(0.,-1.,2.6512788637874E-15));
#3622=DIRECTION('',(0.,0.,-1.));
#3623=DIRECTION('',(-1.,0.,0.));
#3624=DIRECTION('',(0.,0.,-1.));
#3625=DIRECTION('',(-1.,0.,0.));
#3626=DIRECTION('',(8.6156252689493E-14,-8.61562526894932E-14,-1.));
#3627=DIRECTION('',(0.,-1.,8.61562526894932E-14));
#3628=DIRECTION('',(0.,0.,-1.));
#3629=DIRECTION('',(-1.,0.,0.));
#3630=DIRECTION('',(8.539497226566E-14,-8.53949722656602E-14,-1.));
#3631=DIRECTION('',(0.,-1.,8.53949722656602E-14));
#3632=DIRECTION('',(0.703022914749625,-0.703022914749626,-0.107319908096689));
#3633=DIRECTION('',(-0.707106781186548,-0.707106781186547,0.));
#3634=DIRECTION('',(0.707106781186548,0.707106781186547,0.));
#3635=DIRECTION('',(0.707106781186547,-0.707106781186548,0.));
#3636=DIRECTION('',(-2.6512788637874E-15,2.6512788637874E-15,-1.));
#3637=DIRECTION('',(0.,-1.,-2.6512788637874E-15));
#3638=DIRECTION('',(0.,0.,-1.));
#3639=DIRECTION('',(-1.,0.,0.));
#3640=DIRECTION('',(0.,0.,-1.));
#3641=DIRECTION('',(-1.,0.,0.));
#3642=DIRECTION('',(-2.23366382184422E-15,0.542576545538997,-0.840006364399085));
#3643=DIRECTION('',(0.,-0.840006364399085,-0.542576545538997));
#3644=DIRECTION('',(2.59873841040909E-16,-0.0631256367090681,0.998005588155735));
#3645=DIRECTION('',(-4.03650046562262E-15,0.998005588155735,0.0631256367090681));
#3646=DIRECTION('',(2.23366382184421E-15,-0.542576545539,0.840006364399083));
#3647=DIRECTION('',(0.,0.840006364399083,0.542576545539));
#3648=DIRECTION('',(2.59873841040908E-16,-0.0631256367090683,0.998005588155735));
#3649=DIRECTION('',(4.03650046562262E-15,-0.998005588155735,-0.0631256367090683));
#3650=DIRECTION('',(-0.252733199495569,0.684151273430348,-0.684151273430348));
#3651=DIRECTION('',(0.,-0.707106781186548,-0.707106781186548));
#3652=DIRECTION('',(-0.68476765385907,-0.0316247559892263,0.728074951524202));
#3653=DIRECTION('',(-0.522539829585716,0.717698159575683,-0.460284127727873));
#3654=DIRECTION('',(-0.252733199495569,-0.684151273430348,0.684151273430348));
#3655=DIRECTION('',(0.,0.707106781186548,0.707106781186548));
#3656=DIRECTION('',(0.684767653859447,-0.031624755986083,0.728074951523984));
#3657=DIRECTION('',(-0.522539829583613,-0.717698159576248,0.460284127729379));
#3658=DIRECTION('',(0.40190675958074,-0.915680597481081,-4.01964618410473E-14));
#3659=DIRECTION('',(-0.915680597481081,-0.40190675958074,0.));
#3660=DIRECTION('',(0.295548453080316,-0.955327751026752,-9.62745696311734E-14));
#3661=DIRECTION('',(-0.955327751026752,-0.295548453080316,0.));
#3662=DIRECTION('',(0.707106781186546,-0.707106781186549,1.53329341668338E-15));
#3663=DIRECTION('',(-0.707106781186549,-0.707106781186547,0.));
#3664=DIRECTION('',(-0.707106781186547,0.707106781186548,0.));
#3665=DIRECTION('',(0.707106781186548,0.707106781186547,0.));
#3666=DIRECTION('',(0.707106781186546,-0.707106781186549,-1.53329341668337E-15));
#3667=DIRECTION('',(-0.707106781186549,-0.707106781186547,0.));
#3668=DIRECTION('',(0.,0.,-1.));
#3669=DIRECTION('',(-1.,0.,0.));
#3670=DIRECTION('',(0.,-1.,0.));
#3671=DIRECTION('',(0.,0.,1.));
#3672=DIRECTION('',(-1.21138713423271E-17,1.,0.));
#3673=DIRECTION('',(1.,1.21138713423271E-17,0.));
#3674=DIRECTION('',(0.,-1.,0.));
#3675=DIRECTION('',(0.,0.,1.));
#3676=DIRECTION('',(-0.721928369073,-0.691967795441088,-1.50046597421447E-15));
#3677=DIRECTION('',(-0.691967795441088,0.721928369073,0.));
#3678=DIRECTION('',(0.721928369073,0.691967795441087,0.));
#3679=DIRECTION('',(0.691967795441087,-0.721928369073,0.));
#3680=DIRECTION('',(-0.721928369073005,-0.691967795441082,-6.00186389685783E-15));
#3681=DIRECTION('',(-0.691967795441082,0.721928369073005,0.));
#3682=DIRECTION('',(-0.65363221610871,-0.737166050643597,0.171321743638508));
#3683=DIRECTION('',(-0.748228508925685,0.663441103965413,0.));
#3684=DIRECTION('',(-0.537714516881566,-0.649404493876145,0.537714516884463));
#3685=DIRECTION('',(0.,0.637762201821451,0.770233324342601));
#3686=DIRECTION('',(-0.577350269187887,-0.577350269190495,0.577350269190496));
#3687=DIRECTION('',(0.,0.707106781186548,0.707106781186547));
#3688=DIRECTION('',(0.577350269187886,0.577350269190496,-0.577350269190496));
#3689=DIRECTION('',(0.,-0.707106781186548,-0.707106781186548));
#3690=DIRECTION('',(-0.577350269187885,-0.577350269190496,0.577350269190496));
#3691=DIRECTION('',(0.,0.707106781186548,0.707106781186548));
#3692=DIRECTION('',(-1.,-1.06251812903579E-13,1.06251812903579E-13));
#3693=DIRECTION('',(1.06251812903579E-13,0.,1.));
#3694=DIRECTION('',(1.,1.06418944224796E-13,-1.06418944224796E-13));
#3695=DIRECTION('',(-1.06418944224796E-13,0.,-1.));
#3696=DIRECTION('',(-1.,-1.06251812903581E-13,1.06251812903581E-13));
#3697=DIRECTION('',(1.06251812903581E-13,0.,1.));
#3698=DIRECTION('',(-0.57735026918966,0.577350269189609,-0.577350269189609));
#3699=DIRECTION('',(-0.707106781186516,0.,0.707106781186579));
#3700=DIRECTION('',(0.577350269189666,-0.577350269189605,0.577350269189606));
#3701=DIRECTION('',(0.70710678118651,0.,-0.707106781186585));
#3702=DIRECTION('',(-0.577350269189665,0.577350269189606,-0.577350269189606));
#3703=DIRECTION('',(-0.707106781186512,0.,0.707106781186584));
#3704=DIRECTION('',(-0.537581528210094,0.649624661673695,-0.537581528210036));
#3705=DIRECTION('',(0.770416969438163,0.637540346332464,0.));
#3706=DIRECTION('',(-0.653391169347166,0.737261933247642,-0.171827883660052));
#3707=DIRECTION('',(0.748392789743416,0.663255781927355,0.));
#3708=DIRECTION('',(-0.721928369073003,0.691967795441085,0.));
#3709=DIRECTION('',(0.691967795441085,0.721928369073003,0.));
#3710=DIRECTION('',(0.721928369073,-0.691967795441087,0.));
#3711=DIRECTION('',(-0.691967795441087,-0.721928369073,0.));
#3712=DIRECTION('',(-0.721928369073,0.691967795441088,1.50046597421447E-15));
#3713=DIRECTION('',(0.691967795441088,0.721928369073,0.));
#3714=DIRECTION('',(0.,1.,0.));
#3715=DIRECTION('',(0.,0.,-1.));
#3716=DIRECTION('',(1.21138713423271E-17,-1.,0.));
#3717=DIRECTION('',(-1.,-1.21138713423271E-17,0.));
#3718=DIRECTION('',(0.,1.,0.));
#3719=DIRECTION('',(0.,0.,-1.));
#3720=DIRECTION('',(0.,0.,-1.));
#3721=DIRECTION('',(-1.,0.,0.));
#3722=DIRECTION('',(0.707106781186548,0.707106781186548,0.));
#3723=DIRECTION('',(0.707106781186548,-0.707106781186548,0.));
#3724=DIRECTION('',(-0.707106781186547,-0.707106781186548,0.));
#3725=DIRECTION('',(-0.707106781186548,0.707106781186547,0.));
#3726=DIRECTION('',(0.707106781186547,0.707106781186549,3.06658683336676E-15));
#3727=DIRECTION('',(0.707106781186549,-0.707106781186547,0.));
#3728=DIRECTION('',(0.295548453049568,0.955327751036265,-3.18568109549678E-12));
#3729=DIRECTION('',(0.955327751036265,-0.295548453049568,0.));
#3730=DIRECTION('',(0.401906759521555,0.915680597507058,6.65389444961567E-14));
#3731=DIRECTION('',(0.915680597507058,-0.401906759521555,0.));
#3732=DIRECTION('',(0.,0.,-1.));
#3733=DIRECTION('',(-1.,0.,0.));
#3734=DIRECTION('',(0.,0.,-1.));
#3735=DIRECTION('',(-1.,0.,0.));
#3736=DIRECTION('',(0.,0.,-1.));
#3737=DIRECTION('',(-1.,0.,0.));
#3738=DIRECTION('',(0.,0.,1.));
#3739=DIRECTION('',(1.,0.,0.));
#3740=DIRECTION('',(0.,0.,1.));
#3741=DIRECTION('',(1.,0.,0.));
#3742=DIRECTION('',(0.,0.,1.));
#3743=DIRECTION('',(1.,0.,0.));
#3744=DIRECTION('',(0.,0.,-1.));
#3745=DIRECTION('',(-1.,0.,0.));
#3746=DIRECTION('',(0.,0.,-1.));
#3747=DIRECTION('',(-1.,0.,0.));
#3748=DIRECTION('',(0.,0.,-1.));
#3749=DIRECTION('',(-1.,0.,0.));
#3750=DIRECTION('',(0.,0.,-1.));
#3751=DIRECTION('',(-1.,0.,0.));
#3752=DIRECTION('',(0.,0.,-1.));
#3753=DIRECTION('',(-1.,0.,0.));
#3754=DIRECTION('',(0.,0.,-1.));
#3755=DIRECTION('',(-1.,0.,0.));
#3756=DIRECTION('',(0.,0.,-1.));
#3757=DIRECTION('',(-1.,0.,0.));
#3758=DIRECTION('',(0.,0.,-1.));
#3759=DIRECTION('',(-1.,0.,0.));
#3760=DIRECTION('',(-0.489295120519098,-0.510480445302463,-0.707106781186548));
#3761=DIRECTION('',(0.489295120519098,0.510480445302463,-0.707106781186548));
#3762=DIRECTION('',(0.721928369073,-0.691967795441087,0.));
#3763=DIRECTION('',(-0.707106781186548,-8.56580057258087E-18,0.707106781186548));
#3764=DIRECTION('',(-0.707106781186548,-8.56580057258088E-18,-0.707106781186548));
#3765=DIRECTION('',(0.707106781186548,8.56580057258088E-18,-0.707106781186548));
#3766=DIRECTION('',(-0.707106781186548,0.,0.707106781186548));
#3767=DIRECTION('',(1.21138713423271E-17,-1.,0.));
#3768=DIRECTION('',(0.,0.,1.));
#3769=DIRECTION('',(-1.,0.,0.));
#3770=DIRECTION('',(-0.5,0.5,0.707106781186548));
#3771=DIRECTION('',(0.,0.,-1.));
#3772=DIRECTION('',(-1.,0.,0.));
#3773=DIRECTION('',(-0.5,0.5,-0.707106781186548));
#3774=DIRECTION('',(0.5,-0.5,-0.707106781186548));
#3775=DIRECTION('',(-0.5,0.5,0.707106781186548));
#3776=DIRECTION('',(-0.707106781186547,-0.707106781186548,0.));
#3777=DIRECTION('',(0.,0.,-1.));
#3778=DIRECTION('',(-1.,0.,0.));
#3779=DIRECTION('',(-0.684583447650281,0.17704661308044,0.707106781186548));
#3780=DIRECTION('',(0.,0.,-1.));
#3781=DIRECTION('',(-1.,0.,0.));
#3782=DIRECTION('',(-0.684583447650281,0.17704661308044,-0.707106781186548));
#3783=DIRECTION('',(0.684583447650281,-0.17704661308044,-0.707106781186548));
#3784=DIRECTION('',(-0.684583447650176,0.177046613080858,0.707106781186544));
#3785=DIRECTION('',(-0.25038172139058,-0.968147196243159,0.));
#3786=DIRECTION('',(4.26338900257597E-14,0.707106781186548,-0.707106781186548));
#3787=DIRECTION('',(-4.26338900257596E-14,-0.707106781186548,-0.707106781186548));
#3788=DIRECTION('',(-1.,6.02934254911524E-14,0.));
#3789=DIRECTION('',(0.684583447649537,0.177046613083315,0.707106781186548));
#3790=DIRECTION('',(0.684583447649538,0.177046613083315,-0.707106781186548));
#3791=DIRECTION('',(-0.684583447649537,-0.177046613083315,-0.707106781186548));
#3792=DIRECTION('',(0.684583447649537,0.177046613083315,0.707106781186548));
#3793=DIRECTION('',(-0.250381721394646,0.968147196242107,0.));
#3794=DIRECTION('',(0.,0.,-1.));
#3795=DIRECTION('',(-1.,0.,0.));
#3796=DIRECTION('',(0.5,0.5,0.707106781186548));
#3797=DIRECTION('',(0.,0.,-1.));
#3798=DIRECTION('',(-1.,0.,0.));
#3799=DIRECTION('',(0.5,0.5,-0.707106781186548));
#3800=DIRECTION('',(-0.5,-0.5,-0.707106781186548));
#3801=DIRECTION('',(0.5,0.5,0.707106781186548));
#3802=DIRECTION('',(-0.707106781186547,0.707106781186548,0.));
#3803=DIRECTION('',(0.,0.,1.));
#3804=DIRECTION('',(-1.,0.,0.));
#3805=DIRECTION('',(0.707106781186548,8.56580057258087E-18,0.707106781186548));
#3806=DIRECTION('',(0.,0.,-1.));
#3807=DIRECTION('',(-1.,0.,0.));
#3808=DIRECTION('',(0.707106781186548,8.56580057258088E-18,-0.707106781186548));
#3809=DIRECTION('',(-0.707106781186548,-8.56580057258088E-18,-0.707106781186548));
#3810=DIRECTION('',(0.707106781186546,0.,0.707106781186549));
#3811=DIRECTION('',(-1.21138713423271E-17,1.,0.));
#3812=DIRECTION('',(0.,0.,-1.));
#3813=DIRECTION('',(-1.,0.,0.));
#3814=DIRECTION('',(0.,0.,-1.));
#3815=DIRECTION('',(-1.,0.,0.));
#3816=DIRECTION('',(0.,0.,-1.));
#3817=DIRECTION('',(-1.,0.,0.));
#3818=DIRECTION('',(0.,0.,-1.));
#3819=DIRECTION('',(-1.,0.,0.));
#3820=DIRECTION('',(0.,0.,-1.));
#3821=DIRECTION('',(-1.,0.,0.));
#3822=DIRECTION('',(0.,0.,-1.));
#3823=DIRECTION('',(-1.,0.,0.));
#3824=DIRECTION('',(0.489295120519098,-0.510480445302463,-0.707106781186548));
#3825=DIRECTION('',(-0.489295120519098,0.510480445302463,-0.707106781186548));
#3826=DIRECTION('',(0.721928369073,0.691967795441087,0.));
#3827=DIRECTION('',(0.,0.,-1.));
#3828=DIRECTION('',(-1.,0.,0.));
#3829=DIRECTION('',(0.,0.,1.));
#3830=DIRECTION('',(1.,0.,0.));
#3831=DIRECTION('',(0.,0.,1.));
#3832=DIRECTION('',(1.,0.,0.));
#3833=DIRECTION('',(0.,0.,1.));
#3834=DIRECTION('',(1.,0.,0.));
#3835=DIRECTION('',(0.,0.,1.));
#3836=DIRECTION('',(1.,0.,0.));
#3837=DIRECTION('',(0.,0.,-1.));
#3838=DIRECTION('',(-1.,0.,0.));
#3839=DIRECTION('',(0.,0.,1.));
#3840=DIRECTION('',(1.,0.,0.));
#3841=DIRECTION('',(-5.87777433522584E-14,-0.97486156862797,-0.222811404582919));
#3842=DIRECTION('',(1.3364288058653E-14,0.222811404582919,-0.97486156862797));
#3843=DIRECTION('',(0.,0.,-1.));
#3844=DIRECTION('',(-1.,0.,0.));
#3845=DIRECTION('',(-5.87777433522584E-14,-0.97486156862797,-0.222811404582919));
#3846=DIRECTION('',(1.3364288058653E-14,0.222811404582919,-0.97486156862797));
#3847=DIRECTION('',(0.,0.,1.));
#3848=DIRECTION('',(-1.,0.,0.));
#3849=DIRECTION('',(0.,0.,1.));
#3850=DIRECTION('',(1.,0.,0.));
#3851=DIRECTION('',(0.,0.,-1.));
#3852=DIRECTION('',(-1.,0.,0.));
#3853=DIRECTION('',(0.,0.,1.));
#3854=DIRECTION('',(1.,0.,0.));
#3855=DIRECTION('',(0.,0.,-1.));
#3856=DIRECTION('',(-1.,0.,0.));
#3857=DIRECTION('',(0.,0.,-1.));
#3858=DIRECTION('',(-1.,0.,0.));
#3859=DIRECTION('',(0.,0.,1.));
#3860=DIRECTION('',(1.,0.,0.));
#3861=DIRECTION('',(-5.87777433522584E-14,-0.97486156862797,-0.222811404582919));
#3862=DIRECTION('',(1.3364288058653E-14,0.222811404582919,-0.97486156862797));
#3863=DIRECTION('',(0.,0.,-1.));
#3864=DIRECTION('',(-1.,0.,0.));
#3865=DIRECTION('',(-5.87777433522584E-14,-0.97486156862797,-0.222811404582919));
#3866=DIRECTION('',(1.3364288058653E-14,0.222811404582919,-0.97486156862797));
#3867=DIRECTION('',(0.,0.,1.));
#3868=DIRECTION('',(-1.,0.,0.));
#3869=DIRECTION('',(0.,0.,1.));
#3870=DIRECTION('',(1.,0.,0.));
#3871=DIRECTION('',(0.,0.,-1.));
#3872=DIRECTION('',(-1.,0.,0.));
#3873=DIRECTION('',(0.,0.,1.));
#3874=DIRECTION('',(1.,0.,0.));
#3875=DIRECTION('',(0.,0.,-1.));
#3876=DIRECTION('',(-1.,0.,0.));
#3877=DIRECTION('',(0.,0.,-1.));
#3878=DIRECTION('',(-1.,0.,0.));
#3879=DIRECTION('',(0.,0.,1.));
#3880=DIRECTION('',(1.,0.,0.));
#3881=DIRECTION('',(0.,0.,1.));
#3882=DIRECTION('',(1.,0.,0.));
#3883=DIRECTION('',(0.,0.,-1.));
#3884=DIRECTION('',(-1.,0.,0.));
#3885=DIRECTION('',(0.,0.,1.));
#3886=DIRECTION('',(-1.,0.,0.));
#3887=DIRECTION('',(0.,0.,1.));
#3888=DIRECTION('',(1.,0.,0.));
#3889=DIRECTION('',(0.,0.,-1.));
#3890=DIRECTION('',(-1.,0.,0.));
#3891=DIRECTION('',(0.,0.,-1.));
#3892=DIRECTION('',(-1.,0.,0.));
#3893=DIRECTION('',(0.,0.,-1.));
#3894=DIRECTION('',(-1.,0.,0.));
#3895=DIRECTION('',(0.,0.,1.));
#3896=DIRECTION('',(1.,0.,0.));
#3897=DIRECTION('',(0.,0.,1.));
#3898=DIRECTION('',(1.,0.,0.));
#3899=DIRECTION('',(0.,0.,-1.));
#3900=DIRECTION('',(-1.,0.,0.));
#3901=DIRECTION('',(0.,0.,-1.));
#3902=DIRECTION('',(-1.,0.,0.));
#3903=DIRECTION('',(0.,0.,1.));
#3904=DIRECTION('',(1.,0.,0.));
#3905=DIRECTION('',(0.,0.,1.));
#3906=DIRECTION('',(-1.,0.,0.));
#3907=DIRECTION('',(0.,0.,-1.));
#3908=DIRECTION('',(-1.,0.,0.));
#3909=DIRECTION('',(0.0803483877115703,-0.236327081256154,0.968345830402082));
#3910=DIRECTION('',(0.,0.971486801075012,0.237093642548762));
#3911=DIRECTION('',(0.0751658000500057,-0.997171049771724,-2.59472404440517E-14));
#3912=DIRECTION('',(-0.997171049771724,-0.0751658000500057,0.));
#3913=DIRECTION('',(0.,0.,-1.));
#3914=DIRECTION('',(-1.,0.,0.));
#3915=DIRECTION('',(0.0751658000500751,0.997171049771719,0.));
#3916=DIRECTION('',(0.997171049771719,-0.0751658000500751,0.));
#3917=DIRECTION('',(0.0803483877115835,0.236327081256141,-0.968345830402084));
#3918=DIRECTION('',(0.,-0.971486801075015,-0.23709364254875));
#3919=DIRECTION('',(0.0803483877114702,-0.236327081256156,0.96834583040209));
#3920=DIRECTION('',(0.,0.971486801075012,0.237093642548762));
#3921=DIRECTION('',(0.0751658000496419,-0.997171049771752,-2.59472404440524E-14));
#3922=DIRECTION('',(-0.997171049771752,-0.0751658000496419,0.));
#3923=DIRECTION('',(0.,0.,-1.));
#3924=DIRECTION('',(-1.,0.,0.));
#3925=DIRECTION('',(0.0751658000497109,0.997171049771746,0.));
#3926=DIRECTION('',(0.997171049771747,-0.0751658000497109,0.));
#3927=DIRECTION('',(0.0803483877114818,0.236327081256143,-0.968345830402092));
#3928=DIRECTION('',(0.,-0.971486801075015,-0.237093642548749));
#3929=DIRECTION('',(0.,0.,1.));
#3930=DIRECTION('',(1.,0.,0.));
#3931=DIRECTION('',(0.,0.,1.));
#3932=DIRECTION('',(1.,0.,0.));
#3933=CARTESIAN_POINT('',(0.,0.,0.));
#3934=CARTESIAN_POINT('',(-4.99552056119747,-5.48181172713489,8.8));
#3935=CARTESIAN_POINT('',(-9.49999999999951,2.22499999999995,8.8));
#3936=CARTESIAN_POINT('',(-12.8499999999995,2.22499999999995,8.8));
#3937=CARTESIAN_POINT('',(9.50000000000049,2.22499999999995,8.8));
#3938=CARTESIAN_POINT('',(6.15000000000049,2.22499999999995,8.8));
#3939=CARTESIAN_POINT('',(0.0556151082663234,12.461772270157,8.8));
#3940=CARTESIAN_POINT('',(-6.35891119321858,12.4617722701574,8.8));
#3941=CARTESIAN_POINT('',(6.35891119321949,12.4617722701566,8.8));
#3942=CARTESIAN_POINT('',(-9.49999999999951,12.225,8.8));
#3943=CARTESIAN_POINT('',(-12.6410888067804,12.4617722701578,8.8));
#3944=CARTESIAN_POINT('',(0.0556151082663234,12.461772270157,8.8));
#3945=CARTESIAN_POINT('',(-21.3326630648061,12.4617722701583,8.8));
#3946=CARTESIAN_POINT('',(-21.3326630648061,12.4617722701583,8.8));
#3947=CARTESIAN_POINT('',(-21.3352633548849,12.4558479229891,8.8));
#3948=CARTESIAN_POINT('',(-21.3374845235316,12.4497830758555,8.8));
#3949=CARTESIAN_POINT('',(-21.3393962721009,12.4436035596303,8.8));
#3950=CARTESIAN_POINT('',(-21.3393962721102,12.4436035596332,8.8));
#3951=CARTESIAN_POINT('',(-21.3393962721103,12.4436035596332,8.8));
#3952=CARTESIAN_POINT('',(-21.6900681143115,11.3100955378894,8.8));
#3953=CARTESIAN_POINT('',(-22.2209586412645,9.61691295226147,8.8));
#3954=CARTESIAN_POINT('',(-23.0083163873268,7.36406449933837,8.8));
#3955=CARTESIAN_POINT('',(-23.591180177039,6.34219024791593,8.8));
#3956=CARTESIAN_POINT('',(-24.0179066262086,5.91546379874633,8.8));
#3957=CARTESIAN_POINT('',(-24.0179066262085,5.91546379874633,8.8));
#3958=CARTESIAN_POINT('',(-20.2053513566437,9.72801906831125,8.8));
#3959=CARTESIAN_POINT('',(-25.6305215275069,4.302848897448,8.8));
#3960=CARTESIAN_POINT('',(-23.7920438964218,2.46437126636298,8.8));
#3961=CARTESIAN_POINT('',(-26.3920438964218,2.46437126636298,8.8));
#3962=CARTESIAN_POINT('',(-26.3920438964218,-5.48181172713489,8.8));
#3963=CARTESIAN_POINT('',(-26.3920438964218,-4.83038871186375,8.8));
#3964=CARTESIAN_POINT('',(-23.7920438964218,-4.83038871186376,8.8));
#3965=CARTESIAN_POINT('',(-25.4225969800277,-7.24128214845916,8.8));
#3966=CARTESIAN_POINT('',(-15.6553471758401,-16.6031836944595,8.8));
#3967=CARTESIAN_POINT('',(-13.4979064961559,-18.6710889533053,8.8));
#3968=CARTESIAN_POINT('',(-13.4979064961559,-16.5914213563555,8.8));
#3969=CARTESIAN_POINT('',(-13.497906496156,-17.4701010127957,8.8));
#3970=CARTESIAN_POINT('',(-5.01262512191693,-21.7127416999152,8.8));
#3971=CARTESIAN_POINT('',(-9.25526580903666,-13.2274603256767,8.8));
#3972=CARTESIAN_POINT('',(10.1339454654197,-13.2274603256767,8.8));
#3973=CARTESIAN_POINT('',(9.25526580898329,-13.2274603256395,8.8));
#3974=CARTESIAN_POINT('',(5.01262512189165,-21.712741699895,8.8));
#3975=CARTESIAN_POINT('',(13.497906496111,-17.4701010127418,8.8));
#3976=CARTESIAN_POINT('',(13.4979064961271,-21.3030222518279,8.8));
#3977=CARTESIAN_POINT('',(13.4979064961161,-18.6734091517165,8.8));
#3978=CARTESIAN_POINT('',(10.4493697258933,-21.5954293390114,8.8));
#3979=CARTESIAN_POINT('',(25.4250176375183,-7.2412821484592,8.8));
#3980=CARTESIAN_POINT('',(23.7944645539126,-4.8303887118638,8.8));
#3981=CARTESIAN_POINT('',(26.3944645539126,-4.83038871186381,8.8));
#3982=CARTESIAN_POINT('',(26.3944645539126,2.46195060887323,8.8));
#3983=CARTESIAN_POINT('',(26.3944645539126,2.46195060887323,8.8));
#3984=CARTESIAN_POINT('',(23.7944645539126,2.46195060887323,8.8));
#3985=CARTESIAN_POINT('',(25.6329421849976,4.30042823995825,8.8));
#3986=CARTESIAN_POINT('',(23.9039966605801,6.02937376437576,8.8));
#3987=CARTESIAN_POINT('',(24.017906626042,5.91546379891384,8.8));
#3988=CARTESIAN_POINT('',(24.017906626042,5.91546379891384,8.8));
#3989=CARTESIAN_POINT('',(23.5937721765977,6.33959824835815,8.8));
#3990=CARTESIAN_POINT('',(22.9997057222763,7.38124903882661,8.8));
#3991=CARTESIAN_POINT('',(22.2219139027234,9.61888147499995,8.8));
#3992=CARTESIAN_POINT('',(21.6893784819442,11.3123246979623,8.8));
#3993=CARTESIAN_POINT('',(21.3393962719608,12.4436035596121,8.8));
#3994=CARTESIAN_POINT('',(21.3393962719608,12.4436035596121,8.8));
#3995=CARTESIAN_POINT('',(21.3393962719609,12.4436035596122,8.8));
#3996=CARTESIAN_POINT('',(21.33748452339,12.4497830758426,8.8));
#3997=CARTESIAN_POINT('',(21.3352633547412,12.4558479229817,8.8));
#3998=CARTESIAN_POINT('',(21.3326630646598,12.4617722701557,8.8));
#3999=CARTESIAN_POINT('',(21.3326630646598,12.4617722701557,8.8));
#4000=CARTESIAN_POINT('',(0.0556151082663234,12.461772270157,8.8));
#4001=CARTESIAN_POINT('',(12.6410888067815,12.4617722701562,8.8));
#4002=CARTESIAN_POINT('',(9.50000000000049,12.225,8.8));
#4003=CARTESIAN_POINT('',(21.7512105977401,-5.72764908772133E-14,8.8));
#4004=CARTESIAN_POINT('',(19.6512105977401,-5.72764908772133E-14,8.8));
#4005=CARTESIAN_POINT('',(-21.7487894022598,-1.47573232263047E-11,8.8));
#4006=CARTESIAN_POINT('',(-23.8487894022599,-1.47573232263047E-11,8.8));
#4007=CARTESIAN_POINT('',(4.85722573273506E-13,-5.72458747072347E-14,8.8));
#4008=CARTESIAN_POINT('',(-2.59999999999951,-5.72458747072347E-14,8.8));
#4009=CARTESIAN_POINT('',(134.806046488775,14.35285273967,4.26907564913573));
#4010=CARTESIAN_POINT('',(134.806046488775,13.4332590712239,8.03709364254876));
#4011=CARTESIAN_POINT('',(-12.4823449915439,13.4332590712328,8.03709364254876));
#4012=CARTESIAN_POINT('',(-21.2659720295503,13.4332590712328,8.03709364255089));
#4013=CARTESIAN_POINT('',(-9.4999999999995,12.4192973602149,12.1917829394011));
#4014=CARTESIAN_POINT('',(-11.6607494806824,14.7113841128769,2.8));
#4015=CARTESIAN_POINT('',(134.806046488775,14.7113841128681,2.8));
#4016=CARTESIAN_POINT('',(-7.33925051931635,14.7113841128767,2.8));
#4017=CARTESIAN_POINT('',(-9.4999999999995,12.4192973602149,12.1917829394011));
#4018=CARTESIAN_POINT('',(-6.51765500845501,13.4332590712324,8.03709364254876));
#4019=CARTESIAN_POINT('',(134.806046488775,13.4332590712239,8.03709364254876));
#4020=CARTESIAN_POINT('',(6.51765500845573,13.4332590712316,8.03709364254876));
#4021=CARTESIAN_POINT('',(9.5000000000005,12.4192973602149,12.1917829393964));
#4022=CARTESIAN_POINT('',(7.3392505193164,14.7113841128758,2.8));
#4023=CARTESIAN_POINT('',(134.806046488775,14.7113841128681,2.8));
#4024=CARTESIAN_POINT('',(11.6607494806849,14.7113841128755,2.8));
#4025=CARTESIAN_POINT('',(9.5000000000005,12.4192973602149,12.1917829393964));
#4026=CARTESIAN_POINT('',(12.4823449915454,13.4332590712313,8.03709364254876));
#4027=CARTESIAN_POINT('',(134.806046488775,13.4332590712239,8.03709364254876));
#4028=CARTESIAN_POINT('',(21.2659720294056,13.4332590712307,8.03709364254876));
#4029=CARTESIAN_POINT('',(21.4543245781054,12.7049591341856,11.0212891209981));
#4030=CARTESIAN_POINT('',(20.7713206075738,15.3458923575472,0.2));
#4031=CARTESIAN_POINT('',(0.00121032874628058,15.3459202382715,0.2));
#4032=CARTESIAN_POINT('',(-20.7713205991723,15.3459202382728,0.2));
#4033=CARTESIAN_POINT('',(-20.4444397351606,16.6098655064906,-4.97899228403922));
#4034=CARTESIAN_POINT('',(134.806046488775,12.4617722701489,7.8));
#4035=CARTESIAN_POINT('',(-6.51765500845501,13.4332590712324,8.03709364254877));
#4036=CARTESIAN_POINT('',(-6.48860288897334,13.3264460598429,8.47475797480356));
#4037=CARTESIAN_POINT('',(-6.38608285817859,12.9123561403186,8.80000000000002));
#4038=CARTESIAN_POINT('',(-6.35891119321858,12.4617722701574,8.8));
#4039=CARTESIAN_POINT('',(6.35891119321949,12.4617722701566,8.8));
#4040=CARTESIAN_POINT('',(6.38608283430732,12.9123557444501,8.80000000000002));
#4041=CARTESIAN_POINT('',(6.48860330380101,13.3264475849947,8.47475172551942));
#4042=CARTESIAN_POINT('',(6.51765500845574,13.4332590712316,8.03709364254877));
#4043=CARTESIAN_POINT('',(134.806046488775,12.4617722701489,7.8));
#4044=CARTESIAN_POINT('',(-12.6410888067804,12.4617722701578,8.8));
#4045=CARTESIAN_POINT('',(-12.6139171656925,12.9123557444513,8.80000000000002));
#4046=CARTESIAN_POINT('',(-12.5113966961986,13.3264475849958,8.47475172551943));
#4047=CARTESIAN_POINT('',(-12.4823449915439,13.4332590712328,8.03709364254877));
#4048=CARTESIAN_POINT('',(-21.2659720295503,12.4617722701583,7.8));
#4049=CARTESIAN_POINT('',(-21.2659720295503,12.7152603294865,8.76733851560768));
#4050=CARTESIAN_POINT('',(-21.332663064806,12.4617722701583,8.8));
#4051=CARTESIAN_POINT('',(-21.3100715817316,12.5475574356228,8.80000000000001));
#4052=CARTESIAN_POINT('',(-21.2876913096726,12.6327031672171,8.78897236405853));
#4053=CARTESIAN_POINT('',(-21.2659720295509,12.7152603294867,8.76733851560761));
#4054=CARTESIAN_POINT('',(134.806046488775,12.4617722701489,7.8));
#4055=CARTESIAN_POINT('',(12.4823449915454,13.4332590712313,8.03709364254877));
#4056=CARTESIAN_POINT('',(12.511397111027,13.3264460598418,8.47475797480356));
#4057=CARTESIAN_POINT('',(12.6139171418216,12.9123561403174,8.80000000000001));
#4058=CARTESIAN_POINT('',(12.6410888067815,12.4617722701562,8.8));
#4059=CARTESIAN_POINT('',(21.3326630646597,12.4617722701557,8.8));
#4060=CARTESIAN_POINT('',(21.3100715815785,12.5475574356312,8.8));
#4061=CARTESIAN_POINT('',(21.2876913043553,12.6327031659658,8.78897236438915));
#4062=CARTESIAN_POINT('',(21.2659720294056,12.7152603295215,8.76733851559783));
#4063=CARTESIAN_POINT('',(21.2659720294056,12.7152603295215,8.76733851559783));
#4064=CARTESIAN_POINT('',(21.2659720294055,12.4617722701557,7.8));
#4065=CARTESIAN_POINT('',(-20.0487894022598,-7.40740395356887E-12,1.));
#4066=CARTESIAN_POINT('',(-20.0487894022598,-7.40740395356887E-12,1.));
#4067=CARTESIAN_POINT('',(-20.0487894022598,-1.47571150363488E-11,1.));
#4068=CARTESIAN_POINT('',(-20.0487894022598,-1.70000000001476,1.));
#4069=CARTESIAN_POINT('',(-20.0487894022598,-1.47571150363488E-11,1.));
#4070=CARTESIAN_POINT('',(-20.0487894022598,-1.47571150363488E-11,0.6));
#4071=CARTESIAN_POINT('',(-20.0487894022598,-7.40740395356887E-12,0.6));
#4072=CARTESIAN_POINT('',(-20.0487894022598,-1.70000000001476,0.6));
#4073=CARTESIAN_POINT('',(-20.0487894022598,-1.70000000001476,1.));
#4074=CARTESIAN_POINT('',(-20.0487894022598,-1.70000000001476,0.8));
#4075=CARTESIAN_POINT('',(-20.0487894022598,-1.70000000001476,1.));
#4076=CARTESIAN_POINT('',(-20.0487894022598,-7.40740395356887E-12,1.));
#4077=CARTESIAN_POINT('',(-20.0487894022598,-7.40740395356887E-12,1.));
#4078=CARTESIAN_POINT('',(-20.0487894022598,1.69999999998525,1.));
#4079=CARTESIAN_POINT('',(-20.0487894022598,1.69999999998525,1.));
#4080=CARTESIAN_POINT('',(-20.0487894022598,1.69999999998525,0.8));
#4081=CARTESIAN_POINT('',(-20.0487894022598,1.69999999998525,1.));
#4082=CARTESIAN_POINT('',(-20.0487894022598,1.69999999998525,0.6));
#4083=CARTESIAN_POINT('',(-20.0487894022598,-7.40740395356887E-12,0.6));
#4084=CARTESIAN_POINT('',(-23.4487894022598,-7.40740395356887E-12,1.));
#4085=CARTESIAN_POINT('',(-23.4487894022598,-7.40740395356887E-12,1.));
#4086=CARTESIAN_POINT('',(-23.4487894022598,-1.70000000001476,1.));
#4087=CARTESIAN_POINT('',(-23.4487894022598,-1.47573232263047E-11,1.));
#4088=CARTESIAN_POINT('',(-23.4487894022598,-1.70000000001476,1.));
#4089=CARTESIAN_POINT('',(-23.4487894022598,-1.70000000001476,0.8));
#4090=CARTESIAN_POINT('',(-23.4487894022598,-1.70000000001476,1.));
#4091=CARTESIAN_POINT('',(-23.4487894022598,-1.70000000001476,0.6));
#4092=CARTESIAN_POINT('',(-23.4487894022598,-7.40740395356887E-12,0.6));
#4093=CARTESIAN_POINT('',(-23.4487894022598,-1.47573232263047E-11,0.6));
#4094=CARTESIAN_POINT('',(-23.4487894022598,-1.47573232263047E-11,1.));
#4095=CARTESIAN_POINT('',(-23.4487894022598,-7.40740395356887E-12,1.));
#4096=CARTESIAN_POINT('',(-23.4487894022598,-7.40740395356887E-12,1.));
#4097=CARTESIAN_POINT('',(-23.4487894022598,1.69999999998525,1.));
#4098=CARTESIAN_POINT('',(-23.4487894022598,-7.40740395356887E-12,0.6));
#4099=CARTESIAN_POINT('',(-23.4487894022598,1.69999999998525,0.6));
#4100=CARTESIAN_POINT('',(-23.4487894022598,1.69999999998525,1.));
#4101=CARTESIAN_POINT('',(-23.4487894022598,1.69999999998525,0.8));
#4102=CARTESIAN_POINT('',(-23.4487894022598,1.69999999998525,1.));
#4103=CARTESIAN_POINT('',(0.00121059774014359,-1.70000000001476,1.));
#4104=CARTESIAN_POINT('',(0.00121059774014359,-1.70000000001476,1.));
#4105=CARTESIAN_POINT('',(-21.7487894022598,-1.70000000001476,1.));
#4106=CARTESIAN_POINT('',(-21.7487894022598,-1.70000000001476,1.));
#4107=CARTESIAN_POINT('',(-21.7487894022598,-1.70000000001476,0.8));
#4108=CARTESIAN_POINT('',(0.00121059774014359,-1.70000000001476,0.8));
#4109=CARTESIAN_POINT('',(-23.4487894022598,-7.40740395356887E-12,1.));
#4110=CARTESIAN_POINT('',(-23.4487894022598,-7.40740395356887E-12,0.6));
#4111=CARTESIAN_POINT('',(-23.4487894022598,-2.3494680249089,0.6));
#4112=CARTESIAN_POINT('',(-23.4487894022598,-7.40740395356887E-12,0.8));
#4113=CARTESIAN_POINT('',(-23.4487894022598,-2.3494680249089,0.8));
#4114=CARTESIAN_POINT('',(-23.4487894022598,-2.3494680249089,0.6));
#4115=CARTESIAN_POINT('',(-20.0487894022598,-7.40740395356887E-12,1.));
#4116=CARTESIAN_POINT('',(-20.0487894022598,-7.40740395356887E-12,0.6));
#4117=CARTESIAN_POINT('',(-20.0487894022598,-2.3494680249089,0.6));
#4118=CARTESIAN_POINT('',(-20.0487894022598,-2.3494680249089,0.6));
#4119=CARTESIAN_POINT('',(-20.0487894022598,-2.3494680249089,0.8));
#4120=CARTESIAN_POINT('',(-20.0487894022598,-7.40740395356887E-12,0.8));
#4121=CARTESIAN_POINT('',(0.00121059774014359,-1.70000000001476,1.));
#4122=CARTESIAN_POINT('',(0.00121059774014359,-1.70000000001476,1.));
#4123=CARTESIAN_POINT('',(0.00121059774014359,-1.70000000001476,0.8));
#4124=CARTESIAN_POINT('',(-23.4487894022598,-7.40740395356887E-12,1.));
#4125=CARTESIAN_POINT('',(-23.4487894022598,-7.40740395356887E-12,0.6));
#4126=CARTESIAN_POINT('',(-23.4487894022598,2.34946802487939,0.6));
#4127=CARTESIAN_POINT('',(-23.4487894022598,2.34946802487939,0.6));
#4128=CARTESIAN_POINT('',(-23.4487894022598,2.34946802487939,0.8));
#4129=CARTESIAN_POINT('',(-23.4487894022598,-7.40740395356887E-12,0.8));
#4130=CARTESIAN_POINT('',(0.00121059774014359,1.69999999998525,1.));
#4131=CARTESIAN_POINT('',(0.00121059774014359,1.69999999998525,1.));
#4132=CARTESIAN_POINT('',(-21.7487894022598,1.69999999998525,1.));
#4133=CARTESIAN_POINT('',(0.00121059774014359,1.69999999998525,0.8));
#4134=CARTESIAN_POINT('',(-21.7487894022598,1.69999999998525,0.8));
#4135=CARTESIAN_POINT('',(-21.7487894022598,1.69999999998525,1.));
#4136=CARTESIAN_POINT('',(0.00121059774014359,1.69999999998525,1.));
#4137=CARTESIAN_POINT('',(0.00121059774014359,1.69999999998525,1.));
#4138=CARTESIAN_POINT('',(0.00121059774014359,1.69999999998525,0.8));
#4139=CARTESIAN_POINT('',(-20.0487894022598,-7.40740395356887E-12,1.));
#4140=CARTESIAN_POINT('',(-20.0487894022598,-7.40740395356887E-12,0.6));
#4141=CARTESIAN_POINT('',(-20.0487894022598,2.34946802487939,0.6));
#4142=CARTESIAN_POINT('',(-20.0487894022598,-7.40740395356887E-12,0.8));
#4143=CARTESIAN_POINT('',(-20.0487894022598,2.34946802487939,0.8));
#4144=CARTESIAN_POINT('',(-20.0487894022598,2.34946802487939,0.6));
#4145=CARTESIAN_POINT('',(0.00121059774014359,-7.40740395356887E-12,0.6));
#4146=CARTESIAN_POINT('',(-21.7487894022598,-1.47571456525188E-11,0.6));
#4147=CARTESIAN_POINT('',(-19.3993213773657,1.69999999998525,0.6));
#4148=CARTESIAN_POINT('',(-19.3993213773657,-1.70000000001475,0.6));
#4149=CARTESIAN_POINT('',(0.00121059774014359,-1.70000000001475,0.6));
#4150=CARTESIAN_POINT('',(0.00121059774014359,1.69999999998525,0.6));
#4151=CARTESIAN_POINT('',(0.00121059774014359,-7.40740395356887E-12,0.6));
#4152=CARTESIAN_POINT('',(0.00121059774014359,-1.70000000001476,0.6));
#4153=CARTESIAN_POINT('',(-24.098257427154,-1.70000000001476,0.6));
#4154=CARTESIAN_POINT('',(-21.7487894022598,-1.47571456525188E-11,0.6));
#4155=CARTESIAN_POINT('',(-24.098257427154,1.69999999998525,0.6));
#4156=CARTESIAN_POINT('',(0.00121059774014359,1.69999999998525,0.6));
#4157=CARTESIAN_POINT('',(0.00121059774014359,-7.40740395356887E-12,1.));
#4158=CARTESIAN_POINT('',(-21.7487894022598,-1.47573232263047E-11,1.));
#4159=CARTESIAN_POINT('',(0.00121059774014359,-7.40740395356887E-12,1.));
#4160=CARTESIAN_POINT('',(-21.7487894022598,-1.47573232263047E-11,1.));
#4161=CARTESIAN_POINT('',(0.00121059774014359,-7.40740395356887E-12,0.8));
#4162=CARTESIAN_POINT('',(-21.7487894022598,-1.47571456525188E-11,0.8));
#4163=CARTESIAN_POINT('',(0.00121059774014359,-7.40740395356887E-12,1.));
#4164=CARTESIAN_POINT('',(-21.7487894022598,-1.47573232263047E-11,1.));
#4165=CARTESIAN_POINT('',(0.00121059774014359,-7.40740395356887E-12,0.8));
#4166=CARTESIAN_POINT('',(-21.7487894022598,-1.47571456525188E-11,0.8));
#4167=CARTESIAN_POINT('',(0.00121059774014359,-7.40740395356887E-12,0.6));
#4168=CARTESIAN_POINT('',(-21.7487894022598,-1.47571456525188E-11,0.6));
#4169=CARTESIAN_POINT('',(0.00121059774014359,-7.40740395356887E-12,1.));
#4170=CARTESIAN_POINT('',(-21.7487894022598,-1.47573232263047E-11,1.));
#4171=CARTESIAN_POINT('',(0.00121059774014359,-7.40740395356887E-12,0.6));
#4172=CARTESIAN_POINT('',(-21.7487894022598,-1.47571456525188E-11,0.6));
#4173=CARTESIAN_POINT('',(0.00121059774014359,-7.40740395356887E-12,0.6));
#4174=CARTESIAN_POINT('',(-21.7487894022598,-1.47571456525188E-11,0.6));
#4175=CARTESIAN_POINT('',(23.4512105977402,-7.40740395356887E-12,1.));
#4176=CARTESIAN_POINT('',(23.4512105977402,-7.40740395356887E-12,1.));
#4177=CARTESIAN_POINT('',(23.4512105977402,-5.70683009213581E-14,1.));
#4178=CARTESIAN_POINT('',(23.4512105977402,-1.70000000000006,1.));
#4179=CARTESIAN_POINT('',(23.4512105977402,-5.70683009213581E-14,1.));
#4180=CARTESIAN_POINT('',(23.4512105977402,-5.70683009213581E-14,0.6));
#4181=CARTESIAN_POINT('',(23.4512105977402,-7.40740395356887E-12,0.6));
#4182=CARTESIAN_POINT('',(23.4512105977402,-1.70000000000006,0.6));
#4183=CARTESIAN_POINT('',(23.4512105977402,-1.70000000000006,1.));
#4184=CARTESIAN_POINT('',(23.4512105977402,-1.70000000000006,0.8));
#4185=CARTESIAN_POINT('',(23.4512105977402,-1.70000000000006,1.));
#4186=CARTESIAN_POINT('',(23.4512105977402,-7.40740395356887E-12,1.));
#4187=CARTESIAN_POINT('',(23.4512105977402,-7.40740395356887E-12,1.));
#4188=CARTESIAN_POINT('',(23.4512105977402,1.69999999999994,1.));
#4189=CARTESIAN_POINT('',(23.4512105977402,1.69999999999994,1.));
#4190=CARTESIAN_POINT('',(23.4512105977402,1.69999999999994,0.8));
#4191=CARTESIAN_POINT('',(23.4512105977402,1.69999999999994,1.));
#4192=CARTESIAN_POINT('',(23.4512105977402,1.69999999999994,0.6));
#4193=CARTESIAN_POINT('',(23.4512105977402,-7.40740395356887E-12,0.6));
#4194=CARTESIAN_POINT('',(20.0512105977401,-7.40740395356887E-12,1.));
#4195=CARTESIAN_POINT('',(20.0512105977401,-7.40740395356887E-12,1.));
#4196=CARTESIAN_POINT('',(20.0512105977401,-1.70000000000006,1.));
#4197=CARTESIAN_POINT('',(20.0512105977401,-5.72764908772138E-14,1.));
#4198=CARTESIAN_POINT('',(20.0512105977401,-1.70000000000006,1.));
#4199=CARTESIAN_POINT('',(20.0512105977401,-1.70000000000006,0.8));
#4200=CARTESIAN_POINT('',(20.0512105977401,-1.70000000000006,1.));
#4201=CARTESIAN_POINT('',(20.0512105977401,-1.70000000000006,0.6));
#4202=CARTESIAN_POINT('',(20.0512105977401,-7.40740395356887E-12,0.6));
#4203=CARTESIAN_POINT('',(20.0512105977401,-5.72764908772138E-14,0.6));
#4204=CARTESIAN_POINT('',(20.0512105977401,-5.72764908772138E-14,1.));
#4205=CARTESIAN_POINT('',(20.0512105977401,-7.40740395356887E-12,1.));
#4206=CARTESIAN_POINT('',(20.0512105977401,-7.40740395356887E-12,1.));
#4207=CARTESIAN_POINT('',(20.0512105977401,1.69999999999994,1.));
#4208=CARTESIAN_POINT('',(20.0512105977401,-7.40740395356887E-12,0.6));
#4209=CARTESIAN_POINT('',(20.0512105977401,1.69999999999994,0.6));
#4210=CARTESIAN_POINT('',(20.0512105977401,1.69999999999994,1.));
#4211=CARTESIAN_POINT('',(20.0512105977401,1.69999999999994,0.8));
#4212=CARTESIAN_POINT('',(20.0512105977401,1.69999999999994,1.));
#4213=CARTESIAN_POINT('',(0.00121059774014359,-1.70000000000006,1.));
#4214=CARTESIAN_POINT('',(0.00121059774014359,-1.70000000000006,1.));
#4215=CARTESIAN_POINT('',(21.7512105977401,-1.70000000000006,1.));
#4216=CARTESIAN_POINT('',(21.7512105977401,-1.70000000000006,1.));
#4217=CARTESIAN_POINT('',(21.7512105977401,-1.70000000000006,0.8));
#4218=CARTESIAN_POINT('',(0.00121059774014359,-1.70000000000006,0.8));
#4219=CARTESIAN_POINT('',(20.0512105977401,-7.40740395356887E-12,1.));
#4220=CARTESIAN_POINT('',(20.0512105977401,-7.40740395356887E-12,0.6));
#4221=CARTESIAN_POINT('',(20.0512105977401,-2.3494680248942,0.6));
#4222=CARTESIAN_POINT('',(20.0512105977401,-7.40740395356887E-12,0.8));
#4223=CARTESIAN_POINT('',(20.0512105977401,-2.3494680248942,0.8));
#4224=CARTESIAN_POINT('',(20.0512105977401,-2.3494680248942,0.6));
#4225=CARTESIAN_POINT('',(23.4512105977402,-7.40740395356887E-12,1.));
#4226=CARTESIAN_POINT('',(23.4512105977402,-7.40740395356887E-12,0.6));
#4227=CARTESIAN_POINT('',(23.4512105977402,-2.3494680248942,0.6));
#4228=CARTESIAN_POINT('',(23.4512105977402,-2.3494680248942,0.6));
#4229=CARTESIAN_POINT('',(23.4512105977402,-2.3494680248942,0.8));
#4230=CARTESIAN_POINT('',(23.4512105977402,-7.40740395356887E-12,0.8));
#4231=CARTESIAN_POINT('',(0.00121059774014359,-1.70000000000006,1.));
#4232=CARTESIAN_POINT('',(0.00121059774014359,-1.70000000000006,1.));
#4233=CARTESIAN_POINT('',(0.00121059774014359,-1.70000000000006,0.8));
#4234=CARTESIAN_POINT('',(20.0512105977401,-7.40740395356887E-12,1.));
#4235=CARTESIAN_POINT('',(20.0512105977401,-7.40740395356887E-12,0.6));
#4236=CARTESIAN_POINT('',(20.0512105977401,2.34946802489409,0.6));
#4237=CARTESIAN_POINT('',(20.0512105977401,2.34946802489409,0.6));
#4238=CARTESIAN_POINT('',(20.0512105977401,2.34946802489409,0.8));
#4239=CARTESIAN_POINT('',(20.0512105977401,-7.40740395356887E-12,0.8));
#4240=CARTESIAN_POINT('',(0.00121059774014359,1.69999999999994,1.));
#4241=CARTESIAN_POINT('',(0.00121059774014359,1.69999999999994,1.));
#4242=CARTESIAN_POINT('',(21.7512105977401,1.69999999999994,1.));
#4243=CARTESIAN_POINT('',(0.00121059774014359,1.69999999999994,0.8));
#4244=CARTESIAN_POINT('',(21.7512105977401,1.69999999999994,0.8));
#4245=CARTESIAN_POINT('',(21.7512105977401,1.69999999999994,1.));
#4246=CARTESIAN_POINT('',(0.00121059774014359,1.69999999999994,1.));
#4247=CARTESIAN_POINT('',(0.00121059774014359,1.69999999999994,1.));
#4248=CARTESIAN_POINT('',(0.00121059774014359,1.69999999999994,0.8));
#4249=CARTESIAN_POINT('',(23.4512105977402,-7.40740395356887E-12,1.));
#4250=CARTESIAN_POINT('',(23.4512105977402,-7.40740395356887E-12,0.6));
#4251=CARTESIAN_POINT('',(23.4512105977402,2.34946802489409,0.6));
#4252=CARTESIAN_POINT('',(23.4512105977402,-7.40740395356887E-12,0.8));
#4253=CARTESIAN_POINT('',(23.4512105977402,2.34946802489409,0.8));
#4254=CARTESIAN_POINT('',(23.4512105977402,2.34946802489409,0.6));
#4255=CARTESIAN_POINT('',(0.00121059774014359,-7.40740395356887E-12,0.6));
#4256=CARTESIAN_POINT('',(21.7512105977401,-5.7098917091337E-14,0.6));
#4257=CARTESIAN_POINT('',(24.1006786226343,1.69999999999994,0.6));
#4258=CARTESIAN_POINT('',(24.1006786226343,-1.70000000000006,0.6));
#4259=CARTESIAN_POINT('',(0.00121059774014359,-1.70000000000006,0.6));
#4260=CARTESIAN_POINT('',(0.00121059774014359,1.69999999999994,0.6));
#4261=CARTESIAN_POINT('',(0.00121059774014359,-7.40740395356887E-12,0.6));
#4262=CARTESIAN_POINT('',(0.00121059774014359,-1.70000000000006,0.6));
#4263=CARTESIAN_POINT('',(19.401742572846,-1.70000000000006,0.6));
#4264=CARTESIAN_POINT('',(21.7512105977401,-5.7098917091337E-14,0.6));
#4265=CARTESIAN_POINT('',(19.401742572846,1.69999999999994,0.6));
#4266=CARTESIAN_POINT('',(0.00121059774014359,1.69999999999994,0.6));
#4267=CARTESIAN_POINT('',(0.00121059774014359,-7.40740395356887E-12,1.));
#4268=CARTESIAN_POINT('',(21.7512105977401,-5.72764908772133E-14,1.));
#4269=CARTESIAN_POINT('',(0.00121059774014359,-7.40740395356887E-12,1.));
#4270=CARTESIAN_POINT('',(21.7512105977401,-5.72764908772133E-14,1.));
#4271=CARTESIAN_POINT('',(0.00121059774014359,-7.40740395356887E-12,0.8));
#4272=CARTESIAN_POINT('',(21.7512105977401,-5.7098917091337E-14,0.8));
#4273=CARTESIAN_POINT('',(0.00121059774014359,-7.40740395356887E-12,1.));
#4274=CARTESIAN_POINT('',(21.7512105977401,-5.72764908772133E-14,1.));
#4275=CARTESIAN_POINT('',(0.00121059774014359,-7.40740395356887E-12,0.8));
#4276=CARTESIAN_POINT('',(21.7512105977401,-5.7098917091337E-14,0.8));
#4277=CARTESIAN_POINT('',(0.00121059774014359,-7.40740395356887E-12,0.6));
#4278=CARTESIAN_POINT('',(21.7512105977401,-5.7098917091337E-14,0.6));
#4279=CARTESIAN_POINT('',(0.00121059774014359,-7.40740395356887E-12,1.));
#4280=CARTESIAN_POINT('',(21.7512105977401,-5.72764908772133E-14,1.));
#4281=CARTESIAN_POINT('',(0.00121059774014359,-7.40740395356887E-12,0.6));
#4282=CARTESIAN_POINT('',(21.7512105977401,-5.7098917091337E-14,0.6));
#4283=CARTESIAN_POINT('',(0.00121059774014359,-7.40740395356887E-12,0.6));
#4284=CARTESIAN_POINT('',(21.7512105977401,-5.7098917091337E-14,0.6));
#4285=CARTESIAN_POINT('',(-21.7487894022598,-1.47573232263047E-11,27.6));
#4286=CARTESIAN_POINT('',(-21.7487894022598,-1.47573232263047E-11,8.4));
#4287=CARTESIAN_POINT('',(-23.4487894022598,-1.47573232263047E-11,8.4));
#4288=CARTESIAN_POINT('',(21.7512105977401,-5.72764908772133E-14,27.6));
#4289=CARTESIAN_POINT('',(21.7512105977401,-5.72764908772133E-14,8.4));
#4290=CARTESIAN_POINT('',(20.0512105977401,-5.72764908772133E-14,8.4));
#4291=CARTESIAN_POINT('',(0.00121032874534493,-14.7030222518331,2.2));
#4292=CARTESIAN_POINT('',(-12.1288856099823,-16.9435194019819,4.4404971501489));
#4293=CARTESIAN_POINT('',(-9.99805150724004,-22.7117084162057,10.2086861643726));
#4294=CARTESIAN_POINT('',(-13.6953731515627,-12.7029085160657,0.2));
#4295=CARTESIAN_POINT('',(-13.6953732015167,-12.7029085160657,0.199886264232609));
#4296=CARTESIAN_POINT('',(-13.6954317144814,-12.5696302971294,0.0666080452963754));
#4297=CARTESIAN_POINT('',(-13.6954902274462,-12.4363520781932,-0.0666701736398578));
#4298=CARTESIAN_POINT('',(-13.695548740411,-12.303073859257,-0.199948392576091));
#4299=CARTESIAN_POINT('',(-13.695548740411,-12.3031254666809,-0.2));
#4300=CARTESIAN_POINT('',(0.00121032874533626,-12.303022251833,-0.2));
#4301=CARTESIAN_POINT('',(13.6977937590996,-12.303022251833,-0.2));
#4302=CARTESIAN_POINT('',(13.6977937590996,-12.303022251833,-0.20000000000001));
#4303=CARTESIAN_POINT('',(13.6977937590996,-12.4363555851664,-0.0666666666666774));
#4304=CARTESIAN_POINT('',(13.6977937590996,-12.5696889184997,0.0666666666666553));
#4305=CARTESIAN_POINT('',(13.6977937590996,-12.703022251833,0.199999999999988));
#4306=CARTESIAN_POINT('',(13.6977937590996,-12.703022251833,0.2));
#4307=CARTESIAN_POINT('',(12.1313062674731,-16.9435194019819,4.44049715014891));
#4308=CARTESIAN_POINT('',(10.0018902335495,-22.7078696898725,10.2048474380395));
#4309=CARTESIAN_POINT('',(12.0048952239865,-20.7048646994265,8.20184244759346));
#4310=CARTESIAN_POINT('',(7.6268386842784,-25.0829212391545,12.5798989873214));
#4311=CARTESIAN_POINT('',(5.36409698447156,-22.8201795393578,10.3171572875248));
#4312=CARTESIAN_POINT('',(5.36409698448534,-26.0201795393579,13.5171572875248));
#4313=CARTESIAN_POINT('',(0.00121032874775365,-26.0201795393585,13.5171572875254));
#4314=CARTESIAN_POINT('',(-5.36409698449222,-26.020179539359,13.517157287526));
#4315=CARTESIAN_POINT('',(-5.36409698449256,-22.820179539359,10.317157287526));
#4316=CARTESIAN_POINT('',(-7.62683868428941,-25.0829212391561,12.579898987323));
#4317=CARTESIAN_POINT('',(-12.0040883381597,-20.7056715852862,8.20264933345317));
#4318=CARTESIAN_POINT('',(21.2659720294055,12.4617722701557,7.8));
#4319=CARTESIAN_POINT('',(21.3927160590884,12.5885162998386,7.8));
#4320=CARTESIAN_POINT('',(21.4673736953027,12.5138586636244,8.7781228841967));
#4321=CARTESIAN_POINT('',(21.2659720294055,12.4617722701557,7.8));
#4322=CARTESIAN_POINT('',(22.2341192256477,12.7121539915504,7.8));
#4323=CARTESIAN_POINT('',(21.2659720294056,12.4617722701557,7.8));
#4324=CARTESIAN_POINT('',(-21.2659720295503,12.4617722701583,7.80000000000227));
#4325=CARTESIAN_POINT('',(-21.2659720295503,12.4617722701583,7.80000000000453));
#4326=CARTESIAN_POINT('',(-22.2341192257935,12.7121539915489,7.80000000000254));
#4327=CARTESIAN_POINT('',(-21.4673736954189,12.5138586636188,8.77812288420754));
#4328=CARTESIAN_POINT('',(-21.3927160592147,12.5885162998227,7.80000000000227));
#4329=CARTESIAN_POINT('',(-21.2659720295505,12.4617722701578,7.80000000000213));
#4330=CARTESIAN_POINT('',(21.4543245781054,11.7334723331105,10.7841954784494));
#4331=CARTESIAN_POINT('',(22.4347693292705,11.9363032858107,10.9790338708715));
#4332=CARTESIAN_POINT('',(21.7544323618158,14.5669518965519,0.2));
#4333=CARTESIAN_POINT('',(21.7544323618158,14.5669518965519,0.199999999999995));
#4334=CARTESIAN_POINT('',(21.7167017509323,14.7128442761389,0.199999999999991));
#4335=CARTESIAN_POINT('',(21.6244955593528,14.8887060292446,0.200894577328136));
#4336=CARTESIAN_POINT('',(21.480478109884,15.0511037486864,0.200289013837984));
#4337=CARTESIAN_POINT('',(21.4058424587845,15.1209540114945,0.199896627243182));
#4338=CARTESIAN_POINT('',(21.2407535271815,15.2339217430219,0.200124477189178));
#4339=CARTESIAN_POINT('',(21.0365921353803,15.3193955047283,0.200236944591076));
#4340=CARTESIAN_POINT('',(20.8739523570798,15.3459202382704,0.200000000000154));
#4341=CARTESIAN_POINT('',(20.7713205990153,15.3459202382702,0.200000000000102));
#4342=CARTESIAN_POINT('',(22.7099333842021,10.87233061718,10.7020013893841));
#4343=CARTESIAN_POINT('',(22.0756338947231,13.3249668116137,7.8000000000001));
#4344=CARTESIAN_POINT('',(23.5806793474558,7.50543043665836,7.8000000000001));
#4345=CARTESIAN_POINT('',(23.5806793474555,7.50543043665861,10.7020013893844));
#4346=CARTESIAN_POINT('',(23.5806793474564,7.5054304366577,0.2));
#4347=CARTESIAN_POINT('',(23.9845225193941,5.94389618225928,0.2));
#4348=CARTESIAN_POINT('',(-21.4666221331707,11.6859215644121,10.9790338708982));
#4349=CARTESIAN_POINT('',(-22.4347693294139,11.9363032858027,10.9790338708984));
#4350=CARTESIAN_POINT('',(-21.7544323619716,14.5669518965504,0.2));
#4351=CARTESIAN_POINT('',(-20.7713205991744,15.3459202382728,0.199999999999867));
#4352=CARTESIAN_POINT('',(-20.8739323714426,15.3459202382726,0.199999999999818));
#4353=CARTESIAN_POINT('',(-21.0365605438398,15.3194022761976,0.200238973731052));
#4354=CARTESIAN_POINT('',(-21.2407274342208,15.2339378961799,0.200127506020294));
#4355=CARTESIAN_POINT('',(-21.4058578270032,15.1209418325738,0.199896264584764));
#4356=CARTESIAN_POINT('',(-21.4804427309091,15.0511363112191,0.200287435640666));
#4357=CARTESIAN_POINT('',(-21.6244655808002,14.8887531994456,0.200893958725103));
#4358=CARTESIAN_POINT('',(-21.7166933768862,14.7128766565393,0.199999999999998));
#4359=CARTESIAN_POINT('',(-21.7544323619716,14.5669518965504,0.200000000000006));
#4360=CARTESIAN_POINT('',(-22.7099333843634,10.8723306170846,10.7020013893889));
#4361=CARTESIAN_POINT('',(-23.9843707660753,5.94448296496174,0.2));
#4362=CARTESIAN_POINT('',(-23.5806793476205,7.50543043650167,0.2));
#4363=CARTESIAN_POINT('',(-23.5806793476175,7.50543043650473,8.41728183570445));
#4364=CARTESIAN_POINT('',(-23.5806793476177,7.50543043650456,7.80000000000514));
#4365=CARTESIAN_POINT('',(-22.0756338948953,13.324966811521,7.80000000000482));
#4366=CARTESIAN_POINT('',(-21.741786188121,10.621948895694,7.80000000000463));
#4367=CARTESIAN_POINT('',(-20.9122699980632,13.8294265389602,7.80000000000445));
#4368=CARTESIAN_POINT('',(21.7417861879602,10.6219488957854,7.8));
#4369=CARTESIAN_POINT('',(20.9122699978584,13.829426539166,7.8));
#4370=CARTESIAN_POINT('',(5.84822166578339E-12,-21.6134256522781,14.2));
#4371=CARTESIAN_POINT('',(-5.36409698449218,-21.8500000001183,14.2000000000006));
#4372=CARTESIAN_POINT('',(-5.36409698449218,-25.7373368268844,14.2000000000006));
#4373=CARTESIAN_POINT('',(-5.36409698449218,-21.1127416999158,14.2000000000006));
#4374=CARTESIAN_POINT('',(6.28708393906178E-12,-25.7373368268838,14.2));
#4375=CARTESIAN_POINT('',(5.36409698448538,-25.7373368268832,14.1999999999994));
#4376=CARTESIAN_POINT('',(5.36409698446906,-21.8500000000958,14.1999999999994));
#4377=CARTESIAN_POINT('',(5.36409698446596,-21.1127416999147,14.1999999999994));
#4378=CARTESIAN_POINT('',(0.00331283472600428,-21.1127416999153,14.2));
#4379=CARTESIAN_POINT('',(-6.92597648715527,-21.8500000001183,14.1292893218809));
#4380=CARTESIAN_POINT('',(-11.3579106035376,-17.6748940577381,9.69735520549898));
#4381=CARTESIAN_POINT('',(-11.3765861525964,-21.217224512459,9.67867965644024));
#4382=CARTESIAN_POINT('',(-10.2808942197146,-22.4288657037311,10.7743715893219));
#4383=CARTESIAN_POINT('',(-8.2372376325459,-24.4725222908996,12.8180281764904));
#4384=CARTESIAN_POINT('',(-7.909681396764,-24.8000785266814,13.1455844122722));
#4385=CARTESIAN_POINT('',(-7.909681396764,-21.8500000001183,13.1455844122722));
#4386=CARTESIAN_POINT('',(-7.90968139676399,-20.9370057686277,13.1455844122723));
#4387=CARTESIAN_POINT('',(-8.71106908210875,-20.1356180832831,12.3441967269276));
#4388=CARTESIAN_POINT('',(-11.3765861525964,-17.4701010127957,9.67867965644025));
#4389=CARTESIAN_POINT('',(-11.3765861525964,-21.3030222518331,9.67867965644024));
#4390=CARTESIAN_POINT('',(-5.36409698449256,-21.8500000001183,10.6000000000006));
#4391=CARTESIAN_POINT('',(-5.36409698449256,-22.5373368268844,10.6000000000006));
#4392=CARTESIAN_POINT('',(-5.36409698449256,-20.5127416999158,10.6000000000006));
#4393=CARTESIAN_POINT('',(0.0556151082650686,-16.8600505064571,11.1899494936611));
#4394=CARTESIAN_POINT('',(8.48091756304532,-16.1231289151438,10.4530279023818));
#4395=CARTESIAN_POINT('',(5.78836105317863,-18.8156854250651,13.1455844122691));
#4396=CARTESIAN_POINT('',(9.25526580897918,-15.3487806692034,9.67867965644446));
#4397=CARTESIAN_POINT('',(-10.1339454654771,-15.3487806692363,9.67867965644036));
#4398=CARTESIAN_POINT('',(-9.25526580903665,-15.3487806692363,9.67867965644036));
#4399=CARTESIAN_POINT('',(-8.48091756309342,-16.1231289151794,10.4530279023835));
#4400=CARTESIAN_POINT('',(-5.78836105320448,-18.8156854250681,13.1455844122721));
#4401=CARTESIAN_POINT('',(-5.36409698449256,-18.3914213563562,12.7213203435602));
#4402=CARTESIAN_POINT('',(-5.36409698449256,-18.9914213563562,13.3213203435602));
#4403=CARTESIAN_POINT('',(0.0556151082655222,-18.9914213563556,13.3213203435596));
#4404=CARTESIAN_POINT('',(5.36409698446564,-18.991421356355,13.3213203435591));
#4405=CARTESIAN_POINT('',(5.36409698446306,-18.391421356355,12.7213203435591));
#4406=CARTESIAN_POINT('',(0.0556151082655223,-21.1127416999153,11.2));
#4407=CARTESIAN_POINT('',(-5.36409698449256,-21.1127416999158,11.2000000000006));
#4408=CARTESIAN_POINT('',(5.36409698446564,-21.1127416999147,11.1999999999994));
#4409=CARTESIAN_POINT('',(-7.90968139676422,-20.9370057686278,13.1455844122721));
#4410=CARTESIAN_POINT('',(-7.20257461557766,-19.5227922062547,13.8526911934587));
#4411=CARTESIAN_POINT('',(-5.7883610532045,-18.8156854250681,13.1455844122721));
#4412=CARTESIAN_POINT('',(-7.24324854466315,-21.048077910575,13.8120172643732));
#4413=CARTESIAN_POINT('',(-6.62313163179791,-19.7474742138765,14.07737320108));
#4414=CARTESIAN_POINT('',(-5.6772889111177,-18.9267575670155,13.2566565542195));
#4415=CARTESIAN_POINT('',(-6.30657565323299,-21.1127416997346,14.2000000000006));
#4416=CARTESIAN_POINT('',(-5.98125260656888,-19.8701010124275,14.1999999996304));
#4417=CARTESIAN_POINT('',(-5.52117676261597,-18.991421356175,13.321320343379));
#4418=CARTESIAN_POINT('',(-5.36409698449257,-21.1127416999159,14.2000000000006));
#4419=CARTESIAN_POINT('',(-5.36409698449256,-19.8701010127966,14.2000000000006));
#4420=CARTESIAN_POINT('',(-5.36409698449256,-18.9914213563562,13.3213203435602));
#4421=CARTESIAN_POINT('',(-5.78836105320448,-20.9370057686277,11.0242640687125));
#4422=CARTESIAN_POINT('',(-4.8282263696351,-21.897140452197,11.9843987522818));
#4423=CARTESIAN_POINT('',(-5.01262512191693,-21.7127416999152,11.8));
#4424=CARTESIAN_POINT('',(4.82822636961158,-21.8971404521767,11.9843987522809));
#4425=CARTESIAN_POINT('',(8.7110690820779,-20.1356180832465,12.3441967269259));
#4426=CARTESIAN_POINT('',(11.376586152551,-17.4701010127506,9.67867965644071));
#4427=CARTESIAN_POINT('',(7.90968139673681,-20.9370057685943,13.1455844122706));
#4428=CARTESIAN_POINT('',(5.01262512189165,-21.712741699895,11.8));
#4429=CARTESIAN_POINT('',(5.78836105317863,-20.9370057686247,11.0242640687095));
#4430=CARTESIAN_POINT('',(5.36409698448073,-21.1127416999147,14.1999999999994));
#4431=CARTESIAN_POINT('',(5.3640969844755,-19.8701010127954,14.1999999999994));
#4432=CARTESIAN_POINT('',(5.3640969844681,-18.9914213563551,13.3213203435591));
#4433=CARTESIAN_POINT('',(6.30657565322146,-21.1127416997286,14.1999999999955));
#4434=CARTESIAN_POINT('',(5.98125260655192,-19.8701010124226,14.1999999996263));
#4435=CARTESIAN_POINT('',(5.52117676259157,-18.9914213561723,13.3213203433763));
#4436=CARTESIAN_POINT('',(7.24324854464894,-21.0480779105655,13.8120172643648));
#4437=CARTESIAN_POINT('',(6.62313163177837,-19.7474742138676,14.0773732010725));
#4438=CARTESIAN_POINT('',(5.67728891109245,-18.9267575670121,13.2566565542161));
#4439=CARTESIAN_POINT('',(7.90968139674768,-20.9370057686158,13.1455844122597));
#4440=CARTESIAN_POINT('',(7.20257461555811,-19.5227922062456,13.8526911934496));
#4441=CARTESIAN_POINT('',(5.78836105317865,-18.8156854250651,13.1455844122691));
#4442=CARTESIAN_POINT('',(5.36409698446306,-20.5127416999147,10.5999999999994));
#4443=CARTESIAN_POINT('',(5.36409698446867,-21.8500000000958,10.5999999999994));
#4444=CARTESIAN_POINT('',(5.36409698447156,-22.5373368268832,10.5999999999994));
#4445=CARTESIAN_POINT('',(7.90968139675304,-24.8000785266786,13.1455844122706));
#4446=CARTESIAN_POINT('',(7.90968139674065,-21.8500000000851,13.1455844122706));
#4447=CARTESIAN_POINT('',(6.92597648713213,-21.8500000000892,14.1292893218794));
#4448=CARTESIAN_POINT('',(8.23723763254059,-24.4725222908896,12.8180281764815));
#4449=CARTESIAN_POINT('',(10.2847329460242,-22.4250269773967,10.7705328629887));
#4450=CARTESIAN_POINT('',(11.3617493298592,-17.6710553313714,9.69351647913339));
#4451=CARTESIAN_POINT('',(11.3765861525668,-21.2180232230711,9.6786796564407));
#4452=CARTESIAN_POINT('',(11.3765861525473,-16.5914213563101,9.6786796564407));
#4453=CARTESIAN_POINT('',(26.7944645539126,1.98076407804745,2.202));
#4454=CARTESIAN_POINT('',(26.7944645539126,2.46195060887325,2.202));
#4455=CARTESIAN_POINT('',(26.7944645539126,2.46195060887325,0.2));
#4456=CARTESIAN_POINT('',(26.7944645539126,2.46195060887323,8.4));
#4457=CARTESIAN_POINT('',(26.7944645539126,-5.08875653788719,8.4));
#4458=CARTESIAN_POINT('',(26.7944645539126,-4.83038871186381,8.4));
#4459=CARTESIAN_POINT('',(26.7944645539126,-1.32898418971036,2.97919420379139));
#4460=CARTESIAN_POINT('',(26.7944645539126,0.466151721615576,0.2));
#4461=CARTESIAN_POINT('',(26.7944645539126,-0.258655469337042,0.2));
#4462=CARTESIAN_POINT('',(-26.7920438964218,1.98076407804745,2.20200000000021));
#4463=CARTESIAN_POINT('',(-26.7920438964218,-0.000409633591754977,0.922321137872946));
#4464=CARTESIAN_POINT('',(-26.7920438964218,0.466151721615675,0.2));
#4465=CARTESIAN_POINT('',(-26.7920438964218,-4.83038871186375,8.4));
#4466=CARTESIAN_POINT('',(-26.7920438964218,1.98076407804745,8.4));
#4467=CARTESIAN_POINT('',(-26.7920438964218,2.46437126636298,8.4));
#4468=CARTESIAN_POINT('',(-26.7920438964218,2.46437126636296,2.20200000000021));
#4469=CARTESIAN_POINT('',(-26.7920438964218,2.46437126636296,0.2));
#4470=CARTESIAN_POINT('',(-26.7920438964218,-0.258655469337043,0.2));
#4471=CARTESIAN_POINT('',(13.4979064961294,-21.8500000000616,11.8));
#4472=CARTESIAN_POINT('',(11.3765861525668,-21.2180232230711,9.6786796564407));
#4473=CARTESIAN_POINT('',(11.766732232991,-20.6840143926101,9.28853357601413));
#4474=CARTESIAN_POINT('',(12.270047735348,-20.1686404824637,9.02049195767959));
#4475=CARTESIAN_POINT('',(12.737278434928,-19.5714389555674,8.89802740320871));
#4476=CARTESIAN_POINT('',(12.737278434928,-19.5714389555674,8.89802740320871));
#4477=CARTESIAN_POINT('',(13.4979064961253,-20.8695356729065,11.8));
#4478=CARTESIAN_POINT('',(13.497906496111,-17.4701010127418,11.8));
#4479=CARTESIAN_POINT('',(9.25526580896866,-13.2274603256395,8.8));
#4480=CARTESIAN_POINT('',(9.25526580897482,-14.4701010127596,8.8));
#4481=CARTESIAN_POINT('',(9.25526580897918,-15.3487806692002,9.67867965644139));
#4482=CARTESIAN_POINT('',(10.5378156470509,-13.2274603256339,8.8));
#4483=CARTESIAN_POINT('',(10.2662828492264,-14.2966379109006,8.79999999999427));
#4484=CARTESIAN_POINT('',(10.1102990343688,-15.135022362848,9.46492135009321));
#4485=CARTESIAN_POINT('',(12.7043276288362,-14.0210391928786,8.8));
#4486=CARTESIAN_POINT('',(12.0192633985237,-14.7061034231956,8.80000000000322));
#4487=CARTESIAN_POINT('',(11.4223772110118,-15.3029896107149,9.23609916434006));
#4488=CARTESIAN_POINT('',(13.4979064961066,-16.1875511746662,8.8));
#4489=CARTESIAN_POINT('',(12.4287289108442,-16.4590839725033,8.79999999999914));
#4490=CARTESIAN_POINT('',(11.5903444588933,-16.6150677873699,9.46492135009482));
#4491=CARTESIAN_POINT('',(13.4979064961111,-17.4701010127418,8.8));
#4492=CARTESIAN_POINT('',(12.2552658089915,-17.470101012747,8.8));
#4493=CARTESIAN_POINT('',(11.376586152551,-17.4701010127507,9.67867965644072));
#4494=CARTESIAN_POINT('',(9.25526580896244,-13.2274603256395,11.8));
#4495=CARTESIAN_POINT('',(0.0556151082650686,-13.2274603256767,11.8));
#4496=CARTESIAN_POINT('',(-9.25526580903664,-13.2274603256767,11.8));
#4497=CARTESIAN_POINT('',(-13.497906496156,-17.4701010127958,8.8));
#4498=CARTESIAN_POINT('',(-12.2552658090368,-17.4701010127958,8.8));
#4499=CARTESIAN_POINT('',(-11.3765861525964,-17.4701010127957,9.67867965644026));
#4500=CARTESIAN_POINT('',(-13.4979064961471,-16.1875511747234,8.8));
#4501=CARTESIAN_POINT('',(-12.4287289108813,-16.4590839725519,8.8000000000015));
#4502=CARTESIAN_POINT('',(-11.590344458937,-16.6150677874157,9.46492135009971));
#4503=CARTESIAN_POINT('',(-12.7043276289014,-14.0210391929329,8.8));
#4504=CARTESIAN_POINT('',(-12.019263398588,-14.706103423243,8.79999999999762));
#4505=CARTESIAN_POINT('',(-11.4223772110701,-15.3029896107612,9.23609916433631));
#4506=CARTESIAN_POINT('',(-10.5378156471179,-13.2274603256733,8.8));
#4507=CARTESIAN_POINT('',(-10.2662828492861,-14.2966379109489,8.80000000000334));
#4508=CARTESIAN_POINT('',(-10.1102990344245,-15.1350223628907,9.46492135009478));
#4509=CARTESIAN_POINT('',(-9.25526580903666,-13.2274603256766,8.8));
#4510=CARTESIAN_POINT('',(-9.25526580903666,-14.4701010127959,8.8));
#4511=CARTESIAN_POINT('',(-9.25526580903666,-15.3487806692363,9.67867965644036));
#4512=CARTESIAN_POINT('',(-13.497906496156,-17.4701010127957,11.8));
#4513=CARTESIAN_POINT('',(-13.4979064961559,-5.48181172713489,11.8));
#4514=CARTESIAN_POINT('',(-13.4979064961559,-20.8672154745041,11.8));
#4515=CARTESIAN_POINT('',(-12.7349131615641,-19.5721427393242,8.89864838887657));
#4516=CARTESIAN_POINT('',(-12.7349131615641,-19.5721427393242,8.89864838887657));
#4517=CARTESIAN_POINT('',(-12.2684109965732,-20.1687106321608,9.02132846704982));
#4518=CARTESIAN_POINT('',(-11.7662445700602,-20.6835703628263,9.2890212389761));
#4519=CARTESIAN_POINT('',(-11.3765861525962,-21.2172245124588,9.67867965644005));
#4520=CARTESIAN_POINT('',(-20.6534345216043,-8.41916981142979,2.2));
#4521=CARTESIAN_POINT('',(-16.4161159734471,-10.2724803944494,-1.21862386320705));
#4522=CARTESIAN_POINT('',(-15.8920603124361,-11.6911042576564,0.2));
#4523=CARTESIAN_POINT('',(-12.8840350375066,-19.8338584603536,8.34275420269717));
#4524=CARTESIAN_POINT('',(-13.7487608167107,-21.1289311955334,11.6309526953037));
#4525=CARTESIAN_POINT('',(-13.7487608167107,-18.9328046743347,8.23095269530372));
#4526=CARTESIAN_POINT('',(-22.5994413174169,-10.4494341121122,8.23095269530372));
#4527=CARTESIAN_POINT('',(-25.6734513005824,-7.50299786948857,8.23095269530372));
#4528=CARTESIAN_POINT('',(-25.6734513005824,-5.02399534437633,4.3930096150568));
#4529=CARTESIAN_POINT('',(-25.6734066815172,-2.31560180263831,0.2));
#4530=CARTESIAN_POINT('',(-13.3198897648676,-14.1565277810247,0.2));
#4531=CARTESIAN_POINT('',(20.6558551790951,-8.41916981142983,2.2));
#4532=CARTESIAN_POINT('',(25.6758719580731,-7.55492122681679,8.31133941856931));
#4533=CARTESIAN_POINT('',(25.675871958073,-2.31564839753295,0.2));
#4534=CARTESIAN_POINT('',(25.6758719580731,-7.50299786948861,8.23095269530372));
#4535=CARTESIAN_POINT('',(22.6018619749076,-10.4494341121123,8.23095269530372));
#4536=CARTESIAN_POINT('',(13.7487608166708,-18.9351248727459,8.23095269530372));
#4537=CARTESIAN_POINT('',(13.74876081668,-21.1312513939359,11.6309526953037));
#4538=CARTESIAN_POINT('',(12.8867156806577,-19.833154676597,8.3420504189406));
#4539=CARTESIAN_POINT('',(16.4185366309379,-10.2724803944494,-1.21862386320703));
#4540=CARTESIAN_POINT('',(15.8944132922941,-11.6910336691583,0.2));
#4541=CARTESIAN_POINT('',(13.3223104223584,-14.1565277810247,0.2));
#4542=CARTESIAN_POINT('',(-25.2899644310615,5.2090914188426,27.2));
#4543=CARTESIAN_POINT('',(-25.9133642399814,4.58569160992267,27.2));
#4544=CARTESIAN_POINT('',(-25.9133642399815,4.5856916099226,0.2));
#4545=CARTESIAN_POINT('',(-25.9133642399815,4.58569160992263,8.4));
#4546=CARTESIAN_POINT('',(-25.2899644310615,5.2090914188426,8.4));
#4547=CARTESIAN_POINT('',(-24.3007493386832,6.19830651122095,8.4));
#4548=CARTESIAN_POINT('',(-18.7909496545035,11.7081061954006,7.80000000000445));
#4549=CARTESIAN_POINT('',(-24.3638005927875,6.1352552571166,7.80000000000594));
#4550=CARTESIAN_POINT('',(-24.3638005927896,6.13525525711451,2.20000000000043));
#4551=CARTESIAN_POINT('',(-24.3638005927903,6.13525525711377,0.2));
#4552=CARTESIAN_POINT('',(-15.3782504952479,15.1208053546562,0.2));
#4553=CARTESIAN_POINT('',(25.2899644310625,5.20909141884259,27.2));
#4554=CARTESIAN_POINT('',(18.7909496542987,11.7081061956064,7.8));
#4555=CARTESIAN_POINT('',(24.3638005926224,6.13525525728268,7.80000000000028));
#4556=CARTESIAN_POINT('',(24.3007493385166,6.19830651138846,8.4));
#4557=CARTESIAN_POINT('',(25.9157848974722,4.58327095243287,8.4));
#4558=CARTESIAN_POINT('',(25.9157848974722,4.58327095243287,8.4));
#4559=CARTESIAN_POINT('',(25.9157848974722,4.58327095243282,27.2));
#4560=CARTESIAN_POINT('',(25.9157848974722,4.58327095243289,0.2));
#4561=CARTESIAN_POINT('',(15.3794608239937,15.1195950259113,0.2));
#4562=CARTESIAN_POINT('',(24.3638005926231,6.135255257282,0.2));
#4563=CARTESIAN_POINT('',(24.3638005926208,6.13525525728432,27.2));
#4564=CARTESIAN_POINT('',(-26.4851209363399,8.25657560068348,27.1999999999993));
#4565=CARTESIAN_POINT('',(-26.48512093635,8.25657560067341,0.2));
#4566=CARTESIAN_POINT('',(-26.4851209363472,8.25657560067624,7.80000000000594));
#4567=CARTESIAN_POINT('',(-23.5806793476176,7.50543043650454,7.80000000000511));
#4568=CARTESIAN_POINT('',(-23.7854643083721,6.71359154153195,7.80000000000551));
#4569=CARTESIAN_POINT('',(-24.3638005927875,6.13525525711664,7.80000000000599));
#4570=CARTESIAN_POINT('',(-23.5806793494002,7.50543042961179,7.9185832981476));
#4571=CARTESIAN_POINT('',(-23.785464313889,6.71359153602099,8.08323729004224));
#4572=CARTESIAN_POINT('',(-24.363800598631,6.13525525127306,8.27433319257349));
#4573=CARTESIAN_POINT('',(-23.4640064106343,7.78193943696516,8.16203840926861));
#4574=CARTESIAN_POINT('',(-23.5488655083059,6.95019034159559,8.67358401832964));
#4575=CARTESIAN_POINT('',(-24.1201344966962,6.37892135320789,9.2481536370325));
#4576=CARTESIAN_POINT('',(-22.9571889129557,8.98307144328458,8.47412830661185));
#4577=CARTESIAN_POINT('',(-22.5358649432288,7.9631909066756,9.31368907970331));
#4578=CARTESIAN_POINT('',(-23.0616693235926,7.43738652631154,10.4965132265333));
#4579=CARTESIAN_POINT('',(-22.3680377616991,10.3793300743262,8.64884202598888));
#4580=CARTESIAN_POINT('',(-21.4060081903623,9.09304765954321,9.48173007599444));
#4581=CARTESIAN_POINT('',(-21.8312540773166,8.6678017725875,11.1953681036476));
#4582=CARTESIAN_POINT('',(-21.8862232040085,11.5212063704133,8.73518236123079));
#4583=CARTESIAN_POINT('',(-20.5123600146029,9.98669583529846,9.41491100218837));
#4584=CARTESIAN_POINT('',(-20.8250064002085,9.67404944969566,11.5407294454185));
#4585=CARTESIAN_POINT('',(-21.6110512042181,12.1733501860117,8.76667132606528));
#4586=CARTESIAN_POINT('',(-20.0137211696156,10.4853346802947,9.3037980979699));
#4587=CARTESIAN_POINT('',(-20.2503222581477,10.2487335917564,11.6666853031218));
#4588=CARTESIAN_POINT('',(-21.4673736954186,12.5138586636187,8.77812288420761));
#4589=CARTESIAN_POINT('',(-19.7603289755032,10.7387268744009,9.22414236720471));
#4590=CARTESIAN_POINT('',(-19.9502583494639,10.5487975004402,11.7124915368169));
#4591=CARTESIAN_POINT('',(-24.3007493386832,6.19830651122095,8.4));
#4592=CARTESIAN_POINT('',(-23.8840603453194,6.61499550458473,8.42132733432747));
#4593=CARTESIAN_POINT('',(-23.3332039589035,7.62141542770135,8.52814817161385));
#4594=CARTESIAN_POINT('',(-22.6744989769247,9.22883395789479,8.68027761624256));
#4595=CARTESIAN_POINT('',(-22.0421577452718,10.8447931420372,8.75370809986073));
#4596=CARTESIAN_POINT('',(-21.6306923911774,11.9283466836778,8.78141415029089));
#4597=CARTESIAN_POINT('',(-21.4255353804535,12.4702522989692,8.78970488668432));
#4598=CARTESIAN_POINT('',(-21.4255353804526,12.4702522989701,8.78970488668445));
#4599=CARTESIAN_POINT('',(-22.0715786930236,12.6701178439998,11.7124915368169));
#4600=CARTESIAN_POINT('',(-21.7729481482077,12.9687483888157,7.80000000000227));
#4601=CARTESIAN_POINT('',(-21.4255353804447,12.4702522989659,8.78970488668421));
#4602=CARTESIAN_POINT('',(-21.4206910516064,12.478933275259,8.79018204029086));
#4603=CARTESIAN_POINT('',(-21.4155583444843,12.4874428168948,8.79060012443384));
#4604=CARTESIAN_POINT('',(-21.4101119939252,12.4957658353987,8.79095536944836));
#4605=CARTESIAN_POINT('',(-21.4101119939255,12.4957658353988,8.79095536944835));
#4606=CARTESIAN_POINT('',(-21.4101119939255,12.4957658353987,8.79095536944836));
#4607=CARTESIAN_POINT('',(-21.3618614508334,12.5695014788582,8.7941025713583));
#4608=CARTESIAN_POINT('',(-21.3133147323997,12.6434783620328,8.78614875766172));
#4609=CARTESIAN_POINT('',(-21.2659720295509,12.7152603294873,8.76733851560973));
#4610=CARTESIAN_POINT('',(-23.7920438964218,2.46437126636296,2.20200000000019));
#4611=CARTESIAN_POINT('',(-23.7920438964218,2.46437126636298,8.4));
#4612=CARTESIAN_POINT('',(-23.7920438964218,2.46437126636296,0.2));
#4613=CARTESIAN_POINT('',(26.4851209361818,8.25657560084254,10.7020013893846));
#4614=CARTESIAN_POINT('',(26.4851209361827,8.25657560084164,0.2));
#4615=CARTESIAN_POINT('',(26.485120936182,8.25657560084229,7.80000000000028));
#4616=CARTESIAN_POINT('',(24.3638005926224,6.13525525728272,7.80000000000033));
#4617=CARTESIAN_POINT('',(23.7854643082118,6.71359154169326,7.8000000000002));
#4618=CARTESIAN_POINT('',(23.5806793474557,7.50543043665843,7.80000000000008));
#4619=CARTESIAN_POINT('',(24.3638005984692,6.13525525143585,8.27433319256024));
#4620=CARTESIAN_POINT('',(23.7854643137328,6.71359153617426,8.08323729003179));
#4621=CARTESIAN_POINT('',(23.5806793492393,7.50543042976182,7.91858329814006));
#4622=CARTESIAN_POINT('',(24.1201344965397,6.37892135336539,9.24815363699149));
#4623=CARTESIAN_POINT('',(23.5488655081534,6.95019034175073,8.67358401830366));
#4624=CARTESIAN_POINT('',(23.4640064104757,7.78193943710976,8.16203840925506));
#4625=CARTESIAN_POINT('',(23.0616693234783,7.43738652642684,10.4965132264757));
#4626=CARTESIAN_POINT('',(22.5358649431173,7.96319090678817,9.3136890796753));
#4627=CARTESIAN_POINT('',(22.9571889128127,8.98307144338248,8.47412830659379));
#4628=CARTESIAN_POINT('',(21.8312540772303,8.66780177267481,11.195368103597));
#4629=CARTESIAN_POINT('',(21.4060081902695,9.09304765963518,9.48173007598674));
#4630=CARTESIAN_POINT('',(22.3680377615633,10.3793300743941,8.64884202597286));
#4631=CARTESIAN_POINT('',(20.8250064001471,9.67404944975802,11.5407294453766));
#4632=CARTESIAN_POINT('',(20.512360014535,9.98669583537071,9.41491100219859));
#4633=CARTESIAN_POINT('',(21.8862232038824,11.5212063704538,8.73518236121665));
#4634=CARTESIAN_POINT('',(20.2503222581088,10.2487335917963,11.6666853030869));
#4635=CARTESIAN_POINT('',(20.0137211695491,10.4853346803546,9.30379809800588));
#4636=CARTESIAN_POINT('',(21.6110512040961,12.1733501860281,8.76667132605365));
#4637=CARTESIAN_POINT('',(19.9502583494343,10.5487975004709,11.7124915367869));
#4638=CARTESIAN_POINT('',(19.7603289754517,10.7387268744534,9.22414236724624));
#4639=CARTESIAN_POINT('',(21.4673736953026,12.5138586636245,8.77812288419672));
#4640=CARTESIAN_POINT('',(22.0715786929939,12.6701178440304,11.7124915367868));
#4641=CARTESIAN_POINT('',(21.4255353803176,12.4702522989555,8.7897048866808));
#4642=CARTESIAN_POINT('',(21.4255353803176,12.4702522989555,8.78970488668081));
#4643=CARTESIAN_POINT('',(21.63055914358,11.9286986460602,8.78141953503831));
#4644=CARTESIAN_POINT('',(22.0413427360805,10.8466258001853,8.7537799842119));
#4645=CARTESIAN_POINT('',(22.6738222870119,9.23157608314571,8.68037056993759));
#4646=CARTESIAN_POINT('',(23.3275101498874,7.63148871832081,8.52922328608206));
#4647=CARTESIAN_POINT('',(23.8873700227439,6.61168582716113,8.42115793556361));
#4648=CARTESIAN_POINT('',(24.3007493385166,6.19830651138846,8.4));
#4649=CARTESIAN_POINT('',(21.7729481481371,12.9687483888872,7.8));
#4650=CARTESIAN_POINT('',(21.4101119937873,12.4957658354057,8.79095536944593));
#4651=CARTESIAN_POINT('',(21.3618614506871,12.5695014788713,8.79410257135614));
#4652=CARTESIAN_POINT('',(21.3133147284027,12.6434783596797,8.78614875827835));
#4653=CARTESIAN_POINT('',(21.2659720294056,12.7152603295215,8.76733851559781));
#4654=CARTESIAN_POINT('',(21.4101119937873,12.4957658354057,8.79095536944592));
#4655=CARTESIAN_POINT('',(21.4101119937873,12.4957658354057,8.79095536944592));
#4656=CARTESIAN_POINT('',(21.4155583443505,12.4874428168962,8.79060012443115));
#4657=CARTESIAN_POINT('',(21.4206910514757,12.4789332752546,8.79018204028787));
#4658=CARTESIAN_POINT('',(21.4255353803174,12.4702522989553,8.78970488668081));
#4659=CARTESIAN_POINT('',(23.7944645539126,2.46195060887317,27.2));
#4660=CARTESIAN_POINT('',(23.7944645539126,2.46195060887323,8.4));
#4661=CARTESIAN_POINT('',(23.7944645539126,2.46195060887325,0.2));
#4662=CARTESIAN_POINT('',(23.7944645539126,-3.06112743665577,5.66086440027886));
#4663=CARTESIAN_POINT('',(23.7944645539126,-4.8303887118638,8.4));
#4664=CARTESIAN_POINT('',(25.6758719580731,-2.31564839753295,0.199999999999998));
#4665=CARTESIAN_POINT('',(25.8333348283681,-2.16472035551429,0.199999999999998));
#4666=CARTESIAN_POINT('',(26.0619838363069,-1.89978380647604,0.199455294200884));
#4667=CARTESIAN_POINT('',(26.2986758952639,-1.50785259416588,0.19971782915239));
#4668=CARTESIAN_POINT('',(26.4164208570438,-1.27484203201747,0.19992410354985));
#4669=CARTESIAN_POINT('',(26.5097275029866,-1.05628695808738,0.20005835601194));
#4670=CARTESIAN_POINT('',(26.5470962578517,-0.95541189547423,0.199842472402324));
#4671=CARTESIAN_POINT('',(26.6179950467206,-0.750210187080304,0.199226235464039));
#4672=CARTESIAN_POINT('',(26.7283694587207,-0.350062793732202,0.198166669062296));
#4673=CARTESIAN_POINT('',(26.7944645539125,0.112955671888091,0.200000000000004));
#4674=CARTESIAN_POINT('',(26.7944645539125,0.466151721615583,0.200000000000006));
#4675=CARTESIAN_POINT('',(-23.7920438964218,-0.000409633591754977,0.922321137872939));
#4676=CARTESIAN_POINT('',(-23.7920438964218,-4.83038871186376,8.4));
#4677=CARTESIAN_POINT('',(-26.7920438964219,0.466151721615676,0.200000000000001));
#4678=CARTESIAN_POINT('',(-26.7920438964219,0.113056445740409,0.2));
#4679=CARTESIAN_POINT('',(-26.7259852365171,-0.349885568109458,0.198165010342841));
#4680=CARTESIAN_POINT('',(-26.6156114769273,-0.750088489056716,0.199222371689483));
#4681=CARTESIAN_POINT('',(-26.5447027968285,-0.955338697777119,0.199839817968666));
#4682=CARTESIAN_POINT('',(-26.5072953008681,-1.05631536430947,0.200057782683207));
#4683=CARTESIAN_POINT('',(-26.4140191815971,-1.27480160482565,0.199929051298525));
#4684=CARTESIAN_POINT('',(-26.2962885179369,-1.50779722304814,0.19972520786979));
#4685=CARTESIAN_POINT('',(-26.0596212605287,-1.89970649428868,0.199461614482514));
#4686=CARTESIAN_POINT('',(-25.8309525119204,-2.16468360565352,0.199999999999998));
#4687=CARTESIAN_POINT('',(-25.6734513005824,-2.31564839753288,0.199999999999998));
#4688=CARTESIAN_POINT('',(-12.1288856099823,-14.8221990584223,6.56181749370854));
#4689=CARTESIAN_POINT('',(-11.075067891063,-17.6748940577381,9.41451249302435));
#4690=CARTESIAN_POINT('',(-11.1901664975015,-21.5089579338667,9.13972328786878));
#4691=CARTESIAN_POINT('',(-11.1901664975015,-21.5089579338667,9.13972328786878));
#4692=CARTESIAN_POINT('',(-11.6793034482365,-20.9641905766975,8.70334372726986));
#4693=CARTESIAN_POINT('',(-12.3035368276353,-20.4500972647545,8.43538448170517));
#4694=CARTESIAN_POINT('',(-12.8840350375066,-19.8338584603536,8.34275420269717));
#4695=CARTESIAN_POINT('',(-15.8920603124361,-11.6911042576564,0.199999999999997));
#4696=CARTESIAN_POINT('',(-15.1629514509913,-12.3899545496021,0.199999999999999));
#4697=CARTESIAN_POINT('',(-14.3651090739179,-12.703022251833,0.199999999999998));
#4698=CARTESIAN_POINT('',(-13.6953731016088,-12.703022251833,0.199999999999997));
#4699=CARTESIAN_POINT('',(12.1313062674731,-14.8221990584223,6.56181749370855));
#4700=CARTESIAN_POINT('',(12.8867156806572,-19.8331546765972,8.34205041894019));
#4701=CARTESIAN_POINT('',(12.3054038596238,-20.449949148695,8.43433362998789));
#4702=CARTESIAN_POINT('',(11.6793897158684,-20.9648846922621,8.70283736705427));
#4703=CARTESIAN_POINT('',(11.189839122545,-21.5097576157621,9.13960138059555));
#4704=CARTESIAN_POINT('',(11.189839122545,-21.5097576157621,9.13960138059554));
#4705=CARTESIAN_POINT('',(11.0789066173845,-17.6710553313726,9.41067376665881));
#4706=CARTESIAN_POINT('',(13.6977937590996,-12.7030222518331,0.199999999999993));
#4707=CARTESIAN_POINT('',(14.3675297314087,-12.7030222518331,0.199999999999995));
#4708=CARTESIAN_POINT('',(15.1653721084821,-12.3899545496021,0.199999999999995));
#4709=CARTESIAN_POINT('',(15.8944809699268,-11.6911042576565,0.199999999999992));
#4710=CARTESIAN_POINT('',(21.4101119937873,12.4957658354057,8.79095536944592));
#4711=CARTESIAN_POINT('',(21.3718303462128,12.4789634121913,8.8));
#4712=CARTESIAN_POINT('',(21.3326630646597,12.4617722701557,8.8));
#4713=CARTESIAN_POINT('',(21.3619501174936,12.5693659835682,8.79409678762491));
#4714=CARTESIAN_POINT('',(21.3361633811402,12.5584695777991,8.79853338581619));
#4715=CARTESIAN_POINT('',(21.3101103653753,12.5474101647719,8.8));
#4716=CARTESIAN_POINT('',(21.3135607665044,12.6430778909687,8.78625369986269));
#4717=CARTESIAN_POINT('',(21.300654999606,12.6377895838944,8.78762125025109));
#4718=CARTESIAN_POINT('',(21.2877492464933,12.6325101915605,8.78902293273387));
#4719=CARTESIAN_POINT('',(21.2659720294056,12.7152603295215,8.76733851559783));
#4720=CARTESIAN_POINT('',(21.2659720294056,12.7152603295215,8.76733851559783));
#4721=CARTESIAN_POINT('',(21.2659720294056,12.7152603295215,8.76733851559783));
#4722=CARTESIAN_POINT('',(21.3326630646597,12.4617722701557,8.4));
#4723=CARTESIAN_POINT('',(21.4255353803177,12.4702522989555,8.7897048866808));
#4724=CARTESIAN_POINT('',(21.3830273092304,12.4571016345476,8.8));
#4725=CARTESIAN_POINT('',(21.3393962719609,12.4436035596122,8.8));
#4726=CARTESIAN_POINT('',(21.4207807733405,12.478772704614,8.79017318857371));
#4727=CARTESIAN_POINT('',(21.3796507860416,12.4644566927723,8.79999999999999));
#4728=CARTESIAN_POINT('',(21.3374846332675,12.4497831165625,8.8));
#4729=CARTESIAN_POINT('',(21.415664838275,12.4872798447831,8.7905931982256));
#4730=CARTESIAN_POINT('',(21.3759425988509,12.4717497869229,8.80000000000002));
#4731=CARTESIAN_POINT('',(21.3352632155471,12.4558478713975,8.8));
#4732=CARTESIAN_POINT('',(21.4101119937873,12.4957658354057,8.79095536944592));
#4733=CARTESIAN_POINT('',(21.3718303462129,12.4789634121913,8.8));
#4734=CARTESIAN_POINT('',(21.3326630646598,12.4617722701557,8.8));
#4735=CARTESIAN_POINT('',(21.3393962719609,12.4436035596122,8.4));
#4736=CARTESIAN_POINT('',(24.3007493385166,6.19830651138846,8.4));
#4737=CARTESIAN_POINT('',(24.3007493385166,6.19830651138846,8.8));
#4738=CARTESIAN_POINT('',(24.017906626042,5.91546379891384,8.8));
#4739=CARTESIAN_POINT('',(23.9224200343429,6.57663581556213,8.41936397107926));
#4740=CARTESIAN_POINT('',(23.917992275477,6.55432597171197,8.80000000000109));
#4741=CARTESIAN_POINT('',(23.593772187863,6.33959825635775,8.8));
#4742=CARTESIAN_POINT('',(23.3753455126902,7.51863769260271,8.51510830004706));
#4743=CARTESIAN_POINT('',(23.3263198507884,7.38762963851876,8.79999999999954));
#4744=CARTESIAN_POINT('',(22.9997057171246,7.38124903518317,8.80000000000001));
#4745=CARTESIAN_POINT('',(22.4796099896443,9.70246787758896,8.72862200749295));
#4746=CARTESIAN_POINT('',(22.393495340851,9.54253124737572,8.80000000000025));
#4747=CARTESIAN_POINT('',(22.2219139059511,9.61888147721806,8.79999999999999));
#4748=CARTESIAN_POINT('',(21.8455252914228,11.3608829885275,8.77273239519191));
#4749=CARTESIAN_POINT('',(21.7736046132897,11.3250452699448,8.79999999999987));
#4750=CARTESIAN_POINT('',(21.6893784812608,11.3123246978023,8.8));
#4751=CARTESIAN_POINT('',(21.4255353803176,12.4702522989555,8.78970488668081));
#4752=CARTESIAN_POINT('',(21.3830273092303,12.4571016345476,8.8));
#4753=CARTESIAN_POINT('',(21.3393962719608,12.4436035596121,8.8));
#4754=CARTESIAN_POINT('',(24.017906626042,5.91546379891384,8.4));
#4755=CARTESIAN_POINT('',(25.0071217185879,4.92624870636798,8.4));
#4756=CARTESIAN_POINT('',(25.6329421849976,4.30042823995825,8.4));
#4757=CARTESIAN_POINT('',(23.7944645539126,2.46195060887323,8.4));
#4758=CARTESIAN_POINT('',(26.3944645539126,2.46195060887323,8.4));
#4759=CARTESIAN_POINT('',(26.3944645539126,1.98076407804745,8.4));
#4760=CARTESIAN_POINT('',(26.3944645539126,-4.83038871186381,8.4));
#4761=CARTESIAN_POINT('',(26.3944645539126,-4.83038871186379,8.8));
#4762=CARTESIAN_POINT('',(26.7944645539126,-4.83038871186379,8.8));
#4763=CARTESIAN_POINT('',(26.7944645539126,-4.83038871186379,8.4));
#4764=CARTESIAN_POINT('',(26.3944645539014,-5.75165438536083,8.8));
#4765=CARTESIAN_POINT('',(26.8647361510398,-5.94137106982916,8.80000000000514));
#4766=CARTESIAN_POINT('',(26.7944645539126,-5.85166283299169,8.33540258700381));
#4767=CARTESIAN_POINT('',(26.0277919170683,-6.6635234576409,8.8));
#4768=CARTESIAN_POINT('',(26.4912536595308,-6.99042395532677,8.79999999999939));
#4769=CARTESIAN_POINT('',(26.3713807421748,-6.86252030025261,8.27146404597105));
#4770=CARTESIAN_POINT('',(25.4250176375183,-7.24128214845919,8.8));
#4771=CARTESIAN_POINT('',(25.8594863848518,-7.69456236791753,8.8));
#4772=CARTESIAN_POINT('',(25.6758719580731,-7.50299786948861,8.23095269530372));
#4773=CARTESIAN_POINT('',(25.4250176375183,-7.2412821484592,8.4));
#4774=CARTESIAN_POINT('',(10.4493697258933,-21.5954293390114,8.4));
#4775=CARTESIAN_POINT('',(13.4979064961161,-18.6734091517165,8.4));
#4776=CARTESIAN_POINT('',(13.4979064961161,-18.6734091517165,8.8));
#4777=CARTESIAN_POINT('',(13.9323752434495,-19.1266893711749,8.8));
#4778=CARTESIAN_POINT('',(13.7487608166708,-18.9351248727459,8.23095269530372));
#4779=CARTESIAN_POINT('',(13.2415656275427,-18.9518720173982,8.8));
#4780=CARTESIAN_POINT('',(13.6727754147246,-19.3525998723267,8.76452230360043));
#4781=CARTESIAN_POINT('',(13.4582411656207,-19.2135877384285,8.23095269530416));
#4782=CARTESIAN_POINT('',(12.9852431598132,-19.2544972125481,8.83303405070673));
#4783=CARTESIAN_POINT('',(13.3922237168614,-19.6194948685079,8.76140489699584));
#4784=CARTESIAN_POINT('',(13.1677423688602,-19.5162129335771,8.26839128610564));
#4785=CARTESIAN_POINT('',(12.737278434928,-19.5714389555675,8.89802740320871));
#4786=CARTESIAN_POINT('',(13.105433322767,-19.9203016971795,8.80153133744167));
#4787=CARTESIAN_POINT('',(12.8867156806572,-19.8331546765973,8.34205041894026));
#4788=CARTESIAN_POINT('',(12.6358613601025,-19.5714389555678,8.51109772363654));
#4789=CARTESIAN_POINT('',(12.7372784349286,-19.5714389555667,8.89802740320855));
#4790=CARTESIAN_POINT('',(13.1054333227676,-19.9203016971788,8.80153133744158));
#4791=CARTESIAN_POINT('',(12.8867156806579,-19.8331546765965,8.34205041894008));
#4792=CARTESIAN_POINT('',(12.264546794849,-20.1756716015466,9.0219337940742));
#4793=CARTESIAN_POINT('',(12.5861890726972,-20.5870463517544,8.87214095427558));
#4794=CARTESIAN_POINT('',(12.2936018217738,-20.4624715594467,8.43620718587436));
#4795=CARTESIAN_POINT('',(11.7653405857735,-20.6859192180743,9.28992522323164));
#4796=CARTESIAN_POINT('',(12.067109001584,-21.0973053117944,9.07968984199663));
#4797=CARTESIAN_POINT('',(11.6680059599604,-20.9775548905445,8.71299365751628));
#4798=CARTESIAN_POINT('',(11.3765861525668,-21.2180232230711,9.67867965644069));
#4799=CARTESIAN_POINT('',(11.622315212411,-21.6249562946585,9.43295059659808));
#4800=CARTESIAN_POINT('',(11.189839122545,-21.5097576157621,9.13960138059554));
#4801=CARTESIAN_POINT('',(11.0937434400921,-21.2180232230723,9.39583694396613));
#4802=CARTESIAN_POINT('',(11.3765861525668,-21.2180232230711,9.67867965644068));
#4803=CARTESIAN_POINT('',(11.622315212411,-21.6249562946585,9.43295059659806));
#4804=CARTESIAN_POINT('',(11.189839122545,-21.5097576157621,9.13960138059552));
#4805=CARTESIAN_POINT('',(11.0089440963636,-21.662029095967,10.0463217126458));
#4806=CARTESIAN_POINT('',(11.2471062060197,-22.1395421107516,9.80815960299207));
#4807=CARTESIAN_POINT('',(10.7908402890463,-21.9538458547413,9.49557752339356));
#4808=CARTESIAN_POINT('',(10.6411697567645,-22.0685901666503,10.4140960522468));
#4809=CARTESIAN_POINT('',(10.8901838429915,-22.596274691466,10.1650819660161));
#4810=CARTESIAN_POINT('',(10.3906975633519,-22.3574118966105,9.85438964477747));
#4811=CARTESIAN_POINT('',(10.2847329460242,-22.4250269773967,10.7705328629887));
#4812=CARTESIAN_POINT('',(10.5675756585012,-22.9907124023471,10.487690150514));
#4813=CARTESIAN_POINT('',(10.0018902335495,-22.7078696898726,10.2048474380395));
#4814=CARTESIAN_POINT('',(10.0018902335495,-22.4250269773979,10.4876901505141));
#4815=CARTESIAN_POINT('',(7.95439492006592,-24.4725222908908,12.535185464007));
#4816=CARTESIAN_POINT('',(7.62683868427839,-24.8000785266798,12.862741699796));
#4817=CARTESIAN_POINT('',(5.36409698449844,-26.0201795393579,13.5171572875248));
#4818=CARTESIAN_POINT('',(5.36409698450418,-26.7030222518325,14.1999999999994));
#4819=CARTESIAN_POINT('',(5.36409698450012,-25.7373368268832,14.1999999999994));
#4820=CARTESIAN_POINT('',(5.78297601861037,-26.0201795393522,13.5171572875192));
#4821=CARTESIAN_POINT('',(5.9617438002126,-26.7030222518297,14.199999999995));
#4822=CARTESIAN_POINT('',(5.83533589787654,-25.7373368268782,14.1999999999975));
#4823=CARTESIAN_POINT('',(6.62055668582468,-25.8535415963784,13.3505193445454));
#4824=CARTESIAN_POINT('',(7.04713576760116,-26.4386307813324,13.9356085294998));
#4825=CARTESIAN_POINT('',(6.77761414849131,-25.5706988839027,14.0125323141444));
#4826=CARTESIAN_POINT('',(7.33064648197516,-25.3791134414561,12.8760911896231));
#4827=CARTESIAN_POINT('',(7.87558852036281,-25.7619334235341,13.2589111717015));
#4828=CARTESIAN_POINT('',(7.5764651691631,-25.0962707289805,13.4788006398619));
#4829=CARTESIAN_POINT('',(7.6268386842784,-25.0829212391544,12.5798989873214));
#4830=CARTESIAN_POINT('',(8.19252410923001,-25.365763951629,12.8627416997959));
#4831=CARTESIAN_POINT('',(7.90968139675307,-24.8000785266786,13.1455844122706));
#4832=CARTESIAN_POINT('',(5.36409698448534,-25.7373368268832,13.7999999999994));
#4833=CARTESIAN_POINT('',(6.24451636137186E-12,-25.7373368268838,13.8));
#4834=CARTESIAN_POINT('',(-5.36409698449222,-25.7373368268844,13.8000000000006));
#4835=CARTESIAN_POINT('',(-7.62683868428943,-25.0829212391561,12.579898987323));
#4836=CARTESIAN_POINT('',(-8.19252410923867,-25.3657639516307,12.8627416997976));
#4837=CARTESIAN_POINT('',(-7.90968139676404,-24.8000785266814,13.1455844122722));
#4838=CARTESIAN_POINT('',(-7.33064648198293,-25.3791134414592,12.8760911896262));
#4839=CARTESIAN_POINT('',(-7.87558852036212,-25.7619334235339,13.2589111717002));
#4840=CARTESIAN_POINT('',(-7.57646516917207,-25.0962707289855,13.4788006398642));
#4841=CARTESIAN_POINT('',(-6.62055668582682,-25.853541596383,13.3505193445499));
#4842=CARTESIAN_POINT('',(-7.0471357675893,-26.4386307813439,13.9356085295119));
#4843=CARTESIAN_POINT('',(-6.77761414849218,-25.5706988839079,14.0125323141501));
#4844=CARTESIAN_POINT('',(-5.78297601860664,-26.0201795393554,13.5171572875223));
#4845=CARTESIAN_POINT('',(-5.96174380021204,-26.7030222518379,14.2000000000033));
#4846=CARTESIAN_POINT('',(-5.8353358978709,-25.7373368268808,14.2000000000006));
#4847=CARTESIAN_POINT('',(-5.36409698449256,-26.020179539359,13.517157287526));
#4848=CARTESIAN_POINT('',(-5.36409698449255,-26.7030222518336,14.2000000000006));
#4849=CARTESIAN_POINT('',(-5.36409698449256,-25.7373368268844,14.2000000000006));
#4850=CARTESIAN_POINT('',(-7.62683868428942,-24.8000785266814,12.8627416997976));
#4851=CARTESIAN_POINT('',(-7.9543949200713,-24.4725222908996,12.5351854640158));
#4852=CARTESIAN_POINT('',(-9.99805150724004,-22.4288657037311,10.4915288768472));
#4853=CARTESIAN_POINT('',(-10.2808942197146,-22.428865703731,10.7743715893219));
#4854=CARTESIAN_POINT('',(-10.5637369321893,-22.9945511286803,10.4915288768473));
#4855=CARTESIAN_POINT('',(-9.99805150724003,-22.7117084162057,10.2086861643726));
#4856=CARTESIAN_POINT('',(-10.6385716081213,-22.0711883153206,10.4166942009152));
#4857=CARTESIAN_POINT('',(-10.8873964338133,-22.5988280222439,10.1678693752152));
#4858=CARTESIAN_POINT('',(-10.3882120802411,-22.360030855242,9.85700860340895));
#4859=CARTESIAN_POINT('',(-11.0076657471573,-21.6630355773718,10.0476000618792));
#4860=CARTESIAN_POINT('',(-11.2456146367983,-22.1403759724998,9.80965117223791));
#4861=CARTESIAN_POINT('',(-10.7897872335817,-21.9548730362604,9.49691839856407));
#4862=CARTESIAN_POINT('',(-11.3765861525964,-21.2172245124589,9.67867965644025));
#4863=CARTESIAN_POINT('',(-11.6221864259102,-21.6237059102454,9.43307938312646));
#4864=CARTESIAN_POINT('',(-11.1901664975015,-21.5089579338666,9.13972328786878));
#4865=CARTESIAN_POINT('',(-11.0937434401218,-21.217224512459,9.39583694396561));
#4866=CARTESIAN_POINT('',(-11.3765861525964,-21.217224512459,9.67867965644025));
#4867=CARTESIAN_POINT('',(-11.6221864259102,-21.6237059102454,9.43307938312646));
#4868=CARTESIAN_POINT('',(-11.1901664975016,-21.5089579338667,9.13972328786878));
#4869=CARTESIAN_POINT('',(-11.7648889196908,-20.6854270063562,9.2903768893459));
#4870=CARTESIAN_POINT('',(-12.0664784526847,-21.0963137218094,9.08016543775262));
#4871=CARTESIAN_POINT('',(-11.6677694974686,-20.9770363130763,8.71363365818471));
#4872=CARTESIAN_POINT('',(-12.2629060671757,-20.175750364078,9.02277614558062));
#4873=CARTESIAN_POINT('',(-12.5843885580528,-20.5866497370287,8.87285377596577));
#4874=CARTESIAN_POINT('',(-12.2918506370149,-20.4625029484099,8.43724923213909));
#4875=CARTESIAN_POINT('',(-12.7349131615641,-19.5721427393242,8.89864838887658));
#4876=CARTESIAN_POINT('',(-13.1028087709259,-19.9207350771655,8.80189972294707));
#4877=CARTESIAN_POINT('',(-12.8840350375066,-19.8338584603536,8.34275420269717));
#4878=CARTESIAN_POINT('',(-12.6331807169519,-19.5721427393242,8.51180150739345));
#4879=CARTESIAN_POINT('',(-12.7349131615641,-19.5721427393242,8.89864838887656));
#4880=CARTESIAN_POINT('',(-13.1028087709259,-19.9207350771655,8.80189972294706));
#4881=CARTESIAN_POINT('',(-12.8840350375066,-19.8338584603536,8.34275420269716));
#4882=CARTESIAN_POINT('',(-12.9836131651821,-19.254102549503,8.833245614409));
#4883=CARTESIAN_POINT('',(-13.3905117853727,-19.6188053603059,8.76138911350666));
#4884=CARTESIAN_POINT('',(-13.1658950416069,-19.5158182705318,8.26863105830304));
#4885=CARTESIAN_POINT('',(-13.2407504832897,-18.9504373095354,8.8));
#4886=CARTESIAN_POINT('',(-13.6719866273368,-19.3509660971869,8.76441450552845));
#4887=CARTESIAN_POINT('',(-13.4573173354605,-19.2121530305651,8.23095269530426));
#4888=CARTESIAN_POINT('',(-13.4979064961559,-18.6710889533053,8.8));
#4889=CARTESIAN_POINT('',(-13.9323752434894,-19.1243691727636,8.8));
#4890=CARTESIAN_POINT('',(-13.7487608167107,-18.9328046743347,8.23095269530372));
#4891=CARTESIAN_POINT('',(-13.4979064961559,-18.6710889533053,8.4));
#4892=CARTESIAN_POINT('',(-15.6553471758401,-16.6031836944595,8.4));
#4893=CARTESIAN_POINT('',(-25.4225969800277,-7.24128214845916,8.4));
#4894=CARTESIAN_POINT('',(-25.4225969800276,-7.24128214845917,8.8));
#4895=CARTESIAN_POINT('',(-25.8570657273611,-7.6945623679175,8.8));
#4896=CARTESIAN_POINT('',(-25.6734513005824,-7.50299786948858,8.23095269530372));
#4897=CARTESIAN_POINT('',(-26.0253712595792,-6.66352345764033,8.8));
#4898=CARTESIAN_POINT('',(-26.4888330020388,-6.99042395532463,8.80000000000021));
#4899=CARTESIAN_POINT('',(-26.3689600846865,-6.86252030025136,8.27146404597273));
#4900=CARTESIAN_POINT('',(-26.3920438964107,-5.75165438536081,8.8));
#4901=CARTESIAN_POINT('',(-26.8623154935517,-5.9413710698316,8.80000000000514));
#4902=CARTESIAN_POINT('',(-26.7920438964218,-5.85166283299327,8.33540258700381));
#4903=CARTESIAN_POINT('',(-26.3920438964218,-4.83038871186377,8.8));
#4904=CARTESIAN_POINT('',(-26.7920438964219,-4.83038871186377,8.8));
#4905=CARTESIAN_POINT('',(-26.7920438964219,-4.83038871186377,8.4));
#4906=CARTESIAN_POINT('',(-26.3920438964218,-4.83038871186375,8.4));
#4907=CARTESIAN_POINT('',(-26.3920438964218,-5.48181172713489,8.4));
#4908=CARTESIAN_POINT('',(-26.3920438964218,2.46437126636298,8.4));
#4909=CARTESIAN_POINT('',(-23.7920438964218,2.46437126636298,8.4));
#4910=CARTESIAN_POINT('',(-25.6305215275069,4.302848897448,8.4));
#4911=CARTESIAN_POINT('',(-20.2053513566437,9.72801906831125,8.4));
#4912=CARTESIAN_POINT('',(-24.0179066262085,5.91546379874633,8.4));
#4913=CARTESIAN_POINT('',(-21.425535380453,12.4702522989705,8.78970488668434));
#4914=CARTESIAN_POINT('',(-21.3830273093725,12.4571016345656,8.8));
#4915=CARTESIAN_POINT('',(-21.3393962721102,12.4436035596333,8.8));
#4916=CARTESIAN_POINT('',(-21.8463528723627,11.3586970006815,8.77269895129183));
#4917=CARTESIAN_POINT('',(-21.7743826142891,11.3227902978511,8.80000000000075));
#4918=CARTESIAN_POINT('',(-21.690068113592,11.3100955376494,8.8));
#4919=CARTESIAN_POINT('',(-22.479339326816,9.70015873085551,8.72887175110751));
#4920=CARTESIAN_POINT('',(-22.3941805821269,9.53717612876178,8.7999999999998));
#4921=CARTESIAN_POINT('',(-22.2209586454565,9.6169129547811,8.8));
#4922=CARTESIAN_POINT('',(-23.3838817419397,7.5025362800207,8.51329214948902));
#4923=CARTESIAN_POINT('',(-23.3354282972673,7.37238555993081,8.8000000000001));
#4924=CARTESIAN_POINT('',(-23.0083163805798,7.36406449521911,8.8));
#4925=CARTESIAN_POINT('',(-23.92010796334,6.5789478865641,8.41948230976306));
#4926=CARTESIAN_POINT('',(-23.9157087567145,6.55644997799209,8.79999999999987));
#4927=CARTESIAN_POINT('',(-23.5911801918102,6.34219025695431,8.8));
#4928=CARTESIAN_POINT('',(-24.3007493386832,6.19830651122095,8.4));
#4929=CARTESIAN_POINT('',(-24.3007493386832,6.19830651122095,8.8));
#4930=CARTESIAN_POINT('',(-24.0179066262086,5.91546379874633,8.8));
#4931=CARTESIAN_POINT('',(-21.3393962721107,12.443603559632,8.4));
#4932=CARTESIAN_POINT('',(-21.4101119939255,12.4957658353987,8.79095536944835));
#4933=CARTESIAN_POINT('',(-21.3718303463549,12.478963412189,8.8));
#4934=CARTESIAN_POINT('',(-21.3326630648061,12.4617722701583,8.8));
#4935=CARTESIAN_POINT('',(-21.4156648384087,12.4872798447828,8.79059319822825));
#4936=CARTESIAN_POINT('',(-21.3759425989895,12.4717497869263,8.8));
#4937=CARTESIAN_POINT('',(-21.3352632156912,12.4558478714047,8.8));
#4938=CARTESIAN_POINT('',(-21.4207807734819,12.4787727045992,8.79017318857555));
#4939=CARTESIAN_POINT('',(-21.3796507861856,12.4644566927631,8.8));
#4940=CARTESIAN_POINT('',(-21.3374846334145,12.4497831165591,8.8));
#4941=CARTESIAN_POINT('',(-21.4255353804422,12.4702522989704,8.78970488668446));
#4942=CARTESIAN_POINT('',(-21.3830273093624,12.4571016345641,8.8));
#4943=CARTESIAN_POINT('',(-21.3393962721009,12.4436035596303,8.8));
#4944=CARTESIAN_POINT('',(-21.3326630648061,12.4617722701583,8.4));
#4945=CARTESIAN_POINT('',(-21.332663064806,12.4617722701583,8.8));
#4946=CARTESIAN_POINT('',(-21.3718303463549,12.478963412189,8.8));
#4947=CARTESIAN_POINT('',(-21.4101119939254,12.4957658353987,8.79095536944835));
#4948=CARTESIAN_POINT('',(-21.31011036553,12.5474101647676,8.8));
#4949=CARTESIAN_POINT('',(-21.3361633812927,12.5584695777896,8.79853338581698));
#4950=CARTESIAN_POINT('',(-21.3619501176435,12.5693659835531,8.79409678762648));
#4951=CARTESIAN_POINT('',(-21.2877492491642,12.6325101931602,8.78902293231304));
#4952=CARTESIAN_POINT('',(-21.3006550024162,12.6377895873569,8.78762125964342));
#4953=CARTESIAN_POINT('',(-21.3135607694529,12.6430778912401,8.78625369979038));
#4954=CARTESIAN_POINT('',(-21.2659720295509,12.715260329487,8.76733851560867));
#4955=CARTESIAN_POINT('',(-21.265972029551,12.715260329487,8.76733851560867));
#4956=CARTESIAN_POINT('',(-21.265972029551,12.715260329487,8.76733851560867));
#4957=CARTESIAN_POINT('',(4.85722573273506E-13,-5.72458747072347E-14,27.6));
#4958=CARTESIAN_POINT('',(4.85722573273506E-13,-5.72458747072347E-14,8.4));
#4959=CARTESIAN_POINT('',(-2.19999999999951,-5.72458747072347E-14,8.4));
#4960=CARTESIAN_POINT('',(4.85722573273506E-13,-5.72458747072347E-14,0.2));
#4961=CARTESIAN_POINT('',(-2.19999999999951,-5.72458747072347E-14,0.2));
#4962=CARTESIAN_POINT('',(21.7512105977401,-5.72764908772133E-14,8.8));
#4963=CARTESIAN_POINT('',(-21.7487894022598,-1.47573232263047E-11,8.8));
#4964=CARTESIAN_POINT('',(4.85722573273506E-13,-5.72458747072347E-14,8.8));
#4965=CARTESIAN_POINT('',(0.00121059774014359,-7.40740395356887E-12,0.6));
#4966=CARTESIAN_POINT('',(-21.7487894022598,-1.47571456525188E-11,0.6));
#4967=CARTESIAN_POINT('',(-21.7487894022598,-1.47571456525188E-11,0.6));
#4968=CARTESIAN_POINT('',(-21.7487894022598,-1.47571456525188E-11,0.2));
#4969=CARTESIAN_POINT('',(-24.6487894022598,-1.47571456525188E-11,0.2));
#4970=CARTESIAN_POINT('',(0.00121059774014359,-7.40740395356887E-12,0.6));
#4971=CARTESIAN_POINT('',(21.7512105977401,-5.7098917091337E-14,0.6));
#4972=CARTESIAN_POINT('',(21.7512105977401,-5.7098917091337E-14,0.6));
#4973=CARTESIAN_POINT('',(21.7512105977401,-5.7098917091337E-14,0.2));
#4974=CARTESIAN_POINT('',(18.8512105977401,-5.7098917091337E-14,0.2));
#4975=CARTESIAN_POINT('',(15.9082198504954,-11.6811046662247,0.202514727221054));
#4976=CARTESIAN_POINT('',(15.744423179821,-11.8392502694582,0.202514727221054));
#4977=CARTESIAN_POINT('',(15.5736689227323,-11.9816989399827,0.202514727221054));
#4978=CARTESIAN_POINT('',(14.996953475485,-12.3907494558111,0.202514727221054));
#4979=CARTESIAN_POINT('',(14.5718409312062,-12.5804712709524,0.202514727221054));
#4980=CARTESIAN_POINT('',(13.9962819774977,-12.6914903761073,0.202514727221054));
#4981=CARTESIAN_POINT('',(13.8388170277528,-12.7062458729464,0.202514727221054));
#4982=CARTESIAN_POINT('',(13.6842998158054,-12.7052614840614,0.202514727221054));
#4983=CARTESIAN_POINT('',(15.9064731984574,-11.6792947911458,0.2));
#4984=CARTESIAN_POINT('',(15.7427625244819,-11.8373574842773,0.2));
#4985=CARTESIAN_POINT('',(15.5721047533963,-11.9797253158397,0.2));
#4986=CARTESIAN_POINT('',(14.9957488837334,-12.3885207918739,0.2));
#4987=CARTESIAN_POINT('',(14.5709596184302,-12.578080184885,0.2));
#4988=CARTESIAN_POINT('',(13.9959599022547,-12.6889914191844,0.2));
#4989=CARTESIAN_POINT('',(13.8386616719871,-12.7037316401274,0.2));
#4990=CARTESIAN_POINT('',(13.6843167193594,-12.7027489405567,0.2));
#4991=CARTESIAN_POINT('',(15.6269419770462,-11.3896454618078,-0.202452667335417));
#4992=CARTESIAN_POINT('',(15.4769940684993,-11.5344393632174,-0.202452667335417));
#4993=CARTESIAN_POINT('',(15.3217777532406,-11.6638698647848,-0.202452667335417));
#4994=CARTESIAN_POINT('',(14.8029680686209,-12.0318492059377,-0.202452667335417));
#4995=CARTESIAN_POINT('',(14.4299158207138,-12.1954148375004,-0.202452667335417));
#4996=CARTESIAN_POINT('',(13.9444155281676,-12.2890626035406,-0.202452667335417));
#4997=CARTESIAN_POINT('',(13.8137987994878,-12.3013580960625,-0.202452667335417));
#4998=CARTESIAN_POINT('',(13.6870219353934,-12.300645751479,-0.202452667335417));
#4999=CARTESIAN_POINT('',(15.6174627280949,-11.4021712552547,-0.200000001626709));
#5000=CARTESIAN_POINT('',(15.3542661834477,-11.6545423749743,-0.200000001626709));
#5001=CARTESIAN_POINT('',(14.7758507279738,-12.0876395344946,-0.199999999186646));
#5002=CARTESIAN_POINT('',(14.0663084993494,-12.3030569026936,-0.2));
#5003=CARTESIAN_POINT('',(13.6977937783665,-12.3031256016218,-0.2));
#5004=CARTESIAN_POINT('',(15.6174627269692,-11.4021712540808,-0.2));
#5005=CARTESIAN_POINT('',(15.8944132825945,-11.6910336784554,0.199902209418319));
#5006=CARTESIAN_POINT('',(15.8021283344619,-11.5947794887632,0.0665553671257064));
#5007=CARTESIAN_POINT('',(15.7098433863294,-11.498525299071,-0.0667914751669062));
#5008=CARTESIAN_POINT('',(15.6175584381968,-11.4022711093788,-0.200138317459519));
#5009=CARTESIAN_POINT('',(-13.682094010389,-12.7052465045462,0.202498377604927));
#5010=CARTESIAN_POINT('',(-13.8365412525755,-12.7062158507135,0.202498377604927));
#5011=CARTESIAN_POINT('',(-13.9939327502129,-12.6914599469997,0.202498377604927));
#5012=CARTESIAN_POINT('',(-14.5694145438194,-12.5804557251953,0.202498377604927));
#5013=CARTESIAN_POINT('',(-14.9945249862848,-12.3907349660484,0.202498377604927));
#5014=CARTESIAN_POINT('',(-15.5712376796695,-11.9816864034696,0.202498377604927));
#5015=CARTESIAN_POINT('',(-15.7419909151805,-11.8392386394237,0.202498377604927));
#5016=CARTESIAN_POINT('',(-15.9057866711083,-11.6810940249681,0.202498377604927));
#5017=CARTESIAN_POINT('',(-13.6821105662281,-12.7027502941494,0.2));
#5018=CARTESIAN_POINT('',(-13.8363867534148,-12.7037179783668,0.2));
#5019=CARTESIAN_POINT('',(-13.9936126979819,-12.6889772508519,0.2));
#5020=CARTESIAN_POINT('',(-14.5685389609394,-12.5780801848854,0.2));
#5021=CARTESIAN_POINT('',(-14.9933282262427,-12.3885207918735,0.2));
#5022=CARTESIAN_POINT('',(-15.5696836801109,-11.9797256107531,0.2));
#5023=CARTESIAN_POINT('',(-15.7403410571242,-11.8373581598926,0.2));
#5024=CARTESIAN_POINT('',(-15.904051375618,-11.6792959162899,0.2));
#5025=CARTESIAN_POINT('',(-13.6847771287737,-12.300698721199,-0.202400633843787));
#5026=CARTESIAN_POINT('',(-13.8115023804219,-12.3013987238315,-0.202400633843787));
#5027=CARTESIAN_POINT('',(-13.9420635565095,-12.2891023474217,-0.202400633843787));
#5028=CARTESIAN_POINT('',(-14.427513398911,-12.1954643126705,-0.202400633843787));
#5029=CARTESIAN_POINT('',(-14.8005723359467,-12.031895320349,-0.202400633843787));
#5030=CARTESIAN_POINT('',(-15.319389086483,-11.6639109675108,-0.202400633843787));
#5031=CARTESIAN_POINT('',(-15.4746070358693,-11.5344791420203,-0.202400633843787));
#5032=CARTESIAN_POINT('',(-15.6245563930222,-11.389683941552,-0.202400633843787));
#5033=CARTESIAN_POINT('',(-15.6152731942596,-11.4023329100272,-0.2));
#5034=CARTESIAN_POINT('',(-15.7075355669851,-11.4985900259036,-0.0666666666666662));
#5035=CARTESIAN_POINT('',(-15.7997979397106,-11.59484714178,0.066666666666667));
#5036=CARTESIAN_POINT('',(-15.8920603124361,-11.6911042576564,0.2));
#5037=CARTESIAN_POINT('',(-15.6152731942597,-11.4023329100272,-0.2));
#5038=CARTESIAN_POINT('',(-13.6955487404176,-12.30312549011,-0.200000023409693));
#5039=CARTESIAN_POINT('',(-14.4267830140056,-12.3029201435088,-0.200000023409693));
#5040=CARTESIAN_POINT('',(-15.0903253400326,-11.9053186305403,-0.2));
#5041=CARTESIAN_POINT('',(-15.6150817277273,-11.4021332355397,-0.2));
#5042=CARTESIAN_POINT('',(-14.1092328168433,-13.3999430630371,0.2));
#5043=CARTESIAN_POINT('',(-25.6734067034619,-2.31560178160425,0.199935486867545));
#5044=CARTESIAN_POINT('',(-25.5811920105986,-2.21930362375032,0.0666055170953873));
#5045=CARTESIAN_POINT('',(-25.4889773177352,-2.12300546589638,-0.0667244526767706));
#5046=CARTESIAN_POINT('',(-25.3967626248719,-2.02670730804245,-0.200054422448929));
#5047=CARTESIAN_POINT('',(-25.3967249662898,-2.02666801893265,-0.2));
#5048=CARTESIAN_POINT('',(-13.8324456986668,-13.1111717154079,-0.2));
#5049=CARTESIAN_POINT('',(-25.6608117562551,-2.32750771801954,0.2));
#5050=CARTESIAN_POINT('',(-25.749152772293,-2.2438343282092,0.2));
#5051=CARTESIAN_POINT('',(-25.8335355623428,-2.15424392594938,0.2));
#5052=CARTESIAN_POINT('',(-26.1910444193619,-1.72864136843233,0.2));
#5053=CARTESIAN_POINT('',(-26.4134030635368,-1.33247386051217,0.2));
#5054=CARTESIAN_POINT('',(-26.7139619243746,-0.468655074275571,0.2));
#5055=CARTESIAN_POINT('',(-26.7920438964218,-0.00134363700379355,0.2));
#5056=CARTESIAN_POINT('',(-26.7920438964218,0.466151721615663,0.2));
#5057=CARTESIAN_POINT('',(-25.3856773799098,-2.03719047976255,-0.199999999999997));
#5058=CARTESIAN_POINT('',(-25.4627997925364,-1.96413859040082,-0.199999999999997));
#5059=CARTESIAN_POINT('',(-25.5367910533993,-1.88561308612775,-0.199999999999997));
#5060=CARTESIAN_POINT('',(-25.8515912613978,-1.51085377156146,-0.199999999999997));
#5061=CARTESIAN_POINT('',(-26.0507226340312,-1.1576150072227,-0.199999999999997));
#5062=CARTESIAN_POINT('',(-26.321072102311,-0.380619281473765,-0.199999999999997));
#5063=CARTESIAN_POINT('',(-26.3920438964219,0.0426389933184731,-0.199999999999997));
#5064=CARTESIAN_POINT('',(-26.3920438964218,0.466151721615664,-0.199999999999997));
#5065=CARTESIAN_POINT('',(-26.7920438964218,0.466151721615675,0.2));
#5066=CARTESIAN_POINT('',(-26.3920438964218,0.466151721615675,-0.2));
#5067=CARTESIAN_POINT('',(-25.3967249651784,-2.02666801777213,-0.199999998393153));
#5068=CARTESIAN_POINT('',(-26.0658672771713,-1.38580480612112,-0.199999998393153));
#5069=CARTESIAN_POINT('',(-26.3920438964219,-0.457990930658108,-0.2));
#5070=CARTESIAN_POINT('',(-26.3920438964219,0.466151721615676,-0.2));
#5071=CARTESIAN_POINT('',(-26.7920438964218,1.32144899321986,0.2));
#5072=CARTESIAN_POINT('',(-26.7920438964218,2.46437126636296,0.2));
#5073=CARTESIAN_POINT('',(-26.3920438964218,2.46437126636296,-0.2));
#5074=CARTESIAN_POINT('',(-26.3920438964218,1.32144899321986,-0.2));
#5075=CARTESIAN_POINT('',(-23.7920438964218,2.46437126636296,0.2));
#5076=CARTESIAN_POINT('',(-25.9133642399815,4.5856916099226,0.2));
#5077=CARTESIAN_POINT('',(-25.6305215275069,4.30284889744798,-0.2));
#5078=CARTESIAN_POINT('',(-23.7920438964218,2.46437126636296,-0.2));
#5079=CARTESIAN_POINT('',(-14.5881982639695,15.9108575859346,0.2));
#5080=CARTESIAN_POINT('',(-24.3638005927903,6.13525525711377,0.2));
#5081=CARTESIAN_POINT('',(-24.0809578803158,5.85241254463915,-0.2));
#5082=CARTESIAN_POINT('',(-14.3053555514948,15.6280148734601,-0.2));
#5083=CARTESIAN_POINT('',(-26.48512093635,8.25657560067341,0.2));
#5084=CARTESIAN_POINT('',(-23.5806793476205,7.50543043650167,0.199999999999992));
#5085=CARTESIAN_POINT('',(-23.1934204691233,7.40527774794544,-0.2));
#5086=CARTESIAN_POINT('',(-26.48512093635,8.25657560067341,-0.2));
#5087=CARTESIAN_POINT('',(-23.6013433924304,7.42552908853354,0.2));
#5088=CARTESIAN_POINT('',(-21.7544323619716,14.5669518965504,0.200000000000004));
#5089=CARTESIAN_POINT('',(-21.3671734834744,14.466799207994,-0.2));
#5090=CARTESIAN_POINT('',(-23.2140845139331,7.32537639997731,-0.2));
#5091=CARTESIAN_POINT('',(-21.7848759854035,14.4326172100384,0.2048));
#5092=CARTESIAN_POINT('',(-21.7792123827526,14.4782738751091,0.2048));
#5093=CARTESIAN_POINT('',(-21.770605032388,14.5235880061709,0.2048));
#5094=CARTESIAN_POINT('',(-21.7251267287249,14.699438271665,0.2048));
#5095=CARTESIAN_POINT('',(-21.6658759023228,14.8241255781044,0.2048));
#5096=CARTESIAN_POINT('',(-21.5056970525998,15.0415227182783,0.2048));
#5097=CARTESIAN_POINT('',(-21.4048312144549,15.1341472965004,0.2048));
#5098=CARTESIAN_POINT('',(-21.1767347278072,15.2732808889955,0.2048));
#5099=CARTESIAN_POINT('',(-21.0495931825523,15.31973454927,0.2048));
#5100=CARTESIAN_POINT('',(-20.8230346261203,15.3541224598417,0.2048));
#5101=CARTESIAN_POINT('',(-20.7252925486248,15.3543255026798,0.2048));
#5102=CARTESIAN_POINT('',(-20.6297135175512,15.3403763865863,0.2048));
#5103=CARTESIAN_POINT('',(-21.780112812054,14.432024694636,0.2));
#5104=CARTESIAN_POINT('',(-21.774474732058,14.477475888232,0.2));
#5105=CARTESIAN_POINT('',(-21.7659061422984,14.5225864045648,0.2));
#5106=CARTESIAN_POINT('',(-21.7206321694542,14.6976465871875,0.2));
#5107=CARTESIAN_POINT('',(-21.6616469725645,14.8217731470869,0.2));
#5108=CARTESIAN_POINT('',(-21.5021973017275,15.0381806347678,0.2));
#5109=CARTESIAN_POINT('',(-21.401795490379,15.1303765155207,0.2));
#5110=CARTESIAN_POINT('',(-21.1747713013987,15.2688560312304,0.2));
#5111=CARTESIAN_POINT('',(-21.0482381406873,15.3150852455058,0.2));
#5112=CARTESIAN_POINT('',(-20.8227802372215,15.3493060948522,0.2));
#5113=CARTESIAN_POINT('',(-20.7255177419695,15.3495079169551,0.2));
#5114=CARTESIAN_POINT('',(-20.6304089741889,15.3356273241143,0.2));
#5115=CARTESIAN_POINT('',(-21.3432476463997,14.3776808107455,-0.240242804800864));
#5116=CARTESIAN_POINT('',(-21.3399504341471,14.4042867255264,-0.240242804800864));
#5117=CARTESIAN_POINT('',(-21.3349368605281,14.4307222586508,-0.240242804800864));
#5118=CARTESIAN_POINT('',(-21.3084035486827,14.5333182122509,-0.240242804800864));
#5119=CARTESIAN_POINT('',(-21.27378116046,14.6060146409934,-0.240242804800864));
#5120=CARTESIAN_POINT('',(-21.1812097725296,14.7316539225752,-0.240242804800864));
#5121=CARTESIAN_POINT('',(-21.1233672233419,14.7845308499373,-0.240242804800864));
#5122=CARTESIAN_POINT('',(-20.9946912286725,14.8630202409542,-0.240242804800864));
#5123=CARTESIAN_POINT('',(-20.9239574258473,14.888663885191,-0.240242804800864));
#5124=CARTESIAN_POINT('',(-20.7994483867439,14.9075623381996,-0.240242804800864));
#5125=CARTESIAN_POINT('',(-20.7461718564922,14.9076521978345,-0.240242804800864));
#5126=CARTESIAN_POINT('',(-20.6941943451971,14.900056369356,-0.240242804800864));
#5127=CARTESIAN_POINT('',(-20.7713205991724,14.9459202382728,-0.2));
#5128=CARTESIAN_POINT('',(-20.7713205991724,15.0792535716061,-0.0666666666666663));
#5129=CARTESIAN_POINT('',(-20.7713205991724,15.2125869049394,0.0666666666666668));
#5130=CARTESIAN_POINT('',(-20.7713205991723,15.3459202382728,0.2));
#5131=CARTESIAN_POINT('',(-20.7713205991723,14.9459202382727,-0.2));
#5132=CARTESIAN_POINT('',(-21.3671734834744,14.466799207994,-0.199999999999994));
#5133=CARTESIAN_POINT('',(-21.297907366027,14.7346294514664,-0.199999999999994));
#5134=CARTESIAN_POINT('',(-21.0482063789843,14.9459549285473,-0.2));
#5135=CARTESIAN_POINT('',(-20.7713206034215,14.9458991466913,-0.2));
#5136=CARTESIAN_POINT('',(0.00121032874618184,15.3459202382715,0.2));
#5137=CARTESIAN_POINT('',(20.7713206161302,15.3458923575471,0.199972119276877));
#5138=CARTESIAN_POINT('',(20.7713615315059,15.2125648086949,0.0666445704246518));
#5139=CARTESIAN_POINT('',(20.7714024468816,15.0792372598427,-0.0666829784275738));
#5140=CARTESIAN_POINT('',(20.7714433622573,14.9459097109904,-0.200010527279799));
#5141=CARTESIAN_POINT('',(20.7714433622572,14.9458991837106,-0.2));
#5142=CARTESIAN_POINT('',(0.00121032874615773,14.9459202382715,-0.2));
#5143=CARTESIAN_POINT('',(20.6304199170942,15.3356289211267,0.2));
#5144=CARTESIAN_POINT('',(20.7255252023802,15.3495079014504,0.2));
#5145=CARTESIAN_POINT('',(20.8227838974403,15.3493055392637,0.2));
#5146=CARTESIAN_POINT('',(21.0482381405277,15.3150852455047,0.2));
#5147=CARTESIAN_POINT('',(21.1747713012392,15.2688560312299,0.2));
#5148=CARTESIAN_POINT('',(21.40179549022,15.1303765155212,0.2));
#5149=CARTESIAN_POINT('',(21.5021973015692,15.0381806347688,0.2));
#5150=CARTESIAN_POINT('',(21.6616469724072,14.8217731470888,0.2));
#5151=CARTESIAN_POINT('',(21.7206321692977,14.6976465871897,0.2));
#5152=CARTESIAN_POINT('',(21.7659060556362,14.5225867390601,0.2));
#5153=CARTESIAN_POINT('',(21.7744746026966,14.4774765684546,0.2));
#5154=CARTESIAN_POINT('',(21.7801126843734,14.4320257226743,0.2));
#5155=CARTESIAN_POINT('',(20.6945476204087,14.8976854831454,-0.24264));
#5156=CARTESIAN_POINT('',(20.7462883896518,14.9052462131887,-0.24264));
#5157=CARTESIAN_POINT('',(20.7993233533033,14.9051566645982,-0.24264));
#5158=CARTESIAN_POINT('',(20.9232806965536,14.8863419500511,-0.24264));
#5159=CARTESIAN_POINT('',(20.9937106626068,14.860810397663,-0.24264));
#5160=CARTESIAN_POINT('',(21.121851135022,14.7826476628403,-0.24264));
#5161=CARTESIAN_POINT('',(21.1794619419584,14.7299848337107,-0.24264));
#5162=CARTESIAN_POINT('',(21.27166916653,14.6048398000889,-0.24264));
#5163=CARTESIAN_POINT('',(21.3061588952134,14.5324234169536,-0.24264));
#5164=CARTESIAN_POINT('',(21.3325901105437,14.4302222383966,-0.24264));
#5165=CARTESIAN_POINT('',(21.3375843017048,14.4038885954658,-0.24264));
#5166=CARTESIAN_POINT('',(21.3408687685617,14.3773854987348,-0.24264));
#5167=CARTESIAN_POINT('',(21.7544323618158,14.5669518965519,0.2));
#5168=CARTESIAN_POINT('',(21.367173483319,14.4667992079941,-0.2));
#5169=CARTESIAN_POINT('',(20.7714433622572,14.9458991773728,-0.199999993662722));
#5170=CARTESIAN_POINT('',(21.0482547953372,14.945896053145,-0.199999993662722));
#5171=CARTESIAN_POINT('',(21.2979324780792,14.7345323504729,-0.2));
#5172=CARTESIAN_POINT('',(21.3671734833188,14.4667992079947,-0.2));
#5173=CARTESIAN_POINT('',(23.6014951457433,7.42494230582786,0.2));
#5174=CARTESIAN_POINT('',(23.5806793474564,7.5054304366577,0.2));
#5175=CARTESIAN_POINT('',(23.1934204689596,7.40527774809984,-0.2));
#5176=CARTESIAN_POINT('',(23.2142362672464,7.32478961727,-0.2));
#5177=CARTESIAN_POINT('',(26.4851209361827,8.25657560084164,0.2));
#5178=CARTESIAN_POINT('',(24.3638005926231,6.135255257282,0.2));
#5179=CARTESIAN_POINT('',(24.0809578801484,5.85241254480738,-0.2));
#5180=CARTESIAN_POINT('',(26.4851209361827,8.25657560084164,-0.2));
#5181=CARTESIAN_POINT('',(14.5894085927153,15.9096472571898,0.2));
#5182=CARTESIAN_POINT('',(25.9157848974722,4.58327095243289,0.2));
#5183=CARTESIAN_POINT('',(25.6329421849975,4.30042823995827,-0.2));
#5184=CARTESIAN_POINT('',(14.3065658802407,15.6268045447151,-0.2));
#5185=CARTESIAN_POINT('',(23.7944645539126,2.46195060887325,0.2));
#5186=CARTESIAN_POINT('',(26.7944645539126,2.46195060887325,0.200000000000003));
#5187=CARTESIAN_POINT('',(26.3944645539126,2.46195060887325,-0.2));
#5188=CARTESIAN_POINT('',(23.7944645539126,2.46195060887325,-0.2));
#5189=CARTESIAN_POINT('',(26.7944645539126,1.32144899321986,0.2));
#5190=CARTESIAN_POINT('',(26.7944645539126,0.466151721615576,0.2));
#5191=CARTESIAN_POINT('',(26.3944645539126,0.466151721615576,-0.2));
#5192=CARTESIAN_POINT('',(26.3944645539126,1.32144899321986,-0.2));
#5193=CARTESIAN_POINT('',(26.7969294541309,0.466151721615589,0.202464900218375));
#5194=CARTESIAN_POINT('',(26.7969294541309,-0.00161466899158465,0.202464900218375));
#5195=CARTESIAN_POINT('',(26.7188036673858,-0.469197572887952,0.202464900218375));
#5196=CARTESIAN_POINT('',(26.4180586487022,-1.33355138457633,0.202464900218375));
#5197=CARTESIAN_POINT('',(26.1955568722606,-1.72998343017011,0.202464900218375));
#5198=CARTESIAN_POINT('',(25.83776835627,-2.1559189125017,0.202464900218375));
#5199=CARTESIAN_POINT('',(25.7533031724091,-2.2455948691319,0.202464900218375));
#5200=CARTESIAN_POINT('',(25.6648731537977,-2.32934854071812,0.202464900218375));
#5201=CARTESIAN_POINT('',(26.7944645539126,0.466151721615589,0.2));
#5202=CARTESIAN_POINT('',(26.7944645539126,-0.00134363700386951,0.2));
#5203=CARTESIAN_POINT('',(26.7163825818653,-0.468655074275697,0.2));
#5204=CARTESIAN_POINT('',(26.4158237210275,-1.33247386051219,0.2));
#5205=CARTESIAN_POINT('',(26.1934650768526,-1.72864136843239,0.2));
#5206=CARTESIAN_POINT('',(25.8359397543789,-2.15426352753258,0.2));
#5207=CARTESIAN_POINT('',(25.7515386200193,-2.24387128579144,0.2));
#5208=CARTESIAN_POINT('',(25.6631777496148,-2.32755949265795,0.2));
#5209=CARTESIAN_POINT('',(26.3944645539125,0.466151721615588,-0.199999999999999));
#5210=CARTESIAN_POINT('',(26.3944645539125,0.0426389933183953,-0.199999999999999));
#5211=CARTESIAN_POINT('',(26.323492759801,-0.380619281473891,-0.199999999999999));
#5212=CARTESIAN_POINT('',(26.0531432915225,-1.15761500722271,-0.199999999999999));
#5213=CARTESIAN_POINT('',(25.8540119188885,-1.51085377156152,-0.199999999999999));
#5214=CARTESIAN_POINT('',(25.5391972124281,-1.88563034607076,-0.199999999999999));
#5215=CARTESIAN_POINT('',(25.4651899270104,-1.96417098350595,-0.199999999999999));
#5216=CARTESIAN_POINT('',(25.3880503152189,-2.03723568208889,-0.199999999999999));
#5217=CARTESIAN_POINT('',(25.3990848398966,-2.02687704990376,-0.199999999999999));
#5218=CARTESIAN_POINT('',(25.4913472126221,-2.12313416578016,-0.0666666666666657));
#5219=CARTESIAN_POINT('',(25.5836095853476,-2.21939128165656,0.0666666666666675));
#5220=CARTESIAN_POINT('',(25.6758719580731,-2.31564839753296,0.200000000000001));
#5221=CARTESIAN_POINT('',(25.3990848398966,-2.02687704990375,-0.2));
#5222=CARTESIAN_POINT('',(26.3944645539126,0.466151721615576,-0.2));
#5223=CARTESIAN_POINT('',(26.3944645539125,-0.459541855537544,-0.2));
#5224=CARTESIAN_POINT('',(26.0692453644514,-1.38497524535647,-0.2));
#5225=CARTESIAN_POINT('',(25.3990094986582,-2.02679837339689,-0.2));
#5226=CARTESIAN_POINT('',(4.85722573273506E-13,-5.72458747072347E-14,0.2));
#5227=CARTESIAN_POINT('',(4.85722573273506E-13,-5.72458747072347E-14,-0.2));
#5228=CARTESIAN_POINT('',(-2.59999999999951,-5.72458747072347E-14,-0.2));
#5229=CARTESIAN_POINT('',(-21.7487894022598,-1.47571456525188E-11,0.2));
#5230=CARTESIAN_POINT('',(-21.7487894022598,-1.47571456525188E-11,-0.2));
#5231=CARTESIAN_POINT('',(-25.0487894022598,-1.47571456525188E-11,-0.2));
#5232=CARTESIAN_POINT('',(21.7512105977401,-5.7098917091337E-14,0.2));
#5233=CARTESIAN_POINT('',(21.7512105977401,-5.7098917091337E-14,-0.2));
#5234=CARTESIAN_POINT('',(18.4512105977401,-5.7098917091337E-14,-0.2));
#5235=CARTESIAN_POINT('',(14.111653474334,-13.3999430630372,0.2));
#5236=CARTESIAN_POINT('',(13.8348663561575,-13.111171715408,-0.2));
#5237=CARTESIAN_POINT('',(0.00121032874533973,-0.258655469337043,-0.2));
#5238=CARTESIAN_POINT('',(9.50000000000049,2.22499999999995,-0.200000000000009));
#5239=CARTESIAN_POINT('',(11.4000000000005,2.22499999999995,-0.200000000000009));
#5240=CARTESIAN_POINT('',(-9.49999999999951,2.22499999999995,-0.200000000000009));
#5241=CARTESIAN_POINT('',(-7.59999999999951,2.22499999999995,-0.200000000000009));
#5242=CARTESIAN_POINT('',(-9.49999999999951,12.225,-0.200000000000009));
#5243=CARTESIAN_POINT('',(-7.59999999999951,12.225,-0.200000000000009));
#5244=CARTESIAN_POINT('',(9.50000000000049,12.225,-0.200000000000009));
#5245=CARTESIAN_POINT('',(11.4000000000005,12.225,-0.200000000000009));
#5246=CARTESIAN_POINT('',(9.50000000000049,12.225,26.6));
#5247=CARTESIAN_POINT('',(9.50000000000049,12.225,2.8));
#5248=CARTESIAN_POINT('',(7.46500565460673,14.3607195542054,2.8));
#5249=CARTESIAN_POINT('',(11.5349943453945,14.3607195542051,2.8));
#5250=CARTESIAN_POINT('',(9.50000000000049,12.225,12.1443642108867));
#5251=CARTESIAN_POINT('',(6.70701024601413,13.1745831896822,7.98967491403901));
#5252=CARTESIAN_POINT('',(6.70701024601413,13.1745831896822,7.98967491403901));
#5253=CARTESIAN_POINT('',(6.68066104790136,13.0970828283086,8.32876044693339));
#5254=CARTESIAN_POINT('',(6.58460989393823,12.7951713733559,8.60000000000002));
#5255=CARTESIAN_POINT('',(6.55834540317384,12.4467391101467,8.6));
#5256=CARTESIAN_POINT('',(6.55834540317384,12.4467391101467,8.6));
#5257=CARTESIAN_POINT('',(9.50000000000049,12.225,8.6));
#5258=CARTESIAN_POINT('',(12.4416545968272,12.4467391101463,8.6));
#5259=CARTESIAN_POINT('',(12.4416545968272,12.4467391101463,8.6));
#5260=CARTESIAN_POINT('',(12.4153905521514,12.7951654554162,8.60000000000002));
#5261=CARTESIAN_POINT('',(12.3193387154304,13.0970835244188,8.32875740125716));
#5262=CARTESIAN_POINT('',(12.292989753987,13.1745831896819,7.98967491403902));
#5263=CARTESIAN_POINT('',(12.292989753987,13.1745831896819,7.98967491403901));
#5264=CARTESIAN_POINT('',(9.50000000000049,12.225,12.1443642108867));
#5265=CARTESIAN_POINT('',(4.85288892404512E-13,7.225,2.8));
#5266=CARTESIAN_POINT('',(9.50000000000049,12.225,2.8));
#5267=CARTESIAN_POINT('',(11.2000000000005,12.225,2.8));
#5268=CARTESIAN_POINT('',(7.33925051931639,14.7113841128758,2.8));
#5269=CARTESIAN_POINT('',(7.42021695677155,14.7113841128758,2.8));
#5270=CARTESIAN_POINT('',(7.57448472369461,14.5989570385735,2.8));
#5271=CARTESIAN_POINT('',(7.52358340938246,14.4165346538516,2.8));
#5272=CARTESIAN_POINT('',(7.46500565460673,14.3607195542054,2.8));
#5273=CARTESIAN_POINT('',(11.5349943453945,14.3607195542051,2.8));
#5274=CARTESIAN_POINT('',(11.476380004847,14.4165695141581,2.8));
#5275=CARTESIAN_POINT('',(11.4253953249212,14.5984036188256,2.8));
#5276=CARTESIAN_POINT('',(11.579698255248,14.7113841128755,2.8));
#5277=CARTESIAN_POINT('',(11.6607494806849,14.7113841128755,2.8));
#5278=CARTESIAN_POINT('',(9.50000000000049,12.225,24.8));
#5279=CARTESIAN_POINT('',(9.50000000000049,12.225,-3.46944695195361E-15));
#5280=CARTESIAN_POINT('',(11.2000000000005,12.225,-3.46944695195361E-15));
#5281=CARTESIAN_POINT('',(9.50000000000049,12.225,-0.200000000000009));
#5282=CARTESIAN_POINT('',(-9.49999999999951,12.225,26.6));
#5283=CARTESIAN_POINT('',(-9.49999999999951,12.225,2.8));
#5284=CARTESIAN_POINT('',(-11.5349943453921,14.3607195542064,2.8));
#5285=CARTESIAN_POINT('',(-7.46500565460663,14.3607195542062,2.8));
#5286=CARTESIAN_POINT('',(-9.49999999999951,12.225,12.1443642108914));
#5287=CARTESIAN_POINT('',(-12.2929897539855,13.1745831896833,7.98967491403901));
#5288=CARTESIAN_POINT('',(-12.2929897539855,13.1745831896833,7.98967491403901));
#5289=CARTESIAN_POINT('',(-12.3193389520983,13.0970828283097,8.32876044693341));
#5290=CARTESIAN_POINT('',(-12.4153901060616,12.7951713733569,8.60000000000002));
#5291=CARTESIAN_POINT('',(-12.4416545968261,12.4467391101477,8.6));
#5292=CARTESIAN_POINT('',(-12.4416545968261,12.4467391101477,8.6));
#5293=CARTESIAN_POINT('',(-9.49999999999951,12.225,8.6));
#5294=CARTESIAN_POINT('',(-6.55834540317292,12.4467391101474,8.6));
#5295=CARTESIAN_POINT('',(-6.55834540317292,12.4467391101474,8.6));
#5296=CARTESIAN_POINT('',(-6.5846094478488,12.7951654554173,8.60000000000001));
#5297=CARTESIAN_POINT('',(-6.68066128456989,13.0970835244199,8.32875740125716));
#5298=CARTESIAN_POINT('',(-6.70701024601341,13.174583189683,7.98967491403901));
#5299=CARTESIAN_POINT('',(-6.7070102460134,13.1745831896829,7.98967491403901));
#5300=CARTESIAN_POINT('',(-9.49999999999951,12.225,12.1443642108914));
#5301=CARTESIAN_POINT('',(4.85288892404512E-13,7.225,2.8));
#5302=CARTESIAN_POINT('',(-9.49999999999951,12.225,2.8));
#5303=CARTESIAN_POINT('',(-7.79999999999951,12.225,2.8));
#5304=CARTESIAN_POINT('',(-11.6607494806824,14.7113841128769,2.8));
#5305=CARTESIAN_POINT('',(-11.5797830432272,14.7113841128769,2.8));
#5306=CARTESIAN_POINT('',(-11.4255152763041,14.5989570385746,2.8));
#5307=CARTESIAN_POINT('',(-11.4764165906164,14.4165346538527,2.8));
#5308=CARTESIAN_POINT('',(-11.5349943453921,14.3607195542064,2.8));
#5309=CARTESIAN_POINT('',(-7.46500565460663,14.3607195542062,2.8));
#5310=CARTESIAN_POINT('',(-7.52361999515415,14.4165695141591,2.8));
#5311=CARTESIAN_POINT('',(-7.57460467508011,14.5984036188267,2.8));
#5312=CARTESIAN_POINT('',(-7.42030174475328,14.7113841128767,2.8));
#5313=CARTESIAN_POINT('',(-7.33925051931634,14.7113841128767,2.8));
#5314=CARTESIAN_POINT('',(-9.49999999999951,12.225,24.8));
#5315=CARTESIAN_POINT('',(-9.49999999999951,12.225,-3.46944695195361E-15));
#5316=CARTESIAN_POINT('',(-7.79999999999951,12.225,-3.46944695195361E-15));
#5317=CARTESIAN_POINT('',(-9.49999999999951,12.225,-0.200000000000009));
#5318=CARTESIAN_POINT('',(-9.49999999999951,2.22499999999995,24.8));
#5319=CARTESIAN_POINT('',(-9.49999999999951,2.22499999999995,-3.46944695195361E-15));
#5320=CARTESIAN_POINT('',(-7.79999999999951,2.22499999999995,-3.46944695195361E-15));
#5321=CARTESIAN_POINT('',(-9.49999999999951,2.22499999999995,2.8));
#5322=CARTESIAN_POINT('',(-7.79999999999951,2.22499999999995,2.8));
#5323=CARTESIAN_POINT('',(-9.49999999999951,2.22499999999995,-0.200000000000009));
#5324=CARTESIAN_POINT('',(4.85288892404512E-13,7.225,2.8));
#5325=CARTESIAN_POINT('',(-9.49999999999951,2.22499999999995,2.8));
#5326=CARTESIAN_POINT('',(-6.54999999999951,2.22499999999995,2.8));
#5327=CARTESIAN_POINT('',(-9.49999999999951,2.22499999999995,26.6));
#5328=CARTESIAN_POINT('',(-9.49999999999951,2.22499999999995,8.4));
#5329=CARTESIAN_POINT('',(-12.4499999999995,2.22499999999995,8.4));
#5330=CARTESIAN_POINT('',(9.50000000000049,2.22499999999995,24.8));
#5331=CARTESIAN_POINT('',(9.50000000000049,2.22499999999995,-3.46944695195361E-15));
#5332=CARTESIAN_POINT('',(11.2000000000005,2.22499999999995,-3.46944695195361E-15));
#5333=CARTESIAN_POINT('',(9.50000000000049,2.22499999999995,2.8));
#5334=CARTESIAN_POINT('',(11.2000000000005,2.22499999999995,2.8));
#5335=CARTESIAN_POINT('',(9.50000000000049,2.22499999999995,26.6));
#5336=CARTESIAN_POINT('',(9.50000000000049,2.22499999999995,8.4));
#5337=CARTESIAN_POINT('',(6.55000000000049,2.22499999999995,8.4));
#5338=CARTESIAN_POINT('',(9.50000000000049,2.22499999999995,2.8));
#5339=CARTESIAN_POINT('',(12.4500000000005,2.22499999999995,2.8));
#5340=CARTESIAN_POINT('',(4.85288892404512E-13,7.225,2.8));
#5341=CARTESIAN_POINT('',(9.50000000000049,2.22499999999995,-0.200000000000009));
#5342=CARTESIAN_POINT('',(-6.517655008455,13.4332590712324,8.03709364254878));
#5343=CARTESIAN_POINT('',(-6.7931667356366,13.4279935231551,8.0586691280937));
#5344=CARTESIAN_POINT('',(-6.70701024601339,13.174583189683,7.98967491403903));
#5345=CARTESIAN_POINT('',(-6.68406785812516,13.9227258068607,6.03151277535918));
#5346=CARTESIAN_POINT('',(-7.03081872810984,13.9736904667184,5.82268602725253));
#5347=CARTESIAN_POINT('',(-6.86285720046746,13.6329726722574,5.98409404684938));
#5348=CARTESIAN_POINT('',(-6.97319325064852,14.3699430415694,4.1990484542486));
#5349=CARTESIAN_POINT('',(-7.42483237430045,14.4099400330972,4.03516152358317));
#5350=CARTESIAN_POINT('',(-7.13362542520951,14.0517951619009,4.15162972573853));
#5351=CARTESIAN_POINT('',(-7.35121534745174,14.7226046599419,2.75402401659758));
#5352=CARTESIAN_POINT('',(-7.82225031602754,14.6942220742488,2.87032113483658));
#5353=CARTESIAN_POINT('',(-7.48764611904209,14.3820655664109,2.70660528808783));
#5354=CARTESIAN_POINT('',(-6.51765500845501,13.2389617110174,7.989674914039));
#5355=CARTESIAN_POINT('',(-6.70701024601341,13.174583189683,7.98967491403902));
#5356=CARTESIAN_POINT('',(-6.79316673563662,13.4279935231551,8.0586691280937));
#5357=CARTESIAN_POINT('',(-6.51765500845502,13.4332590712324,8.03709364254878));
#5358=CARTESIAN_POINT('',(-6.67971690814701,13.0943058492233,8.3409099659464));
#5359=CARTESIAN_POINT('',(-6.74445064862233,13.3075912349698,8.51147874895306));
#5360=CARTESIAN_POINT('',(-6.48851124195351,13.326109385499,8.47613749168092));
#5361=CARTESIAN_POINT('',(-6.58387443116654,12.7854145134175,8.59999989317339));
#5362=CARTESIAN_POINT('',(-6.59120925871229,12.8827198994112,8.80691297802286));
#5363=CARTESIAN_POINT('',(-6.38617102735369,12.9138178272897,8.80000000000001));
#5364=CARTESIAN_POINT('',(-6.55834540317293,12.4467391101474,8.6));
#5365=CARTESIAN_POINT('',(-6.55834540317293,12.4467391101474,8.8));
#5366=CARTESIAN_POINT('',(-6.35891119321858,12.4617722701574,8.8));
#5367=CARTESIAN_POINT('',(-6.35891119321858,12.4617722701574,8.6));
#5368=CARTESIAN_POINT('',(-9.49999999999951,12.225,8.6));
#5369=CARTESIAN_POINT('',(-12.6410888067804,12.4617722701578,8.6));
#5370=CARTESIAN_POINT('',(-12.4416545968261,12.4467391101477,8.6));
#5371=CARTESIAN_POINT('',(-12.4416545968261,12.4467391101477,8.8));
#5372=CARTESIAN_POINT('',(-12.6410888067804,12.4617722701578,8.8));
#5373=CARTESIAN_POINT('',(-12.4161255228613,12.7854151232842,8.59999988976683));
#5374=CARTESIAN_POINT('',(-12.408790679798,12.8827206982205,8.8069129868074));
#5375=CARTESIAN_POINT('',(-12.613828922687,12.9138186412242,8.80000000000002));
#5376=CARTESIAN_POINT('',(-12.3202825483271,13.0943074478821,8.34090298295253));
#5377=CARTESIAN_POINT('',(-12.2555484224565,13.3075935309933,8.5114701290609));
#5378=CARTESIAN_POINT('',(-12.5114881777056,13.326111515969,8.47612876212093));
#5379=CARTESIAN_POINT('',(-12.2929897539855,13.1745831896833,7.98967491403902));
#5380=CARTESIAN_POINT('',(-12.2068332643623,13.4279935231554,8.0586691280937));
#5381=CARTESIAN_POINT('',(-12.4823449915439,13.4332590712328,8.03709364254878));
#5382=CARTESIAN_POINT('',(-12.4823449915439,13.2389617110178,7.98967491403901));
#5383=CARTESIAN_POINT('',(-11.6487700691181,14.722618264922,2.75396827044513));
#5384=CARTESIAN_POINT('',(-11.1777314736492,14.6942351004068,2.87026776039682));
#5385=CARTESIAN_POINT('',(-11.5123402234597,14.3820783075827,2.70654954193538));
#5386=CARTESIAN_POINT('',(-12.0267992599416,14.3699545050252,4.19900148295234));
#5387=CARTESIAN_POINT('',(-11.5751559847706,14.4099526228679,4.03510993722341));
#5388=CARTESIAN_POINT('',(-11.866367560901,14.0518058975208,4.1515827544425));
#5389=CARTESIAN_POINT('',(-12.3159300019104,13.9227321011001,6.03148698483126));
#5390=CARTESIAN_POINT('',(-11.9691778388123,13.9736983497724,5.82265372660687));
#5391=CARTESIAN_POINT('',(-12.1371407954378,13.6329785668575,5.98406825632024));
#5392=CARTESIAN_POINT('',(-12.4823449915439,13.4332590712328,8.03709364254877));
#5393=CARTESIAN_POINT('',(-12.2068332643623,13.4279935231554,8.05866912809369));
#5394=CARTESIAN_POINT('',(-12.2929897539855,13.1745831896833,7.98967491403902));
#5395=CARTESIAN_POINT('',(12.4823449915454,13.4332590712313,8.03709364254877));
#5396=CARTESIAN_POINT('',(12.2068332643639,13.4279935231539,8.05866912809366));
#5397=CARTESIAN_POINT('',(12.292989753987,13.1745831896819,7.98967491403902));
#5398=CARTESIAN_POINT('',(12.3159321418753,13.9227258068613,6.03151277535179));
#5399=CARTESIAN_POINT('',(11.9691812719309,13.9736904666871,5.82268602735224));
#5400=CARTESIAN_POINT('',(12.1371427995315,13.6329726722611,5.98409404684283));
#5401=CARTESIAN_POINT('',(12.0268067493533,14.369943041568,4.19904845424945));
#5402=CARTESIAN_POINT('',(11.5751676257022,14.4099400330927,4.03516152356779));
#5403=CARTESIAN_POINT('',(11.8663745747891,14.0517951619018,4.15162972573945));
#5404=CARTESIAN_POINT('',(11.6487846525495,14.7226046599407,2.75402401659764));
#5405=CARTESIAN_POINT('',(11.177749683974,14.6942220742477,2.87032113483643));
#5406=CARTESIAN_POINT('',(11.5123538809591,14.3820655664098,2.70660528808788));
#5407=CARTESIAN_POINT('',(12.4823449915454,13.2389617110162,7.989674914039));
#5408=CARTESIAN_POINT('',(12.292989753987,13.1745831896819,7.98967491403902));
#5409=CARTESIAN_POINT('',(12.2068332643639,13.4279935231539,8.05866912809367));
#5410=CARTESIAN_POINT('',(12.4823449915454,13.4332590712313,8.03709364254878));
#5411=CARTESIAN_POINT('',(12.3202830918539,13.0943058492207,8.34090996594513));
#5412=CARTESIAN_POINT('',(12.255549351377,13.3075912349665,8.51147874895168));
#5413=CARTESIAN_POINT('',(12.5114887580464,13.3261093854983,8.47613749167919));
#5414=CARTESIAN_POINT('',(12.4161255688338,12.7854145134149,8.59999989317339));
#5415=CARTESIAN_POINT('',(12.4087907412912,12.8827198994106,8.80691297802277));
#5416=CARTESIAN_POINT('',(12.6138289726502,12.9138178272885,8.80000000000002));
#5417=CARTESIAN_POINT('',(12.4416545968271,12.4467391101463,8.6));
#5418=CARTESIAN_POINT('',(12.4416545968272,12.4467391101463,8.8));
#5419=CARTESIAN_POINT('',(12.6410888067815,12.4617722701562,8.8));
#5420=CARTESIAN_POINT('',(12.6410888067815,12.4617722701562,8.6));
#5421=CARTESIAN_POINT('',(9.50000000000049,12.225,8.6));
#5422=CARTESIAN_POINT('',(6.35891119321949,12.4617722701566,8.6));
#5423=CARTESIAN_POINT('',(6.55834540317384,12.4467391101467,8.6));
#5424=CARTESIAN_POINT('',(6.55834540317384,12.4467391101467,8.8));
#5425=CARTESIAN_POINT('',(6.35891119321949,12.4617722701566,8.8));
#5426=CARTESIAN_POINT('',(6.58387447713759,12.785415123271,8.59999988976682));
#5427=CARTESIAN_POINT('',(6.5912093202031,12.8827206982038,8.80691298680732));
#5428=CARTESIAN_POINT('',(6.38617107731386,12.9138186412092,8.80000000000001));
#5429=CARTESIAN_POINT('',(6.67971745167491,13.094307447888,8.34090298295535));
#5430=CARTESIAN_POINT('',(6.74445157754422,13.3075935309989,8.51147012906565));
#5431=CARTESIAN_POINT('',(6.48851182229506,13.3261115159677,8.47612876212178));
#5432=CARTESIAN_POINT('',(6.70701024601413,13.1745831896822,7.98967491403902));
#5433=CARTESIAN_POINT('',(6.79316673563724,13.4279935231542,8.05866912809367));
#5434=CARTESIAN_POINT('',(6.51765500845574,13.4332590712316,8.03709364254878));
#5435=CARTESIAN_POINT('',(6.51765500845573,13.2389617110166,7.98967491403901));
#5436=CARTESIAN_POINT('',(7.35122993088071,14.7226182649208,2.75396827044515));
#5437=CARTESIAN_POINT('',(7.82226852634921,14.6942351004057,2.87026776039664));
#5438=CARTESIAN_POINT('',(7.4876597765391,14.3820783075817,2.7065495419354));
#5439=CARTESIAN_POINT('',(6.97320074005354,14.3699545050241,4.19900148295216));
#5440=CARTESIAN_POINT('',(7.42484401522212,14.4099526228588,4.03510993729647));
#5441=CARTESIAN_POINT('',(7.13363243909768,14.0518058975193,4.15158275444224));
#5442=CARTESIAN_POINT('',(6.68406999809633,13.922732101098,6.0314869848353));
#5443=CARTESIAN_POINT('',(7.03082216115861,13.9736983497454,5.82265372670895));
#5444=CARTESIAN_POINT('',(6.86285920456452,13.6329785668649,5.98406825632624));
#5445=CARTESIAN_POINT('',(6.51765500845573,13.4332590712317,8.03709364254876));
#5446=CARTESIAN_POINT('',(6.79316673563723,13.4279935231543,8.05866912809366));
#5447=CARTESIAN_POINT('',(6.70701024601412,13.1745831896823,7.98967491403901));
#5448=CARTESIAN_POINT('',(-9.49999999999951,2.22499999999995,8.4));
#5449=CARTESIAN_POINT('',(9.50000000000049,2.22499999999995,8.4));
#5450=MECHANICAL_DESIGN_GEOMETRIC_PRESENTATION_REPRESENTATION('',(#2812),
#5451);
#5451=(
GEOMETRIC_REPRESENTATION_CONTEXT(3)
GLOBAL_UNCERTAINTY_ASSIGNED_CONTEXT((#5452))
GLOBAL_UNIT_ASSIGNED_CONTEXT((#5455,#5454,#5453))
REPRESENTATION_CONTEXT('[a]_lgxl-vz-adapter_sherpa_xol',
'TOP_LEVEL_ASSEMBLY_PART')
);
#5452=UNCERTAINTY_MEASURE_WITH_UNIT(LENGTH_MEASURE(0.0202274715567032),
#5455,'DISTANCE_ACCURACY_VALUE','Maximum Tolerance applied to model');
#5453=(
NAMED_UNIT(*)
SI_UNIT($,.STERADIAN.)
SOLID_ANGLE_UNIT()
);
#5454=(
NAMED_UNIT(*)
PLANE_ANGLE_UNIT()
SI_UNIT($,.RADIAN.)
);
#5455=(
LENGTH_UNIT()
NAMED_UNIT(*)
SI_UNIT(.MILLI.,.METRE.)
);
#5456=PRODUCT_DEFINITION_SHAPE('','',#5457);
#5457=PRODUCT_DEFINITION('','',#5459,#5458);
#5458=PRODUCT_DEFINITION_CONTEXT('',#5465,'design');
#5459=PRODUCT_DEFINITION_FORMATION_WITH_SPECIFIED_SOURCE('','',#5461,
 .NOT_KNOWN.);
#5460=PRODUCT_RELATED_PRODUCT_CATEGORY('','',(#5461));
#5461=PRODUCT('[a]_lgxl-vz-adapter_sherpa_xol',
'[a]_lgxl-vz-adapter_sherpa_xol','[a]_lgxl-vz-adapter_sherpa_xol',(#5463));
#5462=PRODUCT_CATEGORY('','');
#5463=PRODUCT_CONTEXT('',#5465,'mechanical');
#5464=APPLICATION_PROTOCOL_DEFINITION('international standard',
'ap242_managed_model_based_3d_engineering',2020,#5465);
#5465=APPLICATION_CONTEXT('managed model based 3d engineering');
ENDSEC;
END-ISO-10303-21;
