ISO-10303-21;
HEADER;
/* Generated by software containing ST-Developer
 * from STEP Tools, Inc. (www.steptools.com) 
 */
/* OPTION: using custom renumber hook */

FILE_DESCRIPTION(
/* description */ ('STEP AP242 Edition 2',
'CAx-IF Rec.Pracs.---Representation and Presentation of Product Manufa
cturing Information (PMI)---4.0---2014-10-13',
'CAx-IF Rec.Pracs.---3D Tessellated Geometry---0.4---2014-09-14','2;1',
'CAx-IF Rec.Pracs.---User Defined Attributes---1.5---2016-08-15'),
/* implementation_level */ '2;1');

FILE_NAME(
/* name */ '[a]_wwbmg-adapter_sherpa_tap',
/* time_stamp */ '2026-09-27T04:16:40Z',
/* author */ (''),
/* organization */ (''),
/* preprocessor_version */ 'ST-DEVELOPER v20',
/* originating_system */ 'ONSHAPE BY PTC INC, 1.221',
/* authorisation */ '  ');

FILE_SCHEMA (('AP242_MANAGED_MODEL_BASED_3D_ENGINEERING_MIM_LF { 1 0 10303 442 3 1 4 }'));
ENDSEC;

DATA;
#10=SHAPE_REPRESENTATION_RELATIONSHIP('','',#2550,#11);
#11=ADVANCED_BREP_SHAPE_REPRESENTATION('',(#2548),#5067);
#12=B_SPLINE_SURFACE_WITH_KNOTS('',1,3,((#4533,#4534,#4535,#4536,#4537,
#4538,#4539,#4540,#4541,#4542,#4543,#4544),(#4545,#4546,#4547,#4548,#4549,
#4550,#4551,#4552,#4553,#4554,#4555,#4556),(#4557,#4558,#4559,#4560,#4561,
#4562,#4563,#4564,#4565,#4566,#4567,#4568)),.RULED_SURF.,.F.,.F.,.F.,(2,
1,2),(4,2,2,2,2,4),(-0.01,0.,0.917174580637275),(1.43749108022052,1.5707963267949,
1.96349540849362,2.35619449019234,2.74889357189107,3.03715403911945),
 .UNSPECIFIED.);
#13=B_SPLINE_SURFACE_WITH_KNOTS('',1,3,((#4585,#4586,#4587,#4588,#4589,
#4590,#4591,#4592,#4593,#4594,#4595,#4596),(#4597,#4598,#4599,#4600,#4601,
#4602,#4603,#4604,#4605,#4606,#4607,#4608)),.RULED_SURF.,.F.,.F.,.F.,(2,
2),(4,2,2,2,2,4),(0.,0.922166666666768),(3.2460423236493,3.53429173528852,
3.92699081698724,4.31968989868597,4.71238898038469,4.84569322190571),
 .UNSPECIFIED.);
#14=B_SPLINE_SURFACE_WITH_KNOTS('',1,3,((#4635,#4636,#4637,#4638,#4639,
#4640,#4641,#4642),(#4643,#4644,#4645,#4646,#4647,#4648,#4649,#4650),(#4651,
#4652,#4653,#4654,#4655,#4656,#4657,#4658)),.RULED_SURF.,.F.,.F.,.F.,(2,
1,2),(4,2,2,4),(-0.00513520878826385,0.,0.833333333333328),(1.5707963267949,
1.96349540849362,2.35619449019234,2.46911257617462),.UNSPECIFIED.);
#15=B_SPLINE_SURFACE_WITH_KNOTS('',1,3,((#4675,#4676,#4677,#4678,#4679,
#4680,#4681,#4682),(#4683,#4684,#4685,#4686,#4687,#4688,#4689,#4690),(#4691,
#4692,#4693,#4694,#4695,#4696,#4697,#4698)),.RULED_SURF.,.F.,.F.,.F.,(2,
1,2),(4,2,2,4),(-0.00523901504385196,0.,0.838443056948672),(5.32623110329105,
5.49778714378214,5.89048622548086,6.0400009814559),.UNSPECIFIED.);
#16=B_SPLINE_SURFACE_WITH_KNOTS('',1,3,((#4704,#4705,#4706,#4707,#4708,
#4709,#4710,#4711),(#4712,#4713,#4714,#4715,#4716,#4717,#4718,#4719),(#4720,
#4721,#4722,#4723,#4724,#4725,#4726,#4727)),.RULED_SURF.,.F.,.F.,.F.,(2,
1,2),(4,2,2,4),(-0.00520495334369662,0.,0.83833465384125),(3.38484624430626,
3.53429173528852,3.92699081698724,4.09854645041347),.UNSPECIFIED.);
#17=B_SPLINE_SURFACE_WITH_KNOTS('',1,3,((#4753,#4754,#4755,#4756,#4757,
#4758,#4759,#4760),(#4761,#4762,#4763,#4764,#4765,#4766,#4767,#4768)),
 .RULED_SURF.,.F.,.F.,.F.,(2,2),(4,2,2,4),(0.,0.833333333333331),(0.67250336308475,
0.785398163397448,1.17809724509617,1.5707963267949),.UNSPECIFIED.);
#18=CONICAL_SURFACE('',#2727,2.1,0.785398163397448);
#19=CONICAL_SURFACE('',#2728,2.1,0.785398163397448);
#20=CONICAL_SURFACE('',#2729,2.6,0.785398163397448);
#21=CONICAL_SURFACE('',#2731,3.,0.785398163397448);
#22=CONICAL_SURFACE('',#2734,3.,0.785398163397448);
#23=CONICAL_SURFACE('',#2739,3.,0.785398163397448);
#24=CONICAL_SURFACE('',#2742,3.,0.785398163397448);
#25=CONICAL_SURFACE('',#2747,2.2,0.785398163397448);
#26=CONICAL_SURFACE('',#2749,1.7,0.785398163397448);
#27=CONICAL_SURFACE('',#2751,1.7,0.785398163397448);
#28=TOROIDAL_SURFACE('',#2661,3.9352192353441,3.);
#29=TOROIDAL_SURFACE('',#2669,3.93521923532499,3.);
#30=TOROIDAL_SURFACE('',#2686,2.6,0.4);
#31=TOROIDAL_SURFACE('',#2712,2.6,0.4);
#32=TOROIDAL_SURFACE('',#2780,0.8,0.2);
#33=TOROIDAL_SURFACE('',#2782,2.8,0.2);
#34=TOROIDAL_SURFACE('',#2785,0.8,0.2);
#35=TOROIDAL_SURFACE('',#2795,0.4,0.2);
#36=TOROIDAL_SURFACE('',#2797,0.4,0.2);
#37=TOROIDAL_SURFACE('',#2806,0.8,0.2);
#38=TOROIDAL_SURFACE('',#2808,2.8,0.2);
#39=TOROIDAL_SURFACE('',#2811,0.8,0.2);
#40=TOROIDAL_SURFACE('',#2821,0.4,0.2);
#41=TOROIDAL_SURFACE('',#2823,0.4,0.2);
#42=TOROIDAL_SURFACE('',#2826,1.7,0.2);
#43=TOROIDAL_SURFACE('',#2834,1.7,0.2);
#44=(
BOUNDED_SURFACE()
B_SPLINE_SURFACE(3,2,((#3929,#3930,#3931),(#3932,#3933,#3934),(#3935,#3936,
#3937),(#3938,#3939,#3940)),.UNSPECIFIED.,.F.,.F.,.F.)
B_SPLINE_SURFACE_WITH_KNOTS((4,4),(3,3),(5.4977871437821,6.28318530717959),
(0.,1.),.PIECEWISE_BEZIER_KNOTS.)
GEOMETRIC_REPRESENTATION_ITEM()
RATIONAL_B_SPLINE_SURFACE(((1.,0.866025403784434,1.),(1.,0.903812900244017,
1.),(1.,0.923879532489348,1.),(1.,0.923879532511287,1.)))
REPRESENTATION_ITEM('')
SURFACE()
);
#45=(
BOUNDED_SURFACE()
B_SPLINE_SURFACE(3,2,((#3950,#3951,#3952),(#3953,#3954,#3955),(#3956,#3957,
#3958),(#3959,#3960,#3961)),.UNSPECIFIED.,.F.,.F.,.F.)
B_SPLINE_SURFACE_WITH_KNOTS((4,4),(3,3),(0.,0.785398163397668),(0.,1.),
 .PIECEWISE_BEZIER_KNOTS.)
GEOMETRIC_REPRESENTATION_ITEM()
RATIONAL_B_SPLINE_SURFACE(((1.,0.923879532511287,1.),(1.,0.923879532489357,
1.),(1.,0.903812900244039,1.),(1.,0.866025403784406,1.)))
REPRESENTATION_ITEM('')
SURFACE()
);
#46=(
BOUNDED_SURFACE()
B_SPLINE_SURFACE(3,2,((#3999,#4000,#4001),(#4002,#4003,#4004),(#4005,#4006,
#4007),(#4008,#4009,#4010),(#4011,#4012,#4013)),.UNSPECIFIED.,.F.,.F.,.F.)
B_SPLINE_SURFACE_WITH_KNOTS((4,1,4),(3,3),(2.61799387799081,3.14159265358952,
3.66519142918824),(0.,1.),.UNSPECIFIED.)
GEOMETRIC_REPRESENTATION_ITEM()
RATIONAL_B_SPLINE_SURFACE(((1.,0.923879532511194,1.),(1.,0.9431603927269,
1.),(1.,0.962880835015948,1.),(1.,0.943160392726818,1.),(1.,0.923879532511254,
1.)))
REPRESENTATION_ITEM('')
SURFACE()
);
#47=(
BOUNDED_SURFACE()
B_SPLINE_SURFACE(3,2,((#4017,#4018,#4019),(#4020,#4021,#4022),(#4023,#4024,
#4025),(#4026,#4027,#4028),(#4029,#4030,#4031)),.UNSPECIFIED.,.F.,.F.,.F.)
B_SPLINE_SURFACE_WITH_KNOTS((4,1,4),(3,3),(2.61799387799154,3.14159265358983,
3.66519142918813),(0.,1.),.UNSPECIFIED.)
GEOMETRIC_REPRESENTATION_ITEM()
RATIONAL_B_SPLINE_SURFACE(((1.,0.923879532511295,1.),(1.,0.943160392726843,
1.),(1.,0.962880835016049,1.),(1.,0.943160392726764,1.),(1.,0.923879532511287,
1.)))
REPRESENTATION_ITEM('')
SURFACE()
);
#48=(
BOUNDED_SURFACE()
B_SPLINE_SURFACE(3,2,((#4103,#4104,#4105),(#4106,#4107,#4108),(#4109,#4110,
#4111),(#4112,#4113,#4114),(#4115,#4116,#4117),(#4118,#4119,#4120),(#4121,
#4122,#4123),(#4124,#4125,#4126)),.UNSPECIFIED.,.F.,.F.,.F.)
B_SPLINE_SURFACE_WITH_KNOTS((4,1,1,1,1,4),(3,3),(0.171113780408671,0.272112594610943,
0.373111408813215,0.474110223015488,0.524609630116624,0.57510903721776),
(0.,1.),.UNSPECIFIED.)
GEOMETRIC_REPRESENTATION_ITEM()
RATIONAL_B_SPLINE_SURFACE(((1.,0.964787557115742,1.),(1.,0.964787557350165,
1.),(1.,0.955102633037977,1.),(1.,0.911695268388528,1.),(1.,0.857878478184788,
1.),(1.,0.810999946431999,1.),(1.,0.782972838067906,1.),(1.,0.767868193670349,
1.)))
REPRESENTATION_ITEM('')
SURFACE()
);
#49=(
BOUNDED_SURFACE()
B_SPLINE_SURFACE(3,2,((#4152,#4153,#4154),(#4155,#4156,#4157),(#4158,#4159,
#4160),(#4161,#4162,#4163),(#4164,#4165,#4166),(#4167,#4168,#4169),(#4170,
#4171,#4172),(#4173,#4174,#4175)),.UNSPECIFIED.,.F.,.F.,.F.)
B_SPLINE_SURFACE_WITH_KNOTS((4,1,1,1,1,4),(3,3),(0.171113780408621,0.272112594608577,
0.373111408808532,0.474110223008488,0.524609630108466,0.575109037208444),
(0.,1.),.UNSPECIFIED.)
GEOMETRIC_REPRESENTATION_ITEM()
RATIONAL_B_SPLINE_SURFACE(((1.,0.964787557116294,1.),(1.,0.964787557350585,
1.),(1.,0.955102633039038,1.),(1.,0.911695268391431,1.),(1.,0.857878478189482,
1.),(1.,0.810999946438299,1.),(1.,0.782972838075852,1.),(1.,0.767868193678888,
1.)))
REPRESENTATION_ITEM('')
SURFACE()
);
#50=(
BOUNDED_SURFACE()
B_SPLINE_SURFACE(3,2,((#4246,#4247,#4248),(#4249,#4250,#4251),(#4252,#4253,
#4254),(#4255,#4256,#4257)),.UNSPECIFIED.,.F.,.F.,.F.)
B_SPLINE_SURFACE_WITH_KNOTS((4,4),(3,3),(-6.39679281766448E-18,0.000167264447293568),
(0.,1.),.PIECEWISE_BEZIER_KNOTS.)
GEOMETRIC_REPRESENTATION_ITEM()
RATIONAL_B_SPLINE_SURFACE(((1.,0.994331037334847,1.),(1.,0.998135449617799,
1.),(1.,1.0000000058248,1.),(1.,1.,1.)))
REPRESENTATION_ITEM('')
SURFACE()
);
#51=(
BOUNDED_SURFACE()
B_SPLINE_SURFACE(3,2,((#4259,#4260,#4261),(#4262,#4263,#4264),(#4265,#4266,
#4267),(#4268,#4269,#4270)),.UNSPECIFIED.,.F.,.F.,.F.)
B_SPLINE_SURFACE_WITH_KNOTS((4,4),(3,3),(-3.02221355580334E-18,1.93762257257502E-5),
(0.,1.),.PIECEWISE_BEZIER_KNOTS.)
GEOMETRIC_REPRESENTATION_ITEM()
RATIONAL_B_SPLINE_SURFACE(((1.,0.993544718848127,1.),(1.,0.993839334154288,
1.),(1.,0.994103359608097,1.),(1.,0.994331037334848,1.)))
REPRESENTATION_ITEM('')
SURFACE()
);
#52=(
BOUNDED_SURFACE()
B_SPLINE_SURFACE(3,2,((#4272,#4273,#4274),(#4275,#4276,#4277),(#4278,#4279,
#4280),(#4281,#4282,#4283),(#4284,#4285,#4286),(#4287,#4288,#4289)),
 .UNSPECIFIED.,.F.,.F.,.F.)
B_SPLINE_SURFACE_WITH_KNOTS((4,1,1,4),(3,3),(-1.88651178012478E-17,0.00177410773200531,
0.00354821546401063,0.00709643092802128),(0.,1.),.UNSPECIFIED.)
GEOMETRIC_REPRESENTATION_ITEM()
RATIONAL_B_SPLINE_SURFACE(((1.,0.707106781186546,1.),(1.,0.724222275767995,
1.),(1.,0.8060947912305,1.),(1.,0.957611186088057,1.),(1.,0.982867990567743,
1.),(1.,0.993544718848129,1.)))
REPRESENTATION_ITEM('')
SURFACE()
);
#53=(
BOUNDED_SURFACE()
B_SPLINE_SURFACE(3,2,((#4297,#4298,#4299),(#4300,#4301,#4302),(#4303,#4304,
#4305),(#4306,#4307,#4308)),.UNSPECIFIED.,.F.,.F.,.F.)
B_SPLINE_SURFACE_WITH_KNOTS((4,4),(3,3),(1.5707963267949,2.46372209846547),
(0.,1.),.PIECEWISE_BEZIER_KNOTS.)
GEOMETRIC_REPRESENTATION_ITEM()
RATIONAL_B_SPLINE_SURFACE(((1.,0.707106781186551,1.),(1.,0.65001019564961,
1.),(1.,0.584423400500284,1.),(1.,0.537299608346825,1.)))
REPRESENTATION_ITEM('')
SURFACE()
);
#54=(
BOUNDED_SURFACE()
B_SPLINE_SURFACE(3,2,((#4312,#4313,#4314),(#4315,#4316,#4317),(#4318,#4319,
#4320),(#4321,#4322,#4323)),.UNSPECIFIED.,.F.,.F.,.F.)
B_SPLINE_SURFACE_WITH_KNOTS((4,4),(3,3),(4.11940476924469,4.37574563396738),
(0.,1.),.PIECEWISE_BEZIER_KNOTS.)
GEOMETRIC_REPRESENTATION_ITEM()
RATIONAL_B_SPLINE_SURFACE(((1.,0.53729960834682,1.),(1.,0.562233018258744,
1.),(1.,0.587556315779208,1.),(1.,0.6124527837904,1.)))
REPRESENTATION_ITEM('')
SURFACE()
);
#55=(
BOUNDED_SURFACE()
B_SPLINE_SURFACE(3,2,((#4325,#4326,#4327),(#4328,#4329,#4330),(#4331,#4332,
#4333),(#4334,#4335,#4336)),.UNSPECIFIED.,.F.,.F.,.F.)
B_SPLINE_SURFACE_WITH_KNOTS((4,4),(3,3),(-1.25767452008319E-17,0.0024250619502916),
(0.,1.),.PIECEWISE_BEZIER_KNOTS.)
GEOMETRIC_REPRESENTATION_ITEM()
RATIONAL_B_SPLINE_SURFACE(((1.,0.612452783790341,1.),(1.,0.599402177636565,
1.),(1.,0.58910822013191,1.),(1.,0.598711120098676,1.)))
REPRESENTATION_ITEM('')
SURFACE()
);
#56=(
BOUNDED_SURFACE()
B_SPLINE_SURFACE(3,2,((#4338,#4339,#4340),(#4341,#4342,#4343),(#4344,#4345,
#4346),(#4347,#4348,#4349)),.UNSPECIFIED.,.F.,.F.,.F.)
B_SPLINE_SURFACE_WITH_KNOTS((4,4),(3,3),(5.01420987081768,5.26513478634811),
(0.,1.),.PIECEWISE_BEZIER_KNOTS.)
GEOMETRIC_REPRESENTATION_ITEM()
RATIONAL_B_SPLINE_SURFACE(((1.,0.598711120098675,1.),(1.,0.566953696496474,
1.),(1.,0.533896521589563,1.),(1.,0.499999999998985,1.)))
REPRESENTATION_ITEM('')
SURFACE()
);
#57=(
BOUNDED_SURFACE()
B_SPLINE_SURFACE(3,2,((#4353,#4354,#4355),(#4356,#4357,#4358),(#4359,#4360,
#4361),(#4362,#4363,#4364),(#4365,#4366,#4367)),.UNSPECIFIED.,.F.,.F.,.F.)
B_SPLINE_SURFACE_WITH_KNOTS((4,1,4),(3,3),(7.00510346568583E-17,0.392699081696709,
0.785398163393418),(0.,1.),.UNSPECIFIED.)
GEOMETRIC_REPRESENTATION_ITEM()
RATIONAL_B_SPLINE_SURFACE(((1.,0.38268343236509,1.),(1.,0.382683432368368,
1.),(1.,0.407749414543832,1.),(1.,0.467275075280676,1.),(1.,0.499999999998994,
1.)))
REPRESENTATION_ITEM('')
SURFACE()
);
#58=(
BOUNDED_SURFACE()
B_SPLINE_SURFACE(3,2,((#4371,#4372,#4373),(#4374,#4375,#4376),(#4377,#4378,
#4379),(#4380,#4381,#4382),(#4383,#4384,#4385)),.UNSPECIFIED.,.F.,.F.,.F.)
B_SPLINE_SURFACE_WITH_KNOTS((4,1,4),(3,3),(5.49778714378218,5.89048622548088,
6.28318530717959),(0.,1.),.UNSPECIFIED.)
GEOMETRIC_REPRESENTATION_ITEM()
RATIONAL_B_SPLINE_SURFACE(((1.,0.499999999999991,1.),(1.,0.467275075287231,
1.),(1.,0.407749414542665,1.),(1.,0.382683432365449,1.),(1.,0.382683432365088,
1.)))
REPRESENTATION_ITEM('')
SURFACE()
);
#59=(
BOUNDED_SURFACE()
B_SPLINE_SURFACE(3,2,((#4389,#4390,#4391),(#4392,#4393,#4394),(#4395,#4396,
#4397),(#4398,#4399,#4400)),.UNSPECIFIED.,.F.,.F.,.F.)
B_SPLINE_SURFACE_WITH_KNOTS((4,4),(3,3),(4.15964317442328,4.41144143366218),
(0.,1.),.PIECEWISE_BEZIER_KNOTS.)
GEOMETRIC_REPRESENTATION_ITEM()
RATIONAL_B_SPLINE_SURFACE(((1.,0.499999999999984,1.),(1.,0.534014498374514,
1.),(1.,0.567183702832713,1.),(1.,0.599042668300232,1.)))
REPRESENTATION_ITEM('')
SURFACE()
);
#60=(
BOUNDED_SURFACE()
B_SPLINE_SURFACE(3,2,((#4402,#4403,#4404),(#4405,#4406,#4407),(#4408,#4409,
#4410),(#4411,#4412,#4413)),.UNSPECIFIED.,.F.,.F.,.F.)
B_SPLINE_SURFACE_WITH_KNOTS((4,4),(3,3),(1.60461921527855E-17,0.00242188530720359),
(0.,1.),.PIECEWISE_BEZIER_KNOTS.)
GEOMETRIC_REPRESENTATION_ITEM()
RATIONAL_B_SPLINE_SURFACE(((1.,0.599042668300233,1.),(1.,0.589438929798388,
1.),(1.,0.599673604155672,1.),(1.,0.612690278165415,1.)))
REPRESENTATION_ITEM('')
SURFACE()
);
#61=(
BOUNDED_SURFACE()
B_SPLINE_SURFACE(3,2,((#4415,#4416,#4417),(#4418,#4419,#4420),(#4421,#4422,
#4423),(#4424,#4425,#4426)),.UNSPECIFIED.,.F.,.F.,.F.)
B_SPLINE_SURFACE_WITH_KNOTS((4,4),(3,3),(1.90662452892933,2.16378053793287),
(0.,1.),.PIECEWISE_BEZIER_KNOTS.)
GEOMETRIC_REPRESENTATION_ITEM()
RATIONAL_B_SPLINE_SURFACE(((1.,0.612690278165412,1.),(1.,0.587717208704334,
1.),(1.,0.562312304588958,1.),(1.,0.537299608346821,1.)))
REPRESENTATION_ITEM('')
SURFACE()
);
#62=(
BOUNDED_SURFACE()
B_SPLINE_SURFACE(3,2,((#4430,#4431,#4432),(#4433,#4434,#4435),(#4436,#4437,
#4438),(#4439,#4440,#4441)),.UNSPECIFIED.,.F.,.F.,.F.)
B_SPLINE_SURFACE_WITH_KNOTS((4,4),(3,3),(0.677870555124326,1.5707963267949),
(0.,1.),.PIECEWISE_BEZIER_KNOTS.)
GEOMETRIC_REPRESENTATION_ITEM()
RATIONAL_B_SPLINE_SURFACE(((1.,0.537299608346825,1.),(1.,0.584423400502014,
1.),(1.,0.65001019564961,1.),(1.,0.707106781186551,1.)))
REPRESENTATION_ITEM('')
SURFACE()
);
#63=(
BOUNDED_SURFACE()
B_SPLINE_SURFACE(3,2,((#4449,#4450,#4451),(#4452,#4453,#4454),(#4455,#4456,
#4457),(#4458,#4459,#4460),(#4461,#4462,#4463),(#4464,#4465,#4466)),
 .UNSPECIFIED.,.F.,.F.,.F.)
B_SPLINE_SURFACE_WITH_KNOTS((4,1,1,4),(3,3),(-1.0842021724855E-17,0.00355867247418309,
0.00533800871127465,0.0071173449483662),(0.,1.),.UNSPECIFIED.)
GEOMETRIC_REPRESENTATION_ITEM()
RATIONAL_B_SPLINE_SURFACE(((1.,0.993544718850351,1.),(1.,0.982846952315272,
1.),(1.,0.957894405328106,1.),(1.,0.804660372049099,1.),(1.,0.724326873367584,
1.),(1.,0.707106781186548,1.)))
REPRESENTATION_ITEM('')
SURFACE()
);
#64=(
BOUNDED_SURFACE()
B_SPLINE_SURFACE(3,2,((#4468,#4469,#4470),(#4471,#4472,#4473),(#4474,#4475,
#4476),(#4477,#4478,#4479)),.UNSPECIFIED.,.F.,.F.,.F.)
B_SPLINE_SURFACE_WITH_KNOTS((4,4),(3,3),(-3.65037318948713E-17,1.93762257107796E-5),
(0.,1.),.PIECEWISE_BEZIER_KNOTS.)
GEOMETRIC_REPRESENTATION_ITEM()
RATIONAL_B_SPLINE_SURFACE(((1.,0.994331037336377,1.),(1.,0.994103359609807,
1.),(1.,0.993839334155503,1.),(1.,0.993544718850426,1.)))
REPRESENTATION_ITEM('')
SURFACE()
);
#65=(
BOUNDED_SURFACE()
B_SPLINE_SURFACE(3,2,((#4481,#4482,#4483),(#4484,#4485,#4486),(#4487,#4488,
#4489),(#4490,#4491,#4492)),.UNSPECIFIED.,.F.,.F.,.F.)
B_SPLINE_SURFACE_WITH_KNOTS((4,4),(3,3),(2.84603070277445E-17,0.000167264447269396),
(0.,1.),.PIECEWISE_BEZIER_KNOTS.)
GEOMETRIC_REPRESENTATION_ITEM()
RATIONAL_B_SPLINE_SURFACE(((1.,0.994331037336376,1.),(1.,0.998135449618437,
1.),(1.,1.00000000582478,1.),(1.,1.,1.)))
REPRESENTATION_ITEM('')
SURFACE()
);
#66=(
BOUNDED_SURFACE()
B_SPLINE_SURFACE(3,2,((#4858,#4859,#4860),(#4861,#4862,#4863),(#4864,#4865,
#4866),(#4867,#4868,#4869),(#4870,#4871,#4872),(#4873,#4874,#4875),(#4876,
#4877,#4878)),.UNSPECIFIED.,.F.,.F.,.F.)
B_SPLINE_SURFACE_WITH_KNOTS((4,1,1,1,4),(3,3),(4.71238898038469,5.49778714378214,
6.28318530717959,7.06858347057703,7.85398163397448),(0.,1.),
 .UNSPECIFIED.)
GEOMETRIC_REPRESENTATION_ITEM()
RATIONAL_B_SPLINE_SURFACE(((1.,0.707106781186553,1.),(1.,0.72905218389508,
1.),(1.,0.770404350429825,1.),(1.,0.794514039756181,1.),(1.,0.770404350432128,
1.),(1.,0.729052183889715,1.),(1.,0.70710678118655,1.)))
REPRESENTATION_ITEM('')
SURFACE()
);
#67=(
BOUNDED_SURFACE()
B_SPLINE_SURFACE(3,2,((#4905,#4906,#4907),(#4908,#4909,#4910),(#4911,#4912,
#4913),(#4914,#4915,#4916),(#4917,#4918,#4919),(#4920,#4921,#4922),(#4923,
#4924,#4925)),.UNSPECIFIED.,.F.,.F.,.F.)
B_SPLINE_SURFACE_WITH_KNOTS((4,1,1,1,4),(3,3),(4.71238898038469,5.49778714378214,
6.28318530717959,7.06858347057703,7.85398163397448),(0.,1.),
 .UNSPECIFIED.)
GEOMETRIC_REPRESENTATION_ITEM()
RATIONAL_B_SPLINE_SURFACE(((1.,0.707106781186547,1.),(1.,0.729052183905413,
1.),(1.,0.770404350424856,1.),(1.,0.794514039758075,1.),(1.,0.77040435042953,
1.),(1.,0.729052183894496,1.),(1.,0.707106781186544,1.)))
REPRESENTATION_ITEM('')
SURFACE()
);
#68=(
BOUNDED_SURFACE()
B_SPLINE_SURFACE(3,2,((#4968,#4969,#4970),(#4971,#4972,#4973),(#4974,#4975,
#4976),(#4977,#4978,#4979),(#4980,#4981,#4982),(#4983,#4984,#4985),(#4986,
#4987,#4988),(#4989,#4990,#4991),(#4992,#4993,#4994),(#4995,#4996,#4997),
(#4998,#4999,#5000),(#5001,#5002,#5003),(#5004,#5005,#5006),(#5007,#5008,
#5009)),.UNSPECIFIED.,.F.,.F.,.F.)
B_SPLINE_SURFACE_WITH_KNOTS((4,1,1,1,1,1,1,1,1,1,1,4),(3,3),(4.90480293264435,
5.49385155519244,5.78837586646648,6.08290017774053,6.37742448901457,6.67194880028862,
6.96647311156266,7.2609974228367,7.85004604538479,8.43909466793288,9.02814329048097,
9.61719191302906),(0.,1.),.UNSPECIFIED.)
GEOMETRIC_REPRESENTATION_ITEM()
RATIONAL_B_SPLINE_SURFACE(((1.,0.653981750832734,1.),(1.,0.598266145851782,
1.),(1.,0.507604280867584,1.),(1.,0.404789512116063,1.),(1.,0.352567968104899,
1.),(1.,0.343575944009974,1.),(1.,0.382157200906176,1.),(1.,0.452312393633473,
1.),(1.,0.565074216590474,1.),(1.,0.712264207721969,1.),(1.,0.851629334521533,
1.),(1.,0.932756896332116,1.),(1.,0.94095673272952,1.),(1.,0.933351010235568,
1.)))
REPRESENTATION_ITEM('')
SURFACE()
);
#69=(
BOUNDED_SURFACE()
B_SPLINE_SURFACE(3,2,((#5017,#5018,#5019),(#5020,#5021,#5022),(#5023,#5024,
#5025),(#5026,#5027,#5028),(#5029,#5030,#5031),(#5032,#5033,#5034),(#5035,
#5036,#5037),(#5038,#5039,#5040),(#5041,#5042,#5043),(#5044,#5045,#5046),
(#5047,#5048,#5049),(#5050,#5051,#5052),(#5053,#5054,#5055),(#5056,#5057,
#5058)),.UNSPECIFIED.,.F.,.F.,.F.)
B_SPLINE_SURFACE_WITH_KNOTS((4,1,1,1,1,1,1,1,1,1,1,4),(3,3),(2.94917870133014,
3.53822732387823,4.12727594642632,4.71632456897441,5.3053731915225,5.59989750279654,
5.89442181407058,6.18894612534463,6.48347043661867,6.77799474789272,7.07251905916676,
7.66156768171485),(0.,1.),.UNSPECIFIED.)
GEOMETRIC_REPRESENTATION_ITEM()
RATIONAL_B_SPLINE_SURFACE(((1.,0.933351010235562,1.),(1.,0.940956732729065,
1.),(1.,0.932756896332314,1.),(1.,0.851629334521463,1.),(1.,0.71226420772198,
1.),(1.,0.565074216590465,1.),(1.,0.452312393633475,1.),(1.,0.382157200906181,
1.),(1.,0.343575944009994,1.),(1.,0.352567968104904,1.),(1.,0.404789512116102,
1.),(1.,0.5076042808675,1.),(1.,0.598266145852295,1.),(1.,0.653981750832743,
1.)))
REPRESENTATION_ITEM('')
SURFACE()
);
#70=SPHERICAL_SURFACE('',#2591,1.);
#71=SPHERICAL_SURFACE('',#2595,1.);
#72=PLANE('',#2561);
#73=PLANE('',#2563);
#74=PLANE('',#2565);
#75=PLANE('',#2569);
#76=PLANE('',#2570);
#77=PLANE('',#2572);
#78=PLANE('',#2574);
#79=PLANE('',#2588);
#80=PLANE('',#2601);
#81=PLANE('',#2603);
#82=PLANE('',#2606);
#83=PLANE('',#2613);
#84=PLANE('',#2614);
#85=PLANE('',#2619);
#86=PLANE('',#2634);
#87=PLANE('',#2636);
#88=PLANE('',#2637);
#89=PLANE('',#2647);
#90=PLANE('',#2650);
#91=PLANE('',#2653);
#92=PLANE('',#2655);
#93=PLANE('',#2730);
#94=PLANE('',#2733);
#95=PLANE('',#2736);
#96=PLANE('',#2737);
#97=PLANE('',#2738);
#98=PLANE('',#2741);
#99=PLANE('',#2744);
#100=PLANE('',#2745);
#101=PLANE('',#2746);
#102=PLANE('',#2753);
#103=PLANE('',#2754);
#104=PLANE('',#2756);
#105=PLANE('',#2758);
#106=PLANE('',#2764);
#107=PLANE('',#2766);
#108=PLANE('',#2768);
#109=ELLIPSE('',#2560,2.47201254736189,1.5);
#110=ELLIPSE('',#2562,0.391787779219414,0.2);
#111=ELLIPSE('',#2564,0.427745705412453,0.2);
#112=ELLIPSE('',#2568,2.47201254736176,1.5);
#113=ELLIPSE('',#2571,0.427745705412435,0.2);
#114=ELLIPSE('',#2573,0.391787779219396,0.2);
#115=ELLIPSE('',#2577,3.09521464383185,2.6);
#116=ELLIPSE('',#2578,10.3923048454136,6.);
#117=ELLIPSE('',#2579,10.3923048454114,6.);
#118=ELLIPSE('',#2580,3.09521464383184,2.6);
#119=ELLIPSE('',#2589,4.5254833995939,3.2);
#120=ELLIPSE('',#2590,4.5254833995939,3.2);
#121=ELLIPSE('',#2604,3.29392020196137,3.2);
#122=ELLIPSE('',#2605,3.29392020196137,3.2);
#123=ELLIPSE('',#2608,6.8639154395042,1.);
#124=ELLIPSE('',#2610,6.86391543956872,1.);
#125=ELLIPSE('',#2615,8.52295136509626,2.6);
#126=ELLIPSE('',#2617,4.81663783151692,3.6);
#127=ELLIPSE('',#2618,3.64965751817893,3.6);
#128=ELLIPSE('',#2620,0.848528137423857,0.6);
#129=ELLIPSE('',#2621,0.848528137423857,0.6);
#130=ELLIPSE('',#2627,9.00000000000044,3.);
#131=ELLIPSE('',#2629,8.99999999999789,3.);
#132=ELLIPSE('',#2631,3.64965751817893,3.6);
#133=ELLIPSE('',#2633,4.81663783151692,3.6);
#134=ELLIPSE('',#2635,8.52295136515697,2.6);
#135=ELLIPSE('',#2639,4.94402509470253,3.);
#136=ELLIPSE('',#2646,4.94402509472452,3.);
#137=ELLIPSE('',#2648,2.5982390256314,1.7);
#138=ELLIPSE('',#2649,5.19647805126374,3.4);
#139=ELLIPSE('',#2651,2.59823902563152,1.7);
#140=ELLIPSE('',#2652,5.19647805124282,3.4);
#141=ELLIPSE('',#2654,7.88120137800476,4.);
#142=ELLIPSE('',#2656,7.88120137806096,4.);
#143=ELLIPSE('',#2674,3.43807412534854,3.);
#144=ELLIPSE('',#2676,3.43807412534855,3.);
#145=ELLIPSE('',#2678,8.65336350627871,3.);
#146=ELLIPSE('',#2680,8.65336350633851,3.);
#147=ELLIPSE('',#2763,3.09998553172256,3.);
#148=ELLIPSE('',#2773,3.09998553172256,3.);
#149=ELLIPSE('',#2830,0.216478440058479,0.2);
#150=ELLIPSE('',#2832,0.216478440058479,0.2);
#151=ELLIPSE('',#2838,0.216478440058479,0.2);
#152=ELLIPSE('',#2840,0.216478440058479,0.2);
#153=ELLIPSE('',#2845,0.220340391322519,0.2);
#154=ELLIPSE('',#2847,0.207577544636968,0.2);
#155=ELLIPSE('',#2852,0.207577544636969,0.2);
#156=ELLIPSE('',#2854,0.22034039132252,0.2);
#157=B_SPLINE_CURVE_WITH_KNOTS('',3,(#3641,#3642,#3643,#3644),
 .UNSPECIFIED.,.F.,.F.,(4,4),(1.27475620829111E-17,0.00026419344999386),
 .UNSPECIFIED.);
#158=B_SPLINE_CURVE_WITH_KNOTS('',3,(#3711,#3712,#3713,#3714),
 .UNSPECIFIED.,.F.,.F.,(4,4),(2.0304417714389E-17,1.93762257095178E-5),
 .UNSPECIFIED.);
#159=B_SPLINE_CURVE_WITH_KNOTS('',3,(#3716,#3717,#3718,#3719,#3720,#3721),
 .UNSPECIFIED.,.F.,.F.,(4,1,1,4),(0.,0.00355867247418305,0.00533800871127458,
0.00711734494836611),.UNSPECIFIED.);
#160=B_SPLINE_CURVE_WITH_KNOTS('',3,(#3753,#3754,#3755,#3756,#3757,#3758),
 .UNSPECIFIED.,.F.,.F.,(4,1,1,4),(0.,0.0017741077320053,0.00354821546401061,
0.00709643092802122),.UNSPECIFIED.);
#161=B_SPLINE_CURVE_WITH_KNOTS('',3,(#3760,#3761,#3762,#3763),
 .UNSPECIFIED.,.F.,.F.,(4,4),(1.73472347597681E-18,1.93762257257148E-5),
 .UNSPECIFIED.);
#162=B_SPLINE_CURVE_WITH_KNOTS('',3,(#3800,#3801,#3802,#3803),
 .UNSPECIFIED.,.F.,.F.,(4,4),(0.,1.),.UNSPECIFIED.);
#163=B_SPLINE_CURVE_WITH_KNOTS('',3,(#3807,#3808,#3809,#3810),
 .UNSPECIFIED.,.F.,.F.,(4,4),(0.,1.),.UNSPECIFIED.);
#164=B_SPLINE_CURVE_WITH_KNOTS('',3,(#3831,#3832,#3833,#3834,#3835,#3836,
#3837,#3838,#3839),.UNSPECIFIED.,.F.,.F.,(4,1,1,1,1,1,4),(0.,0.25,0.375,
0.5,0.625,0.75,1.),.UNSPECIFIED.);
#165=B_SPLINE_CURVE_WITH_KNOTS('',3,(#3851,#3852,#3853,#3854,#3855,#3856,
#3857,#3858,#3859),.UNSPECIFIED.,.F.,.F.,(4,1,1,1,1,1,4),(0.,0.25,0.375,
0.5,0.625,0.75,1.),.UNSPECIFIED.);
#166=B_SPLINE_CURVE_WITH_KNOTS('',3,(#3886,#3887,#3888,#3889),
 .UNSPECIFIED.,.F.,.F.,(4,4),(5.20417042793042E-18,0.000264193449953001),
 .UNSPECIFIED.);
#167=B_SPLINE_CURVE_WITH_KNOTS('',3,(#3992,#3993,#3994,#3995),
 .UNSPECIFIED.,.F.,.F.,(4,4),(0.,0.00230186777973231),.UNSPECIFIED.);
#168=B_SPLINE_CURVE_WITH_KNOTS('',3,(#4036,#4037,#4038,#4039),
 .UNSPECIFIED.,.F.,.F.,(4,4),(0.,0.00229997024166973),.UNSPECIFIED.);
#169=B_SPLINE_CURVE_WITH_KNOTS('',3,(#4127,#4128,#4129,#4130,#4131,#4132,
#4133),.UNSPECIFIED.,.F.,.F.,(4,1,1,1,4),(0.,0.00172334727176535,0.00344669454353071,
0.00517004181529606,0.00689338908706142),.UNSPECIFIED.);
#170=B_SPLINE_CURVE_WITH_KNOTS('',3,(#4137,#4138,#4139,#4140),
 .UNSPECIFIED.,.F.,.F.,(4,4),(4.56472961290666E-16,2.98393213758998E-5),
 .UNSPECIFIED.);
#171=B_SPLINE_CURVE_WITH_KNOTS('',3,(#4142,#4143,#4144,#4145),
 .UNSPECIFIED.,.F.,.F.,(4,4),(1.11076499342709E-17,0.000264063427574212),
 .UNSPECIFIED.);
#172=B_SPLINE_CURVE_WITH_KNOTS('',3,(#4178,#4179,#4180,#4181,#4182,#4183,
#4184),.UNSPECIFIED.,.F.,.F.,(4,1,1,1,4),(0.,0.0017353719368765,0.00347074387375301,
0.00520611581062951,0.00694148774750602),.UNSPECIFIED.);
#173=B_SPLINE_CURVE_WITH_KNOTS('',3,(#4186,#4187,#4188,#4189),
 .UNSPECIFIED.,.F.,.F.,(4,4),(1.2509268882771E-17,0.000264063427602936),
 .UNSPECIFIED.);
#174=B_SPLINE_CURVE_WITH_KNOTS('',3,(#4191,#4192,#4193,#4194),
 .UNSPECIFIED.,.F.,.F.,(4,4),(0.,2.98393213965467E-5),.UNSPECIFIED.);
#175=B_SPLINE_CURVE_WITH_KNOTS('',3,(#4200,#4201,#4202,#4203,#4204,#4205,
#4206,#4207,#4208,#4209,#4210),.UNSPECIFIED.,.F.,.F.,(4,1,1,1,1,1,1,1,4),
(0.,0.25,0.375,0.4375,0.5,0.5625,0.625,0.75,1.),.UNSPECIFIED.);
#176=B_SPLINE_CURVE_WITH_KNOTS('',3,(#4213,#4214,#4215,#4216,#4217,#4218,
#4219,#4220,#4221,#4222,#4223),.UNSPECIFIED.,.F.,.F.,(4,1,1,1,1,1,1,1,4),
(0.,0.25,0.375,0.4375,0.5,0.5625,0.625,0.75,1.),.UNSPECIFIED.);
#177=B_SPLINE_CURVE_WITH_KNOTS('',3,(#4227,#4228,#4229,#4230),
 .UNSPECIFIED.,.F.,.F.,(4,4),(0.,0.00251395418764155),.UNSPECIFIED.);
#178=B_SPLINE_CURVE_WITH_KNOTS('',3,(#4231,#4232,#4233,#4234),
 .UNSPECIFIED.,.F.,.F.,(4,4),(0.,1.),.UNSPECIFIED.);
#179=B_SPLINE_CURVE_WITH_KNOTS('',3,(#4236,#4237,#4238,#4239),
 .UNSPECIFIED.,.F.,.F.,(4,4),(3.66158172814966E-16,0.00251754469398475),
 .UNSPECIFIED.);
#180=B_SPLINE_CURVE_WITH_KNOTS('',3,(#4242,#4243,#4244,#4245),
 .UNSPECIFIED.,.F.,.F.,(4,4),(0.,1.),.UNSPECIFIED.);
#181=B_SPLINE_CURVE_WITH_KNOTS('',3,(#4569,#4570,#4571,#4572),
 .UNSPECIFIED.,.F.,.F.,(4,4),(0.,1.),.UNSPECIFIED.);
#182=B_SPLINE_CURVE_WITH_KNOTS('',3,(#4574,#4575,#4576,#4577),
 .UNSPECIFIED.,.F.,.F.,(4,4),(0.,0.000818378545907015),.UNSPECIFIED.);
#183=B_SPLINE_CURVE_WITH_KNOTS('',3,(#4579,#4580,#4581,#4582),
 .UNSPECIFIED.,.F.,.F.,(4,4),(0.,1.),.UNSPECIFIED.);
#184=B_SPLINE_CURVE_WITH_KNOTS('',3,(#4611,#4612,#4613,#4614),
 .UNSPECIFIED.,.F.,.F.,(4,4),(0.,0.000818125722833622),.UNSPECIFIED.);
#185=B_SPLINE_CURVE_WITH_KNOTS('',3,(#4659,#4660,#4661,#4662),
 .UNSPECIFIED.,.F.,.F.,(4,4),(0.,1.),.UNSPECIFIED.);
#186=B_SPLINE_CURVE_WITH_KNOTS('',3,(#4664,#4665,#4666,#4667),
 .UNSPECIFIED.,.F.,.F.,(4,4),(0.,0.0027372976114237),.UNSPECIFIED.);
#187=B_SPLINE_CURVE_WITH_KNOTS('',3,(#4669,#4670,#4671,#4672),
 .UNSPECIFIED.,.F.,.F.,(4,4),(0.,1.),.UNSPECIFIED.);
#188=B_SPLINE_CURVE_WITH_KNOTS('',3,(#4699,#4700,#4701,#4702,#4703),
 .UNSPECIFIED.,.F.,.F.,(4,1,4),(0.,0.00107773960587355,0.0021554792117471),
 .UNSPECIFIED.);
#189=B_SPLINE_CURVE_WITH_KNOTS('',3,(#4728,#4729,#4730,#4731),
 .UNSPECIFIED.,.F.,.F.,(4,4),(0.,1.),.UNSPECIFIED.);
#190=B_SPLINE_CURVE_WITH_KNOTS('',3,(#4733,#4734,#4735,#4736),
 .UNSPECIFIED.,.F.,.F.,(4,4),(0.,0.00216578871487951),.UNSPECIFIED.);
#191=B_SPLINE_CURVE_WITH_KNOTS('',3,(#4738,#4739,#4740,#4741),
 .UNSPECIFIED.,.F.,.F.,(4,4),(0.,1.),.UNSPECIFIED.);
#192=B_SPLINE_CURVE_WITH_KNOTS('',3,(#4769,#4770,#4771,#4772),
 .UNSPECIFIED.,.F.,.F.,(4,4),(0.,0.00274044824403385),.UNSPECIFIED.);
#193=CIRCLE('',#2553,1.);
#194=CIRCLE('',#2554,1.);
#195=CIRCLE('',#2556,1.);
#196=CIRCLE('',#2557,1.);
#197=CIRCLE('',#2559,1.5);
#198=CIRCLE('',#2567,1.5);
#199=CIRCLE('',#2575,0.4);
#200=CIRCLE('',#2576,2.6);
#201=CIRCLE('',#2581,2.6);
#202=CIRCLE('',#2582,0.4);
#203=CIRCLE('',#2583,0.4);
#204=CIRCLE('',#2584,0.4);
#205=CIRCLE('',#2585,2.1);
#206=CIRCLE('',#2586,2.1);
#207=CIRCLE('',#2587,2.6);
#208=CIRCLE('',#2592,0.983804808831248);
#209=CIRCLE('',#2593,1.);
#210=CIRCLE('',#2594,1.);
#211=CIRCLE('',#2596,1.);
#212=CIRCLE('',#2597,0.983804808836025);
#213=CIRCLE('',#2598,1.);
#214=CIRCLE('',#2599,1.);
#215=CIRCLE('',#2612,1.);
#216=CIRCLE('',#2623,3.);
#217=CIRCLE('',#2624,3.);
#218=CIRCLE('',#2625,3.);
#219=CIRCLE('',#2630,3.);
#220=CIRCLE('',#2640,3.);
#221=CIRCLE('',#2641,3.);
#222=CIRCLE('',#2643,3.);
#223=CIRCLE('',#2644,3.);
#224=CIRCLE('',#2658,3.);
#225=CIRCLE('',#2659,3.);
#226=CIRCLE('',#2660,3.);
#227=CIRCLE('',#2663,3.);
#228=CIRCLE('',#2664,3.);
#229=CIRCLE('',#2666,3.);
#230=CIRCLE('',#2667,3.);
#231=CIRCLE('',#2668,3.);
#232=CIRCLE('',#2671,3.);
#233=CIRCLE('',#2672,3.);
#234=CIRCLE('',#2681,0.4);
#235=CIRCLE('',#2682,0.4);
#236=CIRCLE('',#2683,0.4);
#237=CIRCLE('',#2685,0.4);
#238=CIRCLE('',#2687,0.4);
#239=CIRCLE('',#2689,0.4);
#240=CIRCLE('',#2690,0.4);
#241=CIRCLE('',#2692,0.4);
#242=CIRCLE('',#2693,0.4);
#243=CIRCLE('',#2694,0.4);
#244=CIRCLE('',#2695,0.4);
#245=CIRCLE('',#2697,0.4);
#246=CIRCLE('',#2698,0.4);
#247=CIRCLE('',#2700,0.4);
#248=CIRCLE('',#2701,0.4);
#249=CIRCLE('',#2703,0.4);
#250=CIRCLE('',#2704,0.4);
#251=CIRCLE('',#2705,0.4);
#252=CIRCLE('',#2706,0.4);
#253=CIRCLE('',#2708,0.4);
#254=CIRCLE('',#2709,0.4);
#255=CIRCLE('',#2711,0.4);
#256=CIRCLE('',#2713,0.4);
#257=CIRCLE('',#2715,0.4);
#258=CIRCLE('',#2716,0.4);
#259=CIRCLE('',#2717,0.4);
#260=CIRCLE('',#2719,2.2);
#261=CIRCLE('',#2720,2.2);
#262=CIRCLE('',#2722,1.7);
#263=CIRCLE('',#2723,1.7);
#264=CIRCLE('',#2725,1.7);
#265=CIRCLE('',#2726,1.7);
#266=CIRCLE('',#2732,2.6);
#267=CIRCLE('',#2735,3.4);
#268=CIRCLE('',#2740,3.4);
#269=CIRCLE('',#2743,2.6);
#270=CIRCLE('',#2748,2.6);
#271=CIRCLE('',#2750,2.1);
#272=CIRCLE('',#2752,2.1);
#273=CIRCLE('',#2755,0.8);
#274=CIRCLE('',#2757,0.8);
#275=CIRCLE('',#2759,2.8);
#276=CIRCLE('',#2760,1.7);
#277=CIRCLE('',#2762,3.);
#278=CIRCLE('',#2765,0.8);
#279=CIRCLE('',#2767,0.8);
#280=CIRCLE('',#2769,2.8);
#281=CIRCLE('',#2770,1.7);
#282=CIRCLE('',#2772,3.);
#283=CIRCLE('',#2774,0.2);
#284=CIRCLE('',#2775,0.2);
#285=CIRCLE('',#2777,0.2);
#286=CIRCLE('',#2779,0.2);
#287=CIRCLE('',#2781,0.2);
#288=CIRCLE('',#2783,0.2);
#289=CIRCLE('',#2784,0.2);
#290=CIRCLE('',#2786,0.2);
#291=CIRCLE('',#2788,0.2);
#292=CIRCLE('',#2790,0.2);
#293=CIRCLE('',#2792,0.2);
#294=CIRCLE('',#2794,0.2);
#295=CIRCLE('',#2796,0.2);
#296=CIRCLE('',#2798,0.2);
#297=CIRCLE('',#2800,0.2);
#298=CIRCLE('',#2801,0.2);
#299=CIRCLE('',#2803,0.2);
#300=CIRCLE('',#2805,0.2);
#301=CIRCLE('',#2807,0.2);
#302=CIRCLE('',#2809,0.2);
#303=CIRCLE('',#2810,0.2);
#304=CIRCLE('',#2812,0.2);
#305=CIRCLE('',#2814,0.2);
#306=CIRCLE('',#2816,0.2);
#307=CIRCLE('',#2818,0.2);
#308=CIRCLE('',#2820,0.2);
#309=CIRCLE('',#2822,0.2);
#310=CIRCLE('',#2824,0.2);
#311=CIRCLE('',#2827,0.2);
#312=CIRCLE('',#2828,0.2);
#313=CIRCLE('',#2835,0.2);
#314=CIRCLE('',#2836,0.2);
#315=CIRCLE('',#2842,0.2);
#316=CIRCLE('',#2843,0.2);
#317=CIRCLE('',#2849,0.2);
#318=CIRCLE('',#2850,0.2);
#319=ORIENTED_EDGE('',*,*,#1053,.T.);
#320=ORIENTED_EDGE('',*,*,#1054,.T.);
#321=ORIENTED_EDGE('',*,*,#1055,.T.);
#322=ORIENTED_EDGE('',*,*,#1056,.T.);
#323=ORIENTED_EDGE('',*,*,#1057,.T.);
#324=ORIENTED_EDGE('',*,*,#1058,.T.);
#325=ORIENTED_EDGE('',*,*,#1059,.T.);
#326=ORIENTED_EDGE('',*,*,#1060,.T.);
#327=ORIENTED_EDGE('',*,*,#1061,.F.);
#328=ORIENTED_EDGE('',*,*,#1062,.T.);
#329=ORIENTED_EDGE('',*,*,#1063,.T.);
#330=ORIENTED_EDGE('',*,*,#1064,.F.);
#331=ORIENTED_EDGE('',*,*,#1065,.T.);
#332=ORIENTED_EDGE('',*,*,#1064,.T.);
#333=ORIENTED_EDGE('',*,*,#1066,.T.);
#334=ORIENTED_EDGE('',*,*,#1067,.F.);
#335=ORIENTED_EDGE('',*,*,#1068,.T.);
#336=ORIENTED_EDGE('',*,*,#1069,.T.);
#337=ORIENTED_EDGE('',*,*,#1067,.T.);
#338=ORIENTED_EDGE('',*,*,#1070,.T.);
#339=ORIENTED_EDGE('',*,*,#1071,.F.);
#340=ORIENTED_EDGE('',*,*,#1072,.T.);
#341=ORIENTED_EDGE('',*,*,#1073,.T.);
#342=ORIENTED_EDGE('',*,*,#1071,.T.);
#343=ORIENTED_EDGE('',*,*,#1074,.T.);
#344=ORIENTED_EDGE('',*,*,#1062,.F.);
#345=ORIENTED_EDGE('',*,*,#1075,.T.);
#346=ORIENTED_EDGE('',*,*,#1076,.T.);
#347=ORIENTED_EDGE('',*,*,#1077,.T.);
#348=ORIENTED_EDGE('',*,*,#1078,.F.);
#349=ORIENTED_EDGE('',*,*,#1079,.T.);
#350=ORIENTED_EDGE('',*,*,#1078,.T.);
#351=ORIENTED_EDGE('',*,*,#1080,.T.);
#352=ORIENTED_EDGE('',*,*,#1081,.F.);
#353=ORIENTED_EDGE('',*,*,#1082,.T.);
#354=ORIENTED_EDGE('',*,*,#1081,.T.);
#355=ORIENTED_EDGE('',*,*,#1083,.T.);
#356=ORIENTED_EDGE('',*,*,#1084,.F.);
#357=ORIENTED_EDGE('',*,*,#1085,.T.);
#358=ORIENTED_EDGE('',*,*,#1086,.T.);
#359=ORIENTED_EDGE('',*,*,#1084,.T.);
#360=ORIENTED_EDGE('',*,*,#1087,.T.);
#361=ORIENTED_EDGE('',*,*,#1076,.F.);
#362=ORIENTED_EDGE('',*,*,#1088,.T.);
#363=ORIENTED_EDGE('',*,*,#1089,.T.);
#364=ORIENTED_EDGE('',*,*,#1090,.F.);
#365=ORIENTED_EDGE('',*,*,#1091,.T.);
#366=ORIENTED_EDGE('',*,*,#1092,.F.);
#367=ORIENTED_EDGE('',*,*,#1093,.T.);
#368=ORIENTED_EDGE('',*,*,#1094,.T.);
#369=ORIENTED_EDGE('',*,*,#1095,.T.);
#370=ORIENTED_EDGE('',*,*,#1096,.T.);
#371=ORIENTED_EDGE('',*,*,#1097,.T.);
#372=ORIENTED_EDGE('',*,*,#1098,.T.);
#373=ORIENTED_EDGE('',*,*,#1099,.T.);
#374=ORIENTED_EDGE('',*,*,#1100,.T.);
#375=ORIENTED_EDGE('',*,*,#1101,.T.);
#376=ORIENTED_EDGE('',*,*,#1102,.T.);
#377=ORIENTED_EDGE('',*,*,#1103,.T.);
#378=ORIENTED_EDGE('',*,*,#1104,.T.);
#379=ORIENTED_EDGE('',*,*,#1105,.T.);
#380=ORIENTED_EDGE('',*,*,#1106,.T.);
#381=ORIENTED_EDGE('',*,*,#1107,.T.);
#382=ORIENTED_EDGE('',*,*,#1108,.T.);
#383=ORIENTED_EDGE('',*,*,#1109,.T.);
#384=ORIENTED_EDGE('',*,*,#1110,.T.);
#385=ORIENTED_EDGE('',*,*,#1111,.T.);
#386=ORIENTED_EDGE('',*,*,#1059,.F.);
#387=ORIENTED_EDGE('',*,*,#1112,.T.);
#388=ORIENTED_EDGE('',*,*,#1113,.F.);
#389=ORIENTED_EDGE('',*,*,#1114,.T.);
#390=ORIENTED_EDGE('',*,*,#1115,.F.);
#391=ORIENTED_EDGE('',*,*,#1116,.T.);
#392=ORIENTED_EDGE('',*,*,#1055,.F.);
#393=ORIENTED_EDGE('',*,*,#1117,.T.);
#394=ORIENTED_EDGE('',*,*,#1118,.F.);
#395=ORIENTED_EDGE('',*,*,#1119,.T.);
#396=ORIENTED_EDGE('',*,*,#1120,.T.);
#397=ORIENTED_EDGE('',*,*,#1121,.T.);
#398=ORIENTED_EDGE('',*,*,#1122,.T.);
#399=ORIENTED_EDGE('',*,*,#1123,.T.);
#400=ORIENTED_EDGE('',*,*,#1124,.T.);
#401=ORIENTED_EDGE('',*,*,#1125,.T.);
#402=ORIENTED_EDGE('',*,*,#1126,.T.);
#403=ORIENTED_EDGE('',*,*,#1127,.T.);
#404=ORIENTED_EDGE('',*,*,#1128,.T.);
#405=ORIENTED_EDGE('',*,*,#1129,.T.);
#406=ORIENTED_EDGE('',*,*,#1130,.F.);
#407=ORIENTED_EDGE('',*,*,#1131,.T.);
#408=ORIENTED_EDGE('',*,*,#1132,.T.);
#409=ORIENTED_EDGE('',*,*,#1061,.T.);
#410=ORIENTED_EDGE('',*,*,#1133,.T.);
#411=ORIENTED_EDGE('',*,*,#1134,.T.);
#412=ORIENTED_EDGE('',*,*,#1135,.F.);
#413=ORIENTED_EDGE('',*,*,#1136,.T.);
#414=ORIENTED_EDGE('',*,*,#1137,.T.);
#415=ORIENTED_EDGE('',*,*,#1138,.T.);
#416=ORIENTED_EDGE('',*,*,#1139,.F.);
#417=ORIENTED_EDGE('',*,*,#1140,.T.);
#418=ORIENTED_EDGE('',*,*,#1135,.T.);
#419=ORIENTED_EDGE('',*,*,#1141,.T.);
#420=ORIENTED_EDGE('',*,*,#1142,.F.);
#421=ORIENTED_EDGE('',*,*,#1143,.F.);
#422=ORIENTED_EDGE('',*,*,#1144,.T.);
#423=ORIENTED_EDGE('',*,*,#1145,.T.);
#424=ORIENTED_EDGE('',*,*,#1141,.F.);
#425=ORIENTED_EDGE('',*,*,#1146,.T.);
#426=ORIENTED_EDGE('',*,*,#1139,.T.);
#427=ORIENTED_EDGE('',*,*,#1147,.T.);
#428=ORIENTED_EDGE('',*,*,#1148,.F.);
#429=ORIENTED_EDGE('',*,*,#1149,.F.);
#430=ORIENTED_EDGE('',*,*,#1150,.T.);
#431=ORIENTED_EDGE('',*,*,#1151,.T.);
#432=ORIENTED_EDGE('',*,*,#1152,.T.);
#433=ORIENTED_EDGE('',*,*,#1053,.F.);
#434=ORIENTED_EDGE('',*,*,#1153,.T.);
#435=ORIENTED_EDGE('',*,*,#1154,.T.);
#436=ORIENTED_EDGE('',*,*,#1155,.T.);
#437=ORIENTED_EDGE('',*,*,#1057,.F.);
#438=ORIENTED_EDGE('',*,*,#1140,.F.);
#439=ORIENTED_EDGE('',*,*,#1156,.F.);
#440=ORIENTED_EDGE('',*,*,#1147,.F.);
#441=ORIENTED_EDGE('',*,*,#1157,.T.);
#442=ORIENTED_EDGE('',*,*,#1158,.T.);
#443=ORIENTED_EDGE('',*,*,#1159,.T.);
#444=ORIENTED_EDGE('',*,*,#1146,.F.);
#445=ORIENTED_EDGE('',*,*,#1159,.F.);
#446=ORIENTED_EDGE('',*,*,#1160,.T.);
#447=ORIENTED_EDGE('',*,*,#1136,.F.);
#448=ORIENTED_EDGE('',*,*,#1134,.F.);
#449=ORIENTED_EDGE('',*,*,#1161,.T.);
#450=ORIENTED_EDGE('',*,*,#1143,.T.);
#451=ORIENTED_EDGE('',*,*,#1092,.T.);
#452=ORIENTED_EDGE('',*,*,#1162,.T.);
#453=ORIENTED_EDGE('',*,*,#1149,.T.);
#454=ORIENTED_EDGE('',*,*,#1138,.F.);
#455=ORIENTED_EDGE('',*,*,#1163,.T.);
#456=ORIENTED_EDGE('',*,*,#1164,.F.);
#457=ORIENTED_EDGE('',*,*,#1165,.T.);
#458=ORIENTED_EDGE('',*,*,#1166,.T.);
#459=ORIENTED_EDGE('',*,*,#1167,.F.);
#460=ORIENTED_EDGE('',*,*,#1168,.T.);
#461=ORIENTED_EDGE('',*,*,#1169,.T.);
#462=ORIENTED_EDGE('',*,*,#1170,.F.);
#463=ORIENTED_EDGE('',*,*,#1171,.F.);
#464=ORIENTED_EDGE('',*,*,#1172,.T.);
#465=ORIENTED_EDGE('',*,*,#1170,.T.);
#466=ORIENTED_EDGE('',*,*,#1173,.T.);
#467=ORIENTED_EDGE('',*,*,#1164,.T.);
#468=ORIENTED_EDGE('',*,*,#1174,.F.);
#469=ORIENTED_EDGE('',*,*,#1175,.T.);
#470=ORIENTED_EDGE('',*,*,#1176,.T.);
#471=ORIENTED_EDGE('',*,*,#1177,.F.);
#472=ORIENTED_EDGE('',*,*,#1178,.F.);
#473=ORIENTED_EDGE('',*,*,#1179,.F.);
#474=ORIENTED_EDGE('',*,*,#1180,.T.);
#475=ORIENTED_EDGE('',*,*,#1179,.T.);
#476=ORIENTED_EDGE('',*,*,#1181,.F.);
#477=ORIENTED_EDGE('',*,*,#1167,.T.);
#478=ORIENTED_EDGE('',*,*,#1182,.T.);
#479=ORIENTED_EDGE('',*,*,#1183,.F.);
#480=ORIENTED_EDGE('',*,*,#1174,.T.);
#481=ORIENTED_EDGE('',*,*,#1181,.T.);
#482=ORIENTED_EDGE('',*,*,#1178,.T.);
#483=ORIENTED_EDGE('',*,*,#1177,.T.);
#484=ORIENTED_EDGE('',*,*,#1184,.T.);
#485=ORIENTED_EDGE('',*,*,#1171,.T.);
#486=ORIENTED_EDGE('',*,*,#1183,.T.);
#487=ORIENTED_EDGE('',*,*,#1185,.F.);
#488=ORIENTED_EDGE('',*,*,#1186,.T.);
#489=ORIENTED_EDGE('',*,*,#1175,.F.);
#490=ORIENTED_EDGE('',*,*,#1187,.F.);
#491=ORIENTED_EDGE('',*,*,#1187,.T.);
#492=ORIENTED_EDGE('',*,*,#1180,.F.);
#493=ORIENTED_EDGE('',*,*,#1182,.F.);
#494=ORIENTED_EDGE('',*,*,#1188,.F.);
#495=ORIENTED_EDGE('',*,*,#1166,.F.);
#496=ORIENTED_EDGE('',*,*,#1189,.T.);
#497=ORIENTED_EDGE('',*,*,#1190,.F.);
#498=ORIENTED_EDGE('',*,*,#1188,.T.);
#499=ORIENTED_EDGE('',*,*,#1191,.T.);
#500=ORIENTED_EDGE('',*,*,#1192,.T.);
#501=ORIENTED_EDGE('',*,*,#1193,.T.);
#502=ORIENTED_EDGE('',*,*,#1185,.T.);
#503=ORIENTED_EDGE('',*,*,#1190,.T.);
#504=ORIENTED_EDGE('',*,*,#1194,.T.);
#505=ORIENTED_EDGE('',*,*,#1195,.T.);
#506=ORIENTED_EDGE('',*,*,#1196,.T.);
#507=ORIENTED_EDGE('',*,*,#1197,.F.);
#508=ORIENTED_EDGE('',*,*,#1198,.T.);
#509=ORIENTED_EDGE('',*,*,#1199,.T.);
#510=ORIENTED_EDGE('',*,*,#1200,.T.);
#511=ORIENTED_EDGE('',*,*,#1201,.T.);
#512=ORIENTED_EDGE('',*,*,#1202,.T.);
#513=ORIENTED_EDGE('',*,*,#1203,.T.);
#514=ORIENTED_EDGE('',*,*,#1104,.F.);
#515=ORIENTED_EDGE('',*,*,#1204,.F.);
#516=ORIENTED_EDGE('',*,*,#1193,.F.);
#517=ORIENTED_EDGE('',*,*,#1204,.T.);
#518=ORIENTED_EDGE('',*,*,#1103,.F.);
#519=ORIENTED_EDGE('',*,*,#1205,.F.);
#520=ORIENTED_EDGE('',*,*,#1186,.F.);
#521=ORIENTED_EDGE('',*,*,#1205,.T.);
#522=ORIENTED_EDGE('',*,*,#1102,.F.);
#523=ORIENTED_EDGE('',*,*,#1206,.F.);
#524=ORIENTED_EDGE('',*,*,#1176,.F.);
#525=ORIENTED_EDGE('',*,*,#1206,.T.);
#526=ORIENTED_EDGE('',*,*,#1101,.F.);
#527=ORIENTED_EDGE('',*,*,#1207,.F.);
#528=ORIENTED_EDGE('',*,*,#1184,.F.);
#529=ORIENTED_EDGE('',*,*,#1208,.T.);
#530=ORIENTED_EDGE('',*,*,#1209,.T.);
#531=ORIENTED_EDGE('',*,*,#1172,.F.);
#532=ORIENTED_EDGE('',*,*,#1207,.T.);
#533=ORIENTED_EDGE('',*,*,#1100,.F.);
#534=ORIENTED_EDGE('',*,*,#1210,.T.);
#535=ORIENTED_EDGE('',*,*,#1211,.T.);
#536=ORIENTED_EDGE('',*,*,#1212,.T.);
#537=ORIENTED_EDGE('',*,*,#1213,.T.);
#538=ORIENTED_EDGE('',*,*,#1214,.T.);
#539=ORIENTED_EDGE('',*,*,#1215,.T.);
#540=ORIENTED_EDGE('',*,*,#1216,.T.);
#541=ORIENTED_EDGE('',*,*,#1217,.T.);
#542=ORIENTED_EDGE('',*,*,#1218,.T.);
#543=ORIENTED_EDGE('',*,*,#1219,.T.);
#544=ORIENTED_EDGE('',*,*,#1220,.T.);
#545=ORIENTED_EDGE('',*,*,#1221,.T.);
#546=ORIENTED_EDGE('',*,*,#1222,.T.);
#547=ORIENTED_EDGE('',*,*,#1223,.T.);
#548=ORIENTED_EDGE('',*,*,#1224,.T.);
#549=ORIENTED_EDGE('',*,*,#1225,.T.);
#550=ORIENTED_EDGE('',*,*,#1226,.T.);
#551=ORIENTED_EDGE('',*,*,#1227,.T.);
#552=ORIENTED_EDGE('',*,*,#1228,.T.);
#553=ORIENTED_EDGE('',*,*,#1229,.T.);
#554=ORIENTED_EDGE('',*,*,#1230,.T.);
#555=ORIENTED_EDGE('',*,*,#1231,.T.);
#556=ORIENTED_EDGE('',*,*,#1232,.T.);
#557=ORIENTED_EDGE('',*,*,#1233,.T.);
#558=ORIENTED_EDGE('',*,*,#1234,.T.);
#559=ORIENTED_EDGE('',*,*,#1235,.T.);
#560=ORIENTED_EDGE('',*,*,#1236,.F.);
#561=ORIENTED_EDGE('',*,*,#1237,.T.);
#562=ORIENTED_EDGE('',*,*,#1238,.F.);
#563=ORIENTED_EDGE('',*,*,#1231,.F.);
#564=ORIENTED_EDGE('',*,*,#1239,.F.);
#565=ORIENTED_EDGE('',*,*,#1158,.F.);
#566=ORIENTED_EDGE('',*,*,#1230,.F.);
#567=ORIENTED_EDGE('',*,*,#1240,.T.);
#568=ORIENTED_EDGE('',*,*,#1241,.F.);
#569=ORIENTED_EDGE('',*,*,#1160,.F.);
#570=ORIENTED_EDGE('',*,*,#1239,.T.);
#571=ORIENTED_EDGE('',*,*,#1242,.T.);
#572=ORIENTED_EDGE('',*,*,#1243,.T.);
#573=ORIENTED_EDGE('',*,*,#1137,.F.);
#574=ORIENTED_EDGE('',*,*,#1241,.T.);
#575=ORIENTED_EDGE('',*,*,#1200,.F.);
#576=ORIENTED_EDGE('',*,*,#1244,.T.);
#577=ORIENTED_EDGE('',*,*,#1228,.F.);
#578=ORIENTED_EDGE('',*,*,#1245,.F.);
#579=ORIENTED_EDGE('',*,*,#1246,.F.);
#580=ORIENTED_EDGE('',*,*,#1144,.F.);
#581=ORIENTED_EDGE('',*,*,#1247,.F.);
#582=ORIENTED_EDGE('',*,*,#1237,.F.);
#583=ORIENTED_EDGE('',*,*,#1248,.F.);
#584=ORIENTED_EDGE('',*,*,#1249,.T.);
#585=ORIENTED_EDGE('',*,*,#1233,.F.);
#586=ORIENTED_EDGE('',*,*,#1247,.T.);
#587=ORIENTED_EDGE('',*,*,#1161,.F.);
#588=ORIENTED_EDGE('',*,*,#1133,.F.);
#589=ORIENTED_EDGE('',*,*,#1250,.T.);
#590=ORIENTED_EDGE('',*,*,#1251,.T.);
#591=ORIENTED_EDGE('',*,*,#1248,.T.);
#592=ORIENTED_EDGE('',*,*,#1235,.F.);
#593=ORIENTED_EDGE('',*,*,#1252,.T.);
#594=ORIENTED_EDGE('',*,*,#1194,.F.);
#595=ORIENTED_EDGE('',*,*,#1253,.F.);
#596=ORIENTED_EDGE('',*,*,#1196,.F.);
#597=ORIENTED_EDGE('',*,*,#1254,.T.);
#598=ORIENTED_EDGE('',*,*,#1223,.F.);
#599=ORIENTED_EDGE('',*,*,#1255,.F.);
#600=ORIENTED_EDGE('',*,*,#1217,.F.);
#601=ORIENTED_EDGE('',*,*,#1256,.T.);
#602=ORIENTED_EDGE('',*,*,#1198,.F.);
#603=ORIENTED_EDGE('',*,*,#1257,.F.);
#604=ORIENTED_EDGE('',*,*,#1129,.F.);
#605=ORIENTED_EDGE('',*,*,#1258,.T.);
#606=ORIENTED_EDGE('',*,*,#1259,.T.);
#607=ORIENTED_EDGE('',*,*,#1214,.F.);
#608=ORIENTED_EDGE('',*,*,#1260,.F.);
#609=ORIENTED_EDGE('',*,*,#1226,.F.);
#610=ORIENTED_EDGE('',*,*,#1261,.T.);
#611=ORIENTED_EDGE('',*,*,#1262,.T.);
#612=ORIENTED_EDGE('',*,*,#1123,.F.);
#613=ORIENTED_EDGE('',*,*,#1263,.F.);
#614=ORIENTED_EDGE('',*,*,#1250,.F.);
#615=ORIENTED_EDGE('',*,*,#1060,.F.);
#616=ORIENTED_EDGE('',*,*,#1264,.F.);
#617=ORIENTED_EDGE('',*,*,#1264,.T.);
#618=ORIENTED_EDGE('',*,*,#1111,.F.);
#619=ORIENTED_EDGE('',*,*,#1265,.F.);
#620=ORIENTED_EDGE('',*,*,#1251,.F.);
#621=ORIENTED_EDGE('',*,*,#1265,.T.);
#622=ORIENTED_EDGE('',*,*,#1110,.F.);
#623=ORIENTED_EDGE('',*,*,#1266,.F.);
#624=ORIENTED_EDGE('',*,*,#1249,.F.);
#625=ORIENTED_EDGE('',*,*,#1266,.T.);
#626=ORIENTED_EDGE('',*,*,#1109,.F.);
#627=ORIENTED_EDGE('',*,*,#1267,.F.);
#628=ORIENTED_EDGE('',*,*,#1234,.F.);
#629=ORIENTED_EDGE('',*,*,#1267,.T.);
#630=ORIENTED_EDGE('',*,*,#1108,.F.);
#631=ORIENTED_EDGE('',*,*,#1268,.F.);
#632=ORIENTED_EDGE('',*,*,#1252,.F.);
#633=ORIENTED_EDGE('',*,*,#1268,.T.);
#634=ORIENTED_EDGE('',*,*,#1107,.F.);
#635=ORIENTED_EDGE('',*,*,#1269,.F.);
#636=ORIENTED_EDGE('',*,*,#1195,.F.);
#637=ORIENTED_EDGE('',*,*,#1269,.T.);
#638=ORIENTED_EDGE('',*,*,#1106,.F.);
#639=ORIENTED_EDGE('',*,*,#1270,.F.);
#640=ORIENTED_EDGE('',*,*,#1254,.F.);
#641=ORIENTED_EDGE('',*,*,#1270,.T.);
#642=ORIENTED_EDGE('',*,*,#1105,.F.);
#643=ORIENTED_EDGE('',*,*,#1271,.F.);
#644=ORIENTED_EDGE('',*,*,#1224,.F.);
#645=ORIENTED_EDGE('',*,*,#1271,.T.);
#646=ORIENTED_EDGE('',*,*,#1203,.F.);
#647=ORIENTED_EDGE('',*,*,#1272,.F.);
#648=ORIENTED_EDGE('',*,*,#1225,.F.);
#649=ORIENTED_EDGE('',*,*,#1272,.T.);
#650=ORIENTED_EDGE('',*,*,#1202,.F.);
#651=ORIENTED_EDGE('',*,*,#1273,.F.);
#652=ORIENTED_EDGE('',*,*,#1261,.F.);
#653=ORIENTED_EDGE('',*,*,#1273,.T.);
#654=ORIENTED_EDGE('',*,*,#1192,.F.);
#655=ORIENTED_EDGE('',*,*,#1274,.F.);
#656=ORIENTED_EDGE('',*,*,#1262,.F.);
#657=ORIENTED_EDGE('',*,*,#1274,.T.);
#658=ORIENTED_EDGE('',*,*,#1191,.F.);
#659=ORIENTED_EDGE('',*,*,#1275,.F.);
#660=ORIENTED_EDGE('',*,*,#1124,.F.);
#661=ORIENTED_EDGE('',*,*,#1275,.T.);
#662=ORIENTED_EDGE('',*,*,#1189,.F.);
#663=ORIENTED_EDGE('',*,*,#1276,.F.);
#664=ORIENTED_EDGE('',*,*,#1125,.F.);
#665=ORIENTED_EDGE('',*,*,#1276,.T.);
#666=ORIENTED_EDGE('',*,*,#1165,.F.);
#667=ORIENTED_EDGE('',*,*,#1277,.F.);
#668=ORIENTED_EDGE('',*,*,#1126,.F.);
#669=ORIENTED_EDGE('',*,*,#1277,.T.);
#670=ORIENTED_EDGE('',*,*,#1173,.F.);
#671=ORIENTED_EDGE('',*,*,#1278,.F.);
#672=ORIENTED_EDGE('',*,*,#1127,.F.);
#673=ORIENTED_EDGE('',*,*,#1278,.T.);
#674=ORIENTED_EDGE('',*,*,#1169,.F.);
#675=ORIENTED_EDGE('',*,*,#1279,.F.);
#676=ORIENTED_EDGE('',*,*,#1128,.F.);
#677=ORIENTED_EDGE('',*,*,#1279,.T.);
#678=ORIENTED_EDGE('',*,*,#1168,.F.);
#679=ORIENTED_EDGE('',*,*,#1280,.F.);
#680=ORIENTED_EDGE('',*,*,#1258,.F.);
#681=ORIENTED_EDGE('',*,*,#1280,.T.);
#682=ORIENTED_EDGE('',*,*,#1209,.F.);
#683=ORIENTED_EDGE('',*,*,#1281,.F.);
#684=ORIENTED_EDGE('',*,*,#1259,.F.);
#685=ORIENTED_EDGE('',*,*,#1281,.T.);
#686=ORIENTED_EDGE('',*,*,#1208,.F.);
#687=ORIENTED_EDGE('',*,*,#1282,.F.);
#688=ORIENTED_EDGE('',*,*,#1215,.F.);
#689=ORIENTED_EDGE('',*,*,#1282,.T.);
#690=ORIENTED_EDGE('',*,*,#1099,.F.);
#691=ORIENTED_EDGE('',*,*,#1283,.F.);
#692=ORIENTED_EDGE('',*,*,#1216,.F.);
#693=ORIENTED_EDGE('',*,*,#1283,.T.);
#694=ORIENTED_EDGE('',*,*,#1098,.F.);
#695=ORIENTED_EDGE('',*,*,#1284,.F.);
#696=ORIENTED_EDGE('',*,*,#1256,.F.);
#697=ORIENTED_EDGE('',*,*,#1284,.T.);
#698=ORIENTED_EDGE('',*,*,#1097,.F.);
#699=ORIENTED_EDGE('',*,*,#1285,.F.);
#700=ORIENTED_EDGE('',*,*,#1199,.F.);
#701=ORIENTED_EDGE('',*,*,#1285,.T.);
#702=ORIENTED_EDGE('',*,*,#1096,.F.);
#703=ORIENTED_EDGE('',*,*,#1286,.F.);
#704=ORIENTED_EDGE('',*,*,#1244,.F.);
#705=ORIENTED_EDGE('',*,*,#1286,.T.);
#706=ORIENTED_EDGE('',*,*,#1095,.F.);
#707=ORIENTED_EDGE('',*,*,#1287,.F.);
#708=ORIENTED_EDGE('',*,*,#1229,.F.);
#709=ORIENTED_EDGE('',*,*,#1287,.T.);
#710=ORIENTED_EDGE('',*,*,#1094,.F.);
#711=ORIENTED_EDGE('',*,*,#1288,.F.);
#712=ORIENTED_EDGE('',*,*,#1240,.F.);
#713=ORIENTED_EDGE('',*,*,#1288,.T.);
#714=ORIENTED_EDGE('',*,*,#1093,.F.);
#715=ORIENTED_EDGE('',*,*,#1289,.F.);
#716=ORIENTED_EDGE('',*,*,#1242,.F.);
#717=ORIENTED_EDGE('',*,*,#1163,.F.);
#718=ORIENTED_EDGE('',*,*,#1243,.F.);
#719=ORIENTED_EDGE('',*,*,#1289,.T.);
#720=ORIENTED_EDGE('',*,*,#1290,.T.);
#721=ORIENTED_EDGE('',*,*,#1291,.T.);
#722=ORIENTED_EDGE('',*,*,#1292,.T.);
#723=ORIENTED_EDGE('',*,*,#1293,.T.);
#724=ORIENTED_EDGE('',*,*,#1294,.T.);
#725=ORIENTED_EDGE('',*,*,#1295,.T.);
#726=ORIENTED_EDGE('',*,*,#1294,.F.);
#727=ORIENTED_EDGE('',*,*,#1120,.F.);
#728=ORIENTED_EDGE('',*,*,#1292,.F.);
#729=ORIENTED_EDGE('',*,*,#1121,.F.);
#730=ORIENTED_EDGE('',*,*,#1290,.F.);
#731=ORIENTED_EDGE('',*,*,#1122,.F.);
#732=ORIENTED_EDGE('',*,*,#1201,.F.);
#733=ORIENTED_EDGE('',*,*,#1296,.F.);
#734=ORIENTED_EDGE('',*,*,#1297,.T.);
#735=ORIENTED_EDGE('',*,*,#1298,.T.);
#736=ORIENTED_EDGE('',*,*,#1245,.T.);
#737=ORIENTED_EDGE('',*,*,#1299,.F.);
#738=ORIENTED_EDGE('',*,*,#1300,.F.);
#739=ORIENTED_EDGE('',*,*,#1296,.T.);
#740=ORIENTED_EDGE('',*,*,#1232,.F.);
#741=ORIENTED_EDGE('',*,*,#1301,.F.);
#742=ORIENTED_EDGE('',*,*,#1302,.T.);
#743=ORIENTED_EDGE('',*,*,#1299,.T.);
#744=ORIENTED_EDGE('',*,*,#1238,.T.);
#745=ORIENTED_EDGE('',*,*,#1303,.F.);
#746=ORIENTED_EDGE('',*,*,#1304,.F.);
#747=ORIENTED_EDGE('',*,*,#1301,.T.);
#748=ORIENTED_EDGE('',*,*,#1157,.F.);
#749=ORIENTED_EDGE('',*,*,#1305,.F.);
#750=ORIENTED_EDGE('',*,*,#1306,.T.);
#751=ORIENTED_EDGE('',*,*,#1303,.T.);
#752=ORIENTED_EDGE('',*,*,#1148,.T.);
#753=ORIENTED_EDGE('',*,*,#1307,.F.);
#754=ORIENTED_EDGE('',*,*,#1308,.F.);
#755=ORIENTED_EDGE('',*,*,#1305,.T.);
#756=ORIENTED_EDGE('',*,*,#1156,.T.);
#757=ORIENTED_EDGE('',*,*,#1309,.F.);
#758=ORIENTED_EDGE('',*,*,#1310,.F.);
#759=ORIENTED_EDGE('',*,*,#1307,.T.);
#760=ORIENTED_EDGE('',*,*,#1142,.T.);
#761=ORIENTED_EDGE('',*,*,#1311,.F.);
#762=ORIENTED_EDGE('',*,*,#1312,.F.);
#763=ORIENTED_EDGE('',*,*,#1309,.T.);
#764=ORIENTED_EDGE('',*,*,#1145,.F.);
#765=ORIENTED_EDGE('',*,*,#1313,.F.);
#766=ORIENTED_EDGE('',*,*,#1314,.T.);
#767=ORIENTED_EDGE('',*,*,#1311,.T.);
#768=ORIENTED_EDGE('',*,*,#1246,.T.);
#769=ORIENTED_EDGE('',*,*,#1315,.F.);
#770=ORIENTED_EDGE('',*,*,#1316,.F.);
#771=ORIENTED_EDGE('',*,*,#1313,.T.);
#772=ORIENTED_EDGE('',*,*,#1236,.T.);
#773=ORIENTED_EDGE('',*,*,#1317,.F.);
#774=ORIENTED_EDGE('',*,*,#1318,.F.);
#775=ORIENTED_EDGE('',*,*,#1315,.T.);
#776=ORIENTED_EDGE('',*,*,#1253,.T.);
#777=ORIENTED_EDGE('',*,*,#1319,.F.);
#778=ORIENTED_EDGE('',*,*,#1320,.F.);
#779=ORIENTED_EDGE('',*,*,#1317,.T.);
#780=ORIENTED_EDGE('',*,*,#1197,.T.);
#781=ORIENTED_EDGE('',*,*,#1321,.F.);
#782=ORIENTED_EDGE('',*,*,#1322,.F.);
#783=ORIENTED_EDGE('',*,*,#1319,.T.);
#784=ORIENTED_EDGE('',*,*,#1255,.T.);
#785=ORIENTED_EDGE('',*,*,#1323,.F.);
#786=ORIENTED_EDGE('',*,*,#1324,.F.);
#787=ORIENTED_EDGE('',*,*,#1321,.T.);
#788=ORIENTED_EDGE('',*,*,#1227,.F.);
#789=ORIENTED_EDGE('',*,*,#1325,.F.);
#790=ORIENTED_EDGE('',*,*,#1326,.T.);
#791=ORIENTED_EDGE('',*,*,#1323,.T.);
#792=ORIENTED_EDGE('',*,*,#1263,.T.);
#793=ORIENTED_EDGE('',*,*,#1132,.F.);
#794=ORIENTED_EDGE('',*,*,#1327,.F.);
#795=ORIENTED_EDGE('',*,*,#1325,.T.);
#796=ORIENTED_EDGE('',*,*,#1260,.T.);
#797=ORIENTED_EDGE('',*,*,#1328,.F.);
#798=ORIENTED_EDGE('',*,*,#1329,.F.);
#799=ORIENTED_EDGE('',*,*,#1130,.T.);
#800=ORIENTED_EDGE('',*,*,#1218,.F.);
#801=ORIENTED_EDGE('',*,*,#1330,.F.);
#802=ORIENTED_EDGE('',*,*,#1331,.T.);
#803=ORIENTED_EDGE('',*,*,#1328,.T.);
#804=ORIENTED_EDGE('',*,*,#1332,.T.);
#805=ORIENTED_EDGE('',*,*,#1291,.F.);
#806=ORIENTED_EDGE('',*,*,#1333,.T.);
#807=ORIENTED_EDGE('',*,*,#1293,.F.);
#808=ORIENTED_EDGE('',*,*,#1334,.T.);
#809=ORIENTED_EDGE('',*,*,#1295,.F.);
#810=ORIENTED_EDGE('',*,*,#1257,.T.);
#811=ORIENTED_EDGE('',*,*,#1298,.F.);
#812=ORIENTED_EDGE('',*,*,#1335,.F.);
#813=ORIENTED_EDGE('',*,*,#1330,.T.);
#814=ORIENTED_EDGE('',*,*,#1334,.F.);
#815=ORIENTED_EDGE('',*,*,#1333,.F.);
#816=ORIENTED_EDGE('',*,*,#1332,.F.);
#817=ORIENTED_EDGE('',*,*,#1297,.F.);
#818=ORIENTED_EDGE('',*,*,#1300,.T.);
#819=ORIENTED_EDGE('',*,*,#1302,.F.);
#820=ORIENTED_EDGE('',*,*,#1304,.T.);
#821=ORIENTED_EDGE('',*,*,#1306,.F.);
#822=ORIENTED_EDGE('',*,*,#1308,.T.);
#823=ORIENTED_EDGE('',*,*,#1310,.T.);
#824=ORIENTED_EDGE('',*,*,#1312,.T.);
#825=ORIENTED_EDGE('',*,*,#1314,.F.);
#826=ORIENTED_EDGE('',*,*,#1316,.T.);
#827=ORIENTED_EDGE('',*,*,#1318,.T.);
#828=ORIENTED_EDGE('',*,*,#1320,.T.);
#829=ORIENTED_EDGE('',*,*,#1322,.T.);
#830=ORIENTED_EDGE('',*,*,#1324,.T.);
#831=ORIENTED_EDGE('',*,*,#1326,.F.);
#832=ORIENTED_EDGE('',*,*,#1327,.T.);
#833=ORIENTED_EDGE('',*,*,#1131,.F.);
#834=ORIENTED_EDGE('',*,*,#1329,.T.);
#835=ORIENTED_EDGE('',*,*,#1331,.F.);
#836=ORIENTED_EDGE('',*,*,#1335,.T.);
#837=ORIENTED_EDGE('',*,*,#1336,.T.);
#838=ORIENTED_EDGE('',*,*,#1337,.T.);
#839=ORIENTED_EDGE('',*,*,#1338,.T.);
#840=ORIENTED_EDGE('',*,*,#1339,.T.);
#841=ORIENTED_EDGE('',*,*,#1340,.T.);
#842=ORIENTED_EDGE('',*,*,#1341,.F.);
#843=ORIENTED_EDGE('',*,*,#1342,.T.);
#844=ORIENTED_EDGE('',*,*,#1343,.T.);
#845=ORIENTED_EDGE('',*,*,#1344,.T.);
#846=ORIENTED_EDGE('',*,*,#1345,.T.);
#847=ORIENTED_EDGE('',*,*,#1346,.T.);
#848=ORIENTED_EDGE('',*,*,#1347,.T.);
#849=ORIENTED_EDGE('',*,*,#1348,.T.);
#850=ORIENTED_EDGE('',*,*,#1349,.T.);
#851=ORIENTED_EDGE('',*,*,#1350,.T.);
#852=ORIENTED_EDGE('',*,*,#1351,.T.);
#853=ORIENTED_EDGE('',*,*,#1352,.T.);
#854=ORIENTED_EDGE('',*,*,#1353,.T.);
#855=ORIENTED_EDGE('',*,*,#1338,.F.);
#856=ORIENTED_EDGE('',*,*,#1354,.T.);
#857=ORIENTED_EDGE('',*,*,#1341,.T.);
#858=ORIENTED_EDGE('',*,*,#1355,.T.);
#859=ORIENTED_EDGE('',*,*,#1356,.T.);
#860=ORIENTED_EDGE('',*,*,#1357,.T.);
#861=ORIENTED_EDGE('',*,*,#1358,.T.);
#862=ORIENTED_EDGE('',*,*,#1359,.T.);
#863=ORIENTED_EDGE('',*,*,#1360,.T.);
#864=ORIENTED_EDGE('',*,*,#1361,.F.);
#865=ORIENTED_EDGE('',*,*,#1362,.T.);
#866=ORIENTED_EDGE('',*,*,#1363,.T.);
#867=ORIENTED_EDGE('',*,*,#1364,.T.);
#868=ORIENTED_EDGE('',*,*,#1365,.T.);
#869=ORIENTED_EDGE('',*,*,#1366,.T.);
#870=ORIENTED_EDGE('',*,*,#1367,.T.);
#871=ORIENTED_EDGE('',*,*,#1368,.T.);
#872=ORIENTED_EDGE('',*,*,#1369,.T.);
#873=ORIENTED_EDGE('',*,*,#1370,.T.);
#874=ORIENTED_EDGE('',*,*,#1371,.T.);
#875=ORIENTED_EDGE('',*,*,#1372,.T.);
#876=ORIENTED_EDGE('',*,*,#1373,.T.);
#877=ORIENTED_EDGE('',*,*,#1358,.F.);
#878=ORIENTED_EDGE('',*,*,#1374,.T.);
#879=ORIENTED_EDGE('',*,*,#1361,.T.);
#880=ORIENTED_EDGE('',*,*,#1375,.T.);
#881=ORIENTED_EDGE('',*,*,#1376,.F.);
#882=ORIENTED_EDGE('',*,*,#1154,.F.);
#883=ORIENTED_EDGE('',*,*,#1377,.F.);
#884=ORIENTED_EDGE('',*,*,#1375,.F.);
#885=ORIENTED_EDGE('',*,*,#1377,.T.);
#886=ORIENTED_EDGE('',*,*,#1153,.F.);
#887=ORIENTED_EDGE('',*,*,#1378,.F.);
#888=ORIENTED_EDGE('',*,*,#1359,.F.);
#889=ORIENTED_EDGE('',*,*,#1376,.T.);
#890=ORIENTED_EDGE('',*,*,#1365,.F.);
#891=ORIENTED_EDGE('',*,*,#1379,.F.);
#892=ORIENTED_EDGE('',*,*,#1155,.F.);
#893=ORIENTED_EDGE('',*,*,#1378,.T.);
#894=ORIENTED_EDGE('',*,*,#1056,.F.);
#895=ORIENTED_EDGE('',*,*,#1380,.F.);
#896=ORIENTED_EDGE('',*,*,#1360,.F.);
#897=ORIENTED_EDGE('',*,*,#1381,.F.);
#898=ORIENTED_EDGE('',*,*,#1374,.F.);
#899=ORIENTED_EDGE('',*,*,#1382,.F.);
#900=ORIENTED_EDGE('',*,*,#1369,.F.);
#901=ORIENTED_EDGE('',*,*,#1379,.T.);
#902=ORIENTED_EDGE('',*,*,#1364,.F.);
#903=ORIENTED_EDGE('',*,*,#1383,.F.);
#904=ORIENTED_EDGE('',*,*,#1058,.F.);
#905=ORIENTED_EDGE('',*,*,#1380,.T.);
#906=ORIENTED_EDGE('',*,*,#1116,.F.);
#907=ORIENTED_EDGE('',*,*,#1384,.F.);
#908=ORIENTED_EDGE('',*,*,#1356,.F.);
#909=ORIENTED_EDGE('',*,*,#1382,.T.);
#910=ORIENTED_EDGE('',*,*,#1357,.F.);
#911=ORIENTED_EDGE('',*,*,#1385,.F.);
#912=ORIENTED_EDGE('',*,*,#1366,.F.);
#913=ORIENTED_EDGE('',*,*,#1381,.T.);
#914=ORIENTED_EDGE('',*,*,#1368,.F.);
#915=ORIENTED_EDGE('',*,*,#1386,.F.);
#916=ORIENTED_EDGE('',*,*,#1362,.F.);
#917=ORIENTED_EDGE('',*,*,#1383,.T.);
#918=ORIENTED_EDGE('',*,*,#1363,.F.);
#919=ORIENTED_EDGE('',*,*,#1387,.F.);
#920=ORIENTED_EDGE('',*,*,#1112,.F.);
#921=ORIENTED_EDGE('',*,*,#1384,.T.);
#922=ORIENTED_EDGE('',*,*,#1115,.T.);
#923=ORIENTED_EDGE('',*,*,#1388,.F.);
#924=ORIENTED_EDGE('',*,*,#1385,.T.);
#925=ORIENTED_EDGE('',*,*,#1387,.T.);
#926=ORIENTED_EDGE('',*,*,#1386,.T.);
#927=ORIENTED_EDGE('',*,*,#1389,.F.);
#928=ORIENTED_EDGE('',*,*,#1113,.T.);
#929=ORIENTED_EDGE('',*,*,#1388,.T.);
#930=ORIENTED_EDGE('',*,*,#1114,.F.);
#931=ORIENTED_EDGE('',*,*,#1389,.T.);
#932=ORIENTED_EDGE('',*,*,#1367,.F.);
#933=ORIENTED_EDGE('',*,*,#1390,.F.);
#934=ORIENTED_EDGE('',*,*,#1151,.F.);
#935=ORIENTED_EDGE('',*,*,#1391,.F.);
#936=ORIENTED_EDGE('',*,*,#1355,.F.);
#937=ORIENTED_EDGE('',*,*,#1391,.T.);
#938=ORIENTED_EDGE('',*,*,#1150,.F.);
#939=ORIENTED_EDGE('',*,*,#1392,.F.);
#940=ORIENTED_EDGE('',*,*,#1339,.F.);
#941=ORIENTED_EDGE('',*,*,#1390,.T.);
#942=ORIENTED_EDGE('',*,*,#1345,.F.);
#943=ORIENTED_EDGE('',*,*,#1393,.F.);
#944=ORIENTED_EDGE('',*,*,#1152,.F.);
#945=ORIENTED_EDGE('',*,*,#1392,.T.);
#946=ORIENTED_EDGE('',*,*,#1162,.F.);
#947=ORIENTED_EDGE('',*,*,#1394,.F.);
#948=ORIENTED_EDGE('',*,*,#1340,.F.);
#949=ORIENTED_EDGE('',*,*,#1395,.F.);
#950=ORIENTED_EDGE('',*,*,#1354,.F.);
#951=ORIENTED_EDGE('',*,*,#1396,.F.);
#952=ORIENTED_EDGE('',*,*,#1349,.F.);
#953=ORIENTED_EDGE('',*,*,#1393,.T.);
#954=ORIENTED_EDGE('',*,*,#1344,.F.);
#955=ORIENTED_EDGE('',*,*,#1397,.F.);
#956=ORIENTED_EDGE('',*,*,#1054,.F.);
#957=ORIENTED_EDGE('',*,*,#1394,.T.);
#958=ORIENTED_EDGE('',*,*,#1091,.F.);
#959=ORIENTED_EDGE('',*,*,#1398,.F.);
#960=ORIENTED_EDGE('',*,*,#1336,.F.);
#961=ORIENTED_EDGE('',*,*,#1396,.T.);
#962=ORIENTED_EDGE('',*,*,#1337,.F.);
#963=ORIENTED_EDGE('',*,*,#1399,.F.);
#964=ORIENTED_EDGE('',*,*,#1346,.F.);
#965=ORIENTED_EDGE('',*,*,#1395,.T.);
#966=ORIENTED_EDGE('',*,*,#1348,.F.);
#967=ORIENTED_EDGE('',*,*,#1400,.F.);
#968=ORIENTED_EDGE('',*,*,#1342,.F.);
#969=ORIENTED_EDGE('',*,*,#1397,.T.);
#970=ORIENTED_EDGE('',*,*,#1343,.F.);
#971=ORIENTED_EDGE('',*,*,#1401,.F.);
#972=ORIENTED_EDGE('',*,*,#1117,.F.);
#973=ORIENTED_EDGE('',*,*,#1398,.T.);
#974=ORIENTED_EDGE('',*,*,#1090,.T.);
#975=ORIENTED_EDGE('',*,*,#1402,.F.);
#976=ORIENTED_EDGE('',*,*,#1399,.T.);
#977=ORIENTED_EDGE('',*,*,#1401,.T.);
#978=ORIENTED_EDGE('',*,*,#1400,.T.);
#979=ORIENTED_EDGE('',*,*,#1403,.F.);
#980=ORIENTED_EDGE('',*,*,#1118,.T.);
#981=ORIENTED_EDGE('',*,*,#1402,.T.);
#982=ORIENTED_EDGE('',*,*,#1119,.F.);
#983=ORIENTED_EDGE('',*,*,#1403,.T.);
#984=ORIENTED_EDGE('',*,*,#1347,.F.);
#985=ORIENTED_EDGE('',*,*,#1404,.F.);
#986=ORIENTED_EDGE('',*,*,#1353,.F.);
#987=ORIENTED_EDGE('',*,*,#1405,.F.);
#988=ORIENTED_EDGE('',*,*,#1077,.F.);
#989=ORIENTED_EDGE('',*,*,#1405,.T.);
#990=ORIENTED_EDGE('',*,*,#1352,.F.);
#991=ORIENTED_EDGE('',*,*,#1406,.F.);
#992=ORIENTED_EDGE('',*,*,#1080,.F.);
#993=ORIENTED_EDGE('',*,*,#1404,.T.);
#994=ORIENTED_EDGE('',*,*,#1087,.F.);
#995=ORIENTED_EDGE('',*,*,#1407,.F.);
#996=ORIENTED_EDGE('',*,*,#1350,.F.);
#997=ORIENTED_EDGE('',*,*,#1406,.T.);
#998=ORIENTED_EDGE('',*,*,#1351,.F.);
#999=ORIENTED_EDGE('',*,*,#1407,.T.);
#1000=ORIENTED_EDGE('',*,*,#1083,.F.);
#1001=ORIENTED_EDGE('',*,*,#1408,.F.);
#1002=ORIENTED_EDGE('',*,*,#1373,.F.);
#1003=ORIENTED_EDGE('',*,*,#1409,.F.);
#1004=ORIENTED_EDGE('',*,*,#1063,.F.);
#1005=ORIENTED_EDGE('',*,*,#1409,.T.);
#1006=ORIENTED_EDGE('',*,*,#1372,.F.);
#1007=ORIENTED_EDGE('',*,*,#1410,.F.);
#1008=ORIENTED_EDGE('',*,*,#1066,.F.);
#1009=ORIENTED_EDGE('',*,*,#1408,.T.);
#1010=ORIENTED_EDGE('',*,*,#1074,.F.);
#1011=ORIENTED_EDGE('',*,*,#1411,.F.);
#1012=ORIENTED_EDGE('',*,*,#1370,.F.);
#1013=ORIENTED_EDGE('',*,*,#1410,.T.);
#1014=ORIENTED_EDGE('',*,*,#1371,.F.);
#1015=ORIENTED_EDGE('',*,*,#1411,.T.);
#1016=ORIENTED_EDGE('',*,*,#1070,.F.);
#1017=ORIENTED_EDGE('',*,*,#1412,.F.);
#1018=ORIENTED_EDGE('',*,*,#1065,.F.);
#1019=ORIENTED_EDGE('',*,*,#1413,.F.);
#1020=ORIENTED_EDGE('',*,*,#1222,.F.);
#1021=ORIENTED_EDGE('',*,*,#1069,.F.);
#1022=ORIENTED_EDGE('',*,*,#1414,.F.);
#1023=ORIENTED_EDGE('',*,*,#1219,.F.);
#1024=ORIENTED_EDGE('',*,*,#1413,.T.);
#1025=ORIENTED_EDGE('',*,*,#1412,.T.);
#1026=ORIENTED_EDGE('',*,*,#1221,.F.);
#1027=ORIENTED_EDGE('',*,*,#1415,.F.);
#1028=ORIENTED_EDGE('',*,*,#1072,.F.);
#1029=ORIENTED_EDGE('',*,*,#1075,.F.);
#1030=ORIENTED_EDGE('',*,*,#1068,.F.);
#1031=ORIENTED_EDGE('',*,*,#1073,.F.);
#1032=ORIENTED_EDGE('',*,*,#1415,.T.);
#1033=ORIENTED_EDGE('',*,*,#1220,.F.);
#1034=ORIENTED_EDGE('',*,*,#1414,.T.);
#1035=ORIENTED_EDGE('',*,*,#1416,.F.);
#1036=ORIENTED_EDGE('',*,*,#1079,.F.);
#1037=ORIENTED_EDGE('',*,*,#1417,.F.);
#1038=ORIENTED_EDGE('',*,*,#1213,.F.);
#1039=ORIENTED_EDGE('',*,*,#1082,.F.);
#1040=ORIENTED_EDGE('',*,*,#1086,.F.);
#1041=ORIENTED_EDGE('',*,*,#1418,.F.);
#1042=ORIENTED_EDGE('',*,*,#1210,.F.);
#1043=ORIENTED_EDGE('',*,*,#1417,.T.);
#1044=ORIENTED_EDGE('',*,*,#1416,.T.);
#1045=ORIENTED_EDGE('',*,*,#1212,.F.);
#1046=ORIENTED_EDGE('',*,*,#1419,.F.);
#1047=ORIENTED_EDGE('',*,*,#1088,.F.);
#1048=ORIENTED_EDGE('',*,*,#1418,.T.);
#1049=ORIENTED_EDGE('',*,*,#1085,.F.);
#1050=ORIENTED_EDGE('',*,*,#1089,.F.);
#1051=ORIENTED_EDGE('',*,*,#1419,.T.);
#1052=ORIENTED_EDGE('',*,*,#1211,.F.);
#1053=EDGE_CURVE('',#1420,#1421,#1636,.T.);
#1054=EDGE_CURVE('',#1421,#1422,#193,.F.);
#1055=EDGE_CURVE('',#1422,#1423,#1637,.F.);
#1056=EDGE_CURVE('',#1423,#1420,#194,.T.);
#1057=EDGE_CURVE('',#1424,#1425,#1638,.T.);
#1058=EDGE_CURVE('',#1425,#1426,#195,.F.);
#1059=EDGE_CURVE('',#1426,#1427,#1639,.F.);
#1060=EDGE_CURVE('',#1427,#1428,#157,.T.);
#1061=EDGE_CURVE('',#1424,#1428,#196,.F.);
#1062=EDGE_CURVE('',#1429,#1430,#1640,.T.);
#1063=EDGE_CURVE('',#1430,#1431,#197,.T.);
#1064=EDGE_CURVE('',#1432,#1431,#1641,.T.);
#1065=EDGE_CURVE('',#1432,#1429,#109,.T.);
#1066=EDGE_CURVE('',#1431,#1433,#1642,.T.);
#1067=EDGE_CURVE('',#1434,#1433,#1643,.T.);
#1068=EDGE_CURVE('',#1434,#1435,#110,.T.);
#1069=EDGE_CURVE('',#1435,#1432,#1644,.F.);
#1070=EDGE_CURVE('',#1433,#1436,#1645,.T.);
#1071=EDGE_CURVE('',#1437,#1436,#1646,.T.);
#1072=EDGE_CURVE('',#1437,#1438,#111,.T.);
#1073=EDGE_CURVE('',#1438,#1434,#1647,.F.);
#1074=EDGE_CURVE('',#1436,#1430,#1648,.T.);
#1075=EDGE_CURVE('',#1429,#1437,#1649,.F.);
#1076=EDGE_CURVE('',#1439,#1440,#1650,.T.);
#1077=EDGE_CURVE('',#1440,#1441,#198,.T.);
#1078=EDGE_CURVE('',#1442,#1441,#1651,.T.);
#1079=EDGE_CURVE('',#1442,#1439,#112,.T.);
#1080=EDGE_CURVE('',#1441,#1443,#1652,.T.);
#1081=EDGE_CURVE('',#1444,#1443,#1653,.T.);
#1082=EDGE_CURVE('',#1444,#1442,#1654,.F.);
#1083=EDGE_CURVE('',#1443,#1445,#1655,.T.);
#1084=EDGE_CURVE('',#1446,#1445,#1656,.T.);
#1085=EDGE_CURVE('',#1446,#1447,#1657,.F.);
#1086=EDGE_CURVE('',#1447,#1444,#113,.T.);
#1087=EDGE_CURVE('',#1445,#1440,#1658,.T.);
#1088=EDGE_CURVE('',#1439,#1448,#1659,.F.);
#1089=EDGE_CURVE('',#1448,#1446,#114,.T.);
#1090=EDGE_CURVE('',#1449,#1450,#199,.F.);
#1091=EDGE_CURVE('',#1449,#1451,#1660,.T.);
#1092=EDGE_CURVE('',#1452,#1451,#1661,.F.);
#1093=EDGE_CURVE('',#1452,#1453,#158,.T.);
#1094=EDGE_CURVE('',#1453,#1454,#159,.T.);
#1095=EDGE_CURVE('',#1454,#1455,#1662,.T.);
#1096=EDGE_CURVE('',#1455,#1456,#200,.F.);
#1097=EDGE_CURVE('',#1456,#1457,#1663,.T.);
#1098=EDGE_CURVE('',#1457,#1458,#115,.F.);
#1099=EDGE_CURVE('',#1458,#1459,#1664,.T.);
#1100=EDGE_CURVE('',#1459,#1460,#1665,.T.);
#1101=EDGE_CURVE('',#1460,#1461,#116,.T.);
#1102=EDGE_CURVE('',#1461,#1462,#1666,.T.);
#1103=EDGE_CURVE('',#1462,#1463,#117,.T.);
#1104=EDGE_CURVE('',#1463,#1464,#1667,.F.);
#1105=EDGE_CURVE('',#1464,#1465,#1668,.T.);
#1106=EDGE_CURVE('',#1465,#1466,#118,.F.);
#1107=EDGE_CURVE('',#1466,#1467,#1669,.F.);
#1108=EDGE_CURVE('',#1467,#1468,#201,.F.);
#1109=EDGE_CURVE('',#1468,#1469,#1670,.F.);
#1110=EDGE_CURVE('',#1469,#1470,#160,.T.);
#1111=EDGE_CURVE('',#1470,#1427,#161,.T.);
#1112=EDGE_CURVE('',#1426,#1471,#1671,.F.);
#1113=EDGE_CURVE('',#1472,#1471,#202,.F.);
#1114=EDGE_CURVE('',#1472,#1473,#1672,.F.);
#1115=EDGE_CURVE('',#1474,#1473,#203,.F.);
#1116=EDGE_CURVE('',#1474,#1423,#1673,.T.);
#1117=EDGE_CURVE('',#1422,#1475,#1674,.F.);
#1118=EDGE_CURVE('',#1476,#1475,#204,.F.);
#1119=EDGE_CURVE('',#1476,#1450,#1675,.F.);
#1120=EDGE_CURVE('',#1477,#1477,#205,.T.);
#1121=EDGE_CURVE('',#1478,#1478,#206,.T.);
#1122=EDGE_CURVE('',#1479,#1479,#207,.T.);
#1123=EDGE_CURVE('',#1480,#1481,#1676,.T.);
#1124=EDGE_CURVE('',#1481,#1482,#1677,.F.);
#1125=EDGE_CURVE('',#1482,#1483,#119,.F.);
#1126=EDGE_CURVE('',#1483,#1484,#1678,.F.);
#1127=EDGE_CURVE('',#1484,#1485,#120,.F.);
#1128=EDGE_CURVE('',#1485,#1486,#1679,.F.);
#1129=EDGE_CURVE('',#1486,#1487,#1680,.T.);
#1130=EDGE_CURVE('',#1488,#1487,#162,.F.);
#1131=EDGE_CURVE('',#1488,#1489,#1681,.T.);
#1132=EDGE_CURVE('',#1489,#1480,#163,.T.);
#1133=EDGE_CURVE('',#1428,#1490,#208,.F.);
#1134=EDGE_CURVE('',#1490,#1491,#209,.F.);
#1135=EDGE_CURVE('',#1424,#1491,#210,.F.);
#1136=EDGE_CURVE('',#1492,#1493,#211,.F.);
#1137=EDGE_CURVE('',#1493,#1494,#212,.F.);
#1138=EDGE_CURVE('',#1494,#1495,#213,.T.);
#1139=EDGE_CURVE('',#1492,#1495,#214,.F.);
#1140=EDGE_CURVE('',#1496,#1424,#1682,.T.);
#1141=EDGE_CURVE('',#1491,#1497,#1683,.F.);
#1142=EDGE_CURVE('',#1496,#1497,#164,.F.);
#1143=EDGE_CURVE('',#1498,#1491,#1684,.T.);
#1144=EDGE_CURVE('',#1498,#1499,#1685,.T.);
#1145=EDGE_CURVE('',#1499,#1497,#1686,.T.);
#1146=EDGE_CURVE('',#1500,#1492,#1687,.T.);
#1147=EDGE_CURVE('',#1495,#1501,#1688,.F.);
#1148=EDGE_CURVE('',#1500,#1501,#165,.F.);
#1149=EDGE_CURVE('',#1502,#1495,#1689,.T.);
#1150=EDGE_CURVE('',#1502,#1503,#1690,.F.);
#1151=EDGE_CURVE('',#1503,#1504,#121,.F.);
#1152=EDGE_CURVE('',#1504,#1421,#1691,.T.);
#1153=EDGE_CURVE('',#1420,#1505,#1692,.F.);
#1154=EDGE_CURVE('',#1505,#1506,#122,.F.);
#1155=EDGE_CURVE('',#1506,#1425,#1693,.T.);
#1156=EDGE_CURVE('',#1501,#1496,#1694,.T.);
#1157=EDGE_CURVE('',#1500,#1507,#1695,.T.);
#1158=EDGE_CURVE('',#1507,#1508,#1696,.F.);
#1159=EDGE_CURVE('',#1508,#1492,#1697,.T.);
#1160=EDGE_CURVE('',#1508,#1493,#123,.T.);
#1161=EDGE_CURVE('',#1490,#1498,#124,.F.);
#1162=EDGE_CURVE('',#1451,#1502,#215,.T.);
#1163=EDGE_CURVE('',#1494,#1452,#166,.F.);
#1164=EDGE_CURVE('',#1509,#1510,#1698,.F.);
#1165=EDGE_CURVE('',#1509,#1511,#1699,.T.);
#1166=EDGE_CURVE('',#1511,#1512,#1700,.F.);
#1167=EDGE_CURVE('',#1510,#1512,#1701,.T.);
#1168=EDGE_CURVE('',#1513,#1514,#125,.F.);
#1169=EDGE_CURVE('',#1514,#1515,#1702,.T.);
#1170=EDGE_CURVE('',#1516,#1515,#1703,.T.);
#1171=EDGE_CURVE('',#1517,#1516,#1704,.F.);
#1172=EDGE_CURVE('',#1517,#1513,#1705,.F.);
#1173=EDGE_CURVE('',#1515,#1509,#126,.F.);
#1174=EDGE_CURVE('',#1516,#1510,#127,.F.);
#1175=EDGE_CURVE('',#1518,#1519,#1706,.F.);
#1176=EDGE_CURVE('',#1519,#1520,#1707,.T.);
#1177=EDGE_CURVE('',#1521,#1520,#1708,.F.);
#1178=EDGE_CURVE('',#1522,#1521,#128,.F.);
#1179=EDGE_CURVE('',#1523,#1522,#1709,.T.);
#1180=EDGE_CURVE('',#1523,#1518,#129,.T.);
#1181=EDGE_CURVE('',#1510,#1522,#216,.F.);
#1182=EDGE_CURVE('',#1512,#1523,#217,.F.);
#1183=EDGE_CURVE('',#1516,#1521,#218,.F.);
#1184=EDGE_CURVE('',#1520,#1517,#130,.T.);
#1185=EDGE_CURVE('',#1524,#1525,#1710,.F.);
#1186=EDGE_CURVE('',#1524,#1519,#131,.T.);
#1187=EDGE_CURVE('',#1525,#1518,#219,.T.);
#1188=EDGE_CURVE('',#1525,#1512,#132,.T.);
#1189=EDGE_CURVE('',#1511,#1526,#133,.F.);
#1190=EDGE_CURVE('',#1525,#1526,#1711,.T.);
#1191=EDGE_CURVE('',#1526,#1527,#1712,.T.);
#1192=EDGE_CURVE('',#1527,#1528,#134,.F.);
#1193=EDGE_CURVE('',#1528,#1524,#1713,.T.);
#1194=EDGE_CURVE('',#1529,#1530,#1714,.F.);
#1195=EDGE_CURVE('',#1530,#1531,#1715,.T.);
#1196=EDGE_CURVE('',#1531,#1532,#1716,.F.);
#1197=EDGE_CURVE('',#1529,#1532,#1717,.T.);
#1198=EDGE_CURVE('',#1533,#1534,#1718,.T.);
#1199=EDGE_CURVE('',#1534,#1535,#1719,.F.);
#1200=EDGE_CURVE('',#1535,#1536,#1720,.T.);
#1201=EDGE_CURVE('',#1536,#1533,#1721,.T.);
#1202=EDGE_CURVE('',#1528,#1537,#167,.T.);
#1203=EDGE_CURVE('',#1537,#1464,#135,.T.);
#1204=EDGE_CURVE('',#1524,#1463,#220,.T.);
#1205=EDGE_CURVE('',#1519,#1462,#221,.T.);
#1206=EDGE_CURVE('',#1520,#1461,#222,.T.);
#1207=EDGE_CURVE('',#1517,#1460,#223,.T.);
#1208=EDGE_CURVE('',#1459,#1538,#136,.T.);
#1209=EDGE_CURVE('',#1538,#1513,#168,.T.);
#1210=EDGE_CURVE('',#1539,#1540,#1722,.T.);
#1211=EDGE_CURVE('',#1540,#1541,#1723,.T.);
#1212=EDGE_CURVE('',#1541,#1542,#1724,.T.);
#1213=EDGE_CURVE('',#1542,#1539,#137,.T.);
#1214=EDGE_CURVE('',#1543,#1544,#1725,.F.);
#1215=EDGE_CURVE('',#1544,#1545,#138,.T.);
#1216=EDGE_CURVE('',#1545,#1546,#1726,.F.);
#1217=EDGE_CURVE('',#1546,#1547,#1727,.F.);
#1218=EDGE_CURVE('',#1547,#1543,#1728,.T.);
#1219=EDGE_CURVE('',#1548,#1549,#1729,.T.);
#1220=EDGE_CURVE('',#1549,#1550,#1730,.T.);
#1221=EDGE_CURVE('',#1550,#1551,#1731,.T.);
#1222=EDGE_CURVE('',#1551,#1548,#139,.T.);
#1223=EDGE_CURVE('',#1552,#1553,#1732,.T.);
#1224=EDGE_CURVE('',#1553,#1554,#1733,.F.);
#1225=EDGE_CURVE('',#1554,#1555,#140,.T.);
#1226=EDGE_CURVE('',#1555,#1556,#1734,.F.);
#1227=EDGE_CURVE('',#1556,#1552,#1735,.T.);
#1228=EDGE_CURVE('',#1557,#1558,#1736,.F.);
#1229=EDGE_CURVE('',#1558,#1559,#1737,.F.);
#1230=EDGE_CURVE('',#1559,#1560,#141,.T.);
#1231=EDGE_CURVE('',#1560,#1561,#1738,.T.);
#1232=EDGE_CURVE('',#1561,#1557,#1739,.T.);
#1233=EDGE_CURVE('',#1562,#1563,#142,.F.);
#1234=EDGE_CURVE('',#1563,#1564,#1740,.T.);
#1235=EDGE_CURVE('',#1564,#1565,#1741,.T.);
#1236=EDGE_CURVE('',#1566,#1565,#1742,.T.);
#1237=EDGE_CURVE('',#1566,#1562,#1743,.F.);
#1238=EDGE_CURVE('',#1561,#1507,#224,.F.);
#1239=EDGE_CURVE('',#1508,#1560,#225,.T.);
#1240=EDGE_CURVE('',#1559,#1567,#169,.T.);
#1241=EDGE_CURVE('',#1493,#1567,#226,.T.);
#1242=EDGE_CURVE('',#1567,#1568,#170,.T.);
#1243=EDGE_CURVE('',#1568,#1494,#171,.T.);
#1244=EDGE_CURVE('',#1535,#1558,#227,.T.);
#1245=EDGE_CURVE('',#1536,#1557,#228,.T.);
#1246=EDGE_CURVE('',#1499,#1566,#229,.F.);
#1247=EDGE_CURVE('',#1562,#1498,#230,.T.);
#1248=EDGE_CURVE('',#1569,#1490,#231,.T.);
#1249=EDGE_CURVE('',#1569,#1563,#172,.T.);
#1250=EDGE_CURVE('',#1428,#1570,#173,.F.);
#1251=EDGE_CURVE('',#1570,#1569,#174,.T.);
#1252=EDGE_CURVE('',#1564,#1530,#232,.T.);
#1253=EDGE_CURVE('',#1565,#1529,#233,.T.);
#1254=EDGE_CURVE('',#1531,#1553,#143,.F.);
#1255=EDGE_CURVE('',#1532,#1552,#175,.F.);
#1256=EDGE_CURVE('',#1546,#1534,#144,.F.);
#1257=EDGE_CURVE('',#1547,#1533,#176,.F.);
#1258=EDGE_CURVE('',#1486,#1571,#145,.F.);
#1259=EDGE_CURVE('',#1571,#1544,#177,.T.);
#1260=EDGE_CURVE('',#1487,#1543,#178,.F.);
#1261=EDGE_CURVE('',#1555,#1572,#179,.T.);
#1262=EDGE_CURVE('',#1572,#1481,#146,.F.);
#1263=EDGE_CURVE('',#1556,#1480,#180,.F.);
#1264=EDGE_CURVE('',#1570,#1427,#234,.T.);
#1265=EDGE_CURVE('',#1569,#1470,#235,.T.);
#1266=EDGE_CURVE('',#1563,#1469,#236,.T.);
#1267=EDGE_CURVE('',#1564,#1468,#237,.T.);
#1268=EDGE_CURVE('',#1530,#1467,#238,.T.);
#1269=EDGE_CURVE('',#1531,#1466,#239,.T.);
#1270=EDGE_CURVE('',#1553,#1465,#240,.T.);
#1271=EDGE_CURVE('',#1554,#1464,#241,.T.);
#1272=EDGE_CURVE('',#1555,#1537,#242,.T.);
#1273=EDGE_CURVE('',#1572,#1528,#243,.T.);
#1274=EDGE_CURVE('',#1481,#1527,#244,.T.);
#1275=EDGE_CURVE('',#1482,#1526,#245,.T.);
#1276=EDGE_CURVE('',#1483,#1511,#246,.T.);
#1277=EDGE_CURVE('',#1484,#1509,#247,.T.);
#1278=EDGE_CURVE('',#1485,#1515,#248,.T.);
#1279=EDGE_CURVE('',#1486,#1514,#249,.T.);
#1280=EDGE_CURVE('',#1571,#1513,#250,.T.);
#1281=EDGE_CURVE('',#1544,#1538,#251,.T.);
#1282=EDGE_CURVE('',#1545,#1459,#252,.T.);
#1283=EDGE_CURVE('',#1546,#1458,#253,.T.);
#1284=EDGE_CURVE('',#1534,#1457,#254,.T.);
#1285=EDGE_CURVE('',#1535,#1456,#255,.T.);
#1286=EDGE_CURVE('',#1558,#1455,#256,.T.);
#1287=EDGE_CURVE('',#1559,#1454,#257,.T.);
#1288=EDGE_CURVE('',#1567,#1453,#258,.T.);
#1289=EDGE_CURVE('',#1568,#1452,#259,.T.);
#1290=EDGE_CURVE('',#1573,#1573,#260,.F.);
#1291=EDGE_CURVE('',#1574,#1574,#261,.T.);
#1292=EDGE_CURVE('',#1575,#1575,#262,.F.);
#1293=EDGE_CURVE('',#1576,#1576,#263,.T.);
#1294=EDGE_CURVE('',#1577,#1577,#264,.F.);
#1295=EDGE_CURVE('',#1578,#1578,#265,.T.);
#1296=EDGE_CURVE('',#1579,#1536,#1744,.T.);
#1297=EDGE_CURVE('',#1579,#1580,#1745,.T.);
#1298=EDGE_CURVE('',#1580,#1533,#1746,.T.);
#1299=EDGE_CURVE('',#1581,#1557,#1747,.T.);
#1300=EDGE_CURVE('',#1579,#1581,#266,.T.);
#1301=EDGE_CURVE('',#1582,#1561,#1748,.T.);
#1302=EDGE_CURVE('',#1582,#1581,#1749,.T.);
#1303=EDGE_CURVE('',#1583,#1507,#1750,.T.);
#1304=EDGE_CURVE('',#1582,#1583,#267,.F.);
#1305=EDGE_CURVE('',#1584,#1500,#1751,.T.);
#1306=EDGE_CURVE('',#1584,#1583,#1752,.T.);
#1307=EDGE_CURVE('',#1585,#1501,#181,.T.);
#1308=EDGE_CURVE('',#1584,#1585,#182,.T.);
#1309=EDGE_CURVE('',#1586,#1496,#183,.F.);
#1310=EDGE_CURVE('',#1585,#1586,#1753,.F.);
#1311=EDGE_CURVE('',#1587,#1497,#1754,.T.);
#1312=EDGE_CURVE('',#1586,#1587,#184,.T.);
#1313=EDGE_CURVE('',#1588,#1499,#1755,.T.);
#1314=EDGE_CURVE('',#1588,#1587,#1756,.T.);
#1315=EDGE_CURVE('',#1589,#1566,#1757,.T.);
#1316=EDGE_CURVE('',#1588,#1589,#268,.F.);
#1317=EDGE_CURVE('',#1590,#1565,#1758,.T.);
#1318=EDGE_CURVE('',#1589,#1590,#1759,.F.);
#1319=EDGE_CURVE('',#1591,#1529,#1760,.T.);
#1320=EDGE_CURVE('',#1590,#1591,#269,.T.);
#1321=EDGE_CURVE('',#1592,#1532,#1761,.T.);
#1322=EDGE_CURVE('',#1591,#1592,#1762,.F.);
#1323=EDGE_CURVE('',#1593,#1552,#185,.T.);
#1324=EDGE_CURVE('',#1592,#1593,#186,.T.);
#1325=EDGE_CURVE('',#1594,#1556,#187,.F.);
#1326=EDGE_CURVE('',#1594,#1593,#1763,.T.);
#1327=EDGE_CURVE('',#1594,#1489,#188,.T.);
#1328=EDGE_CURVE('',#1595,#1543,#189,.T.);
#1329=EDGE_CURVE('',#1488,#1595,#190,.T.);
#1330=EDGE_CURVE('',#1596,#1547,#191,.F.);
#1331=EDGE_CURVE('',#1596,#1595,#1764,.T.);
#1332=EDGE_CURVE('',#1597,#1597,#270,.T.);
#1333=EDGE_CURVE('',#1598,#1598,#271,.T.);
#1334=EDGE_CURVE('',#1599,#1599,#272,.T.);
#1335=EDGE_CURVE('',#1596,#1580,#192,.T.);
#1336=EDGE_CURVE('',#1600,#1601,#1765,.F.);
#1337=EDGE_CURVE('',#1601,#1602,#1766,.F.);
#1338=EDGE_CURVE('',#1602,#1603,#1767,.T.);
#1339=EDGE_CURVE('',#1603,#1604,#1768,.T.);
#1340=EDGE_CURVE('',#1604,#1600,#273,.F.);
#1341=EDGE_CURVE('',#1605,#1606,#1769,.T.);
#1342=EDGE_CURVE('',#1605,#1607,#1770,.T.);
#1343=EDGE_CURVE('',#1607,#1608,#1771,.T.);
#1344=EDGE_CURVE('',#1608,#1609,#274,.T.);
#1345=EDGE_CURVE('',#1609,#1606,#1772,.F.);
#1346=EDGE_CURVE('',#1610,#1611,#1773,.T.);
#1347=EDGE_CURVE('',#1611,#1612,#1774,.T.);
#1348=EDGE_CURVE('',#1612,#1613,#1775,.F.);
#1349=EDGE_CURVE('',#1613,#1610,#275,.T.);
#1350=EDGE_CURVE('',#1614,#1615,#1776,.F.);
#1351=EDGE_CURVE('',#1615,#1616,#1777,.F.);
#1352=EDGE_CURVE('',#1616,#1617,#1778,.F.);
#1353=EDGE_CURVE('',#1617,#1614,#276,.F.);
#1354=EDGE_CURVE('',#1602,#1605,#277,.F.);
#1355=EDGE_CURVE('',#1606,#1603,#147,.F.);
#1356=EDGE_CURVE('',#1618,#1619,#1779,.F.);
#1357=EDGE_CURVE('',#1619,#1620,#1780,.F.);
#1358=EDGE_CURVE('',#1620,#1621,#1781,.T.);
#1359=EDGE_CURVE('',#1621,#1622,#1782,.T.);
#1360=EDGE_CURVE('',#1622,#1618,#278,.F.);
#1361=EDGE_CURVE('',#1623,#1624,#1783,.T.);
#1362=EDGE_CURVE('',#1623,#1625,#1784,.T.);
#1363=EDGE_CURVE('',#1625,#1626,#1785,.T.);
#1364=EDGE_CURVE('',#1626,#1627,#279,.T.);
#1365=EDGE_CURVE('',#1627,#1624,#1786,.F.);
#1366=EDGE_CURVE('',#1628,#1629,#1787,.T.);
#1367=EDGE_CURVE('',#1629,#1630,#1788,.T.);
#1368=EDGE_CURVE('',#1630,#1631,#1789,.F.);
#1369=EDGE_CURVE('',#1631,#1628,#280,.T.);
#1370=EDGE_CURVE('',#1632,#1633,#1790,.F.);
#1371=EDGE_CURVE('',#1633,#1634,#1791,.F.);
#1372=EDGE_CURVE('',#1634,#1635,#1792,.F.);
#1373=EDGE_CURVE('',#1635,#1632,#281,.F.);
#1374=EDGE_CURVE('',#1620,#1623,#282,.F.);
#1375=EDGE_CURVE('',#1624,#1621,#148,.F.);
#1376=EDGE_CURVE('',#1506,#1624,#283,.T.);
#1377=EDGE_CURVE('',#1621,#1505,#284,.T.);
#1378=EDGE_CURVE('',#1622,#1420,#285,.T.);
#1379=EDGE_CURVE('',#1425,#1627,#286,.T.);
#1380=EDGE_CURVE('',#1618,#1423,#287,.T.);
#1381=EDGE_CURVE('',#1623,#1631,#288,.T.);
#1382=EDGE_CURVE('',#1628,#1620,#289,.T.);
#1383=EDGE_CURVE('',#1426,#1626,#290,.T.);
#1384=EDGE_CURVE('',#1619,#1474,#291,.T.);
#1385=EDGE_CURVE('',#1629,#1619,#292,.T.);
#1386=EDGE_CURVE('',#1625,#1630,#293,.T.);
#1387=EDGE_CURVE('',#1471,#1625,#294,.T.);
#1388=EDGE_CURVE('',#1629,#1473,#295,.F.);
#1389=EDGE_CURVE('',#1472,#1630,#296,.F.);
#1390=EDGE_CURVE('',#1504,#1606,#297,.T.);
#1391=EDGE_CURVE('',#1603,#1503,#298,.T.);
#1392=EDGE_CURVE('',#1604,#1502,#299,.T.);
#1393=EDGE_CURVE('',#1421,#1609,#300,.T.);
#1394=EDGE_CURVE('',#1600,#1451,#301,.T.);
#1395=EDGE_CURVE('',#1605,#1613,#302,.T.);
#1396=EDGE_CURVE('',#1610,#1602,#303,.T.);
#1397=EDGE_CURVE('',#1422,#1608,#304,.T.);
#1398=EDGE_CURVE('',#1601,#1449,#305,.T.);
#1399=EDGE_CURVE('',#1611,#1601,#306,.T.);
#1400=EDGE_CURVE('',#1607,#1612,#307,.T.);
#1401=EDGE_CURVE('',#1475,#1607,#308,.T.);
#1402=EDGE_CURVE('',#1611,#1450,#309,.F.);
#1403=EDGE_CURVE('',#1476,#1612,#310,.F.);
#1404=EDGE_CURVE('',#1614,#1440,#311,.T.);
#1405=EDGE_CURVE('',#1441,#1617,#312,.T.);
#1406=EDGE_CURVE('',#1443,#1616,#149,.F.);
#1407=EDGE_CURVE('',#1615,#1445,#150,.T.);
#1408=EDGE_CURVE('',#1632,#1430,#313,.T.);
#1409=EDGE_CURVE('',#1431,#1635,#314,.T.);
#1410=EDGE_CURVE('',#1433,#1634,#151,.F.);
#1411=EDGE_CURVE('',#1633,#1436,#152,.T.);
#1412=EDGE_CURVE('',#1429,#1551,#315,.T.);
#1413=EDGE_CURVE('',#1548,#1432,#316,.T.);
#1414=EDGE_CURVE('',#1549,#1435,#153,.T.);
#1415=EDGE_CURVE('',#1438,#1550,#154,.F.);
#1416=EDGE_CURVE('',#1439,#1542,#317,.T.);
#1417=EDGE_CURVE('',#1539,#1442,#318,.T.);
#1418=EDGE_CURVE('',#1540,#1447,#155,.T.);
#1419=EDGE_CURVE('',#1448,#1541,#156,.F.);
#1420=VERTEX_POINT('',#3626);
#1421=VERTEX_POINT('',#3627);
#1422=VERTEX_POINT('',#3629);
#1423=VERTEX_POINT('',#3631);
#1424=VERTEX_POINT('',#3635);
#1425=VERTEX_POINT('',#3636);
#1426=VERTEX_POINT('',#3638);
#1427=VERTEX_POINT('',#3640);
#1428=VERTEX_POINT('',#3645);
#1429=VERTEX_POINT('',#3649);
#1430=VERTEX_POINT('',#3650);
#1431=VERTEX_POINT('',#3652);
#1432=VERTEX_POINT('',#3654);
#1433=VERTEX_POINT('',#3658);
#1434=VERTEX_POINT('',#3660);
#1435=VERTEX_POINT('',#3662);
#1436=VERTEX_POINT('',#3666);
#1437=VERTEX_POINT('',#3668);
#1438=VERTEX_POINT('',#3670);
#1439=VERTEX_POINT('',#3677);
#1440=VERTEX_POINT('',#3678);
#1441=VERTEX_POINT('',#3680);
#1442=VERTEX_POINT('',#3682);
#1443=VERTEX_POINT('',#3686);
#1444=VERTEX_POINT('',#3688);
#1445=VERTEX_POINT('',#3692);
#1446=VERTEX_POINT('',#3694);
#1447=VERTEX_POINT('',#3696);
#1448=VERTEX_POINT('',#3701);
#1449=VERTEX_POINT('',#3705);
#1450=VERTEX_POINT('',#3706);
#1451=VERTEX_POINT('',#3708);
#1452=VERTEX_POINT('',#3710);
#1453=VERTEX_POINT('',#3715);
#1454=VERTEX_POINT('',#3722);
#1455=VERTEX_POINT('',#3724);
#1456=VERTEX_POINT('',#3726);
#1457=VERTEX_POINT('',#3728);
#1458=VERTEX_POINT('',#3730);
#1459=VERTEX_POINT('',#3732);
#1460=VERTEX_POINT('',#3734);
#1461=VERTEX_POINT('',#3736);
#1462=VERTEX_POINT('',#3738);
#1463=VERTEX_POINT('',#3740);
#1464=VERTEX_POINT('',#3742);
#1465=VERTEX_POINT('',#3744);
#1466=VERTEX_POINT('',#3746);
#1467=VERTEX_POINT('',#3748);
#1468=VERTEX_POINT('',#3750);
#1469=VERTEX_POINT('',#3752);
#1470=VERTEX_POINT('',#3759);
#1471=VERTEX_POINT('',#3765);
#1472=VERTEX_POINT('',#3767);
#1473=VERTEX_POINT('',#3769);
#1474=VERTEX_POINT('',#3771);
#1475=VERTEX_POINT('',#3774);
#1476=VERTEX_POINT('',#3776);
#1477=VERTEX_POINT('',#3779);
#1478=VERTEX_POINT('',#3781);
#1479=VERTEX_POINT('',#3783);
#1480=VERTEX_POINT('',#3786);
#1481=VERTEX_POINT('',#3787);
#1482=VERTEX_POINT('',#3789);
#1483=VERTEX_POINT('',#3791);
#1484=VERTEX_POINT('',#3793);
#1485=VERTEX_POINT('',#3795);
#1486=VERTEX_POINT('',#3797);
#1487=VERTEX_POINT('',#3799);
#1488=VERTEX_POINT('',#3804);
#1489=VERTEX_POINT('',#3806);
#1490=VERTEX_POINT('',#3813);
#1491=VERTEX_POINT('',#3815);
#1492=VERTEX_POINT('',#3819);
#1493=VERTEX_POINT('',#3820);
#1494=VERTEX_POINT('',#3822);
#1495=VERTEX_POINT('',#3824);
#1496=VERTEX_POINT('',#3828);
#1497=VERTEX_POINT('',#3830);
#1498=VERTEX_POINT('',#3842);
#1499=VERTEX_POINT('',#3844);
#1500=VERTEX_POINT('',#3848);
#1501=VERTEX_POINT('',#3850);
#1502=VERTEX_POINT('',#3862);
#1503=VERTEX_POINT('',#3864);
#1504=VERTEX_POINT('',#3866);
#1505=VERTEX_POINT('',#3869);
#1506=VERTEX_POINT('',#3871);
#1507=VERTEX_POINT('',#3876);
#1508=VERTEX_POINT('',#3878);
#1509=VERTEX_POINT('',#3892);
#1510=VERTEX_POINT('',#3893);
#1511=VERTEX_POINT('',#3895);
#1512=VERTEX_POINT('',#3897);
#1513=VERTEX_POINT('',#3901);
#1514=VERTEX_POINT('',#3902);
#1515=VERTEX_POINT('',#3904);
#1516=VERTEX_POINT('',#3906);
#1517=VERTEX_POINT('',#3908);
#1518=VERTEX_POINT('',#3915);
#1519=VERTEX_POINT('',#3916);
#1520=VERTEX_POINT('',#3918);
#1521=VERTEX_POINT('',#3920);
#1522=VERTEX_POINT('',#3922);
#1523=VERTEX_POINT('',#3924);
#1524=VERTEX_POINT('',#3946);
#1525=VERTEX_POINT('',#3947);
#1526=VERTEX_POINT('',#3965);
#1527=VERTEX_POINT('',#3969);
#1528=VERTEX_POINT('',#3971);
#1529=VERTEX_POINT('',#3975);
#1530=VERTEX_POINT('',#3976);
#1531=VERTEX_POINT('',#3978);
#1532=VERTEX_POINT('',#3980);
#1533=VERTEX_POINT('',#3984);
#1534=VERTEX_POINT('',#3985);
#1535=VERTEX_POINT('',#3987);
#1536=VERTEX_POINT('',#3989);
#1537=VERTEX_POINT('',#3996);
#1538=VERTEX_POINT('',#4035);
#1539=VERTEX_POINT('',#4042);
#1540=VERTEX_POINT('',#4043);
#1541=VERTEX_POINT('',#4045);
#1542=VERTEX_POINT('',#4047);
#1543=VERTEX_POINT('',#4050);
#1544=VERTEX_POINT('',#4051);
#1545=VERTEX_POINT('',#4053);
#1546=VERTEX_POINT('',#4055);
#1547=VERTEX_POINT('',#4057);
#1548=VERTEX_POINT('',#4061);
#1549=VERTEX_POINT('',#4062);
#1550=VERTEX_POINT('',#4064);
#1551=VERTEX_POINT('',#4066);
#1552=VERTEX_POINT('',#4069);
#1553=VERTEX_POINT('',#4070);
#1554=VERTEX_POINT('',#4072);
#1555=VERTEX_POINT('',#4074);
#1556=VERTEX_POINT('',#4076);
#1557=VERTEX_POINT('',#4080);
#1558=VERTEX_POINT('',#4081);
#1559=VERTEX_POINT('',#4083);
#1560=VERTEX_POINT('',#4085);
#1561=VERTEX_POINT('',#4087);
#1562=VERTEX_POINT('',#4091);
#1563=VERTEX_POINT('',#4092);
#1564=VERTEX_POINT('',#4094);
#1565=VERTEX_POINT('',#4096);
#1566=VERTEX_POINT('',#4098);
#1567=VERTEX_POINT('',#4134);
#1568=VERTEX_POINT('',#4141);
#1569=VERTEX_POINT('',#4177);
#1570=VERTEX_POINT('',#4190);
#1571=VERTEX_POINT('',#4226);
#1572=VERTEX_POINT('',#4240);
#1573=VERTEX_POINT('',#4495);
#1574=VERTEX_POINT('',#4497);
#1575=VERTEX_POINT('',#4500);
#1576=VERTEX_POINT('',#4502);
#1577=VERTEX_POINT('',#4505);
#1578=VERTEX_POINT('',#4507);
#1579=VERTEX_POINT('',#4513);
#1580=VERTEX_POINT('',#4515);
#1581=VERTEX_POINT('',#4519);
#1582=VERTEX_POINT('',#4523);
#1583=VERTEX_POINT('',#4527);
#1584=VERTEX_POINT('',#4531);
#1585=VERTEX_POINT('',#4573);
#1586=VERTEX_POINT('',#4583);
#1587=VERTEX_POINT('',#4610);
#1588=VERTEX_POINT('',#4617);
#1589=VERTEX_POINT('',#4621);
#1590=VERTEX_POINT('',#4625);
#1591=VERTEX_POINT('',#4629);
#1592=VERTEX_POINT('',#4633);
#1593=VERTEX_POINT('',#4663);
#1594=VERTEX_POINT('',#4673);
#1595=VERTEX_POINT('',#4732);
#1596=VERTEX_POINT('',#4742);
#1597=VERTEX_POINT('',#4746);
#1598=VERTEX_POINT('',#4749);
#1599=VERTEX_POINT('',#4752);
#1600=VERTEX_POINT('',#4776);
#1601=VERTEX_POINT('',#4777);
#1602=VERTEX_POINT('',#4779);
#1603=VERTEX_POINT('',#4781);
#1604=VERTEX_POINT('',#4783);
#1605=VERTEX_POINT('',#4787);
#1606=VERTEX_POINT('',#4788);
#1607=VERTEX_POINT('',#4790);
#1608=VERTEX_POINT('',#4792);
#1609=VERTEX_POINT('',#4794);
#1610=VERTEX_POINT('',#4798);
#1611=VERTEX_POINT('',#4799);
#1612=VERTEX_POINT('',#4801);
#1613=VERTEX_POINT('',#4803);
#1614=VERTEX_POINT('',#4806);
#1615=VERTEX_POINT('',#4807);
#1616=VERTEX_POINT('',#4809);
#1617=VERTEX_POINT('',#4811);
#1618=VERTEX_POINT('',#4818);
#1619=VERTEX_POINT('',#4819);
#1620=VERTEX_POINT('',#4821);
#1621=VERTEX_POINT('',#4823);
#1622=VERTEX_POINT('',#4825);
#1623=VERTEX_POINT('',#4829);
#1624=VERTEX_POINT('',#4830);
#1625=VERTEX_POINT('',#4832);
#1626=VERTEX_POINT('',#4834);
#1627=VERTEX_POINT('',#4836);
#1628=VERTEX_POINT('',#4840);
#1629=VERTEX_POINT('',#4841);
#1630=VERTEX_POINT('',#4843);
#1631=VERTEX_POINT('',#4845);
#1632=VERTEX_POINT('',#4848);
#1633=VERTEX_POINT('',#4849);
#1634=VERTEX_POINT('',#4851);
#1635=VERTEX_POINT('',#4853);
#1636=LINE('',#3625,#1793);
#1637=LINE('',#3630,#1794);
#1638=LINE('',#3634,#1795);
#1639=LINE('',#3639,#1796);
#1640=LINE('',#3648,#1797);
#1641=LINE('',#3653,#1798);
#1642=LINE('',#3657,#1799);
#1643=LINE('',#3659,#1800);
#1644=LINE('',#3663,#1801);
#1645=LINE('',#3665,#1802);
#1646=LINE('',#3667,#1803);
#1647=LINE('',#3671,#1804);
#1648=LINE('',#3673,#1805);
#1649=LINE('',#3674,#1806);
#1650=LINE('',#3676,#1807);
#1651=LINE('',#3681,#1808);
#1652=LINE('',#3685,#1809);
#1653=LINE('',#3687,#1810);
#1654=LINE('',#3689,#1811);
#1655=LINE('',#3691,#1812);
#1656=LINE('',#3693,#1813);
#1657=LINE('',#3695,#1814);
#1658=LINE('',#3699,#1815);
#1659=LINE('',#3700,#1816);
#1660=LINE('',#3707,#1817);
#1661=LINE('',#3709,#1818);
#1662=LINE('',#3723,#1819);
#1663=LINE('',#3727,#1820);
#1664=LINE('',#3731,#1821);
#1665=LINE('',#3733,#1822);
#1666=LINE('',#3737,#1823);
#1667=LINE('',#3741,#1824);
#1668=LINE('',#3743,#1825);
#1669=LINE('',#3747,#1826);
#1670=LINE('',#3751,#1827);
#1671=LINE('',#3764,#1828);
#1672=LINE('',#3768,#1829);
#1673=LINE('',#3772,#1830);
#1674=LINE('',#3773,#1831);
#1675=LINE('',#3777,#1832);
#1676=LINE('',#3785,#1833);
#1677=LINE('',#3788,#1834);
#1678=LINE('',#3792,#1835);
#1679=LINE('',#3796,#1836);
#1680=LINE('',#3798,#1837);
#1681=LINE('',#3805,#1838);
#1682=LINE('',#3827,#1839);
#1683=LINE('',#3829,#1840);
#1684=LINE('',#3841,#1841);
#1685=LINE('',#3843,#1842);
#1686=LINE('',#3845,#1843);
#1687=LINE('',#3847,#1844);
#1688=LINE('',#3849,#1845);
#1689=LINE('',#3861,#1846);
#1690=LINE('',#3863,#1847);
#1691=LINE('',#3867,#1848);
#1692=LINE('',#3868,#1849);
#1693=LINE('',#3872,#1850);
#1694=LINE('',#3873,#1851);
#1695=LINE('',#3875,#1852);
#1696=LINE('',#3877,#1853);
#1697=LINE('',#3879,#1854);
#1698=LINE('',#3891,#1855);
#1699=LINE('',#3894,#1856);
#1700=LINE('',#3896,#1857);
#1701=LINE('',#3898,#1858);
#1702=LINE('',#3903,#1859);
#1703=LINE('',#3905,#1860);
#1704=LINE('',#3907,#1861);
#1705=LINE('',#3909,#1862);
#1706=LINE('',#3914,#1863);
#1707=LINE('',#3917,#1864);
#1708=LINE('',#3919,#1865);
#1709=LINE('',#3923,#1866);
#1710=LINE('',#3945,#1867);
#1711=LINE('',#3966,#1868);
#1712=LINE('',#3968,#1869);
#1713=LINE('',#3972,#1870);
#1714=LINE('',#3974,#1871);
#1715=LINE('',#3977,#1872);
#1716=LINE('',#3979,#1873);
#1717=LINE('',#3981,#1874);
#1718=LINE('',#3983,#1875);
#1719=LINE('',#3986,#1876);
#1720=LINE('',#3988,#1877);
#1721=LINE('',#3990,#1878);
#1722=LINE('',#4041,#1879);
#1723=LINE('',#4044,#1880);
#1724=LINE('',#4046,#1881);
#1725=LINE('',#4049,#1882);
#1726=LINE('',#4054,#1883);
#1727=LINE('',#4056,#1884);
#1728=LINE('',#4058,#1885);
#1729=LINE('',#4060,#1886);
#1730=LINE('',#4063,#1887);
#1731=LINE('',#4065,#1888);
#1732=LINE('',#4068,#1889);
#1733=LINE('',#4071,#1890);
#1734=LINE('',#4075,#1891);
#1735=LINE('',#4077,#1892);
#1736=LINE('',#4079,#1893);
#1737=LINE('',#4082,#1894);
#1738=LINE('',#4086,#1895);
#1739=LINE('',#4088,#1896);
#1740=LINE('',#4093,#1897);
#1741=LINE('',#4095,#1898);
#1742=LINE('',#4097,#1899);
#1743=LINE('',#4099,#1900);
#1744=LINE('',#4512,#1901);
#1745=LINE('',#4514,#1902);
#1746=LINE('',#4516,#1903);
#1747=LINE('',#4518,#1904);
#1748=LINE('',#4522,#1905);
#1749=LINE('',#4524,#1906);
#1750=LINE('',#4526,#1907);
#1751=LINE('',#4530,#1908);
#1752=LINE('',#4532,#1909);
#1753=LINE('',#4584,#1910);
#1754=LINE('',#4609,#1911);
#1755=LINE('',#4616,#1912);
#1756=LINE('',#4618,#1913);
#1757=LINE('',#4620,#1914);
#1758=LINE('',#4624,#1915);
#1759=LINE('',#4626,#1916);
#1760=LINE('',#4628,#1917);
#1761=LINE('',#4632,#1918);
#1762=LINE('',#4634,#1919);
#1763=LINE('',#4674,#1920);
#1764=LINE('',#4743,#1921);
#1765=LINE('',#4775,#1922);
#1766=LINE('',#4778,#1923);
#1767=LINE('',#4780,#1924);
#1768=LINE('',#4782,#1925);
#1769=LINE('',#4786,#1926);
#1770=LINE('',#4789,#1927);
#1771=LINE('',#4791,#1928);
#1772=LINE('',#4795,#1929);
#1773=LINE('',#4797,#1930);
#1774=LINE('',#4800,#1931);
#1775=LINE('',#4802,#1932);
#1776=LINE('',#4805,#1933);
#1777=LINE('',#4808,#1934);
#1778=LINE('',#4810,#1935);
#1779=LINE('',#4817,#1936);
#1780=LINE('',#4820,#1937);
#1781=LINE('',#4822,#1938);
#1782=LINE('',#4824,#1939);
#1783=LINE('',#4828,#1940);
#1784=LINE('',#4831,#1941);
#1785=LINE('',#4833,#1942);
#1786=LINE('',#4837,#1943);
#1787=LINE('',#4839,#1944);
#1788=LINE('',#4842,#1945);
#1789=LINE('',#4844,#1946);
#1790=LINE('',#4847,#1947);
#1791=LINE('',#4850,#1948);
#1792=LINE('',#4852,#1949);
#1793=VECTOR('',#2860,1000.);
#1794=VECTOR('',#2863,1000.);
#1795=VECTOR('',#2868,1000.);
#1796=VECTOR('',#2871,1000.);
#1797=VECTOR('',#2876,1000.);
#1798=VECTOR('',#2879,1000.);
#1799=VECTOR('',#2884,1000.);
#1800=VECTOR('',#2885,1000.);
#1801=VECTOR('',#2888,1000.);
#1802=VECTOR('',#2891,1000.);
#1803=VECTOR('',#2892,1000.);
#1804=VECTOR('',#2895,1000.);
#1805=VECTOR('',#2898,1000.);
#1806=VECTOR('',#2899,1000.);
#1807=VECTOR('',#2902,1000.);
#1808=VECTOR('',#2905,1000.);
#1809=VECTOR('',#2910,1000.);
#1810=VECTOR('',#2911,1000.);
#1811=VECTOR('',#2912,1000.);
#1812=VECTOR('',#2915,1000.);
#1813=VECTOR('',#2916,1000.);
#1814=VECTOR('',#2917,1000.);
#1815=VECTOR('',#2922,1000.);
#1816=VECTOR('',#2923,1000.);
#1817=VECTOR('',#2930,1000.);
#1818=VECTOR('',#2931,1000.);
#1819=VECTOR('',#2932,1000.);
#1820=VECTOR('',#2935,1000.);
#1821=VECTOR('',#2938,1000.);
#1822=VECTOR('',#2939,1000.);
#1823=VECTOR('',#2942,1000.);
#1824=VECTOR('',#2945,1000.);
#1825=VECTOR('',#2946,1000.);
#1826=VECTOR('',#2949,1000.);
#1827=VECTOR('',#2952,1000.);
#1828=VECTOR('',#2953,1000.);
#1829=VECTOR('',#2956,1000.);
#1830=VECTOR('',#2959,1000.);
#1831=VECTOR('',#2960,1000.);
#1832=VECTOR('',#2963,1000.);
#1833=VECTOR('',#2972,1000.);
#1834=VECTOR('',#2973,1000.);
#1835=VECTOR('',#2976,1000.);
#1836=VECTOR('',#2979,1000.);
#1837=VECTOR('',#2980,1000.);
#1838=VECTOR('',#2981,1000.);
#1839=VECTOR('',#3002,1000.);
#1840=VECTOR('',#3003,1000.);
#1841=VECTOR('',#3006,1000.);
#1842=VECTOR('',#3007,1000.);
#1843=VECTOR('',#3008,1000.);
#1844=VECTOR('',#3011,1000.);
#1845=VECTOR('',#3012,1000.);
#1846=VECTOR('',#3015,1000.);
#1847=VECTOR('',#3016,1000.);
#1848=VECTOR('',#3019,1000.);
#1849=VECTOR('',#3020,1000.);
#1850=VECTOR('',#3023,1000.);
#1851=VECTOR('',#3024,1000.);
#1852=VECTOR('',#3027,1000.);
#1853=VECTOR('',#3028,1000.);
#1854=VECTOR('',#3029,1000.);
#1855=VECTOR('',#3044,1000.);
#1856=VECTOR('',#3045,1000.);
#1857=VECTOR('',#3046,1000.);
#1858=VECTOR('',#3047,1000.);
#1859=VECTOR('',#3052,1000.);
#1860=VECTOR('',#3053,1000.);
#1861=VECTOR('',#3054,1000.);
#1862=VECTOR('',#3055,1000.);
#1863=VECTOR('',#3064,1000.);
#1864=VECTOR('',#3065,1000.);
#1865=VECTOR('',#3066,1000.);
#1866=VECTOR('',#3069,1000.);
#1867=VECTOR('',#3086,1000.);
#1868=VECTOR('',#3097,1000.);
#1869=VECTOR('',#3100,1000.);
#1870=VECTOR('',#3103,1000.);
#1871=VECTOR('',#3106,1000.);
#1872=VECTOR('',#3107,1000.);
#1873=VECTOR('',#3108,1000.);
#1874=VECTOR('',#3109,1000.);
#1875=VECTOR('',#3112,1000.);
#1876=VECTOR('',#3113,1000.);
#1877=VECTOR('',#3114,1000.);
#1878=VECTOR('',#3115,1000.);
#1879=VECTOR('',#3136,1000.);
#1880=VECTOR('',#3137,1000.);
#1881=VECTOR('',#3138,1000.);
#1882=VECTOR('',#3141,1000.);
#1883=VECTOR('',#3144,1000.);
#1884=VECTOR('',#3145,1000.);
#1885=VECTOR('',#3146,1000.);
#1886=VECTOR('',#3149,1000.);
#1887=VECTOR('',#3150,1000.);
#1888=VECTOR('',#3151,1000.);
#1889=VECTOR('',#3154,1000.);
#1890=VECTOR('',#3155,1000.);
#1891=VECTOR('',#3158,1000.);
#1892=VECTOR('',#3159,1000.);
#1893=VECTOR('',#3162,1000.);
#1894=VECTOR('',#3163,1000.);
#1895=VECTOR('',#3166,1000.);
#1896=VECTOR('',#3167,1000.);
#1897=VECTOR('',#3172,1000.);
#1898=VECTOR('',#3173,1000.);
#1899=VECTOR('',#3174,1000.);
#1900=VECTOR('',#3175,1000.);
#1901=VECTOR('',#3324,1000.);
#1902=VECTOR('',#3325,1000.);
#1903=VECTOR('',#3326,1000.);
#1904=VECTOR('',#3329,1000.);
#1905=VECTOR('',#3334,1000.);
#1906=VECTOR('',#3335,1000.);
#1907=VECTOR('',#3338,1000.);
#1908=VECTOR('',#3343,1000.);
#1909=VECTOR('',#3344,1000.);
#1910=VECTOR('',#3347,1000.);
#1911=VECTOR('',#3348,1000.);
#1912=VECTOR('',#3351,1000.);
#1913=VECTOR('',#3352,1000.);
#1914=VECTOR('',#3355,1000.);
#1915=VECTOR('',#3360,1000.);
#1916=VECTOR('',#3361,1000.);
#1917=VECTOR('',#3364,1000.);
#1918=VECTOR('',#3369,1000.);
#1919=VECTOR('',#3370,1000.);
#1920=VECTOR('',#3373,1000.);
#1921=VECTOR('',#3376,1000.);
#1922=VECTOR('',#3393,1000.);
#1923=VECTOR('',#3394,1000.);
#1924=VECTOR('',#3395,1000.);
#1925=VECTOR('',#3396,1000.);
#1926=VECTOR('',#3401,1000.);
#1927=VECTOR('',#3402,1000.);
#1928=VECTOR('',#3403,1000.);
#1929=VECTOR('',#3406,1000.);
#1930=VECTOR('',#3409,1000.);
#1931=VECTOR('',#3410,1000.);
#1932=VECTOR('',#3411,1000.);
#1933=VECTOR('',#3414,1000.);
#1934=VECTOR('',#3415,1000.);
#1935=VECTOR('',#3416,1000.);
#1936=VECTOR('',#3427,1000.);
#1937=VECTOR('',#3428,1000.);
#1938=VECTOR('',#3429,1000.);
#1939=VECTOR('',#3430,1000.);
#1940=VECTOR('',#3435,1000.);
#1941=VECTOR('',#3436,1000.);
#1942=VECTOR('',#3437,1000.);
#1943=VECTOR('',#3440,1000.);
#1944=VECTOR('',#3443,1000.);
#1945=VECTOR('',#3444,1000.);
#1946=VECTOR('',#3445,1000.);
#1947=VECTOR('',#3448,1000.);
#1948=VECTOR('',#3449,1000.);
#1949=VECTOR('',#3450,1000.);
#1950=EDGE_LOOP('',(#319,#320,#321,#322));
#1951=EDGE_LOOP('',(#323,#324,#325,#326,#327));
#1952=EDGE_LOOP('',(#328,#329,#330,#331));
#1953=EDGE_LOOP('',(#332,#333,#334,#335,#336));
#1954=EDGE_LOOP('',(#337,#338,#339,#340,#341));
#1955=EDGE_LOOP('',(#342,#343,#344,#345));
#1956=EDGE_LOOP('',(#346,#347,#348,#349));
#1957=EDGE_LOOP('',(#350,#351,#352,#353));
#1958=EDGE_LOOP('',(#354,#355,#356,#357,#358));
#1959=EDGE_LOOP('',(#359,#360,#361,#362,#363));
#1960=EDGE_LOOP('',(#364,#365,#366,#367,#368,#369,#370,#371,#372,#373,#374,
#375,#376,#377,#378,#379,#380,#381,#382,#383,#384,#385,#386,#387,#388,#389,
#390,#391,#392,#393,#394,#395));
#1961=EDGE_LOOP('',(#396));
#1962=EDGE_LOOP('',(#397));
#1963=EDGE_LOOP('',(#398));
#1964=EDGE_LOOP('',(#399,#400,#401,#402,#403,#404,#405,#406,#407,#408));
#1965=EDGE_LOOP('',(#409,#410,#411,#412));
#1966=EDGE_LOOP('',(#413,#414,#415,#416));
#1967=EDGE_LOOP('',(#417,#418,#419,#420));
#1968=EDGE_LOOP('',(#421,#422,#423,#424));
#1969=EDGE_LOOP('',(#425,#426,#427,#428));
#1970=EDGE_LOOP('',(#429,#430,#431,#432,#433,#434,#435,#436,#437,#438,#439,
#440));
#1971=EDGE_LOOP('',(#441,#442,#443,#444));
#1972=EDGE_LOOP('',(#445,#446,#447));
#1973=EDGE_LOOP('',(#448,#449,#450));
#1974=EDGE_LOOP('',(#451,#452,#453,#454,#455));
#1975=EDGE_LOOP('',(#456,#457,#458,#459));
#1976=EDGE_LOOP('',(#460,#461,#462,#463,#464));
#1977=EDGE_LOOP('',(#465,#466,#467,#468));
#1978=EDGE_LOOP('',(#469,#470,#471,#472,#473,#474));
#1979=EDGE_LOOP('',(#475,#476,#477,#478));
#1980=EDGE_LOOP('',(#479,#480,#481,#482));
#1981=EDGE_LOOP('',(#483,#484,#485,#486));
#1982=EDGE_LOOP('',(#487,#488,#489,#490));
#1983=EDGE_LOOP('',(#491,#492,#493,#494));
#1984=EDGE_LOOP('',(#495,#496,#497,#498));
#1985=EDGE_LOOP('',(#499,#500,#501,#502,#503));
#1986=EDGE_LOOP('',(#504,#505,#506,#507));
#1987=EDGE_LOOP('',(#508,#509,#510,#511));
#1988=EDGE_LOOP('',(#512,#513,#514,#515,#516));
#1989=EDGE_LOOP('',(#517,#518,#519,#520));
#1990=EDGE_LOOP('',(#521,#522,#523,#524));
#1991=EDGE_LOOP('',(#525,#526,#527,#528));
#1992=EDGE_LOOP('',(#529,#530,#531,#532,#533));
#1993=EDGE_LOOP('',(#534,#535,#536,#537));
#1994=EDGE_LOOP('',(#538,#539,#540,#541,#542));
#1995=EDGE_LOOP('',(#543,#544,#545,#546));
#1996=EDGE_LOOP('',(#547,#548,#549,#550,#551));
#1997=EDGE_LOOP('',(#552,#553,#554,#555,#556));
#1998=EDGE_LOOP('',(#557,#558,#559,#560,#561));
#1999=EDGE_LOOP('',(#562,#563,#564,#565));
#2000=EDGE_LOOP('',(#566,#567,#568,#569,#570));
#2001=EDGE_LOOP('',(#571,#572,#573,#574));
#2002=EDGE_LOOP('',(#575,#576,#577,#578));
#2003=EDGE_LOOP('',(#579,#580,#581,#582));
#2004=EDGE_LOOP('',(#583,#584,#585,#586,#587));
#2005=EDGE_LOOP('',(#588,#589,#590,#591));
#2006=EDGE_LOOP('',(#592,#593,#594,#595));
#2007=EDGE_LOOP('',(#596,#597,#598,#599));
#2008=EDGE_LOOP('',(#600,#601,#602,#603));
#2009=EDGE_LOOP('',(#604,#605,#606,#607,#608));
#2010=EDGE_LOOP('',(#609,#610,#611,#612,#613));
#2011=EDGE_LOOP('',(#614,#615,#616));
#2012=EDGE_LOOP('',(#617,#618,#619,#620));
#2013=EDGE_LOOP('',(#621,#622,#623,#624));
#2014=EDGE_LOOP('',(#625,#626,#627,#628));
#2015=EDGE_LOOP('',(#629,#630,#631,#632));
#2016=EDGE_LOOP('',(#633,#634,#635,#636));
#2017=EDGE_LOOP('',(#637,#638,#639,#640));
#2018=EDGE_LOOP('',(#641,#642,#643,#644));
#2019=EDGE_LOOP('',(#645,#646,#647,#648));
#2020=EDGE_LOOP('',(#649,#650,#651,#652));
#2021=EDGE_LOOP('',(#653,#654,#655,#656));
#2022=EDGE_LOOP('',(#657,#658,#659,#660));
#2023=EDGE_LOOP('',(#661,#662,#663,#664));
#2024=EDGE_LOOP('',(#665,#666,#667,#668));
#2025=EDGE_LOOP('',(#669,#670,#671,#672));
#2026=EDGE_LOOP('',(#673,#674,#675,#676));
#2027=EDGE_LOOP('',(#677,#678,#679,#680));
#2028=EDGE_LOOP('',(#681,#682,#683,#684));
#2029=EDGE_LOOP('',(#685,#686,#687,#688));
#2030=EDGE_LOOP('',(#689,#690,#691,#692));
#2031=EDGE_LOOP('',(#693,#694,#695,#696));
#2032=EDGE_LOOP('',(#697,#698,#699,#700));
#2033=EDGE_LOOP('',(#701,#702,#703,#704));
#2034=EDGE_LOOP('',(#705,#706,#707,#708));
#2035=EDGE_LOOP('',(#709,#710,#711,#712));
#2036=EDGE_LOOP('',(#713,#714,#715,#716));
#2037=EDGE_LOOP('',(#717,#718,#719));
#2038=EDGE_LOOP('',(#720));
#2039=EDGE_LOOP('',(#721));
#2040=EDGE_LOOP('',(#722));
#2041=EDGE_LOOP('',(#723));
#2042=EDGE_LOOP('',(#724));
#2043=EDGE_LOOP('',(#725));
#2044=EDGE_LOOP('',(#726));
#2045=EDGE_LOOP('',(#727));
#2046=EDGE_LOOP('',(#728));
#2047=EDGE_LOOP('',(#729));
#2048=EDGE_LOOP('',(#730));
#2049=EDGE_LOOP('',(#731));
#2050=EDGE_LOOP('',(#732,#733,#734,#735));
#2051=EDGE_LOOP('',(#736,#737,#738,#739));
#2052=EDGE_LOOP('',(#740,#741,#742,#743));
#2053=EDGE_LOOP('',(#744,#745,#746,#747));
#2054=EDGE_LOOP('',(#748,#749,#750,#751));
#2055=EDGE_LOOP('',(#752,#753,#754,#755));
#2056=EDGE_LOOP('',(#756,#757,#758,#759));
#2057=EDGE_LOOP('',(#760,#761,#762,#763));
#2058=EDGE_LOOP('',(#764,#765,#766,#767));
#2059=EDGE_LOOP('',(#768,#769,#770,#771));
#2060=EDGE_LOOP('',(#772,#773,#774,#775));
#2061=EDGE_LOOP('',(#776,#777,#778,#779));
#2062=EDGE_LOOP('',(#780,#781,#782,#783));
#2063=EDGE_LOOP('',(#784,#785,#786,#787));
#2064=EDGE_LOOP('',(#788,#789,#790,#791));
#2065=EDGE_LOOP('',(#792,#793,#794,#795));
#2066=EDGE_LOOP('',(#796,#797,#798,#799));
#2067=EDGE_LOOP('',(#800,#801,#802,#803));
#2068=EDGE_LOOP('',(#804));
#2069=EDGE_LOOP('',(#805));
#2070=EDGE_LOOP('',(#806));
#2071=EDGE_LOOP('',(#807));
#2072=EDGE_LOOP('',(#808));
#2073=EDGE_LOOP('',(#809));
#2074=EDGE_LOOP('',(#810,#811,#812,#813));
#2075=EDGE_LOOP('',(#814));
#2076=EDGE_LOOP('',(#815));
#2077=EDGE_LOOP('',(#816));
#2078=EDGE_LOOP('',(#817,#818,#819,#820,#821,#822,#823,#824,#825,#826,#827,
#828,#829,#830,#831,#832,#833,#834,#835,#836));
#2079=EDGE_LOOP('',(#837,#838,#839,#840,#841));
#2080=EDGE_LOOP('',(#842,#843,#844,#845,#846));
#2081=EDGE_LOOP('',(#847,#848,#849,#850));
#2082=EDGE_LOOP('',(#851,#852,#853,#854));
#2083=EDGE_LOOP('',(#855,#856,#857,#858));
#2084=EDGE_LOOP('',(#859,#860,#861,#862,#863));
#2085=EDGE_LOOP('',(#864,#865,#866,#867,#868));
#2086=EDGE_LOOP('',(#869,#870,#871,#872));
#2087=EDGE_LOOP('',(#873,#874,#875,#876));
#2088=EDGE_LOOP('',(#877,#878,#879,#880));
#2089=EDGE_LOOP('',(#881,#882,#883,#884));
#2090=EDGE_LOOP('',(#885,#886,#887,#888));
#2091=EDGE_LOOP('',(#889,#890,#891,#892));
#2092=EDGE_LOOP('',(#893,#894,#895,#896));
#2093=EDGE_LOOP('',(#897,#898,#899,#900));
#2094=EDGE_LOOP('',(#901,#902,#903,#904));
#2095=EDGE_LOOP('',(#905,#906,#907,#908));
#2096=EDGE_LOOP('',(#909,#910,#911,#912));
#2097=EDGE_LOOP('',(#913,#914,#915,#916));
#2098=EDGE_LOOP('',(#917,#918,#919,#920));
#2099=EDGE_LOOP('',(#921,#922,#923,#924));
#2100=EDGE_LOOP('',(#925,#926,#927,#928));
#2101=EDGE_LOOP('',(#929,#930,#931,#932));
#2102=EDGE_LOOP('',(#933,#934,#935,#936));
#2103=EDGE_LOOP('',(#937,#938,#939,#940));
#2104=EDGE_LOOP('',(#941,#942,#943,#944));
#2105=EDGE_LOOP('',(#945,#946,#947,#948));
#2106=EDGE_LOOP('',(#949,#950,#951,#952));
#2107=EDGE_LOOP('',(#953,#954,#955,#956));
#2108=EDGE_LOOP('',(#957,#958,#959,#960));
#2109=EDGE_LOOP('',(#961,#962,#963,#964));
#2110=EDGE_LOOP('',(#965,#966,#967,#968));
#2111=EDGE_LOOP('',(#969,#970,#971,#972));
#2112=EDGE_LOOP('',(#973,#974,#975,#976));
#2113=EDGE_LOOP('',(#977,#978,#979,#980));
#2114=EDGE_LOOP('',(#981,#982,#983,#984));
#2115=EDGE_LOOP('',(#985,#986,#987,#988));
#2116=EDGE_LOOP('',(#989,#990,#991,#992));
#2117=EDGE_LOOP('',(#993,#994,#995,#996));
#2118=EDGE_LOOP('',(#997,#998,#999,#1000));
#2119=EDGE_LOOP('',(#1001,#1002,#1003,#1004));
#2120=EDGE_LOOP('',(#1005,#1006,#1007,#1008));
#2121=EDGE_LOOP('',(#1009,#1010,#1011,#1012));
#2122=EDGE_LOOP('',(#1013,#1014,#1015,#1016));
#2123=EDGE_LOOP('',(#1017,#1018,#1019,#1020));
#2124=EDGE_LOOP('',(#1021,#1022,#1023,#1024));
#2125=EDGE_LOOP('',(#1025,#1026,#1027,#1028,#1029));
#2126=EDGE_LOOP('',(#1030,#1031,#1032,#1033,#1034));
#2127=EDGE_LOOP('',(#1035,#1036,#1037,#1038));
#2128=EDGE_LOOP('',(#1039,#1040,#1041,#1042,#1043));
#2129=EDGE_LOOP('',(#1044,#1045,#1046,#1047));
#2130=EDGE_LOOP('',(#1048,#1049,#1050,#1051,#1052));
#2131=FACE_BOUND('',#1950,.T.);
#2132=FACE_BOUND('',#1951,.T.);
#2133=FACE_BOUND('',#1952,.T.);
#2134=FACE_BOUND('',#1953,.T.);
#2135=FACE_BOUND('',#1954,.T.);
#2136=FACE_BOUND('',#1955,.T.);
#2137=FACE_BOUND('',#1956,.T.);
#2138=FACE_BOUND('',#1957,.T.);
#2139=FACE_BOUND('',#1958,.T.);
#2140=FACE_BOUND('',#1959,.T.);
#2141=FACE_BOUND('',#1960,.T.);
#2142=FACE_BOUND('',#1961,.T.);
#2143=FACE_BOUND('',#1962,.T.);
#2144=FACE_BOUND('',#1963,.T.);
#2145=FACE_BOUND('',#1964,.T.);
#2146=FACE_BOUND('',#1965,.T.);
#2147=FACE_BOUND('',#1966,.T.);
#2148=FACE_BOUND('',#1967,.T.);
#2149=FACE_BOUND('',#1968,.T.);
#2150=FACE_BOUND('',#1969,.T.);
#2151=FACE_BOUND('',#1970,.T.);
#2152=FACE_BOUND('',#1971,.T.);
#2153=FACE_BOUND('',#1972,.T.);
#2154=FACE_BOUND('',#1973,.T.);
#2155=FACE_BOUND('',#1974,.T.);
#2156=FACE_BOUND('',#1975,.T.);
#2157=FACE_BOUND('',#1976,.T.);
#2158=FACE_BOUND('',#1977,.T.);
#2159=FACE_BOUND('',#1978,.T.);
#2160=FACE_BOUND('',#1979,.T.);
#2161=FACE_BOUND('',#1980,.T.);
#2162=FACE_BOUND('',#1981,.T.);
#2163=FACE_BOUND('',#1982,.T.);
#2164=FACE_BOUND('',#1983,.T.);
#2165=FACE_BOUND('',#1984,.T.);
#2166=FACE_BOUND('',#1985,.T.);
#2167=FACE_BOUND('',#1986,.T.);
#2168=FACE_BOUND('',#1987,.T.);
#2169=FACE_BOUND('',#1988,.T.);
#2170=FACE_BOUND('',#1989,.T.);
#2171=FACE_BOUND('',#1990,.T.);
#2172=FACE_BOUND('',#1991,.T.);
#2173=FACE_BOUND('',#1992,.T.);
#2174=FACE_BOUND('',#1993,.T.);
#2175=FACE_BOUND('',#1994,.T.);
#2176=FACE_BOUND('',#1995,.T.);
#2177=FACE_BOUND('',#1996,.T.);
#2178=FACE_BOUND('',#1997,.T.);
#2179=FACE_BOUND('',#1998,.T.);
#2180=FACE_BOUND('',#1999,.T.);
#2181=FACE_BOUND('',#2000,.T.);
#2182=FACE_BOUND('',#2001,.T.);
#2183=FACE_BOUND('',#2002,.T.);
#2184=FACE_BOUND('',#2003,.T.);
#2185=FACE_BOUND('',#2004,.T.);
#2186=FACE_BOUND('',#2005,.T.);
#2187=FACE_BOUND('',#2006,.T.);
#2188=FACE_BOUND('',#2007,.T.);
#2189=FACE_BOUND('',#2008,.T.);
#2190=FACE_BOUND('',#2009,.T.);
#2191=FACE_BOUND('',#2010,.T.);
#2192=FACE_BOUND('',#2011,.T.);
#2193=FACE_BOUND('',#2012,.T.);
#2194=FACE_BOUND('',#2013,.T.);
#2195=FACE_BOUND('',#2014,.T.);
#2196=FACE_BOUND('',#2015,.T.);
#2197=FACE_BOUND('',#2016,.T.);
#2198=FACE_BOUND('',#2017,.T.);
#2199=FACE_BOUND('',#2018,.T.);
#2200=FACE_BOUND('',#2019,.T.);
#2201=FACE_BOUND('',#2020,.T.);
#2202=FACE_BOUND('',#2021,.T.);
#2203=FACE_BOUND('',#2022,.T.);
#2204=FACE_BOUND('',#2023,.T.);
#2205=FACE_BOUND('',#2024,.T.);
#2206=FACE_BOUND('',#2025,.T.);
#2207=FACE_BOUND('',#2026,.T.);
#2208=FACE_BOUND('',#2027,.T.);
#2209=FACE_BOUND('',#2028,.T.);
#2210=FACE_BOUND('',#2029,.T.);
#2211=FACE_BOUND('',#2030,.T.);
#2212=FACE_BOUND('',#2031,.T.);
#2213=FACE_BOUND('',#2032,.T.);
#2214=FACE_BOUND('',#2033,.T.);
#2215=FACE_BOUND('',#2034,.T.);
#2216=FACE_BOUND('',#2035,.T.);
#2217=FACE_BOUND('',#2036,.T.);
#2218=FACE_BOUND('',#2037,.T.);
#2219=FACE_BOUND('',#2038,.T.);
#2220=FACE_BOUND('',#2039,.T.);
#2221=FACE_BOUND('',#2040,.T.);
#2222=FACE_BOUND('',#2041,.T.);
#2223=FACE_BOUND('',#2042,.T.);
#2224=FACE_BOUND('',#2043,.T.);
#2225=FACE_BOUND('',#2044,.T.);
#2226=FACE_BOUND('',#2045,.T.);
#2227=FACE_BOUND('',#2046,.T.);
#2228=FACE_BOUND('',#2047,.T.);
#2229=FACE_BOUND('',#2048,.T.);
#2230=FACE_BOUND('',#2049,.T.);
#2231=FACE_BOUND('',#2050,.T.);
#2232=FACE_BOUND('',#2051,.T.);
#2233=FACE_BOUND('',#2052,.T.);
#2234=FACE_BOUND('',#2053,.T.);
#2235=FACE_BOUND('',#2054,.T.);
#2236=FACE_BOUND('',#2055,.T.);
#2237=FACE_BOUND('',#2056,.T.);
#2238=FACE_BOUND('',#2057,.T.);
#2239=FACE_BOUND('',#2058,.T.);
#2240=FACE_BOUND('',#2059,.T.);
#2241=FACE_BOUND('',#2060,.T.);
#2242=FACE_BOUND('',#2061,.T.);
#2243=FACE_BOUND('',#2062,.T.);
#2244=FACE_BOUND('',#2063,.T.);
#2245=FACE_BOUND('',#2064,.T.);
#2246=FACE_BOUND('',#2065,.T.);
#2247=FACE_BOUND('',#2066,.T.);
#2248=FACE_BOUND('',#2067,.T.);
#2249=FACE_BOUND('',#2068,.T.);
#2250=FACE_BOUND('',#2069,.T.);
#2251=FACE_BOUND('',#2070,.T.);
#2252=FACE_BOUND('',#2071,.T.);
#2253=FACE_BOUND('',#2072,.T.);
#2254=FACE_BOUND('',#2073,.T.);
#2255=FACE_BOUND('',#2074,.T.);
#2256=FACE_BOUND('',#2075,.T.);
#2257=FACE_BOUND('',#2076,.T.);
#2258=FACE_BOUND('',#2077,.T.);
#2259=FACE_BOUND('',#2078,.T.);
#2260=FACE_BOUND('',#2079,.T.);
#2261=FACE_BOUND('',#2080,.T.);
#2262=FACE_BOUND('',#2081,.T.);
#2263=FACE_BOUND('',#2082,.T.);
#2264=FACE_BOUND('',#2083,.T.);
#2265=FACE_BOUND('',#2084,.T.);
#2266=FACE_BOUND('',#2085,.T.);
#2267=FACE_BOUND('',#2086,.T.);
#2268=FACE_BOUND('',#2087,.T.);
#2269=FACE_BOUND('',#2088,.T.);
#2270=FACE_BOUND('',#2089,.T.);
#2271=FACE_BOUND('',#2090,.T.);
#2272=FACE_BOUND('',#2091,.T.);
#2273=FACE_BOUND('',#2092,.T.);
#2274=FACE_BOUND('',#2093,.T.);
#2275=FACE_BOUND('',#2094,.T.);
#2276=FACE_BOUND('',#2095,.T.);
#2277=FACE_BOUND('',#2096,.T.);
#2278=FACE_BOUND('',#2097,.T.);
#2279=FACE_BOUND('',#2098,.T.);
#2280=FACE_BOUND('',#2099,.T.);
#2281=FACE_BOUND('',#2100,.T.);
#2282=FACE_BOUND('',#2101,.T.);
#2283=FACE_BOUND('',#2102,.T.);
#2284=FACE_BOUND('',#2103,.T.);
#2285=FACE_BOUND('',#2104,.T.);
#2286=FACE_BOUND('',#2105,.T.);
#2287=FACE_BOUND('',#2106,.T.);
#2288=FACE_BOUND('',#2107,.T.);
#2289=FACE_BOUND('',#2108,.T.);
#2290=FACE_BOUND('',#2109,.T.);
#2291=FACE_BOUND('',#2110,.T.);
#2292=FACE_BOUND('',#2111,.T.);
#2293=FACE_BOUND('',#2112,.T.);
#2294=FACE_BOUND('',#2113,.T.);
#2295=FACE_BOUND('',#2114,.T.);
#2296=FACE_BOUND('',#2115,.T.);
#2297=FACE_BOUND('',#2116,.T.);
#2298=FACE_BOUND('',#2117,.T.);
#2299=FACE_BOUND('',#2118,.T.);
#2300=FACE_BOUND('',#2119,.T.);
#2301=FACE_BOUND('',#2120,.T.);
#2302=FACE_BOUND('',#2121,.T.);
#2303=FACE_BOUND('',#2122,.T.);
#2304=FACE_BOUND('',#2123,.T.);
#2305=FACE_BOUND('',#2124,.T.);
#2306=FACE_BOUND('',#2125,.T.);
#2307=FACE_BOUND('',#2126,.T.);
#2308=FACE_BOUND('',#2127,.T.);
#2309=FACE_BOUND('',#2128,.T.);
#2310=FACE_BOUND('',#2129,.T.);
#2311=FACE_BOUND('',#2130,.T.);
#2312=CYLINDRICAL_SURFACE('',#2552,1.);
#2313=CYLINDRICAL_SURFACE('',#2555,1.);
#2314=CYLINDRICAL_SURFACE('',#2558,1.5);
#2315=CYLINDRICAL_SURFACE('',#2566,1.5);
#2316=CYLINDRICAL_SURFACE('',#2600,1.);
#2317=CYLINDRICAL_SURFACE('',#2602,1.);
#2318=CYLINDRICAL_SURFACE('',#2607,1.);
#2319=CYLINDRICAL_SURFACE('',#2609,1.);
#2320=CYLINDRICAL_SURFACE('',#2611,1.);
#2321=CYLINDRICAL_SURFACE('',#2616,3.6);
#2322=CYLINDRICAL_SURFACE('',#2622,3.);
#2323=CYLINDRICAL_SURFACE('',#2626,3.);
#2324=CYLINDRICAL_SURFACE('',#2628,3.);
#2325=CYLINDRICAL_SURFACE('',#2632,3.6);
#2326=CYLINDRICAL_SURFACE('',#2638,3.);
#2327=CYLINDRICAL_SURFACE('',#2642,3.);
#2328=CYLINDRICAL_SURFACE('',#2645,3.);
#2329=CYLINDRICAL_SURFACE('',#2657,3.);
#2330=CYLINDRICAL_SURFACE('',#2662,3.);
#2331=CYLINDRICAL_SURFACE('',#2665,3.);
#2332=CYLINDRICAL_SURFACE('',#2670,3.);
#2333=CYLINDRICAL_SURFACE('',#2673,3.);
#2334=CYLINDRICAL_SURFACE('',#2675,3.);
#2335=CYLINDRICAL_SURFACE('',#2677,3.);
#2336=CYLINDRICAL_SURFACE('',#2679,3.);
#2337=CYLINDRICAL_SURFACE('',#2684,0.4);
#2338=CYLINDRICAL_SURFACE('',#2688,0.4);
#2339=CYLINDRICAL_SURFACE('',#2691,0.4);
#2340=CYLINDRICAL_SURFACE('',#2696,0.4);
#2341=CYLINDRICAL_SURFACE('',#2699,0.4);
#2342=CYLINDRICAL_SURFACE('',#2702,0.4);
#2343=CYLINDRICAL_SURFACE('',#2707,0.4);
#2344=CYLINDRICAL_SURFACE('',#2710,0.4);
#2345=CYLINDRICAL_SURFACE('',#2714,0.4);
#2346=CYLINDRICAL_SURFACE('',#2718,2.2);
#2347=CYLINDRICAL_SURFACE('',#2721,1.7);
#2348=CYLINDRICAL_SURFACE('',#2724,1.7);
#2349=CYLINDRICAL_SURFACE('',#2761,3.);
#2350=CYLINDRICAL_SURFACE('',#2771,3.);
#2351=CYLINDRICAL_SURFACE('',#2776,0.2);
#2352=CYLINDRICAL_SURFACE('',#2778,0.2);
#2353=CYLINDRICAL_SURFACE('',#2787,0.2);
#2354=CYLINDRICAL_SURFACE('',#2789,0.2);
#2355=CYLINDRICAL_SURFACE('',#2791,0.2);
#2356=CYLINDRICAL_SURFACE('',#2793,0.2);
#2357=CYLINDRICAL_SURFACE('',#2799,0.2);
#2358=CYLINDRICAL_SURFACE('',#2802,0.2);
#2359=CYLINDRICAL_SURFACE('',#2804,0.2);
#2360=CYLINDRICAL_SURFACE('',#2813,0.2);
#2361=CYLINDRICAL_SURFACE('',#2815,0.2);
#2362=CYLINDRICAL_SURFACE('',#2817,0.2);
#2363=CYLINDRICAL_SURFACE('',#2819,0.2);
#2364=CYLINDRICAL_SURFACE('',#2825,0.2);
#2365=CYLINDRICAL_SURFACE('',#2829,0.2);
#2366=CYLINDRICAL_SURFACE('',#2831,0.2);
#2367=CYLINDRICAL_SURFACE('',#2833,0.2);
#2368=CYLINDRICAL_SURFACE('',#2837,0.2);
#2369=CYLINDRICAL_SURFACE('',#2839,0.2);
#2370=CYLINDRICAL_SURFACE('',#2841,0.2);
#2371=CYLINDRICAL_SURFACE('',#2844,0.2);
#2372=CYLINDRICAL_SURFACE('',#2846,0.2);
#2373=CYLINDRICAL_SURFACE('',#2848,0.2);
#2374=CYLINDRICAL_SURFACE('',#2851,0.2);
#2375=CYLINDRICAL_SURFACE('',#2853,0.2);
#2376=CYLINDRICAL_SURFACE('',#2855,0.2);
#2377=ADVANCED_FACE('',(#2131),#2312,.T.);
#2378=ADVANCED_FACE('',(#2132),#2313,.T.);
#2379=ADVANCED_FACE('',(#2133),#2314,.F.);
#2380=ADVANCED_FACE('',(#2134),#72,.F.);
#2381=ADVANCED_FACE('',(#2135),#73,.F.);
#2382=ADVANCED_FACE('',(#2136),#74,.F.);
#2383=ADVANCED_FACE('',(#2137),#2315,.F.);
#2384=ADVANCED_FACE('',(#2138),#75,.F.);
#2385=ADVANCED_FACE('',(#2139),#76,.F.);
#2386=ADVANCED_FACE('',(#2140),#77,.F.);
#2387=ADVANCED_FACE('',(#2141,#2142,#2143,#2144),#78,.F.);
#2388=ADVANCED_FACE('',(#2145),#79,.F.);
#2389=ADVANCED_FACE('',(#2146),#70,.T.);
#2390=ADVANCED_FACE('',(#2147),#71,.T.);
#2391=ADVANCED_FACE('',(#2148),#2316,.T.);
#2392=ADVANCED_FACE('',(#2149),#80,.F.);
#2393=ADVANCED_FACE('',(#2150),#2317,.T.);
#2394=ADVANCED_FACE('',(#2151),#81,.T.);
#2395=ADVANCED_FACE('',(#2152),#82,.F.);
#2396=ADVANCED_FACE('',(#2153),#2318,.T.);
#2397=ADVANCED_FACE('',(#2154),#2319,.T.);
#2398=ADVANCED_FACE('',(#2155),#2320,.T.);
#2399=ADVANCED_FACE('',(#2156),#83,.F.);
#2400=ADVANCED_FACE('',(#2157),#84,.F.);
#2401=ADVANCED_FACE('',(#2158),#2321,.T.);
#2402=ADVANCED_FACE('',(#2159),#85,.T.);
#2403=ADVANCED_FACE('',(#2160),#2322,.T.);
#2404=ADVANCED_FACE('',(#2161),#44,.T.);
#2405=ADVANCED_FACE('',(#2162),#2323,.T.);
#2406=ADVANCED_FACE('',(#2163),#2324,.T.);
#2407=ADVANCED_FACE('',(#2164),#45,.T.);
#2408=ADVANCED_FACE('',(#2165),#2325,.T.);
#2409=ADVANCED_FACE('',(#2166),#86,.F.);
#2410=ADVANCED_FACE('',(#2167),#87,.T.);
#2411=ADVANCED_FACE('',(#2168),#88,.F.);
#2412=ADVANCED_FACE('',(#2169),#2326,.F.);
#2413=ADVANCED_FACE('',(#2170),#46,.F.);
#2414=ADVANCED_FACE('',(#2171),#2327,.F.);
#2415=ADVANCED_FACE('',(#2172),#47,.F.);
#2416=ADVANCED_FACE('',(#2173),#2328,.F.);
#2417=ADVANCED_FACE('',(#2174,#2175),#89,.F.);
#2418=ADVANCED_FACE('',(#2176,#2177),#90,.F.);
#2419=ADVANCED_FACE('',(#2178),#91,.F.);
#2420=ADVANCED_FACE('',(#2179),#92,.T.);
#2421=ADVANCED_FACE('',(#2180),#2329,.F.);
#2422=ADVANCED_FACE('',(#2181),#48,.F.);
#2423=ADVANCED_FACE('',(#2182),#28,.F.);
#2424=ADVANCED_FACE('',(#2183),#2330,.T.);
#2425=ADVANCED_FACE('',(#2184),#2331,.F.);
#2426=ADVANCED_FACE('',(#2185),#49,.F.);
#2427=ADVANCED_FACE('',(#2186),#29,.F.);
#2428=ADVANCED_FACE('',(#2187),#2332,.T.);
#2429=ADVANCED_FACE('',(#2188),#2333,.T.);
#2430=ADVANCED_FACE('',(#2189),#2334,.T.);
#2431=ADVANCED_FACE('',(#2190),#2335,.T.);
#2432=ADVANCED_FACE('',(#2191),#2336,.T.);
#2433=ADVANCED_FACE('',(#2192),#50,.T.);
#2434=ADVANCED_FACE('',(#2193),#51,.T.);
#2435=ADVANCED_FACE('',(#2194),#52,.T.);
#2436=ADVANCED_FACE('',(#2195),#2337,.T.);
#2437=ADVANCED_FACE('',(#2196),#30,.T.);
#2438=ADVANCED_FACE('',(#2197),#2338,.T.);
#2439=ADVANCED_FACE('',(#2198),#53,.T.);
#2440=ADVANCED_FACE('',(#2199),#2339,.T.);
#2441=ADVANCED_FACE('',(#2200),#54,.T.);
#2442=ADVANCED_FACE('',(#2201),#55,.T.);
#2443=ADVANCED_FACE('',(#2202),#56,.T.);
#2444=ADVANCED_FACE('',(#2203),#2340,.T.);
#2445=ADVANCED_FACE('',(#2204),#57,.T.);
#2446=ADVANCED_FACE('',(#2205),#2341,.T.);
#2447=ADVANCED_FACE('',(#2206),#58,.T.);
#2448=ADVANCED_FACE('',(#2207),#2342,.T.);
#2449=ADVANCED_FACE('',(#2208),#59,.T.);
#2450=ADVANCED_FACE('',(#2209),#60,.T.);
#2451=ADVANCED_FACE('',(#2210),#61,.T.);
#2452=ADVANCED_FACE('',(#2211),#2343,.T.);
#2453=ADVANCED_FACE('',(#2212),#62,.T.);
#2454=ADVANCED_FACE('',(#2213),#2344,.T.);
#2455=ADVANCED_FACE('',(#2214),#31,.T.);
#2456=ADVANCED_FACE('',(#2215),#2345,.T.);
#2457=ADVANCED_FACE('',(#2216),#63,.T.);
#2458=ADVANCED_FACE('',(#2217),#64,.T.);
#2459=ADVANCED_FACE('',(#2218),#65,.T.);
#2460=ADVANCED_FACE('',(#2219,#2220),#2346,.F.);
#2461=ADVANCED_FACE('',(#2221,#2222),#2347,.F.);
#2462=ADVANCED_FACE('',(#2223,#2224),#2348,.F.);
#2463=ADVANCED_FACE('',(#2225,#2226),#18,.F.);
#2464=ADVANCED_FACE('',(#2227,#2228),#19,.F.);
#2465=ADVANCED_FACE('',(#2229,#2230),#20,.F.);
#2466=ADVANCED_FACE('',(#2231),#93,.T.);
#2467=ADVANCED_FACE('',(#2232),#21,.T.);
#2468=ADVANCED_FACE('',(#2233),#94,.T.);
#2469=ADVANCED_FACE('',(#2234),#22,.F.);
#2470=ADVANCED_FACE('',(#2235),#95,.T.);
#2471=ADVANCED_FACE('',(#2236),#12,.F.);
#2472=ADVANCED_FACE('',(#2237),#96,.T.);
#2473=ADVANCED_FACE('',(#2238),#13,.F.);
#2474=ADVANCED_FACE('',(#2239),#97,.T.);
#2475=ADVANCED_FACE('',(#2240),#23,.F.);
#2476=ADVANCED_FACE('',(#2241),#98,.T.);
#2477=ADVANCED_FACE('',(#2242),#24,.T.);
#2478=ADVANCED_FACE('',(#2243),#99,.T.);
#2479=ADVANCED_FACE('',(#2244),#14,.F.);
#2480=ADVANCED_FACE('',(#2245),#100,.T.);
#2481=ADVANCED_FACE('',(#2246),#15,.F.);
#2482=ADVANCED_FACE('',(#2247),#16,.F.);
#2483=ADVANCED_FACE('',(#2248),#101,.T.);
#2484=ADVANCED_FACE('',(#2249,#2250),#25,.F.);
#2485=ADVANCED_FACE('',(#2251,#2252),#26,.F.);
#2486=ADVANCED_FACE('',(#2253,#2254),#27,.F.);
#2487=ADVANCED_FACE('',(#2255),#17,.F.);
#2488=ADVANCED_FACE('',(#2256,#2257,#2258,#2259),#102,.T.);
#2489=ADVANCED_FACE('',(#2260),#103,.F.);
#2490=ADVANCED_FACE('',(#2261),#104,.T.);
#2491=ADVANCED_FACE('',(#2262,#2263),#105,.T.);
#2492=ADVANCED_FACE('',(#2264),#2349,.F.);
#2493=ADVANCED_FACE('',(#2265),#106,.F.);
#2494=ADVANCED_FACE('',(#2266),#107,.T.);
#2495=ADVANCED_FACE('',(#2267,#2268),#108,.T.);
#2496=ADVANCED_FACE('',(#2269),#2350,.F.);
#2497=ADVANCED_FACE('',(#2270),#66,.T.);
#2498=ADVANCED_FACE('',(#2271),#2351,.T.);
#2499=ADVANCED_FACE('',(#2272),#2352,.T.);
#2500=ADVANCED_FACE('',(#2273),#32,.T.);
#2501=ADVANCED_FACE('',(#2274),#33,.F.);
#2502=ADVANCED_FACE('',(#2275),#34,.T.);
#2503=ADVANCED_FACE('',(#2276),#2353,.T.);
#2504=ADVANCED_FACE('',(#2277),#2354,.F.);
#2505=ADVANCED_FACE('',(#2278),#2355,.F.);
#2506=ADVANCED_FACE('',(#2279),#2356,.T.);
#2507=ADVANCED_FACE('',(#2280),#35,.T.);
#2508=ADVANCED_FACE('',(#2281),#36,.T.);
#2509=ADVANCED_FACE('',(#2282),#2357,.T.);
#2510=ADVANCED_FACE('',(#2283),#67,.T.);
#2511=ADVANCED_FACE('',(#2284),#2358,.T.);
#2512=ADVANCED_FACE('',(#2285),#2359,.T.);
#2513=ADVANCED_FACE('',(#2286),#37,.T.);
#2514=ADVANCED_FACE('',(#2287),#38,.F.);
#2515=ADVANCED_FACE('',(#2288),#39,.T.);
#2516=ADVANCED_FACE('',(#2289),#2360,.T.);
#2517=ADVANCED_FACE('',(#2290),#2361,.F.);
#2518=ADVANCED_FACE('',(#2291),#2362,.F.);
#2519=ADVANCED_FACE('',(#2292),#2363,.T.);
#2520=ADVANCED_FACE('',(#2293),#40,.T.);
#2521=ADVANCED_FACE('',(#2294),#41,.T.);
#2522=ADVANCED_FACE('',(#2295),#2364,.T.);
#2523=ADVANCED_FACE('',(#2296),#42,.T.);
#2524=ADVANCED_FACE('',(#2297),#2365,.T.);
#2525=ADVANCED_FACE('',(#2298),#2366,.T.);
#2526=ADVANCED_FACE('',(#2299),#2367,.T.);
#2527=ADVANCED_FACE('',(#2300),#43,.T.);
#2528=ADVANCED_FACE('',(#2301),#2368,.T.);
#2529=ADVANCED_FACE('',(#2302),#2369,.T.);
#2530=ADVANCED_FACE('',(#2303),#2370,.T.);
#2531=ADVANCED_FACE('',(#2304),#68,.T.);
#2532=ADVANCED_FACE('',(#2305),#2371,.T.);
#2533=ADVANCED_FACE('',(#2306),#2372,.T.);
#2534=ADVANCED_FACE('',(#2307),#2373,.T.);
#2535=ADVANCED_FACE('',(#2308),#69,.T.);
#2536=ADVANCED_FACE('',(#2309),#2374,.T.);
#2537=ADVANCED_FACE('',(#2310),#2375,.T.);
#2538=ADVANCED_FACE('',(#2311),#2376,.T.);
#2539=CLOSED_SHELL('',(#2377,#2378,#2379,#2380,#2381,#2382,#2383,#2384,
#2385,#2386,#2387,#2388,#2389,#2390,#2391,#2392,#2393,#2394,#2395,#2396,
#2397,#2398,#2399,#2400,#2401,#2402,#2403,#2404,#2405,#2406,#2407,#2408,
#2409,#2410,#2411,#2412,#2413,#2414,#2415,#2416,#2417,#2418,#2419,#2420,
#2421,#2422,#2423,#2424,#2425,#2426,#2427,#2428,#2429,#2430,#2431,#2432,
#2433,#2434,#2435,#2436,#2437,#2438,#2439,#2440,#2441,#2442,#2443,#2444,
#2445,#2446,#2447,#2448,#2449,#2450,#2451,#2452,#2453,#2454,#2455,#2456,
#2457,#2458,#2459,#2460,#2461,#2462,#2463,#2464,#2465,#2466,#2467,#2468,
#2469,#2470,#2471,#2472,#2473,#2474,#2475,#2476,#2477,#2478,#2479,#2480,
#2481,#2482,#2483,#2484,#2485,#2486,#2487,#2488,#2489,#2490,#2491,#2492,
#2493,#2494,#2495,#2496,#2497,#2498,#2499,#2500,#2501,#2502,#2503,#2504,
#2505,#2506,#2507,#2508,#2509,#2510,#2511,#2512,#2513,#2514,#2515,#2516,
#2517,#2518,#2519,#2520,#2521,#2522,#2523,#2524,#2525,#2526,#2527,#2528,
#2529,#2530,#2531,#2532,#2533,#2534,#2535,#2536,#2537,#2538));
#2540=STYLED_ITEM('',(#2541),#2548);
#2541=PRESENTATION_STYLE_ASSIGNMENT((#2542));
#2542=SURFACE_STYLE_USAGE(.BOTH.,#2543);
#2543=SURFACE_SIDE_STYLE('',(#2544));
#2544=SURFACE_STYLE_FILL_AREA(#2545);
#2545=FILL_AREA_STYLE('',(#2546));
#2546=FILL_AREA_STYLE_COLOUR('',#2547);
#2547=COLOUR_RGB('',0.290196078431373,0.435294117647059,0.647058823529412);
#2548=MANIFOLD_SOLID_BREP('[a]_wwbmg-adapter_sherpa_tap',#2539);
#2549=SHAPE_DEFINITION_REPRESENTATION(#5072,#2550);
#2550=SHAPE_REPRESENTATION('[a]_wwbmg-adapter_sherpa_tap',(#2551),#5067);
#2551=AXIS2_PLACEMENT_3D('',#3623,#2856,#2857);
#2552=AXIS2_PLACEMENT_3D('',#3624,#2858,#2859);
#2553=AXIS2_PLACEMENT_3D('',#3628,#2861,#2862);
#2554=AXIS2_PLACEMENT_3D('',#3632,#2864,#2865);
#2555=AXIS2_PLACEMENT_3D('',#3633,#2866,#2867);
#2556=AXIS2_PLACEMENT_3D('',#3637,#2869,#2870);
#2557=AXIS2_PLACEMENT_3D('',#3646,#2872,#2873);
#2558=AXIS2_PLACEMENT_3D('',#3647,#2874,#2875);
#2559=AXIS2_PLACEMENT_3D('',#3651,#2877,#2878);
#2560=AXIS2_PLACEMENT_3D('',#3655,#2880,#2881);
#2561=AXIS2_PLACEMENT_3D('',#3656,#2882,#2883);
#2562=AXIS2_PLACEMENT_3D('',#3661,#2886,#2887);
#2563=AXIS2_PLACEMENT_3D('',#3664,#2889,#2890);
#2564=AXIS2_PLACEMENT_3D('',#3669,#2893,#2894);
#2565=AXIS2_PLACEMENT_3D('',#3672,#2896,#2897);
#2566=AXIS2_PLACEMENT_3D('',#3675,#2900,#2901);
#2567=AXIS2_PLACEMENT_3D('',#3679,#2903,#2904);
#2568=AXIS2_PLACEMENT_3D('',#3683,#2906,#2907);
#2569=AXIS2_PLACEMENT_3D('',#3684,#2908,#2909);
#2570=AXIS2_PLACEMENT_3D('',#3690,#2913,#2914);
#2571=AXIS2_PLACEMENT_3D('',#3697,#2918,#2919);
#2572=AXIS2_PLACEMENT_3D('',#3698,#2920,#2921);
#2573=AXIS2_PLACEMENT_3D('',#3702,#2924,#2925);
#2574=AXIS2_PLACEMENT_3D('',#3703,#2926,#2927);
#2575=AXIS2_PLACEMENT_3D('',#3704,#2928,#2929);
#2576=AXIS2_PLACEMENT_3D('',#3725,#2933,#2934);
#2577=AXIS2_PLACEMENT_3D('',#3729,#2936,#2937);
#2578=AXIS2_PLACEMENT_3D('',#3735,#2940,#2941);
#2579=AXIS2_PLACEMENT_3D('',#3739,#2943,#2944);
#2580=AXIS2_PLACEMENT_3D('',#3745,#2947,#2948);
#2581=AXIS2_PLACEMENT_3D('',#3749,#2950,#2951);
#2582=AXIS2_PLACEMENT_3D('',#3766,#2954,#2955);
#2583=AXIS2_PLACEMENT_3D('',#3770,#2957,#2958);
#2584=AXIS2_PLACEMENT_3D('',#3775,#2961,#2962);
#2585=AXIS2_PLACEMENT_3D('',#3778,#2964,#2965);
#2586=AXIS2_PLACEMENT_3D('',#3780,#2966,#2967);
#2587=AXIS2_PLACEMENT_3D('',#3782,#2968,#2969);
#2588=AXIS2_PLACEMENT_3D('',#3784,#2970,#2971);
#2589=AXIS2_PLACEMENT_3D('',#3790,#2974,#2975);
#2590=AXIS2_PLACEMENT_3D('',#3794,#2977,#2978);
#2591=AXIS2_PLACEMENT_3D('',#3811,#2982,#2983);
#2592=AXIS2_PLACEMENT_3D('',#3812,#2984,#2985);
#2593=AXIS2_PLACEMENT_3D('',#3814,#2986,#2987);
#2594=AXIS2_PLACEMENT_3D('',#3816,#2988,#2989);
#2595=AXIS2_PLACEMENT_3D('',#3817,#2990,#2991);
#2596=AXIS2_PLACEMENT_3D('',#3818,#2992,#2993);
#2597=AXIS2_PLACEMENT_3D('',#3821,#2994,#2995);
#2598=AXIS2_PLACEMENT_3D('',#3823,#2996,#2997);
#2599=AXIS2_PLACEMENT_3D('',#3825,#2998,#2999);
#2600=AXIS2_PLACEMENT_3D('',#3826,#3000,#3001);
#2601=AXIS2_PLACEMENT_3D('',#3840,#3004,#3005);
#2602=AXIS2_PLACEMENT_3D('',#3846,#3009,#3010);
#2603=AXIS2_PLACEMENT_3D('',#3860,#3013,#3014);
#2604=AXIS2_PLACEMENT_3D('',#3865,#3017,#3018);
#2605=AXIS2_PLACEMENT_3D('',#3870,#3021,#3022);
#2606=AXIS2_PLACEMENT_3D('',#3874,#3025,#3026);
#2607=AXIS2_PLACEMENT_3D('',#3880,#3030,#3031);
#2608=AXIS2_PLACEMENT_3D('',#3881,#3032,#3033);
#2609=AXIS2_PLACEMENT_3D('',#3882,#3034,#3035);
#2610=AXIS2_PLACEMENT_3D('',#3883,#3036,#3037);
#2611=AXIS2_PLACEMENT_3D('',#3884,#3038,#3039);
#2612=AXIS2_PLACEMENT_3D('',#3885,#3040,#3041);
#2613=AXIS2_PLACEMENT_3D('',#3890,#3042,#3043);
#2614=AXIS2_PLACEMENT_3D('',#3899,#3048,#3049);
#2615=AXIS2_PLACEMENT_3D('',#3900,#3050,#3051);
#2616=AXIS2_PLACEMENT_3D('',#3910,#3056,#3057);
#2617=AXIS2_PLACEMENT_3D('',#3911,#3058,#3059);
#2618=AXIS2_PLACEMENT_3D('',#3912,#3060,#3061);
#2619=AXIS2_PLACEMENT_3D('',#3913,#3062,#3063);
#2620=AXIS2_PLACEMENT_3D('',#3921,#3067,#3068);
#2621=AXIS2_PLACEMENT_3D('',#3925,#3070,#3071);
#2622=AXIS2_PLACEMENT_3D('',#3926,#3072,#3073);
#2623=AXIS2_PLACEMENT_3D('',#3927,#3074,#3075);
#2624=AXIS2_PLACEMENT_3D('',#3928,#3076,#3077);
#2625=AXIS2_PLACEMENT_3D('',#3941,#3078,#3079);
#2626=AXIS2_PLACEMENT_3D('',#3942,#3080,#3081);
#2627=AXIS2_PLACEMENT_3D('',#3943,#3082,#3083);
#2628=AXIS2_PLACEMENT_3D('',#3944,#3084,#3085);
#2629=AXIS2_PLACEMENT_3D('',#3948,#3087,#3088);
#2630=AXIS2_PLACEMENT_3D('',#3949,#3089,#3090);
#2631=AXIS2_PLACEMENT_3D('',#3962,#3091,#3092);
#2632=AXIS2_PLACEMENT_3D('',#3963,#3093,#3094);
#2633=AXIS2_PLACEMENT_3D('',#3964,#3095,#3096);
#2634=AXIS2_PLACEMENT_3D('',#3967,#3098,#3099);
#2635=AXIS2_PLACEMENT_3D('',#3970,#3101,#3102);
#2636=AXIS2_PLACEMENT_3D('',#3973,#3104,#3105);
#2637=AXIS2_PLACEMENT_3D('',#3982,#3110,#3111);
#2638=AXIS2_PLACEMENT_3D('',#3991,#3116,#3117);
#2639=AXIS2_PLACEMENT_3D('',#3997,#3118,#3119);
#2640=AXIS2_PLACEMENT_3D('',#3998,#3120,#3121);
#2641=AXIS2_PLACEMENT_3D('',#4014,#3122,#3123);
#2642=AXIS2_PLACEMENT_3D('',#4015,#3124,#3125);
#2643=AXIS2_PLACEMENT_3D('',#4016,#3126,#3127);
#2644=AXIS2_PLACEMENT_3D('',#4032,#3128,#3129);
#2645=AXIS2_PLACEMENT_3D('',#4033,#3130,#3131);
#2646=AXIS2_PLACEMENT_3D('',#4034,#3132,#3133);
#2647=AXIS2_PLACEMENT_3D('',#4040,#3134,#3135);
#2648=AXIS2_PLACEMENT_3D('',#4048,#3139,#3140);
#2649=AXIS2_PLACEMENT_3D('',#4052,#3142,#3143);
#2650=AXIS2_PLACEMENT_3D('',#4059,#3147,#3148);
#2651=AXIS2_PLACEMENT_3D('',#4067,#3152,#3153);
#2652=AXIS2_PLACEMENT_3D('',#4073,#3156,#3157);
#2653=AXIS2_PLACEMENT_3D('',#4078,#3160,#3161);
#2654=AXIS2_PLACEMENT_3D('',#4084,#3164,#3165);
#2655=AXIS2_PLACEMENT_3D('',#4089,#3168,#3169);
#2656=AXIS2_PLACEMENT_3D('',#4090,#3170,#3171);
#2657=AXIS2_PLACEMENT_3D('',#4100,#3176,#3177);
#2658=AXIS2_PLACEMENT_3D('',#4101,#3178,#3179);
#2659=AXIS2_PLACEMENT_3D('',#4102,#3180,#3181);
#2660=AXIS2_PLACEMENT_3D('',#4135,#3182,#3183);
#2661=AXIS2_PLACEMENT_3D('',#4136,#3184,#3185);
#2662=AXIS2_PLACEMENT_3D('',#4146,#3186,#3187);
#2663=AXIS2_PLACEMENT_3D('',#4147,#3188,#3189);
#2664=AXIS2_PLACEMENT_3D('',#4148,#3190,#3191);
#2665=AXIS2_PLACEMENT_3D('',#4149,#3192,#3193);
#2666=AXIS2_PLACEMENT_3D('',#4150,#3194,#3195);
#2667=AXIS2_PLACEMENT_3D('',#4151,#3196,#3197);
#2668=AXIS2_PLACEMENT_3D('',#4176,#3198,#3199);
#2669=AXIS2_PLACEMENT_3D('',#4185,#3200,#3201);
#2670=AXIS2_PLACEMENT_3D('',#4195,#3202,#3203);
#2671=AXIS2_PLACEMENT_3D('',#4196,#3204,#3205);
#2672=AXIS2_PLACEMENT_3D('',#4197,#3206,#3207);
#2673=AXIS2_PLACEMENT_3D('',#4198,#3208,#3209);
#2674=AXIS2_PLACEMENT_3D('',#4199,#3210,#3211);
#2675=AXIS2_PLACEMENT_3D('',#4211,#3212,#3213);
#2676=AXIS2_PLACEMENT_3D('',#4212,#3214,#3215);
#2677=AXIS2_PLACEMENT_3D('',#4224,#3216,#3217);
#2678=AXIS2_PLACEMENT_3D('',#4225,#3218,#3219);
#2679=AXIS2_PLACEMENT_3D('',#4235,#3220,#3221);
#2680=AXIS2_PLACEMENT_3D('',#4241,#3222,#3223);
#2681=AXIS2_PLACEMENT_3D('',#4258,#3224,#3225);
#2682=AXIS2_PLACEMENT_3D('',#4271,#3226,#3227);
#2683=AXIS2_PLACEMENT_3D('',#4290,#3228,#3229);
#2684=AXIS2_PLACEMENT_3D('',#4291,#3230,#3231);
#2685=AXIS2_PLACEMENT_3D('',#4292,#3232,#3233);
#2686=AXIS2_PLACEMENT_3D('',#4293,#3234,#3235);
#2687=AXIS2_PLACEMENT_3D('',#4294,#3236,#3237);
#2688=AXIS2_PLACEMENT_3D('',#4295,#3238,#3239);
#2689=AXIS2_PLACEMENT_3D('',#4296,#3240,#3241);
#2690=AXIS2_PLACEMENT_3D('',#4309,#3242,#3243);
#2691=AXIS2_PLACEMENT_3D('',#4310,#3244,#3245);
#2692=AXIS2_PLACEMENT_3D('',#4311,#3246,#3247);
#2693=AXIS2_PLACEMENT_3D('',#4324,#3248,#3249);
#2694=AXIS2_PLACEMENT_3D('',#4337,#3250,#3251);
#2695=AXIS2_PLACEMENT_3D('',#4350,#3252,#3253);
#2696=AXIS2_PLACEMENT_3D('',#4351,#3254,#3255);
#2697=AXIS2_PLACEMENT_3D('',#4352,#3256,#3257);
#2698=AXIS2_PLACEMENT_3D('',#4368,#3258,#3259);
#2699=AXIS2_PLACEMENT_3D('',#4369,#3260,#3261);
#2700=AXIS2_PLACEMENT_3D('',#4370,#3262,#3263);
#2701=AXIS2_PLACEMENT_3D('',#4386,#3264,#3265);
#2702=AXIS2_PLACEMENT_3D('',#4387,#3266,#3267);
#2703=AXIS2_PLACEMENT_3D('',#4388,#3268,#3269);
#2704=AXIS2_PLACEMENT_3D('',#4401,#3270,#3271);
#2705=AXIS2_PLACEMENT_3D('',#4414,#3272,#3273);
#2706=AXIS2_PLACEMENT_3D('',#4427,#3274,#3275);
#2707=AXIS2_PLACEMENT_3D('',#4428,#3276,#3277);
#2708=AXIS2_PLACEMENT_3D('',#4429,#3278,#3279);
#2709=AXIS2_PLACEMENT_3D('',#4442,#3280,#3281);
#2710=AXIS2_PLACEMENT_3D('',#4443,#3282,#3283);
#2711=AXIS2_PLACEMENT_3D('',#4444,#3284,#3285);
#2712=AXIS2_PLACEMENT_3D('',#4445,#3286,#3287);
#2713=AXIS2_PLACEMENT_3D('',#4446,#3288,#3289);
#2714=AXIS2_PLACEMENT_3D('',#4447,#3290,#3291);
#2715=AXIS2_PLACEMENT_3D('',#4448,#3292,#3293);
#2716=AXIS2_PLACEMENT_3D('',#4467,#3294,#3295);
#2717=AXIS2_PLACEMENT_3D('',#4480,#3296,#3297);
#2718=AXIS2_PLACEMENT_3D('',#4493,#3298,#3299);
#2719=AXIS2_PLACEMENT_3D('',#4494,#3300,#3301);
#2720=AXIS2_PLACEMENT_3D('',#4496,#3302,#3303);
#2721=AXIS2_PLACEMENT_3D('',#4498,#3304,#3305);
#2722=AXIS2_PLACEMENT_3D('',#4499,#3306,#3307);
#2723=AXIS2_PLACEMENT_3D('',#4501,#3308,#3309);
#2724=AXIS2_PLACEMENT_3D('',#4503,#3310,#3311);
#2725=AXIS2_PLACEMENT_3D('',#4504,#3312,#3313);
#2726=AXIS2_PLACEMENT_3D('',#4506,#3314,#3315);
#2727=AXIS2_PLACEMENT_3D('',#4508,#3316,#3317);
#2728=AXIS2_PLACEMENT_3D('',#4509,#3318,#3319);
#2729=AXIS2_PLACEMENT_3D('',#4510,#3320,#3321);
#2730=AXIS2_PLACEMENT_3D('',#4511,#3322,#3323);
#2731=AXIS2_PLACEMENT_3D('',#4517,#3327,#3328);
#2732=AXIS2_PLACEMENT_3D('',#4520,#3330,#3331);
#2733=AXIS2_PLACEMENT_3D('',#4521,#3332,#3333);
#2734=AXIS2_PLACEMENT_3D('',#4525,#3336,#3337);
#2735=AXIS2_PLACEMENT_3D('',#4528,#3339,#3340);
#2736=AXIS2_PLACEMENT_3D('',#4529,#3341,#3342);
#2737=AXIS2_PLACEMENT_3D('',#4578,#3345,#3346);
#2738=AXIS2_PLACEMENT_3D('',#4615,#3349,#3350);
#2739=AXIS2_PLACEMENT_3D('',#4619,#3353,#3354);
#2740=AXIS2_PLACEMENT_3D('',#4622,#3356,#3357);
#2741=AXIS2_PLACEMENT_3D('',#4623,#3358,#3359);
#2742=AXIS2_PLACEMENT_3D('',#4627,#3362,#3363);
#2743=AXIS2_PLACEMENT_3D('',#4630,#3365,#3366);
#2744=AXIS2_PLACEMENT_3D('',#4631,#3367,#3368);
#2745=AXIS2_PLACEMENT_3D('',#4668,#3371,#3372);
#2746=AXIS2_PLACEMENT_3D('',#4737,#3374,#3375);
#2747=AXIS2_PLACEMENT_3D('',#4744,#3377,#3378);
#2748=AXIS2_PLACEMENT_3D('',#4745,#3379,#3380);
#2749=AXIS2_PLACEMENT_3D('',#4747,#3381,#3382);
#2750=AXIS2_PLACEMENT_3D('',#4748,#3383,#3384);
#2751=AXIS2_PLACEMENT_3D('',#4750,#3385,#3386);
#2752=AXIS2_PLACEMENT_3D('',#4751,#3387,#3388);
#2753=AXIS2_PLACEMENT_3D('',#4773,#3389,#3390);
#2754=AXIS2_PLACEMENT_3D('',#4774,#3391,#3392);
#2755=AXIS2_PLACEMENT_3D('',#4784,#3397,#3398);
#2756=AXIS2_PLACEMENT_3D('',#4785,#3399,#3400);
#2757=AXIS2_PLACEMENT_3D('',#4793,#3404,#3405);
#2758=AXIS2_PLACEMENT_3D('',#4796,#3407,#3408);
#2759=AXIS2_PLACEMENT_3D('',#4804,#3412,#3413);
#2760=AXIS2_PLACEMENT_3D('',#4812,#3417,#3418);
#2761=AXIS2_PLACEMENT_3D('',#4813,#3419,#3420);
#2762=AXIS2_PLACEMENT_3D('',#4814,#3421,#3422);
#2763=AXIS2_PLACEMENT_3D('',#4815,#3423,#3424);
#2764=AXIS2_PLACEMENT_3D('',#4816,#3425,#3426);
#2765=AXIS2_PLACEMENT_3D('',#4826,#3431,#3432);
#2766=AXIS2_PLACEMENT_3D('',#4827,#3433,#3434);
#2767=AXIS2_PLACEMENT_3D('',#4835,#3438,#3439);
#2768=AXIS2_PLACEMENT_3D('',#4838,#3441,#3442);
#2769=AXIS2_PLACEMENT_3D('',#4846,#3446,#3447);
#2770=AXIS2_PLACEMENT_3D('',#4854,#3451,#3452);
#2771=AXIS2_PLACEMENT_3D('',#4855,#3453,#3454);
#2772=AXIS2_PLACEMENT_3D('',#4856,#3455,#3456);
#2773=AXIS2_PLACEMENT_3D('',#4857,#3457,#3458);
#2774=AXIS2_PLACEMENT_3D('',#4879,#3459,#3460);
#2775=AXIS2_PLACEMENT_3D('',#4880,#3461,#3462);
#2776=AXIS2_PLACEMENT_3D('',#4881,#3463,#3464);
#2777=AXIS2_PLACEMENT_3D('',#4882,#3465,#3466);
#2778=AXIS2_PLACEMENT_3D('',#4883,#3467,#3468);
#2779=AXIS2_PLACEMENT_3D('',#4884,#3469,#3470);
#2780=AXIS2_PLACEMENT_3D('',#4885,#3471,#3472);
#2781=AXIS2_PLACEMENT_3D('',#4886,#3473,#3474);
#2782=AXIS2_PLACEMENT_3D('',#4887,#3475,#3476);
#2783=AXIS2_PLACEMENT_3D('',#4888,#3477,#3478);
#2784=AXIS2_PLACEMENT_3D('',#4889,#3479,#3480);
#2785=AXIS2_PLACEMENT_3D('',#4890,#3481,#3482);
#2786=AXIS2_PLACEMENT_3D('',#4891,#3483,#3484);
#2787=AXIS2_PLACEMENT_3D('',#4892,#3485,#3486);
#2788=AXIS2_PLACEMENT_3D('',#4893,#3487,#3488);
#2789=AXIS2_PLACEMENT_3D('',#4894,#3489,#3490);
#2790=AXIS2_PLACEMENT_3D('',#4895,#3491,#3492);
#2791=AXIS2_PLACEMENT_3D('',#4896,#3493,#3494);
#2792=AXIS2_PLACEMENT_3D('',#4897,#3495,#3496);
#2793=AXIS2_PLACEMENT_3D('',#4898,#3497,#3498);
#2794=AXIS2_PLACEMENT_3D('',#4899,#3499,#3500);
#2795=AXIS2_PLACEMENT_3D('',#4900,#3501,#3502);
#2796=AXIS2_PLACEMENT_3D('',#4901,#3503,#3504);
#2797=AXIS2_PLACEMENT_3D('',#4902,#3505,#3506);
#2798=AXIS2_PLACEMENT_3D('',#4903,#3507,#3508);
#2799=AXIS2_PLACEMENT_3D('',#4904,#3509,#3510);
#2800=AXIS2_PLACEMENT_3D('',#4926,#3511,#3512);
#2801=AXIS2_PLACEMENT_3D('',#4927,#3513,#3514);
#2802=AXIS2_PLACEMENT_3D('',#4928,#3515,#3516);
#2803=AXIS2_PLACEMENT_3D('',#4929,#3517,#3518);
#2804=AXIS2_PLACEMENT_3D('',#4930,#3519,#3520);
#2805=AXIS2_PLACEMENT_3D('',#4931,#3521,#3522);
#2806=AXIS2_PLACEMENT_3D('',#4932,#3523,#3524);
#2807=AXIS2_PLACEMENT_3D('',#4933,#3525,#3526);
#2808=AXIS2_PLACEMENT_3D('',#4934,#3527,#3528);
#2809=AXIS2_PLACEMENT_3D('',#4935,#3529,#3530);
#2810=AXIS2_PLACEMENT_3D('',#4936,#3531,#3532);
#2811=AXIS2_PLACEMENT_3D('',#4937,#3533,#3534);
#2812=AXIS2_PLACEMENT_3D('',#4938,#3535,#3536);
#2813=AXIS2_PLACEMENT_3D('',#4939,#3537,#3538);
#2814=AXIS2_PLACEMENT_3D('',#4940,#3539,#3540);
#2815=AXIS2_PLACEMENT_3D('',#4941,#3541,#3542);
#2816=AXIS2_PLACEMENT_3D('',#4942,#3543,#3544);
#2817=AXIS2_PLACEMENT_3D('',#4943,#3545,#3546);
#2818=AXIS2_PLACEMENT_3D('',#4944,#3547,#3548);
#2819=AXIS2_PLACEMENT_3D('',#4945,#3549,#3550);
#2820=AXIS2_PLACEMENT_3D('',#4946,#3551,#3552);
#2821=AXIS2_PLACEMENT_3D('',#4947,#3553,#3554);
#2822=AXIS2_PLACEMENT_3D('',#4948,#3555,#3556);
#2823=AXIS2_PLACEMENT_3D('',#4949,#3557,#3558);
#2824=AXIS2_PLACEMENT_3D('',#4950,#3559,#3560);
#2825=AXIS2_PLACEMENT_3D('',#4951,#3561,#3562);
#2826=AXIS2_PLACEMENT_3D('',#4952,#3563,#3564);
#2827=AXIS2_PLACEMENT_3D('',#4953,#3565,#3566);
#2828=AXIS2_PLACEMENT_3D('',#4954,#3567,#3568);
#2829=AXIS2_PLACEMENT_3D('',#4955,#3569,#3570);
#2830=AXIS2_PLACEMENT_3D('',#4956,#3571,#3572);
#2831=AXIS2_PLACEMENT_3D('',#4957,#3573,#3574);
#2832=AXIS2_PLACEMENT_3D('',#4958,#3575,#3576);
#2833=AXIS2_PLACEMENT_3D('',#4959,#3577,#3578);
#2834=AXIS2_PLACEMENT_3D('',#4960,#3579,#3580);
#2835=AXIS2_PLACEMENT_3D('',#4961,#3581,#3582);
#2836=AXIS2_PLACEMENT_3D('',#4962,#3583,#3584);
#2837=AXIS2_PLACEMENT_3D('',#4963,#3585,#3586);
#2838=AXIS2_PLACEMENT_3D('',#4964,#3587,#3588);
#2839=AXIS2_PLACEMENT_3D('',#4965,#3589,#3590);
#2840=AXIS2_PLACEMENT_3D('',#4966,#3591,#3592);
#2841=AXIS2_PLACEMENT_3D('',#4967,#3593,#3594);
#2842=AXIS2_PLACEMENT_3D('',#5010,#3595,#3596);
#2843=AXIS2_PLACEMENT_3D('',#5011,#3597,#3598);
#2844=AXIS2_PLACEMENT_3D('',#5012,#3599,#3600);
#2845=AXIS2_PLACEMENT_3D('',#5013,#3601,#3602);
#2846=AXIS2_PLACEMENT_3D('',#5014,#3603,#3604);
#2847=AXIS2_PLACEMENT_3D('',#5015,#3605,#3606);
#2848=AXIS2_PLACEMENT_3D('',#5016,#3607,#3608);
#2849=AXIS2_PLACEMENT_3D('',#5059,#3609,#3610);
#2850=AXIS2_PLACEMENT_3D('',#5060,#3611,#3612);
#2851=AXIS2_PLACEMENT_3D('',#5061,#3613,#3614);
#2852=AXIS2_PLACEMENT_3D('',#5062,#3615,#3616);
#2853=AXIS2_PLACEMENT_3D('',#5063,#3617,#3618);
#2854=AXIS2_PLACEMENT_3D('',#5064,#3619,#3620);
#2855=AXIS2_PLACEMENT_3D('',#5065,#3621,#3622);
#2856=DIRECTION('',(0.,0.,1.));
#2857=DIRECTION('',(1.,0.,0.));
#2858=DIRECTION('',(-1.,6.02934254911523E-14,0.));
#2859=DIRECTION('',(6.02934254911523E-14,1.,-1.57713813111996E-13));
#2860=DIRECTION('',(-1.,6.02934254911523E-14,0.));
#2861=DIRECTION('',(-1.,2.41479444442331E-14,1.06436750934518E-13));
#2862=DIRECTION('',(1.06436750934518E-13,0.,1.));
#2863=DIRECTION('',(-1.,6.02934254911523E-14,0.));
#2864=DIRECTION('',(-1.,2.4147944444259E-14,5.88103188191851E-27));
#2865=DIRECTION('',(2.4147944444259E-14,1.,0.));
#2866=DIRECTION('',(-1.,6.02934254911523E-14,0.));
#2867=DIRECTION('',(6.02934254911523E-14,1.,-1.57713813111996E-13));
#2868=DIRECTION('',(-1.,6.02934254911523E-14,0.));
#2869=DIRECTION('',(-1.,2.4147944444259E-14,5.88103188191851E-27));
#2870=DIRECTION('',(2.4147944444259E-14,1.,0.));
#2871=DIRECTION('',(-1.,6.02934254911523E-14,0.));
#2872=DIRECTION('',(-1.,6.02934254911523E-14,0.));
#2873=DIRECTION('',(6.02934254911523E-14,1.,0.));
#2874=DIRECTION('',(2.4147944444259E-14,1.,2.43270045569803E-13));
#2875=DIRECTION('',(0.,2.43270045569803E-13,-1.));
#2876=DIRECTION('',(2.4147944444259E-14,1.,2.43270045569803E-13));
#2877=DIRECTION('',(2.4147944444259E-14,1.,2.43270045569803E-13));
#2878=DIRECTION('',(0.,2.43270045569803E-13,-1.));
#2879=DIRECTION('',(2.4147944444259E-14,1.,2.43270045569803E-13));
#2880=DIRECTION('',(0.659158755190351,-0.606793036548523,-0.444198093480972));
#2881=DIRECTION('',(0.503199316512306,0.794859868653729,-0.339099155211754));
#2882=DIRECTION('',(-0.707106781186548,-1.54942723613717E-13,0.707106781186548));
#2883=DIRECTION('',(0.707106781186548,0.,0.707106781186548));
#2884=DIRECTION('',(0.707106781186548,-1.89093074150219E-13,0.707106781186548));
#2885=DIRECTION('',(2.4147944444259E-14,1.,2.43270045569803E-13));
#2886=DIRECTION('',(-0.707106781186548,-1.54942723613717E-13,0.707106781186548));
#2887=DIRECTION('',(0.419779800132328,0.804717241521255,0.419779800132504));
#2888=DIRECTION('',(0.690442766566994,0.215818377786893,0.690442766567041));
#2889=DIRECTION('',(-5.43367058138343E-27,-2.43270045569803E-13,1.));
#2890=DIRECTION('',(0.,1.,2.43270045569803E-13));
#2891=DIRECTION('',(1.,-2.4147944444259E-14,-4.4080096398851E-28));
#2892=DIRECTION('',(2.4147944444259E-14,1.,2.43270045569803E-13));
#2893=DIRECTION('',(-5.43367058138343E-27,-2.43270045569803E-13,1.));
#2894=DIRECTION('',(0.528948052421133,0.848654203925186,2.06452146861887E-13));
#2895=DIRECTION('',(0.721928369073055,0.69196779544103,1.6833503712978E-13));
#2896=DIRECTION('',(0.707106781186548,-1.89093074150219E-13,0.707106781186547));
#2897=DIRECTION('',(0.707106781186547,0.,-0.707106781186548));
#2898=DIRECTION('',(0.707106781186547,1.54942723613717E-13,-0.707106781186548));
#2899=DIRECTION('',(0.46756752310852,0.750174128231915,-0.46756752310832));
#2900=DIRECTION('',(2.4147944444259E-14,1.,2.43270045569803E-13));
#2901=DIRECTION('',(0.,2.43270045569803E-13,-1.));
#2902=DIRECTION('',(2.4147944444259E-14,1.,2.43270045569803E-13));
#2903=DIRECTION('',(2.4147944444259E-14,1.,2.43270045569803E-13));
#2904=DIRECTION('',(0.,2.43270045569803E-13,-1.));
#2905=DIRECTION('',(2.4147944444259E-14,1.,2.43270045569803E-13));
#2906=DIRECTION('',(-0.65915875519035,-0.606793036548522,-0.444198093480974));
#2907=DIRECTION('',(-0.503199316512285,0.79485986865373,-0.339099155211783));
#2908=DIRECTION('',(-0.707106781186548,-1.54942723613717E-13,0.707106781186547));
#2909=DIRECTION('',(0.707106781186547,0.,0.707106781186548));
#2910=DIRECTION('',(0.707106781186547,-1.89093074150219E-13,0.707106781186548));
#2911=DIRECTION('',(2.4147944444259E-14,1.,2.43270045569803E-13));
#2912=DIRECTION('',(0.467567523108504,-0.750174128231913,0.46756752310834));
#2913=DIRECTION('',(-5.43367058138342E-27,-2.43270045569803E-13,1.));
#2914=DIRECTION('',(0.,1.,2.43270045569803E-13));
#2915=DIRECTION('',(1.,-2.4147944444259E-14,-4.40800963988527E-28));
#2916=DIRECTION('',(2.4147944444259E-14,1.,2.43270045569803E-13));
#2917=DIRECTION('',(0.721928369073055,-0.691967795441031,-1.68335037129772E-13));
#2918=DIRECTION('',(-5.43367058138342E-27,-2.43270045569803E-13,1.));
#2919=DIRECTION('',(0.528948052421121,-0.848654203925193,-2.06452146861883E-13));
#2920=DIRECTION('',(0.707106781186548,-1.89093074150219E-13,0.707106781186547));
#2921=DIRECTION('',(0.707106781186547,0.,-0.707106781186548));
#2922=DIRECTION('',(0.707106781186547,1.54942723613717E-13,-0.707106781186548));
#2923=DIRECTION('',(0.69044276656699,-0.215818377786885,-0.690442766567048));
#2924=DIRECTION('',(0.707106781186548,-1.89093074150219E-13,0.707106781186547));
#2925=DIRECTION('',(0.419779800132315,-0.804717241521248,-0.41977980013253));
#2926=DIRECTION('',(0.,0.,-1.));
#2927=DIRECTION('',(-1.,0.,0.));
#2928=DIRECTION('',(0.,0.,-1.));
#2929=DIRECTION('',(-1.,0.,0.));
#2930=DIRECTION('',(2.4147944444259E-14,1.,0.));
#2931=DIRECTION('',(-1.,6.02934254911523E-14,0.));
#2932=DIRECTION('',(-0.707106781186547,-0.707106781186548,0.));
#2933=DIRECTION('',(0.,0.,-1.));
#2934=DIRECTION('',(-1.,0.,0.));
#2935=DIRECTION('',(1.21138713423271E-17,-1.,0.));
#2936=DIRECTION('',(0.,0.,-1.));
#2937=DIRECTION('',(4.1167717996827E-15,-1.,0.));
#2938=DIRECTION('',(0.721928369073,-0.691967795441087,0.));
#2939=DIRECTION('',(-7.139953862333E-29,1.,0.));
#2940=DIRECTION('',(0.,0.,-1.));
#2941=DIRECTION('',(0.707106781186585,-0.707106781186511,0.));
#2942=DIRECTION('',(1.,8.92494232791578E-29,0.));
#2943=DIRECTION('',(0.,0.,-1.));
#2944=DIRECTION('',(-0.707106781183539,-0.707106781189556,0.));
#2945=DIRECTION('',(-4.19962208960483E-12,1.,0.));
#2946=DIRECTION('',(0.721928369073,0.691967795441087,0.));
#2947=DIRECTION('',(0.,0.,-1.));
#2948=DIRECTION('',(-4.11677179968274E-15,1.,0.));
#2949=DIRECTION('',(1.21138713423271E-17,-1.,0.));
#2950=DIRECTION('',(0.,0.,-1.));
#2951=DIRECTION('',(-1.,0.,0.));
#2952=DIRECTION('',(0.707106781186547,-0.707106781186548,0.));
#2953=DIRECTION('',(2.4147944444259E-14,1.,0.));
#2954=DIRECTION('',(0.,0.,-1.));
#2955=DIRECTION('',(-1.,0.,0.));
#2956=DIRECTION('',(1.,-2.4147944444259E-14,0.));
#2957=DIRECTION('',(0.,0.,-1.));
#2958=DIRECTION('',(-1.,0.,0.));
#2959=DIRECTION('',(2.4147944444259E-14,1.,0.));
#2960=DIRECTION('',(2.41479444442331E-14,1.,0.));
#2961=DIRECTION('',(0.,0.,-1.));
#2962=DIRECTION('',(-1.,0.,0.));
#2963=DIRECTION('',(1.,-2.4147944444259E-14,0.));
#2964=DIRECTION('',(0.,0.,-1.));
#2965=DIRECTION('',(-1.,0.,0.));
#2966=DIRECTION('',(0.,0.,-1.));
#2967=DIRECTION('',(-1.,0.,0.));
#2968=DIRECTION('',(0.,0.,-1.));
#2969=DIRECTION('',(-1.,0.,0.));
#2970=DIRECTION('',(0.,0.707106781186548,0.707106781186548));
#2971=DIRECTION('',(1.,0.,0.));
#2972=DIRECTION('',(-0.252733199495569,-0.684151273430348,0.684151273430348));
#2973=DIRECTION('',(0.577350269187886,0.577350269190496,-0.577350269190496));
#2974=DIRECTION('',(0.,0.707106781186548,0.707106781186548));
#2975=DIRECTION('',(5.93916251596142E-12,-0.707106781186548,0.707106781186548));
#2976=DIRECTION('',(1.,1.06418944224796E-13,-1.06418944224796E-13));
#2977=DIRECTION('',(0.,0.707106781186548,0.707106781186548));
#2978=DIRECTION('',(7.3864315492473E-38,-0.707106781186548,0.707106781186548));
#2979=DIRECTION('',(0.577350269189666,-0.577350269189605,0.577350269189606));
#2980=DIRECTION('',(-0.252733199495569,0.684151273430348,-0.684151273430348));
#2981=DIRECTION('',(1.,0.,0.));
#2982=DIRECTION('',(0.,0.,-1.));
#2983=DIRECTION('',(-1.,0.,0.));
#2984=DIRECTION('',(-0.707106781186548,-0.707106781186547,0.));
#2985=DIRECTION('',(-0.707106781186547,0.707106781186548,0.));
#2986=DIRECTION('',(0.250381721394646,-0.968147196242107,-1.75897049202561E-25));
#2987=DIRECTION('',(-0.968147196242108,-0.250381721394646,0.));
#2988=DIRECTION('',(0.0612020885858686,-0.236649185645773,0.969665647161908));
#2989=DIRECTION('',(0.,0.971486801075012,0.237093642548762));
#2990=DIRECTION('',(0.,0.,-1.));
#2991=DIRECTION('',(-1.,0.,0.));
#2992=DIRECTION('',(-0.25038172139058,-0.968147196243159,5.32907168871455E-14));
#2993=DIRECTION('',(-0.968147196243159,0.25038172139058,0.));
#2994=DIRECTION('',(0.707106781186548,-0.707106781186547,0.));
#2995=DIRECTION('',(-0.707106781186547,-0.707106781186548,0.));
#2996=DIRECTION('',(-1.,6.02934254911523E-14,0.));
#2997=DIRECTION('',(6.02934254911523E-14,1.,0.));
#2998=DIRECTION('',(-0.0612020885846049,-0.236649185645785,0.969665647161985));
#2999=DIRECTION('',(0.,0.971486801075014,0.237093642548754));
#3000=DIRECTION('',(0.0612020885858686,-0.236649185645773,0.969665647161908));
#3001=DIRECTION('',(-2.01470745965489E-12,0.971486801074983,0.237093642548881));
#3002=DIRECTION('',(0.0612020885858686,-0.236649185645773,0.969665647161908));
#3003=DIRECTION('',(0.0612020885858686,-0.236649185645773,0.969665647161908));
#3004=DIRECTION('',(-0.968147196242107,-0.250381721394646,-6.18399836227518E-14));
#3005=DIRECTION('',(0.250381721394646,-0.968147196242107,-5.79941066749143E-13));
#3006=DIRECTION('',(-0.250381721394646,0.968147196242107,1.75897049202561E-25));
#3007=DIRECTION('',(8.61562526894931E-14,-8.61562526894932E-14,-1.));
#3008=DIRECTION('',(-0.250381721394646,0.968147196242108,0.));
#3009=DIRECTION('',(-0.0612020885846049,-0.236649185645785,0.969665647161985));
#3010=DIRECTION('',(-2.01470745965504E-12,0.971486801075043,0.237093642548634));
#3011=DIRECTION('',(-0.0612020885846049,-0.236649185645785,0.969665647161985));
#3012=DIRECTION('',(-0.0612020885846049,-0.236649185645785,0.969665647161985));
#3013=DIRECTION('',(5.85742670562543E-14,0.971486801075013,0.237093642548758));
#3014=DIRECTION('',(-1.03384599698742E-13,0.237093642548758,-0.971486801075014));
#3015=DIRECTION('',(-1.,6.02934254911523E-14,0.));
#3016=DIRECTION('',(-5.72532410834869E-15,-0.237093642548758,0.971486801075013));
#3017=DIRECTION('',(5.85742670562543E-14,0.971486801075013,0.237093642548758));
#3018=DIRECTION('',(-1.3815715398963E-13,0.237093642548758,-0.971486801075013));
#3019=DIRECTION('',(9.76765745738441E-14,-0.237093642548758,0.971486801075013));
#3020=DIRECTION('',(-5.72532410834869E-15,-0.237093642548758,0.971486801075013));
#3021=DIRECTION('',(5.85742670562543E-14,0.971486801075013,0.237093642548758));
#3022=DIRECTION('',(-1.3815715398963E-13,0.237093642548758,-0.971486801075013));
#3023=DIRECTION('',(-5.72532410834869E-15,-0.237093642548758,0.971486801075013));
#3024=DIRECTION('',(1.,-6.02934254911524E-14,0.));
#3025=DIRECTION('',(0.968147196243159,-0.25038172139058,-2.67898388578435E-13));
#3026=DIRECTION('',(-0.25038172139058,-0.968147196243159,-5.26650349861822E-13));
#3027=DIRECTION('',(-0.25038172139058,-0.968147196243159,0.));
#3028=DIRECTION('',(-3.73239446538521E-13,-3.73239446538521E-13,-1.));
#3029=DIRECTION('',(0.25038172139058,0.968147196243159,-5.32907168871455E-14));
#3030=DIRECTION('',(-0.25038172139058,-0.968147196243159,5.32907168871455E-14));
#3031=DIRECTION('',(0.968147196243159,-0.25038172139058,-2.46122249094758E-13));
#3032=DIRECTION('',(-0.921339453871896,0.388759065153517,2.32916841809148E-14));
#3033=DIRECTION('',(-0.388759065153517,-0.921339453871896,5.73067299043174E-14));
#3034=DIRECTION('',(0.250381721394646,-0.968147196242107,-1.75897049202561E-25));
#3035=DIRECTION('',(-0.968147196242107,-0.250381721394646,-4.00638441390746E-14));
#3036=DIRECTION('',(-0.921339453870801,-0.388759065156112,7.68790280494535E-26));
#3037=DIRECTION('',(0.388759065156112,-0.921339453870801,0.));
#3038=DIRECTION('',(-1.,6.02934254911523E-14,0.));
#3039=DIRECTION('',(6.02934254911523E-14,1.,-1.57713813111996E-13));
#3040=DIRECTION('',(-1.,2.4147944444259E-14,5.88103188191851E-27));
#3041=DIRECTION('',(2.4147944444259E-14,1.,0.));
#3042=DIRECTION('',(-1.06418944224796E-13,0.,-1.));
#3043=DIRECTION('',(-1.,0.,1.06418944224796E-13));
#3044=DIRECTION('',(5.22299583724302E-38,-1.,-5.55825702687233E-51));
#3045=DIRECTION('',(1.,1.06418944224796E-13,-1.06418944224796E-13));
#3046=DIRECTION('',(4.19962208960528E-12,-1.,-4.46919348916775E-25));
#3047=DIRECTION('',(1.,1.06418944224796E-13,-1.06418944224796E-13));
#3048=DIRECTION('',(0.707106781186511,5.04870979341448E-29,-0.707106781186585));
#3049=DIRECTION('',(5.22299583724302E-38,-1.,-5.55825702687233E-51));
#3050=DIRECTION('',(0.707106781186511,5.04870979341448E-29,-0.707106781186585));
#3051=DIRECTION('',(-0.491888822067726,0.718394580609918,-0.491888822067675));
#3052=DIRECTION('',(0.577350269189667,-0.577350269189606,0.577350269189606));
#3053=DIRECTION('',(5.22299583724302E-38,-1.,-5.55825702687233E-51));
#3054=DIRECTION('',(-0.577350269189666,0.577350269189606,-0.577350269189606));
#3055=DIRECTION('',(-7.139953862333E-29,1.,-2.56217212203604E-45));
#3056=DIRECTION('',(5.22299583724302E-38,-1.,-5.55825702687233E-51));
#3057=DIRECTION('',(1.06418944224796E-13,0.,1.));
#3058=DIRECTION('',(4.33746195577934E-39,-0.74740931868366,-0.66436383882992));
#3059=DIRECTION('',(0.,-0.66436383882992,0.74740931868366));
#3060=DIRECTION('',(1.46725148476135E-29,-0.986393923832144,-0.164398987305357));
#3061=DIRECTION('',(0.,-0.164398987305357,0.986393923832144));
#3062=DIRECTION('',(-6.3108872417681E-29,0.707106781186547,0.707106781186548));
#3063=DIRECTION('',(-1.,1.79927424960937E-28,0.));
#3064=DIRECTION('',(-0.577350269187119,-0.577350269192031,0.577350269189728));
#3065=DIRECTION('',(-1.,-8.92494232791578E-29,0.));
#3066=DIRECTION('',(0.577350269189666,-0.577350269189606,0.577350269189606));
#3067=DIRECTION('',(-6.3108872417681E-29,0.707106781186547,0.707106781186548));
#3068=DIRECTION('',(-6.31088723438165E-29,-0.707106781186548,0.707106781186547));
#3069=DIRECTION('',(-1.,-1.06418944224796E-13,1.06418944224796E-13));
#3070=DIRECTION('',(-6.3108872417681E-29,0.707106781186547,0.707106781186548));
#3071=DIRECTION('',(5.93916251596141E-12,-0.707106781186548,0.707106781186547));
#3072=DIRECTION('',(1.,1.06418944224796E-13,-1.06418944224796E-13));
#3073=DIRECTION('',(1.06418944224735E-13,-1.,-5.71499572020079E-13));
#3074=DIRECTION('',(1.,8.92494232269279E-29,5.22298970115468E-38));
#3075=DIRECTION('',(8.92494232269279E-29,-1.,0.));
#3076=DIRECTION('',(1.,1.06418944224796E-13,-1.06418944224796E-13));
#3077=DIRECTION('',(-1.06418944224796E-13,0.,-1.));
#3078=DIRECTION('',(0.577350269189666,-0.577350269189606,0.577350269189605));
#3079=DIRECTION('',(-0.707106781186511,-0.707106781186585,0.));
#3080=DIRECTION('',(0.577350269189666,-0.577350269189606,0.577350269189605));
#3081=DIRECTION('',(0.707106781186713,4.04111222820506E-13,-0.707106781186383));
#3082=DIRECTION('',(-0.192450089729879,0.192450089729859,0.962250448649379));
#3083=DIRECTION('',(0.680413817439809,-0.680413817439738,0.272165526975901));
#3084=DIRECTION('',(-0.577350269187119,-0.577350269192031,0.577350269189727));
#3085=DIRECTION('',(-0.707106781186863,-2.56547003516121E-12,-0.707106781186233));
#3086=DIRECTION('',(0.577350269187119,0.577350269192031,-0.577350269189728));
#3087=DIRECTION('',(0.192450089729085,0.192450089730723,0.962250448649365));
#3088=DIRECTION('',(-0.680413817436869,-0.680413817442658,0.272165526975948));
#3089=DIRECTION('',(-0.57735026918463,-0.577350269192124,0.577350269192123));
#3090=DIRECTION('',(0.,0.707106781186547,0.707106781186548));
#3091=DIRECTION('',(3.45206809298158E-12,-0.986393923832144,-0.164398987305357));
#3092=DIRECTION('',(4.83272768859554E-12,-0.164398987305357,0.986393923832144));
#3093=DIRECTION('',(4.19962208960528E-12,-1.,-4.46919348916775E-25));
#3094=DIRECTION('',(1.06418944223771E-13,0.,1.));
#3095=DIRECTION('',(3.48759631635637E-13,-0.74740931868366,-0.66436383882992));
#3096=DIRECTION('',(5.92900820493584E-12,-0.66436383882992,0.74740931868366));
#3097=DIRECTION('',(4.19962208960528E-12,-1.,-4.46919348916775E-25));
#3098=DIRECTION('',(-0.707106781186661,-2.96958125798087E-12,-0.707106781186435));
#3099=DIRECTION('',(4.19962208960528E-12,-1.,-4.46919348916775E-25));
#3100=DIRECTION('',(0.577350269187886,0.577350269190496,-0.577350269190496));
#3101=DIRECTION('',(-0.707106781186661,-2.96958125798087E-12,-0.707106781186435));
#3102=DIRECTION('',(-0.491888822065802,-0.718394580610344,0.491888822068977));
#3103=DIRECTION('',(-4.19962208960483E-12,1.,1.82325745790231E-40));
#3104=DIRECTION('',(1.,1.21138713423271E-17,-2.6512788637874E-15));
#3105=DIRECTION('',(-2.65127886378741E-15,5.71499572020068E-13,-1.));
#3106=DIRECTION('',(-2.6512788637874E-15,2.6512788637874E-15,-1.));
#3107=DIRECTION('',(1.21138713423271E-17,-1.,0.));
#3108=DIRECTION('',(2.23366382184422E-15,-0.542576545538997,0.840006364399085));
#3109=DIRECTION('',(1.21138713423271E-17,-1.,0.));
#3110=DIRECTION('',(1.,1.21138713423271E-17,-2.6512788637874E-15));
#3111=DIRECTION('',(-2.65127886378741E-15,5.71499572020068E-13,-1.));
#3112=DIRECTION('',(2.23366382184421E-15,-0.542576545539,0.840006364399083));
#3113=DIRECTION('',(1.21138713423271E-17,-1.,0.));
#3114=DIRECTION('',(-2.6512788637874E-15,-2.6512788637874E-15,-1.));
#3115=DIRECTION('',(1.21138713423271E-17,-1.,0.));
#3116=DIRECTION('',(4.19962208960483E-12,-1.,0.));
#3117=DIRECTION('',(-1.,-4.19962208960483E-12,0.));
#3118=DIRECTION('',(0.659158755190278,-0.606793036548456,-0.444198093481173));
#3119=DIRECTION('',(-0.50319931651036,-0.79485986865378,0.33909915521452));
#3120=DIRECTION('',(4.18265009221866E-12,-1.,1.73472347597729E-14));
#3121=DIRECTION('',(-1.,-4.18265009221866E-12,0.));
#3122=DIRECTION('',(1.,-1.01272886118572E-12,6.95045872708041E-12));
#3123=DIRECTION('',(6.95045872708041E-12,0.,-1.));
#3124=DIRECTION('',(-1.,-8.92494232791578E-29,0.));
#3125=DIRECTION('',(-8.92494232791578E-29,1.,0.));
#3126=DIRECTION('',(1.,4.62592926927149E-15,-4.62592926927148E-15));
#3127=DIRECTION('',(4.62592926927149E-15,-1.,0.));
#3128=DIRECTION('',(-1.7177016455482E-15,1.,8.0953762212251E-15));
#3129=DIRECTION('',(0.,8.0953762212251E-15,-1.));
#3130=DIRECTION('',(7.139953862333E-29,-1.,0.));
#3131=DIRECTION('',(-1.,-7.139953862333E-29,0.));
#3132=DIRECTION('',(-0.65915875519034,-0.606793036548525,-0.444198093480985));
#3133=DIRECTION('',(0.503199316512149,-0.794859868653727,0.339099155211991));
#3134=DIRECTION('',(0.627135801386841,0.654289302573529,0.422618261740699));
#3135=DIRECTION('',(0.778909934856967,-0.526798064507466,-0.340269176700303));
#3136=DIRECTION('',(0.467567523108504,-0.750174128231913,0.46756752310834));
#3137=DIRECTION('',(0.721928369073055,-0.69196779544103,-1.68328511002816E-13));
#3138=DIRECTION('',(0.690442766566989,-0.215818377786885,-0.690442766567048));
#3139=DIRECTION('',(0.627135801386841,0.654289302573529,0.422618261740699));
#3140=DIRECTION('',(-0.542586862448224,0.756244344466685,-0.365641885129079));
#3141=DIRECTION('',(-0.252733199495569,0.684151273430348,-0.684151273430348));
#3142=DIRECTION('',(0.627135801386841,0.654289302573529,0.422618261740699));
#3143=DIRECTION('',(0.542586862448085,-0.756244344466685,0.365641885129286));
#3144=DIRECTION('',(0.721928369073,-0.691967795441087,-3.35353063643429E-17));
#3145=DIRECTION('',(2.24820162486594E-15,-0.542576545539,0.840006364399083));
#3146=DIRECTION('',(0.721928369073,-0.691967795441087,0.));
#3147=DIRECTION('',(-0.627135801386841,0.654289302573529,0.422618261740699));
#3148=DIRECTION('',(0.778909934856967,0.526798064507466,0.340269176700303));
#3149=DIRECTION('',(0.690442766566994,0.215818377786893,0.690442766567041));
#3150=DIRECTION('',(0.721928369073055,0.69196779544103,1.68370440979395E-13));
#3151=DIRECTION('',(0.46756752310852,0.750174128231915,-0.46756752310832));
#3152=DIRECTION('',(-0.627135801386841,0.654289302573529,0.422618261740699));
#3153=DIRECTION('',(0.542586862448244,0.756244344466685,-0.365641885129049));
#3154=DIRECTION('',(2.20496343767657E-15,-0.542576545538997,0.840006364399085));
#3155=DIRECTION('',(0.721928369073,0.691967795441087,4.07191009267244E-18));
#3156=DIRECTION('',(-0.627135801386841,0.654289302573529,0.422618261740699));
#3157=DIRECTION('',(-0.542586862446351,-0.756244344466685,0.365641885131859));
#3158=DIRECTION('',(-0.252733199495569,-0.684151273430348,0.684151273430348));
#3159=DIRECTION('',(0.721928369073,0.691967795441087,0.));
#3160=DIRECTION('',(0.707106781186548,-0.707106781186547,0.));
#3161=DIRECTION('',(-0.707106781186547,-0.707106781186548,0.));
#3162=DIRECTION('',(-2.6512788637874E-15,-2.6512788637874E-15,-1.));
#3163=DIRECTION('',(-0.707106781186547,-0.707106781186548,0.));
#3164=DIRECTION('',(0.707106781186548,-0.707106781186547,0.));
#3165=DIRECTION('',(-0.707106781186547,-0.707106781186548,6.18487206005224E-14));
#3166=DIRECTION('',(-3.73239446538521E-13,-3.73239446538521E-13,-1.));
#3167=DIRECTION('',(-0.707106781186547,-0.707106781186548,0.));
#3168=DIRECTION('',(0.707106781186548,0.707106781186547,0.));
#3169=DIRECTION('',(0.707106781186547,-0.707106781186548,0.));
#3170=DIRECTION('',(0.707106781186548,0.707106781186547,0.));
#3171=DIRECTION('',(0.707106781186547,-0.707106781186548,-2.04144513079027E-25));
#3172=DIRECTION('',(0.707106781186547,-0.707106781186548,0.));
#3173=DIRECTION('',(-2.6512788637874E-15,2.6512788637874E-15,-1.));
#3174=DIRECTION('',(0.707106781186547,-0.707106781186548,0.));
#3175=DIRECTION('',(8.6156252689493E-14,-8.61562526894932E-14,-1.));
#3176=DIRECTION('',(3.73239446538521E-13,3.73239446538521E-13,1.));
#3177=DIRECTION('',(0.,1.,-3.73239446538521E-13));
#3178=DIRECTION('',(0.,0.,-1.));
#3179=DIRECTION('',(-1.,0.,0.));
#3180=DIRECTION('',(-3.73235854947531E-13,-3.73338074508643E-13,-1.));
#3181=DIRECTION('',(0.,-1.,3.73338074508643E-13));
#3182=DIRECTION('',(-0.70302291475079,-0.70302291475079,-0.107319908081435));
#3183=DIRECTION('',(-0.707106781186548,0.707106781186547,0.));
#3184=DIRECTION('',(0.707106781186548,-0.707106781186547,0.));
#3185=DIRECTION('',(-0.707106781186547,-0.707106781186548,0.));
#3186=DIRECTION('',(-2.6512788637874E-15,-2.6512788637874E-15,-1.));
#3187=DIRECTION('',(0.,-1.,2.6512788637874E-15));
#3188=DIRECTION('',(0.,0.,-1.));
#3189=DIRECTION('',(-1.,0.,0.));
#3190=DIRECTION('',(0.,0.,-1.));
#3191=DIRECTION('',(-1.,0.,0.));
#3192=DIRECTION('',(8.6156252689493E-14,-8.61562526894932E-14,-1.));
#3193=DIRECTION('',(0.,-1.,8.61562526894932E-14));
#3194=DIRECTION('',(0.,0.,-1.));
#3195=DIRECTION('',(-1.,0.,0.));
#3196=DIRECTION('',(8.539497226566E-14,-8.53949722656602E-14,-1.));
#3197=DIRECTION('',(0.,-1.,8.53949722656602E-14));
#3198=DIRECTION('',(0.703022914749625,-0.703022914749626,-0.107319908096689));
#3199=DIRECTION('',(-0.707106781186548,-0.707106781186547,0.));
#3200=DIRECTION('',(0.707106781186548,0.707106781186547,0.));
#3201=DIRECTION('',(0.707106781186547,-0.707106781186548,0.));
#3202=DIRECTION('',(-2.6512788637874E-15,2.6512788637874E-15,-1.));
#3203=DIRECTION('',(0.,-1.,-2.6512788637874E-15));
#3204=DIRECTION('',(0.,0.,-1.));
#3205=DIRECTION('',(-1.,0.,0.));
#3206=DIRECTION('',(0.,0.,-1.));
#3207=DIRECTION('',(-1.,0.,0.));
#3208=DIRECTION('',(-2.23366382184422E-15,0.542576545538997,-0.840006364399085));
#3209=DIRECTION('',(0.,-0.840006364399085,-0.542576545538997));
#3210=DIRECTION('',(2.59873841040909E-16,-0.0631256367090681,0.998005588155735));
#3211=DIRECTION('',(-4.03650046562262E-15,0.998005588155735,0.0631256367090681));
#3212=DIRECTION('',(2.23366382184421E-15,-0.542576545539,0.840006364399083));
#3213=DIRECTION('',(0.,0.840006364399083,0.542576545539));
#3214=DIRECTION('',(2.59873841040908E-16,-0.0631256367090683,0.998005588155735));
#3215=DIRECTION('',(4.03650046562262E-15,-0.998005588155735,-0.0631256367090683));
#3216=DIRECTION('',(-0.252733199495569,0.684151273430348,-0.684151273430348));
#3217=DIRECTION('',(0.,-0.707106781186548,-0.707106781186548));
#3218=DIRECTION('',(-0.68476765385907,-0.0316247559892263,0.728074951524202));
#3219=DIRECTION('',(-0.522539829585716,0.717698159575683,-0.460284127727873));
#3220=DIRECTION('',(-0.252733199495569,-0.684151273430348,0.684151273430348));
#3221=DIRECTION('',(0.,0.707106781186548,0.707106781186548));
#3222=DIRECTION('',(0.684767653859447,-0.031624755986083,0.728074951523984));
#3223=DIRECTION('',(-0.522539829583613,-0.717698159576248,0.460284127729379));
#3224=DIRECTION('',(0.40190675958074,-0.915680597481081,-4.01964618410473E-14));
#3225=DIRECTION('',(-0.915680597481081,-0.40190675958074,0.));
#3226=DIRECTION('',(0.295548453080316,-0.955327751026752,-9.62745696311734E-14));
#3227=DIRECTION('',(-0.955327751026752,-0.295548453080316,0.));
#3228=DIRECTION('',(0.707106781186546,-0.707106781186549,1.53329341668338E-15));
#3229=DIRECTION('',(-0.707106781186549,-0.707106781186547,0.));
#3230=DIRECTION('',(-0.707106781186547,0.707106781186548,0.));
#3231=DIRECTION('',(0.707106781186548,0.707106781186547,0.));
#3232=DIRECTION('',(0.707106781186546,-0.707106781186549,-1.53329341668337E-15));
#3233=DIRECTION('',(-0.707106781186549,-0.707106781186547,0.));
#3234=DIRECTION('',(0.,0.,-1.));
#3235=DIRECTION('',(-1.,0.,0.));
#3236=DIRECTION('',(0.,-1.,0.));
#3237=DIRECTION('',(0.,0.,1.));
#3238=DIRECTION('',(-1.21138713423271E-17,1.,0.));
#3239=DIRECTION('',(1.,1.21138713423271E-17,0.));
#3240=DIRECTION('',(0.,-1.,0.));
#3241=DIRECTION('',(0.,0.,1.));
#3242=DIRECTION('',(-0.721928369073,-0.691967795441088,-1.50046597421447E-15));
#3243=DIRECTION('',(-0.691967795441088,0.721928369073,0.));
#3244=DIRECTION('',(0.721928369073,0.691967795441087,0.));
#3245=DIRECTION('',(0.691967795441087,-0.721928369073,0.));
#3246=DIRECTION('',(-0.721928369073005,-0.691967795441082,-6.00186389685783E-15));
#3247=DIRECTION('',(-0.691967795441082,0.721928369073005,0.));
#3248=DIRECTION('',(-0.65363221610871,-0.737166050643597,0.171321743638508));
#3249=DIRECTION('',(-0.748228508925685,0.663441103965413,0.));
#3250=DIRECTION('',(-0.537714516881566,-0.649404493876145,0.537714516884463));
#3251=DIRECTION('',(0.,0.637762201821451,0.770233324342601));
#3252=DIRECTION('',(-0.577350269187887,-0.577350269190495,0.577350269190496));
#3253=DIRECTION('',(0.,0.707106781186548,0.707106781186547));
#3254=DIRECTION('',(0.577350269187886,0.577350269190496,-0.577350269190496));
#3255=DIRECTION('',(0.,-0.707106781186548,-0.707106781186548));
#3256=DIRECTION('',(-0.577350269187885,-0.577350269190496,0.577350269190496));
#3257=DIRECTION('',(0.,0.707106781186548,0.707106781186548));
#3258=DIRECTION('',(-1.,-1.06251812903579E-13,1.06251812903579E-13));
#3259=DIRECTION('',(1.06251812903579E-13,0.,1.));
#3260=DIRECTION('',(1.,1.06418944224796E-13,-1.06418944224796E-13));
#3261=DIRECTION('',(-1.06418944224796E-13,0.,-1.));
#3262=DIRECTION('',(-1.,-1.06251812903581E-13,1.06251812903581E-13));
#3263=DIRECTION('',(1.06251812903581E-13,0.,1.));
#3264=DIRECTION('',(-0.57735026918966,0.577350269189609,-0.577350269189609));
#3265=DIRECTION('',(-0.707106781186516,0.,0.707106781186579));
#3266=DIRECTION('',(0.577350269189666,-0.577350269189605,0.577350269189606));
#3267=DIRECTION('',(0.70710678118651,0.,-0.707106781186585));
#3268=DIRECTION('',(-0.577350269189665,0.577350269189606,-0.577350269189606));
#3269=DIRECTION('',(-0.707106781186512,0.,0.707106781186584));
#3270=DIRECTION('',(-0.537581528210094,0.649624661673695,-0.537581528210036));
#3271=DIRECTION('',(0.770416969438163,0.637540346332464,0.));
#3272=DIRECTION('',(-0.653391169347166,0.737261933247642,-0.171827883660052));
#3273=DIRECTION('',(0.748392789743416,0.663255781927355,0.));
#3274=DIRECTION('',(-0.721928369073003,0.691967795441085,0.));
#3275=DIRECTION('',(0.691967795441085,0.721928369073003,0.));
#3276=DIRECTION('',(0.721928369073,-0.691967795441087,0.));
#3277=DIRECTION('',(-0.691967795441087,-0.721928369073,0.));
#3278=DIRECTION('',(-0.721928369073,0.691967795441088,1.50046597421447E-15));
#3279=DIRECTION('',(0.691967795441088,0.721928369073,0.));
#3280=DIRECTION('',(0.,1.,0.));
#3281=DIRECTION('',(0.,0.,-1.));
#3282=DIRECTION('',(1.21138713423271E-17,-1.,0.));
#3283=DIRECTION('',(-1.,-1.21138713423271E-17,0.));
#3284=DIRECTION('',(0.,1.,0.));
#3285=DIRECTION('',(0.,0.,-1.));
#3286=DIRECTION('',(0.,0.,-1.));
#3287=DIRECTION('',(-1.,0.,0.));
#3288=DIRECTION('',(0.707106781186548,0.707106781186548,0.));
#3289=DIRECTION('',(0.707106781186548,-0.707106781186548,0.));
#3290=DIRECTION('',(-0.707106781186547,-0.707106781186548,0.));
#3291=DIRECTION('',(-0.707106781186548,0.707106781186547,0.));
#3292=DIRECTION('',(0.707106781186547,0.707106781186549,3.06658683336676E-15));
#3293=DIRECTION('',(0.707106781186549,-0.707106781186547,0.));
#3294=DIRECTION('',(0.295548453049568,0.955327751036265,-3.18568109549678E-12));
#3295=DIRECTION('',(0.955327751036265,-0.295548453049568,0.));
#3296=DIRECTION('',(0.401906759521555,0.915680597507058,6.65389444961567E-14));
#3297=DIRECTION('',(0.915680597507058,-0.401906759521555,0.));
#3298=DIRECTION('',(0.,0.,-1.));
#3299=DIRECTION('',(-1.,0.,0.));
#3300=DIRECTION('',(0.,0.,-1.));
#3301=DIRECTION('',(-1.,0.,0.));
#3302=DIRECTION('',(0.,0.,-1.));
#3303=DIRECTION('',(-1.,0.,0.));
#3304=DIRECTION('',(0.,0.,-1.));
#3305=DIRECTION('',(-1.,0.,0.));
#3306=DIRECTION('',(0.,0.,-1.));
#3307=DIRECTION('',(-1.,0.,0.));
#3308=DIRECTION('',(0.,0.,-1.));
#3309=DIRECTION('',(-1.,0.,0.));
#3310=DIRECTION('',(0.,0.,-1.));
#3311=DIRECTION('',(-1.,0.,0.));
#3312=DIRECTION('',(0.,0.,-1.));
#3313=DIRECTION('',(-1.,0.,0.));
#3314=DIRECTION('',(0.,0.,-1.));
#3315=DIRECTION('',(-1.,0.,0.));
#3316=DIRECTION('',(0.,0.,1.));
#3317=DIRECTION('',(1.,0.,0.));
#3318=DIRECTION('',(0.,0.,1.));
#3319=DIRECTION('',(1.,0.,0.));
#3320=DIRECTION('',(0.,0.,1.));
#3321=DIRECTION('',(1.,0.,0.));
#3322=DIRECTION('',(-0.707106781186548,-8.56580057258088E-18,-0.707106781186548));
#3323=DIRECTION('',(0.707106781186548,8.56580057258088E-18,-0.707106781186548));
#3324=DIRECTION('',(-0.707106781186548,0.,0.707106781186548));
#3325=DIRECTION('',(1.21138713423271E-17,-1.,0.));
#3326=DIRECTION('',(-0.707106781186548,-8.56580057258087E-18,0.707106781186548));
#3327=DIRECTION('',(0.,0.,1.));
#3328=DIRECTION('',(-1.,0.,0.));
#3329=DIRECTION('',(-0.5,0.5,0.707106781186548));
#3330=DIRECTION('',(0.,0.,-1.));
#3331=DIRECTION('',(-1.,0.,0.));
#3332=DIRECTION('',(-0.5,0.5,-0.707106781186548));
#3333=DIRECTION('',(0.5,-0.5,-0.707106781186548));
#3334=DIRECTION('',(-0.5,0.5,0.707106781186548));
#3335=DIRECTION('',(-0.707106781186547,-0.707106781186548,0.));
#3336=DIRECTION('',(0.,0.,-1.));
#3337=DIRECTION('',(-1.,0.,0.));
#3338=DIRECTION('',(-0.684583447650281,0.17704661308044,0.707106781186548));
#3339=DIRECTION('',(0.,0.,-1.));
#3340=DIRECTION('',(-1.,0.,0.));
#3341=DIRECTION('',(-0.684583447650281,0.17704661308044,-0.707106781186548));
#3342=DIRECTION('',(0.684583447650281,-0.17704661308044,-0.707106781186548));
#3343=DIRECTION('',(-0.68458344765012,0.177046613081088,0.707106781186541));
#3344=DIRECTION('',(-0.25038172139058,-0.968147196243159,0.));
#3345=DIRECTION('',(4.26338900257597E-14,0.707106781186548,-0.707106781186548));
#3346=DIRECTION('',(-4.26338900257596E-14,-0.707106781186548,-0.707106781186548));
#3347=DIRECTION('',(-1.,6.02934254911524E-14,0.));
#3348=DIRECTION('',(0.684583447649537,0.177046613083315,0.707106781186548));
#3349=DIRECTION('',(0.684583447649538,0.177046613083315,-0.707106781186548));
#3350=DIRECTION('',(-0.684583447649537,-0.177046613083315,-0.707106781186548));
#3351=DIRECTION('',(0.684583447649537,0.177046613083315,0.707106781186548));
#3352=DIRECTION('',(-0.250381721394646,0.968147196242107,0.));
#3353=DIRECTION('',(0.,0.,-1.));
#3354=DIRECTION('',(-1.,0.,0.));
#3355=DIRECTION('',(0.5,0.5,0.707106781186548));
#3356=DIRECTION('',(0.,0.,-1.));
#3357=DIRECTION('',(-1.,0.,0.));
#3358=DIRECTION('',(0.5,0.5,-0.707106781186548));
#3359=DIRECTION('',(-0.5,-0.5,-0.707106781186548));
#3360=DIRECTION('',(0.5,0.5,0.707106781186548));
#3361=DIRECTION('',(-0.707106781186547,0.707106781186548,0.));
#3362=DIRECTION('',(0.,0.,1.));
#3363=DIRECTION('',(-1.,0.,0.));
#3364=DIRECTION('',(0.707106781186548,8.56580057258087E-18,0.707106781186548));
#3365=DIRECTION('',(0.,0.,-1.));
#3366=DIRECTION('',(-1.,0.,0.));
#3367=DIRECTION('',(0.707106781186548,8.56580057258088E-18,-0.707106781186548));
#3368=DIRECTION('',(-0.707106781186548,-8.56580057258088E-18,-0.707106781186548));
#3369=DIRECTION('',(0.707106781186548,0.,0.707106781186547));
#3370=DIRECTION('',(-1.21138713423271E-17,1.,0.));
#3371=DIRECTION('',(0.489295120519098,-0.510480445302463,-0.707106781186548));
#3372=DIRECTION('',(-0.489295120519098,0.510480445302463,-0.707106781186548));
#3373=DIRECTION('',(0.721928369073,0.691967795441087,0.));
#3374=DIRECTION('',(-0.489295120519098,-0.510480445302463,-0.707106781186548));
#3375=DIRECTION('',(0.489295120519098,0.510480445302463,-0.707106781186548));
#3376=DIRECTION('',(0.721928369073,-0.691967795441087,0.));
#3377=DIRECTION('',(0.,0.,-1.));
#3378=DIRECTION('',(-1.,0.,0.));
#3379=DIRECTION('',(0.,0.,-1.));
#3380=DIRECTION('',(-1.,0.,0.));
#3381=DIRECTION('',(0.,0.,-1.));
#3382=DIRECTION('',(-1.,0.,0.));
#3383=DIRECTION('',(0.,0.,-1.));
#3384=DIRECTION('',(-1.,0.,0.));
#3385=DIRECTION('',(0.,0.,-1.));
#3386=DIRECTION('',(-1.,0.,0.));
#3387=DIRECTION('',(0.,0.,-1.));
#3388=DIRECTION('',(-1.,0.,0.));
#3389=DIRECTION('',(0.,0.,-1.));
#3390=DIRECTION('',(-1.,0.,0.));
#3391=DIRECTION('',(-1.,2.4147944444259E-14,5.88103188191851E-27));
#3392=DIRECTION('',(2.4147944444259E-14,1.,0.));
#3393=DIRECTION('',(2.4147944444259E-14,1.,0.));
#3394=DIRECTION('',(6.56033654657135E-30,-2.43270045569803E-13,1.));
#3395=DIRECTION('',(2.4147944444259E-14,1.,2.43270045569803E-13));
#3396=DIRECTION('',(-5.72532410834869E-15,-0.237093642548758,0.971486801075013));
#3397=DIRECTION('',(-1.,2.4147944444259E-14,5.88103188191851E-27));
#3398=DIRECTION('',(2.4147944444259E-14,1.,0.));
#3399=DIRECTION('',(-1.,2.41479444442331E-14,1.06436750934518E-13));
#3400=DIRECTION('',(1.06436750934518E-13,0.,1.));
#3401=DIRECTION('',(2.4147944444259E-14,1.,2.43270045569803E-13));
#3402=DIRECTION('',(1.06436750934512E-13,-2.43270045569805E-13,1.));
#3403=DIRECTION('',(2.41479444442331E-14,1.,0.));
#3404=DIRECTION('',(-1.,2.41479444442331E-14,1.06436750934518E-13));
#3405=DIRECTION('',(1.06436750934518E-13,0.,1.));
#3406=DIRECTION('',(9.76765745738441E-14,-0.237093642548758,0.971486801075013));
#3407=DIRECTION('',(2.4147944444259E-14,1.,2.43270045569803E-13));
#3408=DIRECTION('',(1.,-2.4147944444259E-14,-5.87447154537194E-27));
#3409=DIRECTION('',(6.56033654657135E-30,-2.43270045569803E-13,1.));
#3410=DIRECTION('',(1.,-2.4147944444259E-14,0.));
#3411=DIRECTION('',(1.06436750934512E-13,-2.43270045569805E-13,1.));
#3412=DIRECTION('',(2.4147944444259E-14,1.,2.43270045569803E-13));
#3413=DIRECTION('',(0.,2.43270045569803E-13,-1.));
#3414=DIRECTION('',(0.707106781186547,1.54942723613717E-13,-0.707106781186548));
#3415=DIRECTION('',(1.,-2.4147944444259E-14,-4.40800963988527E-28));
#3416=DIRECTION('',(0.707106781186547,-1.89093074150219E-13,0.707106781186548));
#3417=DIRECTION('',(2.4147944444259E-14,1.,2.43270045569803E-13));
#3418=DIRECTION('',(0.,2.43270045569803E-13,-1.));
#3419=DIRECTION('',(2.4147944444259E-14,1.,2.43270045569803E-13));
#3420=DIRECTION('',(0.,2.43270045569803E-13,-1.));
#3421=DIRECTION('',(2.4147944444259E-14,1.,2.43270045569803E-13));
#3422=DIRECTION('',(0.,2.43270045569803E-13,-1.));
#3423=DIRECTION('',(-6.06807260091624E-14,-0.967746452136764,-0.251926188350291));
#3424=DIRECTION('',(-1.3709975329406E-13,0.251926188350291,-0.967746452136764));
#3425=DIRECTION('',(-1.,2.4147944444259E-14,5.88103188191851E-27));
#3426=DIRECTION('',(2.4147944444259E-14,1.,0.));
#3427=DIRECTION('',(2.4147944444259E-14,1.,0.));
#3428=DIRECTION('',(6.56033654657135E-30,-2.43270045569803E-13,1.));
#3429=DIRECTION('',(2.4147944444259E-14,1.,2.43270045569803E-13));
#3430=DIRECTION('',(-5.72532410834869E-15,-0.237093642548758,0.971486801075013));
#3431=DIRECTION('',(-1.,2.4147944444259E-14,5.88103188191851E-27));
#3432=DIRECTION('',(2.4147944444259E-14,1.,0.));
#3433=DIRECTION('',(-1.,2.4147944444259E-14,5.88103188191851E-27));
#3434=DIRECTION('',(2.4147944444259E-14,1.,0.));
#3435=DIRECTION('',(2.4147944444259E-14,1.,2.43270045569803E-13));
#3436=DIRECTION('',(6.56033654657135E-30,-2.43270045569803E-13,1.));
#3437=DIRECTION('',(2.4147944444259E-14,1.,0.));
#3438=DIRECTION('',(-1.,2.4147944444259E-14,5.88103188191851E-27));
#3439=DIRECTION('',(2.4147944444259E-14,1.,0.));
#3440=DIRECTION('',(-5.72532410834869E-15,-0.237093642548758,0.971486801075013));
#3441=DIRECTION('',(2.4147944444259E-14,1.,2.43270045569803E-13));
#3442=DIRECTION('',(1.,-2.4147944444259E-14,-5.87447154537194E-27));
#3443=DIRECTION('',(6.56033654657135E-30,-2.43270045569803E-13,1.));
#3444=DIRECTION('',(1.,-2.4147944444259E-14,0.));
#3445=DIRECTION('',(6.56033654657135E-30,-2.43270045569803E-13,1.));
#3446=DIRECTION('',(2.4147944444259E-14,1.,2.43270045569803E-13));
#3447=DIRECTION('',(0.,2.43270045569803E-13,-1.));
#3448=DIRECTION('',(0.707106781186547,1.54942723613717E-13,-0.707106781186548));
#3449=DIRECTION('',(1.,-2.4147944444259E-14,-4.4080096398851E-28));
#3450=DIRECTION('',(0.707106781186548,-1.89093074150219E-13,0.707106781186548));
#3451=DIRECTION('',(2.4147944444259E-14,1.,2.43270045569803E-13));
#3452=DIRECTION('',(0.,2.43270045569803E-13,-1.));
#3453=DIRECTION('',(2.4147944444259E-14,1.,2.43270045569803E-13));
#3454=DIRECTION('',(0.,2.43270045569803E-13,-1.));
#3455=DIRECTION('',(2.4147944444259E-14,1.,2.43270045569803E-13));
#3456=DIRECTION('',(0.,2.43270045569803E-13,-1.));
#3457=DIRECTION('',(-6.06807260091624E-14,-0.967746452136764,-0.251926188350291));
#3458=DIRECTION('',(-1.3709975329406E-13,0.251926188350291,-0.967746452136764));
#3459=DIRECTION('',(-6.11926195415066E-15,-0.237093642548758,0.971486801075013));
#3460=DIRECTION('',(0.,0.971486801075013,0.237093642548758));
#3461=DIRECTION('',(-6.16937861601274E-15,-0.237093642548758,0.971486801075013));
#3462=DIRECTION('',(0.,0.971486801075013,0.237093642548758));
#3463=DIRECTION('',(5.72532410834869E-15,0.237093642548758,-0.971486801075013));
#3464=DIRECTION('',(0.,-0.971486801075013,-0.237093642548758));
#3465=DIRECTION('',(-6.16937861601261E-15,-0.237093642548752,0.971486801075014));
#3466=DIRECTION('',(0.,0.971486801075014,0.237093642548752));
#3467=DIRECTION('',(-5.72532410834869E-15,-0.237093642548758,0.971486801075013));
#3468=DIRECTION('',(0.,0.971486801075013,0.237093642548758));
#3469=DIRECTION('',(-2.48287026507989E-15,-0.237093642548757,0.971486801075013));
#3470=DIRECTION('',(0.,0.971486801075013,0.237093642548757));
#3471=DIRECTION('',(-1.,2.4147944444259E-14,5.88103188191851E-27));
#3472=DIRECTION('',(2.4147944444259E-14,1.,0.));
#3473=DIRECTION('',(-2.6020852139652E-14,-1.,6.77084746073636E-28));
#3474=DIRECTION('',(-1.,2.6020852139652E-14,0.));
#3475=DIRECTION('',(2.4147944444259E-14,1.,2.43270045569803E-13));
#3476=DIRECTION('',(0.,2.43270045569803E-13,-1.));
#3477=DIRECTION('',(6.31945763002067E-27,2.42861286636753E-13,-1.));
#3478=DIRECTION('',(0.,-1.,-2.42861286636753E-13));
#3479=DIRECTION('',(5.26621469168389E-27,2.42861286636753E-13,-1.));
#3480=DIRECTION('',(0.,-1.,-2.42861286636753E-13));
#3481=DIRECTION('',(-1.,2.4147944444259E-14,5.88103188191851E-27));
#3482=DIRECTION('',(2.4147944444259E-14,1.,0.));
#3483=DIRECTION('',(-3.52648305246682E-30,-1.,-2.60208521396521E-14));
#3484=DIRECTION('',(0.,-2.60208521396521E-14,1.));
#3485=DIRECTION('',(2.4147944444259E-14,1.,0.));
#3486=DIRECTION('',(1.,-2.4147944444259E-14,0.));
#3487=DIRECTION('',(-2.6020852139652E-14,-1.,-2.25694915357878E-28));
#3488=DIRECTION('',(-1.,2.6020852139652E-14,0.));
#3489=DIRECTION('',(6.56033654657135E-30,-2.43270045569803E-13,1.));
#3490=DIRECTION('',(0.,1.,2.43270045569803E-13));
#3491=DIRECTION('',(0.,0.,-1.));
#3492=DIRECTION('',(-1.,0.,0.));
#3493=DIRECTION('',(-6.56033654657135E-30,2.43270045569803E-13,-1.));
#3494=DIRECTION('',(0.,-1.,-2.43270045569803E-13));
#3495=DIRECTION('',(0.,0.,-1.));
#3496=DIRECTION('',(-1.,0.,0.));
#3497=DIRECTION('',(-2.4147944444259E-14,-1.,0.));
#3498=DIRECTION('',(-1.,2.4147944444259E-14,0.));
#3499=DIRECTION('',(-2.60208521396523E-14,-1.,0.));
#3500=DIRECTION('',(-1.,2.60208521396523E-14,0.));
#3501=DIRECTION('',(0.,0.,-1.));
#3502=DIRECTION('',(-1.,0.,0.));
#3503=DIRECTION('',(-1.,2.60208521396522E-14,0.));
#3504=DIRECTION('',(2.60208521396522E-14,1.,0.));
#3505=DIRECTION('',(0.,0.,-1.));
#3506=DIRECTION('',(-1.,0.,0.));
#3507=DIRECTION('',(1.,-1.73472347597681E-14,7.52316384526265E-29));
#3508=DIRECTION('',(-1.73472347597681E-14,-1.,0.));
#3509=DIRECTION('',(-1.,2.4147944444259E-14,0.));
#3510=DIRECTION('',(2.4147944444259E-14,1.,0.));
#3511=DIRECTION('',(-6.11926195415066E-15,-0.237093642548758,0.971486801075013));
#3512=DIRECTION('',(0.,0.971486801075013,0.237093642548758));
#3513=DIRECTION('',(-6.16937861601279E-15,-0.237093642548758,0.971486801075013));
#3514=DIRECTION('',(0.,0.971486801075013,0.237093642548758));
#3515=DIRECTION('',(5.72532410834869E-15,0.237093642548758,-0.971486801075013));
#3516=DIRECTION('',(0.,-0.971486801075013,-0.237093642548758));
#3517=DIRECTION('',(-6.16937861601266E-15,-0.237093642548752,0.971486801075014));
#3518=DIRECTION('',(0.,0.971486801075014,0.237093642548752));
#3519=DIRECTION('',(9.76765745738441E-14,-0.237093642548758,0.971486801075013));
#3520=DIRECTION('',(0.,0.971486801075013,0.237093642548758));
#3521=DIRECTION('',(9.86327873605068E-14,-0.237093642548757,0.971486801075013));
#3522=DIRECTION('',(0.,0.971486801075013,0.237093642548757));
#3523=DIRECTION('',(-1.,2.4147944444259E-14,5.88103188191851E-27));
#3524=DIRECTION('',(2.4147944444259E-14,1.,0.));
#3525=DIRECTION('',(-2.60208521396523E-14,-1.,2.70833898429457E-27));
#3526=DIRECTION('',(-1.,2.60208521396523E-14,0.));
#3527=DIRECTION('',(2.4147944444259E-14,1.,2.43270045569803E-13));
#3528=DIRECTION('',(0.,2.43270045569803E-13,-1.));
#3529=DIRECTION('',(6.31945763002061E-27,2.42861286636753E-13,-1.));
#3530=DIRECTION('',(0.,-1.,-2.42861286636753E-13));
#3531=DIRECTION('',(5.26621469168389E-27,2.42861286636753E-13,-1.));
#3532=DIRECTION('',(0.,-1.,-2.42861286636753E-13));
#3533=DIRECTION('',(-1.,2.41479444442331E-14,1.06436750934518E-13));
#3534=DIRECTION('',(1.06436750934518E-13,0.,1.));
#3535=DIRECTION('',(-2.77181567923868E-27,-1.,-2.60208521396521E-14));
#3536=DIRECTION('',(0.,-2.60208521396521E-14,1.));
#3537=DIRECTION('',(2.4147944444259E-14,1.,0.));
#3538=DIRECTION('',(1.,-2.4147944444259E-14,0.));
#3539=DIRECTION('',(-2.60208521396523E-14,-1.,0.));
#3540=DIRECTION('',(-1.,2.60208521396523E-14,0.));
#3541=DIRECTION('',(6.56033654657135E-30,-2.43270045569803E-13,1.));
#3542=DIRECTION('',(0.,1.,2.43270045569803E-13));
#3543=DIRECTION('',(0.,0.,-1.));
#3544=DIRECTION('',(-1.,0.,0.));
#3545=DIRECTION('',(-1.06436750934512E-13,2.43270045569805E-13,-1.));
#3546=DIRECTION('',(0.,-1.,-2.43270045569805E-13));
#3547=DIRECTION('',(0.,0.,-1.));
#3548=DIRECTION('',(-1.,0.,0.));
#3549=DIRECTION('',(-2.41479444442331E-14,-1.,0.));
#3550=DIRECTION('',(-1.,2.41479444442331E-14,0.));
#3551=DIRECTION('',(-2.6020852139652E-14,-1.,0.));
#3552=DIRECTION('',(-1.,2.6020852139652E-14,0.));
#3553=DIRECTION('',(0.,0.,-1.));
#3554=DIRECTION('',(-1.,0.,0.));
#3555=DIRECTION('',(-1.,1.73472347597681E-14,0.));
#3556=DIRECTION('',(1.73472347597681E-14,1.,0.));
#3557=DIRECTION('',(0.,0.,-1.));
#3558=DIRECTION('',(-1.,0.,0.));
#3559=DIRECTION('',(1.,-2.60208521396522E-14,1.1284745767894E-28));
#3560=DIRECTION('',(-2.60208521396522E-14,-1.,0.));
#3561=DIRECTION('',(-1.,2.4147944444259E-14,0.));
#3562=DIRECTION('',(2.4147944444259E-14,1.,0.));
#3563=DIRECTION('',(2.4147944444259E-14,1.,2.43270045569803E-13));
#3564=DIRECTION('',(0.,2.43270045569803E-13,-1.));
#3565=DIRECTION('',(-0.707106781186548,-1.53329341668337E-13,0.707106781186547));
#3566=DIRECTION('',(0.707106781186547,0.,0.707106781186548));
#3567=DIRECTION('',(0.707106781186548,-1.85528503418704E-13,0.707106781186548));
#3568=DIRECTION('',(0.707106781186548,0.,-0.707106781186548));
#3569=DIRECTION('',(-0.707106781186547,1.89093074150219E-13,-0.707106781186548));
#3570=DIRECTION('',(-0.707106781186548,0.,0.707106781186547));
#3571=DIRECTION('',(-0.923879532511287,1.15405207654534E-13,-0.38268343236509));
#3572=DIRECTION('',(-0.38268343236509,-2.15511197710538E-13,0.923879532511287));
#3573=DIRECTION('',(-0.707106781186547,-1.54942723613717E-13,0.707106781186548));
#3574=DIRECTION('',(0.707106781186548,0.,0.707106781186547));
#3575=DIRECTION('',(-0.923879532511287,-7.07856244059934E-14,0.38268343236509));
#3576=DIRECTION('',(-0.38268343236509,2.33993234239519E-13,-0.923879532511287));
#3577=DIRECTION('',(-1.,2.4147944444259E-14,4.40800963988527E-28));
#3578=DIRECTION('',(2.4147944444259E-14,1.,0.));
#3579=DIRECTION('',(2.4147944444259E-14,1.,2.43270045569803E-13));
#3580=DIRECTION('',(0.,2.43270045569803E-13,-1.));
#3581=DIRECTION('',(-0.707106781186545,-1.59462515335072E-13,0.70710678118655));
#3582=DIRECTION('',(0.70710678118655,0.,0.707106781186545));
#3583=DIRECTION('',(0.707106781186547,-1.93194970502113E-13,0.707106781186548));
#3584=DIRECTION('',(0.707106781186548,0.,-0.707106781186547));
#3585=DIRECTION('',(-0.707106781186548,1.89093074150219E-13,-0.707106781186548));
#3586=DIRECTION('',(-0.707106781186548,0.,0.707106781186548));
#3587=DIRECTION('',(-0.923879532511287,1.15405207654534E-13,-0.38268343236509));
#3588=DIRECTION('',(-0.38268343236509,-2.15511197710538E-13,0.923879532511287));
#3589=DIRECTION('',(-0.707106781186547,-1.54942723613717E-13,0.707106781186548));
#3590=DIRECTION('',(0.707106781186548,0.,0.707106781186547));
#3591=DIRECTION('',(-0.923879532511287,-7.07856244059934E-14,0.38268343236509));
#3592=DIRECTION('',(-0.38268343236509,2.33993234239519E-13,-0.923879532511287));
#3593=DIRECTION('',(-1.,2.4147944444259E-14,4.4080096398851E-28));
#3594=DIRECTION('',(2.4147944444259E-14,1.,0.));
#3595=DIRECTION('',(-0.467567523108521,-0.750174128231915,0.467567523108319));
#3596=DIRECTION('',(-0.848654203925221,0.528948052421076,0.));
#3597=DIRECTION('',(0.690442766566992,0.215818377786892,0.690442766567044));
#3598=DIRECTION('',(0.707106781186574,0.,-0.707106781186521));
#3599=DIRECTION('',(0.690442766566994,0.215818377786893,0.690442766567041));
#3600=DIRECTION('',(0.707106781186572,0.,-0.707106781186523));
#3601=DIRECTION('',(0.778006021798897,0.500054901615532,0.380331073428054));
#3602=DIRECTION('',(0.0375142194846104,0.567318785083066,-0.82264334886288));
#3603=DIRECTION('',(0.46756752310852,0.750174128231915,-0.46756752310832));
#3604=DIRECTION('',(0.848654203925222,-0.528948052421075,0.));
#3605=DIRECTION('',(0.617281591637028,0.74839069883516,-0.242641295996948));
#3606=DIRECTION('',(0.475041180578002,-0.108705429647586,0.873223342748115));
#3607=DIRECTION('',(0.721928369073055,0.69196779544103,1.68335037129779E-13));
#3608=DIRECTION('',(0.69196779544103,-0.721928369073055,0.));
#3609=DIRECTION('',(-0.69044276656699,0.215818377786885,0.690442766567047));
#3610=DIRECTION('',(0.707106781186577,0.,0.707106781186518));
#3611=DIRECTION('',(0.467567523108506,-0.750174128231912,0.467567523108339));
#3612=DIRECTION('',(-0.848654203925229,-0.528948052421064,0.));
#3613=DIRECTION('',(0.467567523108504,-0.750174128231913,0.46756752310834));
#3614=DIRECTION('',(-0.848654203925229,-0.528948052421063,0.));
#3615=DIRECTION('',(0.617281591637022,-0.748390698835162,0.242641295996959));
#3616=DIRECTION('',(0.475041180578011,0.108705429647576,-0.873223342748112));
#3617=DIRECTION('',(0.69044276656699,-0.215818377786885,-0.690442766567048));
#3618=DIRECTION('',(-0.707106781186578,0.,-0.707106781186518));
#3619=DIRECTION('',(0.778006021798896,-0.500054901615528,-0.380331073428058));
#3620=DIRECTION('',(0.0375142194846149,-0.567318785083069,0.822643348862878));
#3621=DIRECTION('',(0.721928369073055,-0.691967795441031,-1.68335037129772E-13));
#3622=DIRECTION('',(-0.691967795441031,-0.721928369073055,0.));
#3623=CARTESIAN_POINT('',(0.,0.,0.));
#3624=CARTESIAN_POINT('',(134.806046488775,12.4617722701489,7.8));
#3625=CARTESIAN_POINT('',(134.806046488775,13.4332590712239,8.03709364254876));
#3626=CARTESIAN_POINT('',(12.9966873944026,13.4332590712312,8.03709364254876));
#3627=CARTESIAN_POINT('',(-13.0033130636249,13.4332590712328,8.03709364254876));
#3628=CARTESIAN_POINT('',(-13.003313063625,12.4617722701578,7.8));
#3629=CARTESIAN_POINT('',(-13.0033130636249,12.4617722701578,8.8));
#3630=CARTESIAN_POINT('',(0.0556151082663234,12.461772270157,8.8));
#3631=CARTESIAN_POINT('',(12.9966873944026,12.4617722701562,8.8));
#3632=CARTESIAN_POINT('',(12.9966873944026,12.4617722701562,7.8));
#3633=CARTESIAN_POINT('',(134.806046488775,12.4617722701489,7.8));
#3634=CARTESIAN_POINT('',(134.806046488775,13.4332590712239,8.03709364254876));
#3635=CARTESIAN_POINT('',(21.2659720294056,13.4332590712307,8.03709364254876));
#3636=CARTESIAN_POINT('',(19.3966873944026,13.4332590712308,8.03709364254876));
#3637=CARTESIAN_POINT('',(19.3966873944026,12.4617722701558,7.8));
#3638=CARTESIAN_POINT('',(19.3966873944026,12.4617722701558,8.8));
#3639=CARTESIAN_POINT('',(0.0556151082663234,12.461772270157,8.8));
#3640=CARTESIAN_POINT('',(21.3326630646598,12.4617722701557,8.8));
#3641=CARTESIAN_POINT('',(21.3326630646597,12.4617722701557,8.8));
#3642=CARTESIAN_POINT('',(21.3100715815785,12.5475574356312,8.8));
#3643=CARTESIAN_POINT('',(21.2876913043553,12.6327031659658,8.78897236438915));
#3644=CARTESIAN_POINT('',(21.2659720294056,12.7152603295215,8.76733851559783));
#3645=CARTESIAN_POINT('',(21.2659720294056,12.7152603295215,8.76733851559783));
#3646=CARTESIAN_POINT('',(21.2659720294055,12.4617722701557,7.8));
#3647=CARTESIAN_POINT('',(16.1966873944001,-89.8674078860826,6.13358393231693));
#3648=CARTESIAN_POINT('',(17.2573475661799,-89.8674078860829,7.19424410409675));
#3649=CARTESIAN_POINT('',(17.2573475661817,-14.5526361446218,7.19424410411507));
#3650=CARTESIAN_POINT('',(17.2573475661823,6.74999785589356,7.19424410412026));
#3651=CARTESIAN_POINT('',(16.1966873944024,6.74999785589383,6.13358393234044));
#3652=CARTESIAN_POINT('',(15.1360272226226,6.7499978558936,7.19424410412026));
#3653=CARTESIAN_POINT('',(15.1360272226202,-89.8674078860829,7.19424410409675));
#3654=CARTESIAN_POINT('',(15.1360272226221,-16.8570246144929,7.19424410411451));
#3655=CARTESIAN_POINT('',(16.1966873944019,-14.9283824018159,6.13358393233516));
#3656=CARTESIAN_POINT('',(15.3556971367304,-89.8674078860829,7.41391401820684));
#3657=CARTESIAN_POINT('',(15.5753670508428,6.74999785589349,7.63358393234044));
#3658=CARTESIAN_POINT('',(15.5753670508428,6.74999785589349,7.63358393234043));
#3659=CARTESIAN_POINT('',(15.5753670508405,-89.867407886083,7.63358393231693));
#3660=CARTESIAN_POINT('',(15.5753670508422,-16.6219807415361,7.63358393233475));
#3661=CARTESIAN_POINT('',(15.7753670508422,-16.4302808928851,7.8335839323348));
#3662=CARTESIAN_POINT('',(15.591166260433,-16.7147574005192,7.64938314192552));
#3663=CARTESIAN_POINT('',(4.46617086970275,-20.1922048796957,-3.4756122488055));
#3664=CARTESIAN_POINT('',(15.8860272226203,-89.867407886083,7.63358393231693));
#3665=CARTESIAN_POINT('',(16.8180077379621,6.74999785589346,7.63358393234043));
#3666=CARTESIAN_POINT('',(16.8180077379621,6.74999785589345,7.63358393234043));
#3667=CARTESIAN_POINT('',(16.8180077379598,-89.867407886083,7.63358393231693));
#3668=CARTESIAN_POINT('',(16.8180077379616,-15.2575212282596,7.63358393233508));
#3669=CARTESIAN_POINT('',(17.1008504504362,-15.0306221444152,7.63358393233514));
#3670=CARTESIAN_POINT('',(16.8644891676894,-15.3863581680745,7.63358393233505));
#3671=CARTESIAN_POINT('',(-20.8525626108972,-51.5381237556694,7.63358393232626));
#3672=CARTESIAN_POINT('',(17.0376776520698,-89.867407886083,7.41391401820684));
#3673=CARTESIAN_POINT('',(17.2573475661823,6.74999785589355,7.19424410412026));
#3674=CARTESIAN_POINT('',(-9.25588847659147,-57.0909707209053,33.7074801468769));
#3675=CARTESIAN_POINT('',(-16.2033130636276,-89.8674078860819,6.13358393232038));
#3676=CARTESIAN_POINT('',(-15.1426528918478,-89.8674078860821,7.1942441041002));
#3677=CARTESIAN_POINT('',(-15.142652891846,-16.8483537171848,7.19424410411797));
#3678=CARTESIAN_POINT('',(-15.1426528918454,6.74999785589435,7.19424410412371));
#3679=CARTESIAN_POINT('',(-16.2033130636253,6.74999785589463,6.13358393234388));
#3680=CARTESIAN_POINT('',(-17.2639732354051,6.74999785589439,7.19424410412371));
#3681=CARTESIAN_POINT('',(-17.2639732354074,-89.8674078860821,7.1942441041002));
#3682=CARTESIAN_POINT('',(-17.2639732354056,-14.5439652473138,7.19424410411853));
#3683=CARTESIAN_POINT('',(-16.2033130636258,-14.9197115045079,6.13358393233861));
#3684=CARTESIAN_POINT('',(-17.0443033212973,-89.8674078860821,7.41391401821029));
#3685=CARTESIAN_POINT('',(-16.8246334071849,6.74999785589426,7.63358393234388));
#3686=CARTESIAN_POINT('',(-16.8246334071849,6.74999785589426,7.63358393234388));
#3687=CARTESIAN_POINT('',(-16.8246334071872,-89.8674078860822,7.63358393232038));
#3688=CARTESIAN_POINT('',(-16.8246334071855,-15.2488503309515,7.63358393233853));
#3689=CARTESIAN_POINT('',(9.25230418580446,-57.0871794683659,33.7105215253193));
#3690=CARTESIAN_POINT('',(-15.8926528918478,-89.8674078860822,7.63358393232038));
#3691=CARTESIAN_POINT('',(-15.5819927200657,6.74999785589424,7.63358393234388));
#3692=CARTESIAN_POINT('',(-15.5819927200657,6.74999785589424,7.63358393234388));
#3693=CARTESIAN_POINT('',(-15.581992720068,-89.8674078860822,7.63358393232038));
#3694=CARTESIAN_POINT('',(-15.5819927200662,-16.613309844228,7.6335839323382));
#3695=CARTESIAN_POINT('',(20.8502684986704,-51.5336046524652,7.6335839323297));
#3696=CARTESIAN_POINT('',(-16.8711148369133,-15.3776872707664,7.6335839323385));
#3697=CARTESIAN_POINT('',(-17.10747611966,-15.0219512471072,7.63358393233859));
#3698=CARTESIAN_POINT('',(-15.3623228059579,-89.8674078860822,7.41391401821029));
#3699=CARTESIAN_POINT('',(-15.1426528918454,6.74999785589434,7.1942441041237));
#3700=CARTESIAN_POINT('',(-4.47150448645889,-20.1839378517321,-3.47690430127007));
#3701=CARTESIAN_POINT('',(-15.597791929657,-16.7060865032111,7.64938314192897));
#3702=CARTESIAN_POINT('',(-15.7819927200662,-16.421609995577,7.83358393233825));
#3703=CARTESIAN_POINT('',(-4.99552056119747,-5.48181172713489,8.8));
#3704=CARTESIAN_POINT('',(-19.0033130636252,7.14999785589408,8.8));
#3705=CARTESIAN_POINT('',(-19.4033130636252,7.14999785589409,8.8));
#3706=CARTESIAN_POINT('',(-19.0033130636252,6.74999785589408,8.8));
#3707=CARTESIAN_POINT('',(-19.4033130636255,-5.48181172713454,8.8));
#3708=CARTESIAN_POINT('',(-19.4033130636251,12.4617722701582,8.8));
#3709=CARTESIAN_POINT('',(0.0556151082663234,12.461772270157,8.8));
#3710=CARTESIAN_POINT('',(-21.3326630648061,12.4617722701583,8.8));
#3711=CARTESIAN_POINT('',(-21.3326630648061,12.4617722701583,8.8));
#3712=CARTESIAN_POINT('',(-21.3352633548849,12.4558479229891,8.8));
#3713=CARTESIAN_POINT('',(-21.3374845235316,12.4497830758555,8.8));
#3714=CARTESIAN_POINT('',(-21.3393962721009,12.4436035596303,8.8));
#3715=CARTESIAN_POINT('',(-21.3393962721102,12.4436035596332,8.8));
#3716=CARTESIAN_POINT('',(-21.3393962721103,12.4436035596332,8.8));
#3717=CARTESIAN_POINT('',(-21.6900681143115,11.3100955378894,8.8));
#3718=CARTESIAN_POINT('',(-22.2209586412645,9.61691295226147,8.8));
#3719=CARTESIAN_POINT('',(-23.0083163873268,7.36406449933837,8.8));
#3720=CARTESIAN_POINT('',(-23.591180177039,6.34219024791593,8.8));
#3721=CARTESIAN_POINT('',(-24.0179066262086,5.91546379874633,8.8));
#3722=CARTESIAN_POINT('',(-24.0179066262085,5.91546379874633,8.8));
#3723=CARTESIAN_POINT('',(-20.2053513566437,9.72801906831125,8.8));
#3724=CARTESIAN_POINT('',(-25.6305215275069,4.302848897448,8.8));
#3725=CARTESIAN_POINT('',(-23.7920438964218,2.46437126636298,8.8));
#3726=CARTESIAN_POINT('',(-26.3920438964218,2.46437126636298,8.8));
#3727=CARTESIAN_POINT('',(-26.3920438964218,-5.48181172713489,8.8));
#3728=CARTESIAN_POINT('',(-26.3920438964218,-4.83038871186375,8.8));
#3729=CARTESIAN_POINT('',(-23.7920438964218,-4.83038871186376,8.8));
#3730=CARTESIAN_POINT('',(-25.4225969800277,-7.24128214845916,8.8));
#3731=CARTESIAN_POINT('',(-15.6553471758401,-16.6031836944595,8.8));
#3732=CARTESIAN_POINT('',(-13.4979064961559,-18.6710889533053,8.8));
#3733=CARTESIAN_POINT('',(-13.4979064961559,-16.5914213563555,8.8));
#3734=CARTESIAN_POINT('',(-13.497906496156,-17.4701010127957,8.8));
#3735=CARTESIAN_POINT('',(-5.01262512191693,-21.7127416999152,8.8));
#3736=CARTESIAN_POINT('',(-9.25526580903666,-13.2274603256767,8.8));
#3737=CARTESIAN_POINT('',(10.1339454654197,-13.2274603256767,8.8));
#3738=CARTESIAN_POINT('',(9.25526580898329,-13.2274603256395,8.8));
#3739=CARTESIAN_POINT('',(5.01262512189165,-21.712741699895,8.8));
#3740=CARTESIAN_POINT('',(13.497906496111,-17.4701010127418,8.8));
#3741=CARTESIAN_POINT('',(13.4979064961271,-21.3030222518279,8.8));
#3742=CARTESIAN_POINT('',(13.4979064961161,-18.6734091517165,8.8));
#3743=CARTESIAN_POINT('',(10.4493697258933,-21.5954293390114,8.8));
#3744=CARTESIAN_POINT('',(25.4250176375183,-7.2412821484592,8.8));
#3745=CARTESIAN_POINT('',(23.7944645539126,-4.8303887118638,8.8));
#3746=CARTESIAN_POINT('',(26.3944645539126,-4.83038871186381,8.8));
#3747=CARTESIAN_POINT('',(26.3944645539126,2.46195060887323,8.8));
#3748=CARTESIAN_POINT('',(26.3944645539126,2.46195060887323,8.8));
#3749=CARTESIAN_POINT('',(23.7944645539126,2.46195060887323,8.8));
#3750=CARTESIAN_POINT('',(25.6329421849976,4.30042823995825,8.8));
#3751=CARTESIAN_POINT('',(23.9039966605801,6.02937376437576,8.8));
#3752=CARTESIAN_POINT('',(24.017906626042,5.91546379891384,8.8));
#3753=CARTESIAN_POINT('',(24.017906626042,5.91546379891384,8.8));
#3754=CARTESIAN_POINT('',(23.5937721765977,6.33959824835815,8.8));
#3755=CARTESIAN_POINT('',(22.9997057222763,7.38124903882661,8.8));
#3756=CARTESIAN_POINT('',(22.2219139027234,9.61888147499995,8.8));
#3757=CARTESIAN_POINT('',(21.6893784819442,11.3123246979623,8.8));
#3758=CARTESIAN_POINT('',(21.3393962719608,12.4436035596121,8.8));
#3759=CARTESIAN_POINT('',(21.3393962719608,12.4436035596121,8.8));
#3760=CARTESIAN_POINT('',(21.3393962719609,12.4436035596122,8.8));
#3761=CARTESIAN_POINT('',(21.33748452339,12.4497830758426,8.8));
#3762=CARTESIAN_POINT('',(21.3352633547412,12.4558479229817,8.8));
#3763=CARTESIAN_POINT('',(21.3326630646598,12.4617722701557,8.8));
#3764=CARTESIAN_POINT('',(19.3966873944025,6.9499978558931,8.8));
#3765=CARTESIAN_POINT('',(19.3966873944025,7.14999785589315,8.8));
#3766=CARTESIAN_POINT('',(18.9966873944024,7.14999785589316,8.8));
#3767=CARTESIAN_POINT('',(18.9966873944024,6.74999785589316,8.8));
#3768=CARTESIAN_POINT('',(13.1966873944024,6.7499978558933,8.8));
#3769=CARTESIAN_POINT('',(13.3966873944024,6.74999785589329,8.8));
#3770=CARTESIAN_POINT('',(13.3966873944024,7.14999785589329,8.8));
#3771=CARTESIAN_POINT('',(12.9966873944024,7.1499978558933,8.8));
#3772=CARTESIAN_POINT('',(12.9966873944021,-5.48181172713532,8.8));
#3773=CARTESIAN_POINT('',(-13.003313063625,6.94999785589388,8.8));
#3774=CARTESIAN_POINT('',(-13.003313063625,7.14999785589393,8.8));
#3775=CARTESIAN_POINT('',(-13.403313063625,7.14999785589394,8.8));
#3776=CARTESIAN_POINT('',(-13.403313063625,6.74999785589394,8.8));
#3777=CARTESIAN_POINT('',(-19.2033130636253,6.74999785589408,8.8));
#3778=CARTESIAN_POINT('',(21.7512105977401,-5.72764908772133E-14,8.8));
#3779=CARTESIAN_POINT('',(19.6512105977401,-5.72764908772133E-14,8.8));
#3780=CARTESIAN_POINT('',(-21.7487894022598,-1.47573232263047E-11,8.8));
#3781=CARTESIAN_POINT('',(-23.8487894022599,-1.47573232263047E-11,8.8));
#3782=CARTESIAN_POINT('',(4.85722573273506E-13,-5.72458747072347E-14,8.8));
#3783=CARTESIAN_POINT('',(-2.59999999999951,-5.72458747072347E-14,8.8));
#3784=CARTESIAN_POINT('',(0.00121032874534493,-14.7030222518331,2.2));
#3785=CARTESIAN_POINT('',(12.1313062674731,-16.9435194019819,4.44049715014891));
#3786=CARTESIAN_POINT('',(12.8112066805605,-15.103022251833,2.6));
#3787=CARTESIAN_POINT('',(10.0018902335495,-22.7078696898725,10.2048474380395));
#3788=CARTESIAN_POINT('',(12.0048952239865,-20.7048646994265,8.20184244759346));
#3789=CARTESIAN_POINT('',(7.6268386842784,-25.0829212391545,12.5798989873214));
#3790=CARTESIAN_POINT('',(5.36409698447156,-22.8201795393578,10.3171572875248));
#3791=CARTESIAN_POINT('',(5.36409698448534,-26.0201795393579,13.5171572875248));
#3792=CARTESIAN_POINT('',(0.00121032874775365,-26.0201795393585,13.5171572875254));
#3793=CARTESIAN_POINT('',(-5.36409698449222,-26.020179539359,13.517157287526));
#3794=CARTESIAN_POINT('',(-5.36409698449256,-22.820179539359,10.317157287526));
#3795=CARTESIAN_POINT('',(-7.62683868428941,-25.0829212391561,12.579898987323));
#3796=CARTESIAN_POINT('',(-12.0040883381597,-20.7056715852862,8.20264933345317));
#3797=CARTESIAN_POINT('',(-9.99805150724004,-22.7117084162057,10.2086861643726));
#3798=CARTESIAN_POINT('',(-12.1288856099823,-16.9435194019819,4.4404971501489));
#3799=CARTESIAN_POINT('',(-12.8087860730237,-15.1029085160656,2.6));
#3800=CARTESIAN_POINT('',(-12.8087861229777,-15.1029085160657,2.59988626423261));
#3801=CARTESIAN_POINT('',(-12.8088446359424,-14.9696302971294,2.46660804529636));
#3802=CARTESIAN_POINT('',(-12.8089031489072,-14.8363520781932,2.33332982636012));
#3803=CARTESIAN_POINT('',(-12.808961661872,-14.7030738592569,2.20005160742387));
#3804=CARTESIAN_POINT('',(-12.808961661872,-14.7031254666808,2.2));
#3805=CARTESIAN_POINT('',(0.00121032874534493,-14.703022251833,2.2));
#3806=CARTESIAN_POINT('',(12.8112066805605,-14.703022251833,2.2));
#3807=CARTESIAN_POINT('',(12.8112066805605,-14.7030222518331,2.19999999999999));
#3808=CARTESIAN_POINT('',(12.8112066805605,-14.8363555851664,2.33333333333333));
#3809=CARTESIAN_POINT('',(12.8112066805605,-14.9696889184997,2.46666666666666));
#3810=CARTESIAN_POINT('',(12.8112066805605,-15.1030222518331,2.59999999999999));
#3811=CARTESIAN_POINT('',(21.2659720294055,12.4617722701557,7.8));
#3812=CARTESIAN_POINT('',(21.3927160590884,12.5885162998386,7.8));
#3813=CARTESIAN_POINT('',(21.4673736953027,12.5138586636244,8.7781228841967));
#3814=CARTESIAN_POINT('',(21.2659720294055,12.4617722701557,7.8));
#3815=CARTESIAN_POINT('',(22.2341192256477,12.7121539915504,7.8));
#3816=CARTESIAN_POINT('',(21.2659720294056,12.4617722701557,7.8));
#3817=CARTESIAN_POINT('',(-21.2659720295503,12.4617722701583,7.80000000000227));
#3818=CARTESIAN_POINT('',(-21.2659720295503,12.4617722701583,7.80000000000453));
#3819=CARTESIAN_POINT('',(-22.2341192257935,12.7121539915489,7.80000000000254));
#3820=CARTESIAN_POINT('',(-21.4673736954189,12.5138586636188,8.77812288420754));
#3821=CARTESIAN_POINT('',(-21.3927160592147,12.5885162998227,7.80000000000227));
#3822=CARTESIAN_POINT('',(-21.2659720295503,12.7152603294865,8.76733851560768));
#3823=CARTESIAN_POINT('',(-21.2659720295503,12.4617722701583,7.8));
#3824=CARTESIAN_POINT('',(-21.2659720295503,13.4332590712328,8.03709364255089));
#3825=CARTESIAN_POINT('',(-21.2659720295505,12.4617722701578,7.80000000000213));
#3826=CARTESIAN_POINT('',(21.4543245781054,11.7334723331105,10.7841954784494));
#3827=CARTESIAN_POINT('',(21.4543245781054,12.7049591341856,11.0212891209981));
#3828=CARTESIAN_POINT('',(20.9228006698365,14.7601667033362,2.6));
#3829=CARTESIAN_POINT('',(22.4347693292705,11.9363032858107,10.9790338708715));
#3830=CARTESIAN_POINT('',(21.9059124240785,13.9812262423409,2.6));
#3831=CARTESIAN_POINT('',(21.9059124240785,13.9812262423409,2.59999999999998));
#3832=CARTESIAN_POINT('',(21.8681818131959,14.1271186219245,2.59999999999998));
#3833=CARTESIAN_POINT('',(21.7759756216186,14.3029803750287,2.6008945773282));
#3834=CARTESIAN_POINT('',(21.6319581721504,14.4653780944719,2.60028901383816));
#3835=CARTESIAN_POINT('',(21.5573225210456,14.5352283572848,2.59989662724323));
#3836=CARTESIAN_POINT('',(21.3922335894469,14.6481960888092,2.60012447718887));
#3837=CARTESIAN_POINT('',(21.1880721976463,14.7336698505165,2.60023694459087));
#3838=CARTESIAN_POINT('',(21.0254324193446,14.7601945840594,2.60000000000016));
#3839=CARTESIAN_POINT('',(20.922800661278,14.7601945840592,2.60000000000011));
#3840=CARTESIAN_POINT('',(22.7099333842021,10.87233061718,10.7020013893841));
#3841=CARTESIAN_POINT('',(22.0756338947231,13.3249668116137,7.8000000000001));
#3842=CARTESIAN_POINT('',(23.5806793474558,7.50543043665836,7.8000000000001));
#3843=CARTESIAN_POINT('',(23.5806793474555,7.50543043665861,10.7020013893844));
#3844=CARTESIAN_POINT('',(23.5806793474562,7.50543043665791,2.6));
#3845=CARTESIAN_POINT('',(24.937398735455,2.25942420160984,2.6));
#3846=CARTESIAN_POINT('',(-21.4666221331707,11.6859215644121,10.9790338708982));
#3847=CARTESIAN_POINT('',(-22.4347693294139,11.9363032858027,10.9790338708984));
#3848=CARTESIAN_POINT('',(-21.9059124242312,13.9812262423394,2.6));
#3849=CARTESIAN_POINT('',(-20.4444397351606,16.6098655064906,-4.97899228403922));
#3850=CARTESIAN_POINT('',(-20.9228006614319,14.7601945840618,2.6));
#3851=CARTESIAN_POINT('',(-20.9228006614339,14.7601945840618,2.59999999999987));
#3852=CARTESIAN_POINT('',(-21.0254124337071,14.7601945840616,2.59999999999982));
#3853=CARTESIAN_POINT('',(-21.1880406061072,14.7336766219849,2.60023897373055));
#3854=CARTESIAN_POINT('',(-21.3922074964869,14.6482122419649,2.60012750601954));
#3855=CARTESIAN_POINT('',(-21.5573378892589,14.5352161783658,2.59989626458484));
#3856=CARTESIAN_POINT('',(-21.6319227931774,14.4654106570001,2.60028743564106));
#3857=CARTESIAN_POINT('',(-21.7759456430672,14.3030275452229,2.60089395872526));
#3858=CARTESIAN_POINT('',(-21.8681734391478,14.1271510023203,2.6));
#3859=CARTESIAN_POINT('',(-21.9059124242311,13.9812262423394,2.6));
#3860=CARTESIAN_POINT('',(134.806046488775,14.35285273967,4.26907564913573));
#3861=CARTESIAN_POINT('',(134.806046488775,13.4332590712239,8.03709364254876));
#3862=CARTESIAN_POINT('',(-19.4033130636251,13.4332590712332,8.03709364254876));
#3863=CARTESIAN_POINT('',(-19.4033130636251,13.8978151005272,6.13358393234562));
#3864=CARTESIAN_POINT('',(-19.4033130636251,13.8862424481196,6.18100266085532));
#3865=CARTESIAN_POINT('',(-16.2033130636251,13.8862424481194,6.18100266085532));
#3866=CARTESIAN_POINT('',(-13.0033130636251,13.8862424481193,6.18100266085532));
#3867=CARTESIAN_POINT('',(-13.0033130636253,14.352852739675,4.26907564915181));
#3868=CARTESIAN_POINT('',(12.9966873944026,13.8978151005261,6.13358393234218));
#3869=CARTESIAN_POINT('',(12.9966873944026,13.8862424481185,6.18100266085188));
#3870=CARTESIAN_POINT('',(16.1966873944026,13.8862424481183,6.18100266085188));
#3871=CARTESIAN_POINT('',(19.3966873944026,13.8862424481181,6.18100266085188));
#3872=CARTESIAN_POINT('',(19.3966873944026,14.3528527396767,4.26907564913669));
#3873=CARTESIAN_POINT('',(-4.99552056119625,14.7601945840608,2.6));
#3874=CARTESIAN_POINT('',(-22.7099333843634,10.8723306170846,10.7020013893889));
#3875=CARTESIAN_POINT('',(-25.5637471585928,-0.162467725116098,2.6));
#3876=CARTESIAN_POINT('',(-23.5806793476196,7.50543043650256,2.6));
#3877=CARTESIAN_POINT('',(-23.5806793476175,7.50543043650473,8.41728183570445));
#3878=CARTESIAN_POINT('',(-23.5806793476177,7.50543043650456,7.80000000000514));
#3879=CARTESIAN_POINT('',(-22.0756338948953,13.324966811521,7.80000000000482));
#3880=CARTESIAN_POINT('',(-21.741786188121,10.621948895694,7.80000000000463));
#3881=CARTESIAN_POINT('',(-20.9122699980632,13.8294265389602,7.80000000000445));
#3882=CARTESIAN_POINT('',(21.7417861879602,10.6219488957854,7.8));
#3883=CARTESIAN_POINT('',(20.9122699978584,13.829426539166,7.8));
#3884=CARTESIAN_POINT('',(134.806046488775,12.4617722701489,7.8));
#3885=CARTESIAN_POINT('',(-19.4033130636251,12.4617722701582,7.8));
#3886=CARTESIAN_POINT('',(-21.332663064806,12.4617722701583,8.8));
#3887=CARTESIAN_POINT('',(-21.3100715817316,12.5475574356228,8.80000000000001));
#3888=CARTESIAN_POINT('',(-21.2876913096726,12.6327031672171,8.78897236405853));
#3889=CARTESIAN_POINT('',(-21.2659720295509,12.7152603294867,8.76733851560761));
#3890=CARTESIAN_POINT('',(5.84822166578339E-12,-21.6134256522781,14.2));
#3891=CARTESIAN_POINT('',(-5.36409698449218,-21.8500000001183,14.2000000000006));
#3892=CARTESIAN_POINT('',(-5.36409698449218,-25.7373368268844,14.2000000000006));
#3893=CARTESIAN_POINT('',(-5.36409698449218,-21.1127416999158,14.2000000000006));
#3894=CARTESIAN_POINT('',(6.28708393906178E-12,-25.7373368268838,14.2));
#3895=CARTESIAN_POINT('',(5.36409698448538,-25.7373368268832,14.1999999999994));
#3896=CARTESIAN_POINT('',(5.36409698446906,-21.8500000000958,14.1999999999994));
#3897=CARTESIAN_POINT('',(5.36409698446596,-21.1127416999147,14.1999999999994));
#3898=CARTESIAN_POINT('',(0.00331283472600428,-21.1127416999153,14.2));
#3899=CARTESIAN_POINT('',(-6.92597648715527,-21.8500000001183,14.1292893218809));
#3900=CARTESIAN_POINT('',(-11.3579106035376,-17.6748940577381,9.69735520549898));
#3901=CARTESIAN_POINT('',(-11.3765861525964,-21.217224512459,9.67867965644024));
#3902=CARTESIAN_POINT('',(-10.2808942197146,-22.4288657037311,10.7743715893219));
#3903=CARTESIAN_POINT('',(-8.2372376325459,-24.4725222908996,12.8180281764904));
#3904=CARTESIAN_POINT('',(-7.909681396764,-24.8000785266814,13.1455844122722));
#3905=CARTESIAN_POINT('',(-7.909681396764,-21.8500000001183,13.1455844122722));
#3906=CARTESIAN_POINT('',(-7.90968139676399,-20.9370057686277,13.1455844122723));
#3907=CARTESIAN_POINT('',(-8.71106908210875,-20.1356180832831,12.3441967269276));
#3908=CARTESIAN_POINT('',(-11.3765861525964,-17.4701010127957,9.67867965644025));
#3909=CARTESIAN_POINT('',(-11.3765861525964,-21.3030222518331,9.67867965644024));
#3910=CARTESIAN_POINT('',(-5.36409698449256,-21.8500000001183,10.6000000000006));
#3911=CARTESIAN_POINT('',(-5.36409698449256,-22.5373368268844,10.6000000000006));
#3912=CARTESIAN_POINT('',(-5.36409698449256,-20.5127416999158,10.6000000000006));
#3913=CARTESIAN_POINT('',(0.0556151082650686,-16.8600505064571,11.1899494936611));
#3914=CARTESIAN_POINT('',(8.48091756304532,-16.1231289151438,10.4530279023818));
#3915=CARTESIAN_POINT('',(5.78836105317863,-18.8156854250651,13.1455844122691));
#3916=CARTESIAN_POINT('',(9.25526580897918,-15.3487806692034,9.67867965644446));
#3917=CARTESIAN_POINT('',(-10.1339454654771,-15.3487806692363,9.67867965644036));
#3918=CARTESIAN_POINT('',(-9.25526580903665,-15.3487806692363,9.67867965644036));
#3919=CARTESIAN_POINT('',(-8.48091756309342,-16.1231289151794,10.4530279023835));
#3920=CARTESIAN_POINT('',(-5.78836105320448,-18.8156854250681,13.1455844122721));
#3921=CARTESIAN_POINT('',(-5.36409698449256,-18.3914213563562,12.7213203435602));
#3922=CARTESIAN_POINT('',(-5.36409698449256,-18.9914213563562,13.3213203435602));
#3923=CARTESIAN_POINT('',(0.0556151082655222,-18.9914213563556,13.3213203435596));
#3924=CARTESIAN_POINT('',(5.36409698446564,-18.991421356355,13.3213203435591));
#3925=CARTESIAN_POINT('',(5.36409698446306,-18.391421356355,12.7213203435591));
#3926=CARTESIAN_POINT('',(0.0556151082655223,-21.1127416999153,11.2));
#3927=CARTESIAN_POINT('',(-5.36409698449256,-21.1127416999158,11.2000000000006));
#3928=CARTESIAN_POINT('',(5.36409698446564,-21.1127416999147,11.1999999999994));
#3929=CARTESIAN_POINT('',(-7.90968139676422,-20.9370057686278,13.1455844122721));
#3930=CARTESIAN_POINT('',(-7.20257461557766,-19.5227922062547,13.8526911934587));
#3931=CARTESIAN_POINT('',(-5.7883610532045,-18.8156854250681,13.1455844122721));
#3932=CARTESIAN_POINT('',(-7.24324854466315,-21.048077910575,13.8120172643732));
#3933=CARTESIAN_POINT('',(-6.62313163179791,-19.7474742138765,14.07737320108));
#3934=CARTESIAN_POINT('',(-5.6772889111177,-18.9267575670155,13.2566565542195));
#3935=CARTESIAN_POINT('',(-6.30657565323299,-21.1127416997346,14.2000000000006));
#3936=CARTESIAN_POINT('',(-5.98125260656888,-19.8701010124275,14.1999999996304));
#3937=CARTESIAN_POINT('',(-5.52117676261597,-18.991421356175,13.321320343379));
#3938=CARTESIAN_POINT('',(-5.36409698449257,-21.1127416999159,14.2000000000006));
#3939=CARTESIAN_POINT('',(-5.36409698449256,-19.8701010127966,14.2000000000006));
#3940=CARTESIAN_POINT('',(-5.36409698449256,-18.9914213563562,13.3213203435602));
#3941=CARTESIAN_POINT('',(-5.78836105320448,-20.9370057686277,11.0242640687125));
#3942=CARTESIAN_POINT('',(-4.8282263696351,-21.897140452197,11.9843987522818));
#3943=CARTESIAN_POINT('',(-5.01262512191693,-21.7127416999152,11.8));
#3944=CARTESIAN_POINT('',(4.82822636961158,-21.8971404521767,11.9843987522809));
#3945=CARTESIAN_POINT('',(8.7110690820779,-20.1356180832465,12.3441967269259));
#3946=CARTESIAN_POINT('',(11.376586152551,-17.4701010127506,9.67867965644071));
#3947=CARTESIAN_POINT('',(7.90968139673681,-20.9370057685943,13.1455844122706));
#3948=CARTESIAN_POINT('',(5.01262512189165,-21.712741699895,11.8));
#3949=CARTESIAN_POINT('',(5.78836105317863,-20.9370057686247,11.0242640687095));
#3950=CARTESIAN_POINT('',(5.36409698448073,-21.1127416999147,14.1999999999994));
#3951=CARTESIAN_POINT('',(5.3640969844755,-19.8701010127954,14.1999999999994));
#3952=CARTESIAN_POINT('',(5.3640969844681,-18.9914213563551,13.3213203435591));
#3953=CARTESIAN_POINT('',(6.30657565322146,-21.1127416997286,14.1999999999955));
#3954=CARTESIAN_POINT('',(5.98125260655192,-19.8701010124226,14.1999999996263));
#3955=CARTESIAN_POINT('',(5.52117676259157,-18.9914213561723,13.3213203433763));
#3956=CARTESIAN_POINT('',(7.24324854464894,-21.0480779105655,13.8120172643648));
#3957=CARTESIAN_POINT('',(6.62313163177837,-19.7474742138676,14.0773732010725));
#3958=CARTESIAN_POINT('',(5.67728891109245,-18.9267575670121,13.2566565542161));
#3959=CARTESIAN_POINT('',(7.90968139674768,-20.9370057686158,13.1455844122597));
#3960=CARTESIAN_POINT('',(7.20257461555811,-19.5227922062456,13.8526911934496));
#3961=CARTESIAN_POINT('',(5.78836105317865,-18.8156854250651,13.1455844122691));
#3962=CARTESIAN_POINT('',(5.36409698446306,-20.5127416999147,10.5999999999994));
#3963=CARTESIAN_POINT('',(5.36409698446867,-21.8500000000958,10.5999999999994));
#3964=CARTESIAN_POINT('',(5.36409698447156,-22.5373368268832,10.5999999999994));
#3965=CARTESIAN_POINT('',(7.90968139675304,-24.8000785266786,13.1455844122706));
#3966=CARTESIAN_POINT('',(7.90968139674065,-21.8500000000851,13.1455844122706));
#3967=CARTESIAN_POINT('',(6.92597648713213,-21.8500000000892,14.1292893218794));
#3968=CARTESIAN_POINT('',(8.23723763254059,-24.4725222908896,12.8180281764815));
#3969=CARTESIAN_POINT('',(10.2847329460242,-22.4250269773967,10.7705328629887));
#3970=CARTESIAN_POINT('',(11.3617493298592,-17.6710553313714,9.69351647913339));
#3971=CARTESIAN_POINT('',(11.3765861525668,-21.2180232230711,9.6786796564407));
#3972=CARTESIAN_POINT('',(11.3765861525473,-16.5914213563101,9.6786796564407));
#3973=CARTESIAN_POINT('',(26.7944645539126,1.98076407804745,2.202));
#3974=CARTESIAN_POINT('',(26.7944645539126,2.46195060887325,2.202));
#3975=CARTESIAN_POINT('',(26.7944645539126,2.46195060887324,2.6));
#3976=CARTESIAN_POINT('',(26.7944645539126,2.46195060887323,8.4));
#3977=CARTESIAN_POINT('',(26.7944645539126,-5.08875653788719,8.4));
#3978=CARTESIAN_POINT('',(26.7944645539126,-4.83038871186381,8.4));
#3979=CARTESIAN_POINT('',(26.7944645539126,-1.32898418971036,2.97919420379139));
#3980=CARTESIAN_POINT('',(26.7944645539126,-1.08405523452473,2.6));
#3981=CARTESIAN_POINT('',(26.7944645539126,-5.48181172713489,2.6));
#3982=CARTESIAN_POINT('',(-26.7920438964218,1.98076407804745,2.20200000000021));
#3983=CARTESIAN_POINT('',(-26.7920438964218,-0.000409633591754977,0.922321137872946));
#3984=CARTESIAN_POINT('',(-26.7920438964218,-1.08405523452465,2.6));
#3985=CARTESIAN_POINT('',(-26.7920438964218,-4.83038871186375,8.4));
#3986=CARTESIAN_POINT('',(-26.7920438964218,1.98076407804745,8.4));
#3987=CARTESIAN_POINT('',(-26.7920438964218,2.46437126636298,8.4));
#3988=CARTESIAN_POINT('',(-26.7920438964218,2.46437126636296,2.20200000000021));
#3989=CARTESIAN_POINT('',(-26.7920438964218,2.46437126636297,2.6));
#3990=CARTESIAN_POINT('',(-26.7920438964218,-5.48181172713489,2.6));
#3991=CARTESIAN_POINT('',(13.4979064961294,-21.8500000000616,11.8));
#3992=CARTESIAN_POINT('',(11.3765861525668,-21.2180232230711,9.6786796564407));
#3993=CARTESIAN_POINT('',(11.766732232991,-20.6840143926101,9.28853357601413));
#3994=CARTESIAN_POINT('',(12.270047735348,-20.1686404824637,9.02049195767959));
#3995=CARTESIAN_POINT('',(12.737278434928,-19.5714389555674,8.89802740320871));
#3996=CARTESIAN_POINT('',(12.737278434928,-19.5714389555674,8.89802740320871));
#3997=CARTESIAN_POINT('',(13.4979064961253,-20.8695356729065,11.8));
#3998=CARTESIAN_POINT('',(13.497906496111,-17.4701010127418,11.8));
#3999=CARTESIAN_POINT('',(9.25526580896866,-13.2274603256395,8.8));
#4000=CARTESIAN_POINT('',(9.25526580897482,-14.4701010127596,8.8));
#4001=CARTESIAN_POINT('',(9.25526580897918,-15.3487806692002,9.67867965644139));
#4002=CARTESIAN_POINT('',(10.5378156470509,-13.2274603256339,8.8));
#4003=CARTESIAN_POINT('',(10.2662828492264,-14.2966379109006,8.79999999999427));
#4004=CARTESIAN_POINT('',(10.1102990343688,-15.135022362848,9.46492135009321));
#4005=CARTESIAN_POINT('',(12.7043276288362,-14.0210391928786,8.8));
#4006=CARTESIAN_POINT('',(12.0192633985237,-14.7061034231956,8.80000000000322));
#4007=CARTESIAN_POINT('',(11.4223772110118,-15.3029896107149,9.23609916434006));
#4008=CARTESIAN_POINT('',(13.4979064961066,-16.1875511746662,8.8));
#4009=CARTESIAN_POINT('',(12.4287289108442,-16.4590839725033,8.79999999999914));
#4010=CARTESIAN_POINT('',(11.5903444588933,-16.6150677873699,9.46492135009482));
#4011=CARTESIAN_POINT('',(13.4979064961111,-17.4701010127418,8.8));
#4012=CARTESIAN_POINT('',(12.2552658089915,-17.470101012747,8.8));
#4013=CARTESIAN_POINT('',(11.376586152551,-17.4701010127507,9.67867965644072));
#4014=CARTESIAN_POINT('',(9.25526580896244,-13.2274603256395,11.8));
#4015=CARTESIAN_POINT('',(0.0556151082650686,-13.2274603256767,11.8));
#4016=CARTESIAN_POINT('',(-9.25526580903664,-13.2274603256767,11.8));
#4017=CARTESIAN_POINT('',(-13.497906496156,-17.4701010127958,8.8));
#4018=CARTESIAN_POINT('',(-12.2552658090368,-17.4701010127958,8.8));
#4019=CARTESIAN_POINT('',(-11.3765861525964,-17.4701010127957,9.67867965644026));
#4020=CARTESIAN_POINT('',(-13.4979064961471,-16.1875511747234,8.8));
#4021=CARTESIAN_POINT('',(-12.4287289108813,-16.4590839725519,8.8000000000015));
#4022=CARTESIAN_POINT('',(-11.590344458937,-16.6150677874157,9.46492135009971));
#4023=CARTESIAN_POINT('',(-12.7043276289014,-14.0210391929329,8.8));
#4024=CARTESIAN_POINT('',(-12.019263398588,-14.706103423243,8.79999999999762));
#4025=CARTESIAN_POINT('',(-11.4223772110701,-15.3029896107612,9.23609916433631));
#4026=CARTESIAN_POINT('',(-10.5378156471179,-13.2274603256733,8.8));
#4027=CARTESIAN_POINT('',(-10.2662828492861,-14.2966379109489,8.80000000000334));
#4028=CARTESIAN_POINT('',(-10.1102990344245,-15.1350223628907,9.46492135009478));
#4029=CARTESIAN_POINT('',(-9.25526580903666,-13.2274603256766,8.8));
#4030=CARTESIAN_POINT('',(-9.25526580903666,-14.4701010127959,8.8));
#4031=CARTESIAN_POINT('',(-9.25526580903666,-15.3487806692363,9.67867965644036));
#4032=CARTESIAN_POINT('',(-13.497906496156,-17.4701010127957,11.8));
#4033=CARTESIAN_POINT('',(-13.4979064961559,-5.48181172713489,11.8));
#4034=CARTESIAN_POINT('',(-13.4979064961559,-20.8672154745041,11.8));
#4035=CARTESIAN_POINT('',(-12.7349131615641,-19.5721427393242,8.89864838887657));
#4036=CARTESIAN_POINT('',(-12.7349131615641,-19.5721427393242,8.89864838887657));
#4037=CARTESIAN_POINT('',(-12.2684109965732,-20.1687106321608,9.02132846704982));
#4038=CARTESIAN_POINT('',(-11.7662445700602,-20.6835703628263,9.2890212389761));
#4039=CARTESIAN_POINT('',(-11.3765861525962,-21.2172245124588,9.67867965644005));
#4040=CARTESIAN_POINT('',(-20.6534345216043,-8.41916981142979,2.2));
#4041=CARTESIAN_POINT('',(-21.5119775334023,-8.28738189319226,3.26998602652713));
#4042=CARTESIAN_POINT('',(-17.5308217519203,-14.6748231078286,7.25114180800769));
#4043=CARTESIAN_POINT('',(-17.0329032799375,-15.4736928692846,7.74906027999037));
#4044=CARTESIAN_POINT('',(-22.443949148529,-10.28720949902,7.74906027999163));
#4045=CARTESIAN_POINT('',(-15.624577167869,-16.8235723819589,7.74906027999004));
#4046=CARTESIAN_POINT('',(-16.6289326253142,-16.5096312762754,8.75341573743538));
#4047=CARTESIAN_POINT('',(-15.1266586958861,-16.9792115776996,7.25114180800713));
#4048=CARTESIAN_POINT('',(-16.3287402239031,-15.0505693650226,6.04906027999047));
#4049=CARTESIAN_POINT('',(-16.4161159734471,-10.2724803944494,-1.21862386320705));
#4050=CARTESIAN_POINT('',(-15.005473233897,-14.0911042576564,2.6));
#4051=CARTESIAN_POINT('',(-12.8840350375066,-19.8338584603536,8.34275420269717));
#4052=CARTESIAN_POINT('',(-13.7487608167107,-21.1289311955334,11.6309526953037));
#4053=CARTESIAN_POINT('',(-13.7487608167107,-18.9328046743347,8.23095269530372));
#4054=CARTESIAN_POINT('',(-22.5994413174169,-10.4494341121122,8.23095269530372));
#4055=CARTESIAN_POINT('',(-25.6734513005824,-7.50299786948857,8.23095269530372));
#4056=CARTESIAN_POINT('',(-25.6734513005824,-5.02399534437633,4.3930096150568));
#4057=CARTESIAN_POINT('',(-25.6734066815172,-3.86580875877863,2.6));
#4058=CARTESIAN_POINT('',(-14.0892626534665,-14.9692914056617,2.6));
#4059=CARTESIAN_POINT('',(20.6558551790951,-8.41916981142983,2.2));
#4060=CARTESIAN_POINT('',(16.6279114939516,-16.5165503089423,8.75902027529333));
#4061=CARTESIAN_POINT('',(15.1200330266621,-16.9878824750077,7.25114180800368));
#4062=CARTESIAN_POINT('',(15.6179514986449,-16.832243279267,7.74906027998659));
#4063=CARTESIAN_POINT('',(22.4463698060187,-10.2872094990189,7.74906027998818));
#4064=CARTESIAN_POINT('',(17.0262776107135,-15.4823637665927,7.74906027998692));
#4065=CARTESIAN_POINT('',(21.5103709450327,-8.2880000827773,3.26496694566964));
#4066=CARTESIAN_POINT('',(17.5241960826964,-14.6834940051366,7.25114180800424));
#4067=CARTESIAN_POINT('',(16.3221145546792,-15.0592402623306,6.04906027998702));
#4068=CARTESIAN_POINT('',(25.6758719580731,-7.55492122681679,8.31133941856931));
#4069=CARTESIAN_POINT('',(25.675871958073,-3.86585535367326,2.6));
#4070=CARTESIAN_POINT('',(25.6758719580731,-7.50299786948861,8.23095269530372));
#4071=CARTESIAN_POINT('',(22.6018619749076,-10.4494341121123,8.23095269530372));
#4072=CARTESIAN_POINT('',(13.7487608166708,-18.9351248727459,8.23095269530372));
#4073=CARTESIAN_POINT('',(13.74876081668,-21.1312513939359,11.6309526953037));
#4074=CARTESIAN_POINT('',(12.8867156806577,-19.833154676597,8.3420504189406));
#4075=CARTESIAN_POINT('',(16.4185366309379,-10.2724803944494,-1.21862386320703));
#4076=CARTESIAN_POINT('',(15.0078262137549,-14.0910336691583,2.6));
#4077=CARTESIAN_POINT('',(8.88328520351972,-19.9615370502136,2.6));
#4078=CARTESIAN_POINT('',(-25.2899644310615,5.2090914188426,27.2));
#4079=CARTESIAN_POINT('',(-25.9133642399814,4.58569160992267,27.2));
#4080=CARTESIAN_POINT('',(-25.9133642399815,4.58569160992261,2.6));
#4081=CARTESIAN_POINT('',(-25.9133642399815,4.58569160992263,8.4));
#4082=CARTESIAN_POINT('',(-25.2899644310615,5.2090914188426,8.4));
#4083=CARTESIAN_POINT('',(-24.3007493386832,6.19830651122095,8.4));
#4084=CARTESIAN_POINT('',(-18.7909496545035,11.7081061954006,7.80000000000445));
#4085=CARTESIAN_POINT('',(-24.3638005927875,6.1352552571166,7.80000000000594));
#4086=CARTESIAN_POINT('',(-24.3638005927896,6.13525525711451,2.20000000000043));
#4087=CARTESIAN_POINT('',(-24.3638005927895,6.13525525711466,2.6));
#4088=CARTESIAN_POINT('',(-20.4881940691183,10.0108617807859,2.6));
#4089=CARTESIAN_POINT('',(25.2899644310625,5.20909141884259,27.2));
#4090=CARTESIAN_POINT('',(18.7909496542987,11.7081061956064,7.8));
#4091=CARTESIAN_POINT('',(24.3638005926224,6.13525525728268,7.80000000000028));
#4092=CARTESIAN_POINT('',(24.3007493385166,6.19830651138846,8.4));
#4093=CARTESIAN_POINT('',(25.9157848974722,4.58327095243287,8.4));
#4094=CARTESIAN_POINT('',(25.9157848974722,4.58327095243287,8.4));
#4095=CARTESIAN_POINT('',(25.9157848974722,4.58327095243282,27.2));
#4096=CARTESIAN_POINT('',(25.9157848974722,4.58327095243288,2.6));
#4097=CARTESIAN_POINT('',(15.4926735079212,15.0063823419838,2.6));
#4098=CARTESIAN_POINT('',(24.3638005926229,6.1352552572822,2.6));
#4099=CARTESIAN_POINT('',(24.3638005926208,6.13525525728432,27.2));
#4100=CARTESIAN_POINT('',(-26.4851209363399,8.25657560068348,27.1999999999993));
#4101=CARTESIAN_POINT('',(-26.4851209363491,8.2565756006743,2.6));
#4102=CARTESIAN_POINT('',(-26.4851209363472,8.25657560067624,7.80000000000594));
#4103=CARTESIAN_POINT('',(-23.5806793476176,7.50543043650454,7.80000000000511));
#4104=CARTESIAN_POINT('',(-23.7854643083721,6.71359154153195,7.80000000000551));
#4105=CARTESIAN_POINT('',(-24.3638005927875,6.13525525711664,7.80000000000599));
#4106=CARTESIAN_POINT('',(-23.5806793494002,7.50543042961179,7.9185832981476));
#4107=CARTESIAN_POINT('',(-23.785464313889,6.71359153602099,8.08323729004224));
#4108=CARTESIAN_POINT('',(-24.363800598631,6.13525525127306,8.27433319257349));
#4109=CARTESIAN_POINT('',(-23.4640064106343,7.78193943696516,8.16203840926861));
#4110=CARTESIAN_POINT('',(-23.5488655083059,6.95019034159559,8.67358401832964));
#4111=CARTESIAN_POINT('',(-24.1201344966962,6.37892135320789,9.2481536370325));
#4112=CARTESIAN_POINT('',(-22.9571889129557,8.98307144328458,8.47412830661185));
#4113=CARTESIAN_POINT('',(-22.5358649432288,7.9631909066756,9.31368907970331));
#4114=CARTESIAN_POINT('',(-23.0616693235926,7.43738652631154,10.4965132265333));
#4115=CARTESIAN_POINT('',(-22.3680377616991,10.3793300743262,8.64884202598888));
#4116=CARTESIAN_POINT('',(-21.4060081903623,9.09304765954321,9.48173007599444));
#4117=CARTESIAN_POINT('',(-21.8312540773166,8.6678017725875,11.1953681036476));
#4118=CARTESIAN_POINT('',(-21.8862232040085,11.5212063704133,8.73518236123079));
#4119=CARTESIAN_POINT('',(-20.5123600146029,9.98669583529846,9.41491100218837));
#4120=CARTESIAN_POINT('',(-20.8250064002085,9.67404944969566,11.5407294454185));
#4121=CARTESIAN_POINT('',(-21.6110512042181,12.1733501860117,8.76667132606528));
#4122=CARTESIAN_POINT('',(-20.0137211696156,10.4853346802947,9.3037980979699));
#4123=CARTESIAN_POINT('',(-20.2503222581477,10.2487335917564,11.6666853031218));
#4124=CARTESIAN_POINT('',(-21.4673736954186,12.5138586636187,8.77812288420761));
#4125=CARTESIAN_POINT('',(-19.7603289755032,10.7387268744009,9.22414236720471));
#4126=CARTESIAN_POINT('',(-19.9502583494639,10.5487975004402,11.7124915368169));
#4127=CARTESIAN_POINT('',(-24.3007493386832,6.19830651122095,8.4));
#4128=CARTESIAN_POINT('',(-23.8840603453194,6.61499550458473,8.42132733432747));
#4129=CARTESIAN_POINT('',(-23.3332039589035,7.62141542770135,8.52814817161385));
#4130=CARTESIAN_POINT('',(-22.6744989769247,9.22883395789479,8.68027761624256));
#4131=CARTESIAN_POINT('',(-22.0421577452718,10.8447931420372,8.75370809986073));
#4132=CARTESIAN_POINT('',(-21.6306923911774,11.9283466836778,8.78141415029089));
#4133=CARTESIAN_POINT('',(-21.4255353804535,12.4702522989692,8.78970488668432));
#4134=CARTESIAN_POINT('',(-21.4255353804526,12.4702522989701,8.78970488668445));
#4135=CARTESIAN_POINT('',(-22.0715786930236,12.6701178439998,11.7124915368169));
#4136=CARTESIAN_POINT('',(-21.7729481482077,12.9687483888157,7.80000000000227));
#4137=CARTESIAN_POINT('',(-21.4255353804447,12.4702522989659,8.78970488668421));
#4138=CARTESIAN_POINT('',(-21.4206910516064,12.478933275259,8.79018204029086));
#4139=CARTESIAN_POINT('',(-21.4155583444843,12.4874428168948,8.79060012443384));
#4140=CARTESIAN_POINT('',(-21.4101119939252,12.4957658353987,8.79095536944836));
#4141=CARTESIAN_POINT('',(-21.4101119939255,12.4957658353988,8.79095536944835));
#4142=CARTESIAN_POINT('',(-21.4101119939255,12.4957658353987,8.79095536944836));
#4143=CARTESIAN_POINT('',(-21.3618614508334,12.5695014788582,8.7941025713583));
#4144=CARTESIAN_POINT('',(-21.3133147323997,12.6434783620328,8.78614875766172));
#4145=CARTESIAN_POINT('',(-21.2659720295509,12.7152603294873,8.76733851560973));
#4146=CARTESIAN_POINT('',(-23.7920438964218,2.46437126636296,2.20200000000019));
#4147=CARTESIAN_POINT('',(-23.7920438964218,2.46437126636298,8.4));
#4148=CARTESIAN_POINT('',(-23.7920438964218,2.46437126636297,2.6));
#4149=CARTESIAN_POINT('',(26.4851209361818,8.25657560084254,10.7020013893846));
#4150=CARTESIAN_POINT('',(26.4851209361825,8.25657560084185,2.6));
#4151=CARTESIAN_POINT('',(26.485120936182,8.25657560084229,7.80000000000028));
#4152=CARTESIAN_POINT('',(24.3638005926224,6.13525525728272,7.80000000000033));
#4153=CARTESIAN_POINT('',(23.7854643082118,6.71359154169326,7.8000000000002));
#4154=CARTESIAN_POINT('',(23.5806793474557,7.50543043665843,7.80000000000008));
#4155=CARTESIAN_POINT('',(24.3638005984692,6.13525525143585,8.27433319256024));
#4156=CARTESIAN_POINT('',(23.7854643137328,6.71359153617426,8.08323729003179));
#4157=CARTESIAN_POINT('',(23.5806793492393,7.50543042976182,7.91858329814006));
#4158=CARTESIAN_POINT('',(24.1201344965397,6.37892135336539,9.24815363699149));
#4159=CARTESIAN_POINT('',(23.5488655081534,6.95019034175073,8.67358401830366));
#4160=CARTESIAN_POINT('',(23.4640064104757,7.78193943710976,8.16203840925506));
#4161=CARTESIAN_POINT('',(23.0616693234783,7.43738652642684,10.4965132264757));
#4162=CARTESIAN_POINT('',(22.5358649431173,7.96319090678817,9.3136890796753));
#4163=CARTESIAN_POINT('',(22.9571889128127,8.98307144338248,8.47412830659379));
#4164=CARTESIAN_POINT('',(21.8312540772303,8.66780177267481,11.195368103597));
#4165=CARTESIAN_POINT('',(21.4060081902695,9.09304765963518,9.48173007598674));
#4166=CARTESIAN_POINT('',(22.3680377615633,10.3793300743941,8.64884202597286));
#4167=CARTESIAN_POINT('',(20.8250064001471,9.67404944975802,11.5407294453766));
#4168=CARTESIAN_POINT('',(20.512360014535,9.98669583537071,9.41491100219859));
#4169=CARTESIAN_POINT('',(21.8862232038824,11.5212063704538,8.73518236121665));
#4170=CARTESIAN_POINT('',(20.2503222581088,10.2487335917963,11.6666853030869));
#4171=CARTESIAN_POINT('',(20.0137211695491,10.4853346803546,9.30379809800588));
#4172=CARTESIAN_POINT('',(21.6110512040961,12.1733501860281,8.76667132605365));
#4173=CARTESIAN_POINT('',(19.9502583494343,10.5487975004709,11.7124915367869));
#4174=CARTESIAN_POINT('',(19.7603289754517,10.7387268744534,9.22414236724624));
#4175=CARTESIAN_POINT('',(21.4673736953026,12.5138586636245,8.77812288419672));
#4176=CARTESIAN_POINT('',(22.0715786929939,12.6701178440304,11.7124915367868));
#4177=CARTESIAN_POINT('',(21.4255353803176,12.4702522989555,8.7897048866808));
#4178=CARTESIAN_POINT('',(21.4255353803176,12.4702522989555,8.78970488668081));
#4179=CARTESIAN_POINT('',(21.63055914358,11.9286986460602,8.78141953503831));
#4180=CARTESIAN_POINT('',(22.0413427360805,10.8466258001853,8.7537799842119));
#4181=CARTESIAN_POINT('',(22.6738222870119,9.23157608314571,8.68037056993759));
#4182=CARTESIAN_POINT('',(23.3275101498874,7.63148871832081,8.52922328608206));
#4183=CARTESIAN_POINT('',(23.8873700227439,6.61168582716113,8.42115793556361));
#4184=CARTESIAN_POINT('',(24.3007493385166,6.19830651138846,8.4));
#4185=CARTESIAN_POINT('',(21.7729481481371,12.9687483888872,7.8));
#4186=CARTESIAN_POINT('',(21.4101119937873,12.4957658354057,8.79095536944593));
#4187=CARTESIAN_POINT('',(21.3618614506871,12.5695014788713,8.79410257135614));
#4188=CARTESIAN_POINT('',(21.3133147284027,12.6434783596797,8.78614875827835));
#4189=CARTESIAN_POINT('',(21.2659720294056,12.7152603295215,8.76733851559781));
#4190=CARTESIAN_POINT('',(21.4101119937873,12.4957658354057,8.79095536944592));
#4191=CARTESIAN_POINT('',(21.4101119937873,12.4957658354057,8.79095536944592));
#4192=CARTESIAN_POINT('',(21.4155583443505,12.4874428168962,8.79060012443115));
#4193=CARTESIAN_POINT('',(21.4206910514757,12.4789332752546,8.79018204028787));
#4194=CARTESIAN_POINT('',(21.4255353803174,12.4702522989553,8.78970488668081));
#4195=CARTESIAN_POINT('',(23.7944645539126,2.46195060887317,27.2));
#4196=CARTESIAN_POINT('',(23.7944645539126,2.46195060887323,8.4));
#4197=CARTESIAN_POINT('',(23.7944645539126,2.46195060887324,2.6));
#4198=CARTESIAN_POINT('',(23.7944645539126,-3.06112743665577,5.66086440027886));
#4199=CARTESIAN_POINT('',(23.7944645539126,-4.8303887118638,8.4));
#4200=CARTESIAN_POINT('',(25.6758719580731,-3.86585535367326,2.6));
#4201=CARTESIAN_POINT('',(25.8333348283739,-3.71492731164911,2.6));
#4202=CARTESIAN_POINT('',(26.0619838363156,-3.4499907626048,2.59945529420183));
#4203=CARTESIAN_POINT('',(26.2986758952689,-3.05805955029792,2.59971782915349));
#4204=CARTESIAN_POINT('',(26.4164208570466,-2.82504898815174,2.59992410355059));
#4205=CARTESIAN_POINT('',(26.5097275029849,-2.60649391423193,2.60005835601186));
#4206=CARTESIAN_POINT('',(26.5470962578558,-2.50561885160362,2.59984247240193));
#4207=CARTESIAN_POINT('',(26.6179950467262,-2.30041714320246,2.59922623546346));
#4208=CARTESIAN_POINT('',(26.7283694587261,-1.90026974984607,2.59816666906205));
#4209=CARTESIAN_POINT('',(26.7944645539125,-1.43725128423718,2.6));
#4210=CARTESIAN_POINT('',(26.7944645539125,-1.08405523452472,2.6));
#4211=CARTESIAN_POINT('',(-23.7920438964218,-0.000409633591754977,0.922321137872939));
#4212=CARTESIAN_POINT('',(-23.7920438964218,-4.83038871186376,8.4));
#4213=CARTESIAN_POINT('',(-26.7920438964218,-1.08405523452465,2.6));
#4214=CARTESIAN_POINT('',(-26.7920438964218,-1.43715051039828,2.6));
#4215=CARTESIAN_POINT('',(-26.7259852365177,-1.90009252424691,2.59816501034282));
#4216=CARTESIAN_POINT('',(-26.6156114769279,-2.30029544519507,2.59922237168942));
#4217=CARTESIAN_POINT('',(-26.5447027968289,-2.50554565391626,2.59983981796863));
#4218=CARTESIAN_POINT('',(-26.5072953008679,-2.60652232045025,2.6000577826832));
#4219=CARTESIAN_POINT('',(-26.4140191815974,-2.82500856096532,2.5999290512986));
#4220=CARTESIAN_POINT('',(-26.2962885179374,-3.05800417918757,2.59972520786991));
#4221=CARTESIAN_POINT('',(-26.0596212605296,-3.44991345042775,2.59946161448262));
#4222=CARTESIAN_POINT('',(-25.830952511921,-3.71489056179325,2.6));
#4223=CARTESIAN_POINT('',(-25.6734513005824,-3.8658553536732,2.6));
#4224=CARTESIAN_POINT('',(-12.1288856099823,-14.8221990584223,6.56181749370854));
#4225=CARTESIAN_POINT('',(-11.075067891063,-17.6748940577381,9.41451249302435));
#4226=CARTESIAN_POINT('',(-11.1901664975015,-21.5089579338667,9.13972328786878));
#4227=CARTESIAN_POINT('',(-11.1901664975015,-21.5089579338667,9.13972328786878));
#4228=CARTESIAN_POINT('',(-11.6793034482365,-20.9641905766975,8.70334372726986));
#4229=CARTESIAN_POINT('',(-12.3035368276353,-20.4500972647545,8.43538448170517));
#4230=CARTESIAN_POINT('',(-12.8840350375066,-19.8338584603536,8.34275420269717));
#4231=CARTESIAN_POINT('',(-15.005473233897,-14.0911042576564,2.6));
#4232=CARTESIAN_POINT('',(-14.2763643724523,-14.7899545496021,2.6));
#4233=CARTESIAN_POINT('',(-13.4785219953789,-15.103022251833,2.6));
#4234=CARTESIAN_POINT('',(-12.8087860230698,-15.103022251833,2.6));
#4235=CARTESIAN_POINT('',(12.1313062674731,-14.8221990584223,6.56181749370855));
#4236=CARTESIAN_POINT('',(12.8867156806572,-19.8331546765972,8.34205041894019));
#4237=CARTESIAN_POINT('',(12.3054038596238,-20.449949148695,8.43433362998789));
#4238=CARTESIAN_POINT('',(11.6793897158684,-20.9648846922621,8.70283736705427));
#4239=CARTESIAN_POINT('',(11.189839122545,-21.5097576157621,9.13960138059555));
#4240=CARTESIAN_POINT('',(11.189839122545,-21.5097576157621,9.13960138059554));
#4241=CARTESIAN_POINT('',(11.0789066173845,-17.6710553313726,9.41067376665881));
#4242=CARTESIAN_POINT('',(12.8112066805606,-15.1030222518331,2.59999999999999));
#4243=CARTESIAN_POINT('',(13.4809426528697,-15.1030222518331,2.59999999999999));
#4244=CARTESIAN_POINT('',(14.278785029943,-14.7899545496021,2.59999999999999));
#4245=CARTESIAN_POINT('',(15.0078938913878,-14.0911042576565,2.59999999999999));
#4246=CARTESIAN_POINT('',(21.4101119937873,12.4957658354057,8.79095536944592));
#4247=CARTESIAN_POINT('',(21.3718303462128,12.4789634121913,8.8));
#4248=CARTESIAN_POINT('',(21.3326630646597,12.4617722701557,8.8));
#4249=CARTESIAN_POINT('',(21.3619501174936,12.5693659835682,8.79409678762491));
#4250=CARTESIAN_POINT('',(21.3361633811402,12.5584695777991,8.79853338581619));
#4251=CARTESIAN_POINT('',(21.3101103653753,12.5474101647719,8.8));
#4252=CARTESIAN_POINT('',(21.3135607665044,12.6430778909687,8.78625369986269));
#4253=CARTESIAN_POINT('',(21.300654999606,12.6377895838944,8.78762125025109));
#4254=CARTESIAN_POINT('',(21.2877492464933,12.6325101915605,8.78902293273387));
#4255=CARTESIAN_POINT('',(21.2659720294056,12.7152603295215,8.76733851559783));
#4256=CARTESIAN_POINT('',(21.2659720294056,12.7152603295215,8.76733851559783));
#4257=CARTESIAN_POINT('',(21.2659720294056,12.7152603295215,8.76733851559783));
#4258=CARTESIAN_POINT('',(21.3326630646597,12.4617722701557,8.4));
#4259=CARTESIAN_POINT('',(21.4255353803177,12.4702522989555,8.7897048866808));
#4260=CARTESIAN_POINT('',(21.3830273092304,12.4571016345476,8.8));
#4261=CARTESIAN_POINT('',(21.3393962719609,12.4436035596122,8.8));
#4262=CARTESIAN_POINT('',(21.4207807733405,12.478772704614,8.79017318857371));
#4263=CARTESIAN_POINT('',(21.3796507860416,12.4644566927723,8.79999999999999));
#4264=CARTESIAN_POINT('',(21.3374846332675,12.4497831165625,8.8));
#4265=CARTESIAN_POINT('',(21.415664838275,12.4872798447831,8.7905931982256));
#4266=CARTESIAN_POINT('',(21.3759425988509,12.4717497869229,8.80000000000002));
#4267=CARTESIAN_POINT('',(21.3352632155471,12.4558478713975,8.8));
#4268=CARTESIAN_POINT('',(21.4101119937873,12.4957658354057,8.79095536944592));
#4269=CARTESIAN_POINT('',(21.3718303462129,12.4789634121913,8.8));
#4270=CARTESIAN_POINT('',(21.3326630646598,12.4617722701557,8.8));
#4271=CARTESIAN_POINT('',(21.3393962719609,12.4436035596122,8.4));
#4272=CARTESIAN_POINT('',(24.3007493385166,6.19830651138846,8.4));
#4273=CARTESIAN_POINT('',(24.3007493385166,6.19830651138846,8.8));
#4274=CARTESIAN_POINT('',(24.017906626042,5.91546379891384,8.8));
#4275=CARTESIAN_POINT('',(23.9224200343429,6.57663581556213,8.41936397107926));
#4276=CARTESIAN_POINT('',(23.917992275477,6.55432597171197,8.80000000000109));
#4277=CARTESIAN_POINT('',(23.593772187863,6.33959825635775,8.8));
#4278=CARTESIAN_POINT('',(23.3753455126902,7.51863769260271,8.51510830004706));
#4279=CARTESIAN_POINT('',(23.3263198507884,7.38762963851876,8.79999999999954));
#4280=CARTESIAN_POINT('',(22.9997057171246,7.38124903518317,8.80000000000001));
#4281=CARTESIAN_POINT('',(22.4796099896443,9.70246787758896,8.72862200749295));
#4282=CARTESIAN_POINT('',(22.393495340851,9.54253124737572,8.80000000000025));
#4283=CARTESIAN_POINT('',(22.2219139059511,9.61888147721806,8.79999999999999));
#4284=CARTESIAN_POINT('',(21.8455252914228,11.3608829885275,8.77273239519191));
#4285=CARTESIAN_POINT('',(21.7736046132897,11.3250452699448,8.79999999999987));
#4286=CARTESIAN_POINT('',(21.6893784812608,11.3123246978023,8.8));
#4287=CARTESIAN_POINT('',(21.4255353803176,12.4702522989555,8.78970488668081));
#4288=CARTESIAN_POINT('',(21.3830273092303,12.4571016345476,8.8));
#4289=CARTESIAN_POINT('',(21.3393962719608,12.4436035596121,8.8));
#4290=CARTESIAN_POINT('',(24.017906626042,5.91546379891384,8.4));
#4291=CARTESIAN_POINT('',(25.0071217185879,4.92624870636798,8.4));
#4292=CARTESIAN_POINT('',(25.6329421849976,4.30042823995825,8.4));
#4293=CARTESIAN_POINT('',(23.7944645539126,2.46195060887323,8.4));
#4294=CARTESIAN_POINT('',(26.3944645539126,2.46195060887323,8.4));
#4295=CARTESIAN_POINT('',(26.3944645539126,1.98076407804745,8.4));
#4296=CARTESIAN_POINT('',(26.3944645539126,-4.83038871186381,8.4));
#4297=CARTESIAN_POINT('',(26.3944645539126,-4.83038871186379,8.8));
#4298=CARTESIAN_POINT('',(26.7944645539126,-4.83038871186379,8.8));
#4299=CARTESIAN_POINT('',(26.7944645539126,-4.83038871186379,8.4));
#4300=CARTESIAN_POINT('',(26.3944645539014,-5.75165438536083,8.8));
#4301=CARTESIAN_POINT('',(26.8647361510398,-5.94137106982916,8.80000000000514));
#4302=CARTESIAN_POINT('',(26.7944645539126,-5.85166283299169,8.33540258700381));
#4303=CARTESIAN_POINT('',(26.0277919170683,-6.6635234576409,8.8));
#4304=CARTESIAN_POINT('',(26.4912536595308,-6.99042395532677,8.79999999999939));
#4305=CARTESIAN_POINT('',(26.3713807421748,-6.86252030025261,8.27146404597105));
#4306=CARTESIAN_POINT('',(25.4250176375183,-7.24128214845919,8.8));
#4307=CARTESIAN_POINT('',(25.8594863848518,-7.69456236791753,8.8));
#4308=CARTESIAN_POINT('',(25.6758719580731,-7.50299786948861,8.23095269530372));
#4309=CARTESIAN_POINT('',(25.4250176375183,-7.2412821484592,8.4));
#4310=CARTESIAN_POINT('',(10.4493697258933,-21.5954293390114,8.4));
#4311=CARTESIAN_POINT('',(13.4979064961161,-18.6734091517165,8.4));
#4312=CARTESIAN_POINT('',(13.4979064961161,-18.6734091517165,8.8));
#4313=CARTESIAN_POINT('',(13.9323752434495,-19.1266893711749,8.8));
#4314=CARTESIAN_POINT('',(13.7487608166708,-18.9351248727459,8.23095269530372));
#4315=CARTESIAN_POINT('',(13.2415656275427,-18.9518720173982,8.8));
#4316=CARTESIAN_POINT('',(13.6727754147246,-19.3525998723267,8.76452230360043));
#4317=CARTESIAN_POINT('',(13.4582411656207,-19.2135877384285,8.23095269530416));
#4318=CARTESIAN_POINT('',(12.9852431598132,-19.2544972125481,8.83303405070673));
#4319=CARTESIAN_POINT('',(13.3922237168614,-19.6194948685079,8.76140489699584));
#4320=CARTESIAN_POINT('',(13.1677423688602,-19.5162129335771,8.26839128610564));
#4321=CARTESIAN_POINT('',(12.737278434928,-19.5714389555675,8.89802740320871));
#4322=CARTESIAN_POINT('',(13.105433322767,-19.9203016971795,8.80153133744167));
#4323=CARTESIAN_POINT('',(12.8867156806572,-19.8331546765973,8.34205041894026));
#4324=CARTESIAN_POINT('',(12.6358613601025,-19.5714389555678,8.51109772363654));
#4325=CARTESIAN_POINT('',(12.7372784349286,-19.5714389555667,8.89802740320855));
#4326=CARTESIAN_POINT('',(13.1054333227676,-19.9203016971788,8.80153133744158));
#4327=CARTESIAN_POINT('',(12.8867156806579,-19.8331546765965,8.34205041894008));
#4328=CARTESIAN_POINT('',(12.264546794849,-20.1756716015466,9.0219337940742));
#4329=CARTESIAN_POINT('',(12.5861890726972,-20.5870463517544,8.87214095427558));
#4330=CARTESIAN_POINT('',(12.2936018217738,-20.4624715594467,8.43620718587436));
#4331=CARTESIAN_POINT('',(11.7653405857735,-20.6859192180743,9.28992522323164));
#4332=CARTESIAN_POINT('',(12.067109001584,-21.0973053117944,9.07968984199663));
#4333=CARTESIAN_POINT('',(11.6680059599604,-20.9775548905445,8.71299365751628));
#4334=CARTESIAN_POINT('',(11.3765861525668,-21.2180232230711,9.67867965644069));
#4335=CARTESIAN_POINT('',(11.622315212411,-21.6249562946585,9.43295059659808));
#4336=CARTESIAN_POINT('',(11.189839122545,-21.5097576157621,9.13960138059554));
#4337=CARTESIAN_POINT('',(11.0937434400921,-21.2180232230723,9.39583694396613));
#4338=CARTESIAN_POINT('',(11.3765861525668,-21.2180232230711,9.67867965644068));
#4339=CARTESIAN_POINT('',(11.622315212411,-21.6249562946585,9.43295059659806));
#4340=CARTESIAN_POINT('',(11.189839122545,-21.5097576157621,9.13960138059552));
#4341=CARTESIAN_POINT('',(11.0089440963636,-21.662029095967,10.0463217126458));
#4342=CARTESIAN_POINT('',(11.2471062060197,-22.1395421107516,9.80815960299207));
#4343=CARTESIAN_POINT('',(10.7908402890463,-21.9538458547413,9.49557752339356));
#4344=CARTESIAN_POINT('',(10.6411697567645,-22.0685901666503,10.4140960522468));
#4345=CARTESIAN_POINT('',(10.8901838429915,-22.596274691466,10.1650819660161));
#4346=CARTESIAN_POINT('',(10.3906975633519,-22.3574118966105,9.85438964477747));
#4347=CARTESIAN_POINT('',(10.2847329460242,-22.4250269773967,10.7705328629887));
#4348=CARTESIAN_POINT('',(10.5675756585012,-22.9907124023471,10.487690150514));
#4349=CARTESIAN_POINT('',(10.0018902335495,-22.7078696898726,10.2048474380395));
#4350=CARTESIAN_POINT('',(10.0018902335495,-22.4250269773979,10.4876901505141));
#4351=CARTESIAN_POINT('',(7.95439492006592,-24.4725222908908,12.535185464007));
#4352=CARTESIAN_POINT('',(7.62683868427839,-24.8000785266798,12.862741699796));
#4353=CARTESIAN_POINT('',(5.36409698449844,-26.0201795393579,13.5171572875248));
#4354=CARTESIAN_POINT('',(5.36409698450418,-26.7030222518325,14.1999999999994));
#4355=CARTESIAN_POINT('',(5.36409698450012,-25.7373368268832,14.1999999999994));
#4356=CARTESIAN_POINT('',(5.78297601861037,-26.0201795393522,13.5171572875192));
#4357=CARTESIAN_POINT('',(5.9617438002126,-26.7030222518297,14.199999999995));
#4358=CARTESIAN_POINT('',(5.83533589787654,-25.7373368268782,14.1999999999975));
#4359=CARTESIAN_POINT('',(6.62055668582468,-25.8535415963784,13.3505193445454));
#4360=CARTESIAN_POINT('',(7.04713576760116,-26.4386307813324,13.9356085294998));
#4361=CARTESIAN_POINT('',(6.77761414849131,-25.5706988839027,14.0125323141444));
#4362=CARTESIAN_POINT('',(7.33064648197516,-25.3791134414561,12.8760911896231));
#4363=CARTESIAN_POINT('',(7.87558852036281,-25.7619334235341,13.2589111717015));
#4364=CARTESIAN_POINT('',(7.5764651691631,-25.0962707289805,13.4788006398619));
#4365=CARTESIAN_POINT('',(7.6268386842784,-25.0829212391544,12.5798989873214));
#4366=CARTESIAN_POINT('',(8.19252410923001,-25.365763951629,12.8627416997959));
#4367=CARTESIAN_POINT('',(7.90968139675307,-24.8000785266786,13.1455844122706));
#4368=CARTESIAN_POINT('',(5.36409698448534,-25.7373368268832,13.7999999999994));
#4369=CARTESIAN_POINT('',(6.24451636137186E-12,-25.7373368268838,13.8));
#4370=CARTESIAN_POINT('',(-5.36409698449222,-25.7373368268844,13.8000000000006));
#4371=CARTESIAN_POINT('',(-7.62683868428943,-25.0829212391561,12.579898987323));
#4372=CARTESIAN_POINT('',(-8.19252410923867,-25.3657639516307,12.8627416997976));
#4373=CARTESIAN_POINT('',(-7.90968139676404,-24.8000785266814,13.1455844122722));
#4374=CARTESIAN_POINT('',(-7.33064648198293,-25.3791134414592,12.8760911896262));
#4375=CARTESIAN_POINT('',(-7.87558852036212,-25.7619334235339,13.2589111717002));
#4376=CARTESIAN_POINT('',(-7.57646516917207,-25.0962707289855,13.4788006398642));
#4377=CARTESIAN_POINT('',(-6.62055668582682,-25.853541596383,13.3505193445499));
#4378=CARTESIAN_POINT('',(-7.0471357675893,-26.4386307813439,13.9356085295119));
#4379=CARTESIAN_POINT('',(-6.77761414849218,-25.5706988839079,14.0125323141501));
#4380=CARTESIAN_POINT('',(-5.78297601860664,-26.0201795393554,13.5171572875223));
#4381=CARTESIAN_POINT('',(-5.96174380021204,-26.7030222518379,14.2000000000033));
#4382=CARTESIAN_POINT('',(-5.8353358978709,-25.7373368268808,14.2000000000006));
#4383=CARTESIAN_POINT('',(-5.36409698449256,-26.020179539359,13.517157287526));
#4384=CARTESIAN_POINT('',(-5.36409698449255,-26.7030222518336,14.2000000000006));
#4385=CARTESIAN_POINT('',(-5.36409698449256,-25.7373368268844,14.2000000000006));
#4386=CARTESIAN_POINT('',(-7.62683868428942,-24.8000785266814,12.8627416997976));
#4387=CARTESIAN_POINT('',(-7.9543949200713,-24.4725222908996,12.5351854640158));
#4388=CARTESIAN_POINT('',(-9.99805150724004,-22.4288657037311,10.4915288768472));
#4389=CARTESIAN_POINT('',(-10.2808942197146,-22.428865703731,10.7743715893219));
#4390=CARTESIAN_POINT('',(-10.5637369321893,-22.9945511286803,10.4915288768473));
#4391=CARTESIAN_POINT('',(-9.99805150724003,-22.7117084162057,10.2086861643726));
#4392=CARTESIAN_POINT('',(-10.6385716081213,-22.0711883153206,10.4166942009152));
#4393=CARTESIAN_POINT('',(-10.8873964338133,-22.5988280222439,10.1678693752152));
#4394=CARTESIAN_POINT('',(-10.3882120802411,-22.360030855242,9.85700860340895));
#4395=CARTESIAN_POINT('',(-11.0076657471573,-21.6630355773718,10.0476000618792));
#4396=CARTESIAN_POINT('',(-11.2456146367983,-22.1403759724998,9.80965117223791));
#4397=CARTESIAN_POINT('',(-10.7897872335817,-21.9548730362604,9.49691839856407));
#4398=CARTESIAN_POINT('',(-11.3765861525964,-21.2172245124589,9.67867965644025));
#4399=CARTESIAN_POINT('',(-11.6221864259102,-21.6237059102454,9.43307938312646));
#4400=CARTESIAN_POINT('',(-11.1901664975015,-21.5089579338666,9.13972328786878));
#4401=CARTESIAN_POINT('',(-11.0937434401218,-21.217224512459,9.39583694396561));
#4402=CARTESIAN_POINT('',(-11.3765861525964,-21.217224512459,9.67867965644025));
#4403=CARTESIAN_POINT('',(-11.6221864259102,-21.6237059102454,9.43307938312646));
#4404=CARTESIAN_POINT('',(-11.1901664975016,-21.5089579338667,9.13972328786878));
#4405=CARTESIAN_POINT('',(-11.7648889196908,-20.6854270063562,9.2903768893459));
#4406=CARTESIAN_POINT('',(-12.0664784526847,-21.0963137218094,9.08016543775262));
#4407=CARTESIAN_POINT('',(-11.6677694974686,-20.9770363130763,8.71363365818471));
#4408=CARTESIAN_POINT('',(-12.2629060671757,-20.175750364078,9.02277614558062));
#4409=CARTESIAN_POINT('',(-12.5843885580528,-20.5866497370287,8.87285377596577));
#4410=CARTESIAN_POINT('',(-12.2918506370149,-20.4625029484099,8.43724923213909));
#4411=CARTESIAN_POINT('',(-12.7349131615641,-19.5721427393242,8.89864838887658));
#4412=CARTESIAN_POINT('',(-13.1028087709259,-19.9207350771655,8.80189972294707));
#4413=CARTESIAN_POINT('',(-12.8840350375066,-19.8338584603536,8.34275420269717));
#4414=CARTESIAN_POINT('',(-12.6331807169519,-19.5721427393242,8.51180150739345));
#4415=CARTESIAN_POINT('',(-12.7349131615641,-19.5721427393242,8.89864838887656));
#4416=CARTESIAN_POINT('',(-13.1028087709259,-19.9207350771655,8.80189972294706));
#4417=CARTESIAN_POINT('',(-12.8840350375066,-19.8338584603536,8.34275420269716));
#4418=CARTESIAN_POINT('',(-12.9836131651821,-19.254102549503,8.833245614409));
#4419=CARTESIAN_POINT('',(-13.3905117853727,-19.6188053603059,8.76138911350666));
#4420=CARTESIAN_POINT('',(-13.1658950416069,-19.5158182705318,8.26863105830304));
#4421=CARTESIAN_POINT('',(-13.2407504832897,-18.9504373095354,8.8));
#4422=CARTESIAN_POINT('',(-13.6719866273368,-19.3509660971869,8.76441450552845));
#4423=CARTESIAN_POINT('',(-13.4573173354605,-19.2121530305651,8.23095269530426));
#4424=CARTESIAN_POINT('',(-13.4979064961559,-18.6710889533053,8.8));
#4425=CARTESIAN_POINT('',(-13.9323752434894,-19.1243691727636,8.8));
#4426=CARTESIAN_POINT('',(-13.7487608167107,-18.9328046743347,8.23095269530372));
#4427=CARTESIAN_POINT('',(-13.4979064961559,-18.6710889533053,8.4));
#4428=CARTESIAN_POINT('',(-15.6553471758401,-16.6031836944595,8.4));
#4429=CARTESIAN_POINT('',(-25.4225969800277,-7.24128214845916,8.4));
#4430=CARTESIAN_POINT('',(-25.4225969800276,-7.24128214845917,8.8));
#4431=CARTESIAN_POINT('',(-25.8570657273611,-7.6945623679175,8.8));
#4432=CARTESIAN_POINT('',(-25.6734513005824,-7.50299786948858,8.23095269530372));
#4433=CARTESIAN_POINT('',(-26.0253712595792,-6.66352345764033,8.8));
#4434=CARTESIAN_POINT('',(-26.4888330020388,-6.99042395532463,8.80000000000021));
#4435=CARTESIAN_POINT('',(-26.3689600846865,-6.86252030025136,8.27146404597273));
#4436=CARTESIAN_POINT('',(-26.3920438964107,-5.75165438536081,8.8));
#4437=CARTESIAN_POINT('',(-26.8623154935517,-5.9413710698316,8.80000000000514));
#4438=CARTESIAN_POINT('',(-26.7920438964218,-5.85166283299327,8.33540258700381));
#4439=CARTESIAN_POINT('',(-26.3920438964218,-4.83038871186377,8.8));
#4440=CARTESIAN_POINT('',(-26.7920438964219,-4.83038871186377,8.8));
#4441=CARTESIAN_POINT('',(-26.7920438964219,-4.83038871186377,8.4));
#4442=CARTESIAN_POINT('',(-26.3920438964218,-4.83038871186375,8.4));
#4443=CARTESIAN_POINT('',(-26.3920438964218,-5.48181172713489,8.4));
#4444=CARTESIAN_POINT('',(-26.3920438964218,2.46437126636298,8.4));
#4445=CARTESIAN_POINT('',(-23.7920438964218,2.46437126636298,8.4));
#4446=CARTESIAN_POINT('',(-25.6305215275069,4.302848897448,8.4));
#4447=CARTESIAN_POINT('',(-20.2053513566437,9.72801906831125,8.4));
#4448=CARTESIAN_POINT('',(-24.0179066262085,5.91546379874633,8.4));
#4449=CARTESIAN_POINT('',(-21.425535380453,12.4702522989705,8.78970488668434));
#4450=CARTESIAN_POINT('',(-21.3830273093725,12.4571016345656,8.8));
#4451=CARTESIAN_POINT('',(-21.3393962721102,12.4436035596333,8.8));
#4452=CARTESIAN_POINT('',(-21.8463528723627,11.3586970006815,8.77269895129183));
#4453=CARTESIAN_POINT('',(-21.7743826142891,11.3227902978511,8.80000000000075));
#4454=CARTESIAN_POINT('',(-21.690068113592,11.3100955376494,8.8));
#4455=CARTESIAN_POINT('',(-22.479339326816,9.70015873085551,8.72887175110751));
#4456=CARTESIAN_POINT('',(-22.3941805821269,9.53717612876178,8.7999999999998));
#4457=CARTESIAN_POINT('',(-22.2209586454565,9.6169129547811,8.8));
#4458=CARTESIAN_POINT('',(-23.3838817419397,7.5025362800207,8.51329214948902));
#4459=CARTESIAN_POINT('',(-23.3354282972673,7.37238555993081,8.8000000000001));
#4460=CARTESIAN_POINT('',(-23.0083163805798,7.36406449521911,8.8));
#4461=CARTESIAN_POINT('',(-23.92010796334,6.5789478865641,8.41948230976306));
#4462=CARTESIAN_POINT('',(-23.9157087567145,6.55644997799209,8.79999999999987));
#4463=CARTESIAN_POINT('',(-23.5911801918102,6.34219025695431,8.8));
#4464=CARTESIAN_POINT('',(-24.3007493386832,6.19830651122095,8.4));
#4465=CARTESIAN_POINT('',(-24.3007493386832,6.19830651122095,8.8));
#4466=CARTESIAN_POINT('',(-24.0179066262086,5.91546379874633,8.8));
#4467=CARTESIAN_POINT('',(-21.3393962721107,12.443603559632,8.4));
#4468=CARTESIAN_POINT('',(-21.4101119939255,12.4957658353987,8.79095536944835));
#4469=CARTESIAN_POINT('',(-21.3718303463549,12.478963412189,8.8));
#4470=CARTESIAN_POINT('',(-21.3326630648061,12.4617722701583,8.8));
#4471=CARTESIAN_POINT('',(-21.4156648384087,12.4872798447828,8.79059319822825));
#4472=CARTESIAN_POINT('',(-21.3759425989895,12.4717497869263,8.8));
#4473=CARTESIAN_POINT('',(-21.3352632156912,12.4558478714047,8.8));
#4474=CARTESIAN_POINT('',(-21.4207807734819,12.4787727045992,8.79017318857555));
#4475=CARTESIAN_POINT('',(-21.3796507861856,12.4644566927631,8.8));
#4476=CARTESIAN_POINT('',(-21.3374846334145,12.4497831165591,8.8));
#4477=CARTESIAN_POINT('',(-21.4255353804422,12.4702522989704,8.78970488668446));
#4478=CARTESIAN_POINT('',(-21.3830273093624,12.4571016345641,8.8));
#4479=CARTESIAN_POINT('',(-21.3393962721009,12.4436035596303,8.8));
#4480=CARTESIAN_POINT('',(-21.3326630648061,12.4617722701583,8.4));
#4481=CARTESIAN_POINT('',(-21.332663064806,12.4617722701583,8.8));
#4482=CARTESIAN_POINT('',(-21.3718303463549,12.478963412189,8.8));
#4483=CARTESIAN_POINT('',(-21.4101119939254,12.4957658353987,8.79095536944835));
#4484=CARTESIAN_POINT('',(-21.31011036553,12.5474101647676,8.8));
#4485=CARTESIAN_POINT('',(-21.3361633812927,12.5584695777896,8.79853338581698));
#4486=CARTESIAN_POINT('',(-21.3619501176435,12.5693659835531,8.79409678762648));
#4487=CARTESIAN_POINT('',(-21.2877492491642,12.6325101931602,8.78902293231304));
#4488=CARTESIAN_POINT('',(-21.3006550024162,12.6377895873569,8.78762125964342));
#4489=CARTESIAN_POINT('',(-21.3135607694529,12.6430778912401,8.78625369979038));
#4490=CARTESIAN_POINT('',(-21.2659720295509,12.715260329487,8.76733851560867));
#4491=CARTESIAN_POINT('',(-21.265972029551,12.715260329487,8.76733851560867));
#4492=CARTESIAN_POINT('',(-21.265972029551,12.715260329487,8.76733851560867));
#4493=CARTESIAN_POINT('',(4.85722573273506E-13,-5.72458747072347E-14,27.6));
#4494=CARTESIAN_POINT('',(4.85722573273506E-13,-5.72458747072347E-14,8.4));
#4495=CARTESIAN_POINT('',(-2.19999999999951,-5.72458747072347E-14,8.4));
#4496=CARTESIAN_POINT('',(4.85722573273506E-13,-5.72458747072347E-14,2.6));
#4497=CARTESIAN_POINT('',(-2.19999999999951,-5.72458747072347E-14,2.6));
#4498=CARTESIAN_POINT('',(-21.7487894022598,-1.47573232263047E-11,27.6));
#4499=CARTESIAN_POINT('',(-21.7487894022598,-1.47573232263047E-11,8.4));
#4500=CARTESIAN_POINT('',(-23.4487894022598,-1.47573232263047E-11,8.4));
#4501=CARTESIAN_POINT('',(-21.7487894022598,-1.47573232263047E-11,2.6));
#4502=CARTESIAN_POINT('',(-23.4487894022598,-1.47573232263047E-11,2.6));
#4503=CARTESIAN_POINT('',(21.7512105977401,-5.72764908772133E-14,27.6));
#4504=CARTESIAN_POINT('',(21.7512105977401,-5.72764908772133E-14,8.4));
#4505=CARTESIAN_POINT('',(20.0512105977401,-5.72764908772133E-14,8.4));
#4506=CARTESIAN_POINT('',(21.7512105977401,-5.72764908772133E-14,2.6));
#4507=CARTESIAN_POINT('',(20.0512105977401,-5.72764908772133E-14,2.6));
#4508=CARTESIAN_POINT('',(21.7512105977401,-5.72764908772133E-14,8.8));
#4509=CARTESIAN_POINT('',(-21.7487894022598,-1.47573232263047E-11,8.8));
#4510=CARTESIAN_POINT('',(4.85722573273506E-13,-5.72458747072347E-14,8.8));
#4511=CARTESIAN_POINT('',(-26.7920438964218,-0.171413833885633,2.6));
#4512=CARTESIAN_POINT('',(-26.7920438964218,2.46437126636297,2.6));
#4513=CARTESIAN_POINT('',(-26.3920438964218,2.46437126636297,2.2));
#4514=CARTESIAN_POINT('',(-26.3920438964218,-0.171413833885633,2.2));
#4515=CARTESIAN_POINT('',(-26.3920438964218,-1.08405523452465,2.2));
#4516=CARTESIAN_POINT('',(-26.7920438964218,-1.08405523452465,2.6));
#4517=CARTESIAN_POINT('',(-23.7920438964218,2.46437126636297,2.6));
#4518=CARTESIAN_POINT('',(-25.9133642399815,4.58569160992261,2.6));
#4519=CARTESIAN_POINT('',(-25.6305215275069,4.30284889744799,2.2));
#4520=CARTESIAN_POINT('',(-23.7920438964218,2.46437126636297,2.2));
#4521=CARTESIAN_POINT('',(-15.3346296775222,15.1644261723819,2.6));
#4522=CARTESIAN_POINT('',(-24.3638005927895,6.13525525711466,2.6));
#4523=CARTESIAN_POINT('',(-24.0809578803148,5.85241254464004,2.2));
#4524=CARTESIAN_POINT('',(-15.0517869650476,14.8815834599073,2.2));
#4525=CARTESIAN_POINT('',(-26.4851209363491,8.2565756006743,2.6));
#4526=CARTESIAN_POINT('',(-23.5806793476196,7.50543043650256,2.6));
#4527=CARTESIAN_POINT('',(-23.1934204691224,7.40527774794633,2.2));
#4528=CARTESIAN_POINT('',(-26.4851209363491,8.2565756006743,2.2));
#4529=CARTESIAN_POINT('',(-23.9632228386488,6.026255334486,2.6));
#4530=CARTESIAN_POINT('',(-21.9059124242312,13.9812262423394,2.6));
#4531=CARTESIAN_POINT('',(-21.518653545734,13.8810735537828,2.2));
#4532=CARTESIAN_POINT('',(-23.5759639601516,5.92610264592976,2.2));
#4533=CARTESIAN_POINT('',(-21.9363680746759,13.8468930519286,2.60481212));
#4534=CARTESIAN_POINT('',(-21.9307044075803,13.8925502358148,2.60481212));
#4535=CARTESIAN_POINT('',(-21.9220969593451,13.9378648810039,2.60481212));
#4536=CARTESIAN_POINT('',(-21.8766181397466,14.1137171414573,2.60481212));
#4537=CARTESIAN_POINT('',(-21.8173666426298,14.2384058637818,2.60481212));
#4538=CARTESIAN_POINT('',(-21.6571859517305,14.4558055028281,2.60481212));
#4539=CARTESIAN_POINT('',(-21.5563189419177,14.5484311635113,2.60481212));
#4540=CARTESIAN_POINT('',(-21.3282197477185,14.6875664075504,2.60481212));
#4541=CARTESIAN_POINT('',(-21.2010766662926,14.7340206345509,2.60481212));
#4542=CARTESIAN_POINT('',(-20.9745153307116,14.7684089669523,2.60481212));
#4543=CARTESIAN_POINT('',(-20.876772042271,14.7686120128727,2.60481212));
#4544=CARTESIAN_POINT('',(-20.7811918237825,14.754662723758,2.60481212));
#4545=CARTESIAN_POINT('',(-21.931604782247,13.8463005217133,2.600012));
#4546=CARTESIAN_POINT('',(-21.9259666384443,13.891752228988,2.600012));
#4547=CARTESIAN_POINT('',(-21.9173979517832,13.9368632543577,2.600012));
#4548=CARTESIAN_POINT('',(-21.8721234681118,14.1119254121877,2.600012));
#4549=CARTESIAN_POINT('',(-21.8131376071483,14.2360533739535,2.600012));
#4550=CARTESIAN_POINT('',(-21.6536861133644,14.4524633357656,2.600012));
#4551=CARTESIAN_POINT('',(-21.5532831419487,14.544660288262,2.600012));
#4552=CARTESIAN_POINT('',(-21.3262562722243,14.6831414391639,2.600012));
#4553=CARTESIAN_POINT('',(-21.1997215905517,14.7293712145542,2.600012));
#4554=CARTESIAN_POINT('',(-20.9742609354532,14.7635924815537,2.600012));
#4555=CARTESIAN_POINT('',(-20.8769972412455,14.7637943067085,2.600012));
#4556=CARTESIAN_POINT('',(-20.7818872978067,14.7499135425595,2.600012));
#4557=CARTESIAN_POINT('',(-21.4947277086592,13.7919551565343,2.15975719519914));
#4558=CARTESIAN_POINT('',(-21.4914304964067,13.8185610713153,2.15975719519914));
#4559=CARTESIAN_POINT('',(-21.4864169227877,13.8449966044398,2.15975719519914));
#4560=CARTESIAN_POINT('',(-21.4598836109423,13.94759255804,2.15975719519914));
#4561=CARTESIAN_POINT('',(-21.4252612227195,14.0202889867824,2.15975719519914));
#4562=CARTESIAN_POINT('',(-21.3326898347892,14.1459282683642,2.15975719519914));
#4563=CARTESIAN_POINT('',(-21.2748472856012,14.1988051957263,2.15975719519914));
#4564=CARTESIAN_POINT('',(-21.1461712909323,14.2772945867432,2.15975719519914));
#4565=CARTESIAN_POINT('',(-21.0754374881067,14.30293823098,2.15975719519914));
#4566=CARTESIAN_POINT('',(-20.9509284490036,14.3218366839886,2.15975719519914));
#4567=CARTESIAN_POINT('',(-20.8976519187518,14.3219265436236,2.15975719519914));
#4568=CARTESIAN_POINT('',(-20.8456744074566,14.314330715145,2.15975719519914));
#4569=CARTESIAN_POINT('',(-20.9228006614319,14.3601945840617,2.2));
#4570=CARTESIAN_POINT('',(-20.9228006614319,14.4935279173951,2.33333333333333));
#4571=CARTESIAN_POINT('',(-20.9228006614319,14.6268612507284,2.46666666666667));
#4572=CARTESIAN_POINT('',(-20.9228006614319,14.7601945840617,2.6));
#4573=CARTESIAN_POINT('',(-20.9228006614319,14.3601945840617,2.2));
#4574=CARTESIAN_POINT('',(-21.518653545734,13.8810735537828,2.2));
#4575=CARTESIAN_POINT('',(-21.4493874284712,14.1489037965418,2.2));
#4576=CARTESIAN_POINT('',(-21.199686440528,14.3602292743362,2.2));
#4577=CARTESIAN_POINT('',(-20.922800665681,14.3601734924803,2.2));
#4578=CARTESIAN_POINT('',(0.00121032874624521,14.7601945840605,2.6));
#4579=CARTESIAN_POINT('',(20.9228006783928,14.7601667033361,2.59997211927692));
#4580=CARTESIAN_POINT('',(20.9228415937685,14.6268391544839,2.46664457042469));
#4581=CARTESIAN_POINT('',(20.9228825091442,14.4935116056317,2.33331702157247));
#4582=CARTESIAN_POINT('',(20.9229234245198,14.3601840567795,2.19998947272024));
#4583=CARTESIAN_POINT('',(20.9229234245198,14.3601735294997,2.2));
#4584=CARTESIAN_POINT('',(0.0012103287462211,14.3601945840605,2.2));
#4585=CARTESIAN_POINT('',(20.781899979357,14.7499032669157,2.6));
#4586=CARTESIAN_POINT('',(20.8770052646429,14.7637822472395,2.6));
#4587=CARTESIAN_POINT('',(20.974263959703,14.7635798850528,2.6));
#4588=CARTESIAN_POINT('',(21.1997182027904,14.7293595912935,2.6));
#4589=CARTESIAN_POINT('',(21.3262513635019,14.6831303770189,2.6));
#4590=CARTESIAN_POINT('',(21.5532755524828,14.5446508613102,2.6));
#4591=CARTESIAN_POINT('',(21.6536773638319,14.4524549805578,2.6));
#4592=CARTESIAN_POINT('',(21.8131270346699,14.2360474928778,2.6));
#4593=CARTESIAN_POINT('',(21.8721122315604,14.1119209329787,2.6));
#4594=CARTESIAN_POINT('',(21.9173861178988,13.9368610848491,2.6));
#4595=CARTESIAN_POINT('',(21.9259546649593,13.8917509142435,2.6));
#4596=CARTESIAN_POINT('',(21.9315927466361,13.8463000684633,2.6));
#4597=CARTESIAN_POINT('',(20.8460276826714,14.3119598289344,2.15735999999995));
#4598=CARTESIAN_POINT('',(20.8977684519145,14.3195205589778,2.15735999999995));
#4599=CARTESIAN_POINT('',(20.950803415566,14.3194310103872,2.15735999999995));
#4600=CARTESIAN_POINT('',(21.0747607588162,14.3006162958399,2.15735999999995));
#4601=CARTESIAN_POINT('',(21.1451907248694,14.2750847434519,2.1573599999999));
#4602=CARTESIAN_POINT('',(21.2733311972847,14.1969220086292,2.15736));
#4603=CARTESIAN_POINT('',(21.3309420042211,14.1442591794998,2.15735999999995));
#4604=CARTESIAN_POINT('',(21.4231492287926,14.0191141458778,2.15735999999995));
#4605=CARTESIAN_POINT('',(21.4576389574761,13.9466977627426,2.15736));
#4606=CARTESIAN_POINT('',(21.4840701728064,13.8444965841856,2.15735999999993));
#4607=CARTESIAN_POINT('',(21.4890643639674,13.8181629412547,2.15735999999993));
#4608=CARTESIAN_POINT('',(21.4923488308243,13.7916598445238,2.15735999999993));
#4609=CARTESIAN_POINT('',(21.9059124240785,13.9812262423409,2.6));
#4610=CARTESIAN_POINT('',(21.5186535455816,13.8810735537831,2.2));
#4611=CARTESIAN_POINT('',(20.9229234245198,14.3601735231619,2.20000000633728));
#4612=CARTESIAN_POINT('',(21.1997348575999,14.3601703989341,2.20000000633728));
#4613=CARTESIAN_POINT('',(21.4494125403419,14.148806696262,2.2));
#4614=CARTESIAN_POINT('',(21.5186535455815,13.8810735537837,2.2));
#4615=CARTESIAN_POINT('',(23.9633745919677,6.02566855178347,2.6));
#4616=CARTESIAN_POINT('',(23.5806793474562,7.50543043665791,2.6));
#4617=CARTESIAN_POINT('',(23.1934204689593,7.40527774810005,2.2));
#4618=CARTESIAN_POINT('',(23.5761157134709,5.92551586322561,2.2));
#4619=CARTESIAN_POINT('',(26.4851209361825,8.25657560084185,2.6));
#4620=CARTESIAN_POINT('',(24.3638005926229,6.1352552572822,2.6));
#4621=CARTESIAN_POINT('',(24.0809578801483,5.85241254480758,2.2));
#4622=CARTESIAN_POINT('',(26.4851209361825,8.25657560084185,2.2));
#4623=CARTESIAN_POINT('',(15.3358400062681,15.1632158436371,2.6));
#4624=CARTESIAN_POINT('',(25.9157848974722,4.58327095243288,2.6));
#4625=CARTESIAN_POINT('',(25.6329421849975,4.30042823995826,2.2));
#4626=CARTESIAN_POINT('',(15.0529972937934,14.8803731311624,2.2));
#4627=CARTESIAN_POINT('',(23.7944645539126,2.46195060887324,2.6));
#4628=CARTESIAN_POINT('',(26.7944645539126,2.46195060887324,2.6));
#4629=CARTESIAN_POINT('',(26.3944645539126,2.46195060887324,2.2));
#4630=CARTESIAN_POINT('',(23.7944645539126,2.46195060887324,2.2));
#4631=CARTESIAN_POINT('',(26.7944645539126,-0.171413833885632,2.6));
#4632=CARTESIAN_POINT('',(26.7944645539126,-1.08405523452473,2.6));
#4633=CARTESIAN_POINT('',(26.3944645539126,-1.08405523452473,2.2));
#4634=CARTESIAN_POINT('',(26.3944645539126,-0.171413833885632,2.2));
#4635=CARTESIAN_POINT('',(26.7969294541309,-1.08405523452472,2.60246490021837));
#4636=CARTESIAN_POINT('',(26.7969294541309,-1.55182162513193,2.60246490021837));
#4637=CARTESIAN_POINT('',(26.7188036673858,-2.01940452902821,2.60246490021837));
#4638=CARTESIAN_POINT('',(26.4180586487023,-2.88375834071669,2.60246490021837));
#4639=CARTESIAN_POINT('',(26.1955568722606,-3.28019038631042,2.60246490021837));
#4640=CARTESIAN_POINT('',(25.83776835627,-3.70612586864204,2.60246490021837));
#4641=CARTESIAN_POINT('',(25.7533031724091,-3.79580182527226,2.60246490021837));
#4642=CARTESIAN_POINT('',(25.6648731537975,-3.87955549685852,2.60246490021837));
#4643=CARTESIAN_POINT('',(26.7944645539126,-1.08405523452472,2.6));
#4644=CARTESIAN_POINT('',(26.7944645539126,-1.55155059314422,2.6));
#4645=CARTESIAN_POINT('',(26.7163825818653,-2.01886203041596,2.6));
#4646=CARTESIAN_POINT('',(26.4158237210276,-2.88268081665254,2.6));
#4647=CARTESIAN_POINT('',(26.1934650768526,-3.27884832457271,2.6));
#4648=CARTESIAN_POINT('',(25.8359397543789,-3.70447048367292,2.6));
#4649=CARTESIAN_POINT('',(25.7515386200193,-3.79407824193181,2.6));
#4650=CARTESIAN_POINT('',(25.6631777496148,-3.87776644879834,2.6));
#4651=CARTESIAN_POINT('',(26.3944645539125,-1.08405523452472,2.2));
#4652=CARTESIAN_POINT('',(26.3944645539125,-1.50756796282195,2.2));
#4653=CARTESIAN_POINT('',(26.3234927598017,-1.93082623761409,2.2));
#4654=CARTESIAN_POINT('',(26.0531432915218,-2.70782196336314,2.2));
#4655=CARTESIAN_POINT('',(25.8540119188879,-3.06106072770183,2.2));
#4656=CARTESIAN_POINT('',(25.5391972124283,-3.43583730221109,2.2));
#4657=CARTESIAN_POINT('',(25.4651899270106,-3.51437793964631,2.2));
#4658=CARTESIAN_POINT('',(25.388050315219,-3.58744263822926,2.2));
#4659=CARTESIAN_POINT('',(25.3990848398967,-3.57708400604405,2.2));
#4660=CARTESIAN_POINT('',(25.4913472126221,-3.67334112192045,2.33333333333333));
#4661=CARTESIAN_POINT('',(25.5836095853476,-3.76959823779685,2.46666666666667));
#4662=CARTESIAN_POINT('',(25.6758719580731,-3.86585535367325,2.6));
#4663=CARTESIAN_POINT('',(25.3990848398966,-3.57708400604406,2.2));
#4664=CARTESIAN_POINT('',(26.3944645539126,-1.08405523452473,2.2));
#4665=CARTESIAN_POINT('',(26.3944645539125,-2.00974881167771,2.2));
#4666=CARTESIAN_POINT('',(26.0692453644518,-2.93518220149703,2.2));
#4667=CARTESIAN_POINT('',(25.3990094986583,-3.57700532953728,2.2));
#4668=CARTESIAN_POINT('',(14.1402998017749,-14.9226925360033,2.6));
#4669=CARTESIAN_POINT('',(15.0078262040554,-14.0910336784553,2.59990220941822));
#4670=CARTESIAN_POINT('',(14.9155412559228,-13.9947794887631,2.46655536712559));
#4671=CARTESIAN_POINT('',(14.8232563077901,-13.898525299071,2.33320852483296));
#4672=CARTESIAN_POINT('',(14.7309713596575,-13.8022711093788,2.19986168254033));
#4673=CARTESIAN_POINT('',(14.7308756484299,-13.8021712540807,2.2));
#4674=CARTESIAN_POINT('',(13.8635126835984,-14.6339211883741,2.2));
#4675=CARTESIAN_POINT('',(15.0216327719563,-14.0811046662245,2.60251472722105));
#4676=CARTESIAN_POINT('',(14.8578361012819,-14.2392502694581,2.60251472722105));
#4677=CARTESIAN_POINT('',(14.6870818441934,-14.3816989399827,2.60251472722105));
#4678=CARTESIAN_POINT('',(14.1103663969459,-14.7907494558111,2.60251472722105));
#4679=CARTESIAN_POINT('',(13.6852538526672,-14.9804712709524,2.60251472722105));
#4680=CARTESIAN_POINT('',(13.1096948989587,-15.0914903761073,2.60251472722105));
#4681=CARTESIAN_POINT('',(12.9522299492137,-15.1062458729464,2.60251472722105));
#4682=CARTESIAN_POINT('',(12.7977127372664,-15.1052614840614,2.60251472722105));
#4683=CARTESIAN_POINT('',(15.0198861199182,-14.0792947911456,2.6));
#4684=CARTESIAN_POINT('',(14.8561754459428,-14.2373574842772,2.6));
#4685=CARTESIAN_POINT('',(14.6855176748573,-14.3797253158396,2.6));
#4686=CARTESIAN_POINT('',(14.1091618051944,-14.7885207918739,2.6));
#4687=CARTESIAN_POINT('',(13.6843725398911,-14.978080184885,2.6));
#4688=CARTESIAN_POINT('',(13.1093728237157,-15.0889914191844,2.6));
#4689=CARTESIAN_POINT('',(12.9520745934481,-15.1037316401274,2.6));
#4690=CARTESIAN_POINT('',(12.7977296408204,-15.1027489405567,2.6));
#4691=CARTESIAN_POINT('',(14.7403548985069,-13.7896454618076,2.19754733266464));
#4692=CARTESIAN_POINT('',(14.5904069899601,-13.9344393632173,2.19754733266464));
#4693=CARTESIAN_POINT('',(14.4351906747015,-14.0638698647848,2.19754733266464));
#4694=CARTESIAN_POINT('',(13.9163809900822,-14.4318492059378,2.19754733266464));
#4695=CARTESIAN_POINT('',(13.5433287421748,-14.5954148375001,2.19754733266464));
#4696=CARTESIAN_POINT('',(13.0578284496285,-14.6890626035407,2.19754733266464));
#4697=CARTESIAN_POINT('',(12.9272117209488,-14.7013580960626,2.19754733266464));
#4698=CARTESIAN_POINT('',(12.8004348568544,-14.7006457514789,2.19754733266464));
#4699=CARTESIAN_POINT('',(14.7308756495555,-13.8021712552546,2.19999999837329));
#4700=CARTESIAN_POINT('',(14.4676791049084,-14.0545423749743,2.19999999837329));
#4701=CARTESIAN_POINT('',(13.8892636494347,-14.4876395344946,2.20000000081335));
#4702=CARTESIAN_POINT('',(13.1797214208104,-14.7030569026938,2.2));
#4703=CARTESIAN_POINT('',(12.8112066998274,-14.7031256016217,2.2));
#4704=CARTESIAN_POINT('',(-12.7955069318499,-15.1052465045462,2.60249837760497));
#4705=CARTESIAN_POINT('',(-12.9499541740364,-15.1062158507135,2.60249837760497));
#4706=CARTESIAN_POINT('',(-13.1073456716739,-15.0914599469998,2.60249837760497));
#4707=CARTESIAN_POINT('',(-13.6828274652804,-14.9804557251954,2.60249837760497));
#4708=CARTESIAN_POINT('',(-14.1079379077458,-14.7907349660484,2.60249837760497));
#4709=CARTESIAN_POINT('',(-14.6846506011306,-14.3816864034696,2.60249837760497));
#4710=CARTESIAN_POINT('',(-14.8554038366414,-14.2392386394237,2.60249837760497));
#4711=CARTESIAN_POINT('',(-15.0191995925693,-14.081094024968,2.60249837760497));
#4712=CARTESIAN_POINT('',(-12.795523487689,-15.1027502941494,2.6));
#4713=CARTESIAN_POINT('',(-12.9497996748757,-15.1037179783668,2.6));
#4714=CARTESIAN_POINT('',(-13.1070256194429,-15.088977250852,2.6));
#4715=CARTESIAN_POINT('',(-13.6819518824004,-14.9780801848854,2.6));
#4716=CARTESIAN_POINT('',(-14.1067411477036,-14.7885207918735,2.6));
#4717=CARTESIAN_POINT('',(-14.683096601572,-14.379725610753,2.6));
#4718=CARTESIAN_POINT('',(-14.8537539785852,-14.2373581598926,2.6));
#4719=CARTESIAN_POINT('',(-15.0174642970789,-14.0792959162899,2.6));
#4720=CARTESIAN_POINT('',(-12.7981900502346,-14.7006987211989,2.1975993661562));
#4721=CARTESIAN_POINT('',(-12.9249153018829,-14.7013987238314,2.1975993661562));
#4722=CARTESIAN_POINT('',(-13.0554764779704,-14.6891023474217,2.1975993661562));
#4723=CARTESIAN_POINT('',(-13.540926320372,-14.5954643126705,2.1975993661562));
#4724=CARTESIAN_POINT('',(-13.9139852574077,-14.4318953203486,2.1975993661562));
#4725=CARTESIAN_POINT('',(-14.432802007944,-14.063910967511,2.1975993661562));
#4726=CARTESIAN_POINT('',(-14.5880199573302,-13.9344791420204,2.1975993661562));
#4727=CARTESIAN_POINT('',(-14.7379693144831,-13.7896839415521,2.1975993661562));
#4728=CARTESIAN_POINT('',(-14.7286861157206,-13.8023329100272,2.2));
#4729=CARTESIAN_POINT('',(-14.8209484884461,-13.8985900259036,2.33333333333333));
#4730=CARTESIAN_POINT('',(-14.9132108611716,-13.99484714178,2.46666666666667));
#4731=CARTESIAN_POINT('',(-15.005473233897,-14.0911042576564,2.6));
#4732=CARTESIAN_POINT('',(-14.7286861157206,-13.8023329100272,2.2));
#4733=CARTESIAN_POINT('',(-12.8089616618785,-14.7031254901099,2.1999999765903));
#4734=CARTESIAN_POINT('',(-13.5401959354665,-14.7029201435089,2.1999999765903));
#4735=CARTESIAN_POINT('',(-14.2037382614938,-14.3053186305404,2.2));
#4736=CARTESIAN_POINT('',(-14.7284946491883,-13.8021332355397,2.2));
#4737=CARTESIAN_POINT('',(-14.1378791442841,-14.9226925360033,2.6));
#4738=CARTESIAN_POINT('',(-25.6734067034619,-3.86580873774457,2.59993548686755));
#4739=CARTESIAN_POINT('',(-25.5811920105985,-3.76951057989065,2.46660551709539));
#4740=CARTESIAN_POINT('',(-25.4889773177352,-3.67321242203673,2.33327554732324));
#4741=CARTESIAN_POINT('',(-25.3967626248718,-3.5769142641828,2.19994557755108));
#4742=CARTESIAN_POINT('',(-25.3967249662898,-3.576874975073,2.2));
#4743=CARTESIAN_POINT('',(-13.8610920261077,-14.6339211883741,2.2));
#4744=CARTESIAN_POINT('',(4.85722573273506E-13,-5.72458747072347E-14,2.6));
#4745=CARTESIAN_POINT('',(4.85722573273506E-13,-5.72458747072347E-14,2.2));
#4746=CARTESIAN_POINT('',(-2.59999999999951,-5.72458747072347E-14,2.2));
#4747=CARTESIAN_POINT('',(-21.7487894022598,-1.47573232263047E-11,2.6));
#4748=CARTESIAN_POINT('',(-21.7487894022598,-1.47573232263047E-11,2.2));
#4749=CARTESIAN_POINT('',(-23.8487894022599,-1.47573232263047E-11,2.2));
#4750=CARTESIAN_POINT('',(21.7512105977401,-5.72764908772133E-14,2.6));
#4751=CARTESIAN_POINT('',(21.7512105977401,-5.72764908772133E-14,2.2));
#4752=CARTESIAN_POINT('',(19.6512105977401,-5.72764908772133E-14,2.2));
#4753=CARTESIAN_POINT('',(-25.6608117562551,-3.87771467415988,2.6));
#4754=CARTESIAN_POINT('',(-25.749152772293,-3.79404128434953,2.6));
#4755=CARTESIAN_POINT('',(-25.8335355623428,-3.70445088208971,2.6));
#4756=CARTESIAN_POINT('',(-26.1910444193619,-3.27884832457265,2.6));
#4757=CARTESIAN_POINT('',(-26.4134030635368,-2.88268081665249,2.6));
#4758=CARTESIAN_POINT('',(-26.7139619243746,-2.01886203041589,2.6));
#4759=CARTESIAN_POINT('',(-26.7920438964219,-1.55155059314415,2.6));
#4760=CARTESIAN_POINT('',(-26.7920438964218,-1.08405523452466,2.6));
#4761=CARTESIAN_POINT('',(-25.3856773799098,-3.5873974359029,2.2));
#4762=CARTESIAN_POINT('',(-25.4627997925364,-3.51434554654116,2.2));
#4763=CARTESIAN_POINT('',(-25.5367910533993,-3.43582004226807,2.2));
#4764=CARTESIAN_POINT('',(-25.8515912613978,-3.06106072770178,2.2));
#4765=CARTESIAN_POINT('',(-26.0507226340318,-2.70782196336299,2.2));
#4766=CARTESIAN_POINT('',(-26.3210721023103,-1.9308262376141,2.2));
#4767=CARTESIAN_POINT('',(-26.3920438964218,-1.50756796282189,2.2));
#4768=CARTESIAN_POINT('',(-26.3920438964218,-1.08405523452466,2.2));
#4769=CARTESIAN_POINT('',(-25.3967249651784,-3.57687497391248,2.20000000160685));
#4770=CARTESIAN_POINT('',(-26.0658672771713,-2.93601176226131,2.20000000160685));
#4771=CARTESIAN_POINT('',(-26.3920438964219,-2.00819788679841,2.2));
#4772=CARTESIAN_POINT('',(-26.3920438964219,-1.08405523452464,2.2));
#4773=CARTESIAN_POINT('',(-4.99552056119747,-5.48181172713489,2.2));
#4774=CARTESIAN_POINT('',(-19.2033130636253,6.94999785589421,8.05676712206013));
#4775=CARTESIAN_POINT('',(-19.2033130636253,6.94999785589421,8.6));
#4776=CARTESIAN_POINT('',(-19.2033130636251,12.4617722701582,8.6));
#4777=CARTESIAN_POINT('',(-19.2033130636253,7.14999785589408,8.6));
#4778=CARTESIAN_POINT('',(-19.2033130636253,7.14999785589421,8.05676712206018));
#4779=CARTESIAN_POINT('',(-19.2033130636253,7.14999785589468,6.13358393234398));
#4780=CARTESIAN_POINT('',(-19.2033130636253,6.94999785589468,6.13358393234393));
#4781=CARTESIAN_POINT('',(-19.2033130636251,13.6919450879046,6.13358393234557));
#4782=CARTESIAN_POINT('',(-19.2033130636251,13.2389617110178,7.98967491404034));
#4783=CARTESIAN_POINT('',(-19.2033130636251,13.2389617110182,7.98967491403901));
#4784=CARTESIAN_POINT('',(-19.2033130636251,12.4617722701582,7.8));
#4785=CARTESIAN_POINT('',(-13.2033130636251,6.94999785589407,8.05676712206013));
#4786=CARTESIAN_POINT('',(-13.2033130636253,6.94999785589454,6.13358393234393));
#4787=CARTESIAN_POINT('',(-13.2033130636253,7.14999785589454,6.13358393234398));
#4788=CARTESIAN_POINT('',(-13.2033130636251,13.6919450879043,6.13358393234557));
#4789=CARTESIAN_POINT('',(-13.203313063625,7.14999785589389,8.8));
#4790=CARTESIAN_POINT('',(-13.203313063625,7.14999785589394,8.6));
#4791=CARTESIAN_POINT('',(-13.2033130636249,12.4617722701578,8.6));
#4792=CARTESIAN_POINT('',(-13.2033130636249,12.4617722701578,8.6));
#4793=CARTESIAN_POINT('',(-13.203313063625,12.4617722701578,7.8));
#4794=CARTESIAN_POINT('',(-13.2033130636249,13.2389617110178,7.98967491403903));
#4795=CARTESIAN_POINT('',(-13.2033130636248,12.8699841269157,9.50155371852444));
#4796=CARTESIAN_POINT('',(-0.359829599554806,6.94999785589414,6.50676712205844));
#4797=CARTESIAN_POINT('',(-19.0033130636252,6.94999785589459,6.50676712205844));
#4798=CARTESIAN_POINT('',(-19.0033130636252,6.94999785589468,6.13358393234393));
#4799=CARTESIAN_POINT('',(-19.0033130636252,6.94999785589408,8.6));
#4800=CARTESIAN_POINT('',(-13.203313063625,6.94999785589394,8.6));
#4801=CARTESIAN_POINT('',(-13.403313063625,6.94999785589394,8.6));
#4802=CARTESIAN_POINT('',(-13.4033130636253,6.94999785589454,6.13358393234395));
#4803=CARTESIAN_POINT('',(-13.4033130636253,6.94999785589454,6.13358393234393));
#4804=CARTESIAN_POINT('',(-16.2033130636252,6.94999785589461,6.13358393234393));
#4805=CARTESIAN_POINT('',(-15.4405713638283,6.94999785589419,7.77500528858124));
#4806=CARTESIAN_POINT('',(-15.0012315356082,6.94999785589429,7.33566546036106));
#4807=CARTESIAN_POINT('',(-15.499150007591,6.94999785589418,7.83358393234393));
#4808=CARTESIAN_POINT('',(-16.8246334071849,6.94999785589421,7.83358393234393));
#4809=CARTESIAN_POINT('',(-16.9074761196596,6.94999785589421,7.83358393234393));
#4810=CARTESIAN_POINT('',(-17.4053945916424,6.94999785589434,7.33566546036107));
#4811=CARTESIAN_POINT('',(-17.4053945916424,6.94999785589434,7.33566546036106));
#4812=CARTESIAN_POINT('',(-16.2033130636252,6.94999785589461,6.13358393234393));
#4813=CARTESIAN_POINT('',(-16.2033130636252,6.94999785589461,6.13358393234393));
#4814=CARTESIAN_POINT('',(-16.2033130636252,7.14999785589461,6.13358393234398));
#4815=CARTESIAN_POINT('',(-16.2033130636251,13.6919450879044,6.13358393234557));
#4816=CARTESIAN_POINT('',(13.1966873944024,6.94999785589343,8.05676712206013));
#4817=CARTESIAN_POINT('',(13.1966873944024,6.94999785589343,8.6));
#4818=CARTESIAN_POINT('',(13.1966873944026,12.4617722701562,8.6));
#4819=CARTESIAN_POINT('',(13.1966873944024,7.1499978558933,8.6));
#4820=CARTESIAN_POINT('',(13.1966873944024,7.14999785589343,8.05676712206018));
#4821=CARTESIAN_POINT('',(13.1966873944024,7.1499978558939,6.13358393234053));
#4822=CARTESIAN_POINT('',(13.1966873944024,6.9499978558939,6.13358393234048));
#4823=CARTESIAN_POINT('',(13.1966873944026,13.6919450879035,6.13358393234212));
#4824=CARTESIAN_POINT('',(13.1966873944026,13.238961711016,7.98967491403989));
#4825=CARTESIAN_POINT('',(13.1966873944026,13.2389617110162,7.98967491403901));
#4826=CARTESIAN_POINT('',(13.1966873944026,12.4617722701562,7.8));
#4827=CARTESIAN_POINT('',(19.1966873944025,6.94999785589328,8.05676712206013));
#4828=CARTESIAN_POINT('',(19.1966873944025,6.94999785589375,6.13358393234048));
#4829=CARTESIAN_POINT('',(19.1966873944025,7.14999785589375,6.13358393234053));
#4830=CARTESIAN_POINT('',(19.1966873944026,13.6919450879031,6.13358393234212));
#4831=CARTESIAN_POINT('',(19.1966873944025,7.1499978558931,8.8));
#4832=CARTESIAN_POINT('',(19.1966873944025,7.14999785589315,8.6));
#4833=CARTESIAN_POINT('',(19.1966873944026,12.4617722701558,8.6));
#4834=CARTESIAN_POINT('',(19.1966873944026,12.4617722701558,8.6));
#4835=CARTESIAN_POINT('',(19.1966873944026,12.4617722701559,7.8));
#4836=CARTESIAN_POINT('',(19.1966873944026,13.2389617110158,7.98967491403901));
#4837=CARTESIAN_POINT('',(19.1966873944026,12.8699841269138,9.50155371852417));
#4838=CARTESIAN_POINT('',(-0.359829599554806,6.94999785589414,6.50676712205844));
#4839=CARTESIAN_POINT('',(13.3966873944024,6.9499978558938,6.50676712205844));
#4840=CARTESIAN_POINT('',(13.3966873944024,6.94999785589389,6.13358393234048));
#4841=CARTESIAN_POINT('',(13.3966873944024,6.94999785589329,8.6));
#4842=CARTESIAN_POINT('',(19.1966873944025,6.94999785589315,8.6));
#4843=CARTESIAN_POINT('',(18.9966873944024,6.94999785589316,8.6));
#4844=CARTESIAN_POINT('',(18.9966873944024,6.94999785589376,6.13358393234048));
#4845=CARTESIAN_POINT('',(18.9966873944024,6.94999785589376,6.13358393234048));
#4846=CARTESIAN_POINT('',(16.1966873944024,6.94999785589383,6.13358393234048));
#4847=CARTESIAN_POINT('',(16.9594290941994,6.94999785589341,7.77500528857779));
#4848=CARTESIAN_POINT('',(17.3987689224195,6.9499978558935,7.33566546035762));
#4849=CARTESIAN_POINT('',(16.9008504504367,6.9499978558934,7.83358393234048));
#4850=CARTESIAN_POINT('',(15.5753670508428,6.94999785589343,7.83358393234048));
#4851=CARTESIAN_POINT('',(15.4925243383682,6.94999785589343,7.83358393234048));
#4852=CARTESIAN_POINT('',(14.9946058663853,6.94999785589356,7.33566546035762));
#4853=CARTESIAN_POINT('',(14.9946058663853,6.94999785589356,7.33566546035762));
#4854=CARTESIAN_POINT('',(16.1966873944024,6.94999785589383,6.13358393234048));
#4855=CARTESIAN_POINT('',(16.1966873944024,6.94999785589383,6.13358393234048));
#4856=CARTESIAN_POINT('',(16.1966873944024,7.14999785589383,6.13358393234053));
#4857=CARTESIAN_POINT('',(16.1966873944026,13.6919450879033,6.13358393234212));
#4858=CARTESIAN_POINT('',(19.3966873944026,13.8862424481183,6.1810026608514));
#4859=CARTESIAN_POINT('',(19.1966873944026,13.8862424481183,6.18100266085143));
#4860=CARTESIAN_POINT('',(19.1966873944026,13.6919450879033,6.13358393234168));
#4861=CARTESIAN_POINT('',(19.3966873943951,14.0906992779871,5.34324459415671));
#4862=CARTESIAN_POINT('',(19.2087279151305,14.0728476684899,5.41639123283703));
#4863=CARTESIAN_POINT('',(19.1966873944025,13.8964019177738,5.34818574481607));
#4864=CARTESIAN_POINT('',(18.7042445940574,14.4979851490632,3.6743982946051));
#4865=CARTESIAN_POINT('',(18.6163430400487,14.4583831347138,3.8366668135857));
#4866=CARTESIAN_POINT('',(18.547522269076,14.3036877888474,3.78364233898548));
#4867=CARTESIAN_POINT('',(16.1966873944018,14.7518224060678,2.63430484397544));
#4868=CARTESIAN_POINT('',(16.1966873944047,14.7131632331038,2.79271008787728));
#4869=CARTESIAN_POINT('',(16.1966873944021,14.5575250458528,2.80855472902056));
#4870=CARTESIAN_POINT('',(13.6891301947481,14.4979851490634,3.67439829460553));
#4871=CARTESIAN_POINT('',(13.7770317487524,14.4583831347108,3.83666681359327));
#4872=CARTESIAN_POINT('',(13.8458525197286,14.3036877888488,3.78364233898615));
#4873=CARTESIAN_POINT('',(12.9966873944078,14.0906992779871,5.34324459415836));
#4874=CARTESIAN_POINT('',(13.1846468736748,14.0728476684951,5.41639123283259));
#4875=CARTESIAN_POINT('',(13.1966873944025,13.896401917771,5.34818574481697));
#4876=CARTESIAN_POINT('',(12.9966873944026,13.8862424481184,6.18100266085236));
#4877=CARTESIAN_POINT('',(13.1966873944026,13.8862424481184,6.18100266085233));
#4878=CARTESIAN_POINT('',(13.1966873944026,13.6919450879034,6.13358393234258));
#4879=CARTESIAN_POINT('',(19.3966873944026,13.6919450879031,6.13358393234212));
#4880=CARTESIAN_POINT('',(12.9966873944026,13.6919450879035,6.13358393234212));
#4881=CARTESIAN_POINT('',(12.9966873944026,12.8699841269142,9.50155371852422));
#4882=CARTESIAN_POINT('',(12.9966873944026,13.2389617110162,7.98967491403901));
#4883=CARTESIAN_POINT('',(19.3966873944026,14.1585553794617,4.22165692062694));
#4884=CARTESIAN_POINT('',(19.3966873944026,13.2389617110158,7.98967491403901));
#4885=CARTESIAN_POINT('',(12.9966873944026,12.4617722701562,7.8));
#4886=CARTESIAN_POINT('',(12.9966873944026,12.4617722701562,8.6));
#4887=CARTESIAN_POINT('',(16.1966873944024,7.14999785589383,6.13358393234053));
#4888=CARTESIAN_POINT('',(18.9966873944024,7.14999785589376,6.13358393234053));
#4889=CARTESIAN_POINT('',(13.3966873944024,7.14999785589389,6.13358393234053));
#4890=CARTESIAN_POINT('',(19.3966873944026,12.4617722701558,7.8));
#4891=CARTESIAN_POINT('',(19.3966873944026,12.4617722701558,8.6));
#4892=CARTESIAN_POINT('',(12.9966873944021,-5.48181172713532,8.6));
#4893=CARTESIAN_POINT('',(12.9966873944024,7.1499978558933,8.6));
#4894=CARTESIAN_POINT('',(13.3966873944024,7.1499978558938,6.50676712205849));
#4895=CARTESIAN_POINT('',(13.3966873944024,7.14999785589329,8.6));
#4896=CARTESIAN_POINT('',(18.9966873944024,7.14999785589329,8.05676712206018));
#4897=CARTESIAN_POINT('',(18.9966873944024,7.14999785589316,8.6));
#4898=CARTESIAN_POINT('',(19.3966873944025,6.94999785589328,8.6));
#4899=CARTESIAN_POINT('',(19.3966873944025,7.14999785589315,8.6));
#4900=CARTESIAN_POINT('',(13.3966873944024,7.14999785589329,8.6));
#4901=CARTESIAN_POINT('',(13.3966873944024,6.74999785589329,8.6));
#4902=CARTESIAN_POINT('',(18.9966873944024,7.14999785589316,8.6));
#4903=CARTESIAN_POINT('',(18.9966873944024,6.74999785589316,8.6));
#4904=CARTESIAN_POINT('',(-0.359829599554811,6.74999785589363,8.6));
#4905=CARTESIAN_POINT('',(-13.0033130636251,13.8862424481194,6.18100266085485));
#4906=CARTESIAN_POINT('',(-13.2033130636251,13.8862424481194,6.18100266085488));
#4907=CARTESIAN_POINT('',(-13.2033130636251,13.6919450879044,6.13358393234513));
#4908=CARTESIAN_POINT('',(-13.0033130636296,14.0906992779882,5.34324459416016));
#4909=CARTESIAN_POINT('',(-13.1912725428897,14.0728476684874,5.41639123284819));
#4910=CARTESIAN_POINT('',(-13.2033130636252,13.8964019177749,5.34818574481952));
#4911=CARTESIAN_POINT('',(-13.6957558639718,14.4979851490643,3.67439829460855));
#4912=CARTESIAN_POINT('',(-13.7836574179847,14.4583831347192,3.83666681357546));
#4913=CARTESIAN_POINT('',(-13.8524781889517,14.3036877888485,3.78364233898893));
#4914=CARTESIAN_POINT('',(-16.2033130636252,14.7518224060689,2.63430484397889));
#4915=CARTESIAN_POINT('',(-16.2033130636197,14.7131632331022,2.79271008788823));
#4916=CARTESIAN_POINT('',(-16.2033130636256,14.5575250458539,2.80855472902401));
#4917=CARTESIAN_POINT('',(-18.7108702632807,14.4979851490645,3.67439829460898));
#4918=CARTESIAN_POINT('',(-18.6229687092758,14.458383134716,3.8366668135897));
#4919=CARTESIAN_POINT('',(-18.5541479382991,14.3036877888499,3.7836423389896));
#4920=CARTESIAN_POINT('',(-19.4033130636176,14.0906992779882,5.34324459416181));
#4921=CARTESIAN_POINT('',(-19.2153535843542,14.0728476684899,5.41639123283935));
#4922=CARTESIAN_POINT('',(-19.2033130636252,13.8964019177721,5.34818574482042));
#4923=CARTESIAN_POINT('',(-19.4033130636251,13.8862424481195,6.18100266085581));
#4924=CARTESIAN_POINT('',(-19.2033130636251,13.8862424481195,6.18100266085578));
#4925=CARTESIAN_POINT('',(-19.2033130636251,13.6919450879045,6.13358393234603));
#4926=CARTESIAN_POINT('',(-13.0033130636251,13.6919450879043,6.13358393234557));
#4927=CARTESIAN_POINT('',(-19.4033130636251,13.6919450879046,6.13358393234557));
#4928=CARTESIAN_POINT('',(-19.4033130636251,12.8699841269161,9.50155371852449));
#4929=CARTESIAN_POINT('',(-19.4033130636251,13.2389617110182,7.98967491403901));
#4930=CARTESIAN_POINT('',(-13.0033130636253,14.15855537946,4.22165692064206));
#4931=CARTESIAN_POINT('',(-13.0033130636249,13.2389617110178,7.98967491403901));
#4932=CARTESIAN_POINT('',(-19.4033130636251,12.4617722701582,7.8));
#4933=CARTESIAN_POINT('',(-19.4033130636251,12.4617722701582,8.6));
#4934=CARTESIAN_POINT('',(-16.2033130636252,7.14999785589461,6.13358393234398));
#4935=CARTESIAN_POINT('',(-13.4033130636253,7.14999785589454,6.13358393234398));
#4936=CARTESIAN_POINT('',(-19.0033130636252,7.14999785589468,6.13358393234398));
#4937=CARTESIAN_POINT('',(-13.0033130636249,12.4617722701578,7.8));
#4938=CARTESIAN_POINT('',(-13.0033130636249,12.4617722701578,8.6));
#4939=CARTESIAN_POINT('',(-19.4033130636255,-5.48181172713454,8.6));
#4940=CARTESIAN_POINT('',(-19.4033130636252,7.14999785589409,8.6));
#4941=CARTESIAN_POINT('',(-19.0033130636252,7.14999785589458,6.50676712205849));
#4942=CARTESIAN_POINT('',(-19.0033130636252,7.14999785589408,8.6));
#4943=CARTESIAN_POINT('',(-13.4033130636251,7.14999785589407,8.05676712206021));
#4944=CARTESIAN_POINT('',(-13.403313063625,7.14999785589394,8.6));
#4945=CARTESIAN_POINT('',(-13.003313063625,6.94999785589406,8.6));
#4946=CARTESIAN_POINT('',(-13.003313063625,7.14999785589393,8.6));
#4947=CARTESIAN_POINT('',(-19.0033130636252,7.14999785589408,8.6));
#4948=CARTESIAN_POINT('',(-19.0033130636252,6.74999785589408,8.6));
#4949=CARTESIAN_POINT('',(-13.403313063625,7.14999785589394,8.6));
#4950=CARTESIAN_POINT('',(-13.403313063625,6.74999785589394,8.6));
#4951=CARTESIAN_POINT('',(-0.359829599554811,6.74999785589363,8.6));
#4952=CARTESIAN_POINT('',(-16.2033130636253,6.74999785589463,6.13358393234388));
#4953=CARTESIAN_POINT('',(-15.0012315356082,6.74999785589429,7.33566546036101));
#4954=CARTESIAN_POINT('',(-17.4053945916424,6.74999785589436,7.33566546036101));
#4955=CARTESIAN_POINT('',(-17.1857246775323,6.74999785589429,7.5553353744711));
#4956=CARTESIAN_POINT('',(-16.9074761196596,6.74999785589422,7.83358393234388));
#4957=CARTESIAN_POINT('',(-15.2209014497183,6.74999785589425,7.5553353744711));
#4958=CARTESIAN_POINT('',(-15.499150007591,6.74999785589419,7.83358393234388));
#4959=CARTESIAN_POINT('',(-15.8926528918455,6.7499978558942,7.83358393234388));
#4960=CARTESIAN_POINT('',(16.1966873944024,6.74999785589383,6.13358393234044));
#4961=CARTESIAN_POINT('',(17.3987689224195,6.7499978558935,7.33566546035757));
#4962=CARTESIAN_POINT('',(14.9946058663853,6.74999785589357,7.33566546035757));
#4963=CARTESIAN_POINT('',(15.2142757804954,6.74999785589352,7.55533537446766));
#4964=CARTESIAN_POINT('',(15.4925243383682,6.74999785589344,7.83358393234043));
#4965=CARTESIAN_POINT('',(17.1790990083094,6.74999785589346,7.55533537446766));
#4966=CARTESIAN_POINT('',(16.9008504504367,6.7499978558934,7.83358393234044));
#4967=CARTESIAN_POINT('',(15.8860272226226,6.74999785589343,7.83358393234043));
#4968=CARTESIAN_POINT('',(17.2573475661817,-14.5526361446218,7.19424410411507));
#4969=CARTESIAN_POINT('',(17.3800706639964,-14.7056175197824,7.07152100630038));
#4970=CARTESIAN_POINT('',(17.5241960826964,-14.6834940051366,7.25114180800424));
#4971=CARTESIAN_POINT('',(17.4656077144094,-14.1739481126028,6.98598395588753));
#4972=CARTESIAN_POINT('',(17.5991112584019,-14.3201566918158,6.79979896306133));
#4973=CARTESIAN_POINT('',(17.7602242506845,-14.3048059731186,7.01511364000685));
#4974=CARTESIAN_POINT('',(17.6823564329205,-13.64083589312,6.57937039844467));
#4975=CARTESIAN_POINT('',(17.7564832174931,-13.8365172126982,6.28456673690924));
#4976=CARTESIAN_POINT('',(18.0058727983344,-13.7716937536345,6.55428494157915));
#4977=CARTESIAN_POINT('',(17.7111326520164,-13.1740179511415,5.98437959670875));
#4978=CARTESIAN_POINT('',(17.6770969173863,-13.5550396377855,5.73098498643655));
#4979=CARTESIAN_POINT('',(18.0384858466422,-13.3048758116563,5.87996203294344));
#4980=CARTESIAN_POINT('',(17.6027058107014,-12.9747022388465,5.5512082462017));
#4981=CARTESIAN_POINT('',(17.530963042573,-13.4971960543973,5.42458028449389));
#4982=CARTESIAN_POINT('',(17.915602093152,-13.1055600993612,5.3890345023691));
#4983=CARTESIAN_POINT('',(17.3730842641914,-12.9437179049818,5.1681401212124));
#4984=CARTESIAN_POINT('',(17.4031591761265,-13.4984839498724,5.23692222247474));
#4985=CARTESIAN_POINT('',(17.6553643404406,-13.0745757654965,4.95489062738115));
#4986=CARTESIAN_POINT('',(17.0421755792094,-13.0836114707743,4.86819530548966));
#4987=CARTESIAN_POINT('',(17.2277567535316,-13.5176849405868,5.00636395072692));
#4988=CARTESIAN_POINT('',(17.2803344974611,-13.214469331289,4.61495316956206));
#4989=CARTESIAN_POINT('',(16.6384698825589,-13.3824540125424,4.67735574011963));
#4990=CARTESIAN_POINT('',(16.8945071396584,-13.677904454043,4.75989365029252));
#4991=CARTESIAN_POINT('',(16.8228013745905,-13.513311873057,4.39866832880938));
#4992=CARTESIAN_POINT('',(16.0493518421558,-13.9580576957768,4.58944449523358));
#4993=CARTESIAN_POINT('',(16.3273520319661,-14.1000498952155,4.57183261772729));
#4994=CARTESIAN_POINT('',(16.1551342621337,-14.0889155562914,4.29903558460515));
#4995=CARTESIAN_POINT('',(15.3137949238318,-14.9199977935479,4.811979827331));
#4996=CARTESIAN_POINT('',(15.5061004012814,-14.9528504064068,4.67344193289287));
#4997=CARTESIAN_POINT('',(15.3215030880328,-15.0508556540626,4.55124229431602));
#4998=CARTESIAN_POINT('',(14.728349348087,-16.0782353678662,5.52542034515002));
#4999=CARTESIAN_POINT('',(14.7694497119965,-16.1245710130064,5.39433893550139));
#5000=CARTESIAN_POINT('',(14.6579981021905,-16.2090932283809,5.35980821450918));
#5001=CARTESIAN_POINT('',(14.6380162576298,-16.8485773350276,6.44369149479257));
#5002=CARTESIAN_POINT('',(14.6155742566927,-16.9181455297099,6.39459507293456));
#5003=CARTESIAN_POINT('',(14.5556205996656,-16.9794351955422,6.400515517444));
#5004=CARTESIAN_POINT('',(14.9277670619939,-16.9308022276637,6.98598394348641));
#5005=CARTESIAN_POINT('',(14.926978151322,-17.0040986192067,6.98976745606896));
#5006=CARTESIAN_POINT('',(14.8840048446281,-17.0616600881788,7.01511362594732));
#5007=CARTESIAN_POINT('',(15.136027222622,-16.857024614493,7.19424410411453));
#5008=CARTESIAN_POINT('',(15.1477656673694,-16.9321315108531,7.20598254886182));
#5009=CARTESIAN_POINT('',(15.1200330266621,-16.9878824750077,7.2511418080037));
#5010=CARTESIAN_POINT('',(17.398768922419,-14.5526361446218,7.33566546035239));
#5011=CARTESIAN_POINT('',(14.9946058663847,-16.857024614493,7.33566546035182));
#5012=CARTESIAN_POINT('',(16.5024843336742,-16.3856924484276,8.84354392764146));
#5013=CARTESIAN_POINT('',(15.4925243383676,-16.7013854187523,7.83358393233473));
#5014=CARTESIAN_POINT('',(21.3849437847553,-8.1571422222626,3.34949059801779));
#5015=CARTESIAN_POINT('',(16.9008504504362,-15.3515059060779,7.83358393233506));
#5016=CARTESIAN_POINT('',(22.3209426457413,-10.1563516385042,7.83358393233632));
#5017=CARTESIAN_POINT('',(-15.142652891846,-16.8483537171848,7.19424410411798));
#5018=CARTESIAN_POINT('',(-15.1543913365934,-16.9234606135449,7.20598254886527));
#5019=CARTESIAN_POINT('',(-15.1266586958861,-16.9792115776996,7.25114180800715));
#5020=CARTESIAN_POINT('',(-14.9343927312179,-16.922131330356,6.98598394348981));
#5021=CARTESIAN_POINT('',(-14.9336038205462,-16.9954277218984,6.98976745607123));
#5022=CARTESIAN_POINT('',(-14.8906305138517,-17.0529891908709,7.01511362595041));
#5023=CARTESIAN_POINT('',(-14.6446419268538,-16.8399064377193,6.44369149479603));
#5024=CARTESIAN_POINT('',(-14.6221999259166,-16.9094746324018,6.39459507293869));
#5025=CARTESIAN_POINT('',(-14.5622462688899,-16.9707642982339,6.40051551744761));
#5026=CARTESIAN_POINT('',(-14.734975017311,-16.0695644705581,5.52542034515347));
#5027=CARTESIAN_POINT('',(-14.7760753812205,-16.1159001156982,5.39433893550457));
#5028=CARTESIAN_POINT('',(-14.6646237714144,-16.2004223310728,5.35980821451258));
#5029=CARTESIAN_POINT('',(-15.3204205930557,-14.9113268962399,4.81197982733444));
#5030=CARTESIAN_POINT('',(-15.5127260705053,-14.9441795090988,4.67344193289642));
#5031=CARTESIAN_POINT('',(-15.3281287572567,-15.0421847567545,4.55124229431947));
#5032=CARTESIAN_POINT('',(-16.0559775113797,-13.9493867984688,4.58944449523703));
#5033=CARTESIAN_POINT('',(-16.3339777011899,-14.0913789979075,4.57183261773073));
#5034=CARTESIAN_POINT('',(-16.1617599313576,-14.0802446589834,4.2990355846086));
#5035=CARTESIAN_POINT('',(-16.6450955517828,-13.3737831152344,4.67735574012309));
#5036=CARTESIAN_POINT('',(-16.9011328088822,-13.669233556735,4.75989365029598));
#5037=CARTESIAN_POINT('',(-16.8294270438144,-13.5046409757491,4.39866832881283));
#5038=CARTESIAN_POINT('',(-17.0488012484333,-13.0749405734664,4.86819530549312));
#5039=CARTESIAN_POINT('',(-17.2343824227554,-13.5090140432788,5.00636395073036));
#5040=CARTESIAN_POINT('',(-17.286960166685,-13.205798433981,4.61495316956552));
#5041=CARTESIAN_POINT('',(-17.3797099334152,-12.9350470076739,5.16814012121586));
#5042=CARTESIAN_POINT('',(-17.4097848453503,-13.4898130525644,5.23692222247818));
#5043=CARTESIAN_POINT('',(-17.6619900096645,-13.0659048681886,4.95489062738461));
#5044=CARTESIAN_POINT('',(-17.6093314799252,-12.9660313415386,5.55120824620517));
#5045=CARTESIAN_POINT('',(-17.5375887117968,-13.4885251570894,5.42458028449729));
#5046=CARTESIAN_POINT('',(-17.9222277623758,-13.0968892020533,5.38903450237254));
#5047=CARTESIAN_POINT('',(-17.7177583212403,-13.1653470538336,5.98437959671215));
#5048=CARTESIAN_POINT('',(-17.6837225866103,-13.5463687404775,5.73098498644019));
#5049=CARTESIAN_POINT('',(-18.0451115158661,-13.2962049143483,5.87996203294696));
#5050=CARTESIAN_POINT('',(-17.6889821021439,-13.6321649958119,6.57937039844854));
#5051=CARTESIAN_POINT('',(-17.7631088867163,-13.8278463153904,6.28456673691212));
#5052=CARTESIAN_POINT('',(-18.0124984675578,-13.7630228563268,6.55428494158238));
#5053=CARTESIAN_POINT('',(-17.472233383635,-14.1652772152953,6.98598395588924));
#5054=CARTESIAN_POINT('',(-17.6057369276283,-14.3114857945067,6.79979896306671));
#5055=CARTESIAN_POINT('',(-17.7668499199103,-14.2961350758094,7.01511364001136));
#5056=CARTESIAN_POINT('',(-17.2639732354056,-14.5439652473138,7.19424410411854));
#5057=CARTESIAN_POINT('',(-17.3866963332203,-14.6969466224744,7.07152100630385));
#5058=CARTESIAN_POINT('',(-17.5308217519203,-14.6748231078286,7.25114180800771));
#5059=CARTESIAN_POINT('',(-15.0012315356087,-16.8483537171849,7.33566546035528));
#5060=CARTESIAN_POINT('',(-17.4053945916429,-14.5439652473138,7.33566546035583));
#5061=CARTESIAN_POINT('',(-21.3865503731249,-8.15652403267755,3.35450967887527));
#5062=CARTESIAN_POINT('',(-16.90747611966,-15.34283500877,7.83358393233851));
#5063=CARTESIAN_POINT('',(-16.5035054650369,-16.3787734157607,8.83793938978352));
#5064=CARTESIAN_POINT('',(-15.4991500075916,-16.6927145214442,7.83358393233818));
#5065=CARTESIAN_POINT('',(-22.3185219882517,-10.1563516385053,7.83358393233977));
#5066=MECHANICAL_DESIGN_GEOMETRIC_PRESENTATION_REPRESENTATION('',(#2540),
#5067);
#5067=(
GEOMETRIC_REPRESENTATION_CONTEXT(3)
GLOBAL_UNCERTAINTY_ASSIGNED_CONTEXT((#5068))
GLOBAL_UNIT_ASSIGNED_CONTEXT((#5071,#5070,#5069))
REPRESENTATION_CONTEXT('[a]_wwbmg-adapter_sherpa_tap',
'TOP_LEVEL_ASSEMBLY_PART')
);
#5068=UNCERTAINTY_MEASURE_WITH_UNIT(LENGTH_MEASURE(0.0202274715567033),
#5071,'DISTANCE_ACCURACY_VALUE','Maximum Tolerance applied to model');
#5069=(
NAMED_UNIT(*)
SI_UNIT($,.STERADIAN.)
SOLID_ANGLE_UNIT()
);
#5070=(
NAMED_UNIT(*)
PLANE_ANGLE_UNIT()
SI_UNIT($,.RADIAN.)
);
#5071=(
LENGTH_UNIT()
NAMED_UNIT(*)
SI_UNIT(.MILLI.,.METRE.)
);
#5072=PRODUCT_DEFINITION_SHAPE('','',#5073);
#5073=PRODUCT_DEFINITION('','',#5075,#5074);
#5074=PRODUCT_DEFINITION_CONTEXT('',#5081,'design');
#5075=PRODUCT_DEFINITION_FORMATION_WITH_SPECIFIED_SOURCE('','',#5077,
 .NOT_KNOWN.);
#5076=PRODUCT_RELATED_PRODUCT_CATEGORY('','',(#5077));
#5077=PRODUCT('[a]_wwbmg-adapter_sherpa_tap',
'[a]_wwbmg-adapter_sherpa_tap','[a]_wwbmg-adapter_sherpa_tap',(#5079));
#5078=PRODUCT_CATEGORY('','');
#5079=PRODUCT_CONTEXT('',#5081,'mechanical');
#5080=APPLICATION_PROTOCOL_DEFINITION('international standard',
'ap242_managed_model_based_3d_engineering',2020,#5081);
#5081=APPLICATION_CONTEXT('managed model based 3d engineering');
ENDSEC;
END-ISO-10303-21;
