ISO-10303-21;
HEADER;
/* Generated by software containing ST-Developer
 * from STEP Tools, Inc. (www.steptools.com) 
 */
/* OPTION: using custom renumber hook */

FILE_DESCRIPTION(
/* description */ ('STEP AP242 Edition 2',
'CAx-IF Rec.Pracs.---Representation and Presentation of Product Manufa
cturing Information (PMI)---4.0---2014-10-13',
'CAx-IF Rec.Pracs.---3D Tessellated Geometry---0.4---2014-09-14','2;1',
'CAx-IF Rec.Pracs.---User Defined Attributes---1.5---2016-08-15'),
/* implementation_level */ '2;1');

FILE_NAME(
/* name */ '[a]_lgxl-vz-crossbow-adapter_sherpa_xol',
/* time_stamp */ '2026-09-27T04:17:04Z',
/* author */ (''),
/* organization */ (''),
/* preprocessor_version */ 'ST-DEVELOPER v20',
/* originating_system */ 'ONSHAPE BY PTC INC, 1.221',
/* authorisation */ '  ');

FILE_SCHEMA (('AP242_MANAGED_MODEL_BASED_3D_ENGINEERING_MIM_LF { 1 0 10303 442 3 1 4 }'));
ENDSEC;

DATA;
#10=SHAPE_REPRESENTATION_RELATIONSHIP('','',#3870,#11);
#11=ADVANCED_BREP_SHAPE_REPRESENTATION('',(#3868),#7107);
#12=CONICAL_SURFACE('',#4058,3.,0.785398163397448);
#13=CONICAL_SURFACE('',#4061,3.,0.785398163397448);
#14=CONICAL_SURFACE('',#4066,3.,0.785398163397448);
#15=CONICAL_SURFACE('',#4069,3.,0.785398163397448);
#16=CONICAL_SURFACE('',#4072,2.2,0.785398163397448);
#17=CONICAL_SURFACE('',#4074,2.9,0.785398163397448);
#18=CONICAL_SURFACE('',#4076,2.9,0.785398163397448);
#19=CONICAL_SURFACE('',#4093,1.9,0.785398163397434);
#20=CONICAL_SURFACE('',#4103,1.9,0.785398163397435);
#21=CONICAL_SURFACE('',#4107,1.9,0.785398163397435);
#22=CONICAL_SURFACE('',#4119,1.9,0.785398163397434);
#23=CONICAL_SURFACE('',#4169,7.74748737341529,0.785398163397454);
#24=CONICAL_SURFACE('',#4176,0.5,0.785398163397432);
#25=CONICAL_SURFACE('',#4195,3.675,0.785398163397499);
#26=CONICAL_SURFACE('',#4203,7.33535533905933,0.785398163397434);
#27=CONICAL_SURFACE('',#4204,7.27071067811868,0.785398163397455);
#28=CONICAL_SURFACE('',#4207,7.2707106781187,0.785398163397426);
#29=CONICAL_SURFACE('',#4217,1.6,0.785398163397434);
#30=CONICAL_SURFACE('',#4219,4.075,0.785398163397434);
#31=CONICAL_SURFACE('',#4220,14.0331477530026,0.785398163397435);
#32=CONICAL_SURFACE('',#4221,4.075,0.785398163397434);
#33=CONICAL_SURFACE('',#4223,1.6,0.785398163397434);
#34=CONICAL_SURFACE('',#4225,4.075,0.785398163397435);
#35=CONICAL_SURFACE('',#4227,1.6,0.785398163397435);
#36=CONICAL_SURFACE('',#4231,1.5,0.785398163397446);
#37=B_SPLINE_SURFACE_WITH_KNOTS('',1,3,((#6188,#6189,#6190,#6191,#6192,
#6193,#6194,#6195),(#6196,#6197,#6198,#6199,#6200,#6201,#6202,#6203),(#6204,
#6205,#6206,#6207,#6208,#6209,#6210,#6211)),.RULED_SURF.,.F.,.F.,.F.,(2,
1,2),(4,2,2,4),(-0.0052390150438623,0.,0.838443056948785),(5.32623110329111,
5.49778714378214,5.89048622548086,6.0400009814559),.UNSPECIFIED.);
#38=B_SPLINE_SURFACE_WITH_KNOTS('',1,3,((#6222,#6223,#6224,#6225,#6226,
#6227,#6228,#6229),(#6230,#6231,#6232,#6233,#6234,#6235,#6236,#6237),(#6238,
#6239,#6240,#6241,#6242,#6243,#6244,#6245)),.RULED_SURF.,.F.,.F.,.F.,(2,
1,2),(4,2,2,4),(-0.00520495334359776,0.,0.838334653841224),(3.38484624430629,
3.53429173528852,3.92699081698724,4.09854645041345),.UNSPECIFIED.);
#39=B_SPLINE_SURFACE_WITH_KNOTS('',1,3,((#6262,#6263,#6264,#6265,#6266,
#6267,#6268,#6269),(#6270,#6271,#6272,#6273,#6274,#6275,#6276,#6277)),
 .RULED_SURF.,.F.,.F.,.F.,(2,2),(4,2,2,4),(0.,0.833333333333324),(0.672503363084748,
0.785398163397448,1.17809724509617,1.5707963267949),.UNSPECIFIED.);
#40=B_SPLINE_SURFACE_WITH_KNOTS('',1,3,((#6304,#6305,#6306,#6307,#6308,
#6309,#6310,#6311,#6312,#6313,#6314,#6315),(#6316,#6317,#6318,#6319,#6320,
#6321,#6322,#6323,#6324,#6325,#6326,#6327),(#6328,#6329,#6330,#6331,#6332,
#6333,#6334,#6335,#6336,#6337,#6338,#6339)),.RULED_SURF.,.F.,.F.,.F.,(2,
1,2),(4,2,2,2,2,4),(-0.01,0.,0.9171725100018),(1.43749108022075,1.5707963267949,
1.96349540849362,2.35619449019234,2.74889357189107,3.03715403911929),
 .UNSPECIFIED.);
#41=B_SPLINE_SURFACE_WITH_KNOTS('',1,3,((#6356,#6357,#6358,#6359,#6360,
#6361,#6362,#6363,#6364,#6365,#6366,#6367),(#6368,#6369,#6370,#6371,#6372,
#6373,#6374,#6375,#6376,#6377,#6378,#6379)),.RULED_SURF.,.F.,.F.,.F.,(2,
2),(4,2,2,2,2,4),(0.,0.922166666666668),(3.2460423236493,3.53429173528852,
3.92699081698724,4.31968989868597,4.71238898038469,4.8456932219057),
 .UNSPECIFIED.);
#42=B_SPLINE_SURFACE_WITH_KNOTS('',1,3,((#6406,#6407,#6408,#6409,#6410,
#6411,#6412,#6413),(#6414,#6415,#6416,#6417,#6418,#6419,#6420,#6421),(#6422,
#6423,#6424,#6425,#6426,#6427,#6428,#6429)),.RULED_SURF.,.F.,.F.,.F.,(2,
1,2),(4,2,2,4),(-0.00513520878828123,0.,0.833333333333331),(1.5707963267949,
1.96349540849362,2.35619449019234,2.46911257617458),.UNSPECIFIED.);
#43=B_SPLINE_SURFACE_WITH_KNOTS('',1,3,((#7079,#7080,#7081,#7082),(#7083,
#7084,#7085,#7086)),.RULED_SURF.,.F.,.F.,.F.,(2,2),(4,4),(0.,1.),(5.17421282324989,
5.47937640272019),.PIECEWISE_BEZIER_KNOTS.);
#44=B_SPLINE_SURFACE_WITH_KNOTS('',1,3,((#7091,#7092,#7093,#7094),(#7095,
#7096,#7097,#7098)),.RULED_SURF.,.F.,.F.,.F.,(2,2),(4,4),(0.,1.),(0.247549427241394,
0.713977389502637),.PIECEWISE_BEZIER_KNOTS.);
#45=TOROIDAL_SURFACE('',#4007,3.9352192353441,3.);
#46=TOROIDAL_SURFACE('',#4015,3.93521923532499,3.);
#47=TOROIDAL_SURFACE('',#4030,2.6,0.4);
#48=TOROIDAL_SURFACE('',#4042,2.6,0.4);
#49=TOROIDAL_SURFACE('',#4122,3.15,0.2);
#50=TOROIDAL_SURFACE('',#4127,3.15,0.2);
#51=SPHERICAL_SURFACE('',#3979,1.);
#52=SPHERICAL_SURFACE('',#3983,1.);
#53=ELLIPSE('',#3875,5.19647805124282,3.4);
#54=ELLIPSE('',#3881,3.80032910991095,2.6);
#55=ELLIPSE('',#3891,3.09521464383184,2.6);
#56=ELLIPSE('',#3896,3.09521464383185,2.6);
#57=ELLIPSE('',#3898,13.2858897697023,3.15);
#58=ELLIPSE('',#3899,13.2858897697023,3.15);
#59=ELLIPSE('',#3900,13.2858897697023,3.15);
#60=ELLIPSE('',#3901,13.2858897697023,3.15);
#61=ELLIPSE('',#3992,6.8639154395042,1.);
#62=ELLIPSE('',#3994,6.86391543956872,1.);
#63=ELLIPSE('',#4000,7.88120137800476,4.);
#64=ELLIPSE('',#4002,7.88120137806096,4.);
#65=ELLIPSE('',#4020,3.43807412534854,3.);
#66=ELLIPSE('',#4022,3.43807412534855,3.);
#67=ELLIPSE('',#4024,4.08442178816495,3.);
#68=ELLIPSE('',#4086,13.2398967885962,2.95);
#69=ELLIPSE('',#4088,13.2398967885962,2.95);
#70=ELLIPSE('',#4096,13.2398967885962,2.95);
#71=ELLIPSE('',#4098,13.2398967885962,2.95);
#72=ELLIPSE('',#4136,0.56568542494924,0.4);
#73=ELLIPSE('',#4165,0.565685424949234,0.4);
#74=ELLIPSE('',#4166,10.6773123959168,7.55);
#75=ELLIPSE('',#4168,0.565685424949247,0.4);
#76=ELLIPSE('',#4175,1.2727922061358,0.9);
#77=ELLIPSE('',#4197,0.565685424949234,0.4);
#78=ELLIPSE('',#4198,10.6773123959168,7.55);
#79=ELLIPSE('',#4202,0.565685424949247,0.4);
#80=ELLIPSE('',#4241,0.56568542494925,0.4);
#81=CIRCLE('',#3874,0.4);
#82=CIRCLE('',#3876,0.4);
#83=CIRCLE('',#3878,2.2);
#84=CIRCLE('',#3879,2.2);
#85=CIRCLE('',#3882,1.59999999999998);
#86=CIRCLE('',#3883,4.075);
#87=CIRCLE('',#3884,1.60000000000002);
#88=CIRCLE('',#3885,4.47499999999984);
#89=CIRCLE('',#3886,13.6331477530026);
#90=CIRCLE('',#3887,4.47499999999912);
#91=CIRCLE('',#3888,1.59999999999993);
#92=CIRCLE('',#3889,4.075);
#93=CIRCLE('',#3890,0.500000000000024);
#94=CIRCLE('',#3892,2.6);
#95=CIRCLE('',#3893,3.15);
#96=CIRCLE('',#3894,3.15);
#97=CIRCLE('',#3895,2.6);
#98=CIRCLE('',#3904,1.);
#99=CIRCLE('',#3906,1.);
#100=CIRCLE('',#3920,2.9);
#101=CIRCLE('',#3922,2.9);
#102=CIRCLE('',#3924,1.7);
#103=CIRCLE('',#3926,1.7);
#104=CIRCLE('',#3928,2.9);
#105=CIRCLE('',#3930,1.7);
#106=CIRCLE('',#3932,2.9);
#107=CIRCLE('',#3934,2.9);
#108=CIRCLE('',#3936,1.7);
#109=CIRCLE('',#3938,2.9);
#110=CIRCLE('',#3940,2.9);
#111=CIRCLE('',#3954,2.9);
#112=CIRCLE('',#3956,2.9);
#113=CIRCLE('',#3958,1.7);
#114=CIRCLE('',#3960,1.7);
#115=CIRCLE('',#3962,2.9);
#116=CIRCLE('',#3964,1.7);
#117=CIRCLE('',#3966,2.9);
#118=CIRCLE('',#3968,2.9);
#119=CIRCLE('',#3970,1.7);
#120=CIRCLE('',#3972,2.9);
#121=CIRCLE('',#3974,2.9);
#122=CIRCLE('',#3976,1.7);
#123=CIRCLE('',#3978,1.7);
#124=CIRCLE('',#3980,0.983804808831248);
#125=CIRCLE('',#3981,1.);
#126=CIRCLE('',#3982,1.);
#127=CIRCLE('',#3984,1.);
#128=CIRCLE('',#3985,0.983804808836025);
#129=CIRCLE('',#3986,1.);
#130=CIRCLE('',#4004,3.);
#131=CIRCLE('',#4005,3.);
#132=CIRCLE('',#4006,3.);
#133=CIRCLE('',#4009,3.);
#134=CIRCLE('',#4010,3.);
#135=CIRCLE('',#4012,3.);
#136=CIRCLE('',#4013,3.);
#137=CIRCLE('',#4014,3.);
#138=CIRCLE('',#4017,3.);
#139=CIRCLE('',#4018,3.);
#140=CIRCLE('',#4025,0.4);
#141=CIRCLE('',#4026,0.4);
#142=CIRCLE('',#4027,0.4);
#143=CIRCLE('',#4029,0.4);
#144=CIRCLE('',#4031,0.4);
#145=CIRCLE('',#4033,0.4);
#146=CIRCLE('',#4034,0.4);
#147=CIRCLE('',#4037,0.4);
#148=CIRCLE('',#4038,0.4);
#149=CIRCLE('',#4039,0.4);
#150=CIRCLE('',#4041,0.4);
#151=CIRCLE('',#4043,0.4);
#152=CIRCLE('',#4045,0.4);
#153=CIRCLE('',#4046,0.4);
#154=CIRCLE('',#4047,0.4);
#155=CIRCLE('',#4049,2.9);
#156=CIRCLE('',#4051,2.9);
#157=CIRCLE('',#4053,2.9);
#158=CIRCLE('',#4055,2.9);
#159=CIRCLE('',#4059,2.6);
#160=CIRCLE('',#4062,3.4);
#161=CIRCLE('',#4067,3.4);
#162=CIRCLE('',#4070,2.6);
#163=CIRCLE('',#4073,2.6);
#164=CIRCLE('',#4075,3.3);
#165=CIRCLE('',#4077,3.3);
#166=CIRCLE('',#4080,1.9);
#167=CIRCLE('',#4081,1.9);
#168=CIRCLE('',#4082,1.9);
#169=CIRCLE('',#4083,1.9);
#170=CIRCLE('',#4085,2.95);
#171=CIRCLE('',#4087,2.95);
#172=CIRCLE('',#4090,1.7);
#173=CIRCLE('',#4092,1.7);
#174=CIRCLE('',#4095,2.95);
#175=CIRCLE('',#4097,2.95);
#176=CIRCLE('',#4100,1.7);
#177=CIRCLE('',#4102,1.7);
#178=CIRCLE('',#4105,1.7);
#179=CIRCLE('',#4106,1.7);
#180=CIRCLE('',#4109,2.95);
#181=CIRCLE('',#4111,2.95);
#182=CIRCLE('',#4113,1.7);
#183=CIRCLE('',#4114,1.7);
#184=CIRCLE('',#4116,2.95);
#185=CIRCLE('',#4117,2.95);
#186=CIRCLE('',#4120,0.2);
#187=CIRCLE('',#4121,0.2);
#188=CIRCLE('',#4123,0.2);
#189=CIRCLE('',#4124,0.2);
#190=CIRCLE('',#4125,0.2);
#191=CIRCLE('',#4126,0.2);
#192=CIRCLE('',#4128,0.2);
#193=CIRCLE('',#4129,0.2);
#194=CIRCLE('',#4143,0.9);
#195=CIRCLE('',#4144,1.5);
#196=CIRCLE('',#4146,7.27071067811914);
#197=CIRCLE('',#4148,7.2707106781187);
#198=CIRCLE('',#4149,7.29497474683006);
#199=CIRCLE('',#4150,14.0331477530026);
#200=CIRCLE('',#4151,4.075);
#201=CIRCLE('',#4152,2.);
#202=CIRCLE('',#4153,3.675);
#203=CIRCLE('',#4154,2.);
#204=CIRCLE('',#4156,1.9);
#205=CIRCLE('',#4157,3.675);
#206=CIRCLE('',#4158,2.);
#207=CIRCLE('',#4159,4.075);
#208=CIRCLE('',#4160,14.0331477530026);
#209=CIRCLE('',#4161,7.29497474683006);
#210=CIRCLE('',#4162,7.27071067811867);
#211=CIRCLE('',#4170,7.55);
#212=CIRCLE('',#4174,0.9);
#213=CIRCLE('',#4182,3.675);
#214=CIRCLE('',#4186,4.075);
#215=CIRCLE('',#4188,14.0331477530026);
#216=CIRCLE('',#4190,4.075);
#217=CIRCLE('',#4194,3.675);
#218=CIRCLE('',#4200,7.55);
#219=CIRCLE('',#4211,2.);
#220=CIRCLE('',#4213,2.);
#221=CIRCLE('',#4215,2.);
#222=CIRCLE('',#4229,1.9);
#223=CIRCLE('',#4242,0.4);
#224=(
BOUNDED_SURFACE()
B_SPLINE_SURFACE(3,2,((#5369,#5370,#5371),(#5372,#5373,#5374),(#5375,#5376,
#5377),(#5378,#5379,#5380)),.UNSPECIFIED.,.F.,.F.,.F.)
B_SPLINE_SURFACE_WITH_KNOTS((4,4),(3,3),(4.11940476924469,4.37574563396738),
(0.,1.),.PIECEWISE_BEZIER_KNOTS.)
GEOMETRIC_REPRESENTATION_ITEM()
RATIONAL_B_SPLINE_SURFACE(((1.,0.537299608346819,1.),(1.,0.562233018258542,
1.),(1.,0.587556315779135,1.),(1.,0.612452783790399,1.)))
REPRESENTATION_ITEM('')
SURFACE()
);
#225=(
BOUNDED_SURFACE()
B_SPLINE_SURFACE(3,2,((#5402,#5403,#5404),(#5405,#5406,#5407),(#5408,#5409,
#5410),(#5411,#5412,#5413)),.UNSPECIFIED.,.F.,.F.,.F.)
B_SPLINE_SURFACE_WITH_KNOTS((4,4),(3,3),(0.,0.000146507291646341),(0.460238958769944,
0.813158109965128),.PIECEWISE_BEZIER_KNOTS.)
GEOMETRIC_REPRESENTATION_ITEM()
RATIONAL_B_SPLINE_SURFACE(((0.807451769996963,0.796575309366174,0.882238354117463),
(0.807060044360315,0.79616145634635,0.881998776450583),(0.806677483918074,
0.795757286234735,0.881764804176067),(0.806304278826724,0.795362999929171,
0.88153655359278)))
REPRESENTATION_ITEM('')
SURFACE()
);
#226=(
BOUNDED_SURFACE()
B_SPLINE_SURFACE(3,2,((#5920,#5921,#5922),(#5923,#5924,#5925),(#5926,#5927,
#5928),(#5929,#5930,#5931),(#5932,#5933,#5934),(#5935,#5936,#5937),(#5938,
#5939,#5940),(#5941,#5942,#5943)),.UNSPECIFIED.,.F.,.F.,.F.)
B_SPLINE_SURFACE_WITH_KNOTS((4,1,1,1,1,4),(3,3),(0.171113780408671,0.272112594610943,
0.373111408813215,0.474110223015488,0.524609630116624,0.57510903721776),
(0.,1.),.UNSPECIFIED.)
GEOMETRIC_REPRESENTATION_ITEM()
RATIONAL_B_SPLINE_SURFACE(((1.,0.964787557115742,1.),(1.,0.964787557350165,
1.),(1.,0.955102633037977,1.),(1.,0.911695268388528,1.),(1.,0.857878478184788,
1.),(1.,0.810999946431999,1.),(1.,0.782972838067906,1.),(1.,0.767868193670349,
1.)))
REPRESENTATION_ITEM('')
SURFACE()
);
#227=(
BOUNDED_SURFACE()
B_SPLINE_SURFACE(3,2,((#5969,#5970,#5971),(#5972,#5973,#5974),(#5975,#5976,
#5977),(#5978,#5979,#5980),(#5981,#5982,#5983),(#5984,#5985,#5986),(#5987,
#5988,#5989),(#5990,#5991,#5992)),.UNSPECIFIED.,.F.,.F.,.F.)
B_SPLINE_SURFACE_WITH_KNOTS((4,1,1,1,1,4),(3,3),(0.171113780408621,0.272112594608577,
0.373111408808532,0.474110223008488,0.524609630108466,0.575109037208444),
(0.,1.),.UNSPECIFIED.)
GEOMETRIC_REPRESENTATION_ITEM()
RATIONAL_B_SPLINE_SURFACE(((1.,0.964787557116294,1.),(1.,0.964787557350585,
1.),(1.,0.955102633039038,1.),(1.,0.911695268391431,1.),(1.,0.857878478189482,
1.),(1.,0.810999946438299,1.),(1.,0.782972838075852,1.),(1.,0.767868193678888,
1.)))
REPRESENTATION_ITEM('')
SURFACE()
);
#228=(
BOUNDED_SURFACE()
B_SPLINE_SURFACE(3,2,((#6047,#6048,#6049),(#6050,#6051,#6052),(#6053,#6054,
#6055),(#6056,#6057,#6058)),.UNSPECIFIED.,.F.,.F.,.F.)
B_SPLINE_SURFACE_WITH_KNOTS((4,4),(3,3),(-6.39679281766448E-18,0.000167264447293568),
(0.,1.),.PIECEWISE_BEZIER_KNOTS.)
GEOMETRIC_REPRESENTATION_ITEM()
RATIONAL_B_SPLINE_SURFACE(((1.,0.994331037334847,1.),(1.,0.998135449617799,
1.),(1.,1.0000000058248,1.),(1.,1.,1.)))
REPRESENTATION_ITEM('')
SURFACE()
);
#229=(
BOUNDED_SURFACE()
B_SPLINE_SURFACE(3,2,((#6060,#6061,#6062),(#6063,#6064,#6065),(#6066,#6067,
#6068),(#6069,#6070,#6071)),.UNSPECIFIED.,.F.,.F.,.F.)
B_SPLINE_SURFACE_WITH_KNOTS((4,4),(3,3),(-3.02221355580334E-18,1.93762257257502E-5),
(0.,1.),.PIECEWISE_BEZIER_KNOTS.)
GEOMETRIC_REPRESENTATION_ITEM()
RATIONAL_B_SPLINE_SURFACE(((1.,0.993544718848127,1.),(1.,0.993839334154288,
1.),(1.,0.994103359608097,1.),(1.,0.994331037334848,1.)))
REPRESENTATION_ITEM('')
SURFACE()
);
#230=(
BOUNDED_SURFACE()
B_SPLINE_SURFACE(3,2,((#6073,#6074,#6075),(#6076,#6077,#6078),(#6079,#6080,
#6081),(#6082,#6083,#6084),(#6085,#6086,#6087),(#6088,#6089,#6090)),
 .UNSPECIFIED.,.F.,.F.,.F.)
B_SPLINE_SURFACE_WITH_KNOTS((4,1,1,4),(3,3),(-1.88651178012478E-17,0.00177410773200531,
0.00354821546401063,0.00709643092802128),(0.,1.),.UNSPECIFIED.)
GEOMETRIC_REPRESENTATION_ITEM()
RATIONAL_B_SPLINE_SURFACE(((1.,0.707106781186546,1.),(1.,0.724222275767995,
1.),(1.,0.8060947912305,1.),(1.,0.957611186088057,1.),(1.,0.982867990567743,
1.),(1.,0.993544718848129,1.)))
REPRESENTATION_ITEM('')
SURFACE()
);
#231=(
BOUNDED_SURFACE()
B_SPLINE_SURFACE(3,2,((#6098,#6099,#6100),(#6101,#6102,#6103),(#6104,#6105,
#6106),(#6107,#6108,#6109)),.UNSPECIFIED.,.F.,.F.,.F.)
B_SPLINE_SURFACE_WITH_KNOTS((4,4),(3,3),(1.5707963267949,2.46372209846547),
(0.,1.),.PIECEWISE_BEZIER_KNOTS.)
GEOMETRIC_REPRESENTATION_ITEM()
RATIONAL_B_SPLINE_SURFACE(((1.,0.707106781186551,1.),(1.,0.65001019564961,
1.),(1.,0.584423400500284,1.),(1.,0.537299608346825,1.)))
REPRESENTATION_ITEM('')
SURFACE()
);
#232=(
BOUNDED_SURFACE()
B_SPLINE_SURFACE(3,2,((#6115,#6116,#6117),(#6118,#6119,#6120),(#6121,#6122,
#6123),(#6124,#6125,#6126)),.UNSPECIFIED.,.F.,.F.,.F.)
B_SPLINE_SURFACE_WITH_KNOTS((4,4),(3,3),(0.677870555124326,1.5707963267949),
(0.,1.),.PIECEWISE_BEZIER_KNOTS.)
GEOMETRIC_REPRESENTATION_ITEM()
RATIONAL_B_SPLINE_SURFACE(((1.,0.537299608346825,1.),(1.,0.584423400502014,
1.),(1.,0.65001019564961,1.),(1.,0.707106781186551,1.)))
REPRESENTATION_ITEM('')
SURFACE()
);
#233=(
BOUNDED_SURFACE()
B_SPLINE_SURFACE(3,2,((#6134,#6135,#6136),(#6137,#6138,#6139),(#6140,#6141,
#6142),(#6143,#6144,#6145),(#6146,#6147,#6148),(#6149,#6150,#6151)),
 .UNSPECIFIED.,.F.,.F.,.F.)
B_SPLINE_SURFACE_WITH_KNOTS((4,1,1,4),(3,3),(-1.0842021724855E-17,0.00355867247418309,
0.00533800871127465,0.0071173449483662),(0.,1.),.UNSPECIFIED.)
GEOMETRIC_REPRESENTATION_ITEM()
RATIONAL_B_SPLINE_SURFACE(((1.,0.993544718850351,1.),(1.,0.982846952315272,
1.),(1.,0.957894405328106,1.),(1.,0.804660372049099,1.),(1.,0.724326873367584,
1.),(1.,0.707106781186548,1.)))
REPRESENTATION_ITEM('')
SURFACE()
);
#234=(
BOUNDED_SURFACE()
B_SPLINE_SURFACE(3,2,((#6153,#6154,#6155),(#6156,#6157,#6158),(#6159,#6160,
#6161),(#6162,#6163,#6164)),.UNSPECIFIED.,.F.,.F.,.F.)
B_SPLINE_SURFACE_WITH_KNOTS((4,4),(3,3),(-3.65037318948713E-17,1.93762257107796E-5),
(0.,1.),.PIECEWISE_BEZIER_KNOTS.)
GEOMETRIC_REPRESENTATION_ITEM()
RATIONAL_B_SPLINE_SURFACE(((1.,0.994331037336377,1.),(1.,0.994103359609807,
1.),(1.,0.993839334155503,1.),(1.,0.993544718850426,1.)))
REPRESENTATION_ITEM('')
SURFACE()
);
#235=(
BOUNDED_SURFACE()
B_SPLINE_SURFACE(3,2,((#6166,#6167,#6168),(#6169,#6170,#6171),(#6172,#6173,
#6174),(#6175,#6176,#6177)),.UNSPECIFIED.,.F.,.F.,.F.)
B_SPLINE_SURFACE_WITH_KNOTS((4,4),(3,3),(2.84603070277445E-17,0.000167264447269396),
(0.,1.),.PIECEWISE_BEZIER_KNOTS.)
GEOMETRIC_REPRESENTATION_ITEM()
RATIONAL_B_SPLINE_SURFACE(((1.,0.994331037336376,1.),(1.,0.998135449618437,
1.),(1.,1.00000000582478,1.),(1.,1.,1.)))
REPRESENTATION_ITEM('')
SURFACE()
);
#236=(
BOUNDED_SURFACE()
B_SPLINE_SURFACE(3,2,((#6555,#6556,#6557),(#6558,#6559,#6560),(#6561,#6562,
#6563),(#6564,#6565,#6566)),.UNSPECIFIED.,.F.,.F.,.F.)
B_SPLINE_SURFACE_WITH_KNOTS((4,4),(3,3),(5.04011679130599,5.53248109120475),
(0.,1.),.PIECEWISE_BEZIER_KNOTS.)
GEOMETRIC_REPRESENTATION_ITEM()
RATIONAL_B_SPLINE_SURFACE(((1.,0.586210534387719,1.),(1.,0.521832765328147,
1.),(1.,0.452003785095775,1.),(1.,0.380552513843922,1.)))
REPRESENTATION_ITEM('')
SURFACE()
);
#237=(
BOUNDED_SURFACE()
B_SPLINE_SURFACE(3,2,((#6568,#6569,#6570),(#6571,#6572,#6573),(#6574,#6575,
#6576),(#6577,#6578,#6579)),.UNSPECIFIED.,.F.,.F.,.F.)
B_SPLINE_SURFACE_WITH_KNOTS((4,4),(3,3),(-1.1817803680092E-17,0.00107198825215995),
(0.,1.),.PIECEWISE_BEZIER_KNOTS.)
GEOMETRIC_REPRESENTATION_ITEM()
RATIONAL_B_SPLINE_SURFACE(((1.,0.586210534387717,1.),(1.,0.612194195154035,
1.),(1.,0.695093595254618,1.),(1.,0.707106781186549,1.)))
REPRESENTATION_ITEM('')
SURFACE()
);
#238=(
BOUNDED_SURFACE()
B_SPLINE_SURFACE(3,2,((#6583,#6584,#6585),(#6586,#6587,#6588),(#6589,#6590,
#6591),(#6592,#6593,#6594)),.UNSPECIFIED.,.F.,.F.,.F.)
B_SPLINE_SURFACE_WITH_KNOTS((4,4),(3,3),(-1.01915004213637E-17,0.00107205436209426),
(0.,1.),.PIECEWISE_BEZIER_KNOTS.)
GEOMETRIC_REPRESENTATION_ITEM()
RATIONAL_B_SPLINE_SURFACE(((1.,0.707106781186548,1.),(1.,0.695093572854585,
1.),(1.,0.612193677764356,1.),(1.,0.586210534387722,1.)))
REPRESENTATION_ITEM('')
SURFACE()
);
#239=(
BOUNDED_SURFACE()
B_SPLINE_SURFACE(3,2,((#6596,#6597,#6598),(#6599,#6600,#6601),(#6602,#6603,
#6604),(#6605,#6606,#6607)),.UNSPECIFIED.,.F.,.F.,.F.)
B_SPLINE_SURFACE_WITH_KNOTS((4,4),(3,3),(0.750697884476703,1.2430685158736),
(0.,1.),.PIECEWISE_BEZIER_KNOTS.)
GEOMETRIC_REPRESENTATION_ITEM()
RATIONAL_B_SPLINE_SURFACE(((1.,0.380549757386812,1.),(1.,0.452001980079893,
1.),(1.,0.521831937475615,1.),(1.,0.586210534387718,1.)))
REPRESENTATION_ITEM('')
SURFACE()
);
#240=(
BOUNDED_SURFACE()
B_SPLINE_SURFACE(3,2,((#6608,#6609,#6610),(#6611,#6612,#6613),(#6614,#6615,
#6616),(#6617,#6618,#6619)),.UNSPECIFIED.,.F.,.F.,.F.)
B_SPLINE_SURFACE_WITH_KNOTS((4,4),(3,3),(5.0401167913056,5.53248109120421),
(0.,1.),.PIECEWISE_BEZIER_KNOTS.)
GEOMETRIC_REPRESENTATION_ITEM()
RATIONAL_B_SPLINE_SURFACE(((1.,0.586210534387864,1.),(1.,0.521832765355905,
1.),(1.,0.452003785101137,1.),(1.,0.380552513844152,1.)))
REPRESENTATION_ITEM('')
SURFACE()
);
#241=(
BOUNDED_SURFACE()
B_SPLINE_SURFACE(3,2,((#6621,#6622,#6623),(#6624,#6625,#6626),(#6627,#6628,
#6629),(#6630,#6631,#6632)),.UNSPECIFIED.,.F.,.F.,.F.)
B_SPLINE_SURFACE_WITH_KNOTS((4,4),(3,3),(-1.33356867215717E-17,0.00107198825215991),
(0.,1.),.PIECEWISE_BEZIER_KNOTS.)
GEOMETRIC_REPRESENTATION_ITEM()
RATIONAL_B_SPLINE_SURFACE(((1.,0.586210534387871,1.),(1.,0.612194195152779,
1.),(1.,0.69509359525452,1.),(1.,0.707106781186551,1.)))
REPRESENTATION_ITEM('')
SURFACE()
);
#242=(
BOUNDED_SURFACE()
B_SPLINE_SURFACE(3,2,((#6636,#6637,#6638),(#6639,#6640,#6641),(#6642,#6643,
#6644),(#6645,#6646,#6647)),.UNSPECIFIED.,.F.,.F.,.F.)
B_SPLINE_SURFACE_WITH_KNOTS((4,4),(3,3),(-1.25225350922076E-17,0.00107205436209422),
(0.,1.),.PIECEWISE_BEZIER_KNOTS.)
GEOMETRIC_REPRESENTATION_ITEM()
RATIONAL_B_SPLINE_SURFACE(((1.,0.707106781186549,1.),(1.,0.695093572855431,
1.),(1.,0.612193677763137,1.),(1.,0.586210534387874,1.)))
REPRESENTATION_ITEM('')
SURFACE()
);
#243=(
BOUNDED_SURFACE()
B_SPLINE_SURFACE(3,2,((#6649,#6650,#6651),(#6652,#6653,#6654),(#6655,#6656,
#6657),(#6658,#6659,#6660)),.UNSPECIFIED.,.F.,.F.,.F.)
B_SPLINE_SURFACE_WITH_KNOTS((4,4),(3,3),(0.75069788447724,1.24306851587398),
(0.,1.),.PIECEWISE_BEZIER_KNOTS.)
GEOMETRIC_REPRESENTATION_ITEM()
RATIONAL_B_SPLINE_SURFACE(((1.,0.380549757387051,1.),(1.,0.452001980057437,
1.),(1.,0.521831937500387,1.),(1.,0.586210534387866,1.)))
REPRESENTATION_ITEM('')
SURFACE()
);
#244=(
BOUNDED_SURFACE()
B_SPLINE_SURFACE(3,2,((#7061,#7062,#7063),(#7064,#7065,#7066),(#7067,#7068,
#7069),(#7070,#7071,#7072),(#7073,#7074,#7075)),.UNSPECIFIED.,.F.,.F.,.F.)
B_SPLINE_SURFACE_WITH_KNOTS((4,1,4),(3,3),(3.38914208083118,3.74173690352693,
4.09433172622267),(0.,1.),.UNSPECIFIED.)
GEOMETRIC_REPRESENTATION_ITEM()
RATIONAL_B_SPLINE_SURFACE(((1.,0.38268343236509,1.),(1.,0.396404958246789,
1.),(1.,0.441711426572176,1.),(1.,0.504793202759037,1.),(1.,0.537299608346825,
1.)))
REPRESENTATION_ITEM('')
SURFACE()
);
#245=CYLINDRICAL_SURFACE('',#3873,3.);
#246=CYLINDRICAL_SURFACE('',#3877,2.2);
#247=CYLINDRICAL_SURFACE('',#3902,1.);
#248=CYLINDRICAL_SURFACE('',#3903,1.);
#249=CYLINDRICAL_SURFACE('',#3905,1.);
#250=CYLINDRICAL_SURFACE('',#3975,1.7);
#251=CYLINDRICAL_SURFACE('',#3977,1.7);
#252=CYLINDRICAL_SURFACE('',#3987,1.);
#253=CYLINDRICAL_SURFACE('',#3989,1.);
#254=CYLINDRICAL_SURFACE('',#3991,1.);
#255=CYLINDRICAL_SURFACE('',#3993,1.);
#256=CYLINDRICAL_SURFACE('',#4003,3.);
#257=CYLINDRICAL_SURFACE('',#4008,3.);
#258=CYLINDRICAL_SURFACE('',#4011,3.);
#259=CYLINDRICAL_SURFACE('',#4016,3.);
#260=CYLINDRICAL_SURFACE('',#4019,3.);
#261=CYLINDRICAL_SURFACE('',#4021,3.);
#262=CYLINDRICAL_SURFACE('',#4023,3.);
#263=CYLINDRICAL_SURFACE('',#4028,0.4);
#264=CYLINDRICAL_SURFACE('',#4032,0.4);
#265=CYLINDRICAL_SURFACE('',#4035,0.4);
#266=CYLINDRICAL_SURFACE('',#4036,0.4);
#267=CYLINDRICAL_SURFACE('',#4040,0.4);
#268=CYLINDRICAL_SURFACE('',#4044,0.4);
#269=CYLINDRICAL_SURFACE('',#4050,2.9);
#270=CYLINDRICAL_SURFACE('',#4054,2.9);
#271=CYLINDRICAL_SURFACE('',#4084,2.95);
#272=CYLINDRICAL_SURFACE('',#4091,1.7);
#273=CYLINDRICAL_SURFACE('',#4094,2.95);
#274=CYLINDRICAL_SURFACE('',#4101,1.7);
#275=CYLINDRICAL_SURFACE('',#4104,1.7);
#276=CYLINDRICAL_SURFACE('',#4110,2.95);
#277=CYLINDRICAL_SURFACE('',#4112,1.7);
#278=CYLINDRICAL_SURFACE('',#4115,2.95);
#279=CYLINDRICAL_SURFACE('',#4173,0.9);
#280=CYLINDRICAL_SURFACE('',#4181,3.675);
#281=CYLINDRICAL_SURFACE('',#4185,4.075);
#282=CYLINDRICAL_SURFACE('',#4187,14.0331477530026);
#283=CYLINDRICAL_SURFACE('',#4189,4.075);
#284=CYLINDRICAL_SURFACE('',#4193,3.675);
#285=CYLINDRICAL_SURFACE('',#4199,7.55);
#286=CYLINDRICAL_SURFACE('',#4210,2.);
#287=CYLINDRICAL_SURFACE('',#4212,2.);
#288=CYLINDRICAL_SURFACE('',#4214,2.);
#289=CYLINDRICAL_SURFACE('',#4228,1.9);
#290=CYLINDRICAL_SURFACE('',#4234,0.4);
#291=CYLINDRICAL_SURFACE('',#4235,0.4);
#292=CYLINDRICAL_SURFACE('',#4240,0.4);
#293=B_SPLINE_CURVE_WITH_KNOTS('',3,(#5323,#5324,#5325,#5326),
 .UNSPECIFIED.,.F.,.F.,(4,4),(0.,1.),.UNSPECIFIED.);
#294=B_SPLINE_CURVE_WITH_KNOTS('',3,(#5330,#5331,#5332,#5333),
 .UNSPECIFIED.,.F.,.F.,(4,4),(0.,1.),.UNSPECIFIED.);
#295=B_SPLINE_CURVE_WITH_KNOTS('',3,(#5353,#5354,#5355,#5356),
 .UNSPECIFIED.,.F.,.F.,(4,4),(0.,1.),.UNSPECIFIED.);
#296=B_SPLINE_CURVE_WITH_KNOTS('',3,(#5359,#5360,#5361,#5362),
 .UNSPECIFIED.,.F.,.F.,(4,4),(0.,1.),.UNSPECIFIED.);
#297=B_SPLINE_CURVE_WITH_KNOTS('',3,(#5363,#5364,#5365,#5366),
 .UNSPECIFIED.,.F.,.F.,(4,4),(0.,1.),.UNSPECIFIED.);
#298=B_SPLINE_CURVE_WITH_KNOTS('',3,(#5384,#5385,#5386,#5387),
 .UNSPECIFIED.,.F.,.F.,(4,4),(0.,1.),.UNSPECIFIED.);
#299=B_SPLINE_CURVE_WITH_KNOTS('',3,(#5393,#5394,#5395,#5396),
 .UNSPECIFIED.,.F.,.F.,(4,4),(0.00025004776405525,0.00121425089011664),
 .UNSPECIFIED.);
#300=B_SPLINE_CURVE_WITH_KNOTS('',3,(#5398,#5399,#5400,#5401),
 .UNSPECIFIED.,.F.,.F.,(4,4),(0.,0.000298113194145654),.UNSPECIFIED.);
#301=B_SPLINE_CURVE_WITH_KNOTS('',3,(#5414,#5415,#5416,#5417),
 .UNSPECIFIED.,.F.,.F.,(4,4),(0.,0.00018699444005545),.UNSPECIFIED.);
#302=B_SPLINE_CURVE_WITH_KNOTS('',3,(#5419,#5420,#5421,#5422),
 .UNSPECIFIED.,.F.,.F.,(4,4),(0.,1.),.UNSPECIFIED.);
#303=B_SPLINE_CURVE_WITH_KNOTS('',3,(#5481,#5482,#5483,#5484,#5485,#5486),
 .UNSPECIFIED.,.F.,.F.,(4,1,1,4),(0.,0.0017741077320053,0.00354821546401061,
0.00709643092802122),.UNSPECIFIED.);
#304=B_SPLINE_CURVE_WITH_KNOTS('',3,(#5488,#5489,#5490,#5491),
 .UNSPECIFIED.,.F.,.F.,(4,4),(1.73472347597681E-18,1.93762257257148E-5),
 .UNSPECIFIED.);
#305=B_SPLINE_CURVE_WITH_KNOTS('',3,(#5503,#5504,#5505,#5506),
 .UNSPECIFIED.,.F.,.F.,(4,4),(2.0304417714389E-17,1.93762257095178E-5),
 .UNSPECIFIED.);
#306=B_SPLINE_CURVE_WITH_KNOTS('',3,(#5508,#5509,#5510,#5511,#5512,#5513),
 .UNSPECIFIED.,.F.,.F.,(4,1,1,4),(0.,0.00355867247418305,0.00533800871127458,
0.00711734494836611),.UNSPECIFIED.);
#307=B_SPLINE_CURVE_WITH_KNOTS('',3,(#5548,#5549,#5550,#5551),
 .UNSPECIFIED.,.F.,.F.,(4,4),(9.38195166207825E-18,0.0013346477189695),
 .UNSPECIFIED.);
#308=B_SPLINE_CURVE_WITH_KNOTS('',3,(#5552,#5553,#5554,#5555),
 .UNSPECIFIED.,.F.,.F.,(4,4),(0.,0.00133470060683354),.UNSPECIFIED.);
#309=B_SPLINE_CURVE_WITH_KNOTS('',3,(#5557,#5558,#5559,#5560),
 .UNSPECIFIED.,.F.,.F.,(4,4),(0.,0.00133470060683356),.UNSPECIFIED.);
#310=B_SPLINE_CURVE_WITH_KNOTS('',3,(#5563,#5564,#5565,#5566),
 .UNSPECIFIED.,.F.,.F.,(4,4),(5.20417042793042E-18,0.000264193449953001),
 .UNSPECIFIED.);
#311=B_SPLINE_CURVE_WITH_KNOTS('',3,(#5568,#5569,#5570,#5571),
 .UNSPECIFIED.,.F.,.F.,(4,4),(7.75791922889773E-18,0.00133464771896948),
 .UNSPECIFIED.);
#312=B_SPLINE_CURVE_WITH_KNOTS('',3,(#5572,#5573,#5574,#5575),
 .UNSPECIFIED.,.F.,.F.,(4,4),(1.27475620829111E-17,0.00026419344999386),
 .UNSPECIFIED.);
#313=B_SPLINE_CURVE_WITH_KNOTS('',3,(#5819,#5820,#5821,#5822,#5823,#5824,
#5825,#5826,#5827),.UNSPECIFIED.,.F.,.F.,(4,1,1,1,1,1,4),(0.,0.25,0.375,
0.5,0.625,0.75,1.),.UNSPECIFIED.);
#314=B_SPLINE_CURVE_WITH_KNOTS('',3,(#5837,#5838,#5839,#5840,#5841,#5842,
#5843,#5844,#5845),.UNSPECIFIED.,.F.,.F.,(4,1,1,1,1,1,4),(0.,0.25,0.375,
0.5,0.625,0.75,1.),.UNSPECIFIED.);
#315=B_SPLINE_CURVE_WITH_KNOTS('',3,(#5886,#5887,#5888,#5889),
 .UNSPECIFIED.,.F.,.F.,(4,4),(0.,1.),.UNSPECIFIED.);
#316=B_SPLINE_CURVE_WITH_KNOTS('',3,(#5944,#5945,#5946,#5947,#5948,#5949,
#5950),.UNSPECIFIED.,.F.,.F.,(4,1,1,1,4),(0.,0.00172334727176535,0.00344669454353071,
0.00517004181529606,0.00689338908706142),.UNSPECIFIED.);
#317=B_SPLINE_CURVE_WITH_KNOTS('',3,(#5954,#5955,#5956,#5957),
 .UNSPECIFIED.,.F.,.F.,(4,4),(4.56472961290666E-16,2.98393213758998E-5),
 .UNSPECIFIED.);
#318=B_SPLINE_CURVE_WITH_KNOTS('',3,(#5959,#5960,#5961,#5962),
 .UNSPECIFIED.,.F.,.F.,(4,4),(1.11076499342709E-17,0.000264063427574212),
 .UNSPECIFIED.);
#319=B_SPLINE_CURVE_WITH_KNOTS('',3,(#5995,#5996,#5997,#5998,#5999,#6000,
#6001),.UNSPECIFIED.,.F.,.F.,(4,1,1,1,4),(0.,0.0017353719368765,0.00347074387375301,
0.00520611581062951,0.00694148774750602),.UNSPECIFIED.);
#320=B_SPLINE_CURVE_WITH_KNOTS('',3,(#6003,#6004,#6005,#6006),
 .UNSPECIFIED.,.F.,.F.,(4,4),(1.2509268882771E-17,0.000264063427602936),
 .UNSPECIFIED.);
#321=B_SPLINE_CURVE_WITH_KNOTS('',3,(#6008,#6009,#6010,#6011),
 .UNSPECIFIED.,.F.,.F.,(4,4),(0.,2.98393213965467E-5),.UNSPECIFIED.);
#322=B_SPLINE_CURVE_WITH_KNOTS('',3,(#6017,#6018,#6019,#6020,#6021,#6022,
#6023,#6024,#6025,#6026,#6027),.UNSPECIFIED.,.F.,.F.,(4,1,1,1,1,1,1,1,4),
(0.,0.25,0.375,0.4375,0.5,0.5625,0.625,0.75,1.),.UNSPECIFIED.);
#323=B_SPLINE_CURVE_WITH_KNOTS('',3,(#6030,#6031,#6032,#6033,#6034,#6035,
#6036,#6037,#6038,#6039,#6040),.UNSPECIFIED.,.F.,.F.,(4,1,1,1,1,1,1,1,4),
(0.,0.25,0.375,0.4375,0.5,0.5625,0.625,0.75,1.),.UNSPECIFIED.);
#324=B_SPLINE_CURVE_WITH_KNOTS('',3,(#6043,#6044,#6045,#6046),
 .UNSPECIFIED.,.F.,.F.,(4,4),(0.,1.),.UNSPECIFIED.);
#325=B_SPLINE_CURVE_WITH_KNOTS('',3,(#6212,#6213,#6214,#6215,#6216),
 .UNSPECIFIED.,.F.,.F.,(4,1,4),(0.,0.00107773960587371,0.00215547921174743),
 .UNSPECIFIED.);
#326=B_SPLINE_CURVE_WITH_KNOTS('',3,(#6218,#6219,#6220,#6221),
 .UNSPECIFIED.,.F.,.F.,(4,4),(0.,1.),.UNSPECIFIED.);
#327=B_SPLINE_CURVE_WITH_KNOTS('',3,(#6246,#6247,#6248,#6249),
 .UNSPECIFIED.,.F.,.F.,(4,4),(0.,1.),.UNSPECIFIED.);
#328=B_SPLINE_CURVE_WITH_KNOTS('',3,(#6251,#6252,#6253,#6254),
 .UNSPECIFIED.,.F.,.F.,(4,4),(0.,0.00216578871487957),.UNSPECIFIED.);
#329=B_SPLINE_CURVE_WITH_KNOTS('',3,(#6256,#6257,#6258,#6259),
 .UNSPECIFIED.,.F.,.F.,(4,4),(0.,1.),.UNSPECIFIED.);
#330=B_SPLINE_CURVE_WITH_KNOTS('',3,(#6280,#6281,#6282,#6283),
 .UNSPECIFIED.,.F.,.F.,(4,4),(0.,0.00274044824403368),.UNSPECIFIED.);
#331=B_SPLINE_CURVE_WITH_KNOTS('',3,(#6340,#6341,#6342,#6343),
 .UNSPECIFIED.,.F.,.F.,(4,4),(0.,1.),.UNSPECIFIED.);
#332=B_SPLINE_CURVE_WITH_KNOTS('',3,(#6345,#6346,#6347,#6348),
 .UNSPECIFIED.,.F.,.F.,(4,4),(0.,0.000818378535692631),.UNSPECIFIED.);
#333=B_SPLINE_CURVE_WITH_KNOTS('',3,(#6350,#6351,#6352,#6353),
 .UNSPECIFIED.,.F.,.F.,(4,4),(0.,1.),.UNSPECIFIED.);
#334=B_SPLINE_CURVE_WITH_KNOTS('',3,(#6382,#6383,#6384,#6385),
 .UNSPECIFIED.,.F.,.F.,(4,4),(0.,0.00081812572283334),.UNSPECIFIED.);
#335=B_SPLINE_CURVE_WITH_KNOTS('',3,(#6430,#6431,#6432,#6433),
 .UNSPECIFIED.,.F.,.F.,(4,4),(0.,1.),.UNSPECIFIED.);
#336=B_SPLINE_CURVE_WITH_KNOTS('',3,(#6435,#6436,#6437,#6438),
 .UNSPECIFIED.,.F.,.F.,(4,4),(0.,0.00273729761142413),.UNSPECIFIED.);
#337=B_SPLINE_CURVE_WITH_KNOTS('',3,(#6465,#6466,#6467,#6468),
 .UNSPECIFIED.,.F.,.F.,(4,4),(0.,0.00103319915107116),.UNSPECIFIED.);
#338=B_SPLINE_CURVE_WITH_KNOTS('',3,(#6472,#6473,#6474,#6475),
 .UNSPECIFIED.,.F.,.F.,(4,4),(0.,0.00103205148436553),.UNSPECIFIED.);
#339=B_SPLINE_CURVE_WITH_KNOTS('',3,(#6481,#6482,#6483,#6484,#6485),
 .UNSPECIFIED.,.F.,.F.,(4,1,4),(1.05519109601004E-17,0.000239609907353463,
0.000479219814706916),.UNSPECIFIED.);
#340=B_SPLINE_CURVE_WITH_KNOTS('',3,(#6486,#6487,#6488,#6489,#6490),
 .UNSPECIFIED.,.F.,.F.,(4,1,4),(0.,0.000239502492204954,0.000479004984409908),
 .UNSPECIFIED.);
#341=B_SPLINE_CURVE_WITH_KNOTS('',3,(#6501,#6502,#6503,#6504),
 .UNSPECIFIED.,.F.,.F.,(4,4),(0.,0.00103319915107121),.UNSPECIFIED.);
#342=B_SPLINE_CURVE_WITH_KNOTS('',3,(#6508,#6509,#6510,#6511),
 .UNSPECIFIED.,.F.,.F.,(4,4),(0.,0.00103205148436554),.UNSPECIFIED.);
#343=B_SPLINE_CURVE_WITH_KNOTS('',3,(#6517,#6518,#6519,#6520,#6521),
 .UNSPECIFIED.,.F.,.F.,(4,1,4),(0.,0.000239609907353512,0.000479219814707024),
 .UNSPECIFIED.);
#344=B_SPLINE_CURVE_WITH_KNOTS('',3,(#6522,#6523,#6524,#6525,#6526),
 .UNSPECIFIED.,.F.,.F.,(4,1,4),(0.,0.000239502492205003,0.000479004984410006),
 .UNSPECIFIED.);
#345=B_SPLINE_CURVE_WITH_KNOTS('',3,(#6739,#6740,#6741,#6742),
 .UNSPECIFIED.,.F.,.F.,(4,4),(0.,1.),.UNSPECIFIED.);
#346=B_SPLINE_CURVE_WITH_KNOTS('',3,(#6834,#6835,#6836,#6837),
 .UNSPECIFIED.,.F.,.F.,(4,4),(0.,0.000379957982890927),.UNSPECIFIED.);
#347=B_SPLINE_CURVE_WITH_KNOTS('',3,(#6838,#6839,#6840,#6841),
 .UNSPECIFIED.,.F.,.F.,(4,4),(3.10951165078866E-5,0.000559649831057489),
 .UNSPECIFIED.);
#348=B_SPLINE_CURVE_WITH_KNOTS('',3,(#6848,#6849,#6850,#6851),
 .UNSPECIFIED.,.F.,.F.,(4,4),(0.0028823286629505,0.00329448487246558),
 .UNSPECIFIED.);
#349=B_SPLINE_CURVE_WITH_KNOTS('',3,(#6853,#6854,#6855,#6856,#6857,#6858,
#6859,#6860),.UNSPECIFIED.,.F.,.F.,(4,1,1,1,1,4),(0.0120097696688573,0.0142545530502928,
0.0164993364317282,0.017621728122446,0.0187441198131637,0.0209889031945992),
 .UNSPECIFIED.);
#350=B_SPLINE_CURVE_WITH_KNOTS('',3,(#6863,#6864,#6865,#6866),
 .UNSPECIFIED.,.F.,.F.,(4,4),(0.,0.000379957982890999),.UNSPECIFIED.);
#351=B_SPLINE_CURVE_WITH_KNOTS('',3,(#6871,#6872,#6873,#6874),
 .UNSPECIFIED.,.F.,.F.,(4,4),(0.,1.),.UNSPECIFIED.);
#352=B_SPLINE_CURVE_WITH_KNOTS('',3,(#6877,#6878,#6879,#6880),
 .UNSPECIFIED.,.F.,.F.,(4,4),(0.,1.),.UNSPECIFIED.);
#353=B_SPLINE_CURVE_WITH_KNOTS('',3,(#6882,#6883,#6884,#6885),
 .UNSPECIFIED.,.F.,.F.,(4,4),(0.,1.),.UNSPECIFIED.);
#354=B_SPLINE_CURVE_WITH_KNOTS('',3,(#6887,#6888,#6889,#6890),
 .UNSPECIFIED.,.F.,.F.,(4,4),(0.,1.),.UNSPECIFIED.);
#355=B_SPLINE_CURVE_WITH_KNOTS('',3,(#6973,#6974,#6975,#6976),
 .UNSPECIFIED.,.F.,.F.,(4,4),(0.,0.000528554714549601),.UNSPECIFIED.);
#356=B_SPLINE_CURVE_WITH_KNOTS('',3,(#6982,#6983,#6984,#6985),
 .UNSPECIFIED.,.F.,.F.,(4,4),(0.00246967840062619,0.00288189642668682),
 .UNSPECIFIED.);
#357=B_SPLINE_CURVE_WITH_KNOTS('',3,(#6988,#6989,#6990,#6991),
 .UNSPECIFIED.,.F.,.F.,(4,4),(6.08700106274991E-18,0.00029537841417966),
 .UNSPECIFIED.);
#358=B_SPLINE_CURVE_WITH_KNOTS('',3,(#6996,#6997,#6998,#6999),
 .UNSPECIFIED.,.F.,.F.,(4,4),(0.,0.000295378414179684),.UNSPECIFIED.);
#359=B_SPLINE_CURVE_WITH_KNOTS('',3,(#7087,#7088,#7089,#7090),
 .UNSPECIFIED.,.F.,.F.,(4,4),(0.,1.),.UNSPECIFIED.);
#360=B_SPLINE_CURVE_WITH_KNOTS('',3,(#7099,#7100,#7101,#7102),
 .UNSPECIFIED.,.F.,.F.,(4,4),(0.,1.),.UNSPECIFIED.);
#361=ORIENTED_EDGE('',*,*,#1459,.T.);
#362=ORIENTED_EDGE('',*,*,#1460,.T.);
#363=ORIENTED_EDGE('',*,*,#1461,.T.);
#364=ORIENTED_EDGE('',*,*,#1462,.T.);
#365=ORIENTED_EDGE('',*,*,#1463,.F.);
#366=ORIENTED_EDGE('',*,*,#1464,.F.);
#367=ORIENTED_EDGE('',*,*,#1465,.T.);
#368=ORIENTED_EDGE('',*,*,#1466,.T.);
#369=ORIENTED_EDGE('',*,*,#1467,.T.);
#370=ORIENTED_EDGE('',*,*,#1468,.T.);
#371=ORIENTED_EDGE('',*,*,#1469,.T.);
#372=ORIENTED_EDGE('',*,*,#1470,.T.);
#373=ORIENTED_EDGE('',*,*,#1471,.T.);
#374=ORIENTED_EDGE('',*,*,#1472,.T.);
#375=ORIENTED_EDGE('',*,*,#1473,.T.);
#376=ORIENTED_EDGE('',*,*,#1474,.T.);
#377=ORIENTED_EDGE('',*,*,#1475,.T.);
#378=ORIENTED_EDGE('',*,*,#1476,.T.);
#379=ORIENTED_EDGE('',*,*,#1466,.F.);
#380=ORIENTED_EDGE('',*,*,#1477,.F.);
#381=ORIENTED_EDGE('',*,*,#1478,.F.);
#382=ORIENTED_EDGE('',*,*,#1479,.F.);
#383=ORIENTED_EDGE('',*,*,#1480,.T.);
#384=ORIENTED_EDGE('',*,*,#1481,.F.);
#385=ORIENTED_EDGE('',*,*,#1482,.T.);
#386=ORIENTED_EDGE('',*,*,#1483,.F.);
#387=ORIENTED_EDGE('',*,*,#1484,.T.);
#388=ORIENTED_EDGE('',*,*,#1485,.T.);
#389=ORIENTED_EDGE('',*,*,#1486,.T.);
#390=ORIENTED_EDGE('',*,*,#1479,.T.);
#391=ORIENTED_EDGE('',*,*,#1487,.T.);
#392=ORIENTED_EDGE('',*,*,#1488,.F.);
#393=ORIENTED_EDGE('',*,*,#1489,.T.);
#394=ORIENTED_EDGE('',*,*,#1490,.T.);
#395=ORIENTED_EDGE('',*,*,#1491,.T.);
#396=ORIENTED_EDGE('',*,*,#1492,.T.);
#397=ORIENTED_EDGE('',*,*,#1493,.T.);
#398=ORIENTED_EDGE('',*,*,#1494,.T.);
#399=ORIENTED_EDGE('',*,*,#1495,.T.);
#400=ORIENTED_EDGE('',*,*,#1496,.F.);
#401=ORIENTED_EDGE('',*,*,#1497,.T.);
#402=ORIENTED_EDGE('',*,*,#1498,.T.);
#403=ORIENTED_EDGE('',*,*,#1499,.T.);
#404=ORIENTED_EDGE('',*,*,#1500,.F.);
#405=ORIENTED_EDGE('',*,*,#1501,.T.);
#406=ORIENTED_EDGE('',*,*,#1502,.F.);
#407=ORIENTED_EDGE('',*,*,#1503,.T.);
#408=ORIENTED_EDGE('',*,*,#1504,.T.);
#409=ORIENTED_EDGE('',*,*,#1505,.T.);
#410=ORIENTED_EDGE('',*,*,#1506,.F.);
#411=ORIENTED_EDGE('',*,*,#1507,.T.);
#412=ORIENTED_EDGE('',*,*,#1508,.T.);
#413=ORIENTED_EDGE('',*,*,#1509,.T.);
#414=ORIENTED_EDGE('',*,*,#1483,.T.);
#415=ORIENTED_EDGE('',*,*,#1510,.T.);
#416=ORIENTED_EDGE('',*,*,#1511,.T.);
#417=ORIENTED_EDGE('',*,*,#1512,.T.);
#418=ORIENTED_EDGE('',*,*,#1513,.T.);
#419=ORIENTED_EDGE('',*,*,#1514,.T.);
#420=ORIENTED_EDGE('',*,*,#1515,.T.);
#421=ORIENTED_EDGE('',*,*,#1516,.T.);
#422=ORIENTED_EDGE('',*,*,#1517,.F.);
#423=ORIENTED_EDGE('',*,*,#1518,.T.);
#424=ORIENTED_EDGE('',*,*,#1519,.F.);
#425=ORIENTED_EDGE('',*,*,#1520,.T.);
#426=ORIENTED_EDGE('',*,*,#1521,.F.);
#427=ORIENTED_EDGE('',*,*,#1522,.T.);
#428=ORIENTED_EDGE('',*,*,#1523,.T.);
#429=ORIENTED_EDGE('',*,*,#1524,.T.);
#430=ORIENTED_EDGE('',*,*,#1525,.T.);
#431=ORIENTED_EDGE('',*,*,#1526,.T.);
#432=ORIENTED_EDGE('',*,*,#1527,.T.);
#433=ORIENTED_EDGE('',*,*,#1528,.F.);
#434=ORIENTED_EDGE('',*,*,#1529,.T.);
#435=ORIENTED_EDGE('',*,*,#1530,.T.);
#436=ORIENTED_EDGE('',*,*,#1531,.T.);
#437=ORIENTED_EDGE('',*,*,#1532,.F.);
#438=ORIENTED_EDGE('',*,*,#1533,.T.);
#439=ORIENTED_EDGE('',*,*,#1534,.T.);
#440=ORIENTED_EDGE('',*,*,#1535,.T.);
#441=ORIENTED_EDGE('',*,*,#1536,.F.);
#442=ORIENTED_EDGE('',*,*,#1537,.F.);
#443=ORIENTED_EDGE('',*,*,#1538,.F.);
#444=ORIENTED_EDGE('',*,*,#1539,.F.);
#445=ORIENTED_EDGE('',*,*,#1532,.T.);
#446=ORIENTED_EDGE('',*,*,#1540,.T.);
#447=ORIENTED_EDGE('',*,*,#1519,.T.);
#448=ORIENTED_EDGE('',*,*,#1541,.T.);
#449=ORIENTED_EDGE('',*,*,#1521,.T.);
#450=ORIENTED_EDGE('',*,*,#1542,.T.);
#451=ORIENTED_EDGE('',*,*,#1528,.T.);
#452=ORIENTED_EDGE('',*,*,#1543,.F.);
#453=ORIENTED_EDGE('',*,*,#1544,.T.);
#454=ORIENTED_EDGE('',*,*,#1536,.T.);
#455=ORIENTED_EDGE('',*,*,#1545,.T.);
#456=ORIENTED_EDGE('',*,*,#1517,.T.);
#457=ORIENTED_EDGE('',*,*,#1546,.T.);
#458=ORIENTED_EDGE('',*,*,#1547,.F.);
#459=ORIENTED_EDGE('',*,*,#1548,.F.);
#460=ORIENTED_EDGE('',*,*,#1549,.F.);
#461=ORIENTED_EDGE('',*,*,#1550,.T.);
#462=ORIENTED_EDGE('',*,*,#1551,.T.);
#463=ORIENTED_EDGE('',*,*,#1552,.T.);
#464=ORIENTED_EDGE('',*,*,#1553,.F.);
#465=ORIENTED_EDGE('',*,*,#1554,.F.);
#466=ORIENTED_EDGE('',*,*,#1555,.T.);
#467=ORIENTED_EDGE('',*,*,#1556,.T.);
#468=ORIENTED_EDGE('',*,*,#1549,.T.);
#469=ORIENTED_EDGE('',*,*,#1557,.F.);
#470=ORIENTED_EDGE('',*,*,#1558,.F.);
#471=ORIENTED_EDGE('',*,*,#1559,.T.);
#472=ORIENTED_EDGE('',*,*,#1560,.T.);
#473=ORIENTED_EDGE('',*,*,#1561,.T.);
#474=ORIENTED_EDGE('',*,*,#1562,.F.);
#475=ORIENTED_EDGE('',*,*,#1561,.F.);
#476=ORIENTED_EDGE('',*,*,#1563,.T.);
#477=ORIENTED_EDGE('',*,*,#1564,.T.);
#478=ORIENTED_EDGE('',*,*,#1565,.T.);
#479=ORIENTED_EDGE('',*,*,#1566,.F.);
#480=ORIENTED_EDGE('',*,*,#1567,.F.);
#481=ORIENTED_EDGE('',*,*,#1568,.T.);
#482=ORIENTED_EDGE('',*,*,#1558,.T.);
#483=ORIENTED_EDGE('',*,*,#1569,.T.);
#484=ORIENTED_EDGE('',*,*,#1559,.F.);
#485=ORIENTED_EDGE('',*,*,#1570,.F.);
#486=ORIENTED_EDGE('',*,*,#1571,.T.);
#487=ORIENTED_EDGE('',*,*,#1572,.T.);
#488=ORIENTED_EDGE('',*,*,#1573,.F.);
#489=ORIENTED_EDGE('',*,*,#1574,.F.);
#490=ORIENTED_EDGE('',*,*,#1551,.F.);
#491=ORIENTED_EDGE('',*,*,#1575,.F.);
#492=ORIENTED_EDGE('',*,*,#1552,.F.);
#493=ORIENTED_EDGE('',*,*,#1576,.T.);
#494=ORIENTED_EDGE('',*,*,#1567,.T.);
#495=ORIENTED_EDGE('',*,*,#1577,.T.);
#496=ORIENTED_EDGE('',*,*,#1578,.F.);
#497=ORIENTED_EDGE('',*,*,#1579,.F.);
#498=ORIENTED_EDGE('',*,*,#1564,.F.);
#499=ORIENTED_EDGE('',*,*,#1580,.F.);
#500=ORIENTED_EDGE('',*,*,#1565,.F.);
#501=ORIENTED_EDGE('',*,*,#1581,.T.);
#502=ORIENTED_EDGE('',*,*,#1582,.T.);
#503=ORIENTED_EDGE('',*,*,#1583,.F.);
#504=ORIENTED_EDGE('',*,*,#1582,.F.);
#505=ORIENTED_EDGE('',*,*,#1584,.T.);
#506=ORIENTED_EDGE('',*,*,#1554,.T.);
#507=ORIENTED_EDGE('',*,*,#1585,.T.);
#508=ORIENTED_EDGE('',*,*,#1555,.F.);
#509=ORIENTED_EDGE('',*,*,#1586,.F.);
#510=ORIENTED_EDGE('',*,*,#1587,.T.);
#511=ORIENTED_EDGE('',*,*,#1588,.T.);
#512=ORIENTED_EDGE('',*,*,#1589,.T.);
#513=ORIENTED_EDGE('',*,*,#1550,.F.);
#514=ORIENTED_EDGE('',*,*,#1556,.F.);
#515=ORIENTED_EDGE('',*,*,#1590,.T.);
#516=ORIENTED_EDGE('',*,*,#1560,.F.);
#517=ORIENTED_EDGE('',*,*,#1591,.T.);
#518=ORIENTED_EDGE('',*,*,#1592,.T.);
#519=ORIENTED_EDGE('',*,*,#1593,.T.);
#520=ORIENTED_EDGE('',*,*,#1563,.F.);
#521=ORIENTED_EDGE('',*,*,#1548,.T.);
#522=ORIENTED_EDGE('',*,*,#1575,.T.);
#523=ORIENTED_EDGE('',*,*,#1594,.T.);
#524=ORIENTED_EDGE('',*,*,#1595,.T.);
#525=ORIENTED_EDGE('',*,*,#1566,.T.);
#526=ORIENTED_EDGE('',*,*,#1557,.T.);
#527=ORIENTED_EDGE('',*,*,#1596,.T.);
#528=ORIENTED_EDGE('',*,*,#1586,.T.);
#529=ORIENTED_EDGE('',*,*,#1584,.F.);
#530=ORIENTED_EDGE('',*,*,#1581,.F.);
#531=ORIENTED_EDGE('',*,*,#1579,.T.);
#532=ORIENTED_EDGE('',*,*,#1583,.T.);
#533=ORIENTED_EDGE('',*,*,#1553,.T.);
#534=ORIENTED_EDGE('',*,*,#1597,.T.);
#535=ORIENTED_EDGE('',*,*,#1576,.F.);
#536=ORIENTED_EDGE('',*,*,#1574,.T.);
#537=ORIENTED_EDGE('',*,*,#1598,.T.);
#538=ORIENTED_EDGE('',*,*,#1570,.T.);
#539=ORIENTED_EDGE('',*,*,#1568,.F.);
#540=ORIENTED_EDGE('',*,*,#1591,.F.);
#541=ORIENTED_EDGE('',*,*,#1569,.F.);
#542=ORIENTED_EDGE('',*,*,#1599,.T.);
#543=ORIENTED_EDGE('',*,*,#1562,.T.);
#544=ORIENTED_EDGE('',*,*,#1580,.T.);
#545=ORIENTED_EDGE('',*,*,#1600,.T.);
#546=ORIENTED_EDGE('',*,*,#1589,.F.);
#547=ORIENTED_EDGE('',*,*,#1601,.T.);
#548=ORIENTED_EDGE('',*,*,#1572,.F.);
#549=ORIENTED_EDGE('',*,*,#1585,.F.);
#550=ORIENTED_EDGE('',*,*,#1602,.T.);
#551=ORIENTED_EDGE('',*,*,#1590,.F.);
#552=ORIENTED_EDGE('',*,*,#1603,.F.);
#553=ORIENTED_EDGE('',*,*,#1604,.F.);
#554=ORIENTED_EDGE('',*,*,#1605,.T.);
#555=ORIENTED_EDGE('',*,*,#1606,.T.);
#556=ORIENTED_EDGE('',*,*,#1607,.T.);
#557=ORIENTED_EDGE('',*,*,#1608,.F.);
#558=ORIENTED_EDGE('',*,*,#1609,.F.);
#559=ORIENTED_EDGE('',*,*,#1610,.T.);
#560=ORIENTED_EDGE('',*,*,#1611,.T.);
#561=ORIENTED_EDGE('',*,*,#1604,.T.);
#562=ORIENTED_EDGE('',*,*,#1612,.F.);
#563=ORIENTED_EDGE('',*,*,#1613,.F.);
#564=ORIENTED_EDGE('',*,*,#1614,.T.);
#565=ORIENTED_EDGE('',*,*,#1615,.T.);
#566=ORIENTED_EDGE('',*,*,#1616,.T.);
#567=ORIENTED_EDGE('',*,*,#1617,.F.);
#568=ORIENTED_EDGE('',*,*,#1616,.F.);
#569=ORIENTED_EDGE('',*,*,#1618,.T.);
#570=ORIENTED_EDGE('',*,*,#1619,.T.);
#571=ORIENTED_EDGE('',*,*,#1620,.T.);
#572=ORIENTED_EDGE('',*,*,#1621,.F.);
#573=ORIENTED_EDGE('',*,*,#1622,.F.);
#574=ORIENTED_EDGE('',*,*,#1623,.T.);
#575=ORIENTED_EDGE('',*,*,#1613,.T.);
#576=ORIENTED_EDGE('',*,*,#1624,.T.);
#577=ORIENTED_EDGE('',*,*,#1614,.F.);
#578=ORIENTED_EDGE('',*,*,#1625,.F.);
#579=ORIENTED_EDGE('',*,*,#1626,.T.);
#580=ORIENTED_EDGE('',*,*,#1627,.T.);
#581=ORIENTED_EDGE('',*,*,#1628,.F.);
#582=ORIENTED_EDGE('',*,*,#1629,.F.);
#583=ORIENTED_EDGE('',*,*,#1606,.F.);
#584=ORIENTED_EDGE('',*,*,#1630,.F.);
#585=ORIENTED_EDGE('',*,*,#1607,.F.);
#586=ORIENTED_EDGE('',*,*,#1631,.T.);
#587=ORIENTED_EDGE('',*,*,#1622,.T.);
#588=ORIENTED_EDGE('',*,*,#1632,.T.);
#589=ORIENTED_EDGE('',*,*,#1633,.F.);
#590=ORIENTED_EDGE('',*,*,#1634,.F.);
#591=ORIENTED_EDGE('',*,*,#1619,.F.);
#592=ORIENTED_EDGE('',*,*,#1635,.F.);
#593=ORIENTED_EDGE('',*,*,#1620,.F.);
#594=ORIENTED_EDGE('',*,*,#1636,.T.);
#595=ORIENTED_EDGE('',*,*,#1637,.T.);
#596=ORIENTED_EDGE('',*,*,#1638,.F.);
#597=ORIENTED_EDGE('',*,*,#1637,.F.);
#598=ORIENTED_EDGE('',*,*,#1639,.T.);
#599=ORIENTED_EDGE('',*,*,#1609,.T.);
#600=ORIENTED_EDGE('',*,*,#1640,.T.);
#601=ORIENTED_EDGE('',*,*,#1610,.F.);
#602=ORIENTED_EDGE('',*,*,#1641,.F.);
#603=ORIENTED_EDGE('',*,*,#1642,.T.);
#604=ORIENTED_EDGE('',*,*,#1643,.T.);
#605=ORIENTED_EDGE('',*,*,#1644,.T.);
#606=ORIENTED_EDGE('',*,*,#1605,.F.);
#607=ORIENTED_EDGE('',*,*,#1611,.F.);
#608=ORIENTED_EDGE('',*,*,#1645,.T.);
#609=ORIENTED_EDGE('',*,*,#1615,.F.);
#610=ORIENTED_EDGE('',*,*,#1646,.T.);
#611=ORIENTED_EDGE('',*,*,#1647,.T.);
#612=ORIENTED_EDGE('',*,*,#1648,.T.);
#613=ORIENTED_EDGE('',*,*,#1618,.F.);
#614=ORIENTED_EDGE('',*,*,#1603,.T.);
#615=ORIENTED_EDGE('',*,*,#1630,.T.);
#616=ORIENTED_EDGE('',*,*,#1649,.T.);
#617=ORIENTED_EDGE('',*,*,#1650,.T.);
#618=ORIENTED_EDGE('',*,*,#1621,.T.);
#619=ORIENTED_EDGE('',*,*,#1612,.T.);
#620=ORIENTED_EDGE('',*,*,#1651,.T.);
#621=ORIENTED_EDGE('',*,*,#1641,.T.);
#622=ORIENTED_EDGE('',*,*,#1639,.F.);
#623=ORIENTED_EDGE('',*,*,#1636,.F.);
#624=ORIENTED_EDGE('',*,*,#1634,.T.);
#625=ORIENTED_EDGE('',*,*,#1638,.T.);
#626=ORIENTED_EDGE('',*,*,#1608,.T.);
#627=ORIENTED_EDGE('',*,*,#1652,.T.);
#628=ORIENTED_EDGE('',*,*,#1631,.F.);
#629=ORIENTED_EDGE('',*,*,#1629,.T.);
#630=ORIENTED_EDGE('',*,*,#1653,.T.);
#631=ORIENTED_EDGE('',*,*,#1625,.T.);
#632=ORIENTED_EDGE('',*,*,#1623,.F.);
#633=ORIENTED_EDGE('',*,*,#1646,.F.);
#634=ORIENTED_EDGE('',*,*,#1624,.F.);
#635=ORIENTED_EDGE('',*,*,#1654,.T.);
#636=ORIENTED_EDGE('',*,*,#1617,.T.);
#637=ORIENTED_EDGE('',*,*,#1635,.T.);
#638=ORIENTED_EDGE('',*,*,#1655,.T.);
#639=ORIENTED_EDGE('',*,*,#1644,.F.);
#640=ORIENTED_EDGE('',*,*,#1656,.T.);
#641=ORIENTED_EDGE('',*,*,#1627,.F.);
#642=ORIENTED_EDGE('',*,*,#1640,.F.);
#643=ORIENTED_EDGE('',*,*,#1657,.T.);
#644=ORIENTED_EDGE('',*,*,#1645,.F.);
#645=ORIENTED_EDGE('',*,*,#1658,.T.);
#646=ORIENTED_EDGE('',*,*,#1595,.F.);
#647=ORIENTED_EDGE('',*,*,#1600,.F.);
#648=ORIENTED_EDGE('',*,*,#1597,.F.);
#649=ORIENTED_EDGE('',*,*,#1594,.F.);
#650=ORIENTED_EDGE('',*,*,#1659,.T.);
#651=ORIENTED_EDGE('',*,*,#1650,.F.);
#652=ORIENTED_EDGE('',*,*,#1655,.F.);
#653=ORIENTED_EDGE('',*,*,#1652,.F.);
#654=ORIENTED_EDGE('',*,*,#1649,.F.);
#655=ORIENTED_EDGE('',*,*,#1547,.T.);
#656=ORIENTED_EDGE('',*,*,#1660,.T.);
#657=ORIENTED_EDGE('',*,*,#1661,.T.);
#658=ORIENTED_EDGE('',*,*,#1662,.F.);
#659=ORIENTED_EDGE('',*,*,#1663,.T.);
#660=ORIENTED_EDGE('',*,*,#1664,.T.);
#661=ORIENTED_EDGE('',*,*,#1543,.T.);
#662=ORIENTED_EDGE('',*,*,#1665,.F.);
#663=ORIENTED_EDGE('',*,*,#1537,.T.);
#664=ORIENTED_EDGE('',*,*,#1662,.T.);
#665=ORIENTED_EDGE('',*,*,#1666,.T.);
#666=ORIENTED_EDGE('',*,*,#1667,.F.);
#667=ORIENTED_EDGE('',*,*,#1668,.F.);
#668=ORIENTED_EDGE('',*,*,#1669,.T.);
#669=ORIENTED_EDGE('',*,*,#1670,.T.);
#670=ORIENTED_EDGE('',*,*,#1666,.F.);
#671=ORIENTED_EDGE('',*,*,#1671,.T.);
#672=ORIENTED_EDGE('',*,*,#1665,.T.);
#673=ORIENTED_EDGE('',*,*,#1539,.T.);
#674=ORIENTED_EDGE('',*,*,#1672,.F.);
#675=ORIENTED_EDGE('',*,*,#1673,.T.);
#676=ORIENTED_EDGE('',*,*,#1674,.T.);
#677=ORIENTED_EDGE('',*,*,#1675,.T.);
#678=ORIENTED_EDGE('',*,*,#1671,.F.);
#679=ORIENTED_EDGE('',*,*,#1675,.F.);
#680=ORIENTED_EDGE('',*,*,#1676,.T.);
#681=ORIENTED_EDGE('',*,*,#1663,.F.);
#682=ORIENTED_EDGE('',*,*,#1661,.F.);
#683=ORIENTED_EDGE('',*,*,#1677,.T.);
#684=ORIENTED_EDGE('',*,*,#1668,.T.);
#685=ORIENTED_EDGE('',*,*,#1678,.T.);
#686=ORIENTED_EDGE('',*,*,#1679,.T.);
#687=ORIENTED_EDGE('',*,*,#1680,.T.);
#688=ORIENTED_EDGE('',*,*,#1681,.F.);
#689=ORIENTED_EDGE('',*,*,#1682,.T.);
#690=ORIENTED_EDGE('',*,*,#1683,.T.);
#691=ORIENTED_EDGE('',*,*,#1684,.T.);
#692=ORIENTED_EDGE('',*,*,#1685,.T.);
#693=ORIENTED_EDGE('',*,*,#1686,.T.);
#694=ORIENTED_EDGE('',*,*,#1687,.T.);
#695=ORIENTED_EDGE('',*,*,#1688,.T.);
#696=ORIENTED_EDGE('',*,*,#1689,.T.);
#697=ORIENTED_EDGE('',*,*,#1690,.T.);
#698=ORIENTED_EDGE('',*,*,#1481,.T.);
#699=ORIENTED_EDGE('',*,*,#1691,.T.);
#700=ORIENTED_EDGE('',*,*,#1478,.T.);
#701=ORIENTED_EDGE('',*,*,#1692,.T.);
#702=ORIENTED_EDGE('',*,*,#1693,.T.);
#703=ORIENTED_EDGE('',*,*,#1694,.T.);
#704=ORIENTED_EDGE('',*,*,#1695,.T.);
#705=ORIENTED_EDGE('',*,*,#1696,.T.);
#706=ORIENTED_EDGE('',*,*,#1697,.T.);
#707=ORIENTED_EDGE('',*,*,#1698,.T.);
#708=ORIENTED_EDGE('',*,*,#1699,.T.);
#709=ORIENTED_EDGE('',*,*,#1700,.T.);
#710=ORIENTED_EDGE('',*,*,#1701,.T.);
#711=ORIENTED_EDGE('',*,*,#1702,.T.);
#712=ORIENTED_EDGE('',*,*,#1703,.F.);
#713=ORIENTED_EDGE('',*,*,#1704,.T.);
#714=ORIENTED_EDGE('',*,*,#1705,.F.);
#715=ORIENTED_EDGE('',*,*,#1698,.F.);
#716=ORIENTED_EDGE('',*,*,#1706,.F.);
#717=ORIENTED_EDGE('',*,*,#1674,.F.);
#718=ORIENTED_EDGE('',*,*,#1697,.F.);
#719=ORIENTED_EDGE('',*,*,#1707,.T.);
#720=ORIENTED_EDGE('',*,*,#1708,.F.);
#721=ORIENTED_EDGE('',*,*,#1676,.F.);
#722=ORIENTED_EDGE('',*,*,#1706,.T.);
#723=ORIENTED_EDGE('',*,*,#1709,.T.);
#724=ORIENTED_EDGE('',*,*,#1710,.T.);
#725=ORIENTED_EDGE('',*,*,#1664,.F.);
#726=ORIENTED_EDGE('',*,*,#1708,.T.);
#727=ORIENTED_EDGE('',*,*,#1684,.F.);
#728=ORIENTED_EDGE('',*,*,#1711,.T.);
#729=ORIENTED_EDGE('',*,*,#1695,.F.);
#730=ORIENTED_EDGE('',*,*,#1712,.F.);
#731=ORIENTED_EDGE('',*,*,#1713,.F.);
#732=ORIENTED_EDGE('',*,*,#1669,.F.);
#733=ORIENTED_EDGE('',*,*,#1714,.F.);
#734=ORIENTED_EDGE('',*,*,#1704,.F.);
#735=ORIENTED_EDGE('',*,*,#1715,.F.);
#736=ORIENTED_EDGE('',*,*,#1716,.T.);
#737=ORIENTED_EDGE('',*,*,#1700,.F.);
#738=ORIENTED_EDGE('',*,*,#1714,.T.);
#739=ORIENTED_EDGE('',*,*,#1677,.F.);
#740=ORIENTED_EDGE('',*,*,#1660,.F.);
#741=ORIENTED_EDGE('',*,*,#1717,.T.);
#742=ORIENTED_EDGE('',*,*,#1718,.T.);
#743=ORIENTED_EDGE('',*,*,#1715,.T.);
#744=ORIENTED_EDGE('',*,*,#1702,.F.);
#745=ORIENTED_EDGE('',*,*,#1719,.T.);
#746=ORIENTED_EDGE('',*,*,#1678,.F.);
#747=ORIENTED_EDGE('',*,*,#1720,.F.);
#748=ORIENTED_EDGE('',*,*,#1680,.F.);
#749=ORIENTED_EDGE('',*,*,#1721,.T.);
#750=ORIENTED_EDGE('',*,*,#1693,.F.);
#751=ORIENTED_EDGE('',*,*,#1722,.F.);
#752=ORIENTED_EDGE('',*,*,#1689,.F.);
#753=ORIENTED_EDGE('',*,*,#1723,.T.);
#754=ORIENTED_EDGE('',*,*,#1682,.F.);
#755=ORIENTED_EDGE('',*,*,#1724,.F.);
#756=ORIENTED_EDGE('',*,*,#1462,.F.);
#757=ORIENTED_EDGE('',*,*,#1725,.T.);
#758=ORIENTED_EDGE('',*,*,#1686,.F.);
#759=ORIENTED_EDGE('',*,*,#1726,.F.);
#760=ORIENTED_EDGE('',*,*,#1717,.F.);
#761=ORIENTED_EDGE('',*,*,#1546,.F.);
#762=ORIENTED_EDGE('',*,*,#1727,.F.);
#763=ORIENTED_EDGE('',*,*,#1727,.T.);
#764=ORIENTED_EDGE('',*,*,#1516,.F.);
#765=ORIENTED_EDGE('',*,*,#1728,.F.);
#766=ORIENTED_EDGE('',*,*,#1718,.F.);
#767=ORIENTED_EDGE('',*,*,#1728,.T.);
#768=ORIENTED_EDGE('',*,*,#1515,.F.);
#769=ORIENTED_EDGE('',*,*,#1729,.F.);
#770=ORIENTED_EDGE('',*,*,#1716,.F.);
#771=ORIENTED_EDGE('',*,*,#1729,.T.);
#772=ORIENTED_EDGE('',*,*,#1514,.F.);
#773=ORIENTED_EDGE('',*,*,#1730,.F.);
#774=ORIENTED_EDGE('',*,*,#1701,.F.);
#775=ORIENTED_EDGE('',*,*,#1730,.T.);
#776=ORIENTED_EDGE('',*,*,#1513,.F.);
#777=ORIENTED_EDGE('',*,*,#1731,.F.);
#778=ORIENTED_EDGE('',*,*,#1719,.F.);
#779=ORIENTED_EDGE('',*,*,#1731,.T.);
#780=ORIENTED_EDGE('',*,*,#1512,.F.);
#781=ORIENTED_EDGE('',*,*,#1732,.F.);
#782=ORIENTED_EDGE('',*,*,#1679,.F.);
#783=ORIENTED_EDGE('',*,*,#1732,.T.);
#784=ORIENTED_EDGE('',*,*,#1511,.F.);
#785=ORIENTED_EDGE('',*,*,#1733,.F.);
#786=ORIENTED_EDGE('',*,*,#1721,.F.);
#787=ORIENTED_EDGE('',*,*,#1733,.T.);
#788=ORIENTED_EDGE('',*,*,#1510,.F.);
#789=ORIENTED_EDGE('',*,*,#1482,.F.);
#790=ORIENTED_EDGE('',*,*,#1694,.F.);
#791=ORIENTED_EDGE('',*,*,#1688,.F.);
#792=ORIENTED_EDGE('',*,*,#1687,.F.);
#793=ORIENTED_EDGE('',*,*,#1734,.T.);
#794=ORIENTED_EDGE('',*,*,#1490,.F.);
#795=ORIENTED_EDGE('',*,*,#1489,.F.);
#796=ORIENTED_EDGE('',*,*,#1735,.F.);
#797=ORIENTED_EDGE('',*,*,#1735,.T.);
#798=ORIENTED_EDGE('',*,*,#1527,.F.);
#799=ORIENTED_EDGE('',*,*,#1736,.F.);
#800=ORIENTED_EDGE('',*,*,#1723,.F.);
#801=ORIENTED_EDGE('',*,*,#1736,.T.);
#802=ORIENTED_EDGE('',*,*,#1526,.F.);
#803=ORIENTED_EDGE('',*,*,#1737,.F.);
#804=ORIENTED_EDGE('',*,*,#1683,.F.);
#805=ORIENTED_EDGE('',*,*,#1737,.T.);
#806=ORIENTED_EDGE('',*,*,#1525,.F.);
#807=ORIENTED_EDGE('',*,*,#1738,.F.);
#808=ORIENTED_EDGE('',*,*,#1711,.F.);
#809=ORIENTED_EDGE('',*,*,#1738,.T.);
#810=ORIENTED_EDGE('',*,*,#1524,.F.);
#811=ORIENTED_EDGE('',*,*,#1739,.F.);
#812=ORIENTED_EDGE('',*,*,#1696,.F.);
#813=ORIENTED_EDGE('',*,*,#1739,.T.);
#814=ORIENTED_EDGE('',*,*,#1523,.F.);
#815=ORIENTED_EDGE('',*,*,#1740,.F.);
#816=ORIENTED_EDGE('',*,*,#1707,.F.);
#817=ORIENTED_EDGE('',*,*,#1740,.T.);
#818=ORIENTED_EDGE('',*,*,#1522,.F.);
#819=ORIENTED_EDGE('',*,*,#1741,.F.);
#820=ORIENTED_EDGE('',*,*,#1709,.F.);
#821=ORIENTED_EDGE('',*,*,#1544,.F.);
#822=ORIENTED_EDGE('',*,*,#1710,.F.);
#823=ORIENTED_EDGE('',*,*,#1741,.T.);
#824=ORIENTED_EDGE('',*,*,#1593,.F.);
#825=ORIENTED_EDGE('',*,*,#1742,.T.);
#826=ORIENTED_EDGE('',*,*,#1577,.F.);
#827=ORIENTED_EDGE('',*,*,#1596,.F.);
#828=ORIENTED_EDGE('',*,*,#1578,.T.);
#829=ORIENTED_EDGE('',*,*,#1742,.F.);
#830=ORIENTED_EDGE('',*,*,#1592,.F.);
#831=ORIENTED_EDGE('',*,*,#1599,.F.);
#832=ORIENTED_EDGE('',*,*,#1571,.F.);
#833=ORIENTED_EDGE('',*,*,#1598,.F.);
#834=ORIENTED_EDGE('',*,*,#1573,.T.);
#835=ORIENTED_EDGE('',*,*,#1601,.F.);
#836=ORIENTED_EDGE('',*,*,#1588,.F.);
#837=ORIENTED_EDGE('',*,*,#1602,.F.);
#838=ORIENTED_EDGE('',*,*,#1587,.F.);
#839=ORIENTED_EDGE('',*,*,#1743,.T.);
#840=ORIENTED_EDGE('',*,*,#1648,.F.);
#841=ORIENTED_EDGE('',*,*,#1744,.T.);
#842=ORIENTED_EDGE('',*,*,#1632,.F.);
#843=ORIENTED_EDGE('',*,*,#1651,.F.);
#844=ORIENTED_EDGE('',*,*,#1633,.T.);
#845=ORIENTED_EDGE('',*,*,#1744,.F.);
#846=ORIENTED_EDGE('',*,*,#1647,.F.);
#847=ORIENTED_EDGE('',*,*,#1654,.F.);
#848=ORIENTED_EDGE('',*,*,#1626,.F.);
#849=ORIENTED_EDGE('',*,*,#1653,.F.);
#850=ORIENTED_EDGE('',*,*,#1628,.T.);
#851=ORIENTED_EDGE('',*,*,#1656,.F.);
#852=ORIENTED_EDGE('',*,*,#1643,.F.);
#853=ORIENTED_EDGE('',*,*,#1657,.F.);
#854=ORIENTED_EDGE('',*,*,#1642,.F.);
#855=ORIENTED_EDGE('',*,*,#1745,.T.);
#856=ORIENTED_EDGE('',*,*,#1477,.T.);
#857=ORIENTED_EDGE('',*,*,#1465,.F.);
#858=ORIENTED_EDGE('',*,*,#1746,.F.);
#859=ORIENTED_EDGE('',*,*,#1747,.T.);
#860=ORIENTED_EDGE('',*,*,#1726,.T.);
#861=ORIENTED_EDGE('',*,*,#1748,.F.);
#862=ORIENTED_EDGE('',*,*,#1749,.F.);
#863=ORIENTED_EDGE('',*,*,#1463,.T.);
#864=ORIENTED_EDGE('',*,*,#1690,.F.);
#865=ORIENTED_EDGE('',*,*,#1750,.F.);
#866=ORIENTED_EDGE('',*,*,#1751,.T.);
#867=ORIENTED_EDGE('',*,*,#1748,.T.);
#868=ORIENTED_EDGE('',*,*,#1724,.T.);
#869=ORIENTED_EDGE('',*,*,#1752,.F.);
#870=ORIENTED_EDGE('',*,*,#1753,.F.);
#871=ORIENTED_EDGE('',*,*,#1750,.T.);
#872=ORIENTED_EDGE('',*,*,#1685,.F.);
#873=ORIENTED_EDGE('',*,*,#1754,.F.);
#874=ORIENTED_EDGE('',*,*,#1755,.T.);
#875=ORIENTED_EDGE('',*,*,#1752,.T.);
#876=ORIENTED_EDGE('',*,*,#1712,.T.);
#877=ORIENTED_EDGE('',*,*,#1756,.F.);
#878=ORIENTED_EDGE('',*,*,#1757,.F.);
#879=ORIENTED_EDGE('',*,*,#1754,.T.);
#880=ORIENTED_EDGE('',*,*,#1699,.F.);
#881=ORIENTED_EDGE('',*,*,#1758,.F.);
#882=ORIENTED_EDGE('',*,*,#1759,.T.);
#883=ORIENTED_EDGE('',*,*,#1756,.T.);
#884=ORIENTED_EDGE('',*,*,#1705,.T.);
#885=ORIENTED_EDGE('',*,*,#1760,.F.);
#886=ORIENTED_EDGE('',*,*,#1761,.F.);
#887=ORIENTED_EDGE('',*,*,#1758,.T.);
#888=ORIENTED_EDGE('',*,*,#1673,.F.);
#889=ORIENTED_EDGE('',*,*,#1762,.F.);
#890=ORIENTED_EDGE('',*,*,#1763,.T.);
#891=ORIENTED_EDGE('',*,*,#1760,.T.);
#892=ORIENTED_EDGE('',*,*,#1672,.T.);
#893=ORIENTED_EDGE('',*,*,#1764,.F.);
#894=ORIENTED_EDGE('',*,*,#1765,.F.);
#895=ORIENTED_EDGE('',*,*,#1762,.T.);
#896=ORIENTED_EDGE('',*,*,#1538,.T.);
#897=ORIENTED_EDGE('',*,*,#1766,.F.);
#898=ORIENTED_EDGE('',*,*,#1767,.F.);
#899=ORIENTED_EDGE('',*,*,#1764,.T.);
#900=ORIENTED_EDGE('',*,*,#1667,.T.);
#901=ORIENTED_EDGE('',*,*,#1768,.F.);
#902=ORIENTED_EDGE('',*,*,#1769,.F.);
#903=ORIENTED_EDGE('',*,*,#1766,.T.);
#904=ORIENTED_EDGE('',*,*,#1670,.F.);
#905=ORIENTED_EDGE('',*,*,#1770,.F.);
#906=ORIENTED_EDGE('',*,*,#1771,.T.);
#907=ORIENTED_EDGE('',*,*,#1768,.T.);
#908=ORIENTED_EDGE('',*,*,#1713,.T.);
#909=ORIENTED_EDGE('',*,*,#1772,.F.);
#910=ORIENTED_EDGE('',*,*,#1773,.F.);
#911=ORIENTED_EDGE('',*,*,#1770,.T.);
#912=ORIENTED_EDGE('',*,*,#1703,.T.);
#913=ORIENTED_EDGE('',*,*,#1774,.F.);
#914=ORIENTED_EDGE('',*,*,#1775,.F.);
#915=ORIENTED_EDGE('',*,*,#1772,.T.);
#916=ORIENTED_EDGE('',*,*,#1720,.T.);
#917=ORIENTED_EDGE('',*,*,#1776,.F.);
#918=ORIENTED_EDGE('',*,*,#1777,.F.);
#919=ORIENTED_EDGE('',*,*,#1774,.T.);
#920=ORIENTED_EDGE('',*,*,#1681,.T.);
#921=ORIENTED_EDGE('',*,*,#1778,.F.);
#922=ORIENTED_EDGE('',*,*,#1779,.F.);
#923=ORIENTED_EDGE('',*,*,#1776,.T.);
#924=ORIENTED_EDGE('',*,*,#1722,.T.);
#925=ORIENTED_EDGE('',*,*,#1780,.F.);
#926=ORIENTED_EDGE('',*,*,#1781,.F.);
#927=ORIENTED_EDGE('',*,*,#1778,.T.);
#928=ORIENTED_EDGE('',*,*,#1782,.T.);
#929=ORIENTED_EDGE('',*,*,#1487,.F.);
#930=ORIENTED_EDGE('',*,*,#1783,.T.);
#931=ORIENTED_EDGE('',*,*,#1743,.F.);
#932=ORIENTED_EDGE('',*,*,#1784,.T.);
#933=ORIENTED_EDGE('',*,*,#1745,.F.);
#934=ORIENTED_EDGE('',*,*,#1692,.F.);
#935=ORIENTED_EDGE('',*,*,#1747,.F.);
#936=ORIENTED_EDGE('',*,*,#1785,.T.);
#937=ORIENTED_EDGE('',*,*,#1780,.T.);
#938=ORIENTED_EDGE('',*,*,#1786,.T.);
#939=ORIENTED_EDGE('',*,*,#1787,.T.);
#940=ORIENTED_EDGE('',*,*,#1788,.T.);
#941=ORIENTED_EDGE('',*,*,#1789,.T.);
#942=ORIENTED_EDGE('',*,*,#1784,.F.);
#943=ORIENTED_EDGE('',*,*,#1783,.F.);
#944=ORIENTED_EDGE('',*,*,#1782,.F.);
#945=ORIENTED_EDGE('',*,*,#1746,.T.);
#946=ORIENTED_EDGE('',*,*,#1464,.T.);
#947=ORIENTED_EDGE('',*,*,#1749,.T.);
#948=ORIENTED_EDGE('',*,*,#1751,.F.);
#949=ORIENTED_EDGE('',*,*,#1753,.T.);
#950=ORIENTED_EDGE('',*,*,#1755,.F.);
#951=ORIENTED_EDGE('',*,*,#1757,.T.);
#952=ORIENTED_EDGE('',*,*,#1759,.F.);
#953=ORIENTED_EDGE('',*,*,#1761,.T.);
#954=ORIENTED_EDGE('',*,*,#1763,.F.);
#955=ORIENTED_EDGE('',*,*,#1765,.T.);
#956=ORIENTED_EDGE('',*,*,#1767,.T.);
#957=ORIENTED_EDGE('',*,*,#1769,.T.);
#958=ORIENTED_EDGE('',*,*,#1771,.F.);
#959=ORIENTED_EDGE('',*,*,#1773,.T.);
#960=ORIENTED_EDGE('',*,*,#1775,.T.);
#961=ORIENTED_EDGE('',*,*,#1777,.T.);
#962=ORIENTED_EDGE('',*,*,#1779,.T.);
#963=ORIENTED_EDGE('',*,*,#1781,.T.);
#964=ORIENTED_EDGE('',*,*,#1785,.F.);
#965=ORIENTED_EDGE('',*,*,#1790,.F.);
#966=ORIENTED_EDGE('',*,*,#1791,.T.);
#967=ORIENTED_EDGE('',*,*,#1792,.T.);
#968=ORIENTED_EDGE('',*,*,#1793,.T.);
#969=ORIENTED_EDGE('',*,*,#1794,.T.);
#970=ORIENTED_EDGE('',*,*,#1795,.T.);
#971=ORIENTED_EDGE('',*,*,#1796,.F.);
#972=ORIENTED_EDGE('',*,*,#1534,.F.);
#973=ORIENTED_EDGE('',*,*,#1797,.T.);
#974=ORIENTED_EDGE('',*,*,#1790,.T.);
#975=ORIENTED_EDGE('',*,*,#1798,.T.);
#976=ORIENTED_EDGE('',*,*,#1799,.T.);
#977=ORIENTED_EDGE('',*,*,#1796,.T.);
#978=ORIENTED_EDGE('',*,*,#1799,.F.);
#979=ORIENTED_EDGE('',*,*,#1789,.F.);
#980=ORIENTED_EDGE('',*,*,#1800,.F.);
#981=ORIENTED_EDGE('',*,*,#1801,.T.);
#982=ORIENTED_EDGE('',*,*,#1802,.T.);
#983=ORIENTED_EDGE('',*,*,#1803,.T.);
#984=ORIENTED_EDGE('',*,*,#1804,.T.);
#985=ORIENTED_EDGE('',*,*,#1805,.T.);
#986=ORIENTED_EDGE('',*,*,#1806,.F.);
#987=ORIENTED_EDGE('',*,*,#1530,.F.);
#988=ORIENTED_EDGE('',*,*,#1807,.T.);
#989=ORIENTED_EDGE('',*,*,#1800,.T.);
#990=ORIENTED_EDGE('',*,*,#1808,.T.);
#991=ORIENTED_EDGE('',*,*,#1809,.T.);
#992=ORIENTED_EDGE('',*,*,#1806,.T.);
#993=ORIENTED_EDGE('',*,*,#1809,.F.);
#994=ORIENTED_EDGE('',*,*,#1788,.F.);
#995=ORIENTED_EDGE('',*,*,#1810,.T.);
#996=ORIENTED_EDGE('',*,*,#1811,.T.);
#997=ORIENTED_EDGE('',*,*,#1810,.F.);
#998=ORIENTED_EDGE('',*,*,#1787,.F.);
#999=ORIENTED_EDGE('',*,*,#1811,.F.);
#1000=ORIENTED_EDGE('',*,*,#1812,.T.);
#1001=ORIENTED_EDGE('',*,*,#1813,.F.);
#1002=ORIENTED_EDGE('',*,*,#1812,.F.);
#1003=ORIENTED_EDGE('',*,*,#1814,.T.);
#1004=ORIENTED_EDGE('',*,*,#1815,.T.);
#1005=ORIENTED_EDGE('',*,*,#1816,.F.);
#1006=ORIENTED_EDGE('',*,*,#1817,.F.);
#1007=ORIENTED_EDGE('',*,*,#1815,.F.);
#1008=ORIENTED_EDGE('',*,*,#1817,.T.);
#1009=ORIENTED_EDGE('',*,*,#1814,.F.);
#1010=ORIENTED_EDGE('',*,*,#1786,.F.);
#1011=ORIENTED_EDGE('',*,*,#1808,.F.);
#1012=ORIENTED_EDGE('',*,*,#1805,.F.);
#1013=ORIENTED_EDGE('',*,*,#1818,.F.);
#1014=ORIENTED_EDGE('',*,*,#1531,.F.);
#1015=ORIENTED_EDGE('',*,*,#1818,.T.);
#1016=ORIENTED_EDGE('',*,*,#1804,.F.);
#1017=ORIENTED_EDGE('',*,*,#1819,.F.);
#1018=ORIENTED_EDGE('',*,*,#1540,.F.);
#1019=ORIENTED_EDGE('',*,*,#1819,.T.);
#1020=ORIENTED_EDGE('',*,*,#1803,.F.);
#1021=ORIENTED_EDGE('',*,*,#1820,.F.);
#1022=ORIENTED_EDGE('',*,*,#1520,.F.);
#1023=ORIENTED_EDGE('',*,*,#1820,.T.);
#1024=ORIENTED_EDGE('',*,*,#1802,.F.);
#1025=ORIENTED_EDGE('',*,*,#1821,.F.);
#1026=ORIENTED_EDGE('',*,*,#1542,.F.);
#1027=ORIENTED_EDGE('',*,*,#1821,.T.);
#1028=ORIENTED_EDGE('',*,*,#1801,.F.);
#1029=ORIENTED_EDGE('',*,*,#1807,.F.);
#1030=ORIENTED_EDGE('',*,*,#1529,.F.);
#1031=ORIENTED_EDGE('',*,*,#1798,.F.);
#1032=ORIENTED_EDGE('',*,*,#1795,.F.);
#1033=ORIENTED_EDGE('',*,*,#1822,.F.);
#1034=ORIENTED_EDGE('',*,*,#1535,.F.);
#1035=ORIENTED_EDGE('',*,*,#1822,.T.);
#1036=ORIENTED_EDGE('',*,*,#1794,.F.);
#1037=ORIENTED_EDGE('',*,*,#1823,.F.);
#1038=ORIENTED_EDGE('',*,*,#1545,.F.);
#1039=ORIENTED_EDGE('',*,*,#1823,.T.);
#1040=ORIENTED_EDGE('',*,*,#1793,.F.);
#1041=ORIENTED_EDGE('',*,*,#1824,.F.);
#1042=ORIENTED_EDGE('',*,*,#1518,.F.);
#1043=ORIENTED_EDGE('',*,*,#1824,.T.);
#1044=ORIENTED_EDGE('',*,*,#1792,.F.);
#1045=ORIENTED_EDGE('',*,*,#1825,.F.);
#1046=ORIENTED_EDGE('',*,*,#1541,.F.);
#1047=ORIENTED_EDGE('',*,*,#1825,.T.);
#1048=ORIENTED_EDGE('',*,*,#1791,.F.);
#1049=ORIENTED_EDGE('',*,*,#1797,.F.);
#1050=ORIENTED_EDGE('',*,*,#1533,.F.);
#1051=ORIENTED_EDGE('',*,*,#1826,.F.);
#1052=ORIENTED_EDGE('',*,*,#1827,.T.);
#1053=ORIENTED_EDGE('',*,*,#1828,.T.);
#1054=ORIENTED_EDGE('',*,*,#1829,.F.);
#1055=ORIENTED_EDGE('',*,*,#1830,.T.);
#1056=ORIENTED_EDGE('',*,*,#1831,.T.);
#1057=ORIENTED_EDGE('',*,*,#1832,.F.);
#1058=ORIENTED_EDGE('',*,*,#1833,.T.);
#1059=ORIENTED_EDGE('',*,*,#1828,.F.);
#1060=ORIENTED_EDGE('',*,*,#1834,.T.);
#1061=ORIENTED_EDGE('',*,*,#1835,.F.);
#1062=ORIENTED_EDGE('',*,*,#1836,.F.);
#1063=ORIENTED_EDGE('',*,*,#1837,.T.);
#1064=ORIENTED_EDGE('',*,*,#1838,.T.);
#1065=ORIENTED_EDGE('',*,*,#1839,.T.);
#1066=ORIENTED_EDGE('',*,*,#1840,.T.);
#1067=ORIENTED_EDGE('',*,*,#1841,.F.);
#1068=ORIENTED_EDGE('',*,*,#1842,.T.);
#1069=ORIENTED_EDGE('',*,*,#1830,.F.);
#1070=ORIENTED_EDGE('',*,*,#1843,.T.);
#1071=ORIENTED_EDGE('',*,*,#1844,.T.);
#1072=ORIENTED_EDGE('',*,*,#1845,.T.);
#1073=ORIENTED_EDGE('',*,*,#1837,.F.);
#1074=ORIENTED_EDGE('',*,*,#1846,.T.);
#1075=ORIENTED_EDGE('',*,*,#1493,.F.);
#1076=ORIENTED_EDGE('',*,*,#1847,.T.);
#1077=ORIENTED_EDGE('',*,*,#1848,.T.);
#1078=ORIENTED_EDGE('',*,*,#1849,.T.);
#1079=ORIENTED_EDGE('',*,*,#1850,.T.);
#1080=ORIENTED_EDGE('',*,*,#1849,.F.);
#1081=ORIENTED_EDGE('',*,*,#1851,.T.);
#1082=ORIENTED_EDGE('',*,*,#1852,.T.);
#1083=ORIENTED_EDGE('',*,*,#1853,.F.);
#1084=ORIENTED_EDGE('',*,*,#1854,.T.);
#1085=ORIENTED_EDGE('',*,*,#1855,.F.);
#1086=ORIENTED_EDGE('',*,*,#1856,.F.);
#1087=ORIENTED_EDGE('',*,*,#1857,.F.);
#1088=ORIENTED_EDGE('',*,*,#1858,.F.);
#1089=ORIENTED_EDGE('',*,*,#1859,.F.);
#1090=ORIENTED_EDGE('',*,*,#1472,.F.);
#1091=ORIENTED_EDGE('',*,*,#1859,.T.);
#1092=ORIENTED_EDGE('',*,*,#1860,.T.);
#1093=ORIENTED_EDGE('',*,*,#1832,.T.);
#1094=ORIENTED_EDGE('',*,*,#1861,.T.);
#1095=ORIENTED_EDGE('',*,*,#1473,.F.);
#1096=ORIENTED_EDGE('',*,*,#1471,.F.);
#1097=ORIENTED_EDGE('',*,*,#1862,.T.);
#1098=ORIENTED_EDGE('',*,*,#1826,.T.);
#1099=ORIENTED_EDGE('',*,*,#1863,.F.);
#1100=ORIENTED_EDGE('',*,*,#1855,.T.);
#1101=ORIENTED_EDGE('',*,*,#1853,.T.);
#1102=ORIENTED_EDGE('',*,*,#1864,.T.);
#1103=ORIENTED_EDGE('',*,*,#1865,.T.);
#1104=ORIENTED_EDGE('',*,*,#1866,.T.);
#1105=ORIENTED_EDGE('',*,*,#1867,.T.);
#1106=ORIENTED_EDGE('',*,*,#1868,.T.);
#1107=ORIENTED_EDGE('',*,*,#1869,.T.);
#1108=ORIENTED_EDGE('',*,*,#1870,.T.);
#1109=ORIENTED_EDGE('',*,*,#1871,.T.);
#1110=ORIENTED_EDGE('',*,*,#1872,.F.);
#1111=ORIENTED_EDGE('',*,*,#1873,.T.);
#1112=ORIENTED_EDGE('',*,*,#1874,.T.);
#1113=ORIENTED_EDGE('',*,*,#1875,.F.);
#1114=ORIENTED_EDGE('',*,*,#1488,.T.);
#1115=ORIENTED_EDGE('',*,*,#1841,.T.);
#1116=ORIENTED_EDGE('',*,*,#1876,.T.);
#1117=ORIENTED_EDGE('',*,*,#1877,.T.);
#1118=ORIENTED_EDGE('',*,*,#1878,.T.);
#1119=ORIENTED_EDGE('',*,*,#1879,.T.);
#1120=ORIENTED_EDGE('',*,*,#1880,.F.);
#1121=ORIENTED_EDGE('',*,*,#1881,.F.);
#1122=ORIENTED_EDGE('',*,*,#1882,.T.);
#1123=ORIENTED_EDGE('',*,*,#1883,.F.);
#1124=ORIENTED_EDGE('',*,*,#1884,.T.);
#1125=ORIENTED_EDGE('',*,*,#1885,.F.);
#1126=ORIENTED_EDGE('',*,*,#1886,.T.);
#1127=ORIENTED_EDGE('',*,*,#1887,.F.);
#1128=ORIENTED_EDGE('',*,*,#1888,.T.);
#1129=ORIENTED_EDGE('',*,*,#1839,.F.);
#1130=ORIENTED_EDGE('',*,*,#1889,.T.);
#1131=ORIENTED_EDGE('',*,*,#1459,.F.);
#1132=ORIENTED_EDGE('',*,*,#1813,.T.);
#1133=ORIENTED_EDGE('',*,*,#1658,.F.);
#1134=ORIENTED_EDGE('',*,*,#1847,.F.);
#1135=ORIENTED_EDGE('',*,*,#1890,.F.);
#1136=ORIENTED_EDGE('',*,*,#1891,.F.);
#1137=ORIENTED_EDGE('',*,*,#1892,.T.);
#1138=ORIENTED_EDGE('',*,*,#1893,.F.);
#1139=ORIENTED_EDGE('',*,*,#1894,.T.);
#1140=ORIENTED_EDGE('',*,*,#1895,.T.);
#1141=ORIENTED_EDGE('',*,*,#1896,.T.);
#1142=ORIENTED_EDGE('',*,*,#1897,.F.);
#1143=ORIENTED_EDGE('',*,*,#1898,.T.);
#1144=ORIENTED_EDGE('',*,*,#1899,.F.);
#1145=ORIENTED_EDGE('',*,*,#1900,.T.);
#1146=ORIENTED_EDGE('',*,*,#1901,.T.);
#1147=ORIENTED_EDGE('',*,*,#1902,.T.);
#1148=ORIENTED_EDGE('',*,*,#1835,.T.);
#1149=ORIENTED_EDGE('',*,*,#1469,.F.);
#1150=ORIENTED_EDGE('',*,*,#1903,.T.);
#1151=ORIENTED_EDGE('',*,*,#1816,.T.);
#1152=ORIENTED_EDGE('',*,*,#1659,.F.);
#1153=ORIENTED_EDGE('',*,*,#1904,.F.);
#1154=ORIENTED_EDGE('',*,*,#1905,.T.);
#1155=ORIENTED_EDGE('',*,*,#1906,.F.);
#1156=ORIENTED_EDGE('',*,*,#1907,.T.);
#1157=ORIENTED_EDGE('',*,*,#1908,.F.);
#1158=ORIENTED_EDGE('',*,*,#1909,.T.);
#1159=ORIENTED_EDGE('',*,*,#1904,.T.);
#1160=ORIENTED_EDGE('',*,*,#1910,.T.);
#1161=ORIENTED_EDGE('',*,*,#1911,.T.);
#1162=ORIENTED_EDGE('',*,*,#1879,.F.);
#1163=ORIENTED_EDGE('',*,*,#1912,.T.);
#1164=ORIENTED_EDGE('',*,*,#1913,.T.);
#1165=ORIENTED_EDGE('',*,*,#1914,.T.);
#1166=ORIENTED_EDGE('',*,*,#1906,.T.);
#1167=ORIENTED_EDGE('',*,*,#1915,.T.);
#1168=ORIENTED_EDGE('',*,*,#1874,.F.);
#1169=ORIENTED_EDGE('',*,*,#1916,.T.);
#1170=ORIENTED_EDGE('',*,*,#1917,.T.);
#1171=ORIENTED_EDGE('',*,*,#1880,.T.);
#1172=ORIENTED_EDGE('',*,*,#1911,.F.);
#1173=ORIENTED_EDGE('',*,*,#1918,.T.);
#1174=ORIENTED_EDGE('',*,*,#1919,.T.);
#1175=ORIENTED_EDGE('',*,*,#1898,.F.);
#1176=ORIENTED_EDGE('',*,*,#1920,.F.);
#1177=ORIENTED_EDGE('',*,*,#1921,.T.);
#1178=ORIENTED_EDGE('',*,*,#1485,.F.);
#1179=ORIENTED_EDGE('',*,*,#1484,.F.);
#1180=ORIENTED_EDGE('',*,*,#1509,.F.);
#1181=ORIENTED_EDGE('',*,*,#1922,.T.);
#1182=ORIENTED_EDGE('',*,*,#1923,.T.);
#1183=ORIENTED_EDGE('',*,*,#1924,.T.);
#1184=ORIENTED_EDGE('',*,*,#1925,.T.);
#1185=ORIENTED_EDGE('',*,*,#1920,.T.);
#1186=ORIENTED_EDGE('',*,*,#1926,.F.);
#1187=ORIENTED_EDGE('',*,*,#1866,.F.);
#1188=ORIENTED_EDGE('',*,*,#1867,.F.);
#1189=ORIENTED_EDGE('',*,*,#1926,.T.);
#1190=ORIENTED_EDGE('',*,*,#1927,.T.);
#1191=ORIENTED_EDGE('',*,*,#1928,.F.);
#1192=ORIENTED_EDGE('',*,*,#1929,.T.);
#1193=ORIENTED_EDGE('',*,*,#1930,.T.);
#1194=ORIENTED_EDGE('',*,*,#1927,.F.);
#1195=ORIENTED_EDGE('',*,*,#1922,.F.);
#1196=ORIENTED_EDGE('',*,*,#1508,.F.);
#1197=ORIENTED_EDGE('',*,*,#1931,.F.);
#1198=ORIENTED_EDGE('',*,*,#1932,.T.);
#1199=ORIENTED_EDGE('',*,*,#1933,.F.);
#1200=ORIENTED_EDGE('',*,*,#1934,.F.);
#1201=ORIENTED_EDGE('',*,*,#1507,.F.);
#1202=ORIENTED_EDGE('',*,*,#1935,.F.);
#1203=ORIENTED_EDGE('',*,*,#1936,.F.);
#1204=ORIENTED_EDGE('',*,*,#1930,.F.);
#1205=ORIENTED_EDGE('',*,*,#1937,.F.);
#1206=ORIENTED_EDGE('',*,*,#1938,.T.);
#1207=ORIENTED_EDGE('',*,*,#1928,.T.);
#1208=ORIENTED_EDGE('',*,*,#1936,.T.);
#1209=ORIENTED_EDGE('',*,*,#1939,.F.);
#1210=ORIENTED_EDGE('',*,*,#1891,.T.);
#1211=ORIENTED_EDGE('',*,*,#1940,.T.);
#1212=ORIENTED_EDGE('',*,*,#1941,.T.);
#1213=ORIENTED_EDGE('',*,*,#1942,.T.);
#1214=ORIENTED_EDGE('',*,*,#1887,.T.);
#1215=ORIENTED_EDGE('',*,*,#1939,.T.);
#1216=ORIENTED_EDGE('',*,*,#1943,.T.);
#1217=ORIENTED_EDGE('',*,*,#1944,.F.);
#1218=ORIENTED_EDGE('',*,*,#1892,.F.);
#1219=ORIENTED_EDGE('',*,*,#1944,.T.);
#1220=ORIENTED_EDGE('',*,*,#1945,.T.);
#1221=ORIENTED_EDGE('',*,*,#1946,.T.);
#1222=ORIENTED_EDGE('',*,*,#1893,.T.);
#1223=ORIENTED_EDGE('',*,*,#1947,.T.);
#1224=ORIENTED_EDGE('',*,*,#1948,.T.);
#1225=ORIENTED_EDGE('',*,*,#1949,.F.);
#1226=ORIENTED_EDGE('',*,*,#1895,.F.);
#1227=ORIENTED_EDGE('',*,*,#1949,.T.);
#1228=ORIENTED_EDGE('',*,*,#1950,.T.);
#1229=ORIENTED_EDGE('',*,*,#1951,.F.);
#1230=ORIENTED_EDGE('',*,*,#1896,.F.);
#1231=ORIENTED_EDGE('',*,*,#1881,.T.);
#1232=ORIENTED_EDGE('',*,*,#1917,.F.);
#1233=ORIENTED_EDGE('',*,*,#1897,.T.);
#1234=ORIENTED_EDGE('',*,*,#1951,.T.);
#1235=ORIENTED_EDGE('',*,*,#1952,.T.);
#1236=ORIENTED_EDGE('',*,*,#1953,.F.);
#1237=ORIENTED_EDGE('',*,*,#1953,.T.);
#1238=ORIENTED_EDGE('',*,*,#1954,.T.);
#1239=ORIENTED_EDGE('',*,*,#1955,.F.);
#1240=ORIENTED_EDGE('',*,*,#1882,.F.);
#1241=ORIENTED_EDGE('',*,*,#1955,.T.);
#1242=ORIENTED_EDGE('',*,*,#1956,.T.);
#1243=ORIENTED_EDGE('',*,*,#1957,.T.);
#1244=ORIENTED_EDGE('',*,*,#1883,.T.);
#1245=ORIENTED_EDGE('',*,*,#1958,.T.);
#1246=ORIENTED_EDGE('',*,*,#1959,.T.);
#1247=ORIENTED_EDGE('',*,*,#1960,.F.);
#1248=ORIENTED_EDGE('',*,*,#1885,.T.);
#1249=ORIENTED_EDGE('',*,*,#1960,.T.);
#1250=ORIENTED_EDGE('',*,*,#1961,.T.);
#1251=ORIENTED_EDGE('',*,*,#1940,.F.);
#1252=ORIENTED_EDGE('',*,*,#1886,.F.);
#1253=ORIENTED_EDGE('',*,*,#1506,.T.);
#1254=ORIENTED_EDGE('',*,*,#1962,.T.);
#1255=ORIENTED_EDGE('',*,*,#1943,.F.);
#1256=ORIENTED_EDGE('',*,*,#1935,.T.);
#1257=ORIENTED_EDGE('',*,*,#1963,.T.);
#1258=ORIENTED_EDGE('',*,*,#1964,.T.);
#1259=ORIENTED_EDGE('',*,*,#1965,.T.);
#1260=ORIENTED_EDGE('',*,*,#1966,.T.);
#1261=ORIENTED_EDGE('',*,*,#1967,.T.);
#1262=ORIENTED_EDGE('',*,*,#1899,.T.);
#1263=ORIENTED_EDGE('',*,*,#1919,.F.);
#1264=ORIENTED_EDGE('',*,*,#1968,.F.);
#1265=ORIENTED_EDGE('',*,*,#1933,.T.);
#1266=ORIENTED_EDGE('',*,*,#1907,.F.);
#1267=ORIENTED_EDGE('',*,*,#1969,.F.);
#1268=ORIENTED_EDGE('',*,*,#1934,.T.);
#1269=ORIENTED_EDGE('',*,*,#1968,.T.);
#1270=ORIENTED_EDGE('',*,*,#1918,.F.);
#1271=ORIENTED_EDGE('',*,*,#1910,.F.);
#1272=ORIENTED_EDGE('',*,*,#1872,.T.);
#1273=ORIENTED_EDGE('',*,*,#1970,.T.);
#1274=ORIENTED_EDGE('',*,*,#1931,.T.);
#1275=ORIENTED_EDGE('',*,*,#1971,.T.);
#1276=ORIENTED_EDGE('',*,*,#1916,.F.);
#1277=ORIENTED_EDGE('',*,*,#1873,.F.);
#1278=ORIENTED_EDGE('',*,*,#1971,.F.);
#1279=ORIENTED_EDGE('',*,*,#1969,.T.);
#1280=ORIENTED_EDGE('',*,*,#1900,.F.);
#1281=ORIENTED_EDGE('',*,*,#1967,.F.);
#1282=ORIENTED_EDGE('',*,*,#1972,.F.);
#1283=ORIENTED_EDGE('',*,*,#1972,.T.);
#1284=ORIENTED_EDGE('',*,*,#1966,.F.);
#1285=ORIENTED_EDGE('',*,*,#1973,.T.);
#1286=ORIENTED_EDGE('',*,*,#1901,.F.);
#1287=ORIENTED_EDGE('',*,*,#1877,.F.);
#1288=ORIENTED_EDGE('',*,*,#1974,.F.);
#1289=ORIENTED_EDGE('',*,*,#1913,.F.);
#1290=ORIENTED_EDGE('',*,*,#1975,.F.);
#1291=ORIENTED_EDGE('',*,*,#1975,.T.);
#1292=ORIENTED_EDGE('',*,*,#1912,.F.);
#1293=ORIENTED_EDGE('',*,*,#1878,.F.);
#1294=ORIENTED_EDGE('',*,*,#1976,.T.);
#1295=ORIENTED_EDGE('',*,*,#1977,.F.);
#1296=ORIENTED_EDGE('',*,*,#1914,.F.);
#1297=ORIENTED_EDGE('',*,*,#1974,.T.);
#1298=ORIENTED_EDGE('',*,*,#1876,.F.);
#1299=ORIENTED_EDGE('',*,*,#1843,.F.);
#1300=ORIENTED_EDGE('',*,*,#1833,.F.);
#1301=ORIENTED_EDGE('',*,*,#1978,.F.);
#1302=ORIENTED_EDGE('',*,*,#1829,.T.);
#1303=ORIENTED_EDGE('',*,*,#1836,.T.);
#1304=ORIENTED_EDGE('',*,*,#1902,.F.);
#1305=ORIENTED_EDGE('',*,*,#1973,.F.);
#1306=ORIENTED_EDGE('',*,*,#1965,.F.);
#1307=ORIENTED_EDGE('',*,*,#1979,.T.);
#1308=ORIENTED_EDGE('',*,*,#1980,.F.);
#1309=ORIENTED_EDGE('',*,*,#1981,.F.);
#1310=ORIENTED_EDGE('',*,*,#1946,.F.);
#1311=ORIENTED_EDGE('',*,*,#1982,.T.);
#1312=ORIENTED_EDGE('',*,*,#1947,.F.);
#1313=ORIENTED_EDGE('',*,*,#1894,.F.);
#1314=ORIENTED_EDGE('',*,*,#1957,.F.);
#1315=ORIENTED_EDGE('',*,*,#1983,.T.);
#1316=ORIENTED_EDGE('',*,*,#1958,.F.);
#1317=ORIENTED_EDGE('',*,*,#1884,.F.);
#1318=ORIENTED_EDGE('',*,*,#1942,.F.);
#1319=ORIENTED_EDGE('',*,*,#1984,.T.);
#1320=ORIENTED_EDGE('',*,*,#1840,.F.);
#1321=ORIENTED_EDGE('',*,*,#1888,.F.);
#1322=ORIENTED_EDGE('',*,*,#1962,.F.);
#1323=ORIENTED_EDGE('',*,*,#1505,.F.);
#1324=ORIENTED_EDGE('',*,*,#1985,.F.);
#1325=ORIENTED_EDGE('',*,*,#1945,.F.);
#1326=ORIENTED_EDGE('',*,*,#1985,.T.);
#1327=ORIENTED_EDGE('',*,*,#1504,.F.);
#1328=ORIENTED_EDGE('',*,*,#1986,.F.);
#1329=ORIENTED_EDGE('',*,*,#1982,.F.);
#1330=ORIENTED_EDGE('',*,*,#1986,.T.);
#1331=ORIENTED_EDGE('',*,*,#1503,.F.);
#1332=ORIENTED_EDGE('',*,*,#1987,.F.);
#1333=ORIENTED_EDGE('',*,*,#1948,.F.);
#1334=ORIENTED_EDGE('',*,*,#1987,.T.);
#1335=ORIENTED_EDGE('',*,*,#1502,.T.);
#1336=ORIENTED_EDGE('',*,*,#1988,.F.);
#1337=ORIENTED_EDGE('',*,*,#1950,.F.);
#1338=ORIENTED_EDGE('',*,*,#1988,.T.);
#1339=ORIENTED_EDGE('',*,*,#1501,.F.);
#1340=ORIENTED_EDGE('',*,*,#1989,.F.);
#1341=ORIENTED_EDGE('',*,*,#1952,.F.);
#1342=ORIENTED_EDGE('',*,*,#1989,.T.);
#1343=ORIENTED_EDGE('',*,*,#1500,.T.);
#1344=ORIENTED_EDGE('',*,*,#1990,.F.);
#1345=ORIENTED_EDGE('',*,*,#1954,.F.);
#1346=ORIENTED_EDGE('',*,*,#1990,.T.);
#1347=ORIENTED_EDGE('',*,*,#1499,.F.);
#1348=ORIENTED_EDGE('',*,*,#1991,.F.);
#1349=ORIENTED_EDGE('',*,*,#1956,.F.);
#1350=ORIENTED_EDGE('',*,*,#1991,.T.);
#1351=ORIENTED_EDGE('',*,*,#1498,.F.);
#1352=ORIENTED_EDGE('',*,*,#1992,.F.);
#1353=ORIENTED_EDGE('',*,*,#1983,.F.);
#1354=ORIENTED_EDGE('',*,*,#1992,.T.);
#1355=ORIENTED_EDGE('',*,*,#1497,.F.);
#1356=ORIENTED_EDGE('',*,*,#1993,.F.);
#1357=ORIENTED_EDGE('',*,*,#1959,.F.);
#1358=ORIENTED_EDGE('',*,*,#1993,.T.);
#1359=ORIENTED_EDGE('',*,*,#1496,.T.);
#1360=ORIENTED_EDGE('',*,*,#1994,.F.);
#1361=ORIENTED_EDGE('',*,*,#1961,.F.);
#1362=ORIENTED_EDGE('',*,*,#1994,.T.);
#1363=ORIENTED_EDGE('',*,*,#1495,.F.);
#1364=ORIENTED_EDGE('',*,*,#1995,.F.);
#1365=ORIENTED_EDGE('',*,*,#1941,.F.);
#1366=ORIENTED_EDGE('',*,*,#1995,.T.);
#1367=ORIENTED_EDGE('',*,*,#1494,.F.);
#1368=ORIENTED_EDGE('',*,*,#1846,.F.);
#1369=ORIENTED_EDGE('',*,*,#1984,.F.);
#1370=ORIENTED_EDGE('',*,*,#1850,.F.);
#1371=ORIENTED_EDGE('',*,*,#1996,.T.);
#1372=ORIENTED_EDGE('',*,*,#1937,.T.);
#1373=ORIENTED_EDGE('',*,*,#1890,.T.);
#1374=ORIENTED_EDGE('',*,*,#1929,.F.);
#1375=ORIENTED_EDGE('',*,*,#1938,.F.);
#1376=ORIENTED_EDGE('',*,*,#1997,.F.);
#1377=ORIENTED_EDGE('',*,*,#1868,.F.);
#1378=ORIENTED_EDGE('',*,*,#1997,.T.);
#1379=ORIENTED_EDGE('',*,*,#1996,.F.);
#1380=ORIENTED_EDGE('',*,*,#1854,.F.);
#1381=ORIENTED_EDGE('',*,*,#1869,.F.);
#1382=ORIENTED_EDGE('',*,*,#1964,.F.);
#1383=ORIENTED_EDGE('',*,*,#1998,.T.);
#1384=ORIENTED_EDGE('',*,*,#1871,.F.);
#1385=ORIENTED_EDGE('',*,*,#1979,.F.);
#1386=ORIENTED_EDGE('',*,*,#1875,.T.);
#1387=ORIENTED_EDGE('',*,*,#1999,.T.);
#1388=ORIENTED_EDGE('',*,*,#1908,.T.);
#1389=ORIENTED_EDGE('',*,*,#1977,.T.);
#1390=ORIENTED_EDGE('',*,*,#1915,.F.);
#1391=ORIENTED_EDGE('',*,*,#1905,.F.);
#1392=ORIENTED_EDGE('',*,*,#1909,.F.);
#1393=ORIENTED_EDGE('',*,*,#1999,.F.);
#1394=ORIENTED_EDGE('',*,*,#1963,.F.);
#1395=ORIENTED_EDGE('',*,*,#1932,.F.);
#1396=ORIENTED_EDGE('',*,*,#1970,.F.);
#1397=ORIENTED_EDGE('',*,*,#1998,.F.);
#1398=ORIENTED_EDGE('',*,*,#1980,.T.);
#1399=ORIENTED_EDGE('',*,*,#1870,.F.);
#1400=ORIENTED_EDGE('',*,*,#1976,.F.);
#1401=ORIENTED_EDGE('',*,*,#2000,.F.);
#1402=ORIENTED_EDGE('',*,*,#1860,.F.);
#1403=ORIENTED_EDGE('',*,*,#1858,.T.);
#1404=ORIENTED_EDGE('',*,*,#2001,.T.);
#1405=ORIENTED_EDGE('',*,*,#1978,.T.);
#1406=ORIENTED_EDGE('',*,*,#2001,.F.);
#1407=ORIENTED_EDGE('',*,*,#1857,.T.);
#1408=ORIENTED_EDGE('',*,*,#2002,.T.);
#1409=ORIENTED_EDGE('',*,*,#2000,.T.);
#1410=ORIENTED_EDGE('',*,*,#2002,.F.);
#1411=ORIENTED_EDGE('',*,*,#1856,.T.);
#1412=ORIENTED_EDGE('',*,*,#1863,.T.);
#1413=ORIENTED_EDGE('',*,*,#1981,.T.);
#1414=ORIENTED_EDGE('',*,*,#1461,.F.);
#1415=ORIENTED_EDGE('',*,*,#2003,.T.);
#1416=ORIENTED_EDGE('',*,*,#1844,.F.);
#1417=ORIENTED_EDGE('',*,*,#1492,.F.);
#1418=ORIENTED_EDGE('',*,*,#2004,.F.);
#1419=ORIENTED_EDGE('',*,*,#2004,.T.);
#1420=ORIENTED_EDGE('',*,*,#1491,.F.);
#1421=ORIENTED_EDGE('',*,*,#1734,.F.);
#1422=ORIENTED_EDGE('',*,*,#1725,.F.);
#1423=ORIENTED_EDGE('',*,*,#1889,.F.);
#1424=ORIENTED_EDGE('',*,*,#1838,.F.);
#1425=ORIENTED_EDGE('',*,*,#1845,.F.);
#1426=ORIENTED_EDGE('',*,*,#2003,.F.);
#1427=ORIENTED_EDGE('',*,*,#1460,.F.);
#1428=ORIENTED_EDGE('',*,*,#1861,.F.);
#1429=ORIENTED_EDGE('',*,*,#1831,.F.);
#1430=ORIENTED_EDGE('',*,*,#1842,.F.);
#1431=ORIENTED_EDGE('',*,*,#1474,.F.);
#1432=ORIENTED_EDGE('',*,*,#1862,.F.);
#1433=ORIENTED_EDGE('',*,*,#1470,.F.);
#1434=ORIENTED_EDGE('',*,*,#1834,.F.);
#1435=ORIENTED_EDGE('',*,*,#1827,.F.);
#1436=ORIENTED_EDGE('',*,*,#1925,.F.);
#1437=ORIENTED_EDGE('',*,*,#1924,.F.);
#1438=ORIENTED_EDGE('',*,*,#2005,.F.);
#1439=ORIENTED_EDGE('',*,*,#1475,.F.);
#1440=ORIENTED_EDGE('',*,*,#1691,.F.);
#1441=ORIENTED_EDGE('',*,*,#1480,.F.);
#1442=ORIENTED_EDGE('',*,*,#1486,.F.);
#1443=ORIENTED_EDGE('',*,*,#1921,.F.);
#1444=ORIENTED_EDGE('',*,*,#1923,.F.);
#1445=ORIENTED_EDGE('',*,*,#1865,.F.);
#1446=ORIENTED_EDGE('',*,*,#2006,.F.);
#1447=ORIENTED_EDGE('',*,*,#1476,.F.);
#1448=ORIENTED_EDGE('',*,*,#2005,.T.);
#1449=ORIENTED_EDGE('',*,*,#1864,.F.);
#1450=ORIENTED_EDGE('',*,*,#1852,.F.);
#1451=ORIENTED_EDGE('',*,*,#2007,.F.);
#1452=ORIENTED_EDGE('',*,*,#1467,.F.);
#1453=ORIENTED_EDGE('',*,*,#2006,.T.);
#1454=ORIENTED_EDGE('',*,*,#1851,.F.);
#1455=ORIENTED_EDGE('',*,*,#1848,.F.);
#1456=ORIENTED_EDGE('',*,*,#1903,.F.);
#1457=ORIENTED_EDGE('',*,*,#1468,.F.);
#1458=ORIENTED_EDGE('',*,*,#2007,.T.);
#1459=EDGE_CURVE('',#2008,#2009,#2345,.T.);
#1460=EDGE_CURVE('',#2009,#2010,#2346,.T.);
#1461=EDGE_CURVE('',#2010,#2011,#2347,.T.);
#1462=EDGE_CURVE('',#2011,#2012,#2348,.T.);
#1463=EDGE_CURVE('',#2013,#2012,#293,.F.);
#1464=EDGE_CURVE('',#2014,#2013,#2349,.F.);
#1465=EDGE_CURVE('',#2014,#2015,#294,.T.);
#1466=EDGE_CURVE('',#2015,#2016,#2350,.T.);
#1467=EDGE_CURVE('',#2016,#2017,#2351,.T.);
#1468=EDGE_CURVE('',#2017,#2018,#2352,.T.);
#1469=EDGE_CURVE('',#2018,#2019,#2353,.T.);
#1470=EDGE_CURVE('',#2019,#2020,#2354,.T.);
#1471=EDGE_CURVE('',#2020,#2021,#2355,.T.);
#1472=EDGE_CURVE('',#2021,#2022,#2356,.T.);
#1473=EDGE_CURVE('',#2022,#2023,#2357,.F.);
#1474=EDGE_CURVE('',#2023,#2008,#2358,.T.);
#1475=EDGE_CURVE('',#2024,#2025,#295,.T.);
#1476=EDGE_CURVE('',#2025,#2016,#296,.T.);
#1477=EDGE_CURVE('',#2026,#2015,#297,.F.);
#1478=EDGE_CURVE('',#2024,#2026,#2359,.F.);
#1479=EDGE_CURVE('',#2027,#2028,#81,.T.);
#1480=EDGE_CURVE('',#2027,#2029,#298,.F.);
#1481=EDGE_CURVE('',#2030,#2029,#53,.T.);
#1482=EDGE_CURVE('',#2030,#2031,#82,.T.);
#1483=EDGE_CURVE('',#2032,#2031,#299,.T.);
#1484=EDGE_CURVE('',#2032,#2028,#300,.T.);
#1485=EDGE_CURVE('',#2028,#2033,#301,.T.);
#1486=EDGE_CURVE('',#2033,#2027,#302,.F.);
#1487=EDGE_CURVE('',#2034,#2034,#83,.T.);
#1488=EDGE_CURVE('',#2035,#2035,#84,.F.);
#1489=EDGE_CURVE('',#2036,#2037,#2360,.T.);
#1490=EDGE_CURVE('',#2037,#2038,#2361,.T.);
#1491=EDGE_CURVE('',#2038,#2039,#54,.F.);
#1492=EDGE_CURVE('',#2039,#2040,#2362,.F.);
#1493=EDGE_CURVE('',#2040,#2041,#2363,.T.);
#1494=EDGE_CURVE('',#2041,#2042,#85,.T.);
#1495=EDGE_CURVE('',#2042,#2043,#2364,.T.);
#1496=EDGE_CURVE('',#2044,#2043,#86,.T.);
#1497=EDGE_CURVE('',#2044,#2045,#2365,.T.);
#1498=EDGE_CURVE('',#2045,#2046,#87,.T.);
#1499=EDGE_CURVE('',#2046,#2047,#2366,.T.);
#1500=EDGE_CURVE('',#2048,#2047,#88,.T.);
#1501=EDGE_CURVE('',#2048,#2049,#89,.F.);
#1502=EDGE_CURVE('',#2050,#2049,#90,.T.);
#1503=EDGE_CURVE('',#2050,#2051,#2367,.T.);
#1504=EDGE_CURVE('',#2051,#2052,#91,.T.);
#1505=EDGE_CURVE('',#2052,#2053,#2368,.T.);
#1506=EDGE_CURVE('',#2054,#2053,#92,.T.);
#1507=EDGE_CURVE('',#2054,#2055,#2369,.T.);
#1508=EDGE_CURVE('',#2055,#2056,#93,.T.);
#1509=EDGE_CURVE('',#2056,#2032,#2370,.T.);
#1510=EDGE_CURVE('',#2031,#2057,#2371,.T.);
#1511=EDGE_CURVE('',#2057,#2058,#55,.F.);
#1512=EDGE_CURVE('',#2058,#2059,#2372,.F.);
#1513=EDGE_CURVE('',#2059,#2060,#94,.F.);
#1514=EDGE_CURVE('',#2060,#2061,#2373,.F.);
#1515=EDGE_CURVE('',#2061,#2062,#303,.T.);
#1516=EDGE_CURVE('',#2062,#2063,#304,.T.);
#1517=EDGE_CURVE('',#2064,#2063,#2374,.F.);
#1518=EDGE_CURVE('',#2064,#2065,#95,.T.);
#1519=EDGE_CURVE('',#2066,#2065,#2375,.F.);
#1520=EDGE_CURVE('',#2066,#2067,#96,.T.);
#1521=EDGE_CURVE('',#2068,#2067,#2376,.F.);
#1522=EDGE_CURVE('',#2068,#2069,#305,.T.);
#1523=EDGE_CURVE('',#2069,#2070,#306,.T.);
#1524=EDGE_CURVE('',#2070,#2071,#2377,.T.);
#1525=EDGE_CURVE('',#2071,#2072,#97,.F.);
#1526=EDGE_CURVE('',#2072,#2073,#2378,.T.);
#1527=EDGE_CURVE('',#2073,#2036,#56,.F.);
#1528=EDGE_CURVE('',#2074,#2075,#2379,.T.);
#1529=EDGE_CURVE('',#2074,#2076,#57,.F.);
#1530=EDGE_CURVE('',#2076,#2077,#2380,.T.);
#1531=EDGE_CURVE('',#2077,#2078,#58,.F.);
#1532=EDGE_CURVE('',#2079,#2078,#2381,.T.);
#1533=EDGE_CURVE('',#2079,#2080,#59,.F.);
#1534=EDGE_CURVE('',#2080,#2081,#2382,.T.);
#1535=EDGE_CURVE('',#2081,#2082,#60,.F.);
#1536=EDGE_CURVE('',#2083,#2082,#2383,.T.);
#1537=EDGE_CURVE('',#2084,#2083,#2384,.T.);
#1538=EDGE_CURVE('',#2085,#2084,#2385,.T.);
#1539=EDGE_CURVE('',#2075,#2085,#2386,.F.);
#1540=EDGE_CURVE('',#2078,#2066,#307,.T.);
#1541=EDGE_CURVE('',#2065,#2079,#308,.T.);
#1542=EDGE_CURVE('',#2067,#2074,#309,.T.);
#1543=EDGE_CURVE('',#2086,#2075,#98,.T.);
#1544=EDGE_CURVE('',#2086,#2068,#310,.F.);
#1545=EDGE_CURVE('',#2082,#2064,#311,.T.);
#1546=EDGE_CURVE('',#2063,#2087,#312,.T.);
#1547=EDGE_CURVE('',#2083,#2087,#99,.F.);
#1548=EDGE_CURVE('',#2088,#2089,#2387,.F.);
#1549=EDGE_CURVE('',#2090,#2088,#2388,.F.);
#1550=EDGE_CURVE('',#2090,#2091,#2389,.F.);
#1551=EDGE_CURVE('',#2091,#2092,#2390,.T.);
#1552=EDGE_CURVE('',#2092,#2089,#2391,.T.);
#1553=EDGE_CURVE('',#2093,#2088,#2392,.F.);
#1554=EDGE_CURVE('',#2094,#2093,#2393,.T.);
#1555=EDGE_CURVE('',#2094,#2095,#2394,.F.);
#1556=EDGE_CURVE('',#2095,#2090,#2395,.F.);
#1557=EDGE_CURVE('',#2096,#2097,#2396,.T.);
#1558=EDGE_CURVE('',#2098,#2096,#2397,.T.);
#1559=EDGE_CURVE('',#2098,#2099,#2398,.F.);
#1560=EDGE_CURVE('',#2099,#2100,#2399,.T.);
#1561=EDGE_CURVE('',#2100,#2097,#2400,.F.);
#1562=EDGE_CURVE('',#2097,#2101,#2401,.T.);
#1563=EDGE_CURVE('',#2100,#2102,#2402,.T.);
#1564=EDGE_CURVE('',#2102,#2103,#2403,.T.);
#1565=EDGE_CURVE('',#2103,#2101,#2404,.T.);
#1566=EDGE_CURVE('',#2104,#2096,#2405,.T.);
#1567=EDGE_CURVE('',#2105,#2104,#2406,.F.);
#1568=EDGE_CURVE('',#2105,#2098,#2407,.T.);
#1569=EDGE_CURVE('',#2106,#2099,#2408,.F.);
#1570=EDGE_CURVE('',#2107,#2098,#2409,.F.);
#1571=EDGE_CURVE('',#2107,#2106,#2410,.T.);
#1572=EDGE_CURVE('',#2091,#2108,#2411,.T.);
#1573=EDGE_CURVE('',#2109,#2108,#2412,.T.);
#1574=EDGE_CURVE('',#2092,#2109,#2413,.T.);
#1575=EDGE_CURVE('',#2089,#2104,#2414,.T.);
#1576=EDGE_CURVE('',#2092,#2105,#2415,.T.);
#1577=EDGE_CURVE('',#2102,#2110,#2416,.F.);
#1578=EDGE_CURVE('',#2111,#2110,#2417,.T.);
#1579=EDGE_CURVE('',#2103,#2111,#2418,.F.);
#1580=EDGE_CURVE('',#2101,#2112,#2419,.F.);
#1581=EDGE_CURVE('',#2103,#2113,#2420,.F.);
#1582=EDGE_CURVE('',#2113,#2112,#2421,.F.);
#1583=EDGE_CURVE('',#2112,#2093,#2422,.F.);
#1584=EDGE_CURVE('',#2113,#2094,#2423,.F.);
#1585=EDGE_CURVE('',#2114,#2095,#2424,.T.);
#1586=EDGE_CURVE('',#2115,#2094,#2425,.T.);
#1587=EDGE_CURVE('',#2115,#2114,#2426,.T.);
#1588=EDGE_CURVE('',#2116,#2117,#100,.T.);
#1589=EDGE_CURVE('',#2117,#2091,#2427,.T.);
#1590=EDGE_CURVE('',#2095,#2116,#2428,.F.);
#1591=EDGE_CURVE('',#2099,#2118,#2429,.T.);
#1592=EDGE_CURVE('',#2118,#2119,#101,.T.);
#1593=EDGE_CURVE('',#2119,#2102,#2430,.F.);
#1594=EDGE_CURVE('',#2104,#2088,#102,.F.);
#1595=EDGE_CURVE('',#2097,#2104,#103,.F.);
#1596=EDGE_CURVE('',#2111,#2115,#104,.T.);
#1597=EDGE_CURVE('',#2088,#2112,#105,.F.);
#1598=EDGE_CURVE('',#2109,#2107,#106,.T.);
#1599=EDGE_CURVE('',#2106,#2118,#107,.T.);
#1600=EDGE_CURVE('',#2112,#2097,#108,.F.);
#1601=EDGE_CURVE('',#2117,#2108,#109,.T.);
#1602=EDGE_CURVE('',#2114,#2116,#110,.T.);
#1603=EDGE_CURVE('',#2120,#2121,#2431,.F.);
#1604=EDGE_CURVE('',#2122,#2120,#2432,.F.);
#1605=EDGE_CURVE('',#2122,#2123,#2433,.F.);
#1606=EDGE_CURVE('',#2123,#2124,#2434,.T.);
#1607=EDGE_CURVE('',#2124,#2121,#2435,.T.);
#1608=EDGE_CURVE('',#2125,#2120,#2436,.F.);
#1609=EDGE_CURVE('',#2126,#2125,#2437,.T.);
#1610=EDGE_CURVE('',#2126,#2127,#2438,.F.);
#1611=EDGE_CURVE('',#2127,#2122,#2439,.F.);
#1612=EDGE_CURVE('',#2128,#2129,#2440,.T.);
#1613=EDGE_CURVE('',#2130,#2128,#2441,.T.);
#1614=EDGE_CURVE('',#2130,#2131,#2442,.F.);
#1615=EDGE_CURVE('',#2131,#2132,#2443,.T.);
#1616=EDGE_CURVE('',#2132,#2129,#2444,.F.);
#1617=EDGE_CURVE('',#2129,#2133,#2445,.T.);
#1618=EDGE_CURVE('',#2132,#2134,#2446,.T.);
#1619=EDGE_CURVE('',#2134,#2135,#2447,.T.);
#1620=EDGE_CURVE('',#2135,#2133,#2448,.T.);
#1621=EDGE_CURVE('',#2136,#2128,#2449,.T.);
#1622=EDGE_CURVE('',#2137,#2136,#2450,.F.);
#1623=EDGE_CURVE('',#2137,#2130,#2451,.T.);
#1624=EDGE_CURVE('',#2138,#2131,#2452,.F.);
#1625=EDGE_CURVE('',#2139,#2130,#2453,.F.);
#1626=EDGE_CURVE('',#2139,#2138,#2454,.T.);
#1627=EDGE_CURVE('',#2123,#2140,#2455,.T.);
#1628=EDGE_CURVE('',#2141,#2140,#2456,.T.);
#1629=EDGE_CURVE('',#2124,#2141,#2457,.T.);
#1630=EDGE_CURVE('',#2121,#2136,#2458,.T.);
#1631=EDGE_CURVE('',#2124,#2137,#2459,.T.);
#1632=EDGE_CURVE('',#2134,#2142,#2460,.F.);
#1633=EDGE_CURVE('',#2143,#2142,#2461,.T.);
#1634=EDGE_CURVE('',#2135,#2143,#2462,.F.);
#1635=EDGE_CURVE('',#2133,#2144,#2463,.F.);
#1636=EDGE_CURVE('',#2135,#2145,#2464,.F.);
#1637=EDGE_CURVE('',#2145,#2144,#2465,.F.);
#1638=EDGE_CURVE('',#2144,#2125,#2466,.F.);
#1639=EDGE_CURVE('',#2145,#2126,#2467,.F.);
#1640=EDGE_CURVE('',#2146,#2127,#2468,.T.);
#1641=EDGE_CURVE('',#2147,#2126,#2469,.T.);
#1642=EDGE_CURVE('',#2147,#2146,#2470,.T.);
#1643=EDGE_CURVE('',#2148,#2149,#111,.T.);
#1644=EDGE_CURVE('',#2149,#2123,#2471,.T.);
#1645=EDGE_CURVE('',#2127,#2148,#2472,.F.);
#1646=EDGE_CURVE('',#2131,#2150,#2473,.T.);
#1647=EDGE_CURVE('',#2150,#2151,#112,.T.);
#1648=EDGE_CURVE('',#2151,#2134,#2474,.F.);
#1649=EDGE_CURVE('',#2136,#2120,#113,.F.);
#1650=EDGE_CURVE('',#2129,#2136,#114,.F.);
#1651=EDGE_CURVE('',#2143,#2147,#115,.T.);
#1652=EDGE_CURVE('',#2120,#2144,#116,.F.);
#1653=EDGE_CURVE('',#2141,#2139,#117,.T.);
#1654=EDGE_CURVE('',#2138,#2150,#118,.T.);
#1655=EDGE_CURVE('',#2144,#2129,#119,.F.);
#1656=EDGE_CURVE('',#2149,#2140,#120,.T.);
#1657=EDGE_CURVE('',#2146,#2148,#121,.T.);
#1658=EDGE_CURVE('',#2152,#2152,#122,.F.);
#1659=EDGE_CURVE('',#2153,#2153,#123,.F.);
#1660=EDGE_CURVE('',#2087,#2154,#124,.F.);
#1661=EDGE_CURVE('',#2154,#2155,#125,.F.);
#1662=EDGE_CURVE('',#2083,#2155,#126,.F.);
#1663=EDGE_CURVE('',#2156,#2157,#127,.F.);
#1664=EDGE_CURVE('',#2157,#2086,#128,.F.);
#1665=EDGE_CURVE('',#2156,#2075,#129,.F.);
#1666=EDGE_CURVE('',#2155,#2158,#2475,.F.);
#1667=EDGE_CURVE('',#2084,#2158,#313,.F.);
#1668=EDGE_CURVE('',#2159,#2155,#2476,.T.);
#1669=EDGE_CURVE('',#2159,#2160,#2477,.T.);
#1670=EDGE_CURVE('',#2160,#2158,#2478,.T.);
#1671=EDGE_CURVE('',#2161,#2156,#2479,.T.);
#1672=EDGE_CURVE('',#2161,#2085,#314,.F.);
#1673=EDGE_CURVE('',#2161,#2162,#2480,.T.);
#1674=EDGE_CURVE('',#2162,#2163,#2481,.F.);
#1675=EDGE_CURVE('',#2163,#2156,#2482,.T.);
#1676=EDGE_CURVE('',#2163,#2157,#61,.T.);
#1677=EDGE_CURVE('',#2154,#2159,#62,.F.);
#1678=EDGE_CURVE('',#2164,#2165,#2483,.F.);
#1679=EDGE_CURVE('',#2165,#2166,#2484,.T.);
#1680=EDGE_CURVE('',#2166,#2167,#2485,.F.);
#1681=EDGE_CURVE('',#2164,#2167,#2486,.T.);
#1682=EDGE_CURVE('',#2168,#2169,#2487,.T.);
#1683=EDGE_CURVE('',#2169,#2170,#2488,.F.);
#1684=EDGE_CURVE('',#2170,#2171,#2489,.T.);
#1685=EDGE_CURVE('',#2171,#2168,#2490,.T.);
#1686=EDGE_CURVE('',#2172,#2173,#2491,.F.);
#1687=EDGE_CURVE('',#2173,#2174,#2492,.F.);
#1688=EDGE_CURVE('',#2174,#2175,#2493,.F.);
#1689=EDGE_CURVE('',#2175,#2176,#2494,.F.);
#1690=EDGE_CURVE('',#2176,#2172,#2495,.T.);
#1691=EDGE_CURVE('',#2029,#2024,#315,.T.);
#1692=EDGE_CURVE('',#2026,#2177,#2496,.T.);
#1693=EDGE_CURVE('',#2177,#2178,#2497,.T.);
#1694=EDGE_CURVE('',#2178,#2030,#2498,.F.);
#1695=EDGE_CURVE('',#2179,#2180,#2499,.F.);
#1696=EDGE_CURVE('',#2180,#2181,#2500,.F.);
#1697=EDGE_CURVE('',#2181,#2182,#63,.T.);
#1698=EDGE_CURVE('',#2182,#2183,#2501,.T.);
#1699=EDGE_CURVE('',#2183,#2179,#2502,.T.);
#1700=EDGE_CURVE('',#2184,#2185,#64,.F.);
#1701=EDGE_CURVE('',#2185,#2186,#2503,.T.);
#1702=EDGE_CURVE('',#2186,#2187,#2504,.T.);
#1703=EDGE_CURVE('',#2188,#2187,#2505,.T.);
#1704=EDGE_CURVE('',#2188,#2184,#2506,.F.);
#1705=EDGE_CURVE('',#2183,#2162,#130,.F.);
#1706=EDGE_CURVE('',#2163,#2182,#131,.T.);
#1707=EDGE_CURVE('',#2181,#2189,#316,.T.);
#1708=EDGE_CURVE('',#2157,#2189,#132,.T.);
#1709=EDGE_CURVE('',#2189,#2190,#317,.T.);
#1710=EDGE_CURVE('',#2190,#2086,#318,.T.);
#1711=EDGE_CURVE('',#2170,#2180,#133,.T.);
#1712=EDGE_CURVE('',#2171,#2179,#134,.T.);
#1713=EDGE_CURVE('',#2160,#2188,#135,.F.);
#1714=EDGE_CURVE('',#2184,#2159,#136,.T.);
#1715=EDGE_CURVE('',#2191,#2154,#137,.T.);
#1716=EDGE_CURVE('',#2191,#2185,#319,.T.);
#1717=EDGE_CURVE('',#2087,#2192,#320,.F.);
#1718=EDGE_CURVE('',#2192,#2191,#321,.T.);
#1719=EDGE_CURVE('',#2186,#2165,#138,.T.);
#1720=EDGE_CURVE('',#2187,#2164,#139,.T.);
#1721=EDGE_CURVE('',#2166,#2178,#65,.F.);
#1722=EDGE_CURVE('',#2167,#2177,#322,.F.);
#1723=EDGE_CURVE('',#2175,#2169,#66,.F.);
#1724=EDGE_CURVE('',#2176,#2168,#323,.F.);
#1725=EDGE_CURVE('',#2011,#2173,#67,.F.);
#1726=EDGE_CURVE('',#2012,#2172,#324,.F.);
#1727=EDGE_CURVE('',#2192,#2063,#140,.T.);
#1728=EDGE_CURVE('',#2191,#2062,#141,.T.);
#1729=EDGE_CURVE('',#2185,#2061,#142,.T.);
#1730=EDGE_CURVE('',#2186,#2060,#143,.T.);
#1731=EDGE_CURVE('',#2165,#2059,#144,.T.);
#1732=EDGE_CURVE('',#2166,#2058,#145,.T.);
#1733=EDGE_CURVE('',#2178,#2057,#146,.T.);
#1734=EDGE_CURVE('',#2173,#2038,#147,.T.);
#1735=EDGE_CURVE('',#2175,#2036,#148,.T.);
#1736=EDGE_CURVE('',#2169,#2073,#149,.T.);
#1737=EDGE_CURVE('',#2170,#2072,#150,.T.);
#1738=EDGE_CURVE('',#2180,#2071,#151,.T.);
#1739=EDGE_CURVE('',#2181,#2070,#152,.T.);
#1740=EDGE_CURVE('',#2189,#2069,#153,.T.);
#1741=EDGE_CURVE('',#2190,#2068,#154,.T.);
#1742=EDGE_CURVE('',#2119,#2110,#155,.T.);
#1743=EDGE_CURVE('',#2193,#2193,#156,.T.);
#1744=EDGE_CURVE('',#2151,#2142,#157,.T.);
#1745=EDGE_CURVE('',#2194,#2194,#158,.T.);
#1746=EDGE_CURVE('',#2195,#2014,#325,.T.);
#1747=EDGE_CURVE('',#2195,#2026,#326,.F.);
#1748=EDGE_CURVE('',#2196,#2172,#327,.T.);
#1749=EDGE_CURVE('',#2013,#2196,#328,.T.);
#1750=EDGE_CURVE('',#2197,#2176,#329,.F.);
#1751=EDGE_CURVE('',#2197,#2196,#2507,.T.);
#1752=EDGE_CURVE('',#2198,#2168,#2508,.T.);
#1753=EDGE_CURVE('',#2197,#2198,#330,.T.);
#1754=EDGE_CURVE('',#2199,#2171,#2509,.T.);
#1755=EDGE_CURVE('',#2199,#2198,#2510,.T.);
#1756=EDGE_CURVE('',#2200,#2179,#2511,.T.);
#1757=EDGE_CURVE('',#2199,#2200,#159,.T.);
#1758=EDGE_CURVE('',#2201,#2183,#2512,.T.);
#1759=EDGE_CURVE('',#2201,#2200,#2513,.T.);
#1760=EDGE_CURVE('',#2202,#2162,#2514,.T.);
#1761=EDGE_CURVE('',#2201,#2202,#160,.F.);
#1762=EDGE_CURVE('',#2203,#2161,#2515,.T.);
#1763=EDGE_CURVE('',#2203,#2202,#2516,.T.);
#1764=EDGE_CURVE('',#2204,#2085,#331,.T.);
#1765=EDGE_CURVE('',#2203,#2204,#332,.T.);
#1766=EDGE_CURVE('',#2205,#2084,#333,.F.);
#1767=EDGE_CURVE('',#2204,#2205,#2517,.F.);
#1768=EDGE_CURVE('',#2206,#2158,#2518,.T.);
#1769=EDGE_CURVE('',#2205,#2206,#334,.T.);
#1770=EDGE_CURVE('',#2207,#2160,#2519,.T.);
#1771=EDGE_CURVE('',#2207,#2206,#2520,.T.);
#1772=EDGE_CURVE('',#2208,#2188,#2521,.T.);
#1773=EDGE_CURVE('',#2207,#2208,#161,.F.);
#1774=EDGE_CURVE('',#2209,#2187,#2522,.T.);
#1775=EDGE_CURVE('',#2208,#2209,#2523,.F.);
#1776=EDGE_CURVE('',#2210,#2164,#2524,.T.);
#1777=EDGE_CURVE('',#2209,#2210,#162,.T.);
#1778=EDGE_CURVE('',#2211,#2167,#2525,.T.);
#1779=EDGE_CURVE('',#2210,#2211,#2526,.F.);
#1780=EDGE_CURVE('',#2212,#2177,#335,.T.);
#1781=EDGE_CURVE('',#2211,#2212,#336,.T.);
#1782=EDGE_CURVE('',#2213,#2213,#163,.T.);
#1783=EDGE_CURVE('',#2214,#2214,#164,.T.);
#1784=EDGE_CURVE('',#2215,#2215,#165,.T.);
#1785=EDGE_CURVE('',#2195,#2212,#2527,.T.);
#1786=EDGE_CURVE('',#2216,#2216,#166,.T.);
#1787=EDGE_CURVE('',#2217,#2217,#167,.T.);
#1788=EDGE_CURVE('',#2218,#2218,#168,.T.);
#1789=EDGE_CURVE('',#2219,#2219,#169,.T.);
#1790=EDGE_CURVE('',#2220,#2221,#170,.T.);
#1791=EDGE_CURVE('',#2220,#2222,#68,.F.);
#1792=EDGE_CURVE('',#2222,#2223,#337,.T.);
#1793=EDGE_CURVE('',#2223,#2224,#171,.F.);
#1794=EDGE_CURVE('',#2224,#2225,#338,.T.);
#1795=EDGE_CURVE('',#2225,#2221,#69,.F.);
#1796=EDGE_CURVE('',#2226,#2226,#172,.T.);
#1797=EDGE_CURVE('',#2080,#2220,#339,.T.);
#1798=EDGE_CURVE('',#2221,#2081,#340,.T.);
#1799=EDGE_CURVE('',#2227,#2227,#173,.F.);
#1800=EDGE_CURVE('',#2228,#2229,#174,.T.);
#1801=EDGE_CURVE('',#2228,#2230,#70,.F.);
#1802=EDGE_CURVE('',#2230,#2231,#341,.T.);
#1803=EDGE_CURVE('',#2231,#2232,#175,.F.);
#1804=EDGE_CURVE('',#2232,#2233,#342,.T.);
#1805=EDGE_CURVE('',#2233,#2229,#71,.F.);
#1806=EDGE_CURVE('',#2234,#2234,#176,.T.);
#1807=EDGE_CURVE('',#2076,#2228,#343,.T.);
#1808=EDGE_CURVE('',#2229,#2077,#344,.T.);
#1809=EDGE_CURVE('',#2235,#2235,#177,.F.);
#1810=EDGE_CURVE('',#2236,#2236,#178,.F.);
#1811=EDGE_CURVE('',#2237,#2237,#179,.T.);
#1812=EDGE_CURVE('',#2238,#2238,#180,.T.);
#1813=EDGE_CURVE('',#2239,#2239,#181,.T.);
#1814=EDGE_CURVE('',#2240,#2240,#182,.F.);
#1815=EDGE_CURVE('',#2241,#2241,#183,.T.);
#1816=EDGE_CURVE('',#2242,#2242,#184,.T.);
#1817=EDGE_CURVE('',#2243,#2243,#185,.T.);
#1818=EDGE_CURVE('',#2078,#2233,#186,.T.);
#1819=EDGE_CURVE('',#2066,#2232,#187,.T.);
#1820=EDGE_CURVE('',#2067,#2231,#188,.T.);
#1821=EDGE_CURVE('',#2074,#2230,#189,.T.);
#1822=EDGE_CURVE('',#2082,#2225,#190,.T.);
#1823=EDGE_CURVE('',#2064,#2224,#191,.T.);
#1824=EDGE_CURVE('',#2065,#2223,#192,.T.);
#1825=EDGE_CURVE('',#2079,#2222,#193,.T.);
#1826=EDGE_CURVE('',#2244,#2245,#2528,.T.);
#1827=EDGE_CURVE('',#2244,#2246,#2529,.T.);
#1828=EDGE_CURVE('',#2246,#2247,#2530,.T.);
#1829=EDGE_CURVE('',#2245,#2247,#2531,.T.);
#1830=EDGE_CURVE('',#2248,#2249,#2532,.T.);
#1831=EDGE_CURVE('',#2249,#2250,#2533,.T.);
#1832=EDGE_CURVE('',#2251,#2250,#2534,.T.);
#1833=EDGE_CURVE('',#2251,#2248,#2535,.T.);
#1834=EDGE_CURVE('',#2246,#2019,#2536,.T.);
#1835=EDGE_CURVE('',#2252,#2019,#2537,.T.);
#1836=EDGE_CURVE('',#2247,#2252,#2538,.F.);
#1837=EDGE_CURVE('',#2253,#2254,#2539,.T.);
#1838=EDGE_CURVE('',#2254,#2255,#2540,.T.);
#1839=EDGE_CURVE('',#2255,#2256,#2541,.T.);
#1840=EDGE_CURVE('',#2256,#2253,#2542,.T.);
#1841=EDGE_CURVE('',#2008,#2257,#2543,.T.);
#1842=EDGE_CURVE('',#2008,#2249,#2544,.T.);
#1843=EDGE_CURVE('',#2248,#2257,#2545,.T.);
#1844=EDGE_CURVE('',#2040,#2258,#72,.F.);
#1845=EDGE_CURVE('',#2258,#2254,#2546,.T.);
#1846=EDGE_CURVE('',#2253,#2041,#2547,.T.);
#1847=EDGE_CURVE('',#2259,#2260,#2548,.T.);
#1848=EDGE_CURVE('',#2260,#2261,#2549,.T.);
#1849=EDGE_CURVE('',#2261,#2262,#2550,.T.);
#1850=EDGE_CURVE('',#2262,#2259,#2551,.T.);
#1851=EDGE_CURVE('',#2261,#2263,#2552,.F.);
#1852=EDGE_CURVE('',#2263,#2264,#2553,.T.);
#1853=EDGE_CURVE('',#2265,#2264,#2554,.T.);
#1854=EDGE_CURVE('',#2265,#2262,#2555,.T.);
#1855=EDGE_CURVE('',#2266,#2021,#2556,.T.);
#1856=EDGE_CURVE('',#2267,#2266,#2557,.T.);
#1857=EDGE_CURVE('',#2268,#2267,#2558,.T.);
#1858=EDGE_CURVE('',#2269,#2268,#2559,.T.);
#1859=EDGE_CURVE('',#2022,#2269,#2560,.T.);
#1860=EDGE_CURVE('',#2269,#2251,#2561,.F.);
#1861=EDGE_CURVE('',#2250,#2023,#2562,.T.);
#1862=EDGE_CURVE('',#2020,#2244,#2563,.T.);
#1863=EDGE_CURVE('',#2266,#2245,#2564,.T.);
#1864=EDGE_CURVE('',#2264,#2270,#2565,.T.);
#1865=EDGE_CURVE('',#2270,#2271,#345,.T.);
#1866=EDGE_CURVE('',#2271,#2272,#2566,.T.);
#1867=EDGE_CURVE('',#2272,#2273,#194,.F.);
#1868=EDGE_CURVE('',#2273,#2274,#2567,.T.);
#1869=EDGE_CURVE('',#2274,#2265,#195,.T.);
#1870=EDGE_CURVE('',#2275,#2276,#2568,.T.);
#1871=EDGE_CURVE('',#2276,#2277,#2569,.T.);
#1872=EDGE_CURVE('',#2278,#2277,#2570,.F.);
#1873=EDGE_CURVE('',#2278,#2279,#196,.T.);
#1874=EDGE_CURVE('',#2279,#2280,#2571,.T.);
#1875=EDGE_CURVE('',#2275,#2280,#2572,.T.);
#1876=EDGE_CURVE('',#2257,#2281,#2573,.T.);
#1877=EDGE_CURVE('',#2281,#2282,#2574,.T.);
#1878=EDGE_CURVE('',#2282,#2283,#197,.T.);
#1879=EDGE_CURVE('',#2283,#2284,#2575,.F.);
#1880=EDGE_CURVE('',#2285,#2284,#198,.F.);
#1881=EDGE_CURVE('',#2286,#2285,#199,.F.);
#1882=EDGE_CURVE('',#2286,#2287,#200,.F.);
#1883=EDGE_CURVE('',#2288,#2287,#2576,.T.);
#1884=EDGE_CURVE('',#2288,#2289,#201,.T.);
#1885=EDGE_CURVE('',#2290,#2289,#2577,.T.);
#1886=EDGE_CURVE('',#2290,#2291,#202,.F.);
#1887=EDGE_CURVE('',#2292,#2291,#2578,.T.);
#1888=EDGE_CURVE('',#2292,#2256,#203,.T.);
#1889=EDGE_CURVE('',#2255,#2009,#2579,.F.);
#1890=EDGE_CURVE('',#2293,#2259,#204,.T.);
#1891=EDGE_CURVE('',#2294,#2293,#2580,.T.);
#1892=EDGE_CURVE('',#2294,#2295,#205,.F.);
#1893=EDGE_CURVE('',#2296,#2295,#2581,.T.);
#1894=EDGE_CURVE('',#2296,#2297,#206,.T.);
#1895=EDGE_CURVE('',#2297,#2298,#2582,.T.);
#1896=EDGE_CURVE('',#2298,#2299,#207,.F.);
#1897=EDGE_CURVE('',#2300,#2299,#208,.F.);
#1898=EDGE_CURVE('',#2300,#2301,#209,.T.);
#1899=EDGE_CURVE('',#2302,#2301,#2583,.T.);
#1900=EDGE_CURVE('',#2302,#2303,#210,.T.);
#1901=EDGE_CURVE('',#2303,#2304,#2584,.T.);
#1902=EDGE_CURVE('',#2304,#2252,#2585,.T.);
#1903=EDGE_CURVE('',#2018,#2260,#2586,.F.);
#1904=EDGE_CURVE('',#2305,#2306,#2587,.F.);
#1905=EDGE_CURVE('',#2305,#2307,#2588,.F.);
#1906=EDGE_CURVE('',#2308,#2307,#2589,.F.);
#1907=EDGE_CURVE('',#2308,#2306,#2590,.F.);
#1908=EDGE_CURVE('',#2309,#2310,#2591,.F.);
#1909=EDGE_CURVE('',#2309,#2305,#73,.T.);
#1910=EDGE_CURVE('',#2306,#2311,#74,.T.);
#1911=EDGE_CURVE('',#2311,#2284,#346,.T.);
#1912=EDGE_CURVE('',#2283,#2312,#347,.T.);
#1913=EDGE_CURVE('',#2312,#2313,#2592,.F.);
#1914=EDGE_CURVE('',#2313,#2310,#2593,.F.);
#1915=EDGE_CURVE('',#2307,#2280,#75,.T.);
#1916=EDGE_CURVE('',#2279,#2308,#348,.T.);
#1917=EDGE_CURVE('',#2300,#2285,#349,.T.);
#1918=EDGE_CURVE('',#2311,#2314,#211,.T.);
#1919=EDGE_CURVE('',#2314,#2301,#350,.T.);
#1920=EDGE_CURVE('',#2315,#2316,#2594,.T.);
#1921=EDGE_CURVE('',#2315,#2033,#351,.T.);
#1922=EDGE_CURVE('',#2056,#2316,#2595,.T.);
#1923=EDGE_CURVE('',#2271,#2317,#352,.T.);
#1924=EDGE_CURVE('',#2317,#2318,#353,.T.);
#1925=EDGE_CURVE('',#2318,#2315,#354,.T.);
#1926=EDGE_CURVE('',#2272,#2316,#2596,.T.);
#1927=EDGE_CURVE('',#2316,#2319,#212,.T.);
#1928=EDGE_CURVE('',#2320,#2319,#2597,.T.);
#1929=EDGE_CURVE('',#2320,#2273,#76,.F.);
#1930=EDGE_CURVE('',#2055,#2319,#2598,.T.);
#1931=EDGE_CURVE('',#2321,#2322,#2599,.T.);
#1932=EDGE_CURVE('',#2321,#2323,#2600,.F.);
#1933=EDGE_CURVE('',#2324,#2323,#2601,.T.);
#1934=EDGE_CURVE('',#2322,#2324,#2602,.F.);
#1935=EDGE_CURVE('',#2325,#2054,#2603,.T.);
#1936=EDGE_CURVE('',#2319,#2325,#2604,.T.);
#1937=EDGE_CURVE('',#2326,#2293,#2605,.T.);
#1938=EDGE_CURVE('',#2326,#2320,#2606,.T.);
#1939=EDGE_CURVE('',#2294,#2325,#2607,.T.);
#1940=EDGE_CURVE('',#2291,#2327,#2608,.T.);
#1941=EDGE_CURVE('',#2327,#2328,#2609,.T.);
#1942=EDGE_CURVE('',#2328,#2292,#2610,.F.);
#1943=EDGE_CURVE('',#2325,#2329,#213,.F.);
#1944=EDGE_CURVE('',#2295,#2329,#2611,.T.);
#1945=EDGE_CURVE('',#2329,#2330,#2612,.T.);
#1946=EDGE_CURVE('',#2330,#2296,#2613,.F.);
#1947=EDGE_CURVE('',#2297,#2331,#2614,.T.);
#1948=EDGE_CURVE('',#2331,#2332,#2615,.T.);
#1949=EDGE_CURVE('',#2298,#2332,#2616,.T.);
#1950=EDGE_CURVE('',#2332,#2333,#214,.F.);
#1951=EDGE_CURVE('',#2299,#2333,#2617,.T.);
#1952=EDGE_CURVE('',#2333,#2334,#215,.T.);
#1953=EDGE_CURVE('',#2286,#2334,#2618,.T.);
#1954=EDGE_CURVE('',#2334,#2335,#216,.F.);
#1955=EDGE_CURVE('',#2287,#2335,#2619,.T.);
#1956=EDGE_CURVE('',#2335,#2336,#2620,.T.);
#1957=EDGE_CURVE('',#2336,#2288,#2621,.F.);
#1958=EDGE_CURVE('',#2289,#2337,#2622,.T.);
#1959=EDGE_CURVE('',#2337,#2338,#2623,.T.);
#1960=EDGE_CURVE('',#2290,#2338,#2624,.T.);
#1961=EDGE_CURVE('',#2338,#2327,#217,.F.);
#1962=EDGE_CURVE('',#2053,#2329,#2625,.F.);
#1963=EDGE_CURVE('',#2323,#2339,#77,.F.);
#1964=EDGE_CURVE('',#2339,#2340,#2626,.T.);
#1965=EDGE_CURVE('',#2340,#2341,#2627,.T.);
#1966=EDGE_CURVE('',#2341,#2342,#2628,.T.);
#1967=EDGE_CURVE('',#2342,#2302,#355,.T.);
#1968=EDGE_CURVE('',#2324,#2314,#78,.T.);
#1969=EDGE_CURVE('',#2322,#2308,#218,.T.);
#1970=EDGE_CURVE('',#2277,#2321,#79,.F.);
#1971=EDGE_CURVE('',#2322,#2278,#356,.T.);
#1972=EDGE_CURVE('',#2303,#2342,#357,.F.);
#1973=EDGE_CURVE('',#2341,#2304,#2629,.F.);
#1974=EDGE_CURVE('',#2313,#2281,#2630,.T.);
#1975=EDGE_CURVE('',#2282,#2312,#358,.F.);
#1976=EDGE_CURVE('',#2343,#2275,#2631,.T.);
#1977=EDGE_CURVE('',#2310,#2275,#2632,.T.);
#1978=EDGE_CURVE('',#2343,#2251,#2633,.T.);
#1979=EDGE_CURVE('',#2340,#2276,#2634,.T.);
#1980=EDGE_CURVE('',#2344,#2276,#2635,.T.);
#1981=EDGE_CURVE('',#2245,#2344,#2636,.T.);
#1982=EDGE_CURVE('',#2330,#2331,#219,.T.);
#1983=EDGE_CURVE('',#2336,#2337,#220,.T.);
#1984=EDGE_CURVE('',#2328,#2253,#221,.T.);
#1985=EDGE_CURVE('',#2330,#2052,#2637,.T.);
#1986=EDGE_CURVE('',#2331,#2051,#2638,.T.);
#1987=EDGE_CURVE('',#2332,#2050,#2639,.T.);
#1988=EDGE_CURVE('',#2333,#2049,#2640,.T.);
#1989=EDGE_CURVE('',#2334,#2048,#2641,.T.);
#1990=EDGE_CURVE('',#2335,#2047,#2642,.T.);
#1991=EDGE_CURVE('',#2336,#2046,#2643,.T.);
#1992=EDGE_CURVE('',#2337,#2045,#2644,.T.);
#1993=EDGE_CURVE('',#2338,#2044,#2645,.T.);
#1994=EDGE_CURVE('',#2327,#2043,#2646,.T.);
#1995=EDGE_CURVE('',#2328,#2042,#2647,.T.);
#1996=EDGE_CURVE('',#2262,#2326,#222,.F.);
#1997=EDGE_CURVE('',#2274,#2326,#2648,.T.);
#1998=EDGE_CURVE('',#2339,#2277,#2649,.F.);
#1999=EDGE_CURVE('',#2280,#2309,#2650,.F.);
#2000=EDGE_CURVE('',#2344,#2343,#2651,.T.);
#2001=EDGE_CURVE('',#2268,#2343,#2652,.T.);
#2002=EDGE_CURVE('',#2267,#2344,#2653,.T.);
#2003=EDGE_CURVE('',#2010,#2258,#80,.T.);
#2004=EDGE_CURVE('',#2011,#2039,#223,.T.);
#2005=EDGE_CURVE('',#2025,#2317,#359,.F.);
#2006=EDGE_CURVE('',#2016,#2270,#360,.T.);
#2007=EDGE_CURVE('',#2017,#2263,#2654,.F.);
#2008=VERTEX_POINT('',#5315);
#2009=VERTEX_POINT('',#5316);
#2010=VERTEX_POINT('',#5318);
#2011=VERTEX_POINT('',#5320);
#2012=VERTEX_POINT('',#5322);
#2013=VERTEX_POINT('',#5327);
#2014=VERTEX_POINT('',#5329);
#2015=VERTEX_POINT('',#5334);
#2016=VERTEX_POINT('',#5336);
#2017=VERTEX_POINT('',#5338);
#2018=VERTEX_POINT('',#5340);
#2019=VERTEX_POINT('',#5342);
#2020=VERTEX_POINT('',#5344);
#2021=VERTEX_POINT('',#5346);
#2022=VERTEX_POINT('',#5348);
#2023=VERTEX_POINT('',#5350);
#2024=VERTEX_POINT('',#5357);
#2025=VERTEX_POINT('',#5358);
#2026=VERTEX_POINT('',#5367);
#2027=VERTEX_POINT('',#5382);
#2028=VERTEX_POINT('',#5383);
#2029=VERTEX_POINT('',#5388);
#2030=VERTEX_POINT('',#5390);
#2031=VERTEX_POINT('',#5392);
#2032=VERTEX_POINT('',#5397);
#2033=VERTEX_POINT('',#5418);
#2034=VERTEX_POINT('',#5425);
#2035=VERTEX_POINT('',#5427);
#2036=VERTEX_POINT('',#5430);
#2037=VERTEX_POINT('',#5431);
#2038=VERTEX_POINT('',#5433);
#2039=VERTEX_POINT('',#5435);
#2040=VERTEX_POINT('',#5437);
#2041=VERTEX_POINT('',#5439);
#2042=VERTEX_POINT('',#5441);
#2043=VERTEX_POINT('',#5443);
#2044=VERTEX_POINT('',#5445);
#2045=VERTEX_POINT('',#5447);
#2046=VERTEX_POINT('',#5449);
#2047=VERTEX_POINT('',#5451);
#2048=VERTEX_POINT('',#5453);
#2049=VERTEX_POINT('',#5455);
#2050=VERTEX_POINT('',#5457);
#2051=VERTEX_POINT('',#5459);
#2052=VERTEX_POINT('',#5461);
#2053=VERTEX_POINT('',#5463);
#2054=VERTEX_POINT('',#5465);
#2055=VERTEX_POINT('',#5467);
#2056=VERTEX_POINT('',#5469);
#2057=VERTEX_POINT('',#5472);
#2058=VERTEX_POINT('',#5474);
#2059=VERTEX_POINT('',#5476);
#2060=VERTEX_POINT('',#5478);
#2061=VERTEX_POINT('',#5480);
#2062=VERTEX_POINT('',#5487);
#2063=VERTEX_POINT('',#5492);
#2064=VERTEX_POINT('',#5494);
#2065=VERTEX_POINT('',#5496);
#2066=VERTEX_POINT('',#5498);
#2067=VERTEX_POINT('',#5500);
#2068=VERTEX_POINT('',#5502);
#2069=VERTEX_POINT('',#5507);
#2070=VERTEX_POINT('',#5514);
#2071=VERTEX_POINT('',#5516);
#2072=VERTEX_POINT('',#5518);
#2073=VERTEX_POINT('',#5520);
#2074=VERTEX_POINT('',#5524);
#2075=VERTEX_POINT('',#5525);
#2076=VERTEX_POINT('',#5527);
#2077=VERTEX_POINT('',#5529);
#2078=VERTEX_POINT('',#5531);
#2079=VERTEX_POINT('',#5533);
#2080=VERTEX_POINT('',#5535);
#2081=VERTEX_POINT('',#5537);
#2082=VERTEX_POINT('',#5539);
#2083=VERTEX_POINT('',#5541);
#2084=VERTEX_POINT('',#5543);
#2085=VERTEX_POINT('',#5545);
#2086=VERTEX_POINT('',#5562);
#2087=VERTEX_POINT('',#5576);
#2088=VERTEX_POINT('',#5580);
#2089=VERTEX_POINT('',#5581);
#2090=VERTEX_POINT('',#5583);
#2091=VERTEX_POINT('',#5585);
#2092=VERTEX_POINT('',#5587);
#2093=VERTEX_POINT('',#5591);
#2094=VERTEX_POINT('',#5593);
#2095=VERTEX_POINT('',#5595);
#2096=VERTEX_POINT('',#5599);
#2097=VERTEX_POINT('',#5600);
#2098=VERTEX_POINT('',#5602);
#2099=VERTEX_POINT('',#5604);
#2100=VERTEX_POINT('',#5606);
#2101=VERTEX_POINT('',#5610);
#2102=VERTEX_POINT('',#5612);
#2103=VERTEX_POINT('',#5614);
#2104=VERTEX_POINT('',#5618);
#2105=VERTEX_POINT('',#5620);
#2106=VERTEX_POINT('',#5624);
#2107=VERTEX_POINT('',#5626);
#2108=VERTEX_POINT('',#5630);
#2109=VERTEX_POINT('',#5632);
#2110=VERTEX_POINT('',#5639);
#2111=VERTEX_POINT('',#5641);
#2112=VERTEX_POINT('',#5645);
#2113=VERTEX_POINT('',#5647);
#2114=VERTEX_POINT('',#5654);
#2115=VERTEX_POINT('',#5656);
#2116=VERTEX_POINT('',#5660);
#2117=VERTEX_POINT('',#5661);
#2118=VERTEX_POINT('',#5666);
#2119=VERTEX_POINT('',#5668);
#2120=VERTEX_POINT('',#5690);
#2121=VERTEX_POINT('',#5691);
#2122=VERTEX_POINT('',#5693);
#2123=VERTEX_POINT('',#5695);
#2124=VERTEX_POINT('',#5697);
#2125=VERTEX_POINT('',#5701);
#2126=VERTEX_POINT('',#5703);
#2127=VERTEX_POINT('',#5705);
#2128=VERTEX_POINT('',#5709);
#2129=VERTEX_POINT('',#5710);
#2130=VERTEX_POINT('',#5712);
#2131=VERTEX_POINT('',#5714);
#2132=VERTEX_POINT('',#5716);
#2133=VERTEX_POINT('',#5720);
#2134=VERTEX_POINT('',#5722);
#2135=VERTEX_POINT('',#5724);
#2136=VERTEX_POINT('',#5728);
#2137=VERTEX_POINT('',#5730);
#2138=VERTEX_POINT('',#5734);
#2139=VERTEX_POINT('',#5736);
#2140=VERTEX_POINT('',#5740);
#2141=VERTEX_POINT('',#5742);
#2142=VERTEX_POINT('',#5749);
#2143=VERTEX_POINT('',#5751);
#2144=VERTEX_POINT('',#5755);
#2145=VERTEX_POINT('',#5757);
#2146=VERTEX_POINT('',#5764);
#2147=VERTEX_POINT('',#5766);
#2148=VERTEX_POINT('',#5770);
#2149=VERTEX_POINT('',#5771);
#2150=VERTEX_POINT('',#5776);
#2151=VERTEX_POINT('',#5778);
#2152=VERTEX_POINT('',#5800);
#2153=VERTEX_POINT('',#5803);
#2154=VERTEX_POINT('',#5806);
#2155=VERTEX_POINT('',#5808);
#2156=VERTEX_POINT('',#5812);
#2157=VERTEX_POINT('',#5813);
#2158=VERTEX_POINT('',#5818);
#2159=VERTEX_POINT('',#5830);
#2160=VERTEX_POINT('',#5832);
#2161=VERTEX_POINT('',#5836);
#2162=VERTEX_POINT('',#5848);
#2163=VERTEX_POINT('',#5850);
#2164=VERTEX_POINT('',#5858);
#2165=VERTEX_POINT('',#5859);
#2166=VERTEX_POINT('',#5861);
#2167=VERTEX_POINT('',#5863);
#2168=VERTEX_POINT('',#5867);
#2169=VERTEX_POINT('',#5868);
#2170=VERTEX_POINT('',#5870);
#2171=VERTEX_POINT('',#5872);
#2172=VERTEX_POINT('',#5876);
#2173=VERTEX_POINT('',#5877);
#2174=VERTEX_POINT('',#5879);
#2175=VERTEX_POINT('',#5881);
#2176=VERTEX_POINT('',#5883);
#2177=VERTEX_POINT('',#5891);
#2178=VERTEX_POINT('',#5893);
#2179=VERTEX_POINT('',#5897);
#2180=VERTEX_POINT('',#5898);
#2181=VERTEX_POINT('',#5900);
#2182=VERTEX_POINT('',#5902);
#2183=VERTEX_POINT('',#5904);
#2184=VERTEX_POINT('',#5908);
#2185=VERTEX_POINT('',#5909);
#2186=VERTEX_POINT('',#5911);
#2187=VERTEX_POINT('',#5913);
#2188=VERTEX_POINT('',#5915);
#2189=VERTEX_POINT('',#5951);
#2190=VERTEX_POINT('',#5958);
#2191=VERTEX_POINT('',#5994);
#2192=VERTEX_POINT('',#6007);
#2193=VERTEX_POINT('',#6182);
#2194=VERTEX_POINT('',#6187);
#2195=VERTEX_POINT('',#6217);
#2196=VERTEX_POINT('',#6250);
#2197=VERTEX_POINT('',#6260);
#2198=VERTEX_POINT('',#6279);
#2199=VERTEX_POINT('',#6286);
#2200=VERTEX_POINT('',#6290);
#2201=VERTEX_POINT('',#6294);
#2202=VERTEX_POINT('',#6298);
#2203=VERTEX_POINT('',#6302);
#2204=VERTEX_POINT('',#6344);
#2205=VERTEX_POINT('',#6354);
#2206=VERTEX_POINT('',#6381);
#2207=VERTEX_POINT('',#6388);
#2208=VERTEX_POINT('',#6392);
#2209=VERTEX_POINT('',#6396);
#2210=VERTEX_POINT('',#6400);
#2211=VERTEX_POINT('',#6404);
#2212=VERTEX_POINT('',#6434);
#2213=VERTEX_POINT('',#6441);
#2214=VERTEX_POINT('',#6444);
#2215=VERTEX_POINT('',#6447);
#2216=VERTEX_POINT('',#6452);
#2217=VERTEX_POINT('',#6454);
#2218=VERTEX_POINT('',#6456);
#2219=VERTEX_POINT('',#6458);
#2220=VERTEX_POINT('',#6461);
#2221=VERTEX_POINT('',#6462);
#2222=VERTEX_POINT('',#6464);
#2223=VERTEX_POINT('',#6469);
#2224=VERTEX_POINT('',#6471);
#2225=VERTEX_POINT('',#6476);
#2226=VERTEX_POINT('',#6480);
#2227=VERTEX_POINT('',#6493);
#2228=VERTEX_POINT('',#6497);
#2229=VERTEX_POINT('',#6498);
#2230=VERTEX_POINT('',#6500);
#2231=VERTEX_POINT('',#6505);
#2232=VERTEX_POINT('',#6507);
#2233=VERTEX_POINT('',#6512);
#2234=VERTEX_POINT('',#6516);
#2235=VERTEX_POINT('',#6529);
#2236=VERTEX_POINT('',#6533);
#2237=VERTEX_POINT('',#6535);
#2238=VERTEX_POINT('',#6539);
#2239=VERTEX_POINT('',#6542);
#2240=VERTEX_POINT('',#6545);
#2241=VERTEX_POINT('',#6547);
#2242=VERTEX_POINT('',#6550);
#2243=VERTEX_POINT('',#6552);
#2244=VERTEX_POINT('',#6663);
#2245=VERTEX_POINT('',#6664);
#2246=VERTEX_POINT('',#6666);
#2247=VERTEX_POINT('',#6668);
#2248=VERTEX_POINT('',#6672);
#2249=VERTEX_POINT('',#6673);
#2250=VERTEX_POINT('',#6675);
#2251=VERTEX_POINT('',#6677);
#2252=VERTEX_POINT('',#6682);
#2253=VERTEX_POINT('',#6686);
#2254=VERTEX_POINT('',#6687);
#2255=VERTEX_POINT('',#6689);
#2256=VERTEX_POINT('',#6691);
#2257=VERTEX_POINT('',#6695);
#2258=VERTEX_POINT('',#6700);
#2259=VERTEX_POINT('',#6705);
#2260=VERTEX_POINT('',#6706);
#2261=VERTEX_POINT('',#6708);
#2262=VERTEX_POINT('',#6710);
#2263=VERTEX_POINT('',#6714);
#2264=VERTEX_POINT('',#6716);
#2265=VERTEX_POINT('',#6718);
#2266=VERTEX_POINT('',#6722);
#2267=VERTEX_POINT('',#6724);
#2268=VERTEX_POINT('',#6726);
#2269=VERTEX_POINT('',#6728);
#2270=VERTEX_POINT('',#6738);
#2271=VERTEX_POINT('',#6743);
#2272=VERTEX_POINT('',#6745);
#2273=VERTEX_POINT('',#6747);
#2274=VERTEX_POINT('',#6749);
#2275=VERTEX_POINT('',#6753);
#2276=VERTEX_POINT('',#6754);
#2277=VERTEX_POINT('',#6756);
#2278=VERTEX_POINT('',#6758);
#2279=VERTEX_POINT('',#6760);
#2280=VERTEX_POINT('',#6762);
#2281=VERTEX_POINT('',#6766);
#2282=VERTEX_POINT('',#6768);
#2283=VERTEX_POINT('',#6770);
#2284=VERTEX_POINT('',#6772);
#2285=VERTEX_POINT('',#6774);
#2286=VERTEX_POINT('',#6776);
#2287=VERTEX_POINT('',#6778);
#2288=VERTEX_POINT('',#6780);
#2289=VERTEX_POINT('',#6782);
#2290=VERTEX_POINT('',#6784);
#2291=VERTEX_POINT('',#6786);
#2292=VERTEX_POINT('',#6788);
#2293=VERTEX_POINT('',#6793);
#2294=VERTEX_POINT('',#6795);
#2295=VERTEX_POINT('',#6797);
#2296=VERTEX_POINT('',#6799);
#2297=VERTEX_POINT('',#6801);
#2298=VERTEX_POINT('',#6803);
#2299=VERTEX_POINT('',#6805);
#2300=VERTEX_POINT('',#6807);
#2301=VERTEX_POINT('',#6809);
#2302=VERTEX_POINT('',#6811);
#2303=VERTEX_POINT('',#6813);
#2304=VERTEX_POINT('',#6815);
#2305=VERTEX_POINT('',#6820);
#2306=VERTEX_POINT('',#6821);
#2307=VERTEX_POINT('',#6823);
#2308=VERTEX_POINT('',#6825);
#2309=VERTEX_POINT('',#6829);
#2310=VERTEX_POINT('',#6830);
#2311=VERTEX_POINT('',#6833);
#2312=VERTEX_POINT('',#6842);
#2313=VERTEX_POINT('',#6844);
#2314=VERTEX_POINT('',#6862);
#2315=VERTEX_POINT('',#6869);
#2316=VERTEX_POINT('',#6870);
#2317=VERTEX_POINT('',#6881);
#2318=VERTEX_POINT('',#6886);
#2319=VERTEX_POINT('',#6894);
#2320=VERTEX_POINT('',#6896);
#2321=VERTEX_POINT('',#6902);
#2322=VERTEX_POINT('',#6903);
#2323=VERTEX_POINT('',#6905);
#2324=VERTEX_POINT('',#6907);
#2325=VERTEX_POINT('',#6911);
#2326=VERTEX_POINT('',#6915);
#2327=VERTEX_POINT('',#6920);
#2328=VERTEX_POINT('',#6922);
#2329=VERTEX_POINT('',#6926);
#2330=VERTEX_POINT('',#6930);
#2331=VERTEX_POINT('',#6934);
#2332=VERTEX_POINT('',#6936);
#2333=VERTEX_POINT('',#6940);
#2334=VERTEX_POINT('',#6944);
#2335=VERTEX_POINT('',#6948);
#2336=VERTEX_POINT('',#6952);
#2337=VERTEX_POINT('',#6956);
#2338=VERTEX_POINT('',#6958);
#2339=VERTEX_POINT('',#6966);
#2340=VERTEX_POINT('',#6968);
#2341=VERTEX_POINT('',#6970);
#2342=VERTEX_POINT('',#6972);
#2343=VERTEX_POINT('',#7003);
#2344=VERTEX_POINT('',#7009);
#2345=LINE('',#5314,#2655);
#2346=LINE('',#5317,#2656);
#2347=LINE('',#5319,#2657);
#2348=LINE('',#5321,#2658);
#2349=LINE('',#5328,#2659);
#2350=LINE('',#5335,#2660);
#2351=LINE('',#5337,#2661);
#2352=LINE('',#5339,#2662);
#2353=LINE('',#5341,#2663);
#2354=LINE('',#5343,#2664);
#2355=LINE('',#5345,#2665);
#2356=LINE('',#5347,#2666);
#2357=LINE('',#5349,#2667);
#2358=LINE('',#5351,#2668);
#2359=LINE('',#5368,#2669);
#2360=LINE('',#5429,#2670);
#2361=LINE('',#5432,#2671);
#2362=LINE('',#5436,#2672);
#2363=LINE('',#5438,#2673);
#2364=LINE('',#5442,#2674);
#2365=LINE('',#5446,#2675);
#2366=LINE('',#5450,#2676);
#2367=LINE('',#5458,#2677);
#2368=LINE('',#5462,#2678);
#2369=LINE('',#5466,#2679);
#2370=LINE('',#5470,#2680);
#2371=LINE('',#5471,#2681);
#2372=LINE('',#5475,#2682);
#2373=LINE('',#5479,#2683);
#2374=LINE('',#5493,#2684);
#2375=LINE('',#5497,#2685);
#2376=LINE('',#5501,#2686);
#2377=LINE('',#5515,#2687);
#2378=LINE('',#5519,#2688);
#2379=LINE('',#5523,#2689);
#2380=LINE('',#5528,#2690);
#2381=LINE('',#5532,#2691);
#2382=LINE('',#5536,#2692);
#2383=LINE('',#5540,#2693);
#2384=LINE('',#5542,#2694);
#2385=LINE('',#5544,#2695);
#2386=LINE('',#5546,#2696);
#2387=LINE('',#5579,#2697);
#2388=LINE('',#5582,#2698);
#2389=LINE('',#5584,#2699);
#2390=LINE('',#5586,#2700);
#2391=LINE('',#5588,#2701);
#2392=LINE('',#5590,#2702);
#2393=LINE('',#5592,#2703);
#2394=LINE('',#5594,#2704);
#2395=LINE('',#5596,#2705);
#2396=LINE('',#5598,#2706);
#2397=LINE('',#5601,#2707);
#2398=LINE('',#5603,#2708);
#2399=LINE('',#5605,#2709);
#2400=LINE('',#5607,#2710);
#2401=LINE('',#5609,#2711);
#2402=LINE('',#5611,#2712);
#2403=LINE('',#5613,#2713);
#2404=LINE('',#5615,#2714);
#2405=LINE('',#5617,#2715);
#2406=LINE('',#5619,#2716);
#2407=LINE('',#5621,#2717);
#2408=LINE('',#5623,#2718);
#2409=LINE('',#5625,#2719);
#2410=LINE('',#5627,#2720);
#2411=LINE('',#5629,#2721);
#2412=LINE('',#5631,#2722);
#2413=LINE('',#5633,#2723);
#2414=LINE('',#5635,#2724);
#2415=LINE('',#5636,#2725);
#2416=LINE('',#5638,#2726);
#2417=LINE('',#5640,#2727);
#2418=LINE('',#5642,#2728);
#2419=LINE('',#5644,#2729);
#2420=LINE('',#5646,#2730);
#2421=LINE('',#5648,#2731);
#2422=LINE('',#5650,#2732);
#2423=LINE('',#5651,#2733);
#2424=LINE('',#5653,#2734);
#2425=LINE('',#5655,#2735);
#2426=LINE('',#5657,#2736);
#2427=LINE('',#5662,#2737);
#2428=LINE('',#5663,#2738);
#2429=LINE('',#5665,#2739);
#2430=LINE('',#5669,#2740);
#2431=LINE('',#5689,#2741);
#2432=LINE('',#5692,#2742);
#2433=LINE('',#5694,#2743);
#2434=LINE('',#5696,#2744);
#2435=LINE('',#5698,#2745);
#2436=LINE('',#5700,#2746);
#2437=LINE('',#5702,#2747);
#2438=LINE('',#5704,#2748);
#2439=LINE('',#5706,#2749);
#2440=LINE('',#5708,#2750);
#2441=LINE('',#5711,#2751);
#2442=LINE('',#5713,#2752);
#2443=LINE('',#5715,#2753);
#2444=LINE('',#5717,#2754);
#2445=LINE('',#5719,#2755);
#2446=LINE('',#5721,#2756);
#2447=LINE('',#5723,#2757);
#2448=LINE('',#5725,#2758);
#2449=LINE('',#5727,#2759);
#2450=LINE('',#5729,#2760);
#2451=LINE('',#5731,#2761);
#2452=LINE('',#5733,#2762);
#2453=LINE('',#5735,#2763);
#2454=LINE('',#5737,#2764);
#2455=LINE('',#5739,#2765);
#2456=LINE('',#5741,#2766);
#2457=LINE('',#5743,#2767);
#2458=LINE('',#5745,#2768);
#2459=LINE('',#5746,#2769);
#2460=LINE('',#5748,#2770);
#2461=LINE('',#5750,#2771);
#2462=LINE('',#5752,#2772);
#2463=LINE('',#5754,#2773);
#2464=LINE('',#5756,#2774);
#2465=LINE('',#5758,#2775);
#2466=LINE('',#5760,#2776);
#2467=LINE('',#5761,#2777);
#2468=LINE('',#5763,#2778);
#2469=LINE('',#5765,#2779);
#2470=LINE('',#5767,#2780);
#2471=LINE('',#5772,#2781);
#2472=LINE('',#5773,#2782);
#2473=LINE('',#5775,#2783);
#2474=LINE('',#5779,#2784);
#2475=LINE('',#5817,#2785);
#2476=LINE('',#5829,#2786);
#2477=LINE('',#5831,#2787);
#2478=LINE('',#5833,#2788);
#2479=LINE('',#5835,#2789);
#2480=LINE('',#5847,#2790);
#2481=LINE('',#5849,#2791);
#2482=LINE('',#5851,#2792);
#2483=LINE('',#5857,#2793);
#2484=LINE('',#5860,#2794);
#2485=LINE('',#5862,#2795);
#2486=LINE('',#5864,#2796);
#2487=LINE('',#5866,#2797);
#2488=LINE('',#5869,#2798);
#2489=LINE('',#5871,#2799);
#2490=LINE('',#5873,#2800);
#2491=LINE('',#5875,#2801);
#2492=LINE('',#5878,#2802);
#2493=LINE('',#5880,#2803);
#2494=LINE('',#5882,#2804);
#2495=LINE('',#5884,#2805);
#2496=LINE('',#5890,#2806);
#2497=LINE('',#5892,#2807);
#2498=LINE('',#5894,#2808);
#2499=LINE('',#5896,#2809);
#2500=LINE('',#5899,#2810);
#2501=LINE('',#5903,#2811);
#2502=LINE('',#5905,#2812);
#2503=LINE('',#5910,#2813);
#2504=LINE('',#5912,#2814);
#2505=LINE('',#5914,#2815);
#2506=LINE('',#5916,#2816);
#2507=LINE('',#6261,#2817);
#2508=LINE('',#6278,#2818);
#2509=LINE('',#6285,#2819);
#2510=LINE('',#6287,#2820);
#2511=LINE('',#6289,#2821);
#2512=LINE('',#6293,#2822);
#2513=LINE('',#6295,#2823);
#2514=LINE('',#6297,#2824);
#2515=LINE('',#6301,#2825);
#2516=LINE('',#6303,#2826);
#2517=LINE('',#6355,#2827);
#2518=LINE('',#6380,#2828);
#2519=LINE('',#6387,#2829);
#2520=LINE('',#6389,#2830);
#2521=LINE('',#6391,#2831);
#2522=LINE('',#6395,#2832);
#2523=LINE('',#6397,#2833);
#2524=LINE('',#6399,#2834);
#2525=LINE('',#6403,#2835);
#2526=LINE('',#6405,#2836);
#2527=LINE('',#6449,#2837);
#2528=LINE('',#6662,#2838);
#2529=LINE('',#6665,#2839);
#2530=LINE('',#6667,#2840);
#2531=LINE('',#6669,#2841);
#2532=LINE('',#6671,#2842);
#2533=LINE('',#6674,#2843);
#2534=LINE('',#6676,#2844);
#2535=LINE('',#6678,#2845);
#2536=LINE('',#6680,#2846);
#2537=LINE('',#6681,#2847);
#2538=LINE('',#6683,#2848);
#2539=LINE('',#6685,#2849);
#2540=LINE('',#6688,#2850);
#2541=LINE('',#6690,#2851);
#2542=LINE('',#6692,#2852);
#2543=LINE('',#6694,#2853);
#2544=LINE('',#6696,#2854);
#2545=LINE('',#6697,#2855);
#2546=LINE('',#6701,#2856);
#2547=LINE('',#6702,#2857);
#2548=LINE('',#6704,#2858);
#2549=LINE('',#6707,#2859);
#2550=LINE('',#6709,#2860);
#2551=LINE('',#6711,#2861);
#2552=LINE('',#6713,#2862);
#2553=LINE('',#6715,#2863);
#2554=LINE('',#6717,#2864);
#2555=LINE('',#6719,#2865);
#2556=LINE('',#6721,#2866);
#2557=LINE('',#6723,#2867);
#2558=LINE('',#6725,#2868);
#2559=LINE('',#6727,#2869);
#2560=LINE('',#6729,#2870);
#2561=LINE('',#6731,#2871);
#2562=LINE('',#6732,#2872);
#2563=LINE('',#6734,#2873);
#2564=LINE('',#6735,#2874);
#2565=LINE('',#6737,#2875);
#2566=LINE('',#6744,#2876);
#2567=LINE('',#6748,#2877);
#2568=LINE('',#6752,#2878);
#2569=LINE('',#6755,#2879);
#2570=LINE('',#6757,#2880);
#2571=LINE('',#6761,#2881);
#2572=LINE('',#6763,#2882);
#2573=LINE('',#6765,#2883);
#2574=LINE('',#6767,#2884);
#2575=LINE('',#6771,#2885);
#2576=LINE('',#6779,#2886);
#2577=LINE('',#6783,#2887);
#2578=LINE('',#6787,#2888);
#2579=LINE('',#6790,#2889);
#2580=LINE('',#6794,#2890);
#2581=LINE('',#6798,#2891);
#2582=LINE('',#6802,#2892);
#2583=LINE('',#6810,#2893);
#2584=LINE('',#6814,#2894);
#2585=LINE('',#6816,#2895);
#2586=LINE('',#6817,#2896);
#2587=LINE('',#6819,#2897);
#2588=LINE('',#6822,#2898);
#2589=LINE('',#6824,#2899);
#2590=LINE('',#6826,#2900);
#2591=LINE('',#6828,#2901);
#2592=LINE('',#6843,#2902);
#2593=LINE('',#6845,#2903);
#2594=LINE('',#6868,#2904);
#2595=LINE('',#6875,#2905);
#2596=LINE('',#6891,#2906);
#2597=LINE('',#6895,#2907);
#2598=LINE('',#6899,#2908);
#2599=LINE('',#6901,#2909);
#2600=LINE('',#6904,#2910);
#2601=LINE('',#6906,#2911);
#2602=LINE('',#6908,#2912);
#2603=LINE('',#6910,#2913);
#2604=LINE('',#6912,#2914);
#2605=LINE('',#6914,#2915);
#2606=LINE('',#6916,#2916);
#2607=LINE('',#6917,#2917);
#2608=LINE('',#6919,#2918);
#2609=LINE('',#6921,#2919);
#2610=LINE('',#6923,#2920);
#2611=LINE('',#6927,#2921);
#2612=LINE('',#6929,#2922);
#2613=LINE('',#6931,#2923);
#2614=LINE('',#6933,#2924);
#2615=LINE('',#6935,#2925);
#2616=LINE('',#6937,#2926);
#2617=LINE('',#6941,#2927);
#2618=LINE('',#6945,#2928);
#2619=LINE('',#6949,#2929);
#2620=LINE('',#6951,#2930);
#2621=LINE('',#6953,#2931);
#2622=LINE('',#6955,#2932);
#2623=LINE('',#6957,#2933);
#2624=LINE('',#6959,#2934);
#2625=LINE('',#6963,#2935);
#2626=LINE('',#6967,#2936);
#2627=LINE('',#6969,#2937);
#2628=LINE('',#6971,#2938);
#2629=LINE('',#6993,#2939);
#2630=LINE('',#6995,#2940);
#2631=LINE('',#7002,#2941);
#2632=LINE('',#7004,#2942);
#2633=LINE('',#7005,#2943);
#2634=LINE('',#7007,#2944);
#2635=LINE('',#7008,#2945);
#2636=LINE('',#7010,#2946);
#2637=LINE('',#7018,#2947);
#2638=LINE('',#7020,#2948);
#2639=LINE('',#7022,#2949);
#2640=LINE('',#7024,#2950);
#2641=LINE('',#7026,#2951);
#2642=LINE('',#7028,#2952);
#2643=LINE('',#7030,#2953);
#2644=LINE('',#7032,#2954);
#2645=LINE('',#7034,#2955);
#2646=LINE('',#7036,#2956);
#2647=LINE('',#7038,#2957);
#2648=LINE('',#7043,#2958);
#2649=LINE('',#7046,#2959);
#2650=LINE('',#7048,#2960);
#2651=LINE('',#7052,#2961);
#2652=LINE('',#7054,#2962);
#2653=LINE('',#7056,#2963);
#2654=LINE('',#7104,#2964);
#2655=VECTOR('',#4252,1000.);
#2656=VECTOR('',#4253,1000.);
#2657=VECTOR('',#4254,1000.);
#2658=VECTOR('',#4255,1000.);
#2659=VECTOR('',#4256,1000.);
#2660=VECTOR('',#4257,1000.);
#2661=VECTOR('',#4258,1000.);
#2662=VECTOR('',#4259,1000.);
#2663=VECTOR('',#4260,1000.);
#2664=VECTOR('',#4261,1000.);
#2665=VECTOR('',#4262,1000.);
#2666=VECTOR('',#4263,1000.);
#2667=VECTOR('',#4264,1000.);
#2668=VECTOR('',#4265,1000.);
#2669=VECTOR('',#4268,1000.);
#2670=VECTOR('',#4283,1000.);
#2671=VECTOR('',#4284,1000.);
#2672=VECTOR('',#4287,1000.);
#2673=VECTOR('',#4288,1000.);
#2674=VECTOR('',#4291,1000.);
#2675=VECTOR('',#4294,1000.);
#2676=VECTOR('',#4297,1000.);
#2677=VECTOR('',#4304,1000.);
#2678=VECTOR('',#4307,1000.);
#2679=VECTOR('',#4310,1000.);
#2680=VECTOR('',#4313,1000.);
#2681=VECTOR('',#4314,1000.);
#2682=VECTOR('',#4317,1000.);
#2683=VECTOR('',#4320,1000.);
#2684=VECTOR('',#4321,1000.);
#2685=VECTOR('',#4324,1000.);
#2686=VECTOR('',#4327,1000.);
#2687=VECTOR('',#4328,1000.);
#2688=VECTOR('',#4331,1000.);
#2689=VECTOR('',#4336,1000.);
#2690=VECTOR('',#4339,1000.);
#2691=VECTOR('',#4342,1000.);
#2692=VECTOR('',#4345,1000.);
#2693=VECTOR('',#4348,1000.);
#2694=VECTOR('',#4349,1000.);
#2695=VECTOR('',#4350,1000.);
#2696=VECTOR('',#4351,1000.);
#2697=VECTOR('',#4364,1000.);
#2698=VECTOR('',#4365,1000.);
#2699=VECTOR('',#4366,1000.);
#2700=VECTOR('',#4367,1000.);
#2701=VECTOR('',#4368,1000.);
#2702=VECTOR('',#4371,1000.);
#2703=VECTOR('',#4372,1000.);
#2704=VECTOR('',#4373,1000.);
#2705=VECTOR('',#4374,1000.);
#2706=VECTOR('',#4377,1000.);
#2707=VECTOR('',#4378,1000.);
#2708=VECTOR('',#4379,1000.);
#2709=VECTOR('',#4380,1000.);
#2710=VECTOR('',#4381,1000.);
#2711=VECTOR('',#4384,1000.);
#2712=VECTOR('',#4385,1000.);
#2713=VECTOR('',#4386,1000.);
#2714=VECTOR('',#4387,1000.);
#2715=VECTOR('',#4390,1000.);
#2716=VECTOR('',#4391,1000.);
#2717=VECTOR('',#4392,1000.);
#2718=VECTOR('',#4395,1000.);
#2719=VECTOR('',#4396,1000.);
#2720=VECTOR('',#4397,1000.);
#2721=VECTOR('',#4400,1000.);
#2722=VECTOR('',#4401,1000.);
#2723=VECTOR('',#4402,1000.);
#2724=VECTOR('',#4405,1000.);
#2725=VECTOR('',#4406,1000.);
#2726=VECTOR('',#4409,1000.);
#2727=VECTOR('',#4410,1000.);
#2728=VECTOR('',#4411,1000.);
#2729=VECTOR('',#4414,1000.);
#2730=VECTOR('',#4415,1000.);
#2731=VECTOR('',#4416,1000.);
#2732=VECTOR('',#4419,1000.);
#2733=VECTOR('',#4420,1000.);
#2734=VECTOR('',#4423,1000.);
#2735=VECTOR('',#4424,1000.);
#2736=VECTOR('',#4425,1000.);
#2737=VECTOR('',#4430,1000.);
#2738=VECTOR('',#4431,1000.);
#2739=VECTOR('',#4434,1000.);
#2740=VECTOR('',#4437,1000.);
#2741=VECTOR('',#4476,1000.);
#2742=VECTOR('',#4477,1000.);
#2743=VECTOR('',#4478,1000.);
#2744=VECTOR('',#4479,1000.);
#2745=VECTOR('',#4480,1000.);
#2746=VECTOR('',#4483,1000.);
#2747=VECTOR('',#4484,1000.);
#2748=VECTOR('',#4485,1000.);
#2749=VECTOR('',#4486,1000.);
#2750=VECTOR('',#4489,1000.);
#2751=VECTOR('',#4490,1000.);
#2752=VECTOR('',#4491,1000.);
#2753=VECTOR('',#4492,1000.);
#2754=VECTOR('',#4493,1000.);
#2755=VECTOR('',#4496,1000.);
#2756=VECTOR('',#4497,1000.);
#2757=VECTOR('',#4498,1000.);
#2758=VECTOR('',#4499,1000.);
#2759=VECTOR('',#4502,1000.);
#2760=VECTOR('',#4503,1000.);
#2761=VECTOR('',#4504,1000.);
#2762=VECTOR('',#4507,1000.);
#2763=VECTOR('',#4508,1000.);
#2764=VECTOR('',#4509,1000.);
#2765=VECTOR('',#4512,1000.);
#2766=VECTOR('',#4513,1000.);
#2767=VECTOR('',#4514,1000.);
#2768=VECTOR('',#4517,1000.);
#2769=VECTOR('',#4518,1000.);
#2770=VECTOR('',#4521,1000.);
#2771=VECTOR('',#4522,1000.);
#2772=VECTOR('',#4523,1000.);
#2773=VECTOR('',#4526,1000.);
#2774=VECTOR('',#4527,1000.);
#2775=VECTOR('',#4528,1000.);
#2776=VECTOR('',#4531,1000.);
#2777=VECTOR('',#4532,1000.);
#2778=VECTOR('',#4535,1000.);
#2779=VECTOR('',#4536,1000.);
#2780=VECTOR('',#4537,1000.);
#2781=VECTOR('',#4542,1000.);
#2782=VECTOR('',#4543,1000.);
#2783=VECTOR('',#4546,1000.);
#2784=VECTOR('',#4549,1000.);
#2785=VECTOR('',#4612,1000.);
#2786=VECTOR('',#4615,1000.);
#2787=VECTOR('',#4616,1000.);
#2788=VECTOR('',#4617,1000.);
#2789=VECTOR('',#4620,1000.);
#2790=VECTOR('',#4623,1000.);
#2791=VECTOR('',#4624,1000.);
#2792=VECTOR('',#4625,1000.);
#2793=VECTOR('',#4636,1000.);
#2794=VECTOR('',#4637,1000.);
#2795=VECTOR('',#4638,1000.);
#2796=VECTOR('',#4639,1000.);
#2797=VECTOR('',#4642,1000.);
#2798=VECTOR('',#4643,1000.);
#2799=VECTOR('',#4644,1000.);
#2800=VECTOR('',#4645,1000.);
#2801=VECTOR('',#4648,1000.);
#2802=VECTOR('',#4649,1000.);
#2803=VECTOR('',#4650,1000.);
#2804=VECTOR('',#4651,1000.);
#2805=VECTOR('',#4652,1000.);
#2806=VECTOR('',#4655,1000.);
#2807=VECTOR('',#4656,1000.);
#2808=VECTOR('',#4657,1000.);
#2809=VECTOR('',#4660,1000.);
#2810=VECTOR('',#4661,1000.);
#2811=VECTOR('',#4664,1000.);
#2812=VECTOR('',#4665,1000.);
#2813=VECTOR('',#4670,1000.);
#2814=VECTOR('',#4671,1000.);
#2815=VECTOR('',#4672,1000.);
#2816=VECTOR('',#4673,1000.);
#2817=VECTOR('',#4782,1000.);
#2818=VECTOR('',#4783,1000.);
#2819=VECTOR('',#4786,1000.);
#2820=VECTOR('',#4787,1000.);
#2821=VECTOR('',#4790,1000.);
#2822=VECTOR('',#4795,1000.);
#2823=VECTOR('',#4796,1000.);
#2824=VECTOR('',#4799,1000.);
#2825=VECTOR('',#4804,1000.);
#2826=VECTOR('',#4805,1000.);
#2827=VECTOR('',#4808,1000.);
#2828=VECTOR('',#4809,1000.);
#2829=VECTOR('',#4812,1000.);
#2830=VECTOR('',#4813,1000.);
#2831=VECTOR('',#4816,1000.);
#2832=VECTOR('',#4821,1000.);
#2833=VECTOR('',#4822,1000.);
#2834=VECTOR('',#4825,1000.);
#2835=VECTOR('',#4830,1000.);
#2836=VECTOR('',#4831,1000.);
#2837=VECTOR('',#4846,1000.);
#2838=VECTOR('',#4951,1000.);
#2839=VECTOR('',#4952,1000.);
#2840=VECTOR('',#4953,1000.);
#2841=VECTOR('',#4954,1000.);
#2842=VECTOR('',#4957,1000.);
#2843=VECTOR('',#4958,1000.);
#2844=VECTOR('',#4959,1000.);
#2845=VECTOR('',#4960,1000.);
#2846=VECTOR('',#4963,1000.);
#2847=VECTOR('',#4964,1000.);
#2848=VECTOR('',#4965,1000.);
#2849=VECTOR('',#4968,1000.);
#2850=VECTOR('',#4969,1000.);
#2851=VECTOR('',#4970,1000.);
#2852=VECTOR('',#4971,1000.);
#2853=VECTOR('',#4974,1000.);
#2854=VECTOR('',#4975,1000.);
#2855=VECTOR('',#4976,1000.);
#2856=VECTOR('',#4981,1000.);
#2857=VECTOR('',#4982,1000.);
#2858=VECTOR('',#4985,1000.);
#2859=VECTOR('',#4986,1000.);
#2860=VECTOR('',#4987,1000.);
#2861=VECTOR('',#4988,1000.);
#2862=VECTOR('',#4991,1000.);
#2863=VECTOR('',#4992,1000.);
#2864=VECTOR('',#4993,1000.);
#2865=VECTOR('',#4994,1000.);
#2866=VECTOR('',#4997,1000.);
#2867=VECTOR('',#4998,1000.);
#2868=VECTOR('',#4999,1000.);
#2869=VECTOR('',#5000,1000.);
#2870=VECTOR('',#5001,1000.);
#2871=VECTOR('',#5004,1000.);
#2872=VECTOR('',#5005,1000.);
#2873=VECTOR('',#5008,1000.);
#2874=VECTOR('',#5009,1000.);
#2875=VECTOR('',#5012,1000.);
#2876=VECTOR('',#5013,1000.);
#2877=VECTOR('',#5016,1000.);
#2878=VECTOR('',#5021,1000.);
#2879=VECTOR('',#5022,1000.);
#2880=VECTOR('',#5023,1000.);
#2881=VECTOR('',#5026,1000.);
#2882=VECTOR('',#5027,1000.);
#2883=VECTOR('',#5030,1000.);
#2884=VECTOR('',#5031,1000.);
#2885=VECTOR('',#5034,1000.);
#2886=VECTOR('',#5041,1000.);
#2887=VECTOR('',#5044,1000.);
#2888=VECTOR('',#5047,1000.);
#2889=VECTOR('',#5050,1000.);
#2890=VECTOR('',#5055,1000.);
#2891=VECTOR('',#5058,1000.);
#2892=VECTOR('',#5061,1000.);
#2893=VECTOR('',#5068,1000.);
#2894=VECTOR('',#5071,1000.);
#2895=VECTOR('',#5072,1000.);
#2896=VECTOR('',#5073,1000.);
#2897=VECTOR('',#5076,1000.);
#2898=VECTOR('',#5077,1000.);
#2899=VECTOR('',#5078,1000.);
#2900=VECTOR('',#5079,1000.);
#2901=VECTOR('',#5082,1000.);
#2902=VECTOR('',#5087,1000.);
#2903=VECTOR('',#5088,1000.);
#2904=VECTOR('',#5099,1000.);
#2905=VECTOR('',#5100,1000.);
#2906=VECTOR('',#5103,1000.);
#2907=VECTOR('',#5108,1000.);
#2908=VECTOR('',#5113,1000.);
#2909=VECTOR('',#5116,1000.);
#2910=VECTOR('',#5117,1000.);
#2911=VECTOR('',#5118,1000.);
#2912=VECTOR('',#5119,1000.);
#2913=VECTOR('',#5122,1000.);
#2914=VECTOR('',#5123,1000.);
#2915=VECTOR('',#5126,1000.);
#2916=VECTOR('',#5127,1000.);
#2917=VECTOR('',#5128,1000.);
#2918=VECTOR('',#5131,1000.);
#2919=VECTOR('',#5132,1000.);
#2920=VECTOR('',#5133,1000.);
#2921=VECTOR('',#5138,1000.);
#2922=VECTOR('',#5141,1000.);
#2923=VECTOR('',#5142,1000.);
#2924=VECTOR('',#5145,1000.);
#2925=VECTOR('',#5146,1000.);
#2926=VECTOR('',#5147,1000.);
#2927=VECTOR('',#5152,1000.);
#2928=VECTOR('',#5157,1000.);
#2929=VECTOR('',#5162,1000.);
#2930=VECTOR('',#5165,1000.);
#2931=VECTOR('',#5166,1000.);
#2932=VECTOR('',#5169,1000.);
#2933=VECTOR('',#5170,1000.);
#2934=VECTOR('',#5171,1000.);
#2935=VECTOR('',#5178,1000.);
#2936=VECTOR('',#5183,1000.);
#2937=VECTOR('',#5184,1000.);
#2938=VECTOR('',#5185,1000.);
#2939=VECTOR('',#5202,1000.);
#2940=VECTOR('',#5205,1000.);
#2941=VECTOR('',#5210,1000.);
#2942=VECTOR('',#5211,1000.);
#2943=VECTOR('',#5212,1000.);
#2944=VECTOR('',#5215,1000.);
#2945=VECTOR('',#5216,1000.);
#2946=VECTOR('',#5217,1000.);
#2947=VECTOR('',#5232,1000.);
#2948=VECTOR('',#5235,1000.);
#2949=VECTOR('',#5238,1000.);
#2950=VECTOR('',#5241,1000.);
#2951=VECTOR('',#5244,1000.);
#2952=VECTOR('',#5247,1000.);
#2953=VECTOR('',#5250,1000.);
#2954=VECTOR('',#5253,1000.);
#2955=VECTOR('',#5256,1000.);
#2956=VECTOR('',#5259,1000.);
#2957=VECTOR('',#5262,1000.);
#2958=VECTOR('',#5271,1000.);
#2959=VECTOR('',#5276,1000.);
#2960=VECTOR('',#5279,1000.);
#2961=VECTOR('',#5286,1000.);
#2962=VECTOR('',#5289,1000.);
#2963=VECTOR('',#5292,1000.);
#2964=VECTOR('',#5309,1000.);
#2965=EDGE_LOOP('',(#361,#362,#363,#364,#365,#366,#367,#368,#369,#370,#371,
#372,#373,#374,#375,#376));
#2966=EDGE_LOOP('',(#377,#378,#379,#380,#381));
#2967=EDGE_LOOP('',(#382,#383,#384,#385,#386,#387));
#2968=EDGE_LOOP('',(#388,#389,#390));
#2969=EDGE_LOOP('',(#391));
#2970=EDGE_LOOP('',(#392));
#2971=EDGE_LOOP('',(#393,#394,#395,#396,#397,#398,#399,#400,#401,#402,#403,
#404,#405,#406,#407,#408,#409,#410,#411,#412,#413,#414,#415,#416,#417,#418,
#419,#420,#421,#422,#423,#424,#425,#426,#427,#428,#429,#430,#431,#432));
#2972=EDGE_LOOP('',(#433,#434,#435,#436,#437,#438,#439,#440,#441,#442,#443,
#444));
#2973=EDGE_LOOP('',(#445,#446,#447,#448));
#2974=EDGE_LOOP('',(#449,#450,#451,#452,#453));
#2975=EDGE_LOOP('',(#454,#455,#456,#457,#458));
#2976=EDGE_LOOP('',(#459,#460,#461,#462,#463));
#2977=EDGE_LOOP('',(#464,#465,#466,#467,#468));
#2978=EDGE_LOOP('',(#469,#470,#471,#472,#473));
#2979=EDGE_LOOP('',(#474,#475,#476,#477,#478));
#2980=EDGE_LOOP('',(#479,#480,#481,#482));
#2981=EDGE_LOOP('',(#483,#484,#485,#486));
#2982=EDGE_LOOP('',(#487,#488,#489,#490));
#2983=EDGE_LOOP('',(#491,#492,#493,#494));
#2984=EDGE_LOOP('',(#495,#496,#497,#498));
#2985=EDGE_LOOP('',(#499,#500,#501,#502));
#2986=EDGE_LOOP('',(#503,#504,#505,#506));
#2987=EDGE_LOOP('',(#507,#508,#509,#510));
#2988=EDGE_LOOP('',(#511,#512,#513,#514,#515));
#2989=EDGE_LOOP('',(#516,#517,#518,#519,#520));
#2990=EDGE_LOOP('',(#521,#522,#523));
#2991=EDGE_LOOP('',(#524,#525,#526));
#2992=EDGE_LOOP('',(#527,#528,#529,#530,#531));
#2993=EDGE_LOOP('',(#532,#533,#534));
#2994=EDGE_LOOP('',(#535,#536,#537,#538,#539));
#2995=EDGE_LOOP('',(#540,#541,#542));
#2996=EDGE_LOOP('',(#543,#544,#545));
#2997=EDGE_LOOP('',(#546,#547,#548));
#2998=EDGE_LOOP('',(#549,#550,#551));
#2999=EDGE_LOOP('',(#552,#553,#554,#555,#556));
#3000=EDGE_LOOP('',(#557,#558,#559,#560,#561));
#3001=EDGE_LOOP('',(#562,#563,#564,#565,#566));
#3002=EDGE_LOOP('',(#567,#568,#569,#570,#571));
#3003=EDGE_LOOP('',(#572,#573,#574,#575));
#3004=EDGE_LOOP('',(#576,#577,#578,#579));
#3005=EDGE_LOOP('',(#580,#581,#582,#583));
#3006=EDGE_LOOP('',(#584,#585,#586,#587));
#3007=EDGE_LOOP('',(#588,#589,#590,#591));
#3008=EDGE_LOOP('',(#592,#593,#594,#595));
#3009=EDGE_LOOP('',(#596,#597,#598,#599));
#3010=EDGE_LOOP('',(#600,#601,#602,#603));
#3011=EDGE_LOOP('',(#604,#605,#606,#607,#608));
#3012=EDGE_LOOP('',(#609,#610,#611,#612,#613));
#3013=EDGE_LOOP('',(#614,#615,#616));
#3014=EDGE_LOOP('',(#617,#618,#619));
#3015=EDGE_LOOP('',(#620,#621,#622,#623,#624));
#3016=EDGE_LOOP('',(#625,#626,#627));
#3017=EDGE_LOOP('',(#628,#629,#630,#631,#632));
#3018=EDGE_LOOP('',(#633,#634,#635));
#3019=EDGE_LOOP('',(#636,#637,#638));
#3020=EDGE_LOOP('',(#639,#640,#641));
#3021=EDGE_LOOP('',(#642,#643,#644));
#3022=EDGE_LOOP('',(#645));
#3023=EDGE_LOOP('',(#646,#647,#648,#649));
#3024=EDGE_LOOP('',(#650));
#3025=EDGE_LOOP('',(#651,#652,#653,#654));
#3026=EDGE_LOOP('',(#655,#656,#657,#658));
#3027=EDGE_LOOP('',(#659,#660,#661,#662));
#3028=EDGE_LOOP('',(#663,#664,#665,#666));
#3029=EDGE_LOOP('',(#667,#668,#669,#670));
#3030=EDGE_LOOP('',(#671,#672,#673,#674));
#3031=EDGE_LOOP('',(#675,#676,#677,#678));
#3032=EDGE_LOOP('',(#679,#680,#681));
#3033=EDGE_LOOP('',(#682,#683,#684));
#3034=EDGE_LOOP('',(#685,#686,#687,#688));
#3035=EDGE_LOOP('',(#689,#690,#691,#692));
#3036=EDGE_LOOP('',(#693,#694,#695,#696,#697));
#3037=EDGE_LOOP('',(#698,#699,#700,#701,#702,#703));
#3038=EDGE_LOOP('',(#704,#705,#706,#707,#708));
#3039=EDGE_LOOP('',(#709,#710,#711,#712,#713));
#3040=EDGE_LOOP('',(#714,#715,#716,#717));
#3041=EDGE_LOOP('',(#718,#719,#720,#721,#722));
#3042=EDGE_LOOP('',(#723,#724,#725,#726));
#3043=EDGE_LOOP('',(#727,#728,#729,#730));
#3044=EDGE_LOOP('',(#731,#732,#733,#734));
#3045=EDGE_LOOP('',(#735,#736,#737,#738,#739));
#3046=EDGE_LOOP('',(#740,#741,#742,#743));
#3047=EDGE_LOOP('',(#744,#745,#746,#747));
#3048=EDGE_LOOP('',(#748,#749,#750,#751));
#3049=EDGE_LOOP('',(#752,#753,#754,#755));
#3050=EDGE_LOOP('',(#756,#757,#758,#759));
#3051=EDGE_LOOP('',(#760,#761,#762));
#3052=EDGE_LOOP('',(#763,#764,#765,#766));
#3053=EDGE_LOOP('',(#767,#768,#769,#770));
#3054=EDGE_LOOP('',(#771,#772,#773,#774));
#3055=EDGE_LOOP('',(#775,#776,#777,#778));
#3056=EDGE_LOOP('',(#779,#780,#781,#782));
#3057=EDGE_LOOP('',(#783,#784,#785,#786));
#3058=EDGE_LOOP('',(#787,#788,#789,#790));
#3059=EDGE_LOOP('',(#791,#792,#793,#794,#795,#796));
#3060=EDGE_LOOP('',(#797,#798,#799,#800));
#3061=EDGE_LOOP('',(#801,#802,#803,#804));
#3062=EDGE_LOOP('',(#805,#806,#807,#808));
#3063=EDGE_LOOP('',(#809,#810,#811,#812));
#3064=EDGE_LOOP('',(#813,#814,#815,#816));
#3065=EDGE_LOOP('',(#817,#818,#819,#820));
#3066=EDGE_LOOP('',(#821,#822,#823));
#3067=EDGE_LOOP('',(#824,#825,#826));
#3068=EDGE_LOOP('',(#827,#828,#829,#830,#831,#832,#833,#834,#835,#836,#837,
#838));
#3069=EDGE_LOOP('',(#839));
#3070=EDGE_LOOP('',(#840,#841,#842));
#3071=EDGE_LOOP('',(#843,#844,#845,#846,#847,#848,#849,#850,#851,#852,#853,
#854));
#3072=EDGE_LOOP('',(#855));
#3073=EDGE_LOOP('',(#856,#857,#858,#859));
#3074=EDGE_LOOP('',(#860,#861,#862,#863));
#3075=EDGE_LOOP('',(#864,#865,#866,#867));
#3076=EDGE_LOOP('',(#868,#869,#870,#871));
#3077=EDGE_LOOP('',(#872,#873,#874,#875));
#3078=EDGE_LOOP('',(#876,#877,#878,#879));
#3079=EDGE_LOOP('',(#880,#881,#882,#883));
#3080=EDGE_LOOP('',(#884,#885,#886,#887));
#3081=EDGE_LOOP('',(#888,#889,#890,#891));
#3082=EDGE_LOOP('',(#892,#893,#894,#895));
#3083=EDGE_LOOP('',(#896,#897,#898,#899));
#3084=EDGE_LOOP('',(#900,#901,#902,#903));
#3085=EDGE_LOOP('',(#904,#905,#906,#907));
#3086=EDGE_LOOP('',(#908,#909,#910,#911));
#3087=EDGE_LOOP('',(#912,#913,#914,#915));
#3088=EDGE_LOOP('',(#916,#917,#918,#919));
#3089=EDGE_LOOP('',(#920,#921,#922,#923));
#3090=EDGE_LOOP('',(#924,#925,#926,#927));
#3091=EDGE_LOOP('',(#928));
#3092=EDGE_LOOP('',(#929));
#3093=EDGE_LOOP('',(#930));
#3094=EDGE_LOOP('',(#931));
#3095=EDGE_LOOP('',(#932));
#3096=EDGE_LOOP('',(#933));
#3097=EDGE_LOOP('',(#934,#935,#936,#937));
#3098=EDGE_LOOP('',(#938));
#3099=EDGE_LOOP('',(#939));
#3100=EDGE_LOOP('',(#940));
#3101=EDGE_LOOP('',(#941));
#3102=EDGE_LOOP('',(#942));
#3103=EDGE_LOOP('',(#943));
#3104=EDGE_LOOP('',(#944));
#3105=EDGE_LOOP('',(#945,#946,#947,#948,#949,#950,#951,#952,#953,#954,#955,
#956,#957,#958,#959,#960,#961,#962,#963,#964));
#3106=EDGE_LOOP('',(#965,#966,#967,#968,#969,#970));
#3107=EDGE_LOOP('',(#971));
#3108=EDGE_LOOP('',(#972,#973,#974,#975));
#3109=EDGE_LOOP('',(#976));
#3110=EDGE_LOOP('',(#977));
#3111=EDGE_LOOP('',(#978));
#3112=EDGE_LOOP('',(#979));
#3113=EDGE_LOOP('',(#980,#981,#982,#983,#984,#985));
#3114=EDGE_LOOP('',(#986));
#3115=EDGE_LOOP('',(#987,#988,#989,#990));
#3116=EDGE_LOOP('',(#991));
#3117=EDGE_LOOP('',(#992));
#3118=EDGE_LOOP('',(#993));
#3119=EDGE_LOOP('',(#994));
#3120=EDGE_LOOP('',(#995));
#3121=EDGE_LOOP('',(#996));
#3122=EDGE_LOOP('',(#997));
#3123=EDGE_LOOP('',(#998));
#3124=EDGE_LOOP('',(#999));
#3125=EDGE_LOOP('',(#1000));
#3126=EDGE_LOOP('',(#1001));
#3127=EDGE_LOOP('',(#1002));
#3128=EDGE_LOOP('',(#1003));
#3129=EDGE_LOOP('',(#1004));
#3130=EDGE_LOOP('',(#1005));
#3131=EDGE_LOOP('',(#1006));
#3132=EDGE_LOOP('',(#1007));
#3133=EDGE_LOOP('',(#1008));
#3134=EDGE_LOOP('',(#1009));
#3135=EDGE_LOOP('',(#1010));
#3136=EDGE_LOOP('',(#1011,#1012,#1013,#1014));
#3137=EDGE_LOOP('',(#1015,#1016,#1017,#1018));
#3138=EDGE_LOOP('',(#1019,#1020,#1021,#1022));
#3139=EDGE_LOOP('',(#1023,#1024,#1025,#1026));
#3140=EDGE_LOOP('',(#1027,#1028,#1029,#1030));
#3141=EDGE_LOOP('',(#1031,#1032,#1033,#1034));
#3142=EDGE_LOOP('',(#1035,#1036,#1037,#1038));
#3143=EDGE_LOOP('',(#1039,#1040,#1041,#1042));
#3144=EDGE_LOOP('',(#1043,#1044,#1045,#1046));
#3145=EDGE_LOOP('',(#1047,#1048,#1049,#1050));
#3146=EDGE_LOOP('',(#1051,#1052,#1053,#1054));
#3147=EDGE_LOOP('',(#1055,#1056,#1057,#1058));
#3148=EDGE_LOOP('',(#1059,#1060,#1061,#1062));
#3149=EDGE_LOOP('',(#1063,#1064,#1065,#1066));
#3150=EDGE_LOOP('',(#1067,#1068,#1069,#1070));
#3151=EDGE_LOOP('',(#1071,#1072,#1073,#1074,#1075));
#3152=EDGE_LOOP('',(#1076,#1077,#1078,#1079));
#3153=EDGE_LOOP('',(#1080,#1081,#1082,#1083,#1084));
#3154=EDGE_LOOP('',(#1085,#1086,#1087,#1088,#1089,#1090));
#3155=EDGE_LOOP('',(#1091,#1092,#1093,#1094,#1095));
#3156=EDGE_LOOP('',(#1096,#1097,#1098,#1099,#1100));
#3157=EDGE_LOOP('',(#1101,#1102,#1103,#1104,#1105,#1106,#1107));
#3158=EDGE_LOOP('',(#1108,#1109,#1110,#1111,#1112,#1113));
#3159=EDGE_LOOP('',(#1114));
#3160=EDGE_LOOP('',(#1115,#1116,#1117,#1118,#1119,#1120,#1121,#1122,#1123,
#1124,#1125,#1126,#1127,#1128,#1129,#1130,#1131));
#3161=EDGE_LOOP('',(#1132));
#3162=EDGE_LOOP('',(#1133));
#3163=EDGE_LOOP('',(#1134,#1135,#1136,#1137,#1138,#1139,#1140,#1141,#1142,
#1143,#1144,#1145,#1146,#1147,#1148,#1149,#1150));
#3164=EDGE_LOOP('',(#1151));
#3165=EDGE_LOOP('',(#1152));
#3166=EDGE_LOOP('',(#1153,#1154,#1155,#1156));
#3167=EDGE_LOOP('',(#1157,#1158,#1159,#1160,#1161,#1162,#1163,#1164,#1165));
#3168=EDGE_LOOP('',(#1166,#1167,#1168,#1169));
#3169=EDGE_LOOP('',(#1170,#1171,#1172,#1173,#1174,#1175));
#3170=EDGE_LOOP('',(#1176,#1177,#1178,#1179,#1180,#1181));
#3171=EDGE_LOOP('',(#1182,#1183,#1184,#1185,#1186,#1187));
#3172=EDGE_LOOP('',(#1188,#1189,#1190,#1191,#1192));
#3173=EDGE_LOOP('',(#1193,#1194,#1195,#1196));
#3174=EDGE_LOOP('',(#1197,#1198,#1199,#1200));
#3175=EDGE_LOOP('',(#1201,#1202,#1203,#1204));
#3176=EDGE_LOOP('',(#1205,#1206,#1207,#1208,#1209,#1210));
#3177=EDGE_LOOP('',(#1211,#1212,#1213,#1214));
#3178=EDGE_LOOP('',(#1215,#1216,#1217,#1218));
#3179=EDGE_LOOP('',(#1219,#1220,#1221,#1222));
#3180=EDGE_LOOP('',(#1223,#1224,#1225,#1226));
#3181=EDGE_LOOP('',(#1227,#1228,#1229,#1230));
#3182=EDGE_LOOP('',(#1231,#1232,#1233,#1234,#1235,#1236));
#3183=EDGE_LOOP('',(#1237,#1238,#1239,#1240));
#3184=EDGE_LOOP('',(#1241,#1242,#1243,#1244));
#3185=EDGE_LOOP('',(#1245,#1246,#1247,#1248));
#3186=EDGE_LOOP('',(#1249,#1250,#1251,#1252));
#3187=EDGE_LOOP('',(#1253,#1254,#1255,#1256));
#3188=EDGE_LOOP('',(#1257,#1258,#1259,#1260,#1261,#1262,#1263,#1264,#1265));
#3189=EDGE_LOOP('',(#1266,#1267,#1268,#1269,#1270,#1271));
#3190=EDGE_LOOP('',(#1272,#1273,#1274,#1275));
#3191=EDGE_LOOP('',(#1276,#1277,#1278,#1279));
#3192=EDGE_LOOP('',(#1280,#1281,#1282));
#3193=EDGE_LOOP('',(#1283,#1284,#1285,#1286));
#3194=EDGE_LOOP('',(#1287,#1288,#1289,#1290));
#3195=EDGE_LOOP('',(#1291,#1292,#1293));
#3196=EDGE_LOOP('',(#1294,#1295,#1296,#1297,#1298,#1299,#1300,#1301));
#3197=EDGE_LOOP('',(#1302,#1303,#1304,#1305,#1306,#1307,#1308,#1309));
#3198=EDGE_LOOP('',(#1310,#1311,#1312,#1313));
#3199=EDGE_LOOP('',(#1314,#1315,#1316,#1317));
#3200=EDGE_LOOP('',(#1318,#1319,#1320,#1321));
#3201=EDGE_LOOP('',(#1322,#1323,#1324,#1325));
#3202=EDGE_LOOP('',(#1326,#1327,#1328,#1329));
#3203=EDGE_LOOP('',(#1330,#1331,#1332,#1333));
#3204=EDGE_LOOP('',(#1334,#1335,#1336,#1337));
#3205=EDGE_LOOP('',(#1338,#1339,#1340,#1341));
#3206=EDGE_LOOP('',(#1342,#1343,#1344,#1345));
#3207=EDGE_LOOP('',(#1346,#1347,#1348,#1349));
#3208=EDGE_LOOP('',(#1350,#1351,#1352,#1353));
#3209=EDGE_LOOP('',(#1354,#1355,#1356,#1357));
#3210=EDGE_LOOP('',(#1358,#1359,#1360,#1361));
#3211=EDGE_LOOP('',(#1362,#1363,#1364,#1365));
#3212=EDGE_LOOP('',(#1366,#1367,#1368,#1369));
#3213=EDGE_LOOP('',(#1370,#1371,#1372,#1373));
#3214=EDGE_LOOP('',(#1374,#1375,#1376,#1377));
#3215=EDGE_LOOP('',(#1378,#1379,#1380,#1381));
#3216=EDGE_LOOP('',(#1382,#1383,#1384,#1385));
#3217=EDGE_LOOP('',(#1386,#1387,#1388,#1389));
#3218=EDGE_LOOP('',(#1390,#1391,#1392,#1393));
#3219=EDGE_LOOP('',(#1394,#1395,#1396,#1397));
#3220=EDGE_LOOP('',(#1398,#1399,#1400,#1401));
#3221=EDGE_LOOP('',(#1402,#1403,#1404,#1405));
#3222=EDGE_LOOP('',(#1406,#1407,#1408,#1409));
#3223=EDGE_LOOP('',(#1410,#1411,#1412,#1413));
#3224=EDGE_LOOP('',(#1414,#1415,#1416,#1417,#1418));
#3225=EDGE_LOOP('',(#1419,#1420,#1421,#1422));
#3226=EDGE_LOOP('',(#1423,#1424,#1425,#1426,#1427));
#3227=EDGE_LOOP('',(#1428,#1429,#1430,#1431));
#3228=EDGE_LOOP('',(#1432,#1433,#1434,#1435));
#3229=EDGE_LOOP('',(#1436,#1437,#1438,#1439,#1440,#1441,#1442,#1443));
#3230=EDGE_LOOP('',(#1444,#1445,#1446,#1447,#1448));
#3231=EDGE_LOOP('',(#1449,#1450,#1451,#1452,#1453));
#3232=EDGE_LOOP('',(#1454,#1455,#1456,#1457,#1458));
#3233=FACE_BOUND('',#2965,.T.);
#3234=FACE_BOUND('',#2966,.T.);
#3235=FACE_BOUND('',#2967,.T.);
#3236=FACE_BOUND('',#2968,.T.);
#3237=FACE_BOUND('',#2969,.T.);
#3238=FACE_BOUND('',#2970,.T.);
#3239=FACE_BOUND('',#2971,.T.);
#3240=FACE_BOUND('',#2972,.T.);
#3241=FACE_BOUND('',#2973,.T.);
#3242=FACE_BOUND('',#2974,.T.);
#3243=FACE_BOUND('',#2975,.T.);
#3244=FACE_BOUND('',#2976,.T.);
#3245=FACE_BOUND('',#2977,.T.);
#3246=FACE_BOUND('',#2978,.T.);
#3247=FACE_BOUND('',#2979,.T.);
#3248=FACE_BOUND('',#2980,.T.);
#3249=FACE_BOUND('',#2981,.T.);
#3250=FACE_BOUND('',#2982,.T.);
#3251=FACE_BOUND('',#2983,.T.);
#3252=FACE_BOUND('',#2984,.T.);
#3253=FACE_BOUND('',#2985,.T.);
#3254=FACE_BOUND('',#2986,.T.);
#3255=FACE_BOUND('',#2987,.T.);
#3256=FACE_BOUND('',#2988,.T.);
#3257=FACE_BOUND('',#2989,.T.);
#3258=FACE_BOUND('',#2990,.T.);
#3259=FACE_BOUND('',#2991,.T.);
#3260=FACE_BOUND('',#2992,.T.);
#3261=FACE_BOUND('',#2993,.T.);
#3262=FACE_BOUND('',#2994,.T.);
#3263=FACE_BOUND('',#2995,.T.);
#3264=FACE_BOUND('',#2996,.T.);
#3265=FACE_BOUND('',#2997,.T.);
#3266=FACE_BOUND('',#2998,.T.);
#3267=FACE_BOUND('',#2999,.T.);
#3268=FACE_BOUND('',#3000,.T.);
#3269=FACE_BOUND('',#3001,.T.);
#3270=FACE_BOUND('',#3002,.T.);
#3271=FACE_BOUND('',#3003,.T.);
#3272=FACE_BOUND('',#3004,.T.);
#3273=FACE_BOUND('',#3005,.T.);
#3274=FACE_BOUND('',#3006,.T.);
#3275=FACE_BOUND('',#3007,.T.);
#3276=FACE_BOUND('',#3008,.T.);
#3277=FACE_BOUND('',#3009,.T.);
#3278=FACE_BOUND('',#3010,.T.);
#3279=FACE_BOUND('',#3011,.T.);
#3280=FACE_BOUND('',#3012,.T.);
#3281=FACE_BOUND('',#3013,.T.);
#3282=FACE_BOUND('',#3014,.T.);
#3283=FACE_BOUND('',#3015,.T.);
#3284=FACE_BOUND('',#3016,.T.);
#3285=FACE_BOUND('',#3017,.T.);
#3286=FACE_BOUND('',#3018,.T.);
#3287=FACE_BOUND('',#3019,.T.);
#3288=FACE_BOUND('',#3020,.T.);
#3289=FACE_BOUND('',#3021,.T.);
#3290=FACE_BOUND('',#3022,.T.);
#3291=FACE_BOUND('',#3023,.T.);
#3292=FACE_BOUND('',#3024,.T.);
#3293=FACE_BOUND('',#3025,.T.);
#3294=FACE_BOUND('',#3026,.T.);
#3295=FACE_BOUND('',#3027,.T.);
#3296=FACE_BOUND('',#3028,.T.);
#3297=FACE_BOUND('',#3029,.T.);
#3298=FACE_BOUND('',#3030,.T.);
#3299=FACE_BOUND('',#3031,.T.);
#3300=FACE_BOUND('',#3032,.T.);
#3301=FACE_BOUND('',#3033,.T.);
#3302=FACE_BOUND('',#3034,.T.);
#3303=FACE_BOUND('',#3035,.T.);
#3304=FACE_BOUND('',#3036,.T.);
#3305=FACE_BOUND('',#3037,.T.);
#3306=FACE_BOUND('',#3038,.T.);
#3307=FACE_BOUND('',#3039,.T.);
#3308=FACE_BOUND('',#3040,.T.);
#3309=FACE_BOUND('',#3041,.T.);
#3310=FACE_BOUND('',#3042,.T.);
#3311=FACE_BOUND('',#3043,.T.);
#3312=FACE_BOUND('',#3044,.T.);
#3313=FACE_BOUND('',#3045,.T.);
#3314=FACE_BOUND('',#3046,.T.);
#3315=FACE_BOUND('',#3047,.T.);
#3316=FACE_BOUND('',#3048,.T.);
#3317=FACE_BOUND('',#3049,.T.);
#3318=FACE_BOUND('',#3050,.T.);
#3319=FACE_BOUND('',#3051,.T.);
#3320=FACE_BOUND('',#3052,.T.);
#3321=FACE_BOUND('',#3053,.T.);
#3322=FACE_BOUND('',#3054,.T.);
#3323=FACE_BOUND('',#3055,.T.);
#3324=FACE_BOUND('',#3056,.T.);
#3325=FACE_BOUND('',#3057,.T.);
#3326=FACE_BOUND('',#3058,.T.);
#3327=FACE_BOUND('',#3059,.T.);
#3328=FACE_BOUND('',#3060,.T.);
#3329=FACE_BOUND('',#3061,.T.);
#3330=FACE_BOUND('',#3062,.T.);
#3331=FACE_BOUND('',#3063,.T.);
#3332=FACE_BOUND('',#3064,.T.);
#3333=FACE_BOUND('',#3065,.T.);
#3334=FACE_BOUND('',#3066,.T.);
#3335=FACE_BOUND('',#3067,.T.);
#3336=FACE_BOUND('',#3068,.T.);
#3337=FACE_BOUND('',#3069,.T.);
#3338=FACE_BOUND('',#3070,.T.);
#3339=FACE_BOUND('',#3071,.T.);
#3340=FACE_BOUND('',#3072,.T.);
#3341=FACE_BOUND('',#3073,.T.);
#3342=FACE_BOUND('',#3074,.T.);
#3343=FACE_BOUND('',#3075,.T.);
#3344=FACE_BOUND('',#3076,.T.);
#3345=FACE_BOUND('',#3077,.T.);
#3346=FACE_BOUND('',#3078,.T.);
#3347=FACE_BOUND('',#3079,.T.);
#3348=FACE_BOUND('',#3080,.T.);
#3349=FACE_BOUND('',#3081,.T.);
#3350=FACE_BOUND('',#3082,.T.);
#3351=FACE_BOUND('',#3083,.T.);
#3352=FACE_BOUND('',#3084,.T.);
#3353=FACE_BOUND('',#3085,.T.);
#3354=FACE_BOUND('',#3086,.T.);
#3355=FACE_BOUND('',#3087,.T.);
#3356=FACE_BOUND('',#3088,.T.);
#3357=FACE_BOUND('',#3089,.T.);
#3358=FACE_BOUND('',#3090,.T.);
#3359=FACE_BOUND('',#3091,.T.);
#3360=FACE_BOUND('',#3092,.T.);
#3361=FACE_BOUND('',#3093,.T.);
#3362=FACE_BOUND('',#3094,.T.);
#3363=FACE_BOUND('',#3095,.T.);
#3364=FACE_BOUND('',#3096,.T.);
#3365=FACE_BOUND('',#3097,.T.);
#3366=FACE_BOUND('',#3098,.T.);
#3367=FACE_BOUND('',#3099,.T.);
#3368=FACE_BOUND('',#3100,.T.);
#3369=FACE_BOUND('',#3101,.T.);
#3370=FACE_BOUND('',#3102,.T.);
#3371=FACE_BOUND('',#3103,.T.);
#3372=FACE_BOUND('',#3104,.T.);
#3373=FACE_BOUND('',#3105,.T.);
#3374=FACE_BOUND('',#3106,.T.);
#3375=FACE_BOUND('',#3107,.T.);
#3376=FACE_BOUND('',#3108,.T.);
#3377=FACE_BOUND('',#3109,.T.);
#3378=FACE_BOUND('',#3110,.T.);
#3379=FACE_BOUND('',#3111,.T.);
#3380=FACE_BOUND('',#3112,.T.);
#3381=FACE_BOUND('',#3113,.T.);
#3382=FACE_BOUND('',#3114,.T.);
#3383=FACE_BOUND('',#3115,.T.);
#3384=FACE_BOUND('',#3116,.T.);
#3385=FACE_BOUND('',#3117,.T.);
#3386=FACE_BOUND('',#3118,.T.);
#3387=FACE_BOUND('',#3119,.T.);
#3388=FACE_BOUND('',#3120,.T.);
#3389=FACE_BOUND('',#3121,.T.);
#3390=FACE_BOUND('',#3122,.T.);
#3391=FACE_BOUND('',#3123,.T.);
#3392=FACE_BOUND('',#3124,.T.);
#3393=FACE_BOUND('',#3125,.T.);
#3394=FACE_BOUND('',#3126,.T.);
#3395=FACE_BOUND('',#3127,.T.);
#3396=FACE_BOUND('',#3128,.T.);
#3397=FACE_BOUND('',#3129,.T.);
#3398=FACE_BOUND('',#3130,.T.);
#3399=FACE_BOUND('',#3131,.T.);
#3400=FACE_BOUND('',#3132,.T.);
#3401=FACE_BOUND('',#3133,.T.);
#3402=FACE_BOUND('',#3134,.T.);
#3403=FACE_BOUND('',#3135,.T.);
#3404=FACE_BOUND('',#3136,.T.);
#3405=FACE_BOUND('',#3137,.T.);
#3406=FACE_BOUND('',#3138,.T.);
#3407=FACE_BOUND('',#3139,.T.);
#3408=FACE_BOUND('',#3140,.T.);
#3409=FACE_BOUND('',#3141,.T.);
#3410=FACE_BOUND('',#3142,.T.);
#3411=FACE_BOUND('',#3143,.T.);
#3412=FACE_BOUND('',#3144,.T.);
#3413=FACE_BOUND('',#3145,.T.);
#3414=FACE_BOUND('',#3146,.T.);
#3415=FACE_BOUND('',#3147,.T.);
#3416=FACE_BOUND('',#3148,.T.);
#3417=FACE_BOUND('',#3149,.T.);
#3418=FACE_BOUND('',#3150,.T.);
#3419=FACE_BOUND('',#3151,.T.);
#3420=FACE_BOUND('',#3152,.T.);
#3421=FACE_BOUND('',#3153,.T.);
#3422=FACE_BOUND('',#3154,.T.);
#3423=FACE_BOUND('',#3155,.T.);
#3424=FACE_BOUND('',#3156,.T.);
#3425=FACE_BOUND('',#3157,.T.);
#3426=FACE_BOUND('',#3158,.T.);
#3427=FACE_BOUND('',#3159,.T.);
#3428=FACE_BOUND('',#3160,.T.);
#3429=FACE_BOUND('',#3161,.T.);
#3430=FACE_BOUND('',#3162,.T.);
#3431=FACE_BOUND('',#3163,.T.);
#3432=FACE_BOUND('',#3164,.T.);
#3433=FACE_BOUND('',#3165,.T.);
#3434=FACE_BOUND('',#3166,.T.);
#3435=FACE_BOUND('',#3167,.T.);
#3436=FACE_BOUND('',#3168,.T.);
#3437=FACE_BOUND('',#3169,.T.);
#3438=FACE_BOUND('',#3170,.T.);
#3439=FACE_BOUND('',#3171,.T.);
#3440=FACE_BOUND('',#3172,.T.);
#3441=FACE_BOUND('',#3173,.T.);
#3442=FACE_BOUND('',#3174,.T.);
#3443=FACE_BOUND('',#3175,.T.);
#3444=FACE_BOUND('',#3176,.T.);
#3445=FACE_BOUND('',#3177,.T.);
#3446=FACE_BOUND('',#3178,.T.);
#3447=FACE_BOUND('',#3179,.T.);
#3448=FACE_BOUND('',#3180,.T.);
#3449=FACE_BOUND('',#3181,.T.);
#3450=FACE_BOUND('',#3182,.T.);
#3451=FACE_BOUND('',#3183,.T.);
#3452=FACE_BOUND('',#3184,.T.);
#3453=FACE_BOUND('',#3185,.T.);
#3454=FACE_BOUND('',#3186,.T.);
#3455=FACE_BOUND('',#3187,.T.);
#3456=FACE_BOUND('',#3188,.T.);
#3457=FACE_BOUND('',#3189,.T.);
#3458=FACE_BOUND('',#3190,.T.);
#3459=FACE_BOUND('',#3191,.T.);
#3460=FACE_BOUND('',#3192,.T.);
#3461=FACE_BOUND('',#3193,.T.);
#3462=FACE_BOUND('',#3194,.T.);
#3463=FACE_BOUND('',#3195,.T.);
#3464=FACE_BOUND('',#3196,.T.);
#3465=FACE_BOUND('',#3197,.T.);
#3466=FACE_BOUND('',#3198,.T.);
#3467=FACE_BOUND('',#3199,.T.);
#3468=FACE_BOUND('',#3200,.T.);
#3469=FACE_BOUND('',#3201,.T.);
#3470=FACE_BOUND('',#3202,.T.);
#3471=FACE_BOUND('',#3203,.T.);
#3472=FACE_BOUND('',#3204,.T.);
#3473=FACE_BOUND('',#3205,.T.);
#3474=FACE_BOUND('',#3206,.T.);
#3475=FACE_BOUND('',#3207,.T.);
#3476=FACE_BOUND('',#3208,.T.);
#3477=FACE_BOUND('',#3209,.T.);
#3478=FACE_BOUND('',#3210,.T.);
#3479=FACE_BOUND('',#3211,.T.);
#3480=FACE_BOUND('',#3212,.T.);
#3481=FACE_BOUND('',#3213,.T.);
#3482=FACE_BOUND('',#3214,.T.);
#3483=FACE_BOUND('',#3215,.T.);
#3484=FACE_BOUND('',#3216,.T.);
#3485=FACE_BOUND('',#3217,.T.);
#3486=FACE_BOUND('',#3218,.T.);
#3487=FACE_BOUND('',#3219,.T.);
#3488=FACE_BOUND('',#3220,.T.);
#3489=FACE_BOUND('',#3221,.T.);
#3490=FACE_BOUND('',#3222,.T.);
#3491=FACE_BOUND('',#3223,.T.);
#3492=FACE_BOUND('',#3224,.T.);
#3493=FACE_BOUND('',#3225,.T.);
#3494=FACE_BOUND('',#3226,.T.);
#3495=FACE_BOUND('',#3227,.T.);
#3496=FACE_BOUND('',#3228,.T.);
#3497=FACE_BOUND('',#3229,.T.);
#3498=FACE_BOUND('',#3230,.T.);
#3499=FACE_BOUND('',#3231,.T.);
#3500=FACE_BOUND('',#3232,.T.);
#3501=PLANE('',#3872);
#3502=PLANE('',#3880);
#3503=PLANE('',#3897);
#3504=PLANE('',#3907);
#3505=PLANE('',#3908);
#3506=PLANE('',#3909);
#3507=PLANE('',#3910);
#3508=PLANE('',#3911);
#3509=PLANE('',#3912);
#3510=PLANE('',#3913);
#3511=PLANE('',#3914);
#3512=PLANE('',#3915);
#3513=PLANE('',#3916);
#3514=PLANE('',#3917);
#3515=PLANE('',#3918);
#3516=PLANE('',#3919);
#3517=PLANE('',#3921);
#3518=PLANE('',#3923);
#3519=PLANE('',#3925);
#3520=PLANE('',#3927);
#3521=PLANE('',#3929);
#3522=PLANE('',#3931);
#3523=PLANE('',#3933);
#3524=PLANE('',#3935);
#3525=PLANE('',#3937);
#3526=PLANE('',#3939);
#3527=PLANE('',#3941);
#3528=PLANE('',#3942);
#3529=PLANE('',#3943);
#3530=PLANE('',#3944);
#3531=PLANE('',#3945);
#3532=PLANE('',#3946);
#3533=PLANE('',#3947);
#3534=PLANE('',#3948);
#3535=PLANE('',#3949);
#3536=PLANE('',#3950);
#3537=PLANE('',#3951);
#3538=PLANE('',#3952);
#3539=PLANE('',#3953);
#3540=PLANE('',#3955);
#3541=PLANE('',#3957);
#3542=PLANE('',#3959);
#3543=PLANE('',#3961);
#3544=PLANE('',#3963);
#3545=PLANE('',#3965);
#3546=PLANE('',#3967);
#3547=PLANE('',#3969);
#3548=PLANE('',#3971);
#3549=PLANE('',#3973);
#3550=PLANE('',#3988);
#3551=PLANE('',#3990);
#3552=PLANE('',#3995);
#3553=PLANE('',#3996);
#3554=PLANE('',#3997);
#3555=PLANE('',#3998);
#3556=PLANE('',#3999);
#3557=PLANE('',#4001);
#3558=PLANE('',#4048);
#3559=PLANE('',#4052);
#3560=PLANE('',#4056);
#3561=PLANE('',#4057);
#3562=PLANE('',#4060);
#3563=PLANE('',#4063);
#3564=PLANE('',#4064);
#3565=PLANE('',#4065);
#3566=PLANE('',#4068);
#3567=PLANE('',#4071);
#3568=PLANE('',#4078);
#3569=PLANE('',#4079);
#3570=PLANE('',#4089);
#3571=PLANE('',#4099);
#3572=PLANE('',#4108);
#3573=PLANE('',#4118);
#3574=PLANE('',#4130);
#3575=PLANE('',#4131);
#3576=PLANE('',#4132);
#3577=PLANE('',#4133);
#3578=PLANE('',#4134);
#3579=PLANE('',#4135);
#3580=PLANE('',#4137);
#3581=PLANE('',#4138);
#3582=PLANE('',#4139);
#3583=PLANE('',#4140);
#3584=PLANE('',#4141);
#3585=PLANE('',#4142);
#3586=PLANE('',#4145);
#3587=PLANE('',#4147);
#3588=PLANE('',#4155);
#3589=PLANE('',#4163);
#3590=PLANE('',#4164);
#3591=PLANE('',#4167);
#3592=PLANE('',#4171);
#3593=PLANE('',#4172);
#3594=PLANE('',#4177);
#3595=PLANE('',#4178);
#3596=PLANE('',#4179);
#3597=PLANE('',#4180);
#3598=PLANE('',#4183);
#3599=PLANE('',#4184);
#3600=PLANE('',#4191);
#3601=PLANE('',#4192);
#3602=PLANE('',#4196);
#3603=PLANE('',#4201);
#3604=PLANE('',#4205);
#3605=PLANE('',#4206);
#3606=PLANE('',#4208);
#3607=PLANE('',#4209);
#3608=PLANE('',#4216);
#3609=PLANE('',#4218);
#3610=PLANE('',#4222);
#3611=PLANE('',#4224);
#3612=PLANE('',#4226);
#3613=PLANE('',#4230);
#3614=PLANE('',#4232);
#3615=PLANE('',#4233);
#3616=PLANE('',#4236);
#3617=PLANE('',#4237);
#3618=PLANE('',#4238);
#3619=PLANE('',#4239);
#3620=PLANE('',#4243);
#3621=PLANE('',#4244);
#3622=PLANE('',#4245);
#3623=PLANE('',#4246);
#3624=PLANE('',#4247);
#3625=ADVANCED_FACE('',(#3233),#3501,.F.);
#3626=ADVANCED_FACE('',(#3234),#245,.T.);
#3627=ADVANCED_FACE('',(#3235),#224,.T.);
#3628=ADVANCED_FACE('',(#3236),#225,.T.);
#3629=ADVANCED_FACE('',(#3237,#3238),#246,.F.);
#3630=ADVANCED_FACE('',(#3239),#3502,.F.);
#3631=ADVANCED_FACE('',(#3240),#3503,.T.);
#3632=ADVANCED_FACE('',(#3241),#247,.T.);
#3633=ADVANCED_FACE('',(#3242),#248,.T.);
#3634=ADVANCED_FACE('',(#3243),#249,.T.);
#3635=ADVANCED_FACE('',(#3244),#3504,.T.);
#3636=ADVANCED_FACE('',(#3245),#3505,.T.);
#3637=ADVANCED_FACE('',(#3246),#3506,.F.);
#3638=ADVANCED_FACE('',(#3247),#3507,.F.);
#3639=ADVANCED_FACE('',(#3248),#3508,.F.);
#3640=ADVANCED_FACE('',(#3249),#3509,.F.);
#3641=ADVANCED_FACE('',(#3250),#3510,.T.);
#3642=ADVANCED_FACE('',(#3251),#3511,.F.);
#3643=ADVANCED_FACE('',(#3252),#3512,.F.);
#3644=ADVANCED_FACE('',(#3253),#3513,.T.);
#3645=ADVANCED_FACE('',(#3254),#3514,.T.);
#3646=ADVANCED_FACE('',(#3255),#3515,.T.);
#3647=ADVANCED_FACE('',(#3256),#3516,.T.);
#3648=ADVANCED_FACE('',(#3257),#3517,.T.);
#3649=ADVANCED_FACE('',(#3258),#3518,.T.);
#3650=ADVANCED_FACE('',(#3259),#3519,.T.);
#3651=ADVANCED_FACE('',(#3260),#3520,.T.);
#3652=ADVANCED_FACE('',(#3261),#3521,.T.);
#3653=ADVANCED_FACE('',(#3262),#3522,.T.);
#3654=ADVANCED_FACE('',(#3263),#3523,.T.);
#3655=ADVANCED_FACE('',(#3264),#3524,.T.);
#3656=ADVANCED_FACE('',(#3265),#3525,.T.);
#3657=ADVANCED_FACE('',(#3266),#3526,.T.);
#3658=ADVANCED_FACE('',(#3267),#3527,.T.);
#3659=ADVANCED_FACE('',(#3268),#3528,.T.);
#3660=ADVANCED_FACE('',(#3269),#3529,.F.);
#3661=ADVANCED_FACE('',(#3270),#3530,.F.);
#3662=ADVANCED_FACE('',(#3271),#3531,.F.);
#3663=ADVANCED_FACE('',(#3272),#3532,.F.);
#3664=ADVANCED_FACE('',(#3273),#3533,.T.);
#3665=ADVANCED_FACE('',(#3274),#3534,.F.);
#3666=ADVANCED_FACE('',(#3275),#3535,.F.);
#3667=ADVANCED_FACE('',(#3276),#3536,.T.);
#3668=ADVANCED_FACE('',(#3277),#3537,.T.);
#3669=ADVANCED_FACE('',(#3278),#3538,.T.);
#3670=ADVANCED_FACE('',(#3279),#3539,.T.);
#3671=ADVANCED_FACE('',(#3280),#3540,.T.);
#3672=ADVANCED_FACE('',(#3281),#3541,.T.);
#3673=ADVANCED_FACE('',(#3282),#3542,.T.);
#3674=ADVANCED_FACE('',(#3283),#3543,.T.);
#3675=ADVANCED_FACE('',(#3284),#3544,.T.);
#3676=ADVANCED_FACE('',(#3285),#3545,.T.);
#3677=ADVANCED_FACE('',(#3286),#3546,.T.);
#3678=ADVANCED_FACE('',(#3287),#3547,.T.);
#3679=ADVANCED_FACE('',(#3288),#3548,.T.);
#3680=ADVANCED_FACE('',(#3289),#3549,.T.);
#3681=ADVANCED_FACE('',(#3290,#3291),#250,.F.);
#3682=ADVANCED_FACE('',(#3292,#3293),#251,.F.);
#3683=ADVANCED_FACE('',(#3294),#51,.T.);
#3684=ADVANCED_FACE('',(#3295),#52,.T.);
#3685=ADVANCED_FACE('',(#3296),#252,.T.);
#3686=ADVANCED_FACE('',(#3297),#3550,.F.);
#3687=ADVANCED_FACE('',(#3298),#253,.T.);
#3688=ADVANCED_FACE('',(#3299),#3551,.F.);
#3689=ADVANCED_FACE('',(#3300),#254,.T.);
#3690=ADVANCED_FACE('',(#3301),#255,.T.);
#3691=ADVANCED_FACE('',(#3302),#3552,.T.);
#3692=ADVANCED_FACE('',(#3303),#3553,.F.);
#3693=ADVANCED_FACE('',(#3304),#3554,.F.);
#3694=ADVANCED_FACE('',(#3305),#3555,.F.);
#3695=ADVANCED_FACE('',(#3306),#3556,.F.);
#3696=ADVANCED_FACE('',(#3307),#3557,.T.);
#3697=ADVANCED_FACE('',(#3308),#256,.F.);
#3698=ADVANCED_FACE('',(#3309),#226,.F.);
#3699=ADVANCED_FACE('',(#3310),#45,.F.);
#3700=ADVANCED_FACE('',(#3311),#257,.T.);
#3701=ADVANCED_FACE('',(#3312),#258,.F.);
#3702=ADVANCED_FACE('',(#3313),#227,.F.);
#3703=ADVANCED_FACE('',(#3314),#46,.F.);
#3704=ADVANCED_FACE('',(#3315),#259,.T.);
#3705=ADVANCED_FACE('',(#3316),#260,.T.);
#3706=ADVANCED_FACE('',(#3317),#261,.T.);
#3707=ADVANCED_FACE('',(#3318),#262,.T.);
#3708=ADVANCED_FACE('',(#3319),#228,.T.);
#3709=ADVANCED_FACE('',(#3320),#229,.T.);
#3710=ADVANCED_FACE('',(#3321),#230,.T.);
#3711=ADVANCED_FACE('',(#3322),#263,.T.);
#3712=ADVANCED_FACE('',(#3323),#47,.T.);
#3713=ADVANCED_FACE('',(#3324),#264,.T.);
#3714=ADVANCED_FACE('',(#3325),#231,.T.);
#3715=ADVANCED_FACE('',(#3326),#265,.T.);
#3716=ADVANCED_FACE('',(#3327),#266,.T.);
#3717=ADVANCED_FACE('',(#3328),#232,.T.);
#3718=ADVANCED_FACE('',(#3329),#267,.T.);
#3719=ADVANCED_FACE('',(#3330),#48,.T.);
#3720=ADVANCED_FACE('',(#3331),#268,.T.);
#3721=ADVANCED_FACE('',(#3332),#233,.T.);
#3722=ADVANCED_FACE('',(#3333),#234,.T.);
#3723=ADVANCED_FACE('',(#3334),#235,.T.);
#3724=ADVANCED_FACE('',(#3335),#3558,.T.);
#3725=ADVANCED_FACE('',(#3336,#3337),#269,.F.);
#3726=ADVANCED_FACE('',(#3338),#3559,.T.);
#3727=ADVANCED_FACE('',(#3339,#3340),#270,.F.);
#3728=ADVANCED_FACE('',(#3341),#37,.F.);
#3729=ADVANCED_FACE('',(#3342),#38,.F.);
#3730=ADVANCED_FACE('',(#3343),#3560,.T.);
#3731=ADVANCED_FACE('',(#3344),#39,.F.);
#3732=ADVANCED_FACE('',(#3345),#3561,.T.);
#3733=ADVANCED_FACE('',(#3346),#12,.T.);
#3734=ADVANCED_FACE('',(#3347),#3562,.T.);
#3735=ADVANCED_FACE('',(#3348),#13,.F.);
#3736=ADVANCED_FACE('',(#3349),#3563,.T.);
#3737=ADVANCED_FACE('',(#3350),#40,.F.);
#3738=ADVANCED_FACE('',(#3351),#3564,.T.);
#3739=ADVANCED_FACE('',(#3352),#41,.F.);
#3740=ADVANCED_FACE('',(#3353),#3565,.T.);
#3741=ADVANCED_FACE('',(#3354),#14,.F.);
#3742=ADVANCED_FACE('',(#3355),#3566,.T.);
#3743=ADVANCED_FACE('',(#3356),#15,.T.);
#3744=ADVANCED_FACE('',(#3357),#3567,.T.);
#3745=ADVANCED_FACE('',(#3358),#42,.F.);
#3746=ADVANCED_FACE('',(#3359,#3360),#16,.F.);
#3747=ADVANCED_FACE('',(#3361,#3362),#17,.F.);
#3748=ADVANCED_FACE('',(#3363,#3364),#18,.F.);
#3749=ADVANCED_FACE('',(#3365),#3568,.T.);
#3750=ADVANCED_FACE('',(#3366,#3367,#3368,#3369,#3370,#3371,#3372,#3373),
#3569,.T.);
#3751=ADVANCED_FACE('',(#3374),#271,.F.);
#3752=ADVANCED_FACE('',(#3375,#3376),#3570,.T.);
#3753=ADVANCED_FACE('',(#3377,#3378),#272,.F.);
#3754=ADVANCED_FACE('',(#3379,#3380),#19,.F.);
#3755=ADVANCED_FACE('',(#3381),#273,.F.);
#3756=ADVANCED_FACE('',(#3382,#3383),#3571,.T.);
#3757=ADVANCED_FACE('',(#3384,#3385),#274,.F.);
#3758=ADVANCED_FACE('',(#3386,#3387),#20,.F.);
#3759=ADVANCED_FACE('',(#3388,#3389),#275,.F.);
#3760=ADVANCED_FACE('',(#3390,#3391),#21,.F.);
#3761=ADVANCED_FACE('',(#3392,#3393),#3572,.T.);
#3762=ADVANCED_FACE('',(#3394,#3395),#276,.F.);
#3763=ADVANCED_FACE('',(#3396,#3397),#277,.F.);
#3764=ADVANCED_FACE('',(#3398,#3399),#278,.F.);
#3765=ADVANCED_FACE('',(#3400,#3401),#3573,.T.);
#3766=ADVANCED_FACE('',(#3402,#3403),#22,.F.);
#3767=ADVANCED_FACE('',(#3404),#236,.T.);
#3768=ADVANCED_FACE('',(#3405),#237,.T.);
#3769=ADVANCED_FACE('',(#3406),#49,.T.);
#3770=ADVANCED_FACE('',(#3407),#238,.T.);
#3771=ADVANCED_FACE('',(#3408),#239,.T.);
#3772=ADVANCED_FACE('',(#3409),#240,.T.);
#3773=ADVANCED_FACE('',(#3410),#241,.T.);
#3774=ADVANCED_FACE('',(#3411),#50,.T.);
#3775=ADVANCED_FACE('',(#3412),#242,.T.);
#3776=ADVANCED_FACE('',(#3413),#243,.T.);
#3777=ADVANCED_FACE('',(#3414),#3574,.T.);
#3778=ADVANCED_FACE('',(#3415),#3575,.F.);
#3779=ADVANCED_FACE('',(#3416),#3576,.T.);
#3780=ADVANCED_FACE('',(#3417),#3577,.F.);
#3781=ADVANCED_FACE('',(#3418),#3578,.F.);
#3782=ADVANCED_FACE('',(#3419),#3579,.F.);
#3783=ADVANCED_FACE('',(#3420),#3580,.F.);
#3784=ADVANCED_FACE('',(#3421),#3581,.T.);
#3785=ADVANCED_FACE('',(#3422),#3582,.F.);
#3786=ADVANCED_FACE('',(#3423),#3583,.T.);
#3787=ADVANCED_FACE('',(#3424),#3584,.F.);
#3788=ADVANCED_FACE('',(#3425),#3585,.T.);
#3789=ADVANCED_FACE('',(#3426,#3427),#3586,.T.);
#3790=ADVANCED_FACE('',(#3428,#3429,#3430),#3587,.F.);
#3791=ADVANCED_FACE('',(#3431,#3432,#3433),#3588,.F.);
#3792=ADVANCED_FACE('',(#3434),#3589,.F.);
#3793=ADVANCED_FACE('',(#3435),#3590,.T.);
#3794=ADVANCED_FACE('',(#3436),#3591,.T.);
#3795=ADVANCED_FACE('',(#3437),#23,.F.);
#3796=ADVANCED_FACE('',(#3438),#3592,.T.);
#3797=ADVANCED_FACE('',(#3439),#3593,.T.);
#3798=ADVANCED_FACE('',(#3440),#279,.T.);
#3799=ADVANCED_FACE('',(#3441),#24,.T.);
#3800=ADVANCED_FACE('',(#3442),#3594,.T.);
#3801=ADVANCED_FACE('',(#3443),#3595,.T.);
#3802=ADVANCED_FACE('',(#3444),#3596,.T.);
#3803=ADVANCED_FACE('',(#3445),#3597,.T.);
#3804=ADVANCED_FACE('',(#3446),#280,.F.);
#3805=ADVANCED_FACE('',(#3447),#3598,.T.);
#3806=ADVANCED_FACE('',(#3448),#3599,.F.);
#3807=ADVANCED_FACE('',(#3449),#281,.F.);
#3808=ADVANCED_FACE('',(#3450),#282,.T.);
#3809=ADVANCED_FACE('',(#3451),#283,.F.);
#3810=ADVANCED_FACE('',(#3452),#3600,.T.);
#3811=ADVANCED_FACE('',(#3453),#3601,.T.);
#3812=ADVANCED_FACE('',(#3454),#284,.F.);
#3813=ADVANCED_FACE('',(#3455),#25,.F.);
#3814=ADVANCED_FACE('',(#3456),#3602,.F.);
#3815=ADVANCED_FACE('',(#3457),#285,.F.);
#3816=ADVANCED_FACE('',(#3458),#3603,.F.);
#3817=ADVANCED_FACE('',(#3459),#26,.F.);
#3818=ADVANCED_FACE('',(#3460),#27,.F.);
#3819=ADVANCED_FACE('',(#3461),#3604,.F.);
#3820=ADVANCED_FACE('',(#3462),#3605,.T.);
#3821=ADVANCED_FACE('',(#3463),#28,.F.);
#3822=ADVANCED_FACE('',(#3464),#3606,.F.);
#3823=ADVANCED_FACE('',(#3465),#3607,.F.);
#3824=ADVANCED_FACE('',(#3466),#286,.T.);
#3825=ADVANCED_FACE('',(#3467),#287,.T.);
#3826=ADVANCED_FACE('',(#3468),#288,.T.);
#3827=ADVANCED_FACE('',(#3469),#3608,.T.);
#3828=ADVANCED_FACE('',(#3470),#29,.T.);
#3829=ADVANCED_FACE('',(#3471),#3609,.F.);
#3830=ADVANCED_FACE('',(#3472),#30,.F.);
#3831=ADVANCED_FACE('',(#3473),#31,.T.);
#3832=ADVANCED_FACE('',(#3474),#32,.F.);
#3833=ADVANCED_FACE('',(#3475),#3610,.T.);
#3834=ADVANCED_FACE('',(#3476),#33,.T.);
#3835=ADVANCED_FACE('',(#3477),#3611,.T.);
#3836=ADVANCED_FACE('',(#3478),#34,.F.);
#3837=ADVANCED_FACE('',(#3479),#3612,.T.);
#3838=ADVANCED_FACE('',(#3480),#35,.T.);
#3839=ADVANCED_FACE('',(#3481),#289,.T.);
#3840=ADVANCED_FACE('',(#3482),#3613,.F.);
#3841=ADVANCED_FACE('',(#3483),#36,.T.);
#3842=ADVANCED_FACE('',(#3484),#3614,.T.);
#3843=ADVANCED_FACE('',(#3485),#3615,.F.);
#3844=ADVANCED_FACE('',(#3486),#290,.F.);
#3845=ADVANCED_FACE('',(#3487),#291,.F.);
#3846=ADVANCED_FACE('',(#3488),#3616,.T.);
#3847=ADVANCED_FACE('',(#3489),#3617,.T.);
#3848=ADVANCED_FACE('',(#3490),#3618,.F.);
#3849=ADVANCED_FACE('',(#3491),#3619,.T.);
#3850=ADVANCED_FACE('',(#3492),#292,.T.);
#3851=ADVANCED_FACE('',(#3493),#244,.T.);
#3852=ADVANCED_FACE('',(#3494),#3620,.F.);
#3853=ADVANCED_FACE('',(#3495),#3621,.F.);
#3854=ADVANCED_FACE('',(#3496),#3622,.T.);
#3855=ADVANCED_FACE('',(#3497),#43,.T.);
#3856=ADVANCED_FACE('',(#3498),#44,.T.);
#3857=ADVANCED_FACE('',(#3499),#3623,.T.);
#3858=ADVANCED_FACE('',(#3500),#3624,.F.);
#3859=CLOSED_SHELL('',(#3625,#3626,#3627,#3628,#3629,#3630,#3631,#3632,
#3633,#3634,#3635,#3636,#3637,#3638,#3639,#3640,#3641,#3642,#3643,#3644,
#3645,#3646,#3647,#3648,#3649,#3650,#3651,#3652,#3653,#3654,#3655,#3656,
#3657,#3658,#3659,#3660,#3661,#3662,#3663,#3664,#3665,#3666,#3667,#3668,
#3669,#3670,#3671,#3672,#3673,#3674,#3675,#3676,#3677,#3678,#3679,#3680,
#3681,#3682,#3683,#3684,#3685,#3686,#3687,#3688,#3689,#3690,#3691,#3692,
#3693,#3694,#3695,#3696,#3697,#3698,#3699,#3700,#3701,#3702,#3703,#3704,
#3705,#3706,#3707,#3708,#3709,#3710,#3711,#3712,#3713,#3714,#3715,#3716,
#3717,#3718,#3719,#3720,#3721,#3722,#3723,#3724,#3725,#3726,#3727,#3728,
#3729,#3730,#3731,#3732,#3733,#3734,#3735,#3736,#3737,#3738,#3739,#3740,
#3741,#3742,#3743,#3744,#3745,#3746,#3747,#3748,#3749,#3750,#3751,#3752,
#3753,#3754,#3755,#3756,#3757,#3758,#3759,#3760,#3761,#3762,#3763,#3764,
#3765,#3766,#3767,#3768,#3769,#3770,#3771,#3772,#3773,#3774,#3775,#3776,
#3777,#3778,#3779,#3780,#3781,#3782,#3783,#3784,#3785,#3786,#3787,#3788,
#3789,#3790,#3791,#3792,#3793,#3794,#3795,#3796,#3797,#3798,#3799,#3800,
#3801,#3802,#3803,#3804,#3805,#3806,#3807,#3808,#3809,#3810,#3811,#3812,
#3813,#3814,#3815,#3816,#3817,#3818,#3819,#3820,#3821,#3822,#3823,#3824,
#3825,#3826,#3827,#3828,#3829,#3830,#3831,#3832,#3833,#3834,#3835,#3836,
#3837,#3838,#3839,#3840,#3841,#3842,#3843,#3844,#3845,#3846,#3847,#3848,
#3849,#3850,#3851,#3852,#3853,#3854,#3855,#3856,#3857,#3858));
#3860=STYLED_ITEM('',(#3861),#3868);
#3861=PRESENTATION_STYLE_ASSIGNMENT((#3862));
#3862=SURFACE_STYLE_USAGE(.BOTH.,#3863);
#3863=SURFACE_SIDE_STYLE('',(#3864));
#3864=SURFACE_STYLE_FILL_AREA(#3865);
#3865=FILL_AREA_STYLE('',(#3866));
#3866=FILL_AREA_STYLE_COLOUR('',#3867);
#3867=COLOUR_RGB('',0.290196078431373,0.435294117647059,0.647058823529412);
#3868=MANIFOLD_SOLID_BREP('[a]_lgxl-vz-crossbow-adapter_sherpa_xol',#3859);
#3869=SHAPE_DEFINITION_REPRESENTATION(#7112,#3870);
#3870=SHAPE_REPRESENTATION('[a]_lgxl-vz-crossbow-adapter_sherpa_xol',(#3871),
#7107);
#3871=AXIS2_PLACEMENT_3D('',#5312,#4248,#4249);
#3872=AXIS2_PLACEMENT_3D('',#5313,#4250,#4251);
#3873=AXIS2_PLACEMENT_3D('',#5352,#4266,#4267);
#3874=AXIS2_PLACEMENT_3D('',#5381,#4269,#4270);
#3875=AXIS2_PLACEMENT_3D('',#5389,#4271,#4272);
#3876=AXIS2_PLACEMENT_3D('',#5391,#4273,#4274);
#3877=AXIS2_PLACEMENT_3D('',#5423,#4275,#4276);
#3878=AXIS2_PLACEMENT_3D('',#5424,#4277,#4278);
#3879=AXIS2_PLACEMENT_3D('',#5426,#4279,#4280);
#3880=AXIS2_PLACEMENT_3D('',#5428,#4281,#4282);
#3881=AXIS2_PLACEMENT_3D('',#5434,#4285,#4286);
#3882=AXIS2_PLACEMENT_3D('',#5440,#4289,#4290);
#3883=AXIS2_PLACEMENT_3D('',#5444,#4292,#4293);
#3884=AXIS2_PLACEMENT_3D('',#5448,#4295,#4296);
#3885=AXIS2_PLACEMENT_3D('',#5452,#4298,#4299);
#3886=AXIS2_PLACEMENT_3D('',#5454,#4300,#4301);
#3887=AXIS2_PLACEMENT_3D('',#5456,#4302,#4303);
#3888=AXIS2_PLACEMENT_3D('',#5460,#4305,#4306);
#3889=AXIS2_PLACEMENT_3D('',#5464,#4308,#4309);
#3890=AXIS2_PLACEMENT_3D('',#5468,#4311,#4312);
#3891=AXIS2_PLACEMENT_3D('',#5473,#4315,#4316);
#3892=AXIS2_PLACEMENT_3D('',#5477,#4318,#4319);
#3893=AXIS2_PLACEMENT_3D('',#5495,#4322,#4323);
#3894=AXIS2_PLACEMENT_3D('',#5499,#4325,#4326);
#3895=AXIS2_PLACEMENT_3D('',#5517,#4329,#4330);
#3896=AXIS2_PLACEMENT_3D('',#5521,#4332,#4333);
#3897=AXIS2_PLACEMENT_3D('',#5522,#4334,#4335);
#3898=AXIS2_PLACEMENT_3D('',#5526,#4337,#4338);
#3899=AXIS2_PLACEMENT_3D('',#5530,#4340,#4341);
#3900=AXIS2_PLACEMENT_3D('',#5534,#4343,#4344);
#3901=AXIS2_PLACEMENT_3D('',#5538,#4346,#4347);
#3902=AXIS2_PLACEMENT_3D('',#5547,#4352,#4353);
#3903=AXIS2_PLACEMENT_3D('',#5556,#4354,#4355);
#3904=AXIS2_PLACEMENT_3D('',#5561,#4356,#4357);
#3905=AXIS2_PLACEMENT_3D('',#5567,#4358,#4359);
#3906=AXIS2_PLACEMENT_3D('',#5577,#4360,#4361);
#3907=AXIS2_PLACEMENT_3D('',#5578,#4362,#4363);
#3908=AXIS2_PLACEMENT_3D('',#5589,#4369,#4370);
#3909=AXIS2_PLACEMENT_3D('',#5597,#4375,#4376);
#3910=AXIS2_PLACEMENT_3D('',#5608,#4382,#4383);
#3911=AXIS2_PLACEMENT_3D('',#5616,#4388,#4389);
#3912=AXIS2_PLACEMENT_3D('',#5622,#4393,#4394);
#3913=AXIS2_PLACEMENT_3D('',#5628,#4398,#4399);
#3914=AXIS2_PLACEMENT_3D('',#5634,#4403,#4404);
#3915=AXIS2_PLACEMENT_3D('',#5637,#4407,#4408);
#3916=AXIS2_PLACEMENT_3D('',#5643,#4412,#4413);
#3917=AXIS2_PLACEMENT_3D('',#5649,#4417,#4418);
#3918=AXIS2_PLACEMENT_3D('',#5652,#4421,#4422);
#3919=AXIS2_PLACEMENT_3D('',#5658,#4426,#4427);
#3920=AXIS2_PLACEMENT_3D('',#5659,#4428,#4429);
#3921=AXIS2_PLACEMENT_3D('',#5664,#4432,#4433);
#3922=AXIS2_PLACEMENT_3D('',#5667,#4435,#4436);
#3923=AXIS2_PLACEMENT_3D('',#5670,#4438,#4439);
#3924=AXIS2_PLACEMENT_3D('',#5671,#4440,#4441);
#3925=AXIS2_PLACEMENT_3D('',#5672,#4442,#4443);
#3926=AXIS2_PLACEMENT_3D('',#5673,#4444,#4445);
#3927=AXIS2_PLACEMENT_3D('',#5674,#4446,#4447);
#3928=AXIS2_PLACEMENT_3D('',#5675,#4448,#4449);
#3929=AXIS2_PLACEMENT_3D('',#5676,#4450,#4451);
#3930=AXIS2_PLACEMENT_3D('',#5677,#4452,#4453);
#3931=AXIS2_PLACEMENT_3D('',#5678,#4454,#4455);
#3932=AXIS2_PLACEMENT_3D('',#5679,#4456,#4457);
#3933=AXIS2_PLACEMENT_3D('',#5680,#4458,#4459);
#3934=AXIS2_PLACEMENT_3D('',#5681,#4460,#4461);
#3935=AXIS2_PLACEMENT_3D('',#5682,#4462,#4463);
#3936=AXIS2_PLACEMENT_3D('',#5683,#4464,#4465);
#3937=AXIS2_PLACEMENT_3D('',#5684,#4466,#4467);
#3938=AXIS2_PLACEMENT_3D('',#5685,#4468,#4469);
#3939=AXIS2_PLACEMENT_3D('',#5686,#4470,#4471);
#3940=AXIS2_PLACEMENT_3D('',#5687,#4472,#4473);
#3941=AXIS2_PLACEMENT_3D('',#5688,#4474,#4475);
#3942=AXIS2_PLACEMENT_3D('',#5699,#4481,#4482);
#3943=AXIS2_PLACEMENT_3D('',#5707,#4487,#4488);
#3944=AXIS2_PLACEMENT_3D('',#5718,#4494,#4495);
#3945=AXIS2_PLACEMENT_3D('',#5726,#4500,#4501);
#3946=AXIS2_PLACEMENT_3D('',#5732,#4505,#4506);
#3947=AXIS2_PLACEMENT_3D('',#5738,#4510,#4511);
#3948=AXIS2_PLACEMENT_3D('',#5744,#4515,#4516);
#3949=AXIS2_PLACEMENT_3D('',#5747,#4519,#4520);
#3950=AXIS2_PLACEMENT_3D('',#5753,#4524,#4525);
#3951=AXIS2_PLACEMENT_3D('',#5759,#4529,#4530);
#3952=AXIS2_PLACEMENT_3D('',#5762,#4533,#4534);
#3953=AXIS2_PLACEMENT_3D('',#5768,#4538,#4539);
#3954=AXIS2_PLACEMENT_3D('',#5769,#4540,#4541);
#3955=AXIS2_PLACEMENT_3D('',#5774,#4544,#4545);
#3956=AXIS2_PLACEMENT_3D('',#5777,#4547,#4548);
#3957=AXIS2_PLACEMENT_3D('',#5780,#4550,#4551);
#3958=AXIS2_PLACEMENT_3D('',#5781,#4552,#4553);
#3959=AXIS2_PLACEMENT_3D('',#5782,#4554,#4555);
#3960=AXIS2_PLACEMENT_3D('',#5783,#4556,#4557);
#3961=AXIS2_PLACEMENT_3D('',#5784,#4558,#4559);
#3962=AXIS2_PLACEMENT_3D('',#5785,#4560,#4561);
#3963=AXIS2_PLACEMENT_3D('',#5786,#4562,#4563);
#3964=AXIS2_PLACEMENT_3D('',#5787,#4564,#4565);
#3965=AXIS2_PLACEMENT_3D('',#5788,#4566,#4567);
#3966=AXIS2_PLACEMENT_3D('',#5789,#4568,#4569);
#3967=AXIS2_PLACEMENT_3D('',#5790,#4570,#4571);
#3968=AXIS2_PLACEMENT_3D('',#5791,#4572,#4573);
#3969=AXIS2_PLACEMENT_3D('',#5792,#4574,#4575);
#3970=AXIS2_PLACEMENT_3D('',#5793,#4576,#4577);
#3971=AXIS2_PLACEMENT_3D('',#5794,#4578,#4579);
#3972=AXIS2_PLACEMENT_3D('',#5795,#4580,#4581);
#3973=AXIS2_PLACEMENT_3D('',#5796,#4582,#4583);
#3974=AXIS2_PLACEMENT_3D('',#5797,#4584,#4585);
#3975=AXIS2_PLACEMENT_3D('',#5798,#4586,#4587);
#3976=AXIS2_PLACEMENT_3D('',#5799,#4588,#4589);
#3977=AXIS2_PLACEMENT_3D('',#5801,#4590,#4591);
#3978=AXIS2_PLACEMENT_3D('',#5802,#4592,#4593);
#3979=AXIS2_PLACEMENT_3D('',#5804,#4594,#4595);
#3980=AXIS2_PLACEMENT_3D('',#5805,#4596,#4597);
#3981=AXIS2_PLACEMENT_3D('',#5807,#4598,#4599);
#3982=AXIS2_PLACEMENT_3D('',#5809,#4600,#4601);
#3983=AXIS2_PLACEMENT_3D('',#5810,#4602,#4603);
#3984=AXIS2_PLACEMENT_3D('',#5811,#4604,#4605);
#3985=AXIS2_PLACEMENT_3D('',#5814,#4606,#4607);
#3986=AXIS2_PLACEMENT_3D('',#5815,#4608,#4609);
#3987=AXIS2_PLACEMENT_3D('',#5816,#4610,#4611);
#3988=AXIS2_PLACEMENT_3D('',#5828,#4613,#4614);
#3989=AXIS2_PLACEMENT_3D('',#5834,#4618,#4619);
#3990=AXIS2_PLACEMENT_3D('',#5846,#4621,#4622);
#3991=AXIS2_PLACEMENT_3D('',#5852,#4626,#4627);
#3992=AXIS2_PLACEMENT_3D('',#5853,#4628,#4629);
#3993=AXIS2_PLACEMENT_3D('',#5854,#4630,#4631);
#3994=AXIS2_PLACEMENT_3D('',#5855,#4632,#4633);
#3995=AXIS2_PLACEMENT_3D('',#5856,#4634,#4635);
#3996=AXIS2_PLACEMENT_3D('',#5865,#4640,#4641);
#3997=AXIS2_PLACEMENT_3D('',#5874,#4646,#4647);
#3998=AXIS2_PLACEMENT_3D('',#5885,#4653,#4654);
#3999=AXIS2_PLACEMENT_3D('',#5895,#4658,#4659);
#4000=AXIS2_PLACEMENT_3D('',#5901,#4662,#4663);
#4001=AXIS2_PLACEMENT_3D('',#5906,#4666,#4667);
#4002=AXIS2_PLACEMENT_3D('',#5907,#4668,#4669);
#4003=AXIS2_PLACEMENT_3D('',#5917,#4674,#4675);
#4004=AXIS2_PLACEMENT_3D('',#5918,#4676,#4677);
#4005=AXIS2_PLACEMENT_3D('',#5919,#4678,#4679);
#4006=AXIS2_PLACEMENT_3D('',#5952,#4680,#4681);
#4007=AXIS2_PLACEMENT_3D('',#5953,#4682,#4683);
#4008=AXIS2_PLACEMENT_3D('',#5963,#4684,#4685);
#4009=AXIS2_PLACEMENT_3D('',#5964,#4686,#4687);
#4010=AXIS2_PLACEMENT_3D('',#5965,#4688,#4689);
#4011=AXIS2_PLACEMENT_3D('',#5966,#4690,#4691);
#4012=AXIS2_PLACEMENT_3D('',#5967,#4692,#4693);
#4013=AXIS2_PLACEMENT_3D('',#5968,#4694,#4695);
#4014=AXIS2_PLACEMENT_3D('',#5993,#4696,#4697);
#4015=AXIS2_PLACEMENT_3D('',#6002,#4698,#4699);
#4016=AXIS2_PLACEMENT_3D('',#6012,#4700,#4701);
#4017=AXIS2_PLACEMENT_3D('',#6013,#4702,#4703);
#4018=AXIS2_PLACEMENT_3D('',#6014,#4704,#4705);
#4019=AXIS2_PLACEMENT_3D('',#6015,#4706,#4707);
#4020=AXIS2_PLACEMENT_3D('',#6016,#4708,#4709);
#4021=AXIS2_PLACEMENT_3D('',#6028,#4710,#4711);
#4022=AXIS2_PLACEMENT_3D('',#6029,#4712,#4713);
#4023=AXIS2_PLACEMENT_3D('',#6041,#4714,#4715);
#4024=AXIS2_PLACEMENT_3D('',#6042,#4716,#4717);
#4025=AXIS2_PLACEMENT_3D('',#6059,#4718,#4719);
#4026=AXIS2_PLACEMENT_3D('',#6072,#4720,#4721);
#4027=AXIS2_PLACEMENT_3D('',#6091,#4722,#4723);
#4028=AXIS2_PLACEMENT_3D('',#6092,#4724,#4725);
#4029=AXIS2_PLACEMENT_3D('',#6093,#4726,#4727);
#4030=AXIS2_PLACEMENT_3D('',#6094,#4728,#4729);
#4031=AXIS2_PLACEMENT_3D('',#6095,#4730,#4731);
#4032=AXIS2_PLACEMENT_3D('',#6096,#4732,#4733);
#4033=AXIS2_PLACEMENT_3D('',#6097,#4734,#4735);
#4034=AXIS2_PLACEMENT_3D('',#6110,#4736,#4737);
#4035=AXIS2_PLACEMENT_3D('',#6111,#4738,#4739);
#4036=AXIS2_PLACEMENT_3D('',#6112,#4740,#4741);
#4037=AXIS2_PLACEMENT_3D('',#6113,#4742,#4743);
#4038=AXIS2_PLACEMENT_3D('',#6114,#4744,#4745);
#4039=AXIS2_PLACEMENT_3D('',#6127,#4746,#4747);
#4040=AXIS2_PLACEMENT_3D('',#6128,#4748,#4749);
#4041=AXIS2_PLACEMENT_3D('',#6129,#4750,#4751);
#4042=AXIS2_PLACEMENT_3D('',#6130,#4752,#4753);
#4043=AXIS2_PLACEMENT_3D('',#6131,#4754,#4755);
#4044=AXIS2_PLACEMENT_3D('',#6132,#4756,#4757);
#4045=AXIS2_PLACEMENT_3D('',#6133,#4758,#4759);
#4046=AXIS2_PLACEMENT_3D('',#6152,#4760,#4761);
#4047=AXIS2_PLACEMENT_3D('',#6165,#4762,#4763);
#4048=AXIS2_PLACEMENT_3D('',#6178,#4764,#4765);
#4049=AXIS2_PLACEMENT_3D('',#6179,#4766,#4767);
#4050=AXIS2_PLACEMENT_3D('',#6180,#4768,#4769);
#4051=AXIS2_PLACEMENT_3D('',#6181,#4770,#4771);
#4052=AXIS2_PLACEMENT_3D('',#6183,#4772,#4773);
#4053=AXIS2_PLACEMENT_3D('',#6184,#4774,#4775);
#4054=AXIS2_PLACEMENT_3D('',#6185,#4776,#4777);
#4055=AXIS2_PLACEMENT_3D('',#6186,#4778,#4779);
#4056=AXIS2_PLACEMENT_3D('',#6255,#4780,#4781);
#4057=AXIS2_PLACEMENT_3D('',#6284,#4784,#4785);
#4058=AXIS2_PLACEMENT_3D('',#6288,#4788,#4789);
#4059=AXIS2_PLACEMENT_3D('',#6291,#4791,#4792);
#4060=AXIS2_PLACEMENT_3D('',#6292,#4793,#4794);
#4061=AXIS2_PLACEMENT_3D('',#6296,#4797,#4798);
#4062=AXIS2_PLACEMENT_3D('',#6299,#4800,#4801);
#4063=AXIS2_PLACEMENT_3D('',#6300,#4802,#4803);
#4064=AXIS2_PLACEMENT_3D('',#6349,#4806,#4807);
#4065=AXIS2_PLACEMENT_3D('',#6386,#4810,#4811);
#4066=AXIS2_PLACEMENT_3D('',#6390,#4814,#4815);
#4067=AXIS2_PLACEMENT_3D('',#6393,#4817,#4818);
#4068=AXIS2_PLACEMENT_3D('',#6394,#4819,#4820);
#4069=AXIS2_PLACEMENT_3D('',#6398,#4823,#4824);
#4070=AXIS2_PLACEMENT_3D('',#6401,#4826,#4827);
#4071=AXIS2_PLACEMENT_3D('',#6402,#4828,#4829);
#4072=AXIS2_PLACEMENT_3D('',#6439,#4832,#4833);
#4073=AXIS2_PLACEMENT_3D('',#6440,#4834,#4835);
#4074=AXIS2_PLACEMENT_3D('',#6442,#4836,#4837);
#4075=AXIS2_PLACEMENT_3D('',#6443,#4838,#4839);
#4076=AXIS2_PLACEMENT_3D('',#6445,#4840,#4841);
#4077=AXIS2_PLACEMENT_3D('',#6446,#4842,#4843);
#4078=AXIS2_PLACEMENT_3D('',#6448,#4844,#4845);
#4079=AXIS2_PLACEMENT_3D('',#6450,#4847,#4848);
#4080=AXIS2_PLACEMENT_3D('',#6451,#4849,#4850);
#4081=AXIS2_PLACEMENT_3D('',#6453,#4851,#4852);
#4082=AXIS2_PLACEMENT_3D('',#6455,#4853,#4854);
#4083=AXIS2_PLACEMENT_3D('',#6457,#4855,#4856);
#4084=AXIS2_PLACEMENT_3D('',#6459,#4857,#4858);
#4085=AXIS2_PLACEMENT_3D('',#6460,#4859,#4860);
#4086=AXIS2_PLACEMENT_3D('',#6463,#4861,#4862);
#4087=AXIS2_PLACEMENT_3D('',#6470,#4863,#4864);
#4088=AXIS2_PLACEMENT_3D('',#6477,#4865,#4866);
#4089=AXIS2_PLACEMENT_3D('',#6478,#4867,#4868);
#4090=AXIS2_PLACEMENT_3D('',#6479,#4869,#4870);
#4091=AXIS2_PLACEMENT_3D('',#6491,#4871,#4872);
#4092=AXIS2_PLACEMENT_3D('',#6492,#4873,#4874);
#4093=AXIS2_PLACEMENT_3D('',#6494,#4875,#4876);
#4094=AXIS2_PLACEMENT_3D('',#6495,#4877,#4878);
#4095=AXIS2_PLACEMENT_3D('',#6496,#4879,#4880);
#4096=AXIS2_PLACEMENT_3D('',#6499,#4881,#4882);
#4097=AXIS2_PLACEMENT_3D('',#6506,#4883,#4884);
#4098=AXIS2_PLACEMENT_3D('',#6513,#4885,#4886);
#4099=AXIS2_PLACEMENT_3D('',#6514,#4887,#4888);
#4100=AXIS2_PLACEMENT_3D('',#6515,#4889,#4890);
#4101=AXIS2_PLACEMENT_3D('',#6527,#4891,#4892);
#4102=AXIS2_PLACEMENT_3D('',#6528,#4893,#4894);
#4103=AXIS2_PLACEMENT_3D('',#6530,#4895,#4896);
#4104=AXIS2_PLACEMENT_3D('',#6531,#4897,#4898);
#4105=AXIS2_PLACEMENT_3D('',#6532,#4899,#4900);
#4106=AXIS2_PLACEMENT_3D('',#6534,#4901,#4902);
#4107=AXIS2_PLACEMENT_3D('',#6536,#4903,#4904);
#4108=AXIS2_PLACEMENT_3D('',#6537,#4905,#4906);
#4109=AXIS2_PLACEMENT_3D('',#6538,#4907,#4908);
#4110=AXIS2_PLACEMENT_3D('',#6540,#4909,#4910);
#4111=AXIS2_PLACEMENT_3D('',#6541,#4911,#4912);
#4112=AXIS2_PLACEMENT_3D('',#6543,#4913,#4914);
#4113=AXIS2_PLACEMENT_3D('',#6544,#4915,#4916);
#4114=AXIS2_PLACEMENT_3D('',#6546,#4917,#4918);
#4115=AXIS2_PLACEMENT_3D('',#6548,#4919,#4920);
#4116=AXIS2_PLACEMENT_3D('',#6549,#4921,#4922);
#4117=AXIS2_PLACEMENT_3D('',#6551,#4923,#4924);
#4118=AXIS2_PLACEMENT_3D('',#6553,#4925,#4926);
#4119=AXIS2_PLACEMENT_3D('',#6554,#4927,#4928);
#4120=AXIS2_PLACEMENT_3D('',#6567,#4929,#4930);
#4121=AXIS2_PLACEMENT_3D('',#6580,#4931,#4932);
#4122=AXIS2_PLACEMENT_3D('',#6581,#4933,#4934);
#4123=AXIS2_PLACEMENT_3D('',#6582,#4935,#4936);
#4124=AXIS2_PLACEMENT_3D('',#6595,#4937,#4938);
#4125=AXIS2_PLACEMENT_3D('',#6620,#4939,#4940);
#4126=AXIS2_PLACEMENT_3D('',#6633,#4941,#4942);
#4127=AXIS2_PLACEMENT_3D('',#6634,#4943,#4944);
#4128=AXIS2_PLACEMENT_3D('',#6635,#4945,#4946);
#4129=AXIS2_PLACEMENT_3D('',#6648,#4947,#4948);
#4130=AXIS2_PLACEMENT_3D('',#6661,#4949,#4950);
#4131=AXIS2_PLACEMENT_3D('',#6670,#4955,#4956);
#4132=AXIS2_PLACEMENT_3D('',#6679,#4961,#4962);
#4133=AXIS2_PLACEMENT_3D('',#6684,#4966,#4967);
#4134=AXIS2_PLACEMENT_3D('',#6693,#4972,#4973);
#4135=AXIS2_PLACEMENT_3D('',#6698,#4977,#4978);
#4136=AXIS2_PLACEMENT_3D('',#6699,#4979,#4980);
#4137=AXIS2_PLACEMENT_3D('',#6703,#4983,#4984);
#4138=AXIS2_PLACEMENT_3D('',#6712,#4989,#4990);
#4139=AXIS2_PLACEMENT_3D('',#6720,#4995,#4996);
#4140=AXIS2_PLACEMENT_3D('',#6730,#5002,#5003);
#4141=AXIS2_PLACEMENT_3D('',#6733,#5006,#5007);
#4142=AXIS2_PLACEMENT_3D('',#6736,#5010,#5011);
#4143=AXIS2_PLACEMENT_3D('',#6746,#5014,#5015);
#4144=AXIS2_PLACEMENT_3D('',#6750,#5017,#5018);
#4145=AXIS2_PLACEMENT_3D('',#6751,#5019,#5020);
#4146=AXIS2_PLACEMENT_3D('',#6759,#5024,#5025);
#4147=AXIS2_PLACEMENT_3D('',#6764,#5028,#5029);
#4148=AXIS2_PLACEMENT_3D('',#6769,#5032,#5033);
#4149=AXIS2_PLACEMENT_3D('',#6773,#5035,#5036);
#4150=AXIS2_PLACEMENT_3D('',#6775,#5037,#5038);
#4151=AXIS2_PLACEMENT_3D('',#6777,#5039,#5040);
#4152=AXIS2_PLACEMENT_3D('',#6781,#5042,#5043);
#4153=AXIS2_PLACEMENT_3D('',#6785,#5045,#5046);
#4154=AXIS2_PLACEMENT_3D('',#6789,#5048,#5049);
#4155=AXIS2_PLACEMENT_3D('',#6791,#5051,#5052);
#4156=AXIS2_PLACEMENT_3D('',#6792,#5053,#5054);
#4157=AXIS2_PLACEMENT_3D('',#6796,#5056,#5057);
#4158=AXIS2_PLACEMENT_3D('',#6800,#5059,#5060);
#4159=AXIS2_PLACEMENT_3D('',#6804,#5062,#5063);
#4160=AXIS2_PLACEMENT_3D('',#6806,#5064,#5065);
#4161=AXIS2_PLACEMENT_3D('',#6808,#5066,#5067);
#4162=AXIS2_PLACEMENT_3D('',#6812,#5069,#5070);
#4163=AXIS2_PLACEMENT_3D('',#6818,#5074,#5075);
#4164=AXIS2_PLACEMENT_3D('',#6827,#5080,#5081);
#4165=AXIS2_PLACEMENT_3D('',#6831,#5083,#5084);
#4166=AXIS2_PLACEMENT_3D('',#6832,#5085,#5086);
#4167=AXIS2_PLACEMENT_3D('',#6846,#5089,#5090);
#4168=AXIS2_PLACEMENT_3D('',#6847,#5091,#5092);
#4169=AXIS2_PLACEMENT_3D('',#6852,#5093,#5094);
#4170=AXIS2_PLACEMENT_3D('',#6861,#5095,#5096);
#4171=AXIS2_PLACEMENT_3D('',#6867,#5097,#5098);
#4172=AXIS2_PLACEMENT_3D('',#6876,#5101,#5102);
#4173=AXIS2_PLACEMENT_3D('',#6892,#5104,#5105);
#4174=AXIS2_PLACEMENT_3D('',#6893,#5106,#5107);
#4175=AXIS2_PLACEMENT_3D('',#6897,#5109,#5110);
#4176=AXIS2_PLACEMENT_3D('',#6898,#5111,#5112);
#4177=AXIS2_PLACEMENT_3D('',#6900,#5114,#5115);
#4178=AXIS2_PLACEMENT_3D('',#6909,#5120,#5121);
#4179=AXIS2_PLACEMENT_3D('',#6913,#5124,#5125);
#4180=AXIS2_PLACEMENT_3D('',#6918,#5129,#5130);
#4181=AXIS2_PLACEMENT_3D('',#6924,#5134,#5135);
#4182=AXIS2_PLACEMENT_3D('',#6925,#5136,#5137);
#4183=AXIS2_PLACEMENT_3D('',#6928,#5139,#5140);
#4184=AXIS2_PLACEMENT_3D('',#6932,#5143,#5144);
#4185=AXIS2_PLACEMENT_3D('',#6938,#5148,#5149);
#4186=AXIS2_PLACEMENT_3D('',#6939,#5150,#5151);
#4187=AXIS2_PLACEMENT_3D('',#6942,#5153,#5154);
#4188=AXIS2_PLACEMENT_3D('',#6943,#5155,#5156);
#4189=AXIS2_PLACEMENT_3D('',#6946,#5158,#5159);
#4190=AXIS2_PLACEMENT_3D('',#6947,#5160,#5161);
#4191=AXIS2_PLACEMENT_3D('',#6950,#5163,#5164);
#4192=AXIS2_PLACEMENT_3D('',#6954,#5167,#5168);
#4193=AXIS2_PLACEMENT_3D('',#6960,#5172,#5173);
#4194=AXIS2_PLACEMENT_3D('',#6961,#5174,#5175);
#4195=AXIS2_PLACEMENT_3D('',#6962,#5176,#5177);
#4196=AXIS2_PLACEMENT_3D('',#6964,#5179,#5180);
#4197=AXIS2_PLACEMENT_3D('',#6965,#5181,#5182);
#4198=AXIS2_PLACEMENT_3D('',#6977,#5186,#5187);
#4199=AXIS2_PLACEMENT_3D('',#6978,#5188,#5189);
#4200=AXIS2_PLACEMENT_3D('',#6979,#5190,#5191);
#4201=AXIS2_PLACEMENT_3D('',#6980,#5192,#5193);
#4202=AXIS2_PLACEMENT_3D('',#6981,#5194,#5195);
#4203=AXIS2_PLACEMENT_3D('',#6986,#5196,#5197);
#4204=AXIS2_PLACEMENT_3D('',#6987,#5198,#5199);
#4205=AXIS2_PLACEMENT_3D('',#6992,#5200,#5201);
#4206=AXIS2_PLACEMENT_3D('',#6994,#5203,#5204);
#4207=AXIS2_PLACEMENT_3D('',#7000,#5206,#5207);
#4208=AXIS2_PLACEMENT_3D('',#7001,#5208,#5209);
#4209=AXIS2_PLACEMENT_3D('',#7006,#5213,#5214);
#4210=AXIS2_PLACEMENT_3D('',#7011,#5218,#5219);
#4211=AXIS2_PLACEMENT_3D('',#7012,#5220,#5221);
#4212=AXIS2_PLACEMENT_3D('',#7013,#5222,#5223);
#4213=AXIS2_PLACEMENT_3D('',#7014,#5224,#5225);
#4214=AXIS2_PLACEMENT_3D('',#7015,#5226,#5227);
#4215=AXIS2_PLACEMENT_3D('',#7016,#5228,#5229);
#4216=AXIS2_PLACEMENT_3D('',#7017,#5230,#5231);
#4217=AXIS2_PLACEMENT_3D('',#7019,#5233,#5234);
#4218=AXIS2_PLACEMENT_3D('',#7021,#5236,#5237);
#4219=AXIS2_PLACEMENT_3D('',#7023,#5239,#5240);
#4220=AXIS2_PLACEMENT_3D('',#7025,#5242,#5243);
#4221=AXIS2_PLACEMENT_3D('',#7027,#5245,#5246);
#4222=AXIS2_PLACEMENT_3D('',#7029,#5248,#5249);
#4223=AXIS2_PLACEMENT_3D('',#7031,#5251,#5252);
#4224=AXIS2_PLACEMENT_3D('',#7033,#5254,#5255);
#4225=AXIS2_PLACEMENT_3D('',#7035,#5257,#5258);
#4226=AXIS2_PLACEMENT_3D('',#7037,#5260,#5261);
#4227=AXIS2_PLACEMENT_3D('',#7039,#5263,#5264);
#4228=AXIS2_PLACEMENT_3D('',#7040,#5265,#5266);
#4229=AXIS2_PLACEMENT_3D('',#7041,#5267,#5268);
#4230=AXIS2_PLACEMENT_3D('',#7042,#5269,#5270);
#4231=AXIS2_PLACEMENT_3D('',#7044,#5272,#5273);
#4232=AXIS2_PLACEMENT_3D('',#7045,#5274,#5275);
#4233=AXIS2_PLACEMENT_3D('',#7047,#5277,#5278);
#4234=AXIS2_PLACEMENT_3D('',#7049,#5280,#5281);
#4235=AXIS2_PLACEMENT_3D('',#7050,#5282,#5283);
#4236=AXIS2_PLACEMENT_3D('',#7051,#5284,#5285);
#4237=AXIS2_PLACEMENT_3D('',#7053,#5287,#5288);
#4238=AXIS2_PLACEMENT_3D('',#7055,#5290,#5291);
#4239=AXIS2_PLACEMENT_3D('',#7057,#5293,#5294);
#4240=AXIS2_PLACEMENT_3D('',#7058,#5295,#5296);
#4241=AXIS2_PLACEMENT_3D('',#7059,#5297,#5298);
#4242=AXIS2_PLACEMENT_3D('',#7060,#5299,#5300);
#4243=AXIS2_PLACEMENT_3D('',#7076,#5301,#5302);
#4244=AXIS2_PLACEMENT_3D('',#7077,#5303,#5304);
#4245=AXIS2_PLACEMENT_3D('',#7078,#5305,#5306);
#4246=AXIS2_PLACEMENT_3D('',#7103,#5307,#5308);
#4247=AXIS2_PLACEMENT_3D('',#7105,#5310,#5311);
#4248=DIRECTION('',(0.,0.,1.));
#4249=DIRECTION('',(1.,0.,0.));
#4250=DIRECTION('',(0.,0.707106781186548,0.707106781186548));
#4251=DIRECTION('',(1.,0.,0.));
#4252=DIRECTION('',(-1.,-3.68641223887374E-32,3.68641223887374E-32));
#4253=DIRECTION('',(0.,-0.707106781186548,0.707106781186548));
#4254=DIRECTION('',(-1.,0.,0.));
#4255=DIRECTION('',(-0.252733199495569,0.684151273430348,-0.684151273430348));
#4256=DIRECTION('',(1.,0.,0.));
#4257=DIRECTION('',(-0.252733199495569,-0.684151273430348,0.684151273430348));
#4258=DIRECTION('',(-1.,-3.68641223887374E-32,3.68641223887374E-32));
#4259=DIRECTION('',(4.04551742310641E-16,0.707106781186548,-0.707106781186548));
#4260=DIRECTION('',(-1.,-3.68641223887374E-32,3.68641223887374E-32));
#4261=DIRECTION('',(0.,0.707106781186548,-0.707106781186548));
#4262=DIRECTION('',(-0.577350269189623,0.577350269189627,-0.577350269189627));
#4263=DIRECTION('',(-1.,0.,0.));
#4264=DIRECTION('',(0.577350269189623,0.577350269189627,-0.577350269189627));
#4265=DIRECTION('',(0.,-0.707106781186548,0.707106781186548));
#4266=DIRECTION('',(-0.252733199495569,-0.684151273430348,0.684151273430348));
#4267=DIRECTION('',(0.,0.707106781186548,0.707106781186548));
#4268=DIRECTION('',(-0.252733199495569,-0.684151273430348,0.684151273430348));
#4269=DIRECTION('',(-0.65363221610871,-0.737166050643597,0.171321743638508));
#4270=DIRECTION('',(-0.748228508925685,0.663441103965413,0.));
#4271=DIRECTION('',(-0.627135801386841,0.654289302573529,0.422618261740699));
#4272=DIRECTION('',(-0.542586862446351,-0.756244344466685,0.365641885131859));
#4273=DIRECTION('',(-0.721928369073005,-0.691967795441082,-6.00186389685783E-15));
#4274=DIRECTION('',(-0.691967795441082,0.721928369073005,0.));
#4275=DIRECTION('',(0.,0.,-1.));
#4276=DIRECTION('',(-1.,0.,0.));
#4277=DIRECTION('',(0.,0.,-1.));
#4278=DIRECTION('',(-1.,0.,0.));
#4279=DIRECTION('',(0.,0.,1.));
#4280=DIRECTION('',(1.,0.,0.));
#4281=DIRECTION('',(0.,0.,-1.));
#4282=DIRECTION('',(-1.,0.,0.));
#4283=DIRECTION('',(0.721928369073,-0.691967795441087,0.));
#4284=DIRECTION('',(0.721928369073,-0.691967795441087,0.));
#4285=DIRECTION('',(0.,0.,-1.));
#4286=DIRECTION('',(-0.346523092263032,0.938041441796932,0.));
#4287=DIRECTION('',(-1.,0.,0.));
#4288=DIRECTION('',(0.,1.,0.));
#4289=DIRECTION('',(0.,0.,1.));
#4290=DIRECTION('',(1.,0.,0.));
#4291=DIRECTION('',(-0.886584863915425,0.462565972674242,0.));
#4292=DIRECTION('',(0.,0.,1.));
#4293=DIRECTION('',(1.,0.,0.));
#4294=DIRECTION('',(1.,0.,0.));
#4295=DIRECTION('',(0.,0.,1.));
#4296=DIRECTION('',(1.,0.,0.));
#4297=DIRECTION('',(0.866025403784439,0.5,0.));
#4298=DIRECTION('',(0.,0.,1.));
#4299=DIRECTION('',(1.,0.,0.));
#4300=DIRECTION('',(0.,0.,-1.));
#4301=DIRECTION('',(-1.,0.,0.));
#4302=DIRECTION('',(0.,0.,1.));
#4303=DIRECTION('',(1.,0.,0.));
#4304=DIRECTION('',(0.866025403784439,-0.5,0.));
#4305=DIRECTION('',(0.,0.,1.));
#4306=DIRECTION('',(1.,0.,0.));
#4307=DIRECTION('',(1.,0.,0.));
#4308=DIRECTION('',(0.,0.,1.));
#4309=DIRECTION('',(1.,0.,0.));
#4310=DIRECTION('',(-0.886584863915425,-0.462565972674241,0.));
#4311=DIRECTION('',(0.,0.,1.));
#4312=DIRECTION('',(1.,0.,0.));
#4313=DIRECTION('',(0.,-1.,0.));
#4314=DIRECTION('',(0.721928369073,0.691967795441087,0.));
#4315=DIRECTION('',(0.,0.,-1.));
#4316=DIRECTION('',(-4.11677179968274E-15,1.,0.));
#4317=DIRECTION('',(1.21138713423271E-17,-1.,0.));
#4318=DIRECTION('',(0.,0.,-1.));
#4319=DIRECTION('',(-1.,0.,0.));
#4320=DIRECTION('',(0.707106781186547,-0.707106781186548,0.));
#4321=DIRECTION('',(-1.,6.02934254911523E-14,0.));
#4322=DIRECTION('',(0.,0.,-1.));
#4323=DIRECTION('',(-1.,0.,0.));
#4324=DIRECTION('',(-1.,6.02934254911523E-14,0.));
#4325=DIRECTION('',(0.,0.,-1.));
#4326=DIRECTION('',(-1.,0.,0.));
#4327=DIRECTION('',(-1.,6.02934254911523E-14,0.));
#4328=DIRECTION('',(-0.707106781186547,-0.707106781186548,0.));
#4329=DIRECTION('',(0.,0.,-1.));
#4330=DIRECTION('',(-1.,0.,0.));
#4331=DIRECTION('',(1.21138713423271E-17,-1.,0.));
#4332=DIRECTION('',(0.,0.,-1.));
#4333=DIRECTION('',(4.1167717996827E-15,-1.,0.));
#4334=DIRECTION('',(5.85742670562543E-14,0.971486801075013,0.237093642548758));
#4335=DIRECTION('',(-1.03384599698742E-13,0.237093642548758,-0.971486801075014));
#4336=DIRECTION('',(-1.,6.02934254911523E-14,0.));
#4337=DIRECTION('',(5.85742670562543E-14,0.971486801075013,0.237093642548758));
#4338=DIRECTION('',(1.42951878714394E-14,0.237093642548758,-0.971486801075013));
#4339=DIRECTION('',(1.,-6.02934254911524E-14,0.));
#4340=DIRECTION('',(5.85742670562543E-14,0.971486801075013,0.237093642548758));
#4341=DIRECTION('',(1.42951878714394E-14,0.237093642548758,-0.971486801075013));
#4342=DIRECTION('',(-1.,6.02934254911523E-14,0.));
#4343=DIRECTION('',(5.85742670562543E-14,0.971486801075013,0.237093642548758));
#4344=DIRECTION('',(1.42951878714394E-14,0.237093642548758,-0.971486801075013));
#4345=DIRECTION('',(1.,-6.02934254911524E-14,0.));
#4346=DIRECTION('',(5.85742670562543E-14,0.971486801075013,0.237093642548758));
#4347=DIRECTION('',(1.42951878714394E-14,0.237093642548758,-0.971486801075013));
#4348=DIRECTION('',(-1.,6.02934254911523E-14,0.));
#4349=DIRECTION('',(0.0612020885858686,-0.236649185645773,0.969665647161908));
#4350=DIRECTION('',(1.,-6.02934254911524E-14,0.));
#4351=DIRECTION('',(-0.0612020885846049,-0.236649185645785,0.969665647161985));
#4352=DIRECTION('',(-1.,6.02934254911523E-14,0.));
#4353=DIRECTION('',(6.02934254911523E-14,1.,-1.57713813111996E-13));
#4354=DIRECTION('',(-1.,6.02934254911523E-14,0.));
#4355=DIRECTION('',(6.02934254911523E-14,1.,-1.57713813111996E-13));
#4356=DIRECTION('',(-1.,6.02934254911523E-14,0.));
#4357=DIRECTION('',(6.02934254911523E-14,1.,0.));
#4358=DIRECTION('',(-1.,6.02934254911523E-14,0.));
#4359=DIRECTION('',(6.02934254911523E-14,1.,-1.57713813111996E-13));
#4360=DIRECTION('',(-1.,6.02934254911523E-14,0.));
#4361=DIRECTION('',(6.02934254911523E-14,1.,0.));
#4362=DIRECTION('',(-1.,0.,0.));
#4363=DIRECTION('',(0.,1.,0.));
#4364=DIRECTION('',(0.,1.,0.));
#4365=DIRECTION('',(0.,0.,-1.));
#4366=DIRECTION('',(0.,1.,0.));
#4367=DIRECTION('',(0.,0.,1.));
#4368=DIRECTION('',(0.,0.,1.));
#4369=DIRECTION('',(-1.,0.,0.));
#4370=DIRECTION('',(0.,1.,0.));
#4371=DIRECTION('',(0.,1.,0.));
#4372=DIRECTION('',(0.,0.,1.));
#4373=DIRECTION('',(0.,0.,1.));
#4374=DIRECTION('',(0.,1.,0.));
#4375=DIRECTION('',(-1.,0.,0.));
#4376=DIRECTION('',(0.,1.,0.));
#4377=DIRECTION('',(0.,1.,0.));
#4378=DIRECTION('',(0.,0.,1.));
#4379=DIRECTION('',(0.,0.,1.));
#4380=DIRECTION('',(0.,1.,0.));
#4381=DIRECTION('',(0.,0.,-1.));
#4382=DIRECTION('',(-1.,0.,0.));
#4383=DIRECTION('',(0.,1.,0.));
#4384=DIRECTION('',(0.,1.,0.));
#4385=DIRECTION('',(0.,1.,0.));
#4386=DIRECTION('',(0.,0.,1.));
#4387=DIRECTION('',(0.,0.,1.));
#4388=DIRECTION('',(0.,-1.,0.));
#4389=DIRECTION('',(-1.,0.,0.));
#4390=DIRECTION('',(-1.,0.,0.));
#4391=DIRECTION('',(0.,0.,-1.));
#4392=DIRECTION('',(-1.,0.,0.));
#4393=DIRECTION('',(-1.,0.,0.));
#4394=DIRECTION('',(0.,1.,0.));
#4395=DIRECTION('',(0.,-1.,0.));
#4396=DIRECTION('',(0.,-1.,0.));
#4397=DIRECTION('',(0.,0.,-1.));
#4398=DIRECTION('',(-1.,0.,0.));
#4399=DIRECTION('',(0.,1.,0.));
#4400=DIRECTION('',(0.,-1.,0.));
#4401=DIRECTION('',(0.,0.,-1.));
#4402=DIRECTION('',(0.,-1.,0.));
#4403=DIRECTION('',(0.,-1.,0.));
#4404=DIRECTION('',(-1.,0.,0.));
#4405=DIRECTION('',(-1.,0.,0.));
#4406=DIRECTION('',(-1.,0.,0.));
#4407=DIRECTION('',(-1.,0.,0.));
#4408=DIRECTION('',(0.,1.,0.));
#4409=DIRECTION('',(0.,-1.,0.));
#4410=DIRECTION('',(0.,0.,-1.));
#4411=DIRECTION('',(0.,-1.,0.));
#4412=DIRECTION('',(0.,-1.,0.));
#4413=DIRECTION('',(-1.,0.,0.));
#4414=DIRECTION('',(-1.,0.,0.));
#4415=DIRECTION('',(-1.,0.,0.));
#4416=DIRECTION('',(0.,0.,-1.));
#4417=DIRECTION('',(0.,-1.,0.));
#4418=DIRECTION('',(-1.,0.,0.));
#4419=DIRECTION('',(-1.,0.,0.));
#4420=DIRECTION('',(-1.,0.,0.));
#4421=DIRECTION('',(-1.,0.,0.));
#4422=DIRECTION('',(0.,1.,0.));
#4423=DIRECTION('',(0.,-1.,0.));
#4424=DIRECTION('',(0.,-1.,0.));
#4425=DIRECTION('',(0.,0.,-1.));
#4426=DIRECTION('',(0.,0.,-1.));
#4427=DIRECTION('',(-1.,0.,0.));
#4428=DIRECTION('',(0.,0.,-1.));
#4429=DIRECTION('',(-1.,0.,0.));
#4430=DIRECTION('',(-1.,0.,0.));
#4431=DIRECTION('',(-1.,0.,0.));
#4432=DIRECTION('',(0.,0.,-1.));
#4433=DIRECTION('',(-1.,0.,0.));
#4434=DIRECTION('',(-1.,0.,0.));
#4435=DIRECTION('',(0.,0.,-1.));
#4436=DIRECTION('',(-1.,0.,0.));
#4437=DIRECTION('',(-1.,0.,0.));
#4438=DIRECTION('',(0.,0.,-1.));
#4439=DIRECTION('',(-1.,0.,0.));
#4440=DIRECTION('',(0.,0.,-1.));
#4441=DIRECTION('',(-1.,0.,0.));
#4442=DIRECTION('',(0.,0.,-1.));
#4443=DIRECTION('',(-1.,0.,0.));
#4444=DIRECTION('',(0.,0.,-1.));
#4445=DIRECTION('',(-1.,0.,0.));
#4446=DIRECTION('',(0.,0.,-1.));
#4447=DIRECTION('',(-1.,0.,0.));
#4448=DIRECTION('',(0.,0.,-1.));
#4449=DIRECTION('',(-1.,0.,0.));
#4450=DIRECTION('',(0.,0.,-1.));
#4451=DIRECTION('',(-1.,0.,0.));
#4452=DIRECTION('',(0.,0.,-1.));
#4453=DIRECTION('',(-1.,0.,0.));
#4454=DIRECTION('',(0.,0.,-1.));
#4455=DIRECTION('',(-1.,0.,0.));
#4456=DIRECTION('',(0.,0.,-1.));
#4457=DIRECTION('',(-1.,0.,0.));
#4458=DIRECTION('',(0.,0.,-1.));
#4459=DIRECTION('',(-1.,0.,0.));
#4460=DIRECTION('',(0.,0.,-1.));
#4461=DIRECTION('',(-1.,0.,0.));
#4462=DIRECTION('',(0.,0.,-1.));
#4463=DIRECTION('',(-1.,0.,0.));
#4464=DIRECTION('',(0.,0.,-1.));
#4465=DIRECTION('',(-1.,0.,0.));
#4466=DIRECTION('',(0.,0.,-1.));
#4467=DIRECTION('',(-1.,0.,0.));
#4468=DIRECTION('',(0.,0.,-1.));
#4469=DIRECTION('',(-1.,0.,0.));
#4470=DIRECTION('',(0.,0.,-1.));
#4471=DIRECTION('',(-1.,0.,0.));
#4472=DIRECTION('',(0.,0.,-1.));
#4473=DIRECTION('',(-1.,0.,0.));
#4474=DIRECTION('',(-1.,0.,0.));
#4475=DIRECTION('',(0.,1.,0.));
#4476=DIRECTION('',(0.,1.,0.));
#4477=DIRECTION('',(0.,0.,-1.));
#4478=DIRECTION('',(0.,1.,0.));
#4479=DIRECTION('',(0.,0.,1.));
#4480=DIRECTION('',(0.,0.,1.));
#4481=DIRECTION('',(-1.,0.,0.));
#4482=DIRECTION('',(0.,1.,0.));
#4483=DIRECTION('',(0.,1.,0.));
#4484=DIRECTION('',(0.,0.,1.));
#4485=DIRECTION('',(0.,0.,1.));
#4486=DIRECTION('',(0.,1.,0.));
#4487=DIRECTION('',(-1.,0.,0.));
#4488=DIRECTION('',(0.,1.,0.));
#4489=DIRECTION('',(0.,1.,0.));
#4490=DIRECTION('',(0.,0.,1.));
#4491=DIRECTION('',(0.,0.,1.));
#4492=DIRECTION('',(0.,1.,0.));
#4493=DIRECTION('',(0.,0.,-1.));
#4494=DIRECTION('',(-1.,0.,0.));
#4495=DIRECTION('',(0.,1.,0.));
#4496=DIRECTION('',(0.,1.,0.));
#4497=DIRECTION('',(0.,1.,0.));
#4498=DIRECTION('',(0.,0.,1.));
#4499=DIRECTION('',(0.,0.,1.));
#4500=DIRECTION('',(0.,-1.,0.));
#4501=DIRECTION('',(-1.,0.,0.));
#4502=DIRECTION('',(-1.,0.,0.));
#4503=DIRECTION('',(0.,0.,-1.));
#4504=DIRECTION('',(-1.,0.,0.));
#4505=DIRECTION('',(-1.,0.,0.));
#4506=DIRECTION('',(0.,1.,0.));
#4507=DIRECTION('',(0.,-1.,0.));
#4508=DIRECTION('',(0.,-1.,0.));
#4509=DIRECTION('',(0.,0.,-1.));
#4510=DIRECTION('',(-1.,0.,0.));
#4511=DIRECTION('',(0.,1.,0.));
#4512=DIRECTION('',(0.,-1.,0.));
#4513=DIRECTION('',(0.,0.,-1.));
#4514=DIRECTION('',(0.,-1.,0.));
#4515=DIRECTION('',(0.,-1.,0.));
#4516=DIRECTION('',(-1.,0.,0.));
#4517=DIRECTION('',(-1.,0.,0.));
#4518=DIRECTION('',(-1.,0.,0.));
#4519=DIRECTION('',(-1.,0.,0.));
#4520=DIRECTION('',(0.,1.,0.));
#4521=DIRECTION('',(0.,-1.,0.));
#4522=DIRECTION('',(0.,0.,-1.));
#4523=DIRECTION('',(0.,-1.,0.));
#4524=DIRECTION('',(0.,-1.,0.));
#4525=DIRECTION('',(-1.,0.,0.));
#4526=DIRECTION('',(-1.,0.,0.));
#4527=DIRECTION('',(-1.,0.,0.));
#4528=DIRECTION('',(0.,0.,-1.));
#4529=DIRECTION('',(0.,-1.,0.));
#4530=DIRECTION('',(-1.,0.,0.));
#4531=DIRECTION('',(-1.,0.,0.));
#4532=DIRECTION('',(-1.,0.,0.));
#4533=DIRECTION('',(-1.,0.,0.));
#4534=DIRECTION('',(0.,1.,0.));
#4535=DIRECTION('',(0.,-1.,0.));
#4536=DIRECTION('',(0.,-1.,0.));
#4537=DIRECTION('',(0.,0.,-1.));
#4538=DIRECTION('',(0.,0.,-1.));
#4539=DIRECTION('',(-1.,0.,0.));
#4540=DIRECTION('',(0.,0.,-1.));
#4541=DIRECTION('',(-1.,0.,0.));
#4542=DIRECTION('',(-1.,0.,0.));
#4543=DIRECTION('',(-1.,0.,0.));
#4544=DIRECTION('',(0.,0.,-1.));
#4545=DIRECTION('',(-1.,0.,0.));
#4546=DIRECTION('',(-1.,0.,0.));
#4547=DIRECTION('',(0.,0.,-1.));
#4548=DIRECTION('',(-1.,0.,0.));
#4549=DIRECTION('',(-1.,0.,0.));
#4550=DIRECTION('',(0.,0.,-1.));
#4551=DIRECTION('',(-1.,0.,0.));
#4552=DIRECTION('',(0.,0.,-1.));
#4553=DIRECTION('',(-1.,0.,0.));
#4554=DIRECTION('',(0.,0.,-1.));
#4555=DIRECTION('',(-1.,0.,0.));
#4556=DIRECTION('',(0.,0.,-1.));
#4557=DIRECTION('',(-1.,0.,0.));
#4558=DIRECTION('',(0.,0.,-1.));
#4559=DIRECTION('',(-1.,0.,0.));
#4560=DIRECTION('',(0.,0.,-1.));
#4561=DIRECTION('',(-1.,0.,0.));
#4562=DIRECTION('',(0.,0.,-1.));
#4563=DIRECTION('',(-1.,0.,0.));
#4564=DIRECTION('',(0.,0.,-1.));
#4565=DIRECTION('',(-1.,0.,0.));
#4566=DIRECTION('',(0.,0.,-1.));
#4567=DIRECTION('',(-1.,0.,0.));
#4568=DIRECTION('',(0.,0.,-1.));
#4569=DIRECTION('',(-1.,0.,0.));
#4570=DIRECTION('',(0.,0.,-1.));
#4571=DIRECTION('',(-1.,0.,0.));
#4572=DIRECTION('',(0.,0.,-1.));
#4573=DIRECTION('',(-1.,0.,0.));
#4574=DIRECTION('',(0.,0.,-1.));
#4575=DIRECTION('',(-1.,0.,0.));
#4576=DIRECTION('',(0.,0.,-1.));
#4577=DIRECTION('',(-1.,0.,0.));
#4578=DIRECTION('',(0.,0.,-1.));
#4579=DIRECTION('',(-1.,0.,0.));
#4580=DIRECTION('',(0.,0.,-1.));
#4581=DIRECTION('',(-1.,0.,0.));
#4582=DIRECTION('',(0.,0.,-1.));
#4583=DIRECTION('',(-1.,0.,0.));
#4584=DIRECTION('',(0.,0.,-1.));
#4585=DIRECTION('',(-1.,0.,0.));
#4586=DIRECTION('',(0.,0.,-1.));
#4587=DIRECTION('',(-1.,0.,0.));
#4588=DIRECTION('',(-3.68641223887374E-32,-1.11022302462516E-15,-1.));
#4589=DIRECTION('',(0.,1.,-1.11022302462516E-15));
#4590=DIRECTION('',(0.,0.,-1.));
#4591=DIRECTION('',(-1.,0.,0.));
#4592=DIRECTION('',(-3.68641223887374E-32,-1.11022302462516E-15,-1.));
#4593=DIRECTION('',(0.,1.,-1.11022302462516E-15));
#4594=DIRECTION('',(0.,0.,-1.));
#4595=DIRECTION('',(-1.,0.,0.));
#4596=DIRECTION('',(-0.707106781186548,-0.707106781186547,0.));
#4597=DIRECTION('',(-0.707106781186547,0.707106781186548,0.));
#4598=DIRECTION('',(0.250381721394646,-0.968147196242107,-1.75897049202561E-25));
#4599=DIRECTION('',(-0.968147196242108,-0.250381721394646,0.));
#4600=DIRECTION('',(0.0612020885858686,-0.236649185645773,0.969665647161908));
#4601=DIRECTION('',(0.,0.971486801075012,0.237093642548762));
#4602=DIRECTION('',(0.,0.,-1.));
#4603=DIRECTION('',(-1.,0.,0.));
#4604=DIRECTION('',(-0.25038172139058,-0.968147196243159,5.32907168871455E-14));
#4605=DIRECTION('',(-0.968147196243159,0.25038172139058,0.));
#4606=DIRECTION('',(0.707106781186548,-0.707106781186547,0.));
#4607=DIRECTION('',(-0.707106781186547,-0.707106781186548,0.));
#4608=DIRECTION('',(-0.0612020885846049,-0.236649185645785,0.969665647161985));
#4609=DIRECTION('',(0.,0.971486801075014,0.237093642548754));
#4610=DIRECTION('',(0.0612020885858686,-0.236649185645773,0.969665647161908));
#4611=DIRECTION('',(-2.01470745965489E-12,0.971486801074983,0.237093642548881));
#4612=DIRECTION('',(0.0612020885858686,-0.236649185645773,0.969665647161908));
#4613=DIRECTION('',(-0.968147196242107,-0.250381721394646,-6.18399836227518E-14));
#4614=DIRECTION('',(0.250381721394646,-0.968147196242107,-5.79941066749143E-13));
#4615=DIRECTION('',(-0.250381721394646,0.968147196242107,1.75897049202561E-25));
#4616=DIRECTION('',(8.61562526894931E-14,-8.61562526894932E-14,-1.));
#4617=DIRECTION('',(-0.250381721394646,0.968147196242108,0.));
#4618=DIRECTION('',(-0.0612020885846049,-0.236649185645785,0.969665647161985));
#4619=DIRECTION('',(-2.01470745965504E-12,0.971486801075043,0.237093642548634));
#4620=DIRECTION('',(-0.0612020885846049,-0.236649185645785,0.969665647161985));
#4621=DIRECTION('',(0.968147196243159,-0.25038172139058,-2.67898388578435E-13));
#4622=DIRECTION('',(-0.25038172139058,-0.968147196243159,-5.26650349861822E-13));
#4623=DIRECTION('',(-0.25038172139058,-0.968147196243159,0.));
#4624=DIRECTION('',(-3.73239446538521E-13,-3.73239446538521E-13,-1.));
#4625=DIRECTION('',(0.25038172139058,0.968147196243159,-5.32907168871455E-14));
#4626=DIRECTION('',(-0.25038172139058,-0.968147196243159,5.32907168871455E-14));
#4627=DIRECTION('',(0.968147196243159,-0.25038172139058,-2.46122249094758E-13));
#4628=DIRECTION('',(-0.921339453871896,0.388759065153517,2.32916841809148E-14));
#4629=DIRECTION('',(-0.388759065153517,-0.921339453871896,5.73067299043174E-14));
#4630=DIRECTION('',(0.250381721394646,-0.968147196242107,-1.75897049202561E-25));
#4631=DIRECTION('',(-0.968147196242107,-0.250381721394646,-4.00638441390746E-14));
#4632=DIRECTION('',(-0.921339453870801,-0.388759065156112,7.68790280494535E-26));
#4633=DIRECTION('',(0.388759065156112,-0.921339453870801,0.));
#4634=DIRECTION('',(1.,1.21138713423271E-17,-2.6512788637874E-15));
#4635=DIRECTION('',(-2.65127886378741E-15,5.71499572020068E-13,-1.));
#4636=DIRECTION('',(-2.6512788637874E-15,2.6512788637874E-15,-1.));
#4637=DIRECTION('',(1.21138713423271E-17,-1.,0.));
#4638=DIRECTION('',(2.23366382184422E-15,-0.542576545538997,0.840006364399085));
#4639=DIRECTION('',(1.21138713423271E-17,-1.,0.));
#4640=DIRECTION('',(1.,1.21138713423271E-17,-2.6512788637874E-15));
#4641=DIRECTION('',(-2.65127886378741E-15,5.71499572020068E-13,-1.));
#4642=DIRECTION('',(2.23366382184421E-15,-0.542576545539,0.840006364399083));
#4643=DIRECTION('',(1.21138713423271E-17,-1.,0.));
#4644=DIRECTION('',(-2.6512788637874E-15,-2.6512788637874E-15,-1.));
#4645=DIRECTION('',(1.21138713423271E-17,-1.,0.));
#4646=DIRECTION('',(0.627135801386841,0.654289302573529,0.422618261740699));
#4647=DIRECTION('',(0.778909934856967,-0.526798064507466,-0.340269176700303));
#4648=DIRECTION('',(-0.252733199495569,0.684151273430348,-0.684151273430348));
#4649=DIRECTION('',(0.721928369073,-0.691967795441087,-3.35353063643429E-17));
#4650=DIRECTION('',(0.721928369073,-0.691967795441087,-3.35353063643429E-17));
#4651=DIRECTION('',(2.24820162486594E-15,-0.542576545539,0.840006364399083));
#4652=DIRECTION('',(0.721928369073,-0.691967795441087,0.));
#4653=DIRECTION('',(-0.627135801386841,0.654289302573529,0.422618261740699));
#4654=DIRECTION('',(0.778909934856967,0.526798064507466,0.340269176700303));
#4655=DIRECTION('',(0.721928369073,0.691967795441087,0.));
#4656=DIRECTION('',(2.20496343767657E-15,-0.542576545538997,0.840006364399085));
#4657=DIRECTION('',(0.721928369073,0.691967795441087,4.07191009267244E-18));
#4658=DIRECTION('',(0.707106781186548,-0.707106781186547,0.));
#4659=DIRECTION('',(-0.707106781186547,-0.707106781186548,0.));
#4660=DIRECTION('',(-2.6512788637874E-15,-2.6512788637874E-15,-1.));
#4661=DIRECTION('',(-0.707106781186547,-0.707106781186548,0.));
#4662=DIRECTION('',(0.707106781186548,-0.707106781186547,0.));
#4663=DIRECTION('',(-0.707106781186547,-0.707106781186548,6.18487206005224E-14));
#4664=DIRECTION('',(-3.73239446538521E-13,-3.73239446538521E-13,-1.));
#4665=DIRECTION('',(-0.707106781186547,-0.707106781186548,0.));
#4666=DIRECTION('',(0.707106781186548,0.707106781186547,0.));
#4667=DIRECTION('',(0.707106781186547,-0.707106781186548,0.));
#4668=DIRECTION('',(0.707106781186548,0.707106781186547,0.));
#4669=DIRECTION('',(0.707106781186547,-0.707106781186548,-2.04144513079027E-25));
#4670=DIRECTION('',(0.707106781186547,-0.707106781186548,0.));
#4671=DIRECTION('',(-2.6512788637874E-15,2.6512788637874E-15,-1.));
#4672=DIRECTION('',(0.707106781186547,-0.707106781186548,0.));
#4673=DIRECTION('',(8.6156252689493E-14,-8.61562526894932E-14,-1.));
#4674=DIRECTION('',(3.73239446538521E-13,3.73239446538521E-13,1.));
#4675=DIRECTION('',(0.,1.,-3.73239446538521E-13));
#4676=DIRECTION('',(0.,0.,-1.));
#4677=DIRECTION('',(-1.,0.,0.));
#4678=DIRECTION('',(-3.73235854947531E-13,-3.73338074508643E-13,-1.));
#4679=DIRECTION('',(0.,-1.,3.73338074508643E-13));
#4680=DIRECTION('',(-0.70302291475079,-0.70302291475079,-0.107319908081435));
#4681=DIRECTION('',(-0.707106781186548,0.707106781186547,0.));
#4682=DIRECTION('',(0.707106781186548,-0.707106781186547,0.));
#4683=DIRECTION('',(-0.707106781186547,-0.707106781186548,0.));
#4684=DIRECTION('',(-2.6512788637874E-15,-2.6512788637874E-15,-1.));
#4685=DIRECTION('',(0.,-1.,2.6512788637874E-15));
#4686=DIRECTION('',(0.,0.,-1.));
#4687=DIRECTION('',(-1.,0.,0.));
#4688=DIRECTION('',(0.,0.,-1.));
#4689=DIRECTION('',(-1.,0.,0.));
#4690=DIRECTION('',(8.6156252689493E-14,-8.61562526894932E-14,-1.));
#4691=DIRECTION('',(0.,-1.,8.61562526894932E-14));
#4692=DIRECTION('',(0.,0.,-1.));
#4693=DIRECTION('',(-1.,0.,0.));
#4694=DIRECTION('',(8.539497226566E-14,-8.53949722656602E-14,-1.));
#4695=DIRECTION('',(0.,-1.,8.53949722656602E-14));
#4696=DIRECTION('',(0.703022914749625,-0.703022914749626,-0.107319908096689));
#4697=DIRECTION('',(-0.707106781186548,-0.707106781186547,0.));
#4698=DIRECTION('',(0.707106781186548,0.707106781186547,0.));
#4699=DIRECTION('',(0.707106781186547,-0.707106781186548,0.));
#4700=DIRECTION('',(-2.6512788637874E-15,2.6512788637874E-15,-1.));
#4701=DIRECTION('',(0.,-1.,-2.6512788637874E-15));
#4702=DIRECTION('',(0.,0.,-1.));
#4703=DIRECTION('',(-1.,0.,0.));
#4704=DIRECTION('',(0.,0.,-1.));
#4705=DIRECTION('',(-1.,0.,0.));
#4706=DIRECTION('',(-2.23366382184422E-15,0.542576545538997,-0.840006364399085));
#4707=DIRECTION('',(0.,-0.840006364399085,-0.542576545538997));
#4708=DIRECTION('',(2.59873841040909E-16,-0.0631256367090681,0.998005588155735));
#4709=DIRECTION('',(-4.03650046562262E-15,0.998005588155735,0.0631256367090681));
#4710=DIRECTION('',(2.23366382184421E-15,-0.542576545539,0.840006364399083));
#4711=DIRECTION('',(0.,0.840006364399083,0.542576545539));
#4712=DIRECTION('',(2.59873841040908E-16,-0.0631256367090683,0.998005588155735));
#4713=DIRECTION('',(4.03650046562262E-15,-0.998005588155735,-0.0631256367090683));
#4714=DIRECTION('',(-0.252733199495569,0.684151273430348,-0.684151273430348));
#4715=DIRECTION('',(0.,-0.707106781186548,-0.707106781186548));
#4716=DIRECTION('',(0.0247509402900445,-0.0670010404324792,0.997445863962413));
#4717=DIRECTION('',(-0.345638025145227,0.935645556345687,0.0714265249349012));
#4718=DIRECTION('',(0.40190675958074,-0.915680597481081,-4.01964618410473E-14));
#4719=DIRECTION('',(-0.915680597481081,-0.40190675958074,0.));
#4720=DIRECTION('',(0.295548453080316,-0.955327751026752,-9.62745696311734E-14));
#4721=DIRECTION('',(-0.955327751026752,-0.295548453080316,0.));
#4722=DIRECTION('',(0.707106781186546,-0.707106781186549,1.53329341668338E-15));
#4723=DIRECTION('',(-0.707106781186549,-0.707106781186547,0.));
#4724=DIRECTION('',(-0.707106781186547,0.707106781186548,0.));
#4725=DIRECTION('',(0.707106781186548,0.707106781186547,0.));
#4726=DIRECTION('',(0.707106781186546,-0.707106781186549,-1.53329341668337E-15));
#4727=DIRECTION('',(-0.707106781186549,-0.707106781186547,0.));
#4728=DIRECTION('',(0.,0.,-1.));
#4729=DIRECTION('',(-1.,0.,0.));
#4730=DIRECTION('',(0.,-1.,0.));
#4731=DIRECTION('',(0.,0.,1.));
#4732=DIRECTION('',(-1.21138713423271E-17,1.,0.));
#4733=DIRECTION('',(1.,1.21138713423271E-17,0.));
#4734=DIRECTION('',(0.,-1.,0.));
#4735=DIRECTION('',(0.,0.,1.));
#4736=DIRECTION('',(-0.721928369073,-0.691967795441088,-1.50046597421447E-15));
#4737=DIRECTION('',(-0.691967795441088,0.721928369073,0.));
#4738=DIRECTION('',(0.721928369073,0.691967795441087,0.));
#4739=DIRECTION('',(0.691967795441087,-0.721928369073,0.));
#4740=DIRECTION('',(0.721928369073,-0.691967795441087,0.));
#4741=DIRECTION('',(-0.691967795441087,-0.721928369073,0.));
#4742=DIRECTION('',(-0.721928369072999,0.691967795441088,-3.13086522451146E-15));
#4743=DIRECTION('',(-0.691967795441088,-0.721928369072999,0.));
#4744=DIRECTION('',(-0.721928369073,0.691967795441088,1.50046597421447E-15));
#4745=DIRECTION('',(0.691967795441088,0.721928369073,0.));
#4746=DIRECTION('',(0.,1.,0.));
#4747=DIRECTION('',(0.,0.,-1.));
#4748=DIRECTION('',(1.21138713423271E-17,-1.,0.));
#4749=DIRECTION('',(-1.,-1.21138713423271E-17,0.));
#4750=DIRECTION('',(0.,1.,0.));
#4751=DIRECTION('',(0.,0.,-1.));
#4752=DIRECTION('',(0.,0.,-1.));
#4753=DIRECTION('',(-1.,0.,0.));
#4754=DIRECTION('',(0.707106781186548,0.707106781186548,0.));
#4755=DIRECTION('',(0.707106781186548,-0.707106781186548,0.));
#4756=DIRECTION('',(-0.707106781186547,-0.707106781186548,0.));
#4757=DIRECTION('',(-0.707106781186548,0.707106781186547,0.));
#4758=DIRECTION('',(0.707106781186547,0.707106781186549,3.06658683336676E-15));
#4759=DIRECTION('',(0.707106781186549,-0.707106781186547,0.));
#4760=DIRECTION('',(0.295548453049568,0.955327751036265,-3.18568109549678E-12));
#4761=DIRECTION('',(0.955327751036265,-0.295548453049568,0.));
#4762=DIRECTION('',(0.401906759521555,0.915680597507058,6.65389444961567E-14));
#4763=DIRECTION('',(0.915680597507058,-0.401906759521555,0.));
#4764=DIRECTION('',(0.,0.,-1.));
#4765=DIRECTION('',(-1.,0.,0.));
#4766=DIRECTION('',(0.,0.,-1.));
#4767=DIRECTION('',(-1.,0.,0.));
#4768=DIRECTION('',(0.,0.,-1.));
#4769=DIRECTION('',(-1.,0.,0.));
#4770=DIRECTION('',(0.,0.,-1.));
#4771=DIRECTION('',(-1.,0.,0.));
#4772=DIRECTION('',(0.,0.,-1.));
#4773=DIRECTION('',(-1.,0.,0.));
#4774=DIRECTION('',(0.,0.,-1.));
#4775=DIRECTION('',(-1.,0.,0.));
#4776=DIRECTION('',(0.,0.,-1.));
#4777=DIRECTION('',(-1.,0.,0.));
#4778=DIRECTION('',(0.,0.,-1.));
#4779=DIRECTION('',(-1.,0.,0.));
#4780=DIRECTION('',(-0.489295120519098,-0.510480445302463,-0.707106781186548));
#4781=DIRECTION('',(0.489295120519098,0.510480445302463,-0.707106781186548));
#4782=DIRECTION('',(0.721928369073,-0.691967795441087,0.));
#4783=DIRECTION('',(-0.707106781186548,-8.56580057258087E-18,0.707106781186548));
#4784=DIRECTION('',(-0.707106781186548,-8.56580057258088E-18,-0.707106781186548));
#4785=DIRECTION('',(0.707106781186548,8.56580057258088E-18,-0.707106781186548));
#4786=DIRECTION('',(-0.707106781186548,0.,0.707106781186548));
#4787=DIRECTION('',(1.21138713423271E-17,-1.,0.));
#4788=DIRECTION('',(0.,0.,1.));
#4789=DIRECTION('',(-1.,0.,0.));
#4790=DIRECTION('',(-0.5,0.5,0.707106781186548));
#4791=DIRECTION('',(0.,0.,-1.));
#4792=DIRECTION('',(-1.,0.,0.));
#4793=DIRECTION('',(-0.5,0.5,-0.707106781186548));
#4794=DIRECTION('',(0.5,-0.5,-0.707106781186548));
#4795=DIRECTION('',(-0.5,0.5,0.707106781186548));
#4796=DIRECTION('',(-0.707106781186547,-0.707106781186548,0.));
#4797=DIRECTION('',(0.,0.,-1.));
#4798=DIRECTION('',(-1.,0.,0.));
#4799=DIRECTION('',(-0.684583447650281,0.17704661308044,0.707106781186548));
#4800=DIRECTION('',(0.,0.,-1.));
#4801=DIRECTION('',(-1.,0.,0.));
#4802=DIRECTION('',(-0.684583447650281,0.17704661308044,-0.707106781186548));
#4803=DIRECTION('',(0.684583447650281,-0.17704661308044,-0.707106781186548));
#4804=DIRECTION('',(-0.684583447650176,0.177046613080858,0.707106781186544));
#4805=DIRECTION('',(-0.25038172139058,-0.968147196243159,0.));
#4806=DIRECTION('',(4.26338900257597E-14,0.707106781186548,-0.707106781186548));
#4807=DIRECTION('',(-4.26338900257596E-14,-0.707106781186548,-0.707106781186548));
#4808=DIRECTION('',(-1.,6.02934254911524E-14,0.));
#4809=DIRECTION('',(0.684583447649537,0.177046613083315,0.707106781186548));
#4810=DIRECTION('',(0.684583447649538,0.177046613083315,-0.707106781186548));
#4811=DIRECTION('',(-0.684583447649537,-0.177046613083315,-0.707106781186548));
#4812=DIRECTION('',(0.684583447649537,0.177046613083315,0.707106781186548));
#4813=DIRECTION('',(-0.250381721394646,0.968147196242107,0.));
#4814=DIRECTION('',(0.,0.,-1.));
#4815=DIRECTION('',(-1.,0.,0.));
#4816=DIRECTION('',(0.5,0.5,0.707106781186548));
#4817=DIRECTION('',(0.,0.,-1.));
#4818=DIRECTION('',(-1.,0.,0.));
#4819=DIRECTION('',(0.5,0.5,-0.707106781186548));
#4820=DIRECTION('',(-0.5,-0.5,-0.707106781186548));
#4821=DIRECTION('',(0.5,0.5,0.707106781186548));
#4822=DIRECTION('',(-0.707106781186547,0.707106781186548,0.));
#4823=DIRECTION('',(0.,0.,1.));
#4824=DIRECTION('',(-1.,0.,0.));
#4825=DIRECTION('',(0.707106781186548,8.56580057258087E-18,0.707106781186548));
#4826=DIRECTION('',(0.,0.,-1.));
#4827=DIRECTION('',(-1.,0.,0.));
#4828=DIRECTION('',(0.707106781186548,8.56580057258088E-18,-0.707106781186548));
#4829=DIRECTION('',(-0.707106781186548,-8.56580057258088E-18,-0.707106781186548));
#4830=DIRECTION('',(0.707106781186546,0.,0.707106781186549));
#4831=DIRECTION('',(-1.21138713423271E-17,1.,0.));
#4832=DIRECTION('',(0.,0.,-1.));
#4833=DIRECTION('',(-1.,0.,0.));
#4834=DIRECTION('',(0.,0.,-1.));
#4835=DIRECTION('',(-1.,0.,0.));
#4836=DIRECTION('',(0.,0.,-1.));
#4837=DIRECTION('',(-1.,0.,0.));
#4838=DIRECTION('',(0.,0.,-1.));
#4839=DIRECTION('',(-1.,0.,0.));
#4840=DIRECTION('',(0.,0.,-1.));
#4841=DIRECTION('',(-1.,0.,0.));
#4842=DIRECTION('',(0.,0.,-1.));
#4843=DIRECTION('',(-1.,0.,0.));
#4844=DIRECTION('',(0.489295120519098,-0.510480445302463,-0.707106781186548));
#4845=DIRECTION('',(-0.489295120519098,0.510480445302463,-0.707106781186548));
#4846=DIRECTION('',(0.721928369073,0.691967795441087,0.));
#4847=DIRECTION('',(0.,0.,-1.));
#4848=DIRECTION('',(-1.,0.,0.));
#4849=DIRECTION('',(0.,0.,1.));
#4850=DIRECTION('',(1.,0.,0.));
#4851=DIRECTION('',(0.,0.,1.));
#4852=DIRECTION('',(1.,0.,0.));
#4853=DIRECTION('',(0.,0.,1.));
#4854=DIRECTION('',(1.,0.,0.));
#4855=DIRECTION('',(0.,0.,1.));
#4856=DIRECTION('',(1.,0.,0.));
#4857=DIRECTION('',(0.,0.,-1.));
#4858=DIRECTION('',(-1.,0.,0.));
#4859=DIRECTION('',(0.,0.,1.));
#4860=DIRECTION('',(1.,0.,0.));
#4861=DIRECTION('',(-5.87777433522584E-14,-0.97486156862797,-0.222811404582919));
#4862=DIRECTION('',(1.3364288058653E-14,0.222811404582919,-0.97486156862797));
#4863=DIRECTION('',(0.,0.,-1.));
#4864=DIRECTION('',(-1.,0.,0.));
#4865=DIRECTION('',(-5.87777433522584E-14,-0.97486156862797,-0.222811404582919));
#4866=DIRECTION('',(1.3364288058653E-14,0.222811404582919,-0.97486156862797));
#4867=DIRECTION('',(0.,0.,1.));
#4868=DIRECTION('',(-1.,0.,0.));
#4869=DIRECTION('',(0.,0.,1.));
#4870=DIRECTION('',(1.,0.,0.));
#4871=DIRECTION('',(0.,0.,-1.));
#4872=DIRECTION('',(-1.,0.,0.));
#4873=DIRECTION('',(0.,0.,1.));
#4874=DIRECTION('',(1.,0.,0.));
#4875=DIRECTION('',(0.,0.,-1.));
#4876=DIRECTION('',(-1.,0.,0.));
#4877=DIRECTION('',(0.,0.,-1.));
#4878=DIRECTION('',(-1.,0.,0.));
#4879=DIRECTION('',(0.,0.,1.));
#4880=DIRECTION('',(1.,0.,0.));
#4881=DIRECTION('',(-5.87777433522584E-14,-0.97486156862797,-0.222811404582919));
#4882=DIRECTION('',(1.3364288058653E-14,0.222811404582919,-0.97486156862797));
#4883=DIRECTION('',(0.,0.,-1.));
#4884=DIRECTION('',(-1.,0.,0.));
#4885=DIRECTION('',(-5.87777433522584E-14,-0.97486156862797,-0.222811404582919));
#4886=DIRECTION('',(1.3364288058653E-14,0.222811404582919,-0.97486156862797));
#4887=DIRECTION('',(0.,0.,1.));
#4888=DIRECTION('',(-1.,0.,0.));
#4889=DIRECTION('',(0.,0.,1.));
#4890=DIRECTION('',(1.,0.,0.));
#4891=DIRECTION('',(0.,0.,-1.));
#4892=DIRECTION('',(-1.,0.,0.));
#4893=DIRECTION('',(0.,0.,1.));
#4894=DIRECTION('',(1.,0.,0.));
#4895=DIRECTION('',(0.,0.,-1.));
#4896=DIRECTION('',(-1.,0.,0.));
#4897=DIRECTION('',(0.,0.,-1.));
#4898=DIRECTION('',(-1.,0.,0.));
#4899=DIRECTION('',(0.,0.,1.));
#4900=DIRECTION('',(1.,0.,0.));
#4901=DIRECTION('',(0.,0.,1.));
#4902=DIRECTION('',(1.,0.,0.));
#4903=DIRECTION('',(0.,0.,-1.));
#4904=DIRECTION('',(-1.,0.,0.));
#4905=DIRECTION('',(0.,0.,1.));
#4906=DIRECTION('',(-1.,0.,0.));
#4907=DIRECTION('',(0.,0.,1.));
#4908=DIRECTION('',(1.,0.,0.));
#4909=DIRECTION('',(0.,0.,-1.));
#4910=DIRECTION('',(-1.,0.,0.));
#4911=DIRECTION('',(-3.68641223887374E-32,-1.11022302462516E-15,-1.));
#4912=DIRECTION('',(0.,1.,-1.11022302462516E-15));
#4913=DIRECTION('',(0.,0.,-1.));
#4914=DIRECTION('',(-1.,0.,0.));
#4915=DIRECTION('',(0.,0.,1.));
#4916=DIRECTION('',(1.,0.,0.));
#4917=DIRECTION('',(0.,0.,1.));
#4918=DIRECTION('',(1.,0.,0.));
#4919=DIRECTION('',(0.,0.,-1.));
#4920=DIRECTION('',(-1.,0.,0.));
#4921=DIRECTION('',(-3.68641223887374E-32,-1.11022302462516E-15,-1.));
#4922=DIRECTION('',(0.,1.,-1.11022302462516E-15));
#4923=DIRECTION('',(0.,0.,1.));
#4924=DIRECTION('',(1.,0.,0.));
#4925=DIRECTION('',(0.,0.,1.));
#4926=DIRECTION('',(-1.,0.,0.));
#4927=DIRECTION('',(0.,0.,-1.));
#4928=DIRECTION('',(-1.,0.,0.));
#4929=DIRECTION('',(0.0803483877115703,-0.236327081256154,0.968345830402082));
#4930=DIRECTION('',(0.,0.971486801075012,0.237093642548762));
#4931=DIRECTION('',(0.0751658000500057,-0.997171049771724,-2.59472404440517E-14));
#4932=DIRECTION('',(-0.997171049771724,-0.0751658000500057,0.));
#4933=DIRECTION('',(0.,0.,-1.));
#4934=DIRECTION('',(-1.,0.,0.));
#4935=DIRECTION('',(0.0751658000500751,0.997171049771719,0.));
#4936=DIRECTION('',(0.997171049771719,-0.0751658000500751,0.));
#4937=DIRECTION('',(0.0803483877115835,0.236327081256141,-0.968345830402084));
#4938=DIRECTION('',(0.,-0.971486801075015,-0.23709364254875));
#4939=DIRECTION('',(0.0803483877114702,-0.236327081256156,0.96834583040209));
#4940=DIRECTION('',(0.,0.971486801075012,0.237093642548762));
#4941=DIRECTION('',(0.0751658000496419,-0.997171049771752,-2.59472404440524E-14));
#4942=DIRECTION('',(-0.997171049771752,-0.0751658000496419,0.));
#4943=DIRECTION('',(0.,0.,-1.));
#4944=DIRECTION('',(-1.,0.,0.));
#4945=DIRECTION('',(0.0751658000497109,0.997171049771746,0.));
#4946=DIRECTION('',(0.997171049771747,-0.0751658000497109,0.));
#4947=DIRECTION('',(0.0803483877114818,0.236327081256143,-0.968345830402092));
#4948=DIRECTION('',(0.,-0.971486801075015,-0.237093642548749));
#4949=DIRECTION('',(-1.,0.,0.));
#4950=DIRECTION('',(0.,0.,1.));
#4951=DIRECTION('',(0.,1.,0.));
#4952=DIRECTION('',(0.,-0.707106781186548,0.707106781186548));
#4953=DIRECTION('',(0.,1.,-1.11022302462516E-15));
#4954=DIRECTION('',(-3.20401745516848E-15,-7.73518239434787E-15,1.));
#4955=DIRECTION('',(-1.,0.,0.));
#4956=DIRECTION('',(0.,0.,1.));
#4957=DIRECTION('',(0.,-1.,1.11022302462516E-15));
#4958=DIRECTION('',(0.,0.707106781186548,-0.707106781186548));
#4959=DIRECTION('',(0.,-1.,0.));
#4960=DIRECTION('',(-7.41605946967097E-16,-6.21120587172527E-15,1.));
#4961=DIRECTION('',(-0.707106781186545,7.85046229341893E-16,0.70710678118655));
#4962=DIRECTION('',(0.,1.,-1.11022302462516E-15));
#4963=DIRECTION('',(0.357406744336595,-0.862856209461016,0.357406744336593));
#4964=DIRECTION('',(0.,-1.,1.11022302462516E-15));
#4965=DIRECTION('',(-0.577350269189625,0.577350269189631,-0.577350269189621));
#4966=DIRECTION('',(-1.,0.,0.));
#4967=DIRECTION('',(0.,0.,1.));
#4968=DIRECTION('',(0.,-1.,0.));
#4969=DIRECTION('',(0.,0.707106781186548,-0.707106781186548));
#4970=DIRECTION('',(0.,1.,0.));
#4971=DIRECTION('',(0.,0.,1.));
#4972=DIRECTION('',(-0.707106781186545,-7.85046229341893E-16,-0.70710678118655));
#4973=DIRECTION('',(0.,-1.,1.11022302462516E-15));
#4974=DIRECTION('',(0.,1.,-1.11022302462516E-15));
#4975=DIRECTION('',(0.357406744336593,0.862856209461018,-0.357406744336591));
#4976=DIRECTION('',(-0.577350269189626,-0.577350269189629,0.577350269189622));
#4977=DIRECTION('',(-0.707106781186545,0.,-0.70710678118655));
#4978=DIRECTION('',(0.,1.,0.));
#4979=DIRECTION('',(-0.707106781186545,0.,-0.70710678118655));
#4980=DIRECTION('',(-0.70710678118655,0.,0.707106781186545));
#4981=DIRECTION('',(0.357406744336601,0.862856209461012,-0.357406744336599));
#4982=DIRECTION('',(-0.707106781186538,0.,0.707106781186557));
#4983=DIRECTION('',(1.,-5.72122560657373E-16,5.98319517360583E-31));
#4984=DIRECTION('',(5.72122560657373E-16,1.,0.));
#4985=DIRECTION('',(-5.72122560657373E-16,-1.,1.11022302462516E-15));
#4986=DIRECTION('',(-4.04551742310641E-16,-0.707106781186548,0.707106781186548));
#4987=DIRECTION('',(5.72122560657373E-16,1.,-1.11022302462516E-15));
#4988=DIRECTION('',(-3.68641223887374E-32,-1.11022302462516E-15,-1.));
#4989=DIRECTION('',(-0.707106781186548,1.18959797165253E-15,0.707106781186547));
#4990=DIRECTION('',(5.72122560657373E-16,1.,-1.11022302462516E-15));
#4991=DIRECTION('',(-0.357406744336592,0.862856209461017,-0.357406744336594));
#4992=DIRECTION('',(0.700230046524332,0.139124993761231,0.700230046524333));
#4993=DIRECTION('',(-5.72122560657373E-16,-1.,1.11022302462516E-15));
#4994=DIRECTION('',(-0.707106781186547,0.,-0.707106781186548));
#4995=DIRECTION('',(0.,0.,-1.));
#4996=DIRECTION('',(1.,0.,0.));
#4997=DIRECTION('',(0.,-1.,0.));
#4998=DIRECTION('',(0.707106781186548,-0.707106781186548,0.));
#4999=DIRECTION('',(1.,0.,0.));
#5000=DIRECTION('',(0.707106781186548,0.707106781186548,0.));
#5001=DIRECTION('',(0.,1.,0.));
#5002=DIRECTION('',(0.70710678118655,0.,0.707106781186545));
#5003=DIRECTION('',(0.,1.,0.));
#5004=DIRECTION('',(0.678598344545841,-0.281084637714839,-0.678598344545846));
#5005=DIRECTION('',(-0.357406744336591,-0.862856209461017,0.357406744336594));
#5006=DIRECTION('',(0.70710678118655,0.,-0.707106781186545));
#5007=DIRECTION('',(0.,1.,0.));
#5008=DIRECTION('',(-0.357406744336593,0.862856209461016,-0.357406744336596));
#5009=DIRECTION('',(0.678598344545843,0.281084637714829,0.678598344545847));
#5010=DIRECTION('',(3.68641223887374E-32,1.11022302462516E-15,1.));
#5011=DIRECTION('',(1.,-4.09273974585761E-47,-3.68641223887374E-32));
#5012=DIRECTION('',(1.,3.68641223887374E-32,-3.68641223887374E-32));
#5013=DIRECTION('',(-2.20814724129009E-16,1.,-1.11022302462516E-15));
#5014=DIRECTION('',(3.68641223887374E-32,1.11022302462516E-15,1.));
#5015=DIRECTION('',(0.,-1.,1.11022302462516E-15));
#5016=DIRECTION('',(-0.886584863915426,-0.462565972674241,5.13551393271075E-16));
#5017=DIRECTION('',(3.68641223887374E-32,1.11022302462516E-15,1.));
#5018=DIRECTION('',(0.,-1.,1.11022302462516E-15));
#5019=DIRECTION('',(0.,0.,1.));
#5020=DIRECTION('',(-1.,3.89240586513691E-20,6.61759636171802E-24));
#5021=DIRECTION('',(1.,0.,0.));
#5022=DIRECTION('',(0.,1.,0.));
#5023=DIRECTION('',(0.,1.,0.));
#5024=DIRECTION('',(0.,0.,1.));
#5025=DIRECTION('',(1.,0.,0.));
#5026=DIRECTION('',(0.,-1.,0.));
#5027=DIRECTION('',(0.,1.,0.));
#5028=DIRECTION('',(-3.68641223887374E-32,-1.11022302462516E-15,-1.));
#5029=DIRECTION('',(-1.,4.09273974585761E-47,3.68641223887374E-32));
#5030=DIRECTION('',(0.707106781186548,0.707106781186548,1.60200872758424E-15));
#5031=DIRECTION('',(1.39452223873685E-31,1.,-1.11022302462516E-15));
#5032=DIRECTION('',(-3.68641223887374E-32,-1.11022302462516E-15,-1.));
#5033=DIRECTION('',(0.,-1.,1.11022302462516E-15));
#5034=DIRECTION('',(-1.11561779098948E-30,-1.,1.11022302462516E-15));
#5035=DIRECTION('',(-3.68641223887374E-32,-1.11022302462516E-15,-1.));
#5036=DIRECTION('',(0.,1.,-1.11022302462516E-15));
#5037=DIRECTION('',(-3.68641223887374E-32,-1.11022302462516E-15,-1.));
#5038=DIRECTION('',(0.,-1.,1.11022302462516E-15));
#5039=DIRECTION('',(-3.68641223887374E-32,-1.11022302462516E-15,-1.));
#5040=DIRECTION('',(0.,-1.,1.11022302462516E-15));
#5041=DIRECTION('',(0.866025403784439,0.5,-5.5511151231258E-16));
#5042=DIRECTION('',(-3.68641223887374E-32,-1.11022302462516E-15,-1.));
#5043=DIRECTION('',(0.,-1.,1.11022302462516E-15));
#5044=DIRECTION('',(1.,0.,-3.68641223887374E-32));
#5045=DIRECTION('',(-3.68641223887374E-32,-1.11022302462516E-15,-1.));
#5046=DIRECTION('',(0.,-1.,1.11022302462516E-15));
#5047=DIRECTION('',(-0.886584863915425,0.462565972674242,-5.13551393271076E-16));
#5048=DIRECTION('',(-3.68641223887374E-32,-1.11022302462516E-15,-1.));
#5049=DIRECTION('',(0.,-1.,1.11022302462516E-15));
#5050=DIRECTION('',(0.577350269189641,0.816496580927715,-9.04215624499998E-16));
#5051=DIRECTION('',(-3.68641223887374E-32,-1.11022302462516E-15,-1.));
#5052=DIRECTION('',(-1.,4.09273974585761E-47,3.68641223887374E-32));
#5053=DIRECTION('',(3.68641223887374E-32,1.11022302462516E-15,1.));
#5054=DIRECTION('',(0.,-1.,1.11022302462516E-15));
#5055=DIRECTION('',(-0.886584863915425,-0.462565972674241,5.13551393271075E-16));
#5056=DIRECTION('',(-3.68641223887374E-32,-1.11022302462516E-15,-1.));
#5057=DIRECTION('',(0.,-1.,1.11022302462516E-15));
#5058=DIRECTION('',(1.,0.,-3.68641223887374E-32));
#5059=DIRECTION('',(-3.68641223887374E-32,-1.11022302462516E-15,-1.));
#5060=DIRECTION('',(0.,-1.,1.11022302462516E-15));
#5061=DIRECTION('',(-0.866025403784439,0.5,-5.5511151231258E-16));
#5062=DIRECTION('',(-3.68641223887374E-32,-1.11022302462516E-15,-1.));
#5063=DIRECTION('',(0.,-1.,1.11022302462516E-15));
#5064=DIRECTION('',(-3.68641223887374E-32,-1.11022302462516E-15,-1.));
#5065=DIRECTION('',(0.,-1.,1.11022302462516E-15));
#5066=DIRECTION('',(-3.68641223887374E-32,-1.11022302462516E-15,-1.));
#5067=DIRECTION('',(0.,1.,-1.11022302462516E-15));
#5068=DIRECTION('',(-1.11561779098948E-30,1.,-1.11022302462516E-15));
#5069=DIRECTION('',(-3.68641223887374E-32,-1.11022302462516E-15,-1.));
#5070=DIRECTION('',(0.,-1.,1.11022302462516E-15));
#5071=DIRECTION('',(1.39452223873685E-31,-1.,1.11022302462516E-15));
#5072=DIRECTION('',(0.707106781186548,-0.707106781186548,-3.20401745516848E-15));
#5073=DIRECTION('',(0.577350269189625,-0.816496580927727,9.04215624500011E-16));
#5074=DIRECTION('',(-1.,0.,0.));
#5075=DIRECTION('',(0.,0.,1.));
#5076=DIRECTION('',(0.,-1.,1.11022302462516E-15));
#5077=DIRECTION('',(0.,0.,1.));
#5078=DIRECTION('',(0.,1.,0.));
#5079=DIRECTION('',(0.,0.,-1.));
#5080=DIRECTION('',(0.707106781186542,-7.85046229341897E-16,-0.707106781186553));
#5081=DIRECTION('',(0.,1.,-1.11022302462516E-15));
#5082=DIRECTION('',(0.,1.,-1.11022302462516E-15));
#5083=DIRECTION('',(0.707106781186542,-7.85046229341897E-16,-0.707106781186553));
#5084=DIRECTION('',(-0.707106781186553,7.85046229341909E-16,-0.707106781186542));
#5085=DIRECTION('',(0.707106781186542,-7.85046229341897E-16,-0.707106781186553));
#5086=DIRECTION('',(-0.707106781186553,7.85046229341909E-16,-0.707106781186542));
#5087=DIRECTION('',(2.95822839457881E-31,1.,-1.11022302462516E-15));
#5088=DIRECTION('',(0.57735026918963,0.577350269189627,0.57735026918962));
#5089=DIRECTION('',(0.707106781186558,0.,0.707106781186537));
#5090=DIRECTION('',(0.,1.,0.));
#5091=DIRECTION('',(0.707106781186558,0.,0.707106781186537));
#5092=DIRECTION('',(0.707106781186537,0.,-0.707106781186558));
#5093=DIRECTION('',(0.,0.,-1.));
#5094=DIRECTION('',(-1.,0.,0.));
#5095=DIRECTION('',(0.,0.,-1.));
#5096=DIRECTION('',(-1.,0.,0.));
#5097=DIRECTION('',(-0.707106781186568,-1.56139588817464E-16,0.707106781186527));
#5098=DIRECTION('',(-2.20814724129009E-16,1.,0.));
#5099=DIRECTION('',(-2.20814724129009E-16,1.,0.));
#5100=DIRECTION('',(-0.707106781186537,0.,-0.707106781186558));
#5101=DIRECTION('',(-1.,-2.20814724129009E-16,0.));
#5102=DIRECTION('',(-2.20814724129009E-16,1.,0.));
#5103=DIRECTION('',(0.,0.,1.));
#5104=DIRECTION('',(0.,0.,1.));
#5105=DIRECTION('',(1.,0.,0.));
#5106=DIRECTION('',(0.,0.,-1.));
#5107=DIRECTION('',(-1.,0.,0.));
#5108=DIRECTION('',(0.,0.,1.));
#5109=DIRECTION('',(0.327083536024111,-0.626910169371959,-0.707106781186537));
#5110=DIRECTION('',(0.327083536024102,-0.626910169371941,0.707106781186558));
#5111=DIRECTION('',(0.,0.,-1.));
#5112=DIRECTION('',(-1.,0.,0.));
#5113=DIRECTION('',(-0.327083536024102,0.626910169371929,-0.707106781186568));
#5114=DIRECTION('',(-1.,0.,0.));
#5115=DIRECTION('',(0.,0.,1.));
#5116=DIRECTION('',(0.,1.,0.));
#5117=DIRECTION('',(0.,0.,-1.));
#5118=DIRECTION('',(0.,-1.,1.11022302462516E-15));
#5119=DIRECTION('',(0.,0.,-1.));
#5120=DIRECTION('',(-0.327083536024116,0.626910169371967,0.707106781186528));
#5121=DIRECTION('',(0.886584863915425,0.462565972674241,0.));
#5122=DIRECTION('',(0.327083536024098,-0.626910169371932,0.707106781186567));
#5123=DIRECTION('',(0.886584863915425,0.462565972674241,0.));
#5124=DIRECTION('',(-0.462565972674241,0.886584863915425,0.));
#5125=DIRECTION('',(0.886584863915425,0.462565972674241,0.));
#5126=DIRECTION('',(-3.68641223887374E-32,-1.11022302462516E-15,-1.));
#5127=DIRECTION('',(0.886584863915425,0.462565972674241,-5.13551393271075E-16));
#5128=DIRECTION('',(0.,0.,1.));
#5129=DIRECTION('',(0.462565972674242,0.886584863915425,0.));
#5130=DIRECTION('',(0.886584863915425,-0.462565972674242,0.));
#5131=DIRECTION('',(0.,0.,1.));
#5132=DIRECTION('',(0.886584863915425,-0.462565972674242,0.));
#5133=DIRECTION('',(0.,0.,1.));
#5134=DIRECTION('',(0.,0.,1.));
#5135=DIRECTION('',(1.,0.,0.));
#5136=DIRECTION('',(0.,0.,-1.));
#5137=DIRECTION('',(-1.,0.,0.));
#5138=DIRECTION('',(0.,0.,1.));
#5139=DIRECTION('',(0.,-1.,0.));
#5140=DIRECTION('',(0.,0.,1.));
#5141=DIRECTION('',(-1.,0.,0.));
#5142=DIRECTION('',(0.,0.,1.));
#5143=DIRECTION('',(0.5,0.866025403784439,0.));
#5144=DIRECTION('',(0.866025403784439,-0.5,0.));
#5145=DIRECTION('',(0.,0.,1.));
#5146=DIRECTION('',(-0.866025403784439,0.5,0.));
#5147=DIRECTION('',(0.,0.,1.));
#5148=DIRECTION('',(0.,0.,1.));
#5149=DIRECTION('',(1.,0.,0.));
#5150=DIRECTION('',(0.,0.,-1.));
#5151=DIRECTION('',(-1.,0.,0.));
#5152=DIRECTION('',(0.,0.,1.));
#5153=DIRECTION('',(0.,0.,1.));
#5154=DIRECTION('',(1.,0.,0.));
#5155=DIRECTION('',(0.,0.,-1.));
#5156=DIRECTION('',(-1.,0.,0.));
#5157=DIRECTION('',(0.,0.,1.));
#5158=DIRECTION('',(0.,0.,1.));
#5159=DIRECTION('',(1.,0.,0.));
#5160=DIRECTION('',(0.,0.,-1.));
#5161=DIRECTION('',(-1.,0.,0.));
#5162=DIRECTION('',(0.,0.,1.));
#5163=DIRECTION('',(0.5,-0.866025403784439,0.));
#5164=DIRECTION('',(-0.866025403784439,-0.5,0.));
#5165=DIRECTION('',(-0.866025403784439,-0.5,0.));
#5166=DIRECTION('',(0.,0.,1.));
#5167=DIRECTION('',(0.,-1.,0.));
#5168=DIRECTION('',(0.,0.,1.));
#5169=DIRECTION('',(0.,0.,1.));
#5170=DIRECTION('',(-1.,0.,0.));
#5171=DIRECTION('',(0.,0.,1.));
#5172=DIRECTION('',(0.,0.,1.));
#5173=DIRECTION('',(1.,0.,0.));
#5174=DIRECTION('',(0.,0.,-1.));
#5175=DIRECTION('',(-1.,0.,0.));
#5176=DIRECTION('',(0.,0.,1.));
#5177=DIRECTION('',(1.,0.,0.));
#5178=DIRECTION('',(0.,0.70710678118655,0.707106781186545));
#5179=DIRECTION('',(0.707106781186542,7.85046229341897E-16,0.707106781186553));
#5180=DIRECTION('',(0.,-1.,1.11022302462516E-15));
#5181=DIRECTION('',(0.707106781186542,7.85046229341897E-16,0.707106781186553));
#5182=DIRECTION('',(-0.707106781186553,-7.85046229341909E-16,0.707106781186542));
#5183=DIRECTION('',(0.,-1.,1.11022302462516E-15));
#5184=DIRECTION('',(-0.577350269189631,0.577350269189625,0.577350269189621));
#5185=DIRECTION('',(-2.95822839457881E-31,1.,-1.11022302462516E-15));
#5186=DIRECTION('',(0.707106781186542,7.85046229341897E-16,0.707106781186553));
#5187=DIRECTION('',(0.707106781186553,7.85046229341909E-16,-0.707106781186542));
#5188=DIRECTION('',(0.,0.,-1.));
#5189=DIRECTION('',(-1.,0.,0.));
#5190=DIRECTION('',(0.,0.,1.));
#5191=DIRECTION('',(1.,0.,0.));
#5192=DIRECTION('',(0.707106781186558,0.,-0.707106781186537));
#5193=DIRECTION('',(0.,-1.,0.));
#5194=DIRECTION('',(0.707106781186558,0.,-0.707106781186537));
#5195=DIRECTION('',(0.707106781186537,0.,0.707106781186558));
#5196=DIRECTION('',(0.,0.,1.));
#5197=DIRECTION('',(1.,0.,0.));
#5198=DIRECTION('',(-1.11022302462519E-15,0.,1.));
#5199=DIRECTION('',(1.,0.,1.11022302462519E-15));
#5200=DIRECTION('',(0.707106781186556,-7.8504622934188E-16,-0.707106781186539));
#5201=DIRECTION('',(1.39452223873685E-31,-1.,1.11022302462516E-15));
#5202=DIRECTION('',(-0.577350269189619,0.577350269189625,-0.577350269189634));
#5203=DIRECTION('',(0.707106781186594,7.85046229341838E-16,0.707106781186501));
#5204=DIRECTION('',(-1.39452223873685E-31,-1.,1.11022302462516E-15));
#5205=DIRECTION('',(-0.577350269189599,-0.577350269189602,0.577350269189676));
#5206=DIRECTION('',(-1.11022302462512E-15,0.,1.));
#5207=DIRECTION('',(1.,0.,1.11022302462512E-15));
#5208=DIRECTION('',(-0.707106781186548,0.707106781186548,3.86759119717393E-15));
#5209=DIRECTION('',(0.707106781186548,0.707106781186548,1.60200872758424E-15));
#5210=DIRECTION('',(0.,0.,1.));
#5211=DIRECTION('',(0.,0.,-1.));
#5212=DIRECTION('',(-0.707106781186548,-0.707106781186548,0.));
#5213=DIRECTION('',(0.707106781186548,0.707106781186548,7.73518239434787E-15));
#5214=DIRECTION('',(0.707106781186548,-0.707106781186548,-3.20401745516848E-15));
#5215=DIRECTION('',(0.,0.,-1.));
#5216=DIRECTION('',(0.,0.,1.));
#5217=DIRECTION('',(-0.707106781186548,0.707106781186548,0.));
#5218=DIRECTION('',(0.,0.,-1.));
#5219=DIRECTION('',(-1.,0.,0.));
#5220=DIRECTION('',(0.,0.,-1.));
#5221=DIRECTION('',(-1.,0.,0.));
#5222=DIRECTION('',(0.,0.,1.));
#5223=DIRECTION('',(1.,0.,0.));
#5224=DIRECTION('',(0.,0.,-1.));
#5225=DIRECTION('',(-1.,0.,0.));
#5226=DIRECTION('',(0.,0.,-1.));
#5227=DIRECTION('',(-1.,0.,0.));
#5228=DIRECTION('',(0.,0.,-1.));
#5229=DIRECTION('',(-1.,0.,0.));
#5230=DIRECTION('',(0.,-0.707106781186545,0.70710678118655));
#5231=DIRECTION('',(1.,0.,0.));
#5232=DIRECTION('',(0.,0.70710678118655,0.707106781186545));
#5233=DIRECTION('',(0.,0.,-1.));
#5234=DIRECTION('',(-1.,0.,0.));
#5235=DIRECTION('',(0.35355339059327,0.612372435695786,0.707106781186558));
#5236=DIRECTION('',(0.353553390593272,0.612372435695791,-0.707106781186552));
#5237=DIRECTION('',(-0.866025403784439,0.5,0.));
#5238=DIRECTION('',(0.353553390593278,0.612372435695797,0.707106781186544));
#5239=DIRECTION('',(0.,0.,1.));
#5240=DIRECTION('',(1.,0.,0.));
#5241=DIRECTION('',(-0.370966402135571,0.601983329076957,0.707106781186558));
#5242=DIRECTION('',(0.,0.,-1.));
#5243=DIRECTION('',(-1.,0.,0.));
#5244=DIRECTION('',(0.370966402135571,0.601983329076957,0.707106781186558));
#5245=DIRECTION('',(0.,0.,1.));
#5246=DIRECTION('',(1.,0.,0.));
#5247=DIRECTION('',(-0.35355339059327,0.612372435695786,0.707106781186558));
#5248=DIRECTION('',(0.353553390593273,-0.612372435695792,0.70710678118655));
#5249=DIRECTION('',(0.866025403784439,0.5,0.));
#5250=DIRECTION('',(-0.353553390593276,0.612372435695797,0.707106781186545));
#5251=DIRECTION('',(0.,0.,-1.));
#5252=DIRECTION('',(-1.,0.,0.));
#5253=DIRECTION('',(0.,0.707106781186538,0.707106781186558));
#5254=DIRECTION('',(0.,-0.707106781186545,0.70710678118655));
#5255=DIRECTION('',(1.,0.,0.));
#5256=DIRECTION('',(0.,0.70710678118655,0.707106781186545));
#5257=DIRECTION('',(0.,0.,1.));
#5258=DIRECTION('',(1.,0.,0.));
#5259=DIRECTION('',(-0.327083536024104,-0.62691016937194,0.707106781186558));
#5260=DIRECTION('',(0.327083536024106,0.626910169371946,0.707106781186551));
#5261=DIRECTION('',(0.886584863915425,-0.462565972674242,0.));
#5262=DIRECTION('',(-0.327083536024108,-0.626910169371952,0.707106781186545));
#5263=DIRECTION('',(0.,0.,-1.));
#5264=DIRECTION('',(-1.,0.,0.));
#5265=DIRECTION('',(-3.68641223887374E-32,-1.11022302462516E-15,-1.));
#5266=DIRECTION('',(0.,1.,-1.11022302462516E-15));
#5267=DIRECTION('',(0.,0.,1.));
#5268=DIRECTION('',(1.,0.,0.));
#5269=DIRECTION('',(0.327083536024111,-0.626910169371959,-0.707106781186537));
#5270=DIRECTION('',(0.886584863915425,0.462565972674241,-5.13551393271075E-16));
#5271=DIRECTION('',(-0.327083536024212,0.626910169371882,-0.707106781186559));
#5272=DIRECTION('',(0.,0.,-1.));
#5273=DIRECTION('',(-1.,0.,0.));
#5274=DIRECTION('',(-1.,0.,0.));
#5275=DIRECTION('',(0.,0.,1.));
#5276=DIRECTION('',(0.,0.,1.));
#5277=DIRECTION('',(-1.,0.,0.));
#5278=DIRECTION('',(0.,0.,1.));
#5279=DIRECTION('',(0.,0.,-1.));
#5280=DIRECTION('',(0.,0.,-1.));
#5281=DIRECTION('',(-1.,0.,0.));
#5282=DIRECTION('',(0.,0.,1.));
#5283=DIRECTION('',(1.,0.,0.));
#5284=DIRECTION('',(0.,-1.,0.));
#5285=DIRECTION('',(0.,0.,-1.));
#5286=DIRECTION('',(-1.,0.,0.));
#5287=DIRECTION('',(0.5,-0.5,0.707106781186553));
#5288=DIRECTION('',(0.707106781186548,0.707106781186548,0.));
#5289=DIRECTION('',(-0.281084637714837,0.678598344545842,0.678598344545845));
#5290=DIRECTION('',(0.,0.707106781186549,-0.707106781186546));
#5291=DIRECTION('',(-1.,0.,0.));
#5292=DIRECTION('',(0.281084637714828,0.678598344545844,0.678598344545847));
#5293=DIRECTION('',(-0.5,-0.5,0.707106781186549));
#5294=DIRECTION('',(-0.707106781186548,0.707106781186548,0.));
#5295=DIRECTION('',(-1.,0.,0.));
#5296=DIRECTION('',(0.,0.,1.));
#5297=DIRECTION('',(-0.707106781186533,0.50000000000001,0.50000000000001));
#5298=DIRECTION('',(-0.707106781186562,-0.49999999999999,-0.49999999999999));
#5299=DIRECTION('',(-1.,0.,0.));
#5300=DIRECTION('',(0.,0.,1.));
#5301=DIRECTION('',(-0.707106781186533,0.50000000000001,0.50000000000001));
#5302=DIRECTION('',(0.,-0.707106781186548,0.707106781186548));
#5303=DIRECTION('',(-0.707106781186549,0.5,0.5));
#5304=DIRECTION('',(0.,-0.707106781186548,0.707106781186548));
#5305=DIRECTION('',(-0.707106781186545,-0.5,-0.5));
#5306=DIRECTION('',(0.,0.707106781186548,-0.707106781186548));
#5307=DIRECTION('',(4.33412775148045E-32,-0.980827984765036,0.194875509753686));
#5308=DIRECTION('',(-1.,-3.68641223887374E-32,3.68641223887374E-32));
#5309=DIRECTION('',(0.639282937550808,-0.149853733061942,-0.754228867416125));
#5310=DIRECTION('',(0.707106781186548,0.5,0.5));
#5311=DIRECTION('',(4.04551742310641E-16,0.707106781186548,-0.707106781186548));
#5312=CARTESIAN_POINT('',(0.,0.,0.));
#5313=CARTESIAN_POINT('',(0.00121032874534493,-14.7030222518331,2.2));
#5314=CARTESIAN_POINT('',(0.00121032874534493,-16.5030222518331,4.));
#5315=CARTESIAN_POINT('',(-5.69878994027915,-16.5030222518331,4.));
#5316=CARTESIAN_POINT('',(-7.27260839924106,-16.5030222518331,4.));
#5317=CARTESIAN_POINT('',(-7.27260839924106,-14.7030222518331,2.2));
#5318=CARTESIAN_POINT('',(-7.27260839924106,-20.6201795393585,8.11715728752538));
#5319=CARTESIAN_POINT('',(0.00121032874534493,-20.6201795393585,8.11715728752538));
#5320=CARTESIAN_POINT('',(-10.7706858724917,-20.6201795393585,8.11715728752538));
#5321=CARTESIAN_POINT('',(-12.1288856099823,-16.9435194019819,4.4404971501489));
#5322=CARTESIAN_POINT('',(-13.6953731515627,-12.7029085160657,0.2));
#5323=CARTESIAN_POINT('',(-13.6953732015167,-12.7029085160657,0.199886264232609));
#5324=CARTESIAN_POINT('',(-13.6954317144814,-12.5696302971294,0.0666080452963754));
#5325=CARTESIAN_POINT('',(-13.6954902274462,-12.4363520781932,-0.0666701736398578));
#5326=CARTESIAN_POINT('',(-13.695548740411,-12.303073859257,-0.199948392576091));
#5327=CARTESIAN_POINT('',(-13.695548740411,-12.3031254666809,-0.2));
#5328=CARTESIAN_POINT('',(0.00121032874533626,-12.303022251833,-0.2));
#5329=CARTESIAN_POINT('',(13.6977937590996,-12.303022251833,-0.2));
#5330=CARTESIAN_POINT('',(13.6977937590996,-12.303022251833,-0.20000000000001));
#5331=CARTESIAN_POINT('',(13.6977937590996,-12.4363555851664,-0.0666666666666774));
#5332=CARTESIAN_POINT('',(13.6977937590996,-12.5696889184997,0.0666666666666553));
#5333=CARTESIAN_POINT('',(13.6977937590996,-12.703022251833,0.199999999999988));
#5334=CARTESIAN_POINT('',(13.6977937590996,-12.703022251833,0.2));
#5335=CARTESIAN_POINT('',(12.1313062674731,-16.9435194019819,4.44049715014891));
#5336=CARTESIAN_POINT('',(11.4643845662749,-18.74888305054,6.24586079870697));
#5337=CARTESIAN_POINT('',(7.22621005972275,-18.74888305054,6.24586079870696));
#5338=CARTESIAN_POINT('',(7.22621005972274,-18.74888305054,6.24586079870696));
#5339=CARTESIAN_POINT('',(7.22621005972274,-14.7030222518331,2.2));
#5340=CARTESIAN_POINT('',(7.22621005972274,-16.5030222518331,4.));
#5341=CARTESIAN_POINT('',(0.00121032874534493,-16.5030222518331,4.));
#5342=CARTESIAN_POINT('',(5.70121005972074,-16.5030222518331,4.));
#5343=CARTESIAN_POINT('',(5.70121005972074,-13.503022251833,1.));
#5344=CARTESIAN_POINT('',(5.70121005972074,-13.903022251833,1.4));
#5345=CARTESIAN_POINT('',(4.33454348272897,-12.5363556748413,0.0333334230082152));
#5346=CARTESIAN_POINT('',(4.90121005972074,-13.103022251833,0.6));
#5347=CARTESIAN_POINT('',(0.00121032874534493,-13.103022251833,0.6));
#5348=CARTESIAN_POINT('',(-4.89878994027916,-13.103022251833,0.6));
#5349=CARTESIAN_POINT('',(-4.33212318393768,-12.5363554954916,0.033333243658513));
#5350=CARTESIAN_POINT('',(-5.69878994027916,-13.903022251833,1.4));
#5351=CARTESIAN_POINT('',(-5.69878994027916,-14.7030222518331,2.2));
#5352=CARTESIAN_POINT('',(12.1313062674731,-14.8221990584223,6.56181749370855));
#5353=CARTESIAN_POINT('',(12.9473845439369,-19.6689092004195,8.1777971243262));
#5354=CARTESIAN_POINT('',(12.9418480404206,-19.3042063715828,7.60495710424281));
#5355=CARTESIAN_POINT('',(12.9353705655714,-18.8563417125977,6.96313338466164));
#5356=CARTESIAN_POINT('',(12.9280380711341,-18.3164072092286,6.26126573136236));
#5357=CARTESIAN_POINT('',(12.9473908438177,-19.6689125445658,8.17779830313279));
#5358=CARTESIAN_POINT('',(12.9280561447483,-18.3164234082682,6.26125307965741));
#5359=CARTESIAN_POINT('',(12.9280514152261,-18.3164020641127,6.26126954741173));
#5360=CARTESIAN_POINT('',(12.4280452767942,-18.6142900074483,6.25378166940807));
#5361=CARTESIAN_POINT('',(11.9226363561824,-18.751822966492,6.24880071465898));
#5362=CARTESIAN_POINT('',(11.4643845662749,-18.74888305054,6.24586079870696));
#5363=CARTESIAN_POINT('',(13.6977937590996,-12.7030222518331,0.199999999999993));
#5364=CARTESIAN_POINT('',(14.3675297314087,-12.7030222518331,0.199999999999995));
#5365=CARTESIAN_POINT('',(15.1653721084821,-12.3899545496021,0.199999999999995));
#5366=CARTESIAN_POINT('',(15.8944809699268,-11.6911042576565,0.199999999999992));
#5367=CARTESIAN_POINT('',(15.8944132922941,-11.6910336691583,0.2));
#5368=CARTESIAN_POINT('',(16.4185366309379,-10.2724803944494,-1.21862386320703));
#5369=CARTESIAN_POINT('',(13.4979064961161,-18.6734091517165,8.8));
#5370=CARTESIAN_POINT('',(13.9323752434495,-19.1266893711748,8.8));
#5371=CARTESIAN_POINT('',(13.7487608166708,-18.9351248727459,8.23095269530372));
#5372=CARTESIAN_POINT('',(13.2415656275417,-18.951872017401,8.8));
#5373=CARTESIAN_POINT('',(13.672775414724,-19.3525998723286,8.76452230359985));
#5374=CARTESIAN_POINT('',(13.4582411656184,-19.2135877384307,8.23095269530418));
#5375=CARTESIAN_POINT('',(12.9852431598135,-19.254497212548,8.83303405070663));
#5376=CARTESIAN_POINT('',(13.392223716863,-19.6194948685078,8.76140489699659));
#5377=CARTESIAN_POINT('',(13.1677423688597,-19.5162129335773,8.26839128610544));
#5378=CARTESIAN_POINT('',(12.737278434928,-19.5714389555674,8.89802740320871));
#5379=CARTESIAN_POINT('',(13.105433322767,-19.9203016971795,8.80153133744167));
#5380=CARTESIAN_POINT('',(12.8867156806572,-19.8331546765973,8.34205041894025));
#5381=CARTESIAN_POINT('',(12.6358613601025,-19.5714389555678,8.51109772363654));
#5382=CARTESIAN_POINT('',(12.927262709683,-19.8411127582008,8.46250457971496));
#5383=CARTESIAN_POINT('',(12.9156819556844,-19.7722856142784,8.7144718959715));
#5384=CARTESIAN_POINT('',(12.9488250883024,-19.7625852842306,8.32630630932745));
#5385=CARTESIAN_POINT('',(12.9492573677536,-19.7906654848549,8.37125911974988));
#5386=CARTESIAN_POINT('',(12.9420974795235,-19.8168259970898,8.41668265731048));
#5387=CARTESIAN_POINT('',(12.927262709683,-19.8411127582007,8.46250457971495));
#5388=CARTESIAN_POINT('',(12.9495367400866,-19.7627172531987,8.32622261927594));
#5389=CARTESIAN_POINT('',(13.74876081668,-21.1312513939359,11.6309526953037));
#5390=CARTESIAN_POINT('',(13.7487608166708,-18.9351248727459,8.23095269530372));
#5391=CARTESIAN_POINT('',(13.4979064961161,-18.6734091517165,8.4));
#5392=CARTESIAN_POINT('',(13.4979064961161,-18.6734091517165,8.8));
#5393=CARTESIAN_POINT('',(13.0012100597314,-19.4998129305831,8.8));
#5394=CARTESIAN_POINT('',(13.1656435367162,-19.2236602706345,8.8));
#5395=CARTESIAN_POINT('',(13.3282923653118,-18.9464103906209,8.80000000000001));
#5396=CARTESIAN_POINT('',(13.4979064961161,-18.6734091517165,8.8));
#5397=CARTESIAN_POINT('',(13.0012100597207,-19.4998129305767,8.80000000000781));
#5398=CARTESIAN_POINT('',(13.0012100597207,-19.4998129305767,8.80000000000781));
#5399=CARTESIAN_POINT('',(12.9800024812229,-19.5952211645122,8.77879242150992));
#5400=CARTESIAN_POINT('',(12.951521501348,-19.6860632142635,8.75031144163504));
#5401=CARTESIAN_POINT('',(12.915681955684,-19.7722856142795,8.71447189597106));
#5402=CARTESIAN_POINT('',(12.9152204466864,-19.7715648437427,8.71581247548702));
#5403=CARTESIAN_POINT('',(12.9560653475126,-19.8351907077064,8.59787482563615));
#5404=CARTESIAN_POINT('',(12.9269395374245,-19.8411817565905,8.46097471511409));
#5405=CARTESIAN_POINT('',(12.883838489737,-19.8095124055075,8.72154017641533));
#5406=CARTESIAN_POINT('',(12.9231299371136,-19.8735601550219,8.60307683617758));
#5407=CARTESIAN_POINT('',(12.8924195810707,-19.8794260541764,8.46632391980241));
#5408=CARTESIAN_POINT('',(12.8523567346911,-19.8470178290554,8.72778623277965));
#5409=CARTESIAN_POINT('',(12.8900879245481,-19.911468176088,8.6088258645578));
#5410=CARTESIAN_POINT('',(12.8577832399914,-19.9172176868343,8.47225371927067));
#5411=CARTESIAN_POINT('',(12.8208113177167,-19.8841155581589,8.73456028800189));
#5412=CARTESIAN_POINT('',(12.8569777686174,-19.9489499708888,8.61513182135989));
#5413=CARTESIAN_POINT('',(12.82307181365,-19.9545906451791,8.47877478670256));
#5414=CARTESIAN_POINT('',(12.9156819556844,-19.7722856142784,8.7144718959715));
#5415=CARTESIAN_POINT('',(12.8930031939931,-19.8268459393662,8.69179313428015));
#5416=CARTESIAN_POINT('',(12.8675268320569,-19.8780358626047,8.66631677234391));
#5417=CARTESIAN_POINT('',(12.83856822788,-19.9250305632739,8.6373581681671));
#5418=CARTESIAN_POINT('',(12.83856822788,-19.9250305632739,8.63735816816708));
#5419=CARTESIAN_POINT('',(12.927262709683,-19.8411127582007,8.46250457971495));
#5420=CARTESIAN_POINT('',(12.9086993049835,-19.8715038583113,8.51984358118554));
#5421=CARTESIAN_POINT('',(12.8791823697426,-19.8994571794995,8.57817868718965));
#5422=CARTESIAN_POINT('',(12.83856822788,-19.9250305632739,8.63735816816706));
#5423=CARTESIAN_POINT('',(4.85722573273506E-13,-5.72458747072347E-14,27.6));
#5424=CARTESIAN_POINT('',(4.85722573273506E-13,-5.72458747072347E-14,0.2));
#5425=CARTESIAN_POINT('',(-2.19999999999951,-5.72458747072347E-14,0.2));
#5426=CARTESIAN_POINT('',(4.85722573273506E-13,-5.72458747072347E-14,2.2));
#5427=CARTESIAN_POINT('',(2.20000000000049,-5.72458747072347E-14,2.2));
#5428=CARTESIAN_POINT('',(-4.99552056119747,-5.48181172713489,8.8));
#5429=CARTESIAN_POINT('',(-15.6553471758401,-16.6031836944595,8.8));
#5430=CARTESIAN_POINT('',(-25.4225969800277,-7.24128214845916,8.8));
#5431=CARTESIAN_POINT('',(-13.4979064961559,-18.6710889533053,8.8));
#5432=CARTESIAN_POINT('',(-15.6553471758401,-16.6031836944595,8.8));
#5433=CARTESIAN_POINT('',(-12.6744814552087,-19.4603412319308,8.8));
#5434=CARTESIAN_POINT('',(-11.4498402524513,-16.6603815647137,8.8));
#5435=CARTESIAN_POINT('',(-10.7706858724917,-20.3373368268838,8.8));
#5436=CARTESIAN_POINT('',(-4.99552056119747,-20.3373368268838,8.8));
#5437=CARTESIAN_POINT('',(-7.27260839924106,-20.3373368268838,8.80000000000781));
#5438=CARTESIAN_POINT('',(-7.27260839924106,-13.7109980747257,8.80000000000781));
#5439=CARTESIAN_POINT('',(-7.27260839924106,-13.1189738976182,8.80000000000781));
#5440=CARTESIAN_POINT('',(-8.87260839924106,-13.1189738976181,8.80000000000781));
#5441=CARTESIAN_POINT('',(-8.13250284296226,-11.7004381153535,8.80000000000781));
#5442=CARTESIAN_POINT('',(-15.8831248299541,-7.65663571790446,8.80000000000781));
#5443=CARTESIAN_POINT('',(-23.6337468169459,-3.61283332045541,8.80000000000781));
#5444=CARTESIAN_POINT('',(-21.7487904782983,-4.7271214720368E-14,8.80000000000781));
#5445=CARTESIAN_POINT('',(-21.7487904782983,4.07499999999995,8.80000000000781));
#5446=CARTESIAN_POINT('',(-18.7110025662303,4.07499999999995,8.80000000000781));
#5447=CARTESIAN_POINT('',(-15.6732146541622,4.07499999999993,8.80000000000781));
#5448=CARTESIAN_POINT('',(-15.6732146541622,5.675,8.80000000000781));
#5449=CARTESIAN_POINT('',(-14.8732146541623,4.28935935394485,8.80000000000781));
#5450=CARTESIAN_POINT('',(-13.3047522972188,5.19491151794001,8.80000000000781));
#5451=CARTESIAN_POINT('',(-11.7362899402752,6.10046368193515,8.80000000000781));
#5452=CARTESIAN_POINT('',(-9.49878994027516,2.22499999999996,8.80000000000781));
#5453=CARTESIAN_POINT('',(-7.15108985632025,6.03471512265638,8.80000000000781));
#5454=CARTESIAN_POINT('',(0.00121005972283927,17.6410635391986,8.80000000000781));
#5455=CARTESIAN_POINT('',(7.15350997576594,6.03471512265639,8.80000000000781));
#5456=CARTESIAN_POINT('',(9.50121005972115,2.22500000000063,8.80000000000781));
#5457=CARTESIAN_POINT('',(11.7387100597207,6.10046368193516,8.80000000000781));
#5458=CARTESIAN_POINT('',(13.3071724166643,5.19491151794,8.80000000000781));
#5459=CARTESIAN_POINT('',(14.875634773608,4.28935935394483,8.80000000000781));
#5460=CARTESIAN_POINT('',(15.6756347736079,5.67499999999987,8.80000000000781));
#5461=CARTESIAN_POINT('',(15.6756347736079,4.07499999999995,8.80000000000781));
#5462=CARTESIAN_POINT('',(18.713422685674,4.07499999999995,8.80000000000781));
#5463=CARTESIAN_POINT('',(21.7512105977401,4.07499999999995,8.80000000000781));
#5464=CARTESIAN_POINT('',(21.7512105977401,-7.22078646875346E-14,8.80000000000781));
#5465=CARTESIAN_POINT('',(23.6361669363878,-3.61283332045543,8.80000000000781));
#5466=CARTESIAN_POINT('',(18.4530470048858,-6.31706955342495,8.80000000000781));
#5467=CARTESIAN_POINT('',(13.2699270733837,-9.02130578639448,8.80000000000781));
#5468=CARTESIAN_POINT('',(13.5012100597209,-9.46459821835222,8.80000000000781));
#5469=CARTESIAN_POINT('',(13.0012100597207,-9.46459821835218,8.80000000000781));
#5470=CARTESIAN_POINT('',(13.0012100597207,-18.3807485297772,8.80000000000781));
#5471=CARTESIAN_POINT('',(10.4493697258933,-21.5954293390114,8.8));
#5472=CARTESIAN_POINT('',(25.4250176375183,-7.2412821484592,8.8));
#5473=CARTESIAN_POINT('',(23.7944645539126,-4.8303887118638,8.8));
#5474=CARTESIAN_POINT('',(26.3944645539126,-4.83038871186381,8.8));
#5475=CARTESIAN_POINT('',(26.3944645539126,2.46195060887323,8.8));
#5476=CARTESIAN_POINT('',(26.3944645539126,2.46195060887323,8.8));
#5477=CARTESIAN_POINT('',(23.7944645539126,2.46195060887323,8.8));
#5478=CARTESIAN_POINT('',(25.6329421849976,4.30042823995825,8.8));
#5479=CARTESIAN_POINT('',(23.9039966605801,6.02937376437576,8.8));
#5480=CARTESIAN_POINT('',(24.017906626042,5.91546379891384,8.8));
#5481=CARTESIAN_POINT('',(24.017906626042,5.91546379891384,8.8));
#5482=CARTESIAN_POINT('',(23.5937721765977,6.33959824835815,8.8));
#5483=CARTESIAN_POINT('',(22.9997057222763,7.38124903882661,8.8));
#5484=CARTESIAN_POINT('',(22.2219139027234,9.61888147499995,8.8));
#5485=CARTESIAN_POINT('',(21.6893784819442,11.3123246979623,8.8));
#5486=CARTESIAN_POINT('',(21.3393962719608,12.4436035596121,8.8));
#5487=CARTESIAN_POINT('',(21.3393962719608,12.4436035596121,8.8));
#5488=CARTESIAN_POINT('',(21.3393962719609,12.4436035596122,8.8));
#5489=CARTESIAN_POINT('',(21.33748452339,12.4497830758426,8.8));
#5490=CARTESIAN_POINT('',(21.3352633547412,12.4558479229817,8.8));
#5491=CARTESIAN_POINT('',(21.3326630646598,12.4617722701557,8.8));
#5492=CARTESIAN_POINT('',(21.3326630646598,12.4617722701557,8.8));
#5493=CARTESIAN_POINT('',(0.0556151082663234,12.461772270157,8.8));
#5494=CARTESIAN_POINT('',(12.6410888067815,12.4617722701562,8.8));
#5495=CARTESIAN_POINT('',(9.50000000000049,12.225,8.8));
#5496=CARTESIAN_POINT('',(6.35891119321949,12.4617722701566,8.8));
#5497=CARTESIAN_POINT('',(0.0556151082663234,12.461772270157,8.8));
#5498=CARTESIAN_POINT('',(-6.35891119321858,12.4617722701574,8.8));
#5499=CARTESIAN_POINT('',(-9.49999999999951,12.225,8.8));
#5500=CARTESIAN_POINT('',(-12.6410888067804,12.4617722701578,8.8));
#5501=CARTESIAN_POINT('',(0.0556151082663234,12.461772270157,8.8));
#5502=CARTESIAN_POINT('',(-21.3326630648061,12.4617722701583,8.8));
#5503=CARTESIAN_POINT('',(-21.3326630648061,12.4617722701583,8.8));
#5504=CARTESIAN_POINT('',(-21.3352633548849,12.4558479229891,8.8));
#5505=CARTESIAN_POINT('',(-21.3374845235316,12.4497830758555,8.8));
#5506=CARTESIAN_POINT('',(-21.3393962721009,12.4436035596303,8.8));
#5507=CARTESIAN_POINT('',(-21.3393962721102,12.4436035596332,8.8));
#5508=CARTESIAN_POINT('',(-21.3393962721103,12.4436035596332,8.8));
#5509=CARTESIAN_POINT('',(-21.6900681143115,11.3100955378894,8.8));
#5510=CARTESIAN_POINT('',(-22.2209586412645,9.61691295226147,8.8));
#5511=CARTESIAN_POINT('',(-23.0083163873268,7.36406449933837,8.8));
#5512=CARTESIAN_POINT('',(-23.591180177039,6.34219024791593,8.8));
#5513=CARTESIAN_POINT('',(-24.0179066262086,5.91546379874633,8.8));
#5514=CARTESIAN_POINT('',(-24.0179066262085,5.91546379874633,8.8));
#5515=CARTESIAN_POINT('',(-20.2053513566437,9.72801906831125,8.8));
#5516=CARTESIAN_POINT('',(-25.6305215275069,4.302848897448,8.8));
#5517=CARTESIAN_POINT('',(-23.7920438964218,2.46437126636298,8.8));
#5518=CARTESIAN_POINT('',(-26.3920438964218,2.46437126636298,8.8));
#5519=CARTESIAN_POINT('',(-26.3920438964218,-5.48181172713489,8.8));
#5520=CARTESIAN_POINT('',(-26.3920438964218,-4.83038871186375,8.8));
#5521=CARTESIAN_POINT('',(-23.7920438964218,-4.83038871186376,8.8));
#5522=CARTESIAN_POINT('',(134.806046488775,14.35285273967,4.26907564913573));
#5523=CARTESIAN_POINT('',(134.806046488775,13.4332590712239,8.03709364254876));
#5524=CARTESIAN_POINT('',(-12.4823449915439,13.4332590712328,8.03709364254876));
#5525=CARTESIAN_POINT('',(-21.2659720295503,13.4332590712328,8.03709364255089));
#5526=CARTESIAN_POINT('',(-9.4999999999995,12.4192973602149,12.1917829394011));
#5527=CARTESIAN_POINT('',(-11.6607494806824,14.7113841128769,2.8));
#5528=CARTESIAN_POINT('',(134.806046488775,14.7113841128681,2.8));
#5529=CARTESIAN_POINT('',(-7.33925051931635,14.7113841128767,2.8));
#5530=CARTESIAN_POINT('',(-9.4999999999995,12.4192973602149,12.1917829394011));
#5531=CARTESIAN_POINT('',(-6.51765500845501,13.4332590712324,8.03709364254876));
#5532=CARTESIAN_POINT('',(134.806046488775,13.4332590712239,8.03709364254876));
#5533=CARTESIAN_POINT('',(6.51765500845573,13.4332590712316,8.03709364254876));
#5534=CARTESIAN_POINT('',(9.5000000000005,12.4192973602149,12.1917829393964));
#5535=CARTESIAN_POINT('',(7.3392505193164,14.7113841128758,2.8));
#5536=CARTESIAN_POINT('',(134.806046488775,14.7113841128681,2.8));
#5537=CARTESIAN_POINT('',(11.6607494806849,14.7113841128755,2.8));
#5538=CARTESIAN_POINT('',(9.5000000000005,12.4192973602149,12.1917829393964));
#5539=CARTESIAN_POINT('',(12.4823449915454,13.4332590712313,8.03709364254876));
#5540=CARTESIAN_POINT('',(134.806046488775,13.4332590712239,8.03709364254876));
#5541=CARTESIAN_POINT('',(21.2659720294056,13.4332590712307,8.03709364254876));
#5542=CARTESIAN_POINT('',(21.4543245781054,12.7049591341856,11.0212891209981));
#5543=CARTESIAN_POINT('',(20.7713206075738,15.3458923575472,0.2));
#5544=CARTESIAN_POINT('',(0.00121032874628058,15.3459202382715,0.2));
#5545=CARTESIAN_POINT('',(-20.7713205991723,15.3459202382728,0.2));
#5546=CARTESIAN_POINT('',(-20.4444397351606,16.6098655064906,-4.97899228403922));
#5547=CARTESIAN_POINT('',(134.806046488775,12.4617722701489,7.8));
#5548=CARTESIAN_POINT('',(-6.51765500845501,13.4332590712324,8.03709364254877));
#5549=CARTESIAN_POINT('',(-6.48860288897334,13.3264460598429,8.47475797480356));
#5550=CARTESIAN_POINT('',(-6.38608285817859,12.9123561403186,8.80000000000002));
#5551=CARTESIAN_POINT('',(-6.35891119321858,12.4617722701574,8.8));
#5552=CARTESIAN_POINT('',(6.35891119321949,12.4617722701566,8.8));
#5553=CARTESIAN_POINT('',(6.38608283430732,12.9123557444501,8.80000000000002));
#5554=CARTESIAN_POINT('',(6.48860330380101,13.3264475849947,8.47475172551942));
#5555=CARTESIAN_POINT('',(6.51765500845574,13.4332590712316,8.03709364254877));
#5556=CARTESIAN_POINT('',(134.806046488775,12.4617722701489,7.8));
#5557=CARTESIAN_POINT('',(-12.6410888067804,12.4617722701578,8.8));
#5558=CARTESIAN_POINT('',(-12.6139171656925,12.9123557444513,8.80000000000002));
#5559=CARTESIAN_POINT('',(-12.5113966961986,13.3264475849958,8.47475172551943));
#5560=CARTESIAN_POINT('',(-12.4823449915439,13.4332590712328,8.03709364254877));
#5561=CARTESIAN_POINT('',(-21.2659720295503,12.4617722701583,7.8));
#5562=CARTESIAN_POINT('',(-21.2659720295503,12.7152603294865,8.76733851560768));
#5563=CARTESIAN_POINT('',(-21.332663064806,12.4617722701583,8.8));
#5564=CARTESIAN_POINT('',(-21.3100715817316,12.5475574356228,8.80000000000001));
#5565=CARTESIAN_POINT('',(-21.2876913096726,12.6327031672171,8.78897236405853));
#5566=CARTESIAN_POINT('',(-21.2659720295509,12.7152603294867,8.76733851560761));
#5567=CARTESIAN_POINT('',(134.806046488775,12.4617722701489,7.8));
#5568=CARTESIAN_POINT('',(12.4823449915454,13.4332590712313,8.03709364254877));
#5569=CARTESIAN_POINT('',(12.511397111027,13.3264460598418,8.47475797480356));
#5570=CARTESIAN_POINT('',(12.6139171418216,12.9123561403174,8.80000000000001));
#5571=CARTESIAN_POINT('',(12.6410888067815,12.4617722701562,8.8));
#5572=CARTESIAN_POINT('',(21.3326630646597,12.4617722701557,8.8));
#5573=CARTESIAN_POINT('',(21.3100715815785,12.5475574356312,8.8));
#5574=CARTESIAN_POINT('',(21.2876913043553,12.6327031659658,8.78897236438915));
#5575=CARTESIAN_POINT('',(21.2659720294056,12.7152603295215,8.76733851559783));
#5576=CARTESIAN_POINT('',(21.2659720294056,12.7152603295215,8.76733851559783));
#5577=CARTESIAN_POINT('',(21.2659720294055,12.4617722701557,7.8));
#5578=CARTESIAN_POINT('',(-20.0487894022598,-7.40740395356887E-12,1.));
#5579=CARTESIAN_POINT('',(-20.0487894022598,-7.40740395356887E-12,1.));
#5580=CARTESIAN_POINT('',(-20.0487894022598,-1.47571150363488E-11,1.));
#5581=CARTESIAN_POINT('',(-20.0487894022598,-1.70000000001476,1.));
#5582=CARTESIAN_POINT('',(-20.0487894022598,-1.47571150363488E-11,1.));
#5583=CARTESIAN_POINT('',(-20.0487894022598,-1.47571150363488E-11,0.6));
#5584=CARTESIAN_POINT('',(-20.0487894022598,-7.40740395356887E-12,0.6));
#5585=CARTESIAN_POINT('',(-20.0487894022598,-1.70000000001476,0.6));
#5586=CARTESIAN_POINT('',(-20.0487894022598,-1.70000000001476,1.));
#5587=CARTESIAN_POINT('',(-20.0487894022598,-1.70000000001476,0.8));
#5588=CARTESIAN_POINT('',(-20.0487894022598,-1.70000000001476,1.));
#5589=CARTESIAN_POINT('',(-20.0487894022598,-7.40740395356887E-12,1.));
#5590=CARTESIAN_POINT('',(-20.0487894022598,-7.40740395356887E-12,1.));
#5591=CARTESIAN_POINT('',(-20.0487894022598,1.69999999998525,1.));
#5592=CARTESIAN_POINT('',(-20.0487894022598,1.69999999998525,1.));
#5593=CARTESIAN_POINT('',(-20.0487894022598,1.69999999998525,0.8));
#5594=CARTESIAN_POINT('',(-20.0487894022598,1.69999999998525,1.));
#5595=CARTESIAN_POINT('',(-20.0487894022598,1.69999999998525,0.6));
#5596=CARTESIAN_POINT('',(-20.0487894022598,-7.40740395356887E-12,0.6));
#5597=CARTESIAN_POINT('',(-23.4487894022598,-7.40740395356887E-12,1.));
#5598=CARTESIAN_POINT('',(-23.4487894022598,-7.40740395356887E-12,1.));
#5599=CARTESIAN_POINT('',(-23.4487894022598,-1.70000000001476,1.));
#5600=CARTESIAN_POINT('',(-23.4487894022598,-1.47573232263047E-11,1.));
#5601=CARTESIAN_POINT('',(-23.4487894022598,-1.70000000001476,1.));
#5602=CARTESIAN_POINT('',(-23.4487894022598,-1.70000000001476,0.8));
#5603=CARTESIAN_POINT('',(-23.4487894022598,-1.70000000001476,1.));
#5604=CARTESIAN_POINT('',(-23.4487894022598,-1.70000000001476,0.6));
#5605=CARTESIAN_POINT('',(-23.4487894022598,-7.40740395356887E-12,0.6));
#5606=CARTESIAN_POINT('',(-23.4487894022598,-1.47573232263047E-11,0.6));
#5607=CARTESIAN_POINT('',(-23.4487894022598,-1.47573232263047E-11,1.));
#5608=CARTESIAN_POINT('',(-23.4487894022598,-7.40740395356887E-12,1.));
#5609=CARTESIAN_POINT('',(-23.4487894022598,-7.40740395356887E-12,1.));
#5610=CARTESIAN_POINT('',(-23.4487894022598,1.69999999998525,1.));
#5611=CARTESIAN_POINT('',(-23.4487894022598,-7.40740395356887E-12,0.6));
#5612=CARTESIAN_POINT('',(-23.4487894022598,1.69999999998525,0.6));
#5613=CARTESIAN_POINT('',(-23.4487894022598,1.69999999998525,1.));
#5614=CARTESIAN_POINT('',(-23.4487894022598,1.69999999998525,0.8));
#5615=CARTESIAN_POINT('',(-23.4487894022598,1.69999999998525,1.));
#5616=CARTESIAN_POINT('',(0.00121059774014359,-1.70000000001476,1.));
#5617=CARTESIAN_POINT('',(0.00121059774014359,-1.70000000001476,1.));
#5618=CARTESIAN_POINT('',(-21.7487894022598,-1.70000000001476,1.));
#5619=CARTESIAN_POINT('',(-21.7487894022598,-1.70000000001476,1.));
#5620=CARTESIAN_POINT('',(-21.7487894022598,-1.70000000001476,0.8));
#5621=CARTESIAN_POINT('',(0.00121059774014359,-1.70000000001476,0.8));
#5622=CARTESIAN_POINT('',(-23.4487894022598,-7.40740395356887E-12,1.));
#5623=CARTESIAN_POINT('',(-23.4487894022598,-7.40740395356887E-12,0.6));
#5624=CARTESIAN_POINT('',(-23.4487894022598,-2.3494680249089,0.6));
#5625=CARTESIAN_POINT('',(-23.4487894022598,-7.40740395356887E-12,0.8));
#5626=CARTESIAN_POINT('',(-23.4487894022598,-2.3494680249089,0.8));
#5627=CARTESIAN_POINT('',(-23.4487894022598,-2.3494680249089,0.6));
#5628=CARTESIAN_POINT('',(-20.0487894022598,-7.40740395356887E-12,1.));
#5629=CARTESIAN_POINT('',(-20.0487894022598,-7.40740395356887E-12,0.6));
#5630=CARTESIAN_POINT('',(-20.0487894022598,-2.3494680249089,0.6));
#5631=CARTESIAN_POINT('',(-20.0487894022598,-2.3494680249089,0.6));
#5632=CARTESIAN_POINT('',(-20.0487894022598,-2.3494680249089,0.8));
#5633=CARTESIAN_POINT('',(-20.0487894022598,-7.40740395356887E-12,0.8));
#5634=CARTESIAN_POINT('',(0.00121059774014359,-1.70000000001476,1.));
#5635=CARTESIAN_POINT('',(0.00121059774014359,-1.70000000001476,1.));
#5636=CARTESIAN_POINT('',(0.00121059774014359,-1.70000000001476,0.8));
#5637=CARTESIAN_POINT('',(-23.4487894022598,-7.40740395356887E-12,1.));
#5638=CARTESIAN_POINT('',(-23.4487894022598,-7.40740395356887E-12,0.6));
#5639=CARTESIAN_POINT('',(-23.4487894022598,2.34946802487939,0.6));
#5640=CARTESIAN_POINT('',(-23.4487894022598,2.34946802487939,0.6));
#5641=CARTESIAN_POINT('',(-23.4487894022598,2.34946802487939,0.8));
#5642=CARTESIAN_POINT('',(-23.4487894022598,-7.40740395356887E-12,0.8));
#5643=CARTESIAN_POINT('',(0.00121059774014359,1.69999999998525,1.));
#5644=CARTESIAN_POINT('',(0.00121059774014359,1.69999999998525,1.));
#5645=CARTESIAN_POINT('',(-21.7487894022598,1.69999999998525,1.));
#5646=CARTESIAN_POINT('',(0.00121059774014359,1.69999999998525,0.8));
#5647=CARTESIAN_POINT('',(-21.7487894022598,1.69999999998525,0.8));
#5648=CARTESIAN_POINT('',(-21.7487894022598,1.69999999998525,1.));
#5649=CARTESIAN_POINT('',(0.00121059774014359,1.69999999998525,1.));
#5650=CARTESIAN_POINT('',(0.00121059774014359,1.69999999998525,1.));
#5651=CARTESIAN_POINT('',(0.00121059774014359,1.69999999998525,0.8));
#5652=CARTESIAN_POINT('',(-20.0487894022598,-7.40740395356887E-12,1.));
#5653=CARTESIAN_POINT('',(-20.0487894022598,-7.40740395356887E-12,0.6));
#5654=CARTESIAN_POINT('',(-20.0487894022598,2.34946802487939,0.6));
#5655=CARTESIAN_POINT('',(-20.0487894022598,-7.40740395356887E-12,0.8));
#5656=CARTESIAN_POINT('',(-20.0487894022598,2.34946802487939,0.8));
#5657=CARTESIAN_POINT('',(-20.0487894022598,2.34946802487939,0.6));
#5658=CARTESIAN_POINT('',(0.00121059774014359,-7.40740395356887E-12,0.6));
#5659=CARTESIAN_POINT('',(-21.7487894022598,-1.47571456525188E-11,0.6));
#5660=CARTESIAN_POINT('',(-19.3993213773657,1.69999999998525,0.6));
#5661=CARTESIAN_POINT('',(-19.3993213773657,-1.70000000001475,0.6));
#5662=CARTESIAN_POINT('',(0.00121059774014359,-1.70000000001475,0.6));
#5663=CARTESIAN_POINT('',(0.00121059774014359,1.69999999998525,0.6));
#5664=CARTESIAN_POINT('',(0.00121059774014359,-7.40740395356887E-12,0.6));
#5665=CARTESIAN_POINT('',(0.00121059774014359,-1.70000000001476,0.6));
#5666=CARTESIAN_POINT('',(-24.098257427154,-1.70000000001476,0.6));
#5667=CARTESIAN_POINT('',(-21.7487894022598,-1.47571456525188E-11,0.6));
#5668=CARTESIAN_POINT('',(-24.098257427154,1.69999999998525,0.6));
#5669=CARTESIAN_POINT('',(0.00121059774014359,1.69999999998525,0.6));
#5670=CARTESIAN_POINT('',(0.00121059774014359,-7.40740395356887E-12,1.));
#5671=CARTESIAN_POINT('',(-21.7487894022598,-1.47573232263047E-11,1.));
#5672=CARTESIAN_POINT('',(0.00121059774014359,-7.40740395356887E-12,1.));
#5673=CARTESIAN_POINT('',(-21.7487894022598,-1.47573232263047E-11,1.));
#5674=CARTESIAN_POINT('',(0.00121059774014359,-7.40740395356887E-12,0.8));
#5675=CARTESIAN_POINT('',(-21.7487894022598,-1.47571456525188E-11,0.8));
#5676=CARTESIAN_POINT('',(0.00121059774014359,-7.40740395356887E-12,1.));
#5677=CARTESIAN_POINT('',(-21.7487894022598,-1.47573232263047E-11,1.));
#5678=CARTESIAN_POINT('',(0.00121059774014359,-7.40740395356887E-12,0.8));
#5679=CARTESIAN_POINT('',(-21.7487894022598,-1.47571456525188E-11,0.8));
#5680=CARTESIAN_POINT('',(0.00121059774014359,-7.40740395356887E-12,0.6));
#5681=CARTESIAN_POINT('',(-21.7487894022598,-1.47571456525188E-11,0.6));
#5682=CARTESIAN_POINT('',(0.00121059774014359,-7.40740395356887E-12,1.));
#5683=CARTESIAN_POINT('',(-21.7487894022598,-1.47573232263047E-11,1.));
#5684=CARTESIAN_POINT('',(0.00121059774014359,-7.40740395356887E-12,0.6));
#5685=CARTESIAN_POINT('',(-21.7487894022598,-1.47571456525188E-11,0.6));
#5686=CARTESIAN_POINT('',(0.00121059774014359,-7.40740395356887E-12,0.6));
#5687=CARTESIAN_POINT('',(-21.7487894022598,-1.47571456525188E-11,0.6));
#5688=CARTESIAN_POINT('',(23.4512105977402,-7.40740395356887E-12,1.));
#5689=CARTESIAN_POINT('',(23.4512105977402,-7.40740395356887E-12,1.));
#5690=CARTESIAN_POINT('',(23.4512105977402,-5.70683009213581E-14,1.));
#5691=CARTESIAN_POINT('',(23.4512105977402,-1.70000000000006,1.));
#5692=CARTESIAN_POINT('',(23.4512105977402,-5.70683009213581E-14,1.));
#5693=CARTESIAN_POINT('',(23.4512105977402,-5.70683009213581E-14,0.6));
#5694=CARTESIAN_POINT('',(23.4512105977402,-7.40740395356887E-12,0.6));
#5695=CARTESIAN_POINT('',(23.4512105977402,-1.70000000000006,0.6));
#5696=CARTESIAN_POINT('',(23.4512105977402,-1.70000000000006,1.));
#5697=CARTESIAN_POINT('',(23.4512105977402,-1.70000000000006,0.8));
#5698=CARTESIAN_POINT('',(23.4512105977402,-1.70000000000006,1.));
#5699=CARTESIAN_POINT('',(23.4512105977402,-7.40740395356887E-12,1.));
#5700=CARTESIAN_POINT('',(23.4512105977402,-7.40740395356887E-12,1.));
#5701=CARTESIAN_POINT('',(23.4512105977402,1.69999999999994,1.));
#5702=CARTESIAN_POINT('',(23.4512105977402,1.69999999999994,1.));
#5703=CARTESIAN_POINT('',(23.4512105977402,1.69999999999994,0.8));
#5704=CARTESIAN_POINT('',(23.4512105977402,1.69999999999994,1.));
#5705=CARTESIAN_POINT('',(23.4512105977402,1.69999999999994,0.6));
#5706=CARTESIAN_POINT('',(23.4512105977402,-7.40740395356887E-12,0.6));
#5707=CARTESIAN_POINT('',(20.0512105977401,-7.40740395356887E-12,1.));
#5708=CARTESIAN_POINT('',(20.0512105977401,-7.40740395356887E-12,1.));
#5709=CARTESIAN_POINT('',(20.0512105977401,-1.70000000000006,1.));
#5710=CARTESIAN_POINT('',(20.0512105977401,-5.72764908772138E-14,1.));
#5711=CARTESIAN_POINT('',(20.0512105977401,-1.70000000000006,1.));
#5712=CARTESIAN_POINT('',(20.0512105977401,-1.70000000000006,0.8));
#5713=CARTESIAN_POINT('',(20.0512105977401,-1.70000000000006,1.));
#5714=CARTESIAN_POINT('',(20.0512105977401,-1.70000000000006,0.6));
#5715=CARTESIAN_POINT('',(20.0512105977401,-7.40740395356887E-12,0.6));
#5716=CARTESIAN_POINT('',(20.0512105977401,-5.72764908772138E-14,0.6));
#5717=CARTESIAN_POINT('',(20.0512105977401,-5.72764908772138E-14,1.));
#5718=CARTESIAN_POINT('',(20.0512105977401,-7.40740395356887E-12,1.));
#5719=CARTESIAN_POINT('',(20.0512105977401,-7.40740395356887E-12,1.));
#5720=CARTESIAN_POINT('',(20.0512105977401,1.69999999999994,1.));
#5721=CARTESIAN_POINT('',(20.0512105977401,-7.40740395356887E-12,0.6));
#5722=CARTESIAN_POINT('',(20.0512105977401,1.69999999999994,0.6));
#5723=CARTESIAN_POINT('',(20.0512105977401,1.69999999999994,1.));
#5724=CARTESIAN_POINT('',(20.0512105977401,1.69999999999994,0.8));
#5725=CARTESIAN_POINT('',(20.0512105977401,1.69999999999994,1.));
#5726=CARTESIAN_POINT('',(0.00121059774014359,-1.70000000000006,1.));
#5727=CARTESIAN_POINT('',(0.00121059774014359,-1.70000000000006,1.));
#5728=CARTESIAN_POINT('',(21.7512105977401,-1.70000000000006,1.));
#5729=CARTESIAN_POINT('',(21.7512105977401,-1.70000000000006,1.));
#5730=CARTESIAN_POINT('',(21.7512105977401,-1.70000000000006,0.8));
#5731=CARTESIAN_POINT('',(0.00121059774014359,-1.70000000000006,0.8));
#5732=CARTESIAN_POINT('',(20.0512105977401,-7.40740395356887E-12,1.));
#5733=CARTESIAN_POINT('',(20.0512105977401,-7.40740395356887E-12,0.6));
#5734=CARTESIAN_POINT('',(20.0512105977401,-2.3494680248942,0.6));
#5735=CARTESIAN_POINT('',(20.0512105977401,-7.40740395356887E-12,0.8));
#5736=CARTESIAN_POINT('',(20.0512105977401,-2.3494680248942,0.8));
#5737=CARTESIAN_POINT('',(20.0512105977401,-2.3494680248942,0.6));
#5738=CARTESIAN_POINT('',(23.4512105977402,-7.40740395356887E-12,1.));
#5739=CARTESIAN_POINT('',(23.4512105977402,-7.40740395356887E-12,0.6));
#5740=CARTESIAN_POINT('',(23.4512105977402,-2.3494680248942,0.6));
#5741=CARTESIAN_POINT('',(23.4512105977402,-2.3494680248942,0.6));
#5742=CARTESIAN_POINT('',(23.4512105977402,-2.3494680248942,0.8));
#5743=CARTESIAN_POINT('',(23.4512105977402,-7.40740395356887E-12,0.8));
#5744=CARTESIAN_POINT('',(0.00121059774014359,-1.70000000000006,1.));
#5745=CARTESIAN_POINT('',(0.00121059774014359,-1.70000000000006,1.));
#5746=CARTESIAN_POINT('',(0.00121059774014359,-1.70000000000006,0.8));
#5747=CARTESIAN_POINT('',(20.0512105977401,-7.40740395356887E-12,1.));
#5748=CARTESIAN_POINT('',(20.0512105977401,-7.40740395356887E-12,0.6));
#5749=CARTESIAN_POINT('',(20.0512105977401,2.34946802489409,0.6));
#5750=CARTESIAN_POINT('',(20.0512105977401,2.34946802489409,0.6));
#5751=CARTESIAN_POINT('',(20.0512105977401,2.34946802489409,0.8));
#5752=CARTESIAN_POINT('',(20.0512105977401,-7.40740395356887E-12,0.8));
#5753=CARTESIAN_POINT('',(0.00121059774014359,1.69999999999994,1.));
#5754=CARTESIAN_POINT('',(0.00121059774014359,1.69999999999994,1.));
#5755=CARTESIAN_POINT('',(21.7512105977401,1.69999999999994,1.));
#5756=CARTESIAN_POINT('',(0.00121059774014359,1.69999999999994,0.8));
#5757=CARTESIAN_POINT('',(21.7512105977401,1.69999999999994,0.8));
#5758=CARTESIAN_POINT('',(21.7512105977401,1.69999999999994,1.));
#5759=CARTESIAN_POINT('',(0.00121059774014359,1.69999999999994,1.));
#5760=CARTESIAN_POINT('',(0.00121059774014359,1.69999999999994,1.));
#5761=CARTESIAN_POINT('',(0.00121059774014359,1.69999999999994,0.8));
#5762=CARTESIAN_POINT('',(23.4512105977402,-7.40740395356887E-12,1.));
#5763=CARTESIAN_POINT('',(23.4512105977402,-7.40740395356887E-12,0.6));
#5764=CARTESIAN_POINT('',(23.4512105977402,2.34946802489409,0.6));
#5765=CARTESIAN_POINT('',(23.4512105977402,-7.40740395356887E-12,0.8));
#5766=CARTESIAN_POINT('',(23.4512105977402,2.34946802489409,0.8));
#5767=CARTESIAN_POINT('',(23.4512105977402,2.34946802489409,0.6));
#5768=CARTESIAN_POINT('',(0.00121059774014359,-7.40740395356887E-12,0.6));
#5769=CARTESIAN_POINT('',(21.7512105977401,-5.7098917091337E-14,0.6));
#5770=CARTESIAN_POINT('',(24.1006786226343,1.69999999999994,0.6));
#5771=CARTESIAN_POINT('',(24.1006786226343,-1.70000000000006,0.6));
#5772=CARTESIAN_POINT('',(0.00121059774014359,-1.70000000000006,0.6));
#5773=CARTESIAN_POINT('',(0.00121059774014359,1.69999999999994,0.6));
#5774=CARTESIAN_POINT('',(0.00121059774014359,-7.40740395356887E-12,0.6));
#5775=CARTESIAN_POINT('',(0.00121059774014359,-1.70000000000006,0.6));
#5776=CARTESIAN_POINT('',(19.401742572846,-1.70000000000006,0.6));
#5777=CARTESIAN_POINT('',(21.7512105977401,-5.7098917091337E-14,0.6));
#5778=CARTESIAN_POINT('',(19.401742572846,1.69999999999994,0.6));
#5779=CARTESIAN_POINT('',(0.00121059774014359,1.69999999999994,0.6));
#5780=CARTESIAN_POINT('',(0.00121059774014359,-7.40740395356887E-12,1.));
#5781=CARTESIAN_POINT('',(21.7512105977401,-5.72764908772133E-14,1.));
#5782=CARTESIAN_POINT('',(0.00121059774014359,-7.40740395356887E-12,1.));
#5783=CARTESIAN_POINT('',(21.7512105977401,-5.72764908772133E-14,1.));
#5784=CARTESIAN_POINT('',(0.00121059774014359,-7.40740395356887E-12,0.8));
#5785=CARTESIAN_POINT('',(21.7512105977401,-5.7098917091337E-14,0.8));
#5786=CARTESIAN_POINT('',(0.00121059774014359,-7.40740395356887E-12,1.));
#5787=CARTESIAN_POINT('',(21.7512105977401,-5.72764908772133E-14,1.));
#5788=CARTESIAN_POINT('',(0.00121059774014359,-7.40740395356887E-12,0.8));
#5789=CARTESIAN_POINT('',(21.7512105977401,-5.7098917091337E-14,0.8));
#5790=CARTESIAN_POINT('',(0.00121059774014359,-7.40740395356887E-12,0.6));
#5791=CARTESIAN_POINT('',(21.7512105977401,-5.7098917091337E-14,0.6));
#5792=CARTESIAN_POINT('',(0.00121059774014359,-7.40740395356887E-12,1.));
#5793=CARTESIAN_POINT('',(21.7512105977401,-5.72764908772133E-14,1.));
#5794=CARTESIAN_POINT('',(0.00121059774014359,-7.40740395356887E-12,0.6));
#5795=CARTESIAN_POINT('',(21.7512105977401,-5.7098917091337E-14,0.6));
#5796=CARTESIAN_POINT('',(0.00121059774014359,-7.40740395356887E-12,0.6));
#5797=CARTESIAN_POINT('',(21.7512105977401,-5.7098917091337E-14,0.6));
#5798=CARTESIAN_POINT('',(-21.7487894022598,-1.47573232263047E-11,27.6));
#5799=CARTESIAN_POINT('',(-21.7487894022598,-1.47573232263047E-11,4.));
#5800=CARTESIAN_POINT('',(-21.7487894022598,1.69999999998524,4.));
#5801=CARTESIAN_POINT('',(21.7512105977401,-5.72764908772133E-14,27.6));
#5802=CARTESIAN_POINT('',(21.7512105977401,-5.72764908772133E-14,4.));
#5803=CARTESIAN_POINT('',(21.7512105977401,1.69999999999994,4.));
#5804=CARTESIAN_POINT('',(21.2659720294055,12.4617722701557,7.8));
#5805=CARTESIAN_POINT('',(21.3927160590884,12.5885162998386,7.8));
#5806=CARTESIAN_POINT('',(21.4673736953027,12.5138586636244,8.7781228841967));
#5807=CARTESIAN_POINT('',(21.2659720294055,12.4617722701557,7.8));
#5808=CARTESIAN_POINT('',(22.2341192256477,12.7121539915504,7.8));
#5809=CARTESIAN_POINT('',(21.2659720294056,12.4617722701557,7.8));
#5810=CARTESIAN_POINT('',(-21.2659720295503,12.4617722701583,7.80000000000227));
#5811=CARTESIAN_POINT('',(-21.2659720295503,12.4617722701583,7.80000000000453));
#5812=CARTESIAN_POINT('',(-22.2341192257935,12.7121539915489,7.80000000000254));
#5813=CARTESIAN_POINT('',(-21.4673736954189,12.5138586636188,8.77812288420754));
#5814=CARTESIAN_POINT('',(-21.3927160592147,12.5885162998227,7.80000000000227));
#5815=CARTESIAN_POINT('',(-21.2659720295505,12.4617722701578,7.80000000000213));
#5816=CARTESIAN_POINT('',(21.4543245781054,11.7334723331105,10.7841954784494));
#5817=CARTESIAN_POINT('',(22.4347693292705,11.9363032858107,10.9790338708715));
#5818=CARTESIAN_POINT('',(21.7544323618158,14.5669518965519,0.2));
#5819=CARTESIAN_POINT('',(21.7544323618158,14.5669518965519,0.199999999999995));
#5820=CARTESIAN_POINT('',(21.7167017509323,14.7128442761389,0.199999999999991));
#5821=CARTESIAN_POINT('',(21.6244955593528,14.8887060292446,0.200894577328136));
#5822=CARTESIAN_POINT('',(21.480478109884,15.0511037486864,0.200289013837984));
#5823=CARTESIAN_POINT('',(21.4058424587845,15.1209540114945,0.199896627243182));
#5824=CARTESIAN_POINT('',(21.2407535271815,15.2339217430219,0.200124477189178));
#5825=CARTESIAN_POINT('',(21.0365921353803,15.3193955047283,0.200236944591076));
#5826=CARTESIAN_POINT('',(20.8739523570798,15.3459202382704,0.200000000000154));
#5827=CARTESIAN_POINT('',(20.7713205990153,15.3459202382702,0.200000000000102));
#5828=CARTESIAN_POINT('',(22.7099333842021,10.87233061718,10.7020013893841));
#5829=CARTESIAN_POINT('',(22.0756338947231,13.3249668116137,7.8000000000001));
#5830=CARTESIAN_POINT('',(23.5806793474558,7.50543043665836,7.8000000000001));
#5831=CARTESIAN_POINT('',(23.5806793474555,7.50543043665861,10.7020013893844));
#5832=CARTESIAN_POINT('',(23.5806793474564,7.5054304366577,0.2));
#5833=CARTESIAN_POINT('',(23.9845225193941,5.94389618225928,0.2));
#5834=CARTESIAN_POINT('',(-21.4666221331707,11.6859215644121,10.9790338708982));
#5835=CARTESIAN_POINT('',(-22.4347693294139,11.9363032858027,10.9790338708984));
#5836=CARTESIAN_POINT('',(-21.7544323619716,14.5669518965504,0.2));
#5837=CARTESIAN_POINT('',(-20.7713205991744,15.3459202382728,0.199999999999867));
#5838=CARTESIAN_POINT('',(-20.8739323714426,15.3459202382726,0.199999999999818));
#5839=CARTESIAN_POINT('',(-21.0365605438398,15.3194022761976,0.200238973731052));
#5840=CARTESIAN_POINT('',(-21.2407274342208,15.2339378961799,0.200127506020294));
#5841=CARTESIAN_POINT('',(-21.4058578270032,15.1209418325738,0.199896264584764));
#5842=CARTESIAN_POINT('',(-21.4804427309091,15.0511363112191,0.200287435640666));
#5843=CARTESIAN_POINT('',(-21.6244655808002,14.8887531994456,0.200893958725103));
#5844=CARTESIAN_POINT('',(-21.7166933768862,14.7128766565393,0.199999999999998));
#5845=CARTESIAN_POINT('',(-21.7544323619716,14.5669518965504,0.200000000000006));
#5846=CARTESIAN_POINT('',(-22.7099333843634,10.8723306170846,10.7020013893889));
#5847=CARTESIAN_POINT('',(-23.9843707660753,5.94448296496174,0.2));
#5848=CARTESIAN_POINT('',(-23.5806793476205,7.50543043650167,0.2));
#5849=CARTESIAN_POINT('',(-23.5806793476175,7.50543043650473,8.41728183570445));
#5850=CARTESIAN_POINT('',(-23.5806793476177,7.50543043650456,7.80000000000514));
#5851=CARTESIAN_POINT('',(-22.0756338948953,13.324966811521,7.80000000000482));
#5852=CARTESIAN_POINT('',(-21.741786188121,10.621948895694,7.80000000000463));
#5853=CARTESIAN_POINT('',(-20.9122699980632,13.8294265389602,7.80000000000445));
#5854=CARTESIAN_POINT('',(21.7417861879602,10.6219488957854,7.8));
#5855=CARTESIAN_POINT('',(20.9122699978584,13.829426539166,7.8));
#5856=CARTESIAN_POINT('',(26.7944645539126,1.98076407804745,2.202));
#5857=CARTESIAN_POINT('',(26.7944645539126,2.46195060887325,2.202));
#5858=CARTESIAN_POINT('',(26.7944645539126,2.46195060887325,0.2));
#5859=CARTESIAN_POINT('',(26.7944645539126,2.46195060887323,8.4));
#5860=CARTESIAN_POINT('',(26.7944645539126,-5.08875653788719,8.4));
#5861=CARTESIAN_POINT('',(26.7944645539126,-4.83038871186381,8.4));
#5862=CARTESIAN_POINT('',(26.7944645539126,-1.32898418971036,2.97919420379139));
#5863=CARTESIAN_POINT('',(26.7944645539126,0.466151721615576,0.2));
#5864=CARTESIAN_POINT('',(26.7944645539126,-0.258655469337042,0.2));
#5865=CARTESIAN_POINT('',(-26.7920438964218,1.98076407804745,2.20200000000021));
#5866=CARTESIAN_POINT('',(-26.7920438964218,-0.000409633591754977,0.922321137872946));
#5867=CARTESIAN_POINT('',(-26.7920438964218,0.466151721615675,0.2));
#5868=CARTESIAN_POINT('',(-26.7920438964218,-4.83038871186375,8.4));
#5869=CARTESIAN_POINT('',(-26.7920438964218,1.98076407804745,8.4));
#5870=CARTESIAN_POINT('',(-26.7920438964218,2.46437126636298,8.4));
#5871=CARTESIAN_POINT('',(-26.7920438964218,2.46437126636296,2.20200000000021));
#5872=CARTESIAN_POINT('',(-26.7920438964218,2.46437126636296,0.2));
#5873=CARTESIAN_POINT('',(-26.7920438964218,-0.258655469337043,0.2));
#5874=CARTESIAN_POINT('',(-20.6534345216043,-8.41916981142979,2.2));
#5875=CARTESIAN_POINT('',(-16.4161159734471,-10.2724803944494,-1.21862386320705));
#5876=CARTESIAN_POINT('',(-15.8920603124361,-11.6911042576564,0.2));
#5877=CARTESIAN_POINT('',(-12.9253357757634,-19.7220569529601,8.23095269530372));
#5878=CARTESIAN_POINT('',(-22.5994413174169,-10.4494341121122,8.23095269530372));
#5879=CARTESIAN_POINT('',(-13.7487608167107,-18.9328046743347,8.23095269530372));
#5880=CARTESIAN_POINT('',(-22.5994413174169,-10.4494341121122,8.23095269530372));
#5881=CARTESIAN_POINT('',(-25.6734513005824,-7.50299786948857,8.23095269530372));
#5882=CARTESIAN_POINT('',(-25.6734513005824,-5.02399534437633,4.3930096150568));
#5883=CARTESIAN_POINT('',(-25.6734066815172,-2.31560180263831,0.2));
#5884=CARTESIAN_POINT('',(-13.3198897648676,-14.1565277810247,0.2));
#5885=CARTESIAN_POINT('',(20.6558551790951,-8.41916981142983,2.2));
#5886=CARTESIAN_POINT('',(12.9495367400868,-19.7627172531988,8.32622261927639));
#5887=CARTESIAN_POINT('',(12.9488170083096,-19.7314494971565,8.2767464613538));
#5888=CARTESIAN_POINT('',(12.9480972765323,-19.7001817411142,8.22727030343121));
#5889=CARTESIAN_POINT('',(12.947377544755,-19.668913985072,8.17779414550862));
#5890=CARTESIAN_POINT('',(13.3223104223584,-14.1565277810247,0.2));
#5891=CARTESIAN_POINT('',(25.675871958073,-2.31564839753295,0.2));
#5892=CARTESIAN_POINT('',(25.6758719580731,-7.55492122681679,8.31133941856931));
#5893=CARTESIAN_POINT('',(25.6758719580731,-7.50299786948861,8.23095269530372));
#5894=CARTESIAN_POINT('',(22.6018619749076,-10.4494341121123,8.23095269530372));
#5895=CARTESIAN_POINT('',(-25.2899644310615,5.2090914188426,27.2));
#5896=CARTESIAN_POINT('',(-25.9133642399814,4.58569160992267,27.2));
#5897=CARTESIAN_POINT('',(-25.9133642399815,4.5856916099226,0.2));
#5898=CARTESIAN_POINT('',(-25.9133642399815,4.58569160992263,8.4));
#5899=CARTESIAN_POINT('',(-25.2899644310615,5.2090914188426,8.4));
#5900=CARTESIAN_POINT('',(-24.3007493386832,6.19830651122095,8.4));
#5901=CARTESIAN_POINT('',(-18.7909496545035,11.7081061954006,7.80000000000445));
#5902=CARTESIAN_POINT('',(-24.3638005927875,6.1352552571166,7.80000000000594));
#5903=CARTESIAN_POINT('',(-24.3638005927896,6.13525525711451,2.20000000000043));
#5904=CARTESIAN_POINT('',(-24.3638005927903,6.13525525711377,0.2));
#5905=CARTESIAN_POINT('',(-15.3782504952479,15.1208053546562,0.2));
#5906=CARTESIAN_POINT('',(25.2899644310625,5.20909141884259,27.2));
#5907=CARTESIAN_POINT('',(18.7909496542987,11.7081061956064,7.8));
#5908=CARTESIAN_POINT('',(24.3638005926224,6.13525525728268,7.80000000000028));
#5909=CARTESIAN_POINT('',(24.3007493385166,6.19830651138846,8.4));
#5910=CARTESIAN_POINT('',(25.9157848974722,4.58327095243287,8.4));
#5911=CARTESIAN_POINT('',(25.9157848974722,4.58327095243287,8.4));
#5912=CARTESIAN_POINT('',(25.9157848974722,4.58327095243282,27.2));
#5913=CARTESIAN_POINT('',(25.9157848974722,4.58327095243289,0.2));
#5914=CARTESIAN_POINT('',(15.3794608239937,15.1195950259113,0.2));
#5915=CARTESIAN_POINT('',(24.3638005926231,6.135255257282,0.2));
#5916=CARTESIAN_POINT('',(24.3638005926208,6.13525525728432,27.2));
#5917=CARTESIAN_POINT('',(-26.4851209363399,8.25657560068348,27.1999999999993));
#5918=CARTESIAN_POINT('',(-26.48512093635,8.25657560067341,0.2));
#5919=CARTESIAN_POINT('',(-26.4851209363472,8.25657560067624,7.80000000000594));
#5920=CARTESIAN_POINT('',(-23.5806793476176,7.50543043650454,7.80000000000511));
#5921=CARTESIAN_POINT('',(-23.7854643083721,6.71359154153195,7.80000000000551));
#5922=CARTESIAN_POINT('',(-24.3638005927875,6.13525525711664,7.80000000000599));
#5923=CARTESIAN_POINT('',(-23.5806793494002,7.50543042961179,7.9185832981476));
#5924=CARTESIAN_POINT('',(-23.785464313889,6.71359153602099,8.08323729004224));
#5925=CARTESIAN_POINT('',(-24.363800598631,6.13525525127306,8.27433319257349));
#5926=CARTESIAN_POINT('',(-23.4640064106343,7.78193943696516,8.16203840926861));
#5927=CARTESIAN_POINT('',(-23.5488655083059,6.95019034159559,8.67358401832964));
#5928=CARTESIAN_POINT('',(-24.1201344966962,6.37892135320789,9.2481536370325));
#5929=CARTESIAN_POINT('',(-22.9571889129557,8.98307144328458,8.47412830661185));
#5930=CARTESIAN_POINT('',(-22.5358649432288,7.9631909066756,9.31368907970331));
#5931=CARTESIAN_POINT('',(-23.0616693235926,7.43738652631154,10.4965132265333));
#5932=CARTESIAN_POINT('',(-22.3680377616991,10.3793300743262,8.64884202598888));
#5933=CARTESIAN_POINT('',(-21.4060081903623,9.09304765954321,9.48173007599444));
#5934=CARTESIAN_POINT('',(-21.8312540773166,8.6678017725875,11.1953681036476));
#5935=CARTESIAN_POINT('',(-21.8862232040085,11.5212063704133,8.73518236123079));
#5936=CARTESIAN_POINT('',(-20.5123600146029,9.98669583529846,9.41491100218837));
#5937=CARTESIAN_POINT('',(-20.8250064002085,9.67404944969566,11.5407294454185));
#5938=CARTESIAN_POINT('',(-21.6110512042181,12.1733501860117,8.76667132606528));
#5939=CARTESIAN_POINT('',(-20.0137211696156,10.4853346802947,9.3037980979699));
#5940=CARTESIAN_POINT('',(-20.2503222581477,10.2487335917564,11.6666853031218));
#5941=CARTESIAN_POINT('',(-21.4673736954186,12.5138586636187,8.77812288420761));
#5942=CARTESIAN_POINT('',(-19.7603289755032,10.7387268744009,9.22414236720471));
#5943=CARTESIAN_POINT('',(-19.9502583494639,10.5487975004402,11.7124915368169));
#5944=CARTESIAN_POINT('',(-24.3007493386832,6.19830651122095,8.4));
#5945=CARTESIAN_POINT('',(-23.8840603453194,6.61499550458473,8.42132733432747));
#5946=CARTESIAN_POINT('',(-23.3332039589035,7.62141542770135,8.52814817161385));
#5947=CARTESIAN_POINT('',(-22.6744989769247,9.22883395789479,8.68027761624256));
#5948=CARTESIAN_POINT('',(-22.0421577452718,10.8447931420372,8.75370809986073));
#5949=CARTESIAN_POINT('',(-21.6306923911774,11.9283466836778,8.78141415029089));
#5950=CARTESIAN_POINT('',(-21.4255353804535,12.4702522989692,8.78970488668432));
#5951=CARTESIAN_POINT('',(-21.4255353804526,12.4702522989701,8.78970488668445));
#5952=CARTESIAN_POINT('',(-22.0715786930236,12.6701178439998,11.7124915368169));
#5953=CARTESIAN_POINT('',(-21.7729481482077,12.9687483888157,7.80000000000227));
#5954=CARTESIAN_POINT('',(-21.4255353804447,12.4702522989659,8.78970488668421));
#5955=CARTESIAN_POINT('',(-21.4206910516064,12.478933275259,8.79018204029086));
#5956=CARTESIAN_POINT('',(-21.4155583444843,12.4874428168948,8.79060012443384));
#5957=CARTESIAN_POINT('',(-21.4101119939252,12.4957658353987,8.79095536944836));
#5958=CARTESIAN_POINT('',(-21.4101119939255,12.4957658353988,8.79095536944835));
#5959=CARTESIAN_POINT('',(-21.4101119939255,12.4957658353987,8.79095536944836));
#5960=CARTESIAN_POINT('',(-21.3618614508334,12.5695014788582,8.7941025713583));
#5961=CARTESIAN_POINT('',(-21.3133147323997,12.6434783620328,8.78614875766172));
#5962=CARTESIAN_POINT('',(-21.2659720295509,12.7152603294873,8.76733851560973));
#5963=CARTESIAN_POINT('',(-23.7920438964218,2.46437126636296,2.20200000000019));
#5964=CARTESIAN_POINT('',(-23.7920438964218,2.46437126636298,8.4));
#5965=CARTESIAN_POINT('',(-23.7920438964218,2.46437126636296,0.2));
#5966=CARTESIAN_POINT('',(26.4851209361818,8.25657560084254,10.7020013893846));
#5967=CARTESIAN_POINT('',(26.4851209361827,8.25657560084164,0.2));
#5968=CARTESIAN_POINT('',(26.485120936182,8.25657560084229,7.80000000000028));
#5969=CARTESIAN_POINT('',(24.3638005926224,6.13525525728272,7.80000000000033));
#5970=CARTESIAN_POINT('',(23.7854643082118,6.71359154169326,7.8000000000002));
#5971=CARTESIAN_POINT('',(23.5806793474557,7.50543043665843,7.80000000000008));
#5972=CARTESIAN_POINT('',(24.3638005984692,6.13525525143585,8.27433319256024));
#5973=CARTESIAN_POINT('',(23.7854643137328,6.71359153617426,8.08323729003179));
#5974=CARTESIAN_POINT('',(23.5806793492393,7.50543042976182,7.91858329814006));
#5975=CARTESIAN_POINT('',(24.1201344965397,6.37892135336539,9.24815363699149));
#5976=CARTESIAN_POINT('',(23.5488655081534,6.95019034175073,8.67358401830366));
#5977=CARTESIAN_POINT('',(23.4640064104757,7.78193943710976,8.16203840925506));
#5978=CARTESIAN_POINT('',(23.0616693234783,7.43738652642684,10.4965132264757));
#5979=CARTESIAN_POINT('',(22.5358649431173,7.96319090678817,9.3136890796753));
#5980=CARTESIAN_POINT('',(22.9571889128127,8.98307144338248,8.47412830659379));
#5981=CARTESIAN_POINT('',(21.8312540772303,8.66780177267481,11.195368103597));
#5982=CARTESIAN_POINT('',(21.4060081902695,9.09304765963518,9.48173007598674));
#5983=CARTESIAN_POINT('',(22.3680377615633,10.3793300743941,8.64884202597286));
#5984=CARTESIAN_POINT('',(20.8250064001471,9.67404944975802,11.5407294453766));
#5985=CARTESIAN_POINT('',(20.512360014535,9.98669583537071,9.41491100219859));
#5986=CARTESIAN_POINT('',(21.8862232038824,11.5212063704538,8.73518236121665));
#5987=CARTESIAN_POINT('',(20.2503222581088,10.2487335917963,11.6666853030869));
#5988=CARTESIAN_POINT('',(20.0137211695491,10.4853346803546,9.30379809800588));
#5989=CARTESIAN_POINT('',(21.6110512040961,12.1733501860281,8.76667132605365));
#5990=CARTESIAN_POINT('',(19.9502583494343,10.5487975004709,11.7124915367869));
#5991=CARTESIAN_POINT('',(19.7603289754517,10.7387268744534,9.22414236724624));
#5992=CARTESIAN_POINT('',(21.4673736953026,12.5138586636245,8.77812288419672));
#5993=CARTESIAN_POINT('',(22.0715786929939,12.6701178440304,11.7124915367868));
#5994=CARTESIAN_POINT('',(21.4255353803176,12.4702522989555,8.7897048866808));
#5995=CARTESIAN_POINT('',(21.4255353803176,12.4702522989555,8.78970488668081));
#5996=CARTESIAN_POINT('',(21.63055914358,11.9286986460602,8.78141953503831));
#5997=CARTESIAN_POINT('',(22.0413427360805,10.8466258001853,8.7537799842119));
#5998=CARTESIAN_POINT('',(22.6738222870119,9.23157608314571,8.68037056993759));
#5999=CARTESIAN_POINT('',(23.3275101498874,7.63148871832081,8.52922328608206));
#6000=CARTESIAN_POINT('',(23.8873700227439,6.61168582716113,8.42115793556361));
#6001=CARTESIAN_POINT('',(24.3007493385166,6.19830651138846,8.4));
#6002=CARTESIAN_POINT('',(21.7729481481371,12.9687483888872,7.8));
#6003=CARTESIAN_POINT('',(21.4101119937873,12.4957658354057,8.79095536944593));
#6004=CARTESIAN_POINT('',(21.3618614506871,12.5695014788713,8.79410257135614));
#6005=CARTESIAN_POINT('',(21.3133147284027,12.6434783596797,8.78614875827835));
#6006=CARTESIAN_POINT('',(21.2659720294056,12.7152603295215,8.76733851559781));
#6007=CARTESIAN_POINT('',(21.4101119937873,12.4957658354057,8.79095536944592));
#6008=CARTESIAN_POINT('',(21.4101119937873,12.4957658354057,8.79095536944592));
#6009=CARTESIAN_POINT('',(21.4155583443505,12.4874428168962,8.79060012443115));
#6010=CARTESIAN_POINT('',(21.4206910514757,12.4789332752546,8.79018204028787));
#6011=CARTESIAN_POINT('',(21.4255353803174,12.4702522989553,8.78970488668081));
#6012=CARTESIAN_POINT('',(23.7944645539126,2.46195060887317,27.2));
#6013=CARTESIAN_POINT('',(23.7944645539126,2.46195060887323,8.4));
#6014=CARTESIAN_POINT('',(23.7944645539126,2.46195060887325,0.2));
#6015=CARTESIAN_POINT('',(23.7944645539126,-3.06112743665577,5.66086440027886));
#6016=CARTESIAN_POINT('',(23.7944645539126,-4.8303887118638,8.4));
#6017=CARTESIAN_POINT('',(25.6758719580731,-2.31564839753295,0.199999999999998));
#6018=CARTESIAN_POINT('',(25.8333348283681,-2.16472035551429,0.199999999999998));
#6019=CARTESIAN_POINT('',(26.0619838363069,-1.89978380647604,0.199455294200884));
#6020=CARTESIAN_POINT('',(26.2986758952639,-1.50785259416588,0.19971782915239));
#6021=CARTESIAN_POINT('',(26.4164208570438,-1.27484203201747,0.19992410354985));
#6022=CARTESIAN_POINT('',(26.5097275029866,-1.05628695808738,0.20005835601194));
#6023=CARTESIAN_POINT('',(26.5470962578517,-0.95541189547423,0.199842472402324));
#6024=CARTESIAN_POINT('',(26.6179950467206,-0.750210187080304,0.199226235464039));
#6025=CARTESIAN_POINT('',(26.7283694587207,-0.350062793732202,0.198166669062296));
#6026=CARTESIAN_POINT('',(26.7944645539125,0.112955671888091,0.200000000000004));
#6027=CARTESIAN_POINT('',(26.7944645539125,0.466151721615583,0.200000000000006));
#6028=CARTESIAN_POINT('',(-23.7920438964218,-0.000409633591754977,0.922321137872939));
#6029=CARTESIAN_POINT('',(-23.7920438964218,-4.83038871186376,8.4));
#6030=CARTESIAN_POINT('',(-26.7920438964219,0.466151721615676,0.200000000000001));
#6031=CARTESIAN_POINT('',(-26.7920438964219,0.113056445740409,0.2));
#6032=CARTESIAN_POINT('',(-26.7259852365171,-0.349885568109458,0.198165010342841));
#6033=CARTESIAN_POINT('',(-26.6156114769273,-0.750088489056716,0.199222371689483));
#6034=CARTESIAN_POINT('',(-26.5447027968285,-0.955338697777119,0.199839817968666));
#6035=CARTESIAN_POINT('',(-26.5072953008681,-1.05631536430947,0.200057782683207));
#6036=CARTESIAN_POINT('',(-26.4140191815971,-1.27480160482565,0.199929051298525));
#6037=CARTESIAN_POINT('',(-26.2962885179369,-1.50779722304814,0.19972520786979));
#6038=CARTESIAN_POINT('',(-26.0596212605287,-1.89970649428868,0.199461614482514));
#6039=CARTESIAN_POINT('',(-25.8309525119204,-2.16468360565352,0.199999999999998));
#6040=CARTESIAN_POINT('',(-25.6734513005824,-2.31564839753288,0.199999999999998));
#6041=CARTESIAN_POINT('',(-12.1288856099823,-14.8221990584223,6.56181749370854));
#6042=CARTESIAN_POINT('',(-11.4498402524513,-16.6603815647137,8.4));
#6043=CARTESIAN_POINT('',(-15.8920603124361,-11.6911042576564,0.199999999999997));
#6044=CARTESIAN_POINT('',(-15.1629514509913,-12.3899545496021,0.199999999999999));
#6045=CARTESIAN_POINT('',(-14.3651090739179,-12.703022251833,0.199999999999998));
#6046=CARTESIAN_POINT('',(-13.6953731016088,-12.703022251833,0.199999999999997));
#6047=CARTESIAN_POINT('',(21.4101119937873,12.4957658354057,8.79095536944592));
#6048=CARTESIAN_POINT('',(21.3718303462128,12.4789634121913,8.8));
#6049=CARTESIAN_POINT('',(21.3326630646597,12.4617722701557,8.8));
#6050=CARTESIAN_POINT('',(21.3619501174936,12.5693659835682,8.79409678762491));
#6051=CARTESIAN_POINT('',(21.3361633811402,12.5584695777991,8.79853338581619));
#6052=CARTESIAN_POINT('',(21.3101103653753,12.5474101647719,8.8));
#6053=CARTESIAN_POINT('',(21.3135607665044,12.6430778909687,8.78625369986269));
#6054=CARTESIAN_POINT('',(21.300654999606,12.6377895838944,8.78762125025109));
#6055=CARTESIAN_POINT('',(21.2877492464933,12.6325101915605,8.78902293273387));
#6056=CARTESIAN_POINT('',(21.2659720294056,12.7152603295215,8.76733851559783));
#6057=CARTESIAN_POINT('',(21.2659720294056,12.7152603295215,8.76733851559783));
#6058=CARTESIAN_POINT('',(21.2659720294056,12.7152603295215,8.76733851559783));
#6059=CARTESIAN_POINT('',(21.3326630646597,12.4617722701557,8.4));
#6060=CARTESIAN_POINT('',(21.4255353803177,12.4702522989555,8.7897048866808));
#6061=CARTESIAN_POINT('',(21.3830273092304,12.4571016345476,8.8));
#6062=CARTESIAN_POINT('',(21.3393962719609,12.4436035596122,8.8));
#6063=CARTESIAN_POINT('',(21.4207807733405,12.478772704614,8.79017318857371));
#6064=CARTESIAN_POINT('',(21.3796507860416,12.4644566927723,8.79999999999999));
#6065=CARTESIAN_POINT('',(21.3374846332675,12.4497831165625,8.8));
#6066=CARTESIAN_POINT('',(21.415664838275,12.4872798447831,8.7905931982256));
#6067=CARTESIAN_POINT('',(21.3759425988509,12.4717497869229,8.80000000000002));
#6068=CARTESIAN_POINT('',(21.3352632155471,12.4558478713975,8.8));
#6069=CARTESIAN_POINT('',(21.4101119937873,12.4957658354057,8.79095536944592));
#6070=CARTESIAN_POINT('',(21.3718303462129,12.4789634121913,8.8));
#6071=CARTESIAN_POINT('',(21.3326630646598,12.4617722701557,8.8));
#6072=CARTESIAN_POINT('',(21.3393962719609,12.4436035596122,8.4));
#6073=CARTESIAN_POINT('',(24.3007493385166,6.19830651138846,8.4));
#6074=CARTESIAN_POINT('',(24.3007493385166,6.19830651138846,8.8));
#6075=CARTESIAN_POINT('',(24.017906626042,5.91546379891384,8.8));
#6076=CARTESIAN_POINT('',(23.9224200343429,6.57663581556213,8.41936397107926));
#6077=CARTESIAN_POINT('',(23.917992275477,6.55432597171197,8.80000000000109));
#6078=CARTESIAN_POINT('',(23.593772187863,6.33959825635775,8.8));
#6079=CARTESIAN_POINT('',(23.3753455126902,7.51863769260271,8.51510830004706));
#6080=CARTESIAN_POINT('',(23.3263198507884,7.38762963851876,8.79999999999954));
#6081=CARTESIAN_POINT('',(22.9997057171246,7.38124903518317,8.80000000000001));
#6082=CARTESIAN_POINT('',(22.4796099896443,9.70246787758896,8.72862200749295));
#6083=CARTESIAN_POINT('',(22.393495340851,9.54253124737572,8.80000000000025));
#6084=CARTESIAN_POINT('',(22.2219139059511,9.61888147721806,8.79999999999999));
#6085=CARTESIAN_POINT('',(21.8455252914228,11.3608829885275,8.77273239519191));
#6086=CARTESIAN_POINT('',(21.7736046132897,11.3250452699448,8.79999999999987));
#6087=CARTESIAN_POINT('',(21.6893784812608,11.3123246978023,8.8));
#6088=CARTESIAN_POINT('',(21.4255353803176,12.4702522989555,8.78970488668081));
#6089=CARTESIAN_POINT('',(21.3830273092303,12.4571016345476,8.8));
#6090=CARTESIAN_POINT('',(21.3393962719608,12.4436035596121,8.8));
#6091=CARTESIAN_POINT('',(24.017906626042,5.91546379891384,8.4));
#6092=CARTESIAN_POINT('',(25.0071217185879,4.92624870636798,8.4));
#6093=CARTESIAN_POINT('',(25.6329421849976,4.30042823995825,8.4));
#6094=CARTESIAN_POINT('',(23.7944645539126,2.46195060887323,8.4));
#6095=CARTESIAN_POINT('',(26.3944645539126,2.46195060887323,8.4));
#6096=CARTESIAN_POINT('',(26.3944645539126,1.98076407804745,8.4));
#6097=CARTESIAN_POINT('',(26.3944645539126,-4.83038871186381,8.4));
#6098=CARTESIAN_POINT('',(26.3944645539126,-4.83038871186379,8.8));
#6099=CARTESIAN_POINT('',(26.7944645539126,-4.83038871186379,8.8));
#6100=CARTESIAN_POINT('',(26.7944645539126,-4.83038871186379,8.4));
#6101=CARTESIAN_POINT('',(26.3944645539014,-5.75165438536083,8.8));
#6102=CARTESIAN_POINT('',(26.8647361510398,-5.94137106982916,8.80000000000514));
#6103=CARTESIAN_POINT('',(26.7944645539126,-5.85166283299169,8.33540258700381));
#6104=CARTESIAN_POINT('',(26.0277919170683,-6.6635234576409,8.8));
#6105=CARTESIAN_POINT('',(26.4912536595308,-6.99042395532677,8.79999999999939));
#6106=CARTESIAN_POINT('',(26.3713807421748,-6.86252030025261,8.27146404597105));
#6107=CARTESIAN_POINT('',(25.4250176375183,-7.24128214845919,8.8));
#6108=CARTESIAN_POINT('',(25.8594863848518,-7.69456236791753,8.8));
#6109=CARTESIAN_POINT('',(25.6758719580731,-7.50299786948861,8.23095269530372));
#6110=CARTESIAN_POINT('',(25.4250176375183,-7.2412821484592,8.4));
#6111=CARTESIAN_POINT('',(10.4493697258933,-21.5954293390114,8.4));
#6112=CARTESIAN_POINT('',(-15.6553471758401,-16.6031836944595,8.4));
#6113=CARTESIAN_POINT('',(-12.6744814552087,-19.4603412319308,8.4));
#6114=CARTESIAN_POINT('',(-25.4225969800277,-7.24128214845916,8.4));
#6115=CARTESIAN_POINT('',(-25.4225969800276,-7.24128214845917,8.8));
#6116=CARTESIAN_POINT('',(-25.8570657273611,-7.6945623679175,8.8));
#6117=CARTESIAN_POINT('',(-25.6734513005824,-7.50299786948858,8.23095269530372));
#6118=CARTESIAN_POINT('',(-26.0253712595792,-6.66352345764033,8.8));
#6119=CARTESIAN_POINT('',(-26.4888330020388,-6.99042395532463,8.80000000000021));
#6120=CARTESIAN_POINT('',(-26.3689600846865,-6.86252030025136,8.27146404597273));
#6121=CARTESIAN_POINT('',(-26.3920438964107,-5.75165438536081,8.8));
#6122=CARTESIAN_POINT('',(-26.8623154935517,-5.9413710698316,8.80000000000514));
#6123=CARTESIAN_POINT('',(-26.7920438964218,-5.85166283299327,8.33540258700381));
#6124=CARTESIAN_POINT('',(-26.3920438964218,-4.83038871186377,8.8));
#6125=CARTESIAN_POINT('',(-26.7920438964219,-4.83038871186377,8.8));
#6126=CARTESIAN_POINT('',(-26.7920438964219,-4.83038871186377,8.4));
#6127=CARTESIAN_POINT('',(-26.3920438964218,-4.83038871186375,8.4));
#6128=CARTESIAN_POINT('',(-26.3920438964218,-5.48181172713489,8.4));
#6129=CARTESIAN_POINT('',(-26.3920438964218,2.46437126636298,8.4));
#6130=CARTESIAN_POINT('',(-23.7920438964218,2.46437126636298,8.4));
#6131=CARTESIAN_POINT('',(-25.6305215275069,4.302848897448,8.4));
#6132=CARTESIAN_POINT('',(-20.2053513566437,9.72801906831125,8.4));
#6133=CARTESIAN_POINT('',(-24.0179066262085,5.91546379874633,8.4));
#6134=CARTESIAN_POINT('',(-21.425535380453,12.4702522989705,8.78970488668434));
#6135=CARTESIAN_POINT('',(-21.3830273093725,12.4571016345656,8.8));
#6136=CARTESIAN_POINT('',(-21.3393962721102,12.4436035596333,8.8));
#6137=CARTESIAN_POINT('',(-21.8463528723627,11.3586970006815,8.77269895129183));
#6138=CARTESIAN_POINT('',(-21.7743826142891,11.3227902978511,8.80000000000075));
#6139=CARTESIAN_POINT('',(-21.690068113592,11.3100955376494,8.8));
#6140=CARTESIAN_POINT('',(-22.479339326816,9.70015873085551,8.72887175110751));
#6141=CARTESIAN_POINT('',(-22.3941805821269,9.53717612876178,8.7999999999998));
#6142=CARTESIAN_POINT('',(-22.2209586454565,9.6169129547811,8.8));
#6143=CARTESIAN_POINT('',(-23.3838817419397,7.5025362800207,8.51329214948902));
#6144=CARTESIAN_POINT('',(-23.3354282972673,7.37238555993081,8.8000000000001));
#6145=CARTESIAN_POINT('',(-23.0083163805798,7.36406449521911,8.8));
#6146=CARTESIAN_POINT('',(-23.92010796334,6.5789478865641,8.41948230976306));
#6147=CARTESIAN_POINT('',(-23.9157087567145,6.55644997799209,8.79999999999987));
#6148=CARTESIAN_POINT('',(-23.5911801918102,6.34219025695431,8.8));
#6149=CARTESIAN_POINT('',(-24.3007493386832,6.19830651122095,8.4));
#6150=CARTESIAN_POINT('',(-24.3007493386832,6.19830651122095,8.8));
#6151=CARTESIAN_POINT('',(-24.0179066262086,5.91546379874633,8.8));
#6152=CARTESIAN_POINT('',(-21.3393962721107,12.443603559632,8.4));
#6153=CARTESIAN_POINT('',(-21.4101119939255,12.4957658353987,8.79095536944835));
#6154=CARTESIAN_POINT('',(-21.3718303463549,12.478963412189,8.8));
#6155=CARTESIAN_POINT('',(-21.3326630648061,12.4617722701583,8.8));
#6156=CARTESIAN_POINT('',(-21.4156648384087,12.4872798447828,8.79059319822825));
#6157=CARTESIAN_POINT('',(-21.3759425989895,12.4717497869263,8.8));
#6158=CARTESIAN_POINT('',(-21.3352632156912,12.4558478714047,8.8));
#6159=CARTESIAN_POINT('',(-21.4207807734819,12.4787727045992,8.79017318857555));
#6160=CARTESIAN_POINT('',(-21.3796507861856,12.4644566927631,8.8));
#6161=CARTESIAN_POINT('',(-21.3374846334145,12.4497831165591,8.8));
#6162=CARTESIAN_POINT('',(-21.4255353804422,12.4702522989704,8.78970488668446));
#6163=CARTESIAN_POINT('',(-21.3830273093624,12.4571016345641,8.8));
#6164=CARTESIAN_POINT('',(-21.3393962721009,12.4436035596303,8.8));
#6165=CARTESIAN_POINT('',(-21.3326630648061,12.4617722701583,8.4));
#6166=CARTESIAN_POINT('',(-21.332663064806,12.4617722701583,8.8));
#6167=CARTESIAN_POINT('',(-21.3718303463549,12.478963412189,8.8));
#6168=CARTESIAN_POINT('',(-21.4101119939254,12.4957658353987,8.79095536944835));
#6169=CARTESIAN_POINT('',(-21.31011036553,12.5474101647676,8.8));
#6170=CARTESIAN_POINT('',(-21.3361633812927,12.5584695777896,8.79853338581698));
#6171=CARTESIAN_POINT('',(-21.3619501176435,12.5693659835531,8.79409678762648));
#6172=CARTESIAN_POINT('',(-21.2877492491642,12.6325101931602,8.78902293231304));
#6173=CARTESIAN_POINT('',(-21.3006550024162,12.6377895873569,8.78762125964342));
#6174=CARTESIAN_POINT('',(-21.3135607694529,12.6430778912401,8.78625369979038));
#6175=CARTESIAN_POINT('',(-21.2659720295509,12.715260329487,8.76733851560867));
#6176=CARTESIAN_POINT('',(-21.265972029551,12.715260329487,8.76733851560867));
#6177=CARTESIAN_POINT('',(-21.265972029551,12.715260329487,8.76733851560867));
#6178=CARTESIAN_POINT('',(0.00121059774014359,-7.40740395356887E-12,0.6));
#6179=CARTESIAN_POINT('',(-21.7487894022598,-1.47571456525188E-11,0.6));
#6180=CARTESIAN_POINT('',(-21.7487894022598,-1.47571456525188E-11,0.6));
#6181=CARTESIAN_POINT('',(-21.7487894022598,-1.47571456525188E-11,0.2));
#6182=CARTESIAN_POINT('',(-24.6487894022598,-1.47571456525188E-11,0.2));
#6183=CARTESIAN_POINT('',(0.00121059774014359,-7.40740395356887E-12,0.6));
#6184=CARTESIAN_POINT('',(21.7512105977401,-5.7098917091337E-14,0.6));
#6185=CARTESIAN_POINT('',(21.7512105977401,-5.7098917091337E-14,0.6));
#6186=CARTESIAN_POINT('',(21.7512105977401,-5.7098917091337E-14,0.2));
#6187=CARTESIAN_POINT('',(18.8512105977401,-5.7098917091337E-14,0.2));
#6188=CARTESIAN_POINT('',(15.9082198504954,-11.6811046662247,0.202514727221054));
#6189=CARTESIAN_POINT('',(15.744423179821,-11.8392502694582,0.202514727221054));
#6190=CARTESIAN_POINT('',(15.5736689227323,-11.9816989399827,0.202514727221054));
#6191=CARTESIAN_POINT('',(14.996953475485,-12.3907494558111,0.202514727221054));
#6192=CARTESIAN_POINT('',(14.5718409312062,-12.5804712709524,0.202514727221054));
#6193=CARTESIAN_POINT('',(13.9962819774977,-12.6914903761073,0.202514727221054));
#6194=CARTESIAN_POINT('',(13.8388170277528,-12.7062458729464,0.202514727221054));
#6195=CARTESIAN_POINT('',(13.6842998158054,-12.7052614840614,0.202514727221054));
#6196=CARTESIAN_POINT('',(15.9064731984574,-11.6792947911458,0.2));
#6197=CARTESIAN_POINT('',(15.7427625244819,-11.8373574842773,0.2));
#6198=CARTESIAN_POINT('',(15.5721047533963,-11.9797253158397,0.2));
#6199=CARTESIAN_POINT('',(14.9957488837334,-12.3885207918739,0.2));
#6200=CARTESIAN_POINT('',(14.5709596184302,-12.578080184885,0.2));
#6201=CARTESIAN_POINT('',(13.9959599022547,-12.6889914191844,0.2));
#6202=CARTESIAN_POINT('',(13.8386616719871,-12.7037316401274,0.2));
#6203=CARTESIAN_POINT('',(13.6843167193594,-12.7027489405567,0.2));
#6204=CARTESIAN_POINT('',(15.6269419770462,-11.3896454618078,-0.202452667335417));
#6205=CARTESIAN_POINT('',(15.4769940684993,-11.5344393632174,-0.202452667335417));
#6206=CARTESIAN_POINT('',(15.3217777532406,-11.6638698647848,-0.202452667335417));
#6207=CARTESIAN_POINT('',(14.8029680686209,-12.0318492059377,-0.202452667335417));
#6208=CARTESIAN_POINT('',(14.4299158207138,-12.1954148375004,-0.202452667335417));
#6209=CARTESIAN_POINT('',(13.9444155281676,-12.2890626035406,-0.202452667335417));
#6210=CARTESIAN_POINT('',(13.8137987994878,-12.3013580960625,-0.202452667335417));
#6211=CARTESIAN_POINT('',(13.6870219353934,-12.300645751479,-0.202452667335417));
#6212=CARTESIAN_POINT('',(15.6174627280949,-11.4021712552547,-0.200000001626709));
#6213=CARTESIAN_POINT('',(15.3542661834477,-11.6545423749743,-0.200000001626709));
#6214=CARTESIAN_POINT('',(14.7758507279738,-12.0876395344946,-0.199999999186646));
#6215=CARTESIAN_POINT('',(14.0663084993494,-12.3030569026936,-0.2));
#6216=CARTESIAN_POINT('',(13.6977937783665,-12.3031256016218,-0.2));
#6217=CARTESIAN_POINT('',(15.6174627269692,-11.4021712540808,-0.2));
#6218=CARTESIAN_POINT('',(15.8944132825945,-11.6910336784554,0.199902209418319));
#6219=CARTESIAN_POINT('',(15.8021283344619,-11.5947794887632,0.0665553671257064));
#6220=CARTESIAN_POINT('',(15.7098433863294,-11.498525299071,-0.0667914751669062));
#6221=CARTESIAN_POINT('',(15.6175584381968,-11.4022711093788,-0.200138317459519));
#6222=CARTESIAN_POINT('',(-13.682094010389,-12.7052465045462,0.202498377604927));
#6223=CARTESIAN_POINT('',(-13.8365412525755,-12.7062158507135,0.202498377604927));
#6224=CARTESIAN_POINT('',(-13.9939327502129,-12.6914599469997,0.202498377604927));
#6225=CARTESIAN_POINT('',(-14.5694145438194,-12.5804557251953,0.202498377604927));
#6226=CARTESIAN_POINT('',(-14.9945249862848,-12.3907349660484,0.202498377604927));
#6227=CARTESIAN_POINT('',(-15.5712376796695,-11.9816864034696,0.202498377604927));
#6228=CARTESIAN_POINT('',(-15.7419909151805,-11.8392386394237,0.202498377604927));
#6229=CARTESIAN_POINT('',(-15.9057866711083,-11.6810940249681,0.202498377604927));
#6230=CARTESIAN_POINT('',(-13.6821105662281,-12.7027502941494,0.2));
#6231=CARTESIAN_POINT('',(-13.8363867534148,-12.7037179783668,0.2));
#6232=CARTESIAN_POINT('',(-13.9936126979819,-12.6889772508519,0.2));
#6233=CARTESIAN_POINT('',(-14.5685389609394,-12.5780801848854,0.2));
#6234=CARTESIAN_POINT('',(-14.9933282262427,-12.3885207918735,0.2));
#6235=CARTESIAN_POINT('',(-15.5696836801109,-11.9797256107531,0.2));
#6236=CARTESIAN_POINT('',(-15.7403410571242,-11.8373581598926,0.2));
#6237=CARTESIAN_POINT('',(-15.904051375618,-11.6792959162899,0.2));
#6238=CARTESIAN_POINT('',(-13.6847771287737,-12.300698721199,-0.202400633843787));
#6239=CARTESIAN_POINT('',(-13.8115023804219,-12.3013987238315,-0.202400633843787));
#6240=CARTESIAN_POINT('',(-13.9420635565095,-12.2891023474217,-0.202400633843787));
#6241=CARTESIAN_POINT('',(-14.427513398911,-12.1954643126705,-0.202400633843787));
#6242=CARTESIAN_POINT('',(-14.8005723359467,-12.031895320349,-0.202400633843787));
#6243=CARTESIAN_POINT('',(-15.319389086483,-11.6639109675108,-0.202400633843787));
#6244=CARTESIAN_POINT('',(-15.4746070358693,-11.5344791420203,-0.202400633843787));
#6245=CARTESIAN_POINT('',(-15.6245563930222,-11.389683941552,-0.202400633843787));
#6246=CARTESIAN_POINT('',(-15.6152731942596,-11.4023329100272,-0.2));
#6247=CARTESIAN_POINT('',(-15.7075355669851,-11.4985900259036,-0.0666666666666662));
#6248=CARTESIAN_POINT('',(-15.7997979397106,-11.59484714178,0.066666666666667));
#6249=CARTESIAN_POINT('',(-15.8920603124361,-11.6911042576564,0.2));
#6250=CARTESIAN_POINT('',(-15.6152731942597,-11.4023329100272,-0.2));
#6251=CARTESIAN_POINT('',(-13.6955487404176,-12.30312549011,-0.200000023409693));
#6252=CARTESIAN_POINT('',(-14.4267830140056,-12.3029201435088,-0.200000023409693));
#6253=CARTESIAN_POINT('',(-15.0903253400326,-11.9053186305403,-0.2));
#6254=CARTESIAN_POINT('',(-15.6150817277273,-11.4021332355397,-0.2));
#6255=CARTESIAN_POINT('',(-14.1092328168433,-13.3999430630371,0.2));
#6256=CARTESIAN_POINT('',(-25.6734067034619,-2.31560178160425,0.199935486867545));
#6257=CARTESIAN_POINT('',(-25.5811920105986,-2.21930362375032,0.0666055170953873));
#6258=CARTESIAN_POINT('',(-25.4889773177352,-2.12300546589638,-0.0667244526767706));
#6259=CARTESIAN_POINT('',(-25.3967626248719,-2.02670730804245,-0.200054422448929));
#6260=CARTESIAN_POINT('',(-25.3967249662898,-2.02666801893265,-0.2));
#6261=CARTESIAN_POINT('',(-13.8324456986668,-13.1111717154079,-0.2));
#6262=CARTESIAN_POINT('',(-25.6608117562551,-2.32750771801954,0.2));
#6263=CARTESIAN_POINT('',(-25.749152772293,-2.2438343282092,0.2));
#6264=CARTESIAN_POINT('',(-25.8335355623428,-2.15424392594938,0.2));
#6265=CARTESIAN_POINT('',(-26.1910444193619,-1.72864136843233,0.2));
#6266=CARTESIAN_POINT('',(-26.4134030635368,-1.33247386051217,0.2));
#6267=CARTESIAN_POINT('',(-26.7139619243746,-0.468655074275571,0.2));
#6268=CARTESIAN_POINT('',(-26.7920438964218,-0.00134363700379355,0.2));
#6269=CARTESIAN_POINT('',(-26.7920438964218,0.466151721615663,0.2));
#6270=CARTESIAN_POINT('',(-25.3856773799098,-2.03719047976255,-0.199999999999997));
#6271=CARTESIAN_POINT('',(-25.4627997925364,-1.96413859040082,-0.199999999999997));
#6272=CARTESIAN_POINT('',(-25.5367910533993,-1.88561308612775,-0.199999999999997));
#6273=CARTESIAN_POINT('',(-25.8515912613978,-1.51085377156146,-0.199999999999997));
#6274=CARTESIAN_POINT('',(-26.0507226340312,-1.1576150072227,-0.199999999999997));
#6275=CARTESIAN_POINT('',(-26.321072102311,-0.380619281473765,-0.199999999999997));
#6276=CARTESIAN_POINT('',(-26.3920438964219,0.0426389933184731,-0.199999999999997));
#6277=CARTESIAN_POINT('',(-26.3920438964218,0.466151721615664,-0.199999999999997));
#6278=CARTESIAN_POINT('',(-26.7920438964218,0.466151721615675,0.2));
#6279=CARTESIAN_POINT('',(-26.3920438964218,0.466151721615675,-0.2));
#6280=CARTESIAN_POINT('',(-25.3967249651784,-2.02666801777213,-0.199999998393153));
#6281=CARTESIAN_POINT('',(-26.0658672771713,-1.38580480612112,-0.199999998393153));
#6282=CARTESIAN_POINT('',(-26.3920438964219,-0.457990930658108,-0.2));
#6283=CARTESIAN_POINT('',(-26.3920438964219,0.466151721615676,-0.2));
#6284=CARTESIAN_POINT('',(-26.7920438964218,1.32144899321986,0.2));
#6285=CARTESIAN_POINT('',(-26.7920438964218,2.46437126636296,0.2));
#6286=CARTESIAN_POINT('',(-26.3920438964218,2.46437126636296,-0.2));
#6287=CARTESIAN_POINT('',(-26.3920438964218,1.32144899321986,-0.2));
#6288=CARTESIAN_POINT('',(-23.7920438964218,2.46437126636296,0.2));
#6289=CARTESIAN_POINT('',(-25.9133642399815,4.5856916099226,0.2));
#6290=CARTESIAN_POINT('',(-25.6305215275069,4.30284889744798,-0.2));
#6291=CARTESIAN_POINT('',(-23.7920438964218,2.46437126636296,-0.2));
#6292=CARTESIAN_POINT('',(-14.5881982639695,15.9108575859346,0.2));
#6293=CARTESIAN_POINT('',(-24.3638005927903,6.13525525711377,0.2));
#6294=CARTESIAN_POINT('',(-24.0809578803158,5.85241254463915,-0.2));
#6295=CARTESIAN_POINT('',(-14.3053555514948,15.6280148734601,-0.2));
#6296=CARTESIAN_POINT('',(-26.48512093635,8.25657560067341,0.2));
#6297=CARTESIAN_POINT('',(-23.5806793476205,7.50543043650167,0.199999999999992));
#6298=CARTESIAN_POINT('',(-23.1934204691233,7.40527774794544,-0.2));
#6299=CARTESIAN_POINT('',(-26.48512093635,8.25657560067341,-0.2));
#6300=CARTESIAN_POINT('',(-23.6013433924304,7.42552908853354,0.2));
#6301=CARTESIAN_POINT('',(-21.7544323619716,14.5669518965504,0.200000000000004));
#6302=CARTESIAN_POINT('',(-21.3671734834744,14.466799207994,-0.2));
#6303=CARTESIAN_POINT('',(-23.2140845139331,7.32537639997731,-0.2));
#6304=CARTESIAN_POINT('',(-21.7848759854035,14.4326172100384,0.2048));
#6305=CARTESIAN_POINT('',(-21.7792123827526,14.4782738751091,0.2048));
#6306=CARTESIAN_POINT('',(-21.770605032388,14.5235880061709,0.2048));
#6307=CARTESIAN_POINT('',(-21.7251267287249,14.699438271665,0.2048));
#6308=CARTESIAN_POINT('',(-21.6658759023228,14.8241255781044,0.2048));
#6309=CARTESIAN_POINT('',(-21.5056970525998,15.0415227182783,0.2048));
#6310=CARTESIAN_POINT('',(-21.4048312144549,15.1341472965004,0.2048));
#6311=CARTESIAN_POINT('',(-21.1767347278072,15.2732808889955,0.2048));
#6312=CARTESIAN_POINT('',(-21.0495931825523,15.31973454927,0.2048));
#6313=CARTESIAN_POINT('',(-20.8230346261203,15.3541224598417,0.2048));
#6314=CARTESIAN_POINT('',(-20.7252925486248,15.3543255026798,0.2048));
#6315=CARTESIAN_POINT('',(-20.6297135175512,15.3403763865863,0.2048));
#6316=CARTESIAN_POINT('',(-21.780112812054,14.432024694636,0.2));
#6317=CARTESIAN_POINT('',(-21.774474732058,14.477475888232,0.2));
#6318=CARTESIAN_POINT('',(-21.7659061422984,14.5225864045648,0.2));
#6319=CARTESIAN_POINT('',(-21.7206321694542,14.6976465871875,0.2));
#6320=CARTESIAN_POINT('',(-21.6616469725645,14.8217731470869,0.2));
#6321=CARTESIAN_POINT('',(-21.5021973017275,15.0381806347678,0.2));
#6322=CARTESIAN_POINT('',(-21.401795490379,15.1303765155207,0.2));
#6323=CARTESIAN_POINT('',(-21.1747713013987,15.2688560312304,0.2));
#6324=CARTESIAN_POINT('',(-21.0482381406873,15.3150852455058,0.2));
#6325=CARTESIAN_POINT('',(-20.8227802372215,15.3493060948522,0.2));
#6326=CARTESIAN_POINT('',(-20.7255177419695,15.3495079169551,0.2));
#6327=CARTESIAN_POINT('',(-20.6304089741889,15.3356273241143,0.2));
#6328=CARTESIAN_POINT('',(-21.3432476463997,14.3776808107455,-0.240242804800864));
#6329=CARTESIAN_POINT('',(-21.3399504341471,14.4042867255264,-0.240242804800864));
#6330=CARTESIAN_POINT('',(-21.3349368605281,14.4307222586508,-0.240242804800864));
#6331=CARTESIAN_POINT('',(-21.3084035486827,14.5333182122509,-0.240242804800864));
#6332=CARTESIAN_POINT('',(-21.27378116046,14.6060146409934,-0.240242804800864));
#6333=CARTESIAN_POINT('',(-21.1812097725296,14.7316539225752,-0.240242804800864));
#6334=CARTESIAN_POINT('',(-21.1233672233419,14.7845308499373,-0.240242804800864));
#6335=CARTESIAN_POINT('',(-20.9946912286725,14.8630202409542,-0.240242804800864));
#6336=CARTESIAN_POINT('',(-20.9239574258473,14.888663885191,-0.240242804800864));
#6337=CARTESIAN_POINT('',(-20.7994483867439,14.9075623381996,-0.240242804800864));
#6338=CARTESIAN_POINT('',(-20.7461718564922,14.9076521978345,-0.240242804800864));
#6339=CARTESIAN_POINT('',(-20.6941943451971,14.900056369356,-0.240242804800864));
#6340=CARTESIAN_POINT('',(-20.7713205991724,14.9459202382728,-0.2));
#6341=CARTESIAN_POINT('',(-20.7713205991724,15.0792535716061,-0.0666666666666663));
#6342=CARTESIAN_POINT('',(-20.7713205991724,15.2125869049394,0.0666666666666668));
#6343=CARTESIAN_POINT('',(-20.7713205991723,15.3459202382728,0.2));
#6344=CARTESIAN_POINT('',(-20.7713205991723,14.9459202382727,-0.2));
#6345=CARTESIAN_POINT('',(-21.3671734834744,14.466799207994,-0.199999999999994));
#6346=CARTESIAN_POINT('',(-21.297907366027,14.7346294514664,-0.199999999999994));
#6347=CARTESIAN_POINT('',(-21.0482063789843,14.9459549285473,-0.2));
#6348=CARTESIAN_POINT('',(-20.7713206034215,14.9458991466913,-0.2));
#6349=CARTESIAN_POINT('',(0.00121032874618184,15.3459202382715,0.2));
#6350=CARTESIAN_POINT('',(20.7713206161302,15.3458923575471,0.199972119276877));
#6351=CARTESIAN_POINT('',(20.7713615315059,15.2125648086949,0.0666445704246518));
#6352=CARTESIAN_POINT('',(20.7714024468816,15.0792372598427,-0.0666829784275738));
#6353=CARTESIAN_POINT('',(20.7714433622573,14.9459097109904,-0.200010527279799));
#6354=CARTESIAN_POINT('',(20.7714433622572,14.9458991837106,-0.2));
#6355=CARTESIAN_POINT('',(0.00121032874615773,14.9459202382715,-0.2));
#6356=CARTESIAN_POINT('',(20.6304199170942,15.3356289211267,0.2));
#6357=CARTESIAN_POINT('',(20.7255252023802,15.3495079014504,0.2));
#6358=CARTESIAN_POINT('',(20.8227838974403,15.3493055392637,0.2));
#6359=CARTESIAN_POINT('',(21.0482381405277,15.3150852455047,0.2));
#6360=CARTESIAN_POINT('',(21.1747713012392,15.2688560312299,0.2));
#6361=CARTESIAN_POINT('',(21.40179549022,15.1303765155212,0.2));
#6362=CARTESIAN_POINT('',(21.5021973015692,15.0381806347688,0.2));
#6363=CARTESIAN_POINT('',(21.6616469724072,14.8217731470888,0.2));
#6364=CARTESIAN_POINT('',(21.7206321692977,14.6976465871897,0.2));
#6365=CARTESIAN_POINT('',(21.7659060556362,14.5225867390601,0.2));
#6366=CARTESIAN_POINT('',(21.7744746026966,14.4774765684546,0.2));
#6367=CARTESIAN_POINT('',(21.7801126843734,14.4320257226743,0.2));
#6368=CARTESIAN_POINT('',(20.6945476204087,14.8976854831454,-0.24264));
#6369=CARTESIAN_POINT('',(20.7462883896518,14.9052462131887,-0.24264));
#6370=CARTESIAN_POINT('',(20.7993233533033,14.9051566645982,-0.24264));
#6371=CARTESIAN_POINT('',(20.9232806965536,14.8863419500511,-0.24264));
#6372=CARTESIAN_POINT('',(20.9937106626068,14.860810397663,-0.24264));
#6373=CARTESIAN_POINT('',(21.121851135022,14.7826476628403,-0.24264));
#6374=CARTESIAN_POINT('',(21.1794619419584,14.7299848337107,-0.24264));
#6375=CARTESIAN_POINT('',(21.27166916653,14.6048398000889,-0.24264));
#6376=CARTESIAN_POINT('',(21.3061588952134,14.5324234169536,-0.24264));
#6377=CARTESIAN_POINT('',(21.3325901105437,14.4302222383966,-0.24264));
#6378=CARTESIAN_POINT('',(21.3375843017048,14.4038885954658,-0.24264));
#6379=CARTESIAN_POINT('',(21.3408687685617,14.3773854987348,-0.24264));
#6380=CARTESIAN_POINT('',(21.7544323618158,14.5669518965519,0.2));
#6381=CARTESIAN_POINT('',(21.367173483319,14.4667992079941,-0.2));
#6382=CARTESIAN_POINT('',(20.7714433622572,14.9458991773728,-0.199999993662722));
#6383=CARTESIAN_POINT('',(21.0482547953372,14.945896053145,-0.199999993662722));
#6384=CARTESIAN_POINT('',(21.2979324780792,14.7345323504729,-0.2));
#6385=CARTESIAN_POINT('',(21.3671734833188,14.4667992079947,-0.2));
#6386=CARTESIAN_POINT('',(23.6014951457433,7.42494230582786,0.2));
#6387=CARTESIAN_POINT('',(23.5806793474564,7.5054304366577,0.2));
#6388=CARTESIAN_POINT('',(23.1934204689596,7.40527774809984,-0.2));
#6389=CARTESIAN_POINT('',(23.2142362672464,7.32478961727,-0.2));
#6390=CARTESIAN_POINT('',(26.4851209361827,8.25657560084164,0.2));
#6391=CARTESIAN_POINT('',(24.3638005926231,6.135255257282,0.2));
#6392=CARTESIAN_POINT('',(24.0809578801484,5.85241254480738,-0.2));
#6393=CARTESIAN_POINT('',(26.4851209361827,8.25657560084164,-0.2));
#6394=CARTESIAN_POINT('',(14.5894085927153,15.9096472571898,0.2));
#6395=CARTESIAN_POINT('',(25.9157848974722,4.58327095243289,0.2));
#6396=CARTESIAN_POINT('',(25.6329421849975,4.30042823995827,-0.2));
#6397=CARTESIAN_POINT('',(14.3065658802407,15.6268045447151,-0.2));
#6398=CARTESIAN_POINT('',(23.7944645539126,2.46195060887325,0.2));
#6399=CARTESIAN_POINT('',(26.7944645539126,2.46195060887325,0.200000000000003));
#6400=CARTESIAN_POINT('',(26.3944645539126,2.46195060887325,-0.2));
#6401=CARTESIAN_POINT('',(23.7944645539126,2.46195060887325,-0.2));
#6402=CARTESIAN_POINT('',(26.7944645539126,1.32144899321986,0.2));
#6403=CARTESIAN_POINT('',(26.7944645539126,0.466151721615576,0.2));
#6404=CARTESIAN_POINT('',(26.3944645539126,0.466151721615576,-0.2));
#6405=CARTESIAN_POINT('',(26.3944645539126,1.32144899321986,-0.2));
#6406=CARTESIAN_POINT('',(26.7969294541309,0.466151721615589,0.202464900218375));
#6407=CARTESIAN_POINT('',(26.7969294541309,-0.00161466899158465,0.202464900218375));
#6408=CARTESIAN_POINT('',(26.7188036673858,-0.469197572887952,0.202464900218375));
#6409=CARTESIAN_POINT('',(26.4180586487022,-1.33355138457633,0.202464900218375));
#6410=CARTESIAN_POINT('',(26.1955568722606,-1.72998343017011,0.202464900218375));
#6411=CARTESIAN_POINT('',(25.83776835627,-2.1559189125017,0.202464900218375));
#6412=CARTESIAN_POINT('',(25.7533031724091,-2.2455948691319,0.202464900218375));
#6413=CARTESIAN_POINT('',(25.6648731537977,-2.32934854071812,0.202464900218375));
#6414=CARTESIAN_POINT('',(26.7944645539126,0.466151721615589,0.2));
#6415=CARTESIAN_POINT('',(26.7944645539126,-0.00134363700386951,0.2));
#6416=CARTESIAN_POINT('',(26.7163825818653,-0.468655074275697,0.2));
#6417=CARTESIAN_POINT('',(26.4158237210275,-1.33247386051219,0.2));
#6418=CARTESIAN_POINT('',(26.1934650768526,-1.72864136843239,0.2));
#6419=CARTESIAN_POINT('',(25.8359397543789,-2.15426352753258,0.2));
#6420=CARTESIAN_POINT('',(25.7515386200193,-2.24387128579144,0.2));
#6421=CARTESIAN_POINT('',(25.6631777496148,-2.32755949265795,0.2));
#6422=CARTESIAN_POINT('',(26.3944645539125,0.466151721615588,-0.199999999999999));
#6423=CARTESIAN_POINT('',(26.3944645539125,0.0426389933183953,-0.199999999999999));
#6424=CARTESIAN_POINT('',(26.323492759801,-0.380619281473891,-0.199999999999999));
#6425=CARTESIAN_POINT('',(26.0531432915225,-1.15761500722271,-0.199999999999999));
#6426=CARTESIAN_POINT('',(25.8540119188885,-1.51085377156152,-0.199999999999999));
#6427=CARTESIAN_POINT('',(25.5391972124281,-1.88563034607076,-0.199999999999999));
#6428=CARTESIAN_POINT('',(25.4651899270104,-1.96417098350595,-0.199999999999999));
#6429=CARTESIAN_POINT('',(25.3880503152189,-2.03723568208889,-0.199999999999999));
#6430=CARTESIAN_POINT('',(25.3990848398966,-2.02687704990376,-0.199999999999999));
#6431=CARTESIAN_POINT('',(25.4913472126221,-2.12313416578016,-0.0666666666666657));
#6432=CARTESIAN_POINT('',(25.5836095853476,-2.21939128165656,0.0666666666666675));
#6433=CARTESIAN_POINT('',(25.6758719580731,-2.31564839753296,0.200000000000001));
#6434=CARTESIAN_POINT('',(25.3990848398966,-2.02687704990375,-0.2));
#6435=CARTESIAN_POINT('',(26.3944645539126,0.466151721615576,-0.2));
#6436=CARTESIAN_POINT('',(26.3944645539125,-0.459541855537544,-0.2));
#6437=CARTESIAN_POINT('',(26.0692453644514,-1.38497524535647,-0.2));
#6438=CARTESIAN_POINT('',(25.3990094986582,-2.02679837339689,-0.2));
#6439=CARTESIAN_POINT('',(4.85722573273506E-13,-5.72458747072347E-14,0.2));
#6440=CARTESIAN_POINT('',(4.85722573273506E-13,-5.72458747072347E-14,-0.2));
#6441=CARTESIAN_POINT('',(-2.59999999999951,-5.72458747072347E-14,-0.2));
#6442=CARTESIAN_POINT('',(-21.7487894022598,-1.47571456525188E-11,0.2));
#6443=CARTESIAN_POINT('',(-21.7487894022598,-1.47571456525188E-11,-0.2));
#6444=CARTESIAN_POINT('',(-25.0487894022598,-1.47571456525188E-11,-0.2));
#6445=CARTESIAN_POINT('',(21.7512105977401,-5.7098917091337E-14,0.2));
#6446=CARTESIAN_POINT('',(21.7512105977401,-5.7098917091337E-14,-0.2));
#6447=CARTESIAN_POINT('',(18.4512105977401,-5.7098917091337E-14,-0.2));
#6448=CARTESIAN_POINT('',(14.111653474334,-13.3999430630372,0.2));
#6449=CARTESIAN_POINT('',(13.8348663561575,-13.111171715408,-0.2));
#6450=CARTESIAN_POINT('',(0.00121032874533973,-0.258655469337043,-0.2));
#6451=CARTESIAN_POINT('',(9.50000000000049,2.22499999999995,-0.200000000000009));
#6452=CARTESIAN_POINT('',(11.4000000000005,2.22499999999995,-0.200000000000009));
#6453=CARTESIAN_POINT('',(-9.49999999999951,2.22499999999995,-0.200000000000009));
#6454=CARTESIAN_POINT('',(-7.59999999999951,2.22499999999995,-0.200000000000009));
#6455=CARTESIAN_POINT('',(-9.49999999999951,12.225,-0.200000000000009));
#6456=CARTESIAN_POINT('',(-7.59999999999951,12.225,-0.200000000000009));
#6457=CARTESIAN_POINT('',(9.50000000000049,12.225,-0.200000000000009));
#6458=CARTESIAN_POINT('',(11.4000000000005,12.225,-0.200000000000009));
#6459=CARTESIAN_POINT('',(9.50000000000049,12.225,26.6));
#6460=CARTESIAN_POINT('',(9.50000000000049,12.225,2.8));
#6461=CARTESIAN_POINT('',(7.46500565460673,14.3607195542054,2.8));
#6462=CARTESIAN_POINT('',(11.5349943453945,14.3607195542051,2.8));
#6463=CARTESIAN_POINT('',(9.50000000000049,12.225,12.1443642108867));
#6464=CARTESIAN_POINT('',(6.70701024601413,13.1745831896822,7.98967491403901));
#6465=CARTESIAN_POINT('',(6.70701024601413,13.1745831896822,7.98967491403901));
#6466=CARTESIAN_POINT('',(6.68066104790136,13.0970828283086,8.32876044693339));
#6467=CARTESIAN_POINT('',(6.58460989393823,12.7951713733559,8.60000000000002));
#6468=CARTESIAN_POINT('',(6.55834540317384,12.4467391101467,8.6));
#6469=CARTESIAN_POINT('',(6.55834540317384,12.4467391101467,8.6));
#6470=CARTESIAN_POINT('',(9.50000000000049,12.225,8.6));
#6471=CARTESIAN_POINT('',(12.4416545968272,12.4467391101463,8.6));
#6472=CARTESIAN_POINT('',(12.4416545968272,12.4467391101463,8.6));
#6473=CARTESIAN_POINT('',(12.4153905521514,12.7951654554162,8.60000000000002));
#6474=CARTESIAN_POINT('',(12.3193387154304,13.0970835244188,8.32875740125716));
#6475=CARTESIAN_POINT('',(12.292989753987,13.1745831896819,7.98967491403902));
#6476=CARTESIAN_POINT('',(12.292989753987,13.1745831896819,7.98967491403901));
#6477=CARTESIAN_POINT('',(9.50000000000049,12.225,12.1443642108867));
#6478=CARTESIAN_POINT('',(4.85288892404512E-13,7.225,2.8));
#6479=CARTESIAN_POINT('',(9.50000000000049,12.225,2.8));
#6480=CARTESIAN_POINT('',(11.2000000000005,12.225,2.8));
#6481=CARTESIAN_POINT('',(7.33925051931639,14.7113841128758,2.8));
#6482=CARTESIAN_POINT('',(7.42021695677155,14.7113841128758,2.8));
#6483=CARTESIAN_POINT('',(7.57448472369461,14.5989570385735,2.8));
#6484=CARTESIAN_POINT('',(7.52358340938246,14.4165346538516,2.8));
#6485=CARTESIAN_POINT('',(7.46500565460673,14.3607195542054,2.8));
#6486=CARTESIAN_POINT('',(11.5349943453945,14.3607195542051,2.8));
#6487=CARTESIAN_POINT('',(11.476380004847,14.4165695141581,2.8));
#6488=CARTESIAN_POINT('',(11.4253953249212,14.5984036188256,2.8));
#6489=CARTESIAN_POINT('',(11.579698255248,14.7113841128755,2.8));
#6490=CARTESIAN_POINT('',(11.6607494806849,14.7113841128755,2.8));
#6491=CARTESIAN_POINT('',(9.50000000000049,12.225,24.8));
#6492=CARTESIAN_POINT('',(9.50000000000049,12.225,-3.46944695195361E-15));
#6493=CARTESIAN_POINT('',(11.2000000000005,12.225,-3.46944695195361E-15));
#6494=CARTESIAN_POINT('',(9.50000000000049,12.225,-0.200000000000009));
#6495=CARTESIAN_POINT('',(-9.49999999999951,12.225,26.6));
#6496=CARTESIAN_POINT('',(-9.49999999999951,12.225,2.8));
#6497=CARTESIAN_POINT('',(-11.5349943453921,14.3607195542064,2.8));
#6498=CARTESIAN_POINT('',(-7.46500565460663,14.3607195542062,2.8));
#6499=CARTESIAN_POINT('',(-9.49999999999951,12.225,12.1443642108914));
#6500=CARTESIAN_POINT('',(-12.2929897539855,13.1745831896833,7.98967491403901));
#6501=CARTESIAN_POINT('',(-12.2929897539855,13.1745831896833,7.98967491403901));
#6502=CARTESIAN_POINT('',(-12.3193389520983,13.0970828283097,8.32876044693341));
#6503=CARTESIAN_POINT('',(-12.4153901060616,12.7951713733569,8.60000000000002));
#6504=CARTESIAN_POINT('',(-12.4416545968261,12.4467391101477,8.6));
#6505=CARTESIAN_POINT('',(-12.4416545968261,12.4467391101477,8.6));
#6506=CARTESIAN_POINT('',(-9.49999999999951,12.225,8.6));
#6507=CARTESIAN_POINT('',(-6.55834540317292,12.4467391101474,8.6));
#6508=CARTESIAN_POINT('',(-6.55834540317292,12.4467391101474,8.6));
#6509=CARTESIAN_POINT('',(-6.5846094478488,12.7951654554173,8.60000000000001));
#6510=CARTESIAN_POINT('',(-6.68066128456989,13.0970835244199,8.32875740125716));
#6511=CARTESIAN_POINT('',(-6.70701024601341,13.174583189683,7.98967491403901));
#6512=CARTESIAN_POINT('',(-6.7070102460134,13.1745831896829,7.98967491403901));
#6513=CARTESIAN_POINT('',(-9.49999999999951,12.225,12.1443642108914));
#6514=CARTESIAN_POINT('',(4.85288892404512E-13,7.225,2.8));
#6515=CARTESIAN_POINT('',(-9.49999999999951,12.225,2.8));
#6516=CARTESIAN_POINT('',(-7.79999999999951,12.225,2.8));
#6517=CARTESIAN_POINT('',(-11.6607494806824,14.7113841128769,2.8));
#6518=CARTESIAN_POINT('',(-11.5797830432272,14.7113841128769,2.8));
#6519=CARTESIAN_POINT('',(-11.4255152763041,14.5989570385746,2.8));
#6520=CARTESIAN_POINT('',(-11.4764165906164,14.4165346538527,2.8));
#6521=CARTESIAN_POINT('',(-11.5349943453921,14.3607195542064,2.8));
#6522=CARTESIAN_POINT('',(-7.46500565460663,14.3607195542062,2.8));
#6523=CARTESIAN_POINT('',(-7.52361999515415,14.4165695141591,2.8));
#6524=CARTESIAN_POINT('',(-7.57460467508011,14.5984036188267,2.8));
#6525=CARTESIAN_POINT('',(-7.42030174475328,14.7113841128767,2.8));
#6526=CARTESIAN_POINT('',(-7.33925051931634,14.7113841128767,2.8));
#6527=CARTESIAN_POINT('',(-9.49999999999951,12.225,24.8));
#6528=CARTESIAN_POINT('',(-9.49999999999951,12.225,-3.46944695195361E-15));
#6529=CARTESIAN_POINT('',(-7.79999999999951,12.225,-3.46944695195361E-15));
#6530=CARTESIAN_POINT('',(-9.49999999999951,12.225,-0.200000000000009));
#6531=CARTESIAN_POINT('',(-9.49999999999951,2.22499999999995,24.8));
#6532=CARTESIAN_POINT('',(-9.49999999999951,2.22499999999995,-3.46944695195361E-15));
#6533=CARTESIAN_POINT('',(-7.79999999999951,2.22499999999995,-3.46944695195361E-15));
#6534=CARTESIAN_POINT('',(-9.49999999999951,2.22499999999995,2.8));
#6535=CARTESIAN_POINT('',(-7.79999999999951,2.22499999999995,2.8));
#6536=CARTESIAN_POINT('',(-9.49999999999951,2.22499999999995,-0.200000000000009));
#6537=CARTESIAN_POINT('',(4.85288892404512E-13,7.225,2.8));
#6538=CARTESIAN_POINT('',(-9.49999999999951,2.22499999999995,2.8));
#6539=CARTESIAN_POINT('',(-6.54999999999951,2.22499999999995,2.8));
#6540=CARTESIAN_POINT('',(-9.49999999999951,2.22499999999995,26.6));
#6541=CARTESIAN_POINT('',(-9.49999999999951,2.22499999999995,4.));
#6542=CARTESIAN_POINT('',(-9.49999999999951,5.17499999999995,4.));
#6543=CARTESIAN_POINT('',(9.50000000000049,2.22499999999995,24.8));
#6544=CARTESIAN_POINT('',(9.50000000000049,2.22499999999995,-3.46944695195361E-15));
#6545=CARTESIAN_POINT('',(11.2000000000005,2.22499999999995,-3.46944695195361E-15));
#6546=CARTESIAN_POINT('',(9.50000000000049,2.22499999999995,2.8));
#6547=CARTESIAN_POINT('',(11.2000000000005,2.22499999999995,2.8));
#6548=CARTESIAN_POINT('',(9.50000000000049,2.22499999999995,26.6));
#6549=CARTESIAN_POINT('',(9.50000000000049,2.22499999999995,4.));
#6550=CARTESIAN_POINT('',(9.50000000000049,5.17499999999995,4.));
#6551=CARTESIAN_POINT('',(9.50000000000049,2.22499999999995,2.8));
#6552=CARTESIAN_POINT('',(12.4500000000005,2.22499999999995,2.8));
#6553=CARTESIAN_POINT('',(4.85288892404512E-13,7.225,2.8));
#6554=CARTESIAN_POINT('',(9.50000000000049,2.22499999999995,-0.200000000000009));
#6555=CARTESIAN_POINT('',(-6.517655008455,13.4332590712324,8.03709364254878));
#6556=CARTESIAN_POINT('',(-6.7931667356366,13.4279935231551,8.0586691280937));
#6557=CARTESIAN_POINT('',(-6.70701024601339,13.174583189683,7.98967491403903));
#6558=CARTESIAN_POINT('',(-6.68406785812516,13.9227258068607,6.03151277535918));
#6559=CARTESIAN_POINT('',(-7.03081872810984,13.9736904667184,5.82268602725253));
#6560=CARTESIAN_POINT('',(-6.86285720046746,13.6329726722574,5.98409404684938));
#6561=CARTESIAN_POINT('',(-6.97319325064852,14.3699430415694,4.1990484542486));
#6562=CARTESIAN_POINT('',(-7.42483237430045,14.4099400330972,4.03516152358317));
#6563=CARTESIAN_POINT('',(-7.13362542520951,14.0517951619009,4.15162972573853));
#6564=CARTESIAN_POINT('',(-7.35121534745174,14.7226046599419,2.75402401659758));
#6565=CARTESIAN_POINT('',(-7.82225031602754,14.6942220742488,2.87032113483658));
#6566=CARTESIAN_POINT('',(-7.48764611904209,14.3820655664109,2.70660528808783));
#6567=CARTESIAN_POINT('',(-6.51765500845501,13.2389617110174,7.989674914039));
#6568=CARTESIAN_POINT('',(-6.70701024601341,13.174583189683,7.98967491403902));
#6569=CARTESIAN_POINT('',(-6.79316673563662,13.4279935231551,8.0586691280937));
#6570=CARTESIAN_POINT('',(-6.51765500845502,13.4332590712324,8.03709364254878));
#6571=CARTESIAN_POINT('',(-6.67971690814701,13.0943058492233,8.3409099659464));
#6572=CARTESIAN_POINT('',(-6.74445064862233,13.3075912349698,8.51147874895306));
#6573=CARTESIAN_POINT('',(-6.48851124195351,13.326109385499,8.47613749168092));
#6574=CARTESIAN_POINT('',(-6.58387443116654,12.7854145134175,8.59999989317339));
#6575=CARTESIAN_POINT('',(-6.59120925871229,12.8827198994112,8.80691297802286));
#6576=CARTESIAN_POINT('',(-6.38617102735369,12.9138178272897,8.80000000000001));
#6577=CARTESIAN_POINT('',(-6.55834540317293,12.4467391101474,8.6));
#6578=CARTESIAN_POINT('',(-6.55834540317293,12.4467391101474,8.8));
#6579=CARTESIAN_POINT('',(-6.35891119321858,12.4617722701574,8.8));
#6580=CARTESIAN_POINT('',(-6.35891119321858,12.4617722701574,8.6));
#6581=CARTESIAN_POINT('',(-9.49999999999951,12.225,8.6));
#6582=CARTESIAN_POINT('',(-12.6410888067804,12.4617722701578,8.6));
#6583=CARTESIAN_POINT('',(-12.4416545968261,12.4467391101477,8.6));
#6584=CARTESIAN_POINT('',(-12.4416545968261,12.4467391101477,8.8));
#6585=CARTESIAN_POINT('',(-12.6410888067804,12.4617722701578,8.8));
#6586=CARTESIAN_POINT('',(-12.4161255228613,12.7854151232842,8.59999988976683));
#6587=CARTESIAN_POINT('',(-12.408790679798,12.8827206982205,8.8069129868074));
#6588=CARTESIAN_POINT('',(-12.613828922687,12.9138186412242,8.80000000000002));
#6589=CARTESIAN_POINT('',(-12.3202825483271,13.0943074478821,8.34090298295253));
#6590=CARTESIAN_POINT('',(-12.2555484224565,13.3075935309933,8.5114701290609));
#6591=CARTESIAN_POINT('',(-12.5114881777056,13.326111515969,8.47612876212093));
#6592=CARTESIAN_POINT('',(-12.2929897539855,13.1745831896833,7.98967491403902));
#6593=CARTESIAN_POINT('',(-12.2068332643623,13.4279935231554,8.0586691280937));
#6594=CARTESIAN_POINT('',(-12.4823449915439,13.4332590712328,8.03709364254878));
#6595=CARTESIAN_POINT('',(-12.4823449915439,13.2389617110178,7.98967491403901));
#6596=CARTESIAN_POINT('',(-11.6487700691181,14.722618264922,2.75396827044513));
#6597=CARTESIAN_POINT('',(-11.1777314736492,14.6942351004068,2.87026776039682));
#6598=CARTESIAN_POINT('',(-11.5123402234597,14.3820783075827,2.70654954193538));
#6599=CARTESIAN_POINT('',(-12.0267992599416,14.3699545050252,4.19900148295234));
#6600=CARTESIAN_POINT('',(-11.5751559847706,14.4099526228679,4.03510993722341));
#6601=CARTESIAN_POINT('',(-11.866367560901,14.0518058975208,4.1515827544425));
#6602=CARTESIAN_POINT('',(-12.3159300019104,13.9227321011001,6.03148698483126));
#6603=CARTESIAN_POINT('',(-11.9691778388123,13.9736983497724,5.82265372660687));
#6604=CARTESIAN_POINT('',(-12.1371407954378,13.6329785668575,5.98406825632024));
#6605=CARTESIAN_POINT('',(-12.4823449915439,13.4332590712328,8.03709364254877));
#6606=CARTESIAN_POINT('',(-12.2068332643623,13.4279935231554,8.05866912809369));
#6607=CARTESIAN_POINT('',(-12.2929897539855,13.1745831896833,7.98967491403902));
#6608=CARTESIAN_POINT('',(12.4823449915454,13.4332590712313,8.03709364254877));
#6609=CARTESIAN_POINT('',(12.2068332643639,13.4279935231539,8.05866912809366));
#6610=CARTESIAN_POINT('',(12.292989753987,13.1745831896819,7.98967491403902));
#6611=CARTESIAN_POINT('',(12.3159321418753,13.9227258068613,6.03151277535179));
#6612=CARTESIAN_POINT('',(11.9691812719309,13.9736904666871,5.82268602735224));
#6613=CARTESIAN_POINT('',(12.1371427995315,13.6329726722611,5.98409404684283));
#6614=CARTESIAN_POINT('',(12.0268067493533,14.369943041568,4.19904845424945));
#6615=CARTESIAN_POINT('',(11.5751676257022,14.4099400330927,4.03516152356779));
#6616=CARTESIAN_POINT('',(11.8663745747891,14.0517951619018,4.15162972573945));
#6617=CARTESIAN_POINT('',(11.6487846525495,14.7226046599407,2.75402401659764));
#6618=CARTESIAN_POINT('',(11.177749683974,14.6942220742477,2.87032113483643));
#6619=CARTESIAN_POINT('',(11.5123538809591,14.3820655664098,2.70660528808788));
#6620=CARTESIAN_POINT('',(12.4823449915454,13.2389617110162,7.989674914039));
#6621=CARTESIAN_POINT('',(12.292989753987,13.1745831896819,7.98967491403902));
#6622=CARTESIAN_POINT('',(12.2068332643639,13.4279935231539,8.05866912809367));
#6623=CARTESIAN_POINT('',(12.4823449915454,13.4332590712313,8.03709364254878));
#6624=CARTESIAN_POINT('',(12.3202830918539,13.0943058492207,8.34090996594513));
#6625=CARTESIAN_POINT('',(12.255549351377,13.3075912349665,8.51147874895168));
#6626=CARTESIAN_POINT('',(12.5114887580464,13.3261093854983,8.47613749167919));
#6627=CARTESIAN_POINT('',(12.4161255688338,12.7854145134149,8.59999989317339));
#6628=CARTESIAN_POINT('',(12.4087907412912,12.8827198994106,8.80691297802277));
#6629=CARTESIAN_POINT('',(12.6138289726502,12.9138178272885,8.80000000000002));
#6630=CARTESIAN_POINT('',(12.4416545968271,12.4467391101463,8.6));
#6631=CARTESIAN_POINT('',(12.4416545968272,12.4467391101463,8.8));
#6632=CARTESIAN_POINT('',(12.6410888067815,12.4617722701562,8.8));
#6633=CARTESIAN_POINT('',(12.6410888067815,12.4617722701562,8.6));
#6634=CARTESIAN_POINT('',(9.50000000000049,12.225,8.6));
#6635=CARTESIAN_POINT('',(6.35891119321949,12.4617722701566,8.6));
#6636=CARTESIAN_POINT('',(6.55834540317384,12.4467391101467,8.6));
#6637=CARTESIAN_POINT('',(6.55834540317384,12.4467391101467,8.8));
#6638=CARTESIAN_POINT('',(6.35891119321949,12.4617722701566,8.8));
#6639=CARTESIAN_POINT('',(6.58387447713759,12.785415123271,8.59999988976682));
#6640=CARTESIAN_POINT('',(6.5912093202031,12.8827206982038,8.80691298680732));
#6641=CARTESIAN_POINT('',(6.38617107731386,12.9138186412092,8.80000000000001));
#6642=CARTESIAN_POINT('',(6.67971745167491,13.094307447888,8.34090298295535));
#6643=CARTESIAN_POINT('',(6.74445157754422,13.3075935309989,8.51147012906565));
#6644=CARTESIAN_POINT('',(6.48851182229506,13.3261115159677,8.47612876212178));
#6645=CARTESIAN_POINT('',(6.70701024601413,13.1745831896822,7.98967491403902));
#6646=CARTESIAN_POINT('',(6.79316673563724,13.4279935231542,8.05866912809367));
#6647=CARTESIAN_POINT('',(6.51765500845574,13.4332590712316,8.03709364254878));
#6648=CARTESIAN_POINT('',(6.51765500845573,13.2389617110166,7.98967491403901));
#6649=CARTESIAN_POINT('',(7.35122993088071,14.7226182649208,2.75396827044515));
#6650=CARTESIAN_POINT('',(7.82226852634921,14.6942351004057,2.87026776039664));
#6651=CARTESIAN_POINT('',(7.4876597765391,14.3820783075817,2.7065495419354));
#6652=CARTESIAN_POINT('',(6.97320074005354,14.3699545050241,4.19900148295216));
#6653=CARTESIAN_POINT('',(7.42484401522212,14.4099526228588,4.03510993729647));
#6654=CARTESIAN_POINT('',(7.13363243909768,14.0518058975193,4.15158275444224));
#6655=CARTESIAN_POINT('',(6.68406999809633,13.922732101098,6.0314869848353));
#6656=CARTESIAN_POINT('',(7.03082216115861,13.9736983497454,5.82265372670895));
#6657=CARTESIAN_POINT('',(6.86285920456452,13.6329785668649,5.98406825632624));
#6658=CARTESIAN_POINT('',(6.51765500845573,13.4332590712317,8.03709364254876));
#6659=CARTESIAN_POINT('',(6.79316673563723,13.4279935231543,8.05866912809366));
#6660=CARTESIAN_POINT('',(6.70701024601412,13.1745831896823,7.98967491403901));
#6661=CARTESIAN_POINT('',(5.30121005972074,-0.289789601030912,27.3));
#6662=CARTESIAN_POINT('',(5.30121005972074,-8.39853461453111,1.));
#6663=CARTESIAN_POINT('',(5.30121005972074,-12.9373368268838,1.));
#6664=CARTESIAN_POINT('',(5.30121005972074,-8.3985346145311,1.));
#6665=CARTESIAN_POINT('',(5.30121005972074,-15.8201795393585,3.88284271247463));
#6666=CARTESIAN_POINT('',(5.30121005972074,-15.5373368268839,3.6));
#6667=CARTESIAN_POINT('',(5.30121005972074,-8.39853461453114,3.6));
#6668=CARTESIAN_POINT('',(5.30121005972074,-8.39853461453114,3.6));
#6669=CARTESIAN_POINT('',(5.30121005972074,-8.39853461453112,2.96035533905909));
#6670=CARTESIAN_POINT('',(-5.29878994027916,-0.289789601030912,27.3));
#6671=CARTESIAN_POINT('',(-5.29878994027916,-0.289789601030937,3.6));
#6672=CARTESIAN_POINT('',(-5.29878994027916,-8.39853461453114,3.6));
#6673=CARTESIAN_POINT('',(-5.29878994027916,-15.5373368268838,3.6));
#6674=CARTESIAN_POINT('',(-5.29878994027916,-19.7635632139574,7.82622638707355));
#6675=CARTESIAN_POINT('',(-5.29878994027916,-12.9373368268838,1.));
#6676=CARTESIAN_POINT('',(-5.29878994027916,-0.289789601030912,1.));
#6677=CARTESIAN_POINT('',(-5.29878994027916,-8.39853461453112,1.));
#6678=CARTESIAN_POINT('',(-5.29878994027916,-8.39853461453114,3.79999999999915));
#6679=CARTESIAN_POINT('',(5.70121005972074,-0.781020876240717,4.));
#6680=CARTESIAN_POINT('',(0.852692171801557,-4.79766460941008,-0.848517887919158));
#6681=CARTESIAN_POINT('',(5.70121005972074,-14.5998677800001,4.));
#6682=CARTESIAN_POINT('',(5.70121005972074,-8.79853461453114,4.));
#6683=CARTESIAN_POINT('',(3.02870548029074,-6.12603003510095,1.32749542056986));
#6684=CARTESIAN_POINT('',(-6.87260839924106,-36.7030222518333,-284.461612105182));
#6685=CARTESIAN_POINT('',(-6.87260839924106,-36.7030222518333,8.40000000000781));
#6686=CARTESIAN_POINT('',(-6.87260839924106,-13.1189738976182,8.40000000000781));
#6687=CARTESIAN_POINT('',(-6.87260839924106,-20.3373368268917,8.40000000000781));
#6688=CARTESIAN_POINT('',(-6.87260839924106,117.910626513232,-129.847963340116));
#6689=CARTESIAN_POINT('',(-6.87260839924106,-15.9373368268838,4.));
#6690=CARTESIAN_POINT('',(-6.87260839924106,-36.7030222518333,4.));
#6691=CARTESIAN_POINT('',(-6.87260839924106,-13.118970058988,4.));
#6692=CARTESIAN_POINT('',(-6.87260839924106,-13.1189738976182,-284.461612105182));
#6693=CARTESIAN_POINT('',(-5.29878994027916,-0.289789601030937,3.6));
#6694=CARTESIAN_POINT('',(-5.69878994027916,-0.781020876240717,4.));
#6695=CARTESIAN_POINT('',(-5.69878994027916,-8.79853461453114,4.));
#6696=CARTESIAN_POINT('',(-0.596589265865677,-4.18522018571486,-1.10220067441344));
#6697=CARTESIAN_POINT('',(-0.547367387583056,-3.64711206183504,-1.15142255269602));
#6698=CARTESIAN_POINT('',(-7.27260839924106,-10.820566603428,8.80000000000781));
#6699=CARTESIAN_POINT('',(-6.87260839923325,-20.3373368268838,8.4));
#6700=CARTESIAN_POINT('',(-7.02568177218319,-20.7068886398867,8.55307337294994));
#6701=CARTESIAN_POINT('',(-4.03991731198851,-13.4986155860333,5.56730891275528));
#6702=CARTESIAN_POINT('',(-6.87260839924106,-13.1189738976182,8.40000000000781));
#6703=CARTESIAN_POINT('',(6.82621005972274,-13.8418468613775,6.6));
#6704=CARTESIAN_POINT('',(6.82621005972274,-13.8418468613775,4.));
#6705=CARTESIAN_POINT('',(6.82621005972274,-13.083825942755,4.));
#6706=CARTESIAN_POINT('',(6.82621005972274,-15.9373368268838,4.));
#6707=CARTESIAN_POINT('',(6.82621005972274,-16.1895918441306,4.25225501724685));
#6708=CARTESIAN_POINT('',(6.82621005972274,-18.1373368268838,6.2));
#6709=CARTESIAN_POINT('',(6.82621005972274,-13.083825942755,6.2));
#6710=CARTESIAN_POINT('',(6.82621005972274,-13.083825942755,6.2));
#6711=CARTESIAN_POINT('',(6.82621005972274,-13.083825942755,6.6));
#6712=CARTESIAN_POINT('',(7.22621005972275,-10.9528697795523,6.6));
#6713=CARTESIAN_POINT('',(4.71277941516952,-13.0350639016685,4.08656935544675));
#6714=CARTESIAN_POINT('',(7.06374631302353,-18.7108000711578,6.43753625330078));
#6715=CARTESIAN_POINT('',(7.97883914647041,-18.5289851299451,7.35262908674766));
#6716=CARTESIAN_POINT('',(7.22621005972275,-18.6785210110716,6.6));
#6717=CARTESIAN_POINT('',(7.22621005972275,-14.5998677800001,6.6));
#6718=CARTESIAN_POINT('',(7.22621005972275,-13.083825942755,6.6));
#6719=CARTESIAN_POINT('',(7.22621005972275,-13.083825942755,6.6));
#6720=CARTESIAN_POINT('',(0.00121005972079924,-8.53138075029306,0.6));
#6721=CARTESIAN_POINT('',(4.90121005972075,-22.4584748077211,0.6));
#6722=CARTESIAN_POINT('',(4.90121005972075,-8.56422003948037,0.6));
#6723=CARTESIAN_POINT('',(2.43479041512712,-6.09780039488674,0.6));
#6724=CARTESIAN_POINT('',(4.8562353128907,-8.51924529265032,0.6));
#6725=CARTESIAN_POINT('',(5.02192073783994,-8.51924529265032,0.6));
#6726=CARTESIAN_POINT('',(-4.85381519344907,-8.51924529265032,0.6));
#6727=CARTESIAN_POINT('',(-2.4323702956855,-6.09780039488676,0.6));
#6728=CARTESIAN_POINT('',(-4.89878994027916,-8.56422003948041,0.6));
#6729=CARTESIAN_POINT('',(-4.89878994027916,-8.53138075029306,0.6));
#6730=CARTESIAN_POINT('',(-4.89878994027916,-8.53138075029306,0.6));
#6731=CARTESIAN_POINT('',(-4.90505382352946,-8.56162545408501,0.606263883250293));
#6732=CARTESIAN_POINT('',(-3.83784271127927,-9.41029821272087,-0.460947228999894));
#6733=CARTESIAN_POINT('',(4.90121005972075,-8.53138075029306,0.6));
#6734=CARTESIAN_POINT('',(3.84026283072085,-9.41029821272089,-0.460947228999902));
#6735=CARTESIAN_POINT('',(5.2097887034835,-8.43640258017513,0.908578643762752));
#6736=CARTESIAN_POINT('',(14.6011753035193,-10.9528697795523,6.6));
#6737=CARTESIAN_POINT('',(11.3335615496622,-18.6785210110716,6.6));
#6738=CARTESIAN_POINT('',(11.4643845662749,-18.6785210110716,6.6));
#6739=CARTESIAN_POINT('',(11.4643845662749,-18.6785210110716,6.60000000000001));
#6740=CARTESIAN_POINT('',(11.8375251230983,-18.6790345685023,6.60000000000001));
#6741=CARTESIAN_POINT('',(12.2164669569676,-18.5862822344475,6.60000000000001));
#6742=CARTESIAN_POINT('',(12.6012100678831,-18.4002640089072,6.60000000000001));
#6743=CARTESIAN_POINT('',(12.6012100597207,-18.4002640089072,6.6));
#6744=CARTESIAN_POINT('',(12.6012100597207,-13.3926050186667,6.6));
#6745=CARTESIAN_POINT('',(12.6012100597207,-9.46459821835218,6.6));
#6746=CARTESIAN_POINT('',(13.5012100597207,-9.46459821835218,6.6));
#6747=CARTESIAN_POINT('',(12.6064677123695,-9.36745846409984,6.6));
#6748=CARTESIAN_POINT('',(13.5241896415331,-8.8886470675988,6.6));
#6749=CARTESIAN_POINT('',(8.03236110071134,-11.753948646882,6.6));
#6750=CARTESIAN_POINT('',(8.72621005972274,-13.083825942755,6.6));
#6751=CARTESIAN_POINT('',(10.3339057257207,6.59999999699987,2.2));
#6752=CARTESIAN_POINT('',(0.00121005972079924,-8.11924529265032,2.2));
#6753=CARTESIAN_POINT('',(-5.01950061839825,-8.11924529265026,2.2));
#6754=CARTESIAN_POINT('',(5.02192073783994,-8.11924529265032,2.2));
#6755=CARTESIAN_POINT('',(5.02192073783994,-8.0471213318172,2.2));
#6756=CARTESIAN_POINT('',(5.02192073783994,-7.95634882592828,2.2));
#6757=CARTESIAN_POINT('',(5.02192073783994,6.59999999699987,2.2));
#6758=CARTESIAN_POINT('',(5.02192073783994,3.38387114339576,2.2));
#6759=CARTESIAN_POINT('',(0.00121005972084087,-1.87499737098413,2.2));
#6760=CARTESIAN_POINT('',(-5.01950061839825,3.38387114339577,2.2));
#6761=CARTESIAN_POINT('',(-5.01950061839825,-6.53183520027056,2.2));
#6762=CARTESIAN_POINT('',(-5.01950061839836,-7.95634882592829,2.2));
#6763=CARTESIAN_POINT('',(-5.01950061839836,-8.04712133181724,2.2));
#6764=CARTESIAN_POINT('',(0.00121005972283927,-0.781020876240717,4.));
#6765=CARTESIAN_POINT('',(-1.51576866092965,-4.6155133351817,4.));
#6766=CARTESIAN_POINT('',(-5.01950061839775,-8.1192452926498,4.));
#6767=CARTESIAN_POINT('',(-5.01950061839775,-0.781020876240717,4.));
#6768=CARTESIAN_POINT('',(-5.01950061839775,3.33567696001399,4.));
#6769=CARTESIAN_POINT('',(0.0512100597207521,-1.87499737098413,4.));
#6770=CARTESIAN_POINT('',(-4.61950061839725,3.69704853031843,4.));
#6771=CARTESIAN_POINT('',(-4.61950061839725,-0.781020876240717,4.));
#6772=CARTESIAN_POINT('',(-4.61950061839725,3.76997290227804,4.));
#6773=CARTESIAN_POINT('',(0.00121005972084087,-1.87499737098413,4.));
#6774=CARTESIAN_POINT('',(-4.03578890259295,4.20112770468417,4.));
#6775=CARTESIAN_POINT('',(0.00121005972283927,17.6410635391986,4.));
#6776=CARTESIAN_POINT('',(-7.36094014315426,5.69418192733514,4.));
#6777=CARTESIAN_POINT('',(-9.49878994027516,2.22499999999979,4.));
#6778=CARTESIAN_POINT('',(-11.5362899402752,5.75405352042139,4.));
#6779=CARTESIAN_POINT('',(-13.3368031047875,4.71452676021074,4.));
#6780=CARTESIAN_POINT('',(-14.6732146541623,3.94294919243106,4.));
#6781=CARTESIAN_POINT('',(-15.6732146541622,5.675,4.));
#6782=CARTESIAN_POINT('',(-15.6732146541622,3.67499999999994,4.));
#6783=CARTESIAN_POINT('',(-18.4430533737991,3.67499999999994,4.));
#6784=CARTESIAN_POINT('',(-21.7487904782983,3.67499999999994,4.));
#6785=CARTESIAN_POINT('',(-21.7487904782983,-5.22585447138013E-14,4.));
#6786=CARTESIAN_POINT('',(-23.4487204278762,-3.25819937488924,4.));
#6787=CARTESIAN_POINT('',(-15.1362551840768,-7.59513735715745,4.));
#6788=CARTESIAN_POINT('',(-7.94747645389256,-11.3458041697873,4.));
#6789=CARTESIAN_POINT('',(-8.87260839924106,-13.1189738976182,4.));
#6790=CARTESIAN_POINT('',(2.56342027808418,-2.59277709646956,4.));
#6791=CARTESIAN_POINT('',(0.00121005972283927,-0.781020876240717,4.));
#6792=CARTESIAN_POINT('',(8.72621005972274,-13.083825942755,4.));
#6793=CARTESIAN_POINT('',(7.84733471164134,-11.3993147013158,4.));
#6794=CARTESIAN_POINT('',(18.2680206158164,-5.9624356078587,4.));
#6795=CARTESIAN_POINT('',(23.451140547318,-3.25819937488924,4.));
#6796=CARTESIAN_POINT('',(21.7512105977401,-5.72458747072346E-14,4.));
#6797=CARTESIAN_POINT('',(21.7512105977401,3.67499999999994,4.));
#6798=CARTESIAN_POINT('',(18.445473493243,3.67499999999994,4.));
#6799=CARTESIAN_POINT('',(15.6756347736079,3.67499999999994,4.));
#6800=CARTESIAN_POINT('',(15.6756347736079,5.675,4.));
#6801=CARTESIAN_POINT('',(14.6756347736079,3.94294919243107,4.));
#6802=CARTESIAN_POINT('',(13.3392232242331,4.71452676021074,4.));
#6803=CARTESIAN_POINT('',(11.5387100597207,5.75405352042139,4.));
#6804=CARTESIAN_POINT('',(9.50121005972075,2.2249999999998,4.));
#6805=CARTESIAN_POINT('',(7.36336026259996,5.69418192733514,4.));
#6806=CARTESIAN_POINT('',(0.00121005972283927,17.6410635391986,4.));
#6807=CARTESIAN_POINT('',(4.03820902203594,4.20112770468334,4.));
#6808=CARTESIAN_POINT('',(0.00121005972084087,-1.87499737098413,4.));
#6809=CARTESIAN_POINT('',(4.62192073783894,3.76997290227803,4.));
#6810=CARTESIAN_POINT('',(4.62192073783894,-3.69672495596217,4.));
#6811=CARTESIAN_POINT('',(4.62192073783894,3.69704853031838,4.));
#6812=CARTESIAN_POINT('',(-0.0487899402791536,-1.87499737098413,4.));
#6813=CARTESIAN_POINT('',(5.02192073783954,3.33567696001392,4.));
#6814=CARTESIAN_POINT('',(5.02192073783954,-0.781020876240717,4.));
#6815=CARTESIAN_POINT('',(5.02192073783954,-8.11924529264982,4.));
#6816=CARTESIAN_POINT('',(1.51818878037434,-4.61551333518451,4.));
#6817=CARTESIAN_POINT('',(-2.59354579794759,-2.61579033872299,4.));
#6818=CARTESIAN_POINT('',(-5.29878994027916,-0.289789601030912,27.3));
#6819=CARTESIAN_POINT('',(-5.29878994027916,-0.289789601030937,3.32071067811819));
#6820=CARTESIAN_POINT('',(-5.29878994027916,-7.57499737098414,3.32071067811821));
#6821=CARTESIAN_POINT('',(-5.29878994027916,3.50203712769634,3.32071067811812));
#6822=CARTESIAN_POINT('',(-5.29878994027916,-7.57499737098414,2.47928932188088));
#6823=CARTESIAN_POINT('',(-5.29878994027916,-7.57499737098414,2.4792893218809));
#6824=CARTESIAN_POINT('',(-5.29878994027916,-0.289789601030912,2.4792893218809));
#6825=CARTESIAN_POINT('',(-5.29878994027916,3.50203712769634,2.47928932188088));
#6826=CARTESIAN_POINT('',(-5.29878994027916,3.50203712769634,27.3));
#6827=CARTESIAN_POINT('',(-5.28414527933846,-0.289789601030937,3.3353553390588));
#6828=CARTESIAN_POINT('',(-5.01950061839836,-0.289789601030937,3.5999999999989));
#6829=CARTESIAN_POINT('',(-5.01950061839836,-7.95634882592826,3.59999999999891));
#6830=CARTESIAN_POINT('',(-5.01950061839836,-8.11924529265034,3.59999999999896));
#6831=CARTESIAN_POINT('',(-4.89878994027916,-7.57499737098414,3.72071067811812));
#6832=CARTESIAN_POINT('',(0.00121005972084087,-1.87499737098413,8.62071067811805));
#6833=CARTESIAN_POINT('',(-4.87452587156716,3.88952334875889,3.74497474683006));
#6834=CARTESIAN_POINT('',(-4.87452587156716,3.88952334875889,3.74497474683006));
#6835=CARTESIAN_POINT('',(-4.78943009693537,3.85004589979811,3.83007052146185));
#6836=CARTESIAN_POINT('',(-4.70442001404818,3.8102028552331,3.91508060434907));
#6837=CARTESIAN_POINT('',(-4.61950061839725,3.76997290227804,4.));
#6838=CARTESIAN_POINT('',(-4.61950061839728,3.69704853031846,3.99999999999996));
#6839=CARTESIAN_POINT('',(-4.6881282207843,3.54997308778127,3.93137239761295));
#6840=CARTESIAN_POINT('',(-4.75484241322445,3.4011793829238,3.86465820517274));
#6841=CARTESIAN_POINT('',(-4.81950061839746,3.25053937980812,3.79999999999973));
#6842=CARTESIAN_POINT('',(-4.81950061839775,3.25053937980815,3.8));
#6843=CARTESIAN_POINT('',(-4.81950061839775,-0.289789601030937,3.8));
#6844=CARTESIAN_POINT('',(-4.81950061839775,-7.91924529264981,3.8));
#6845=CARTESIAN_POINT('',(-2.58611182848525,-5.68585650273728,6.03338878991201));
#6846=CARTESIAN_POINT('',(-5.08414527933845,-6.53183520027056,2.2646446609402));
#6847=CARTESIAN_POINT('',(-4.89878994027916,-7.57499737098414,2.07928932188087));
#6848=CARTESIAN_POINT('',(-5.01950061839825,3.38387114339577,2.2));
#6849=CARTESIAN_POINT('',(-5.11251585516203,3.423667590511,2.29301523676379));
#6850=CARTESIAN_POINT('',(-5.20561394306693,3.46304797972293,2.38611332466868));
#6851=CARTESIAN_POINT('',(-5.29878994027913,3.50203712769639,2.47928932188089));
#6852=CARTESIAN_POINT('',(0.00121005972084087,-1.87499737098413,3.54748737341477));
#6853=CARTESIAN_POINT('',(4.03820902203593,4.20112770468336,3.99999999999999));
#6854=CARTESIAN_POINT('',(3.46130126913825,4.02783997262312,4.4635922743044));
#6855=CARTESIAN_POINT('',(2.2630921065953,3.74075391821289,5.32774193450599));
#6856=CARTESIAN_POINT('',(0.394160192825626,3.57553865000723,5.92951538687456));
#6857=CARTESIAN_POINT('',(-1.13995712266644,3.6396310782718,5.69749418690232));
#6858=CARTESIAN_POINT('',(-2.5444042682364,3.81130889296647,5.11428153110108));
#6859=CARTESIAN_POINT('',(-3.45824973808322,4.02765031338331,4.46409966486003));
#6860=CARTESIAN_POINT('',(-4.03578890259296,4.20112770468418,4.00000000000002));
#6861=CARTESIAN_POINT('',(0.00121005972084087,-1.87499737098413,3.74497474683006));
#6862=CARTESIAN_POINT('',(4.87694599100895,3.88952334875889,3.74497474683006));
#6863=CARTESIAN_POINT('',(4.87694599100895,3.88952334875889,3.74497474683006));
#6864=CARTESIAN_POINT('',(4.79185021637714,3.8500458997981,3.83007052146186));
#6865=CARTESIAN_POINT('',(4.70684013348989,3.8102028552331,3.91508060434905));
#6866=CARTESIAN_POINT('',(4.62192073783894,3.76997290227804,4.));
#6867=CARTESIAN_POINT('',(13.0012100597207,-10.820566603428,8.80000000000781));
#6868=CARTESIAN_POINT('',(12.6012100597207,-9.46459821835218,8.4000000000078));
#6869=CARTESIAN_POINT('',(12.6012100597207,-19.7188846148163,8.4000000000078));
#6870=CARTESIAN_POINT('',(12.6012100597207,-9.46459821835218,8.4000000000078));
#6871=CARTESIAN_POINT('',(12.6012042910153,-19.7188846148163,8.39999423130239));
#6872=CARTESIAN_POINT('',(12.6803256033036,-19.7875999309688,8.47911554359063));
#6873=CARTESIAN_POINT('',(12.7594469155918,-19.8563152471214,8.55823685587886));
#6874=CARTESIAN_POINT('',(12.83856822788,-19.9250305632739,8.63735816816709));
#6875=CARTESIAN_POINT('',(13.0012100597207,-9.46459821835218,8.80000000000781));
#6876=CARTESIAN_POINT('',(12.6012100597207,-13.3926050186671,-284.461612105182));
#6877=CARTESIAN_POINT('',(12.6012100597207,-18.4002633575506,6.6000025283216));
#6878=CARTESIAN_POINT('',(12.6012100597207,-18.4055881213911,6.57942618451659));
#6879=CARTESIAN_POINT('',(12.6012100597207,-18.4109128852315,6.55884984071157));
#6880=CARTESIAN_POINT('',(12.6012100597207,-18.416237649072,6.53827349690656));
#6881=CARTESIAN_POINT('',(12.6012100597207,-18.416237649072,6.53827349690669));
#6882=CARTESIAN_POINT('',(12.6012100597207,-18.4162376490674,6.53827349690056));
#6883=CARTESIAN_POINT('',(12.6012100597207,-18.4318734570179,6.55884578872205));
#6884=CARTESIAN_POINT('',(12.6012100597207,-18.4475092649684,6.57941808054354));
#6885=CARTESIAN_POINT('',(12.6012100597207,-18.4631450729189,6.59999037236503));
#6886=CARTESIAN_POINT('',(12.6012100597207,-18.4631487928997,6.5999951861824));
#6887=CARTESIAN_POINT('',(12.6012100597207,-18.4631525128804,6.60000018618406));
#6888=CARTESIAN_POINT('',(12.6012100597207,-18.9383146235069,7.22677183915175));
#6889=CARTESIAN_POINT('',(12.6012100597207,-19.3568915317305,7.82676833990792));
#6890=CARTESIAN_POINT('',(12.6012100597207,-19.7188832375513,8.39998968845257));
#6891=CARTESIAN_POINT('',(12.6012100597207,-9.46459821835218,-284.461612105182));
#6892=CARTESIAN_POINT('',(13.5012100597207,-9.46459821835218,-284.461612105182));
#6893=CARTESIAN_POINT('',(13.5012100597207,-9.46459821835218,8.4000000000078));
#6894=CARTESIAN_POINT('',(13.0849006843139,-8.6666718408283,8.4000000000078));
#6895=CARTESIAN_POINT('',(13.0849006843139,-8.6666718408283,-284.461612105182));
#6896=CARTESIAN_POINT('',(13.0849006843139,-8.6666718408283,6.2));
#6897=CARTESIAN_POINT('',(13.5012100597207,-9.46459821835218,7.1));
#6898=CARTESIAN_POINT('',(13.5012100597207,-9.46459821835218,8.80000000000781));
#6899=CARTESIAN_POINT('',(13.2699270733837,-9.02130578639448,8.80000000000781));
#6900=CARTESIAN_POINT('',(5.30121005972074,-0.289789601030912,27.3));
#6901=CARTESIAN_POINT('',(5.30121005972074,-0.289789601030912,2.4792893218809));
#6902=CARTESIAN_POINT('',(5.30121005972074,-7.57499737098414,2.4792893218809));
#6903=CARTESIAN_POINT('',(5.30121005972735,3.50203712769893,2.47928932188705));
#6904=CARTESIAN_POINT('',(5.30121005972074,-7.57499737098414,3.32071067811813));
#6905=CARTESIAN_POINT('',(5.30121005972074,-7.57499737098414,3.3207106781182));
#6906=CARTESIAN_POINT('',(5.30121005972074,-3.69672495596217,3.32071067811819));
#6907=CARTESIAN_POINT('',(5.30121005972074,3.50203712769635,3.32071067811812));
#6908=CARTESIAN_POINT('',(5.30121005972074,3.50203712769635,27.3));
#6909=CARTESIAN_POINT('',(2.14350859434775,-14.8263931453265,8.80000000000781));
#6910=CARTESIAN_POINT('',(22.6011755725292,-1.62909968744477,6.56250000000781));
#6911=CARTESIAN_POINT('',(23.451140547318,-3.25819937488924,8.4000000000079));
#6912=CARTESIAN_POINT('',(21.8901468141903,-4.0726308116203,8.4000000000078));
#6913=CARTESIAN_POINT('',(18.2680206158159,-5.96243560785877,-284.461612105182));
#6914=CARTESIAN_POINT('',(7.84733471164134,-11.3993147013158,6.6));
#6915=CARTESIAN_POINT('',(7.84733471164134,-11.3993147013158,6.2));
#6916=CARTESIAN_POINT('',(18.2680206158162,-5.9624356078587,6.2));
#6917=CARTESIAN_POINT('',(23.451140547318,-3.25819937488924,-284.461612105182));
#6918=CARTESIAN_POINT('',(-15.1362551840767,-7.59513735715752,-284.461612105182));
#6919=CARTESIAN_POINT('',(-23.4487204278762,-3.25819937488924,-284.461612105182));
#6920=CARTESIAN_POINT('',(-23.4487204278762,-3.25819937488924,8.40000000000781));
#6921=CARTESIAN_POINT('',(-7.94747645389256,-11.3458041697873,8.40000000000781));
#6922=CARTESIAN_POINT('',(-7.94747645389256,-11.3458041697873,8.40000000000781));
#6923=CARTESIAN_POINT('',(-7.94747645389256,-11.3458041697873,4.));
#6924=CARTESIAN_POINT('',(21.7512105977401,-5.72458747072346E-14,-284.461612105182));
#6925=CARTESIAN_POINT('',(21.7512105977401,-5.72458747072346E-14,8.4000000000079));
#6926=CARTESIAN_POINT('',(21.7512105977401,3.67499999999994,8.4000000000079));
#6927=CARTESIAN_POINT('',(21.7512105977401,3.67499999999994,-284.461612105182));
#6928=CARTESIAN_POINT('',(18.445473493243,3.67499999999994,-284.461612105182));
#6929=CARTESIAN_POINT('',(15.6756347736079,3.67499999999994,8.40000000000781));
#6930=CARTESIAN_POINT('',(15.6756347736079,3.67499999999994,8.40000000000781));
#6931=CARTESIAN_POINT('',(15.6756347736079,3.67499999999994,4.));
#6932=CARTESIAN_POINT('',(13.3392232242333,4.71452676021067,-284.461612105182));
#6933=CARTESIAN_POINT('',(14.6756347736079,3.94294919243107,8.80000000000783));
#6934=CARTESIAN_POINT('',(14.6756347736079,3.94294919243107,8.40000000000781));
#6935=CARTESIAN_POINT('',(13.3392232242333,4.71452676021067,8.40000000000781));
#6936=CARTESIAN_POINT('',(11.5387100597207,5.75405352042139,8.40000000000781));
#6937=CARTESIAN_POINT('',(11.5387100597207,5.75405352042139,-284.461612105182));
#6938=CARTESIAN_POINT('',(9.50121005972075,2.2249999999998,-284.461612105182));
#6939=CARTESIAN_POINT('',(9.50121005972075,2.2249999999998,8.40000000000781));
#6940=CARTESIAN_POINT('',(7.36336026259996,5.69418192733514,8.40000000000781));
#6941=CARTESIAN_POINT('',(7.36336026259996,5.69418192733514,-284.461612105182));
#6942=CARTESIAN_POINT('',(0.00121005972283927,17.6410635391986,-284.461612105182));
#6943=CARTESIAN_POINT('',(0.00121005972283927,17.6410635391986,8.40000000000781));
#6944=CARTESIAN_POINT('',(-7.36094014315426,5.69418192733514,8.40000000000781));
#6945=CARTESIAN_POINT('',(-7.36094014315426,5.69418192733514,-284.461612105182));
#6946=CARTESIAN_POINT('',(-9.49878994027516,2.22499999999979,-284.461612105182));
#6947=CARTESIAN_POINT('',(-9.49878994027516,2.22499999999979,8.40000000000781));
#6948=CARTESIAN_POINT('',(-11.5362899402752,5.75405352042139,8.40000000000781));
#6949=CARTESIAN_POINT('',(-11.5362899402752,5.75405352042139,-284.461612105182));
#6950=CARTESIAN_POINT('',(-13.3368031047876,4.71452676021067,-284.461612105182));
#6951=CARTESIAN_POINT('',(-14.6732146541623,3.94294919243107,8.40000000000781));
#6952=CARTESIAN_POINT('',(-14.6732146541623,3.94294919243107,8.40000000000781));
#6953=CARTESIAN_POINT('',(-14.6732146541623,3.94294919243107,-284.461612105182));
#6954=CARTESIAN_POINT('',(-18.4430533737991,3.67499999999994,-284.461612105182));
#6955=CARTESIAN_POINT('',(-15.6732146541622,3.67499999999994,-284.461612105182));
#6956=CARTESIAN_POINT('',(-15.6732146541622,3.67499999999994,8.40000000000781));
#6957=CARTESIAN_POINT('',(-21.7487904782983,3.67499999999994,8.40000000000781));
#6958=CARTESIAN_POINT('',(-21.7487904782983,3.67499999999994,8.40000000000781));
#6959=CARTESIAN_POINT('',(-21.7487904782983,3.67499999999994,-284.461612105182));
#6960=CARTESIAN_POINT('',(-21.7487904782983,-5.22585447138013E-14,-284.461612105182));
#6961=CARTESIAN_POINT('',(-21.7487904782983,-5.22585447138013E-14,8.40000000000781));
#6962=CARTESIAN_POINT('',(21.7512105977401,-5.72458747072346E-14,8.4000000000079));
#6963=CARTESIAN_POINT('',(21.7512105977401,1.83749999999998,6.56250000000785));
#6964=CARTESIAN_POINT('',(4.48656539878034,-3.69672495596217,4.13535533905879));
#6965=CARTESIAN_POINT('',(4.90121005972075,-7.57499737098414,3.72071067811812));
#6966=CARTESIAN_POINT('',(5.02192073783994,-7.95634882592828,3.59999999999898));
#6967=CARTESIAN_POINT('',(5.02192073783994,-3.69672495596217,3.59999999999898));
#6968=CARTESIAN_POINT('',(5.02192073783994,-8.11924529265028,3.599999999999));
#6969=CARTESIAN_POINT('',(3.19084373290395,-6.28816828771437,5.4310770049349));
#6970=CARTESIAN_POINT('',(4.82192073783955,-7.91924529264981,3.8));
#6971=CARTESIAN_POINT('',(4.82192073783955,-3.69672495596217,3.8));
#6972=CARTESIAN_POINT('',(4.82192073783955,3.25053937980812,3.8));
#6973=CARTESIAN_POINT('',(4.82192073783955,3.25053937980812,3.8));
#6974=CARTESIAN_POINT('',(4.75726253266651,3.4011793829239,3.86465820517304));
#6975=CARTESIAN_POINT('',(4.69054834022604,3.54997308778129,3.93137239761309));
#6976=CARTESIAN_POINT('',(4.62192073783906,3.6970485303184,4.00000000000007));
#6977=CARTESIAN_POINT('',(0.00121005972084087,-1.87499737098413,8.62071067811805));
#6978=CARTESIAN_POINT('',(0.00121005972084087,-1.87499737098413,27.3));
#6979=CARTESIAN_POINT('',(0.00121005972084087,-1.87499737098413,2.4792893218809));
#6980=CARTESIAN_POINT('',(5.28656539878034,-0.289789601030912,2.4646446609402));
#6981=CARTESIAN_POINT('',(4.90121005972075,-7.57499737098414,2.07928932188086));
#6982=CARTESIAN_POINT('',(5.30121005972729,3.50203712769881,2.47928932188715));
#6983=CARTESIAN_POINT('',(5.20803406251297,3.46304797972448,2.38611332467283));
#6984=CARTESIAN_POINT('',(5.11493597460583,3.4236675905119,2.29301523676589));
#6985=CARTESIAN_POINT('',(5.02192073783994,3.38387114339576,2.2));
#6986=CARTESIAN_POINT('',(0.00121005972084087,-1.87499737098413,2.2646446609402));
#6987=CARTESIAN_POINT('',(-0.0487899402791536,-1.87499737098413,4.));
#6988=CARTESIAN_POINT('',(4.82192073783955,3.25053937980815,3.8));
#6989=CARTESIAN_POINT('',(4.88854143749781,3.27913453898353,3.86662069965826));
#6990=CARTESIAN_POINT('',(4.95520879329415,3.30751049466284,3.93328805545461));
#6991=CARTESIAN_POINT('',(5.02192073783954,3.33567696001393,4.));
#6992=CARTESIAN_POINT('',(5.02192073783954,-0.781020876240717,4.));
#6993=CARTESIAN_POINT('',(4.91550779932536,-8.01283235413567,3.89358706148541));
#6994=CARTESIAN_POINT('',(-5.01950061839775,-0.781020876240717,4.));
#6995=CARTESIAN_POINT('',(-2.57342581292837,-5.67317048718031,1.55392519452969));
#6996=CARTESIAN_POINT('',(-4.81950061839775,3.25053937980815,3.8));
#6997=CARTESIAN_POINT('',(-4.88612131805602,3.27913453898354,3.86662069965827));
#6998=CARTESIAN_POINT('',(-4.95278867385236,3.30751049466288,3.9332880554546));
#6999=CARTESIAN_POINT('',(-5.01950061839775,3.33567696001398,4.));
#7000=CARTESIAN_POINT('',(0.0512100597207521,-1.87499737098413,4.));
#7001=CARTESIAN_POINT('',(1.92834388876454,-1.17140078548747,3.7999999999992));
#7002=CARTESIAN_POINT('',(-5.01950061839834,-8.11924529265032,0.6));
#7003=CARTESIAN_POINT('',(-5.01950061839834,-8.11924529265032,1.));
#7004=CARTESIAN_POINT('',(-5.01950061839836,-8.11924529265034,4.002));
#7005=CARTESIAN_POINT('',(1.92834388876453,-1.17140078548746,1.));
#7006=CARTESIAN_POINT('',(4.96230133006834,-8.05962588487874,3.7999999999992));
#7007=CARTESIAN_POINT('',(5.02192073783994,-8.11924529265028,4.002));
#7008=CARTESIAN_POINT('',(5.02192073783994,-8.11924529265032,0.6));
#7009=CARTESIAN_POINT('',(5.02192073783994,-8.11924529265032,1.));
#7010=CARTESIAN_POINT('',(4.96230133006835,-8.05962588487872,1.));
#7011=CARTESIAN_POINT('',(15.6756347736079,5.675,-284.461612105182));
#7012=CARTESIAN_POINT('',(15.6756347736079,5.675,8.40000000000781));
#7013=CARTESIAN_POINT('',(-15.6732146541622,5.675,-284.461612105182));
#7014=CARTESIAN_POINT('',(-15.6732146541622,5.675,8.40000000000781));
#7015=CARTESIAN_POINT('',(-8.87260839924106,-13.1189738976182,-284.461612105182));
#7016=CARTESIAN_POINT('',(-8.87260839924106,-13.1189738976182,8.40000000000781));
#7017=CARTESIAN_POINT('',(18.445473493243,3.67499999999994,8.40000000000781));
#7018=CARTESIAN_POINT('',(15.6756347736079,3.67499999999994,8.40000000000781));
#7019=CARTESIAN_POINT('',(15.6756347736079,5.675,8.80000000000783));
#7020=CARTESIAN_POINT('',(14.6756347736079,3.94294919243107,8.40000000000781));
#7021=CARTESIAN_POINT('',(13.3392232242333,4.71452676021067,8.40000000000781));
#7022=CARTESIAN_POINT('',(11.5387100597207,5.75405352042138,8.40000000000781));
#7023=CARTESIAN_POINT('',(9.50121005972075,2.2249999999998,8.40000000000781));
#7024=CARTESIAN_POINT('',(7.36336026259996,5.69418192733514,8.40000000000781));
#7025=CARTESIAN_POINT('',(0.00121005972283927,17.6410635391986,8.40000000000781));
#7026=CARTESIAN_POINT('',(-7.36094014315426,5.69418192733515,8.40000000000781));
#7027=CARTESIAN_POINT('',(-9.49878994027516,2.22499999999979,8.40000000000781));
#7028=CARTESIAN_POINT('',(-11.5362899402752,5.75405352042139,8.40000000000781));
#7029=CARTESIAN_POINT('',(-13.3368031047876,4.71452676021067,8.40000000000781));
#7030=CARTESIAN_POINT('',(-14.6732146541623,3.94294919243107,8.40000000000781));
#7031=CARTESIAN_POINT('',(-15.6732146541622,5.675,8.80000000000783));
#7032=CARTESIAN_POINT('',(-15.6732146541622,3.67499999999994,8.40000000000781));
#7033=CARTESIAN_POINT('',(-18.4430533737991,3.67499999999994,8.40000000000781));
#7034=CARTESIAN_POINT('',(-21.7487904782983,3.67499999999994,8.40000000000781));
#7035=CARTESIAN_POINT('',(-21.7487904782983,-5.22585447138013E-14,8.80000000000783));
#7036=CARTESIAN_POINT('',(-23.4487204278762,-3.25819937488926,8.40000000000781));
#7037=CARTESIAN_POINT('',(-2.05886587814026,-14.8692918874512,8.80000000000781));
#7038=CARTESIAN_POINT('',(-7.94747645389256,-11.3458041697873,8.40000000000781));
#7039=CARTESIAN_POINT('',(-8.87260839924106,-13.1189738976182,8.80000000000783));
#7040=CARTESIAN_POINT('',(8.72621005972274,-13.083825942755,6.6));
#7041=CARTESIAN_POINT('',(8.72621005972274,-13.083825942755,6.2));
#7042=CARTESIAN_POINT('',(18.2680206158162,-5.9624356078587,6.2));
#7043=CARTESIAN_POINT('',(8.03236110071134,-11.753948646882,6.6));
#7044=CARTESIAN_POINT('',(8.72621005972274,-13.083825942755,6.6));
#7045=CARTESIAN_POINT('',(5.02192073783994,-8.0471213318172,4.002));
#7046=CARTESIAN_POINT('',(5.02192073783994,-7.95634882592828,2.89999999999949));
#7047=CARTESIAN_POINT('',(-5.01950061839836,-8.04712133181724,4.002));
#7048=CARTESIAN_POINT('',(-5.01950061839836,-7.95634882592826,2.8999999999995));
#7049=CARTESIAN_POINT('',(-4.89878994027916,-7.57499737098414,4.002));
#7050=CARTESIAN_POINT('',(4.90121005972075,-7.57499737098414,4.002));
#7051=CARTESIAN_POINT('',(0.00121005972079924,-8.11924529265032,0.6));
#7052=CARTESIAN_POINT('',(-5.01950061839834,-8.11924529265032,1.));
#7053=CARTESIAN_POINT('',(-2.4323702956855,-6.09780039488675,0.6));
#7054=CARTESIAN_POINT('',(-5.12437533007178,-7.8660553413783,1.25318995127202));
#7055=CARTESIAN_POINT('',(0.00121005972079924,-8.51924529265032,0.6));
#7056=CARTESIAN_POINT('',(4.47264669304348,-9.44531014105742,-0.326064848407103));
#7057=CARTESIAN_POINT('',(4.96230133006835,-8.05962588487872,1.));
#7058=CARTESIAN_POINT('',(0.00121032874534493,-20.3373368268838,8.4));
#7059=CARTESIAN_POINT('',(-6.87260839924104,-20.3373368268838,8.4));
#7060=CARTESIAN_POINT('',(-10.7706858724917,-20.3373368268838,8.4));
#7061=CARTESIAN_POINT('',(-10.7706858724917,-20.3373368268838,8.8));
#7062=CARTESIAN_POINT('',(-10.7706858724917,-21.303022251833,8.8));
#7063=CARTESIAN_POINT('',(-10.7706858724917,-20.6201795393584,8.11715728752538));
#7064=CARTESIAN_POINT('',(-11.086521346049,-20.3373368268783,8.8));
#7065=CARTESIAN_POINT('',(-11.2255133617158,-21.2638599433203,8.80000000000021));
#7066=CARTESIAN_POINT('',(-11.1320077731826,-20.6285811390531,8.12555888722007));
#7067=CARTESIAN_POINT('',(-11.7465462871152,-20.1833626592346,8.8));
#7068=CARTESIAN_POINT('',(-12.0499980218246,-20.95925062117,8.79999999999953));
#7069=CARTESIAN_POINT('',(-11.8829931967568,-20.4795637189215,8.1542039682271));
#7070=CARTESIAN_POINT('',(-12.3822373790829,-19.7404569577387,8.8));
#7071=CARTESIAN_POINT('',(-12.7899890048024,-20.298081912868,8.80000000000065));
#7072=CARTESIAN_POINT('',(-12.5984543026631,-20.0173223196703,8.20300760915501));
#7073=CARTESIAN_POINT('',(-12.6744814552087,-19.4603412319307,8.8));
#7074=CARTESIAN_POINT('',(-13.1089502025421,-19.9136214513891,8.8));
#7075=CARTESIAN_POINT('',(-12.9253357757634,-19.7220569529601,8.23095269530372));
#7076=CARTESIAN_POINT('',(-7.27260839924106,-14.7030222518331,2.2));
#7077=CARTESIAN_POINT('',(-5.69878994027916,-14.7030222518331,2.2));
#7078=CARTESIAN_POINT('',(5.30121005972074,-19.7635632139574,7.82622638707355));
#7079=CARTESIAN_POINT('',(12.6012100597207,-18.2340434832072,6.3014464347989));
#7080=CARTESIAN_POINT('',(12.6012100597207,-18.8801980610004,7.13345985096022));
#7081=CARTESIAN_POINT('',(12.6012100597207,-19.4409236650332,7.9374929104639));
#7082=CARTESIAN_POINT('',(12.6012100597207,-19.8903224261745,8.67653866739942));
#7083=CARTESIAN_POINT('',(12.9278864473519,-18.30495839305,6.24637898298921));
#7084=CARTESIAN_POINT('',(12.9366548365303,-18.9495444206824,7.08320009120519));
#7085=CARTESIAN_POINT('',(12.9447504894909,-19.5075917741462,7.89290202682252));
#7086=CARTESIAN_POINT('',(12.9518002592696,-19.9533242210031,8.63821836253923));
#7087=CARTESIAN_POINT('',(12.6012100597207,-18.416237649072,6.5382734969067));
#7088=CARTESIAN_POINT('',(12.7109307238058,-18.3835087577516,6.44661661283545));
#7089=CARTESIAN_POINT('',(12.8198803007652,-18.3502382713422,6.35426502619175));
#7090=CARTESIAN_POINT('',(12.9280423896826,-18.3164181873719,6.2612654281851));
#7091=CARTESIAN_POINT('',(11.4643845662749,-18.6785210110716,6.6));
#7092=CARTESIAN_POINT('',(11.9304517547175,-18.6791624644421,6.6));
#7093=CARTESIAN_POINT('',(12.4241632447401,-18.5275774766144,6.6));
#7094=CARTESIAN_POINT('',(12.8934306795454,-18.2404199907195,6.6));
#7095=CARTESIAN_POINT('',(11.4643845662749,-18.74888305054,6.24586079870696));
#7096=CARTESIAN_POINT('',(11.9454235810616,-18.7523008878389,6.24861517635307));
#7097=CARTESIAN_POINT('',(12.454091713793,-18.6008782701198,6.25397795881281));
#7098=CARTESIAN_POINT('',(12.9367265495493,-18.3112640757525,6.26137273601715));
#7099=CARTESIAN_POINT('',(11.4643845662749,-18.74888305054,6.24586079870696));
#7100=CARTESIAN_POINT('',(11.4643845662749,-18.7254290373839,6.36390719913798));
#7101=CARTESIAN_POINT('',(11.4643845662749,-18.7019750242277,6.48195359956899));
#7102=CARTESIAN_POINT('',(11.4643845662749,-18.6785210110716,6.6));
#7103=CARTESIAN_POINT('',(14.6011753035193,-18.6785210110716,6.6));
#7104=CARTESIAN_POINT('',(8.7893959907859,-19.115308045609,4.40160704955558));
#7105=CARTESIAN_POINT('',(7.22621005972274,-14.7030222518331,2.2));
#7106=MECHANICAL_DESIGN_GEOMETRIC_PRESENTATION_REPRESENTATION('',(#3860),
#7107);
#7107=(
GEOMETRIC_REPRESENTATION_CONTEXT(3)
GLOBAL_UNCERTAINTY_ASSIGNED_CONTEXT((#7108))
GLOBAL_UNIT_ASSIGNED_CONTEXT((#7111,#7110,#7109))
REPRESENTATION_CONTEXT('[a]_lgxl-vz-crossbow-adapter_sherpa_xol',
'TOP_LEVEL_ASSEMBLY_PART')
);
#7108=UNCERTAINTY_MEASURE_WITH_UNIT(LENGTH_MEASURE(0.0202274715567032),
#7111,'DISTANCE_ACCURACY_VALUE','Maximum Tolerance applied to model');
#7109=(
NAMED_UNIT(*)
SI_UNIT($,.STERADIAN.)
SOLID_ANGLE_UNIT()
);
#7110=(
NAMED_UNIT(*)
PLANE_ANGLE_UNIT()
SI_UNIT($,.RADIAN.)
);
#7111=(
LENGTH_UNIT()
NAMED_UNIT(*)
SI_UNIT(.MILLI.,.METRE.)
);
#7112=PRODUCT_DEFINITION_SHAPE('','',#7113);
#7113=PRODUCT_DEFINITION('','',#7115,#7114);
#7114=PRODUCT_DEFINITION_CONTEXT('',#7121,'design');
#7115=PRODUCT_DEFINITION_FORMATION_WITH_SPECIFIED_SOURCE('','',#7117,
 .NOT_KNOWN.);
#7116=PRODUCT_RELATED_PRODUCT_CATEGORY('','',(#7117));
#7117=PRODUCT('[a]_lgxl-vz-crossbow-adapter_sherpa_xol',
'[a]_lgxl-vz-crossbow-adapter_sherpa_xol',
'[a]_lgxl-vz-crossbow-adapter_sherpa_xol',(#7119));
#7118=PRODUCT_CATEGORY('','');
#7119=PRODUCT_CONTEXT('',#7121,'mechanical');
#7120=APPLICATION_PROTOCOL_DEFINITION('international standard',
'ap242_managed_model_based_3d_engineering',2020,#7121);
#7121=APPLICATION_CONTEXT('managed model based 3d engineering');
ENDSEC;
END-ISO-10303-21;
