ISO-10303-21;
HEADER;
/* Generated by software containing ST-Developer
 * from STEP Tools, Inc. (www.steptools.com) 
 */
/* OPTION: using custom renumber hook */

FILE_DESCRIPTION(
/* description */ ('STEP AP242 Edition 2',
'CAx-IF Rec.Pracs.---Representation and Presentation of Product Manufa
cturing Information (PMI)---4.0---2014-10-13',
'CAx-IF Rec.Pracs.---3D Tessellated Geometry---0.4---2014-09-14','2;1',
'CAx-IF Rec.Pracs.---User Defined Attributes---1.5---2016-08-15'),
/* implementation_level */ '2;1');

FILE_NAME(
/* name */ '[a]_wwbmg-UHF-adapter_sherpa_tap',
/* time_stamp */ '2026-09-27T04:16:34Z',
/* author */ (''),
/* organization */ (''),
/* preprocessor_version */ 'ST-DEVELOPER v20',
/* originating_system */ 'ONSHAPE BY PTC INC, 1.221',
/* authorisation */ '  ');

FILE_SCHEMA (('AP242_MANAGED_MODEL_BASED_3D_ENGINEERING_MIM_LF { 1 0 10303 442 3 1 4 }'));
ENDSEC;

DATA;
#10=SHAPE_REPRESENTATION_RELATIONSHIP('','',#2454,#11);
#11=ADVANCED_BREP_SHAPE_REPRESENTATION('',(#2452),#4807);
#12=B_SPLINE_SURFACE_WITH_KNOTS('',1,3,((#4258,#4259,#4260,#4261,#4262,
#4263,#4264,#4265,#4266,#4267,#4268,#4269),(#4270,#4271,#4272,#4273,#4274,
#4275,#4276,#4277,#4278,#4279,#4280,#4281),(#4282,#4283,#4284,#4285,#4286,
#4287,#4288,#4289,#4290,#4291,#4292,#4293)),.RULED_SURF.,.F.,.F.,.F.,(2,
1,2),(4,2,2,2,2,4),(-0.01,0.,0.917174580637275),(1.43749108022052,1.5707963267949,
1.96349540849362,2.35619449019234,2.74889357189107,3.03715403911945),
 .UNSPECIFIED.);
#13=B_SPLINE_SURFACE_WITH_KNOTS('',1,3,((#4310,#4311,#4312,#4313,#4314,
#4315,#4316,#4317,#4318,#4319,#4320,#4321),(#4322,#4323,#4324,#4325,#4326,
#4327,#4328,#4329,#4330,#4331,#4332,#4333)),.RULED_SURF.,.F.,.F.,.F.,(2,
2),(4,2,2,2,2,4),(0.,0.922166666666768),(3.2460423236493,3.53429173528852,
3.92699081698724,4.31968989868597,4.71238898038469,4.84569322190571),
 .UNSPECIFIED.);
#14=B_SPLINE_SURFACE_WITH_KNOTS('',1,3,((#4360,#4361,#4362,#4363,#4364,
#4365,#4366,#4367),(#4368,#4369,#4370,#4371,#4372,#4373,#4374,#4375),(#4376,
#4377,#4378,#4379,#4380,#4381,#4382,#4383)),.RULED_SURF.,.F.,.F.,.F.,(2,
1,2),(4,2,2,4),(-0.00513520878823922,0.,0.833333333333334),(4.71238898038469,
5.10508806208341,5.49778714378214,5.61070522976434),.UNSPECIFIED.);
#15=B_SPLINE_SURFACE_WITH_KNOTS('',1,3,((#4400,#4401,#4402,#4403,#4404,
#4405,#4406,#4407),(#4408,#4409,#4410,#4411,#4412,#4413,#4414,#4415),(#4416,
#4417,#4418,#4419,#4420,#4421,#4422,#4423)),.RULED_SURF.,.F.,.F.,.F.,(2,
1,2),(4,2,2,4),(-0.00523901504385196,0.,0.838443056948672),(5.32623110329105,
5.49778714378214,5.89048622548086,6.0400009814559),.UNSPECIFIED.);
#16=B_SPLINE_SURFACE_WITH_KNOTS('',1,3,((#4429,#4430,#4431,#4432,#4433,
#4434,#4435,#4436),(#4437,#4438,#4439,#4440,#4441,#4442,#4443,#4444),(#4445,
#4446,#4447,#4448,#4449,#4450,#4451,#4452)),.RULED_SURF.,.F.,.F.,.F.,(2,
1,2),(4,2,2,4),(-0.00520495334369662,0.,0.83833465384125),(3.38484624430626,
3.53429173528852,3.92699081698724,4.09854645041347),.UNSPECIFIED.);
#17=B_SPLINE_SURFACE_WITH_KNOTS('',1,3,((#4472,#4473,#4474,#4475,#4476,
#4477,#4478,#4479),(#4480,#4481,#4482,#4483,#4484,#4485,#4486,#4487)),
 .RULED_SURF.,.F.,.F.,.F.,(2,2),(4,2,2,4),(0.,0.83333333333333),(3.81409601667446,
3.92699081698724,4.31968989868597,4.71238898038469),.UNSPECIFIED.);
#18=CONICAL_SURFACE('',#2630,3.,0.785398163397448);
#19=CONICAL_SURFACE('',#2633,3.,0.785398163397448);
#20=CONICAL_SURFACE('',#2638,3.,0.785398163397448);
#21=CONICAL_SURFACE('',#2641,3.,0.785398163397448);
#22=CONICAL_SURFACE('',#2646,2.2,0.785398163397448);
#23=CONICAL_SURFACE('',#2648,1.7,0.785398163397448);
#24=CONICAL_SURFACE('',#2650,1.7,0.785398163397448);
#25=CONICAL_SURFACE('',#2653,2.1,0.785398163397448);
#26=CONICAL_SURFACE('',#2654,2.1,0.785398163397448);
#27=CONICAL_SURFACE('',#2655,2.6,0.785398163397446);
#28=TOROIDAL_SURFACE('',#2583,3.4,0.4);
#29=TOROIDAL_SURFACE('',#2587,2.6,0.4);
#30=TOROIDAL_SURFACE('',#2613,2.6,0.4);
#31=TOROIDAL_SURFACE('',#2617,3.4,0.4);
#32=TOROIDAL_SURFACE('',#2706,0.2,0.2);
#33=TOROIDAL_SURFACE('',#2708,0.4,0.2);
#34=TOROIDAL_SURFACE('',#2710,0.8,0.2);
#35=TOROIDAL_SURFACE('',#2712,1.7,0.2);
#36=TOROIDAL_SURFACE('',#2718,0.2,0.2);
#37=TOROIDAL_SURFACE('',#2720,2.8,0.2);
#38=TOROIDAL_SURFACE('',#2729,0.4,0.2);
#39=TOROIDAL_SURFACE('',#2731,0.8,0.2);
#40=TOROIDAL_SURFACE('',#2737,0.8,0.2);
#41=TOROIDAL_SURFACE('',#2740,0.2,0.2);
#42=TOROIDAL_SURFACE('',#2749,1.7,0.2);
#43=TOROIDAL_SURFACE('',#2751,0.4,0.2);
#44=TOROIDAL_SURFACE('',#2753,0.8,0.2);
#45=TOROIDAL_SURFACE('',#2755,0.2,0.2);
#46=TOROIDAL_SURFACE('',#2763,2.8,0.2);
#47=TOROIDAL_SURFACE('',#2765,0.4,0.2);
#48=(
BOUNDED_SURFACE()
B_SPLINE_SURFACE(3,2,((#3818,#3819,#3820),(#3821,#3822,#3823),(#3824,#3825,
#3826),(#3827,#3828,#3829)),.UNSPECIFIED.,.F.,.F.,.F.)
B_SPLINE_SURFACE_WITH_KNOTS((4,4),(3,3),(5.4977871437821,6.28318530717959),
(0.,1.),.PIECEWISE_BEZIER_KNOTS.)
GEOMETRIC_REPRESENTATION_ITEM()
RATIONAL_B_SPLINE_SURFACE(((1.,0.866025403784434,1.),(1.,0.903812900244049,
1.),(1.,0.923879532489313,1.),(1.,0.923879532511287,1.)))
REPRESENTATION_ITEM('')
SURFACE()
);
#49=(
BOUNDED_SURFACE()
B_SPLINE_SURFACE(3,2,((#3839,#3840,#3841),(#3842,#3843,#3844),(#3845,#3846,
#3847),(#3848,#3849,#3850)),.UNSPECIFIED.,.F.,.F.,.F.)
B_SPLINE_SURFACE_WITH_KNOTS((4,4),(3,3),(0.,0.785398163397659),(0.,1.),
 .PIECEWISE_BEZIER_KNOTS.)
GEOMETRIC_REPRESENTATION_ITEM()
RATIONAL_B_SPLINE_SURFACE(((1.,0.923879532511287,1.),(1.,0.923879532489357,
1.),(1.,0.903812900244019,1.),(1.,0.866025403784407,1.)))
REPRESENTATION_ITEM('')
SURFACE()
);
#50=(
BOUNDED_SURFACE()
B_SPLINE_SURFACE(3,2,((#3964,#3965,#3966),(#3967,#3968,#3969),(#3970,#3971,
#3972),(#3973,#3974,#3975),(#3976,#3977,#3978)),.UNSPECIFIED.,.F.,.F.,.F.)
B_SPLINE_SURFACE_WITH_KNOTS((4,1,4),(3,3),(2.61799387798912,3.14159265358868,
3.66519142918825),(0.,1.),.UNSPECIFIED.)
GEOMETRIC_REPRESENTATION_ITEM()
RATIONAL_B_SPLINE_SURFACE(((1.,0.923879532511008,1.),(1.,0.943160392726674,
1.),(1.,0.962880835016082,1.),(1.,0.943160392726777,1.),(1.,0.923879532511253,
1.)))
REPRESENTATION_ITEM('')
SURFACE()
);
#51=(
BOUNDED_SURFACE()
B_SPLINE_SURFACE(3,2,((#3994,#3995,#3996),(#3997,#3998,#3999),(#4000,#4001,
#4002),(#4003,#4004,#4005),(#4006,#4007,#4008)),.UNSPECIFIED.,.F.,.F.,.F.)
B_SPLINE_SURFACE_WITH_KNOTS((4,1,4),(3,3),(2.61799387799154,3.14159265358984,
3.66519142918813),(0.,1.),.UNSPECIFIED.)
GEOMETRIC_REPRESENTATION_ITEM()
RATIONAL_B_SPLINE_SURFACE(((1.,0.923879532511295,1.),(1.,0.943160392726986,
1.),(1.,0.962880835015835,1.),(1.,0.943160392727048,1.),(1.,0.923879532511286,
1.)))
REPRESENTATION_ITEM('')
SURFACE()
);
#52=(
BOUNDED_SURFACE()
B_SPLINE_SURFACE(3,2,((#4060,#4061,#4062),(#4063,#4064,#4065),(#4066,#4067,
#4068),(#4069,#4070,#4071)),.UNSPECIFIED.,.F.,.F.,.F.)
B_SPLINE_SURFACE_WITH_KNOTS((4,4),(3,3),(4.71238898038469,5.60531475205526),
(0.,1.),.PIECEWISE_BEZIER_KNOTS.)
GEOMETRIC_REPRESENTATION_ITEM()
RATIONAL_B_SPLINE_SURFACE(((1.,0.707106781186551,1.),(1.,0.65001019564965,
1.),(1.,0.584423400499124,1.),(1.,0.537299608346824,1.)))
REPRESENTATION_ITEM('')
SURFACE()
);
#53=(
BOUNDED_SURFACE()
B_SPLINE_SURFACE(3,2,((#4075,#4076,#4077),(#4078,#4079,#4080),(#4081,#4082,
#4083),(#4084,#4085,#4086)),.UNSPECIFIED.,.F.,.F.,.F.)
B_SPLINE_SURFACE_WITH_KNOTS((4,4),(3,3),(4.11940476924469,4.19915987313244),
(0.,1.),.PIECEWISE_BEZIER_KNOTS.)
GEOMETRIC_REPRESENTATION_ITEM()
RATIONAL_B_SPLINE_SURFACE(((1.,0.537299608346824,1.),(1.,0.545057117864545,
1.),(1.,0.552854790591456,1.),(1.,0.560664520665417,1.)))
REPRESENTATION_ITEM('')
SURFACE()
);
#54=(
BOUNDED_SURFACE()
B_SPLINE_SURFACE(3,2,((#4088,#4089,#4090),(#4091,#4092,#4093),(#4094,#4095,
#4096),(#4097,#4098,#4099),(#4100,#4101,#4102)),.UNSPECIFIED.,.F.,.F.,.F.)
B_SPLINE_SURFACE_WITH_KNOTS((4,1,4),(3,3),(-1.21430643318376E-17,0.00150993468321922,
0.00301986936643845),(0.,1.),.UNSPECIFIED.)
GEOMETRIC_REPRESENTATION_ITEM()
RATIONAL_B_SPLINE_SURFACE(((1.,0.560664520665415,1.),(1.,0.551105116820283,
1.),(1.,0.530160340311321,1.),(1.,0.516468010498318,1.),(1.,0.520048137341864,
1.)))
REPRESENTATION_ITEM('')
SURFACE()
);
#55=(
BOUNDED_SURFACE()
B_SPLINE_SURFACE(3,2,((#4104,#4105,#4106),(#4107,#4108,#4109),(#4110,#4111,
#4112),(#4113,#4114,#4115)),.UNSPECIFIED.,.F.,.F.,.F.)
B_SPLINE_SURFACE_WITH_KNOTS((4,4),(3,3),(5.21541491698628,5.26513478634811),
(0.,1.),.PIECEWISE_BEZIER_KNOTS.)
GEOMETRIC_REPRESENTATION_ITEM()
RATIONAL_B_SPLINE_SURFACE(((1.,0.520048137341866,1.),(1.,0.513400585095284,
1.),(1.,0.506716473815392,1.),(1.,0.499999999998992,1.)))
REPRESENTATION_ITEM('')
SURFACE()
);
#56=(
BOUNDED_SURFACE()
B_SPLINE_SURFACE(3,2,((#4119,#4120,#4121),(#4122,#4123,#4124),(#4125,#4126,
#4127),(#4128,#4129,#4130),(#4131,#4132,#4133)),.UNSPECIFIED.,.F.,.F.,.F.)
B_SPLINE_SURFACE_WITH_KNOTS((4,1,4),(3,3),(7.00510346568583E-17,0.39269908169671,
0.78539816339342),(0.,1.),.UNSPECIFIED.)
GEOMETRIC_REPRESENTATION_ITEM()
RATIONAL_B_SPLINE_SURFACE(((1.,0.382683432365097,1.),(1.,0.382683432363167,
1.),(1.,0.407749414548465,1.),(1.,0.46727507527662,1.),(1.,0.499999999998995,
1.)))
REPRESENTATION_ITEM('')
SURFACE()
);
#57=(
BOUNDED_SURFACE()
B_SPLINE_SURFACE(3,2,((#4137,#4138,#4139),(#4140,#4141,#4142),(#4143,#4144,
#4145),(#4146,#4147,#4148),(#4149,#4150,#4151)),.UNSPECIFIED.,.F.,.F.,.F.)
B_SPLINE_SURFACE_WITH_KNOTS((4,1,4),(3,3),(5.49778714378218,5.89048622548088,
6.28318530717959),(0.,1.),.UNSPECIFIED.)
GEOMETRIC_REPRESENTATION_ITEM()
RATIONAL_B_SPLINE_SURFACE(((1.,0.499999999999991,1.),(1.,0.467275075280624,
1.),(1.,0.407749414545827,1.),(1.,0.382683432365753,1.),(1.,0.38268343236509,
1.)))
REPRESENTATION_ITEM('')
SURFACE()
);
#58=(
BOUNDED_SURFACE()
B_SPLINE_SURFACE(3,2,((#4155,#4156,#4157),(#4158,#4159,#4160),(#4161,#4162,
#4163),(#4164,#4165,#4166)),.UNSPECIFIED.,.F.,.F.,.F.)
B_SPLINE_SURFACE_WITH_KNOTS((4,4),(3,3),(4.15964317442328,4.21025367462321),
(0.,1.),.PIECEWISE_BEZIER_KNOTS.)
GEOMETRIC_REPRESENTATION_ITEM()
RATIONAL_B_SPLINE_SURFACE(((1.,0.499999999999989,1.),(1.,0.506836785852527,
1.),(1.,0.513640038207662,1.),(1.,0.520405334492098,1.)))
REPRESENTATION_ITEM('')
SURFACE()
);
#59=(
BOUNDED_SURFACE()
B_SPLINE_SURFACE(3,2,((#4168,#4169,#4170),(#4171,#4172,#4173),(#4174,#4175,
#4176),(#4177,#4178,#4179),(#4180,#4181,#4182)),.UNSPECIFIED.,.F.,.F.,.F.)
B_SPLINE_SURFACE_WITH_KNOTS((4,1,4),(3,3),(-9.32413868337534E-18,0.00150831789763271,
0.00301663579526542),(0.,1.),.UNSPECIFIED.)
GEOMETRIC_REPRESENTATION_ITEM()
RATIONAL_B_SPLINE_SURFACE(((1.,0.520405334492101,1.),(1.,0.516811492161494,
1.),(1.,0.530188767586093,1.),(1.,0.55133030152108,1.),(1.,0.56088075863684,
1.)))
REPRESENTATION_ITEM('')
SURFACE()
);
#60=(
BOUNDED_SURFACE()
B_SPLINE_SURFACE(3,2,((#4184,#4185,#4186),(#4187,#4188,#4189),(#4190,#4191,
#4192),(#4193,#4194,#4195)),.UNSPECIFIED.,.F.,.F.,.F.)
B_SPLINE_SURFACE_WITH_KNOTS((4,4),(3,3),(2.08328935089582,2.16378053793287),
(0.,1.),.PIECEWISE_BEZIER_KNOTS.)
GEOMETRIC_REPRESENTATION_ITEM()
RATIONAL_B_SPLINE_SURFACE(((1.,0.560880758636841,1.),(1.,0.552998722520569,
1.),(1.,0.545128714185446,1.),(1.,0.537299608346822,1.)))
REPRESENTATION_ITEM('')
SURFACE()
);
#61=(
BOUNDED_SURFACE()
B_SPLINE_SURFACE(3,2,((#4199,#4200,#4201),(#4202,#4203,#4204),(#4205,#4206,
#4207),(#4208,#4209,#4210)),.UNSPECIFIED.,.F.,.F.,.F.)
B_SPLINE_SURFACE_WITH_KNOTS((4,4),(3,3),(3.81946320871412,4.71238898038469),
(0.,1.),.PIECEWISE_BEZIER_KNOTS.)
GEOMETRIC_REPRESENTATION_ITEM()
RATIONAL_B_SPLINE_SURFACE(((1.,0.537299608346823,1.),(1.,0.584423400502368,
1.),(1.,0.650010195649649,1.),(1.,0.707106781186551,1.)))
REPRESENTATION_ITEM('')
SURFACE()
);
#62=(
BOUNDED_SURFACE()
B_SPLINE_SURFACE(3,2,((#4591,#4592,#4593),(#4594,#4595,#4596),(#4597,#4598,
#4599),(#4600,#4601,#4602),(#4603,#4604,#4605),(#4606,#4607,#4608),(#4609,
#4610,#4611),(#4612,#4613,#4614),(#4615,#4616,#4617),(#4618,#4619,#4620),
(#4621,#4622,#4623),(#4624,#4625,#4626),(#4627,#4628,#4629),(#4630,#4631,
#4632),(#4633,#4634,#4635)),.UNSPECIFIED.,.F.,.F.,.F.)
B_SPLINE_SURFACE_WITH_KNOTS((4,1,1,1,1,1,1,1,1,1,1,1,4),(3,3),(5.27499679879163,
5.5232468767979,5.77149695480417,6.01974703281044,6.26799711081671,6.51624718882298,
6.76449726682925,7.01274734483552,7.26099742284179,7.75749757885433,8.25399773486687,
8.75049789087941,9.24699804689194),(0.,1.),.UNSPECIFIED.)
GEOMETRIC_REPRESENTATION_ITEM()
RATIONAL_B_SPLINE_SURFACE(((1.,0.546179410723588,1.),(1.,0.52195032281199,
1.),(1.,0.473998079292521,1.),(1.,0.409864227625438,1.),(1.,0.362648947333581,
1.),(1.,0.343451214440015,1.),(1.,0.358581238130078,1.),(1.,0.402964402580089,
1.),(1.,0.465567960715401,1.),(1.,0.560783704930632,1.),(1.,0.684600977273107,
1.),(1.,0.810751163413832,1.),(1.,0.899517675132362,1.),(1.,0.927971320728084,
1.),(1.,0.933896400137558,1.)))
REPRESENTATION_ITEM('')
SURFACE()
);
#63=(
BOUNDED_SURFACE()
B_SPLINE_SURFACE(3,2,((#4646,#4647,#4648),(#4649,#4650,#4651),(#4652,#4653,
#4654),(#4655,#4656,#4657),(#4658,#4659,#4660),(#4661,#4662,#4663),(#4664,
#4665,#4666),(#4667,#4668,#4669),(#4670,#4671,#4672),(#4673,#4674,#4675),
(#4676,#4677,#4678),(#4679,#4680,#4681),(#4682,#4683,#4684),(#4685,#4686,
#4687),(#4688,#4689,#4690)),.UNSPECIFIED.,.F.,.F.,.F.)
B_SPLINE_SURFACE_WITH_KNOTS((4,1,1,1,1,1,1,1,1,1,1,1,4),(3,3),(3.31937256747894,
3.81587272349038,4.31237287950181,4.80887303551325,5.30537319152468,5.5536232695304,
5.80187334753612,6.05012342554184,6.29837350354755,6.54662358155327,6.79487365955899,
7.04312373756471,7.29137381557042),(0.,1.),.UNSPECIFIED.)
GEOMETRIC_REPRESENTATION_ITEM()
RATIONAL_B_SPLINE_SURFACE(((1.,0.933896400137131,1.),(1.,0.927971320727306,
1.),(1.,0.899517675130882,1.),(1.,0.810751163411705,1.),(1.,0.684600977270707,
1.),(1.,0.560783704928377,1.),(1.,0.465567960713555,1.),(1.,0.402964402578743,
1.),(1.,0.35858123812939,1.),(1.,0.343451214440114,1.),(1.,0.362648947334222,
1.),(1.,0.409864227626528,1.),(1.,0.473998079292955,1.),(1.,0.521950322814053,
1.),(1.,0.546179410724434,1.)))
REPRESENTATION_ITEM('')
SURFACE()
);
#64=(
BOUNDED_SURFACE()
B_SPLINE_SURFACE(3,2,((#4718,#4719,#4720),(#4721,#4722,#4723),(#4724,#4725,
#4726),(#4727,#4728,#4729),(#4730,#4731,#4732),(#4733,#4734,#4735),(#4736,
#4737,#4738)),.UNSPECIFIED.,.F.,.F.,.F.)
B_SPLINE_SURFACE_WITH_KNOTS((4,1,1,1,4),(3,3),(4.71238898038469,5.49778714378214,
6.28318530717959,7.06858347057703,7.85398163397448),(0.,1.),
 .UNSPECIFIED.)
GEOMETRIC_REPRESENTATION_ITEM()
RATIONAL_B_SPLINE_SURFACE(((1.,0.707106781186553,1.),(1.,0.72905218389508,
1.),(1.,0.770404350429825,1.),(1.,0.794514039756181,1.),(1.,0.770404350432128,
1.),(1.,0.729052183889715,1.),(1.,0.70710678118655,1.)))
REPRESENTATION_ITEM('')
SURFACE()
);
#65=(
BOUNDED_SURFACE()
B_SPLINE_SURFACE(3,2,((#4756,#4757,#4758),(#4759,#4760,#4761),(#4762,#4763,
#4764),(#4765,#4766,#4767),(#4768,#4769,#4770),(#4771,#4772,#4773),(#4774,
#4775,#4776)),.UNSPECIFIED.,.F.,.F.,.F.)
B_SPLINE_SURFACE_WITH_KNOTS((4,1,1,1,4),(3,3),(4.71238898038469,5.49778714378214,
6.28318530717959,7.06858347057703,7.85398163397448),(0.,1.),
 .UNSPECIFIED.)
GEOMETRIC_REPRESENTATION_ITEM()
RATIONAL_B_SPLINE_SURFACE(((1.,0.707106781186547,1.),(1.,0.729052183905413,
1.),(1.,0.770404350424856,1.),(1.,0.794514039758075,1.),(1.,0.77040435042953,
1.),(1.,0.729052183894496,1.),(1.,0.707106781186544,1.)))
REPRESENTATION_ITEM('')
SURFACE()
);
#66=B_SPLINE_CURVE_WITH_KNOTS('',3,(#3722,#3723,#3724,#3725,#3726,#3727,
#3728,#3729,#3730),.UNSPECIFIED.,.F.,.F.,(4,1,1,1,1,1,4),(0.,0.25,0.375,
0.5,0.625,0.75,1.),.UNSPECIFIED.);
#67=B_SPLINE_CURVE_WITH_KNOTS('',3,(#3743,#3744,#3745,#3746,#3747,#3748,
#3749,#3750,#3751),.UNSPECIFIED.,.F.,.F.,(4,1,1,1,1,1,4),(0.,0.25,0.375,
0.5,0.625,0.75,1.),.UNSPECIFIED.);
#68=B_SPLINE_CURVE_WITH_KNOTS('',3,(#3870,#3871,#3872,#3873),
 .UNSPECIFIED.,.F.,.F.,(4,4),(0.,1.),.UNSPECIFIED.);
#69=B_SPLINE_CURVE_WITH_KNOTS('',3,(#3877,#3878,#3879,#3880),
 .UNSPECIFIED.,.F.,.F.,(4,4),(0.,1.),.UNSPECIFIED.);
#70=B_SPLINE_CURVE_WITH_KNOTS('',3,(#3944,#3945,#3946,#3947,#3948),
 .UNSPECIFIED.,.F.,.F.,(4,1,4),(1.73472347597681E-18,0.00158807490775591,
0.00317614981551182),.UNSPECIFIED.);
#71=B_SPLINE_CURVE_WITH_KNOTS('',3,(#3951,#3952,#3953,#3954),
 .UNSPECIFIED.,.F.,.F.,(4,4),(0.,1.),.UNSPECIFIED.);
#72=B_SPLINE_CURVE_WITH_KNOTS('',3,(#3956,#3957,#3958,#3959,#3960),
 .UNSPECIFIED.,.F.,.F.,(4,1,4),(0.,0.00140837070833933,0.00281674141667866),
 .UNSPECIFIED.);
#73=B_SPLINE_CURVE_WITH_KNOTS('',3,(#3985,#3986,#3987,#3988,#3989),
 .UNSPECIFIED.,.F.,.F.,(4,1,4),(0.,0.00158591354198592,0.00317182708397184),
 .UNSPECIFIED.);
#74=B_SPLINE_CURVE_WITH_KNOTS('',3,(#3990,#3991,#3992,#3993),
 .UNSPECIFIED.,.F.,.F.,(4,4),(0.,1.),.UNSPECIFIED.);
#75=B_SPLINE_CURVE_WITH_KNOTS('',3,(#4013,#4014,#4015,#4016,#4017),
 .UNSPECIFIED.,.F.,.F.,(4,1,4),(0.,0.00140784251567186,0.00281568503134372),
 .UNSPECIFIED.);
#76=B_SPLINE_CURVE_WITH_KNOTS('',3,(#4026,#4027,#4028,#4029,#4030,#4031,
#4032,#4033,#4034,#4035,#4036),.UNSPECIFIED.,.F.,.F.,(4,1,1,1,1,1,1,1,4),
(0.,0.25,0.375,0.4375,0.5,0.5625,0.625,0.75,1.),.UNSPECIFIED.);
#77=B_SPLINE_CURVE_WITH_KNOTS('',3,(#4039,#4040,#4041,#4042,#4043,#4044,
#4045,#4046,#4047,#4048,#4049),.UNSPECIFIED.,.F.,.F.,(4,1,1,1,1,1,1,1,4),
(0.,0.25,0.375,0.4375,0.5,0.5625,0.625,0.75,1.),.UNSPECIFIED.);
#78=B_SPLINE_CURVE_WITH_KNOTS('',3,(#4294,#4295,#4296,#4297),
 .UNSPECIFIED.,.F.,.F.,(4,4),(0.,1.),.UNSPECIFIED.);
#79=B_SPLINE_CURVE_WITH_KNOTS('',3,(#4299,#4300,#4301,#4302),
 .UNSPECIFIED.,.F.,.F.,(4,4),(0.,0.000818378545907015),.UNSPECIFIED.);
#80=B_SPLINE_CURVE_WITH_KNOTS('',3,(#4304,#4305,#4306,#4307),
 .UNSPECIFIED.,.F.,.F.,(4,4),(0.,1.),.UNSPECIFIED.);
#81=B_SPLINE_CURVE_WITH_KNOTS('',3,(#4336,#4337,#4338,#4339),
 .UNSPECIFIED.,.F.,.F.,(4,4),(0.,0.000818125722833622),.UNSPECIFIED.);
#82=B_SPLINE_CURVE_WITH_KNOTS('',3,(#4384,#4385,#4386,#4387),
 .UNSPECIFIED.,.F.,.F.,(4,4),(0.,1.),.UNSPECIFIED.);
#83=B_SPLINE_CURVE_WITH_KNOTS('',3,(#4389,#4390,#4391,#4392),
 .UNSPECIFIED.,.F.,.F.,(4,4),(0.,0.00273729761142343),.UNSPECIFIED.);
#84=B_SPLINE_CURVE_WITH_KNOTS('',3,(#4394,#4395,#4396,#4397),
 .UNSPECIFIED.,.F.,.F.,(4,4),(0.,1.),.UNSPECIFIED.);
#85=B_SPLINE_CURVE_WITH_KNOTS('',3,(#4424,#4425,#4426,#4427,#4428),
 .UNSPECIFIED.,.F.,.F.,(4,1,4),(0.,0.00107773960587355,0.0021554792117471),
 .UNSPECIFIED.);
#86=B_SPLINE_CURVE_WITH_KNOTS('',3,(#4453,#4454,#4455,#4456),
 .UNSPECIFIED.,.F.,.F.,(4,4),(0.,1.),.UNSPECIFIED.);
#87=B_SPLINE_CURVE_WITH_KNOTS('',3,(#4458,#4459,#4460,#4461),
 .UNSPECIFIED.,.F.,.F.,(4,4),(0.,0.00216578871487951),.UNSPECIFIED.);
#88=B_SPLINE_CURVE_WITH_KNOTS('',3,(#4463,#4464,#4465,#4466),
 .UNSPECIFIED.,.F.,.F.,(4,4),(0.,1.),.UNSPECIFIED.);
#89=B_SPLINE_CURVE_WITH_KNOTS('',3,(#4488,#4489,#4490,#4491),
 .UNSPECIFIED.,.F.,.F.,(4,4),(0.,0.00274044824403419),.UNSPECIFIED.);
#90=SPHERICAL_SURFACE('',#2501,1.);
#91=SPHERICAL_SURFACE('',#2504,1.);
#92=SPHERICAL_SURFACE('',#2683,0.4);
#93=SPHERICAL_SURFACE('',#2686,0.4);
#94=SPHERICAL_SURFACE('',#2693,0.4);
#95=SPHERICAL_SURFACE('',#2696,0.4);
#96=CYLINDRICAL_SURFACE('',#2462,1.);
#97=CYLINDRICAL_SURFACE('',#2471,1.);
#98=CYLINDRICAL_SURFACE('',#2474,1.5);
#99=CYLINDRICAL_SURFACE('',#2477,1.5);
#100=CYLINDRICAL_SURFACE('',#2486,1.);
#101=CYLINDRICAL_SURFACE('',#2489,0.4);
#102=CYLINDRICAL_SURFACE('',#2492,0.4);
#103=CYLINDRICAL_SURFACE('',#2507,1.);
#104=CYLINDRICAL_SURFACE('',#2509,1.);
#105=CYLINDRICAL_SURFACE('',#2517,1.);
#106=CYLINDRICAL_SURFACE('',#2518,1.);
#107=CYLINDRICAL_SURFACE('',#2522,3.6);
#108=CYLINDRICAL_SURFACE('',#2528,3.);
#109=CYLINDRICAL_SURFACE('',#2532,3.);
#110=CYLINDRICAL_SURFACE('',#2534,3.);
#111=CYLINDRICAL_SURFACE('',#2538,3.6);
#112=CYLINDRICAL_SURFACE('',#2552,3.);
#113=CYLINDRICAL_SURFACE('',#2555,3.);
#114=CYLINDRICAL_SURFACE('',#2558,3.);
#115=CYLINDRICAL_SURFACE('',#2560,3.);
#116=CYLINDRICAL_SURFACE('',#2564,3.);
#117=CYLINDRICAL_SURFACE('',#2566,3.);
#118=CYLINDRICAL_SURFACE('',#2569,3.);
#119=CYLINDRICAL_SURFACE('',#2571,3.);
#120=CYLINDRICAL_SURFACE('',#2574,3.);
#121=CYLINDRICAL_SURFACE('',#2577,3.);
#122=CYLINDRICAL_SURFACE('',#2579,3.);
#123=CYLINDRICAL_SURFACE('',#2581,0.4);
#124=CYLINDRICAL_SURFACE('',#2585,0.4);
#125=CYLINDRICAL_SURFACE('',#2589,0.4);
#126=CYLINDRICAL_SURFACE('',#2592,0.4);
#127=CYLINDRICAL_SURFACE('',#2597,0.4);
#128=CYLINDRICAL_SURFACE('',#2600,0.4);
#129=CYLINDRICAL_SURFACE('',#2603,0.4);
#130=CYLINDRICAL_SURFACE('',#2608,0.4);
#131=CYLINDRICAL_SURFACE('',#2611,0.4);
#132=CYLINDRICAL_SURFACE('',#2615,0.4);
#133=CYLINDRICAL_SURFACE('',#2619,0.4);
#134=CYLINDRICAL_SURFACE('',#2620,2.2);
#135=CYLINDRICAL_SURFACE('',#2623,1.7);
#136=CYLINDRICAL_SURFACE('',#2626,1.7);
#137=CYLINDRICAL_SURFACE('',#2665,3.);
#138=CYLINDRICAL_SURFACE('',#2677,3.);
#139=CYLINDRICAL_SURFACE('',#2680,0.4);
#140=CYLINDRICAL_SURFACE('',#2688,0.4);
#141=CYLINDRICAL_SURFACE('',#2690,0.4);
#142=CYLINDRICAL_SURFACE('',#2698,0.4);
#143=CYLINDRICAL_SURFACE('',#2700,0.2);
#144=CYLINDRICAL_SURFACE('',#2703,0.2);
#145=CYLINDRICAL_SURFACE('',#2714,0.2);
#146=CYLINDRICAL_SURFACE('',#2716,0.2);
#147=CYLINDRICAL_SURFACE('',#2723,0.2);
#148=CYLINDRICAL_SURFACE('',#2725,0.2);
#149=CYLINDRICAL_SURFACE('',#2727,0.2);
#150=CYLINDRICAL_SURFACE('',#2733,0.2);
#151=CYLINDRICAL_SURFACE('',#2734,0.2);
#152=CYLINDRICAL_SURFACE('',#2743,0.2);
#153=CYLINDRICAL_SURFACE('',#2745,0.2);
#154=CYLINDRICAL_SURFACE('',#2747,0.2);
#155=CYLINDRICAL_SURFACE('',#2757,0.2);
#156=CYLINDRICAL_SURFACE('',#2759,0.2);
#157=CYLINDRICAL_SURFACE('',#2761,0.2);
#158=CYLINDRICAL_SURFACE('',#2767,0.2);
#159=ELLIPSE('',#2460,10.3923048454136,6.);
#160=ELLIPSE('',#2461,10.3923048454114,6.);
#161=ELLIPSE('',#2468,3.09521464383184,2.6);
#162=ELLIPSE('',#2476,2.6594581611078,1.5);
#163=ELLIPSE('',#2479,2.65945816110795,1.5);
#164=ELLIPSE('',#2485,3.09521464383185,2.6);
#165=ELLIPSE('',#2496,0.586424874511535,0.4);
#166=ELLIPSE('',#2497,1.46606218627884,1.);
#167=ELLIPSE('',#2499,2.90391420511758,1.9);
#168=ELLIPSE('',#2500,5.19647805124282,3.4);
#169=ELLIPSE('',#2511,3.29392020196137,3.2);
#170=ELLIPSE('',#2512,3.29392020196137,3.2);
#171=ELLIPSE('',#2515,0.586424874511502,0.4);
#172=ELLIPSE('',#2516,1.46606218627884,1.);
#173=ELLIPSE('',#2521,8.52295136509626,2.6);
#174=ELLIPSE('',#2523,4.81663783151692,3.6);
#175=ELLIPSE('',#2524,3.64965751817893,3.6);
#176=ELLIPSE('',#2526,0.848528137423857,0.6);
#177=ELLIPSE('',#2527,0.848528137423857,0.6);
#178=ELLIPSE('',#2533,9.00000000000044,3.);
#179=ELLIPSE('',#2535,8.99999999999789,3.);
#180=ELLIPSE('',#2537,3.64965751817893,3.6);
#181=ELLIPSE('',#2539,4.81663783151692,3.6);
#182=ELLIPSE('',#2541,8.52295136515697,2.6);
#183=ELLIPSE('',#2543,4.5254833995939,3.2);
#184=ELLIPSE('',#2544,4.5254833995939,3.2);
#185=ELLIPSE('',#2546,2.90391420511745,1.9);
#186=ELLIPSE('',#2547,5.19647805126374,3.4);
#187=ELLIPSE('',#2559,8.65336350633851,3.);
#188=ELLIPSE('',#2561,4.94402509470253,3.);
#189=ELLIPSE('',#2567,8.65336350627871,3.);
#190=ELLIPSE('',#2570,4.94402509472452,3.);
#191=ELLIPSE('',#2578,3.43807412534854,3.);
#192=ELLIPSE('',#2580,3.43807412534855,3.);
#193=ELLIPSE('',#2666,3.09998553172256,3.);
#194=ELLIPSE('',#2679,3.09998553172256,3.);
#195=LINE('',#3552,#346);
#196=LINE('',#3554,#347);
#197=LINE('',#3556,#348);
#198=LINE('',#3560,#349);
#199=LINE('',#3562,#350);
#200=LINE('',#3564,#351);
#201=LINE('',#3566,#352);
#202=LINE('',#3570,#353);
#203=LINE('',#3574,#354);
#204=LINE('',#3576,#355);
#205=LINE('',#3578,#356);
#206=LINE('',#3580,#357);
#207=LINE('',#3584,#358);
#208=LINE('',#3590,#359);
#209=LINE('',#3593,#360);
#210=LINE('',#3597,#361);
#211=LINE('',#3599,#362);
#212=LINE('',#3601,#363);
#213=LINE('',#3605,#364);
#214=LINE('',#3609,#365);
#215=LINE('',#3613,#366);
#216=LINE('',#3615,#367);
#217=LINE('',#3617,#368);
#218=LINE('',#3619,#369);
#219=LINE('',#3625,#370);
#220=LINE('',#3630,#371);
#221=LINE('',#3634,#372);
#222=LINE('',#3639,#373);
#223=LINE('',#3645,#374);
#224=LINE('',#3648,#375);
#225=LINE('',#3652,#376);
#226=LINE('',#3654,#377);
#227=LINE('',#3656,#378);
#228=LINE('',#3658,#379);
#229=LINE('',#3660,#380);
#230=LINE('',#3664,#381);
#231=LINE('',#3668,#382);
#232=LINE('',#3672,#383);
#233=LINE('',#3676,#384);
#234=LINE('',#3680,#385);
#235=LINE('',#3686,#386);
#236=LINE('',#3694,#387);
#237=LINE('',#3698,#388);
#238=LINE('',#3704,#389);
#239=LINE('',#3706,#390);
#240=LINE('',#3708,#391);
#241=LINE('',#3718,#392);
#242=LINE('',#3720,#393);
#243=LINE('',#3732,#394);
#244=LINE('',#3734,#395);
#245=LINE('',#3736,#396);
#246=LINE('',#3737,#397);
#247=LINE('',#3739,#398);
#248=LINE('',#3741,#399);
#249=LINE('',#3756,#400);
#250=LINE('',#3757,#401);
#251=LINE('',#3758,#402);
#252=LINE('',#3762,#403);
#253=LINE('',#3763,#404);
#254=LINE('',#3765,#405);
#255=LINE('',#3768,#406);
#256=LINE('',#3770,#407);
#257=LINE('',#3772,#408);
#258=LINE('',#3773,#409);
#259=LINE('',#3780,#410);
#260=LINE('',#3783,#411);
#261=LINE('',#3785,#412);
#262=LINE('',#3787,#413);
#263=LINE('',#3789,#414);
#264=LINE('',#3794,#415);
#265=LINE('',#3796,#416);
#266=LINE('',#3798,#417);
#267=LINE('',#3803,#418);
#268=LINE('',#3806,#419);
#269=LINE('',#3808,#420);
#270=LINE('',#3812,#421);
#271=LINE('',#3834,#422);
#272=LINE('',#3855,#423);
#273=LINE('',#3857,#424);
#274=LINE('',#3861,#425);
#275=LINE('',#3866,#426);
#276=LINE('',#3868,#427);
#277=LINE('',#3875,#428);
#278=LINE('',#3882,#429);
#279=LINE('',#3884,#430);
#280=LINE('',#3888,#431);
#281=LINE('',#3890,#432);
#282=LINE('',#3894,#433);
#283=LINE('',#3896,#434);
#284=LINE('',#3898,#435);
#285=LINE('',#3902,#436);
#286=LINE('',#3905,#437);
#287=LINE('',#3907,#438);
#288=LINE('',#3909,#439);
#289=LINE('',#3911,#440);
#290=LINE('',#3914,#441);
#291=LINE('',#3916,#442);
#292=LINE('',#3918,#443);
#293=LINE('',#3920,#444);
#294=LINE('',#3923,#445);
#295=LINE('',#3925,#446);
#296=LINE('',#3927,#447);
#297=LINE('',#3929,#448);
#298=LINE('',#3932,#449);
#299=LINE('',#3934,#450);
#300=LINE('',#3936,#451);
#301=LINE('',#4237,#452);
#302=LINE('',#4239,#453);
#303=LINE('',#4241,#454);
#304=LINE('',#4243,#455);
#305=LINE('',#4247,#456);
#306=LINE('',#4249,#457);
#307=LINE('',#4251,#458);
#308=LINE('',#4255,#459);
#309=LINE('',#4257,#460);
#310=LINE('',#4309,#461);
#311=LINE('',#4334,#462);
#312=LINE('',#4341,#463);
#313=LINE('',#4343,#464);
#314=LINE('',#4345,#465);
#315=LINE('',#4349,#466);
#316=LINE('',#4351,#467);
#317=LINE('',#4353,#468);
#318=LINE('',#4357,#469);
#319=LINE('',#4359,#470);
#320=LINE('',#4399,#471);
#321=LINE('',#4468,#472);
#322=LINE('',#4503,#473);
#323=LINE('',#4506,#474);
#324=LINE('',#4510,#475);
#325=LINE('',#4512,#476);
#326=LINE('',#4517,#477);
#327=LINE('',#4519,#478);
#328=LINE('',#4521,#479);
#329=LINE('',#4523,#480);
#330=LINE('',#4532,#481);
#331=LINE('',#4534,#482);
#332=LINE('',#4538,#483);
#333=LINE('',#4540,#484);
#334=LINE('',#4545,#485);
#335=LINE('',#4548,#486);
#336=LINE('',#4550,#487);
#337=LINE('',#4552,#488);
#338=LINE('',#4556,#489);
#339=LINE('',#4559,#490);
#340=LINE('',#4561,#491);
#341=LINE('',#4565,#492);
#342=LINE('',#4567,#493);
#343=LINE('',#4572,#494);
#344=LINE('',#4574,#495);
#345=LINE('',#4582,#496);
#346=VECTOR('',#2776,1000.);
#347=VECTOR('',#2777,1000.);
#348=VECTOR('',#2778,1000.);
#349=VECTOR('',#2781,1000.);
#350=VECTOR('',#2782,1000.);
#351=VECTOR('',#2783,1000.);
#352=VECTOR('',#2784,1000.);
#353=VECTOR('',#2787,1000.);
#354=VECTOR('',#2790,1000.);
#355=VECTOR('',#2791,1000.);
#356=VECTOR('',#2792,1000.);
#357=VECTOR('',#2793,1000.);
#358=VECTOR('',#2798,1000.);
#359=VECTOR('',#2805,1000.);
#360=VECTOR('',#2806,1000.);
#361=VECTOR('',#2809,1000.);
#362=VECTOR('',#2810,1000.);
#363=VECTOR('',#2811,1000.);
#364=VECTOR('',#2814,1000.);
#365=VECTOR('',#2817,1000.);
#366=VECTOR('',#2820,1000.);
#367=VECTOR('',#2821,1000.);
#368=VECTOR('',#2822,1000.);
#369=VECTOR('',#2825,1000.);
#370=VECTOR('',#2832,1000.);
#371=VECTOR('',#2835,1000.);
#372=VECTOR('',#2840,1000.);
#373=VECTOR('',#2843,1000.);
#374=VECTOR('',#2850,1000.);
#375=VECTOR('',#2851,1000.);
#376=VECTOR('',#2854,1000.);
#377=VECTOR('',#2855,1000.);
#378=VECTOR('',#2856,1000.);
#379=VECTOR('',#2857,1000.);
#380=VECTOR('',#2858,1000.);
#381=VECTOR('',#2861,1000.);
#382=VECTOR('',#2864,1000.);
#383=VECTOR('',#2867,1000.);
#384=VECTOR('',#2872,1000.);
#385=VECTOR('',#2877,1000.);
#386=VECTOR('',#2884,1000.);
#387=VECTOR('',#2893,1000.);
#388=VECTOR('',#2898,1000.);
#389=VECTOR('',#2903,1000.);
#390=VECTOR('',#2904,1000.);
#391=VECTOR('',#2905,1000.);
#392=VECTOR('',#2920,1000.);
#393=VECTOR('',#2921,1000.);
#394=VECTOR('',#2924,1000.);
#395=VECTOR('',#2925,1000.);
#396=VECTOR('',#2926,1000.);
#397=VECTOR('',#2927,1000.);
#398=VECTOR('',#2930,1000.);
#399=VECTOR('',#2931,1000.);
#400=VECTOR('',#2936,1000.);
#401=VECTOR('',#2937,1000.);
#402=VECTOR('',#2938,1000.);
#403=VECTOR('',#2941,1000.);
#404=VECTOR('',#2942,1000.);
#405=VECTOR('',#2945,1000.);
#406=VECTOR('',#2946,1000.);
#407=VECTOR('',#2947,1000.);
#408=VECTOR('',#2948,1000.);
#409=VECTOR('',#2949,1000.);
#410=VECTOR('',#2962,1000.);
#411=VECTOR('',#2963,1000.);
#412=VECTOR('',#2964,1000.);
#413=VECTOR('',#2965,1000.);
#414=VECTOR('',#2968,1000.);
#415=VECTOR('',#2971,1000.);
#416=VECTOR('',#2972,1000.);
#417=VECTOR('',#2973,1000.);
#418=VECTOR('',#2982,1000.);
#419=VECTOR('',#2983,1000.);
#420=VECTOR('',#2984,1000.);
#421=VECTOR('',#2987,1000.);
#422=VECTOR('',#3004,1000.);
#423=VECTOR('',#3015,1000.);
#424=VECTOR('',#3018,1000.);
#425=VECTOR('',#3021,1000.);
#426=VECTOR('',#3026,1000.);
#427=VECTOR('',#3027,1000.);
#428=VECTOR('',#3028,1000.);
#429=VECTOR('',#3029,1000.);
#430=VECTOR('',#3030,1000.);
#431=VECTOR('',#3033,1000.);
#432=VECTOR('',#3036,1000.);
#433=VECTOR('',#3039,1000.);
#434=VECTOR('',#3040,1000.);
#435=VECTOR('',#3041,1000.);
#436=VECTOR('',#3046,1000.);
#437=VECTOR('',#3047,1000.);
#438=VECTOR('',#3048,1000.);
#439=VECTOR('',#3049,1000.);
#440=VECTOR('',#3052,1000.);
#441=VECTOR('',#3053,1000.);
#442=VECTOR('',#3054,1000.);
#443=VECTOR('',#3055,1000.);
#444=VECTOR('',#3058,1000.);
#445=VECTOR('',#3059,1000.);
#446=VECTOR('',#3060,1000.);
#447=VECTOR('',#3061,1000.);
#448=VECTOR('',#3064,1000.);
#449=VECTOR('',#3065,1000.);
#450=VECTOR('',#3066,1000.);
#451=VECTOR('',#3067,1000.);
#452=VECTOR('',#3224,1000.);
#453=VECTOR('',#3225,1000.);
#454=VECTOR('',#3226,1000.);
#455=VECTOR('',#3229,1000.);
#456=VECTOR('',#3234,1000.);
#457=VECTOR('',#3235,1000.);
#458=VECTOR('',#3238,1000.);
#459=VECTOR('',#3243,1000.);
#460=VECTOR('',#3244,1000.);
#461=VECTOR('',#3247,1000.);
#462=VECTOR('',#3248,1000.);
#463=VECTOR('',#3251,1000.);
#464=VECTOR('',#3252,1000.);
#465=VECTOR('',#3255,1000.);
#466=VECTOR('',#3260,1000.);
#467=VECTOR('',#3261,1000.);
#468=VECTOR('',#3264,1000.);
#469=VECTOR('',#3269,1000.);
#470=VECTOR('',#3270,1000.);
#471=VECTOR('',#3273,1000.);
#472=VECTOR('',#3276,1000.);
#473=VECTOR('',#3299,1000.);
#474=VECTOR('',#3300,1000.);
#475=VECTOR('',#3303,1000.);
#476=VECTOR('',#3304,1000.);
#477=VECTOR('',#3309,1000.);
#478=VECTOR('',#3310,1000.);
#479=VECTOR('',#3311,1000.);
#480=VECTOR('',#3312,1000.);
#481=VECTOR('',#3321,1000.);
#482=VECTOR('',#3322,1000.);
#483=VECTOR('',#3325,1000.);
#484=VECTOR('',#3326,1000.);
#485=VECTOR('',#3335,1000.);
#486=VECTOR('',#3336,1000.);
#487=VECTOR('',#3337,1000.);
#488=VECTOR('',#3338,1000.);
#489=VECTOR('',#3343,1000.);
#490=VECTOR('',#3344,1000.);
#491=VECTOR('',#3345,1000.);
#492=VECTOR('',#3348,1000.);
#493=VECTOR('',#3351,1000.);
#494=VECTOR('',#3354,1000.);
#495=VECTOR('',#3355,1000.);
#496=VECTOR('',#3362,1000.);
#497=ORIENTED_EDGE('',*,*,#1203,.T.);
#498=ORIENTED_EDGE('',*,*,#1204,.F.);
#499=ORIENTED_EDGE('',*,*,#1205,.T.);
#500=ORIENTED_EDGE('',*,*,#1206,.F.);
#501=ORIENTED_EDGE('',*,*,#1207,.T.);
#502=ORIENTED_EDGE('',*,*,#1208,.F.);
#503=ORIENTED_EDGE('',*,*,#1209,.T.);
#504=ORIENTED_EDGE('',*,*,#1210,.T.);
#505=ORIENTED_EDGE('',*,*,#1211,.T.);
#506=ORIENTED_EDGE('',*,*,#1212,.T.);
#507=ORIENTED_EDGE('',*,*,#1213,.T.);
#508=ORIENTED_EDGE('',*,*,#1214,.T.);
#509=ORIENTED_EDGE('',*,*,#1215,.T.);
#510=ORIENTED_EDGE('',*,*,#1216,.T.);
#511=ORIENTED_EDGE('',*,*,#1217,.T.);
#512=ORIENTED_EDGE('',*,*,#1218,.T.);
#513=ORIENTED_EDGE('',*,*,#1219,.T.);
#514=ORIENTED_EDGE('',*,*,#1206,.T.);
#515=ORIENTED_EDGE('',*,*,#1220,.T.);
#516=ORIENTED_EDGE('',*,*,#1221,.T.);
#517=ORIENTED_EDGE('',*,*,#1222,.T.);
#518=ORIENTED_EDGE('',*,*,#1223,.T.);
#519=ORIENTED_EDGE('',*,*,#1224,.F.);
#520=ORIENTED_EDGE('',*,*,#1225,.T.);
#521=ORIENTED_EDGE('',*,*,#1226,.F.);
#522=ORIENTED_EDGE('',*,*,#1227,.T.);
#523=ORIENTED_EDGE('',*,*,#1228,.T.);
#524=ORIENTED_EDGE('',*,*,#1229,.T.);
#525=ORIENTED_EDGE('',*,*,#1230,.T.);
#526=ORIENTED_EDGE('',*,*,#1231,.T.);
#527=ORIENTED_EDGE('',*,*,#1232,.T.);
#528=ORIENTED_EDGE('',*,*,#1233,.T.);
#529=ORIENTED_EDGE('',*,*,#1234,.T.);
#530=ORIENTED_EDGE('',*,*,#1235,.T.);
#531=ORIENTED_EDGE('',*,*,#1236,.T.);
#532=ORIENTED_EDGE('',*,*,#1237,.F.);
#533=ORIENTED_EDGE('',*,*,#1238,.T.);
#534=ORIENTED_EDGE('',*,*,#1239,.T.);
#535=ORIENTED_EDGE('',*,*,#1224,.T.);
#536=ORIENTED_EDGE('',*,*,#1240,.F.);
#537=ORIENTED_EDGE('',*,*,#1241,.T.);
#538=ORIENTED_EDGE('',*,*,#1242,.T.);
#539=ORIENTED_EDGE('',*,*,#1243,.T.);
#540=ORIENTED_EDGE('',*,*,#1244,.T.);
#541=ORIENTED_EDGE('',*,*,#1245,.T.);
#542=ORIENTED_EDGE('',*,*,#1246,.T.);
#543=ORIENTED_EDGE('',*,*,#1247,.T.);
#544=ORIENTED_EDGE('',*,*,#1248,.T.);
#545=ORIENTED_EDGE('',*,*,#1249,.T.);
#546=ORIENTED_EDGE('',*,*,#1250,.T.);
#547=ORIENTED_EDGE('',*,*,#1251,.T.);
#548=ORIENTED_EDGE('',*,*,#1252,.F.);
#549=ORIENTED_EDGE('',*,*,#1253,.T.);
#550=ORIENTED_EDGE('',*,*,#1254,.F.);
#551=ORIENTED_EDGE('',*,*,#1255,.T.);
#552=ORIENTED_EDGE('',*,*,#1256,.F.);
#553=ORIENTED_EDGE('',*,*,#1257,.T.);
#554=ORIENTED_EDGE('',*,*,#1258,.T.);
#555=ORIENTED_EDGE('',*,*,#1259,.T.);
#556=ORIENTED_EDGE('',*,*,#1260,.T.);
#557=ORIENTED_EDGE('',*,*,#1261,.T.);
#558=ORIENTED_EDGE('',*,*,#1262,.T.);
#559=ORIENTED_EDGE('',*,*,#1263,.T.);
#560=ORIENTED_EDGE('',*,*,#1254,.T.);
#561=ORIENTED_EDGE('',*,*,#1264,.T.);
#562=ORIENTED_EDGE('',*,*,#1265,.T.);
#563=ORIENTED_EDGE('',*,*,#1266,.F.);
#564=ORIENTED_EDGE('',*,*,#1267,.F.);
#565=ORIENTED_EDGE('',*,*,#1268,.T.);
#566=ORIENTED_EDGE('',*,*,#1217,.F.);
#567=ORIENTED_EDGE('',*,*,#1269,.F.);
#568=ORIENTED_EDGE('',*,*,#1270,.F.);
#569=ORIENTED_EDGE('',*,*,#1271,.T.);
#570=ORIENTED_EDGE('',*,*,#1263,.F.);
#571=ORIENTED_EDGE('',*,*,#1272,.F.);
#572=ORIENTED_EDGE('',*,*,#1236,.F.);
#573=ORIENTED_EDGE('',*,*,#1273,.T.);
#574=ORIENTED_EDGE('',*,*,#1274,.F.);
#575=ORIENTED_EDGE('',*,*,#1275,.F.);
#576=ORIENTED_EDGE('',*,*,#1276,.T.);
#577=ORIENTED_EDGE('',*,*,#1277,.T.);
#578=ORIENTED_EDGE('',*,*,#1267,.T.);
#579=ORIENTED_EDGE('',*,*,#1278,.T.);
#580=ORIENTED_EDGE('',*,*,#1279,.T.);
#581=ORIENTED_EDGE('',*,*,#1280,.T.);
#582=ORIENTED_EDGE('',*,*,#1281,.T.);
#583=ORIENTED_EDGE('',*,*,#1282,.F.);
#584=ORIENTED_EDGE('',*,*,#1240,.T.);
#585=ORIENTED_EDGE('',*,*,#1283,.T.);
#586=ORIENTED_EDGE('',*,*,#1284,.T.);
#587=ORIENTED_EDGE('',*,*,#1266,.T.);
#588=ORIENTED_EDGE('',*,*,#1285,.F.);
#589=ORIENTED_EDGE('',*,*,#1286,.T.);
#590=ORIENTED_EDGE('',*,*,#1282,.T.);
#591=ORIENTED_EDGE('',*,*,#1287,.T.);
#592=ORIENTED_EDGE('',*,*,#1288,.F.);
#593=ORIENTED_EDGE('',*,*,#1274,.T.);
#594=ORIENTED_EDGE('',*,*,#1289,.T.);
#595=ORIENTED_EDGE('',*,*,#1290,.T.);
#596=ORIENTED_EDGE('',*,*,#1291,.T.);
#597=ORIENTED_EDGE('',*,*,#1287,.F.);
#598=ORIENTED_EDGE('',*,*,#1292,.F.);
#599=ORIENTED_EDGE('',*,*,#1293,.T.);
#600=ORIENTED_EDGE('',*,*,#1285,.T.);
#601=ORIENTED_EDGE('',*,*,#1294,.T.);
#602=ORIENTED_EDGE('',*,*,#1295,.F.);
#603=ORIENTED_EDGE('',*,*,#1296,.T.);
#604=ORIENTED_EDGE('',*,*,#1297,.T.);
#605=ORIENTED_EDGE('',*,*,#1238,.F.);
#606=ORIENTED_EDGE('',*,*,#1286,.F.);
#607=ORIENTED_EDGE('',*,*,#1298,.F.);
#608=ORIENTED_EDGE('',*,*,#1294,.F.);
#609=ORIENTED_EDGE('',*,*,#1265,.F.);
#610=ORIENTED_EDGE('',*,*,#1299,.T.);
#611=ORIENTED_EDGE('',*,*,#1300,.T.);
#612=ORIENTED_EDGE('',*,*,#1301,.T.);
#613=ORIENTED_EDGE('',*,*,#1221,.F.);
#614=ORIENTED_EDGE('',*,*,#1302,.T.);
#615=ORIENTED_EDGE('',*,*,#1303,.T.);
#616=ORIENTED_EDGE('',*,*,#1304,.T.);
#617=ORIENTED_EDGE('',*,*,#1305,.F.);
#618=ORIENTED_EDGE('',*,*,#1306,.T.);
#619=ORIENTED_EDGE('',*,*,#1293,.F.);
#620=ORIENTED_EDGE('',*,*,#1307,.T.);
#621=ORIENTED_EDGE('',*,*,#1305,.T.);
#622=ORIENTED_EDGE('',*,*,#1308,.T.);
#623=ORIENTED_EDGE('',*,*,#1256,.T.);
#624=ORIENTED_EDGE('',*,*,#1309,.T.);
#625=ORIENTED_EDGE('',*,*,#1306,.F.);
#626=ORIENTED_EDGE('',*,*,#1309,.F.);
#627=ORIENTED_EDGE('',*,*,#1255,.F.);
#628=ORIENTED_EDGE('',*,*,#1284,.F.);
#629=ORIENTED_EDGE('',*,*,#1237,.T.);
#630=ORIENTED_EDGE('',*,*,#1275,.T.);
#631=ORIENTED_EDGE('',*,*,#1292,.T.);
#632=ORIENTED_EDGE('',*,*,#1283,.F.);
#633=ORIENTED_EDGE('',*,*,#1310,.F.);
#634=ORIENTED_EDGE('',*,*,#1311,.T.);
#635=ORIENTED_EDGE('',*,*,#1312,.T.);
#636=ORIENTED_EDGE('',*,*,#1313,.F.);
#637=ORIENTED_EDGE('',*,*,#1314,.T.);
#638=ORIENTED_EDGE('',*,*,#1315,.T.);
#639=ORIENTED_EDGE('',*,*,#1316,.T.);
#640=ORIENTED_EDGE('',*,*,#1317,.F.);
#641=ORIENTED_EDGE('',*,*,#1318,.F.);
#642=ORIENTED_EDGE('',*,*,#1317,.T.);
#643=ORIENTED_EDGE('',*,*,#1319,.T.);
#644=ORIENTED_EDGE('',*,*,#1310,.T.);
#645=ORIENTED_EDGE('',*,*,#1320,.F.);
#646=ORIENTED_EDGE('',*,*,#1321,.T.);
#647=ORIENTED_EDGE('',*,*,#1322,.T.);
#648=ORIENTED_EDGE('',*,*,#1323,.F.);
#649=ORIENTED_EDGE('',*,*,#1324,.F.);
#650=ORIENTED_EDGE('',*,*,#1325,.F.);
#651=ORIENTED_EDGE('',*,*,#1326,.T.);
#652=ORIENTED_EDGE('',*,*,#1325,.T.);
#653=ORIENTED_EDGE('',*,*,#1327,.F.);
#654=ORIENTED_EDGE('',*,*,#1313,.T.);
#655=ORIENTED_EDGE('',*,*,#1328,.T.);
#656=ORIENTED_EDGE('',*,*,#1329,.F.);
#657=ORIENTED_EDGE('',*,*,#1320,.T.);
#658=ORIENTED_EDGE('',*,*,#1327,.T.);
#659=ORIENTED_EDGE('',*,*,#1324,.T.);
#660=ORIENTED_EDGE('',*,*,#1323,.T.);
#661=ORIENTED_EDGE('',*,*,#1330,.T.);
#662=ORIENTED_EDGE('',*,*,#1318,.T.);
#663=ORIENTED_EDGE('',*,*,#1329,.T.);
#664=ORIENTED_EDGE('',*,*,#1331,.F.);
#665=ORIENTED_EDGE('',*,*,#1332,.T.);
#666=ORIENTED_EDGE('',*,*,#1321,.F.);
#667=ORIENTED_EDGE('',*,*,#1333,.F.);
#668=ORIENTED_EDGE('',*,*,#1333,.T.);
#669=ORIENTED_EDGE('',*,*,#1326,.F.);
#670=ORIENTED_EDGE('',*,*,#1328,.F.);
#671=ORIENTED_EDGE('',*,*,#1334,.F.);
#672=ORIENTED_EDGE('',*,*,#1312,.F.);
#673=ORIENTED_EDGE('',*,*,#1335,.T.);
#674=ORIENTED_EDGE('',*,*,#1336,.F.);
#675=ORIENTED_EDGE('',*,*,#1334,.T.);
#676=ORIENTED_EDGE('',*,*,#1336,.T.);
#677=ORIENTED_EDGE('',*,*,#1337,.T.);
#678=ORIENTED_EDGE('',*,*,#1338,.T.);
#679=ORIENTED_EDGE('',*,*,#1339,.T.);
#680=ORIENTED_EDGE('',*,*,#1331,.T.);
#681=ORIENTED_EDGE('',*,*,#1340,.T.);
#682=ORIENTED_EDGE('',*,*,#1341,.T.);
#683=ORIENTED_EDGE('',*,*,#1342,.T.);
#684=ORIENTED_EDGE('',*,*,#1343,.F.);
#685=ORIENTED_EDGE('',*,*,#1344,.T.);
#686=ORIENTED_EDGE('',*,*,#1345,.T.);
#687=ORIENTED_EDGE('',*,*,#1346,.T.);
#688=ORIENTED_EDGE('',*,*,#1347,.T.);
#689=ORIENTED_EDGE('',*,*,#1348,.T.);
#690=ORIENTED_EDGE('',*,*,#1349,.T.);
#691=ORIENTED_EDGE('',*,*,#1350,.T.);
#692=ORIENTED_EDGE('',*,*,#1351,.T.);
#693=ORIENTED_EDGE('',*,*,#1270,.T.);
#694=ORIENTED_EDGE('',*,*,#1352,.T.);
#695=ORIENTED_EDGE('',*,*,#1353,.T.);
#696=ORIENTED_EDGE('',*,*,#1354,.T.);
#697=ORIENTED_EDGE('',*,*,#1355,.T.);
#698=ORIENTED_EDGE('',*,*,#1356,.T.);
#699=ORIENTED_EDGE('',*,*,#1357,.T.);
#700=ORIENTED_EDGE('',*,*,#1358,.T.);
#701=ORIENTED_EDGE('',*,*,#1359,.F.);
#702=ORIENTED_EDGE('',*,*,#1360,.T.);
#703=ORIENTED_EDGE('',*,*,#1361,.T.);
#704=ORIENTED_EDGE('',*,*,#1362,.T.);
#705=ORIENTED_EDGE('',*,*,#1363,.T.);
#706=ORIENTED_EDGE('',*,*,#1364,.T.);
#707=ORIENTED_EDGE('',*,*,#1365,.T.);
#708=ORIENTED_EDGE('',*,*,#1366,.T.);
#709=ORIENTED_EDGE('',*,*,#1367,.T.);
#710=ORIENTED_EDGE('',*,*,#1368,.T.);
#711=ORIENTED_EDGE('',*,*,#1369,.T.);
#712=ORIENTED_EDGE('',*,*,#1370,.T.);
#713=ORIENTED_EDGE('',*,*,#1371,.F.);
#714=ORIENTED_EDGE('',*,*,#1366,.F.);
#715=ORIENTED_EDGE('',*,*,#1372,.T.);
#716=ORIENTED_EDGE('',*,*,#1303,.F.);
#717=ORIENTED_EDGE('',*,*,#1373,.F.);
#718=ORIENTED_EDGE('',*,*,#1362,.F.);
#719=ORIENTED_EDGE('',*,*,#1374,.T.);
#720=ORIENTED_EDGE('',*,*,#1364,.F.);
#721=ORIENTED_EDGE('',*,*,#1375,.F.);
#722=ORIENTED_EDGE('',*,*,#1376,.T.);
#723=ORIENTED_EDGE('',*,*,#1377,.T.);
#724=ORIENTED_EDGE('',*,*,#1346,.F.);
#725=ORIENTED_EDGE('',*,*,#1378,.F.);
#726=ORIENTED_EDGE('',*,*,#1279,.F.);
#727=ORIENTED_EDGE('',*,*,#1339,.F.);
#728=ORIENTED_EDGE('',*,*,#1379,.T.);
#729=ORIENTED_EDGE('',*,*,#1380,.T.);
#730=ORIENTED_EDGE('',*,*,#1216,.F.);
#731=ORIENTED_EDGE('',*,*,#1381,.F.);
#732=ORIENTED_EDGE('',*,*,#1381,.T.);
#733=ORIENTED_EDGE('',*,*,#1215,.F.);
#734=ORIENTED_EDGE('',*,*,#1382,.F.);
#735=ORIENTED_EDGE('',*,*,#1332,.F.);
#736=ORIENTED_EDGE('',*,*,#1382,.T.);
#737=ORIENTED_EDGE('',*,*,#1214,.F.);
#738=ORIENTED_EDGE('',*,*,#1383,.F.);
#739=ORIENTED_EDGE('',*,*,#1322,.F.);
#740=ORIENTED_EDGE('',*,*,#1384,.T.);
#741=ORIENTED_EDGE('',*,*,#1385,.T.);
#742=ORIENTED_EDGE('',*,*,#1354,.F.);
#743=ORIENTED_EDGE('',*,*,#1386,.F.);
#744=ORIENTED_EDGE('',*,*,#1342,.F.);
#745=ORIENTED_EDGE('',*,*,#1383,.T.);
#746=ORIENTED_EDGE('',*,*,#1213,.F.);
#747=ORIENTED_EDGE('',*,*,#1387,.F.);
#748=ORIENTED_EDGE('',*,*,#1330,.F.);
#749=ORIENTED_EDGE('',*,*,#1212,.F.);
#750=ORIENTED_EDGE('',*,*,#1388,.T.);
#751=ORIENTED_EDGE('',*,*,#1389,.T.);
#752=ORIENTED_EDGE('',*,*,#1314,.F.);
#753=ORIENTED_EDGE('',*,*,#1387,.T.);
#754=ORIENTED_EDGE('',*,*,#1290,.F.);
#755=ORIENTED_EDGE('',*,*,#1390,.T.);
#756=ORIENTED_EDGE('',*,*,#1368,.F.);
#757=ORIENTED_EDGE('',*,*,#1391,.F.);
#758=ORIENTED_EDGE('',*,*,#1370,.F.);
#759=ORIENTED_EDGE('',*,*,#1392,.T.);
#760=ORIENTED_EDGE('',*,*,#1356,.F.);
#761=ORIENTED_EDGE('',*,*,#1393,.F.);
#762=ORIENTED_EDGE('',*,*,#1358,.F.);
#763=ORIENTED_EDGE('',*,*,#1394,.T.);
#764=ORIENTED_EDGE('',*,*,#1281,.F.);
#765=ORIENTED_EDGE('',*,*,#1395,.F.);
#766=ORIENTED_EDGE('',*,*,#1352,.F.);
#767=ORIENTED_EDGE('',*,*,#1396,.T.);
#768=ORIENTED_EDGE('',*,*,#1360,.F.);
#769=ORIENTED_EDGE('',*,*,#1397,.F.);
#770=ORIENTED_EDGE('',*,*,#1273,.F.);
#771=ORIENTED_EDGE('',*,*,#1235,.F.);
#772=ORIENTED_EDGE('',*,*,#1398,.F.);
#773=ORIENTED_EDGE('',*,*,#1289,.F.);
#774=ORIENTED_EDGE('',*,*,#1398,.T.);
#775=ORIENTED_EDGE('',*,*,#1234,.F.);
#776=ORIENTED_EDGE('',*,*,#1399,.F.);
#777=ORIENTED_EDGE('',*,*,#1390,.F.);
#778=ORIENTED_EDGE('',*,*,#1399,.T.);
#779=ORIENTED_EDGE('',*,*,#1233,.F.);
#780=ORIENTED_EDGE('',*,*,#1400,.F.);
#781=ORIENTED_EDGE('',*,*,#1369,.F.);
#782=ORIENTED_EDGE('',*,*,#1400,.T.);
#783=ORIENTED_EDGE('',*,*,#1232,.F.);
#784=ORIENTED_EDGE('',*,*,#1401,.F.);
#785=ORIENTED_EDGE('',*,*,#1392,.F.);
#786=ORIENTED_EDGE('',*,*,#1401,.T.);
#787=ORIENTED_EDGE('',*,*,#1231,.F.);
#788=ORIENTED_EDGE('',*,*,#1402,.F.);
#789=ORIENTED_EDGE('',*,*,#1357,.F.);
#790=ORIENTED_EDGE('',*,*,#1402,.T.);
#791=ORIENTED_EDGE('',*,*,#1230,.F.);
#792=ORIENTED_EDGE('',*,*,#1403,.F.);
#793=ORIENTED_EDGE('',*,*,#1394,.F.);
#794=ORIENTED_EDGE('',*,*,#1229,.F.);
#795=ORIENTED_EDGE('',*,*,#1404,.T.);
#796=ORIENTED_EDGE('',*,*,#1276,.F.);
#797=ORIENTED_EDGE('',*,*,#1403,.T.);
#798=ORIENTED_EDGE('',*,*,#1269,.T.);
#799=ORIENTED_EDGE('',*,*,#1380,.F.);
#800=ORIENTED_EDGE('',*,*,#1405,.F.);
#801=ORIENTED_EDGE('',*,*,#1278,.F.);
#802=ORIENTED_EDGE('',*,*,#1405,.T.);
#803=ORIENTED_EDGE('',*,*,#1379,.F.);
#804=ORIENTED_EDGE('',*,*,#1406,.F.);
#805=ORIENTED_EDGE('',*,*,#1376,.F.);
#806=ORIENTED_EDGE('',*,*,#1406,.T.);
#807=ORIENTED_EDGE('',*,*,#1338,.F.);
#808=ORIENTED_EDGE('',*,*,#1407,.F.);
#809=ORIENTED_EDGE('',*,*,#1377,.F.);
#810=ORIENTED_EDGE('',*,*,#1407,.T.);
#811=ORIENTED_EDGE('',*,*,#1337,.F.);
#812=ORIENTED_EDGE('',*,*,#1408,.F.);
#813=ORIENTED_EDGE('',*,*,#1347,.F.);
#814=ORIENTED_EDGE('',*,*,#1408,.T.);
#815=ORIENTED_EDGE('',*,*,#1335,.F.);
#816=ORIENTED_EDGE('',*,*,#1409,.F.);
#817=ORIENTED_EDGE('',*,*,#1348,.F.);
#818=ORIENTED_EDGE('',*,*,#1409,.T.);
#819=ORIENTED_EDGE('',*,*,#1311,.F.);
#820=ORIENTED_EDGE('',*,*,#1410,.F.);
#821=ORIENTED_EDGE('',*,*,#1349,.F.);
#822=ORIENTED_EDGE('',*,*,#1410,.T.);
#823=ORIENTED_EDGE('',*,*,#1319,.F.);
#824=ORIENTED_EDGE('',*,*,#1411,.F.);
#825=ORIENTED_EDGE('',*,*,#1340,.F.);
#826=ORIENTED_EDGE('',*,*,#1411,.T.);
#827=ORIENTED_EDGE('',*,*,#1316,.F.);
#828=ORIENTED_EDGE('',*,*,#1412,.F.);
#829=ORIENTED_EDGE('',*,*,#1341,.F.);
#830=ORIENTED_EDGE('',*,*,#1412,.T.);
#831=ORIENTED_EDGE('',*,*,#1315,.F.);
#832=ORIENTED_EDGE('',*,*,#1413,.F.);
#833=ORIENTED_EDGE('',*,*,#1384,.F.);
#834=ORIENTED_EDGE('',*,*,#1413,.T.);
#835=ORIENTED_EDGE('',*,*,#1389,.F.);
#836=ORIENTED_EDGE('',*,*,#1414,.F.);
#837=ORIENTED_EDGE('',*,*,#1385,.F.);
#838=ORIENTED_EDGE('',*,*,#1414,.T.);
#839=ORIENTED_EDGE('',*,*,#1388,.F.);
#840=ORIENTED_EDGE('',*,*,#1415,.F.);
#841=ORIENTED_EDGE('',*,*,#1355,.F.);
#842=ORIENTED_EDGE('',*,*,#1211,.F.);
#843=ORIENTED_EDGE('',*,*,#1416,.T.);
#844=ORIENTED_EDGE('',*,*,#1350,.F.);
#845=ORIENTED_EDGE('',*,*,#1415,.T.);
#846=ORIENTED_EDGE('',*,*,#1272,.T.);
#847=ORIENTED_EDGE('',*,*,#1262,.F.);
#848=ORIENTED_EDGE('',*,*,#1417,.F.);
#849=ORIENTED_EDGE('',*,*,#1396,.F.);
#850=ORIENTED_EDGE('',*,*,#1417,.T.);
#851=ORIENTED_EDGE('',*,*,#1261,.F.);
#852=ORIENTED_EDGE('',*,*,#1418,.F.);
#853=ORIENTED_EDGE('',*,*,#1361,.F.);
#854=ORIENTED_EDGE('',*,*,#1418,.T.);
#855=ORIENTED_EDGE('',*,*,#1260,.F.);
#856=ORIENTED_EDGE('',*,*,#1419,.F.);
#857=ORIENTED_EDGE('',*,*,#1374,.F.);
#858=ORIENTED_EDGE('',*,*,#1419,.T.);
#859=ORIENTED_EDGE('',*,*,#1259,.F.);
#860=ORIENTED_EDGE('',*,*,#1420,.F.);
#861=ORIENTED_EDGE('',*,*,#1365,.F.);
#862=ORIENTED_EDGE('',*,*,#1420,.T.);
#863=ORIENTED_EDGE('',*,*,#1258,.F.);
#864=ORIENTED_EDGE('',*,*,#1421,.F.);
#865=ORIENTED_EDGE('',*,*,#1372,.F.);
#866=ORIENTED_EDGE('',*,*,#1308,.F.);
#867=ORIENTED_EDGE('',*,*,#1304,.F.);
#868=ORIENTED_EDGE('',*,*,#1421,.T.);
#869=ORIENTED_EDGE('',*,*,#1257,.F.);
#870=ORIENTED_EDGE('',*,*,#1422,.T.);
#871=ORIENTED_EDGE('',*,*,#1423,.T.);
#872=ORIENTED_EDGE('',*,*,#1424,.T.);
#873=ORIENTED_EDGE('',*,*,#1425,.T.);
#874=ORIENTED_EDGE('',*,*,#1426,.T.);
#875=ORIENTED_EDGE('',*,*,#1427,.T.);
#876=ORIENTED_EDGE('',*,*,#1363,.F.);
#877=ORIENTED_EDGE('',*,*,#1428,.F.);
#878=ORIENTED_EDGE('',*,*,#1429,.T.);
#879=ORIENTED_EDGE('',*,*,#1430,.T.);
#880=ORIENTED_EDGE('',*,*,#1375,.T.);
#881=ORIENTED_EDGE('',*,*,#1431,.F.);
#882=ORIENTED_EDGE('',*,*,#1432,.F.);
#883=ORIENTED_EDGE('',*,*,#1428,.T.);
#884=ORIENTED_EDGE('',*,*,#1367,.F.);
#885=ORIENTED_EDGE('',*,*,#1433,.F.);
#886=ORIENTED_EDGE('',*,*,#1434,.T.);
#887=ORIENTED_EDGE('',*,*,#1431,.T.);
#888=ORIENTED_EDGE('',*,*,#1373,.T.);
#889=ORIENTED_EDGE('',*,*,#1435,.F.);
#890=ORIENTED_EDGE('',*,*,#1436,.F.);
#891=ORIENTED_EDGE('',*,*,#1433,.T.);
#892=ORIENTED_EDGE('',*,*,#1307,.F.);
#893=ORIENTED_EDGE('',*,*,#1437,.F.);
#894=ORIENTED_EDGE('',*,*,#1438,.T.);
#895=ORIENTED_EDGE('',*,*,#1435,.T.);
#896=ORIENTED_EDGE('',*,*,#1295,.T.);
#897=ORIENTED_EDGE('',*,*,#1439,.F.);
#898=ORIENTED_EDGE('',*,*,#1440,.F.);
#899=ORIENTED_EDGE('',*,*,#1437,.T.);
#900=ORIENTED_EDGE('',*,*,#1298,.T.);
#901=ORIENTED_EDGE('',*,*,#1441,.F.);
#902=ORIENTED_EDGE('',*,*,#1442,.F.);
#903=ORIENTED_EDGE('',*,*,#1439,.T.);
#904=ORIENTED_EDGE('',*,*,#1288,.T.);
#905=ORIENTED_EDGE('',*,*,#1443,.F.);
#906=ORIENTED_EDGE('',*,*,#1444,.F.);
#907=ORIENTED_EDGE('',*,*,#1441,.T.);
#908=ORIENTED_EDGE('',*,*,#1291,.F.);
#909=ORIENTED_EDGE('',*,*,#1445,.F.);
#910=ORIENTED_EDGE('',*,*,#1446,.T.);
#911=ORIENTED_EDGE('',*,*,#1443,.T.);
#912=ORIENTED_EDGE('',*,*,#1391,.T.);
#913=ORIENTED_EDGE('',*,*,#1447,.F.);
#914=ORIENTED_EDGE('',*,*,#1448,.F.);
#915=ORIENTED_EDGE('',*,*,#1445,.T.);
#916=ORIENTED_EDGE('',*,*,#1371,.T.);
#917=ORIENTED_EDGE('',*,*,#1449,.F.);
#918=ORIENTED_EDGE('',*,*,#1450,.F.);
#919=ORIENTED_EDGE('',*,*,#1447,.T.);
#920=ORIENTED_EDGE('',*,*,#1393,.T.);
#921=ORIENTED_EDGE('',*,*,#1451,.F.);
#922=ORIENTED_EDGE('',*,*,#1452,.F.);
#923=ORIENTED_EDGE('',*,*,#1449,.T.);
#924=ORIENTED_EDGE('',*,*,#1359,.T.);
#925=ORIENTED_EDGE('',*,*,#1453,.F.);
#926=ORIENTED_EDGE('',*,*,#1454,.F.);
#927=ORIENTED_EDGE('',*,*,#1451,.T.);
#928=ORIENTED_EDGE('',*,*,#1395,.T.);
#929=ORIENTED_EDGE('',*,*,#1455,.F.);
#930=ORIENTED_EDGE('',*,*,#1456,.F.);
#931=ORIENTED_EDGE('',*,*,#1453,.T.);
#932=ORIENTED_EDGE('',*,*,#1280,.F.);
#933=ORIENTED_EDGE('',*,*,#1457,.F.);
#934=ORIENTED_EDGE('',*,*,#1458,.T.);
#935=ORIENTED_EDGE('',*,*,#1455,.T.);
#936=ORIENTED_EDGE('',*,*,#1378,.T.);
#937=ORIENTED_EDGE('',*,*,#1345,.F.);
#938=ORIENTED_EDGE('',*,*,#1459,.F.);
#939=ORIENTED_EDGE('',*,*,#1457,.T.);
#940=ORIENTED_EDGE('',*,*,#1386,.T.);
#941=ORIENTED_EDGE('',*,*,#1460,.F.);
#942=ORIENTED_EDGE('',*,*,#1461,.F.);
#943=ORIENTED_EDGE('',*,*,#1343,.T.);
#944=ORIENTED_EDGE('',*,*,#1353,.F.);
#945=ORIENTED_EDGE('',*,*,#1462,.F.);
#946=ORIENTED_EDGE('',*,*,#1463,.T.);
#947=ORIENTED_EDGE('',*,*,#1460,.T.);
#948=ORIENTED_EDGE('',*,*,#1464,.T.);
#949=ORIENTED_EDGE('',*,*,#1423,.F.);
#950=ORIENTED_EDGE('',*,*,#1397,.T.);
#951=ORIENTED_EDGE('',*,*,#1430,.F.);
#952=ORIENTED_EDGE('',*,*,#1465,.F.);
#953=ORIENTED_EDGE('',*,*,#1462,.T.);
#954=ORIENTED_EDGE('',*,*,#1466,.T.);
#955=ORIENTED_EDGE('',*,*,#1425,.F.);
#956=ORIENTED_EDGE('',*,*,#1467,.T.);
#957=ORIENTED_EDGE('',*,*,#1427,.F.);
#958=ORIENTED_EDGE('',*,*,#1466,.F.);
#959=ORIENTED_EDGE('',*,*,#1429,.F.);
#960=ORIENTED_EDGE('',*,*,#1432,.T.);
#961=ORIENTED_EDGE('',*,*,#1434,.F.);
#962=ORIENTED_EDGE('',*,*,#1436,.T.);
#963=ORIENTED_EDGE('',*,*,#1438,.F.);
#964=ORIENTED_EDGE('',*,*,#1440,.T.);
#965=ORIENTED_EDGE('',*,*,#1442,.T.);
#966=ORIENTED_EDGE('',*,*,#1444,.T.);
#967=ORIENTED_EDGE('',*,*,#1446,.F.);
#968=ORIENTED_EDGE('',*,*,#1448,.T.);
#969=ORIENTED_EDGE('',*,*,#1450,.T.);
#970=ORIENTED_EDGE('',*,*,#1452,.T.);
#971=ORIENTED_EDGE('',*,*,#1454,.T.);
#972=ORIENTED_EDGE('',*,*,#1456,.T.);
#973=ORIENTED_EDGE('',*,*,#1458,.F.);
#974=ORIENTED_EDGE('',*,*,#1459,.T.);
#975=ORIENTED_EDGE('',*,*,#1344,.F.);
#976=ORIENTED_EDGE('',*,*,#1461,.T.);
#977=ORIENTED_EDGE('',*,*,#1463,.F.);
#978=ORIENTED_EDGE('',*,*,#1465,.T.);
#979=ORIENTED_EDGE('',*,*,#1464,.F.);
#980=ORIENTED_EDGE('',*,*,#1467,.F.);
#981=ORIENTED_EDGE('',*,*,#1426,.F.);
#982=ORIENTED_EDGE('',*,*,#1223,.F.);
#983=ORIENTED_EDGE('',*,*,#1424,.F.);
#984=ORIENTED_EDGE('',*,*,#1249,.F.);
#985=ORIENTED_EDGE('',*,*,#1422,.F.);
#986=ORIENTED_EDGE('',*,*,#1203,.F.);
#987=ORIENTED_EDGE('',*,*,#1468,.T.);
#988=ORIENTED_EDGE('',*,*,#1469,.T.);
#989=ORIENTED_EDGE('',*,*,#1470,.T.);
#990=ORIENTED_EDGE('',*,*,#1471,.T.);
#991=ORIENTED_EDGE('',*,*,#1472,.T.);
#992=ORIENTED_EDGE('',*,*,#1473,.T.);
#993=ORIENTED_EDGE('',*,*,#1474,.T.);
#994=ORIENTED_EDGE('',*,*,#1475,.F.);
#995=ORIENTED_EDGE('',*,*,#1476,.T.);
#996=ORIENTED_EDGE('',*,*,#1477,.T.);
#997=ORIENTED_EDGE('',*,*,#1478,.T.);
#998=ORIENTED_EDGE('',*,*,#1479,.T.);
#999=ORIENTED_EDGE('',*,*,#1480,.T.);
#1000=ORIENTED_EDGE('',*,*,#1481,.T.);
#1001=ORIENTED_EDGE('',*,*,#1482,.T.);
#1002=ORIENTED_EDGE('',*,*,#1483,.T.);
#1003=ORIENTED_EDGE('',*,*,#1484,.T.);
#1004=ORIENTED_EDGE('',*,*,#1485,.T.);
#1005=ORIENTED_EDGE('',*,*,#1475,.T.);
#1006=ORIENTED_EDGE('',*,*,#1486,.T.);
#1007=ORIENTED_EDGE('',*,*,#1468,.F.);
#1008=ORIENTED_EDGE('',*,*,#1487,.T.);
#1009=ORIENTED_EDGE('',*,*,#1488,.T.);
#1010=ORIENTED_EDGE('',*,*,#1489,.T.);
#1011=ORIENTED_EDGE('',*,*,#1490,.T.);
#1012=ORIENTED_EDGE('',*,*,#1491,.T.);
#1013=ORIENTED_EDGE('',*,*,#1492,.T.);
#1014=ORIENTED_EDGE('',*,*,#1493,.F.);
#1015=ORIENTED_EDGE('',*,*,#1494,.T.);
#1016=ORIENTED_EDGE('',*,*,#1495,.T.);
#1017=ORIENTED_EDGE('',*,*,#1496,.T.);
#1018=ORIENTED_EDGE('',*,*,#1497,.T.);
#1019=ORIENTED_EDGE('',*,*,#1498,.T.);
#1020=ORIENTED_EDGE('',*,*,#1499,.T.);
#1021=ORIENTED_EDGE('',*,*,#1500,.T.);
#1022=ORIENTED_EDGE('',*,*,#1501,.T.);
#1023=ORIENTED_EDGE('',*,*,#1502,.T.);
#1024=ORIENTED_EDGE('',*,*,#1503,.T.);
#1025=ORIENTED_EDGE('',*,*,#1504,.T.);
#1026=ORIENTED_EDGE('',*,*,#1505,.T.);
#1027=ORIENTED_EDGE('',*,*,#1490,.F.);
#1028=ORIENTED_EDGE('',*,*,#1506,.T.);
#1029=ORIENTED_EDGE('',*,*,#1493,.T.);
#1030=ORIENTED_EDGE('',*,*,#1507,.T.);
#1031=ORIENTED_EDGE('',*,*,#1247,.F.);
#1032=ORIENTED_EDGE('',*,*,#1508,.T.);
#1033=ORIENTED_EDGE('',*,*,#1218,.F.);
#1034=ORIENTED_EDGE('',*,*,#1509,.F.);
#1035=ORIENTED_EDGE('',*,*,#1509,.T.);
#1036=ORIENTED_EDGE('',*,*,#1268,.F.);
#1037=ORIENTED_EDGE('',*,*,#1510,.F.);
#1038=ORIENTED_EDGE('',*,*,#1510,.T.);
#1039=ORIENTED_EDGE('',*,*,#1277,.F.);
#1040=ORIENTED_EDGE('',*,*,#1511,.F.);
#1041=ORIENTED_EDGE('',*,*,#1248,.F.);
#1042=ORIENTED_EDGE('',*,*,#1511,.T.);
#1043=ORIENTED_EDGE('',*,*,#1404,.F.);
#1044=ORIENTED_EDGE('',*,*,#1512,.F.);
#1045=ORIENTED_EDGE('',*,*,#1228,.F.);
#1046=ORIENTED_EDGE('',*,*,#1513,.T.);
#1047=ORIENTED_EDGE('',*,*,#1245,.F.);
#1048=ORIENTED_EDGE('',*,*,#1512,.T.);
#1049=ORIENTED_EDGE('',*,*,#1243,.F.);
#1050=ORIENTED_EDGE('',*,*,#1514,.T.);
#1051=ORIENTED_EDGE('',*,*,#1250,.F.);
#1052=ORIENTED_EDGE('',*,*,#1515,.F.);
#1053=ORIENTED_EDGE('',*,*,#1515,.T.);
#1054=ORIENTED_EDGE('',*,*,#1271,.F.);
#1055=ORIENTED_EDGE('',*,*,#1516,.F.);
#1056=ORIENTED_EDGE('',*,*,#1516,.T.);
#1057=ORIENTED_EDGE('',*,*,#1351,.F.);
#1058=ORIENTED_EDGE('',*,*,#1517,.F.);
#1059=ORIENTED_EDGE('',*,*,#1244,.F.);
#1060=ORIENTED_EDGE('',*,*,#1517,.T.);
#1061=ORIENTED_EDGE('',*,*,#1416,.F.);
#1062=ORIENTED_EDGE('',*,*,#1518,.F.);
#1063=ORIENTED_EDGE('',*,*,#1210,.F.);
#1064=ORIENTED_EDGE('',*,*,#1519,.T.);
#1065=ORIENTED_EDGE('',*,*,#1241,.F.);
#1066=ORIENTED_EDGE('',*,*,#1518,.T.);
#1067=ORIENTED_EDGE('',*,*,#1520,.F.);
#1068=ORIENTED_EDGE('',*,*,#1219,.F.);
#1069=ORIENTED_EDGE('',*,*,#1521,.F.);
#1070=ORIENTED_EDGE('',*,*,#1485,.F.);
#1071=ORIENTED_EDGE('',*,*,#1522,.F.);
#1072=ORIENTED_EDGE('',*,*,#1205,.F.);
#1073=ORIENTED_EDGE('',*,*,#1523,.F.);
#1074=ORIENTED_EDGE('',*,*,#1471,.F.);
#1075=ORIENTED_EDGE('',*,*,#1521,.T.);
#1076=ORIENTED_EDGE('',*,*,#1508,.F.);
#1077=ORIENTED_EDGE('',*,*,#1524,.F.);
#1078=ORIENTED_EDGE('',*,*,#1478,.F.);
#1079=ORIENTED_EDGE('',*,*,#1204,.T.);
#1080=ORIENTED_EDGE('',*,*,#1520,.T.);
#1081=ORIENTED_EDGE('',*,*,#1525,.F.);
#1082=ORIENTED_EDGE('',*,*,#1523,.T.);
#1083=ORIENTED_EDGE('',*,*,#1522,.T.);
#1084=ORIENTED_EDGE('',*,*,#1470,.F.);
#1085=ORIENTED_EDGE('',*,*,#1526,.F.);
#1086=ORIENTED_EDGE('',*,*,#1220,.F.);
#1087=ORIENTED_EDGE('',*,*,#1524,.T.);
#1088=ORIENTED_EDGE('',*,*,#1246,.F.);
#1089=ORIENTED_EDGE('',*,*,#1527,.F.);
#1090=ORIENTED_EDGE('',*,*,#1479,.F.);
#1091=ORIENTED_EDGE('',*,*,#1525,.T.);
#1092=ORIENTED_EDGE('',*,*,#1484,.F.);
#1093=ORIENTED_EDGE('',*,*,#1528,.F.);
#1094=ORIENTED_EDGE('',*,*,#1472,.F.);
#1095=ORIENTED_EDGE('',*,*,#1526,.T.);
#1096=ORIENTED_EDGE('',*,*,#1469,.F.);
#1097=ORIENTED_EDGE('',*,*,#1529,.F.);
#1098=ORIENTED_EDGE('',*,*,#1302,.F.);
#1099=ORIENTED_EDGE('',*,*,#1527,.T.);
#1100=ORIENTED_EDGE('',*,*,#1513,.F.);
#1101=ORIENTED_EDGE('',*,*,#1530,.F.);
#1102=ORIENTED_EDGE('',*,*,#1480,.F.);
#1103=ORIENTED_EDGE('',*,*,#1528,.T.);
#1104=ORIENTED_EDGE('',*,*,#1483,.F.);
#1105=ORIENTED_EDGE('',*,*,#1531,.F.);
#1106=ORIENTED_EDGE('',*,*,#1487,.F.);
#1107=ORIENTED_EDGE('',*,*,#1529,.T.);
#1108=ORIENTED_EDGE('',*,*,#1486,.F.);
#1109=ORIENTED_EDGE('',*,*,#1532,.F.);
#1110=ORIENTED_EDGE('',*,*,#1296,.F.);
#1111=ORIENTED_EDGE('',*,*,#1530,.T.);
#1112=ORIENTED_EDGE('',*,*,#1227,.F.);
#1113=ORIENTED_EDGE('',*,*,#1533,.F.);
#1114=ORIENTED_EDGE('',*,*,#1481,.F.);
#1115=ORIENTED_EDGE('',*,*,#1531,.T.);
#1116=ORIENTED_EDGE('',*,*,#1482,.F.);
#1117=ORIENTED_EDGE('',*,*,#1534,.F.);
#1118=ORIENTED_EDGE('',*,*,#1476,.F.);
#1119=ORIENTED_EDGE('',*,*,#1532,.T.);
#1120=ORIENTED_EDGE('',*,*,#1474,.F.);
#1121=ORIENTED_EDGE('',*,*,#1535,.F.);
#1122=ORIENTED_EDGE('',*,*,#1297,.F.);
#1123=ORIENTED_EDGE('',*,*,#1533,.T.);
#1124=ORIENTED_EDGE('',*,*,#1226,.T.);
#1125=ORIENTED_EDGE('',*,*,#1536,.F.);
#1126=ORIENTED_EDGE('',*,*,#1534,.T.);
#1127=ORIENTED_EDGE('',*,*,#1535,.T.);
#1128=ORIENTED_EDGE('',*,*,#1473,.F.);
#1129=ORIENTED_EDGE('',*,*,#1537,.F.);
#1130=ORIENTED_EDGE('',*,*,#1239,.F.);
#1131=ORIENTED_EDGE('',*,*,#1536,.T.);
#1132=ORIENTED_EDGE('',*,*,#1225,.F.);
#1133=ORIENTED_EDGE('',*,*,#1537,.T.);
#1134=ORIENTED_EDGE('',*,*,#1477,.F.);
#1135=ORIENTED_EDGE('',*,*,#1538,.F.);
#1136=ORIENTED_EDGE('',*,*,#1299,.F.);
#1137=ORIENTED_EDGE('',*,*,#1539,.F.);
#1138=ORIENTED_EDGE('',*,*,#1491,.F.);
#1139=ORIENTED_EDGE('',*,*,#1539,.T.);
#1140=ORIENTED_EDGE('',*,*,#1264,.F.);
#1141=ORIENTED_EDGE('',*,*,#1540,.F.);
#1142=ORIENTED_EDGE('',*,*,#1492,.F.);
#1143=ORIENTED_EDGE('',*,*,#1538,.T.);
#1144=ORIENTED_EDGE('',*,*,#1507,.F.);
#1145=ORIENTED_EDGE('',*,*,#1541,.F.);
#1146=ORIENTED_EDGE('',*,*,#1300,.F.);
#1147=ORIENTED_EDGE('',*,*,#1542,.F.);
#1148=ORIENTED_EDGE('',*,*,#1502,.F.);
#1149=ORIENTED_EDGE('',*,*,#1543,.F.);
#1150=ORIENTED_EDGE('',*,*,#1514,.F.);
#1151=ORIENTED_EDGE('',*,*,#1543,.T.);
#1152=ORIENTED_EDGE('',*,*,#1501,.F.);
#1153=ORIENTED_EDGE('',*,*,#1544,.F.);
#1154=ORIENTED_EDGE('',*,*,#1251,.F.);
#1155=ORIENTED_EDGE('',*,*,#1540,.T.);
#1156=ORIENTED_EDGE('',*,*,#1253,.F.);
#1157=ORIENTED_EDGE('',*,*,#1545,.F.);
#1158=ORIENTED_EDGE('',*,*,#1488,.F.);
#1159=ORIENTED_EDGE('',*,*,#1541,.T.);
#1160=ORIENTED_EDGE('',*,*,#1497,.F.);
#1161=ORIENTED_EDGE('',*,*,#1546,.F.);
#1162=ORIENTED_EDGE('',*,*,#1301,.F.);
#1163=ORIENTED_EDGE('',*,*,#1542,.T.);
#1164=ORIENTED_EDGE('',*,*,#1242,.F.);
#1165=ORIENTED_EDGE('',*,*,#1547,.F.);
#1166=ORIENTED_EDGE('',*,*,#1503,.F.);
#1167=ORIENTED_EDGE('',*,*,#1252,.T.);
#1168=ORIENTED_EDGE('',*,*,#1544,.T.);
#1169=ORIENTED_EDGE('',*,*,#1548,.F.);
#1170=ORIENTED_EDGE('',*,*,#1545,.T.);
#1171=ORIENTED_EDGE('',*,*,#1546,.T.);
#1172=ORIENTED_EDGE('',*,*,#1496,.F.);
#1173=ORIENTED_EDGE('',*,*,#1549,.F.);
#1174=ORIENTED_EDGE('',*,*,#1222,.F.);
#1175=ORIENTED_EDGE('',*,*,#1547,.T.);
#1176=ORIENTED_EDGE('',*,*,#1519,.F.);
#1177=ORIENTED_EDGE('',*,*,#1550,.F.);
#1178=ORIENTED_EDGE('',*,*,#1504,.F.);
#1179=ORIENTED_EDGE('',*,*,#1548,.T.);
#1180=ORIENTED_EDGE('',*,*,#1500,.F.);
#1181=ORIENTED_EDGE('',*,*,#1551,.F.);
#1182=ORIENTED_EDGE('',*,*,#1489,.F.);
#1183=ORIENTED_EDGE('',*,*,#1549,.T.);
#1184=ORIENTED_EDGE('',*,*,#1495,.F.);
#1185=ORIENTED_EDGE('',*,*,#1552,.F.);
#1186=ORIENTED_EDGE('',*,*,#1207,.F.);
#1187=ORIENTED_EDGE('',*,*,#1550,.T.);
#1188=ORIENTED_EDGE('',*,*,#1209,.F.);
#1189=ORIENTED_EDGE('',*,*,#1553,.F.);
#1190=ORIENTED_EDGE('',*,*,#1505,.F.);
#1191=ORIENTED_EDGE('',*,*,#1551,.T.);
#1192=ORIENTED_EDGE('',*,*,#1499,.F.);
#1193=ORIENTED_EDGE('',*,*,#1554,.F.);
#1194=ORIENTED_EDGE('',*,*,#1506,.F.);
#1195=ORIENTED_EDGE('',*,*,#1208,.T.);
#1196=ORIENTED_EDGE('',*,*,#1552,.T.);
#1197=ORIENTED_EDGE('',*,*,#1555,.F.);
#1198=ORIENTED_EDGE('',*,*,#1553,.T.);
#1199=ORIENTED_EDGE('',*,*,#1554,.T.);
#1200=ORIENTED_EDGE('',*,*,#1498,.F.);
#1201=ORIENTED_EDGE('',*,*,#1555,.T.);
#1202=ORIENTED_EDGE('',*,*,#1494,.F.);
#1203=EDGE_CURVE('',#1556,#1556,#1762,.T.);
#1204=EDGE_CURVE('',#1557,#1558,#1763,.F.);
#1205=EDGE_CURVE('',#1557,#1559,#195,.T.);
#1206=EDGE_CURVE('',#1560,#1559,#196,.F.);
#1207=EDGE_CURVE('',#1560,#1561,#197,.F.);
#1208=EDGE_CURVE('',#1562,#1561,#1764,.F.);
#1209=EDGE_CURVE('',#1562,#1563,#198,.F.);
#1210=EDGE_CURVE('',#1563,#1564,#199,.F.);
#1211=EDGE_CURVE('',#1564,#1565,#200,.T.);
#1212=EDGE_CURVE('',#1565,#1566,#201,.T.);
#1213=EDGE_CURVE('',#1566,#1567,#159,.T.);
#1214=EDGE_CURVE('',#1567,#1568,#202,.T.);
#1215=EDGE_CURVE('',#1568,#1569,#160,.T.);
#1216=EDGE_CURVE('',#1569,#1570,#203,.F.);
#1217=EDGE_CURVE('',#1570,#1571,#204,.T.);
#1218=EDGE_CURVE('',#1571,#1572,#205,.T.);
#1219=EDGE_CURVE('',#1572,#1558,#206,.F.);
#1220=EDGE_CURVE('',#1559,#1573,#1765,.T.);
#1221=EDGE_CURVE('',#1573,#1574,#207,.T.);
#1222=EDGE_CURVE('',#1574,#1560,#1766,.F.);
#1223=EDGE_CURVE('',#1575,#1575,#1767,.T.);
#1224=EDGE_CURVE('',#1576,#1577,#208,.F.);
#1225=EDGE_CURVE('',#1576,#1578,#209,.F.);
#1226=EDGE_CURVE('',#1579,#1578,#1768,.F.);
#1227=EDGE_CURVE('',#1579,#1580,#210,.F.);
#1228=EDGE_CURVE('',#1580,#1581,#211,.F.);
#1229=EDGE_CURVE('',#1581,#1582,#212,.T.);
#1230=EDGE_CURVE('',#1582,#1583,#161,.F.);
#1231=EDGE_CURVE('',#1583,#1584,#213,.F.);
#1232=EDGE_CURVE('',#1584,#1585,#1769,.F.);
#1233=EDGE_CURVE('',#1585,#1586,#214,.F.);
#1234=EDGE_CURVE('',#1586,#1587,#1770,.T.);
#1235=EDGE_CURVE('',#1587,#1588,#215,.F.);
#1236=EDGE_CURVE('',#1588,#1589,#216,.T.);
#1237=EDGE_CURVE('',#1577,#1589,#217,.F.);
#1238=EDGE_CURVE('',#1590,#1591,#218,.T.);
#1239=EDGE_CURVE('',#1591,#1576,#1771,.F.);
#1240=EDGE_CURVE('',#1590,#1577,#1772,.F.);
#1241=EDGE_CURVE('',#1592,#1593,#219,.T.);
#1242=EDGE_CURVE('',#1593,#1594,#1773,.T.);
#1243=EDGE_CURVE('',#1594,#1595,#220,.F.);
#1244=EDGE_CURVE('',#1595,#1592,#162,.T.);
#1245=EDGE_CURVE('',#1596,#1597,#221,.T.);
#1246=EDGE_CURVE('',#1597,#1598,#1774,.T.);
#1247=EDGE_CURVE('',#1598,#1599,#222,.F.);
#1248=EDGE_CURVE('',#1599,#1596,#163,.T.);
#1249=EDGE_CURVE('',#1600,#1600,#1775,.T.);
#1250=EDGE_CURVE('',#1601,#1602,#223,.T.);
#1251=EDGE_CURVE('',#1602,#1603,#224,.F.);
#1252=EDGE_CURVE('',#1604,#1603,#1776,.F.);
#1253=EDGE_CURVE('',#1604,#1605,#225,.T.);
#1254=EDGE_CURVE('',#1606,#1605,#226,.F.);
#1255=EDGE_CURVE('',#1606,#1607,#227,.F.);
#1256=EDGE_CURVE('',#1608,#1607,#228,.T.);
#1257=EDGE_CURVE('',#1608,#1609,#229,.T.);
#1258=EDGE_CURVE('',#1609,#1610,#1777,.T.);
#1259=EDGE_CURVE('',#1610,#1611,#230,.T.);
#1260=EDGE_CURVE('',#1611,#1612,#1778,.F.);
#1261=EDGE_CURVE('',#1612,#1613,#231,.T.);
#1262=EDGE_CURVE('',#1613,#1614,#164,.F.);
#1263=EDGE_CURVE('',#1614,#1601,#232,.T.);
#1264=EDGE_CURVE('',#1605,#1615,#1779,.T.);
#1265=EDGE_CURVE('',#1615,#1616,#233,.T.);
#1266=EDGE_CURVE('',#1606,#1616,#1780,.T.);
#1267=EDGE_CURVE('',#1617,#1618,#234,.F.);
#1268=EDGE_CURVE('',#1617,#1571,#1781,.F.);
#1269=EDGE_CURVE('',#1618,#1570,#1782,.T.);
#1270=EDGE_CURVE('',#1619,#1620,#235,.F.);
#1271=EDGE_CURVE('',#1619,#1601,#1783,.F.);
#1272=EDGE_CURVE('',#1620,#1614,#1784,.T.);
#1273=EDGE_CURVE('',#1588,#1621,#165,.F.);
#1274=EDGE_CURVE('',#1622,#1621,#236,.T.);
#1275=EDGE_CURVE('',#1589,#1622,#166,.F.);
#1276=EDGE_CURVE('',#1623,#1624,#237,.F.);
#1277=EDGE_CURVE('',#1624,#1617,#167,.T.);
#1278=EDGE_CURVE('',#1618,#1625,#168,.T.);
#1279=EDGE_CURVE('',#1625,#1626,#238,.F.);
#1280=EDGE_CURVE('',#1626,#1627,#239,.T.);
#1281=EDGE_CURVE('',#1627,#1623,#240,.F.);
#1282=EDGE_CURVE('',#1590,#1628,#1785,.F.);
#1283=EDGE_CURVE('',#1577,#1628,#1786,.F.);
#1284=EDGE_CURVE('',#1629,#1606,#1787,.F.);
#1285=EDGE_CURVE('',#1629,#1616,#1788,.F.);
#1286=EDGE_CURVE('',#1630,#1590,#241,.T.);
#1287=EDGE_CURVE('',#1628,#1631,#242,.F.);
#1288=EDGE_CURVE('',#1630,#1631,#66,.F.);
#1289=EDGE_CURVE('',#1621,#1632,#243,.T.);
#1290=EDGE_CURVE('',#1632,#1633,#244,.T.);
#1291=EDGE_CURVE('',#1633,#1631,#245,.T.);
#1292=EDGE_CURVE('',#1622,#1628,#246,.T.);
#1293=EDGE_CURVE('',#1634,#1629,#247,.T.);
#1294=EDGE_CURVE('',#1616,#1635,#248,.F.);
#1295=EDGE_CURVE('',#1634,#1635,#67,.F.);
#1296=EDGE_CURVE('',#1636,#1637,#169,.F.);
#1297=EDGE_CURVE('',#1637,#1591,#249,.T.);
#1298=EDGE_CURVE('',#1635,#1630,#250,.T.);
#1299=EDGE_CURVE('',#1615,#1638,#251,.F.);
#1300=EDGE_CURVE('',#1638,#1639,#170,.F.);
#1301=EDGE_CURVE('',#1639,#1574,#252,.T.);
#1302=EDGE_CURVE('',#1573,#1636,#253,.F.);
#1303=EDGE_CURVE('',#1640,#1641,#254,.F.);
#1304=EDGE_CURVE('',#1641,#1642,#255,.F.);
#1305=EDGE_CURVE('',#1643,#1642,#256,.T.);
#1306=EDGE_CURVE('',#1643,#1629,#257,.T.);
#1307=EDGE_CURVE('',#1634,#1640,#258,.T.);
#1308=EDGE_CURVE('',#1642,#1608,#171,.F.);
#1309=EDGE_CURVE('',#1607,#1643,#172,.T.);
#1310=EDGE_CURVE('',#1644,#1645,#259,.F.);
#1311=EDGE_CURVE('',#1644,#1646,#260,.T.);
#1312=EDGE_CURVE('',#1646,#1647,#261,.F.);
#1313=EDGE_CURVE('',#1645,#1647,#262,.T.);
#1314=EDGE_CURVE('',#1648,#1649,#263,.F.);
#1315=EDGE_CURVE('',#1649,#1650,#173,.F.);
#1316=EDGE_CURVE('',#1650,#1651,#264,.T.);
#1317=EDGE_CURVE('',#1652,#1651,#265,.T.);
#1318=EDGE_CURVE('',#1648,#1652,#266,.F.);
#1319=EDGE_CURVE('',#1651,#1644,#174,.F.);
#1320=EDGE_CURVE('',#1652,#1645,#175,.F.);
#1321=EDGE_CURVE('',#1653,#1654,#267,.F.);
#1322=EDGE_CURVE('',#1654,#1655,#268,.T.);
#1323=EDGE_CURVE('',#1656,#1655,#269,.F.);
#1324=EDGE_CURVE('',#1657,#1656,#176,.F.);
#1325=EDGE_CURVE('',#1658,#1657,#270,.T.);
#1326=EDGE_CURVE('',#1658,#1653,#177,.T.);
#1327=EDGE_CURVE('',#1645,#1657,#1789,.F.);
#1328=EDGE_CURVE('',#1647,#1658,#1790,.F.);
#1329=EDGE_CURVE('',#1652,#1656,#1791,.F.);
#1330=EDGE_CURVE('',#1655,#1648,#178,.T.);
#1331=EDGE_CURVE('',#1659,#1660,#271,.F.);
#1332=EDGE_CURVE('',#1659,#1654,#179,.T.);
#1333=EDGE_CURVE('',#1660,#1653,#1792,.T.);
#1334=EDGE_CURVE('',#1660,#1647,#180,.T.);
#1335=EDGE_CURVE('',#1646,#1661,#181,.F.);
#1336=EDGE_CURVE('',#1660,#1661,#272,.T.);
#1337=EDGE_CURVE('',#1661,#1662,#273,.T.);
#1338=EDGE_CURVE('',#1662,#1663,#182,.F.);
#1339=EDGE_CURVE('',#1663,#1659,#274,.T.);
#1340=EDGE_CURVE('',#1664,#1665,#183,.F.);
#1341=EDGE_CURVE('',#1665,#1666,#275,.F.);
#1342=EDGE_CURVE('',#1666,#1667,#276,.T.);
#1343=EDGE_CURVE('',#1668,#1667,#68,.F.);
#1344=EDGE_CURVE('',#1668,#1669,#277,.T.);
#1345=EDGE_CURVE('',#1669,#1670,#69,.T.);
#1346=EDGE_CURVE('',#1670,#1671,#278,.T.);
#1347=EDGE_CURVE('',#1671,#1672,#279,.F.);
#1348=EDGE_CURVE('',#1672,#1673,#184,.F.);
#1349=EDGE_CURVE('',#1673,#1664,#280,.F.);
#1350=EDGE_CURVE('',#1674,#1675,#281,.F.);
#1351=EDGE_CURVE('',#1675,#1619,#185,.T.);
#1352=EDGE_CURVE('',#1620,#1676,#282,.T.);
#1353=EDGE_CURVE('',#1676,#1677,#283,.T.);
#1354=EDGE_CURVE('',#1677,#1678,#284,.F.);
#1355=EDGE_CURVE('',#1678,#1674,#186,.T.);
#1356=EDGE_CURVE('',#1679,#1680,#285,.F.);
#1357=EDGE_CURVE('',#1680,#1681,#286,.T.);
#1358=EDGE_CURVE('',#1681,#1682,#287,.T.);
#1359=EDGE_CURVE('',#1679,#1682,#288,.T.);
#1360=EDGE_CURVE('',#1683,#1684,#289,.F.);
#1361=EDGE_CURVE('',#1684,#1685,#290,.F.);
#1362=EDGE_CURVE('',#1685,#1686,#291,.T.);
#1363=EDGE_CURVE('',#1686,#1683,#292,.T.);
#1364=EDGE_CURVE('',#1687,#1688,#293,.F.);
#1365=EDGE_CURVE('',#1688,#1689,#294,.F.);
#1366=EDGE_CURVE('',#1689,#1690,#295,.T.);
#1367=EDGE_CURVE('',#1690,#1687,#296,.T.);
#1368=EDGE_CURVE('',#1691,#1692,#297,.F.);
#1369=EDGE_CURVE('',#1692,#1693,#298,.T.);
#1370=EDGE_CURVE('',#1693,#1694,#299,.T.);
#1371=EDGE_CURVE('',#1691,#1694,#300,.T.);
#1372=EDGE_CURVE('',#1689,#1641,#1793,.F.);
#1373=EDGE_CURVE('',#1690,#1640,#1794,.F.);
#1374=EDGE_CURVE('',#1685,#1688,#1795,.T.);
#1375=EDGE_CURVE('',#1686,#1687,#1796,.T.);
#1376=EDGE_CURVE('',#1625,#1695,#70,.T.);
#1377=EDGE_CURVE('',#1695,#1671,#187,.F.);
#1378=EDGE_CURVE('',#1626,#1670,#71,.F.);
#1379=EDGE_CURVE('',#1663,#1696,#72,.T.);
#1380=EDGE_CURVE('',#1696,#1570,#188,.T.);
#1381=EDGE_CURVE('',#1659,#1569,#1797,.T.);
#1382=EDGE_CURVE('',#1654,#1568,#1798,.T.);
#1383=EDGE_CURVE('',#1655,#1567,#1799,.T.);
#1384=EDGE_CURVE('',#1666,#1697,#189,.F.);
#1385=EDGE_CURVE('',#1697,#1678,#73,.T.);
#1386=EDGE_CURVE('',#1667,#1677,#74,.F.);
#1387=EDGE_CURVE('',#1648,#1566,#1800,.T.);
#1388=EDGE_CURVE('',#1565,#1698,#190,.T.);
#1389=EDGE_CURVE('',#1698,#1649,#75,.T.);
#1390=EDGE_CURVE('',#1632,#1692,#1801,.F.);
#1391=EDGE_CURVE('',#1633,#1691,#1802,.F.);
#1392=EDGE_CURVE('',#1693,#1680,#1803,.T.);
#1393=EDGE_CURVE('',#1694,#1679,#1804,.T.);
#1394=EDGE_CURVE('',#1681,#1623,#191,.F.);
#1395=EDGE_CURVE('',#1682,#1627,#76,.F.);
#1396=EDGE_CURVE('',#1620,#1684,#192,.F.);
#1397=EDGE_CURVE('',#1676,#1683,#77,.F.);
#1398=EDGE_CURVE('',#1632,#1587,#1805,.T.);
#1399=EDGE_CURVE('',#1692,#1586,#1806,.T.);
#1400=EDGE_CURVE('',#1693,#1585,#1807,.T.);
#1401=EDGE_CURVE('',#1680,#1584,#1808,.T.);
#1402=EDGE_CURVE('',#1681,#1583,#1809,.T.);
#1403=EDGE_CURVE('',#1623,#1582,#1810,.T.);
#1404=EDGE_CURVE('',#1581,#1624,#1811,.T.);
#1405=EDGE_CURVE('',#1625,#1696,#1812,.T.);
#1406=EDGE_CURVE('',#1695,#1663,#1813,.T.);
#1407=EDGE_CURVE('',#1671,#1662,#1814,.T.);
#1408=EDGE_CURVE('',#1672,#1661,#1815,.T.);
#1409=EDGE_CURVE('',#1673,#1646,#1816,.T.);
#1410=EDGE_CURVE('',#1664,#1644,#1817,.T.);
#1411=EDGE_CURVE('',#1665,#1651,#1818,.T.);
#1412=EDGE_CURVE('',#1666,#1650,#1819,.T.);
#1413=EDGE_CURVE('',#1697,#1649,#1820,.T.);
#1414=EDGE_CURVE('',#1678,#1698,#1821,.T.);
#1415=EDGE_CURVE('',#1674,#1565,#1822,.T.);
#1416=EDGE_CURVE('',#1564,#1675,#1823,.T.);
#1417=EDGE_CURVE('',#1684,#1613,#1824,.T.);
#1418=EDGE_CURVE('',#1685,#1612,#1825,.T.);
#1419=EDGE_CURVE('',#1688,#1611,#1826,.T.);
#1420=EDGE_CURVE('',#1689,#1610,#1827,.T.);
#1421=EDGE_CURVE('',#1641,#1609,#1828,.T.);
#1422=EDGE_CURVE('',#1699,#1699,#1829,.F.);
#1423=EDGE_CURVE('',#1700,#1700,#1830,.T.);
#1424=EDGE_CURVE('',#1701,#1701,#1831,.F.);
#1425=EDGE_CURVE('',#1702,#1702,#1832,.T.);
#1426=EDGE_CURVE('',#1703,#1703,#1833,.F.);
#1427=EDGE_CURVE('',#1704,#1704,#1834,.T.);
#1428=EDGE_CURVE('',#1705,#1686,#301,.T.);
#1429=EDGE_CURVE('',#1705,#1706,#302,.T.);
#1430=EDGE_CURVE('',#1706,#1683,#303,.T.);
#1431=EDGE_CURVE('',#1707,#1687,#304,.T.);
#1432=EDGE_CURVE('',#1705,#1707,#1835,.T.);
#1433=EDGE_CURVE('',#1708,#1690,#305,.T.);
#1434=EDGE_CURVE('',#1708,#1707,#306,.T.);
#1435=EDGE_CURVE('',#1709,#1640,#307,.T.);
#1436=EDGE_CURVE('',#1708,#1709,#1836,.F.);
#1437=EDGE_CURVE('',#1710,#1634,#308,.T.);
#1438=EDGE_CURVE('',#1710,#1709,#309,.T.);
#1439=EDGE_CURVE('',#1711,#1635,#78,.T.);
#1440=EDGE_CURVE('',#1710,#1711,#79,.T.);
#1441=EDGE_CURVE('',#1712,#1630,#80,.F.);
#1442=EDGE_CURVE('',#1711,#1712,#310,.F.);
#1443=EDGE_CURVE('',#1713,#1631,#311,.T.);
#1444=EDGE_CURVE('',#1712,#1713,#81,.T.);
#1445=EDGE_CURVE('',#1714,#1633,#312,.T.);
#1446=EDGE_CURVE('',#1714,#1713,#313,.T.);
#1447=EDGE_CURVE('',#1715,#1691,#314,.T.);
#1448=EDGE_CURVE('',#1714,#1715,#1837,.F.);
#1449=EDGE_CURVE('',#1716,#1694,#315,.T.);
#1450=EDGE_CURVE('',#1715,#1716,#316,.F.);
#1451=EDGE_CURVE('',#1717,#1679,#317,.T.);
#1452=EDGE_CURVE('',#1716,#1717,#1838,.T.);
#1453=EDGE_CURVE('',#1718,#1682,#318,.T.);
#1454=EDGE_CURVE('',#1717,#1718,#319,.F.);
#1455=EDGE_CURVE('',#1719,#1627,#82,.T.);
#1456=EDGE_CURVE('',#1718,#1719,#83,.T.);
#1457=EDGE_CURVE('',#1720,#1626,#84,.F.);
#1458=EDGE_CURVE('',#1720,#1719,#320,.T.);
#1459=EDGE_CURVE('',#1720,#1669,#85,.T.);
#1460=EDGE_CURVE('',#1721,#1677,#86,.T.);
#1461=EDGE_CURVE('',#1668,#1721,#87,.T.);
#1462=EDGE_CURVE('',#1722,#1676,#88,.F.);
#1463=EDGE_CURVE('',#1722,#1721,#321,.T.);
#1464=EDGE_CURVE('',#1723,#1723,#1839,.T.);
#1465=EDGE_CURVE('',#1722,#1706,#89,.T.);
#1466=EDGE_CURVE('',#1724,#1724,#1840,.T.);
#1467=EDGE_CURVE('',#1725,#1725,#1841,.T.);
#1468=EDGE_CURVE('',#1726,#1727,#322,.T.);
#1469=EDGE_CURVE('',#1727,#1728,#323,.T.);
#1470=EDGE_CURVE('',#1728,#1729,#1842,.F.);
#1471=EDGE_CURVE('',#1729,#1730,#324,.F.);
#1472=EDGE_CURVE('',#1730,#1726,#325,.F.);
#1473=EDGE_CURVE('',#1731,#1732,#1843,.T.);
#1474=EDGE_CURVE('',#1732,#1733,#326,.F.);
#1475=EDGE_CURVE('',#1734,#1733,#327,.T.);
#1476=EDGE_CURVE('',#1734,#1735,#328,.T.);
#1477=EDGE_CURVE('',#1735,#1731,#329,.T.);
#1478=EDGE_CURVE('',#1736,#1737,#1844,.T.);
#1479=EDGE_CURVE('',#1737,#1738,#1845,.F.);
#1480=EDGE_CURVE('',#1738,#1739,#1846,.T.);
#1481=EDGE_CURVE('',#1739,#1740,#330,.T.);
#1482=EDGE_CURVE('',#1740,#1741,#331,.F.);
#1483=EDGE_CURVE('',#1741,#1742,#1847,.T.);
#1484=EDGE_CURVE('',#1742,#1743,#332,.T.);
#1485=EDGE_CURVE('',#1743,#1736,#333,.T.);
#1486=EDGE_CURVE('',#1733,#1727,#193,.F.);
#1487=EDGE_CURVE('',#1726,#1734,#1848,.F.);
#1488=EDGE_CURVE('',#1744,#1745,#334,.F.);
#1489=EDGE_CURVE('',#1745,#1746,#335,.F.);
#1490=EDGE_CURVE('',#1746,#1747,#336,.T.);
#1491=EDGE_CURVE('',#1747,#1748,#337,.T.);
#1492=EDGE_CURVE('',#1748,#1744,#1849,.F.);
#1493=EDGE_CURVE('',#1749,#1750,#338,.T.);
#1494=EDGE_CURVE('',#1749,#1751,#339,.T.);
#1495=EDGE_CURVE('',#1751,#1752,#340,.T.);
#1496=EDGE_CURVE('',#1752,#1753,#1850,.T.);
#1497=EDGE_CURVE('',#1753,#1750,#341,.F.);
#1498=EDGE_CURVE('',#1754,#1755,#342,.F.);
#1499=EDGE_CURVE('',#1755,#1756,#1851,.T.);
#1500=EDGE_CURVE('',#1756,#1757,#343,.T.);
#1501=EDGE_CURVE('',#1757,#1758,#344,.T.);
#1502=EDGE_CURVE('',#1758,#1759,#1852,.T.);
#1503=EDGE_CURVE('',#1759,#1760,#1853,.F.);
#1504=EDGE_CURVE('',#1760,#1761,#1854,.T.);
#1505=EDGE_CURVE('',#1761,#1754,#345,.T.);
#1506=EDGE_CURVE('',#1746,#1749,#1855,.F.);
#1507=EDGE_CURVE('',#1750,#1747,#194,.F.);
#1508=EDGE_CURVE('',#1598,#1572,#1856,.F.);
#1509=EDGE_CURVE('',#1599,#1571,#1857,.T.);
#1510=EDGE_CURVE('',#1599,#1617,#1858,.T.);
#1511=EDGE_CURVE('',#1596,#1624,#1859,.T.);
#1512=EDGE_CURVE('',#1596,#1581,#1860,.T.);
#1513=EDGE_CURVE('',#1580,#1597,#1861,.F.);
#1514=EDGE_CURVE('',#1594,#1602,#1862,.F.);
#1515=EDGE_CURVE('',#1595,#1601,#1863,.T.);
#1516=EDGE_CURVE('',#1595,#1619,#1864,.T.);
#1517=EDGE_CURVE('',#1592,#1675,#1865,.T.);
#1518=EDGE_CURVE('',#1592,#1564,#1866,.T.);
#1519=EDGE_CURVE('',#1563,#1593,#1867,.F.);
#1520=EDGE_CURVE('',#1558,#1743,#1868,.T.);
#1521=EDGE_CURVE('',#1736,#1572,#1869,.T.);
#1522=EDGE_CURVE('',#1559,#1729,#1870,.T.);
#1523=EDGE_CURVE('',#1730,#1557,#1871,.T.);
#1524=EDGE_CURVE('',#1737,#1598,#1872,.T.);
#1525=EDGE_CURVE('',#1730,#1743,#1873,.F.);
#1526=EDGE_CURVE('',#1573,#1728,#1874,.T.);
#1527=EDGE_CURVE('',#1738,#1597,#1875,.T.);
#1528=EDGE_CURVE('',#1726,#1742,#1876,.T.);
#1529=EDGE_CURVE('',#1636,#1727,#1877,.T.);
#1530=EDGE_CURVE('',#1739,#1580,#1878,.T.);
#1531=EDGE_CURVE('',#1734,#1741,#1879,.T.);
#1532=EDGE_CURVE('',#1637,#1733,#1880,.T.);
#1533=EDGE_CURVE('',#1740,#1579,#1881,.T.);
#1534=EDGE_CURVE('',#1735,#1740,#1882,.T.);
#1535=EDGE_CURVE('',#1591,#1732,#1883,.T.);
#1536=EDGE_CURVE('',#1735,#1578,#1884,.F.);
#1537=EDGE_CURVE('',#1576,#1731,#1885,.T.);
#1538=EDGE_CURVE('',#1638,#1747,#1886,.T.);
#1539=EDGE_CURVE('',#1748,#1615,#1887,.T.);
#1540=EDGE_CURVE('',#1744,#1605,#1888,.T.);
#1541=EDGE_CURVE('',#1639,#1750,#1889,.T.);
#1542=EDGE_CURVE('',#1759,#1594,#1890,.T.);
#1543=EDGE_CURVE('',#1602,#1758,#1891,.T.);
#1544=EDGE_CURVE('',#1603,#1757,#1892,.T.);
#1545=EDGE_CURVE('',#1745,#1604,#1893,.T.);
#1546=EDGE_CURVE('',#1574,#1753,#1894,.T.);
#1547=EDGE_CURVE('',#1760,#1593,#1895,.T.);
#1548=EDGE_CURVE('',#1745,#1757,#1896,.F.);
#1549=EDGE_CURVE('',#1560,#1752,#1897,.T.);
#1550=EDGE_CURVE('',#1761,#1563,#1898,.T.);
#1551=EDGE_CURVE('',#1746,#1756,#1899,.T.);
#1552=EDGE_CURVE('',#1561,#1751,#1900,.T.);
#1553=EDGE_CURVE('',#1754,#1562,#1901,.T.);
#1554=EDGE_CURVE('',#1749,#1755,#1902,.T.);
#1555=EDGE_CURVE('',#1754,#1751,#1903,.F.);
#1556=VERTEX_POINT('',#3548);
#1557=VERTEX_POINT('',#3550);
#1558=VERTEX_POINT('',#3551);
#1559=VERTEX_POINT('',#3553);
#1560=VERTEX_POINT('',#3555);
#1561=VERTEX_POINT('',#3557);
#1562=VERTEX_POINT('',#3559);
#1563=VERTEX_POINT('',#3561);
#1564=VERTEX_POINT('',#3563);
#1565=VERTEX_POINT('',#3565);
#1566=VERTEX_POINT('',#3567);
#1567=VERTEX_POINT('',#3569);
#1568=VERTEX_POINT('',#3571);
#1569=VERTEX_POINT('',#3573);
#1570=VERTEX_POINT('',#3575);
#1571=VERTEX_POINT('',#3577);
#1572=VERTEX_POINT('',#3579);
#1573=VERTEX_POINT('',#3583);
#1574=VERTEX_POINT('',#3585);
#1575=VERTEX_POINT('',#3589);
#1576=VERTEX_POINT('',#3591);
#1577=VERTEX_POINT('',#3592);
#1578=VERTEX_POINT('',#3594);
#1579=VERTEX_POINT('',#3596);
#1580=VERTEX_POINT('',#3598);
#1581=VERTEX_POINT('',#3600);
#1582=VERTEX_POINT('',#3602);
#1583=VERTEX_POINT('',#3604);
#1584=VERTEX_POINT('',#3606);
#1585=VERTEX_POINT('',#3608);
#1586=VERTEX_POINT('',#3610);
#1587=VERTEX_POINT('',#3612);
#1588=VERTEX_POINT('',#3614);
#1589=VERTEX_POINT('',#3616);
#1590=VERTEX_POINT('',#3620);
#1591=VERTEX_POINT('',#3621);
#1592=VERTEX_POINT('',#3626);
#1593=VERTEX_POINT('',#3627);
#1594=VERTEX_POINT('',#3629);
#1595=VERTEX_POINT('',#3631);
#1596=VERTEX_POINT('',#3635);
#1597=VERTEX_POINT('',#3636);
#1598=VERTEX_POINT('',#3638);
#1599=VERTEX_POINT('',#3640);
#1600=VERTEX_POINT('',#3644);
#1601=VERTEX_POINT('',#3646);
#1602=VERTEX_POINT('',#3647);
#1603=VERTEX_POINT('',#3649);
#1604=VERTEX_POINT('',#3651);
#1605=VERTEX_POINT('',#3653);
#1606=VERTEX_POINT('',#3655);
#1607=VERTEX_POINT('',#3657);
#1608=VERTEX_POINT('',#3659);
#1609=VERTEX_POINT('',#3661);
#1610=VERTEX_POINT('',#3663);
#1611=VERTEX_POINT('',#3665);
#1612=VERTEX_POINT('',#3667);
#1613=VERTEX_POINT('',#3669);
#1614=VERTEX_POINT('',#3671);
#1615=VERTEX_POINT('',#3675);
#1616=VERTEX_POINT('',#3677);
#1617=VERTEX_POINT('',#3681);
#1618=VERTEX_POINT('',#3682);
#1619=VERTEX_POINT('',#3687);
#1620=VERTEX_POINT('',#3688);
#1621=VERTEX_POINT('',#3693);
#1622=VERTEX_POINT('',#3695);
#1623=VERTEX_POINT('',#3699);
#1624=VERTEX_POINT('',#3700);
#1625=VERTEX_POINT('',#3703);
#1626=VERTEX_POINT('',#3705);
#1627=VERTEX_POINT('',#3707);
#1628=VERTEX_POINT('',#3711);
#1629=VERTEX_POINT('',#3715);
#1630=VERTEX_POINT('',#3719);
#1631=VERTEX_POINT('',#3721);
#1632=VERTEX_POINT('',#3733);
#1633=VERTEX_POINT('',#3735);
#1634=VERTEX_POINT('',#3740);
#1635=VERTEX_POINT('',#3742);
#1636=VERTEX_POINT('',#3754);
#1637=VERTEX_POINT('',#3755);
#1638=VERTEX_POINT('',#3759);
#1639=VERTEX_POINT('',#3761);
#1640=VERTEX_POINT('',#3766);
#1641=VERTEX_POINT('',#3767);
#1642=VERTEX_POINT('',#3769);
#1643=VERTEX_POINT('',#3771);
#1644=VERTEX_POINT('',#3781);
#1645=VERTEX_POINT('',#3782);
#1646=VERTEX_POINT('',#3784);
#1647=VERTEX_POINT('',#3786);
#1648=VERTEX_POINT('',#3790);
#1649=VERTEX_POINT('',#3791);
#1650=VERTEX_POINT('',#3793);
#1651=VERTEX_POINT('',#3795);
#1652=VERTEX_POINT('',#3797);
#1653=VERTEX_POINT('',#3804);
#1654=VERTEX_POINT('',#3805);
#1655=VERTEX_POINT('',#3807);
#1656=VERTEX_POINT('',#3809);
#1657=VERTEX_POINT('',#3811);
#1658=VERTEX_POINT('',#3813);
#1659=VERTEX_POINT('',#3835);
#1660=VERTEX_POINT('',#3836);
#1661=VERTEX_POINT('',#3854);
#1662=VERTEX_POINT('',#3858);
#1663=VERTEX_POINT('',#3860);
#1664=VERTEX_POINT('',#3864);
#1665=VERTEX_POINT('',#3865);
#1666=VERTEX_POINT('',#3867);
#1667=VERTEX_POINT('',#3869);
#1668=VERTEX_POINT('',#3874);
#1669=VERTEX_POINT('',#3876);
#1670=VERTEX_POINT('',#3881);
#1671=VERTEX_POINT('',#3883);
#1672=VERTEX_POINT('',#3885);
#1673=VERTEX_POINT('',#3887);
#1674=VERTEX_POINT('',#3891);
#1675=VERTEX_POINT('',#3892);
#1676=VERTEX_POINT('',#3895);
#1677=VERTEX_POINT('',#3897);
#1678=VERTEX_POINT('',#3899);
#1679=VERTEX_POINT('',#3903);
#1680=VERTEX_POINT('',#3904);
#1681=VERTEX_POINT('',#3906);
#1682=VERTEX_POINT('',#3908);
#1683=VERTEX_POINT('',#3912);
#1684=VERTEX_POINT('',#3913);
#1685=VERTEX_POINT('',#3915);
#1686=VERTEX_POINT('',#3917);
#1687=VERTEX_POINT('',#3921);
#1688=VERTEX_POINT('',#3922);
#1689=VERTEX_POINT('',#3924);
#1690=VERTEX_POINT('',#3926);
#1691=VERTEX_POINT('',#3930);
#1692=VERTEX_POINT('',#3931);
#1693=VERTEX_POINT('',#3933);
#1694=VERTEX_POINT('',#3935);
#1695=VERTEX_POINT('',#3949);
#1696=VERTEX_POINT('',#3961);
#1697=VERTEX_POINT('',#3984);
#1698=VERTEX_POINT('',#4012);
#1699=VERTEX_POINT('',#4223);
#1700=VERTEX_POINT('',#4225);
#1701=VERTEX_POINT('',#4228);
#1702=VERTEX_POINT('',#4230);
#1703=VERTEX_POINT('',#4233);
#1704=VERTEX_POINT('',#4235);
#1705=VERTEX_POINT('',#4238);
#1706=VERTEX_POINT('',#4240);
#1707=VERTEX_POINT('',#4244);
#1708=VERTEX_POINT('',#4248);
#1709=VERTEX_POINT('',#4252);
#1710=VERTEX_POINT('',#4256);
#1711=VERTEX_POINT('',#4298);
#1712=VERTEX_POINT('',#4308);
#1713=VERTEX_POINT('',#4335);
#1714=VERTEX_POINT('',#4342);
#1715=VERTEX_POINT('',#4346);
#1716=VERTEX_POINT('',#4350);
#1717=VERTEX_POINT('',#4354);
#1718=VERTEX_POINT('',#4358);
#1719=VERTEX_POINT('',#4388);
#1720=VERTEX_POINT('',#4398);
#1721=VERTEX_POINT('',#4457);
#1722=VERTEX_POINT('',#4467);
#1723=VERTEX_POINT('',#4471);
#1724=VERTEX_POINT('',#4494);
#1725=VERTEX_POINT('',#4497);
#1726=VERTEX_POINT('',#4504);
#1727=VERTEX_POINT('',#4505);
#1728=VERTEX_POINT('',#4507);
#1729=VERTEX_POINT('',#4509);
#1730=VERTEX_POINT('',#4511);
#1731=VERTEX_POINT('',#4515);
#1732=VERTEX_POINT('',#4516);
#1733=VERTEX_POINT('',#4518);
#1734=VERTEX_POINT('',#4520);
#1735=VERTEX_POINT('',#4522);
#1736=VERTEX_POINT('',#4526);
#1737=VERTEX_POINT('',#4527);
#1738=VERTEX_POINT('',#4529);
#1739=VERTEX_POINT('',#4531);
#1740=VERTEX_POINT('',#4533);
#1741=VERTEX_POINT('',#4535);
#1742=VERTEX_POINT('',#4537);
#1743=VERTEX_POINT('',#4539);
#1744=VERTEX_POINT('',#4546);
#1745=VERTEX_POINT('',#4547);
#1746=VERTEX_POINT('',#4549);
#1747=VERTEX_POINT('',#4551);
#1748=VERTEX_POINT('',#4553);
#1749=VERTEX_POINT('',#4557);
#1750=VERTEX_POINT('',#4558);
#1751=VERTEX_POINT('',#4560);
#1752=VERTEX_POINT('',#4562);
#1753=VERTEX_POINT('',#4564);
#1754=VERTEX_POINT('',#4568);
#1755=VERTEX_POINT('',#4569);
#1756=VERTEX_POINT('',#4571);
#1757=VERTEX_POINT('',#4573);
#1758=VERTEX_POINT('',#4575);
#1759=VERTEX_POINT('',#4577);
#1760=VERTEX_POINT('',#4579);
#1761=VERTEX_POINT('',#4581);
#1762=CIRCLE('',#2457,2.6);
#1763=CIRCLE('',#2458,0.4);
#1764=CIRCLE('',#2459,0.4);
#1765=CIRCLE('',#2463,1.);
#1766=CIRCLE('',#2464,1.);
#1767=CIRCLE('',#2466,2.1);
#1768=CIRCLE('',#2467,0.4);
#1769=CIRCLE('',#2469,2.6);
#1770=CIRCLE('',#2470,3.4);
#1771=CIRCLE('',#2472,1.);
#1772=CIRCLE('',#2473,1.);
#1773=CIRCLE('',#2475,1.5);
#1774=CIRCLE('',#2478,1.5);
#1775=CIRCLE('',#2481,2.1);
#1776=CIRCLE('',#2482,0.4);
#1777=CIRCLE('',#2483,3.4);
#1778=CIRCLE('',#2484,2.6);
#1779=CIRCLE('',#2487,1.);
#1780=CIRCLE('',#2488,1.);
#1781=CIRCLE('',#2490,0.4);
#1782=CIRCLE('',#2491,0.4);
#1783=CIRCLE('',#2493,0.4);
#1784=CIRCLE('',#2494,0.4);
#1785=CIRCLE('',#2502,1.);
#1786=CIRCLE('',#2503,1.);
#1787=CIRCLE('',#2505,1.);
#1788=CIRCLE('',#2506,1.);
#1789=CIRCLE('',#2529,3.);
#1790=CIRCLE('',#2530,3.);
#1791=CIRCLE('',#2531,3.);
#1792=CIRCLE('',#2536,3.);
#1793=CIRCLE('',#2553,3.);
#1794=CIRCLE('',#2554,3.);
#1795=CIRCLE('',#2556,3.);
#1796=CIRCLE('',#2557,3.);
#1797=CIRCLE('',#2562,3.);
#1798=CIRCLE('',#2563,3.);
#1799=CIRCLE('',#2565,3.);
#1800=CIRCLE('',#2568,3.);
#1801=CIRCLE('',#2572,3.);
#1802=CIRCLE('',#2573,3.);
#1803=CIRCLE('',#2575,3.);
#1804=CIRCLE('',#2576,3.);
#1805=CIRCLE('',#2582,0.4);
#1806=CIRCLE('',#2584,0.4);
#1807=CIRCLE('',#2586,0.4);
#1808=CIRCLE('',#2588,0.4);
#1809=CIRCLE('',#2590,0.4);
#1810=CIRCLE('',#2591,0.4);
#1811=CIRCLE('',#2593,0.4);
#1812=CIRCLE('',#2594,0.4);
#1813=CIRCLE('',#2595,0.4);
#1814=CIRCLE('',#2596,0.4);
#1815=CIRCLE('',#2598,0.4);
#1816=CIRCLE('',#2599,0.4);
#1817=CIRCLE('',#2601,0.4);
#1818=CIRCLE('',#2602,0.4);
#1819=CIRCLE('',#2604,0.4);
#1820=CIRCLE('',#2605,0.4);
#1821=CIRCLE('',#2606,0.4);
#1822=CIRCLE('',#2607,0.4);
#1823=CIRCLE('',#2609,0.4);
#1824=CIRCLE('',#2610,0.4);
#1825=CIRCLE('',#2612,0.4);
#1826=CIRCLE('',#2614,0.4);
#1827=CIRCLE('',#2616,0.4);
#1828=CIRCLE('',#2618,0.4);
#1829=CIRCLE('',#2621,2.2);
#1830=CIRCLE('',#2622,2.2);
#1831=CIRCLE('',#2624,1.7);
#1832=CIRCLE('',#2625,1.7);
#1833=CIRCLE('',#2627,1.7);
#1834=CIRCLE('',#2628,1.7);
#1835=CIRCLE('',#2631,2.6);
#1836=CIRCLE('',#2634,3.4);
#1837=CIRCLE('',#2639,3.4);
#1838=CIRCLE('',#2642,2.6);
#1839=CIRCLE('',#2647,2.6);
#1840=CIRCLE('',#2649,2.1);
#1841=CIRCLE('',#2651,2.1);
#1842=CIRCLE('',#2657,0.8);
#1843=CIRCLE('',#2659,0.8);
#1844=CIRCLE('',#2661,0.2);
#1845=CIRCLE('',#2662,1.7);
#1846=CIRCLE('',#2663,0.2);
#1847=CIRCLE('',#2664,2.8);
#1848=CIRCLE('',#2667,3.);
#1849=CIRCLE('',#2669,0.8);
#1850=CIRCLE('',#2671,0.8);
#1851=CIRCLE('',#2673,2.8);
#1852=CIRCLE('',#2674,0.2);
#1853=CIRCLE('',#2675,1.7);
#1854=CIRCLE('',#2676,0.2);
#1855=CIRCLE('',#2678,3.);
#1856=CIRCLE('',#2681,0.4);
#1857=CIRCLE('',#2682,0.4);
#1858=CIRCLE('',#2684,0.4);
#1859=CIRCLE('',#2685,0.4);
#1860=CIRCLE('',#2687,0.4);
#1861=CIRCLE('',#2689,0.4);
#1862=CIRCLE('',#2691,0.4);
#1863=CIRCLE('',#2692,0.4);
#1864=CIRCLE('',#2694,0.4);
#1865=CIRCLE('',#2695,0.4);
#1866=CIRCLE('',#2697,0.4);
#1867=CIRCLE('',#2699,0.4);
#1868=CIRCLE('',#2701,0.2);
#1869=CIRCLE('',#2702,0.2);
#1870=CIRCLE('',#2704,0.2);
#1871=CIRCLE('',#2705,0.2);
#1872=CIRCLE('',#2707,0.2);
#1873=CIRCLE('',#2709,0.2);
#1874=CIRCLE('',#2711,0.2);
#1875=CIRCLE('',#2713,0.2);
#1876=CIRCLE('',#2715,0.2);
#1877=CIRCLE('',#2717,0.2);
#1878=CIRCLE('',#2719,0.2);
#1879=CIRCLE('',#2721,0.2);
#1880=CIRCLE('',#2722,0.2);
#1881=CIRCLE('',#2724,0.2);
#1882=CIRCLE('',#2726,0.2);
#1883=CIRCLE('',#2728,0.2);
#1884=CIRCLE('',#2730,0.2);
#1885=CIRCLE('',#2732,0.2);
#1886=CIRCLE('',#2735,0.2);
#1887=CIRCLE('',#2736,0.2);
#1888=CIRCLE('',#2738,0.2);
#1889=CIRCLE('',#2739,0.2);
#1890=CIRCLE('',#2741,0.2);
#1891=CIRCLE('',#2742,0.2);
#1892=CIRCLE('',#2744,0.2);
#1893=CIRCLE('',#2746,0.2);
#1894=CIRCLE('',#2748,0.2);
#1895=CIRCLE('',#2750,0.2);
#1896=CIRCLE('',#2752,0.2);
#1897=CIRCLE('',#2754,0.2);
#1898=CIRCLE('',#2756,0.2);
#1899=CIRCLE('',#2758,0.2);
#1900=CIRCLE('',#2760,0.2);
#1901=CIRCLE('',#2762,0.2);
#1902=CIRCLE('',#2764,0.2);
#1903=CIRCLE('',#2766,0.2);
#1904=EDGE_LOOP('',(#497));
#1905=EDGE_LOOP('',(#498,#499,#500,#501,#502,#503,#504,#505,#506,#507,#508,
#509,#510,#511,#512,#513));
#1906=EDGE_LOOP('',(#514,#515,#516,#517));
#1907=EDGE_LOOP('',(#518));
#1908=EDGE_LOOP('',(#519,#520,#521,#522,#523,#524,#525,#526,#527,#528,#529,
#530,#531,#532));
#1909=EDGE_LOOP('',(#533,#534,#535,#536));
#1910=EDGE_LOOP('',(#537,#538,#539,#540));
#1911=EDGE_LOOP('',(#541,#542,#543,#544));
#1912=EDGE_LOOP('',(#545));
#1913=EDGE_LOOP('',(#546,#547,#548,#549,#550,#551,#552,#553,#554,#555,#556,
#557,#558,#559));
#1914=EDGE_LOOP('',(#560,#561,#562,#563));
#1915=EDGE_LOOP('',(#564,#565,#566,#567));
#1916=EDGE_LOOP('',(#568,#569,#570,#571));
#1917=EDGE_LOOP('',(#572,#573,#574,#575));
#1918=EDGE_LOOP('',(#576,#577,#578,#579,#580,#581,#582));
#1919=EDGE_LOOP('',(#583,#584,#585));
#1920=EDGE_LOOP('',(#586,#587,#588));
#1921=EDGE_LOOP('',(#589,#590,#591,#592));
#1922=EDGE_LOOP('',(#593,#594,#595,#596,#597,#598));
#1923=EDGE_LOOP('',(#599,#600,#601,#602));
#1924=EDGE_LOOP('',(#603,#604,#605,#606,#607,#608,#609,#610,#611,#612,#613,
#614));
#1925=EDGE_LOOP('',(#615,#616,#617,#618,#619,#620));
#1926=EDGE_LOOP('',(#621,#622,#623,#624));
#1927=EDGE_LOOP('',(#625,#626,#627,#628));
#1928=EDGE_LOOP('',(#629,#630,#631,#632));
#1929=EDGE_LOOP('',(#633,#634,#635,#636));
#1930=EDGE_LOOP('',(#637,#638,#639,#640,#641));
#1931=EDGE_LOOP('',(#642,#643,#644,#645));
#1932=EDGE_LOOP('',(#646,#647,#648,#649,#650,#651));
#1933=EDGE_LOOP('',(#652,#653,#654,#655));
#1934=EDGE_LOOP('',(#656,#657,#658,#659));
#1935=EDGE_LOOP('',(#660,#661,#662,#663));
#1936=EDGE_LOOP('',(#664,#665,#666,#667));
#1937=EDGE_LOOP('',(#668,#669,#670,#671));
#1938=EDGE_LOOP('',(#672,#673,#674,#675));
#1939=EDGE_LOOP('',(#676,#677,#678,#679,#680));
#1940=EDGE_LOOP('',(#681,#682,#683,#684,#685,#686,#687,#688,#689,#690));
#1941=EDGE_LOOP('',(#691,#692,#693,#694,#695,#696,#697));
#1942=EDGE_LOOP('',(#698,#699,#700,#701));
#1943=EDGE_LOOP('',(#702,#703,#704,#705));
#1944=EDGE_LOOP('',(#706,#707,#708,#709));
#1945=EDGE_LOOP('',(#710,#711,#712,#713));
#1946=EDGE_LOOP('',(#714,#715,#716,#717));
#1947=EDGE_LOOP('',(#718,#719,#720,#721));
#1948=EDGE_LOOP('',(#722,#723,#724,#725,#726));
#1949=EDGE_LOOP('',(#727,#728,#729,#730,#731));
#1950=EDGE_LOOP('',(#732,#733,#734,#735));
#1951=EDGE_LOOP('',(#736,#737,#738,#739));
#1952=EDGE_LOOP('',(#740,#741,#742,#743,#744));
#1953=EDGE_LOOP('',(#745,#746,#747,#748));
#1954=EDGE_LOOP('',(#749,#750,#751,#752,#753));
#1955=EDGE_LOOP('',(#754,#755,#756,#757));
#1956=EDGE_LOOP('',(#758,#759,#760,#761));
#1957=EDGE_LOOP('',(#762,#763,#764,#765));
#1958=EDGE_LOOP('',(#766,#767,#768,#769));
#1959=EDGE_LOOP('',(#770,#771,#772,#773));
#1960=EDGE_LOOP('',(#774,#775,#776,#777));
#1961=EDGE_LOOP('',(#778,#779,#780,#781));
#1962=EDGE_LOOP('',(#782,#783,#784,#785));
#1963=EDGE_LOOP('',(#786,#787,#788,#789));
#1964=EDGE_LOOP('',(#790,#791,#792,#793));
#1965=EDGE_LOOP('',(#794,#795,#796,#797));
#1966=EDGE_LOOP('',(#798,#799,#800,#801));
#1967=EDGE_LOOP('',(#802,#803,#804,#805));
#1968=EDGE_LOOP('',(#806,#807,#808,#809));
#1969=EDGE_LOOP('',(#810,#811,#812,#813));
#1970=EDGE_LOOP('',(#814,#815,#816,#817));
#1971=EDGE_LOOP('',(#818,#819,#820,#821));
#1972=EDGE_LOOP('',(#822,#823,#824,#825));
#1973=EDGE_LOOP('',(#826,#827,#828,#829));
#1974=EDGE_LOOP('',(#830,#831,#832,#833));
#1975=EDGE_LOOP('',(#834,#835,#836,#837));
#1976=EDGE_LOOP('',(#838,#839,#840,#841));
#1977=EDGE_LOOP('',(#842,#843,#844,#845));
#1978=EDGE_LOOP('',(#846,#847,#848,#849));
#1979=EDGE_LOOP('',(#850,#851,#852,#853));
#1980=EDGE_LOOP('',(#854,#855,#856,#857));
#1981=EDGE_LOOP('',(#858,#859,#860,#861));
#1982=EDGE_LOOP('',(#862,#863,#864,#865));
#1983=EDGE_LOOP('',(#866,#867,#868,#869));
#1984=EDGE_LOOP('',(#870));
#1985=EDGE_LOOP('',(#871));
#1986=EDGE_LOOP('',(#872));
#1987=EDGE_LOOP('',(#873));
#1988=EDGE_LOOP('',(#874));
#1989=EDGE_LOOP('',(#875));
#1990=EDGE_LOOP('',(#876,#877,#878,#879));
#1991=EDGE_LOOP('',(#880,#881,#882,#883));
#1992=EDGE_LOOP('',(#884,#885,#886,#887));
#1993=EDGE_LOOP('',(#888,#889,#890,#891));
#1994=EDGE_LOOP('',(#892,#893,#894,#895));
#1995=EDGE_LOOP('',(#896,#897,#898,#899));
#1996=EDGE_LOOP('',(#900,#901,#902,#903));
#1997=EDGE_LOOP('',(#904,#905,#906,#907));
#1998=EDGE_LOOP('',(#908,#909,#910,#911));
#1999=EDGE_LOOP('',(#912,#913,#914,#915));
#2000=EDGE_LOOP('',(#916,#917,#918,#919));
#2001=EDGE_LOOP('',(#920,#921,#922,#923));
#2002=EDGE_LOOP('',(#924,#925,#926,#927));
#2003=EDGE_LOOP('',(#928,#929,#930,#931));
#2004=EDGE_LOOP('',(#932,#933,#934,#935));
#2005=EDGE_LOOP('',(#936,#937,#938,#939));
#2006=EDGE_LOOP('',(#940,#941,#942,#943));
#2007=EDGE_LOOP('',(#944,#945,#946,#947));
#2008=EDGE_LOOP('',(#948));
#2009=EDGE_LOOP('',(#949));
#2010=EDGE_LOOP('',(#950,#951,#952,#953));
#2011=EDGE_LOOP('',(#954));
#2012=EDGE_LOOP('',(#955));
#2013=EDGE_LOOP('',(#956));
#2014=EDGE_LOOP('',(#957));
#2015=EDGE_LOOP('',(#958));
#2016=EDGE_LOOP('',(#959,#960,#961,#962,#963,#964,#965,#966,#967,#968,#969,
#970,#971,#972,#973,#974,#975,#976,#977,#978));
#2017=EDGE_LOOP('',(#979));
#2018=EDGE_LOOP('',(#980));
#2019=EDGE_LOOP('',(#981));
#2020=EDGE_LOOP('',(#982));
#2021=EDGE_LOOP('',(#983));
#2022=EDGE_LOOP('',(#984));
#2023=EDGE_LOOP('',(#985));
#2024=EDGE_LOOP('',(#986));
#2025=EDGE_LOOP('',(#987,#988,#989,#990,#991));
#2026=EDGE_LOOP('',(#992,#993,#994,#995,#996));
#2027=EDGE_LOOP('',(#997,#998,#999,#1000,#1001,#1002,#1003,#1004));
#2028=EDGE_LOOP('',(#1005,#1006,#1007,#1008));
#2029=EDGE_LOOP('',(#1009,#1010,#1011,#1012,#1013));
#2030=EDGE_LOOP('',(#1014,#1015,#1016,#1017,#1018));
#2031=EDGE_LOOP('',(#1019,#1020,#1021,#1022,#1023,#1024,#1025,#1026));
#2032=EDGE_LOOP('',(#1027,#1028,#1029,#1030));
#2033=EDGE_LOOP('',(#1031,#1032,#1033,#1034));
#2034=EDGE_LOOP('',(#1035,#1036,#1037));
#2035=EDGE_LOOP('',(#1038,#1039,#1040,#1041));
#2036=EDGE_LOOP('',(#1042,#1043,#1044));
#2037=EDGE_LOOP('',(#1045,#1046,#1047,#1048));
#2038=EDGE_LOOP('',(#1049,#1050,#1051,#1052));
#2039=EDGE_LOOP('',(#1053,#1054,#1055));
#2040=EDGE_LOOP('',(#1056,#1057,#1058,#1059));
#2041=EDGE_LOOP('',(#1060,#1061,#1062));
#2042=EDGE_LOOP('',(#1063,#1064,#1065,#1066));
#2043=EDGE_LOOP('',(#1067,#1068,#1069,#1070));
#2044=EDGE_LOOP('',(#1071,#1072,#1073,#1074));
#2045=EDGE_LOOP('',(#1075,#1076,#1077,#1078));
#2046=EDGE_LOOP('',(#1079,#1080,#1081,#1082));
#2047=EDGE_LOOP('',(#1083,#1084,#1085,#1086));
#2048=EDGE_LOOP('',(#1087,#1088,#1089,#1090));
#2049=EDGE_LOOP('',(#1091,#1092,#1093,#1094));
#2050=EDGE_LOOP('',(#1095,#1096,#1097,#1098));
#2051=EDGE_LOOP('',(#1099,#1100,#1101,#1102));
#2052=EDGE_LOOP('',(#1103,#1104,#1105,#1106));
#2053=EDGE_LOOP('',(#1107,#1108,#1109,#1110));
#2054=EDGE_LOOP('',(#1111,#1112,#1113,#1114));
#2055=EDGE_LOOP('',(#1115,#1116,#1117,#1118));
#2056=EDGE_LOOP('',(#1119,#1120,#1121,#1122));
#2057=EDGE_LOOP('',(#1123,#1124,#1125,#1126));
#2058=EDGE_LOOP('',(#1127,#1128,#1129,#1130));
#2059=EDGE_LOOP('',(#1131,#1132,#1133,#1134));
#2060=EDGE_LOOP('',(#1135,#1136,#1137,#1138));
#2061=EDGE_LOOP('',(#1139,#1140,#1141,#1142));
#2062=EDGE_LOOP('',(#1143,#1144,#1145,#1146));
#2063=EDGE_LOOP('',(#1147,#1148,#1149,#1150));
#2064=EDGE_LOOP('',(#1151,#1152,#1153,#1154));
#2065=EDGE_LOOP('',(#1155,#1156,#1157,#1158));
#2066=EDGE_LOOP('',(#1159,#1160,#1161,#1162));
#2067=EDGE_LOOP('',(#1163,#1164,#1165,#1166));
#2068=EDGE_LOOP('',(#1167,#1168,#1169,#1170));
#2069=EDGE_LOOP('',(#1171,#1172,#1173,#1174));
#2070=EDGE_LOOP('',(#1175,#1176,#1177,#1178));
#2071=EDGE_LOOP('',(#1179,#1180,#1181,#1182));
#2072=EDGE_LOOP('',(#1183,#1184,#1185,#1186));
#2073=EDGE_LOOP('',(#1187,#1188,#1189,#1190));
#2074=EDGE_LOOP('',(#1191,#1192,#1193,#1194));
#2075=EDGE_LOOP('',(#1195,#1196,#1197,#1198));
#2076=EDGE_LOOP('',(#1199,#1200,#1201,#1202));
#2077=FACE_BOUND('',#1904,.T.);
#2078=FACE_BOUND('',#1905,.T.);
#2079=FACE_BOUND('',#1906,.T.);
#2080=FACE_BOUND('',#1907,.T.);
#2081=FACE_BOUND('',#1908,.T.);
#2082=FACE_BOUND('',#1909,.T.);
#2083=FACE_BOUND('',#1910,.T.);
#2084=FACE_BOUND('',#1911,.T.);
#2085=FACE_BOUND('',#1912,.T.);
#2086=FACE_BOUND('',#1913,.T.);
#2087=FACE_BOUND('',#1914,.T.);
#2088=FACE_BOUND('',#1915,.T.);
#2089=FACE_BOUND('',#1916,.T.);
#2090=FACE_BOUND('',#1917,.T.);
#2091=FACE_BOUND('',#1918,.T.);
#2092=FACE_BOUND('',#1919,.T.);
#2093=FACE_BOUND('',#1920,.T.);
#2094=FACE_BOUND('',#1921,.T.);
#2095=FACE_BOUND('',#1922,.T.);
#2096=FACE_BOUND('',#1923,.T.);
#2097=FACE_BOUND('',#1924,.T.);
#2098=FACE_BOUND('',#1925,.T.);
#2099=FACE_BOUND('',#1926,.T.);
#2100=FACE_BOUND('',#1927,.T.);
#2101=FACE_BOUND('',#1928,.T.);
#2102=FACE_BOUND('',#1929,.T.);
#2103=FACE_BOUND('',#1930,.T.);
#2104=FACE_BOUND('',#1931,.T.);
#2105=FACE_BOUND('',#1932,.T.);
#2106=FACE_BOUND('',#1933,.T.);
#2107=FACE_BOUND('',#1934,.T.);
#2108=FACE_BOUND('',#1935,.T.);
#2109=FACE_BOUND('',#1936,.T.);
#2110=FACE_BOUND('',#1937,.T.);
#2111=FACE_BOUND('',#1938,.T.);
#2112=FACE_BOUND('',#1939,.T.);
#2113=FACE_BOUND('',#1940,.T.);
#2114=FACE_BOUND('',#1941,.T.);
#2115=FACE_BOUND('',#1942,.T.);
#2116=FACE_BOUND('',#1943,.T.);
#2117=FACE_BOUND('',#1944,.T.);
#2118=FACE_BOUND('',#1945,.T.);
#2119=FACE_BOUND('',#1946,.T.);
#2120=FACE_BOUND('',#1947,.T.);
#2121=FACE_BOUND('',#1948,.T.);
#2122=FACE_BOUND('',#1949,.T.);
#2123=FACE_BOUND('',#1950,.T.);
#2124=FACE_BOUND('',#1951,.T.);
#2125=FACE_BOUND('',#1952,.T.);
#2126=FACE_BOUND('',#1953,.T.);
#2127=FACE_BOUND('',#1954,.T.);
#2128=FACE_BOUND('',#1955,.T.);
#2129=FACE_BOUND('',#1956,.T.);
#2130=FACE_BOUND('',#1957,.T.);
#2131=FACE_BOUND('',#1958,.T.);
#2132=FACE_BOUND('',#1959,.T.);
#2133=FACE_BOUND('',#1960,.T.);
#2134=FACE_BOUND('',#1961,.T.);
#2135=FACE_BOUND('',#1962,.T.);
#2136=FACE_BOUND('',#1963,.T.);
#2137=FACE_BOUND('',#1964,.T.);
#2138=FACE_BOUND('',#1965,.T.);
#2139=FACE_BOUND('',#1966,.T.);
#2140=FACE_BOUND('',#1967,.T.);
#2141=FACE_BOUND('',#1968,.T.);
#2142=FACE_BOUND('',#1969,.T.);
#2143=FACE_BOUND('',#1970,.T.);
#2144=FACE_BOUND('',#1971,.T.);
#2145=FACE_BOUND('',#1972,.T.);
#2146=FACE_BOUND('',#1973,.T.);
#2147=FACE_BOUND('',#1974,.T.);
#2148=FACE_BOUND('',#1975,.T.);
#2149=FACE_BOUND('',#1976,.T.);
#2150=FACE_BOUND('',#1977,.T.);
#2151=FACE_BOUND('',#1978,.T.);
#2152=FACE_BOUND('',#1979,.T.);
#2153=FACE_BOUND('',#1980,.T.);
#2154=FACE_BOUND('',#1981,.T.);
#2155=FACE_BOUND('',#1982,.T.);
#2156=FACE_BOUND('',#1983,.T.);
#2157=FACE_BOUND('',#1984,.T.);
#2158=FACE_BOUND('',#1985,.T.);
#2159=FACE_BOUND('',#1986,.T.);
#2160=FACE_BOUND('',#1987,.T.);
#2161=FACE_BOUND('',#1988,.T.);
#2162=FACE_BOUND('',#1989,.T.);
#2163=FACE_BOUND('',#1990,.T.);
#2164=FACE_BOUND('',#1991,.T.);
#2165=FACE_BOUND('',#1992,.T.);
#2166=FACE_BOUND('',#1993,.T.);
#2167=FACE_BOUND('',#1994,.T.);
#2168=FACE_BOUND('',#1995,.T.);
#2169=FACE_BOUND('',#1996,.T.);
#2170=FACE_BOUND('',#1997,.T.);
#2171=FACE_BOUND('',#1998,.T.);
#2172=FACE_BOUND('',#1999,.T.);
#2173=FACE_BOUND('',#2000,.T.);
#2174=FACE_BOUND('',#2001,.T.);
#2175=FACE_BOUND('',#2002,.T.);
#2176=FACE_BOUND('',#2003,.T.);
#2177=FACE_BOUND('',#2004,.T.);
#2178=FACE_BOUND('',#2005,.T.);
#2179=FACE_BOUND('',#2006,.T.);
#2180=FACE_BOUND('',#2007,.T.);
#2181=FACE_BOUND('',#2008,.T.);
#2182=FACE_BOUND('',#2009,.T.);
#2183=FACE_BOUND('',#2010,.T.);
#2184=FACE_BOUND('',#2011,.T.);
#2185=FACE_BOUND('',#2012,.T.);
#2186=FACE_BOUND('',#2013,.T.);
#2187=FACE_BOUND('',#2014,.T.);
#2188=FACE_BOUND('',#2015,.T.);
#2189=FACE_BOUND('',#2016,.T.);
#2190=FACE_BOUND('',#2017,.T.);
#2191=FACE_BOUND('',#2018,.T.);
#2192=FACE_BOUND('',#2019,.T.);
#2193=FACE_BOUND('',#2020,.T.);
#2194=FACE_BOUND('',#2021,.T.);
#2195=FACE_BOUND('',#2022,.T.);
#2196=FACE_BOUND('',#2023,.T.);
#2197=FACE_BOUND('',#2024,.T.);
#2198=FACE_BOUND('',#2025,.T.);
#2199=FACE_BOUND('',#2026,.T.);
#2200=FACE_BOUND('',#2027,.T.);
#2201=FACE_BOUND('',#2028,.T.);
#2202=FACE_BOUND('',#2029,.T.);
#2203=FACE_BOUND('',#2030,.T.);
#2204=FACE_BOUND('',#2031,.T.);
#2205=FACE_BOUND('',#2032,.T.);
#2206=FACE_BOUND('',#2033,.T.);
#2207=FACE_BOUND('',#2034,.T.);
#2208=FACE_BOUND('',#2035,.T.);
#2209=FACE_BOUND('',#2036,.T.);
#2210=FACE_BOUND('',#2037,.T.);
#2211=FACE_BOUND('',#2038,.T.);
#2212=FACE_BOUND('',#2039,.T.);
#2213=FACE_BOUND('',#2040,.T.);
#2214=FACE_BOUND('',#2041,.T.);
#2215=FACE_BOUND('',#2042,.T.);
#2216=FACE_BOUND('',#2043,.T.);
#2217=FACE_BOUND('',#2044,.T.);
#2218=FACE_BOUND('',#2045,.T.);
#2219=FACE_BOUND('',#2046,.T.);
#2220=FACE_BOUND('',#2047,.T.);
#2221=FACE_BOUND('',#2048,.T.);
#2222=FACE_BOUND('',#2049,.T.);
#2223=FACE_BOUND('',#2050,.T.);
#2224=FACE_BOUND('',#2051,.T.);
#2225=FACE_BOUND('',#2052,.T.);
#2226=FACE_BOUND('',#2053,.T.);
#2227=FACE_BOUND('',#2054,.T.);
#2228=FACE_BOUND('',#2055,.T.);
#2229=FACE_BOUND('',#2056,.T.);
#2230=FACE_BOUND('',#2057,.T.);
#2231=FACE_BOUND('',#2058,.T.);
#2232=FACE_BOUND('',#2059,.T.);
#2233=FACE_BOUND('',#2060,.T.);
#2234=FACE_BOUND('',#2061,.T.);
#2235=FACE_BOUND('',#2062,.T.);
#2236=FACE_BOUND('',#2063,.T.);
#2237=FACE_BOUND('',#2064,.T.);
#2238=FACE_BOUND('',#2065,.T.);
#2239=FACE_BOUND('',#2066,.T.);
#2240=FACE_BOUND('',#2067,.T.);
#2241=FACE_BOUND('',#2068,.T.);
#2242=FACE_BOUND('',#2069,.T.);
#2243=FACE_BOUND('',#2070,.T.);
#2244=FACE_BOUND('',#2071,.T.);
#2245=FACE_BOUND('',#2072,.T.);
#2246=FACE_BOUND('',#2073,.T.);
#2247=FACE_BOUND('',#2074,.T.);
#2248=FACE_BOUND('',#2075,.T.);
#2249=FACE_BOUND('',#2076,.T.);
#2250=PLANE('',#2456);
#2251=PLANE('',#2465);
#2252=PLANE('',#2480);
#2253=PLANE('',#2495);
#2254=PLANE('',#2498);
#2255=PLANE('',#2508);
#2256=PLANE('',#2510);
#2257=PLANE('',#2513);
#2258=PLANE('',#2514);
#2259=PLANE('',#2519);
#2260=PLANE('',#2520);
#2261=PLANE('',#2525);
#2262=PLANE('',#2540);
#2263=PLANE('',#2542);
#2264=PLANE('',#2545);
#2265=PLANE('',#2548);
#2266=PLANE('',#2549);
#2267=PLANE('',#2550);
#2268=PLANE('',#2551);
#2269=PLANE('',#2629);
#2270=PLANE('',#2632);
#2271=PLANE('',#2635);
#2272=PLANE('',#2636);
#2273=PLANE('',#2637);
#2274=PLANE('',#2640);
#2275=PLANE('',#2643);
#2276=PLANE('',#2644);
#2277=PLANE('',#2645);
#2278=PLANE('',#2652);
#2279=PLANE('',#2656);
#2280=PLANE('',#2658);
#2281=PLANE('',#2660);
#2282=PLANE('',#2668);
#2283=PLANE('',#2670);
#2284=PLANE('',#2672);
#2285=ADVANCED_FACE('',(#2077,#2078),#2250,.F.);
#2286=ADVANCED_FACE('',(#2079),#96,.T.);
#2287=ADVANCED_FACE('',(#2080,#2081),#2251,.F.);
#2288=ADVANCED_FACE('',(#2082),#97,.T.);
#2289=ADVANCED_FACE('',(#2083),#98,.F.);
#2290=ADVANCED_FACE('',(#2084),#99,.F.);
#2291=ADVANCED_FACE('',(#2085,#2086),#2252,.F.);
#2292=ADVANCED_FACE('',(#2087),#100,.T.);
#2293=ADVANCED_FACE('',(#2088),#101,.T.);
#2294=ADVANCED_FACE('',(#2089),#102,.T.);
#2295=ADVANCED_FACE('',(#2090),#2253,.F.);
#2296=ADVANCED_FACE('',(#2091),#2254,.F.);
#2297=ADVANCED_FACE('',(#2092),#90,.T.);
#2298=ADVANCED_FACE('',(#2093),#91,.T.);
#2299=ADVANCED_FACE('',(#2094),#103,.T.);
#2300=ADVANCED_FACE('',(#2095),#2255,.F.);
#2301=ADVANCED_FACE('',(#2096),#104,.T.);
#2302=ADVANCED_FACE('',(#2097),#2256,.T.);
#2303=ADVANCED_FACE('',(#2098),#2257,.F.);
#2304=ADVANCED_FACE('',(#2099),#2258,.F.);
#2305=ADVANCED_FACE('',(#2100),#105,.T.);
#2306=ADVANCED_FACE('',(#2101),#106,.T.);
#2307=ADVANCED_FACE('',(#2102),#2259,.F.);
#2308=ADVANCED_FACE('',(#2103),#2260,.F.);
#2309=ADVANCED_FACE('',(#2104),#107,.T.);
#2310=ADVANCED_FACE('',(#2105),#2261,.T.);
#2311=ADVANCED_FACE('',(#2106),#108,.T.);
#2312=ADVANCED_FACE('',(#2107),#48,.T.);
#2313=ADVANCED_FACE('',(#2108),#109,.T.);
#2314=ADVANCED_FACE('',(#2109),#110,.T.);
#2315=ADVANCED_FACE('',(#2110),#49,.T.);
#2316=ADVANCED_FACE('',(#2111),#111,.T.);
#2317=ADVANCED_FACE('',(#2112),#2262,.F.);
#2318=ADVANCED_FACE('',(#2113),#2263,.F.);
#2319=ADVANCED_FACE('',(#2114),#2264,.F.);
#2320=ADVANCED_FACE('',(#2115),#2265,.T.);
#2321=ADVANCED_FACE('',(#2116),#2266,.F.);
#2322=ADVANCED_FACE('',(#2117),#2267,.F.);
#2323=ADVANCED_FACE('',(#2118),#2268,.T.);
#2324=ADVANCED_FACE('',(#2119),#112,.F.);
#2325=ADVANCED_FACE('',(#2120),#113,.T.);
#2326=ADVANCED_FACE('',(#2121),#114,.T.);
#2327=ADVANCED_FACE('',(#2122),#115,.F.);
#2328=ADVANCED_FACE('',(#2123),#50,.F.);
#2329=ADVANCED_FACE('',(#2124),#116,.F.);
#2330=ADVANCED_FACE('',(#2125),#117,.T.);
#2331=ADVANCED_FACE('',(#2126),#51,.F.);
#2332=ADVANCED_FACE('',(#2127),#118,.F.);
#2333=ADVANCED_FACE('',(#2128),#119,.F.);
#2334=ADVANCED_FACE('',(#2129),#120,.T.);
#2335=ADVANCED_FACE('',(#2130),#121,.T.);
#2336=ADVANCED_FACE('',(#2131),#122,.T.);
#2337=ADVANCED_FACE('',(#2132),#123,.T.);
#2338=ADVANCED_FACE('',(#2133),#28,.T.);
#2339=ADVANCED_FACE('',(#2134),#124,.T.);
#2340=ADVANCED_FACE('',(#2135),#29,.T.);
#2341=ADVANCED_FACE('',(#2136),#125,.T.);
#2342=ADVANCED_FACE('',(#2137),#52,.T.);
#2343=ADVANCED_FACE('',(#2138),#126,.T.);
#2344=ADVANCED_FACE('',(#2139),#53,.T.);
#2345=ADVANCED_FACE('',(#2140),#54,.T.);
#2346=ADVANCED_FACE('',(#2141),#55,.T.);
#2347=ADVANCED_FACE('',(#2142),#127,.T.);
#2348=ADVANCED_FACE('',(#2143),#56,.T.);
#2349=ADVANCED_FACE('',(#2144),#128,.T.);
#2350=ADVANCED_FACE('',(#2145),#57,.T.);
#2351=ADVANCED_FACE('',(#2146),#129,.T.);
#2352=ADVANCED_FACE('',(#2147),#58,.T.);
#2353=ADVANCED_FACE('',(#2148),#59,.T.);
#2354=ADVANCED_FACE('',(#2149),#60,.T.);
#2355=ADVANCED_FACE('',(#2150),#130,.T.);
#2356=ADVANCED_FACE('',(#2151),#61,.T.);
#2357=ADVANCED_FACE('',(#2152),#131,.T.);
#2358=ADVANCED_FACE('',(#2153),#30,.T.);
#2359=ADVANCED_FACE('',(#2154),#132,.T.);
#2360=ADVANCED_FACE('',(#2155),#31,.T.);
#2361=ADVANCED_FACE('',(#2156),#133,.T.);
#2362=ADVANCED_FACE('',(#2157,#2158),#134,.F.);
#2363=ADVANCED_FACE('',(#2159,#2160),#135,.F.);
#2364=ADVANCED_FACE('',(#2161,#2162),#136,.F.);
#2365=ADVANCED_FACE('',(#2163),#2269,.T.);
#2366=ADVANCED_FACE('',(#2164),#18,.T.);
#2367=ADVANCED_FACE('',(#2165),#2270,.T.);
#2368=ADVANCED_FACE('',(#2166),#19,.F.);
#2369=ADVANCED_FACE('',(#2167),#2271,.T.);
#2370=ADVANCED_FACE('',(#2168),#12,.F.);
#2371=ADVANCED_FACE('',(#2169),#2272,.T.);
#2372=ADVANCED_FACE('',(#2170),#13,.F.);
#2373=ADVANCED_FACE('',(#2171),#2273,.T.);
#2374=ADVANCED_FACE('',(#2172),#20,.F.);
#2375=ADVANCED_FACE('',(#2173),#2274,.T.);
#2376=ADVANCED_FACE('',(#2174),#21,.T.);
#2377=ADVANCED_FACE('',(#2175),#2275,.T.);
#2378=ADVANCED_FACE('',(#2176),#14,.F.);
#2379=ADVANCED_FACE('',(#2177),#2276,.T.);
#2380=ADVANCED_FACE('',(#2178),#15,.F.);
#2381=ADVANCED_FACE('',(#2179),#16,.F.);
#2382=ADVANCED_FACE('',(#2180),#2277,.T.);
#2383=ADVANCED_FACE('',(#2181,#2182),#22,.F.);
#2384=ADVANCED_FACE('',(#2183),#17,.F.);
#2385=ADVANCED_FACE('',(#2184,#2185),#23,.F.);
#2386=ADVANCED_FACE('',(#2186,#2187),#24,.F.);
#2387=ADVANCED_FACE('',(#2188,#2189,#2190,#2191),#2278,.T.);
#2388=ADVANCED_FACE('',(#2192,#2193),#25,.F.);
#2389=ADVANCED_FACE('',(#2194,#2195),#26,.F.);
#2390=ADVANCED_FACE('',(#2196,#2197),#27,.F.);
#2391=ADVANCED_FACE('',(#2198),#2279,.F.);
#2392=ADVANCED_FACE('',(#2199),#2280,.T.);
#2393=ADVANCED_FACE('',(#2200),#2281,.T.);
#2394=ADVANCED_FACE('',(#2201),#137,.F.);
#2395=ADVANCED_FACE('',(#2202),#2282,.F.);
#2396=ADVANCED_FACE('',(#2203),#2283,.T.);
#2397=ADVANCED_FACE('',(#2204),#2284,.T.);
#2398=ADVANCED_FACE('',(#2205),#138,.F.);
#2399=ADVANCED_FACE('',(#2206),#139,.T.);
#2400=ADVANCED_FACE('',(#2207),#92,.T.);
#2401=ADVANCED_FACE('',(#2208),#62,.T.);
#2402=ADVANCED_FACE('',(#2209),#93,.T.);
#2403=ADVANCED_FACE('',(#2210),#140,.T.);
#2404=ADVANCED_FACE('',(#2211),#141,.T.);
#2405=ADVANCED_FACE('',(#2212),#94,.T.);
#2406=ADVANCED_FACE('',(#2213),#63,.T.);
#2407=ADVANCED_FACE('',(#2214),#95,.T.);
#2408=ADVANCED_FACE('',(#2215),#142,.T.);
#2409=ADVANCED_FACE('',(#2216),#143,.T.);
#2410=ADVANCED_FACE('',(#2217),#144,.T.);
#2411=ADVANCED_FACE('',(#2218),#32,.T.);
#2412=ADVANCED_FACE('',(#2219),#33,.T.);
#2413=ADVANCED_FACE('',(#2220),#34,.T.);
#2414=ADVANCED_FACE('',(#2221),#35,.T.);
#2415=ADVANCED_FACE('',(#2222),#145,.F.);
#2416=ADVANCED_FACE('',(#2223),#146,.T.);
#2417=ADVANCED_FACE('',(#2224),#36,.T.);
#2418=ADVANCED_FACE('',(#2225),#37,.F.);
#2419=ADVANCED_FACE('',(#2226),#64,.T.);
#2420=ADVANCED_FACE('',(#2227),#147,.T.);
#2421=ADVANCED_FACE('',(#2228),#148,.F.);
#2422=ADVANCED_FACE('',(#2229),#149,.T.);
#2423=ADVANCED_FACE('',(#2230),#38,.T.);
#2424=ADVANCED_FACE('',(#2231),#39,.T.);
#2425=ADVANCED_FACE('',(#2232),#150,.T.);
#2426=ADVANCED_FACE('',(#2233),#151,.T.);
#2427=ADVANCED_FACE('',(#2234),#40,.T.);
#2428=ADVANCED_FACE('',(#2235),#65,.T.);
#2429=ADVANCED_FACE('',(#2236),#41,.T.);
#2430=ADVANCED_FACE('',(#2237),#152,.T.);
#2431=ADVANCED_FACE('',(#2238),#153,.T.);
#2432=ADVANCED_FACE('',(#2239),#154,.T.);
#2433=ADVANCED_FACE('',(#2240),#42,.T.);
#2434=ADVANCED_FACE('',(#2241),#43,.T.);
#2435=ADVANCED_FACE('',(#2242),#44,.T.);
#2436=ADVANCED_FACE('',(#2243),#45,.T.);
#2437=ADVANCED_FACE('',(#2244),#155,.F.);
#2438=ADVANCED_FACE('',(#2245),#156,.T.);
#2439=ADVANCED_FACE('',(#2246),#157,.T.);
#2440=ADVANCED_FACE('',(#2247),#46,.F.);
#2441=ADVANCED_FACE('',(#2248),#47,.T.);
#2442=ADVANCED_FACE('',(#2249),#158,.F.);
#2443=CLOSED_SHELL('',(#2285,#2286,#2287,#2288,#2289,#2290,#2291,#2292,
#2293,#2294,#2295,#2296,#2297,#2298,#2299,#2300,#2301,#2302,#2303,#2304,
#2305,#2306,#2307,#2308,#2309,#2310,#2311,#2312,#2313,#2314,#2315,#2316,
#2317,#2318,#2319,#2320,#2321,#2322,#2323,#2324,#2325,#2326,#2327,#2328,
#2329,#2330,#2331,#2332,#2333,#2334,#2335,#2336,#2337,#2338,#2339,#2340,
#2341,#2342,#2343,#2344,#2345,#2346,#2347,#2348,#2349,#2350,#2351,#2352,
#2353,#2354,#2355,#2356,#2357,#2358,#2359,#2360,#2361,#2362,#2363,#2364,
#2365,#2366,#2367,#2368,#2369,#2370,#2371,#2372,#2373,#2374,#2375,#2376,
#2377,#2378,#2379,#2380,#2381,#2382,#2383,#2384,#2385,#2386,#2387,#2388,
#2389,#2390,#2391,#2392,#2393,#2394,#2395,#2396,#2397,#2398,#2399,#2400,
#2401,#2402,#2403,#2404,#2405,#2406,#2407,#2408,#2409,#2410,#2411,#2412,
#2413,#2414,#2415,#2416,#2417,#2418,#2419,#2420,#2421,#2422,#2423,#2424,
#2425,#2426,#2427,#2428,#2429,#2430,#2431,#2432,#2433,#2434,#2435,#2436,
#2437,#2438,#2439,#2440,#2441,#2442));
#2444=STYLED_ITEM('',(#2445),#2452);
#2445=PRESENTATION_STYLE_ASSIGNMENT((#2446));
#2446=SURFACE_STYLE_USAGE(.BOTH.,#2447);
#2447=SURFACE_SIDE_STYLE('',(#2448));
#2448=SURFACE_STYLE_FILL_AREA(#2449);
#2449=FILL_AREA_STYLE('',(#2450));
#2450=FILL_AREA_STYLE_COLOUR('',#2451);
#2451=COLOUR_RGB('',0.290196078431373,0.435294117647059,0.647058823529412);
#2452=MANIFOLD_SOLID_BREP('[a]_wwbmg-UHF-adapter_sherpa_tap',#2443);
#2453=SHAPE_DEFINITION_REPRESENTATION(#4812,#2454);
#2454=SHAPE_REPRESENTATION('[a]_wwbmg-UHF-adapter_sherpa_tap',(#2455),#4807);
#2455=AXIS2_PLACEMENT_3D('',#3545,#2768,#2769);
#2456=AXIS2_PLACEMENT_3D('',#3546,#2770,#2771);
#2457=AXIS2_PLACEMENT_3D('',#3547,#2772,#2773);
#2458=AXIS2_PLACEMENT_3D('',#3549,#2774,#2775);
#2459=AXIS2_PLACEMENT_3D('',#3558,#2779,#2780);
#2460=AXIS2_PLACEMENT_3D('',#3568,#2785,#2786);
#2461=AXIS2_PLACEMENT_3D('',#3572,#2788,#2789);
#2462=AXIS2_PLACEMENT_3D('',#3581,#2794,#2795);
#2463=AXIS2_PLACEMENT_3D('',#3582,#2796,#2797);
#2464=AXIS2_PLACEMENT_3D('',#3586,#2799,#2800);
#2465=AXIS2_PLACEMENT_3D('',#3587,#2801,#2802);
#2466=AXIS2_PLACEMENT_3D('',#3588,#2803,#2804);
#2467=AXIS2_PLACEMENT_3D('',#3595,#2807,#2808);
#2468=AXIS2_PLACEMENT_3D('',#3603,#2812,#2813);
#2469=AXIS2_PLACEMENT_3D('',#3607,#2815,#2816);
#2470=AXIS2_PLACEMENT_3D('',#3611,#2818,#2819);
#2471=AXIS2_PLACEMENT_3D('',#3618,#2823,#2824);
#2472=AXIS2_PLACEMENT_3D('',#3622,#2826,#2827);
#2473=AXIS2_PLACEMENT_3D('',#3623,#2828,#2829);
#2474=AXIS2_PLACEMENT_3D('',#3624,#2830,#2831);
#2475=AXIS2_PLACEMENT_3D('',#3628,#2833,#2834);
#2476=AXIS2_PLACEMENT_3D('',#3632,#2836,#2837);
#2477=AXIS2_PLACEMENT_3D('',#3633,#2838,#2839);
#2478=AXIS2_PLACEMENT_3D('',#3637,#2841,#2842);
#2479=AXIS2_PLACEMENT_3D('',#3641,#2844,#2845);
#2480=AXIS2_PLACEMENT_3D('',#3642,#2846,#2847);
#2481=AXIS2_PLACEMENT_3D('',#3643,#2848,#2849);
#2482=AXIS2_PLACEMENT_3D('',#3650,#2852,#2853);
#2483=AXIS2_PLACEMENT_3D('',#3662,#2859,#2860);
#2484=AXIS2_PLACEMENT_3D('',#3666,#2862,#2863);
#2485=AXIS2_PLACEMENT_3D('',#3670,#2865,#2866);
#2486=AXIS2_PLACEMENT_3D('',#3673,#2868,#2869);
#2487=AXIS2_PLACEMENT_3D('',#3674,#2870,#2871);
#2488=AXIS2_PLACEMENT_3D('',#3678,#2873,#2874);
#2489=AXIS2_PLACEMENT_3D('',#3679,#2875,#2876);
#2490=AXIS2_PLACEMENT_3D('',#3683,#2878,#2879);
#2491=AXIS2_PLACEMENT_3D('',#3684,#2880,#2881);
#2492=AXIS2_PLACEMENT_3D('',#3685,#2882,#2883);
#2493=AXIS2_PLACEMENT_3D('',#3689,#2885,#2886);
#2494=AXIS2_PLACEMENT_3D('',#3690,#2887,#2888);
#2495=AXIS2_PLACEMENT_3D('',#3691,#2889,#2890);
#2496=AXIS2_PLACEMENT_3D('',#3692,#2891,#2892);
#2497=AXIS2_PLACEMENT_3D('',#3696,#2894,#2895);
#2498=AXIS2_PLACEMENT_3D('',#3697,#2896,#2897);
#2499=AXIS2_PLACEMENT_3D('',#3701,#2899,#2900);
#2500=AXIS2_PLACEMENT_3D('',#3702,#2901,#2902);
#2501=AXIS2_PLACEMENT_3D('',#3709,#2906,#2907);
#2502=AXIS2_PLACEMENT_3D('',#3710,#2908,#2909);
#2503=AXIS2_PLACEMENT_3D('',#3712,#2910,#2911);
#2504=AXIS2_PLACEMENT_3D('',#3713,#2912,#2913);
#2505=AXIS2_PLACEMENT_3D('',#3714,#2914,#2915);
#2506=AXIS2_PLACEMENT_3D('',#3716,#2916,#2917);
#2507=AXIS2_PLACEMENT_3D('',#3717,#2918,#2919);
#2508=AXIS2_PLACEMENT_3D('',#3731,#2922,#2923);
#2509=AXIS2_PLACEMENT_3D('',#3738,#2928,#2929);
#2510=AXIS2_PLACEMENT_3D('',#3752,#2932,#2933);
#2511=AXIS2_PLACEMENT_3D('',#3753,#2934,#2935);
#2512=AXIS2_PLACEMENT_3D('',#3760,#2939,#2940);
#2513=AXIS2_PLACEMENT_3D('',#3764,#2943,#2944);
#2514=AXIS2_PLACEMENT_3D('',#3774,#2950,#2951);
#2515=AXIS2_PLACEMENT_3D('',#3775,#2952,#2953);
#2516=AXIS2_PLACEMENT_3D('',#3776,#2954,#2955);
#2517=AXIS2_PLACEMENT_3D('',#3777,#2956,#2957);
#2518=AXIS2_PLACEMENT_3D('',#3778,#2958,#2959);
#2519=AXIS2_PLACEMENT_3D('',#3779,#2960,#2961);
#2520=AXIS2_PLACEMENT_3D('',#3788,#2966,#2967);
#2521=AXIS2_PLACEMENT_3D('',#3792,#2969,#2970);
#2522=AXIS2_PLACEMENT_3D('',#3799,#2974,#2975);
#2523=AXIS2_PLACEMENT_3D('',#3800,#2976,#2977);
#2524=AXIS2_PLACEMENT_3D('',#3801,#2978,#2979);
#2525=AXIS2_PLACEMENT_3D('',#3802,#2980,#2981);
#2526=AXIS2_PLACEMENT_3D('',#3810,#2985,#2986);
#2527=AXIS2_PLACEMENT_3D('',#3814,#2988,#2989);
#2528=AXIS2_PLACEMENT_3D('',#3815,#2990,#2991);
#2529=AXIS2_PLACEMENT_3D('',#3816,#2992,#2993);
#2530=AXIS2_PLACEMENT_3D('',#3817,#2994,#2995);
#2531=AXIS2_PLACEMENT_3D('',#3830,#2996,#2997);
#2532=AXIS2_PLACEMENT_3D('',#3831,#2998,#2999);
#2533=AXIS2_PLACEMENT_3D('',#3832,#3000,#3001);
#2534=AXIS2_PLACEMENT_3D('',#3833,#3002,#3003);
#2535=AXIS2_PLACEMENT_3D('',#3837,#3005,#3006);
#2536=AXIS2_PLACEMENT_3D('',#3838,#3007,#3008);
#2537=AXIS2_PLACEMENT_3D('',#3851,#3009,#3010);
#2538=AXIS2_PLACEMENT_3D('',#3852,#3011,#3012);
#2539=AXIS2_PLACEMENT_3D('',#3853,#3013,#3014);
#2540=AXIS2_PLACEMENT_3D('',#3856,#3016,#3017);
#2541=AXIS2_PLACEMENT_3D('',#3859,#3019,#3020);
#2542=AXIS2_PLACEMENT_3D('',#3862,#3022,#3023);
#2543=AXIS2_PLACEMENT_3D('',#3863,#3024,#3025);
#2544=AXIS2_PLACEMENT_3D('',#3886,#3031,#3032);
#2545=AXIS2_PLACEMENT_3D('',#3889,#3034,#3035);
#2546=AXIS2_PLACEMENT_3D('',#3893,#3037,#3038);
#2547=AXIS2_PLACEMENT_3D('',#3900,#3042,#3043);
#2548=AXIS2_PLACEMENT_3D('',#3901,#3044,#3045);
#2549=AXIS2_PLACEMENT_3D('',#3910,#3050,#3051);
#2550=AXIS2_PLACEMENT_3D('',#3919,#3056,#3057);
#2551=AXIS2_PLACEMENT_3D('',#3928,#3062,#3063);
#2552=AXIS2_PLACEMENT_3D('',#3937,#3068,#3069);
#2553=AXIS2_PLACEMENT_3D('',#3938,#3070,#3071);
#2554=AXIS2_PLACEMENT_3D('',#3939,#3072,#3073);
#2555=AXIS2_PLACEMENT_3D('',#3940,#3074,#3075);
#2556=AXIS2_PLACEMENT_3D('',#3941,#3076,#3077);
#2557=AXIS2_PLACEMENT_3D('',#3942,#3078,#3079);
#2558=AXIS2_PLACEMENT_3D('',#3943,#3080,#3081);
#2559=AXIS2_PLACEMENT_3D('',#3950,#3082,#3083);
#2560=AXIS2_PLACEMENT_3D('',#3955,#3084,#3085);
#2561=AXIS2_PLACEMENT_3D('',#3962,#3086,#3087);
#2562=AXIS2_PLACEMENT_3D('',#3963,#3088,#3089);
#2563=AXIS2_PLACEMENT_3D('',#3979,#3090,#3091);
#2564=AXIS2_PLACEMENT_3D('',#3980,#3092,#3093);
#2565=AXIS2_PLACEMENT_3D('',#3981,#3094,#3095);
#2566=AXIS2_PLACEMENT_3D('',#3982,#3096,#3097);
#2567=AXIS2_PLACEMENT_3D('',#3983,#3098,#3099);
#2568=AXIS2_PLACEMENT_3D('',#4009,#3100,#3101);
#2569=AXIS2_PLACEMENT_3D('',#4010,#3102,#3103);
#2570=AXIS2_PLACEMENT_3D('',#4011,#3104,#3105);
#2571=AXIS2_PLACEMENT_3D('',#4018,#3106,#3107);
#2572=AXIS2_PLACEMENT_3D('',#4019,#3108,#3109);
#2573=AXIS2_PLACEMENT_3D('',#4020,#3110,#3111);
#2574=AXIS2_PLACEMENT_3D('',#4021,#3112,#3113);
#2575=AXIS2_PLACEMENT_3D('',#4022,#3114,#3115);
#2576=AXIS2_PLACEMENT_3D('',#4023,#3116,#3117);
#2577=AXIS2_PLACEMENT_3D('',#4024,#3118,#3119);
#2578=AXIS2_PLACEMENT_3D('',#4025,#3120,#3121);
#2579=AXIS2_PLACEMENT_3D('',#4037,#3122,#3123);
#2580=AXIS2_PLACEMENT_3D('',#4038,#3124,#3125);
#2581=AXIS2_PLACEMENT_3D('',#4050,#3126,#3127);
#2582=AXIS2_PLACEMENT_3D('',#4051,#3128,#3129);
#2583=AXIS2_PLACEMENT_3D('',#4052,#3130,#3131);
#2584=AXIS2_PLACEMENT_3D('',#4053,#3132,#3133);
#2585=AXIS2_PLACEMENT_3D('',#4054,#3134,#3135);
#2586=AXIS2_PLACEMENT_3D('',#4055,#3136,#3137);
#2587=AXIS2_PLACEMENT_3D('',#4056,#3138,#3139);
#2588=AXIS2_PLACEMENT_3D('',#4057,#3140,#3141);
#2589=AXIS2_PLACEMENT_3D('',#4058,#3142,#3143);
#2590=AXIS2_PLACEMENT_3D('',#4059,#3144,#3145);
#2591=AXIS2_PLACEMENT_3D('',#4072,#3146,#3147);
#2592=AXIS2_PLACEMENT_3D('',#4073,#3148,#3149);
#2593=AXIS2_PLACEMENT_3D('',#4074,#3150,#3151);
#2594=AXIS2_PLACEMENT_3D('',#4087,#3152,#3153);
#2595=AXIS2_PLACEMENT_3D('',#4103,#3154,#3155);
#2596=AXIS2_PLACEMENT_3D('',#4116,#3156,#3157);
#2597=AXIS2_PLACEMENT_3D('',#4117,#3158,#3159);
#2598=AXIS2_PLACEMENT_3D('',#4118,#3160,#3161);
#2599=AXIS2_PLACEMENT_3D('',#4134,#3162,#3163);
#2600=AXIS2_PLACEMENT_3D('',#4135,#3164,#3165);
#2601=AXIS2_PLACEMENT_3D('',#4136,#3166,#3167);
#2602=AXIS2_PLACEMENT_3D('',#4152,#3168,#3169);
#2603=AXIS2_PLACEMENT_3D('',#4153,#3170,#3171);
#2604=AXIS2_PLACEMENT_3D('',#4154,#3172,#3173);
#2605=AXIS2_PLACEMENT_3D('',#4167,#3174,#3175);
#2606=AXIS2_PLACEMENT_3D('',#4183,#3176,#3177);
#2607=AXIS2_PLACEMENT_3D('',#4196,#3178,#3179);
#2608=AXIS2_PLACEMENT_3D('',#4197,#3180,#3181);
#2609=AXIS2_PLACEMENT_3D('',#4198,#3182,#3183);
#2610=AXIS2_PLACEMENT_3D('',#4211,#3184,#3185);
#2611=AXIS2_PLACEMENT_3D('',#4212,#3186,#3187);
#2612=AXIS2_PLACEMENT_3D('',#4213,#3188,#3189);
#2613=AXIS2_PLACEMENT_3D('',#4214,#3190,#3191);
#2614=AXIS2_PLACEMENT_3D('',#4215,#3192,#3193);
#2615=AXIS2_PLACEMENT_3D('',#4216,#3194,#3195);
#2616=AXIS2_PLACEMENT_3D('',#4217,#3196,#3197);
#2617=AXIS2_PLACEMENT_3D('',#4218,#3198,#3199);
#2618=AXIS2_PLACEMENT_3D('',#4219,#3200,#3201);
#2619=AXIS2_PLACEMENT_3D('',#4220,#3202,#3203);
#2620=AXIS2_PLACEMENT_3D('',#4221,#3204,#3205);
#2621=AXIS2_PLACEMENT_3D('',#4222,#3206,#3207);
#2622=AXIS2_PLACEMENT_3D('',#4224,#3208,#3209);
#2623=AXIS2_PLACEMENT_3D('',#4226,#3210,#3211);
#2624=AXIS2_PLACEMENT_3D('',#4227,#3212,#3213);
#2625=AXIS2_PLACEMENT_3D('',#4229,#3214,#3215);
#2626=AXIS2_PLACEMENT_3D('',#4231,#3216,#3217);
#2627=AXIS2_PLACEMENT_3D('',#4232,#3218,#3219);
#2628=AXIS2_PLACEMENT_3D('',#4234,#3220,#3221);
#2629=AXIS2_PLACEMENT_3D('',#4236,#3222,#3223);
#2630=AXIS2_PLACEMENT_3D('',#4242,#3227,#3228);
#2631=AXIS2_PLACEMENT_3D('',#4245,#3230,#3231);
#2632=AXIS2_PLACEMENT_3D('',#4246,#3232,#3233);
#2633=AXIS2_PLACEMENT_3D('',#4250,#3236,#3237);
#2634=AXIS2_PLACEMENT_3D('',#4253,#3239,#3240);
#2635=AXIS2_PLACEMENT_3D('',#4254,#3241,#3242);
#2636=AXIS2_PLACEMENT_3D('',#4303,#3245,#3246);
#2637=AXIS2_PLACEMENT_3D('',#4340,#3249,#3250);
#2638=AXIS2_PLACEMENT_3D('',#4344,#3253,#3254);
#2639=AXIS2_PLACEMENT_3D('',#4347,#3256,#3257);
#2640=AXIS2_PLACEMENT_3D('',#4348,#3258,#3259);
#2641=AXIS2_PLACEMENT_3D('',#4352,#3262,#3263);
#2642=AXIS2_PLACEMENT_3D('',#4355,#3265,#3266);
#2643=AXIS2_PLACEMENT_3D('',#4356,#3267,#3268);
#2644=AXIS2_PLACEMENT_3D('',#4393,#3271,#3272);
#2645=AXIS2_PLACEMENT_3D('',#4462,#3274,#3275);
#2646=AXIS2_PLACEMENT_3D('',#4469,#3277,#3278);
#2647=AXIS2_PLACEMENT_3D('',#4470,#3279,#3280);
#2648=AXIS2_PLACEMENT_3D('',#4492,#3281,#3282);
#2649=AXIS2_PLACEMENT_3D('',#4493,#3283,#3284);
#2650=AXIS2_PLACEMENT_3D('',#4495,#3285,#3286);
#2651=AXIS2_PLACEMENT_3D('',#4496,#3287,#3288);
#2652=AXIS2_PLACEMENT_3D('',#4498,#3289,#3290);
#2653=AXIS2_PLACEMENT_3D('',#4499,#3291,#3292);
#2654=AXIS2_PLACEMENT_3D('',#4500,#3293,#3294);
#2655=AXIS2_PLACEMENT_3D('',#4501,#3295,#3296);
#2656=AXIS2_PLACEMENT_3D('',#4502,#3297,#3298);
#2657=AXIS2_PLACEMENT_3D('',#4508,#3301,#3302);
#2658=AXIS2_PLACEMENT_3D('',#4513,#3305,#3306);
#2659=AXIS2_PLACEMENT_3D('',#4514,#3307,#3308);
#2660=AXIS2_PLACEMENT_3D('',#4524,#3313,#3314);
#2661=AXIS2_PLACEMENT_3D('',#4525,#3315,#3316);
#2662=AXIS2_PLACEMENT_3D('',#4528,#3317,#3318);
#2663=AXIS2_PLACEMENT_3D('',#4530,#3319,#3320);
#2664=AXIS2_PLACEMENT_3D('',#4536,#3323,#3324);
#2665=AXIS2_PLACEMENT_3D('',#4541,#3327,#3328);
#2666=AXIS2_PLACEMENT_3D('',#4542,#3329,#3330);
#2667=AXIS2_PLACEMENT_3D('',#4543,#3331,#3332);
#2668=AXIS2_PLACEMENT_3D('',#4544,#3333,#3334);
#2669=AXIS2_PLACEMENT_3D('',#4554,#3339,#3340);
#2670=AXIS2_PLACEMENT_3D('',#4555,#3341,#3342);
#2671=AXIS2_PLACEMENT_3D('',#4563,#3346,#3347);
#2672=AXIS2_PLACEMENT_3D('',#4566,#3349,#3350);
#2673=AXIS2_PLACEMENT_3D('',#4570,#3352,#3353);
#2674=AXIS2_PLACEMENT_3D('',#4576,#3356,#3357);
#2675=AXIS2_PLACEMENT_3D('',#4578,#3358,#3359);
#2676=AXIS2_PLACEMENT_3D('',#4580,#3360,#3361);
#2677=AXIS2_PLACEMENT_3D('',#4583,#3363,#3364);
#2678=AXIS2_PLACEMENT_3D('',#4584,#3365,#3366);
#2679=AXIS2_PLACEMENT_3D('',#4585,#3367,#3368);
#2680=AXIS2_PLACEMENT_3D('',#4586,#3369,#3370);
#2681=AXIS2_PLACEMENT_3D('',#4587,#3371,#3372);
#2682=AXIS2_PLACEMENT_3D('',#4588,#3373,#3374);
#2683=AXIS2_PLACEMENT_3D('',#4589,#3375,#3376);
#2684=AXIS2_PLACEMENT_3D('',#4590,#3377,#3378);
#2685=AXIS2_PLACEMENT_3D('',#4636,#3379,#3380);
#2686=AXIS2_PLACEMENT_3D('',#4637,#3381,#3382);
#2687=AXIS2_PLACEMENT_3D('',#4638,#3383,#3384);
#2688=AXIS2_PLACEMENT_3D('',#4639,#3385,#3386);
#2689=AXIS2_PLACEMENT_3D('',#4640,#3387,#3388);
#2690=AXIS2_PLACEMENT_3D('',#4641,#3389,#3390);
#2691=AXIS2_PLACEMENT_3D('',#4642,#3391,#3392);
#2692=AXIS2_PLACEMENT_3D('',#4643,#3393,#3394);
#2693=AXIS2_PLACEMENT_3D('',#4644,#3395,#3396);
#2694=AXIS2_PLACEMENT_3D('',#4645,#3397,#3398);
#2695=AXIS2_PLACEMENT_3D('',#4691,#3399,#3400);
#2696=AXIS2_PLACEMENT_3D('',#4692,#3401,#3402);
#2697=AXIS2_PLACEMENT_3D('',#4693,#3403,#3404);
#2698=AXIS2_PLACEMENT_3D('',#4694,#3405,#3406);
#2699=AXIS2_PLACEMENT_3D('',#4695,#3407,#3408);
#2700=AXIS2_PLACEMENT_3D('',#4696,#3409,#3410);
#2701=AXIS2_PLACEMENT_3D('',#4697,#3411,#3412);
#2702=AXIS2_PLACEMENT_3D('',#4698,#3413,#3414);
#2703=AXIS2_PLACEMENT_3D('',#4699,#3415,#3416);
#2704=AXIS2_PLACEMENT_3D('',#4700,#3417,#3418);
#2705=AXIS2_PLACEMENT_3D('',#4701,#3419,#3420);
#2706=AXIS2_PLACEMENT_3D('',#4702,#3421,#3422);
#2707=AXIS2_PLACEMENT_3D('',#4703,#3423,#3424);
#2708=AXIS2_PLACEMENT_3D('',#4704,#3425,#3426);
#2709=AXIS2_PLACEMENT_3D('',#4705,#3427,#3428);
#2710=AXIS2_PLACEMENT_3D('',#4706,#3429,#3430);
#2711=AXIS2_PLACEMENT_3D('',#4707,#3431,#3432);
#2712=AXIS2_PLACEMENT_3D('',#4708,#3433,#3434);
#2713=AXIS2_PLACEMENT_3D('',#4709,#3435,#3436);
#2714=AXIS2_PLACEMENT_3D('',#4710,#3437,#3438);
#2715=AXIS2_PLACEMENT_3D('',#4711,#3439,#3440);
#2716=AXIS2_PLACEMENT_3D('',#4712,#3441,#3442);
#2717=AXIS2_PLACEMENT_3D('',#4713,#3443,#3444);
#2718=AXIS2_PLACEMENT_3D('',#4714,#3445,#3446);
#2719=AXIS2_PLACEMENT_3D('',#4715,#3447,#3448);
#2720=AXIS2_PLACEMENT_3D('',#4716,#3449,#3450);
#2721=AXIS2_PLACEMENT_3D('',#4717,#3451,#3452);
#2722=AXIS2_PLACEMENT_3D('',#4739,#3453,#3454);
#2723=AXIS2_PLACEMENT_3D('',#4740,#3455,#3456);
#2724=AXIS2_PLACEMENT_3D('',#4741,#3457,#3458);
#2725=AXIS2_PLACEMENT_3D('',#4742,#3459,#3460);
#2726=AXIS2_PLACEMENT_3D('',#4743,#3461,#3462);
#2727=AXIS2_PLACEMENT_3D('',#4744,#3463,#3464);
#2728=AXIS2_PLACEMENT_3D('',#4745,#3465,#3466);
#2729=AXIS2_PLACEMENT_3D('',#4746,#3467,#3468);
#2730=AXIS2_PLACEMENT_3D('',#4747,#3469,#3470);
#2731=AXIS2_PLACEMENT_3D('',#4748,#3471,#3472);
#2732=AXIS2_PLACEMENT_3D('',#4749,#3473,#3474);
#2733=AXIS2_PLACEMENT_3D('',#4750,#3475,#3476);
#2734=AXIS2_PLACEMENT_3D('',#4751,#3477,#3478);
#2735=AXIS2_PLACEMENT_3D('',#4752,#3479,#3480);
#2736=AXIS2_PLACEMENT_3D('',#4753,#3481,#3482);
#2737=AXIS2_PLACEMENT_3D('',#4754,#3483,#3484);
#2738=AXIS2_PLACEMENT_3D('',#4755,#3485,#3486);
#2739=AXIS2_PLACEMENT_3D('',#4777,#3487,#3488);
#2740=AXIS2_PLACEMENT_3D('',#4778,#3489,#3490);
#2741=AXIS2_PLACEMENT_3D('',#4779,#3491,#3492);
#2742=AXIS2_PLACEMENT_3D('',#4780,#3493,#3494);
#2743=AXIS2_PLACEMENT_3D('',#4781,#3495,#3496);
#2744=AXIS2_PLACEMENT_3D('',#4782,#3497,#3498);
#2745=AXIS2_PLACEMENT_3D('',#4783,#3499,#3500);
#2746=AXIS2_PLACEMENT_3D('',#4784,#3501,#3502);
#2747=AXIS2_PLACEMENT_3D('',#4785,#3503,#3504);
#2748=AXIS2_PLACEMENT_3D('',#4786,#3505,#3506);
#2749=AXIS2_PLACEMENT_3D('',#4787,#3507,#3508);
#2750=AXIS2_PLACEMENT_3D('',#4788,#3509,#3510);
#2751=AXIS2_PLACEMENT_3D('',#4789,#3511,#3512);
#2752=AXIS2_PLACEMENT_3D('',#4790,#3513,#3514);
#2753=AXIS2_PLACEMENT_3D('',#4791,#3515,#3516);
#2754=AXIS2_PLACEMENT_3D('',#4792,#3517,#3518);
#2755=AXIS2_PLACEMENT_3D('',#4793,#3519,#3520);
#2756=AXIS2_PLACEMENT_3D('',#4794,#3521,#3522);
#2757=AXIS2_PLACEMENT_3D('',#4795,#3523,#3524);
#2758=AXIS2_PLACEMENT_3D('',#4796,#3525,#3526);
#2759=AXIS2_PLACEMENT_3D('',#4797,#3527,#3528);
#2760=AXIS2_PLACEMENT_3D('',#4798,#3529,#3530);
#2761=AXIS2_PLACEMENT_3D('',#4799,#3531,#3532);
#2762=AXIS2_PLACEMENT_3D('',#4800,#3533,#3534);
#2763=AXIS2_PLACEMENT_3D('',#4801,#3535,#3536);
#2764=AXIS2_PLACEMENT_3D('',#4802,#3537,#3538);
#2765=AXIS2_PLACEMENT_3D('',#4803,#3539,#3540);
#2766=AXIS2_PLACEMENT_3D('',#4804,#3541,#3542);
#2767=AXIS2_PLACEMENT_3D('',#4805,#3543,#3544);
#2768=DIRECTION('',(0.,0.,1.));
#2769=DIRECTION('',(1.,0.,0.));
#2770=DIRECTION('',(0.,0.,-1.));
#2771=DIRECTION('',(-1.,0.,0.));
#2772=DIRECTION('',(0.,0.,-1.));
#2773=DIRECTION('',(-1.,0.,0.));
#2774=DIRECTION('',(0.,0.,-1.));
#2775=DIRECTION('',(-1.,0.,0.));
#2776=DIRECTION('',(2.4147944444259E-14,1.,0.));
#2777=DIRECTION('',(-1.,6.02934254911523E-14,0.));
#2778=DIRECTION('',(2.41479444442331E-14,1.,0.));
#2779=DIRECTION('',(0.,0.,-1.));
#2780=DIRECTION('',(-1.,0.,0.));
#2781=DIRECTION('',(1.,-2.4147944444259E-14,0.));
#2782=DIRECTION('',(2.4147944444259E-14,1.,0.));
#2783=DIRECTION('',(0.721928369073,-0.691967795441087,0.));
#2784=DIRECTION('',(-7.139953862333E-29,1.,0.));
#2785=DIRECTION('',(0.,0.,-1.));
#2786=DIRECTION('',(0.707106781186585,-0.707106781186511,0.));
#2787=DIRECTION('',(1.,8.92494232791578E-29,0.));
#2788=DIRECTION('',(0.,0.,-1.));
#2789=DIRECTION('',(-0.707106781183539,-0.707106781189556,0.));
#2790=DIRECTION('',(-4.19962208960483E-12,1.,0.));
#2791=DIRECTION('',(0.721928369073,0.691967795441087,0.));
#2792=DIRECTION('',(2.4147944444259E-14,1.,0.));
#2793=DIRECTION('',(1.,-2.4147944444259E-14,0.));
#2794=DIRECTION('',(-1.,6.02934254911523E-14,0.));
#2795=DIRECTION('',(6.02934254911523E-14,1.,-1.57713813111996E-13));
#2796=DIRECTION('',(-1.,2.4147944444259E-14,5.88103188191851E-27));
#2797=DIRECTION('',(2.4147944444259E-14,1.,0.));
#2798=DIRECTION('',(-1.,6.02934254911523E-14,0.));
#2799=DIRECTION('',(-1.,2.41479444442331E-14,1.06436750934518E-13));
#2800=DIRECTION('',(1.06436750934518E-13,0.,1.));
#2801=DIRECTION('',(0.,0.,-1.));
#2802=DIRECTION('',(-1.,0.,0.));
#2803=DIRECTION('',(0.,0.,-1.));
#2804=DIRECTION('',(-1.,0.,0.));
#2805=DIRECTION('',(-1.,6.02934254911523E-14,0.));
#2806=DIRECTION('',(2.4147944444259E-14,1.,0.));
#2807=DIRECTION('',(0.,0.,-1.));
#2808=DIRECTION('',(-1.,0.,0.));
#2809=DIRECTION('',(1.,-2.4147944444259E-14,0.));
#2810=DIRECTION('',(2.4147944444259E-14,1.,0.));
#2811=DIRECTION('',(0.721928369073,0.691967795441087,0.));
#2812=DIRECTION('',(0.,0.,-1.));
#2813=DIRECTION('',(4.03439715224101E-15,-1.,0.));
#2814=DIRECTION('',(1.21138713423271E-17,-1.,0.));
#2815=DIRECTION('',(0.,0.,-1.));
#2816=DIRECTION('',(-1.,0.,0.));
#2817=DIRECTION('',(0.707106781186547,-0.707106781186548,0.));
#2818=DIRECTION('',(0.,0.,-1.));
#2819=DIRECTION('',(-1.,0.,0.));
#2820=DIRECTION('',(0.250381721394646,-0.968147196242108,0.));
#2821=DIRECTION('',(-1.,-4.20797192699203E-12,0.));
#2822=DIRECTION('',(-0.250381721394646,0.968147196242107,1.75897049202561E-25));
#2823=DIRECTION('',(-1.,6.02934254911523E-14,0.));
#2824=DIRECTION('',(6.02934254911523E-14,1.,-1.57713813111996E-13));
#2825=DIRECTION('',(-1.,6.02934254911523E-14,0.));
#2826=DIRECTION('',(-1.,2.4147944444259E-14,5.88103188191851E-27));
#2827=DIRECTION('',(2.4147944444259E-14,1.,0.));
#2828=DIRECTION('',(-1.,6.02934254911523E-14,0.));
#2829=DIRECTION('',(6.02934254911523E-14,1.,0.));
#2830=DIRECTION('',(2.4147944444259E-14,1.,2.43270045569803E-13));
#2831=DIRECTION('',(0.,2.43270045569803E-13,-1.));
#2832=DIRECTION('',(2.4147944444259E-14,1.,2.43270045569803E-13));
#2833=DIRECTION('',(2.4147944444259E-14,1.,2.43270045569803E-13));
#2834=DIRECTION('',(0.,2.43270045569803E-13,-1.));
#2835=DIRECTION('',(2.4147944444259E-14,1.,2.43270045569803E-13));
#2836=DIRECTION('',(-0.684781805864676,-0.564024665601368,-0.461465117804129));
#2837=DIRECTION('',(-0.467732503723267,0.825757940678299,-0.315198553879136));
#2838=DIRECTION('',(2.4147944444259E-14,1.,2.43270045569803E-13));
#2839=DIRECTION('',(0.,2.43270045569803E-13,-1.));
#2840=DIRECTION('',(2.4147944444259E-14,1.,2.43270045569803E-13));
#2841=DIRECTION('',(2.4147944444259E-14,1.,2.43270045569803E-13));
#2842=DIRECTION('',(0.,2.43270045569803E-13,-1.));
#2843=DIRECTION('',(2.4147944444259E-14,1.,2.43270045569803E-13));
#2844=DIRECTION('',(0.684781805864677,-0.56402466560137,-0.461465117804125));
#2845=DIRECTION('',(0.467732503723289,0.825757940678298,-0.315198553879108));
#2846=DIRECTION('',(0.,0.,-1.));
#2847=DIRECTION('',(-1.,0.,0.));
#2848=DIRECTION('',(0.,0.,-1.));
#2849=DIRECTION('',(-1.,0.,0.));
#2850=DIRECTION('',(2.4147944444259E-14,1.,0.));
#2851=DIRECTION('',(1.,-2.4147944444259E-14,0.));
#2852=DIRECTION('',(0.,0.,-1.));
#2853=DIRECTION('',(-1.,0.,0.));
#2854=DIRECTION('',(2.4147944444259E-14,1.,0.));
#2855=DIRECTION('',(-1.,6.02934254911523E-14,0.));
#2856=DIRECTION('',(0.25038172139058,0.968147196243159,-5.32907168871455E-14));
#2857=DIRECTION('',(1.,-2.22735194405159E-13,0.));
#2858=DIRECTION('',(-0.25038172139058,-0.968147196243159,0.));
#2859=DIRECTION('',(0.,0.,-1.));
#2860=DIRECTION('',(-1.,0.,0.));
#2861=DIRECTION('',(-0.707106781186547,-0.707106781186548,0.));
#2862=DIRECTION('',(0.,0.,-1.));
#2863=DIRECTION('',(-1.,0.,0.));
#2864=DIRECTION('',(1.21138713423271E-17,-1.,0.));
#2865=DIRECTION('',(0.,0.,-1.));
#2866=DIRECTION('',(-4.1167717996827E-15,1.,0.));
#2867=DIRECTION('',(0.721928369073,-0.691967795441087,0.));
#2868=DIRECTION('',(-1.,6.02934254911523E-14,0.));
#2869=DIRECTION('',(6.02934254911523E-14,1.,-1.57713813111996E-13));
#2870=DIRECTION('',(-1.,2.4147944444259E-14,5.88103188191851E-27));
#2871=DIRECTION('',(2.4147944444259E-14,1.,0.));
#2872=DIRECTION('',(-1.,6.02934254911523E-14,0.));
#2873=DIRECTION('',(-1.,6.02934254911523E-14,0.));
#2874=DIRECTION('',(6.02934254911523E-14,1.,0.));
#2875=DIRECTION('',(0.721928369073,0.691967795441087,0.));
#2876=DIRECTION('',(0.691967795441087,-0.721928369073,0.));
#2877=DIRECTION('',(0.721928369073,0.691967795441087,4.07191009267244E-18));
#2878=DIRECTION('',(0.721928369073,0.691967795441087,0.));
#2879=DIRECTION('',(0.691967795441087,-0.721928369073,0.));
#2880=DIRECTION('',(-0.721928369073006,-0.691967795441082,-9.13272912136928E-15));
#2881=DIRECTION('',(-0.691967795441082,0.721928369073006,0.));
#2882=DIRECTION('',(0.721928369073,-0.691967795441087,0.));
#2883=DIRECTION('',(-0.691967795441087,-0.721928369073,0.));
#2884=DIRECTION('',(0.721928369073,-0.691967795441087,-3.35353063643429E-17));
#2885=DIRECTION('',(0.721928369073,-0.691967795441087,0.));
#2886=DIRECTION('',(-0.691967795441087,-0.721928369073,0.));
#2887=DIRECTION('',(-0.721928369072999,0.691967795441088,0.));
#2888=DIRECTION('',(0.691967795441088,0.721928369072999,0.));
#2889=DIRECTION('',(2.96468836840256E-12,-0.704540909454641,-0.709663375766868));
#2890=DIRECTION('',(3.05529448880097E-12,-0.709663375766868,0.704540909454641));
#2891=DIRECTION('',(2.96468836840256E-12,-0.704540909454641,-0.709663375766868));
#2892=DIRECTION('',(0.342397880105585,-0.666767808394857,0.661954969304952));
#2893=DIRECTION('',(0.180517647924028,-0.698004845307389,0.692966532175534));
#2894=DIRECTION('',(2.96468836840256E-12,-0.704540909454641,-0.709663375766868));
#2895=DIRECTION('',(0.342397880105585,-0.666767808394858,0.661954969304952));
#2896=DIRECTION('',(-0.627135801386841,0.654289302573529,0.422618261740699));
#2897=DIRECTION('',(0.778909934856967,0.526798064507466,0.340269176700303));
#2898=DIRECTION('',(0.721928369073,0.691967795441087,4.07191009267244E-18));
#2899=DIRECTION('',(-0.627135801386841,0.654289302573529,0.422618261740699));
#2900=DIRECTION('',(0.542586862448244,0.756244344466685,-0.365641885129049));
#2901=DIRECTION('',(-0.627135801386841,0.654289302573529,0.422618261740699));
#2902=DIRECTION('',(-0.542586862446351,-0.756244344466685,0.365641885131859));
#2903=DIRECTION('',(-0.252733199495569,-0.684151273430348,0.684151273430348));
#2904=DIRECTION('',(0.721928369073,0.691967795441087,0.));
#2905=DIRECTION('',(-2.18426531675863E-15,0.542576545538997,-0.840006364399085));
#2906=DIRECTION('',(0.,0.,-1.));
#2907=DIRECTION('',(-1.,0.,0.));
#2908=DIRECTION('',(0.0612020885858686,-0.236649185645773,0.969665647161908));
#2909=DIRECTION('',(0.,0.971486801075012,0.237093642548762));
#2910=DIRECTION('',(0.250381721394646,-0.968147196242107,-1.75897049202561E-25));
#2911=DIRECTION('',(-0.968147196242108,-0.250381721394646,0.));
#2912=DIRECTION('',(0.,0.,-1.));
#2913=DIRECTION('',(-1.,0.,0.));
#2914=DIRECTION('',(-0.25038172139058,-0.968147196243159,5.32907168871455E-14));
#2915=DIRECTION('',(-0.968147196243159,0.25038172139058,0.));
#2916=DIRECTION('',(-0.0612020885846049,-0.236649185645785,0.969665647161985));
#2917=DIRECTION('',(0.,0.971486801075014,0.237093642548754));
#2918=DIRECTION('',(0.0612020885858686,-0.236649185645773,0.969665647161908));
#2919=DIRECTION('',(-2.01470745965489E-12,0.971486801074983,0.237093642548881));
#2920=DIRECTION('',(0.0612020885858686,-0.236649185645773,0.969665647161908));
#2921=DIRECTION('',(0.0612020885858686,-0.236649185645773,0.969665647161908));
#2922=DIRECTION('',(-0.968147196242107,-0.250381721394646,-6.18399836227518E-14));
#2923=DIRECTION('',(0.250381721394646,-0.968147196242107,-5.79941066749143E-13));
#2924=DIRECTION('',(0.250381721394646,-0.968147196242108,0.));
#2925=DIRECTION('',(8.61562526894931E-14,-8.61562526894932E-14,-1.));
#2926=DIRECTION('',(-0.250381721394646,0.968147196242108,0.));
#2927=DIRECTION('',(-0.250381721394646,0.968147196242107,1.75897049202561E-25));
#2928=DIRECTION('',(-0.0612020885846049,-0.236649185645785,0.969665647161985));
#2929=DIRECTION('',(-2.01470745965504E-12,0.971486801075043,0.237093642548634));
#2930=DIRECTION('',(-0.0612020885846049,-0.236649185645785,0.969665647161985));
#2931=DIRECTION('',(-0.0612020885846049,-0.236649185645785,0.969665647161985));
#2932=DIRECTION('',(5.85742670562543E-14,0.971486801075013,0.237093642548758));
#2933=DIRECTION('',(-1.03384599698742E-13,0.237093642548758,-0.971486801075014));
#2934=DIRECTION('',(5.85742670562543E-14,0.971486801075013,0.237093642548758));
#2935=DIRECTION('',(-1.3815715398963E-13,0.237093642548758,-0.971486801075013));
#2936=DIRECTION('',(-5.72532410834869E-15,-0.237093642548758,0.971486801075013));
#2937=DIRECTION('',(1.,-6.02934254911524E-14,0.));
#2938=DIRECTION('',(-5.72532410834869E-15,-0.237093642548758,0.971486801075013));
#2939=DIRECTION('',(5.85742670562543E-14,0.971486801075013,0.237093642548758));
#2940=DIRECTION('',(-1.3815715398963E-13,0.237093642548758,-0.971486801075013));
#2941=DIRECTION('',(9.76765745738441E-14,-0.237093642548758,0.971486801075013));
#2942=DIRECTION('',(-5.72532410834869E-15,-0.237093642548758,0.971486801075013));
#2943=DIRECTION('',(0.968147196243159,-0.25038172139058,-2.67898388578435E-13));
#2944=DIRECTION('',(-0.25038172139058,-0.968147196243159,-5.26650349861822E-13));
#2945=DIRECTION('',(-3.73239446538521E-13,-3.73239446538521E-13,-1.));
#2946=DIRECTION('',(-0.25038172139058,-0.968147196243159,0.));
#2947=DIRECTION('',(-0.180517647924118,-0.698004845307734,0.692966532175162));
#2948=DIRECTION('',(0.25038172139058,0.968147196243159,-5.32907168871455E-14));
#2949=DIRECTION('',(-0.25038172139058,-0.968147196243159,0.));
#2950=DIRECTION('',(-1.56926056433767E-13,-0.704540909454641,-0.709663375766868));
#2951=DIRECTION('',(7.49764997473846E-14,-0.709663375766868,0.704540909454641));
#2952=DIRECTION('',(-1.56926056433767E-13,-0.704540909454641,-0.709663375766868));
#2953=DIRECTION('',(-0.34239788010266,-0.666767808396291,0.661954969305021));
#2954=DIRECTION('',(-1.56926056433767E-13,-0.704540909454641,-0.709663375766868));
#2955=DIRECTION('',(-0.342397880102644,-0.666767808396296,0.661954969305025));
#2956=DIRECTION('',(-0.25038172139058,-0.968147196243159,5.32907168871455E-14));
#2957=DIRECTION('',(0.968147196243159,-0.25038172139058,-2.46122249094758E-13));
#2958=DIRECTION('',(0.250381721394646,-0.968147196242107,-1.75897049202561E-25));
#2959=DIRECTION('',(-0.968147196242107,-0.250381721394646,-4.00638441390746E-14));
#2960=DIRECTION('',(-1.06418944224796E-13,0.,-1.));
#2961=DIRECTION('',(-1.,0.,1.06418944224796E-13));
#2962=DIRECTION('',(5.22299583724302E-38,-1.,-5.55825702687233E-51));
#2963=DIRECTION('',(1.,1.06418944224796E-13,-1.06418944224796E-13));
#2964=DIRECTION('',(4.19962208960528E-12,-1.,-4.46919348916775E-25));
#2965=DIRECTION('',(1.,1.06418944224796E-13,-1.06418944224796E-13));
#2966=DIRECTION('',(0.707106781186511,5.04870979341448E-29,-0.707106781186585));
#2967=DIRECTION('',(5.22299583724302E-38,-1.,-5.55825702687233E-51));
#2968=DIRECTION('',(-7.139953862333E-29,1.,-2.56217212203604E-45));
#2969=DIRECTION('',(0.707106781186511,5.04870979341448E-29,-0.707106781186585));
#2970=DIRECTION('',(-0.491888822067726,0.718394580609918,-0.491888822067675));
#2971=DIRECTION('',(0.577350269189667,-0.577350269189606,0.577350269189606));
#2972=DIRECTION('',(5.22299583724302E-38,-1.,-5.55825702687233E-51));
#2973=DIRECTION('',(-0.577350269189666,0.577350269189606,-0.577350269189606));
#2974=DIRECTION('',(5.22299583724302E-38,-1.,-5.55825702687233E-51));
#2975=DIRECTION('',(1.06418944224796E-13,0.,1.));
#2976=DIRECTION('',(4.33746195577934E-39,-0.74740931868366,-0.66436383882992));
#2977=DIRECTION('',(0.,-0.66436383882992,0.74740931868366));
#2978=DIRECTION('',(1.46725148476135E-29,-0.986393923832144,-0.164398987305357));
#2979=DIRECTION('',(0.,-0.164398987305357,0.986393923832144));
#2980=DIRECTION('',(-6.3108872417681E-29,0.707106781186547,0.707106781186548));
#2981=DIRECTION('',(-1.,1.79927424960937E-28,0.));
#2982=DIRECTION('',(-0.577350269187119,-0.577350269192031,0.577350269189728));
#2983=DIRECTION('',(-1.,-8.92494232791578E-29,0.));
#2984=DIRECTION('',(0.577350269189666,-0.577350269189606,0.577350269189606));
#2985=DIRECTION('',(-6.3108872417681E-29,0.707106781186547,0.707106781186548));
#2986=DIRECTION('',(-6.31088723438165E-29,-0.707106781186548,0.707106781186547));
#2987=DIRECTION('',(-1.,-1.06418944224796E-13,1.06418944224796E-13));
#2988=DIRECTION('',(-6.3108872417681E-29,0.707106781186547,0.707106781186548));
#2989=DIRECTION('',(5.93916251596141E-12,-0.707106781186548,0.707106781186547));
#2990=DIRECTION('',(1.,1.06418944224796E-13,-1.06418944224796E-13));
#2991=DIRECTION('',(1.06418944224735E-13,-1.,-5.71499572020079E-13));
#2992=DIRECTION('',(1.,8.92494232269279E-29,5.22298970115468E-38));
#2993=DIRECTION('',(8.92494232269279E-29,-1.,0.));
#2994=DIRECTION('',(1.,1.06418944224796E-13,-1.06418944224796E-13));
#2995=DIRECTION('',(-1.06418944224796E-13,0.,-1.));
#2996=DIRECTION('',(0.577350269189666,-0.577350269189606,0.577350269189605));
#2997=DIRECTION('',(-0.707106781186511,-0.707106781186585,0.));
#2998=DIRECTION('',(0.577350269189666,-0.577350269189606,0.577350269189605));
#2999=DIRECTION('',(0.707106781186713,4.04111222820506E-13,-0.707106781186383));
#3000=DIRECTION('',(-0.192450089729879,0.192450089729859,0.962250448649379));
#3001=DIRECTION('',(0.680413817439809,-0.680413817439738,0.272165526975901));
#3002=DIRECTION('',(-0.577350269187119,-0.577350269192031,0.577350269189727));
#3003=DIRECTION('',(-0.707106781186863,-2.56547003516121E-12,-0.707106781186233));
#3004=DIRECTION('',(0.577350269187119,0.577350269192031,-0.577350269189728));
#3005=DIRECTION('',(0.192450089729085,0.192450089730722,0.962250448649365));
#3006=DIRECTION('',(-0.680413817436869,-0.680413817442658,0.272165526975948));
#3007=DIRECTION('',(-0.57735026918463,-0.577350269192124,0.577350269192123));
#3008=DIRECTION('',(0.,0.707106781186547,0.707106781186548));
#3009=DIRECTION('',(3.45206809298158E-12,-0.986393923832144,-0.164398987305357));
#3010=DIRECTION('',(4.83272768859554E-12,-0.164398987305357,0.986393923832144));
#3011=DIRECTION('',(4.19962208960528E-12,-1.,-4.46919348916775E-25));
#3012=DIRECTION('',(1.06418944223771E-13,0.,1.));
#3013=DIRECTION('',(3.48759631635637E-13,-0.74740931868366,-0.66436383882992));
#3014=DIRECTION('',(5.92900820493584E-12,-0.66436383882992,0.74740931868366));
#3015=DIRECTION('',(4.19962208960528E-12,-1.,-4.46919348916775E-25));
#3016=DIRECTION('',(-0.707106781186661,-2.96958125798087E-12,-0.707106781186435));
#3017=DIRECTION('',(4.19962208960528E-12,-1.,-4.46919348916775E-25));
#3018=DIRECTION('',(0.577350269187886,0.577350269190496,-0.577350269190496));
#3019=DIRECTION('',(-0.707106781186661,-2.96958125798087E-12,-0.707106781186435));
#3020=DIRECTION('',(-0.491888822065802,-0.718394580610344,0.491888822068977));
#3021=DIRECTION('',(-4.19962208960483E-12,1.,1.82325745790231E-40));
#3022=DIRECTION('',(0.,0.707106781186548,0.707106781186548));
#3023=DIRECTION('',(1.,0.,0.));
#3024=DIRECTION('',(0.,0.707106781186548,0.707106781186548));
#3025=DIRECTION('',(7.3864315492473E-38,-0.707106781186548,0.707106781186548));
#3026=DIRECTION('',(0.577350269189666,-0.577350269189605,0.577350269189606));
#3027=DIRECTION('',(-0.252733199495569,0.684151273430348,-0.684151273430348));
#3028=DIRECTION('',(1.,0.,0.));
#3029=DIRECTION('',(-0.252733199495569,-0.684151273430348,0.684151273430348));
#3030=DIRECTION('',(0.577350269187886,0.577350269190496,-0.577350269190496));
#3031=DIRECTION('',(0.,0.707106781186548,0.707106781186548));
#3032=DIRECTION('',(5.93916251596142E-12,-0.707106781186548,0.707106781186548));
#3033=DIRECTION('',(1.,1.06418944224796E-13,-1.06418944224796E-13));
#3034=DIRECTION('',(0.627135801386841,0.654289302573529,0.422618261740699));
#3035=DIRECTION('',(0.778909934856967,-0.526798064507466,-0.340269176700303));
#3036=DIRECTION('',(0.721928369073,-0.691967795441087,-3.35353063643429E-17));
#3037=DIRECTION('',(0.627135801386841,0.654289302573529,0.422618261740699));
#3038=DIRECTION('',(-0.542586862448224,0.756244344466685,-0.365641885129079));
#3039=DIRECTION('',(-2.24820162486594E-15,0.542576545539,-0.840006364399083));
#3040=DIRECTION('',(0.721928369073,-0.691967795441087,0.));
#3041=DIRECTION('',(-0.252733199495569,0.684151273430348,-0.684151273430348));
#3042=DIRECTION('',(0.627135801386841,0.654289302573529,0.422618261740699));
#3043=DIRECTION('',(0.542586862448085,-0.756244344466685,0.365641885129286));
#3044=DIRECTION('',(1.,1.21138713423271E-17,-2.6512788637874E-15));
#3045=DIRECTION('',(-2.65127886378741E-15,5.71499572020068E-13,-1.));
#3046=DIRECTION('',(-2.6512788637874E-15,2.6512788637874E-15,-1.));
#3047=DIRECTION('',(1.21138713423271E-17,-1.,0.));
#3048=DIRECTION('',(-2.23366382184422E-15,0.542576545538997,-0.840006364399085));
#3049=DIRECTION('',(1.21138713423271E-17,-1.,0.));
#3050=DIRECTION('',(1.,1.21138713423271E-17,-2.6512788637874E-15));
#3051=DIRECTION('',(-2.65127886378741E-15,5.71499572020068E-13,-1.));
#3052=DIRECTION('',(-2.23366382184421E-15,0.542576545539,-0.840006364399083));
#3053=DIRECTION('',(1.21138713423271E-17,-1.,0.));
#3054=DIRECTION('',(-2.6512788637874E-15,-2.6512788637874E-15,-1.));
#3055=DIRECTION('',(1.21138713423271E-17,-1.,0.));
#3056=DIRECTION('',(0.707106781186548,-0.707106781186547,0.));
#3057=DIRECTION('',(-0.707106781186547,-0.707106781186548,0.));
#3058=DIRECTION('',(-2.6512788637874E-15,-2.6512788637874E-15,-1.));
#3059=DIRECTION('',(-0.707106781186547,-0.707106781186548,0.));
#3060=DIRECTION('',(-3.73239446538521E-13,-3.73239446538521E-13,-1.));
#3061=DIRECTION('',(-0.707106781186547,-0.707106781186548,0.));
#3062=DIRECTION('',(0.707106781186548,0.707106781186547,0.));
#3063=DIRECTION('',(0.707106781186547,-0.707106781186548,0.));
#3064=DIRECTION('',(8.6156252689493E-14,-8.61562526894932E-14,-1.));
#3065=DIRECTION('',(0.707106781186547,-0.707106781186548,0.));
#3066=DIRECTION('',(-2.6512788637874E-15,2.6512788637874E-15,-1.));
#3067=DIRECTION('',(0.707106781186547,-0.707106781186548,0.));
#3068=DIRECTION('',(3.73239446538521E-13,3.73239446538521E-13,1.));
#3069=DIRECTION('',(0.,1.,-3.73239446538521E-13));
#3070=DIRECTION('',(0.,0.,-1.));
#3071=DIRECTION('',(-1.,0.,0.));
#3072=DIRECTION('',(0.,0.,-1.));
#3073=DIRECTION('',(-1.,0.,0.));
#3074=DIRECTION('',(-2.6512788637874E-15,-2.6512788637874E-15,-1.));
#3075=DIRECTION('',(0.,-1.,2.6512788637874E-15));
#3076=DIRECTION('',(0.,0.,-1.));
#3077=DIRECTION('',(-1.,0.,0.));
#3078=DIRECTION('',(0.,0.,-1.));
#3079=DIRECTION('',(-1.,0.,0.));
#3080=DIRECTION('',(-0.252733199495569,-0.684151273430348,0.684151273430348));
#3081=DIRECTION('',(0.,0.707106781186548,0.707106781186548));
#3082=DIRECTION('',(0.684767653859447,-0.031624755986083,0.728074951523984));
#3083=DIRECTION('',(-0.522539829583613,-0.717698159576248,0.460284127729379));
#3084=DIRECTION('',(4.19962208960483E-12,-1.,0.));
#3085=DIRECTION('',(-1.,-4.19962208960483E-12,0.));
#3086=DIRECTION('',(0.659158755190278,-0.606793036548456,-0.444198093481173));
#3087=DIRECTION('',(-0.50319931651036,-0.79485986865378,0.33909915521452));
#3088=DIRECTION('',(4.19999732697843E-12,-1.,2.42861132071643E-27));
#3089=DIRECTION('',(-1.,-4.19999732697843E-12,0.));
#3090=DIRECTION('',(1.,3.99310493528794E-12,2.30897762442761E-27));
#3091=DIRECTION('',(3.99310493528794E-12,-1.,0.));
#3092=DIRECTION('',(-1.,-8.92494232791578E-29,0.));
#3093=DIRECTION('',(-8.92494232791578E-29,1.,0.));
#3094=DIRECTION('',(1.,0.,0.));
#3095=DIRECTION('',(0.,0.,-1.));
#3096=DIRECTION('',(-0.252733199495569,0.684151273430348,-0.684151273430348));
#3097=DIRECTION('',(0.,-0.707106781186548,-0.707106781186548));
#3098=DIRECTION('',(-0.68476765385907,-0.0316247559892263,0.728074951524202));
#3099=DIRECTION('',(-0.522539829585716,0.717698159575683,-0.460284127727873));
#3100=DIRECTION('',(-1.7177016455482E-15,1.,8.0953762212251E-15));
#3101=DIRECTION('',(0.,8.0953762212251E-15,-1.));
#3102=DIRECTION('',(7.139953862333E-29,-1.,0.));
#3103=DIRECTION('',(-1.,-7.139953862333E-29,0.));
#3104=DIRECTION('',(-0.65915875519034,-0.606793036548525,-0.444198093480985));
#3105=DIRECTION('',(0.503199316512149,-0.794859868653727,0.33909915521199));
#3106=DIRECTION('',(8.6156252689493E-14,-8.61562526894932E-14,-1.));
#3107=DIRECTION('',(0.,-1.,8.61562526894932E-14));
#3108=DIRECTION('',(0.,0.,-1.));
#3109=DIRECTION('',(-1.,0.,0.));
#3110=DIRECTION('',(0.,0.,-1.));
#3111=DIRECTION('',(-1.,0.,0.));
#3112=DIRECTION('',(-2.6512788637874E-15,2.6512788637874E-15,-1.));
#3113=DIRECTION('',(0.,-1.,-2.6512788637874E-15));
#3114=DIRECTION('',(0.,0.,-1.));
#3115=DIRECTION('',(-1.,0.,0.));
#3116=DIRECTION('',(0.,0.,-1.));
#3117=DIRECTION('',(-1.,0.,0.));
#3118=DIRECTION('',(2.1889692701953E-15,-0.542576545538997,0.840006364399085));
#3119=DIRECTION('',(0.,0.840006364399085,0.542576545538997));
#3120=DIRECTION('',(2.54673888972466E-16,-0.0631256367090682,0.998005588155735));
#3121=DIRECTION('',(4.03650046562262E-15,-0.998005588155735,-0.0631256367090682));
#3122=DIRECTION('',(-2.23366382184421E-15,0.542576545539,-0.840006364399083));
#3123=DIRECTION('',(0.,-0.840006364399083,-0.542576545539));
#3124=DIRECTION('',(2.59873841040908E-16,-0.0631256367090683,0.998005588155735));
#3125=DIRECTION('',(-4.03650046562262E-15,0.998005588155735,0.0631256367090683));
#3126=DIRECTION('',(0.250381721394646,-0.968147196242108,0.));
#3127=DIRECTION('',(-0.968147196242107,-0.250381721394646,0.));
#3128=DIRECTION('',(0.250381721394646,-0.968147196242108,-7.23806633909989E-17));
#3129=DIRECTION('',(-0.968147196242107,-0.250381721394646,0.));
#3130=DIRECTION('',(0.,0.,-1.));
#3131=DIRECTION('',(-1.,0.,0.));
#3132=DIRECTION('',(0.707106781186547,-0.707106781186549,-1.53329341668338E-15));
#3133=DIRECTION('',(-0.707106781186549,-0.707106781186547,0.));
#3134=DIRECTION('',(-0.707106781186547,0.707106781186548,0.));
#3135=DIRECTION('',(0.707106781186548,0.707106781186547,0.));
#3136=DIRECTION('',(0.707106781186547,-0.707106781186549,1.53329341668338E-15));
#3137=DIRECTION('',(-0.707106781186549,-0.707106781186547,0.));
#3138=DIRECTION('',(0.,0.,-1.));
#3139=DIRECTION('',(-1.,0.,0.));
#3140=DIRECTION('',(0.,-1.,0.));
#3141=DIRECTION('',(0.,0.,1.));
#3142=DIRECTION('',(-1.21138713423271E-17,1.,0.));
#3143=DIRECTION('',(1.,1.21138713423271E-17,0.));
#3144=DIRECTION('',(0.,-1.,0.));
#3145=DIRECTION('',(0.,0.,1.));
#3146=DIRECTION('',(-0.721928369073,-0.691967795441088,-1.50046597421447E-15));
#3147=DIRECTION('',(-0.691967795441088,0.721928369073,0.));
#3148=DIRECTION('',(0.721928369073,0.691967795441087,0.));
#3149=DIRECTION('',(0.691967795441087,-0.721928369073,0.));
#3150=DIRECTION('',(0.721928369073,0.691967795441087,0.));
#3151=DIRECTION('',(0.691967795441087,-0.721928369073,0.));
#3152=DIRECTION('',(-0.702426874116001,-0.70953833620325,0.0561412146069895));
#3153=DIRECTION('',(-0.710659160619031,0.703536464888817,0.));
#3154=DIRECTION('',(-0.569193137233479,-0.593328193371571,0.569193137236156));
#3155=DIRECTION('',(0.,0.692277391518633,0.721631494041216));
#3156=DIRECTION('',(-0.577350269187886,-0.577350269190495,0.577350269190496));
#3157=DIRECTION('',(0.,0.707106781186548,0.707106781186547));
#3158=DIRECTION('',(0.577350269187886,0.577350269190496,-0.577350269190496));
#3159=DIRECTION('',(0.,-0.707106781186548,-0.707106781186548));
#3160=DIRECTION('',(-0.57735026918788,-0.577350269190498,0.577350269190499));
#3161=DIRECTION('',(0.,0.707106781186548,0.707106781186547));
#3162=DIRECTION('',(-1.,-1.06251812903579E-13,1.06251812903579E-13));
#3163=DIRECTION('',(1.06251812903579E-13,0.,1.));
#3164=DIRECTION('',(1.,1.06418944224796E-13,-1.06418944224796E-13));
#3165=DIRECTION('',(-1.06418944224796E-13,0.,-1.));
#3166=DIRECTION('',(-1.,-1.0625181290358E-13,1.0625181290358E-13));
#3167=DIRECTION('',(1.0625181290358E-13,0.,1.));
#3168=DIRECTION('',(-0.577350269189668,0.577350269189604,-0.577350269189605));
#3169=DIRECTION('',(-0.707106781186509,0.,0.707106781186586));
#3170=DIRECTION('',(0.577350269189666,-0.577350269189605,0.577350269189606));
#3171=DIRECTION('',(0.70710678118651,0.,-0.707106781186585));
#3172=DIRECTION('',(-0.577350269189666,0.577350269189605,-0.577350269189606));
#3173=DIRECTION('',(-0.707106781186511,0.,0.707106781186584));
#3174=DIRECTION('',(-0.569048735402224,0.593605149467497,-0.569048735402162));
#3175=DIRECTION('',(0.721880588023252,0.692017641852579,0.));
#3176=DIRECTION('',(-0.702238770739794,0.70968436086014,-0.0566464193078325));
#3177=DIRECTION('',(0.710825731991143,0.703368167277462,0.));
#3178=DIRECTION('',(-0.721928369073006,0.691967795441082,9.13272912136928E-15));
#3179=DIRECTION('',(0.691967795441082,0.721928369073006,0.));
#3180=DIRECTION('',(0.721928369073,-0.691967795441087,0.));
#3181=DIRECTION('',(-0.691967795441087,-0.721928369073,0.));
#3182=DIRECTION('',(0.721928369073,-0.691967795441087,0.));
#3183=DIRECTION('',(-0.691967795441087,-0.721928369073,0.));
#3184=DIRECTION('',(0.,1.,0.));
#3185=DIRECTION('',(0.,0.,-1.));
#3186=DIRECTION('',(1.21138713423271E-17,-1.,0.));
#3187=DIRECTION('',(-1.,-1.21138713423271E-17,0.));
#3188=DIRECTION('',(0.,1.,0.));
#3189=DIRECTION('',(0.,0.,-1.));
#3190=DIRECTION('',(0.,0.,-1.));
#3191=DIRECTION('',(-1.,0.,0.));
#3192=DIRECTION('',(0.707106781186546,0.707106781186549,1.53329341668338E-15));
#3193=DIRECTION('',(0.707106781186549,-0.707106781186547,0.));
#3194=DIRECTION('',(-0.707106781186547,-0.707106781186548,0.));
#3195=DIRECTION('',(-0.707106781186548,0.707106781186547,0.));
#3196=DIRECTION('',(0.707106781186547,0.707106781186549,0.));
#3197=DIRECTION('',(0.707106781186549,-0.707106781186547,0.));
#3198=DIRECTION('',(0.,0.,-1.));
#3199=DIRECTION('',(-1.,0.,0.));
#3200=DIRECTION('',(0.250381721390581,0.968147196243159,2.09933458690517E-15));
#3201=DIRECTION('',(0.968147196243159,-0.250381721390581,0.));
#3202=DIRECTION('',(-0.25038172139058,-0.968147196243159,0.));
#3203=DIRECTION('',(-0.968147196243159,0.25038172139058,0.));
#3204=DIRECTION('',(0.,0.,-1.));
#3205=DIRECTION('',(-1.,0.,0.));
#3206=DIRECTION('',(0.,0.,-1.));
#3207=DIRECTION('',(-1.,0.,0.));
#3208=DIRECTION('',(0.,0.,-1.));
#3209=DIRECTION('',(-1.,0.,0.));
#3210=DIRECTION('',(0.,0.,-1.));
#3211=DIRECTION('',(-1.,0.,0.));
#3212=DIRECTION('',(0.,0.,-1.));
#3213=DIRECTION('',(-1.,0.,0.));
#3214=DIRECTION('',(0.,0.,-1.));
#3215=DIRECTION('',(-1.,0.,0.));
#3216=DIRECTION('',(0.,0.,-1.));
#3217=DIRECTION('',(-1.,0.,0.));
#3218=DIRECTION('',(0.,0.,-1.));
#3219=DIRECTION('',(-1.,0.,0.));
#3220=DIRECTION('',(0.,0.,-1.));
#3221=DIRECTION('',(-1.,0.,0.));
#3222=DIRECTION('',(-0.707106781186548,-8.56580057258088E-18,-0.707106781186548));
#3223=DIRECTION('',(0.707106781186548,8.56580057258088E-18,-0.707106781186548));
#3224=DIRECTION('',(-0.707106781186548,0.,0.707106781186548));
#3225=DIRECTION('',(1.21138713423271E-17,-1.,0.));
#3226=DIRECTION('',(-0.707106781186548,-8.56580057258087E-18,0.707106781186548));
#3227=DIRECTION('',(0.,0.,1.));
#3228=DIRECTION('',(-1.,0.,0.));
#3229=DIRECTION('',(-0.5,0.5,0.707106781186548));
#3230=DIRECTION('',(0.,0.,-1.));
#3231=DIRECTION('',(-1.,0.,0.));
#3232=DIRECTION('',(-0.5,0.5,-0.707106781186548));
#3233=DIRECTION('',(0.5,-0.5,-0.707106781186548));
#3234=DIRECTION('',(-0.5,0.5,0.707106781186548));
#3235=DIRECTION('',(-0.707106781186547,-0.707106781186548,0.));
#3236=DIRECTION('',(0.,0.,-1.));
#3237=DIRECTION('',(-1.,0.,0.));
#3238=DIRECTION('',(-0.684583447650281,0.17704661308044,0.707106781186548));
#3239=DIRECTION('',(0.,0.,-1.));
#3240=DIRECTION('',(-1.,0.,0.));
#3241=DIRECTION('',(-0.684583447650281,0.17704661308044,-0.707106781186548));
#3242=DIRECTION('',(0.684583447650281,-0.17704661308044,-0.707106781186548));
#3243=DIRECTION('',(-0.68458344765012,0.177046613081088,0.707106781186541));
#3244=DIRECTION('',(-0.25038172139058,-0.968147196243159,0.));
#3245=DIRECTION('',(4.26338900257597E-14,0.707106781186548,-0.707106781186548));
#3246=DIRECTION('',(-4.26338900257596E-14,-0.707106781186548,-0.707106781186548));
#3247=DIRECTION('',(-1.,6.02934254911524E-14,0.));
#3248=DIRECTION('',(0.684583447649537,0.177046613083315,0.707106781186548));
#3249=DIRECTION('',(0.684583447649538,0.177046613083315,-0.707106781186548));
#3250=DIRECTION('',(-0.684583447649537,-0.177046613083315,-0.707106781186548));
#3251=DIRECTION('',(0.684583447649537,0.177046613083315,0.707106781186548));
#3252=DIRECTION('',(-0.250381721394646,0.968147196242107,0.));
#3253=DIRECTION('',(0.,0.,-1.));
#3254=DIRECTION('',(-1.,0.,0.));
#3255=DIRECTION('',(0.5,0.5,0.707106781186548));
#3256=DIRECTION('',(0.,0.,-1.));
#3257=DIRECTION('',(-1.,0.,0.));
#3258=DIRECTION('',(0.5,0.5,-0.707106781186548));
#3259=DIRECTION('',(-0.5,-0.5,-0.707106781186548));
#3260=DIRECTION('',(0.5,0.5,0.707106781186548));
#3261=DIRECTION('',(-0.707106781186547,0.707106781186548,0.));
#3262=DIRECTION('',(0.,0.,1.));
#3263=DIRECTION('',(-1.,0.,0.));
#3264=DIRECTION('',(0.707106781186548,8.56580057258087E-18,0.707106781186548));
#3265=DIRECTION('',(0.,0.,-1.));
#3266=DIRECTION('',(-1.,0.,0.));
#3267=DIRECTION('',(0.707106781186548,8.56580057258088E-18,-0.707106781186548));
#3268=DIRECTION('',(-0.707106781186548,-8.56580057258088E-18,-0.707106781186548));
#3269=DIRECTION('',(0.707106781186549,-6.55960915296025E-15,0.707106781186546));
#3270=DIRECTION('',(-1.21138713423271E-17,1.,0.));
#3271=DIRECTION('',(0.489295120519098,-0.510480445302463,-0.707106781186548));
#3272=DIRECTION('',(-0.489295120519098,0.510480445302463,-0.707106781186548));
#3273=DIRECTION('',(0.721928369073,0.691967795441087,0.));
#3274=DIRECTION('',(-0.489295120519098,-0.510480445302463,-0.707106781186548));
#3275=DIRECTION('',(0.489295120519098,0.510480445302463,-0.707106781186548));
#3276=DIRECTION('',(0.721928369073,-0.691967795441087,0.));
#3277=DIRECTION('',(0.,0.,-1.));
#3278=DIRECTION('',(-1.,0.,0.));
#3279=DIRECTION('',(0.,0.,-1.));
#3280=DIRECTION('',(-1.,0.,0.));
#3281=DIRECTION('',(0.,0.,-1.));
#3282=DIRECTION('',(-1.,0.,0.));
#3283=DIRECTION('',(0.,0.,-1.));
#3284=DIRECTION('',(-1.,0.,0.));
#3285=DIRECTION('',(0.,0.,-1.));
#3286=DIRECTION('',(-1.,0.,0.));
#3287=DIRECTION('',(0.,0.,-1.));
#3288=DIRECTION('',(-1.,0.,0.));
#3289=DIRECTION('',(0.,0.,-1.));
#3290=DIRECTION('',(-1.,0.,0.));
#3291=DIRECTION('',(0.,0.,1.));
#3292=DIRECTION('',(1.,0.,0.));
#3293=DIRECTION('',(0.,0.,1.));
#3294=DIRECTION('',(1.,0.,0.));
#3295=DIRECTION('',(0.,0.,1.));
#3296=DIRECTION('',(1.,0.,0.));
#3297=DIRECTION('',(-1.,2.4147944444259E-14,5.88103188191851E-27));
#3298=DIRECTION('',(2.4147944444259E-14,1.,0.));
#3299=DIRECTION('',(2.4147944444259E-14,1.,2.43270045569803E-13));
#3300=DIRECTION('',(-5.72532410834869E-15,-0.237093642548758,0.971486801075013));
#3301=DIRECTION('',(-1.,2.4147944444259E-14,5.88103188191851E-27));
#3302=DIRECTION('',(2.4147944444259E-14,1.,0.));
#3303=DIRECTION('',(2.4147944444259E-14,1.,0.));
#3304=DIRECTION('',(6.56033654657135E-30,-2.43270045569803E-13,1.));
#3305=DIRECTION('',(-1.,2.4147944444259E-14,5.88103188191851E-27));
#3306=DIRECTION('',(2.4147944444259E-14,1.,0.));
#3307=DIRECTION('',(-1.,2.4147944444259E-14,5.88103188191851E-27));
#3308=DIRECTION('',(2.4147944444259E-14,1.,0.));
#3309=DIRECTION('',(-5.72532410834869E-15,-0.237093642548758,0.971486801075013));
#3310=DIRECTION('',(2.4147944444259E-14,1.,2.43270045569803E-13));
#3311=DIRECTION('',(6.56033654657135E-30,-2.43270045569803E-13,1.));
#3312=DIRECTION('',(2.4147944444259E-14,1.,0.));
#3313=DIRECTION('',(2.4147944444259E-14,1.,2.43270045569803E-13));
#3314=DIRECTION('',(1.,-2.4147944444259E-14,-5.87447154537194E-27));
#3315=DIRECTION('',(2.4147944444259E-14,1.,2.43270045569803E-13));
#3316=DIRECTION('',(0.,2.43270045569803E-13,-1.));
#3317=DIRECTION('',(2.4147944444259E-14,1.,2.43270045569803E-13));
#3318=DIRECTION('',(0.,2.43270045569803E-13,-1.));
#3319=DIRECTION('',(2.4147944444259E-14,1.,2.43270045569803E-13));
#3320=DIRECTION('',(0.,2.43270045569803E-13,-1.));
#3321=DIRECTION('',(1.,-2.4147944444259E-14,0.));
#3322=DIRECTION('',(6.56033654657135E-30,-2.43270045569803E-13,1.));
#3323=DIRECTION('',(2.4147944444259E-14,1.,2.43270045569803E-13));
#3324=DIRECTION('',(0.,2.43270045569803E-13,-1.));
#3325=DIRECTION('',(6.56033654657135E-30,-2.43270045569803E-13,1.));
#3326=DIRECTION('',(1.,-2.4147944444259E-14,0.));
#3327=DIRECTION('',(2.4147944444259E-14,1.,2.43270045569803E-13));
#3328=DIRECTION('',(0.,2.43270045569803E-13,-1.));
#3329=DIRECTION('',(-6.06807260091624E-14,-0.967746452136764,-0.251926188350291));
#3330=DIRECTION('',(-1.3709975329406E-13,0.251926188350291,-0.967746452136764));
#3331=DIRECTION('',(2.4147944444259E-14,1.,2.43270045569803E-13));
#3332=DIRECTION('',(0.,2.43270045569803E-13,-1.));
#3333=DIRECTION('',(-1.,2.4147944444259E-14,5.88103188191851E-27));
#3334=DIRECTION('',(2.4147944444259E-14,1.,0.));
#3335=DIRECTION('',(2.4147944444259E-14,1.,0.));
#3336=DIRECTION('',(6.56033654657135E-30,-2.43270045569803E-13,1.));
#3337=DIRECTION('',(2.4147944444259E-14,1.,2.43270045569803E-13));
#3338=DIRECTION('',(-5.72532410834869E-15,-0.237093642548758,0.971486801075013));
#3339=DIRECTION('',(-1.,2.4147944444259E-14,5.88103188191851E-27));
#3340=DIRECTION('',(2.4147944444259E-14,1.,0.));
#3341=DIRECTION('',(-1.,2.41479444442331E-14,1.06436750934518E-13));
#3342=DIRECTION('',(1.06436750934518E-13,0.,1.));
#3343=DIRECTION('',(2.4147944444259E-14,1.,2.43270045569803E-13));
#3344=DIRECTION('',(1.06436750934512E-13,-2.43270045569805E-13,1.));
#3345=DIRECTION('',(2.41479444442331E-14,1.,0.));
#3346=DIRECTION('',(-1.,2.41479444442331E-14,1.06436750934518E-13));
#3347=DIRECTION('',(1.06436750934518E-13,0.,1.));
#3348=DIRECTION('',(9.76765745738441E-14,-0.237093642548758,0.971486801075013));
#3349=DIRECTION('',(2.4147944444259E-14,1.,2.43270045569803E-13));
#3350=DIRECTION('',(1.,-2.4147944444259E-14,-5.87447154537194E-27));
#3351=DIRECTION('',(1.06436750934512E-13,-2.43270045569805E-13,1.));
#3352=DIRECTION('',(2.4147944444259E-14,1.,2.43270045569803E-13));
#3353=DIRECTION('',(0.,2.43270045569803E-13,-1.));
#3354=DIRECTION('',(6.56033654657135E-30,-2.43270045569803E-13,1.));
#3355=DIRECTION('',(1.,-2.4147944444259E-14,0.));
#3356=DIRECTION('',(2.4147944444259E-14,1.,2.43270045569803E-13));
#3357=DIRECTION('',(0.,2.43270045569803E-13,-1.));
#3358=DIRECTION('',(2.4147944444259E-14,1.,2.43270045569803E-13));
#3359=DIRECTION('',(0.,2.43270045569803E-13,-1.));
#3360=DIRECTION('',(2.4147944444259E-14,1.,2.43270045569803E-13));
#3361=DIRECTION('',(0.,2.43270045569803E-13,-1.));
#3362=DIRECTION('',(1.,-2.4147944444259E-14,0.));
#3363=DIRECTION('',(2.4147944444259E-14,1.,2.43270045569803E-13));
#3364=DIRECTION('',(0.,2.43270045569803E-13,-1.));
#3365=DIRECTION('',(2.4147944444259E-14,1.,2.43270045569803E-13));
#3366=DIRECTION('',(0.,2.43270045569803E-13,-1.));
#3367=DIRECTION('',(-6.06807260091624E-14,-0.967746452136764,-0.251926188350291));
#3368=DIRECTION('',(-1.3709975329406E-13,0.251926188350291,-0.967746452136764));
#3369=DIRECTION('',(2.4147944444259E-14,1.,2.43270045569803E-13));
#3370=DIRECTION('',(0.,2.43270045569803E-13,-1.));
#3371=DIRECTION('',(2.4147944444259E-14,1.,2.43270045569803E-13));
#3372=DIRECTION('',(0.,2.43270045569803E-13,-1.));
#3373=DIRECTION('',(9.09665033171485E-14,-1.,-8.67361738026996E-15));
#3374=DIRECTION('',(-1.,-9.09665033171485E-14,0.));
#3375=DIRECTION('',(-0.915033930803669,-7.30409884621814E-14,0.403376877718574));
#3376=DIRECTION('',(0.403376877718574,0.,0.915033930803669));
#3377=DIRECTION('',(-0.395205486292852,0.200261223283429,-0.896497666507312));
#3378=DIRECTION('',(-0.915033930803662,0.,0.40337687771859));
#3379=DIRECTION('',(-0.288432011705557,-0.699079968875329,0.654289058246242));
#3380=DIRECTION('',(0.,0.683330339089878,0.730109339537108));
#3381=DIRECTION('',(0.915033930803858,-1.1686558153949E-13,0.403376877718147));
#3382=DIRECTION('',(0.403376877718147,0.,-0.915033930803858));
#3383=DIRECTION('',(4.64265906941654E-12,1.,-1.02305316995277E-11));
#3384=DIRECTION('',(0.,-1.02305316995277E-11,-1.));
#3385=DIRECTION('',(2.4147944444259E-14,1.,2.43270045569803E-13));
#3386=DIRECTION('',(0.,2.43270045569803E-13,-1.));
#3387=DIRECTION('',(2.4147944444259E-14,1.,2.43270045569803E-13));
#3388=DIRECTION('',(0.,2.43270045569803E-13,-1.));
#3389=DIRECTION('',(2.4147944444259E-14,1.,2.43270045569803E-13));
#3390=DIRECTION('',(0.,2.43270045569803E-13,-1.));
#3391=DIRECTION('',(2.4147944444259E-14,1.,2.43270045569803E-13));
#3392=DIRECTION('',(0.,2.43270045569803E-13,-1.));
#3393=DIRECTION('',(8.81388045245834E-14,-1.,-4.33680869014359E-15));
#3394=DIRECTION('',(-1.,-8.81388045245835E-14,0.));
#3395=DIRECTION('',(-0.915033930804657,-7.30409884621814E-14,0.403376877716333));
#3396=DIRECTION('',(0.403376877716333,0.,0.915033930804658));
#3397=DIRECTION('',(-0.288432011704414,0.699079968874877,-0.654289058247229));
#3398=DIRECTION('',(0.,-0.683330339090663,-0.730109339536374));
#3399=DIRECTION('',(-0.395205486290843,-0.20026122328632,0.896497666507552));
#3400=DIRECTION('',(0.915033930804459,0.,0.403376877716783));
#3401=DIRECTION('',(0.915033930804469,-1.1686558153949E-13,0.403376877716759));
#3402=DIRECTION('',(0.40337687771676,0.,-0.91503393080447));
#3403=DIRECTION('',(-4.18797783940217E-12,1.,9.80118763922963E-12));
#3404=DIRECTION('',(0.,9.80118763922963E-12,-1.));
#3405=DIRECTION('',(2.4147944444259E-14,1.,2.43270045569803E-13));
#3406=DIRECTION('',(0.,2.43270045569803E-13,-1.));
#3407=DIRECTION('',(2.4147944444259E-14,1.,2.43270045569803E-13));
#3408=DIRECTION('',(0.,2.43270045569803E-13,-1.));
#3409=DIRECTION('',(-1.,2.4147944444259E-14,0.));
#3410=DIRECTION('',(2.4147944444259E-14,1.,0.));
#3411=DIRECTION('',(-1.,2.60208521396522E-14,0.));
#3412=DIRECTION('',(2.60208521396522E-14,1.,0.));
#3413=DIRECTION('',(1.,-2.60208521396522E-14,1.1284745767894E-28));
#3414=DIRECTION('',(-2.60208521396522E-14,-1.,0.));
#3415=DIRECTION('',(2.4147944444259E-14,1.,0.));
#3416=DIRECTION('',(1.,-2.4147944444259E-14,0.));
#3417=DIRECTION('',(2.60208521396518E-14,1.,0.));
#3418=DIRECTION('',(1.,-2.60208521396518E-14,0.));
#3419=DIRECTION('',(-2.6020852139652E-14,-1.,-2.25694915357878E-28));
#3420=DIRECTION('',(-1.,2.6020852139652E-14,0.));
#3421=DIRECTION('',(2.4147944444259E-14,1.,2.43270045569803E-13));
#3422=DIRECTION('',(0.,2.43270045569803E-13,-1.));
#3423=DIRECTION('',(-0.40337687772793,2.32722527842177E-13,-0.915033930799545));
#3424=DIRECTION('',(-0.915033930799545,0.,0.40337687772793));
#3425=DIRECTION('',(0.,0.,-1.));
#3426=DIRECTION('',(-1.,0.,0.));
#3427=DIRECTION('',(0.,0.,-1.));
#3428=DIRECTION('',(-1.,0.,0.));
#3429=DIRECTION('',(-1.,2.4147944444259E-14,5.88103188191851E-27));
#3430=DIRECTION('',(2.4147944444259E-14,1.,0.));
#3431=DIRECTION('',(6.16937861601231E-15,0.237093642548753,-0.971486801075014));
#3432=DIRECTION('',(0.,-0.971486801075014,-0.237093642548753));
#3433=DIRECTION('',(2.4147944444259E-14,1.,2.43270045569803E-13));
#3434=DIRECTION('',(0.,2.43270045569803E-13,-1.));
#3435=DIRECTION('',(-0.403376877727933,-2.15228844355654E-13,0.915033930799544));
#3436=DIRECTION('',(0.915033930799544,0.,0.403376877727933));
#3437=DIRECTION('',(6.56033654657135E-30,-2.43270045569803E-13,1.));
#3438=DIRECTION('',(0.,1.,2.43270045569803E-13));
#3439=DIRECTION('',(-6.31945763002061E-27,-2.42861286636753E-13,1.));
#3440=DIRECTION('',(0.,1.,2.42861286636753E-13));
#3441=DIRECTION('',(5.72532410834869E-15,0.237093642548758,-0.971486801075013));
#3442=DIRECTION('',(0.,-0.971486801075013,-0.237093642548758));
#3443=DIRECTION('',(6.16937861601274E-15,0.237093642548758,-0.971486801075013));
#3444=DIRECTION('',(0.,-0.971486801075013,-0.237093642548758));
#3445=DIRECTION('',(2.4147944444259E-14,1.,2.43270045569803E-13));
#3446=DIRECTION('',(0.,2.43270045569803E-13,-1.));
#3447=DIRECTION('',(1.,-1.73472347597681E-14,-5.34144633013649E-27));
#3448=DIRECTION('',(-1.73472347597681E-14,-1.,0.));
#3449=DIRECTION('',(2.4147944444259E-14,1.,2.43270045569803E-13));
#3450=DIRECTION('',(0.,2.43270045569803E-13,-1.));
#3451=DIRECTION('',(6.31945763002067E-27,2.42861286636753E-13,-1.));
#3452=DIRECTION('',(0.,-1.,-2.42861286636753E-13));
#3453=DIRECTION('',(-6.11926195415066E-15,-0.237093642548758,0.971486801075013));
#3454=DIRECTION('',(0.,0.971486801075013,0.237093642548758));
#3455=DIRECTION('',(-1.,2.4147944444259E-14,0.));
#3456=DIRECTION('',(2.4147944444259E-14,1.,0.));
#3457=DIRECTION('',(1.,-1.73472347597681E-14,0.));
#3458=DIRECTION('',(-1.73472347597681E-14,-1.,0.));
#3459=DIRECTION('',(-6.56033654657135E-30,2.43270045569803E-13,-1.));
#3460=DIRECTION('',(0.,-1.,-2.43270045569803E-13));
#3461=DIRECTION('',(0.,0.,-1.));
#3462=DIRECTION('',(-1.,0.,0.));
#3463=DIRECTION('',(-5.72532410834869E-15,-0.237093642548758,0.971486801075013));
#3464=DIRECTION('',(0.,0.971486801075013,0.237093642548758));
#3465=DIRECTION('',(-1.95622621494665E-15,-0.237093642548758,0.971486801075013));
#3466=DIRECTION('',(0.,0.971486801075013,0.237093642548758));
#3467=DIRECTION('',(0.,0.,-1.));
#3468=DIRECTION('',(-1.,0.,0.));
#3469=DIRECTION('',(-2.60208521396523E-14,-1.,0.));
#3470=DIRECTION('',(-1.,2.60208521396523E-14,0.));
#3471=DIRECTION('',(-1.,2.4147944444259E-14,5.88103188191851E-27));
#3472=DIRECTION('',(2.4147944444259E-14,1.,0.));
#3473=DIRECTION('',(-2.60208521396532E-14,-1.,0.));
#3474=DIRECTION('',(-1.,2.60208521396532E-14,0.));
#3475=DIRECTION('',(-2.4147944444259E-14,-1.,0.));
#3476=DIRECTION('',(-1.,2.4147944444259E-14,0.));
#3477=DIRECTION('',(5.72532410834869E-15,0.237093642548758,-0.971486801075013));
#3478=DIRECTION('',(0.,-0.971486801075013,-0.237093642548758));
#3479=DIRECTION('',(6.11926195415066E-15,0.237093642548758,-0.971486801075013));
#3480=DIRECTION('',(0.,-0.971486801075013,-0.237093642548758));
#3481=DIRECTION('',(-6.16937861601263E-15,-0.237093642548751,0.971486801075015));
#3482=DIRECTION('',(0.,0.971486801075015,0.237093642548751));
#3483=DIRECTION('',(-1.,2.4147944444259E-14,5.88103188191851E-27));
#3484=DIRECTION('',(2.4147944444259E-14,1.,0.));
#3485=DIRECTION('',(-2.60208521396523E-14,-1.,1.35416949214728E-27));
#3486=DIRECTION('',(-1.,2.60208521396523E-14,0.));
#3487=DIRECTION('',(9.69526218863827E-14,-0.237093642548758,0.971486801075013));
#3488=DIRECTION('',(0.,0.971486801075013,0.237093642548758));
#3489=DIRECTION('',(2.4147944444259E-14,1.,2.43270045569803E-13));
#3490=DIRECTION('',(0.,2.43270045569803E-13,-1.));
#3491=DIRECTION('',(-0.403376877726121,2.29223791145035E-13,-0.915033930800342));
#3492=DIRECTION('',(-0.915033930800343,0.,0.403376877726121));
#3493=DIRECTION('',(-1.,1.73472347597677E-14,4.21297175334698E-27));
#3494=DIRECTION('',(1.73472347597677E-14,1.,0.));
#3495=DIRECTION('',(-1.,2.4147944444259E-14,0.));
#3496=DIRECTION('',(2.4147944444259E-14,1.,0.));
#3497=DIRECTION('',(-1.,1.73472347597681E-14,0.));
#3498=DIRECTION('',(1.73472347597681E-14,1.,0.));
#3499=DIRECTION('',(2.4147944444259E-14,1.,0.));
#3500=DIRECTION('',(1.,-2.4147944444259E-14,0.));
#3501=DIRECTION('',(-2.60208521396523E-14,-1.,-4.51389830715761E-28));
#3502=DIRECTION('',(-1.,2.60208521396523E-14,0.));
#3503=DIRECTION('',(9.76765745738441E-14,-0.237093642548758,0.971486801075013));
#3504=DIRECTION('',(0.,0.971486801075013,0.237093642548758));
#3505=DIRECTION('',(9.915943141064E-14,-0.237093642548758,0.971486801075013));
#3506=DIRECTION('',(0.,0.971486801075013,0.237093642548758));
#3507=DIRECTION('',(2.4147944444259E-14,1.,2.43270045569803E-13));
#3508=DIRECTION('',(0.,2.43270045569803E-13,-1.));
#3509=DIRECTION('',(-0.403376877726117,-2.11730107658591E-13,0.915033930800344));
#3510=DIRECTION('',(0.915033930800344,0.,0.403376877726117));
#3511=DIRECTION('',(0.,0.,-1.));
#3512=DIRECTION('',(-1.,0.,0.));
#3513=DIRECTION('',(0.,0.,-1.));
#3514=DIRECTION('',(-1.,0.,0.));
#3515=DIRECTION('',(-1.,2.41479444442331E-14,1.06436750934518E-13));
#3516=DIRECTION('',(1.06436750934518E-13,0.,1.));
#3517=DIRECTION('',(-2.60208521396552E-14,-1.,0.));
#3518=DIRECTION('',(-1.,2.60208521396552E-14,0.));
#3519=DIRECTION('',(2.4147944444259E-14,1.,2.43270045569803E-13));
#3520=DIRECTION('',(0.,2.43270045569803E-13,-1.));
#3521=DIRECTION('',(1.,-2.60208521396522E-14,-6.88369491841533E-27));
#3522=DIRECTION('',(-2.60208521396522E-14,-1.,0.));
#3523=DIRECTION('',(6.56033654657135E-30,-2.43270045569803E-13,1.));
#3524=DIRECTION('',(0.,1.,2.43270045569803E-13));
#3525=DIRECTION('',(-6.31945763002067E-27,-2.42861286636753E-13,1.));
#3526=DIRECTION('',(0.,1.,2.42861286636753E-13));
#3527=DIRECTION('',(-2.41479444442331E-14,-1.,0.));
#3528=DIRECTION('',(-1.,2.41479444442331E-14,0.));
#3529=DIRECTION('',(-2.6020852139652E-14,-1.,0.));
#3530=DIRECTION('',(-1.,2.6020852139652E-14,0.));
#3531=DIRECTION('',(-1.,2.4147944444259E-14,0.));
#3532=DIRECTION('',(2.4147944444259E-14,1.,0.));
#3533=DIRECTION('',(1.,-2.60208521396522E-14,0.));
#3534=DIRECTION('',(-2.60208521396522E-14,-1.,0.));
#3535=DIRECTION('',(2.4147944444259E-14,1.,2.43270045569803E-13));
#3536=DIRECTION('',(0.,2.43270045569803E-13,-1.));
#3537=DIRECTION('',(3.5546949168866E-27,1.36609473733174E-13,-1.));
#3538=DIRECTION('',(0.,-1.,-1.36609473733174E-13));
#3539=DIRECTION('',(0.,0.,-1.));
#3540=DIRECTION('',(-1.,0.,0.));
#3541=DIRECTION('',(0.,0.,-1.));
#3542=DIRECTION('',(-1.,0.,0.));
#3543=DIRECTION('',(-1.06436750934512E-13,2.43270045569805E-13,-1.));
#3544=DIRECTION('',(0.,-1.,-2.43270045569805E-13));
#3545=CARTESIAN_POINT('',(0.,0.,0.));
#3546=CARTESIAN_POINT('',(-4.99552056119747,-5.48181172713489,7.3));
#3547=CARTESIAN_POINT('',(4.85722573273506E-13,-5.72458747072347E-14,7.3));
#3548=CARTESIAN_POINT('',(-2.59999999999951,-5.72458747072347E-14,7.3));
#3549=CARTESIAN_POINT('',(13.3966873944024,7.14999785589366,7.3));
#3550=CARTESIAN_POINT('',(12.9966873944024,7.14999785589367,7.3));
#3551=CARTESIAN_POINT('',(13.3966873944024,6.74999785589366,7.3));
#3552=CARTESIAN_POINT('',(12.9966873944021,-5.48181172713532,7.3));
#3553=CARTESIAN_POINT('',(12.9966873944026,12.8278508040381,7.3));
#3554=CARTESIAN_POINT('',(-4.99552056119637,12.8278508040392,7.3));
#3555=CARTESIAN_POINT('',(-13.003313063625,12.8278508040397,7.3));
#3556=CARTESIAN_POINT('',(-13.0033130636252,6.94999785589425,7.3));
#3557=CARTESIAN_POINT('',(-13.0033130636252,7.14999785589429,7.3));
#3558=CARTESIAN_POINT('',(-13.4033130636252,7.1499978558943,7.3));
#3559=CARTESIAN_POINT('',(-13.4033130636252,6.74999785589431,7.3));
#3560=CARTESIAN_POINT('',(-14.4647485951046,6.74999785589433,7.3));
#3561=CARTESIAN_POINT('',(-14.4647485951046,6.74999785589433,7.3));
#3562=CARTESIAN_POINT('',(-14.4647485951049,-5.48181172713466,7.3));
#3563=CARTESIAN_POINT('',(-14.4647485950973,-16.7754921855347,7.3));
#3564=CARTESIAN_POINT('',(-15.1713423525239,-16.0982226037523,7.3));
#3565=CARTESIAN_POINT('',(-13.4979064961559,-17.7022096057176,7.3));
#3566=CARTESIAN_POINT('',(-13.4979064961559,-16.5914213563555,7.3));
#3567=CARTESIAN_POINT('',(-13.497906496156,-17.4701010127957,7.3));
#3568=CARTESIAN_POINT('',(-5.01262512191693,-21.7127416999152,7.3));
#3569=CARTESIAN_POINT('',(-9.25526580903665,-13.2274603256766,7.3));
#3570=CARTESIAN_POINT('',(10.1339454654197,-13.2274603256767,7.3));
#3571=CARTESIAN_POINT('',(9.25526580897481,-13.2274603256767,7.3));
#3572=CARTESIAN_POINT('',(5.01262512189165,-21.712741699895,7.3));
#3573=CARTESIAN_POINT('',(13.4979064961111,-17.4701010127418,7.3));
#3574=CARTESIAN_POINT('',(13.4979064961206,-19.7653181473573,7.3));
#3575=CARTESIAN_POINT('',(13.497906496112,-17.7045298041328,7.3));
#3576=CARTESIAN_POINT('',(9.96536490257706,-21.0904682483043,7.3));
#3577=CARTESIAN_POINT('',(14.4581229258827,-16.7841630828361,7.3));
#3578=CARTESIAN_POINT('',(14.458122925883,-5.48181172713536,7.3));
#3579=CARTESIAN_POINT('',(14.4581229258833,6.74999785589358,7.3));
#3580=CARTESIAN_POINT('',(13.1966873944024,6.74999785589366,7.3));
#3581=CARTESIAN_POINT('',(134.806046488775,12.8278508040308,6.3));
#3582=CARTESIAN_POINT('',(12.9966873944026,12.8278508040381,6.3));
#3583=CARTESIAN_POINT('',(12.9966873944026,13.7993376051131,6.53709364254876));
#3584=CARTESIAN_POINT('',(134.806046488775,13.7993376051058,6.53709364254876));
#3585=CARTESIAN_POINT('',(-13.003313063625,13.7993376051147,6.53709364254876));
#3586=CARTESIAN_POINT('',(-13.0033130636252,12.8278508040397,6.3));
#3587=CARTESIAN_POINT('',(-4.99552056119747,-5.48181172713489,7.3));
#3588=CARTESIAN_POINT('',(21.7512105977401,-5.72764908772133E-14,7.3));
#3589=CARTESIAN_POINT('',(19.6512105977401,-5.72764908772133E-14,7.3));
#3590=CARTESIAN_POINT('',(-4.99552056119637,12.8278508040392,7.3));
#3591=CARTESIAN_POINT('',(19.3966873944026,12.8278508040377,7.3));
#3592=CARTESIAN_POINT('',(21.1712969904914,12.8278508040376,7.3));
#3593=CARTESIAN_POINT('',(19.3966873944025,6.94999785589346,7.3));
#3594=CARTESIAN_POINT('',(19.3966873944025,7.14999785589351,7.3));
#3595=CARTESIAN_POINT('',(18.9966873944024,7.14999785589352,7.3));
#3596=CARTESIAN_POINT('',(18.9966873944024,6.74999785589352,7.3));
#3597=CARTESIAN_POINT('',(17.9352518629216,6.74999785589355,7.3));
#3598=CARTESIAN_POINT('',(17.9352518629216,6.74999785589349,7.3));
#3599=CARTESIAN_POINT('',(17.9352518629213,-5.48181172713544,7.3));
#3600=CARTESIAN_POINT('',(17.9352518629293,-13.4513376279754,7.3));
#3601=CARTESIAN_POINT('',(9.96536490257706,-21.0904682483043,7.3));
#3602=CARTESIAN_POINT('',(25.4250176375183,-6.27240280087151,7.3));
#3603=CARTESIAN_POINT('',(23.7944645539126,-3.86150936427611,7.3));
#3604=CARTESIAN_POINT('',(26.3944645539126,-3.86150936427611,7.3));
#3605=CARTESIAN_POINT('',(26.3944645539126,2.46195060887323,7.3));
#3606=CARTESIAN_POINT('',(26.3944645539126,2.46195060887323,7.3));
#3607=CARTESIAN_POINT('',(23.7944645539126,2.46195060887323,7.3));
#3608=CARTESIAN_POINT('',(25.6329421849976,4.30042823995826,7.3));
#3609=CARTESIAN_POINT('',(24.0809578801478,5.85241254480799,7.3));
#3610=CARTESIAN_POINT('',(24.0809578801479,5.85241254480796,7.3));
#3611=CARTESIAN_POINT('',(26.4851209361821,8.25657560084222,7.3));
#3612=CARTESIAN_POINT('',(23.193420468959,7.40527774810042,7.3));
#3613=CARTESIAN_POINT('',(24.5501398569579,2.15927151305192,7.3));
#3614=CARTESIAN_POINT('',(23.0812522911505,7.83899673624379,7.3));
#3615=CARTESIAN_POINT('',(-4.99552056125353,7.83899673612565,7.3));
#3616=CARTESIAN_POINT('',(22.4615120953373,7.83899673624119,7.3));
#3617=CARTESIAN_POINT('',(22.8867829614912,6.19460727585478,7.3));
#3618=CARTESIAN_POINT('',(134.806046488775,12.8278508040308,6.3));
#3619=CARTESIAN_POINT('',(134.806046488775,13.7993376051058,6.53709364254876));
#3620=CARTESIAN_POINT('',(21.1712969904915,13.7993376051126,6.53709364254876));
#3621=CARTESIAN_POINT('',(19.3966873944026,13.7993376051127,6.53709364254876));
#3622=CARTESIAN_POINT('',(19.3966873944026,12.8278508040377,6.3));
#3623=CARTESIAN_POINT('',(21.1712969904914,12.8278508040376,6.3));
#3624=CARTESIAN_POINT('',(-16.2033130636276,-89.8674078860819,6.13358393232038));
#3625=CARTESIAN_POINT('',(-14.8307621674271,-89.867407886082,6.73864924890955));
#3626=CARTESIAN_POINT('',(-14.8307621674191,-16.7754921855346,6.7386492489133));
#3627=CARTESIAN_POINT('',(-14.8307621674248,6.74999785589443,6.73864924893306));
#3628=CARTESIAN_POINT('',(-16.2033130636253,6.74999785589464,6.13358393234388));
#3629=CARTESIAN_POINT('',(-17.5758639598258,6.74999785589451,6.73864924893306));
#3630=CARTESIAN_POINT('',(-17.5758639598281,-89.867407886082,6.73864924890955));
#3631=CARTESIAN_POINT('',(-17.5758639598263,-13.4426667306638,6.73864924892815));
#3632=CARTESIAN_POINT('',(-16.2033130636258,-14.6140363250218,6.13358393233868));
#3633=CARTESIAN_POINT('',(16.1966873944001,-89.8674078860826,6.13358393231693));
#3634=CARTESIAN_POINT('',(17.5692382905994,-89.8674078860828,6.73864924890883));
#3635=CARTESIAN_POINT('',(17.5692382906077,-13.4513376279754,6.73864924891274));
#3636=CARTESIAN_POINT('',(17.5692382906018,6.74999785589365,6.73864924893233));
#3637=CARTESIAN_POINT('',(16.1966873944024,6.74999785589385,6.13358393234044));
#3638=CARTESIAN_POINT('',(14.8241364982031,6.74999785589372,6.73864924893233));
#3639=CARTESIAN_POINT('',(14.8241364982008,-89.8674078860828,6.73864924890883));
#3640=CARTESIAN_POINT('',(14.8241364982025,-16.7841630828435,6.73864924892661));
#3641=CARTESIAN_POINT('',(16.1966873944019,-14.6227072223298,6.13358393233524));
#3642=CARTESIAN_POINT('',(-4.99552056119747,-5.48181172713489,7.3));
#3643=CARTESIAN_POINT('',(-21.7487894022598,-1.47573232263047E-11,7.3));
#3644=CARTESIAN_POINT('',(-23.8487894022599,-1.47573232263047E-11,7.3));
#3645=CARTESIAN_POINT('',(-17.9418775321463,-5.48181172713457,7.3));
#3646=CARTESIAN_POINT('',(-17.9418775321464,-13.4426667306717,7.3));
#3647=CARTESIAN_POINT('',(-17.941877532146,6.74999785589436,7.3));
#3648=CARTESIAN_POINT('',(-19.2033130636253,6.74999785589445,7.3));
#3649=CARTESIAN_POINT('',(-19.0033130636252,6.74999785589444,7.3));
#3650=CARTESIAN_POINT('',(-19.0033130636252,7.14999785589444,7.3));
#3651=CARTESIAN_POINT('',(-19.4033130636252,7.14999785589445,7.3));
#3652=CARTESIAN_POINT('',(-19.4033130636255,-5.48181172713454,7.3));
#3653=CARTESIAN_POINT('',(-19.4033130636251,12.8278508040401,7.3));
#3654=CARTESIAN_POINT('',(-4.99552056119637,12.8278508040392,7.3));
#3655=CARTESIAN_POINT('',(-21.1712969906377,12.8278508040402,7.3));
#3656=CARTESIAN_POINT('',(-22.8867829616333,6.19460727575863,7.3000000000049));
#3657=CARTESIAN_POINT('',(-22.4615150770272,7.83899673615165,7.3));
#3658=CARTESIAN_POINT('',(-10.1265107360825,7.8389967361489,7.3));
#3659=CARTESIAN_POINT('',(-23.0812522912985,7.83899673615178,7.3));
#3660=CARTESIAN_POINT('',(-25.1764882800944,-0.262620413672616,7.3));
#3661=CARTESIAN_POINT('',(-23.1934204691208,7.40527774794794,7.3));
#3662=CARTESIAN_POINT('',(-26.4851209363475,8.25657560067591,7.3));
#3663=CARTESIAN_POINT('',(-24.0809578803132,5.85241254464165,7.3));
#3664=CARTESIAN_POINT('',(-20.2053513566437,9.72801906831125,7.3));
#3665=CARTESIAN_POINT('',(-25.6305215275069,4.302848897448,7.3));
#3666=CARTESIAN_POINT('',(-23.7920438964218,2.46437126636298,7.3));
#3667=CARTESIAN_POINT('',(-26.3920438964218,2.46437126636298,7.3));
#3668=CARTESIAN_POINT('',(-26.3920438964218,-5.48181172713489,7.3));
#3669=CARTESIAN_POINT('',(-26.3920438964218,-3.86150936427605,7.3));
#3670=CARTESIAN_POINT('',(-23.7920438964218,-3.86150936427606,7.3));
#3671=CARTESIAN_POINT('',(-25.4225969800277,-6.27240280087146,7.3));
#3672=CARTESIAN_POINT('',(-15.1713423525239,-16.0982226037523,7.3));
#3673=CARTESIAN_POINT('',(134.806046488775,12.8278508040308,6.3));
#3674=CARTESIAN_POINT('',(-19.4033130636251,12.8278508040401,6.3));
#3675=CARTESIAN_POINT('',(-19.4033130636251,13.7993376051151,6.53709364254876));
#3676=CARTESIAN_POINT('',(134.806046488775,13.7993376051058,6.53709364254876));
#3677=CARTESIAN_POINT('',(-21.1712969906377,13.7993376051146,6.53709364255088));
#3678=CARTESIAN_POINT('',(-21.1712969906377,12.8278508040402,6.3));
#3679=CARTESIAN_POINT('',(9.96536490257706,-21.0904682483043,6.9));
#3680=CARTESIAN_POINT('',(22.1178571515914,-9.94447302140515,6.73095269530372));
#3681=CARTESIAN_POINT('',(14.7089772464296,-17.045878803873,6.73095269530372));
#3682=CARTESIAN_POINT('',(13.7487608166667,-17.9662455251621,6.73095269530372));
#3683=CARTESIAN_POINT('',(14.4581229258749,-16.7841630828436,6.9));
#3684=CARTESIAN_POINT('',(13.497906496112,-17.7045298041327,6.9));
#3685=CARTESIAN_POINT('',(-15.1713423525239,-16.0982226037523,6.9));
#3686=CARTESIAN_POINT('',(-22.1154364941007,-9.94447302140511,6.73095269530372));
#3687=CARTESIAN_POINT('',(-18.1927318527094,-13.7043824516932,6.73095269530372));
#3688=CARTESIAN_POINT('',(-25.6734513005824,-6.53411852190087,6.73095269530372));
#3689=CARTESIAN_POINT('',(-17.9418775321546,-13.4426667306638,6.9));
#3690=CARTESIAN_POINT('',(-25.4225969800277,-6.27240280087146,6.9));
#3691=CARTESIAN_POINT('',(10.1265107359203,10.6266926753302,4.53242610607744));
#3692=CARTESIAN_POINT('',(22.9770523683303,8.24190499394336,6.9));
#3693=CARTESIAN_POINT('',(23.3902126827459,8.24190499394508,6.9));
#3694=CARTESIAN_POINT('',(22.3613387904835,12.2202360339752,2.95038520407134));
#3695=CARTESIAN_POINT('',(23.2339127985155,8.8462673804944,6.3));
#3696=CARTESIAN_POINT('',(22.2010120124773,8.84626738049012,6.3));
#3697=CARTESIAN_POINT('',(20.6558551790951,-8.41916981142983,2.2));
#3698=CARTESIAN_POINT('',(22.1178571515914,-9.94447302140515,6.73095269530372));
#3699=CARTESIAN_POINT('',(25.6758719580731,-6.53411852190092,6.73095269530372));
#3700=CARTESIAN_POINT('',(18.186106183484,-13.7130533490049,6.73095269530372));
#3701=CARTESIAN_POINT('',(16.4475417149566,-14.8844229433593,5.96453662763896));
#3702=CARTESIAN_POINT('',(13.748760816676,-20.1623720463521,10.1309526953037));
#3703=CARTESIAN_POINT('',(13.4778808490449,-18.2328647124491,6.74176045479264));
#3704=CARTESIAN_POINT('',(16.4185366309379,-10.2724803944494,-1.21862386320703));
#3705=CARTESIAN_POINT('',(15.0078262137549,-14.0910336691583,2.6));
#3706=CARTESIAN_POINT('',(8.88328520351972,-19.9615370502136,2.6));
#3707=CARTESIAN_POINT('',(25.675871958073,-3.86585535367326,2.6));
#3708=CARTESIAN_POINT('',(25.6758719580731,-6.5860418792291,6.8113394185693));
#3709=CARTESIAN_POINT('',(21.1712969904914,12.8278508040376,6.3));
#3710=CARTESIAN_POINT('',(21.1712969904914,12.8278508040376,6.3));
#3711=CARTESIAN_POINT('',(22.1394441867335,13.0782325254322,6.3));
#3712=CARTESIAN_POINT('',(21.1712969904912,12.8278508040376,6.3));
#3713=CARTESIAN_POINT('',(-21.1712969906377,12.8278508040402,6.30000000000226));
#3714=CARTESIAN_POINT('',(-21.1712969906377,12.8278508040402,6.30000000000451));
#3715=CARTESIAN_POINT('',(-22.1394441868813,13.0782325254309,6.30000000000253));
#3716=CARTESIAN_POINT('',(-21.1712969906383,12.8278508040397,6.3000000000021));
#3717=CARTESIAN_POINT('',(21.4543245781054,11.7334723331105,10.7841954784494));
#3718=CARTESIAN_POINT('',(21.4543245781054,12.7049591341856,11.0212891209981));
#3719=CARTESIAN_POINT('',(20.9228006698365,14.7601667033362,2.6));
#3720=CARTESIAN_POINT('',(22.4347693292705,11.9363032858107,10.9790338708715));
#3721=CARTESIAN_POINT('',(21.9059124240785,13.9812262423409,2.6));
#3722=CARTESIAN_POINT('',(21.9059124240785,13.9812262423409,2.59999999999998));
#3723=CARTESIAN_POINT('',(21.8681818131959,14.1271186219245,2.59999999999998));
#3724=CARTESIAN_POINT('',(21.7759756216186,14.3029803750287,2.6008945773282));
#3725=CARTESIAN_POINT('',(21.6319581721504,14.4653780944719,2.60028901383816));
#3726=CARTESIAN_POINT('',(21.5573225210456,14.5352283572848,2.59989662724323));
#3727=CARTESIAN_POINT('',(21.3922335894469,14.6481960888092,2.60012447718887));
#3728=CARTESIAN_POINT('',(21.1880721976463,14.7336698505165,2.60023694459087));
#3729=CARTESIAN_POINT('',(21.0254324193446,14.7601945840594,2.60000000000016));
#3730=CARTESIAN_POINT('',(20.922800661278,14.7601945840592,2.60000000000011));
#3731=CARTESIAN_POINT('',(22.7099333842021,10.87233061718,10.7020013893841));
#3732=CARTESIAN_POINT('',(22.7099333842023,10.87233061718,6.9));
#3733=CARTESIAN_POINT('',(23.5806793474558,7.50543043665828,6.9));
#3734=CARTESIAN_POINT('',(23.5806793474555,7.50543043665861,10.7020013893844));
#3735=CARTESIAN_POINT('',(23.5806793474562,7.50543043665791,2.6));
#3736=CARTESIAN_POINT('',(24.937398735455,2.25942420160984,2.6));
#3737=CARTESIAN_POINT('',(22.0756338947231,13.3249668116137,6.3000000000001));
#3738=CARTESIAN_POINT('',(-21.4666221331707,11.6859215644121,10.9790338708982));
#3739=CARTESIAN_POINT('',(-22.4347693294139,11.9363032858027,10.9790338708984));
#3740=CARTESIAN_POINT('',(-21.9059124242312,13.9812262423394,2.6));
#3741=CARTESIAN_POINT('',(-20.4444397351606,16.6098655064906,-4.97899228403922));
#3742=CARTESIAN_POINT('',(-20.9228006614319,14.7601945840618,2.6));
#3743=CARTESIAN_POINT('',(-20.9228006614339,14.7601945840618,2.59999999999987));
#3744=CARTESIAN_POINT('',(-21.0254124337071,14.7601945840616,2.59999999999982));
#3745=CARTESIAN_POINT('',(-21.1880406061072,14.7336766219849,2.60023897373055));
#3746=CARTESIAN_POINT('',(-21.3922074964869,14.6482122419649,2.60012750601954));
#3747=CARTESIAN_POINT('',(-21.5573378892589,14.5352161783658,2.59989626458484));
#3748=CARTESIAN_POINT('',(-21.6319227931774,14.4654106570001,2.60028743564106));
#3749=CARTESIAN_POINT('',(-21.7759456430672,14.3030275452229,2.60089395872526));
#3750=CARTESIAN_POINT('',(-21.8681734391478,14.1271510023203,2.6));
#3751=CARTESIAN_POINT('',(-21.9059124242311,13.9812262423394,2.6));
#3752=CARTESIAN_POINT('',(134.806046488775,14.35285273967,4.26907564913573));
#3753=CARTESIAN_POINT('',(16.1966873944026,13.8862424481183,6.18100266085188));
#3754=CARTESIAN_POINT('',(12.9966873944026,13.8862424481185,6.18100266085188));
#3755=CARTESIAN_POINT('',(19.3966873944026,13.8862424481181,6.18100266085188));
#3756=CARTESIAN_POINT('',(19.3966873944026,14.3528527396767,4.26907564913669));
#3757=CARTESIAN_POINT('',(-4.99552056119625,14.7601945840608,2.6));
#3758=CARTESIAN_POINT('',(-19.4033130636251,13.8978151005272,6.13358393234562));
#3759=CARTESIAN_POINT('',(-19.4033130636251,13.8862424481196,6.18100266085532));
#3760=CARTESIAN_POINT('',(-16.2033130636251,13.8862424481194,6.18100266085532));
#3761=CARTESIAN_POINT('',(-13.0033130636251,13.8862424481193,6.1810026608553));
#3762=CARTESIAN_POINT('',(-13.0033130636253,14.352852739675,4.26907564915181));
#3763=CARTESIAN_POINT('',(12.9966873944026,13.8978151005261,6.13358393234218));
#3764=CARTESIAN_POINT('',(-22.7099333843634,10.8723306170846,10.7020013893889));
#3765=CARTESIAN_POINT('',(-23.5806793476179,7.50543043650432,7.29999999999963));
#3766=CARTESIAN_POINT('',(-23.5806793476196,7.50543043650256,2.6));
#3767=CARTESIAN_POINT('',(-23.580679347618,7.50543043650417,6.90000000000011));
#3768=CARTESIAN_POINT('',(-22.7099333843644,10.8723306170848,6.90000000000011));
#3769=CARTESIAN_POINT('',(-23.390212682769,8.24190499385175,6.90000000000011));
#3770=CARTESIAN_POINT('',(-22.3613387905044,12.2202360338909,2.95038520406651));
#3771=CARTESIAN_POINT('',(-23.2339127986042,8.84626738037998,6.30000000000474));
#3772=CARTESIAN_POINT('',(-22.0756338948953,13.324966811521,6.30000000000482));
#3773=CARTESIAN_POINT('',(-25.5637471585928,-0.162467725116098,2.6));
#3774=CARTESIAN_POINT('',(-10.1265107360818,10.6266926752876,4.5324261060796));
#3775=CARTESIAN_POINT('',(-22.9770523684801,8.24190499385177,6.9));
#3776=CARTESIAN_POINT('',(-22.2010120126307,8.84626738039684,6.30000000000473));
#3777=CARTESIAN_POINT('',(-21.741786188121,10.621948895694,6.30000000000463));
#3778=CARTESIAN_POINT('',(21.7417861879602,10.6219488957854,6.3));
#3779=CARTESIAN_POINT('',(5.84822166578339E-12,-21.6134256522781,12.7));
#3780=CARTESIAN_POINT('',(-5.36409698449218,-21.8500000001183,12.7000000000006));
#3781=CARTESIAN_POINT('',(-5.36409698449218,-24.2373368268844,12.7000000000006));
#3782=CARTESIAN_POINT('',(-5.36409698449218,-21.1127416999158,12.7000000000006));
#3783=CARTESIAN_POINT('',(6.12745552272458E-12,-24.2373368268838,12.7));
#3784=CARTESIAN_POINT('',(5.36409698447908,-24.2373368268832,12.6999999999994));
#3785=CARTESIAN_POINT('',(5.36409698446906,-21.8500000000958,12.6999999999994));
#3786=CARTESIAN_POINT('',(5.36409698446596,-21.1127416999147,12.6999999999994));
#3787=CARTESIAN_POINT('',(0.00331283472600428,-21.1127416999153,12.7));
#3788=CARTESIAN_POINT('',(-6.92597648715527,-21.8500000001183,12.6292893218809));
#3789=CARTESIAN_POINT('',(-11.3765861525964,-19.7629979489553,8.17867965644024));
#3790=CARTESIAN_POINT('',(-11.3765861525964,-17.4701010127957,8.17867965644026));
#3791=CARTESIAN_POINT('',(-11.3765861525964,-19.8284656575401,8.17867965644024));
#3792=CARTESIAN_POINT('',(-12.2366401286726,-15.2961645326033,7.31862568036415));
#3793=CARTESIAN_POINT('',(-11.1596237448496,-20.0501361785962,8.39564206418705));
#3794=CARTESIAN_POINT('',(-7.73723763254589,-23.4725222908995,11.8180281764904));
#3795=CARTESIAN_POINT('',(-7.909681396764,-23.3000785266814,11.6455844122722));
#3796=CARTESIAN_POINT('',(-7.909681396764,-21.8500000001183,11.6455844122722));
#3797=CARTESIAN_POINT('',(-7.90968139676399,-20.9370057686277,11.6455844122723));
#3798=CARTESIAN_POINT('',(-8.71106908210875,-20.1356180832831,10.8441967269276));
#3799=CARTESIAN_POINT('',(-5.36409698449256,-21.8500000001183,9.10000000000058));
#3800=CARTESIAN_POINT('',(-5.36409698449256,-21.0373368268844,9.10000000000058));
#3801=CARTESIAN_POINT('',(-5.36409698449256,-20.5127416999158,9.10000000000058));
#3802=CARTESIAN_POINT('',(0.0556151082650686,-16.8600505064571,9.68994949366114));
#3803=CARTESIAN_POINT('',(8.48091756304532,-16.1231289151438,8.95302790238183));
#3804=CARTESIAN_POINT('',(5.78836105317863,-18.8156854250651,11.6455844122691));
#3805=CARTESIAN_POINT('',(9.25526580897093,-15.3487806692116,8.17867965645272));
#3806=CARTESIAN_POINT('',(-10.1339454654771,-15.3487806692363,8.17867965644036));
#3807=CARTESIAN_POINT('',(-9.25526580903663,-15.3487806692363,8.17867965644038));
#3808=CARTESIAN_POINT('',(-8.48091756309342,-16.1231289151794,8.95302790238351));
#3809=CARTESIAN_POINT('',(-5.78836105320448,-18.8156854250681,11.6455844122721));
#3810=CARTESIAN_POINT('',(-5.36409698449256,-18.3914213563562,11.2213203435602));
#3811=CARTESIAN_POINT('',(-5.36409698449256,-18.9914213563562,11.8213203435602));
#3812=CARTESIAN_POINT('',(0.0556151082655222,-18.9914213563556,11.8213203435596));
#3813=CARTESIAN_POINT('',(5.36409698446564,-18.991421356355,11.8213203435591));
#3814=CARTESIAN_POINT('',(5.36409698446306,-18.391421356355,11.2213203435591));
#3815=CARTESIAN_POINT('',(0.0556151082655223,-21.1127416999153,9.7));
#3816=CARTESIAN_POINT('',(-5.36409698449256,-21.1127416999158,9.70000000000058));
#3817=CARTESIAN_POINT('',(5.36409698446564,-21.1127416999147,9.69999999999943));
#3818=CARTESIAN_POINT('',(-7.90968139676422,-20.9370057686278,11.6455844122721));
#3819=CARTESIAN_POINT('',(-7.20257461557766,-19.5227922062547,12.3526911934587));
#3820=CARTESIAN_POINT('',(-5.7883610532045,-18.8156854250681,11.6455844122721));
#3821=CARTESIAN_POINT('',(-7.24324854466298,-21.048077910575,12.3120172643733));
#3822=CARTESIAN_POINT('',(-6.62313163179758,-19.7474742138765,12.5773732010795));
#3823=CARTESIAN_POINT('',(-5.6772889111177,-18.9267575670153,11.7566565542193));
#3824=CARTESIAN_POINT('',(-6.30657565323299,-21.1127416997346,12.7000000000006));
#3825=CARTESIAN_POINT('',(-5.98125260656881,-19.8701010124268,12.6999999996306));
#3826=CARTESIAN_POINT('',(-5.52117676261597,-18.9914213561747,11.8213203433787));
#3827=CARTESIAN_POINT('',(-5.36409698449257,-21.1127416999159,12.7000000000006));
#3828=CARTESIAN_POINT('',(-5.36409698449256,-19.8701010127966,12.7000000000006));
#3829=CARTESIAN_POINT('',(-5.36409698449256,-18.9914213563562,11.8213203435602));
#3830=CARTESIAN_POINT('',(-5.78836105320448,-20.9370057686277,9.52426406871254));
#3831=CARTESIAN_POINT('',(-4.8282263696351,-21.897140452197,10.4843987522818));
#3832=CARTESIAN_POINT('',(-5.01262512191693,-21.7127416999152,10.3));
#3833=CARTESIAN_POINT('',(4.82822636961158,-21.8971404521767,10.4843987522809));
#3834=CARTESIAN_POINT('',(8.7110690820779,-20.1356180832465,10.8441967269259));
#3835=CARTESIAN_POINT('',(11.376586152551,-17.4701010127507,8.17867965644073));
#3836=CARTESIAN_POINT('',(7.90968139673681,-20.9370057685943,11.6455844122706));
#3837=CARTESIAN_POINT('',(5.01262512189165,-21.712741699895,10.3));
#3838=CARTESIAN_POINT('',(5.78836105317863,-20.9370057686247,9.5242640687095));
#3839=CARTESIAN_POINT('',(5.36409698448073,-21.1127416999147,12.6999999999994));
#3840=CARTESIAN_POINT('',(5.3640969844755,-19.8701010127954,12.6999999999994));
#3841=CARTESIAN_POINT('',(5.3640969844681,-18.9914213563551,11.8213203435591));
#3842=CARTESIAN_POINT('',(6.30657565322145,-21.1127416997286,12.6999999999955));
#3843=CARTESIAN_POINT('',(5.98125260655191,-19.8701010124227,12.6999999996256));
#3844=CARTESIAN_POINT('',(5.52117676259156,-18.9914213561723,11.8213203433763));
#3845=CARTESIAN_POINT('',(7.24324854464926,-21.0480779105655,12.3120172643645));
#3846=CARTESIAN_POINT('',(6.62313163177907,-19.7474742138674,12.5773732010729));
#3847=CARTESIAN_POINT('',(5.67728891109253,-18.9267575670117,11.7566565542157));
#3848=CARTESIAN_POINT('',(7.90968139674766,-20.9370057686159,11.6455844122598));
#3849=CARTESIAN_POINT('',(7.20257461555808,-19.5227922062456,12.3526911934496));
#3850=CARTESIAN_POINT('',(5.78836105317864,-18.8156854250651,11.6455844122691));
#3851=CARTESIAN_POINT('',(5.36409698446306,-20.5127416999147,9.09999999999943));
#3852=CARTESIAN_POINT('',(5.36409698446867,-21.8500000000958,9.09999999999943));
#3853=CARTESIAN_POINT('',(5.36409698446526,-21.0373368268832,9.09999999999943));
#3854=CARTESIAN_POINT('',(7.90968139674674,-23.3000785266786,11.6455844122706));
#3855=CARTESIAN_POINT('',(7.90968139674065,-21.8500000000851,11.6455844122706));
#3856=CARTESIAN_POINT('',(6.92597648713213,-21.8500000000892,12.6292893218794));
#3857=CARTESIAN_POINT('',(7.73723763253714,-23.472522290889,11.818028176481));
#3858=CARTESIAN_POINT('',(11.1634624711652,-20.0462974522455,8.39180333783741));
#3859=CARTESIAN_POINT('',(12.2404788550002,-15.2923258062201,7.31478695398213));
#3860=CARTESIAN_POINT('',(11.3765861525609,-19.8286298700751,8.1786796564407));
#3861=CARTESIAN_POINT('',(11.3765861525473,-16.5914213563101,8.1786796564407));
#3862=CARTESIAN_POINT('',(0.00121032874534493,-14.7030222518331,2.2));
#3863=CARTESIAN_POINT('',(-5.36409698449256,-21.320179539359,8.81715728752596));
#3864=CARTESIAN_POINT('',(-5.36409698449222,-24.520179539359,12.017157287526));
#3865=CARTESIAN_POINT('',(-7.62683868428942,-23.5829212391561,11.079898987323));
#3866=CARTESIAN_POINT('',(-11.0040883381597,-20.2056715852862,7.7026493334531));
#3867=CARTESIAN_POINT('',(-10.876781032375,-20.3329788910708,7.8299566392378));
#3868=CARTESIAN_POINT('',(-12.1288856099823,-16.9435194019819,4.4404971501489));
#3869=CARTESIAN_POINT('',(-12.8087860730237,-15.1029085160656,2.6));
#3870=CARTESIAN_POINT('',(-12.8087861229777,-15.1029085160657,2.59988626423261));
#3871=CARTESIAN_POINT('',(-12.8088446359424,-14.9696302971294,2.46660804529636));
#3872=CARTESIAN_POINT('',(-12.8089031489072,-14.8363520781932,2.33332982636012));
#3873=CARTESIAN_POINT('',(-12.808961661872,-14.7030738592569,2.20005160742387));
#3874=CARTESIAN_POINT('',(-12.808961661872,-14.7031254666808,2.2));
#3875=CARTESIAN_POINT('',(0.00121032874534493,-14.703022251833,2.2));
#3876=CARTESIAN_POINT('',(12.8112066805605,-14.703022251833,2.2));
#3877=CARTESIAN_POINT('',(12.8112066805605,-14.7030222518331,2.19999999999999));
#3878=CARTESIAN_POINT('',(12.8112066805605,-14.8363555851664,2.33333333333333));
#3879=CARTESIAN_POINT('',(12.8112066805605,-14.9696889184997,2.46666666666666));
#3880=CARTESIAN_POINT('',(12.8112066805605,-15.1030222518331,2.59999999999999));
#3881=CARTESIAN_POINT('',(12.8112066805605,-15.103022251833,2.6));
#3882=CARTESIAN_POINT('',(12.1313062674731,-16.9435194019819,4.44049715014891));
#3883=CARTESIAN_POINT('',(10.8806197586905,-20.3291401647212,7.82611791288822));
#3884=CARTESIAN_POINT('',(11.0048952239838,-20.2048646994274,7.70184244759438));
#3885=CARTESIAN_POINT('',(7.62683868427209,-23.5829212391544,11.0798989873214));
#3886=CARTESIAN_POINT('',(5.36409698446526,-21.3201795393579,8.81715728752482));
#3887=CARTESIAN_POINT('',(5.36409698447904,-24.5201795393578,12.0171572875248));
#3888=CARTESIAN_POINT('',(0.0012103287474344,-24.5201795393584,12.0171572875254));
#3889=CARTESIAN_POINT('',(-20.6534345216043,-8.41916981142979,2.2));
#3890=CARTESIAN_POINT('',(-22.1154364941007,-9.94447302140511,6.73095269530372));
#3891=CARTESIAN_POINT('',(-13.7487608167107,-17.963925326747,6.73095269530372));
#3892=CARTESIAN_POINT('',(-14.7156029156521,-17.0372079065641,6.73095269530372));
#3893=CARTESIAN_POINT('',(-16.4541673841805,-14.8757520460512,5.96453662764241));
#3894=CARTESIAN_POINT('',(-25.6734513005824,-5.02399534437633,4.3930096150568));
#3895=CARTESIAN_POINT('',(-25.6734066815172,-3.86580875877871,2.6));
#3896=CARTESIAN_POINT('',(-14.0892626534665,-14.9692914056617,2.6));
#3897=CARTESIAN_POINT('',(-15.005473233897,-14.0911042576564,2.6));
#3898=CARTESIAN_POINT('',(-16.4161159734471,-10.2724803944494,-1.21862386320705));
#3899=CARTESIAN_POINT('',(-13.4753861953988,-18.2330650207741,6.7419607631176));
#3900=CARTESIAN_POINT('',(-13.7487608167107,-20.1600518479457,10.1309526953037));
#3901=CARTESIAN_POINT('',(26.7944645539126,1.98076407804745,2.202));
#3902=CARTESIAN_POINT('',(26.7944645539126,2.46195060887325,2.202));
#3903=CARTESIAN_POINT('',(26.7944645539126,2.46195060887324,2.6));
#3904=CARTESIAN_POINT('',(26.7944645539126,2.46195060887323,6.9));
#3905=CARTESIAN_POINT('',(26.7944645539126,-4.1198771902995,6.9));
#3906=CARTESIAN_POINT('',(26.7944645539126,-3.86150936427611,6.9));
#3907=CARTESIAN_POINT('',(26.7944645539126,-1.32898418971036,2.9791942037914));
#3908=CARTESIAN_POINT('',(26.7944645539126,-1.08405523452473,2.6));
#3909=CARTESIAN_POINT('',(26.7944645539126,-5.48181172713489,2.6));
#3910=CARTESIAN_POINT('',(-26.7920438964218,1.98076407804745,2.20200000000021));
#3911=CARTESIAN_POINT('',(-26.7920438964218,-0.000409633591755844,0.922321137872946));
#3912=CARTESIAN_POINT('',(-26.7920438964218,-1.08405523452465,2.6));
#3913=CARTESIAN_POINT('',(-26.7920438964218,-3.86150936427605,6.9));
#3914=CARTESIAN_POINT('',(-26.7920438964218,1.98076407804745,6.9));
#3915=CARTESIAN_POINT('',(-26.7920438964218,2.46437126636298,6.9));
#3916=CARTESIAN_POINT('',(-26.7920438964218,2.46437126636296,2.20200000000021));
#3917=CARTESIAN_POINT('',(-26.7920438964218,2.46437126636297,2.6));
#3918=CARTESIAN_POINT('',(-26.7920438964218,-5.48181172713489,2.6));
#3919=CARTESIAN_POINT('',(-25.2899644310615,5.2090914188426,27.2));
#3920=CARTESIAN_POINT('',(-25.9133642399814,4.58569160992267,27.2));
#3921=CARTESIAN_POINT('',(-25.9133642399815,4.58569160992261,2.6));
#3922=CARTESIAN_POINT('',(-25.9133642399815,4.58569160992262,6.9));
#3923=CARTESIAN_POINT('',(-25.2899644310615,5.2090914188426,6.9));
#3924=CARTESIAN_POINT('',(-24.3638005927879,6.13525525711627,6.9));
#3925=CARTESIAN_POINT('',(-24.3638005927896,6.13525525711451,2.20000000000043));
#3926=CARTESIAN_POINT('',(-24.3638005927895,6.13525525711466,2.6));
#3927=CARTESIAN_POINT('',(-20.4881940691183,10.0108617807859,2.6));
#3928=CARTESIAN_POINT('',(25.2899644310625,5.20909141884259,27.2));
#3929=CARTESIAN_POINT('',(24.3638005926208,6.13525525728432,27.2));
#3930=CARTESIAN_POINT('',(24.3638005926229,6.1352552572822,2.6));
#3931=CARTESIAN_POINT('',(24.3638005926225,6.13525525728258,6.9));
#3932=CARTESIAN_POINT('',(25.9157848974722,4.58327095243287,6.9));
#3933=CARTESIAN_POINT('',(25.9157848974722,4.58327095243287,6.9));
#3934=CARTESIAN_POINT('',(25.9157848974722,4.58327095243282,27.2));
#3935=CARTESIAN_POINT('',(25.9157848974722,4.58327095243288,2.6));
#3936=CARTESIAN_POINT('',(15.4926735079212,15.0063823419838,2.6));
#3937=CARTESIAN_POINT('',(-26.4851209363399,8.25657560068348,27.1999999999993));
#3938=CARTESIAN_POINT('',(-26.4851209363475,8.25657560067591,6.90000000000011));
#3939=CARTESIAN_POINT('',(-26.4851209363491,8.2565756006743,2.6));
#3940=CARTESIAN_POINT('',(-23.7920438964218,2.46437126636296,2.20200000000019));
#3941=CARTESIAN_POINT('',(-23.7920438964218,2.46437126636298,6.9));
#3942=CARTESIAN_POINT('',(-23.7920438964218,2.46437126636297,2.6));
#3943=CARTESIAN_POINT('',(12.1313062674731,-14.8221990584223,6.56181749370855));
#3944=CARTESIAN_POINT('',(13.4778808490449,-18.2328647124491,6.74176045479263));
#3945=CARTESIAN_POINT('',(13.0882169284418,-18.603451148566,6.73726123064426));
#3946=CARTESIAN_POINT('',(12.2364871598542,-19.2357862738916,6.85977052273808));
#3947=CARTESIAN_POINT('',(11.440239903485,-19.8056107788564,7.32252513887996));
#3948=CARTESIAN_POINT('',(11.1129778186265,-20.1146757499467,7.61689646054473));
#3949=CARTESIAN_POINT('',(11.1129778186265,-20.1146757499467,7.61689646054473));
#3950=CARTESIAN_POINT('',(11.9576361425255,-15.2923258062213,7.03194424150755));
#3951=CARTESIAN_POINT('',(12.8112066805606,-15.1030222518331,2.59999999999999));
#3952=CARTESIAN_POINT('',(13.4809426528697,-15.1030222518331,2.59999999999999));
#3953=CARTESIAN_POINT('',(14.278785029943,-14.7899545496021,2.59999999999999));
#3954=CARTESIAN_POINT('',(15.0078938913878,-14.0911042576565,2.59999999999999));
#3955=CARTESIAN_POINT('',(13.4979064961294,-21.8500000000616,10.3));
#3956=CARTESIAN_POINT('',(11.3765861525609,-19.8286298700751,8.1786796564407));
#3957=CARTESIAN_POINT('',(11.6334299249154,-19.5251974139849,7.9218358840849));
#3958=CARTESIAN_POINT('',(12.2611635987771,-18.9522864096984,7.4922211055389));
#3959=CARTESIAN_POINT('',(12.9477931655489,-18.3273003830388,7.33440094111852));
#3960=CARTESIAN_POINT('',(13.2588947599759,-17.9711489914204,7.30953625837238));
#3961=CARTESIAN_POINT('',(13.2588947599752,-17.9711489914196,7.30953625837257));
#3962=CARTESIAN_POINT('',(13.4979064961212,-19.9006563253227,10.3));
#3963=CARTESIAN_POINT('',(13.497906496111,-17.4701010127418,10.3));
#3964=CARTESIAN_POINT('',(9.25526580895628,-13.2274603256395,7.3));
#3965=CARTESIAN_POINT('',(9.25526580896486,-14.4701010127613,7.3));
#3966=CARTESIAN_POINT('',(9.25526580897093,-15.3487806692022,8.17867965644345));
#3967=CARTESIAN_POINT('',(10.5378156470317,-13.227460325635,7.3));
#3968=CARTESIAN_POINT('',(10.2662828492098,-14.2966379108995,7.30000000000076));
#3969=CARTESIAN_POINT('',(10.1102990343531,-15.1350223628518,7.96492135009833));
#3970=CARTESIAN_POINT('',(12.7043276288387,-14.0210391928719,7.3));
#3971=CARTESIAN_POINT('',(12.0192633985248,-14.7061034231958,7.29999999999756));
#3972=CARTESIAN_POINT('',(11.4223772110163,-15.3029896107146,7.73609916433739));
#3973=CARTESIAN_POINT('',(13.4979064961066,-16.1875511746642,7.3));
#3974=CARTESIAN_POINT('',(12.4287289108478,-16.4590839724936,7.30000000000422));
#3975=CARTESIAN_POINT('',(11.5903444588931,-16.6150677873597,7.96492135009504));
#3976=CARTESIAN_POINT('',(13.4979064961111,-17.4701010127419,7.3));
#3977=CARTESIAN_POINT('',(12.2552658089915,-17.470101012747,7.3));
#3978=CARTESIAN_POINT('',(11.376586152551,-17.4701010127507,8.17867965644073));
#3979=CARTESIAN_POINT('',(9.25526580897481,-13.2274603256395,10.3));
#3980=CARTESIAN_POINT('',(0.0556151082650686,-13.2274603256767,10.3));
#3981=CARTESIAN_POINT('',(-9.25526580903665,-13.2274603256767,10.3));
#3982=CARTESIAN_POINT('',(-12.1288856099823,-14.8221990584223,6.56181749370854));
#3983=CARTESIAN_POINT('',(-11.953797416198,-15.2961645326033,7.03578296788952));
#3984=CARTESIAN_POINT('',(-11.1133220719942,-20.1145624912095,7.61697267781024));
#3985=CARTESIAN_POINT('',(-11.1133220719942,-20.1145624912095,7.61697267781024));
#3986=CARTESIAN_POINT('',(-11.4403883328876,-19.8054328582664,7.32278834078679));
#3987=CARTESIAN_POINT('',(-12.2228383947846,-19.2448773819683,6.86509434049577));
#3988=CARTESIAN_POINT('',(-13.0861594821365,-18.6034085137345,6.73773420410947));
#3989=CARTESIAN_POINT('',(-13.4753861953988,-18.2330650207741,6.7419607631176));
#3990=CARTESIAN_POINT('',(-15.005473233897,-14.0911042576564,2.6));
#3991=CARTESIAN_POINT('',(-14.2763643724523,-14.7899545496021,2.6));
#3992=CARTESIAN_POINT('',(-13.4785219953789,-15.103022251833,2.6));
#3993=CARTESIAN_POINT('',(-12.8087860230698,-15.103022251833,2.6));
#3994=CARTESIAN_POINT('',(-13.497906496156,-17.4701010127958,7.3));
#3995=CARTESIAN_POINT('',(-12.2552658090368,-17.4701010127958,7.3));
#3996=CARTESIAN_POINT('',(-11.3765861525964,-17.4701010127957,8.17867965644026));
#3997=CARTESIAN_POINT('',(-13.4979064961471,-16.1875511747234,7.3));
#3998=CARTESIAN_POINT('',(-12.4287289108842,-16.4590839725542,7.29999999999608));
#3999=CARTESIAN_POINT('',(-11.5903444589381,-16.6150677874157,7.9649213500986));
#4000=CARTESIAN_POINT('',(-12.7043276289014,-14.0210391929312,7.3));
#4001=CARTESIAN_POINT('',(-12.0192633985878,-14.7061034232456,7.30000000000325));
#4002=CARTESIAN_POINT('',(-11.4223772110695,-15.3029896107614,7.73609916433714));
#4003=CARTESIAN_POINT('',(-10.5378156471178,-13.2274603256766,7.3));
#4004=CARTESIAN_POINT('',(-10.2662828492841,-14.2966379109411,7.2999999999973));
#4005=CARTESIAN_POINT('',(-10.1102990344245,-15.1350223628901,7.96492135009424));
#4006=CARTESIAN_POINT('',(-9.25526580903661,-13.2274603256766,7.3));
#4007=CARTESIAN_POINT('',(-9.25526580903662,-14.4701010127959,7.3));
#4008=CARTESIAN_POINT('',(-9.25526580903662,-15.3487806692363,8.17867965644037));
#4009=CARTESIAN_POINT('',(-13.497906496156,-17.4701010127957,10.3));
#4010=CARTESIAN_POINT('',(-13.4979064961559,-5.48181172713489,10.3));
#4011=CARTESIAN_POINT('',(-13.4979064961559,-19.8983361269163,10.3));
#4012=CARTESIAN_POINT('',(-13.2566935949984,-17.9713492997446,7.30971300101225));
#4013=CARTESIAN_POINT('',(-13.2566935949984,-17.9713492997446,7.30971300101225));
#4014=CARTESIAN_POINT('',(-12.9459413058133,-18.3272693307208,7.33477997994807));
#4015=CARTESIAN_POINT('',(-12.2519996908274,-18.9595743334172,7.49648096115732));
#4016=CARTESIAN_POINT('',(-11.6332050422897,-19.5250803944714,7.92206076674701));
#4017=CARTESIAN_POINT('',(-11.3765861525964,-19.8284656575401,8.17867965644024));
#4018=CARTESIAN_POINT('',(26.4851209361818,8.25657560084254,10.7020013893846));
#4019=CARTESIAN_POINT('',(26.4851209361821,8.25657560084222,6.9));
#4020=CARTESIAN_POINT('',(26.4851209361825,8.25657560084185,2.6));
#4021=CARTESIAN_POINT('',(23.7944645539126,2.46195060887317,27.2));
#4022=CARTESIAN_POINT('',(23.7944645539126,2.46195060887323,6.9));
#4023=CARTESIAN_POINT('',(23.7944645539126,2.46195060887324,2.6));
#4024=CARTESIAN_POINT('',(23.7944645539126,-0.000409633591739799,0.922321137872783));
#4025=CARTESIAN_POINT('',(23.7944645539126,-3.86150936427611,6.9));
#4026=CARTESIAN_POINT('',(25.6758719580731,-3.86585535367326,2.6));
#4027=CARTESIAN_POINT('',(25.8333348283693,-3.71492731165348,2.6));
#4028=CARTESIAN_POINT('',(26.0619838363087,-3.44999076261399,2.59945529420108));
#4029=CARTESIAN_POINT('',(26.2986758952649,-3.0580595503045,2.59971782915262));
#4030=CARTESIAN_POINT('',(26.4164208570444,-2.82504898815654,2.59992410355001));
#4031=CARTESIAN_POINT('',(26.5097275029863,-2.60649391422855,2.60005835601194));
#4032=CARTESIAN_POINT('',(26.5470962578526,-2.5056188516123,2.59984247240225));
#4033=CARTESIAN_POINT('',(26.6179950467218,-2.30041714321688,2.59922623546393));
#4034=CARTESIAN_POINT('',(26.7283694587218,-1.9002697498671,2.59816666906224));
#4035=CARTESIAN_POINT('',(26.7944645539126,-1.43725128424914,2.6));
#4036=CARTESIAN_POINT('',(26.7944645539126,-1.08405523452473,2.6));
#4037=CARTESIAN_POINT('',(-23.7920438964218,-3.06112743665574,5.6608644002789));
#4038=CARTESIAN_POINT('',(-23.7920438964218,-3.86150936427606,6.9));
#4039=CARTESIAN_POINT('',(-26.7920438964219,-1.08405523452464,2.6));
#4040=CARTESIAN_POINT('',(-26.7920438964219,-1.43715051039324,2.6));
#4041=CARTESIAN_POINT('',(-26.7259852365196,-1.90009252423805,2.59816501034273));
#4042=CARTESIAN_POINT('',(-26.6156114769298,-2.30029544518899,2.59922237168922));
#4043=CARTESIAN_POINT('',(-26.5447027968303,-2.5055456539126,2.59983981796849));
#4044=CARTESIAN_POINT('',(-26.5072953008673,-2.60652232045167,2.60005778268316));
#4045=CARTESIAN_POINT('',(-26.4140191815983,-2.8250085609633,2.59992905129885));
#4046=CARTESIAN_POINT('',(-26.2962885179391,-3.0580041791848,2.59972520787028));
#4047=CARTESIAN_POINT('',(-26.0596212605325,-3.44991345042388,2.59946161448293));
#4048=CARTESIAN_POINT('',(-25.830952511923,-3.71489056179141,2.6));
#4049=CARTESIAN_POINT('',(-25.6734513005824,-3.86585535367319,2.6));
#4050=CARTESIAN_POINT('',(22.3226745057055,10.7721779286222,6.9));
#4051=CARTESIAN_POINT('',(23.193420468959,7.40527774810042,6.9));
#4052=CARTESIAN_POINT('',(26.4851209361821,8.25657560084222,6.9));
#4053=CARTESIAN_POINT('',(24.0809578801479,5.85241254480796,6.9));
#4054=CARTESIAN_POINT('',(25.0071217185879,4.92624870636798,6.9));
#4055=CARTESIAN_POINT('',(25.6329421849976,4.30042823995826,6.9));
#4056=CARTESIAN_POINT('',(23.7944645539126,2.46195060887323,6.9));
#4057=CARTESIAN_POINT('',(26.3944645539126,2.46195060887323,6.9));
#4058=CARTESIAN_POINT('',(26.3944645539126,1.98076407804745,6.9));
#4059=CARTESIAN_POINT('',(26.3944645539126,-3.86150936427611,6.9));
#4060=CARTESIAN_POINT('',(26.3944645539126,-3.8615093642761,7.3));
#4061=CARTESIAN_POINT('',(26.7944645539126,-3.8615093642761,7.3));
#4062=CARTESIAN_POINT('',(26.7944645539126,-3.8615093642761,6.9));
#4063=CARTESIAN_POINT('',(26.3944645539014,-4.7827750377729,7.3));
#4064=CARTESIAN_POINT('',(26.8647361510398,-4.97249172224332,7.30000000000656));
#4065=CARTESIAN_POINT('',(26.7944645539126,-4.8827834854045,6.83540258700385));
#4066=CARTESIAN_POINT('',(26.0277919170741,-5.69464411005321,7.3));
#4067=CARTESIAN_POINT('',(26.49125365954,-6.02154460774563,7.30000000000529));
#4068=CARTESIAN_POINT('',(26.3713807421825,-5.89364095265986,6.77146404597471));
#4069=CARTESIAN_POINT('',(25.4250176375183,-6.27240280087151,7.3));
#4070=CARTESIAN_POINT('',(25.8594863848518,-6.72568302032985,7.3));
#4071=CARTESIAN_POINT('',(25.6758719580731,-6.53411852190092,6.73095269530372));
#4072=CARTESIAN_POINT('',(25.4250176375183,-6.27240280087151,6.9));
#4073=CARTESIAN_POINT('',(9.96536490257706,-21.0904682483043,6.9));
#4074=CARTESIAN_POINT('',(17.9352518629293,-13.4513376279754,6.9));
#4075=CARTESIAN_POINT('',(13.497906496112,-17.7045298041327,7.3));
#4076=CARTESIAN_POINT('',(13.9323752434454,-18.1578100235911,7.3));
#4077=CARTESIAN_POINT('',(13.7487608166667,-17.9662455251621,6.73095269530372));
#4078=CARTESIAN_POINT('',(13.4181513910262,-17.7911677063865,7.3));
#4079=CARTESIAN_POINT('',(13.8490609773438,-18.2303122578975,7.28861402084426));
#4080=CARTESIAN_POINT('',(13.6583716975694,-18.0528834274157,6.73095269530409));
#4081=CARTESIAN_POINT('',(13.3383963432416,-17.8801349946309,7.30318212299958));
#4082=CARTESIAN_POINT('',(13.7637087362895,-18.3068982169741,7.28052617265422));
#4083=CARTESIAN_POINT('',(13.5679826434137,-18.1418507156599,6.73455910136984));
#4084=CARTESIAN_POINT('',(13.2588947599752,-17.9711489914196,7.30953625837257));
#4085=CARTESIAN_POINT('',(13.6767279991733,-18.3874367753217,7.27614108740751));
#4086=CARTESIAN_POINT('',(13.4778808490448,-18.2328647124491,6.74176045479263));
#4087=CARTESIAN_POINT('',(13.2270265284901,-17.9711489914197,6.91080775948891));
#4088=CARTESIAN_POINT('',(13.2588947599752,-17.9711489914195,7.30953625837257));
#4089=CARTESIAN_POINT('',(13.6767279991733,-18.3874367753217,7.27614108740751));
#4090=CARTESIAN_POINT('',(13.4778808490449,-18.2328647124491,6.74176045479263));
#4091=CARTESIAN_POINT('',(12.9424838277991,-18.3333785297956,7.33482528802375));
#4092=CARTESIAN_POINT('',(13.3290324910062,-18.7995845158645,7.25866682759672));
#4093=CARTESIAN_POINT('',(13.0780347392127,-18.6131348211455,6.7371436492992));
#4094=CARTESIAN_POINT('',(12.254829674521,-18.9573258388116,7.4958566506097));
#4095=CARTESIAN_POINT('',(12.5724087647787,-19.5023528425634,7.35182505081761));
#4096=CARTESIAN_POINT('',(12.2079056165195,-19.2542704289605,6.86891955565329));
#4097=CARTESIAN_POINT('',(11.6328131657061,-19.5259260621499,7.9224526432942));
#4098=CARTESIAN_POINT('',(11.9372469518618,-20.0671846786451,7.68506483094729));
#4099=CARTESIAN_POINT('',(11.4294132887621,-19.8158353958149,7.33226365483504));
#4100=CARTESIAN_POINT('',(11.3765861525609,-19.8286298700751,8.17867965644069));
#4101=CARTESIAN_POINT('',(11.6522145405542,-20.3574629463553,7.9030512684496));
#4102=CARTESIAN_POINT('',(11.1129778186265,-20.1146757499467,7.61689646054473));
#4103=CARTESIAN_POINT('',(11.0937434400863,-19.8286298700763,7.89583694396613));
#4104=CARTESIAN_POINT('',(11.3765861525609,-19.8286298700751,8.1786796564407));
#4105=CARTESIAN_POINT('',(11.6522145405542,-20.3574629463553,7.90305126844961));
#4106=CARTESIAN_POINT('',(11.1129778186265,-20.1146757499466,7.61689646054473));
#4107=CARTESIAN_POINT('',(11.3051596402564,-19.9030850255088,8.25010616874562));
#4108=CARTESIAN_POINT('',(11.5823285528754,-20.444797294139,7.97293725612863));
#4109=CARTESIAN_POINT('',(11.035145130825,-20.1881806211747,7.68690674354731));
#4110=CARTESIAN_POINT('',(11.2340891430056,-19.9756707804044,8.32117666599666));
#4111=CARTESIAN_POINT('',(11.5136576712931,-20.529634188206,8.04160813771108));
#4112=CARTESIAN_POINT('',(10.9576605324369,-20.2596982136866,7.75667596185357));
#4113=CARTESIAN_POINT('',(11.1634624711652,-20.0462974522454,8.39180333783741));
#4114=CARTESIAN_POINT('',(11.4463051836422,-20.6119828771958,8.10896062536275));
#4115=CARTESIAN_POINT('',(10.8806197586905,-20.3291401647212,7.82611791288822));
#4116=CARTESIAN_POINT('',(10.8806197586905,-20.0462974522467,8.10896062536284));
#4117=CARTESIAN_POINT('',(7.45439492006248,-23.4725222908902,11.5351854640064));
#4118=CARTESIAN_POINT('',(7.62683868427209,-23.3000785266798,11.362741699796));
#4119=CARTESIAN_POINT('',(5.36409698449214,-24.5201795393579,12.0171572875248));
#4120=CARTESIAN_POINT('',(5.36409698449788,-25.2030222518325,12.6999999999994));
#4121=CARTESIAN_POINT('',(5.36409698449382,-24.2373368268833,12.6999999999994));
#4122=CARTESIAN_POINT('',(5.78297601860407,-24.5201795393522,12.0171572875192));
#4123=CARTESIAN_POINT('',(5.96174380021195,-25.2030222518409,12.7000000000003));
#4124=CARTESIAN_POINT('',(5.83533589786952,-24.2373368268782,12.6999999999975));
#4125=CARTESIAN_POINT('',(6.62055668581883,-24.3535415963782,11.8505193445452));
#4126=CARTESIAN_POINT('',(7.04713576758622,-24.9386307813225,12.435608529494));
#4127=CARTESIAN_POINT('',(6.77761414848593,-24.0706988839032,12.5125323141439));
#4128=CARTESIAN_POINT('',(7.33064648196798,-23.8791134414566,11.3760911896235));
#4129=CARTESIAN_POINT('',(7.87558852036209,-24.2619334235393,11.7589111717043));
#4130=CARTESIAN_POINT('',(7.57646516915569,-23.5962707289796,11.978800639863));
#4131=CARTESIAN_POINT('',(7.62683868427211,-23.5829212391544,11.0798989873214));
#4132=CARTESIAN_POINT('',(8.19252410922372,-23.8657639516289,11.3627416997959));
#4133=CARTESIAN_POINT('',(7.90968139674677,-23.3000785266786,11.6455844122706));
#4134=CARTESIAN_POINT('',(5.36409698447904,-24.2373368268832,12.2999999999994));
#4135=CARTESIAN_POINT('',(6.08488794503466E-12,-24.2373368268838,12.3));
#4136=CARTESIAN_POINT('',(-5.36409698449222,-24.2373368268844,12.3000000000006));
#4137=CARTESIAN_POINT('',(-7.62683868428943,-23.5829212391561,11.079898987323));
#4138=CARTESIAN_POINT('',(-8.19252410923867,-23.8657639516307,11.3627416997976));
#4139=CARTESIAN_POINT('',(-7.90968139676404,-23.3000785266814,11.6455844122722));
#4140=CARTESIAN_POINT('',(-7.3306464819836,-23.8791134414601,11.3760911896271));
#4141=CARTESIAN_POINT('',(-7.87558852037301,-24.2619334235386,11.7589111717015));
#4142=CARTESIAN_POINT('',(-7.57646516917074,-23.5962707289855,11.9788006398655));
#4143=CARTESIAN_POINT('',(-6.62055668582618,-24.3535415963825,11.8505193445494));
#4144=CARTESIAN_POINT('',(-7.04713576759243,-24.9386307813362,12.4356085295063));
#4145=CARTESIAN_POINT('',(-6.77761414849226,-24.070698883908,12.5125323141494));
#4146=CARTESIAN_POINT('',(-5.78297601860718,-24.5201795393556,12.0171572875225));
#4147=CARTESIAN_POINT('',(-5.9617438002071,-25.2030222518365,12.7000000000018));
#4148=CARTESIAN_POINT('',(-5.83533589787199,-24.2373368268808,12.7000000000006));
#4149=CARTESIAN_POINT('',(-5.36409698449256,-24.520179539359,12.017157287526));
#4150=CARTESIAN_POINT('',(-5.36409698449256,-25.2030222518336,12.7000000000006));
#4151=CARTESIAN_POINT('',(-5.36409698449256,-24.2373368268844,12.7000000000006));
#4152=CARTESIAN_POINT('',(-7.62683868428942,-23.3000785266814,11.3627416997976));
#4153=CARTESIAN_POINT('',(-7.45439492007128,-23.4725222908995,11.5351854640157));
#4154=CARTESIAN_POINT('',(-10.876781032375,-20.0501361785962,8.11279935171242));
#4155=CARTESIAN_POINT('',(-11.1596237448496,-20.0501361785962,8.39564206418705));
#4156=CARTESIAN_POINT('',(-11.4424664573242,-20.6158216035455,8.11279935171244));
#4157=CARTESIAN_POINT('',(-10.876781032375,-20.3329788910709,7.8299566392378));
#4158=CARTESIAN_POINT('',(-11.231515550584,-19.9782443728617,8.32375025845264));
#4159=CARTESIAN_POINT('',(-11.5110091540757,-20.532017702395,8.04425665496114));
#4160=CARTESIAN_POINT('',(-10.9552018356702,-20.2622930280185,7.75927077618539));
#4161=CARTESIAN_POINT('',(-11.3038672276467,-19.9043226547152,8.25139858138997));
#4162=CARTESIAN_POINT('',(-11.580917930545,-20.4456360433382,7.97434787849134));
#4163=CARTESIAN_POINT('',(-11.034082509462,-20.1894564800093,7.68824581404234));
#4164=CARTESIAN_POINT('',(-11.3765861525964,-19.8284656575401,8.17867965644024));
#4165=CARTESIAN_POINT('',(-11.652083725925,-20.3566670919437,7.90318208311161));
#4166=CARTESIAN_POINT('',(-11.1133220719942,-20.1145624912095,7.61697267781024));
#4167=CARTESIAN_POINT('',(-11.0937434401218,-19.8284656575401,7.89583694396561));
#4168=CARTESIAN_POINT('',(-11.3765861525964,-19.8284656575401,8.17867965644025));
#4169=CARTESIAN_POINT('',(-11.6520837259251,-20.3566670919437,7.90318208311162));
#4170=CARTESIAN_POINT('',(-11.1133220719942,-20.1145624912095,7.61697267781024));
#4171=CARTESIAN_POINT('',(-11.6326059537564,-19.5257886768984,7.92265985528023));
#4172=CARTESIAN_POINT('',(-11.9369305484876,-20.0663749270152,7.68529667849752));
#4173=CARTESIAN_POINT('',(-11.4294958415121,-19.8157280021299,7.33258575233884));
#4174=CARTESIAN_POINT('',(-12.2449664794593,-18.9652605012773,7.50045476279238));
#4175=CARTESIAN_POINT('',(-12.5619566521037,-19.5102759062113,7.35517919483184));
#4176=CARTESIAN_POINT('',(-12.1958157557972,-19.2622462165064,6.8737528791362));
#4177=CARTESIAN_POINT('',(-12.9406339972235,-18.3333480334449,7.33520809648093));
#4178=CARTESIAN_POINT('',(-13.327070127848,-18.7991263458167,7.25883442424984));
#4179=CARTESIAN_POINT('',(-13.0759956823035,-18.6130792109033,6.73762382305937));
#4180=CARTESIAN_POINT('',(-13.2566935949984,-17.9713492997446,7.30971300101225));
#4181=CARTESIAN_POINT('',(-13.6743531292531,-18.3873161602698,7.27602229908707));
#4182=CARTESIAN_POINT('',(-13.4753861953989,-18.2330650207741,6.7419607631176));
#4183=CARTESIAN_POINT('',(-13.2245318748441,-17.9713492997446,6.91100806781388));
#4184=CARTESIAN_POINT('',(-13.2566935949984,-17.9713492997447,7.30971300101224));
#4185=CARTESIAN_POINT('',(-13.6743531292531,-18.3873161602698,7.27602229908706));
#4186=CARTESIAN_POINT('',(-13.4753861953988,-18.2330650207741,6.7419607631176));
#4187=CARTESIAN_POINT('',(-13.3369241795233,-17.8794572264653,7.30324116333868));
#4188=CARTESIAN_POINT('',(-13.7621553512934,-18.3059720962057,7.28037934208611));
#4189=CARTESIAN_POINT('',(-13.566314191194,-18.1411729474951,6.73462601375421));
#4190=CARTESIAN_POINT('',(-13.4174153079094,-17.7896471144773,7.3));
#4191=CARTESIAN_POINT('',(-13.8483030890396,-18.2286515935709,7.28851044553506));
#4192=CARTESIAN_POINT('',(-13.6575374700308,-18.0513628355069,6.73095269530385));
#4193=CARTESIAN_POINT('',(-13.4979064961559,-17.7022096057176,7.3));
#4194=CARTESIAN_POINT('',(-13.9323752434894,-18.1554898251759,7.3));
#4195=CARTESIAN_POINT('',(-13.7487608167107,-17.963925326747,6.73095269530372));
#4196=CARTESIAN_POINT('',(-13.4979064961559,-17.7022096057176,6.9));
#4197=CARTESIAN_POINT('',(-15.1713423525239,-16.0982226037523,6.9));
#4198=CARTESIAN_POINT('',(-14.4647485950973,-16.7754921855347,6.9));
#4199=CARTESIAN_POINT('',(-25.4225969800276,-6.27240280087147,7.3));
#4200=CARTESIAN_POINT('',(-25.8570657273611,-6.72568302032981,7.3));
#4201=CARTESIAN_POINT('',(-25.6734513005824,-6.53411852190088,6.73095269530372));
#4202=CARTESIAN_POINT('',(-26.0253712595791,-5.69464411005172,7.3));
#4203=CARTESIAN_POINT('',(-26.4888330020429,-6.02154460773788,7.29999999999946));
#4204=CARTESIAN_POINT('',(-26.3689600846889,-5.89364095266137,6.77146404597278));
#4205=CARTESIAN_POINT('',(-26.3920438964107,-4.78277503777348,7.3));
#4206=CARTESIAN_POINT('',(-26.8623154935516,-4.97249172224453,7.30000000000472));
#4207=CARTESIAN_POINT('',(-26.7920438964218,-4.88278348540507,6.83540258700385));
#4208=CARTESIAN_POINT('',(-26.3920438964218,-3.86150936427607,7.3));
#4209=CARTESIAN_POINT('',(-26.7920438964219,-3.86150936427608,7.3));
#4210=CARTESIAN_POINT('',(-26.7920438964219,-3.86150936427608,6.9));
#4211=CARTESIAN_POINT('',(-26.3920438964218,-3.86150936427605,6.9));
#4212=CARTESIAN_POINT('',(-26.3920438964218,-5.48181172713489,6.9));
#4213=CARTESIAN_POINT('',(-26.3920438964218,2.46437126636298,6.9));
#4214=CARTESIAN_POINT('',(-23.7920438964218,2.46437126636298,6.9));
#4215=CARTESIAN_POINT('',(-25.6305215275069,4.302848897448,6.9));
#4216=CARTESIAN_POINT('',(-20.2053513566437,9.72801906831125,6.9));
#4217=CARTESIAN_POINT('',(-24.0809578803132,5.85241254464165,6.9));
#4218=CARTESIAN_POINT('',(-26.4851209363475,8.25657560067591,6.9));
#4219=CARTESIAN_POINT('',(-23.1934204691208,7.40527774794794,6.9));
#4220=CARTESIAN_POINT('',(-25.1764882800944,-0.262620413672617,6.9));
#4221=CARTESIAN_POINT('',(4.85722573273506E-13,-5.72458747072347E-14,27.6));
#4222=CARTESIAN_POINT('',(4.85722573273506E-13,-5.72458747072347E-14,6.9));
#4223=CARTESIAN_POINT('',(-2.19999999999951,-5.72458747072347E-14,6.9));
#4224=CARTESIAN_POINT('',(4.85722573273506E-13,-5.72458747072347E-14,2.6));
#4225=CARTESIAN_POINT('',(-2.19999999999951,-5.72458747072347E-14,2.6));
#4226=CARTESIAN_POINT('',(-21.7487894022598,-1.47573232263047E-11,27.6));
#4227=CARTESIAN_POINT('',(-21.7487894022598,-1.47573232263047E-11,6.9));
#4228=CARTESIAN_POINT('',(-23.4487894022598,-1.47573232263047E-11,6.9));
#4229=CARTESIAN_POINT('',(-21.7487894022598,-1.47573232263047E-11,2.6));
#4230=CARTESIAN_POINT('',(-23.4487894022598,-1.47573232263047E-11,2.6));
#4231=CARTESIAN_POINT('',(21.7512105977401,-5.72764908772133E-14,27.6));
#4232=CARTESIAN_POINT('',(21.7512105977401,-5.72764908772133E-14,6.9));
#4233=CARTESIAN_POINT('',(20.0512105977401,-5.72764908772133E-14,6.9));
#4234=CARTESIAN_POINT('',(21.7512105977401,-5.72764908772133E-14,2.6));
#4235=CARTESIAN_POINT('',(20.0512105977401,-5.72764908772133E-14,2.6));
#4236=CARTESIAN_POINT('',(-26.7920438964218,-0.171413833885633,2.6));
#4237=CARTESIAN_POINT('',(-26.7920438964218,2.46437126636297,2.6));
#4238=CARTESIAN_POINT('',(-26.3920438964218,2.46437126636297,2.2));
#4239=CARTESIAN_POINT('',(-26.3920438964218,-0.171413833885633,2.2));
#4240=CARTESIAN_POINT('',(-26.3920438964218,-1.08405523452465,2.2));
#4241=CARTESIAN_POINT('',(-26.7920438964218,-1.08405523452465,2.6));
#4242=CARTESIAN_POINT('',(-23.7920438964218,2.46437126636297,2.6));
#4243=CARTESIAN_POINT('',(-25.9133642399815,4.58569160992261,2.6));
#4244=CARTESIAN_POINT('',(-25.6305215275069,4.30284889744799,2.2));
#4245=CARTESIAN_POINT('',(-23.7920438964218,2.46437126636297,2.2));
#4246=CARTESIAN_POINT('',(-15.3346296775222,15.1644261723819,2.6));
#4247=CARTESIAN_POINT('',(-24.3638005927895,6.13525525711466,2.6));
#4248=CARTESIAN_POINT('',(-24.0809578803148,5.85241254464004,2.2));
#4249=CARTESIAN_POINT('',(-15.0517869650476,14.8815834599073,2.2));
#4250=CARTESIAN_POINT('',(-26.4851209363491,8.2565756006743,2.6));
#4251=CARTESIAN_POINT('',(-23.5806793476196,7.50543043650256,2.6));
#4252=CARTESIAN_POINT('',(-23.1934204691224,7.40527774794633,2.2));
#4253=CARTESIAN_POINT('',(-26.4851209363491,8.2565756006743,2.2));
#4254=CARTESIAN_POINT('',(-23.9632228386488,6.026255334486,2.6));
#4255=CARTESIAN_POINT('',(-21.9059124242312,13.9812262423394,2.6));
#4256=CARTESIAN_POINT('',(-21.518653545734,13.8810735537828,2.2));
#4257=CARTESIAN_POINT('',(-23.5759639601516,5.92610264592976,2.2));
#4258=CARTESIAN_POINT('',(-21.9363680746759,13.8468930519286,2.60481212));
#4259=CARTESIAN_POINT('',(-21.9307044075803,13.8925502358148,2.60481212));
#4260=CARTESIAN_POINT('',(-21.9220969593451,13.9378648810039,2.60481212));
#4261=CARTESIAN_POINT('',(-21.8766181397466,14.1137171414573,2.60481212));
#4262=CARTESIAN_POINT('',(-21.8173666426298,14.2384058637818,2.60481212));
#4263=CARTESIAN_POINT('',(-21.6571859517305,14.4558055028281,2.60481212));
#4264=CARTESIAN_POINT('',(-21.5563189419177,14.5484311635113,2.60481212));
#4265=CARTESIAN_POINT('',(-21.3282197477185,14.6875664075504,2.60481212));
#4266=CARTESIAN_POINT('',(-21.2010766662926,14.7340206345509,2.60481212));
#4267=CARTESIAN_POINT('',(-20.9745153307116,14.7684089669523,2.60481212));
#4268=CARTESIAN_POINT('',(-20.876772042271,14.7686120128727,2.60481212));
#4269=CARTESIAN_POINT('',(-20.7811918237825,14.754662723758,2.60481212));
#4270=CARTESIAN_POINT('',(-21.931604782247,13.8463005217133,2.600012));
#4271=CARTESIAN_POINT('',(-21.9259666384443,13.891752228988,2.600012));
#4272=CARTESIAN_POINT('',(-21.9173979517832,13.9368632543577,2.600012));
#4273=CARTESIAN_POINT('',(-21.8721234681118,14.1119254121877,2.600012));
#4274=CARTESIAN_POINT('',(-21.8131376071483,14.2360533739535,2.600012));
#4275=CARTESIAN_POINT('',(-21.6536861133644,14.4524633357656,2.600012));
#4276=CARTESIAN_POINT('',(-21.5532831419487,14.544660288262,2.600012));
#4277=CARTESIAN_POINT('',(-21.3262562722243,14.6831414391639,2.600012));
#4278=CARTESIAN_POINT('',(-21.1997215905517,14.7293712145542,2.600012));
#4279=CARTESIAN_POINT('',(-20.9742609354532,14.7635924815537,2.600012));
#4280=CARTESIAN_POINT('',(-20.8769972412455,14.7637943067085,2.600012));
#4281=CARTESIAN_POINT('',(-20.7818872978067,14.7499135425595,2.600012));
#4282=CARTESIAN_POINT('',(-21.4947277086592,13.7919551565343,2.15975719519914));
#4283=CARTESIAN_POINT('',(-21.4914304964067,13.8185610713153,2.15975719519914));
#4284=CARTESIAN_POINT('',(-21.4864169227877,13.8449966044398,2.15975719519914));
#4285=CARTESIAN_POINT('',(-21.4598836109423,13.94759255804,2.15975719519914));
#4286=CARTESIAN_POINT('',(-21.4252612227195,14.0202889867824,2.15975719519914));
#4287=CARTESIAN_POINT('',(-21.3326898347892,14.1459282683642,2.15975719519914));
#4288=CARTESIAN_POINT('',(-21.2748472856012,14.1988051957263,2.15975719519914));
#4289=CARTESIAN_POINT('',(-21.1461712909323,14.2772945867432,2.15975719519914));
#4290=CARTESIAN_POINT('',(-21.0754374881067,14.30293823098,2.15975719519914));
#4291=CARTESIAN_POINT('',(-20.9509284490036,14.3218366839886,2.15975719519914));
#4292=CARTESIAN_POINT('',(-20.8976519187518,14.3219265436236,2.15975719519914));
#4293=CARTESIAN_POINT('',(-20.8456744074566,14.314330715145,2.15975719519914));
#4294=CARTESIAN_POINT('',(-20.9228006614319,14.3601945840617,2.2));
#4295=CARTESIAN_POINT('',(-20.9228006614319,14.4935279173951,2.33333333333333));
#4296=CARTESIAN_POINT('',(-20.9228006614319,14.6268612507284,2.46666666666667));
#4297=CARTESIAN_POINT('',(-20.9228006614319,14.7601945840617,2.6));
#4298=CARTESIAN_POINT('',(-20.9228006614319,14.3601945840617,2.2));
#4299=CARTESIAN_POINT('',(-21.518653545734,13.8810735537828,2.2));
#4300=CARTESIAN_POINT('',(-21.4493874284712,14.1489037965418,2.2));
#4301=CARTESIAN_POINT('',(-21.199686440528,14.3602292743362,2.2));
#4302=CARTESIAN_POINT('',(-20.922800665681,14.3601734924803,2.2));
#4303=CARTESIAN_POINT('',(0.00121032874624521,14.7601945840605,2.6));
#4304=CARTESIAN_POINT('',(20.9228006783928,14.7601667033361,2.59997211927692));
#4305=CARTESIAN_POINT('',(20.9228415937685,14.6268391544839,2.46664457042469));
#4306=CARTESIAN_POINT('',(20.9228825091442,14.4935116056317,2.33331702157247));
#4307=CARTESIAN_POINT('',(20.9229234245198,14.3601840567795,2.19998947272024));
#4308=CARTESIAN_POINT('',(20.9229234245198,14.3601735294997,2.2));
#4309=CARTESIAN_POINT('',(0.0012103287462211,14.3601945840605,2.2));
#4310=CARTESIAN_POINT('',(20.781899979357,14.7499032669157,2.6));
#4311=CARTESIAN_POINT('',(20.8770052646429,14.7637822472395,2.6));
#4312=CARTESIAN_POINT('',(20.974263959703,14.7635798850528,2.6));
#4313=CARTESIAN_POINT('',(21.1997182027904,14.7293595912935,2.6));
#4314=CARTESIAN_POINT('',(21.3262513635019,14.6831303770189,2.6));
#4315=CARTESIAN_POINT('',(21.5532755524828,14.5446508613102,2.6));
#4316=CARTESIAN_POINT('',(21.6536773638319,14.4524549805578,2.6));
#4317=CARTESIAN_POINT('',(21.8131270346699,14.2360474928778,2.6));
#4318=CARTESIAN_POINT('',(21.8721122315604,14.1119209329787,2.6));
#4319=CARTESIAN_POINT('',(21.9173861178988,13.9368610848491,2.6));
#4320=CARTESIAN_POINT('',(21.9259546649593,13.8917509142435,2.6));
#4321=CARTESIAN_POINT('',(21.9315927466361,13.8463000684633,2.6));
#4322=CARTESIAN_POINT('',(20.8460276826714,14.3119598289344,2.15735999999995));
#4323=CARTESIAN_POINT('',(20.8977684519145,14.3195205589778,2.15735999999995));
#4324=CARTESIAN_POINT('',(20.950803415566,14.3194310103872,2.15735999999995));
#4325=CARTESIAN_POINT('',(21.0747607588162,14.3006162958399,2.15735999999995));
#4326=CARTESIAN_POINT('',(21.1451907248694,14.2750847434519,2.1573599999999));
#4327=CARTESIAN_POINT('',(21.2733311972847,14.1969220086292,2.15736));
#4328=CARTESIAN_POINT('',(21.3309420042211,14.1442591794998,2.15735999999995));
#4329=CARTESIAN_POINT('',(21.4231492287926,14.0191141458778,2.15735999999995));
#4330=CARTESIAN_POINT('',(21.4576389574761,13.9466977627426,2.15736));
#4331=CARTESIAN_POINT('',(21.4840701728064,13.8444965841856,2.15735999999993));
#4332=CARTESIAN_POINT('',(21.4890643639674,13.8181629412547,2.15735999999993));
#4333=CARTESIAN_POINT('',(21.4923488308243,13.7916598445238,2.15735999999993));
#4334=CARTESIAN_POINT('',(21.9059124240785,13.9812262423409,2.6));
#4335=CARTESIAN_POINT('',(21.5186535455816,13.8810735537831,2.2));
#4336=CARTESIAN_POINT('',(20.9229234245198,14.3601735231619,2.20000000633728));
#4337=CARTESIAN_POINT('',(21.1997348575999,14.3601703989341,2.20000000633728));
#4338=CARTESIAN_POINT('',(21.4494125403419,14.148806696262,2.2));
#4339=CARTESIAN_POINT('',(21.5186535455815,13.8810735537837,2.2));
#4340=CARTESIAN_POINT('',(23.9633745919677,6.02566855178347,2.6));
#4341=CARTESIAN_POINT('',(23.5806793474562,7.50543043665791,2.6));
#4342=CARTESIAN_POINT('',(23.1934204689593,7.40527774810005,2.2));
#4343=CARTESIAN_POINT('',(23.5761157134709,5.92551586322561,2.2));
#4344=CARTESIAN_POINT('',(26.4851209361825,8.25657560084185,2.6));
#4345=CARTESIAN_POINT('',(24.3638005926229,6.1352552572822,2.6));
#4346=CARTESIAN_POINT('',(24.0809578801483,5.85241254480758,2.2));
#4347=CARTESIAN_POINT('',(26.4851209361825,8.25657560084185,2.2));
#4348=CARTESIAN_POINT('',(15.3358400062681,15.1632158436371,2.6));
#4349=CARTESIAN_POINT('',(25.9157848974722,4.58327095243288,2.6));
#4350=CARTESIAN_POINT('',(25.6329421849975,4.30042823995826,2.2));
#4351=CARTESIAN_POINT('',(15.0529972937934,14.8803731311624,2.2));
#4352=CARTESIAN_POINT('',(23.7944645539126,2.46195060887324,2.6));
#4353=CARTESIAN_POINT('',(26.7944645539126,2.46195060887324,2.6));
#4354=CARTESIAN_POINT('',(26.3944645539126,2.46195060887324,2.2));
#4355=CARTESIAN_POINT('',(23.7944645539126,2.46195060887324,2.2));
#4356=CARTESIAN_POINT('',(26.7944645539126,-0.171413833885632,2.6));
#4357=CARTESIAN_POINT('',(26.7944645539126,-1.08405523452473,2.6));
#4358=CARTESIAN_POINT('',(26.3944645539126,-1.08405523452473,2.2));
#4359=CARTESIAN_POINT('',(26.3944645539126,-0.171413833885632,2.2));
#4360=CARTESIAN_POINT('',(26.7969294541309,-1.08405523452472,2.60246490021835));
#4361=CARTESIAN_POINT('',(26.7969294541309,-1.55182162513191,2.60246490021835));
#4362=CARTESIAN_POINT('',(26.718803667386,-2.01940452902822,2.60246490021835));
#4363=CARTESIAN_POINT('',(26.418058648702,-2.88375834071665,2.60246490021835));
#4364=CARTESIAN_POINT('',(26.1955568722606,-3.28019038631031,2.60246490021835));
#4365=CARTESIAN_POINT('',(25.8377683562701,-3.70612586864198,2.60246490021835));
#4366=CARTESIAN_POINT('',(25.7533031724092,-3.79580182527216,2.60246490021835));
#4367=CARTESIAN_POINT('',(25.6648731537977,-3.87955549685837,2.60246490021835));
#4368=CARTESIAN_POINT('',(26.7944645539126,-1.08405523452472,2.6));
#4369=CARTESIAN_POINT('',(26.7944645539126,-1.5515505931442,2.6));
#4370=CARTESIAN_POINT('',(26.7163825818655,-2.01886203041597,2.6));
#4371=CARTESIAN_POINT('',(26.4158237210273,-2.88268081665252,2.6));
#4372=CARTESIAN_POINT('',(26.1934650768526,-3.2788483245726,2.6));
#4373=CARTESIAN_POINT('',(25.835939754379,-3.70447048367288,2.6));
#4374=CARTESIAN_POINT('',(25.7515386200194,-3.79407824193172,2.6));
#4375=CARTESIAN_POINT('',(25.6631777496149,-3.8777664487982,2.6));
#4376=CARTESIAN_POINT('',(26.3944645539125,-1.08405523452472,2.2));
#4377=CARTESIAN_POINT('',(26.3944645539125,-1.50756796282193,2.2));
#4378=CARTESIAN_POINT('',(26.3234927598019,-1.93082623761409,2.2));
#4379=CARTESIAN_POINT('',(26.0531432915216,-2.70782196336311,2.2));
#4380=CARTESIAN_POINT('',(25.8540119188885,-3.06106072770173,2.2));
#4381=CARTESIAN_POINT('',(25.5391972124282,-3.43583730221106,2.2));
#4382=CARTESIAN_POINT('',(25.4651899270105,-3.51437793964624,2.2));
#4383=CARTESIAN_POINT('',(25.3880503152189,-3.58744263822917,2.2));
#4384=CARTESIAN_POINT('',(25.3990848398967,-3.57708400604405,2.2));
#4385=CARTESIAN_POINT('',(25.4913472126221,-3.67334112192045,2.33333333333333));
#4386=CARTESIAN_POINT('',(25.5836095853476,-3.76959823779685,2.46666666666667));
#4387=CARTESIAN_POINT('',(25.6758719580731,-3.86585535367325,2.6));
#4388=CARTESIAN_POINT('',(25.3990848398966,-3.57708400604406,2.2));
#4389=CARTESIAN_POINT('',(26.3944645539126,-1.08405523452473,2.2));
#4390=CARTESIAN_POINT('',(26.3944645539126,-2.00974881167761,2.2));
#4391=CARTESIAN_POINT('',(26.0692453644517,-2.93518220149678,2.2));
#4392=CARTESIAN_POINT('',(25.3990094986582,-3.57700532953718,2.2));
#4393=CARTESIAN_POINT('',(14.1402998017749,-14.9226925360033,2.6));
#4394=CARTESIAN_POINT('',(15.0078262040554,-14.0910336784553,2.59990220941822));
#4395=CARTESIAN_POINT('',(14.9155412559228,-13.9947794887631,2.46655536712559));
#4396=CARTESIAN_POINT('',(14.8232563077901,-13.898525299071,2.33320852483296));
#4397=CARTESIAN_POINT('',(14.7309713596575,-13.8022711093788,2.19986168254033));
#4398=CARTESIAN_POINT('',(14.7308756484299,-13.8021712540807,2.2));
#4399=CARTESIAN_POINT('',(13.8635126835984,-14.6339211883741,2.2));
#4400=CARTESIAN_POINT('',(15.0216327719563,-14.0811046662245,2.60251472722105));
#4401=CARTESIAN_POINT('',(14.8578361012819,-14.2392502694581,2.60251472722105));
#4402=CARTESIAN_POINT('',(14.6870818441934,-14.3816989399827,2.60251472722105));
#4403=CARTESIAN_POINT('',(14.1103663969459,-14.7907494558111,2.60251472722105));
#4404=CARTESIAN_POINT('',(13.6852538526672,-14.9804712709524,2.60251472722105));
#4405=CARTESIAN_POINT('',(13.1096948989587,-15.0914903761073,2.60251472722105));
#4406=CARTESIAN_POINT('',(12.9522299492137,-15.1062458729464,2.60251472722105));
#4407=CARTESIAN_POINT('',(12.7977127372664,-15.1052614840614,2.60251472722105));
#4408=CARTESIAN_POINT('',(15.0198861199182,-14.0792947911456,2.6));
#4409=CARTESIAN_POINT('',(14.8561754459428,-14.2373574842772,2.6));
#4410=CARTESIAN_POINT('',(14.6855176748573,-14.3797253158396,2.6));
#4411=CARTESIAN_POINT('',(14.1091618051944,-14.7885207918739,2.6));
#4412=CARTESIAN_POINT('',(13.6843725398911,-14.978080184885,2.6));
#4413=CARTESIAN_POINT('',(13.1093728237157,-15.0889914191844,2.6));
#4414=CARTESIAN_POINT('',(12.9520745934481,-15.1037316401274,2.6));
#4415=CARTESIAN_POINT('',(12.7977296408204,-15.1027489405567,2.6));
#4416=CARTESIAN_POINT('',(14.7403548985069,-13.7896454618076,2.19754733266464));
#4417=CARTESIAN_POINT('',(14.5904069899601,-13.9344393632173,2.19754733266464));
#4418=CARTESIAN_POINT('',(14.4351906747015,-14.0638698647848,2.19754733266464));
#4419=CARTESIAN_POINT('',(13.9163809900822,-14.4318492059378,2.19754733266464));
#4420=CARTESIAN_POINT('',(13.5433287421748,-14.5954148375001,2.19754733266464));
#4421=CARTESIAN_POINT('',(13.0578284496285,-14.6890626035407,2.19754733266464));
#4422=CARTESIAN_POINT('',(12.9272117209488,-14.7013580960626,2.19754733266464));
#4423=CARTESIAN_POINT('',(12.8004348568544,-14.7006457514789,2.19754733266464));
#4424=CARTESIAN_POINT('',(14.7308756495555,-13.8021712552546,2.19999999837329));
#4425=CARTESIAN_POINT('',(14.4676791049084,-14.0545423749743,2.19999999837329));
#4426=CARTESIAN_POINT('',(13.8892636494347,-14.4876395344946,2.20000000081335));
#4427=CARTESIAN_POINT('',(13.1797214208104,-14.7030569026938,2.2));
#4428=CARTESIAN_POINT('',(12.8112066998274,-14.7031256016217,2.2));
#4429=CARTESIAN_POINT('',(-12.7955069318499,-15.1052465045462,2.60249837760497));
#4430=CARTESIAN_POINT('',(-12.9499541740364,-15.1062158507135,2.60249837760497));
#4431=CARTESIAN_POINT('',(-13.1073456716739,-15.0914599469998,2.60249837760497));
#4432=CARTESIAN_POINT('',(-13.6828274652804,-14.9804557251954,2.60249837760497));
#4433=CARTESIAN_POINT('',(-14.1079379077458,-14.7907349660484,2.60249837760497));
#4434=CARTESIAN_POINT('',(-14.6846506011306,-14.3816864034696,2.60249837760497));
#4435=CARTESIAN_POINT('',(-14.8554038366414,-14.2392386394237,2.60249837760497));
#4436=CARTESIAN_POINT('',(-15.0191995925693,-14.081094024968,2.60249837760497));
#4437=CARTESIAN_POINT('',(-12.795523487689,-15.1027502941494,2.6));
#4438=CARTESIAN_POINT('',(-12.9497996748757,-15.1037179783668,2.6));
#4439=CARTESIAN_POINT('',(-13.1070256194429,-15.088977250852,2.6));
#4440=CARTESIAN_POINT('',(-13.6819518824004,-14.9780801848854,2.6));
#4441=CARTESIAN_POINT('',(-14.1067411477036,-14.7885207918735,2.6));
#4442=CARTESIAN_POINT('',(-14.683096601572,-14.379725610753,2.6));
#4443=CARTESIAN_POINT('',(-14.8537539785852,-14.2373581598926,2.6));
#4444=CARTESIAN_POINT('',(-15.0174642970789,-14.0792959162899,2.6));
#4445=CARTESIAN_POINT('',(-12.7981900502346,-14.7006987211989,2.1975993661562));
#4446=CARTESIAN_POINT('',(-12.9249153018829,-14.7013987238314,2.1975993661562));
#4447=CARTESIAN_POINT('',(-13.0554764779704,-14.6891023474217,2.1975993661562));
#4448=CARTESIAN_POINT('',(-13.540926320372,-14.5954643126705,2.1975993661562));
#4449=CARTESIAN_POINT('',(-13.9139852574077,-14.4318953203486,2.1975993661562));
#4450=CARTESIAN_POINT('',(-14.432802007944,-14.063910967511,2.1975993661562));
#4451=CARTESIAN_POINT('',(-14.5880199573302,-13.9344791420204,2.1975993661562));
#4452=CARTESIAN_POINT('',(-14.7379693144831,-13.7896839415521,2.1975993661562));
#4453=CARTESIAN_POINT('',(-14.7286861157206,-13.8023329100272,2.2));
#4454=CARTESIAN_POINT('',(-14.8209484884461,-13.8985900259036,2.33333333333333));
#4455=CARTESIAN_POINT('',(-14.9132108611716,-13.99484714178,2.46666666666667));
#4456=CARTESIAN_POINT('',(-15.005473233897,-14.0911042576564,2.6));
#4457=CARTESIAN_POINT('',(-14.7286861157206,-13.8023329100272,2.2));
#4458=CARTESIAN_POINT('',(-12.8089616618785,-14.7031254901099,2.1999999765903));
#4459=CARTESIAN_POINT('',(-13.5401959354665,-14.7029201435089,2.1999999765903));
#4460=CARTESIAN_POINT('',(-14.2037382614938,-14.3053186305404,2.2));
#4461=CARTESIAN_POINT('',(-14.7284946491883,-13.8021332355397,2.2));
#4462=CARTESIAN_POINT('',(-14.1378791442841,-14.9226925360033,2.6));
#4463=CARTESIAN_POINT('',(-25.673406703462,-3.86580873774464,2.59993548686765));
#4464=CARTESIAN_POINT('',(-25.5811920105986,-3.76951057989071,2.46660551709548));
#4465=CARTESIAN_POINT('',(-25.4889773177352,-3.67321242203678,2.33327554732331));
#4466=CARTESIAN_POINT('',(-25.3967626248719,-3.57691426418285,2.19994557755114));
#4467=CARTESIAN_POINT('',(-25.3967249662899,-3.57687497507311,2.2));
#4468=CARTESIAN_POINT('',(-13.8610920261077,-14.6339211883741,2.2));
#4469=CARTESIAN_POINT('',(4.85722573273506E-13,-5.72458747072347E-14,2.6));
#4470=CARTESIAN_POINT('',(4.85722573273506E-13,-5.72458747072347E-14,2.2));
#4471=CARTESIAN_POINT('',(-2.59999999999951,-5.72458747072347E-14,2.2));
#4472=CARTESIAN_POINT('',(-25.6608117562552,-3.87771467416001,2.6));
#4473=CARTESIAN_POINT('',(-25.7491527722932,-3.79404128434961,2.6));
#4474=CARTESIAN_POINT('',(-25.8335355623429,-3.70445088208974,2.6));
#4475=CARTESIAN_POINT('',(-26.1910444193612,-3.27884832457274,2.6));
#4476=CARTESIAN_POINT('',(-26.4134030635374,-2.88268081665258,2.6));
#4477=CARTESIAN_POINT('',(-26.7139619243741,-2.01886203041583,2.6));
#4478=CARTESIAN_POINT('',(-26.7920438964218,-1.55155059314413,2.6));
#4479=CARTESIAN_POINT('',(-26.7920438964218,-1.08405523452466,2.6));
#4480=CARTESIAN_POINT('',(-25.3856773799098,-3.58739743590299,2.2));
#4481=CARTESIAN_POINT('',(-25.4627997925365,-3.51434554654122,2.2));
#4482=CARTESIAN_POINT('',(-25.5367910533994,-3.4358200422681,2.2));
#4483=CARTESIAN_POINT('',(-25.851591261397,-3.06106072770187,2.2));
#4484=CARTESIAN_POINT('',(-26.0507226340317,-2.70782196336309,2.2));
#4485=CARTESIAN_POINT('',(-26.3210721023104,-1.93082623761402,2.2));
#4486=CARTESIAN_POINT('',(-26.3920438964218,-1.50756796282186,2.2));
#4487=CARTESIAN_POINT('',(-26.3920438964218,-1.08405523452466,2.2));
#4488=CARTESIAN_POINT('',(-25.3967249651784,-3.57687497391258,2.20000000160685));
#4489=CARTESIAN_POINT('',(-26.0658672771717,-2.93601176226155,2.20000000160685));
#4490=CARTESIAN_POINT('',(-26.3920438964219,-2.00819788679837,2.2));
#4491=CARTESIAN_POINT('',(-26.3920438964218,-1.08405523452465,2.2));
#4492=CARTESIAN_POINT('',(-21.7487894022598,-1.47573232263047E-11,2.6));
#4493=CARTESIAN_POINT('',(-21.7487894022598,-1.47573232263047E-11,2.2));
#4494=CARTESIAN_POINT('',(-23.8487894022599,-1.47573232263047E-11,2.2));
#4495=CARTESIAN_POINT('',(21.7512105977401,-5.72764908772133E-14,2.6));
#4496=CARTESIAN_POINT('',(21.7512105977401,-5.72764908772133E-14,2.2));
#4497=CARTESIAN_POINT('',(19.6512105977401,-5.72764908772133E-14,2.2));
#4498=CARTESIAN_POINT('',(-4.99552056119747,-5.48181172713489,2.2));
#4499=CARTESIAN_POINT('',(21.7512105977401,-5.72764908772133E-14,7.3));
#4500=CARTESIAN_POINT('',(-21.7487894022598,-1.47573232263047E-11,7.3));
#4501=CARTESIAN_POINT('',(4.85722573273506E-13,-5.72458747072347E-14,7.3));
#4502=CARTESIAN_POINT('',(13.1966873944024,6.94999785589343,8.05676712206013));
#4503=CARTESIAN_POINT('',(13.1966873944024,6.9499978558939,6.13358393234048));
#4504=CARTESIAN_POINT('',(13.1966873944024,7.1499978558939,6.13358393234053));
#4505=CARTESIAN_POINT('',(13.1966873944026,13.6919450879035,6.13358393234212));
#4506=CARTESIAN_POINT('',(13.1966873944026,13.6050402448981,6.48967491403882));
#4507=CARTESIAN_POINT('',(13.1966873944026,13.6050402448981,6.48967491403901));
#4508=CARTESIAN_POINT('',(13.1966873944026,12.8278508040381,6.3));
#4509=CARTESIAN_POINT('',(13.1966873944026,12.8278508040381,7.1));
#4510=CARTESIAN_POINT('',(13.1966873944024,6.94999785589343,7.1));
#4511=CARTESIAN_POINT('',(13.1966873944024,7.14999785589366,7.1));
#4512=CARTESIAN_POINT('',(13.1966873944024,7.14999785589343,8.05676712206018));
#4513=CARTESIAN_POINT('',(19.1966873944025,6.94999785589328,8.05676712206013));
#4514=CARTESIAN_POINT('',(19.1966873944026,12.8278508040377,6.3));
#4515=CARTESIAN_POINT('',(19.1966873944026,12.8278508040377,7.1));
#4516=CARTESIAN_POINT('',(19.1966873944026,13.6050402448977,6.48967491403901));
#4517=CARTESIAN_POINT('',(19.1966873944026,12.8699841269138,9.50155371852417));
#4518=CARTESIAN_POINT('',(19.1966873944026,13.6919450879031,6.13358393234212));
#4519=CARTESIAN_POINT('',(19.1966873944025,6.94999785589375,6.13358393234048));
#4520=CARTESIAN_POINT('',(19.1966873944025,7.14999785589375,6.13358393234053));
#4521=CARTESIAN_POINT('',(19.1966873944025,7.14999785589347,7.3));
#4522=CARTESIAN_POINT('',(19.1966873944025,7.14999785589352,7.1));
#4523=CARTESIAN_POINT('',(19.1966873944026,12.8278508040377,7.1));
#4524=CARTESIAN_POINT('',(-0.359829599554806,6.94999785589414,6.50676712205844));
#4525=CARTESIAN_POINT('',(14.4581229258833,6.94999785589368,6.90000000002355));
#4526=CARTESIAN_POINT('',(14.4581229258833,6.94999785589363,7.1));
#4527=CARTESIAN_POINT('',(14.6411297120432,6.9499978558937,6.81932462447797));
#4528=CARTESIAN_POINT('',(16.1966873944024,6.94999785589383,6.13358393234048));
#4529=CARTESIAN_POINT('',(17.7522450767616,6.94999785589362,6.81932462447797));
#4530=CARTESIAN_POINT('',(17.9352518629216,6.9499978558936,6.90000000002355));
#4531=CARTESIAN_POINT('',(17.9352518629216,6.94999785589355,7.1));
#4532=CARTESIAN_POINT('',(19.1966873944025,6.94999785589352,7.1));
#4533=CARTESIAN_POINT('',(18.9966873944024,6.94999785589352,7.1));
#4534=CARTESIAN_POINT('',(18.9966873944024,6.94999785589376,6.13358393234048));
#4535=CARTESIAN_POINT('',(18.9966873944024,6.94999785589376,6.13358393234048));
#4536=CARTESIAN_POINT('',(16.1966873944024,6.94999785589383,6.13358393234048));
#4537=CARTESIAN_POINT('',(13.3966873944024,6.94999785589389,6.13358393234048));
#4538=CARTESIAN_POINT('',(13.3966873944024,6.9499978558938,6.50676712205844));
#4539=CARTESIAN_POINT('',(13.3966873944024,6.94999785589366,7.1));
#4540=CARTESIAN_POINT('',(14.4581229258833,6.94999785589363,7.1));
#4541=CARTESIAN_POINT('',(16.1966873944024,6.94999785589383,6.13358393234048));
#4542=CARTESIAN_POINT('',(16.1966873944026,13.6919450879033,6.13358393234212));
#4543=CARTESIAN_POINT('',(16.1966873944024,7.14999785589383,6.13358393234053));
#4544=CARTESIAN_POINT('',(-19.2033130636253,6.94999785589421,8.05676712206013));
#4545=CARTESIAN_POINT('',(-19.2033130636253,6.94999785589421,7.1));
#4546=CARTESIAN_POINT('',(-19.2033130636251,12.8278508040401,7.1));
#4547=CARTESIAN_POINT('',(-19.2033130636253,7.14999785589445,7.1));
#4548=CARTESIAN_POINT('',(-19.2033130636253,7.14999785589421,8.05676712206018));
#4549=CARTESIAN_POINT('',(-19.2033130636253,7.14999785589468,6.13358393234398));
#4550=CARTESIAN_POINT('',(-19.2033130636253,6.94999785589468,6.13358393234393));
#4551=CARTESIAN_POINT('',(-19.2033130636251,13.6919450879046,6.13358393234557));
#4552=CARTESIAN_POINT('',(-19.2033130636251,13.6050402448998,6.48967491404007));
#4553=CARTESIAN_POINT('',(-19.2033130636251,13.6050402449,6.48967491403901));
#4554=CARTESIAN_POINT('',(-19.2033130636251,12.8278508040401,6.3));
#4555=CARTESIAN_POINT('',(-13.2033130636251,6.94999785589407,8.05676712206013));
#4556=CARTESIAN_POINT('',(-13.2033130636253,6.94999785589454,6.13358393234393));
#4557=CARTESIAN_POINT('',(-13.2033130636253,7.14999785589454,6.13358393234398));
#4558=CARTESIAN_POINT('',(-13.2033130636251,13.6919450879043,6.13358393234557));
#4559=CARTESIAN_POINT('',(-13.2033130636251,7.14999785589425,7.3));
#4560=CARTESIAN_POINT('',(-13.2033130636252,7.1499978558943,7.1));
#4561=CARTESIAN_POINT('',(-13.203313063625,12.8278508040397,7.1));
#4562=CARTESIAN_POINT('',(-13.203313063625,12.8278508040397,7.1));
#4563=CARTESIAN_POINT('',(-13.2033130636251,12.8278508040397,6.3));
#4564=CARTESIAN_POINT('',(-13.2033130636251,13.6050402448997,6.48967491403903));
#4565=CARTESIAN_POINT('',(-13.2033130636248,12.8699841269157,9.50155371852444));
#4566=CARTESIAN_POINT('',(-0.359829599554806,6.94999785589414,6.50676712205844));
#4567=CARTESIAN_POINT('',(-13.4033130636253,6.94999785589454,6.13358393234395));
#4568=CARTESIAN_POINT('',(-13.4033130636252,6.94999785589431,7.1));
#4569=CARTESIAN_POINT('',(-13.4033130636253,6.94999785589454,6.13358393234395));
#4570=CARTESIAN_POINT('',(-16.2033130636252,6.94999785589461,6.13358393234393));
#4571=CARTESIAN_POINT('',(-19.0033130636252,6.94999785589468,6.13358393234393));
#4572=CARTESIAN_POINT('',(-19.0033130636252,6.94999785589459,6.50676712205844));
#4573=CARTESIAN_POINT('',(-19.0033130636252,6.94999785589444,7.1));
#4574=CARTESIAN_POINT('',(-17.9418775321459,6.94999785589442,7.1));
#4575=CARTESIAN_POINT('',(-17.941877532146,6.94999785589442,7.10000000002355));
#4576=CARTESIAN_POINT('',(-17.941877532146,6.94999785589446,6.90000000002355));
#4577=CARTESIAN_POINT('',(-17.7588707459858,6.94999785589448,6.81932462447833));
#4578=CARTESIAN_POINT('',(-16.2033130636252,6.94999785589461,6.13358393234393));
#4579=CARTESIAN_POINT('',(-14.6477553812647,6.9499978558944,6.81932462447833));
#4580=CARTESIAN_POINT('',(-14.4647485951046,6.94999785589438,6.90000000002355));
#4581=CARTESIAN_POINT('',(-14.4647485951046,6.94999785589433,7.1));
#4582=CARTESIAN_POINT('',(-13.2033130636251,6.9499978558943,7.1));
#4583=CARTESIAN_POINT('',(-16.2033130636252,6.94999785589461,6.13358393234393));
#4584=CARTESIAN_POINT('',(-16.2033130636252,7.14999785589461,6.13358393234398));
#4585=CARTESIAN_POINT('',(-16.2033130636251,13.6919450879044,6.13358393234557));
#4586=CARTESIAN_POINT('',(14.458122925881,-89.8674078860826,6.9));
#4587=CARTESIAN_POINT('',(14.4581229258833,6.74999785589368,6.90000000002351));
#4588=CARTESIAN_POINT('',(14.4581229258827,-16.7841630828436,6.90000000001778));
#4589=CARTESIAN_POINT('',(14.4581229258749,-16.7841630828436,6.9));
#4590=CARTESIAN_POINT('',(14.4581229258749,-16.7841630828436,6.9));
#4591=CARTESIAN_POINT('',(17.5692382906077,-13.4513376279754,6.73864924891274));
#4592=CARTESIAN_POINT('',(17.7422336947511,-13.8899987714049,6.34622054660369));
#4593=CARTESIAN_POINT('',(18.186106183484,-13.7130533490049,6.73095269530372));
#4594=CARTESIAN_POINT('',(17.6193074636513,-13.2976226597497,6.62507062120028));
#4595=CARTESIAN_POINT('',(17.7672610096475,-13.7698738758065,6.19738431619892));
#4596=CARTESIAN_POINT('',(18.2495271360033,-13.5593383807794,6.58708643353358));
#4597=CARTESIAN_POINT('',(17.6911011149548,-13.0143910046797,6.38542812368211));
#4598=CARTESIAN_POINT('',(17.7689671443128,-13.5743084816046,5.8971455931297));
#4599=CARTESIAN_POINT('',(18.3404657609915,-13.276106725709,6.28353927001203));
#4600=CARTESIAN_POINT('',(17.7071686509874,-12.6881439163442,6.01051647405315));
#4601=CARTESIAN_POINT('',(17.6574771126965,-13.4496236946566,5.53866767976793));
#4602=CARTESIAN_POINT('',(18.3608179732979,-12.9498596373736,5.8086511804814));
#4603=CARTESIAN_POINT('',(17.6306244486286,-12.4805118993031,5.64315250750678));
#4604=CARTESIAN_POINT('',(17.5045405329257,-13.4686105885632,5.34111567952996));
#4605=CARTESIAN_POINT('',(18.2638619836439,-12.7422276203324,5.34332348952281));
#4606=CARTESIAN_POINT('',(17.4661623591214,-12.4042212063571,5.30585620227989));
#4607=CARTESIAN_POINT('',(17.430892043742,-13.5147733673039,5.30329480564685));
#4608=CARTESIAN_POINT('',(18.0555433369346,-12.6659369273865,4.91608150290203));
#4609=CARTESIAN_POINT('',(17.2238665674587,-12.4639541894146,5.01931477396337));
#4610=CARTESIAN_POINT('',(17.426562889258,-13.4762459681955,5.23722328108878));
#4611=CARTESIAN_POINT('',(17.7486353341619,-12.7256699104439,4.55312902703445));
#4612=CARTESIAN_POINT('',(16.918589441657,-12.6560334261943,4.80107337214037));
#4613=CARTESIAN_POINT('',(17.3213195102085,-13.4453393987139,5.03320055784732));
#4614=CARTESIAN_POINT('',(17.361950974813,-12.9177491472237,4.27668991805866));
#4615=CARTESIAN_POINT('',(16.5690608917302,-12.968737543833,4.66459944636137));
#4616=CARTESIAN_POINT('',(17.0486800481304,-13.5505682915525,4.7915360632431));
#4617=CARTESIAN_POINT('',(16.9192148115725,-13.2304532648623,4.10382294540529));
#4618=CARTESIAN_POINT('',(16.0725315683917,-13.5206704988254,4.60238359251068));
#4619=CARTESIAN_POINT('',(16.5515389166757,-13.8843894611636,4.57062894663273));
#4620=CARTESIAN_POINT('',(16.2902776686771,-13.7823862198547,4.02501619719443));
#4621=CARTESIAN_POINT('',(15.4522223417377,-14.4021785223308,4.75930942063008));
#4622=CARTESIAN_POINT('',(15.7984135584798,-14.5997956039659,4.56062159671686));
#4623=CARTESIAN_POINT('',(15.5045526482483,-14.6638942433601,4.22378891281253));
#4624=CARTESIAN_POINT('',(14.8874807262525,-15.5138182346597,5.27997159952016));
#4625=CARTESIAN_POINT('',(15.0185372714169,-15.6654020021213,5.05309091392045));
#4626=CARTESIAN_POINT('',(14.7892132686353,-15.775533955689,4.88329433940619));
#4627=CARTESIAN_POINT('',(14.6389630334523,-16.4101238607697,6.00669627195122));
#4628=CARTESIAN_POINT('',(14.6353622801792,-16.5553014523401,5.86221102632329));
#4629=CARTESIAN_POINT('',(14.4744241910825,-16.6718395817993,5.80381225782079));
#4630=CARTESIAN_POINT('',(14.7239981479645,-16.7198888837179,6.51149198409209));
#4631=CARTESIAN_POINT('',(14.7040364575428,-16.8714328673839,6.4535471349343));
#4632=CARTESIAN_POINT('',(14.5821353361459,-16.9816046047468,6.44322015986127));
#4633=CARTESIAN_POINT('',(14.8241364982022,-16.7841630828473,6.73864924892591));
#4634=CARTESIAN_POINT('',(14.8117656831909,-16.9342014788879,6.71058686827888));
#4635=CARTESIAN_POINT('',(14.7089772464371,-17.0458788038768,6.73095269532061));
#4636=CARTESIAN_POINT('',(17.9352518629293,-13.4513376279754,6.9));
#4637=CARTESIAN_POINT('',(17.9352518629293,-13.4513376279754,6.9));
#4638=CARTESIAN_POINT('',(17.9352518629293,-13.4513376279754,6.9));
#4639=CARTESIAN_POINT('',(17.9352518629193,-89.8674078860827,6.9));
#4640=CARTESIAN_POINT('',(17.9352518629216,6.74999785589357,6.90000000002351));
#4641=CARTESIAN_POINT('',(-17.9418775321483,-89.8674078860818,6.9));
#4642=CARTESIAN_POINT('',(-17.941877532146,6.74999785589446,6.90000000002351));
#4643=CARTESIAN_POINT('',(-17.9418775321464,-13.4426667306638,6.90000000001859));
#4644=CARTESIAN_POINT('',(-17.9418775321546,-13.4426667306638,6.9));
#4645=CARTESIAN_POINT('',(-17.9418775321546,-13.4426667306638,6.9));
#4646=CARTESIAN_POINT('',(-14.8307621674191,-16.7754921855347,6.7386492489133));
#4647=CARTESIAN_POINT('',(-14.8183913524074,-16.9255305815754,6.71058686826428));
#4648=CARTESIAN_POINT('',(-14.7156029156521,-17.0372079065641,6.73095269530372));
#4649=CARTESIAN_POINT('',(-14.7306238171847,-16.7112179864007,6.5114919840796));
#4650=CARTESIAN_POINT('',(-14.7106621267647,-16.8627619700694,6.45354713491785));
#4651=CARTESIAN_POINT('',(-14.5887610053657,-16.9729337074292,6.44322015984372));
#4652=CARTESIAN_POINT('',(-14.6455887026778,-16.4014529634464,6.00669627193781));
#4653=CARTESIAN_POINT('',(-14.6419879494057,-16.5466305550156,5.86221102630838));
#4654=CARTESIAN_POINT('',(-14.4810498603081,-16.6631686844762,5.80381225780326));
#4655=CARTESIAN_POINT('',(-14.8941063954848,-15.5051473373315,5.27997159951146));
#4656=CARTESIAN_POINT('',(-15.0251629406529,-15.656731104794,5.05309091391099));
#4657=CARTESIAN_POINT('',(-14.79583893787,-15.7668630583607,4.88329433939414));
#4658=CARTESIAN_POINT('',(-15.4588480109732,-14.3935076250038,4.75930942062751));
#4659=CARTESIAN_POINT('',(-15.8050392277189,-14.5911247066406,4.56062159671638));
#4660=CARTESIAN_POINT('',(-15.5111783174869,-14.6552233460331,4.22378891280837));
#4661=CARTESIAN_POINT('',(-16.079157237627,-13.511999601503,4.60238359251336));
#4662=CARTESIAN_POINT('',(-16.5581645859128,-13.8757185638448,4.57062894663901));
#4663=CARTESIAN_POINT('',(-16.2969033379154,-13.7737153225323,4.02501619719691));
#4664=CARTESIAN_POINT('',(-16.5756865609639,-12.9600666465152,4.66459944636738));
#4665=CARTESIAN_POINT('',(-17.0553057173633,-13.5418973942397,4.79153606325249));
#4666=CARTESIAN_POINT('',(-16.9258404808088,-13.2217823675445,4.10382294541198));
#4667=CARTESIAN_POINT('',(-16.925215110889,-12.6473625288802,4.80107337214832));
#4668=CARTESIAN_POINT('',(-17.3279451794369,-13.4366685014054,5.03320055785675));
#4669=CARTESIAN_POINT('',(-17.3685766440472,-12.9090782499095,4.27668991806782));
#4670=CARTESIAN_POINT('',(-17.2304922366887,-12.4552832921039,5.01931477397264));
#4671=CARTESIAN_POINT('',(-17.4331885584823,-13.467575070889,5.23722328109522));
#4672=CARTESIAN_POINT('',(-17.7552610033936,-12.7169990131332,4.55312902704528));
#4673=CARTESIAN_POINT('',(-17.4727880283493,-12.3955503090495,5.30585620228979));
#4674=CARTESIAN_POINT('',(-17.4375177129663,-13.5061024699957,5.30329480565055));
#4675=CARTESIAN_POINT('',(-18.0621690061637,-12.6572660300789,4.91608150291366));
#4676=CARTESIAN_POINT('',(-17.6372501178546,-12.4718410019979,5.64315250751673));
#4677=CARTESIAN_POINT('',(-17.5111662021519,-13.4599396912541,5.34111567953517));
#4678=CARTESIAN_POINT('',(-18.2704876528704,-12.7335567230273,5.34332348953447));
#4679=CARTESIAN_POINT('',(-17.7137943202116,-12.6794730190406,6.01051647406256));
#4680=CARTESIAN_POINT('',(-17.6641027819233,-13.4409527973497,5.5386676797769));
#4681=CARTESIAN_POINT('',(-18.3674436425224,-12.94118874007,5.8086511804925));
#4682=CARTESIAN_POINT('',(-17.6977267841776,-13.0057201073772,6.38542812369074));
#4683=CARTESIAN_POINT('',(-17.7755928135358,-13.5656375842992,5.89714559313722));
#4684=CARTESIAN_POINT('',(-18.3470914302136,-13.2674358284066,6.28353927002164));
#4685=CARTESIAN_POINT('',(-17.6259331328737,-13.2889517624469,6.62507062120784));
#4686=CARTESIAN_POINT('',(-17.7738866788742,-13.7612029785028,6.1973843162104));
#4687=CARTESIAN_POINT('',(-18.2561528052262,-13.5506674834763,6.5870864335431));
#4688=CARTESIAN_POINT('',(-17.5758639598298,-13.4426667306728,6.73864924892011));
#4689=CARTESIAN_POINT('',(-17.7488593639742,-13.8813278741009,6.34622054661207));
#4690=CARTESIAN_POINT('',(-18.1927318527056,-13.7043824517022,6.73095269531213));
#4691=CARTESIAN_POINT('',(-14.4647485950973,-16.7754921855347,6.9));
#4692=CARTESIAN_POINT('',(-14.4647485950973,-16.7754921855347,6.9));
#4693=CARTESIAN_POINT('',(-14.4647485950973,-16.7754921855347,6.9));
#4694=CARTESIAN_POINT('',(-14.4647485951069,-89.8674078860819,6.9));
#4695=CARTESIAN_POINT('',(-14.4647485951046,6.74999785589438,6.90000000002351));
#4696=CARTESIAN_POINT('',(-0.359829599554811,6.74999785589399,7.1));
#4697=CARTESIAN_POINT('',(13.3966873944024,6.74999785589366,7.1));
#4698=CARTESIAN_POINT('',(14.4581229258833,6.74999785589363,7.1));
#4699=CARTESIAN_POINT('',(12.9966873944021,-5.48181172713532,7.1));
#4700=CARTESIAN_POINT('',(12.9966873944026,12.8278508040381,7.1));
#4701=CARTESIAN_POINT('',(12.9966873944024,7.14999785589367,7.1));
#4702=CARTESIAN_POINT('',(14.4581229258833,6.74999785589368,6.90000000002351));
#4703=CARTESIAN_POINT('',(14.6411297120432,6.7499978558937,6.81932462447792));
#4704=CARTESIAN_POINT('',(13.3966873944024,7.14999785589366,7.1));
#4705=CARTESIAN_POINT('',(13.3966873944024,7.14999785589366,7.1));
#4706=CARTESIAN_POINT('',(12.9966873944026,12.8278508040381,6.3));
#4707=CARTESIAN_POINT('',(12.9966873944026,13.6050402448981,6.48967491403901));
#4708=CARTESIAN_POINT('',(16.1966873944024,6.74999785589383,6.13358393234044));
#4709=CARTESIAN_POINT('',(17.7522450767616,6.74999785589362,6.81932462447792));
#4710=CARTESIAN_POINT('',(13.3966873944024,7.1499978558938,6.50676712205849));
#4711=CARTESIAN_POINT('',(13.3966873944024,7.14999785589389,6.13358393234053));
#4712=CARTESIAN_POINT('',(12.9966873944026,12.8699841269142,9.50155371852422));
#4713=CARTESIAN_POINT('',(12.9966873944026,13.6919450879035,6.13358393234212));
#4714=CARTESIAN_POINT('',(17.9352518629216,6.7499978558936,6.90000000002351));
#4715=CARTESIAN_POINT('',(17.9352518629216,6.74999785589355,7.10000000002351));
#4716=CARTESIAN_POINT('',(16.1966873944024,7.14999785589383,6.13358393234053));
#4717=CARTESIAN_POINT('',(18.9966873944024,7.14999785589376,6.13358393234053));
#4718=CARTESIAN_POINT('',(19.3966873944026,13.8862424481183,6.1810026608514));
#4719=CARTESIAN_POINT('',(19.1966873944026,13.8862424481183,6.18100266085143));
#4720=CARTESIAN_POINT('',(19.1966873944026,13.6919450879033,6.13358393234168));
#4721=CARTESIAN_POINT('',(19.3966873943951,14.0906992779871,5.34324459415671));
#4722=CARTESIAN_POINT('',(19.2087279151305,14.0728476684899,5.41639123283703));
#4723=CARTESIAN_POINT('',(19.1966873944025,13.8964019177738,5.34818574481607));
#4724=CARTESIAN_POINT('',(18.7042445940574,14.4979851490632,3.6743982946051));
#4725=CARTESIAN_POINT('',(18.6163430400487,14.4583831347138,3.8366668135857));
#4726=CARTESIAN_POINT('',(18.547522269076,14.3036877888474,3.78364233898548));
#4727=CARTESIAN_POINT('',(16.1966873944018,14.7518224060678,2.63430484397544));
#4728=CARTESIAN_POINT('',(16.1966873944047,14.7131632331038,2.79271008787728));
#4729=CARTESIAN_POINT('',(16.1966873944021,14.5575250458528,2.80855472902056));
#4730=CARTESIAN_POINT('',(13.6891301947481,14.4979851490634,3.67439829460553));
#4731=CARTESIAN_POINT('',(13.7770317487524,14.4583831347108,3.83666681359327));
#4732=CARTESIAN_POINT('',(13.8458525197286,14.3036877888488,3.78364233898615));
#4733=CARTESIAN_POINT('',(12.9966873944078,14.0906992779871,5.34324459415836));
#4734=CARTESIAN_POINT('',(13.1846468736748,14.0728476684951,5.41639123283259));
#4735=CARTESIAN_POINT('',(13.1966873944025,13.896401917771,5.34818574481697));
#4736=CARTESIAN_POINT('',(12.9966873944026,13.8862424481184,6.18100266085236));
#4737=CARTESIAN_POINT('',(13.1966873944026,13.8862424481184,6.18100266085233));
#4738=CARTESIAN_POINT('',(13.1966873944026,13.6919450879034,6.13358393234258));
#4739=CARTESIAN_POINT('',(19.3966873944026,13.6919450879031,6.13358393234212));
#4740=CARTESIAN_POINT('',(-0.359829599554811,6.74999785589399,7.1));
#4741=CARTESIAN_POINT('',(18.9966873944024,6.74999785589352,7.1));
#4742=CARTESIAN_POINT('',(18.9966873944024,7.14999785589329,8.05676712206018));
#4743=CARTESIAN_POINT('',(18.9966873944024,7.14999785589352,7.1));
#4744=CARTESIAN_POINT('',(19.3966873944026,14.1585553794617,4.22165692062694));
#4745=CARTESIAN_POINT('',(19.3966873944026,13.6050402448977,6.48967491403901));
#4746=CARTESIAN_POINT('',(18.9966873944024,7.14999785589352,7.1));
#4747=CARTESIAN_POINT('',(19.3966873944025,7.14999785589351,7.1));
#4748=CARTESIAN_POINT('',(19.3966873944026,12.8278508040377,6.3));
#4749=CARTESIAN_POINT('',(19.3966873944026,12.8278508040377,7.1));
#4750=CARTESIAN_POINT('',(19.3966873944025,6.94999785589328,7.1));
#4751=CARTESIAN_POINT('',(-19.4033130636251,12.8699841269161,9.50155371852449));
#4752=CARTESIAN_POINT('',(-19.4033130636251,13.6919450879046,6.13358393234557));
#4753=CARTESIAN_POINT('',(-19.4033130636251,13.6050402449,6.48967491403901));
#4754=CARTESIAN_POINT('',(-19.4033130636251,12.8278508040401,6.3));
#4755=CARTESIAN_POINT('',(-19.4033130636251,12.8278508040401,7.1));
#4756=CARTESIAN_POINT('',(-13.0033130636251,13.8862424481194,6.18100266085485));
#4757=CARTESIAN_POINT('',(-13.2033130636251,13.8862424481194,6.18100266085488));
#4758=CARTESIAN_POINT('',(-13.2033130636251,13.6919450879044,6.13358393234513));
#4759=CARTESIAN_POINT('',(-13.0033130636296,14.0906992779882,5.34324459416016));
#4760=CARTESIAN_POINT('',(-13.1912725428897,14.0728476684874,5.41639123284819));
#4761=CARTESIAN_POINT('',(-13.2033130636252,13.8964019177749,5.34818574481952));
#4762=CARTESIAN_POINT('',(-13.6957558639718,14.4979851490643,3.67439829460855));
#4763=CARTESIAN_POINT('',(-13.7836574179847,14.4583831347192,3.83666681357546));
#4764=CARTESIAN_POINT('',(-13.8524781889517,14.3036877888485,3.78364233898893));
#4765=CARTESIAN_POINT('',(-16.2033130636252,14.7518224060689,2.63430484397889));
#4766=CARTESIAN_POINT('',(-16.2033130636197,14.7131632331022,2.79271008788823));
#4767=CARTESIAN_POINT('',(-16.2033130636256,14.5575250458539,2.80855472902401));
#4768=CARTESIAN_POINT('',(-18.7108702632807,14.4979851490645,3.67439829460898));
#4769=CARTESIAN_POINT('',(-18.6229687092758,14.458383134716,3.8366668135897));
#4770=CARTESIAN_POINT('',(-18.5541479382991,14.3036877888499,3.7836423389896));
#4771=CARTESIAN_POINT('',(-19.4033130636176,14.0906992779882,5.34324459416181));
#4772=CARTESIAN_POINT('',(-19.2153535843542,14.0728476684899,5.41639123283935));
#4773=CARTESIAN_POINT('',(-19.2033130636252,13.8964019177721,5.34818574482042));
#4774=CARTESIAN_POINT('',(-19.4033130636251,13.8862424481195,6.18100266085581));
#4775=CARTESIAN_POINT('',(-19.2033130636251,13.8862424481195,6.18100266085578));
#4776=CARTESIAN_POINT('',(-19.2033130636251,13.6919450879045,6.13358393234603));
#4777=CARTESIAN_POINT('',(-13.0033130636251,13.6919450879043,6.13358393234555));
#4778=CARTESIAN_POINT('',(-17.941877532146,6.74999785589447,6.90000000002351));
#4779=CARTESIAN_POINT('',(-17.7588707459858,6.74999785589448,6.81932462447828));
#4780=CARTESIAN_POINT('',(-17.941877532146,6.74999785589441,7.1000000000235));
#4781=CARTESIAN_POINT('',(-0.359829599554811,6.74999785589399,7.1));
#4782=CARTESIAN_POINT('',(-19.0033130636252,6.74999785589444,7.1));
#4783=CARTESIAN_POINT('',(-19.4033130636255,-5.48181172713454,7.1));
#4784=CARTESIAN_POINT('',(-19.4033130636252,7.14999785589445,7.1));
#4785=CARTESIAN_POINT('',(-13.0033130636253,14.15855537946,4.22165692064206));
#4786=CARTESIAN_POINT('',(-13.0033130636251,13.6050402448997,6.48967491403901));
#4787=CARTESIAN_POINT('',(-16.2033130636253,6.74999785589463,6.13358393234388));
#4788=CARTESIAN_POINT('',(-14.6477553812647,6.7499978558944,6.81932462447828));
#4789=CARTESIAN_POINT('',(-19.0033130636252,7.14999785589444,7.1));
#4790=CARTESIAN_POINT('',(-19.0033130636252,7.14999785589444,7.1));
#4791=CARTESIAN_POINT('',(-13.0033130636251,12.8278508040397,6.3));
#4792=CARTESIAN_POINT('',(-13.003313063625,12.8278508040397,7.1));
#4793=CARTESIAN_POINT('',(-14.4647485951046,6.74999785589439,6.90000000002351));
#4794=CARTESIAN_POINT('',(-14.4647485951046,6.74999785589433,7.10000000002351));
#4795=CARTESIAN_POINT('',(-19.0033130636252,7.14999785589458,6.50676712205849));
#4796=CARTESIAN_POINT('',(-19.0033130636252,7.14999785589468,6.13358393234398));
#4797=CARTESIAN_POINT('',(-13.0033130636252,6.94999785589406,7.1));
#4798=CARTESIAN_POINT('',(-13.0033130636252,7.14999785589429,7.1));
#4799=CARTESIAN_POINT('',(-0.359829599554811,6.74999785589399,7.1));
#4800=CARTESIAN_POINT('',(-13.4033130636252,6.74999785589431,7.1));
#4801=CARTESIAN_POINT('',(-16.2033130636252,7.14999785589461,6.13358393234398));
#4802=CARTESIAN_POINT('',(-13.4033130636253,7.14999785589454,6.13358393234398));
#4803=CARTESIAN_POINT('',(-13.4033130636252,7.1499978558943,7.1));
#4804=CARTESIAN_POINT('',(-13.4033130636252,7.1499978558943,7.1));
#4805=CARTESIAN_POINT('',(-13.4033130636251,7.14999785589407,8.05676712206021));
#4806=MECHANICAL_DESIGN_GEOMETRIC_PRESENTATION_REPRESENTATION('',(#2444),
#4807);
#4807=(
GEOMETRIC_REPRESENTATION_CONTEXT(3)
GLOBAL_UNCERTAINTY_ASSIGNED_CONTEXT((#4808))
GLOBAL_UNIT_ASSIGNED_CONTEXT((#4811,#4810,#4809))
REPRESENTATION_CONTEXT('[a]_wwbmg-UHF-adapter_sherpa_tap',
'TOP_LEVEL_ASSEMBLY_PART')
);
#4808=UNCERTAINTY_MEASURE_WITH_UNIT(LENGTH_MEASURE(0.0202274715567033),
#4811,'DISTANCE_ACCURACY_VALUE','Maximum Tolerance applied to model');
#4809=(
NAMED_UNIT(*)
SI_UNIT($,.STERADIAN.)
SOLID_ANGLE_UNIT()
);
#4810=(
NAMED_UNIT(*)
PLANE_ANGLE_UNIT()
SI_UNIT($,.RADIAN.)
);
#4811=(
LENGTH_UNIT()
NAMED_UNIT(*)
SI_UNIT(.MILLI.,.METRE.)
);
#4812=PRODUCT_DEFINITION_SHAPE('','',#4813);
#4813=PRODUCT_DEFINITION('','',#4815,#4814);
#4814=PRODUCT_DEFINITION_CONTEXT('',#4821,'design');
#4815=PRODUCT_DEFINITION_FORMATION_WITH_SPECIFIED_SOURCE('','',#4817,
 .NOT_KNOWN.);
#4816=PRODUCT_RELATED_PRODUCT_CATEGORY('','',(#4817));
#4817=PRODUCT('[a]_wwbmg-UHF-adapter_sherpa_tap',
'[a]_wwbmg-UHF-adapter_sherpa_tap','[a]_wwbmg-UHF-adapter_sherpa_tap',(#4819));
#4818=PRODUCT_CATEGORY('','');
#4819=PRODUCT_CONTEXT('',#4821,'mechanical');
#4820=APPLICATION_PROTOCOL_DEFINITION('international standard',
'ap242_managed_model_based_3d_engineering',2020,#4821);
#4821=APPLICATION_CONTEXT('managed model based 3d engineering');
ENDSEC;
END-ISO-10303-21;
