ISO-10303-21;
HEADER;
/* Generated by software containing ST-Developer
 * from STEP Tools, Inc. (www.steptools.com) 
 */
/* OPTION: using custom renumber hook */

FILE_DESCRIPTION(
/* description */ ('STEP AP242 Edition 2',
'CAx-IF Rec.Pracs.---Representation and Presentation of Product Manufa
cturing Information (PMI)---4.0---2014-10-13',
'CAx-IF Rec.Pracs.---3D Tessellated Geometry---0.4---2014-09-14','2;1',
'CAx-IF Rec.Pracs.---User Defined Attributes---1.5---2016-08-15'),
/* implementation_level */ '2;1');

FILE_NAME(
/* name */ '[a]_wwg2-UHF-adapter_o2_tap',
/* time_stamp */ '2026-09-27T04:16:42Z',
/* author */ (''),
/* organization */ (''),
/* preprocessor_version */ 'ST-DEVELOPER v20',
/* originating_system */ 'ONSHAPE BY PTC INC, 1.221',
/* authorisation */ '  ');

FILE_SCHEMA (('AP242_MANAGED_MODEL_BASED_3D_ENGINEERING_MIM_LF { 1 0 10303 442 3 1 4 }'));
ENDSEC;

DATA;
#10=SHAPE_REPRESENTATION_RELATIONSHIP('','',#2313,#11);
#11=ADVANCED_BREP_SHAPE_REPRESENTATION('',(#2311),#4673);
#12=TOROIDAL_SURFACE('',#2538,0.4,0.2);
#13=TOROIDAL_SURFACE('',#2540,0.2,0.2);
#14=TOROIDAL_SURFACE('',#2542,0.8,0.2);
#15=TOROIDAL_SURFACE('',#2546,1.7,0.2);
#16=TOROIDAL_SURFACE('',#2550,2.8,0.2);
#17=TOROIDAL_SURFACE('',#2552,0.2,0.2);
#18=TOROIDAL_SURFACE('',#2561,0.4,0.2);
#19=TOROIDAL_SURFACE('',#2563,0.8,0.2);
#20=TOROIDAL_SURFACE('',#2572,0.4,0.2);
#21=TOROIDAL_SURFACE('',#2574,0.2,0.2);
#22=TOROIDAL_SURFACE('',#2576,0.8,0.2);
#23=TOROIDAL_SURFACE('',#2580,1.7,0.2);
#24=TOROIDAL_SURFACE('',#2584,2.8,0.2);
#25=TOROIDAL_SURFACE('',#2586,0.2,0.2);
#26=TOROIDAL_SURFACE('',#2595,0.4,0.2);
#27=TOROIDAL_SURFACE('',#2597,0.8,0.2);
#28=B_SPLINE_SURFACE_WITH_KNOTS('',1,3,((#4099,#4100,#4101,#4102,#4103,
#4104,#4105,#4106,#4107,#4108,#4109,#4110,#4111,#4112),(#4113,#4114,#4115,
#4116,#4117,#4118,#4119,#4120,#4121,#4122,#4123,#4124,#4125,#4126)),
 .RULED_SURF.,.F.,.F.,.F.,(2,2),(4,2,2,2,2,2,4),(0.,0.916666666666827),
(1.41371669411539,1.5707963267949,1.96349540849362,2.35619449019234,2.74889357189107,
3.1415926535898,3.29867228626946),.UNSPECIFIED.);
#29=B_SPLINE_SURFACE_WITH_KNOTS('',1,3,((#4143,#4144,#4145,#4146,#4147,
#4148,#4149,#4150,#4151,#4152,#4153,#4154),(#4155,#4156,#4157,#4158,#4159,
#4160,#4161,#4162,#4163,#4164,#4165,#4166),(#4167,#4168,#4169,#4170,#4171,
#4172,#4173,#4174,#4175,#4176,#4177,#4178)),.RULED_SURF.,.F.,.F.,.F.,(2,
1,2),(4,2,2,2,2,4),(-0.01,0.,0.917172510001796),(1.37778586369221,1.5707963267949,
1.96349540849362,2.35619449019234,2.74889357189107,3.04288304454895),
 .UNSPECIFIED.);
#30=B_SPLINE_SURFACE_WITH_KNOTS('',1,3,((#4195,#4196,#4197,#4198,#4199,
#4200,#4201,#4202,#4203,#4204,#4205,#4206),(#4207,#4208,#4209,#4210,#4211,
#4212,#4213,#4214,#4215,#4216,#4217,#4218)),.RULED_SURF.,.F.,.F.,.F.,(2,
2),(4,2,2,2,2,4),(0.,0.922166666666667),(3.24031332422849,3.53429173528852,
3.92699081698724,4.31968989868597,4.71238898038469,4.90539837234655),
 .UNSPECIFIED.);
#31=B_SPLINE_SURFACE_WITH_KNOTS('',1,3,((#4232,#4233,#4234,#4235,#4236,
#4237,#4238,#4239,#4240,#4241,#4242,#4243),(#4244,#4245,#4246,#4247,#4248,
#4249,#4250,#4251,#4252,#4253,#4254,#4255)),.RULED_SURF.,.F.,.F.,.F.,(2,
2),(4,2,2,2,2,4),(0.,0.916666666666831),(0.,0.392699081698724,0.785398163397448,
1.17809724509617,1.5707963267949,1.7278759594746),.UNSPECIFIED.);
#32=B_SPLINE_SURFACE_WITH_KNOTS('',1,3,((#4285,#4286,#4287,#4288,#4289,
#4290,#4291,#4292,#4293,#4294,#4295,#4296),(#4297,#4298,#4299,#4300,#4301,
#4302,#4303,#4304,#4305,#4306,#4307,#4308)),.RULED_SURF.,.F.,.F.,.F.,(2,
2),(4,2,2,2,2,4),(0.,0.833333335771552),(4.93701143798044,5.10508806208341,
5.49778714378214,5.6941366846315,5.89048622548086,5.91237317845077),
 .UNSPECIFIED.);
#33=B_SPLINE_SURFACE_WITH_KNOTS('',1,3,((#4314,#4315,#4316,#4317,#4318,
#4319,#4320,#4321,#4322,#4323,#4324,#4325),(#4326,#4327,#4328,#4329,#4330,
#4331,#4332,#4333,#4334,#4335,#4336,#4337),(#4338,#4339,#4340,#4341,#4342,
#4343,#4344,#4345,#4346,#4347,#4348,#4349)),.RULED_SURF.,.F.,.F.,.F.,(2,
1,2),(4,2,2,2,2,4),(-0.00518543471028095,0.,0.833333332842036),(3.51240594365755,
3.53429173528852,3.73064127613788,3.92699081698724,4.31968989868597,4.48776651857948),
 .UNSPECIFIED.);
#34=CONICAL_SURFACE('',#2466,2.6,0.785398163397448);
#35=CONICAL_SURFACE('',#2467,2.1,0.785398163397448);
#36=CONICAL_SURFACE('',#2468,2.1,0.785398163397449);
#37=CONICAL_SURFACE('',#2474,2.77893529910106,0.785389860498186);
#38=CONICAL_SURFACE('',#2478,2.2,0.785398163397448);
#39=CONICAL_SURFACE('',#2480,1.7,0.785398163397448);
#40=CONICAL_SURFACE('',#2482,1.7,0.785398163397448);
#41=CONICAL_SURFACE('',#2484,2.77892755410454,0.785389879724785);
#42=(
BOUNDED_SURFACE()
B_SPLINE_SURFACE(3,2,((#3630,#3631,#3632),(#3633,#3634,#3635),(#3636,#3637,
#3638),(#3639,#3640,#3641)),.UNSPECIFIED.,.F.,.F.,.F.)
B_SPLINE_SURFACE_WITH_KNOTS((4,4),(3,3),(5.4977871437821,6.28318530717959),
(0.,1.),.PIECEWISE_BEZIER_KNOTS.)
GEOMETRIC_REPRESENTATION_ITEM()
RATIONAL_B_SPLINE_SURFACE(((1.,0.866025403784434,1.),(1.,0.903812900244049,
1.),(1.,0.923879532489313,1.),(1.,0.923879532511287,1.)))
REPRESENTATION_ITEM('')
SURFACE()
);
#43=(
BOUNDED_SURFACE()
B_SPLINE_SURFACE(3,2,((#3648,#3649,#3650),(#3651,#3652,#3653),(#3654,#3655,
#3656),(#3657,#3658,#3659)),.UNSPECIFIED.,.F.,.F.,.F.)
B_SPLINE_SURFACE_WITH_KNOTS((4,4),(3,3),(0.,0.785398163397659),(0.,1.),
 .PIECEWISE_BEZIER_KNOTS.)
GEOMETRIC_REPRESENTATION_ITEM()
RATIONAL_B_SPLINE_SURFACE(((1.,0.923879532511287,1.),(1.,0.923879532489357,
1.),(1.,0.903812900244019,1.),(1.,0.866025403784407,1.)))
REPRESENTATION_ITEM('')
SURFACE()
);
#44=(
BOUNDED_SURFACE()
B_SPLINE_SURFACE(3,2,((#3718,#3719,#3720),(#3721,#3722,#3723),(#3724,#3725,
#3726),(#3727,#3728,#3729),(#3730,#3731,#3732)),.UNSPECIFIED.,.F.,.F.,.F.)
B_SPLINE_SURFACE_WITH_KNOTS((4,1,4),(3,3),(2.61799387799154,3.14159265358983,
3.66519142918813),(0.,1.),.UNSPECIFIED.)
GEOMETRIC_REPRESENTATION_ITEM()
RATIONAL_B_SPLINE_SURFACE(((1.,0.923879532511295,1.),(1.,0.943160392726772,
1.),(1.,0.962880835015978,1.),(1.,0.943160392726977,1.),(1.,0.923879532511286,
1.)))
REPRESENTATION_ITEM('')
SURFACE()
);
#45=(
BOUNDED_SURFACE()
B_SPLINE_SURFACE(3,2,((#3740,#3741,#3742),(#3743,#3744,#3745),(#3746,#3747,
#3748),(#3749,#3750,#3751),(#3752,#3753,#3754)),.UNSPECIFIED.,.F.,.F.,.F.)
B_SPLINE_SURFACE_WITH_KNOTS((4,1,4),(3,3),(2.61799387798912,3.14159265358874,
3.66519142918835),(0.,1.),.UNSPECIFIED.)
GEOMETRIC_REPRESENTATION_ITEM()
RATIONAL_B_SPLINE_SURFACE(((1.,0.923879532511008,1.),(1.,0.943160392726676,
1.),(1.,0.962880835015944,1.),(1.,0.943160392727052,1.),(1.,0.923879532511242,
1.)))
REPRESENTATION_ITEM('')
SURFACE()
);
#46=(
BOUNDED_SURFACE()
B_SPLINE_SURFACE(3,2,((#3837,#3838,#3839),(#3840,#3841,#3842),(#3843,#3844,
#3845),(#3846,#3847,#3848),(#3849,#3850,#3851)),.UNSPECIFIED.,.F.,.F.,.F.)
B_SPLINE_SURFACE_WITH_KNOTS((4,1,4),(3,3),(1.5707963267949,2.31713633545424,
3.06347634411358),(0.,1.),.UNSPECIFIED.)
GEOMETRIC_REPRESENTATION_ITEM()
RATIONAL_B_SPLINE_SURFACE(((1.,0.707106781186551,1.),(1.,0.769526653278514,
1.),(1.,0.876636271984211,1.),(1.,0.920258010613203,1.),(1.,0.923985724359775,
1.)))
REPRESENTATION_ITEM('')
SURFACE()
);
#47=(
BOUNDED_SURFACE()
B_SPLINE_SURFACE(3,2,((#3855,#3856,#3857),(#3858,#3859,#3860),(#3861,#3862,
#3863),(#3864,#3865,#3866)),.UNSPECIFIED.,.F.,.F.,.F.)
B_SPLINE_SURFACE_WITH_KNOTS((4,4),(3,3),(3.99634214903567,4.71238898038469),
(0.,1.),.PIECEWISE_BEZIER_KNOTS.)
GEOMETRIC_REPRESENTATION_ITEM()
RATIONAL_B_SPLINE_SURFACE(((1.,0.642787609686539,1.),(1.,0.661314171218424,
1.),(1.,0.684782787808085,1.),(1.,0.70710678118655,1.)))
REPRESENTATION_ITEM('')
SURFACE()
);
#48=(
BOUNDED_SURFACE()
B_SPLINE_SURFACE(3,2,((#3870,#3871,#3872),(#3873,#3874,#3875),(#3876,#3877,
#3878),(#3879,#3880,#3881)),.UNSPECIFIED.,.F.,.F.,.F.)
B_SPLINE_SURFACE_WITH_KNOTS((4,4),(3,3),(4.46360235435455,4.48198986812456),
(0.,1.),.PIECEWISE_BEZIER_KNOTS.)
GEOMETRIC_REPRESENTATION_ITEM()
RATIONAL_B_SPLINE_SURFACE(((1.,0.637483197867452,1.),(1.,0.639254653780283,
1.),(1.,0.641022862836841,1.),(1.,0.642787609686536,1.)))
REPRESENTATION_ITEM('')
SURFACE()
);
#49=(
BOUNDED_SURFACE()
B_SPLINE_SURFACE(3,2,((#3883,#3884,#3885),(#3886,#3887,#3888),(#3889,#3890,
#3891),(#3892,#3893,#3894)),.UNSPECIFIED.,.F.,.F.,.F.)
B_SPLINE_SURFACE_WITH_KNOTS((4,4),(3,3),(-1.51788304147971E-17,0.00136007359785463),
(0.,1.),.PIECEWISE_BEZIER_KNOTS.)
GEOMETRIC_REPRESENTATION_ITEM()
RATIONAL_B_SPLINE_SURFACE(((1.,0.625668247099624,1.),(1.,0.62481215386526,
1.),(1.,0.629302858065837,1.),(1.,0.637483197867456,1.)))
REPRESENTATION_ITEM('')
SURFACE()
);
#50=(
BOUNDED_SURFACE()
B_SPLINE_SURFACE(3,2,((#3896,#3897,#3898),(#3899,#3900,#3901),(#3902,#3903,
#3904),(#3905,#3906,#3907)),.UNSPECIFIED.,.F.,.F.,.F.)
B_SPLINE_SURFACE_WITH_KNOTS((4,4),(3,3),(-1.04083408558608E-17,0.00209217865829433),
(0.,1.),.PIECEWISE_BEZIER_KNOTS.)
GEOMETRIC_REPRESENTATION_ITEM()
RATIONAL_B_SPLINE_SURFACE(((1.,0.625668247099616,1.),(1.,0.619222175843818,
1.),(1.,0.620357426520319,1.),(1.,0.640846385538381,1.)))
REPRESENTATION_ITEM('')
SURFACE()
);
#51=(
BOUNDED_SURFACE()
B_SPLINE_SURFACE(3,2,((#3909,#3910,#3911),(#3912,#3913,#3914),(#3915,#3916,
#3917),(#3918,#3919,#3920)),.UNSPECIFIED.,.F.,.F.,.F.)
B_SPLINE_SURFACE_WITH_KNOTS((4,4),(3,3),(4.17922071115979,4.52979159130415),
(0.,1.),.PIECEWISE_BEZIER_KNOTS.)
GEOMETRIC_REPRESENTATION_ITEM()
RATIONAL_B_SPLINE_SURFACE(((1.,0.499999999999987,1.),(1.,0.549500485904054,
1.),(1.,0.596746213149686,1.),(1.,0.640846385538378,1.)))
REPRESENTATION_ITEM('')
SURFACE()
);
#52=(
BOUNDED_SURFACE()
B_SPLINE_SURFACE(3,2,((#3924,#3925,#3926),(#3927,#3928,#3929),(#3930,#3931,
#3932),(#3933,#3934,#3935),(#3936,#3937,#3938)),.UNSPECIFIED.,.F.,.F.,.F.)
B_SPLINE_SURFACE_WITH_KNOTS((4,1,4),(3,3),(1.0445991674486E-37,0.392699081698706,
0.785398163397411),(0.,1.),.UNSPECIFIED.)
GEOMETRIC_REPRESENTATION_ITEM()
RATIONAL_B_SPLINE_SURFACE(((1.,0.38268343236509,1.),(1.,0.382683432368624,
1.),(1.,0.407749414542934,1.),(1.,0.467275075283515,1.),(1.,0.499999999999991,
1.)))
REPRESENTATION_ITEM('')
SURFACE()
);
#53=(
BOUNDED_SURFACE()
B_SPLINE_SURFACE(3,2,((#3942,#3943,#3944),(#3945,#3946,#3947),(#3948,#3949,
#3950),(#3951,#3952,#3953),(#3954,#3955,#3956)),.UNSPECIFIED.,.F.,.F.,.F.)
B_SPLINE_SURFACE_WITH_KNOTS((4,1,4),(3,3),(5.49778714378616,5.89048622548288,
6.28318530717959),(0.,1.),.UNSPECIFIED.)
GEOMETRIC_REPRESENTATION_ITEM()
RATIONAL_B_SPLINE_SURFACE(((1.,0.499999999998997,1.),(1.,0.467275075281121,
1.),(1.,0.407749414541966,1.),(1.,0.382683432371664,1.),(1.,0.382683432365083,
1.)))
REPRESENTATION_ITEM('')
SURFACE()
);
#54=(
BOUNDED_SURFACE()
B_SPLINE_SURFACE(3,2,((#3960,#3961,#3962),(#3963,#3964,#3965),(#3966,#3967,
#3968),(#3969,#3970,#3971)),.UNSPECIFIED.,.F.,.F.,.F.)
B_SPLINE_SURFACE_WITH_KNOTS((4,4),(3,3),(4.89537298703012,5.24555724961171),
(0.,1.),.PIECEWISE_BEZIER_KNOTS.)
GEOMETRIC_REPRESENTATION_ITEM()
RATIONAL_B_SPLINE_SURFACE(((1.,0.640700470109515,1.),(1.,0.596642048821033,
1.),(1.,0.549445895649502,1.),(1.,0.499999999998988,1.)))
REPRESENTATION_ITEM('')
SURFACE()
);
#55=(
BOUNDED_SURFACE()
B_SPLINE_SURFACE(3,2,((#3973,#3974,#3975),(#3976,#3977,#3978),(#3979,#3980,
#3981),(#3982,#3983,#3984)),.UNSPECIFIED.,.F.,.F.,.F.)
B_SPLINE_SURFACE_WITH_KNOTS((4,4),(3,3),(-1.19045398538908E-16,0.00209323877733216),
(0.,1.),.PIECEWISE_BEZIER_KNOTS.)
GEOMETRIC_REPRESENTATION_ITEM()
RATIONAL_B_SPLINE_SURFACE(((1.,0.625546269752827,1.),(1.,0.619082340944106,
1.),(1.,0.620199762824454,1.),(1.,0.640700470109515,1.)))
REPRESENTATION_ITEM('')
SURFACE()
);
#56=(
BOUNDED_SURFACE()
B_SPLINE_SURFACE(3,2,((#3986,#3987,#3988),(#3989,#3990,#3991),(#3992,#3993,
#3994),(#3995,#3996,#3997)),.UNSPECIFIED.,.F.,.F.,.F.)
B_SPLINE_SURFACE_WITH_KNOTS((4,4),(3,3),(-1.01784899952939E-15,0.00135866731297221),
(0.,1.),.PIECEWISE_BEZIER_KNOTS.)
GEOMETRIC_REPRESENTATION_ITEM()
RATIONAL_B_SPLINE_SURFACE(((1.,0.625546269752845,1.),(1.,0.624704649218847,
1.),(1.,0.629207352272465,1.),(1.,0.637372725789988,1.)))
REPRESENTATION_ITEM('')
SURFACE()
);
#57=(
BOUNDED_SURFACE()
B_SPLINE_SURFACE(3,2,((#3999,#4000,#4001),(#4002,#4003,#4004),(#4005,#4006,
#4007),(#4008,#4009,#4010)),.UNSPECIFIED.,.F.,.F.,.F.)
B_SPLINE_SURFACE_WITH_KNOTS((4,4),(3,3),(4.94278809264481,4.9615578211274),
(0.,1.),.PIECEWISE_BEZIER_KNOTS.)
GEOMETRIC_REPRESENTATION_ITEM()
RATIONAL_B_SPLINE_SURFACE(((1.,0.642787609686539,1.),(1.,0.64098617967144,
1.),(1.,0.639181141996333,1.),(1.,0.637372725790004,1.)))
REPRESENTATION_ITEM('')
SURFACE()
);
#58=(
BOUNDED_SURFACE()
B_SPLINE_SURFACE(3,2,((#4014,#4015,#4016),(#4017,#4018,#4019),(#4020,#4021,
#4022),(#4023,#4024,#4025)),.UNSPECIFIED.,.F.,.F.,.F.)
B_SPLINE_SURFACE_WITH_KNOTS((4,4),(3,3),(4.71238898038469,5.42843581173373),
(0.,1.),.PIECEWISE_BEZIER_KNOTS.)
GEOMETRIC_REPRESENTATION_ITEM()
RATIONAL_B_SPLINE_SURFACE(((1.,0.707106781186544,1.),(1.,0.684782787816974,
1.),(1.,0.661314171221205,1.),(1.,0.64278760968654,1.)))
REPRESENTATION_ITEM('')
SURFACE()
);
#59=(
BOUNDED_SURFACE()
B_SPLINE_SURFACE(3,2,((#4029,#4030,#4031),(#4032,#4033,#4034),(#4035,#4036,
#4037),(#4038,#4039,#4040),(#4041,#4042,#4043)),.UNSPECIFIED.,.F.,.F.,.F.)
B_SPLINE_SURFACE_WITH_KNOTS((4,1,4),(3,3),(0.,0.785398163397448,1.5707963267949),
(0.,1.),.UNSPECIFIED.)
GEOMETRIC_REPRESENTATION_ITEM()
RATIONAL_B_SPLINE_SURFACE(((1.,0.924571083196654,1.),(1.,0.924571083196087,
1.),(1.,0.884412043209958,1.),(1.,0.772793267690301,1.),(1.,0.707106781186545,
1.)))
REPRESENTATION_ITEM('')
SURFACE()
);
#60=(
BOUNDED_SURFACE()
B_SPLINE_SURFACE(3,2,((#4468,#4469,#4470),(#4471,#4472,#4473),(#4474,#4475,
#4476),(#4477,#4478,#4479),(#4480,#4481,#4482),(#4483,#4484,#4485),(#4486,
#4487,#4488),(#4489,#4490,#4491),(#4492,#4493,#4494),(#4495,#4496,#4497),
(#4498,#4499,#4500),(#4501,#4502,#4503),(#4504,#4505,#4506)),
 .UNSPECIFIED.,.F.,.F.,.F.)
B_SPLINE_SURFACE_WITH_KNOTS((4,1,1,1,1,1,1,1,1,1,4),(3,3),(2.95262629409911,
3.94562660612412,4.44212676213663,4.93862691814914,5.43512707416164,5.6833771521679,
5.93162723017415,6.1798773081804,6.42812738618666,6.67637746419291,6.92462754219917),
(0.,1.),.UNSPECIFIED.)
GEOMETRIC_REPRESENTATION_ITEM()
RATIONAL_B_SPLINE_SURFACE(((1.,0.938177278292694,1.),(1.,0.951003417034514,
1.),(1.,0.918253042632699,1.),(1.,0.782586230680045,1.),(1.,0.64581927685548,
1.),(1.,0.51668847949836,1.),(1.,0.422621524067817,1.),(1.,0.365445903739011,
1.),(1.,0.333219820490017,1.),(1.,0.336345902127844,1.),(1.,0.373640986593252,
1.),(1.,0.413748230609686,1.),(1.,0.435739663357795,1.)))
REPRESENTATION_ITEM('')
SURFACE()
);
#61=(
BOUNDED_SURFACE()
B_SPLINE_SURFACE(3,2,((#4519,#4520,#4521),(#4522,#4523,#4524),(#4525,#4526,
#4527),(#4528,#4529,#4530),(#4531,#4532,#4533),(#4534,#4535,#4536),(#4537,
#4538,#4539),(#4540,#4541,#4542),(#4543,#4544,#4545),(#4546,#4547,#4548),
(#4549,#4550,#4551),(#4552,#4553,#4554),(#4555,#4556,#4557)),
 .UNSPECIFIED.,.F.,.F.,.F.)
B_SPLINE_SURFACE_WITH_KNOTS((4,1,1,1,1,1,1,1,1,1,4),(3,3),(2.9526262941011,
3.94562660612512,4.44212676213713,4.93862691814915,5.43512707416116,5.68337715216716,
5.93162723017317,6.17987730817918,6.42812738618518,6.67637746419119,6.92462754219719),
(0.,1.),.UNSPECIFIED.)
GEOMETRIC_REPRESENTATION_ITEM()
RATIONAL_B_SPLINE_SURFACE(((1.,0.938177278292765,1.),(1.,0.95100341703511,
1.),(1.,0.918253042632351,1.),(1.,0.782586230679937,1.),(1.,0.645819276855459,
1.),(1.,0.516688479498508,1.),(1.,0.42262152406802,1.),(1.,0.365445903739219,
1.),(1.,0.333219820490124,1.),(1.,0.336345902127712,1.),(1.,0.373640986593005,
1.),(1.,0.413748230609048,1.),(1.,0.435739663357281,1.)))
REPRESENTATION_ITEM('')
SURFACE()
);
#62=(
BOUNDED_SURFACE()
B_SPLINE_SURFACE(3,2,((#4584,#4585,#4586),(#4587,#4588,#4589),(#4590,#4591,
#4592),(#4593,#4594,#4595),(#4596,#4597,#4598),(#4599,#4600,#4601),(#4602,
#4603,#4604)),.UNSPECIFIED.,.F.,.F.,.F.)
B_SPLINE_SURFACE_WITH_KNOTS((4,1,1,1,4),(3,3),(4.71238898038469,5.49778714378214,
6.28318530717959,7.06858347057703,7.85398163397448),(0.,1.),
 .UNSPECIFIED.)
GEOMETRIC_REPRESENTATION_ITEM()
RATIONAL_B_SPLINE_SURFACE(((1.,0.707106781186553,1.),(1.,0.72905218389508,
1.),(1.,0.770404350429825,1.),(1.,0.794514039756181,1.),(1.,0.770404350432128,
1.),(1.,0.729052183889715,1.),(1.,0.70710678118655,1.)))
REPRESENTATION_ITEM('')
SURFACE()
);
#63=(
BOUNDED_SURFACE()
B_SPLINE_SURFACE(3,2,((#4639,#4640,#4641),(#4642,#4643,#4644),(#4645,#4646,
#4647),(#4648,#4649,#4650),(#4651,#4652,#4653),(#4654,#4655,#4656),(#4657,
#4658,#4659)),.UNSPECIFIED.,.F.,.F.,.F.)
B_SPLINE_SURFACE_WITH_KNOTS((4,1,1,1,4),(3,3),(4.71238898038469,5.49778714378214,
6.28318530717959,7.06858347057703,7.85398163397448),(0.,1.),
 .UNSPECIFIED.)
GEOMETRIC_REPRESENTATION_ITEM()
RATIONAL_B_SPLINE_SURFACE(((1.,0.707106781186547,1.),(1.,0.729052183905413,
1.),(1.,0.770404350424856,1.),(1.,0.794514039758075,1.),(1.,0.77040435042953,
1.),(1.,0.729052183894496,1.),(1.,0.707106781186544,1.)))
REPRESENTATION_ITEM('')
SURFACE()
);
#64=SPHERICAL_SURFACE('',#2372,1.);
#65=SPHERICAL_SURFACE('',#2375,1.);
#66=SPHERICAL_SURFACE('',#2514,0.4);
#67=SPHERICAL_SURFACE('',#2517,0.4);
#68=SPHERICAL_SURFACE('',#2526,0.4);
#69=SPHERICAL_SURFACE('',#2529,0.4);
#70=B_SPLINE_CURVE_WITH_KNOTS('',3,(#3384,#3385,#3386,#3387,#3388,#3389,
#3390,#3391,#3392,#3393,#3394,#3395,#3396),.UNSPECIFIED.,.F.,.F.,(4,1,1,
1,1,1,1,1,1,1,4),(0.000180453518209671,0.00126114570838791,0.00234183789856615,
0.00288218399365526,0.00342253008874438,0.00450322227892262,0.00558391446910086,
0.00612426056418997,0.00666460665927909,0.00774529884945733,0.00882599103963557),
 .UNSPECIFIED.);
#71=B_SPLINE_CURVE_WITH_KNOTS('',3,(#3545,#3546,#3547,#3548,#3549,#3550),
 .UNSPECIFIED.,.F.,.F.,(4,1,1,4),(9.33354262432141E-6,0.250007000156968,
0.500004666771312,1.),.UNSPECIFIED.);
#72=B_SPLINE_CURVE_WITH_KNOTS('',3,(#3565,#3566,#3567,#3568,#3569,#3570),
 .UNSPECIFIED.,.F.,.F.,(4,1,1,4),(0.,0.499995334669842,0.749993002004763,
0.999990669339684),.UNSPECIFIED.);
#73=B_SPLINE_CURVE_WITH_KNOTS('',3,(#3588,#3589,#3590,#3591,#3592),
 .UNSPECIFIED.,.F.,.F.,(4,1,4),(5.22796846297289E-17,0.000639362295226275,
0.0012787245904525),.UNSPECIFIED.);
#74=B_SPLINE_CURVE_WITH_KNOTS('',3,(#3594,#3595,#3596,#3597),
 .UNSPECIFIED.,.F.,.F.,(4,4),(7.13138048304642E-17,0.000506508040681493),
 .UNSPECIFIED.);
#75=B_SPLINE_CURVE_WITH_KNOTS('',3,(#3599,#3600,#3601,#3602),
 .UNSPECIFIED.,.F.,.F.,(4,4),(0.,0.000363158495465869),.UNSPECIFIED.);
#76=B_SPLINE_CURVE_WITH_KNOTS('',3,(#3604,#3605,#3606,#3607),
 .UNSPECIFIED.,.F.,.F.,(4,4),(0.,0.000150659791869316),.UNSPECIFIED.);
#77=B_SPLINE_CURVE_WITH_KNOTS('',3,(#3609,#3610,#3611,#3612,#3613),
 .UNSPECIFIED.,.F.,.F.,(4,1,4),(0.00014195353184058,0.000805597519183258,
0.00146924150652594),.UNSPECIFIED.);
#78=B_SPLINE_CURVE_WITH_KNOTS('',3,(#3691,#3692,#3693,#3694),
 .UNSPECIFIED.,.F.,.F.,(4,4),(4.24918736097037E-18,0.00195020433875689),
 .UNSPECIFIED.);
#79=B_SPLINE_CURVE_WITH_KNOTS('',3,(#3696,#3697,#3698,#3699),
 .UNSPECIFIED.,.F.,.F.,(4,4),(0.,0.00143517906614228),.UNSPECIFIED.);
#80=B_SPLINE_CURVE_WITH_KNOTS('',3,(#3703,#3704,#3705,#3706,#3707,#3708,
#3709,#3710,#3711),.UNSPECIFIED.,.F.,.F.,(4,1,1,1,1,1,4),(0.,0.25,0.375,
0.5,0.625,0.75,1.),.UNSPECIFIED.);
#81=B_SPLINE_CURVE_WITH_KNOTS('',3,(#3714,#3715,#3716,#3717),
 .UNSPECIFIED.,.F.,.F.,(4,4),(1.26587278153886E-17,0.0021391835490991),
 .UNSPECIFIED.);
#82=B_SPLINE_CURVE_WITH_KNOTS('',3,(#3733,#3734,#3735,#3736),
 .UNSPECIFIED.,.F.,.F.,(4,4),(0.,0.00127629370471557),.UNSPECIFIED.);
#83=B_SPLINE_CURVE_WITH_KNOTS('',3,(#3757,#3758,#3759,#3760),
 .UNSPECIFIED.,.F.,.F.,(4,4),(5.25925274398665E-16,0.00127498762413796),
 .UNSPECIFIED.);
#84=B_SPLINE_CURVE_WITH_KNOTS('',3,(#3762,#3763,#3764,#3765),
 .UNSPECIFIED.,.F.,.F.,(4,4),(3.97475081924031E-18,0.00214085828468152),
 .UNSPECIFIED.);
#85=B_SPLINE_CURVE_WITH_KNOTS('',3,(#3769,#3770,#3771,#3772,#3773,#3774,
#3775,#3776,#3777),.UNSPECIFIED.,.F.,.F.,(4,1,1,1,1,1,4),(0.,0.25,0.375,
0.5,0.625,0.75,1.),.UNSPECIFIED.);
#86=B_SPLINE_CURVE_WITH_KNOTS('',3,(#3780,#3781,#3782,#3783),
 .UNSPECIFIED.,.F.,.F.,(4,4),(0.,0.00143376617467941),.UNSPECIFIED.);
#87=B_SPLINE_CURVE_WITH_KNOTS('',3,(#3785,#3786,#3787,#3788),
 .UNSPECIFIED.,.F.,.F.,(4,4),(0.,0.00195116382069333),.UNSPECIFIED.);
#88=B_SPLINE_CURVE_WITH_KNOTS('',3,(#3791,#3792,#3793,#3794,#3795,#3796,
#3797,#3798,#3799,#3800,#3801,#3802,#3803,#3804,#3805,#3806),
 .UNSPECIFIED.,.F.,.F.,(4,1,1,1,1,1,1,1,1,1,1,1,1,4),(0.,0.25,0.375,0.4375,
0.5,0.5625,0.625,0.6875,0.71875,0.75,0.78125,0.8125,0.875,1.),
 .UNSPECIFIED.);
#89=B_SPLINE_CURVE_WITH_KNOTS('',3,(#3809,#3810,#3811,#3812),
 .UNSPECIFIED.,.F.,.F.,(4,4),(-5.86690230251763E-10,0.00220696978315499),
 .UNSPECIFIED.);
#90=B_SPLINE_CURVE_WITH_KNOTS('',3,(#3815,#3816,#3817,#3818,#3819,#3820,
#3821,#3822,#3823,#3824,#3825,#3826,#3827,#3828,#3829,#3830),
 .UNSPECIFIED.,.F.,.F.,(4,1,1,1,1,1,1,1,1,1,1,1,1,4),(0.,0.125,0.1875,0.21875,
0.25,0.28125,0.3125,0.375,0.4375,0.5,0.5625,0.625,0.75,1.),
 .UNSPECIFIED.);
#91=B_SPLINE_CURVE_WITH_KNOTS('',3,(#3833,#3834,#3835,#3836),
 .UNSPECIFIED.,.F.,.F.,(4,4),(5.8931234970848E-8,0.00220888695001506),
 .UNSPECIFIED.);
#92=B_SPLINE_CURVE_WITH_KNOTS('',3,(#4052,#4053,#4054,#4055),
 .UNSPECIFIED.,.F.,.F.,(4,4),(0.,0.000165021550989136),.UNSPECIFIED.);
#93=B_SPLINE_CURVE_WITH_KNOTS('',3,(#4059,#4060,#4061,#4062),
 .UNSPECIFIED.,.F.,.F.,(4,4),(4.04981078328518E-16,0.00016502194985117),
 .UNSPECIFIED.);
#94=B_SPLINE_CURVE_WITH_KNOTS('',3,(#4072,#4073,#4074,#4075,#4076),
 .UNSPECIFIED.,.F.,.F.,(4,1,4),(0.,0.000372444613868328,0.000744889227736656),
 .UNSPECIFIED.);
#95=B_SPLINE_CURVE_WITH_KNOTS('',3,(#4077,#4078,#4079,#4080,#4081),
 .UNSPECIFIED.,.F.,.F.,(4,1,4),(0.,0.000375210240090998,0.000750420480181995),
 .UNSPECIFIED.);
#96=B_SPLINE_CURVE_WITH_KNOTS('',3,(#4083,#4084,#4085,#4086,#4087,#4088,
#4089),.UNSPECIFIED.,.F.,.F.,(4,1,1,1,4),(0.,0.000744235594483238,0.00148847118896648,
0.00223270678344971,0.00297694237793295),.UNSPECIFIED.);
#97=B_SPLINE_CURVE_WITH_KNOTS('',3,(#4095,#4096,#4097,#4098),
 .UNSPECIFIED.,.F.,.F.,(4,4),(6.23240115928388E-7,1.),.UNSPECIFIED.);
#98=B_SPLINE_CURVE_WITH_KNOTS('',3,(#4129,#4130,#4131,#4132,#4133,#4134,
#4135),.UNSPECIFIED.,.F.,.F.,(4,1,1,1,4),(0.,0.00127621150596354,0.00255242301192708,
0.00382863451789062,0.00510484602385416),.UNSPECIFIED.);
#99=B_SPLINE_CURVE_WITH_KNOTS('',3,(#4137,#4138,#4139,#4140),
 .UNSPECIFIED.,.F.,.F.,(4,4),(0.,0.000626445732110976),.UNSPECIFIED.);
#100=B_SPLINE_CURVE_WITH_KNOTS('',3,(#4179,#4180,#4181,#4182),
 .UNSPECIFIED.,.F.,.F.,(4,4),(0.,1.),.UNSPECIFIED.);
#101=B_SPLINE_CURVE_WITH_KNOTS('',3,(#4184,#4185,#4186,#4187),
 .UNSPECIFIED.,.F.,.F.,(4,4),(0.,0.000848166810275685),.UNSPECIFIED.);
#102=B_SPLINE_CURVE_WITH_KNOTS('',3,(#4189,#4190,#4191,#4192),
 .UNSPECIFIED.,.F.,.F.,(4,4),(0.,1.),.UNSPECIFIED.);
#103=B_SPLINE_CURVE_WITH_KNOTS('',3,(#4219,#4220,#4221,#4222),
 .UNSPECIFIED.,.F.,.F.,(4,4),(0.,0.000626445732097205),.UNSPECIFIED.);
#104=B_SPLINE_CURVE_WITH_KNOTS('',3,(#4224,#4225,#4226,#4227),
 .UNSPECIFIED.,.F.,.F.,(4,4),(0.,0.000847316645401388),.UNSPECIFIED.);
#105=B_SPLINE_CURVE_WITH_KNOTS('',3,(#4258,#4259,#4260,#4261,#4262,#4263),
 .UNSPECIFIED.,.F.,.F.,(4,1,1,4),(2.56526424146882E-15,0.00127898681220287,
0.00255797362440317,0.00511594724880378),.UNSPECIFIED.);
#106=B_SPLINE_CURVE_WITH_KNOTS('',3,(#4265,#4266,#4267,#4268),
 .UNSPECIFIED.,.F.,.F.,(4,4),(0.,1.),.UNSPECIFIED.);
#107=B_SPLINE_CURVE_WITH_KNOTS('',3,(#4272,#4273,#4274,#4275),
 .UNSPECIFIED.,.F.,.F.,(4,4),(0.,0.999695928376946),.UNSPECIFIED.);
#108=B_SPLINE_CURVE_WITH_KNOTS('',3,(#4279,#4280,#4281,#4282),
 .UNSPECIFIED.,.F.,.F.,(4,4),(0.,1.),.UNSPECIFIED.);
#109=B_SPLINE_CURVE_WITH_KNOTS('',3,(#4309,#4310,#4311,#4312,#4313),
 .UNSPECIFIED.,.F.,.F.,(4,1,4),(0.,0.00173760309758704,0.00347520619517409),
 .UNSPECIFIED.);
#110=B_SPLINE_CURVE_WITH_KNOTS('',3,(#4350,#4351,#4352,#4353),
 .UNSPECIFIED.,.F.,.F.,(4,4),(0.,1.),.UNSPECIFIED.);
#111=B_SPLINE_CURVE_WITH_KNOTS('',3,(#4355,#4356,#4357,#4358,#4359),
 .UNSPECIFIED.,.F.,.F.,(4,1,4),(0.,0.00173586096739852,0.00347172193479704),
 .UNSPECIFIED.);
#112=B_SPLINE_CURVE_WITH_KNOTS('',3,(#4361,#4362,#4363,#4364),
 .UNSPECIFIED.,.F.,.F.,(4,4),(0.000216760148120878,0.999748719271093),
 .UNSPECIFIED.);
#113=CYLINDRICAL_SURFACE('',#2323,1.);
#114=CYLINDRICAL_SURFACE('',#2331,1.);
#115=CYLINDRICAL_SURFACE('',#2334,1.5);
#116=CYLINDRICAL_SURFACE('',#2337,1.5);
#117=CYLINDRICAL_SURFACE('',#2345,1.);
#118=CYLINDRICAL_SURFACE('',#2348,0.4);
#119=CYLINDRICAL_SURFACE('',#2351,0.4);
#120=CYLINDRICAL_SURFACE('',#2366,3.6);
#121=CYLINDRICAL_SURFACE('',#2369,3.6);
#122=CYLINDRICAL_SURFACE('',#2378,1.);
#123=CYLINDRICAL_SURFACE('',#2383,1.);
#124=CYLINDRICAL_SURFACE('',#2389,1.);
#125=CYLINDRICAL_SURFACE('',#2390,1.);
#126=CYLINDRICAL_SURFACE('',#2394,3.);
#127=CYLINDRICAL_SURFACE('',#2398,3.);
#128=CYLINDRICAL_SURFACE('',#2400,3.);
#129=CYLINDRICAL_SURFACE('',#2407,3.);
#130=CYLINDRICAL_SURFACE('',#2409,3.);
#131=CYLINDRICAL_SURFACE('',#2413,3.);
#132=CYLINDRICAL_SURFACE('',#2416,3.);
#133=CYLINDRICAL_SURFACE('',#2419,3.);
#134=CYLINDRICAL_SURFACE('',#2420,3.);
#135=CYLINDRICAL_SURFACE('',#2422,3.);
#136=CYLINDRICAL_SURFACE('',#2424,3.);
#137=CYLINDRICAL_SURFACE('',#2426,3.);
#138=CYLINDRICAL_SURFACE('',#2429,0.4);
#139=CYLINDRICAL_SURFACE('',#2431,0.4);
#140=CYLINDRICAL_SURFACE('',#2438,0.4);
#141=CYLINDRICAL_SURFACE('',#2441,0.4);
#142=CYLINDRICAL_SURFACE('',#2444,0.4);
#143=CYLINDRICAL_SURFACE('',#2449,0.4);
#144=CYLINDRICAL_SURFACE('',#2453,0.4);
#145=CYLINDRICAL_SURFACE('',#2456,0.4);
#146=CYLINDRICAL_SURFACE('',#2457,2.2);
#147=CYLINDRICAL_SURFACE('',#2460,1.7);
#148=CYLINDRICAL_SURFACE('',#2463,1.7);
#149=CYLINDRICAL_SURFACE('',#2496,3.);
#150=CYLINDRICAL_SURFACE('',#2508,3.);
#151=CYLINDRICAL_SURFACE('',#2511,0.4);
#152=CYLINDRICAL_SURFACE('',#2519,0.4);
#153=CYLINDRICAL_SURFACE('',#2521,0.4);
#154=CYLINDRICAL_SURFACE('',#2523,0.4);
#155=CYLINDRICAL_SURFACE('',#2531,0.4);
#156=CYLINDRICAL_SURFACE('',#2532,0.2);
#157=CYLINDRICAL_SURFACE('',#2535,0.2);
#158=CYLINDRICAL_SURFACE('',#2544,0.2);
#159=CYLINDRICAL_SURFACE('',#2548,0.2);
#160=CYLINDRICAL_SURFACE('',#2555,0.2);
#161=CYLINDRICAL_SURFACE('',#2557,0.2);
#162=CYLINDRICAL_SURFACE('',#2559,0.2);
#163=CYLINDRICAL_SURFACE('',#2565,0.2);
#164=CYLINDRICAL_SURFACE('',#2566,0.2);
#165=CYLINDRICAL_SURFACE('',#2569,0.2);
#166=CYLINDRICAL_SURFACE('',#2578,0.2);
#167=CYLINDRICAL_SURFACE('',#2582,0.2);
#168=CYLINDRICAL_SURFACE('',#2589,0.2);
#169=CYLINDRICAL_SURFACE('',#2591,0.2);
#170=CYLINDRICAL_SURFACE('',#2593,0.2);
#171=CYLINDRICAL_SURFACE('',#2599,0.2);
#172=ELLIPSE('',#2319,4.00331187992999,2.6);
#173=ELLIPSE('',#2320,10.3923048454136,6.);
#174=ELLIPSE('',#2321,10.3923048454114,6.);
#175=ELLIPSE('',#2322,4.00331187993002,2.6);
#176=ELLIPSE('',#2329,2.69604995627241,2.6);
#177=ELLIPSE('',#2330,3.69034638742633,2.6);
#178=ELLIPSE('',#2336,2.76565519246892,1.5);
#179=ELLIPSE('',#2339,2.76565519246905,1.5);
#180=ELLIPSE('',#2342,3.69034638742633,2.6);
#181=ELLIPSE('',#2343,2.69604995627241,2.6);
#182=ELLIPSE('',#2355,1.91788695848701,1.);
#183=ELLIPSE('',#2357,3.00147441162345,1.9);
#184=ELLIPSE('',#2359,14.4767156477604,2.6);
#185=ELLIPSE('',#2361,4.5254833995939,3.2);
#186=ELLIPSE('',#2362,4.5254833995939,3.2);
#187=ELLIPSE('',#2365,14.4767156475913,2.6);
#188=ELLIPSE('',#2367,4.81663783151692,3.6);
#189=ELLIPSE('',#2368,3.64965751817893,3.6);
#190=ELLIPSE('',#2370,4.81663783151692,3.6);
#191=ELLIPSE('',#2371,3.64965751817893,3.6);
#192=ELLIPSE('',#2379,1.91788695848782,1.);
#193=ELLIPSE('',#2382,16.8836461287232,3.);
#194=ELLIPSE('',#2385,3.29392020196137,3.2);
#195=ELLIPSE('',#2386,3.29392020196137,3.2);
#196=ELLIPSE('',#2388,16.8836461290112,3.);
#197=ELLIPSE('',#2392,0.848528137423857,0.6);
#198=ELLIPSE('',#2393,0.848528137423857,0.6);
#199=ELLIPSE('',#2399,9.00000000000044,3.);
#200=ELLIPSE('',#2401,8.99999999999789,3.);
#201=ELLIPSE('',#2404,3.00147441162356,1.9);
#202=ELLIPSE('',#2410,4.27393331814952,3.);
#203=ELLIPSE('',#2411,14.5538756330132,3.);
#204=ELLIPSE('',#2417,14.5538756331814,3.);
#205=ELLIPSE('',#2418,4.27393331814955,3.);
#206=ELLIPSE('',#2421,3.98229286456817,3.);
#207=ELLIPSE('',#2423,3.08361563213,3.);
#208=ELLIPSE('',#2425,3.98229286456817,3.);
#209=ELLIPSE('',#2427,3.08361563213,3.);
#210=ELLIPSE('',#2497,3.09998553172256,3.);
#211=ELLIPSE('',#2509,3.09998553172256,3.);
#212=LINE('',#3308,#341);
#213=LINE('',#3310,#342);
#214=LINE('',#3312,#343);
#215=LINE('',#3316,#344);
#216=LINE('',#3318,#345);
#217=LINE('',#3320,#346);
#218=LINE('',#3326,#347);
#219=LINE('',#3332,#348);
#220=LINE('',#3334,#349);
#221=LINE('',#3336,#350);
#222=LINE('',#3340,#351);
#223=LINE('',#3344,#352);
#224=LINE('',#3347,#353);
#225=LINE('',#3351,#354);
#226=LINE('',#3353,#355);
#227=LINE('',#3357,#356);
#228=LINE('',#3359,#357);
#229=LINE('',#3363,#358);
#230=LINE('',#3367,#359);
#231=LINE('',#3369,#360);
#232=LINE('',#3371,#361);
#233=LINE('',#3377,#362);
#234=LINE('',#3382,#363);
#235=LINE('',#3398,#364);
#236=LINE('',#3402,#365);
#237=LINE('',#3407,#366);
#238=LINE('',#3414,#367);
#239=LINE('',#3416,#368);
#240=LINE('',#3418,#369);
#241=LINE('',#3422,#370);
#242=LINE('',#3426,#371);
#243=LINE('',#3428,#372);
#244=LINE('',#3432,#373);
#245=LINE('',#3434,#374);
#246=LINE('',#3438,#375);
#247=LINE('',#3442,#376);
#248=LINE('',#3448,#377);
#249=LINE('',#3454,#378);
#250=LINE('',#3457,#379);
#251=LINE('',#3459,#380);
#252=LINE('',#3463,#381);
#253=LINE('',#3467,#382);
#254=LINE('',#3469,#383);
#255=LINE('',#3471,#384);
#256=LINE('',#3473,#385);
#257=LINE('',#3476,#386);
#258=LINE('',#3480,#387);
#259=LINE('',#3482,#388);
#260=LINE('',#3487,#389);
#261=LINE('',#3489,#390);
#262=LINE('',#3491,#391);
#263=LINE('',#3493,#392);
#264=LINE('',#3495,#393);
#265=LINE('',#3497,#394);
#266=LINE('',#3499,#395);
#267=LINE('',#3503,#396);
#268=LINE('',#3505,#397);
#269=LINE('',#3508,#398);
#270=LINE('',#3510,#399);
#271=LINE('',#3512,#400);
#272=LINE('',#3514,#401);
#273=LINE('',#3519,#402);
#274=LINE('',#3521,#403);
#275=LINE('',#3523,#404);
#276=LINE('',#3539,#405);
#277=LINE('',#3541,#406);
#278=LINE('',#3552,#407);
#279=LINE('',#3554,#408);
#280=LINE('',#3556,#409);
#281=LINE('',#3558,#410);
#282=LINE('',#3562,#411);
#283=LINE('',#3563,#412);
#284=LINE('',#3572,#413);
#285=LINE('',#3576,#414);
#286=LINE('',#3577,#415);
#287=LINE('',#3578,#416);
#288=LINE('',#3582,#417);
#289=LINE('',#3586,#418);
#290=LINE('',#3615,#419);
#291=LINE('',#3618,#420);
#292=LINE('',#3620,#421);
#293=LINE('',#3624,#422);
#294=LINE('',#3661,#423);
#295=LINE('',#3665,#424);
#296=LINE('',#3667,#425);
#297=LINE('',#3669,#426);
#298=LINE('',#3671,#427);
#299=LINE('',#3674,#428);
#300=LINE('',#3676,#429);
#301=LINE('',#3678,#430);
#302=LINE('',#3680,#431);
#303=LINE('',#3683,#432);
#304=LINE('',#3685,#433);
#305=LINE('',#3687,#434);
#306=LINE('',#4091,#435);
#307=LINE('',#4093,#436);
#308=LINE('',#4127,#437);
#309=LINE('',#4142,#438);
#310=LINE('',#4194,#439);
#311=LINE('',#4229,#440);
#312=LINE('',#4231,#441);
#313=LINE('',#4256,#442);
#314=LINE('',#4270,#443);
#315=LINE('',#4284,#444);
#316=LINE('',#4366,#445);
#317=LINE('',#4380,#446);
#318=LINE('',#4383,#447);
#319=LINE('',#4387,#448);
#320=LINE('',#4389,#449);
#321=LINE('',#4394,#450);
#322=LINE('',#4396,#451);
#323=LINE('',#4398,#452);
#324=LINE('',#4400,#453);
#325=LINE('',#4407,#454);
#326=LINE('',#4409,#455);
#327=LINE('',#4413,#456);
#328=LINE('',#4415,#457);
#329=LINE('',#4422,#458);
#330=LINE('',#4425,#459);
#331=LINE('',#4429,#460);
#332=LINE('',#4431,#461);
#333=LINE('',#4436,#462);
#334=LINE('',#4438,#463);
#335=LINE('',#4440,#464);
#336=LINE('',#4442,#465);
#337=LINE('',#4444,#466);
#338=LINE('',#4453,#467);
#339=LINE('',#4455,#468);
#340=LINE('',#4459,#469);
#341=VECTOR('',#2608,1000.);
#342=VECTOR('',#2609,1000.);
#343=VECTOR('',#2610,1000.);
#344=VECTOR('',#2613,1000.);
#345=VECTOR('',#2614,1000.);
#346=VECTOR('',#2615,1000.);
#347=VECTOR('',#2620,1000.);
#348=VECTOR('',#2625,1000.);
#349=VECTOR('',#2626,1000.);
#350=VECTOR('',#2627,1000.);
#351=VECTOR('',#2632,1000.);
#352=VECTOR('',#2637,1000.);
#353=VECTOR('',#2638,1000.);
#354=VECTOR('',#2641,1000.);
#355=VECTOR('',#2642,1000.);
#356=VECTOR('',#2645,1000.);
#357=VECTOR('',#2646,1000.);
#358=VECTOR('',#2649,1000.);
#359=VECTOR('',#2652,1000.);
#360=VECTOR('',#2653,1000.);
#361=VECTOR('',#2656,1000.);
#362=VECTOR('',#2663,1000.);
#363=VECTOR('',#2666,1000.);
#364=VECTOR('',#2667,1000.);
#365=VECTOR('',#2672,1000.);
#366=VECTOR('',#2675,1000.);
#367=VECTOR('',#2682,1000.);
#368=VECTOR('',#2683,1000.);
#369=VECTOR('',#2684,1000.);
#370=VECTOR('',#2687,1000.);
#371=VECTOR('',#2690,1000.);
#372=VECTOR('',#2691,1000.);
#373=VECTOR('',#2694,1000.);
#374=VECTOR('',#2695,1000.);
#375=VECTOR('',#2700,1000.);
#376=VECTOR('',#2705,1000.);
#377=VECTOR('',#2712,1000.);
#378=VECTOR('',#2719,1000.);
#379=VECTOR('',#2720,1000.);
#380=VECTOR('',#2721,1000.);
#381=VECTOR('',#2726,1000.);
#382=VECTOR('',#2729,1000.);
#383=VECTOR('',#2730,1000.);
#384=VECTOR('',#2731,1000.);
#385=VECTOR('',#2734,1000.);
#386=VECTOR('',#2735,1000.);
#387=VECTOR('',#2738,1000.);
#388=VECTOR('',#2739,1000.);
#389=VECTOR('',#2744,1000.);
#390=VECTOR('',#2745,1000.);
#391=VECTOR('',#2746,1000.);
#392=VECTOR('',#2747,1000.);
#393=VECTOR('',#2748,1000.);
#394=VECTOR('',#2749,1000.);
#395=VECTOR('',#2750,1000.);
#396=VECTOR('',#2753,1000.);
#397=VECTOR('',#2756,1000.);
#398=VECTOR('',#2757,1000.);
#399=VECTOR('',#2758,1000.);
#400=VECTOR('',#2759,1000.);
#401=VECTOR('',#2762,1000.);
#402=VECTOR('',#2765,1000.);
#403=VECTOR('',#2766,1000.);
#404=VECTOR('',#2767,1000.);
#405=VECTOR('',#2794,1000.);
#406=VECTOR('',#2795,1000.);
#407=VECTOR('',#2800,1000.);
#408=VECTOR('',#2801,1000.);
#409=VECTOR('',#2802,1000.);
#410=VECTOR('',#2805,1000.);
#411=VECTOR('',#2810,1000.);
#412=VECTOR('',#2811,1000.);
#413=VECTOR('',#2814,1000.);
#414=VECTOR('',#2817,1000.);
#415=VECTOR('',#2818,1000.);
#416=VECTOR('',#2819,1000.);
#417=VECTOR('',#2822,1000.);
#418=VECTOR('',#2827,1000.);
#419=VECTOR('',#2834,1000.);
#420=VECTOR('',#2835,1000.);
#421=VECTOR('',#2836,1000.);
#422=VECTOR('',#2839,1000.);
#423=VECTOR('',#2862,1000.);
#424=VECTOR('',#2865,1000.);
#425=VECTOR('',#2866,1000.);
#426=VECTOR('',#2867,1000.);
#427=VECTOR('',#2870,1000.);
#428=VECTOR('',#2871,1000.);
#429=VECTOR('',#2872,1000.);
#430=VECTOR('',#2873,1000.);
#431=VECTOR('',#2876,1000.);
#432=VECTOR('',#2877,1000.);
#433=VECTOR('',#2878,1000.);
#434=VECTOR('',#2879,1000.);
#435=VECTOR('',#3006,1000.);
#436=VECTOR('',#3007,1000.);
#437=VECTOR('',#3008,1000.);
#438=VECTOR('',#3011,1000.);
#439=VECTOR('',#3014,1000.);
#440=VECTOR('',#3017,1000.);
#441=VECTOR('',#3018,1000.);
#442=VECTOR('',#3019,1000.);
#443=VECTOR('',#3022,1000.);
#444=VECTOR('',#3029,1000.);
#445=VECTOR('',#3032,1000.);
#446=VECTOR('',#3053,1000.);
#447=VECTOR('',#3054,1000.);
#448=VECTOR('',#3057,1000.);
#449=VECTOR('',#3058,1000.);
#450=VECTOR('',#3063,1000.);
#451=VECTOR('',#3064,1000.);
#452=VECTOR('',#3065,1000.);
#453=VECTOR('',#3066,1000.);
#454=VECTOR('',#3073,1000.);
#455=VECTOR('',#3074,1000.);
#456=VECTOR('',#3077,1000.);
#457=VECTOR('',#3078,1000.);
#458=VECTOR('',#3089,1000.);
#459=VECTOR('',#3090,1000.);
#460=VECTOR('',#3093,1000.);
#461=VECTOR('',#3094,1000.);
#462=VECTOR('',#3099,1000.);
#463=VECTOR('',#3100,1000.);
#464=VECTOR('',#3101,1000.);
#465=VECTOR('',#3102,1000.);
#466=VECTOR('',#3105,1000.);
#467=VECTOR('',#3112,1000.);
#468=VECTOR('',#3113,1000.);
#469=VECTOR('',#3116,1000.);
#470=ORIENTED_EDGE('',*,*,#1144,.T.);
#471=ORIENTED_EDGE('',*,*,#1145,.F.);
#472=ORIENTED_EDGE('',*,*,#1146,.T.);
#473=ORIENTED_EDGE('',*,*,#1147,.F.);
#474=ORIENTED_EDGE('',*,*,#1148,.T.);
#475=ORIENTED_EDGE('',*,*,#1149,.F.);
#476=ORIENTED_EDGE('',*,*,#1150,.T.);
#477=ORIENTED_EDGE('',*,*,#1151,.T.);
#478=ORIENTED_EDGE('',*,*,#1152,.T.);
#479=ORIENTED_EDGE('',*,*,#1153,.T.);
#480=ORIENTED_EDGE('',*,*,#1154,.T.);
#481=ORIENTED_EDGE('',*,*,#1155,.T.);
#482=ORIENTED_EDGE('',*,*,#1156,.T.);
#483=ORIENTED_EDGE('',*,*,#1157,.T.);
#484=ORIENTED_EDGE('',*,*,#1158,.T.);
#485=ORIENTED_EDGE('',*,*,#1159,.T.);
#486=ORIENTED_EDGE('',*,*,#1160,.T.);
#487=ORIENTED_EDGE('',*,*,#1147,.T.);
#488=ORIENTED_EDGE('',*,*,#1161,.T.);
#489=ORIENTED_EDGE('',*,*,#1162,.T.);
#490=ORIENTED_EDGE('',*,*,#1163,.T.);
#491=ORIENTED_EDGE('',*,*,#1164,.F.);
#492=ORIENTED_EDGE('',*,*,#1165,.T.);
#493=ORIENTED_EDGE('',*,*,#1166,.F.);
#494=ORIENTED_EDGE('',*,*,#1167,.T.);
#495=ORIENTED_EDGE('',*,*,#1168,.T.);
#496=ORIENTED_EDGE('',*,*,#1169,.T.);
#497=ORIENTED_EDGE('',*,*,#1170,.T.);
#498=ORIENTED_EDGE('',*,*,#1171,.T.);
#499=ORIENTED_EDGE('',*,*,#1172,.T.);
#500=ORIENTED_EDGE('',*,*,#1173,.T.);
#501=ORIENTED_EDGE('',*,*,#1174,.T.);
#502=ORIENTED_EDGE('',*,*,#1175,.T.);
#503=ORIENTED_EDGE('',*,*,#1176,.F.);
#504=ORIENTED_EDGE('',*,*,#1177,.T.);
#505=ORIENTED_EDGE('',*,*,#1178,.T.);
#506=ORIENTED_EDGE('',*,*,#1164,.T.);
#507=ORIENTED_EDGE('',*,*,#1179,.F.);
#508=ORIENTED_EDGE('',*,*,#1180,.T.);
#509=ORIENTED_EDGE('',*,*,#1181,.T.);
#510=ORIENTED_EDGE('',*,*,#1182,.T.);
#511=ORIENTED_EDGE('',*,*,#1183,.F.);
#512=ORIENTED_EDGE('',*,*,#1184,.T.);
#513=ORIENTED_EDGE('',*,*,#1185,.T.);
#514=ORIENTED_EDGE('',*,*,#1186,.T.);
#515=ORIENTED_EDGE('',*,*,#1187,.T.);
#516=ORIENTED_EDGE('',*,*,#1188,.T.);
#517=ORIENTED_EDGE('',*,*,#1189,.T.);
#518=ORIENTED_EDGE('',*,*,#1190,.F.);
#519=ORIENTED_EDGE('',*,*,#1191,.T.);
#520=ORIENTED_EDGE('',*,*,#1192,.F.);
#521=ORIENTED_EDGE('',*,*,#1193,.T.);
#522=ORIENTED_EDGE('',*,*,#1194,.T.);
#523=ORIENTED_EDGE('',*,*,#1195,.T.);
#524=ORIENTED_EDGE('',*,*,#1196,.T.);
#525=ORIENTED_EDGE('',*,*,#1197,.T.);
#526=ORIENTED_EDGE('',*,*,#1198,.T.);
#527=ORIENTED_EDGE('',*,*,#1199,.T.);
#528=ORIENTED_EDGE('',*,*,#1200,.T.);
#529=ORIENTED_EDGE('',*,*,#1201,.T.);
#530=ORIENTED_EDGE('',*,*,#1192,.T.);
#531=ORIENTED_EDGE('',*,*,#1202,.T.);
#532=ORIENTED_EDGE('',*,*,#1203,.T.);
#533=ORIENTED_EDGE('',*,*,#1204,.F.);
#534=ORIENTED_EDGE('',*,*,#1205,.F.);
#535=ORIENTED_EDGE('',*,*,#1206,.T.);
#536=ORIENTED_EDGE('',*,*,#1197,.F.);
#537=ORIENTED_EDGE('',*,*,#1207,.T.);
#538=ORIENTED_EDGE('',*,*,#1208,.F.);
#539=ORIENTED_EDGE('',*,*,#1209,.T.);
#540=ORIENTED_EDGE('',*,*,#1158,.F.);
#541=ORIENTED_EDGE('',*,*,#1210,.T.);
#542=ORIENTED_EDGE('',*,*,#1211,.T.);
#543=ORIENTED_EDGE('',*,*,#1212,.T.);
#544=ORIENTED_EDGE('',*,*,#1213,.T.);
#545=ORIENTED_EDGE('',*,*,#1214,.T.);
#546=ORIENTED_EDGE('',*,*,#1215,.T.);
#547=ORIENTED_EDGE('',*,*,#1216,.T.);
#548=ORIENTED_EDGE('',*,*,#1205,.T.);
#549=ORIENTED_EDGE('',*,*,#1217,.T.);
#550=ORIENTED_EDGE('',*,*,#1218,.T.);
#551=ORIENTED_EDGE('',*,*,#1219,.T.);
#552=ORIENTED_EDGE('',*,*,#1220,.T.);
#553=ORIENTED_EDGE('',*,*,#1221,.T.);
#554=ORIENTED_EDGE('',*,*,#1222,.T.);
#555=ORIENTED_EDGE('',*,*,#1223,.T.);
#556=ORIENTED_EDGE('',*,*,#1224,.T.);
#557=ORIENTED_EDGE('',*,*,#1225,.T.);
#558=ORIENTED_EDGE('',*,*,#1226,.T.);
#559=ORIENTED_EDGE('',*,*,#1227,.T.);
#560=ORIENTED_EDGE('',*,*,#1228,.F.);
#561=ORIENTED_EDGE('',*,*,#1229,.F.);
#562=ORIENTED_EDGE('',*,*,#1230,.T.);
#563=ORIENTED_EDGE('',*,*,#1231,.T.);
#564=ORIENTED_EDGE('',*,*,#1232,.T.);
#565=ORIENTED_EDGE('',*,*,#1233,.T.);
#566=ORIENTED_EDGE('',*,*,#1234,.T.);
#567=ORIENTED_EDGE('',*,*,#1235,.F.);
#568=ORIENTED_EDGE('',*,*,#1236,.T.);
#569=ORIENTED_EDGE('',*,*,#1237,.T.);
#570=ORIENTED_EDGE('',*,*,#1238,.F.);
#571=ORIENTED_EDGE('',*,*,#1239,.T.);
#572=ORIENTED_EDGE('',*,*,#1240,.T.);
#573=ORIENTED_EDGE('',*,*,#1241,.T.);
#574=ORIENTED_EDGE('',*,*,#1242,.F.);
#575=ORIENTED_EDGE('',*,*,#1243,.F.);
#576=ORIENTED_EDGE('',*,*,#1242,.T.);
#577=ORIENTED_EDGE('',*,*,#1244,.T.);
#578=ORIENTED_EDGE('',*,*,#1235,.T.);
#579=ORIENTED_EDGE('',*,*,#1245,.F.);
#580=ORIENTED_EDGE('',*,*,#1237,.F.);
#581=ORIENTED_EDGE('',*,*,#1246,.T.);
#582=ORIENTED_EDGE('',*,*,#1220,.F.);
#583=ORIENTED_EDGE('',*,*,#1247,.T.);
#584=ORIENTED_EDGE('',*,*,#1248,.F.);
#585=ORIENTED_EDGE('',*,*,#1179,.T.);
#586=ORIENTED_EDGE('',*,*,#1249,.T.);
#587=ORIENTED_EDGE('',*,*,#1250,.T.);
#588=ORIENTED_EDGE('',*,*,#1204,.T.);
#589=ORIENTED_EDGE('',*,*,#1251,.F.);
#590=ORIENTED_EDGE('',*,*,#1252,.T.);
#591=ORIENTED_EDGE('',*,*,#1248,.T.);
#592=ORIENTED_EDGE('',*,*,#1253,.T.);
#593=ORIENTED_EDGE('',*,*,#1254,.T.);
#594=ORIENTED_EDGE('',*,*,#1255,.F.);
#595=ORIENTED_EDGE('',*,*,#1256,.F.);
#596=ORIENTED_EDGE('',*,*,#1257,.T.);
#597=ORIENTED_EDGE('',*,*,#1258,.T.);
#598=ORIENTED_EDGE('',*,*,#1254,.F.);
#599=ORIENTED_EDGE('',*,*,#1259,.F.);
#600=ORIENTED_EDGE('',*,*,#1260,.T.);
#601=ORIENTED_EDGE('',*,*,#1256,.T.);
#602=ORIENTED_EDGE('',*,*,#1253,.F.);
#603=ORIENTED_EDGE('',*,*,#1261,.T.);
#604=ORIENTED_EDGE('',*,*,#1251,.T.);
#605=ORIENTED_EDGE('',*,*,#1262,.T.);
#606=ORIENTED_EDGE('',*,*,#1263,.F.);
#607=ORIENTED_EDGE('',*,*,#1214,.F.);
#608=ORIENTED_EDGE('',*,*,#1162,.F.);
#609=ORIENTED_EDGE('',*,*,#1264,.T.);
#610=ORIENTED_EDGE('',*,*,#1265,.T.);
#611=ORIENTED_EDGE('',*,*,#1266,.T.);
#612=ORIENTED_EDGE('',*,*,#1177,.F.);
#613=ORIENTED_EDGE('',*,*,#1252,.F.);
#614=ORIENTED_EDGE('',*,*,#1267,.F.);
#615=ORIENTED_EDGE('',*,*,#1262,.F.);
#616=ORIENTED_EDGE('',*,*,#1203,.F.);
#617=ORIENTED_EDGE('',*,*,#1268,.T.);
#618=ORIENTED_EDGE('',*,*,#1269,.T.);
#619=ORIENTED_EDGE('',*,*,#1270,.T.);
#620=ORIENTED_EDGE('',*,*,#1261,.F.);
#621=ORIENTED_EDGE('',*,*,#1213,.F.);
#622=ORIENTED_EDGE('',*,*,#1271,.T.);
#623=ORIENTED_EDGE('',*,*,#1272,.T.);
#624=ORIENTED_EDGE('',*,*,#1272,.F.);
#625=ORIENTED_EDGE('',*,*,#1273,.T.);
#626=ORIENTED_EDGE('',*,*,#1274,.T.);
#627=ORIENTED_EDGE('',*,*,#1193,.F.);
#628=ORIENTED_EDGE('',*,*,#1250,.F.);
#629=ORIENTED_EDGE('',*,*,#1176,.T.);
#630=ORIENTED_EDGE('',*,*,#1275,.T.);
#631=ORIENTED_EDGE('',*,*,#1276,.T.);
#632=ORIENTED_EDGE('',*,*,#1277,.T.);
#633=ORIENTED_EDGE('',*,*,#1259,.T.);
#634=ORIENTED_EDGE('',*,*,#1249,.F.);
#635=ORIENTED_EDGE('',*,*,#1278,.T.);
#636=ORIENTED_EDGE('',*,*,#1279,.T.);
#637=ORIENTED_EDGE('',*,*,#1280,.F.);
#638=ORIENTED_EDGE('',*,*,#1281,.F.);
#639=ORIENTED_EDGE('',*,*,#1282,.F.);
#640=ORIENTED_EDGE('',*,*,#1283,.T.);
#641=ORIENTED_EDGE('',*,*,#1282,.T.);
#642=ORIENTED_EDGE('',*,*,#1284,.F.);
#643=ORIENTED_EDGE('',*,*,#1238,.T.);
#644=ORIENTED_EDGE('',*,*,#1285,.T.);
#645=ORIENTED_EDGE('',*,*,#1286,.F.);
#646=ORIENTED_EDGE('',*,*,#1245,.T.);
#647=ORIENTED_EDGE('',*,*,#1284,.T.);
#648=ORIENTED_EDGE('',*,*,#1281,.T.);
#649=ORIENTED_EDGE('',*,*,#1280,.T.);
#650=ORIENTED_EDGE('',*,*,#1287,.T.);
#651=ORIENTED_EDGE('',*,*,#1243,.T.);
#652=ORIENTED_EDGE('',*,*,#1286,.T.);
#653=ORIENTED_EDGE('',*,*,#1224,.F.);
#654=ORIENTED_EDGE('',*,*,#1288,.T.);
#655=ORIENTED_EDGE('',*,*,#1278,.F.);
#656=ORIENTED_EDGE('',*,*,#1289,.F.);
#657=ORIENTED_EDGE('',*,*,#1289,.T.);
#658=ORIENTED_EDGE('',*,*,#1283,.F.);
#659=ORIENTED_EDGE('',*,*,#1285,.F.);
#660=ORIENTED_EDGE('',*,*,#1247,.F.);
#661=ORIENTED_EDGE('',*,*,#1290,.T.);
#662=ORIENTED_EDGE('',*,*,#1291,.T.);
#663=ORIENTED_EDGE('',*,*,#1208,.T.);
#664=ORIENTED_EDGE('',*,*,#1292,.T.);
#665=ORIENTED_EDGE('',*,*,#1293,.F.);
#666=ORIENTED_EDGE('',*,*,#1294,.T.);
#667=ORIENTED_EDGE('',*,*,#1295,.T.);
#668=ORIENTED_EDGE('',*,*,#1296,.T.);
#669=ORIENTED_EDGE('',*,*,#1297,.T.);
#670=ORIENTED_EDGE('',*,*,#1298,.T.);
#671=ORIENTED_EDGE('',*,*,#1299,.T.);
#672=ORIENTED_EDGE('',*,*,#1300,.T.);
#673=ORIENTED_EDGE('',*,*,#1301,.T.);
#674=ORIENTED_EDGE('',*,*,#1302,.F.);
#675=ORIENTED_EDGE('',*,*,#1303,.F.);
#676=ORIENTED_EDGE('',*,*,#1304,.T.);
#677=ORIENTED_EDGE('',*,*,#1239,.F.);
#678=ORIENTED_EDGE('',*,*,#1305,.T.);
#679=ORIENTED_EDGE('',*,*,#1306,.T.);
#680=ORIENTED_EDGE('',*,*,#1219,.F.);
#681=ORIENTED_EDGE('',*,*,#1307,.F.);
#682=ORIENTED_EDGE('',*,*,#1227,.F.);
#683=ORIENTED_EDGE('',*,*,#1308,.T.);
#684=ORIENTED_EDGE('',*,*,#1309,.T.);
#685=ORIENTED_EDGE('',*,*,#1154,.F.);
#686=ORIENTED_EDGE('',*,*,#1310,.T.);
#687=ORIENTED_EDGE('',*,*,#1303,.T.);
#688=ORIENTED_EDGE('',*,*,#1287,.F.);
#689=ORIENTED_EDGE('',*,*,#1311,.F.);
#690=ORIENTED_EDGE('',*,*,#1311,.T.);
#691=ORIENTED_EDGE('',*,*,#1279,.F.);
#692=ORIENTED_EDGE('',*,*,#1312,.F.);
#693=ORIENTED_EDGE('',*,*,#1155,.F.);
#694=ORIENTED_EDGE('',*,*,#1313,.F.);
#695=ORIENTED_EDGE('',*,*,#1314,.T.);
#696=ORIENTED_EDGE('',*,*,#1156,.F.);
#697=ORIENTED_EDGE('',*,*,#1312,.T.);
#698=ORIENTED_EDGE('',*,*,#1288,.F.);
#699=ORIENTED_EDGE('',*,*,#1315,.T.);
#700=ORIENTED_EDGE('',*,*,#1316,.T.);
#701=ORIENTED_EDGE('',*,*,#1231,.F.);
#702=ORIENTED_EDGE('',*,*,#1317,.F.);
#703=ORIENTED_EDGE('',*,*,#1292,.F.);
#704=ORIENTED_EDGE('',*,*,#1318,.T.);
#705=ORIENTED_EDGE('',*,*,#1319,.T.);
#706=ORIENTED_EDGE('',*,*,#1223,.F.);
#707=ORIENTED_EDGE('',*,*,#1320,.T.);
#708=ORIENTED_EDGE('',*,*,#1313,.T.);
#709=ORIENTED_EDGE('',*,*,#1301,.F.);
#710=ORIENTED_EDGE('',*,*,#1321,.T.);
#711=ORIENTED_EDGE('',*,*,#1273,.F.);
#712=ORIENTED_EDGE('',*,*,#1271,.F.);
#713=ORIENTED_EDGE('',*,*,#1212,.F.);
#714=ORIENTED_EDGE('',*,*,#1322,.F.);
#715=ORIENTED_EDGE('',*,*,#1217,.F.);
#716=ORIENTED_EDGE('',*,*,#1323,.T.);
#717=ORIENTED_EDGE('',*,*,#1299,.F.);
#718=ORIENTED_EDGE('',*,*,#1324,.F.);
#719=ORIENTED_EDGE('',*,*,#1277,.F.);
#720=ORIENTED_EDGE('',*,*,#1325,.T.);
#721=ORIENTED_EDGE('',*,*,#1295,.F.);
#722=ORIENTED_EDGE('',*,*,#1326,.F.);
#723=ORIENTED_EDGE('',*,*,#1257,.F.);
#724=ORIENTED_EDGE('',*,*,#1260,.F.);
#725=ORIENTED_EDGE('',*,*,#1297,.F.);
#726=ORIENTED_EDGE('',*,*,#1327,.T.);
#727=ORIENTED_EDGE('',*,*,#1294,.F.);
#728=ORIENTED_EDGE('',*,*,#1328,.F.);
#729=ORIENTED_EDGE('',*,*,#1274,.F.);
#730=ORIENTED_EDGE('',*,*,#1321,.F.);
#731=ORIENTED_EDGE('',*,*,#1329,.F.);
#732=ORIENTED_EDGE('',*,*,#1194,.F.);
#733=ORIENTED_EDGE('',*,*,#1329,.T.);
#734=ORIENTED_EDGE('',*,*,#1300,.F.);
#735=ORIENTED_EDGE('',*,*,#1330,.F.);
#736=ORIENTED_EDGE('',*,*,#1195,.F.);
#737=ORIENTED_EDGE('',*,*,#1330,.T.);
#738=ORIENTED_EDGE('',*,*,#1323,.F.);
#739=ORIENTED_EDGE('',*,*,#1207,.F.);
#740=ORIENTED_EDGE('',*,*,#1196,.F.);
#741=ORIENTED_EDGE('',*,*,#1152,.F.);
#742=ORIENTED_EDGE('',*,*,#1331,.T.);
#743=ORIENTED_EDGE('',*,*,#1215,.F.);
#744=ORIENTED_EDGE('',*,*,#1332,.F.);
#745=ORIENTED_EDGE('',*,*,#1332,.T.);
#746=ORIENTED_EDGE('',*,*,#1306,.F.);
#747=ORIENTED_EDGE('',*,*,#1333,.F.);
#748=ORIENTED_EDGE('',*,*,#1153,.F.);
#749=ORIENTED_EDGE('',*,*,#1333,.T.);
#750=ORIENTED_EDGE('',*,*,#1305,.F.);
#751=ORIENTED_EDGE('',*,*,#1334,.F.);
#752=ORIENTED_EDGE('',*,*,#1310,.F.);
#753=ORIENTED_EDGE('',*,*,#1334,.T.);
#754=ORIENTED_EDGE('',*,*,#1309,.F.);
#755=ORIENTED_EDGE('',*,*,#1335,.F.);
#756=ORIENTED_EDGE('',*,*,#1304,.F.);
#757=ORIENTED_EDGE('',*,*,#1335,.T.);
#758=ORIENTED_EDGE('',*,*,#1308,.F.);
#759=ORIENTED_EDGE('',*,*,#1336,.F.);
#760=ORIENTED_EDGE('',*,*,#1240,.F.);
#761=ORIENTED_EDGE('',*,*,#1336,.T.);
#762=ORIENTED_EDGE('',*,*,#1226,.F.);
#763=ORIENTED_EDGE('',*,*,#1337,.F.);
#764=ORIENTED_EDGE('',*,*,#1241,.F.);
#765=ORIENTED_EDGE('',*,*,#1337,.T.);
#766=ORIENTED_EDGE('',*,*,#1225,.F.);
#767=ORIENTED_EDGE('',*,*,#1338,.F.);
#768=ORIENTED_EDGE('',*,*,#1244,.F.);
#769=ORIENTED_EDGE('',*,*,#1338,.T.);
#770=ORIENTED_EDGE('',*,*,#1234,.F.);
#771=ORIENTED_EDGE('',*,*,#1339,.F.);
#772=ORIENTED_EDGE('',*,*,#1236,.F.);
#773=ORIENTED_EDGE('',*,*,#1339,.T.);
#774=ORIENTED_EDGE('',*,*,#1233,.F.);
#775=ORIENTED_EDGE('',*,*,#1340,.F.);
#776=ORIENTED_EDGE('',*,*,#1246,.F.);
#777=ORIENTED_EDGE('',*,*,#1340,.T.);
#778=ORIENTED_EDGE('',*,*,#1232,.F.);
#779=ORIENTED_EDGE('',*,*,#1341,.F.);
#780=ORIENTED_EDGE('',*,*,#1221,.F.);
#781=ORIENTED_EDGE('',*,*,#1341,.T.);
#782=ORIENTED_EDGE('',*,*,#1316,.F.);
#783=ORIENTED_EDGE('',*,*,#1342,.F.);
#784=ORIENTED_EDGE('',*,*,#1222,.F.);
#785=ORIENTED_EDGE('',*,*,#1342,.T.);
#786=ORIENTED_EDGE('',*,*,#1315,.F.);
#787=ORIENTED_EDGE('',*,*,#1343,.F.);
#788=ORIENTED_EDGE('',*,*,#1320,.F.);
#789=ORIENTED_EDGE('',*,*,#1343,.T.);
#790=ORIENTED_EDGE('',*,*,#1319,.F.);
#791=ORIENTED_EDGE('',*,*,#1344,.F.);
#792=ORIENTED_EDGE('',*,*,#1314,.F.);
#793=ORIENTED_EDGE('',*,*,#1344,.T.);
#794=ORIENTED_EDGE('',*,*,#1318,.F.);
#795=ORIENTED_EDGE('',*,*,#1210,.F.);
#796=ORIENTED_EDGE('',*,*,#1157,.F.);
#797=ORIENTED_EDGE('',*,*,#1171,.F.);
#798=ORIENTED_EDGE('',*,*,#1345,.T.);
#799=ORIENTED_EDGE('',*,*,#1290,.F.);
#800=ORIENTED_EDGE('',*,*,#1346,.F.);
#801=ORIENTED_EDGE('',*,*,#1346,.T.);
#802=ORIENTED_EDGE('',*,*,#1327,.F.);
#803=ORIENTED_EDGE('',*,*,#1347,.F.);
#804=ORIENTED_EDGE('',*,*,#1172,.F.);
#805=ORIENTED_EDGE('',*,*,#1347,.T.);
#806=ORIENTED_EDGE('',*,*,#1296,.F.);
#807=ORIENTED_EDGE('',*,*,#1348,.F.);
#808=ORIENTED_EDGE('',*,*,#1173,.F.);
#809=ORIENTED_EDGE('',*,*,#1349,.F.);
#810=ORIENTED_EDGE('',*,*,#1174,.F.);
#811=ORIENTED_EDGE('',*,*,#1348,.T.);
#812=ORIENTED_EDGE('',*,*,#1325,.F.);
#813=ORIENTED_EDGE('',*,*,#1276,.F.);
#814=ORIENTED_EDGE('',*,*,#1175,.F.);
#815=ORIENTED_EDGE('',*,*,#1349,.T.);
#816=ORIENTED_EDGE('',*,*,#1275,.F.);
#817=ORIENTED_EDGE('',*,*,#1350,.T.);
#818=ORIENTED_EDGE('',*,*,#1351,.T.);
#819=ORIENTED_EDGE('',*,*,#1183,.T.);
#820=ORIENTED_EDGE('',*,*,#1352,.T.);
#821=ORIENTED_EDGE('',*,*,#1353,.T.);
#822=ORIENTED_EDGE('',*,*,#1354,.T.);
#823=ORIENTED_EDGE('',*,*,#1355,.T.);
#824=ORIENTED_EDGE('',*,*,#1356,.T.);
#825=ORIENTED_EDGE('',*,*,#1357,.T.);
#826=ORIENTED_EDGE('',*,*,#1350,.F.);
#827=ORIENTED_EDGE('',*,*,#1144,.F.);
#828=ORIENTED_EDGE('',*,*,#1353,.F.);
#829=ORIENTED_EDGE('',*,*,#1358,.T.);
#830=ORIENTED_EDGE('',*,*,#1199,.F.);
#831=ORIENTED_EDGE('',*,*,#1359,.T.);
#832=ORIENTED_EDGE('',*,*,#1356,.F.);
#833=ORIENTED_EDGE('',*,*,#1169,.F.);
#834=ORIENTED_EDGE('',*,*,#1360,.T.);
#835=ORIENTED_EDGE('',*,*,#1302,.T.);
#836=ORIENTED_EDGE('',*,*,#1361,.F.);
#837=ORIENTED_EDGE('',*,*,#1362,.F.);
#838=ORIENTED_EDGE('',*,*,#1363,.T.);
#839=ORIENTED_EDGE('',*,*,#1322,.T.);
#840=ORIENTED_EDGE('',*,*,#1364,.F.);
#841=ORIENTED_EDGE('',*,*,#1365,.F.);
#842=ORIENTED_EDGE('',*,*,#1361,.T.);
#843=ORIENTED_EDGE('',*,*,#1211,.F.);
#844=ORIENTED_EDGE('',*,*,#1366,.F.);
#845=ORIENTED_EDGE('',*,*,#1367,.T.);
#846=ORIENTED_EDGE('',*,*,#1364,.T.);
#847=ORIENTED_EDGE('',*,*,#1263,.T.);
#848=ORIENTED_EDGE('',*,*,#1368,.F.);
#849=ORIENTED_EDGE('',*,*,#1369,.F.);
#850=ORIENTED_EDGE('',*,*,#1366,.T.);
#851=ORIENTED_EDGE('',*,*,#1267,.T.);
#852=ORIENTED_EDGE('',*,*,#1370,.F.);
#853=ORIENTED_EDGE('',*,*,#1371,.F.);
#854=ORIENTED_EDGE('',*,*,#1368,.T.);
#855=ORIENTED_EDGE('',*,*,#1255,.T.);
#856=ORIENTED_EDGE('',*,*,#1372,.F.);
#857=ORIENTED_EDGE('',*,*,#1373,.F.);
#858=ORIENTED_EDGE('',*,*,#1370,.T.);
#859=ORIENTED_EDGE('',*,*,#1258,.F.);
#860=ORIENTED_EDGE('',*,*,#1374,.F.);
#861=ORIENTED_EDGE('',*,*,#1375,.T.);
#862=ORIENTED_EDGE('',*,*,#1372,.T.);
#863=ORIENTED_EDGE('',*,*,#1326,.T.);
#864=ORIENTED_EDGE('',*,*,#1376,.F.);
#865=ORIENTED_EDGE('',*,*,#1377,.F.);
#866=ORIENTED_EDGE('',*,*,#1374,.T.);
#867=ORIENTED_EDGE('',*,*,#1298,.F.);
#868=ORIENTED_EDGE('',*,*,#1378,.F.);
#869=ORIENTED_EDGE('',*,*,#1379,.T.);
#870=ORIENTED_EDGE('',*,*,#1376,.T.);
#871=ORIENTED_EDGE('',*,*,#1328,.T.);
#872=ORIENTED_EDGE('',*,*,#1380,.F.);
#873=ORIENTED_EDGE('',*,*,#1381,.F.);
#874=ORIENTED_EDGE('',*,*,#1378,.T.);
#875=ORIENTED_EDGE('',*,*,#1293,.T.);
#876=ORIENTED_EDGE('',*,*,#1382,.F.);
#877=ORIENTED_EDGE('',*,*,#1383,.F.);
#878=ORIENTED_EDGE('',*,*,#1380,.T.);
#879=ORIENTED_EDGE('',*,*,#1317,.T.);
#880=ORIENTED_EDGE('',*,*,#1230,.F.);
#881=ORIENTED_EDGE('',*,*,#1384,.F.);
#882=ORIENTED_EDGE('',*,*,#1382,.T.);
#883=ORIENTED_EDGE('',*,*,#1307,.T.);
#884=ORIENTED_EDGE('',*,*,#1385,.F.);
#885=ORIENTED_EDGE('',*,*,#1386,.F.);
#886=ORIENTED_EDGE('',*,*,#1228,.T.);
#887=ORIENTED_EDGE('',*,*,#1218,.F.);
#888=ORIENTED_EDGE('',*,*,#1387,.F.);
#889=ORIENTED_EDGE('',*,*,#1388,.T.);
#890=ORIENTED_EDGE('',*,*,#1385,.T.);
#891=ORIENTED_EDGE('',*,*,#1389,.T.);
#892=ORIENTED_EDGE('',*,*,#1351,.F.);
#893=ORIENTED_EDGE('',*,*,#1390,.T.);
#894=ORIENTED_EDGE('',*,*,#1355,.F.);
#895=ORIENTED_EDGE('',*,*,#1391,.T.);
#896=ORIENTED_EDGE('',*,*,#1357,.F.);
#897=ORIENTED_EDGE('',*,*,#1324,.T.);
#898=ORIENTED_EDGE('',*,*,#1363,.F.);
#899=ORIENTED_EDGE('',*,*,#1392,.F.);
#900=ORIENTED_EDGE('',*,*,#1387,.T.);
#901=ORIENTED_EDGE('',*,*,#1391,.F.);
#902=ORIENTED_EDGE('',*,*,#1390,.F.);
#903=ORIENTED_EDGE('',*,*,#1389,.F.);
#904=ORIENTED_EDGE('',*,*,#1362,.T.);
#905=ORIENTED_EDGE('',*,*,#1365,.T.);
#906=ORIENTED_EDGE('',*,*,#1367,.F.);
#907=ORIENTED_EDGE('',*,*,#1369,.T.);
#908=ORIENTED_EDGE('',*,*,#1371,.T.);
#909=ORIENTED_EDGE('',*,*,#1373,.T.);
#910=ORIENTED_EDGE('',*,*,#1375,.F.);
#911=ORIENTED_EDGE('',*,*,#1377,.T.);
#912=ORIENTED_EDGE('',*,*,#1379,.F.);
#913=ORIENTED_EDGE('',*,*,#1381,.T.);
#914=ORIENTED_EDGE('',*,*,#1383,.T.);
#915=ORIENTED_EDGE('',*,*,#1384,.T.);
#916=ORIENTED_EDGE('',*,*,#1229,.T.);
#917=ORIENTED_EDGE('',*,*,#1386,.T.);
#918=ORIENTED_EDGE('',*,*,#1388,.F.);
#919=ORIENTED_EDGE('',*,*,#1392,.T.);
#920=ORIENTED_EDGE('',*,*,#1393,.T.);
#921=ORIENTED_EDGE('',*,*,#1394,.T.);
#922=ORIENTED_EDGE('',*,*,#1395,.T.);
#923=ORIENTED_EDGE('',*,*,#1396,.T.);
#924=ORIENTED_EDGE('',*,*,#1397,.T.);
#925=ORIENTED_EDGE('',*,*,#1398,.T.);
#926=ORIENTED_EDGE('',*,*,#1399,.T.);
#927=ORIENTED_EDGE('',*,*,#1400,.F.);
#928=ORIENTED_EDGE('',*,*,#1401,.T.);
#929=ORIENTED_EDGE('',*,*,#1402,.T.);
#930=ORIENTED_EDGE('',*,*,#1403,.T.);
#931=ORIENTED_EDGE('',*,*,#1404,.T.);
#932=ORIENTED_EDGE('',*,*,#1405,.T.);
#933=ORIENTED_EDGE('',*,*,#1406,.T.);
#934=ORIENTED_EDGE('',*,*,#1407,.T.);
#935=ORIENTED_EDGE('',*,*,#1408,.T.);
#936=ORIENTED_EDGE('',*,*,#1409,.T.);
#937=ORIENTED_EDGE('',*,*,#1410,.T.);
#938=ORIENTED_EDGE('',*,*,#1400,.T.);
#939=ORIENTED_EDGE('',*,*,#1411,.T.);
#940=ORIENTED_EDGE('',*,*,#1393,.F.);
#941=ORIENTED_EDGE('',*,*,#1412,.T.);
#942=ORIENTED_EDGE('',*,*,#1413,.T.);
#943=ORIENTED_EDGE('',*,*,#1414,.T.);
#944=ORIENTED_EDGE('',*,*,#1415,.T.);
#945=ORIENTED_EDGE('',*,*,#1416,.T.);
#946=ORIENTED_EDGE('',*,*,#1417,.T.);
#947=ORIENTED_EDGE('',*,*,#1418,.T.);
#948=ORIENTED_EDGE('',*,*,#1419,.T.);
#949=ORIENTED_EDGE('',*,*,#1420,.F.);
#950=ORIENTED_EDGE('',*,*,#1421,.T.);
#951=ORIENTED_EDGE('',*,*,#1422,.T.);
#952=ORIENTED_EDGE('',*,*,#1423,.T.);
#953=ORIENTED_EDGE('',*,*,#1424,.T.);
#954=ORIENTED_EDGE('',*,*,#1425,.T.);
#955=ORIENTED_EDGE('',*,*,#1426,.T.);
#956=ORIENTED_EDGE('',*,*,#1427,.T.);
#957=ORIENTED_EDGE('',*,*,#1428,.T.);
#958=ORIENTED_EDGE('',*,*,#1429,.T.);
#959=ORIENTED_EDGE('',*,*,#1430,.T.);
#960=ORIENTED_EDGE('',*,*,#1420,.T.);
#961=ORIENTED_EDGE('',*,*,#1431,.T.);
#962=ORIENTED_EDGE('',*,*,#1413,.F.);
#963=ORIENTED_EDGE('',*,*,#1432,.T.);
#964=ORIENTED_EDGE('',*,*,#1188,.F.);
#965=ORIENTED_EDGE('',*,*,#1433,.T.);
#966=ORIENTED_EDGE('',*,*,#1159,.F.);
#967=ORIENTED_EDGE('',*,*,#1434,.F.);
#968=ORIENTED_EDGE('',*,*,#1434,.T.);
#969=ORIENTED_EDGE('',*,*,#1209,.F.);
#970=ORIENTED_EDGE('',*,*,#1435,.F.);
#971=ORIENTED_EDGE('',*,*,#1435,.T.);
#972=ORIENTED_EDGE('',*,*,#1291,.F.);
#973=ORIENTED_EDGE('',*,*,#1436,.F.);
#974=ORIENTED_EDGE('',*,*,#1189,.F.);
#975=ORIENTED_EDGE('',*,*,#1436,.T.);
#976=ORIENTED_EDGE('',*,*,#1345,.F.);
#977=ORIENTED_EDGE('',*,*,#1437,.F.);
#978=ORIENTED_EDGE('',*,*,#1168,.F.);
#979=ORIENTED_EDGE('',*,*,#1438,.T.);
#980=ORIENTED_EDGE('',*,*,#1186,.F.);
#981=ORIENTED_EDGE('',*,*,#1437,.T.);
#982=ORIENTED_EDGE('',*,*,#1170,.F.);
#983=ORIENTED_EDGE('',*,*,#1360,.F.);
#984=ORIENTED_EDGE('',*,*,#1182,.F.);
#985=ORIENTED_EDGE('',*,*,#1439,.T.);
#986=ORIENTED_EDGE('',*,*,#1200,.F.);
#987=ORIENTED_EDGE('',*,*,#1358,.F.);
#988=ORIENTED_EDGE('',*,*,#1352,.F.);
#989=ORIENTED_EDGE('',*,*,#1151,.F.);
#990=ORIENTED_EDGE('',*,*,#1440,.T.);
#991=ORIENTED_EDGE('',*,*,#1180,.F.);
#992=ORIENTED_EDGE('',*,*,#1441,.F.);
#993=ORIENTED_EDGE('',*,*,#1331,.F.);
#994=ORIENTED_EDGE('',*,*,#1441,.T.);
#995=ORIENTED_EDGE('',*,*,#1442,.F.);
#996=ORIENTED_EDGE('',*,*,#1443,.F.);
#997=ORIENTED_EDGE('',*,*,#1216,.F.);
#998=ORIENTED_EDGE('',*,*,#1442,.T.);
#999=ORIENTED_EDGE('',*,*,#1185,.F.);
#1000=ORIENTED_EDGE('',*,*,#1206,.F.);
#1001=ORIENTED_EDGE('',*,*,#1443,.T.);
#1002=ORIENTED_EDGE('',*,*,#1444,.F.);
#1003=ORIENTED_EDGE('',*,*,#1444,.T.);
#1004=ORIENTED_EDGE('',*,*,#1184,.F.);
#1005=ORIENTED_EDGE('',*,*,#1354,.F.);
#1006=ORIENTED_EDGE('',*,*,#1359,.F.);
#1007=ORIENTED_EDGE('',*,*,#1198,.F.);
#1008=ORIENTED_EDGE('',*,*,#1445,.F.);
#1009=ORIENTED_EDGE('',*,*,#1167,.F.);
#1010=ORIENTED_EDGE('',*,*,#1446,.F.);
#1011=ORIENTED_EDGE('',*,*,#1405,.F.);
#1012=ORIENTED_EDGE('',*,*,#1447,.F.);
#1013=ORIENTED_EDGE('',*,*,#1165,.F.);
#1014=ORIENTED_EDGE('',*,*,#1448,.F.);
#1015=ORIENTED_EDGE('',*,*,#1402,.F.);
#1016=ORIENTED_EDGE('',*,*,#1166,.T.);
#1017=ORIENTED_EDGE('',*,*,#1447,.T.);
#1018=ORIENTED_EDGE('',*,*,#1449,.F.);
#1019=ORIENTED_EDGE('',*,*,#1446,.T.);
#1020=ORIENTED_EDGE('',*,*,#1445,.T.);
#1021=ORIENTED_EDGE('',*,*,#1404,.F.);
#1022=ORIENTED_EDGE('',*,*,#1450,.F.);
#1023=ORIENTED_EDGE('',*,*,#1438,.F.);
#1024=ORIENTED_EDGE('',*,*,#1448,.T.);
#1025=ORIENTED_EDGE('',*,*,#1178,.F.);
#1026=ORIENTED_EDGE('',*,*,#1451,.F.);
#1027=ORIENTED_EDGE('',*,*,#1398,.F.);
#1028=ORIENTED_EDGE('',*,*,#1449,.T.);
#1029=ORIENTED_EDGE('',*,*,#1401,.F.);
#1030=ORIENTED_EDGE('',*,*,#1452,.F.);
#1031=ORIENTED_EDGE('',*,*,#1406,.F.);
#1032=ORIENTED_EDGE('',*,*,#1450,.T.);
#1033=ORIENTED_EDGE('',*,*,#1403,.F.);
#1034=ORIENTED_EDGE('',*,*,#1453,.F.);
#1035=ORIENTED_EDGE('',*,*,#1187,.F.);
#1036=ORIENTED_EDGE('',*,*,#1451,.T.);
#1037=ORIENTED_EDGE('',*,*,#1266,.F.);
#1038=ORIENTED_EDGE('',*,*,#1454,.F.);
#1039=ORIENTED_EDGE('',*,*,#1399,.F.);
#1040=ORIENTED_EDGE('',*,*,#1452,.T.);
#1041=ORIENTED_EDGE('',*,*,#1412,.F.);
#1042=ORIENTED_EDGE('',*,*,#1455,.F.);
#1043=ORIENTED_EDGE('',*,*,#1407,.F.);
#1044=ORIENTED_EDGE('',*,*,#1453,.T.);
#1045=ORIENTED_EDGE('',*,*,#1410,.F.);
#1046=ORIENTED_EDGE('',*,*,#1456,.F.);
#1047=ORIENTED_EDGE('',*,*,#1433,.F.);
#1048=ORIENTED_EDGE('',*,*,#1454,.T.);
#1049=ORIENTED_EDGE('',*,*,#1265,.F.);
#1050=ORIENTED_EDGE('',*,*,#1457,.F.);
#1051=ORIENTED_EDGE('',*,*,#1411,.F.);
#1052=ORIENTED_EDGE('',*,*,#1455,.T.);
#1053=ORIENTED_EDGE('',*,*,#1397,.F.);
#1054=ORIENTED_EDGE('',*,*,#1458,.F.);
#1055=ORIENTED_EDGE('',*,*,#1408,.F.);
#1056=ORIENTED_EDGE('',*,*,#1456,.T.);
#1057=ORIENTED_EDGE('',*,*,#1409,.F.);
#1058=ORIENTED_EDGE('',*,*,#1459,.F.);
#1059=ORIENTED_EDGE('',*,*,#1160,.F.);
#1060=ORIENTED_EDGE('',*,*,#1457,.T.);
#1061=ORIENTED_EDGE('',*,*,#1264,.F.);
#1062=ORIENTED_EDGE('',*,*,#1460,.F.);
#1063=ORIENTED_EDGE('',*,*,#1394,.F.);
#1064=ORIENTED_EDGE('',*,*,#1459,.T.);
#1065=ORIENTED_EDGE('',*,*,#1458,.T.);
#1066=ORIENTED_EDGE('',*,*,#1461,.F.);
#1067=ORIENTED_EDGE('',*,*,#1145,.T.);
#1068=ORIENTED_EDGE('',*,*,#1460,.T.);
#1069=ORIENTED_EDGE('',*,*,#1161,.F.);
#1070=ORIENTED_EDGE('',*,*,#1462,.F.);
#1071=ORIENTED_EDGE('',*,*,#1395,.F.);
#1072=ORIENTED_EDGE('',*,*,#1461,.T.);
#1073=ORIENTED_EDGE('',*,*,#1396,.F.);
#1074=ORIENTED_EDGE('',*,*,#1462,.T.);
#1075=ORIENTED_EDGE('',*,*,#1146,.F.);
#1076=ORIENTED_EDGE('',*,*,#1463,.F.);
#1077=ORIENTED_EDGE('',*,*,#1150,.F.);
#1078=ORIENTED_EDGE('',*,*,#1464,.F.);
#1079=ORIENTED_EDGE('',*,*,#1427,.F.);
#1080=ORIENTED_EDGE('',*,*,#1465,.F.);
#1081=ORIENTED_EDGE('',*,*,#1148,.F.);
#1082=ORIENTED_EDGE('',*,*,#1466,.F.);
#1083=ORIENTED_EDGE('',*,*,#1422,.F.);
#1084=ORIENTED_EDGE('',*,*,#1149,.T.);
#1085=ORIENTED_EDGE('',*,*,#1465,.T.);
#1086=ORIENTED_EDGE('',*,*,#1467,.F.);
#1087=ORIENTED_EDGE('',*,*,#1464,.T.);
#1088=ORIENTED_EDGE('',*,*,#1463,.T.);
#1089=ORIENTED_EDGE('',*,*,#1426,.F.);
#1090=ORIENTED_EDGE('',*,*,#1468,.F.);
#1091=ORIENTED_EDGE('',*,*,#1440,.F.);
#1092=ORIENTED_EDGE('',*,*,#1466,.T.);
#1093=ORIENTED_EDGE('',*,*,#1163,.F.);
#1094=ORIENTED_EDGE('',*,*,#1469,.F.);
#1095=ORIENTED_EDGE('',*,*,#1418,.F.);
#1096=ORIENTED_EDGE('',*,*,#1467,.T.);
#1097=ORIENTED_EDGE('',*,*,#1421,.F.);
#1098=ORIENTED_EDGE('',*,*,#1470,.F.);
#1099=ORIENTED_EDGE('',*,*,#1428,.F.);
#1100=ORIENTED_EDGE('',*,*,#1468,.T.);
#1101=ORIENTED_EDGE('',*,*,#1425,.F.);
#1102=ORIENTED_EDGE('',*,*,#1471,.F.);
#1103=ORIENTED_EDGE('',*,*,#1181,.F.);
#1104=ORIENTED_EDGE('',*,*,#1469,.T.);
#1105=ORIENTED_EDGE('',*,*,#1270,.F.);
#1106=ORIENTED_EDGE('',*,*,#1472,.F.);
#1107=ORIENTED_EDGE('',*,*,#1419,.F.);
#1108=ORIENTED_EDGE('',*,*,#1470,.T.);
#1109=ORIENTED_EDGE('',*,*,#1432,.F.);
#1110=ORIENTED_EDGE('',*,*,#1473,.F.);
#1111=ORIENTED_EDGE('',*,*,#1429,.F.);
#1112=ORIENTED_EDGE('',*,*,#1471,.T.);
#1113=ORIENTED_EDGE('',*,*,#1424,.F.);
#1114=ORIENTED_EDGE('',*,*,#1474,.F.);
#1115=ORIENTED_EDGE('',*,*,#1439,.F.);
#1116=ORIENTED_EDGE('',*,*,#1472,.T.);
#1117=ORIENTED_EDGE('',*,*,#1269,.F.);
#1118=ORIENTED_EDGE('',*,*,#1475,.F.);
#1119=ORIENTED_EDGE('',*,*,#1431,.F.);
#1120=ORIENTED_EDGE('',*,*,#1473,.T.);
#1121=ORIENTED_EDGE('',*,*,#1417,.F.);
#1122=ORIENTED_EDGE('',*,*,#1476,.F.);
#1123=ORIENTED_EDGE('',*,*,#1430,.F.);
#1124=ORIENTED_EDGE('',*,*,#1474,.T.);
#1125=ORIENTED_EDGE('',*,*,#1423,.F.);
#1126=ORIENTED_EDGE('',*,*,#1477,.F.);
#1127=ORIENTED_EDGE('',*,*,#1201,.F.);
#1128=ORIENTED_EDGE('',*,*,#1475,.T.);
#1129=ORIENTED_EDGE('',*,*,#1268,.F.);
#1130=ORIENTED_EDGE('',*,*,#1478,.F.);
#1131=ORIENTED_EDGE('',*,*,#1414,.F.);
#1132=ORIENTED_EDGE('',*,*,#1477,.T.);
#1133=ORIENTED_EDGE('',*,*,#1476,.T.);
#1134=ORIENTED_EDGE('',*,*,#1479,.F.);
#1135=ORIENTED_EDGE('',*,*,#1190,.T.);
#1136=ORIENTED_EDGE('',*,*,#1478,.T.);
#1137=ORIENTED_EDGE('',*,*,#1202,.F.);
#1138=ORIENTED_EDGE('',*,*,#1480,.F.);
#1139=ORIENTED_EDGE('',*,*,#1415,.F.);
#1140=ORIENTED_EDGE('',*,*,#1479,.T.);
#1141=ORIENTED_EDGE('',*,*,#1416,.F.);
#1142=ORIENTED_EDGE('',*,*,#1480,.T.);
#1143=ORIENTED_EDGE('',*,*,#1191,.F.);
#1144=EDGE_CURVE('',#1481,#1481,#1678,.T.);
#1145=EDGE_CURVE('',#1482,#1483,#1679,.F.);
#1146=EDGE_CURVE('',#1482,#1484,#212,.T.);
#1147=EDGE_CURVE('',#1485,#1484,#213,.F.);
#1148=EDGE_CURVE('',#1485,#1486,#214,.F.);
#1149=EDGE_CURVE('',#1487,#1486,#1680,.F.);
#1150=EDGE_CURVE('',#1487,#1488,#215,.F.);
#1151=EDGE_CURVE('',#1488,#1489,#216,.F.);
#1152=EDGE_CURVE('',#1489,#1490,#217,.T.);
#1153=EDGE_CURVE('',#1490,#1491,#172,.F.);
#1154=EDGE_CURVE('',#1491,#1492,#173,.T.);
#1155=EDGE_CURVE('',#1492,#1493,#218,.T.);
#1156=EDGE_CURVE('',#1493,#1494,#174,.T.);
#1157=EDGE_CURVE('',#1494,#1495,#175,.F.);
#1158=EDGE_CURVE('',#1495,#1496,#219,.F.);
#1159=EDGE_CURVE('',#1496,#1497,#220,.T.);
#1160=EDGE_CURVE('',#1497,#1483,#221,.F.);
#1161=EDGE_CURVE('',#1484,#1498,#1681,.T.);
#1162=EDGE_CURVE('',#1498,#1499,#222,.T.);
#1163=EDGE_CURVE('',#1499,#1485,#1682,.F.);
#1164=EDGE_CURVE('',#1500,#1501,#223,.F.);
#1165=EDGE_CURVE('',#1500,#1502,#224,.F.);
#1166=EDGE_CURVE('',#1503,#1502,#1683,.F.);
#1167=EDGE_CURVE('',#1503,#1504,#225,.F.);
#1168=EDGE_CURVE('',#1504,#1505,#226,.F.);
#1169=EDGE_CURVE('',#1505,#1506,#1684,.T.);
#1170=EDGE_CURVE('',#1506,#1507,#227,.F.);
#1171=EDGE_CURVE('',#1507,#1508,#228,.F.);
#1172=EDGE_CURVE('',#1508,#1509,#176,.F.);
#1173=EDGE_CURVE('',#1509,#1510,#229,.T.);
#1174=EDGE_CURVE('',#1510,#1511,#177,.F.);
#1175=EDGE_CURVE('',#1511,#1512,#230,.T.);
#1176=EDGE_CURVE('',#1501,#1512,#231,.F.);
#1177=EDGE_CURVE('',#1513,#1514,#232,.T.);
#1178=EDGE_CURVE('',#1514,#1500,#1685,.F.);
#1179=EDGE_CURVE('',#1513,#1501,#1686,.F.);
#1180=EDGE_CURVE('',#1515,#1516,#233,.T.);
#1181=EDGE_CURVE('',#1516,#1517,#1687,.T.);
#1182=EDGE_CURVE('',#1517,#1518,#234,.F.);
#1183=EDGE_CURVE('',#1519,#1518,#70,.T.);
#1184=EDGE_CURVE('',#1519,#1520,#235,.F.);
#1185=EDGE_CURVE('',#1520,#1515,#178,.T.);
#1186=EDGE_CURVE('',#1521,#1522,#236,.T.);
#1187=EDGE_CURVE('',#1522,#1523,#1688,.T.);
#1188=EDGE_CURVE('',#1523,#1524,#237,.F.);
#1189=EDGE_CURVE('',#1524,#1521,#179,.F.);
#1190=EDGE_CURVE('',#1525,#1526,#1689,.F.);
#1191=EDGE_CURVE('',#1525,#1527,#238,.T.);
#1192=EDGE_CURVE('',#1528,#1527,#239,.F.);
#1193=EDGE_CURVE('',#1528,#1529,#240,.F.);
#1194=EDGE_CURVE('',#1529,#1530,#180,.F.);
#1195=EDGE_CURVE('',#1530,#1531,#241,.F.);
#1196=EDGE_CURVE('',#1531,#1532,#181,.F.);
#1197=EDGE_CURVE('',#1532,#1533,#242,.T.);
#1198=EDGE_CURVE('',#1533,#1534,#243,.T.);
#1199=EDGE_CURVE('',#1534,#1535,#1690,.T.);
#1200=EDGE_CURVE('',#1535,#1536,#244,.T.);
#1201=EDGE_CURVE('',#1536,#1526,#245,.F.);
#1202=EDGE_CURVE('',#1527,#1537,#1691,.T.);
#1203=EDGE_CURVE('',#1537,#1538,#246,.T.);
#1204=EDGE_CURVE('',#1528,#1538,#1692,.T.);
#1205=EDGE_CURVE('',#1539,#1540,#247,.F.);
#1206=EDGE_CURVE('',#1539,#1533,#1693,.F.);
#1207=EDGE_CURVE('',#1532,#1540,#1694,.T.);
#1208=EDGE_CURVE('',#1541,#1542,#248,.T.);
#1209=EDGE_CURVE('',#1541,#1496,#1695,.F.);
#1210=EDGE_CURVE('',#1495,#1542,#1696,.T.);
#1211=EDGE_CURVE('',#1543,#1544,#249,.T.);
#1212=EDGE_CURVE('',#1544,#1545,#250,.F.);
#1213=EDGE_CURVE('',#1545,#1546,#251,.T.);
#1214=EDGE_CURVE('',#1546,#1543,#182,.T.);
#1215=EDGE_CURVE('',#1547,#1548,#252,.F.);
#1216=EDGE_CURVE('',#1548,#1539,#183,.T.);
#1217=EDGE_CURVE('',#1540,#1549,#253,.F.);
#1218=EDGE_CURVE('',#1549,#1550,#254,.T.);
#1219=EDGE_CURVE('',#1550,#1547,#255,.T.);
#1220=EDGE_CURVE('',#1551,#1552,#256,.T.);
#1221=EDGE_CURVE('',#1552,#1553,#257,.T.);
#1222=EDGE_CURVE('',#1553,#1554,#184,.F.);
#1223=EDGE_CURVE('',#1554,#1555,#258,.T.);
#1224=EDGE_CURVE('',#1555,#1551,#259,.F.);
#1225=EDGE_CURVE('',#1556,#1557,#185,.T.);
#1226=EDGE_CURVE('',#1557,#1558,#260,.F.);
#1227=EDGE_CURVE('',#1558,#1559,#261,.F.);
#1228=EDGE_CURVE('',#1560,#1559,#262,.T.);
#1229=EDGE_CURVE('',#1561,#1560,#263,.F.);
#1230=EDGE_CURVE('',#1561,#1562,#264,.T.);
#1231=EDGE_CURVE('',#1562,#1563,#265,.T.);
#1232=EDGE_CURVE('',#1563,#1564,#266,.F.);
#1233=EDGE_CURVE('',#1564,#1565,#186,.T.);
#1234=EDGE_CURVE('',#1565,#1556,#267,.T.);
#1235=EDGE_CURVE('',#1566,#1567,#268,.F.);
#1236=EDGE_CURVE('',#1566,#1568,#269,.F.);
#1237=EDGE_CURVE('',#1568,#1569,#270,.F.);
#1238=EDGE_CURVE('',#1567,#1569,#271,.T.);
#1239=EDGE_CURVE('',#1570,#1571,#272,.F.);
#1240=EDGE_CURVE('',#1571,#1572,#187,.F.);
#1241=EDGE_CURVE('',#1572,#1573,#273,.T.);
#1242=EDGE_CURVE('',#1574,#1573,#274,.T.);
#1243=EDGE_CURVE('',#1570,#1574,#275,.F.);
#1244=EDGE_CURVE('',#1573,#1566,#188,.T.);
#1245=EDGE_CURVE('',#1574,#1567,#189,.F.);
#1246=EDGE_CURVE('',#1568,#1552,#190,.T.);
#1247=EDGE_CURVE('',#1551,#1569,#191,.T.);
#1248=EDGE_CURVE('',#1513,#1575,#1697,.F.);
#1249=EDGE_CURVE('',#1501,#1575,#1698,.F.);
#1250=EDGE_CURVE('',#1576,#1528,#1699,.F.);
#1251=EDGE_CURVE('',#1576,#1538,#1700,.F.);
#1252=EDGE_CURVE('',#1577,#1513,#276,.T.);
#1253=EDGE_CURVE('',#1575,#1578,#277,.F.);
#1254=EDGE_CURVE('',#1578,#1579,#192,.F.);
#1255=EDGE_CURVE('',#1577,#1579,#71,.F.);
#1256=EDGE_CURVE('',#1580,#1578,#278,.T.);
#1257=EDGE_CURVE('',#1580,#1581,#279,.T.);
#1258=EDGE_CURVE('',#1581,#1579,#280,.T.);
#1259=EDGE_CURVE('',#1582,#1575,#281,.T.);
#1260=EDGE_CURVE('',#1582,#1580,#193,.T.);
#1261=EDGE_CURVE('',#1546,#1576,#282,.T.);
#1262=EDGE_CURVE('',#1538,#1583,#283,.F.);
#1263=EDGE_CURVE('',#1543,#1583,#72,.F.);
#1264=EDGE_CURVE('',#1498,#1584,#284,.F.);
#1265=EDGE_CURVE('',#1584,#1585,#194,.F.);
#1266=EDGE_CURVE('',#1585,#1514,#285,.T.);
#1267=EDGE_CURVE('',#1583,#1577,#286,.T.);
#1268=EDGE_CURVE('',#1537,#1586,#287,.F.);
#1269=EDGE_CURVE('',#1586,#1587,#195,.F.);
#1270=EDGE_CURVE('',#1587,#1499,#288,.T.);
#1271=EDGE_CURVE('',#1545,#1588,#196,.T.);
#1272=EDGE_CURVE('',#1588,#1576,#289,.T.);
#1273=EDGE_CURVE('',#1588,#1589,#73,.T.);
#1274=EDGE_CURVE('',#1589,#1529,#74,.T.);
#1275=EDGE_CURVE('',#1512,#1590,#75,.F.);
#1276=EDGE_CURVE('',#1590,#1591,#76,.T.);
#1277=EDGE_CURVE('',#1591,#1582,#77,.T.);
#1278=EDGE_CURVE('',#1592,#1593,#290,.F.);
#1279=EDGE_CURVE('',#1593,#1594,#291,.T.);
#1280=EDGE_CURVE('',#1595,#1594,#292,.F.);
#1281=EDGE_CURVE('',#1596,#1595,#197,.F.);
#1282=EDGE_CURVE('',#1597,#1596,#293,.T.);
#1283=EDGE_CURVE('',#1597,#1592,#198,.T.);
#1284=EDGE_CURVE('',#1567,#1596,#1701,.F.);
#1285=EDGE_CURVE('',#1569,#1597,#1702,.F.);
#1286=EDGE_CURVE('',#1574,#1595,#1703,.F.);
#1287=EDGE_CURVE('',#1594,#1570,#199,.T.);
#1288=EDGE_CURVE('',#1555,#1593,#200,.T.);
#1289=EDGE_CURVE('',#1551,#1592,#1704,.T.);
#1290=EDGE_CURVE('',#1598,#1599,#294,.T.);
#1291=EDGE_CURVE('',#1599,#1541,#201,.F.);
#1292=EDGE_CURVE('',#1542,#1600,#295,.F.);
#1293=EDGE_CURVE('',#1601,#1600,#296,.T.);
#1294=EDGE_CURVE('',#1601,#1598,#297,.F.);
#1295=EDGE_CURVE('',#1602,#1603,#298,.F.);
#1296=EDGE_CURVE('',#1603,#1604,#299,.F.);
#1297=EDGE_CURVE('',#1604,#1605,#300,.T.);
#1298=EDGE_CURVE('',#1605,#1602,#301,.T.);
#1299=EDGE_CURVE('',#1606,#1607,#302,.T.);
#1300=EDGE_CURVE('',#1607,#1608,#303,.T.);
#1301=EDGE_CURVE('',#1608,#1609,#304,.T.);
#1302=EDGE_CURVE('',#1606,#1609,#305,.T.);
#1303=EDGE_CURVE('',#1610,#1570,#1705,.F.);
#1304=EDGE_CURVE('',#1610,#1571,#78,.T.);
#1305=EDGE_CURVE('',#1611,#1612,#79,.T.);
#1306=EDGE_CURVE('',#1612,#1547,#202,.F.);
#1307=EDGE_CURVE('',#1559,#1550,#80,.F.);
#1308=EDGE_CURVE('',#1558,#1613,#203,.F.);
#1309=EDGE_CURVE('',#1613,#1611,#81,.T.);
#1310=EDGE_CURVE('',#1491,#1610,#82,.T.);
#1311=EDGE_CURVE('',#1492,#1594,#1706,.T.);
#1312=EDGE_CURVE('',#1493,#1593,#1707,.T.);
#1313=EDGE_CURVE('',#1614,#1555,#1708,.T.);
#1314=EDGE_CURVE('',#1614,#1494,#83,.T.);
#1315=EDGE_CURVE('',#1615,#1616,#84,.T.);
#1316=EDGE_CURVE('',#1616,#1563,#204,.F.);
#1317=EDGE_CURVE('',#1600,#1562,#85,.F.);
#1318=EDGE_CURVE('',#1542,#1617,#205,.F.);
#1319=EDGE_CURVE('',#1617,#1615,#86,.T.);
#1320=EDGE_CURVE('',#1554,#1614,#87,.T.);
#1321=EDGE_CURVE('',#1608,#1589,#206,.F.);
#1322=EDGE_CURVE('',#1609,#1544,#88,.F.);
#1323=EDGE_CURVE('',#1540,#1607,#207,.F.);
#1324=EDGE_CURVE('',#1549,#1606,#89,.T.);
#1325=EDGE_CURVE('',#1591,#1603,#208,.F.);
#1326=EDGE_CURVE('',#1581,#1602,#90,.F.);
#1327=EDGE_CURVE('',#1604,#1598,#209,.F.);
#1328=EDGE_CURVE('',#1605,#1601,#91,.T.);
#1329=EDGE_CURVE('',#1530,#1608,#1709,.T.);
#1330=EDGE_CURVE('',#1531,#1607,#1710,.T.);
#1331=EDGE_CURVE('',#1489,#1548,#1711,.T.);
#1332=EDGE_CURVE('',#1490,#1547,#1712,.T.);
#1333=EDGE_CURVE('',#1491,#1612,#1713,.T.);
#1334=EDGE_CURVE('',#1610,#1611,#1714,.T.);
#1335=EDGE_CURVE('',#1571,#1613,#1715,.T.);
#1336=EDGE_CURVE('',#1572,#1558,#1716,.T.);
#1337=EDGE_CURVE('',#1573,#1557,#1717,.T.);
#1338=EDGE_CURVE('',#1566,#1556,#1718,.T.);
#1339=EDGE_CURVE('',#1568,#1565,#1719,.T.);
#1340=EDGE_CURVE('',#1552,#1564,#1720,.T.);
#1341=EDGE_CURVE('',#1553,#1563,#1721,.T.);
#1342=EDGE_CURVE('',#1554,#1616,#1722,.T.);
#1343=EDGE_CURVE('',#1614,#1615,#1723,.T.);
#1344=EDGE_CURVE('',#1494,#1617,#1724,.T.);
#1345=EDGE_CURVE('',#1507,#1599,#1725,.T.);
#1346=EDGE_CURVE('',#1508,#1598,#1726,.T.);
#1347=EDGE_CURVE('',#1509,#1604,#1727,.T.);
#1348=EDGE_CURVE('',#1510,#1603,#1728,.T.);
#1349=EDGE_CURVE('',#1511,#1590,#1729,.T.);
#1350=EDGE_CURVE('',#1618,#1618,#1730,.F.);
#1351=EDGE_CURVE('',#1619,#1619,#1731,.T.);
#1352=EDGE_CURVE('',#1518,#1620,#92,.T.);
#1353=EDGE_CURVE('',#1620,#1621,#1732,.F.);
#1354=EDGE_CURVE('',#1621,#1519,#93,.T.);
#1355=EDGE_CURVE('',#1622,#1622,#1733,.T.);
#1356=EDGE_CURVE('',#1623,#1623,#1734,.F.);
#1357=EDGE_CURVE('',#1624,#1624,#1735,.T.);
#1358=EDGE_CURVE('',#1620,#1535,#94,.T.);
#1359=EDGE_CURVE('',#1534,#1621,#95,.T.);
#1360=EDGE_CURVE('',#1505,#1506,#96,.T.);
#1361=EDGE_CURVE('',#1625,#1609,#306,.T.);
#1362=EDGE_CURVE('',#1626,#1625,#307,.F.);
#1363=EDGE_CURVE('',#1626,#1606,#97,.T.);
#1364=EDGE_CURVE('',#1627,#1544,#308,.T.);
#1365=EDGE_CURVE('',#1625,#1627,#98,.T.);
#1366=EDGE_CURVE('',#1628,#1543,#99,.T.);
#1367=EDGE_CURVE('',#1628,#1627,#309,.T.);
#1368=EDGE_CURVE('',#1629,#1583,#100,.T.);
#1369=EDGE_CURVE('',#1628,#1629,#101,.T.);
#1370=EDGE_CURVE('',#1630,#1577,#102,.F.);
#1371=EDGE_CURVE('',#1629,#1630,#310,.F.);
#1372=EDGE_CURVE('',#1631,#1579,#103,.T.);
#1373=EDGE_CURVE('',#1630,#1631,#104,.T.);
#1374=EDGE_CURVE('',#1632,#1581,#311,.T.);
#1375=EDGE_CURVE('',#1632,#1631,#312,.T.);
#1376=EDGE_CURVE('',#1633,#1602,#313,.T.);
#1377=EDGE_CURVE('',#1632,#1633,#105,.T.);
#1378=EDGE_CURVE('',#1634,#1605,#106,.F.);
#1379=EDGE_CURVE('',#1634,#1633,#314,.T.);
#1380=EDGE_CURVE('',#1635,#1601,#107,.T.);
#1381=EDGE_CURVE('',#1634,#1635,#1736,.T.);
#1382=EDGE_CURVE('',#1636,#1600,#108,.F.);
#1383=EDGE_CURVE('',#1635,#1636,#315,.F.);
#1384=EDGE_CURVE('',#1636,#1561,#109,.T.);
#1385=EDGE_CURVE('',#1637,#1550,#110,.T.);
#1386=EDGE_CURVE('',#1560,#1637,#111,.T.);
#1387=EDGE_CURVE('',#1638,#1549,#112,.F.);
#1388=EDGE_CURVE('',#1638,#1637,#316,.T.);
#1389=EDGE_CURVE('',#1639,#1639,#1737,.T.);
#1390=EDGE_CURVE('',#1640,#1640,#1738,.T.);
#1391=EDGE_CURVE('',#1641,#1641,#1739,.T.);
#1392=EDGE_CURVE('',#1638,#1626,#1740,.T.);
#1393=EDGE_CURVE('',#1642,#1643,#317,.T.);
#1394=EDGE_CURVE('',#1643,#1644,#318,.T.);
#1395=EDGE_CURVE('',#1644,#1645,#1741,.F.);
#1396=EDGE_CURVE('',#1645,#1646,#319,.F.);
#1397=EDGE_CURVE('',#1646,#1642,#320,.F.);
#1398=EDGE_CURVE('',#1647,#1648,#1742,.T.);
#1399=EDGE_CURVE('',#1648,#1649,#321,.F.);
#1400=EDGE_CURVE('',#1650,#1649,#322,.T.);
#1401=EDGE_CURVE('',#1650,#1651,#323,.T.);
#1402=EDGE_CURVE('',#1651,#1647,#324,.T.);
#1403=EDGE_CURVE('',#1652,#1653,#1743,.F.);
#1404=EDGE_CURVE('',#1653,#1654,#1744,.T.);
#1405=EDGE_CURVE('',#1654,#1655,#325,.T.);
#1406=EDGE_CURVE('',#1655,#1656,#326,.F.);
#1407=EDGE_CURVE('',#1656,#1657,#1745,.T.);
#1408=EDGE_CURVE('',#1657,#1658,#327,.T.);
#1409=EDGE_CURVE('',#1658,#1659,#328,.T.);
#1410=EDGE_CURVE('',#1659,#1652,#1746,.T.);
#1411=EDGE_CURVE('',#1649,#1643,#210,.F.);
#1412=EDGE_CURVE('',#1642,#1650,#1747,.F.);
#1413=EDGE_CURVE('',#1660,#1661,#329,.T.);
#1414=EDGE_CURVE('',#1661,#1662,#330,.T.);
#1415=EDGE_CURVE('',#1662,#1663,#1748,.F.);
#1416=EDGE_CURVE('',#1663,#1664,#331,.F.);
#1417=EDGE_CURVE('',#1664,#1660,#332,.F.);
#1418=EDGE_CURVE('',#1665,#1666,#1749,.T.);
#1419=EDGE_CURVE('',#1666,#1667,#333,.F.);
#1420=EDGE_CURVE('',#1668,#1667,#334,.T.);
#1421=EDGE_CURVE('',#1668,#1669,#335,.T.);
#1422=EDGE_CURVE('',#1669,#1665,#336,.T.);
#1423=EDGE_CURVE('',#1670,#1671,#337,.T.);
#1424=EDGE_CURVE('',#1671,#1672,#1750,.T.);
#1425=EDGE_CURVE('',#1672,#1673,#1751,.F.);
#1426=EDGE_CURVE('',#1673,#1674,#1752,.T.);
#1427=EDGE_CURVE('',#1674,#1675,#338,.T.);
#1428=EDGE_CURVE('',#1675,#1676,#339,.F.);
#1429=EDGE_CURVE('',#1676,#1677,#1753,.T.);
#1430=EDGE_CURVE('',#1677,#1670,#340,.T.);
#1431=EDGE_CURVE('',#1667,#1661,#211,.F.);
#1432=EDGE_CURVE('',#1660,#1668,#1754,.F.);
#1433=EDGE_CURVE('',#1523,#1497,#1755,.F.);
#1434=EDGE_CURVE('',#1524,#1496,#1756,.T.);
#1435=EDGE_CURVE('',#1524,#1541,#1757,.T.);
#1436=EDGE_CURVE('',#1521,#1599,#1758,.T.);
#1437=EDGE_CURVE('',#1521,#1507,#1759,.T.);
#1438=EDGE_CURVE('',#1504,#1522,#1760,.F.);
#1439=EDGE_CURVE('',#1517,#1536,#1761,.F.);
#1440=EDGE_CURVE('',#1488,#1516,#1762,.F.);
#1441=EDGE_CURVE('',#1489,#1515,#1763,.T.);
#1442=EDGE_CURVE('',#1548,#1515,#1764,.T.);
#1443=EDGE_CURVE('',#1539,#1520,#1765,.T.);
#1444=EDGE_CURVE('',#1533,#1520,#1766,.T.);
#1445=EDGE_CURVE('',#1504,#1654,#1767,.T.);
#1446=EDGE_CURVE('',#1655,#1503,#1768,.T.);
#1447=EDGE_CURVE('',#1502,#1651,#1769,.T.);
#1448=EDGE_CURVE('',#1647,#1500,#1770,.T.);
#1449=EDGE_CURVE('',#1655,#1651,#1771,.F.);
#1450=EDGE_CURVE('',#1522,#1653,#1772,.T.);
#1451=EDGE_CURVE('',#1648,#1514,#1773,.T.);
#1452=EDGE_CURVE('',#1656,#1650,#1774,.T.);
#1453=EDGE_CURVE('',#1523,#1652,#1775,.T.);
#1454=EDGE_CURVE('',#1649,#1585,#1776,.T.);
#1455=EDGE_CURVE('',#1657,#1642,#1777,.T.);
#1456=EDGE_CURVE('',#1497,#1659,#1778,.T.);
#1457=EDGE_CURVE('',#1643,#1584,#1779,.T.);
#1458=EDGE_CURVE('',#1658,#1646,#1780,.T.);
#1459=EDGE_CURVE('',#1483,#1658,#1781,.T.);
#1460=EDGE_CURVE('',#1644,#1498,#1782,.T.);
#1461=EDGE_CURVE('',#1482,#1646,#1783,.F.);
#1462=EDGE_CURVE('',#1645,#1484,#1784,.T.);
#1463=EDGE_CURVE('',#1488,#1674,#1785,.T.);
#1464=EDGE_CURVE('',#1675,#1487,#1786,.T.);
#1465=EDGE_CURVE('',#1486,#1669,#1787,.T.);
#1466=EDGE_CURVE('',#1665,#1485,#1788,.T.);
#1467=EDGE_CURVE('',#1675,#1669,#1789,.F.);
#1468=EDGE_CURVE('',#1516,#1673,#1790,.T.);
#1469=EDGE_CURVE('',#1666,#1499,#1791,.T.);
#1470=EDGE_CURVE('',#1676,#1668,#1792,.T.);
#1471=EDGE_CURVE('',#1517,#1672,#1793,.T.);
#1472=EDGE_CURVE('',#1667,#1587,#1794,.T.);
#1473=EDGE_CURVE('',#1677,#1660,#1795,.T.);
#1474=EDGE_CURVE('',#1536,#1671,#1796,.T.);
#1475=EDGE_CURVE('',#1661,#1586,#1797,.T.);
#1476=EDGE_CURVE('',#1670,#1664,#1798,.T.);
#1477=EDGE_CURVE('',#1526,#1670,#1799,.T.);
#1478=EDGE_CURVE('',#1662,#1537,#1800,.T.);
#1479=EDGE_CURVE('',#1525,#1664,#1801,.F.);
#1480=EDGE_CURVE('',#1663,#1527,#1802,.T.);
#1481=VERTEX_POINT('',#3304);
#1482=VERTEX_POINT('',#3306);
#1483=VERTEX_POINT('',#3307);
#1484=VERTEX_POINT('',#3309);
#1485=VERTEX_POINT('',#3311);
#1486=VERTEX_POINT('',#3313);
#1487=VERTEX_POINT('',#3315);
#1488=VERTEX_POINT('',#3317);
#1489=VERTEX_POINT('',#3319);
#1490=VERTEX_POINT('',#3321);
#1491=VERTEX_POINT('',#3323);
#1492=VERTEX_POINT('',#3325);
#1493=VERTEX_POINT('',#3327);
#1494=VERTEX_POINT('',#3329);
#1495=VERTEX_POINT('',#3331);
#1496=VERTEX_POINT('',#3333);
#1497=VERTEX_POINT('',#3335);
#1498=VERTEX_POINT('',#3339);
#1499=VERTEX_POINT('',#3341);
#1500=VERTEX_POINT('',#3345);
#1501=VERTEX_POINT('',#3346);
#1502=VERTEX_POINT('',#3348);
#1503=VERTEX_POINT('',#3350);
#1504=VERTEX_POINT('',#3352);
#1505=VERTEX_POINT('',#3354);
#1506=VERTEX_POINT('',#3356);
#1507=VERTEX_POINT('',#3358);
#1508=VERTEX_POINT('',#3360);
#1509=VERTEX_POINT('',#3362);
#1510=VERTEX_POINT('',#3364);
#1511=VERTEX_POINT('',#3366);
#1512=VERTEX_POINT('',#3368);
#1513=VERTEX_POINT('',#3372);
#1514=VERTEX_POINT('',#3373);
#1515=VERTEX_POINT('',#3378);
#1516=VERTEX_POINT('',#3379);
#1517=VERTEX_POINT('',#3381);
#1518=VERTEX_POINT('',#3383);
#1519=VERTEX_POINT('',#3397);
#1520=VERTEX_POINT('',#3399);
#1521=VERTEX_POINT('',#3403);
#1522=VERTEX_POINT('',#3404);
#1523=VERTEX_POINT('',#3406);
#1524=VERTEX_POINT('',#3408);
#1525=VERTEX_POINT('',#3412);
#1526=VERTEX_POINT('',#3413);
#1527=VERTEX_POINT('',#3415);
#1528=VERTEX_POINT('',#3417);
#1529=VERTEX_POINT('',#3419);
#1530=VERTEX_POINT('',#3421);
#1531=VERTEX_POINT('',#3423);
#1532=VERTEX_POINT('',#3425);
#1533=VERTEX_POINT('',#3427);
#1534=VERTEX_POINT('',#3429);
#1535=VERTEX_POINT('',#3431);
#1536=VERTEX_POINT('',#3433);
#1537=VERTEX_POINT('',#3437);
#1538=VERTEX_POINT('',#3439);
#1539=VERTEX_POINT('',#3443);
#1540=VERTEX_POINT('',#3444);
#1541=VERTEX_POINT('',#3449);
#1542=VERTEX_POINT('',#3450);
#1543=VERTEX_POINT('',#3455);
#1544=VERTEX_POINT('',#3456);
#1545=VERTEX_POINT('',#3458);
#1546=VERTEX_POINT('',#3460);
#1547=VERTEX_POINT('',#3464);
#1548=VERTEX_POINT('',#3465);
#1549=VERTEX_POINT('',#3468);
#1550=VERTEX_POINT('',#3470);
#1551=VERTEX_POINT('',#3474);
#1552=VERTEX_POINT('',#3475);
#1553=VERTEX_POINT('',#3477);
#1554=VERTEX_POINT('',#3479);
#1555=VERTEX_POINT('',#3481);
#1556=VERTEX_POINT('',#3485);
#1557=VERTEX_POINT('',#3486);
#1558=VERTEX_POINT('',#3488);
#1559=VERTEX_POINT('',#3490);
#1560=VERTEX_POINT('',#3492);
#1561=VERTEX_POINT('',#3494);
#1562=VERTEX_POINT('',#3496);
#1563=VERTEX_POINT('',#3498);
#1564=VERTEX_POINT('',#3500);
#1565=VERTEX_POINT('',#3502);
#1566=VERTEX_POINT('',#3506);
#1567=VERTEX_POINT('',#3507);
#1568=VERTEX_POINT('',#3509);
#1569=VERTEX_POINT('',#3511);
#1570=VERTEX_POINT('',#3515);
#1571=VERTEX_POINT('',#3516);
#1572=VERTEX_POINT('',#3518);
#1573=VERTEX_POINT('',#3520);
#1574=VERTEX_POINT('',#3522);
#1575=VERTEX_POINT('',#3532);
#1576=VERTEX_POINT('',#3536);
#1577=VERTEX_POINT('',#3540);
#1578=VERTEX_POINT('',#3542);
#1579=VERTEX_POINT('',#3544);
#1580=VERTEX_POINT('',#3553);
#1581=VERTEX_POINT('',#3555);
#1582=VERTEX_POINT('',#3559);
#1583=VERTEX_POINT('',#3564);
#1584=VERTEX_POINT('',#3573);
#1585=VERTEX_POINT('',#3575);
#1586=VERTEX_POINT('',#3579);
#1587=VERTEX_POINT('',#3581);
#1588=VERTEX_POINT('',#3585);
#1589=VERTEX_POINT('',#3593);
#1590=VERTEX_POINT('',#3603);
#1591=VERTEX_POINT('',#3608);
#1592=VERTEX_POINT('',#3616);
#1593=VERTEX_POINT('',#3617);
#1594=VERTEX_POINT('',#3619);
#1595=VERTEX_POINT('',#3621);
#1596=VERTEX_POINT('',#3623);
#1597=VERTEX_POINT('',#3625);
#1598=VERTEX_POINT('',#3662);
#1599=VERTEX_POINT('',#3663);
#1600=VERTEX_POINT('',#3666);
#1601=VERTEX_POINT('',#3668);
#1602=VERTEX_POINT('',#3672);
#1603=VERTEX_POINT('',#3673);
#1604=VERTEX_POINT('',#3675);
#1605=VERTEX_POINT('',#3677);
#1606=VERTEX_POINT('',#3681);
#1607=VERTEX_POINT('',#3682);
#1608=VERTEX_POINT('',#3684);
#1609=VERTEX_POINT('',#3686);
#1610=VERTEX_POINT('',#3690);
#1611=VERTEX_POINT('',#3700);
#1612=VERTEX_POINT('',#3701);
#1613=VERTEX_POINT('',#3713);
#1614=VERTEX_POINT('',#3756);
#1615=VERTEX_POINT('',#3766);
#1616=VERTEX_POINT('',#3767);
#1617=VERTEX_POINT('',#3779);
#1618=VERTEX_POINT('',#4048);
#1619=VERTEX_POINT('',#4050);
#1620=VERTEX_POINT('',#4056);
#1621=VERTEX_POINT('',#4058);
#1622=VERTEX_POINT('',#4064);
#1623=VERTEX_POINT('',#4067);
#1624=VERTEX_POINT('',#4069);
#1625=VERTEX_POINT('',#4092);
#1626=VERTEX_POINT('',#4094);
#1627=VERTEX_POINT('',#4128);
#1628=VERTEX_POINT('',#4141);
#1629=VERTEX_POINT('',#4183);
#1630=VERTEX_POINT('',#4193);
#1631=VERTEX_POINT('',#4223);
#1632=VERTEX_POINT('',#4230);
#1633=VERTEX_POINT('',#4257);
#1634=VERTEX_POINT('',#4269);
#1635=VERTEX_POINT('',#4276);
#1636=VERTEX_POINT('',#4283);
#1637=VERTEX_POINT('',#4354);
#1638=VERTEX_POINT('',#4365);
#1639=VERTEX_POINT('',#4369);
#1640=VERTEX_POINT('',#4372);
#1641=VERTEX_POINT('',#4375);
#1642=VERTEX_POINT('',#4381);
#1643=VERTEX_POINT('',#4382);
#1644=VERTEX_POINT('',#4384);
#1645=VERTEX_POINT('',#4386);
#1646=VERTEX_POINT('',#4388);
#1647=VERTEX_POINT('',#4392);
#1648=VERTEX_POINT('',#4393);
#1649=VERTEX_POINT('',#4395);
#1650=VERTEX_POINT('',#4397);
#1651=VERTEX_POINT('',#4399);
#1652=VERTEX_POINT('',#4403);
#1653=VERTEX_POINT('',#4404);
#1654=VERTEX_POINT('',#4406);
#1655=VERTEX_POINT('',#4408);
#1656=VERTEX_POINT('',#4410);
#1657=VERTEX_POINT('',#4412);
#1658=VERTEX_POINT('',#4414);
#1659=VERTEX_POINT('',#4416);
#1660=VERTEX_POINT('',#4423);
#1661=VERTEX_POINT('',#4424);
#1662=VERTEX_POINT('',#4426);
#1663=VERTEX_POINT('',#4428);
#1664=VERTEX_POINT('',#4430);
#1665=VERTEX_POINT('',#4434);
#1666=VERTEX_POINT('',#4435);
#1667=VERTEX_POINT('',#4437);
#1668=VERTEX_POINT('',#4439);
#1669=VERTEX_POINT('',#4441);
#1670=VERTEX_POINT('',#4445);
#1671=VERTEX_POINT('',#4446);
#1672=VERTEX_POINT('',#4448);
#1673=VERTEX_POINT('',#4450);
#1674=VERTEX_POINT('',#4452);
#1675=VERTEX_POINT('',#4454);
#1676=VERTEX_POINT('',#4456);
#1677=VERTEX_POINT('',#4458);
#1678=CIRCLE('',#2316,2.6);
#1679=CIRCLE('',#2317,0.4);
#1680=CIRCLE('',#2318,0.4);
#1681=CIRCLE('',#2324,1.);
#1682=CIRCLE('',#2325,1.);
#1683=CIRCLE('',#2327,0.4);
#1684=CIRCLE('',#2328,2.1);
#1685=CIRCLE('',#2332,1.);
#1686=CIRCLE('',#2333,1.);
#1687=CIRCLE('',#2335,1.5);
#1688=CIRCLE('',#2338,1.5);
#1689=CIRCLE('',#2341,0.4);
#1690=CIRCLE('',#2344,2.1);
#1691=CIRCLE('',#2346,1.);
#1692=CIRCLE('',#2347,1.);
#1693=CIRCLE('',#2349,0.4);
#1694=CIRCLE('',#2350,0.4);
#1695=CIRCLE('',#2352,0.4);
#1696=CIRCLE('',#2353,0.4);
#1697=CIRCLE('',#2373,1.);
#1698=CIRCLE('',#2374,1.);
#1699=CIRCLE('',#2376,1.);
#1700=CIRCLE('',#2377,1.);
#1701=CIRCLE('',#2395,3.);
#1702=CIRCLE('',#2396,3.);
#1703=CIRCLE('',#2397,3.);
#1704=CIRCLE('',#2402,3.);
#1705=CIRCLE('',#2408,3.);
#1706=CIRCLE('',#2412,3.);
#1707=CIRCLE('',#2414,3.);
#1708=CIRCLE('',#2415,3.);
#1709=CIRCLE('',#2428,0.4);
#1710=CIRCLE('',#2430,0.4);
#1711=CIRCLE('',#2432,0.4);
#1712=CIRCLE('',#2433,0.4);
#1713=CIRCLE('',#2434,0.4);
#1714=CIRCLE('',#2435,0.4);
#1715=CIRCLE('',#2436,0.4);
#1716=CIRCLE('',#2437,0.4);
#1717=CIRCLE('',#2439,0.4);
#1718=CIRCLE('',#2440,0.4);
#1719=CIRCLE('',#2442,0.4);
#1720=CIRCLE('',#2443,0.4);
#1721=CIRCLE('',#2445,0.4);
#1722=CIRCLE('',#2446,0.4);
#1723=CIRCLE('',#2447,0.4);
#1724=CIRCLE('',#2448,0.4);
#1725=CIRCLE('',#2450,0.4);
#1726=CIRCLE('',#2451,0.4);
#1727=CIRCLE('',#2452,0.4);
#1728=CIRCLE('',#2454,0.4);
#1729=CIRCLE('',#2455,0.4);
#1730=CIRCLE('',#2458,2.2);
#1731=CIRCLE('',#2459,2.2);
#1732=CIRCLE('',#2461,1.7);
#1733=CIRCLE('',#2462,1.7);
#1734=CIRCLE('',#2464,1.7);
#1735=CIRCLE('',#2465,1.7);
#1736=CIRCLE('',#2475,2.77893529910106);
#1737=CIRCLE('',#2479,2.6);
#1738=CIRCLE('',#2481,2.1);
#1739=CIRCLE('',#2483,2.1);
#1740=CIRCLE('',#2485,2.77892755410453);
#1741=CIRCLE('',#2488,0.8);
#1742=CIRCLE('',#2490,0.8);
#1743=CIRCLE('',#2492,1.7);
#1744=CIRCLE('',#2493,0.2);
#1745=CIRCLE('',#2494,2.8);
#1746=CIRCLE('',#2495,0.2);
#1747=CIRCLE('',#2498,3.);
#1748=CIRCLE('',#2500,0.8);
#1749=CIRCLE('',#2502,0.8);
#1750=CIRCLE('',#2504,0.2);
#1751=CIRCLE('',#2505,1.7);
#1752=CIRCLE('',#2506,0.2);
#1753=CIRCLE('',#2507,2.8);
#1754=CIRCLE('',#2510,3.);
#1755=CIRCLE('',#2512,0.4);
#1756=CIRCLE('',#2513,0.4);
#1757=CIRCLE('',#2515,0.4);
#1758=CIRCLE('',#2516,0.4);
#1759=CIRCLE('',#2518,0.4);
#1760=CIRCLE('',#2520,0.4);
#1761=CIRCLE('',#2522,0.4);
#1762=CIRCLE('',#2524,0.4);
#1763=CIRCLE('',#2525,0.4);
#1764=CIRCLE('',#2527,0.4);
#1765=CIRCLE('',#2528,0.4);
#1766=CIRCLE('',#2530,0.4);
#1767=CIRCLE('',#2533,0.2);
#1768=CIRCLE('',#2534,0.2);
#1769=CIRCLE('',#2536,0.2);
#1770=CIRCLE('',#2537,0.2);
#1771=CIRCLE('',#2539,0.2);
#1772=CIRCLE('',#2541,0.2);
#1773=CIRCLE('',#2543,0.2);
#1774=CIRCLE('',#2545,0.2);
#1775=CIRCLE('',#2547,0.2);
#1776=CIRCLE('',#2549,0.2);
#1777=CIRCLE('',#2551,0.2);
#1778=CIRCLE('',#2553,0.2);
#1779=CIRCLE('',#2554,0.2);
#1780=CIRCLE('',#2556,0.2);
#1781=CIRCLE('',#2558,0.2);
#1782=CIRCLE('',#2560,0.2);
#1783=CIRCLE('',#2562,0.2);
#1784=CIRCLE('',#2564,0.2);
#1785=CIRCLE('',#2567,0.2);
#1786=CIRCLE('',#2568,0.2);
#1787=CIRCLE('',#2570,0.2);
#1788=CIRCLE('',#2571,0.2);
#1789=CIRCLE('',#2573,0.2);
#1790=CIRCLE('',#2575,0.2);
#1791=CIRCLE('',#2577,0.2);
#1792=CIRCLE('',#2579,0.2);
#1793=CIRCLE('',#2581,0.2);
#1794=CIRCLE('',#2583,0.2);
#1795=CIRCLE('',#2585,0.2);
#1796=CIRCLE('',#2587,0.2);
#1797=CIRCLE('',#2588,0.2);
#1798=CIRCLE('',#2590,0.2);
#1799=CIRCLE('',#2592,0.2);
#1800=CIRCLE('',#2594,0.2);
#1801=CIRCLE('',#2596,0.2);
#1802=CIRCLE('',#2598,0.2);
#1803=EDGE_LOOP('',(#470));
#1804=EDGE_LOOP('',(#471,#472,#473,#474,#475,#476,#477,#478,#479,#480,#481,
#482,#483,#484,#485,#486));
#1805=EDGE_LOOP('',(#487,#488,#489,#490));
#1806=EDGE_LOOP('',(#491,#492,#493,#494,#495,#496,#497,#498,#499,#500,#501,
#502,#503));
#1807=EDGE_LOOP('',(#504,#505,#506,#507));
#1808=EDGE_LOOP('',(#508,#509,#510,#511,#512,#513));
#1809=EDGE_LOOP('',(#514,#515,#516,#517));
#1810=EDGE_LOOP('',(#518,#519,#520,#521,#522,#523,#524,#525,#526,#527,#528,
#529));
#1811=EDGE_LOOP('',(#530,#531,#532,#533));
#1812=EDGE_LOOP('',(#534,#535,#536,#537));
#1813=EDGE_LOOP('',(#538,#539,#540,#541));
#1814=EDGE_LOOP('',(#542,#543,#544,#545));
#1815=EDGE_LOOP('',(#546,#547,#548,#549,#550,#551));
#1816=EDGE_LOOP('',(#552,#553,#554,#555,#556));
#1817=EDGE_LOOP('',(#557,#558,#559,#560,#561,#562,#563,#564,#565,#566));
#1818=EDGE_LOOP('',(#567,#568,#569,#570));
#1819=EDGE_LOOP('',(#571,#572,#573,#574,#575));
#1820=EDGE_LOOP('',(#576,#577,#578,#579));
#1821=EDGE_LOOP('',(#580,#581,#582,#583));
#1822=EDGE_LOOP('',(#584,#585,#586));
#1823=EDGE_LOOP('',(#587,#588,#589));
#1824=EDGE_LOOP('',(#590,#591,#592,#593,#594));
#1825=EDGE_LOOP('',(#595,#596,#597,#598));
#1826=EDGE_LOOP('',(#599,#600,#601,#602));
#1827=EDGE_LOOP('',(#603,#604,#605,#606,#607));
#1828=EDGE_LOOP('',(#608,#609,#610,#611,#612,#613,#614,#615,#616,#617,#618,
#619));
#1829=EDGE_LOOP('',(#620,#621,#622,#623));
#1830=EDGE_LOOP('',(#624,#625,#626,#627,#628));
#1831=EDGE_LOOP('',(#629,#630,#631,#632,#633,#634));
#1832=EDGE_LOOP('',(#635,#636,#637,#638,#639,#640));
#1833=EDGE_LOOP('',(#641,#642,#643,#644));
#1834=EDGE_LOOP('',(#645,#646,#647,#648));
#1835=EDGE_LOOP('',(#649,#650,#651,#652));
#1836=EDGE_LOOP('',(#653,#654,#655,#656));
#1837=EDGE_LOOP('',(#657,#658,#659,#660));
#1838=EDGE_LOOP('',(#661,#662,#663,#664,#665,#666));
#1839=EDGE_LOOP('',(#667,#668,#669,#670));
#1840=EDGE_LOOP('',(#671,#672,#673,#674));
#1841=EDGE_LOOP('',(#675,#676,#677));
#1842=EDGE_LOOP('',(#678,#679,#680,#681,#682,#683,#684));
#1843=EDGE_LOOP('',(#685,#686,#687,#688,#689));
#1844=EDGE_LOOP('',(#690,#691,#692,#693));
#1845=EDGE_LOOP('',(#694,#695,#696,#697,#698));
#1846=EDGE_LOOP('',(#699,#700,#701,#702,#703,#704,#705));
#1847=EDGE_LOOP('',(#706,#707,#708));
#1848=EDGE_LOOP('',(#709,#710,#711,#712,#713,#714));
#1849=EDGE_LOOP('',(#715,#716,#717,#718));
#1850=EDGE_LOOP('',(#719,#720,#721,#722,#723,#724));
#1851=EDGE_LOOP('',(#725,#726,#727,#728));
#1852=EDGE_LOOP('',(#729,#730,#731,#732));
#1853=EDGE_LOOP('',(#733,#734,#735,#736));
#1854=EDGE_LOOP('',(#737,#738,#739,#740));
#1855=EDGE_LOOP('',(#741,#742,#743,#744));
#1856=EDGE_LOOP('',(#745,#746,#747,#748));
#1857=EDGE_LOOP('',(#749,#750,#751,#752));
#1858=EDGE_LOOP('',(#753,#754,#755,#756));
#1859=EDGE_LOOP('',(#757,#758,#759,#760));
#1860=EDGE_LOOP('',(#761,#762,#763,#764));
#1861=EDGE_LOOP('',(#765,#766,#767,#768));
#1862=EDGE_LOOP('',(#769,#770,#771,#772));
#1863=EDGE_LOOP('',(#773,#774,#775,#776));
#1864=EDGE_LOOP('',(#777,#778,#779,#780));
#1865=EDGE_LOOP('',(#781,#782,#783,#784));
#1866=EDGE_LOOP('',(#785,#786,#787,#788));
#1867=EDGE_LOOP('',(#789,#790,#791,#792));
#1868=EDGE_LOOP('',(#793,#794,#795,#796));
#1869=EDGE_LOOP('',(#797,#798,#799,#800));
#1870=EDGE_LOOP('',(#801,#802,#803,#804));
#1871=EDGE_LOOP('',(#805,#806,#807,#808));
#1872=EDGE_LOOP('',(#809,#810,#811,#812,#813));
#1873=EDGE_LOOP('',(#814,#815,#816));
#1874=EDGE_LOOP('',(#817));
#1875=EDGE_LOOP('',(#818));
#1876=EDGE_LOOP('',(#819,#820,#821,#822));
#1877=EDGE_LOOP('',(#823));
#1878=EDGE_LOOP('',(#824));
#1879=EDGE_LOOP('',(#825));
#1880=EDGE_LOOP('',(#826));
#1881=EDGE_LOOP('',(#827));
#1882=EDGE_LOOP('',(#828,#829,#830,#831));
#1883=EDGE_LOOP('',(#832));
#1884=EDGE_LOOP('',(#833,#834));
#1885=EDGE_LOOP('',(#835,#836,#837,#838));
#1886=EDGE_LOOP('',(#839,#840,#841,#842));
#1887=EDGE_LOOP('',(#843,#844,#845,#846));
#1888=EDGE_LOOP('',(#847,#848,#849,#850));
#1889=EDGE_LOOP('',(#851,#852,#853,#854));
#1890=EDGE_LOOP('',(#855,#856,#857,#858));
#1891=EDGE_LOOP('',(#859,#860,#861,#862));
#1892=EDGE_LOOP('',(#863,#864,#865,#866));
#1893=EDGE_LOOP('',(#867,#868,#869,#870));
#1894=EDGE_LOOP('',(#871,#872,#873,#874));
#1895=EDGE_LOOP('',(#875,#876,#877,#878));
#1896=EDGE_LOOP('',(#879,#880,#881,#882));
#1897=EDGE_LOOP('',(#883,#884,#885,#886));
#1898=EDGE_LOOP('',(#887,#888,#889,#890));
#1899=EDGE_LOOP('',(#891));
#1900=EDGE_LOOP('',(#892));
#1901=EDGE_LOOP('',(#893));
#1902=EDGE_LOOP('',(#894));
#1903=EDGE_LOOP('',(#895));
#1904=EDGE_LOOP('',(#896));
#1905=EDGE_LOOP('',(#897,#898,#899,#900));
#1906=EDGE_LOOP('',(#901));
#1907=EDGE_LOOP('',(#902));
#1908=EDGE_LOOP('',(#903));
#1909=EDGE_LOOP('',(#904,#905,#906,#907,#908,#909,#910,#911,#912,#913,#914,
#915,#916,#917,#918,#919));
#1910=EDGE_LOOP('',(#920,#921,#922,#923,#924));
#1911=EDGE_LOOP('',(#925,#926,#927,#928,#929));
#1912=EDGE_LOOP('',(#930,#931,#932,#933,#934,#935,#936,#937));
#1913=EDGE_LOOP('',(#938,#939,#940,#941));
#1914=EDGE_LOOP('',(#942,#943,#944,#945,#946));
#1915=EDGE_LOOP('',(#947,#948,#949,#950,#951));
#1916=EDGE_LOOP('',(#952,#953,#954,#955,#956,#957,#958,#959));
#1917=EDGE_LOOP('',(#960,#961,#962,#963));
#1918=EDGE_LOOP('',(#964,#965,#966,#967));
#1919=EDGE_LOOP('',(#968,#969,#970));
#1920=EDGE_LOOP('',(#971,#972,#973,#974));
#1921=EDGE_LOOP('',(#975,#976,#977));
#1922=EDGE_LOOP('',(#978,#979,#980,#981,#982,#983));
#1923=EDGE_LOOP('',(#984,#985,#986,#987,#988));
#1924=EDGE_LOOP('',(#989,#990,#991,#992));
#1925=EDGE_LOOP('',(#993,#994,#995));
#1926=EDGE_LOOP('',(#996,#997,#998,#999));
#1927=EDGE_LOOP('',(#1000,#1001,#1002));
#1928=EDGE_LOOP('',(#1003,#1004,#1005,#1006,#1007));
#1929=EDGE_LOOP('',(#1008,#1009,#1010,#1011));
#1930=EDGE_LOOP('',(#1012,#1013,#1014,#1015));
#1931=EDGE_LOOP('',(#1016,#1017,#1018,#1019));
#1932=EDGE_LOOP('',(#1020,#1021,#1022,#1023));
#1933=EDGE_LOOP('',(#1024,#1025,#1026,#1027));
#1934=EDGE_LOOP('',(#1028,#1029,#1030,#1031));
#1935=EDGE_LOOP('',(#1032,#1033,#1034,#1035));
#1936=EDGE_LOOP('',(#1036,#1037,#1038,#1039));
#1937=EDGE_LOOP('',(#1040,#1041,#1042,#1043));
#1938=EDGE_LOOP('',(#1044,#1045,#1046,#1047));
#1939=EDGE_LOOP('',(#1048,#1049,#1050,#1051));
#1940=EDGE_LOOP('',(#1052,#1053,#1054,#1055));
#1941=EDGE_LOOP('',(#1056,#1057,#1058,#1059));
#1942=EDGE_LOOP('',(#1060,#1061,#1062,#1063));
#1943=EDGE_LOOP('',(#1064,#1065,#1066,#1067));
#1944=EDGE_LOOP('',(#1068,#1069,#1070,#1071));
#1945=EDGE_LOOP('',(#1072,#1073,#1074,#1075));
#1946=EDGE_LOOP('',(#1076,#1077,#1078,#1079));
#1947=EDGE_LOOP('',(#1080,#1081,#1082,#1083));
#1948=EDGE_LOOP('',(#1084,#1085,#1086,#1087));
#1949=EDGE_LOOP('',(#1088,#1089,#1090,#1091));
#1950=EDGE_LOOP('',(#1092,#1093,#1094,#1095));
#1951=EDGE_LOOP('',(#1096,#1097,#1098,#1099));
#1952=EDGE_LOOP('',(#1100,#1101,#1102,#1103));
#1953=EDGE_LOOP('',(#1104,#1105,#1106,#1107));
#1954=EDGE_LOOP('',(#1108,#1109,#1110,#1111));
#1955=EDGE_LOOP('',(#1112,#1113,#1114,#1115));
#1956=EDGE_LOOP('',(#1116,#1117,#1118,#1119));
#1957=EDGE_LOOP('',(#1120,#1121,#1122,#1123));
#1958=EDGE_LOOP('',(#1124,#1125,#1126,#1127));
#1959=EDGE_LOOP('',(#1128,#1129,#1130,#1131));
#1960=EDGE_LOOP('',(#1132,#1133,#1134,#1135));
#1961=EDGE_LOOP('',(#1136,#1137,#1138,#1139));
#1962=EDGE_LOOP('',(#1140,#1141,#1142,#1143));
#1963=FACE_BOUND('',#1803,.T.);
#1964=FACE_BOUND('',#1804,.T.);
#1965=FACE_BOUND('',#1805,.T.);
#1966=FACE_BOUND('',#1806,.T.);
#1967=FACE_BOUND('',#1807,.T.);
#1968=FACE_BOUND('',#1808,.T.);
#1969=FACE_BOUND('',#1809,.T.);
#1970=FACE_BOUND('',#1810,.T.);
#1971=FACE_BOUND('',#1811,.T.);
#1972=FACE_BOUND('',#1812,.T.);
#1973=FACE_BOUND('',#1813,.T.);
#1974=FACE_BOUND('',#1814,.T.);
#1975=FACE_BOUND('',#1815,.T.);
#1976=FACE_BOUND('',#1816,.T.);
#1977=FACE_BOUND('',#1817,.T.);
#1978=FACE_BOUND('',#1818,.T.);
#1979=FACE_BOUND('',#1819,.T.);
#1980=FACE_BOUND('',#1820,.T.);
#1981=FACE_BOUND('',#1821,.T.);
#1982=FACE_BOUND('',#1822,.T.);
#1983=FACE_BOUND('',#1823,.T.);
#1984=FACE_BOUND('',#1824,.T.);
#1985=FACE_BOUND('',#1825,.T.);
#1986=FACE_BOUND('',#1826,.T.);
#1987=FACE_BOUND('',#1827,.T.);
#1988=FACE_BOUND('',#1828,.T.);
#1989=FACE_BOUND('',#1829,.T.);
#1990=FACE_BOUND('',#1830,.T.);
#1991=FACE_BOUND('',#1831,.T.);
#1992=FACE_BOUND('',#1832,.T.);
#1993=FACE_BOUND('',#1833,.T.);
#1994=FACE_BOUND('',#1834,.T.);
#1995=FACE_BOUND('',#1835,.T.);
#1996=FACE_BOUND('',#1836,.T.);
#1997=FACE_BOUND('',#1837,.T.);
#1998=FACE_BOUND('',#1838,.T.);
#1999=FACE_BOUND('',#1839,.T.);
#2000=FACE_BOUND('',#1840,.T.);
#2001=FACE_BOUND('',#1841,.T.);
#2002=FACE_BOUND('',#1842,.T.);
#2003=FACE_BOUND('',#1843,.T.);
#2004=FACE_BOUND('',#1844,.T.);
#2005=FACE_BOUND('',#1845,.T.);
#2006=FACE_BOUND('',#1846,.T.);
#2007=FACE_BOUND('',#1847,.T.);
#2008=FACE_BOUND('',#1848,.T.);
#2009=FACE_BOUND('',#1849,.T.);
#2010=FACE_BOUND('',#1850,.T.);
#2011=FACE_BOUND('',#1851,.T.);
#2012=FACE_BOUND('',#1852,.T.);
#2013=FACE_BOUND('',#1853,.T.);
#2014=FACE_BOUND('',#1854,.T.);
#2015=FACE_BOUND('',#1855,.T.);
#2016=FACE_BOUND('',#1856,.T.);
#2017=FACE_BOUND('',#1857,.T.);
#2018=FACE_BOUND('',#1858,.T.);
#2019=FACE_BOUND('',#1859,.T.);
#2020=FACE_BOUND('',#1860,.T.);
#2021=FACE_BOUND('',#1861,.T.);
#2022=FACE_BOUND('',#1862,.T.);
#2023=FACE_BOUND('',#1863,.T.);
#2024=FACE_BOUND('',#1864,.T.);
#2025=FACE_BOUND('',#1865,.T.);
#2026=FACE_BOUND('',#1866,.T.);
#2027=FACE_BOUND('',#1867,.T.);
#2028=FACE_BOUND('',#1868,.T.);
#2029=FACE_BOUND('',#1869,.T.);
#2030=FACE_BOUND('',#1870,.T.);
#2031=FACE_BOUND('',#1871,.T.);
#2032=FACE_BOUND('',#1872,.T.);
#2033=FACE_BOUND('',#1873,.T.);
#2034=FACE_BOUND('',#1874,.T.);
#2035=FACE_BOUND('',#1875,.T.);
#2036=FACE_BOUND('',#1876,.T.);
#2037=FACE_BOUND('',#1877,.T.);
#2038=FACE_BOUND('',#1878,.T.);
#2039=FACE_BOUND('',#1879,.T.);
#2040=FACE_BOUND('',#1880,.T.);
#2041=FACE_BOUND('',#1881,.T.);
#2042=FACE_BOUND('',#1882,.T.);
#2043=FACE_BOUND('',#1883,.T.);
#2044=FACE_BOUND('',#1884,.T.);
#2045=FACE_BOUND('',#1885,.T.);
#2046=FACE_BOUND('',#1886,.T.);
#2047=FACE_BOUND('',#1887,.T.);
#2048=FACE_BOUND('',#1888,.T.);
#2049=FACE_BOUND('',#1889,.T.);
#2050=FACE_BOUND('',#1890,.T.);
#2051=FACE_BOUND('',#1891,.T.);
#2052=FACE_BOUND('',#1892,.T.);
#2053=FACE_BOUND('',#1893,.T.);
#2054=FACE_BOUND('',#1894,.T.);
#2055=FACE_BOUND('',#1895,.T.);
#2056=FACE_BOUND('',#1896,.T.);
#2057=FACE_BOUND('',#1897,.T.);
#2058=FACE_BOUND('',#1898,.T.);
#2059=FACE_BOUND('',#1899,.T.);
#2060=FACE_BOUND('',#1900,.T.);
#2061=FACE_BOUND('',#1901,.T.);
#2062=FACE_BOUND('',#1902,.T.);
#2063=FACE_BOUND('',#1903,.T.);
#2064=FACE_BOUND('',#1904,.T.);
#2065=FACE_BOUND('',#1905,.T.);
#2066=FACE_BOUND('',#1906,.T.);
#2067=FACE_BOUND('',#1907,.T.);
#2068=FACE_BOUND('',#1908,.T.);
#2069=FACE_BOUND('',#1909,.T.);
#2070=FACE_BOUND('',#1910,.T.);
#2071=FACE_BOUND('',#1911,.T.);
#2072=FACE_BOUND('',#1912,.T.);
#2073=FACE_BOUND('',#1913,.T.);
#2074=FACE_BOUND('',#1914,.T.);
#2075=FACE_BOUND('',#1915,.T.);
#2076=FACE_BOUND('',#1916,.T.);
#2077=FACE_BOUND('',#1917,.T.);
#2078=FACE_BOUND('',#1918,.T.);
#2079=FACE_BOUND('',#1919,.T.);
#2080=FACE_BOUND('',#1920,.T.);
#2081=FACE_BOUND('',#1921,.T.);
#2082=FACE_BOUND('',#1922,.T.);
#2083=FACE_BOUND('',#1923,.T.);
#2084=FACE_BOUND('',#1924,.T.);
#2085=FACE_BOUND('',#1925,.T.);
#2086=FACE_BOUND('',#1926,.T.);
#2087=FACE_BOUND('',#1927,.T.);
#2088=FACE_BOUND('',#1928,.T.);
#2089=FACE_BOUND('',#1929,.T.);
#2090=FACE_BOUND('',#1930,.T.);
#2091=FACE_BOUND('',#1931,.T.);
#2092=FACE_BOUND('',#1932,.T.);
#2093=FACE_BOUND('',#1933,.T.);
#2094=FACE_BOUND('',#1934,.T.);
#2095=FACE_BOUND('',#1935,.T.);
#2096=FACE_BOUND('',#1936,.T.);
#2097=FACE_BOUND('',#1937,.T.);
#2098=FACE_BOUND('',#1938,.T.);
#2099=FACE_BOUND('',#1939,.T.);
#2100=FACE_BOUND('',#1940,.T.);
#2101=FACE_BOUND('',#1941,.T.);
#2102=FACE_BOUND('',#1942,.T.);
#2103=FACE_BOUND('',#1943,.T.);
#2104=FACE_BOUND('',#1944,.T.);
#2105=FACE_BOUND('',#1945,.T.);
#2106=FACE_BOUND('',#1946,.T.);
#2107=FACE_BOUND('',#1947,.T.);
#2108=FACE_BOUND('',#1948,.T.);
#2109=FACE_BOUND('',#1949,.T.);
#2110=FACE_BOUND('',#1950,.T.);
#2111=FACE_BOUND('',#1951,.T.);
#2112=FACE_BOUND('',#1952,.T.);
#2113=FACE_BOUND('',#1953,.T.);
#2114=FACE_BOUND('',#1954,.T.);
#2115=FACE_BOUND('',#1955,.T.);
#2116=FACE_BOUND('',#1956,.T.);
#2117=FACE_BOUND('',#1957,.T.);
#2118=FACE_BOUND('',#1958,.T.);
#2119=FACE_BOUND('',#1959,.T.);
#2120=FACE_BOUND('',#1960,.T.);
#2121=FACE_BOUND('',#1961,.T.);
#2122=FACE_BOUND('',#1962,.T.);
#2123=PLANE('',#2315);
#2124=PLANE('',#2326);
#2125=PLANE('',#2340);
#2126=PLANE('',#2354);
#2127=PLANE('',#2356);
#2128=PLANE('',#2358);
#2129=PLANE('',#2360);
#2130=PLANE('',#2363);
#2131=PLANE('',#2364);
#2132=PLANE('',#2380);
#2133=PLANE('',#2381);
#2134=PLANE('',#2384);
#2135=PLANE('',#2387);
#2136=PLANE('',#2391);
#2137=PLANE('',#2403);
#2138=PLANE('',#2405);
#2139=PLANE('',#2406);
#2140=PLANE('',#2469);
#2141=PLANE('',#2470);
#2142=PLANE('',#2471);
#2143=PLANE('',#2472);
#2144=PLANE('',#2473);
#2145=PLANE('',#2476);
#2146=PLANE('',#2477);
#2147=PLANE('',#2486);
#2148=PLANE('',#2487);
#2149=PLANE('',#2489);
#2150=PLANE('',#2491);
#2151=PLANE('',#2499);
#2152=PLANE('',#2501);
#2153=PLANE('',#2503);
#2154=ADVANCED_FACE('',(#1963,#1964),#2123,.F.);
#2155=ADVANCED_FACE('',(#1965),#113,.T.);
#2156=ADVANCED_FACE('',(#1966),#2124,.F.);
#2157=ADVANCED_FACE('',(#1967),#114,.T.);
#2158=ADVANCED_FACE('',(#1968),#115,.F.);
#2159=ADVANCED_FACE('',(#1969),#116,.F.);
#2160=ADVANCED_FACE('',(#1970),#2125,.F.);
#2161=ADVANCED_FACE('',(#1971),#117,.T.);
#2162=ADVANCED_FACE('',(#1972),#118,.T.);
#2163=ADVANCED_FACE('',(#1973),#119,.T.);
#2164=ADVANCED_FACE('',(#1974),#2126,.F.);
#2165=ADVANCED_FACE('',(#1975),#2127,.F.);
#2166=ADVANCED_FACE('',(#1976),#2128,.F.);
#2167=ADVANCED_FACE('',(#1977),#2129,.T.);
#2168=ADVANCED_FACE('',(#1978),#2130,.F.);
#2169=ADVANCED_FACE('',(#1979),#2131,.F.);
#2170=ADVANCED_FACE('',(#1980),#120,.T.);
#2171=ADVANCED_FACE('',(#1981),#121,.T.);
#2172=ADVANCED_FACE('',(#1982),#64,.T.);
#2173=ADVANCED_FACE('',(#1983),#65,.T.);
#2174=ADVANCED_FACE('',(#1984),#122,.T.);
#2175=ADVANCED_FACE('',(#1985),#2132,.F.);
#2176=ADVANCED_FACE('',(#1986),#2133,.F.);
#2177=ADVANCED_FACE('',(#1987),#123,.T.);
#2178=ADVANCED_FACE('',(#1988),#2134,.T.);
#2179=ADVANCED_FACE('',(#1989),#2135,.F.);
#2180=ADVANCED_FACE('',(#1990),#124,.T.);
#2181=ADVANCED_FACE('',(#1991),#125,.T.);
#2182=ADVANCED_FACE('',(#1992),#2136,.T.);
#2183=ADVANCED_FACE('',(#1993),#126,.T.);
#2184=ADVANCED_FACE('',(#1994),#42,.T.);
#2185=ADVANCED_FACE('',(#1995),#127,.T.);
#2186=ADVANCED_FACE('',(#1996),#128,.T.);
#2187=ADVANCED_FACE('',(#1997),#43,.T.);
#2188=ADVANCED_FACE('',(#1998),#2137,.T.);
#2189=ADVANCED_FACE('',(#1999),#2138,.F.);
#2190=ADVANCED_FACE('',(#2000),#2139,.T.);
#2191=ADVANCED_FACE('',(#2001),#129,.F.);
#2192=ADVANCED_FACE('',(#2002),#130,.T.);
#2193=ADVANCED_FACE('',(#2003),#44,.F.);
#2194=ADVANCED_FACE('',(#2004),#131,.F.);
#2195=ADVANCED_FACE('',(#2005),#45,.F.);
#2196=ADVANCED_FACE('',(#2006),#132,.T.);
#2197=ADVANCED_FACE('',(#2007),#133,.F.);
#2198=ADVANCED_FACE('',(#2008),#134,.T.);
#2199=ADVANCED_FACE('',(#2009),#135,.T.);
#2200=ADVANCED_FACE('',(#2010),#136,.T.);
#2201=ADVANCED_FACE('',(#2011),#137,.T.);
#2202=ADVANCED_FACE('',(#2012),#46,.T.);
#2203=ADVANCED_FACE('',(#2013),#138,.T.);
#2204=ADVANCED_FACE('',(#2014),#47,.T.);
#2205=ADVANCED_FACE('',(#2015),#139,.T.);
#2206=ADVANCED_FACE('',(#2016),#48,.T.);
#2207=ADVANCED_FACE('',(#2017),#49,.T.);
#2208=ADVANCED_FACE('',(#2018),#50,.T.);
#2209=ADVANCED_FACE('',(#2019),#51,.T.);
#2210=ADVANCED_FACE('',(#2020),#140,.T.);
#2211=ADVANCED_FACE('',(#2021),#52,.T.);
#2212=ADVANCED_FACE('',(#2022),#141,.T.);
#2213=ADVANCED_FACE('',(#2023),#53,.T.);
#2214=ADVANCED_FACE('',(#2024),#142,.T.);
#2215=ADVANCED_FACE('',(#2025),#54,.T.);
#2216=ADVANCED_FACE('',(#2026),#55,.T.);
#2217=ADVANCED_FACE('',(#2027),#56,.T.);
#2218=ADVANCED_FACE('',(#2028),#57,.T.);
#2219=ADVANCED_FACE('',(#2029),#143,.T.);
#2220=ADVANCED_FACE('',(#2030),#58,.T.);
#2221=ADVANCED_FACE('',(#2031),#144,.T.);
#2222=ADVANCED_FACE('',(#2032),#59,.T.);
#2223=ADVANCED_FACE('',(#2033),#145,.T.);
#2224=ADVANCED_FACE('',(#2034,#2035),#146,.F.);
#2225=ADVANCED_FACE('',(#2036,#2037),#147,.F.);
#2226=ADVANCED_FACE('',(#2038,#2039),#148,.F.);
#2227=ADVANCED_FACE('',(#2040,#2041),#34,.F.);
#2228=ADVANCED_FACE('',(#2042),#35,.F.);
#2229=ADVANCED_FACE('',(#2043,#2044),#36,.F.);
#2230=ADVANCED_FACE('',(#2045),#2140,.T.);
#2231=ADVANCED_FACE('',(#2046),#28,.F.);
#2232=ADVANCED_FACE('',(#2047),#2141,.T.);
#2233=ADVANCED_FACE('',(#2048),#29,.F.);
#2234=ADVANCED_FACE('',(#2049),#2142,.T.);
#2235=ADVANCED_FACE('',(#2050),#30,.F.);
#2236=ADVANCED_FACE('',(#2051),#2143,.T.);
#2237=ADVANCED_FACE('',(#2052),#31,.F.);
#2238=ADVANCED_FACE('',(#2053),#2144,.T.);
#2239=ADVANCED_FACE('',(#2054),#37,.T.);
#2240=ADVANCED_FACE('',(#2055),#2145,.T.);
#2241=ADVANCED_FACE('',(#2056),#32,.F.);
#2242=ADVANCED_FACE('',(#2057),#33,.F.);
#2243=ADVANCED_FACE('',(#2058),#2146,.T.);
#2244=ADVANCED_FACE('',(#2059,#2060),#38,.F.);
#2245=ADVANCED_FACE('',(#2061,#2062),#39,.F.);
#2246=ADVANCED_FACE('',(#2063,#2064),#40,.F.);
#2247=ADVANCED_FACE('',(#2065),#41,.T.);
#2248=ADVANCED_FACE('',(#2066,#2067,#2068,#2069),#2147,.T.);
#2249=ADVANCED_FACE('',(#2070),#2148,.F.);
#2250=ADVANCED_FACE('',(#2071),#2149,.T.);
#2251=ADVANCED_FACE('',(#2072),#2150,.T.);
#2252=ADVANCED_FACE('',(#2073),#149,.F.);
#2253=ADVANCED_FACE('',(#2074),#2151,.F.);
#2254=ADVANCED_FACE('',(#2075),#2152,.T.);
#2255=ADVANCED_FACE('',(#2076),#2153,.T.);
#2256=ADVANCED_FACE('',(#2077),#150,.F.);
#2257=ADVANCED_FACE('',(#2078),#151,.T.);
#2258=ADVANCED_FACE('',(#2079),#66,.T.);
#2259=ADVANCED_FACE('',(#2080),#60,.T.);
#2260=ADVANCED_FACE('',(#2081),#67,.T.);
#2261=ADVANCED_FACE('',(#2082),#152,.T.);
#2262=ADVANCED_FACE('',(#2083),#153,.T.);
#2263=ADVANCED_FACE('',(#2084),#154,.T.);
#2264=ADVANCED_FACE('',(#2085),#68,.T.);
#2265=ADVANCED_FACE('',(#2086),#61,.T.);
#2266=ADVANCED_FACE('',(#2087),#69,.T.);
#2267=ADVANCED_FACE('',(#2088),#155,.T.);
#2268=ADVANCED_FACE('',(#2089),#156,.T.);
#2269=ADVANCED_FACE('',(#2090),#157,.T.);
#2270=ADVANCED_FACE('',(#2091),#12,.T.);
#2271=ADVANCED_FACE('',(#2092),#13,.T.);
#2272=ADVANCED_FACE('',(#2093),#14,.T.);
#2273=ADVANCED_FACE('',(#2094),#158,.F.);
#2274=ADVANCED_FACE('',(#2095),#15,.T.);
#2275=ADVANCED_FACE('',(#2096),#159,.T.);
#2276=ADVANCED_FACE('',(#2097),#16,.F.);
#2277=ADVANCED_FACE('',(#2098),#17,.T.);
#2278=ADVANCED_FACE('',(#2099),#62,.T.);
#2279=ADVANCED_FACE('',(#2100),#160,.F.);
#2280=ADVANCED_FACE('',(#2101),#161,.T.);
#2281=ADVANCED_FACE('',(#2102),#162,.T.);
#2282=ADVANCED_FACE('',(#2103),#18,.T.);
#2283=ADVANCED_FACE('',(#2104),#19,.T.);
#2284=ADVANCED_FACE('',(#2105),#163,.T.);
#2285=ADVANCED_FACE('',(#2106),#164,.T.);
#2286=ADVANCED_FACE('',(#2107),#165,.T.);
#2287=ADVANCED_FACE('',(#2108),#20,.T.);
#2288=ADVANCED_FACE('',(#2109),#21,.T.);
#2289=ADVANCED_FACE('',(#2110),#22,.T.);
#2290=ADVANCED_FACE('',(#2111),#166,.F.);
#2291=ADVANCED_FACE('',(#2112),#23,.T.);
#2292=ADVANCED_FACE('',(#2113),#167,.T.);
#2293=ADVANCED_FACE('',(#2114),#24,.F.);
#2294=ADVANCED_FACE('',(#2115),#25,.T.);
#2295=ADVANCED_FACE('',(#2116),#63,.T.);
#2296=ADVANCED_FACE('',(#2117),#168,.F.);
#2297=ADVANCED_FACE('',(#2118),#169,.T.);
#2298=ADVANCED_FACE('',(#2119),#170,.T.);
#2299=ADVANCED_FACE('',(#2120),#26,.T.);
#2300=ADVANCED_FACE('',(#2121),#27,.T.);
#2301=ADVANCED_FACE('',(#2122),#171,.T.);
#2302=CLOSED_SHELL('',(#2154,#2155,#2156,#2157,#2158,#2159,#2160,#2161,
#2162,#2163,#2164,#2165,#2166,#2167,#2168,#2169,#2170,#2171,#2172,#2173,
#2174,#2175,#2176,#2177,#2178,#2179,#2180,#2181,#2182,#2183,#2184,#2185,
#2186,#2187,#2188,#2189,#2190,#2191,#2192,#2193,#2194,#2195,#2196,#2197,
#2198,#2199,#2200,#2201,#2202,#2203,#2204,#2205,#2206,#2207,#2208,#2209,
#2210,#2211,#2212,#2213,#2214,#2215,#2216,#2217,#2218,#2219,#2220,#2221,
#2222,#2223,#2224,#2225,#2226,#2227,#2228,#2229,#2230,#2231,#2232,#2233,
#2234,#2235,#2236,#2237,#2238,#2239,#2240,#2241,#2242,#2243,#2244,#2245,
#2246,#2247,#2248,#2249,#2250,#2251,#2252,#2253,#2254,#2255,#2256,#2257,
#2258,#2259,#2260,#2261,#2262,#2263,#2264,#2265,#2266,#2267,#2268,#2269,
#2270,#2271,#2272,#2273,#2274,#2275,#2276,#2277,#2278,#2279,#2280,#2281,
#2282,#2283,#2284,#2285,#2286,#2287,#2288,#2289,#2290,#2291,#2292,#2293,
#2294,#2295,#2296,#2297,#2298,#2299,#2300,#2301));
#2303=STYLED_ITEM('',(#2304),#2311);
#2304=PRESENTATION_STYLE_ASSIGNMENT((#2305));
#2305=SURFACE_STYLE_USAGE(.BOTH.,#2306);
#2306=SURFACE_SIDE_STYLE('',(#2307));
#2307=SURFACE_STYLE_FILL_AREA(#2308);
#2308=FILL_AREA_STYLE('',(#2309));
#2309=FILL_AREA_STYLE_COLOUR('',#2310);
#2310=COLOUR_RGB('',0.290196078431373,0.435294117647059,0.647058823529412);
#2311=MANIFOLD_SOLID_BREP('[a]_wwg2-UHF-adapter_o2_tap',#2302);
#2312=SHAPE_DEFINITION_REPRESENTATION(#4678,#2313);
#2313=SHAPE_REPRESENTATION('[a]_wwg2-UHF-adapter_o2_tap',(#2314),#4673);
#2314=AXIS2_PLACEMENT_3D('',#3301,#2600,#2601);
#2315=AXIS2_PLACEMENT_3D('',#3302,#2602,#2603);
#2316=AXIS2_PLACEMENT_3D('',#3303,#2604,#2605);
#2317=AXIS2_PLACEMENT_3D('',#3305,#2606,#2607);
#2318=AXIS2_PLACEMENT_3D('',#3314,#2611,#2612);
#2319=AXIS2_PLACEMENT_3D('',#3322,#2616,#2617);
#2320=AXIS2_PLACEMENT_3D('',#3324,#2618,#2619);
#2321=AXIS2_PLACEMENT_3D('',#3328,#2621,#2622);
#2322=AXIS2_PLACEMENT_3D('',#3330,#2623,#2624);
#2323=AXIS2_PLACEMENT_3D('',#3337,#2628,#2629);
#2324=AXIS2_PLACEMENT_3D('',#3338,#2630,#2631);
#2325=AXIS2_PLACEMENT_3D('',#3342,#2633,#2634);
#2326=AXIS2_PLACEMENT_3D('',#3343,#2635,#2636);
#2327=AXIS2_PLACEMENT_3D('',#3349,#2639,#2640);
#2328=AXIS2_PLACEMENT_3D('',#3355,#2643,#2644);
#2329=AXIS2_PLACEMENT_3D('',#3361,#2647,#2648);
#2330=AXIS2_PLACEMENT_3D('',#3365,#2650,#2651);
#2331=AXIS2_PLACEMENT_3D('',#3370,#2654,#2655);
#2332=AXIS2_PLACEMENT_3D('',#3374,#2657,#2658);
#2333=AXIS2_PLACEMENT_3D('',#3375,#2659,#2660);
#2334=AXIS2_PLACEMENT_3D('',#3376,#2661,#2662);
#2335=AXIS2_PLACEMENT_3D('',#3380,#2664,#2665);
#2336=AXIS2_PLACEMENT_3D('',#3400,#2668,#2669);
#2337=AXIS2_PLACEMENT_3D('',#3401,#2670,#2671);
#2338=AXIS2_PLACEMENT_3D('',#3405,#2673,#2674);
#2339=AXIS2_PLACEMENT_3D('',#3409,#2676,#2677);
#2340=AXIS2_PLACEMENT_3D('',#3410,#2678,#2679);
#2341=AXIS2_PLACEMENT_3D('',#3411,#2680,#2681);
#2342=AXIS2_PLACEMENT_3D('',#3420,#2685,#2686);
#2343=AXIS2_PLACEMENT_3D('',#3424,#2688,#2689);
#2344=AXIS2_PLACEMENT_3D('',#3430,#2692,#2693);
#2345=AXIS2_PLACEMENT_3D('',#3435,#2696,#2697);
#2346=AXIS2_PLACEMENT_3D('',#3436,#2698,#2699);
#2347=AXIS2_PLACEMENT_3D('',#3440,#2701,#2702);
#2348=AXIS2_PLACEMENT_3D('',#3441,#2703,#2704);
#2349=AXIS2_PLACEMENT_3D('',#3445,#2706,#2707);
#2350=AXIS2_PLACEMENT_3D('',#3446,#2708,#2709);
#2351=AXIS2_PLACEMENT_3D('',#3447,#2710,#2711);
#2352=AXIS2_PLACEMENT_3D('',#3451,#2713,#2714);
#2353=AXIS2_PLACEMENT_3D('',#3452,#2715,#2716);
#2354=AXIS2_PLACEMENT_3D('',#3453,#2717,#2718);
#2355=AXIS2_PLACEMENT_3D('',#3461,#2722,#2723);
#2356=AXIS2_PLACEMENT_3D('',#3462,#2724,#2725);
#2357=AXIS2_PLACEMENT_3D('',#3466,#2727,#2728);
#2358=AXIS2_PLACEMENT_3D('',#3472,#2732,#2733);
#2359=AXIS2_PLACEMENT_3D('',#3478,#2736,#2737);
#2360=AXIS2_PLACEMENT_3D('',#3483,#2740,#2741);
#2361=AXIS2_PLACEMENT_3D('',#3484,#2742,#2743);
#2362=AXIS2_PLACEMENT_3D('',#3501,#2751,#2752);
#2363=AXIS2_PLACEMENT_3D('',#3504,#2754,#2755);
#2364=AXIS2_PLACEMENT_3D('',#3513,#2760,#2761);
#2365=AXIS2_PLACEMENT_3D('',#3517,#2763,#2764);
#2366=AXIS2_PLACEMENT_3D('',#3524,#2768,#2769);
#2367=AXIS2_PLACEMENT_3D('',#3525,#2770,#2771);
#2368=AXIS2_PLACEMENT_3D('',#3526,#2772,#2773);
#2369=AXIS2_PLACEMENT_3D('',#3527,#2774,#2775);
#2370=AXIS2_PLACEMENT_3D('',#3528,#2776,#2777);
#2371=AXIS2_PLACEMENT_3D('',#3529,#2778,#2779);
#2372=AXIS2_PLACEMENT_3D('',#3530,#2780,#2781);
#2373=AXIS2_PLACEMENT_3D('',#3531,#2782,#2783);
#2374=AXIS2_PLACEMENT_3D('',#3533,#2784,#2785);
#2375=AXIS2_PLACEMENT_3D('',#3534,#2786,#2787);
#2376=AXIS2_PLACEMENT_3D('',#3535,#2788,#2789);
#2377=AXIS2_PLACEMENT_3D('',#3537,#2790,#2791);
#2378=AXIS2_PLACEMENT_3D('',#3538,#2792,#2793);
#2379=AXIS2_PLACEMENT_3D('',#3543,#2796,#2797);
#2380=AXIS2_PLACEMENT_3D('',#3551,#2798,#2799);
#2381=AXIS2_PLACEMENT_3D('',#3557,#2803,#2804);
#2382=AXIS2_PLACEMENT_3D('',#3560,#2806,#2807);
#2383=AXIS2_PLACEMENT_3D('',#3561,#2808,#2809);
#2384=AXIS2_PLACEMENT_3D('',#3571,#2812,#2813);
#2385=AXIS2_PLACEMENT_3D('',#3574,#2815,#2816);
#2386=AXIS2_PLACEMENT_3D('',#3580,#2820,#2821);
#2387=AXIS2_PLACEMENT_3D('',#3583,#2823,#2824);
#2388=AXIS2_PLACEMENT_3D('',#3584,#2825,#2826);
#2389=AXIS2_PLACEMENT_3D('',#3587,#2828,#2829);
#2390=AXIS2_PLACEMENT_3D('',#3598,#2830,#2831);
#2391=AXIS2_PLACEMENT_3D('',#3614,#2832,#2833);
#2392=AXIS2_PLACEMENT_3D('',#3622,#2837,#2838);
#2393=AXIS2_PLACEMENT_3D('',#3626,#2840,#2841);
#2394=AXIS2_PLACEMENT_3D('',#3627,#2842,#2843);
#2395=AXIS2_PLACEMENT_3D('',#3628,#2844,#2845);
#2396=AXIS2_PLACEMENT_3D('',#3629,#2846,#2847);
#2397=AXIS2_PLACEMENT_3D('',#3642,#2848,#2849);
#2398=AXIS2_PLACEMENT_3D('',#3643,#2850,#2851);
#2399=AXIS2_PLACEMENT_3D('',#3644,#2852,#2853);
#2400=AXIS2_PLACEMENT_3D('',#3645,#2854,#2855);
#2401=AXIS2_PLACEMENT_3D('',#3646,#2856,#2857);
#2402=AXIS2_PLACEMENT_3D('',#3647,#2858,#2859);
#2403=AXIS2_PLACEMENT_3D('',#3660,#2860,#2861);
#2404=AXIS2_PLACEMENT_3D('',#3664,#2863,#2864);
#2405=AXIS2_PLACEMENT_3D('',#3670,#2868,#2869);
#2406=AXIS2_PLACEMENT_3D('',#3679,#2874,#2875);
#2407=AXIS2_PLACEMENT_3D('',#3688,#2880,#2881);
#2408=AXIS2_PLACEMENT_3D('',#3689,#2882,#2883);
#2409=AXIS2_PLACEMENT_3D('',#3695,#2884,#2885);
#2410=AXIS2_PLACEMENT_3D('',#3702,#2886,#2887);
#2411=AXIS2_PLACEMENT_3D('',#3712,#2888,#2889);
#2412=AXIS2_PLACEMENT_3D('',#3737,#2890,#2891);
#2413=AXIS2_PLACEMENT_3D('',#3738,#2892,#2893);
#2414=AXIS2_PLACEMENT_3D('',#3739,#2894,#2895);
#2415=AXIS2_PLACEMENT_3D('',#3755,#2896,#2897);
#2416=AXIS2_PLACEMENT_3D('',#3761,#2898,#2899);
#2417=AXIS2_PLACEMENT_3D('',#3768,#2900,#2901);
#2418=AXIS2_PLACEMENT_3D('',#3778,#2902,#2903);
#2419=AXIS2_PLACEMENT_3D('',#3784,#2904,#2905);
#2420=AXIS2_PLACEMENT_3D('',#3789,#2906,#2907);
#2421=AXIS2_PLACEMENT_3D('',#3790,#2908,#2909);
#2422=AXIS2_PLACEMENT_3D('',#3807,#2910,#2911);
#2423=AXIS2_PLACEMENT_3D('',#3808,#2912,#2913);
#2424=AXIS2_PLACEMENT_3D('',#3813,#2914,#2915);
#2425=AXIS2_PLACEMENT_3D('',#3814,#2916,#2917);
#2426=AXIS2_PLACEMENT_3D('',#3831,#2918,#2919);
#2427=AXIS2_PLACEMENT_3D('',#3832,#2920,#2921);
#2428=AXIS2_PLACEMENT_3D('',#3852,#2922,#2923);
#2429=AXIS2_PLACEMENT_3D('',#3853,#2924,#2925);
#2430=AXIS2_PLACEMENT_3D('',#3854,#2926,#2927);
#2431=AXIS2_PLACEMENT_3D('',#3867,#2928,#2929);
#2432=AXIS2_PLACEMENT_3D('',#3868,#2930,#2931);
#2433=AXIS2_PLACEMENT_3D('',#3869,#2932,#2933);
#2434=AXIS2_PLACEMENT_3D('',#3882,#2934,#2935);
#2435=AXIS2_PLACEMENT_3D('',#3895,#2936,#2937);
#2436=AXIS2_PLACEMENT_3D('',#3908,#2938,#2939);
#2437=AXIS2_PLACEMENT_3D('',#3921,#2940,#2941);
#2438=AXIS2_PLACEMENT_3D('',#3922,#2942,#2943);
#2439=AXIS2_PLACEMENT_3D('',#3923,#2944,#2945);
#2440=AXIS2_PLACEMENT_3D('',#3939,#2946,#2947);
#2441=AXIS2_PLACEMENT_3D('',#3940,#2948,#2949);
#2442=AXIS2_PLACEMENT_3D('',#3941,#2950,#2951);
#2443=AXIS2_PLACEMENT_3D('',#3957,#2952,#2953);
#2444=AXIS2_PLACEMENT_3D('',#3958,#2954,#2955);
#2445=AXIS2_PLACEMENT_3D('',#3959,#2956,#2957);
#2446=AXIS2_PLACEMENT_3D('',#3972,#2958,#2959);
#2447=AXIS2_PLACEMENT_3D('',#3985,#2960,#2961);
#2448=AXIS2_PLACEMENT_3D('',#3998,#2962,#2963);
#2449=AXIS2_PLACEMENT_3D('',#4011,#2964,#2965);
#2450=AXIS2_PLACEMENT_3D('',#4012,#2966,#2967);
#2451=AXIS2_PLACEMENT_3D('',#4013,#2968,#2969);
#2452=AXIS2_PLACEMENT_3D('',#4026,#2970,#2971);
#2453=AXIS2_PLACEMENT_3D('',#4027,#2972,#2973);
#2454=AXIS2_PLACEMENT_3D('',#4028,#2974,#2975);
#2455=AXIS2_PLACEMENT_3D('',#4044,#2976,#2977);
#2456=AXIS2_PLACEMENT_3D('',#4045,#2978,#2979);
#2457=AXIS2_PLACEMENT_3D('',#4046,#2980,#2981);
#2458=AXIS2_PLACEMENT_3D('',#4047,#2982,#2983);
#2459=AXIS2_PLACEMENT_3D('',#4049,#2984,#2985);
#2460=AXIS2_PLACEMENT_3D('',#4051,#2986,#2987);
#2461=AXIS2_PLACEMENT_3D('',#4057,#2988,#2989);
#2462=AXIS2_PLACEMENT_3D('',#4063,#2990,#2991);
#2463=AXIS2_PLACEMENT_3D('',#4065,#2992,#2993);
#2464=AXIS2_PLACEMENT_3D('',#4066,#2994,#2995);
#2465=AXIS2_PLACEMENT_3D('',#4068,#2996,#2997);
#2466=AXIS2_PLACEMENT_3D('',#4070,#2998,#2999);
#2467=AXIS2_PLACEMENT_3D('',#4071,#3000,#3001);
#2468=AXIS2_PLACEMENT_3D('',#4082,#3002,#3003);
#2469=AXIS2_PLACEMENT_3D('',#4090,#3004,#3005);
#2470=AXIS2_PLACEMENT_3D('',#4136,#3009,#3010);
#2471=AXIS2_PLACEMENT_3D('',#4188,#3012,#3013);
#2472=AXIS2_PLACEMENT_3D('',#4228,#3015,#3016);
#2473=AXIS2_PLACEMENT_3D('',#4264,#3020,#3021);
#2474=AXIS2_PLACEMENT_3D('',#4271,#3023,#3024);
#2475=AXIS2_PLACEMENT_3D('',#4277,#3025,#3026);
#2476=AXIS2_PLACEMENT_3D('',#4278,#3027,#3028);
#2477=AXIS2_PLACEMENT_3D('',#4360,#3030,#3031);
#2478=AXIS2_PLACEMENT_3D('',#4367,#3033,#3034);
#2479=AXIS2_PLACEMENT_3D('',#4368,#3035,#3036);
#2480=AXIS2_PLACEMENT_3D('',#4370,#3037,#3038);
#2481=AXIS2_PLACEMENT_3D('',#4371,#3039,#3040);
#2482=AXIS2_PLACEMENT_3D('',#4373,#3041,#3042);
#2483=AXIS2_PLACEMENT_3D('',#4374,#3043,#3044);
#2484=AXIS2_PLACEMENT_3D('',#4376,#3045,#3046);
#2485=AXIS2_PLACEMENT_3D('',#4377,#3047,#3048);
#2486=AXIS2_PLACEMENT_3D('',#4378,#3049,#3050);
#2487=AXIS2_PLACEMENT_3D('',#4379,#3051,#3052);
#2488=AXIS2_PLACEMENT_3D('',#4385,#3055,#3056);
#2489=AXIS2_PLACEMENT_3D('',#4390,#3059,#3060);
#2490=AXIS2_PLACEMENT_3D('',#4391,#3061,#3062);
#2491=AXIS2_PLACEMENT_3D('',#4401,#3067,#3068);
#2492=AXIS2_PLACEMENT_3D('',#4402,#3069,#3070);
#2493=AXIS2_PLACEMENT_3D('',#4405,#3071,#3072);
#2494=AXIS2_PLACEMENT_3D('',#4411,#3075,#3076);
#2495=AXIS2_PLACEMENT_3D('',#4417,#3079,#3080);
#2496=AXIS2_PLACEMENT_3D('',#4418,#3081,#3082);
#2497=AXIS2_PLACEMENT_3D('',#4419,#3083,#3084);
#2498=AXIS2_PLACEMENT_3D('',#4420,#3085,#3086);
#2499=AXIS2_PLACEMENT_3D('',#4421,#3087,#3088);
#2500=AXIS2_PLACEMENT_3D('',#4427,#3091,#3092);
#2501=AXIS2_PLACEMENT_3D('',#4432,#3095,#3096);
#2502=AXIS2_PLACEMENT_3D('',#4433,#3097,#3098);
#2503=AXIS2_PLACEMENT_3D('',#4443,#3103,#3104);
#2504=AXIS2_PLACEMENT_3D('',#4447,#3106,#3107);
#2505=AXIS2_PLACEMENT_3D('',#4449,#3108,#3109);
#2506=AXIS2_PLACEMENT_3D('',#4451,#3110,#3111);
#2507=AXIS2_PLACEMENT_3D('',#4457,#3114,#3115);
#2508=AXIS2_PLACEMENT_3D('',#4460,#3117,#3118);
#2509=AXIS2_PLACEMENT_3D('',#4461,#3119,#3120);
#2510=AXIS2_PLACEMENT_3D('',#4462,#3121,#3122);
#2511=AXIS2_PLACEMENT_3D('',#4463,#3123,#3124);
#2512=AXIS2_PLACEMENT_3D('',#4464,#3125,#3126);
#2513=AXIS2_PLACEMENT_3D('',#4465,#3127,#3128);
#2514=AXIS2_PLACEMENT_3D('',#4466,#3129,#3130);
#2515=AXIS2_PLACEMENT_3D('',#4467,#3131,#3132);
#2516=AXIS2_PLACEMENT_3D('',#4507,#3133,#3134);
#2517=AXIS2_PLACEMENT_3D('',#4508,#3135,#3136);
#2518=AXIS2_PLACEMENT_3D('',#4509,#3137,#3138);
#2519=AXIS2_PLACEMENT_3D('',#4510,#3139,#3140);
#2520=AXIS2_PLACEMENT_3D('',#4511,#3141,#3142);
#2521=AXIS2_PLACEMENT_3D('',#4512,#3143,#3144);
#2522=AXIS2_PLACEMENT_3D('',#4513,#3145,#3146);
#2523=AXIS2_PLACEMENT_3D('',#4514,#3147,#3148);
#2524=AXIS2_PLACEMENT_3D('',#4515,#3149,#3150);
#2525=AXIS2_PLACEMENT_3D('',#4516,#3151,#3152);
#2526=AXIS2_PLACEMENT_3D('',#4517,#3153,#3154);
#2527=AXIS2_PLACEMENT_3D('',#4518,#3155,#3156);
#2528=AXIS2_PLACEMENT_3D('',#4558,#3157,#3158);
#2529=AXIS2_PLACEMENT_3D('',#4559,#3159,#3160);
#2530=AXIS2_PLACEMENT_3D('',#4560,#3161,#3162);
#2531=AXIS2_PLACEMENT_3D('',#4561,#3163,#3164);
#2532=AXIS2_PLACEMENT_3D('',#4562,#3165,#3166);
#2533=AXIS2_PLACEMENT_3D('',#4563,#3167,#3168);
#2534=AXIS2_PLACEMENT_3D('',#4564,#3169,#3170);
#2535=AXIS2_PLACEMENT_3D('',#4565,#3171,#3172);
#2536=AXIS2_PLACEMENT_3D('',#4566,#3173,#3174);
#2537=AXIS2_PLACEMENT_3D('',#4567,#3175,#3176);
#2538=AXIS2_PLACEMENT_3D('',#4568,#3177,#3178);
#2539=AXIS2_PLACEMENT_3D('',#4569,#3179,#3180);
#2540=AXIS2_PLACEMENT_3D('',#4570,#3181,#3182);
#2541=AXIS2_PLACEMENT_3D('',#4571,#3183,#3184);
#2542=AXIS2_PLACEMENT_3D('',#4572,#3185,#3186);
#2543=AXIS2_PLACEMENT_3D('',#4573,#3187,#3188);
#2544=AXIS2_PLACEMENT_3D('',#4574,#3189,#3190);
#2545=AXIS2_PLACEMENT_3D('',#4575,#3191,#3192);
#2546=AXIS2_PLACEMENT_3D('',#4576,#3193,#3194);
#2547=AXIS2_PLACEMENT_3D('',#4577,#3195,#3196);
#2548=AXIS2_PLACEMENT_3D('',#4578,#3197,#3198);
#2549=AXIS2_PLACEMENT_3D('',#4579,#3199,#3200);
#2550=AXIS2_PLACEMENT_3D('',#4580,#3201,#3202);
#2551=AXIS2_PLACEMENT_3D('',#4581,#3203,#3204);
#2552=AXIS2_PLACEMENT_3D('',#4582,#3205,#3206);
#2553=AXIS2_PLACEMENT_3D('',#4583,#3207,#3208);
#2554=AXIS2_PLACEMENT_3D('',#4605,#3209,#3210);
#2555=AXIS2_PLACEMENT_3D('',#4606,#3211,#3212);
#2556=AXIS2_PLACEMENT_3D('',#4607,#3213,#3214);
#2557=AXIS2_PLACEMENT_3D('',#4608,#3215,#3216);
#2558=AXIS2_PLACEMENT_3D('',#4609,#3217,#3218);
#2559=AXIS2_PLACEMENT_3D('',#4610,#3219,#3220);
#2560=AXIS2_PLACEMENT_3D('',#4611,#3221,#3222);
#2561=AXIS2_PLACEMENT_3D('',#4612,#3223,#3224);
#2562=AXIS2_PLACEMENT_3D('',#4613,#3225,#3226);
#2563=AXIS2_PLACEMENT_3D('',#4614,#3227,#3228);
#2564=AXIS2_PLACEMENT_3D('',#4615,#3229,#3230);
#2565=AXIS2_PLACEMENT_3D('',#4616,#3231,#3232);
#2566=AXIS2_PLACEMENT_3D('',#4617,#3233,#3234);
#2567=AXIS2_PLACEMENT_3D('',#4618,#3235,#3236);
#2568=AXIS2_PLACEMENT_3D('',#4619,#3237,#3238);
#2569=AXIS2_PLACEMENT_3D('',#4620,#3239,#3240);
#2570=AXIS2_PLACEMENT_3D('',#4621,#3241,#3242);
#2571=AXIS2_PLACEMENT_3D('',#4622,#3243,#3244);
#2572=AXIS2_PLACEMENT_3D('',#4623,#3245,#3246);
#2573=AXIS2_PLACEMENT_3D('',#4624,#3247,#3248);
#2574=AXIS2_PLACEMENT_3D('',#4625,#3249,#3250);
#2575=AXIS2_PLACEMENT_3D('',#4626,#3251,#3252);
#2576=AXIS2_PLACEMENT_3D('',#4627,#3253,#3254);
#2577=AXIS2_PLACEMENT_3D('',#4628,#3255,#3256);
#2578=AXIS2_PLACEMENT_3D('',#4629,#3257,#3258);
#2579=AXIS2_PLACEMENT_3D('',#4630,#3259,#3260);
#2580=AXIS2_PLACEMENT_3D('',#4631,#3261,#3262);
#2581=AXIS2_PLACEMENT_3D('',#4632,#3263,#3264);
#2582=AXIS2_PLACEMENT_3D('',#4633,#3265,#3266);
#2583=AXIS2_PLACEMENT_3D('',#4634,#3267,#3268);
#2584=AXIS2_PLACEMENT_3D('',#4635,#3269,#3270);
#2585=AXIS2_PLACEMENT_3D('',#4636,#3271,#3272);
#2586=AXIS2_PLACEMENT_3D('',#4637,#3273,#3274);
#2587=AXIS2_PLACEMENT_3D('',#4638,#3275,#3276);
#2588=AXIS2_PLACEMENT_3D('',#4660,#3277,#3278);
#2589=AXIS2_PLACEMENT_3D('',#4661,#3279,#3280);
#2590=AXIS2_PLACEMENT_3D('',#4662,#3281,#3282);
#2591=AXIS2_PLACEMENT_3D('',#4663,#3283,#3284);
#2592=AXIS2_PLACEMENT_3D('',#4664,#3285,#3286);
#2593=AXIS2_PLACEMENT_3D('',#4665,#3287,#3288);
#2594=AXIS2_PLACEMENT_3D('',#4666,#3289,#3290);
#2595=AXIS2_PLACEMENT_3D('',#4667,#3291,#3292);
#2596=AXIS2_PLACEMENT_3D('',#4668,#3293,#3294);
#2597=AXIS2_PLACEMENT_3D('',#4669,#3295,#3296);
#2598=AXIS2_PLACEMENT_3D('',#4670,#3297,#3298);
#2599=AXIS2_PLACEMENT_3D('',#4671,#3299,#3300);
#2600=DIRECTION('',(0.,0.,1.));
#2601=DIRECTION('',(1.,0.,0.));
#2602=DIRECTION('',(0.,0.,-1.));
#2603=DIRECTION('',(-1.,0.,0.));
#2604=DIRECTION('',(0.,0.,-1.));
#2605=DIRECTION('',(-1.,0.,0.));
#2606=DIRECTION('',(0.,0.,-1.));
#2607=DIRECTION('',(-1.,0.,0.));
#2608=DIRECTION('',(2.4147944444259E-14,1.,0.));
#2609=DIRECTION('',(-1.,6.02934254911523E-14,0.));
#2610=DIRECTION('',(2.41479444442331E-14,1.,0.));
#2611=DIRECTION('',(0.,0.,-1.));
#2612=DIRECTION('',(-1.,0.,0.));
#2613=DIRECTION('',(1.,-2.4147944444259E-14,0.));
#2614=DIRECTION('',(2.4147944444259E-14,1.,0.));
#2615=DIRECTION('',(0.642787609686534,-0.766044443118982,0.));
#2616=DIRECTION('',(0.,0.,-1.));
#2617=DIRECTION('',(-0.520087444021491,0.854113019787892,0.));
#2618=DIRECTION('',(0.,0.,-1.));
#2619=DIRECTION('',(0.707106781186585,-0.707106781186511,0.));
#2620=DIRECTION('',(1.,8.92494232791578E-29,0.));
#2621=DIRECTION('',(0.,0.,-1.));
#2622=DIRECTION('',(-0.707106781183539,-0.707106781189556,0.));
#2623=DIRECTION('',(0.,0.,-1.));
#2624=DIRECTION('',(-0.520087444021506,-0.854113019787883,0.));
#2625=DIRECTION('',(-0.642787609686546,-0.766044443118972,0.));
#2626=DIRECTION('',(2.4147944444259E-14,1.,0.));
#2627=DIRECTION('',(1.,-2.4147944444259E-14,0.));
#2628=DIRECTION('',(-1.,6.02934254911523E-14,0.));
#2629=DIRECTION('',(6.02934254911523E-14,1.,-1.57713813111996E-13));
#2630=DIRECTION('',(-1.,2.4147944444259E-14,5.88103188191851E-27));
#2631=DIRECTION('',(2.4147944444259E-14,1.,0.));
#2632=DIRECTION('',(-1.,6.02934254911523E-14,0.));
#2633=DIRECTION('',(-1.,2.41479444442331E-14,1.06436750934518E-13));
#2634=DIRECTION('',(1.06436750934518E-13,0.,1.));
#2635=DIRECTION('',(0.,0.,-1.));
#2636=DIRECTION('',(-1.,0.,0.));
#2637=DIRECTION('',(-1.,6.02934254911523E-14,0.));
#2638=DIRECTION('',(2.4147944444259E-14,1.,0.));
#2639=DIRECTION('',(0.,0.,-1.));
#2640=DIRECTION('',(-1.,0.,0.));
#2641=DIRECTION('',(1.,-2.4147944444259E-14,0.));
#2642=DIRECTION('',(2.4147944444259E-14,1.,0.));
#2643=DIRECTION('',(0.,0.,-1.));
#2644=DIRECTION('',(-1.,0.,0.));
#2645=DIRECTION('',(2.4147944444259E-14,1.,0.));
#2646=DIRECTION('',(-0.642787609686546,-0.766044443118972,0.));
#2647=DIRECTION('',(0.,0.,-1.));
#2648=DIRECTION('',(-2.23218189743669E-16,-1.,0.));
#2649=DIRECTION('',(0.,1.,0.));
#2650=DIRECTION('',(0.,0.,-1.));
#2651=DIRECTION('',(6.07903549129634E-17,1.,0.));
#2652=DIRECTION('',(-1.,-4.20797192699203E-12,0.));
#2653=DIRECTION('',(-0.250381721394646,0.968147196242107,1.75897049202561E-25));
#2654=DIRECTION('',(-1.,6.02934254911523E-14,0.));
#2655=DIRECTION('',(6.02934254911523E-14,1.,-1.57713813111996E-13));
#2656=DIRECTION('',(-1.,6.02934254911523E-14,0.));
#2657=DIRECTION('',(-1.,2.4147944444259E-14,5.88103188191851E-27));
#2658=DIRECTION('',(2.4147944444259E-14,1.,0.));
#2659=DIRECTION('',(-1.,6.02934254911523E-14,0.));
#2660=DIRECTION('',(6.02934254911523E-14,1.,0.));
#2661=DIRECTION('',(2.4147944444259E-14,1.,2.43270045569803E-13));
#2662=DIRECTION('',(0.,2.43270045569803E-13,-1.));
#2663=DIRECTION('',(2.4147944444259E-14,1.,2.43270045569803E-13));
#2664=DIRECTION('',(2.4147944444259E-14,1.,2.43270045569803E-13));
#2665=DIRECTION('',(0.,2.43270045569803E-13,-1.));
#2666=DIRECTION('',(2.4147944444259E-14,1.,2.43270045569803E-13));
#2667=DIRECTION('',(2.4147944444259E-14,1.,2.43270045569803E-13));
#2668=DIRECTION('',(-0.81873251303877,-0.542366960308149,-0.188454642976284));
#2669=DIRECTION('',(-0.52854591440202,0.840141702551479,-0.12165991945926));
#2670=DIRECTION('',(2.4147944444259E-14,1.,2.43270045569803E-13));
#2671=DIRECTION('',(0.,2.43270045569803E-13,-1.));
#2672=DIRECTION('',(2.4147944444259E-14,1.,2.43270045569803E-13));
#2673=DIRECTION('',(2.4147944444259E-14,1.,2.43270045569803E-13));
#2674=DIRECTION('',(0.,2.43270045569803E-13,-1.));
#2675=DIRECTION('',(2.4147944444259E-14,1.,2.43270045569803E-13));
#2676=DIRECTION('',(-0.818732513038761,0.542366960308163,0.188454642976283));
#2677=DIRECTION('',(0.528545914402037,0.840141702551471,-0.121659919459251));
#2678=DIRECTION('',(0.,0.,-1.));
#2679=DIRECTION('',(-1.,0.,0.));
#2680=DIRECTION('',(0.,0.,-1.));
#2681=DIRECTION('',(-1.,0.,0.));
#2682=DIRECTION('',(2.4147944444259E-14,1.,0.));
#2683=DIRECTION('',(-1.,6.02934254911523E-14,0.));
#2684=DIRECTION('',(0.25038172139058,0.968147196243159,-5.32907168871455E-14));
#2685=DIRECTION('',(0.,0.,-1.));
#2686=DIRECTION('',(0.,-1.,0.));
#2687=DIRECTION('',(0.,1.,0.));
#2688=DIRECTION('',(0.,0.,-1.));
#2689=DIRECTION('',(0.,1.,0.));
#2690=DIRECTION('',(0.642787609686534,-0.766044443118982,0.));
#2691=DIRECTION('',(2.4147944444259E-14,1.,0.));
#2692=DIRECTION('',(0.,0.,-1.));
#2693=DIRECTION('',(-1.,0.,0.));
#2694=DIRECTION('',(2.4147944444259E-14,1.,0.));
#2695=DIRECTION('',(1.,-2.4147944444259E-14,0.));
#2696=DIRECTION('',(-1.,6.02934254911523E-14,0.));
#2697=DIRECTION('',(6.02934254911523E-14,1.,-1.57713813111996E-13));
#2698=DIRECTION('',(-1.,2.4147944444259E-14,5.88103188191851E-27));
#2699=DIRECTION('',(2.4147944444259E-14,1.,0.));
#2700=DIRECTION('',(-1.,6.02934254911523E-14,0.));
#2701=DIRECTION('',(-1.,6.02934254911523E-14,0.));
#2702=DIRECTION('',(6.02934254911523E-14,1.,0.));
#2703=DIRECTION('',(0.642787609686534,-0.766044443118982,0.));
#2704=DIRECTION('',(-0.766044443118982,-0.642787609686534,0.));
#2705=DIRECTION('',(0.642787609686534,-0.766044443118982,0.));
#2706=DIRECTION('',(0.642787609686534,-0.766044443118982,0.));
#2707=DIRECTION('',(-0.766044443118982,-0.642787609686534,0.));
#2708=DIRECTION('',(0.642787609686535,-0.766044443118982,0.));
#2709=DIRECTION('',(-0.766044443118982,-0.642787609686535,0.));
#2710=DIRECTION('',(0.642787609686546,0.766044443118972,0.));
#2711=DIRECTION('',(0.766044443118972,-0.642787609686546,0.));
#2712=DIRECTION('',(-0.642787609686546,-0.766044443118972,-1.36606921651765E-17));
#2713=DIRECTION('',(0.642787609686546,0.766044443118972,0.));
#2714=DIRECTION('',(0.766044443118972,-0.642787609686546,0.));
#2715=DIRECTION('',(0.642787609686544,0.766044443118974,0.));
#2716=DIRECTION('',(0.766044443118974,-0.642787609686544,0.));
#2717=DIRECTION('',(-1.56926056433767E-13,-0.704540909454641,-0.709663375766868));
#2718=DIRECTION('',(7.49764997473846E-14,-0.709663375766868,0.704540909454641));
#2719=DIRECTION('',(-1.,2.22735194405159E-13,0.));
#2720=DIRECTION('',(0.,0.709663375766868,-0.704540909454641));
#2721=DIRECTION('',(0.180517647920906,0.698004845308153,-0.692966532175577));
#2722=DIRECTION('',(-1.56926056433767E-13,-0.704540909454641,-0.709663375766868));
#2723=DIRECTION('',(-0.0717233255457333,-0.707835684478033,0.702726410740464));
#2724=DIRECTION('',(0.754406506735493,0.633022221559484,0.17364817766693));
#2725=DIRECTION('',(0.616891022898628,-0.774133623486214,0.141995066305803));
#2726=DIRECTION('',(0.642787609686534,-0.766044443118982,0.));
#2727=DIRECTION('',(0.754406506735493,0.633022221559484,0.17364817766693));
#2728=DIRECTION('',(-0.616891022898695,0.774133623486214,-0.141995066305511));
#2729=DIRECTION('',(2.72001849203756E-18,-0.264543251462244,0.964373821765079));
#2730=DIRECTION('',(0.642787609686534,-0.766044443118982,0.));
#2731=DIRECTION('',(0.395471280066582,-0.649462264740031,0.649462264740031));
#2732=DIRECTION('',(-0.707106781186661,-2.96958125798087E-12,-0.707106781186435));
#2733=DIRECTION('',(4.19962208960528E-12,-1.,-4.46919348916775E-25));
#2734=DIRECTION('',(4.19962208960528E-12,-1.,-4.46919348916775E-25));
#2735=DIRECTION('',(0.577350269187886,0.577350269190496,-0.577350269190496));
#2736=DIRECTION('',(-0.707106781186661,-2.96958125798087E-12,-0.707106781186435));
#2737=DIRECTION('',(-0.5311025258582,-0.660197102425446,0.531102525861143));
#2738=DIRECTION('',(-4.19962208960483E-12,1.,1.82325745790231E-40));
#2739=DIRECTION('',(0.577350269187119,0.577350269192031,-0.577350269189728));
#2740=DIRECTION('',(0.,-0.707106781186548,-0.707106781186548));
#2741=DIRECTION('',(-1.,0.,0.));
#2742=DIRECTION('',(0.,-0.707106781186548,-0.707106781186548));
#2743=DIRECTION('',(7.3864315492473E-38,-0.707106781186548,0.707106781186548));
#2744=DIRECTION('',(0.577350269189666,-0.577350269189605,0.577350269189606));
#2745=DIRECTION('',(0.395471280066582,-0.649462264740031,0.649462264740031));
#2746=DIRECTION('',(3.6506675387986E-5,-0.707105528510708,0.707108032917782));
#2747=DIRECTION('',(1.,0.,0.));
#2748=DIRECTION('',(0.,-0.707106781186548,0.707106781186548));
#2749=DIRECTION('',(-0.395471280066595,-0.649462264740027,0.649462264740027));
#2750=DIRECTION('',(0.577350269187886,0.577350269190496,-0.577350269190496));
#2751=DIRECTION('',(0.,-0.707106781186548,-0.707106781186548));
#2752=DIRECTION('',(5.93916251596142E-12,-0.707106781186548,0.707106781186548));
#2753=DIRECTION('',(-1.,-1.06418944224796E-13,1.06418944224796E-13));
#2754=DIRECTION('',(-1.06418944224796E-13,0.,-1.));
#2755=DIRECTION('',(-1.,0.,1.06418944224796E-13));
#2756=DIRECTION('',(5.22299583724302E-38,-1.,-5.55825702687233E-51));
#2757=DIRECTION('',(-1.,-1.06418944224796E-13,1.06418944224796E-13));
#2758=DIRECTION('',(4.19962208960528E-12,-1.,-4.46919348916775E-25));
#2759=DIRECTION('',(1.,1.06418944224796E-13,-1.06418944224796E-13));
#2760=DIRECTION('',(0.707106781186511,5.04870979341448E-29,-0.707106781186585));
#2761=DIRECTION('',(5.22299583724302E-38,-1.,-5.55825702687233E-51));
#2762=DIRECTION('',(-7.139953862333E-29,1.,-2.56217212203604E-45));
#2763=DIRECTION('',(0.707106781186511,5.04870979341448E-29,-0.707106781186585));
#2764=DIRECTION('',(-0.531102525859874,0.660197102425165,-0.531102525859818));
#2765=DIRECTION('',(0.577350269189667,-0.577350269189606,0.577350269189606));
#2766=DIRECTION('',(5.22299583724302E-38,-1.,-5.55825702687233E-51));
#2767=DIRECTION('',(-0.577350269189666,0.577350269189606,-0.577350269189606));
#2768=DIRECTION('',(5.22299583724302E-38,-1.,-5.55825702687233E-51));
#2769=DIRECTION('',(1.06418944224796E-13,0.,1.));
#2770=DIRECTION('',(-4.33746195577934E-39,0.74740931868366,0.66436383882992));
#2771=DIRECTION('',(0.,-0.66436383882992,0.74740931868366));
#2772=DIRECTION('',(1.46725148476135E-29,-0.986393923832144,-0.164398987305357));
#2773=DIRECTION('',(0.,-0.164398987305357,0.986393923832144));
#2774=DIRECTION('',(4.19962208960528E-12,-1.,-4.46919348916775E-25));
#2775=DIRECTION('',(1.06418944223771E-13,0.,1.));
#2776=DIRECTION('',(-3.48759631635637E-13,0.74740931868366,0.66436383882992));
#2777=DIRECTION('',(5.92900820493584E-12,-0.66436383882992,0.74740931868366));
#2778=DIRECTION('',(3.45206809298158E-12,-0.986393923832144,-0.164398987305357));
#2779=DIRECTION('',(4.83272768859554E-12,-0.164398987305357,0.986393923832144));
#2780=DIRECTION('',(0.,0.,-1.));
#2781=DIRECTION('',(-1.,0.,0.));
#2782=DIRECTION('',(0.0612020885858686,-0.236649185645773,0.969665647161908));
#2783=DIRECTION('',(0.,0.971486801075012,0.237093642548762));
#2784=DIRECTION('',(0.250381721394646,-0.968147196242107,-1.75897049202561E-25));
#2785=DIRECTION('',(-0.968147196242108,-0.250381721394646,0.));
#2786=DIRECTION('',(0.,0.,-1.));
#2787=DIRECTION('',(-1.,0.,0.));
#2788=DIRECTION('',(-0.25038172139058,-0.968147196243159,5.32907168871455E-14));
#2789=DIRECTION('',(-0.968147196243159,0.25038172139058,0.));
#2790=DIRECTION('',(-0.0612020885846049,-0.236649185645785,0.969665647161985));
#2791=DIRECTION('',(0.,0.971486801075014,0.237093642548754));
#2792=DIRECTION('',(0.0612020885858686,-0.236649185645773,0.969665647161908));
#2793=DIRECTION('',(-2.01470745965489E-12,0.971486801074983,0.237093642548881));
#2794=DIRECTION('',(0.0612020885858686,-0.236649185645773,0.969665647161908));
#2795=DIRECTION('',(0.0612020885858686,-0.236649185645773,0.969665647161908));
#2796=DIRECTION('',(2.96468836840256E-12,-0.704540909454641,-0.709663375766868));
#2797=DIRECTION('',(0.0717233255489187,-0.707835684477728,0.702726410740446));
#2798=DIRECTION('',(2.96468836840256E-12,-0.704540909454641,-0.709663375766868));
#2799=DIRECTION('',(3.05529448880097E-12,-0.709663375766868,0.704540909454641));
#2800=DIRECTION('',(-0.180517647923986,0.698004845307395,-0.692966532175539));
#2801=DIRECTION('',(4.31406884812282E-17,0.709663375766868,-0.704540909454641));
#2802=DIRECTION('',(-1.,-4.20797192699203E-12,0.));
#2803=DIRECTION('',(-0.968147196242107,-0.250381721394646,-6.18399836227518E-14));
#2804=DIRECTION('',(0.250381721394646,-0.968147196242107,-5.79941066749143E-13));
#2805=DIRECTION('',(-0.250381721394646,0.968147196242107,1.75897049202561E-25));
#2806=DIRECTION('',(-0.968147196242107,-0.250381721394646,-6.18399836227518E-14));
#2807=DIRECTION('',(-0.174808628824563,0.675929867934405,-0.715933486381699));
#2808=DIRECTION('',(-0.0612020885846049,-0.236649185645785,0.969665647161985));
#2809=DIRECTION('',(-2.01470745965504E-12,0.971486801075043,0.237093642548634));
#2810=DIRECTION('',(-0.0612020885846049,-0.236649185645785,0.969665647161985));
#2811=DIRECTION('',(-0.0612020885846049,-0.236649185645785,0.969665647161985));
#2812=DIRECTION('',(5.85742670562543E-14,0.971486801075013,0.237093642548758));
#2813=DIRECTION('',(-1.03384599698742E-13,0.237093642548758,-0.971486801075014));
#2814=DIRECTION('',(-5.72532410834869E-15,-0.237093642548758,0.971486801075013));
#2815=DIRECTION('',(5.85742670562543E-14,0.971486801075013,0.237093642548758));
#2816=DIRECTION('',(-1.3815715398963E-13,0.237093642548758,-0.971486801075013));
#2817=DIRECTION('',(-5.72532410834869E-15,-0.237093642548758,0.971486801075013));
#2818=DIRECTION('',(1.,-6.02934254911524E-14,0.));
#2819=DIRECTION('',(-5.72532410834869E-15,-0.237093642548758,0.971486801075013));
#2820=DIRECTION('',(5.85742670562543E-14,0.971486801075013,0.237093642548758));
#2821=DIRECTION('',(-1.3815715398963E-13,0.237093642548758,-0.971486801075013));
#2822=DIRECTION('',(9.76765745738441E-14,-0.237093642548758,0.971486801075013));
#2823=DIRECTION('',(0.968147196243159,-0.25038172139058,-2.67898388578435E-13));
#2824=DIRECTION('',(-0.25038172139058,-0.968147196243159,-5.26650349861822E-13));
#2825=DIRECTION('',(0.968147196243159,-0.25038172139058,-2.67898388578435E-13));
#2826=DIRECTION('',(-0.174808628821674,-0.675929867935534,0.715933486381338));
#2827=DIRECTION('',(0.25038172139058,0.968147196243159,-5.32907168871455E-14));
#2828=DIRECTION('',(-0.25038172139058,-0.968147196243159,5.32907168871455E-14));
#2829=DIRECTION('',(0.968147196243159,-0.25038172139058,-2.46122249094758E-13));
#2830=DIRECTION('',(0.250381721394646,-0.968147196242107,-1.75897049202561E-25));
#2831=DIRECTION('',(-0.968147196242107,-0.250381721394646,-4.00638441390746E-14));
#2832=DIRECTION('',(-6.3108872417681E-29,0.707106781186547,0.707106781186548));
#2833=DIRECTION('',(-1.,1.79927424960937E-28,0.));
#2834=DIRECTION('',(-0.577350269187119,-0.577350269192031,0.577350269189728));
#2835=DIRECTION('',(-1.,-8.92494232791578E-29,0.));
#2836=DIRECTION('',(0.577350269189666,-0.577350269189606,0.577350269189606));
#2837=DIRECTION('',(-6.3108872417681E-29,0.707106781186547,0.707106781186548));
#2838=DIRECTION('',(-6.31088723438165E-29,-0.707106781186548,0.707106781186547));
#2839=DIRECTION('',(-1.,-1.06418944224796E-13,1.06418944224796E-13));
#2840=DIRECTION('',(-6.3108872417681E-29,0.707106781186547,0.707106781186548));
#2841=DIRECTION('',(5.93916251596141E-12,-0.707106781186548,0.707106781186547));
#2842=DIRECTION('',(1.,1.06418944224796E-13,-1.06418944224796E-13));
#2843=DIRECTION('',(1.06418944224735E-13,-1.,-5.71499572020079E-13));
#2844=DIRECTION('',(1.,8.92494232269279E-29,5.22298970115468E-38));
#2845=DIRECTION('',(8.92494232269279E-29,-1.,0.));
#2846=DIRECTION('',(1.,1.06418944224796E-13,-1.06418944224796E-13));
#2847=DIRECTION('',(-1.06418944224796E-13,0.,-1.));
#2848=DIRECTION('',(0.577350269189666,-0.577350269189606,0.577350269189605));
#2849=DIRECTION('',(-0.707106781186511,-0.707106781186585,0.));
#2850=DIRECTION('',(0.577350269189666,-0.577350269189606,0.577350269189605));
#2851=DIRECTION('',(0.707106781186713,4.04111222820506E-13,-0.707106781186383));
#2852=DIRECTION('',(-0.192450089729879,0.192450089729859,0.962250448649379));
#2853=DIRECTION('',(0.680413817439809,-0.680413817439738,0.272165526975901));
#2854=DIRECTION('',(-0.577350269187119,-0.577350269192031,0.577350269189727));
#2855=DIRECTION('',(-0.707106781186863,-2.56547003516121E-12,-0.707106781186233));
#2856=DIRECTION('',(0.192450089729085,0.192450089730722,0.962250448649365));
#2857=DIRECTION('',(-0.680413817436869,-0.680413817442658,0.272165526975948));
#2858=DIRECTION('',(-0.57735026918463,-0.577350269192124,0.577350269192123));
#2859=DIRECTION('',(0.,0.707106781186547,0.707106781186548));
#2860=DIRECTION('',(0.754406506735483,-0.633022221559496,-0.17364817766693));
#2861=DIRECTION('',(-0.616891022898639,-0.774133623486205,0.141995066305807));
#2862=DIRECTION('',(-0.642787609686546,-0.766044443118972,-1.36606921651765E-17));
#2863=DIRECTION('',(0.754406506735483,-0.633022221559496,-0.17364817766693));
#2864=DIRECTION('',(0.616891022898709,0.774133623486205,-0.141995066305502));
#2865=DIRECTION('',(-0.395471280066595,-0.649462264740027,0.649462264740027));
#2866=DIRECTION('',(-0.642787609686546,-0.766044443118972,0.));
#2867=DIRECTION('',(6.81658877300974E-18,0.26454325146224,-0.96437382176508));
#2868=DIRECTION('',(-1.,0.,-6.12323399573677E-17));
#2869=DIRECTION('',(0.,1.,0.));
#2870=DIRECTION('',(4.31406884815996E-17,0.709663375766868,-0.704540909454641));
#2871=DIRECTION('',(0.,1.,0.));
#2872=DIRECTION('',(5.90508657003053E-17,0.26454325146224,-0.96437382176508));
#2873=DIRECTION('',(0.,1.,0.));
#2874=DIRECTION('',(-1.,0.,0.));
#2875=DIRECTION('',(0.,-1.0850492054344E-18,1.));
#2876=DIRECTION('',(0.,-0.264543251462244,0.964373821765079));
#2877=DIRECTION('',(0.,1.,0.));
#2878=DIRECTION('',(0.,0.709663375766868,-0.704540909454641));
#2879=DIRECTION('',(0.,1.,0.));
#2880=DIRECTION('',(7.139953862333E-29,-1.,0.));
#2881=DIRECTION('',(-1.,-7.139953862333E-29,0.));
#2882=DIRECTION('',(-1.4719616800161E-14,1.,0.));
#2883=DIRECTION('',(1.,1.4719616800161E-14,0.));
#2884=DIRECTION('',(-0.395471280066582,0.64946226474003,-0.649462264740031));
#2885=DIRECTION('',(0.,-0.707106781186548,-0.707106781186548));
#2886=DIRECTION('',(0.0370123959011891,-0.0607835655256529,0.997464505990886));
#2887=DIRECTION('',(-0.518768765422959,0.851947421343114,0.0711657170859515));
#2888=DIRECTION('',(-0.692488760095819,-0.0178498780975378,0.721207805693241));
#2889=DIRECTION('',(-0.55002655400957,0.6599557529884,-0.511790185507569));
#2890=DIRECTION('',(-1.,-5.72429542228458E-15,0.));
#2891=DIRECTION('',(-5.72429542228458E-15,1.,0.));
#2892=DIRECTION('',(-1.,-8.92494232791578E-29,0.));
#2893=DIRECTION('',(-8.92494232791578E-29,1.,0.));
#2894=DIRECTION('',(-1.,-3.99310493528796E-12,0.));
#2895=DIRECTION('',(-3.99310493528796E-12,1.,0.));
#2896=DIRECTION('',(-4.17546463231144E-12,1.,0.));
#2897=DIRECTION('',(1.,4.17546463231144E-12,0.));
#2898=DIRECTION('',(-0.395471280066595,-0.649462264740027,0.649462264740027));
#2899=DIRECTION('',(0.,0.707106781186548,0.707106781186548));
#2900=DIRECTION('',(0.692488760096181,-0.0178498780943777,0.721207805692972));
#2901=DIRECTION('',(-0.550026554007691,-0.659955752988767,0.511790185509115));
#2902=DIRECTION('',(-0.03701239590119,-0.0607835655256521,0.997464505990886));
#2903=DIRECTION('',(-0.518768765422974,-0.851947421343105,-0.0711657170859514));
#2904=DIRECTION('',(4.19962208960483E-12,-1.,0.));
#2905=DIRECTION('',(-1.,-4.19962208960483E-12,0.));
#2906=DIRECTION('',(0.,-0.709663375766868,0.704540909454641));
#2907=DIRECTION('',(0.,0.704540909454641,0.709663375766868));
#2908=DIRECTION('',(0.,-0.071281887083794,0.99745621085528));
#2909=DIRECTION('',(0.,-0.99745621085528,-0.071281887083794));
#2910=DIRECTION('',(0.,0.264543251462244,-0.964373821765079));
#2911=DIRECTION('',(0.,-0.964373821765079,-0.264543251462244));
#2912=DIRECTION('',(0.,-0.0343159826673355,0.999411033225857));
#2913=DIRECTION('',(0.,0.999411033225857,0.0343159826673355));
#2914=DIRECTION('',(4.31406884815996E-17,0.709663375766868,-0.704540909454641));
#2915=DIRECTION('',(0.,-0.704540909454641,-0.709663375766868));
#2916=DIRECTION('',(-4.33325121468961E-18,-0.071281887083794,0.99745621085528));
#2917=DIRECTION('',(0.,0.99745621085528,0.071281887083794));
#2918=DIRECTION('',(-5.90508657003053E-17,-0.26454325146224,0.96437382176508));
#2919=DIRECTION('',(0.,0.96437382176508,0.26454325146224));
#2920=DIRECTION('',(-7.65995153027763E-18,-0.034315982667335,0.999411033225857));
#2921=DIRECTION('',(0.,-0.999411033225857,-0.034315982667335));
#2922=DIRECTION('',(0.,-1.,0.));
#2923=DIRECTION('',(0.,0.,1.));
#2924=DIRECTION('',(0.,-1.,0.));
#2925=DIRECTION('',(0.,0.,1.));
#2926=DIRECTION('',(0.,-1.,0.));
#2927=DIRECTION('',(0.,0.,1.));
#2928=DIRECTION('',(0.642787609686534,-0.766044443118982,0.));
#2929=DIRECTION('',(-0.766044443118982,-0.642787609686534,0.));
#2930=DIRECTION('',(0.642787609686534,-0.766044443118982,0.));
#2931=DIRECTION('',(-0.766044443118982,-0.642787609686534,0.));
#2932=DIRECTION('',(0.642787609686537,-0.76604444311898,0.));
#2933=DIRECTION('',(-0.76604444311898,-0.642787609686537,0.));
#2934=DIRECTION('',(0.652194555830783,-0.758051621820498,0.));
#2935=DIRECTION('',(-0.758051621820498,-0.652194555830783,0.));
#2936=DIRECTION('',(0.717223993468318,-0.658600054344416,0.227674573922715));
#2937=DIRECTION('',(-0.676363192199303,-0.736568280771015,0.));
#2938=DIRECTION('',(0.546283986854021,-0.63493906118132,0.546283986853963));
#2939=DIRECTION('',(-0.75804565484533,-0.652201491235734,0.));
#2940=DIRECTION('',(0.577350269189667,-0.577350269189604,0.577350269189606));
#2941=DIRECTION('',(0.70710678118651,0.,-0.707106781186585));
#2942=DIRECTION('',(-0.577350269189666,0.577350269189605,-0.577350269189606));
#2943=DIRECTION('',(-0.70710678118651,0.,0.707106781186585));
#2944=DIRECTION('',(0.577350269189669,-0.577350269189602,0.577350269189607));
#2945=DIRECTION('',(0.70710678118651,0.,-0.707106781186586));
#2946=DIRECTION('',(1.,1.06251812903579E-13,-1.06251812903579E-13));
#2947=DIRECTION('',(-1.06251812903579E-13,0.,-1.));
#2948=DIRECTION('',(1.,1.06418944224796E-13,-1.06418944224796E-13));
#2949=DIRECTION('',(-1.06418944224796E-13,0.,-1.));
#2950=DIRECTION('',(1.,1.06251812903578E-13,-1.06251812903579E-13));
#2951=DIRECTION('',(-1.06251812903579E-13,0.,-1.));
#2952=DIRECTION('',(0.577350269187882,0.577350269190496,-0.5773502691905));
#2953=DIRECTION('',(0.,-0.70710678118655,-0.707106781186545));
#2954=DIRECTION('',(-0.577350269187886,-0.577350269190496,0.577350269190496));
#2955=DIRECTION('',(0.,0.707106781186548,0.707106781186548));
#2956=DIRECTION('',(0.577350269187889,0.577350269190493,-0.577350269190496));
#2957=DIRECTION('',(0.,-0.707106781186549,-0.707106781186546));
#2958=DIRECTION('',(0.546316189897125,0.634883643913965,-0.546316189899964));
#2959=DIRECTION('',(0.,-0.652256294096238,-0.757998500534033));
#2960=DIRECTION('',(0.717367455383553,0.658508405502116,-0.227487612497002));
#2961=DIRECTION('',(0.676238725949711,-0.736682554107202,0.));
#2962=DIRECTION('',(0.652389555247873,0.757883809170959,0.));
#2963=DIRECTION('',(0.757883809170959,-0.652389555247873,0.));
#2964=DIRECTION('',(0.642787609686546,0.766044443118972,0.));
#2965=DIRECTION('',(0.766044443118972,-0.642787609686546,0.));
#2966=DIRECTION('',(0.642787609686546,0.766044443118972,0.));
#2967=DIRECTION('',(0.766044443118972,-0.642787609686546,0.));
#2968=DIRECTION('',(0.642787609686544,0.766044443118974,0.));
#2969=DIRECTION('',(0.766044443118974,-0.642787609686544,0.));
#2970=DIRECTION('',(0.,1.,0.));
#2971=DIRECTION('',(0.,0.,-1.));
#2972=DIRECTION('',(0.,1.,0.));
#2973=DIRECTION('',(0.,0.,-1.));
#2974=DIRECTION('',(0.,1.,0.));
#2975=DIRECTION('',(0.,0.,-1.));
#2976=DIRECTION('',(-1.,-4.2103689141579E-12,0.));
#2977=DIRECTION('',(-4.2103689141579E-12,1.,0.));
#2978=DIRECTION('',(-1.,-4.20797192699203E-12,0.));
#2979=DIRECTION('',(-4.20797192699203E-12,1.,0.));
#2980=DIRECTION('',(0.,0.,-1.));
#2981=DIRECTION('',(-1.,0.,0.));
#2982=DIRECTION('',(0.,0.,-1.));
#2983=DIRECTION('',(-1.,0.,0.));
#2984=DIRECTION('',(0.,0.,-1.));
#2985=DIRECTION('',(-1.,0.,0.));
#2986=DIRECTION('',(0.,0.,-1.));
#2987=DIRECTION('',(-1.,0.,0.));
#2988=DIRECTION('',(0.,0.,-1.));
#2989=DIRECTION('',(-1.,0.,0.));
#2990=DIRECTION('',(0.,0.,-1.));
#2991=DIRECTION('',(-1.,0.,0.));
#2992=DIRECTION('',(0.,0.,-1.));
#2993=DIRECTION('',(-1.,0.,0.));
#2994=DIRECTION('',(0.,0.,-1.));
#2995=DIRECTION('',(-1.,0.,0.));
#2996=DIRECTION('',(0.,0.,-1.));
#2997=DIRECTION('',(-1.,0.,0.));
#2998=DIRECTION('',(0.,0.,1.));
#2999=DIRECTION('',(1.,0.,0.));
#3000=DIRECTION('',(0.,0.,1.));
#3001=DIRECTION('',(1.,0.,0.));
#3002=DIRECTION('',(0.,0.,1.));
#3003=DIRECTION('',(1.,0.,0.));
#3004=DIRECTION('',(-0.707106781186548,0.,-0.707106781186548));
#3005=DIRECTION('',(0.707106781186548,0.,-0.707106781186548));
#3006=DIRECTION('',(-0.707106781186544,0.,0.707106781186551));
#3007=DIRECTION('',(0.,-1.,0.));
#3008=DIRECTION('',(1.57497566372792E-13,0.707106781186548,0.707106781186548));
#3009=DIRECTION('',(1.57497566372792E-13,0.707106781186548,-0.707106781186548));
#3010=DIRECTION('',(-1.57497566372792E-13,-0.707106781186548,-0.707106781186548));
#3011=DIRECTION('',(-1.,2.22735194405159E-13,0.));
#3012=DIRECTION('',(4.26338900257597E-14,0.707106781186548,-0.707106781186548));
#3013=DIRECTION('',(-4.26338900257596E-14,-0.707106781186548,-0.707106781186548));
#3014=DIRECTION('',(-1.,6.02934254911524E-14,0.));
#3015=DIRECTION('',(-2.97548548461869E-12,0.707106781186548,-0.707106781186548));
#3016=DIRECTION('',(2.97548548461869E-12,-0.707106781186548,-0.707106781186548));
#3017=DIRECTION('',(9.20212437211E-12,0.707106781186549,0.707106781186546));
#3018=DIRECTION('',(-1.,-4.20797192699203E-12,0.));
#3019=DIRECTION('',(0.707106781186548,0.,0.707106781186548));
#3020=DIRECTION('',(0.707106781186548,0.,-0.707106781186548));
#3021=DIRECTION('',(-0.707106781186548,0.,-0.707106781186548));
#3022=DIRECTION('',(0.,1.,0.));
#3023=DIRECTION('',(1.70716893975387E-18,4.70648906350059E-18,1.));
#3024=DIRECTION('',(0.93954087553012,-0.342436772569909,0.));
#3025=DIRECTION('',(0.,0.,-1.));
#3026=DIRECTION('',(-1.,0.,0.));
#3027=DIRECTION('',(0.541675220419698,-0.454519477672049,-0.707106781186548));
#3028=DIRECTION('',(-0.541675220419698,0.454519477672049,-0.707106781186548));
#3029=DIRECTION('',(0.642787609686546,0.766044443118972,0.));
#3030=DIRECTION('',(-0.541675220419705,-0.45451947767204,-0.707106781186548));
#3031=DIRECTION('',(0.541675220419705,0.45451947767204,-0.707106781186548));
#3032=DIRECTION('',(0.642787609686534,-0.766044443118982,0.));
#3033=DIRECTION('',(0.,0.,-1.));
#3034=DIRECTION('',(-1.,0.,0.));
#3035=DIRECTION('',(0.,0.,-1.));
#3036=DIRECTION('',(-1.,0.,0.));
#3037=DIRECTION('',(0.,0.,-1.));
#3038=DIRECTION('',(-1.,0.,0.));
#3039=DIRECTION('',(0.,0.,-1.));
#3040=DIRECTION('',(-1.,0.,0.));
#3041=DIRECTION('',(0.,0.,-1.));
#3042=DIRECTION('',(-1.,0.,0.));
#3043=DIRECTION('',(0.,0.,-1.));
#3044=DIRECTION('',(-1.,0.,0.));
#3045=DIRECTION('',(2.69108008792004E-18,-7.41826459861265E-18,1.));
#3046=DIRECTION('',(-0.939528825142765,-0.342469833307777,0.));
#3047=DIRECTION('',(0.,0.,-1.));
#3048=DIRECTION('',(-1.,0.,0.));
#3049=DIRECTION('',(0.,0.,-1.));
#3050=DIRECTION('',(-1.,0.,0.));
#3051=DIRECTION('',(-1.,2.4147944444259E-14,5.88103188191851E-27));
#3052=DIRECTION('',(2.4147944444259E-14,1.,0.));
#3053=DIRECTION('',(2.4147944444259E-14,1.,2.43270045569803E-13));
#3054=DIRECTION('',(-5.72532410834869E-15,-0.237093642548758,0.971486801075013));
#3055=DIRECTION('',(-1.,2.4147944444259E-14,5.88103188191851E-27));
#3056=DIRECTION('',(2.4147944444259E-14,1.,0.));
#3057=DIRECTION('',(2.4147944444259E-14,1.,0.));
#3058=DIRECTION('',(6.56033654657135E-30,-2.43270045569803E-13,1.));
#3059=DIRECTION('',(-1.,2.4147944444259E-14,5.88103188191851E-27));
#3060=DIRECTION('',(2.4147944444259E-14,1.,0.));
#3061=DIRECTION('',(-1.,2.4147944444259E-14,5.88103188191851E-27));
#3062=DIRECTION('',(2.4147944444259E-14,1.,0.));
#3063=DIRECTION('',(-5.72532410834869E-15,-0.237093642548758,0.971486801075013));
#3064=DIRECTION('',(2.4147944444259E-14,1.,2.43270045569803E-13));
#3065=DIRECTION('',(6.56033654657135E-30,-2.43270045569803E-13,1.));
#3066=DIRECTION('',(2.4147944444259E-14,1.,0.));
#3067=DIRECTION('',(2.4147944444259E-14,1.,2.43270045569803E-13));
#3068=DIRECTION('',(1.,-2.4147944444259E-14,-5.87447154537194E-27));
#3069=DIRECTION('',(2.4147944444259E-14,1.,2.43270045569803E-13));
#3070=DIRECTION('',(0.,2.43270045569803E-13,-1.));
#3071=DIRECTION('',(2.4147944444259E-14,1.,2.43270045569803E-13));
#3072=DIRECTION('',(0.,2.43270045569803E-13,-1.));
#3073=DIRECTION('',(1.,-2.4147944444259E-14,0.));
#3074=DIRECTION('',(6.56033654657135E-30,-2.43270045569803E-13,1.));
#3075=DIRECTION('',(2.4147944444259E-14,1.,2.43270045569803E-13));
#3076=DIRECTION('',(0.,2.43270045569803E-13,-1.));
#3077=DIRECTION('',(6.56033654657135E-30,-2.43270045569803E-13,1.));
#3078=DIRECTION('',(1.,-2.4147944444259E-14,0.));
#3079=DIRECTION('',(2.4147944444259E-14,1.,2.43270045569803E-13));
#3080=DIRECTION('',(0.,2.43270045569803E-13,-1.));
#3081=DIRECTION('',(2.4147944444259E-14,1.,2.43270045569803E-13));
#3082=DIRECTION('',(0.,2.43270045569803E-13,-1.));
#3083=DIRECTION('',(-6.06807260091624E-14,-0.967746452136764,-0.251926188350291));
#3084=DIRECTION('',(-1.3709975329406E-13,0.251926188350291,-0.967746452136764));
#3085=DIRECTION('',(2.4147944444259E-14,1.,2.43270045569803E-13));
#3086=DIRECTION('',(0.,2.43270045569803E-13,-1.));
#3087=DIRECTION('',(-1.,2.4147944444259E-14,5.88103188191851E-27));
#3088=DIRECTION('',(2.4147944444259E-14,1.,0.));
#3089=DIRECTION('',(2.4147944444259E-14,1.,2.43270045569803E-13));
#3090=DIRECTION('',(-5.72532410834869E-15,-0.237093642548758,0.971486801075013));
#3091=DIRECTION('',(-1.,2.4147944444259E-14,5.88103188191851E-27));
#3092=DIRECTION('',(2.4147944444259E-14,1.,0.));
#3093=DIRECTION('',(2.4147944444259E-14,1.,0.));
#3094=DIRECTION('',(6.56033654657135E-30,-2.43270045569803E-13,1.));
#3095=DIRECTION('',(-1.,2.41479444442331E-14,1.06436750934518E-13));
#3096=DIRECTION('',(1.06436750934518E-13,0.,1.));
#3097=DIRECTION('',(-1.,2.41479444442331E-14,1.06436750934518E-13));
#3098=DIRECTION('',(1.06436750934518E-13,0.,1.));
#3099=DIRECTION('',(9.76765745738441E-14,-0.237093642548758,0.971486801075013));
#3100=DIRECTION('',(2.4147944444259E-14,1.,2.43270045569803E-13));
#3101=DIRECTION('',(1.06436750934512E-13,-2.43270045569805E-13,1.));
#3102=DIRECTION('',(2.41479444442331E-14,1.,0.));
#3103=DIRECTION('',(2.4147944444259E-14,1.,2.43270045569803E-13));
#3104=DIRECTION('',(1.,-2.4147944444259E-14,-5.87447154537194E-27));
#3105=DIRECTION('',(1.,-2.4147944444259E-14,0.));
#3106=DIRECTION('',(2.4147944444259E-14,1.,2.43270045569803E-13));
#3107=DIRECTION('',(0.,2.43270045569803E-13,-1.));
#3108=DIRECTION('',(2.4147944444259E-14,1.,2.43270045569803E-13));
#3109=DIRECTION('',(0.,2.43270045569803E-13,-1.));
#3110=DIRECTION('',(2.4147944444259E-14,1.,2.43270045569803E-13));
#3111=DIRECTION('',(0.,2.43270045569803E-13,-1.));
#3112=DIRECTION('',(1.,-2.4147944444259E-14,0.));
#3113=DIRECTION('',(1.06436750934512E-13,-2.43270045569805E-13,1.));
#3114=DIRECTION('',(2.4147944444259E-14,1.,2.43270045569803E-13));
#3115=DIRECTION('',(0.,2.43270045569803E-13,-1.));
#3116=DIRECTION('',(6.56033654657135E-30,-2.43270045569803E-13,1.));
#3117=DIRECTION('',(2.4147944444259E-14,1.,2.43270045569803E-13));
#3118=DIRECTION('',(0.,2.43270045569803E-13,-1.));
#3119=DIRECTION('',(-6.06807260091624E-14,-0.967746452136764,-0.251926188350291));
#3120=DIRECTION('',(-1.3709975329406E-13,0.251926188350291,-0.967746452136764));
#3121=DIRECTION('',(2.4147944444259E-14,1.,2.43270045569803E-13));
#3122=DIRECTION('',(0.,2.43270045569803E-13,-1.));
#3123=DIRECTION('',(2.4147944444259E-14,1.,2.43270045569803E-13));
#3124=DIRECTION('',(0.,2.43270045569803E-13,-1.));
#3125=DIRECTION('',(2.4147944444259E-14,1.,2.43270045569803E-13));
#3126=DIRECTION('',(0.,2.43270045569803E-13,-1.));
#3127=DIRECTION('',(9.00506116061805E-14,-1.,0.));
#3128=DIRECTION('',(-1.,-9.00506116061805E-14,0.));
#3129=DIRECTION('',(-0.915033930803755,-7.30409884621815E-14,0.403376877718382));
#3130=DIRECTION('',(0.403376877718382,0.,0.915033930803755));
#3131=DIRECTION('',(-0.393137290551511,-0.223886020166136,-0.891806100423172));
#3132=DIRECTION('',(-0.915033930803762,0.,0.403376877718365));
#3133=DIRECTION('',(-0.325533176224289,-0.590524213024571,0.738450611083122));
#3134=DIRECTION('',(0.,0.780990690691274,0.624542665518991));
#3135=DIRECTION('',(0.915033930803989,-1.1686558153949E-13,0.403376877717849));
#3136=DIRECTION('',(0.403376877717849,0.,-0.915033930803989));
#3137=DIRECTION('',(4.74972026596343E-12,1.,-1.04733929861507E-11));
#3138=DIRECTION('',(0.,-1.04733929861507E-11,-1.));
#3139=DIRECTION('',(2.4147944444259E-14,1.,2.43270045569803E-13));
#3140=DIRECTION('',(0.,2.43270045569803E-13,-1.));
#3141=DIRECTION('',(2.4147944444259E-14,1.,2.43270045569803E-13));
#3142=DIRECTION('',(0.,2.43270045569803E-13,-1.));
#3143=DIRECTION('',(2.4147944444259E-14,1.,2.43270045569803E-13));
#3144=DIRECTION('',(0.,2.43270045569803E-13,-1.));
#3145=DIRECTION('',(2.4147944444259E-14,1.,2.43270045569803E-13));
#3146=DIRECTION('',(0.,2.43270045569803E-13,-1.));
#3147=DIRECTION('',(2.4147944444259E-14,1.,2.43270045569803E-13));
#3148=DIRECTION('',(0.,2.43270045569803E-13,-1.));
#3149=DIRECTION('',(2.4147944444259E-14,1.,2.43270045569803E-13));
#3150=DIRECTION('',(0.,2.43270045569803E-13,-1.));
#3151=DIRECTION('',(-1.37445670346156E-13,-1.,0.));
#3152=DIRECTION('',(-1.,1.37445670346156E-13,0.));
#3153=DIRECTION('',(0.915033930804556,-1.16865581539489E-13,0.403376877716562));
#3154=DIRECTION('',(0.403376877716562,0.,-0.915033930804556));
#3155=DIRECTION('',(0.393137290549934,-0.223886020163925,-0.891806100424422));
#3156=DIRECTION('',(-0.915033930804567,0.,-0.403376877716537));
#3157=DIRECTION('',(0.325533176223106,-0.590524213023546,0.738450611084464));
#3158=DIRECTION('',(0.,0.780990690692357,0.624542665517638));
#3159=DIRECTION('',(-0.915033930804787,-7.30409884621821E-14,0.403376877716039));
#3160=DIRECTION('',(0.403376877716039,0.,0.915033930804787));
#3161=DIRECTION('',(-4.76915843138717E-12,1.,-1.0603497246848E-11));
#3162=DIRECTION('',(0.,-1.0603497246848E-11,-1.));
#3163=DIRECTION('',(2.4147944444259E-14,1.,2.43270045569803E-13));
#3164=DIRECTION('',(0.,2.43270045569803E-13,-1.));
#3165=DIRECTION('',(-1.,2.4147944444259E-14,0.));
#3166=DIRECTION('',(2.4147944444259E-14,1.,0.));
#3167=DIRECTION('',(-1.,1.73472347597682E-14,0.));
#3168=DIRECTION('',(1.73472347597682E-14,1.,0.));
#3169=DIRECTION('',(1.,-1.73472347597681E-14,0.));
#3170=DIRECTION('',(-1.73472347597681E-14,-1.,0.));
#3171=DIRECTION('',(-2.4147944444259E-14,-1.,0.));
#3172=DIRECTION('',(-1.,2.4147944444259E-14,0.));
#3173=DIRECTION('',(-2.60208521396523E-14,-1.,0.));
#3174=DIRECTION('',(-1.,2.60208521396523E-14,0.));
#3175=DIRECTION('',(2.60208521396523E-14,1.,0.));
#3176=DIRECTION('',(1.,-2.60208521396523E-14,0.));
#3177=DIRECTION('',(0.,0.,-1.));
#3178=DIRECTION('',(-1.,0.,0.));
#3179=DIRECTION('',(0.,0.,-1.));
#3180=DIRECTION('',(-1.,0.,0.));
#3181=DIRECTION('',(2.4147944444259E-14,1.,2.43270045569803E-13));
#3182=DIRECTION('',(0.,2.43270045569803E-13,-1.));
#3183=DIRECTION('',(0.403376877728134,2.12199698063685E-13,-0.915033930799455));
#3184=DIRECTION('',(-0.915033930799455,0.,-0.403376877728134));
#3185=DIRECTION('',(-1.,2.4147944444259E-14,5.88103188191851E-27));
#3186=DIRECTION('',(2.4147944444259E-14,1.,0.));
#3187=DIRECTION('',(6.16937861601279E-15,0.237093642548758,-0.971486801075013));
#3188=DIRECTION('',(0.,-0.971486801075013,-0.237093642548758));
#3189=DIRECTION('',(-6.56033654657135E-30,2.43270045569803E-13,-1.));
#3190=DIRECTION('',(0.,-1.,-2.43270045569803E-13));
#3191=DIRECTION('',(-7.37270056835745E-27,-2.42861286636753E-13,1.));
#3192=DIRECTION('',(0.,1.,2.42861286636753E-13));
#3193=DIRECTION('',(2.4147944444259E-14,1.,2.43270045569803E-13));
#3194=DIRECTION('',(0.,2.43270045569803E-13,-1.));
#3195=DIRECTION('',(0.403376877728133,-2.3225293743679E-13,0.915033930799456));
#3196=DIRECTION('',(0.915033930799456,0.,-0.403376877728133));
#3197=DIRECTION('',(-5.72532410834869E-15,-0.237093642548758,0.971486801075013));
#3198=DIRECTION('',(0.,0.971486801075013,0.237093642548758));
#3199=DIRECTION('',(6.16937861601279E-15,0.237093642548758,-0.971486801075013));
#3200=DIRECTION('',(0.,-0.971486801075013,-0.237093642548758));
#3201=DIRECTION('',(2.4147944444259E-14,1.,2.43270045569803E-13));
#3202=DIRECTION('',(0.,2.43270045569803E-13,-1.));
#3203=DIRECTION('',(5.26621469168389E-27,2.42861286636753E-13,-1.));
#3204=DIRECTION('',(0.,-1.,-2.42861286636753E-13));
#3205=DIRECTION('',(2.4147944444259E-14,1.,2.43270045569803E-13));
#3206=DIRECTION('',(0.,2.43270045569803E-13,-1.));
#3207=DIRECTION('',(-1.,1.73472347597702E-14,-8.67361737987982E-15));
#3208=DIRECTION('',(1.73472347597702E-14,1.,0.));
#3209=DIRECTION('',(-6.16937861601274E-15,-0.237093642548758,0.971486801075013));
#3210=DIRECTION('',(0.,0.971486801075013,0.237093642548758));
#3211=DIRECTION('',(6.56033654657135E-30,-2.43270045569803E-13,1.));
#3212=DIRECTION('',(0.,1.,2.43270045569803E-13));
#3213=DIRECTION('',(0.,0.,-1.));
#3214=DIRECTION('',(-1.,0.,0.));
#3215=DIRECTION('',(-1.,2.4147944444259E-14,0.));
#3216=DIRECTION('',(2.4147944444259E-14,1.,0.));
#3217=DIRECTION('',(-1.,2.60208521396522E-14,0.));
#3218=DIRECTION('',(2.60208521396522E-14,1.,0.));
#3219=DIRECTION('',(5.72532410834869E-15,0.237093642548758,-0.971486801075013));
#3220=DIRECTION('',(0.,-0.971486801075013,-0.237093642548758));
#3221=DIRECTION('',(-6.16937861601258E-15,-0.237093642548751,0.971486801075015));
#3222=DIRECTION('',(0.,0.971486801075015,0.237093642548751));
#3223=DIRECTION('',(0.,0.,-1.));
#3224=DIRECTION('',(-1.,0.,0.));
#3225=DIRECTION('',(-2.6020852139652E-14,-1.,-2.25694915357878E-28));
#3226=DIRECTION('',(-1.,2.6020852139652E-14,0.));
#3227=DIRECTION('',(-1.,2.4147944444259E-14,5.88103188191851E-27));
#3228=DIRECTION('',(2.4147944444259E-14,1.,0.));
#3229=DIRECTION('',(-2.6020852139652E-14,-1.,-4.51389830715757E-28));
#3230=DIRECTION('',(-1.,2.6020852139652E-14,0.));
#3231=DIRECTION('',(2.4147944444259E-14,1.,0.));
#3232=DIRECTION('',(1.,-2.4147944444259E-14,0.));
#3233=DIRECTION('',(-1.,2.4147944444259E-14,0.));
#3234=DIRECTION('',(2.4147944444259E-14,1.,0.));
#3235=DIRECTION('',(-1.,2.60208521396523E-14,0.));
#3236=DIRECTION('',(2.60208521396523E-14,1.,0.));
#3237=DIRECTION('',(1.,-2.60208521396522E-14,0.));
#3238=DIRECTION('',(-2.60208521396522E-14,-1.,0.));
#3239=DIRECTION('',(-2.41479444442331E-14,-1.,0.));
#3240=DIRECTION('',(-1.,2.41479444442331E-14,0.));
#3241=DIRECTION('',(-2.6020852139652E-14,-1.,0.));
#3242=DIRECTION('',(-1.,2.6020852139652E-14,0.));
#3243=DIRECTION('',(2.6020852139652E-14,1.,0.));
#3244=DIRECTION('',(1.,-2.6020852139652E-14,0.));
#3245=DIRECTION('',(0.,0.,-1.));
#3246=DIRECTION('',(-1.,0.,0.));
#3247=DIRECTION('',(0.,0.,-1.));
#3248=DIRECTION('',(-1.,0.,0.));
#3249=DIRECTION('',(2.4147944444259E-14,1.,2.43270045569803E-13));
#3250=DIRECTION('',(0.,2.43270045569803E-13,-1.));
#3251=DIRECTION('',(0.403376877726321,2.1522884435585E-13,-0.915033930800255));
#3252=DIRECTION('',(-0.915033930800255,0.,-0.403376877726321));
#3253=DIRECTION('',(-1.,2.41479444442331E-14,1.06436750934518E-13));
#3254=DIRECTION('',(1.06436750934518E-13,0.,1.));
#3255=DIRECTION('',(-9.70528552101061E-14,0.237093642548758,-0.971486801075013));
#3256=DIRECTION('',(0.,-0.971486801075013,-0.237093642548758));
#3257=DIRECTION('',(-1.06436750934512E-13,2.43270045569805E-13,-1.));
#3258=DIRECTION('',(0.,-1.,-2.43270045569805E-13));
#3259=DIRECTION('',(1.06251812903572E-13,-2.42861286636756E-13,1.));
#3260=DIRECTION('',(0.,1.,2.42861286636756E-13));
#3261=DIRECTION('',(2.4147944444259E-14,1.,2.43270045569803E-13));
#3262=DIRECTION('',(0.,2.43270045569803E-13,-1.));
#3263=DIRECTION('',(0.403376877726324,-2.2723962759369E-13,0.915033930800253));
#3264=DIRECTION('',(0.915033930800253,0.,-0.403376877726324));
#3265=DIRECTION('',(9.76765745738441E-14,-0.237093642548758,0.971486801075013));
#3266=DIRECTION('',(0.,0.971486801075013,0.237093642548758));
#3267=DIRECTION('',(-9.70528552101008E-14,0.23709364254886,-0.971486801074988));
#3268=DIRECTION('',(0.,-0.971486801074988,-0.23709364254886));
#3269=DIRECTION('',(2.4147944444259E-14,1.,2.43270045569803E-13));
#3270=DIRECTION('',(0.,2.43270045569803E-13,-1.));
#3271=DIRECTION('',(5.26621469168389E-27,2.42861286636753E-13,-1.));
#3272=DIRECTION('',(0.,-1.,-2.42861286636753E-13));
#3273=DIRECTION('',(2.4147944444259E-14,1.,2.43270045569803E-13));
#3274=DIRECTION('',(0.,2.43270045569803E-13,-1.));
#3275=DIRECTION('',(-1.,1.73472347597677E-14,4.21297175334698E-27));
#3276=DIRECTION('',(1.73472347597677E-14,1.,0.));
#3277=DIRECTION('',(-6.16937861601279E-15,-0.237093642548758,0.971486801075013));
#3278=DIRECTION('',(0.,0.971486801075013,0.237093642548758));
#3279=DIRECTION('',(6.56033654657135E-30,-2.43270045569803E-13,1.));
#3280=DIRECTION('',(0.,1.,2.43270045569803E-13));
#3281=DIRECTION('',(0.,0.,-1.));
#3282=DIRECTION('',(-1.,0.,0.));
#3283=DIRECTION('',(-1.,2.4147944444259E-14,0.));
#3284=DIRECTION('',(2.4147944444259E-14,1.,0.));
#3285=DIRECTION('',(-1.,1.73472347597681E-14,0.));
#3286=DIRECTION('',(1.73472347597681E-14,1.,0.));
#3287=DIRECTION('',(5.72532410834869E-15,0.237093642548758,-0.971486801075013));
#3288=DIRECTION('',(0.,-0.971486801075013,-0.237093642548758));
#3289=DIRECTION('',(-6.16937861601263E-15,-0.237093642548751,0.971486801075015));
#3290=DIRECTION('',(0.,0.971486801075015,0.237093642548751));
#3291=DIRECTION('',(0.,0.,-1.));
#3292=DIRECTION('',(-1.,0.,0.));
#3293=DIRECTION('',(-2.60208521396523E-14,-1.,-4.51389830715761E-28));
#3294=DIRECTION('',(-1.,2.60208521396523E-14,0.));
#3295=DIRECTION('',(-1.,2.4147944444259E-14,5.88103188191851E-27));
#3296=DIRECTION('',(2.4147944444259E-14,1.,0.));
#3297=DIRECTION('',(-2.60208521396523E-14,-1.,1.35416949214728E-27));
#3298=DIRECTION('',(-1.,2.60208521396523E-14,0.));
#3299=DIRECTION('',(2.4147944444259E-14,1.,0.));
#3300=DIRECTION('',(1.,-2.4147944444259E-14,0.));
#3301=CARTESIAN_POINT('',(0.,0.,0.));
#3302=CARTESIAN_POINT('',(-4.99552056119747,-5.48181172713489,7.3));
#3303=CARTESIAN_POINT('',(0.,0.,7.3));
#3304=CARTESIAN_POINT('',(-2.6,0.,7.3));
#3305=CARTESIAN_POINT('',(13.3966873944024,7.14999785589366,7.3));
#3306=CARTESIAN_POINT('',(12.9966873944024,7.14999785589367,7.3));
#3307=CARTESIAN_POINT('',(13.3966873944024,6.74999785589366,7.3));
#3308=CARTESIAN_POINT('',(12.9966873944021,-5.48181172713532,7.3));
#3309=CARTESIAN_POINT('',(12.9966873944026,12.8278508040381,7.3));
#3310=CARTESIAN_POINT('',(-4.99552056119637,12.8278508040392,7.3));
#3311=CARTESIAN_POINT('',(-13.003313063625,12.8278508040397,7.3));
#3312=CARTESIAN_POINT('',(-13.0033130636252,6.94999785589425,7.3));
#3313=CARTESIAN_POINT('',(-13.0033130636252,7.14999785589429,7.3));
#3314=CARTESIAN_POINT('',(-13.4033130636252,7.1499978558943,7.3));
#3315=CARTESIAN_POINT('',(-13.4033130636252,6.74999785589431,7.3));
#3316=CARTESIAN_POINT('',(-14.4647485951048,6.74999785589433,7.3));
#3317=CARTESIAN_POINT('',(-14.4647485951048,6.74999785589428,7.3));
#3318=CARTESIAN_POINT('',(-14.4647485951051,-5.48181172713466,7.3));
#3319=CARTESIAN_POINT('',(-14.4647485951053,-15.2641675392171,7.3));
#3320=CARTESIAN_POINT('',(-15.369161597383,-14.1863300945636,7.3));
#3321=CARTESIAN_POINT('',(-13.4658822194973,-16.4545701308695,7.3));
#3322=CARTESIAN_POINT('',(-11.779344206688,-14.3572270928808,7.3));
#3323=CARTESIAN_POINT('',(-13.4190023748755,-16.5097450365049,7.3));
#3324=CARTESIAN_POINT('',(-5.01262512191693,-21.7127416999152,7.3));
#3325=CARTESIAN_POINT('',(-9.25526580903665,-13.2274603256766,7.3));
#3326=CARTESIAN_POINT('',(10.1339454654197,-13.2274603256767,7.3));
#3327=CARTESIAN_POINT('',(9.25526580897481,-13.2274603256767,7.3));
#3328=CARTESIAN_POINT('',(5.01262512189165,-21.712741699895,7.3));
#3329=CARTESIAN_POINT('',(13.4191984591731,-16.5108842808919,7.3));
#3330=CARTESIAN_POINT('',(11.7805207022122,-14.3572270928808,7.3));
#3331=CARTESIAN_POINT('',(13.4670587150215,-16.4545701308695,7.3));
#3332=CARTESIAN_POINT('',(24.6947215580964,-3.07396260119873,7.3));
#3333=CARTESIAN_POINT('',(14.4581229258829,-15.2734657970839,7.3));
#3334=CARTESIAN_POINT('',(14.4581229258832,-5.48181172713536,7.3));
#3335=CARTESIAN_POINT('',(14.4581229258835,6.74999785589358,7.3));
#3336=CARTESIAN_POINT('',(13.1966873944024,6.74999785589366,7.3));
#3337=CARTESIAN_POINT('',(134.806046488775,12.8278508040308,6.3));
#3338=CARTESIAN_POINT('',(12.9966873944026,12.8278508040381,6.3));
#3339=CARTESIAN_POINT('',(12.9966873944026,13.7993376051131,6.53709364254876));
#3340=CARTESIAN_POINT('',(134.806046488775,13.7993376051058,6.53709364254876));
#3341=CARTESIAN_POINT('',(-13.0033130636251,13.7993376051147,6.53709364254876));
#3342=CARTESIAN_POINT('',(-13.0033130636252,12.8278508040397,6.3));
#3343=CARTESIAN_POINT('',(-4.99552056119747,-5.48181172713489,7.3));
#3344=CARTESIAN_POINT('',(-4.99552056119637,12.8278508040392,7.3));
#3345=CARTESIAN_POINT('',(19.3966873944026,12.8278508040377,7.3));
#3346=CARTESIAN_POINT('',(21.1712969904914,12.8278508040376,7.3));
#3347=CARTESIAN_POINT('',(19.3966873944025,6.94999785589346,7.3));
#3348=CARTESIAN_POINT('',(19.3966873944025,7.14999785589351,7.3));
#3349=CARTESIAN_POINT('',(18.9966873944024,7.14999785589352,7.3));
#3350=CARTESIAN_POINT('',(18.9966873944024,6.74999785589352,7.3));
#3351=CARTESIAN_POINT('',(17.9352518629214,6.74999785589355,7.3));
#3352=CARTESIAN_POINT('',(17.9352518629214,6.74999785589349,7.3));
#3353=CARTESIAN_POINT('',(17.9352518629211,-5.48181172713544,7.3));
#3354=CARTESIAN_POINT('',(17.9352518629213,1.40055819854393,7.3));
#3355=CARTESIAN_POINT('',(19.5,-1.31649530908342E-15,7.3));
#3356=CARTESIAN_POINT('',(17.9352518629212,-1.40055819854385,7.3));
#3357=CARTESIAN_POINT('',(17.9352518629211,-5.48181172713544,7.3));
#3358=CARTESIAN_POINT('',(17.9352518629296,-11.1295848944453,7.3));
#3359=CARTESIAN_POINT('',(24.6947215580964,-3.07396260119873,7.3));
#3360=CARTESIAN_POINT('',(24.7581334422717,-2.99839126041958,7.3));
#3361=CARTESIAN_POINT('',(22.7966765247595,-1.22868381478272,7.3));
#3362=CARTESIAN_POINT('',(25.3966765247595,-1.22868381478272,7.3));
#3363=CARTESIAN_POINT('',(25.3966765247595,-5.48181172713489,7.3));
#3364=CARTESIAN_POINT('',(25.3966765247595,3.98381300845068,7.3));
#3365=CARTESIAN_POINT('',(22.7966765247595,3.98381300845068,7.3));
#3366=CARTESIAN_POINT('',(22.7966765247518,7.67415939587701,7.3));
#3367=CARTESIAN_POINT('',(-4.99552056125283,7.67415939576007,7.3));
#3368=CARTESIAN_POINT('',(22.5041419662564,7.67415939587578,7.3));
#3369=CARTESIAN_POINT('',(22.8867829614912,6.19460727585478,7.3));
#3370=CARTESIAN_POINT('',(134.806046488775,12.8278508040308,6.3));
#3371=CARTESIAN_POINT('',(134.806046488775,13.7993376051058,6.53709364254876));
#3372=CARTESIAN_POINT('',(21.1712969904915,13.7993376051126,6.53709364254876));
#3373=CARTESIAN_POINT('',(19.3966873944026,13.7993376051127,6.53709364254876));
#3374=CARTESIAN_POINT('',(19.3966873944026,12.8278508040377,6.3));
#3375=CARTESIAN_POINT('',(21.1712969904914,12.8278508040376,6.3));
#3376=CARTESIAN_POINT('',(-16.2033130636277,-91.4579787467635,6.13358393231999));
#3377=CARTESIAN_POINT('',(-14.8307621674273,-91.4579787467637,6.73864924890947));
#3378=CARTESIAN_POINT('',(-14.8307621674254,-15.2641675392268,6.73864924892801));
#3379=CARTESIAN_POINT('',(-14.8307621674249,6.74999785589443,6.73864924893336));
#3380=CARTESIAN_POINT('',(-16.2033130636252,6.74999785589464,6.13358393234388));
#3381=CARTESIAN_POINT('',(-17.5758639598257,6.74999785589451,6.73864924893336));
#3382=CARTESIAN_POINT('',(-17.5758639598281,-91.4579787467636,6.73864924890947));
#3383=CARTESIAN_POINT('',(-17.5758639598258,1.69830640922054,6.73864924893213));
#3384=CARTESIAN_POINT('',(-17.5758639598259,-1.69830640922053,6.73864924893131));
#3385=CARTESIAN_POINT('',(-17.7213118458564,-1.69180919969305,6.40871028061146));
#3386=CARTESIAN_POINT('',(-17.7668893127177,-1.68645815301701,5.63731241098468));
#3387=CARTESIAN_POINT('',(-17.1522975798781,-1.72159128429291,4.87842979187037));
#3388=CARTESIAN_POINT('',(-16.5108776559156,-1.41888039510585,4.64136103393599));
#3389=CARTESIAN_POINT('',(-15.9792700919224,-0.903824395012216,4.62058202911328));
#3390=CARTESIAN_POINT('',(-15.6810588195353,-0.002777398275177,4.73398516811583));
#3391=CARTESIAN_POINT('',(-15.9775632339746,0.899259440759659,4.62156708495027));
#3392=CARTESIAN_POINT('',(-16.502459257761,1.4127188625011,4.64011427339032));
#3393=CARTESIAN_POINT('',(-17.144754578472,1.72102076411605,4.87198035535106));
#3394=CARTESIAN_POINT('',(-17.7671496362235,1.68683578668667,5.63567254869606));
#3395=CARTESIAN_POINT('',(-17.7228532200213,1.69174034595319,6.40521377464256));
#3396=CARTESIAN_POINT('',(-17.5758639598258,1.69830640922054,6.73864924893212));
#3397=CARTESIAN_POINT('',(-17.5758639598258,-1.69830640922053,6.73864924893131));
#3398=CARTESIAN_POINT('',(-17.5758639598281,-91.4579787467636,6.73864924890947));
#3399=CARTESIAN_POINT('',(-17.5758639598329,-11.1202866365749,6.7386492489136));
#3400=CARTESIAN_POINT('',(-16.2033130636257,-12.981986832581,6.13358393233908));
#3401=CARTESIAN_POINT('',(16.1966873944,-91.4579787467643,6.13358393231655));
#3402=CARTESIAN_POINT('',(17.5692382905993,-91.4579787467645,6.73864924890875));
#3403=CARTESIAN_POINT('',(17.569238290608,-11.1295848944453,6.73864924891286));
#3404=CARTESIAN_POINT('',(17.5692382906016,6.74999785589365,6.73864924893264));
#3405=CARTESIAN_POINT('',(16.1966873944024,6.74999785589385,6.13358393234044));
#3406=CARTESIAN_POINT('',(14.8241364982032,6.74999785589371,6.73864924893264));
#3407=CARTESIAN_POINT('',(14.8241364982009,-91.4579787467644,6.73864924890875));
#3408=CARTESIAN_POINT('',(14.8241364982027,-15.2734657970936,6.73864924892728));
#3409=CARTESIAN_POINT('',(16.1966873944019,-12.9912850904487,6.13358393233563));
#3410=CARTESIAN_POINT('',(-4.99552056119747,-5.48181172713489,7.3));
#3411=CARTESIAN_POINT('',(-19.0033130636252,7.14999785589444,7.3));
#3412=CARTESIAN_POINT('',(-19.4033130636252,7.14999785589445,7.3));
#3413=CARTESIAN_POINT('',(-19.0033130636252,6.74999785589444,7.3));
#3414=CARTESIAN_POINT('',(-19.4033130636255,-5.48181172713454,7.3));
#3415=CARTESIAN_POINT('',(-19.4033130636251,12.8278508040401,7.3));
#3416=CARTESIAN_POINT('',(-4.99552056119637,12.8278508040392,7.3));
#3417=CARTESIAN_POINT('',(-21.1712969906377,12.8278508040402,7.3));
#3418=CARTESIAN_POINT('',(-22.8867829616333,6.19460727575863,7.3000000000049));
#3419=CARTESIAN_POINT('',(-22.507753171964,7.66019600214283,7.3));
#3420=CARTESIAN_POINT('',(-22.28178927056,3.98381300835969,7.3));
#3421=CARTESIAN_POINT('',(-24.88178927056,3.98381300835969,7.3));
#3422=CARTESIAN_POINT('',(-24.88178927056,-1.95062689107042,7.3));
#3423=CARTESIAN_POINT('',(-24.88178927056,-1.84090045698782,7.3));
#3424=CARTESIAN_POINT('',(-22.28178927056,-1.84090045698782,7.3));
#3425=CARTESIAN_POINT('',(-24.2432461880723,-3.61060790262465,7.3));
#3426=CARTESIAN_POINT('',(-15.369161597383,-14.1863300945636,7.3));
#3427=CARTESIAN_POINT('',(-17.9418775321548,-11.120286636575,7.3));
#3428=CARTESIAN_POINT('',(-17.9418775321461,-5.48181172713457,7.3));
#3429=CARTESIAN_POINT('',(-17.941877532146,-2.05298422950216,7.3));
#3430=CARTESIAN_POINT('',(-17.5,2.11251572852918E-15,7.3));
#3431=CARTESIAN_POINT('',(-17.9418775321458,2.05298422950218,7.3));
#3432=CARTESIAN_POINT('',(-17.9418775321461,-5.48181172713457,7.3));
#3433=CARTESIAN_POINT('',(-17.9418775321457,6.74999785589436,7.3));
#3434=CARTESIAN_POINT('',(-19.2033130636253,6.74999785589445,7.3));
#3435=CARTESIAN_POINT('',(134.806046488775,12.8278508040308,6.3));
#3436=CARTESIAN_POINT('',(-19.4033130636251,12.8278508040401,6.3));
#3437=CARTESIAN_POINT('',(-19.4033130636251,13.7993376051151,6.53709364254876));
#3438=CARTESIAN_POINT('',(134.806046488775,13.7993376051058,6.53709364254876));
#3439=CARTESIAN_POINT('',(-21.1712969906377,13.7993376051146,6.53709364255088));
#3440=CARTESIAN_POINT('',(-21.1712969906377,12.8278508040402,6.3));
#3441=CARTESIAN_POINT('',(-15.369161597383,-14.1863300945636,6.9));
#3442=CARTESIAN_POINT('',(-21.6337363964849,-7.33333612615385,6.83054072893323));
#3443=CARTESIAN_POINT('',(-18.243640134849,-11.3734955251988,6.83054072893323));
#3444=CARTESIAN_POINT('',(-24.5450087907665,-3.86381679124845,6.83054072893323));
#3445=CARTESIAN_POINT('',(-17.9418775321548,-11.120286636575,6.9));
#3446=CARTESIAN_POINT('',(-24.2432461880723,-3.61060790262465,6.9));
#3447=CARTESIAN_POINT('',(21.5414554347983,-6.83187883204481,6.9));
#3448=CARTESIAN_POINT('',(13.4271539137764,-17.1149623756104,6.83054072893323));
#3449=CARTESIAN_POINT('',(14.759885528569,-15.5266746857175,6.83054072893323));
#3450=CARTESIAN_POINT('',(13.7688213177157,-16.7077790194933,6.83054072893323));
#3451=CARTESIAN_POINT('',(14.4581229258748,-15.2734657970936,6.9));
#3452=CARTESIAN_POINT('',(13.4670587150215,-16.4545701308695,6.9));
#3453=CARTESIAN_POINT('',(-10.1265107360818,10.6266926752876,4.5324261060796));
#3454=CARTESIAN_POINT('',(-4.99552056119296,14.7891641814729,0.4));
#3455=CARTESIAN_POINT('',(-21.6551430696091,14.7891641814766,0.4));
#3456=CARTESIAN_POINT('',(-22.2817892705595,14.7891641814767,0.4));
#3457=CARTESIAN_POINT('',(-22.2817892705595,7.83899673615194,7.29999999999967));
#3458=CARTESIAN_POINT('',(-22.2817892705595,12.527828954053,2.64501253990926));
#3459=CARTESIAN_POINT('',(-23.5122078576451,7.77018810599991,7.36831195820584));
#3460=CARTESIAN_POINT('',(-21.789468764028,14.4314771732793,0.755105164872148));
#3461=CARTESIAN_POINT('',(-20.8420276572292,14.101031530571,1.08316559688655));
#3462=CARTESIAN_POINT('',(-20.7111058633316,-6.55915718607193,0.));
#3463=CARTESIAN_POINT('',(-21.6337363964849,-7.33333612615385,6.83054072893323));
#3464=CARTESIAN_POINT('',(-13.7676448221915,-16.7077790194933,6.83054072893323));
#3465=CARTESIAN_POINT('',(-14.7665111977913,-15.5173764278506,6.83054072893323));
#3466=CARTESIAN_POINT('',(-16.50507566632,-13.2351957212048,6.06412466127231));
#3467=CARTESIAN_POINT('',(-24.5450087907665,-1.92864015500369,-0.224009625953428));
#3468=CARTESIAN_POINT('',(-24.5449808486564,-2.09979219640715,0.39979999538724));
#3469=CARTESIAN_POINT('',(-14.8023233884213,-13.7106963624866,0.4));
#3470=CARTESIAN_POINT('',(-17.6833367902375,-10.27723829056,0.4));
#3471=CARTESIAN_POINT('',(-12.3029110939491,-19.1132363367105,9.23599804615044));
#3472=CARTESIAN_POINT('',(6.92597648713213,-21.8500000000892,12.6292893218794));
#3473=CARTESIAN_POINT('',(7.90968139674065,-21.8500000000851,11.6455844122706));
#3474=CARTESIAN_POINT('',(7.90968139673681,-20.9370057685943,11.6455844122706));
#3475=CARTESIAN_POINT('',(7.90968139674337,-22.4969240548456,11.6455844122706));
#3476=CARTESIAN_POINT('',(7.63301471752215,-22.7735907340682,11.922251091493));
#3477=CARTESIAN_POINT('',(8.71958595255104,-21.6870194990343,10.8356798564592));
#3478=CARTESIAN_POINT('',(11.5821485867526,-15.1475016026344,7.97311722222935));
#3479=CARTESIAN_POINT('',(11.3765861525566,-18.8068630959241,8.1786796564407));
#3480=CARTESIAN_POINT('',(11.3765861525473,-16.5914213563101,8.1786796564407));
#3481=CARTESIAN_POINT('',(11.376586152551,-17.4701010127507,8.17867965644073));
#3482=CARTESIAN_POINT('',(8.7110690820779,-20.1356180832465,10.8441967269259));
#3483=CARTESIAN_POINT('',(0.000588247762091376,-11.6998677800001,0.));
#3484=CARTESIAN_POINT('',(-5.36409698449256,-20.517025067526,8.81715728752596));
#3485=CARTESIAN_POINT('',(-5.36409698449222,-23.717025067526,12.017157287526));
#3486=CARTESIAN_POINT('',(-7.62683868428942,-22.7797667673231,11.079898987323));
#3487=CARTESIAN_POINT('',(-7.35021814358644,-23.056387308026,11.3565195280259));
#3488=CARTESIAN_POINT('',(-8.43373490708829,-21.9728705445243,10.2730027645242));
#3489=CARTESIAN_POINT('',(-14.9563655182596,-11.2610877620154,-0.43878001798469));
#3490=CARTESIAN_POINT('',(-14.445614662643,-12.0998677800001,0.4));
#3491=CARTESIAN_POINT('',(-14.4456146626872,-12.0998662949959,0.4));
#3492=CARTESIAN_POINT('',(-14.4456353139448,-11.6998677116999,0.));
#3493=CARTESIAN_POINT('',(0.25744362709975,-11.6998677800001,0.));
#3494=CARTESIAN_POINT('',(14.4467911581673,-11.6998677800001,0.));
#3495=CARTESIAN_POINT('',(14.4467911581673,-12.0998677800001,0.4));
#3496=CARTESIAN_POINT('',(14.4467911581673,-12.0998677800001,0.4));
#3497=CARTESIAN_POINT('',(12.3929155951512,-15.4728426125241,3.77297483252394));
#3498=CARTESIAN_POINT('',(8.43674324007637,-21.9698622115102,10.2699944315101));
#3499=CARTESIAN_POINT('',(6.81561237293971,-23.5909930786542,11.891125298654));
#3500=CARTESIAN_POINT('',(7.62683868426871,-22.7797667673214,11.0798989873214));
#3501=CARTESIAN_POINT('',(5.36409698446189,-20.5170250675249,8.81715728752482));
#3502=CARTESIAN_POINT('',(5.36409698447567,-23.7170250675249,12.0171572875248));
#3503=CARTESIAN_POINT('',(-5.36409698449233,-23.717025067526,12.017157287526));
#3504=CARTESIAN_POINT('',(5.84822166578339E-12,-21.6134256522781,12.7));
#3505=CARTESIAN_POINT('',(-5.36409698449218,-21.8500000001183,12.7000000000006));
#3506=CARTESIAN_POINT('',(-5.36409698449218,-23.4341823550514,12.7000000000006));
#3507=CARTESIAN_POINT('',(-5.36409698449218,-21.1127416999158,12.7000000000006));
#3508=CARTESIAN_POINT('',(5.36409698447966,-23.4341823550503,12.6999999999994));
#3509=CARTESIAN_POINT('',(5.36409698447571,-23.4341823550503,12.6999999999994));
#3510=CARTESIAN_POINT('',(5.36409698446906,-21.8500000000958,12.6999999999994));
#3511=CARTESIAN_POINT('',(5.36409698446596,-21.1127416999147,12.6999999999994));
#3512=CARTESIAN_POINT('',(0.00331283472600428,-21.1127416999153,12.7));
#3513=CARTESIAN_POINT('',(-6.92597648715527,-21.8500000001183,12.6292893218809));
#3514=CARTESIAN_POINT('',(-11.3765861525964,-18.6389423711875,8.17867965644024));
#3515=CARTESIAN_POINT('',(-11.3765861525964,-17.4701010127957,8.17867965644025));
#3516=CARTESIAN_POINT('',(-11.3765861525964,-18.806375136642,8.17867965644024));
#3517=CARTESIAN_POINT('',(-11.5791402537195,-15.1505099357234,7.97612555531718));
#3518=CARTESIAN_POINT('',(-8.71657761956289,-21.6900278320497,10.8386881894735));
#3519=CARTESIAN_POINT('',(-7.09699510662178,-23.3096103449906,12.4582707024144));
#3520=CARTESIAN_POINT('',(-7.909681396764,-22.4969240548485,11.6455844122722));
#3521=CARTESIAN_POINT('',(-7.909681396764,-21.8500000001183,11.6455844122722));
#3522=CARTESIAN_POINT('',(-7.90968139676399,-20.9370057686277,11.6455844122723));
#3523=CARTESIAN_POINT('',(-8.71106908210875,-20.1356180832831,10.8441967269276));
#3524=CARTESIAN_POINT('',(-5.36409698449256,-21.8500000001183,9.10000000000058));
#3525=CARTESIAN_POINT('',(-5.36409698449256,-20.2341823550514,9.10000000000058));
#3526=CARTESIAN_POINT('',(-5.36409698449256,-20.5127416999158,9.10000000000058));
#3527=CARTESIAN_POINT('',(5.36409698446867,-21.8500000000958,9.09999999999943));
#3528=CARTESIAN_POINT('',(5.36409698446189,-20.2341823550503,9.09999999999943));
#3529=CARTESIAN_POINT('',(5.36409698446306,-20.5127416999147,9.09999999999943));
#3530=CARTESIAN_POINT('',(21.1712969904914,12.8278508040376,6.3));
#3531=CARTESIAN_POINT('',(21.1712969904914,12.8278508040376,6.3));
#3532=CARTESIAN_POINT('',(22.1394441867335,13.0782325254322,6.3));
#3533=CARTESIAN_POINT('',(21.1712969904912,12.8278508040376,6.3));
#3534=CARTESIAN_POINT('',(-21.1712969906377,12.8278508040402,6.30000000000226));
#3535=CARTESIAN_POINT('',(-21.1712969906377,12.8278508040402,6.30000000000451));
#3536=CARTESIAN_POINT('',(-22.1394441868813,13.0782325254309,6.30000000000253));
#3537=CARTESIAN_POINT('',(-21.1712969906383,12.8278508040397,6.3000000000021));
#3538=CARTESIAN_POINT('',(21.4543245781054,11.7334723331105,10.7841954784494));
#3539=CARTESIAN_POINT('',(21.4543245781054,12.7049591341856,11.0212891209981));
#3540=CARTESIAN_POINT('',(20.7839439460957,15.2970818863629,0.4));
#3541=CARTESIAN_POINT('',(22.4347693292705,11.9363032858107,10.9790338708715));
#3542=CARTESIAN_POINT('',(21.78946876388,14.4314771732535,0.755105164983972));
#3543=CARTESIAN_POINT('',(20.8420276570827,14.1010315305411,1.08316559699879));
#3544=CARTESIAN_POINT('',(21.6551430694025,14.7891641815629,0.4));
#3545=CARTESIAN_POINT('',(21.6551598608192,14.7891740272978,0.400000000000803));
#3546=CARTESIAN_POINT('',(21.6036162519091,14.8770790887499,0.400000014647724));
#3547=CARTESIAN_POINT('',(21.4783958453622,15.0271944217489,0.400242212894822));
#3548=CARTESIAN_POINT('',(21.2335479765034,15.2143244087635,0.399854672139911));
#3549=CARTESIAN_POINT('',(20.9491981095963,15.2971097670862,0.400000000000189));
#3550=CARTESIAN_POINT('',(20.7839439375372,15.2971097670859,0.400000000000116));
#3551=CARTESIAN_POINT('',(10.1265107359203,10.6266926753302,4.53242610607744));
#3552=CARTESIAN_POINT('',(22.3613387904836,12.2202360339748,2.95038520407173));
#3553=CARTESIAN_POINT('',(22.7966765247506,10.5369222341435,4.62154856959059));
#3554=CARTESIAN_POINT('',(22.7966765247506,10.6266926753566,4.5324261061041));
#3555=CARTESIAN_POINT('',(22.7966765247506,14.7891641815677,0.4));
#3556=CARTESIAN_POINT('',(-4.99552056128277,14.7891641814508,0.4));
#3557=CARTESIAN_POINT('',(22.7099333842021,10.87233061718,10.7020013893841));
#3558=CARTESIAN_POINT('',(22.0756338947231,13.3249668116137,6.3000000000001));
#3559=CARTESIAN_POINT('',(23.246354119109,8.79816071526673,6.3000000000001));
#3560=CARTESIAN_POINT('',(22.7966765247595,10.5369222341101,0.394192188496976));
#3561=CARTESIAN_POINT('',(-21.4666221331707,11.6859215644121,10.9790338708982));
#3562=CARTESIAN_POINT('',(-22.4347693294139,11.9363032858027,10.9790338708984));
#3563=CARTESIAN_POINT('',(-20.4444397351606,16.6098655064906,-4.97899228403922));
#3564=CARTESIAN_POINT('',(-20.7839439376939,15.2971097670885,0.4));
#3565=CARTESIAN_POINT('',(-20.783943937696,15.2971097670885,0.399999999999878));
#3566=CARTESIAN_POINT('',(-20.94915362761,15.2971097670882,0.399999999999797));
#3567=CARTESIAN_POINT('',(-21.2335906697629,15.2142959286867,0.39985607266932));
#3568=CARTESIAN_POINT('',(-21.4783395187415,15.0272418878714,0.400239879089147));
#3569=CARTESIAN_POINT('',(-21.6036003298834,14.8771062432664,0.400000014596498));
#3570=CARTESIAN_POINT('',(-21.6551598610259,14.7891740272115,0.400000000000823));
#3571=CARTESIAN_POINT('',(134.806046488775,14.35285273967,4.26907564913573));
#3572=CARTESIAN_POINT('',(12.9966873944026,13.8978151005261,6.13358393234218));
#3573=CARTESIAN_POINT('',(12.9966873944026,13.8862424481185,6.18100266085188));
#3574=CARTESIAN_POINT('',(16.1966873944026,13.8862424481183,6.18100266085188));
#3575=CARTESIAN_POINT('',(19.3966873944026,13.8862424481181,6.18100266085188));
#3576=CARTESIAN_POINT('',(19.3966873944026,14.3528527396767,4.26907564913669));
#3577=CARTESIAN_POINT('',(-4.99552056119622,15.2971097670875,0.4));
#3578=CARTESIAN_POINT('',(-19.4033130636251,13.8978151005272,6.13358393234562));
#3579=CARTESIAN_POINT('',(-19.4033130636251,13.8862424481196,6.18100266085532));
#3580=CARTESIAN_POINT('',(-16.2033130636251,13.8862424481194,6.18100266085532));
#3581=CARTESIAN_POINT('',(-13.0033130636251,13.8862424481193,6.18100266085532));
#3582=CARTESIAN_POINT('',(-13.0033130636253,14.352852739675,4.26907564915181));
#3583=CARTESIAN_POINT('',(-22.7099333843634,10.8723306170846,10.7020013893889));
#3584=CARTESIAN_POINT('',(-22.28178927056,12.5278289540557,-1.58234384122016));
#3585=CARTESIAN_POINT('',(-23.2991708364116,8.59393511779341,6.30000000000508));
#3586=CARTESIAN_POINT('',(-22.0756338948953,13.324966811521,6.30000000000482));
#3587=CARTESIAN_POINT('',(-21.741786188121,10.621948895694,6.30000000000463));
#3588=CARTESIAN_POINT('',(-23.2991708364119,8.59393511779351,6.30000000000508));
#3589=CARTESIAN_POINT('',(-23.3405681842373,8.43386462220558,6.43788635862156));
#3590=CARTESIAN_POINT('',(-23.3765987527033,8.11202843528347,6.73833660040929));
#3591=CARTESIAN_POINT('',(-23.137633064326,7.89924513666982,7.07316795445336));
#3592=CARTESIAN_POINT('',(-22.9543887790763,7.85485717585471,7.17663904464266));
#3593=CARTESIAN_POINT('',(-22.9543887790763,7.85485717585471,7.17663904464267));
#3594=CARTESIAN_POINT('',(-22.9543887790764,7.85485717585399,7.17663904464248));
#3595=CARTESIAN_POINT('',(-22.8084478184467,7.81950534137293,7.2590463638069));
#3596=CARTESIAN_POINT('',(-22.6534714375089,7.7454723626116,7.30000000000239));
#3597=CARTESIAN_POINT('',(-22.5077531719624,7.66019600214306,7.3000000000024));
#3598=CARTESIAN_POINT('',(21.7417861879602,10.6219488957854,6.3));
#3599=CARTESIAN_POINT('',(22.796676524751,7.88129765495201,7.24218962817038));
#3600=CARTESIAN_POINT('',(22.6999156435087,7.81676772838222,7.28125164392839));
#3601=CARTESIAN_POINT('',(22.6020310841773,7.74537472853751,7.3));
#3602=CARTESIAN_POINT('',(22.5041419662564,7.67415939587578,7.3));
#3603=CARTESIAN_POINT('',(22.796676524751,7.88129765495201,7.24218962817038));
#3604=CARTESIAN_POINT('',(22.796676524751,7.88129765495201,7.24218962817038));
#3605=CARTESIAN_POINT('',(22.8364331351643,7.90781137741781,7.22614002917409));
#3606=CARTESIAN_POINT('',(22.876047026647,7.93181858722623,7.20673710686578));
#3607=CARTESIAN_POINT('',(22.9156326423804,7.95285184686301,7.18364210401608));
#3608=CARTESIAN_POINT('',(22.9156326423804,7.95285184686301,7.18364210401608));
#3609=CARTESIAN_POINT('',(22.9156326423804,7.95285184686299,7.18364210401609));
#3610=CARTESIAN_POINT('',(23.0892936650543,8.04512418647458,7.08232495284318));
#3611=CARTESIAN_POINT('',(23.3095110245548,8.31553597854604,6.76505987410914));
#3612=CARTESIAN_POINT('',(23.287706755151,8.63826310605471,6.44990928217182));
#3613=CARTESIAN_POINT('',(23.246354119109,8.79816071526673,6.3000000000001));
#3614=CARTESIAN_POINT('',(0.0556151082650686,-16.8600505064571,9.68994949366114));
#3615=CARTESIAN_POINT('',(8.48091756304532,-16.1231289151438,8.95302790238183));
#3616=CARTESIAN_POINT('',(5.78836105317863,-18.8156854250651,11.6455844122691));
#3617=CARTESIAN_POINT('',(9.25526580897093,-15.3487806692116,8.17867965645272));
#3618=CARTESIAN_POINT('',(-10.1339454654771,-15.3487806692363,8.17867965644036));
#3619=CARTESIAN_POINT('',(-9.25526580903663,-15.3487806692363,8.17867965644038));
#3620=CARTESIAN_POINT('',(-8.48091756309342,-16.1231289151794,8.95302790238351));
#3621=CARTESIAN_POINT('',(-5.78836105320448,-18.8156854250681,11.6455844122721));
#3622=CARTESIAN_POINT('',(-5.36409698449256,-18.3914213563562,11.2213203435602));
#3623=CARTESIAN_POINT('',(-5.36409698449256,-18.9914213563562,11.8213203435602));
#3624=CARTESIAN_POINT('',(0.0556151082655222,-18.9914213563556,11.8213203435596));
#3625=CARTESIAN_POINT('',(5.36409698446564,-18.991421356355,11.8213203435591));
#3626=CARTESIAN_POINT('',(5.36409698446306,-18.391421356355,11.2213203435591));
#3627=CARTESIAN_POINT('',(0.0556151082655223,-21.1127416999153,9.7));
#3628=CARTESIAN_POINT('',(-5.36409698449256,-21.1127416999158,9.70000000000058));
#3629=CARTESIAN_POINT('',(5.36409698446564,-21.1127416999147,9.69999999999943));
#3630=CARTESIAN_POINT('',(-7.90968139676422,-20.9370057686278,11.6455844122721));
#3631=CARTESIAN_POINT('',(-7.20257461557766,-19.5227922062547,12.3526911934587));
#3632=CARTESIAN_POINT('',(-5.7883610532045,-18.8156854250681,11.6455844122721));
#3633=CARTESIAN_POINT('',(-7.24324854466298,-21.048077910575,12.3120172643733));
#3634=CARTESIAN_POINT('',(-6.62313163179758,-19.7474742138765,12.5773732010795));
#3635=CARTESIAN_POINT('',(-5.6772889111177,-18.9267575670153,11.7566565542193));
#3636=CARTESIAN_POINT('',(-6.30657565323299,-21.1127416997346,12.7000000000006));
#3637=CARTESIAN_POINT('',(-5.98125260656881,-19.8701010124268,12.6999999996306));
#3638=CARTESIAN_POINT('',(-5.52117676261597,-18.9914213561747,11.8213203433787));
#3639=CARTESIAN_POINT('',(-5.36409698449257,-21.1127416999159,12.7000000000006));
#3640=CARTESIAN_POINT('',(-5.36409698449256,-19.8701010127966,12.7000000000006));
#3641=CARTESIAN_POINT('',(-5.36409698449256,-18.9914213563562,11.8213203435602));
#3642=CARTESIAN_POINT('',(-5.78836105320448,-20.9370057686277,9.52426406871254));
#3643=CARTESIAN_POINT('',(-4.8282263696351,-21.897140452197,10.4843987522818));
#3644=CARTESIAN_POINT('',(-5.01262512191693,-21.7127416999152,10.3));
#3645=CARTESIAN_POINT('',(4.82822636961158,-21.8971404521767,10.4843987522809));
#3646=CARTESIAN_POINT('',(5.01262512189165,-21.712741699895,10.3));
#3647=CARTESIAN_POINT('',(5.78836105317863,-20.9370057686247,9.5242640687095));
#3648=CARTESIAN_POINT('',(5.36409698448073,-21.1127416999147,12.6999999999994));
#3649=CARTESIAN_POINT('',(5.3640969844755,-19.8701010127954,12.6999999999994));
#3650=CARTESIAN_POINT('',(5.3640969844681,-18.9914213563551,11.8213203435591));
#3651=CARTESIAN_POINT('',(6.30657565322145,-21.1127416997286,12.6999999999955));
#3652=CARTESIAN_POINT('',(5.98125260655191,-19.8701010124227,12.6999999996256));
#3653=CARTESIAN_POINT('',(5.52117676259156,-18.9914213561723,11.8213203433763));
#3654=CARTESIAN_POINT('',(7.24324854464926,-21.0480779105655,12.3120172643645));
#3655=CARTESIAN_POINT('',(6.62313163177907,-19.7474742138674,12.5773732010729));
#3656=CARTESIAN_POINT('',(5.67728891109253,-18.9267575670117,11.7566565542157));
#3657=CARTESIAN_POINT('',(7.90968139674766,-20.9370057686159,11.6455844122598));
#3658=CARTESIAN_POINT('',(7.20257461555808,-19.5227922062456,12.3526911934496));
#3659=CARTESIAN_POINT('',(5.78836105317864,-18.8156854250651,11.6455844122691));
#3660=CARTESIAN_POINT('',(20.9205875043391,-6.31090878058668,0.));
#3661=CARTESIAN_POINT('',(13.4271539137764,-17.1149623756104,6.83054072893323));
#3662=CARTESIAN_POINT('',(25.059896044966,-3.25160014904339,6.83054072893323));
#3663=CARTESIAN_POINT('',(18.2370144656238,-11.3827937830691,6.83054072893323));
#3664=CARTESIAN_POINT('',(16.4984499970962,-13.2444939790725,6.06412466126886));
#3665=CARTESIAN_POINT('',(19.312091421016,-7.60434992914607,-2.27288836141402));
#3666=CARTESIAN_POINT('',(17.6844455000229,-10.2771814274439,0.4));
#3667=CARTESIAN_POINT('',(10.6749562650873,-18.6309030524428,0.4));
#3668=CARTESIAN_POINT('',(25.0598683598325,-1.48757565667649,0.399793206565566));
#3669=CARTESIAN_POINT('',(25.059896044966,-3.3189309348062,7.07599037404658));
#3670=CARTESIAN_POINT('',(25.7966765247595,2.45259082974709,0.));
#3671=CARTESIAN_POINT('',(25.7966765247595,6.66256514184171,4.24058353761957));
#3672=CARTESIAN_POINT('',(25.7966765247595,10.5310721960758,0.4));
#3673=CARTESIAN_POINT('',(25.7966765247595,3.98381300845068,6.9));
#3674=CARTESIAN_POINT('',(25.7966765247595,2.45259082974709,6.9));
#3675=CARTESIAN_POINT('',(25.7966765247595,-1.22868381478272,6.9));
#3676=CARTESIAN_POINT('',(25.7966765247595,0.582643151879825,0.296934907047365));
#3677=CARTESIAN_POINT('',(25.7966309141808,0.554310586375578,0.40022792845645));
#3678=CARTESIAN_POINT('',(25.7966765247595,-5.48181172713489,0.4));
#3679=CARTESIAN_POINT('',(-25.28178927056,-14.2498677799999,-4.19672571600666));
#3680=CARTESIAN_POINT('',(-25.28178927056,-2.03208091233282,7.59693490704736));
#3681=CARTESIAN_POINT('',(-25.2817436465525,-0.0579060735654197,0.400227995533269));
#3682=CARTESIAN_POINT('',(-25.28178927056,-1.84090045698782,6.9));
#3683=CARTESIAN_POINT('',(-25.28178927056,3.58090475065968,6.9));
#3684=CARTESIAN_POINT('',(-25.28178927056,3.98381300835969,6.9));
#3685=CARTESIAN_POINT('',(-25.28178927056,13.0784497108131,-2.12899012730094));
#3686=CARTESIAN_POINT('',(-25.28178927056,10.5310721959848,0.4));
#3687=CARTESIAN_POINT('',(-25.28178927056,-5.48181172713489,0.4));
#3688=CARTESIAN_POINT('',(-13.4979064961559,-5.48181172713489,10.3));
#3689=CARTESIAN_POINT('',(-13.497906496156,-17.4701010127957,10.3));
#3690=CARTESIAN_POINT('',(-12.590225535725,-17.4701010127957,7.44060928271929));
#3691=CARTESIAN_POINT('',(-12.590225535725,-17.4701010127958,7.44060928271928));
#3692=CARTESIAN_POINT('',(-12.1436072650017,-17.9348956414214,7.58238315729549));
#3693=CARTESIAN_POINT('',(-11.7181243690994,-18.3564807818178,7.83714143993725));
#3694=CARTESIAN_POINT('',(-11.3765861525964,-18.806375136642,8.17867965644025));
#3695=CARTESIAN_POINT('',(-16.9513559620171,-5.86349660678193,-1.59373048609888));
#3696=CARTESIAN_POINT('',(-12.6880348066568,-17.7639207452186,6.89878972983814));
#3697=CARTESIAN_POINT('',(-13.0468878202517,-17.4519180838589,6.816933082177));
#3698=CARTESIAN_POINT('',(-13.3975165530516,-17.1272892799152,6.79124242488408));
#3699=CARTESIAN_POINT('',(-13.7168608810885,-16.766009505267,6.82510786205065));
#3700=CARTESIAN_POINT('',(-12.6880348066568,-17.7639207452186,6.89878972983812));
#3701=CARTESIAN_POINT('',(-13.7168608810885,-16.766009505267,6.82510786205065));
#3702=CARTESIAN_POINT('',(-11.779344206688,-14.3572270928808,6.9));
#3703=CARTESIAN_POINT('',(-17.6833367902375,-10.2772382905601,0.400000000000001));
#3704=CARTESIAN_POINT('',(-17.4113631715474,-10.6013638277248,0.4));
#3705=CARTESIAN_POINT('',(-16.999908961203,-11.0022589698705,0.398412021233869));
#3706=CARTESIAN_POINT('',(-16.4636990890195,-11.401127103832,0.399416260091144));
#3707=CARTESIAN_POINT('',(-16.1294687430174,-11.6126968910519,0.400225964025685));
#3708=CARTESIAN_POINT('',(-15.6575493813345,-11.8482713240744,0.399679883806119));
#3709=CARTESIAN_POINT('',(-15.0964960202338,-12.0417352279071,0.399339060540449));
#3710=CARTESIAN_POINT('',(-14.6929528181316,-12.0998677800001,0.399999999999998));
#3711=CARTESIAN_POINT('',(-14.445614662643,-12.0998677800001,0.399999999999998));
#3712=CARTESIAN_POINT('',(-11.2962975412449,-15.1505099357234,7.69328284284254));
#3713=CARTESIAN_POINT('',(-11.2199181242624,-19.1104296660719,7.66861284265775));
#3714=CARTESIAN_POINT('',(-11.2199181242624,-19.1104296660719,7.66861284265775));
#3715=CARTESIAN_POINT('',(-11.6290647431012,-18.6554741433331,7.28701889430627));
#3716=CARTESIAN_POINT('',(-12.1520251617733,-18.2299512072255,7.02105692833442));
#3717=CARTESIAN_POINT('',(-12.6880348066568,-17.7639207452186,6.89878972983812));
#3718=CARTESIAN_POINT('',(-13.497906496156,-17.4701010127958,7.3));
#3719=CARTESIAN_POINT('',(-12.2552658090367,-17.4701010127958,7.3));
#3720=CARTESIAN_POINT('',(-11.3765861525964,-17.4701010127958,8.17867965644027));
#3721=CARTESIAN_POINT('',(-13.4979064961537,-16.1875511747168,7.3));
#3722=CARTESIAN_POINT('',(-12.4287289109,-16.4590839725461,7.2999999999995));
#3723=CARTESIAN_POINT('',(-11.5903444589414,-16.615067787409,7.96492135009527));
#3724=CARTESIAN_POINT('',(-12.7043276289003,-14.0210391929323,7.3));
#3725=CARTESIAN_POINT('',(-12.0192633985819,-14.7061034232516,7.30000000000158));
#3726=CARTESIAN_POINT('',(-11.4223772110695,-15.3029896107637,7.7360991643377));
#3727=CARTESIAN_POINT('',(-10.5378156471134,-13.2274603256811,7.3));
#3728=CARTESIAN_POINT('',(-10.2662828492802,-14.2966379109374,7.29999999999726));
#3729=CARTESIAN_POINT('',(-10.1102990344212,-15.1350223628924,7.96492135009646));
#3730=CARTESIAN_POINT('',(-9.25526580903662,-13.2274603256766,7.3));
#3731=CARTESIAN_POINT('',(-9.25526580903663,-14.4701010127959,7.3));
#3732=CARTESIAN_POINT('',(-9.25526580903663,-15.3487806692363,8.17867965644036));
#3733=CARTESIAN_POINT('',(-13.4190023748755,-16.509745036505,7.3));
#3734=CARTESIAN_POINT('',(-13.1599636797794,-16.8515869618579,7.3));
#3735=CARTESIAN_POINT('',(-12.8766769145885,-17.1652294420752,7.34967856062094));
#3736=CARTESIAN_POINT('',(-12.590225535725,-17.4701010127958,7.44060928271928));
#3737=CARTESIAN_POINT('',(-9.25526580903665,-13.2274603256766,10.3));
#3738=CARTESIAN_POINT('',(0.0556151082650686,-13.2274603256767,10.3));
#3739=CARTESIAN_POINT('',(9.25526580897481,-13.2274603256767,10.3));
#3740=CARTESIAN_POINT('',(9.25526580895628,-13.2274603256395,7.3));
#3741=CARTESIAN_POINT('',(9.25526580896486,-14.4701010127613,7.3));
#3742=CARTESIAN_POINT('',(9.25526580897093,-15.3487806692022,8.17867965644345));
#3743=CARTESIAN_POINT('',(10.5378156470318,-13.227460325635,7.3));
#3744=CARTESIAN_POINT('',(10.2662828492099,-14.2966379108995,7.30000000000076));
#3745=CARTESIAN_POINT('',(10.1102990343532,-15.1350223628518,7.96492135009831));
#3746=CARTESIAN_POINT('',(12.7043276288391,-14.0210391928765,7.3));
#3747=CARTESIAN_POINT('',(12.0192633985298,-14.7061034231947,7.30000000000009));
#3748=CARTESIAN_POINT('',(11.4223772110154,-15.3029896107146,7.73609916433844));
#3749=CARTESIAN_POINT('',(13.4979064961066,-16.1875511746559,7.3));
#3750=CARTESIAN_POINT('',(12.428728910838,-16.4590839724962,7.29999999999907));
#3751=CARTESIAN_POINT('',(11.5903444588952,-16.6150677873601,7.96492135009296));
#3752=CARTESIAN_POINT('',(13.4979064961111,-17.4701010127426,7.3));
#3753=CARTESIAN_POINT('',(12.2552658089914,-17.4701010127477,7.3));
#3754=CARTESIAN_POINT('',(11.3765861525509,-17.4701010127512,8.17867965644086));
#3755=CARTESIAN_POINT('',(13.4979064961111,-17.4701010127418,10.3));
#3756=CARTESIAN_POINT('',(12.5910675577467,-17.4701010127456,7.44034212887867));
#3757=CARTESIAN_POINT('',(12.5910675577467,-17.4701010127463,7.44034212887867));
#3758=CARTESIAN_POINT('',(12.8772893165697,-17.1655846035645,7.3495770627041));
#3759=CARTESIAN_POINT('',(13.1603405616399,-16.852304781251,7.3));
#3760=CARTESIAN_POINT('',(13.4191984591731,-16.5108842808919,7.3));
#3761=CARTESIAN_POINT('',(12.3929155951512,-13.3515222689644,5.89429517608359));
#3762=CARTESIAN_POINT('',(12.688948295604,-17.7639316126932,6.89845124234682));
#3763=CARTESIAN_POINT('',(12.152773194103,-18.2299373392509,7.02058830623064));
#3764=CARTESIAN_POINT('',(11.6290046983725,-18.6559528836324,7.28687044885621));
#3765=CARTESIAN_POINT('',(11.2197847141757,-19.1109145425881,7.66853468923221));
#3766=CARTESIAN_POINT('',(12.688948295604,-17.7639316126932,6.89845124234683));
#3767=CARTESIAN_POINT('',(11.2197847141757,-19.1109145425881,7.66853468923221));
#3768=CARTESIAN_POINT('',(11.2993058742779,-15.1475016026356,7.69027450975477));
#3769=CARTESIAN_POINT('',(14.4467911581674,-12.0998677800001,0.399999999999997));
#3770=CARTESIAN_POINT('',(14.6940804514371,-12.0998677800001,0.399999999999998));
#3771=CARTESIAN_POINT('',(15.0975958913195,-12.0417418142955,0.399328995672213));
#3772=CARTESIAN_POINT('',(15.6586550491338,-11.8482950056357,0.399665079302916));
#3773=CARTESIAN_POINT('',(16.1306913749806,-11.6126713306744,0.400227043773806));
#3774=CARTESIAN_POINT('',(16.4647618665138,-11.4012056637806,0.399426745601868));
#3775=CARTESIAN_POINT('',(17.0009668092759,-11.00236749915,0.398417773549924));
#3776=CARTESIAN_POINT('',(17.4124771342903,-10.6014383513918,0.399999999999996));
#3777=CARTESIAN_POINT('',(17.6845132857619,-10.2772382905601,0.399999999999996));
#3778=CARTESIAN_POINT('',(11.7805207022122,-14.3572270928808,6.9));
#3779=CARTESIAN_POINT('',(13.7169747392914,-16.7672113492353,6.82499519326479));
#3780=CARTESIAN_POINT('',(13.7169747392914,-16.7672113492353,6.82499519326479));
#3781=CARTESIAN_POINT('',(13.3978506003303,-17.1280402029621,6.79116540479188));
#3782=CARTESIAN_POINT('',(13.0475117133861,-17.4522934826256,6.81677291946037));
#3783=CARTESIAN_POINT('',(12.688948295604,-17.7639316126932,6.89845124234677));
#3784=CARTESIAN_POINT('',(13.4979064961294,-21.8500000000616,10.3));
#3785=CARTESIAN_POINT('',(11.3765861525566,-18.8068630959241,8.1786796564407));
#3786=CARTESIAN_POINT('',(11.7183229311441,-18.3567730053084,7.83694287785125));
#3787=CARTESIAN_POINT('',(12.1441236455099,-17.935076802897,7.58207451825854));
#3788=CARTESIAN_POINT('',(12.5910675577467,-17.4701010127463,7.44034212887866));
#3789=CARTESIAN_POINT('',(-22.28178927056,0.349145543938131,10.5084318402109));
#3790=CARTESIAN_POINT('',(-22.28178927056,3.98381300835969,6.9));
#3791=CARTESIAN_POINT('',(-22.28178927056,14.7891641814767,0.39999999999999));
#3792=CARTESIAN_POINT('',(-22.6529495500009,14.7891641814767,0.39999999999999));
#3793=CARTESIAN_POINT('',(-23.2260327248437,14.6382147569739,0.403520803197586));
#3794=CARTESIAN_POINT('',(-23.8496483716977,14.1784711986337,0.401846792116609));
#3795=CARTESIAN_POINT('',(-24.1746862708844,13.8446054528336,0.400424757872203));
#3796=CARTESIAN_POINT('',(-24.4144770335639,13.5353971959513,0.399840282860839));
#3797=CARTESIAN_POINT('',(-24.5860632795769,13.2657932464161,0.400214110684416));
#3798=CARTESIAN_POINT('',(-24.7630166255055,12.9373760791519,0.400407543579095));
#3799=CARTESIAN_POINT('',(-24.8952227939717,12.6293995165035,0.400256339814459));
#3800=CARTESIAN_POINT('',(-24.9876790110106,12.3755006443053,0.400068191658854));
#3801=CARTESIAN_POINT('',(-25.0607876260393,12.139091268959,0.399947767690487));
#3802=CARTESIAN_POINT('',(-25.089737693395,12.0315749937745,0.400140737579091));
#3803=CARTESIAN_POINT('',(-25.1449094984018,11.8123893590211,0.400691165204718));
#3804=CARTESIAN_POINT('',(-25.2305873985459,11.3878308441068,0.401636156013527));
#3805=CARTESIAN_POINT('',(-25.28178927056,10.9017555852892,0.4));
#3806=CARTESIAN_POINT('',(-25.28178927056,10.5310721959848,0.400000000000003));
#3807=CARTESIAN_POINT('',(-22.28178927056,0.121662124897174,-0.254383894066899));
#3808=CARTESIAN_POINT('',(-22.28178927056,-1.84090045698782,6.9));
#3809=CARTESIAN_POINT('',(-24.5449542378584,-2.09976777676746,0.399587090328293));
#3810=CARTESIAN_POINT('',(-25.0238591958138,-1.53000053061583,0.403004793384213));
#3811=CARTESIAN_POINT('',(-25.2818041284325,-0.801885683207818,0.398619550889422));
#3812=CARTESIAN_POINT('',(-25.2817892699175,-0.0579066357113099,0.40045608915372));
#3813=CARTESIAN_POINT('',(22.7966765247595,8.51306994699272,2.40343597880349));
#3814=CARTESIAN_POINT('',(22.7966765247595,3.98381300845068,6.9));
#3815=CARTESIAN_POINT('',(25.7966765247595,10.5310721960758,0.399999999999999));
#3816=CARTESIAN_POINT('',(25.7966765247595,10.9016453389202,0.4));
#3817=CARTESIAN_POINT('',(25.7455047286563,11.3876335962656,0.40163771077652));
#3818=CARTESIAN_POINT('',(25.6598259991672,11.8122560284647,0.400694745319388));
#3819=CARTESIAN_POINT('',(25.6046485035045,12.0314880115098,0.400143241461211));
#3820=CARTESIAN_POINT('',(25.5756599360774,12.1391404913279,0.399948185015898));
#3821=CARTESIAN_POINT('',(25.5026024859408,12.3753907376568,0.40006401847517));
#3822=CARTESIAN_POINT('',(25.4101795471436,12.6292274374229,0.400252428319689));
#3823=CARTESIAN_POINT('',(25.2780044624253,12.9371619835015,0.400408737474807));
#3824=CARTESIAN_POINT('',(25.1010556371212,13.2656174536353,0.400222670024004));
#3825=CARTESIAN_POINT('',(24.9293293607603,13.5354484354645,0.399842238705367));
#3826=CARTESIAN_POINT('',(24.6896081297335,13.8445762881329,0.400408375154525));
#3827=CARTESIAN_POINT('',(24.3645842518669,14.1784546714917,0.401822719504145));
#3828=CARTESIAN_POINT('',(23.7410061552117,14.6381894340587,0.403500864986656));
#3829=CARTESIAN_POINT('',(23.1678854425975,14.7891641815685,0.400000000000776));
#3830=CARTESIAN_POINT('',(22.7966765247506,14.7891641815677,0.399999999999996));
#3831=CARTESIAN_POINT('',(22.7966765247595,0.789261560604361,-0.456277973520642));
#3832=CARTESIAN_POINT('',(22.7966765247595,-1.22868381478272,6.9));
#3833=CARTESIAN_POINT('',(25.7966765241174,0.554310024543242,0.400455954949767));
#3834=CARTESIAN_POINT('',(25.7966913840933,-0.189959236925797,0.398619184622248));
#3835=CARTESIAN_POINT('',(25.5389303127624,-0.917565259390304,0.403006401590777));
#3836=CARTESIAN_POINT('',(25.0598414294444,-1.48755102489,0.399586418518901));
#3837=CARTESIAN_POINT('',(-24.88178927056,3.98381300835969,7.3));
#3838=CARTESIAN_POINT('',(-25.28178927056,3.98381300835969,7.3));
#3839=CARTESIAN_POINT('',(-25.28178927056,3.98381300835969,6.9));
#3840=CARTESIAN_POINT('',(-24.8817892705552,4.90189741574718,7.3));
#3841=CARTESIAN_POINT('',(-25.2168975784102,4.8918506500474,7.30000000000408));
#3842=CARTESIAN_POINT('',(-25.28178927056,4.97200769325852,6.97062002439711));
#3843=CARTESIAN_POINT('',(-24.3756430812382,6.73221405226971,7.3));
#3844=CARTESIAN_POINT('',(-24.6447068733774,6.78057646239705,7.2999999999983));
#3845=CARTESIAN_POINT('',(-24.6977744367255,6.94209797835112,7.11140991744266));
#3846=CARTESIAN_POINT('',(-23.1295406969035,7.59126113097,7.3));
#3847=CARTESIAN_POINT('',(-23.2089189428143,7.75362970845227,7.29999999999981));
#3848=CARTESIAN_POINT('',(-23.2599639932619,7.86674689998618,7.1774887280371));
#3849=CARTESIAN_POINT('',(-22.4846851777249,7.6629055822369,7.3));
#3850=CARTESIAN_POINT('',(-22.50296615511,7.82744852947763,7.3));
#3851=CARTESIAN_POINT('',(-22.5158999326734,7.94386253920971,7.18299969505653));
#3852=CARTESIAN_POINT('',(-24.88178927056,3.98381300835969,6.9));
#3853=CARTESIAN_POINT('',(-24.88178927056,-14.2498677799999,6.9));
#3854=CARTESIAN_POINT('',(-24.88178927056,-1.84090045698782,6.9));
#3855=CARTESIAN_POINT('',(-24.2432461880723,-3.61060790262465,7.3));
#3856=CARTESIAN_POINT('',(-24.6084206749418,-3.91702567987224,7.3));
#3857=CARTESIAN_POINT('',(-24.5450087907665,-3.86381679124844,6.83054072893323));
#3858=CARTESIAN_POINT('',(-24.6505955908673,-3.12514778838886,7.3));
#3859=CARTESIAN_POINT('',(-25.0576114590917,-3.34629649788594,7.29999999999902));
#3860=CARTESIAN_POINT('',(-25.0150273324608,-3.30889727778305,6.84959455941048));
#3861=CARTESIAN_POINT('',(-24.8817892705511,-2.48439982928043,7.3));
#3862=CARTESIAN_POINT('',(-25.3078693475867,-2.60045110338615,7.30000000000263));
#3863=CARTESIAN_POINT('',(-25.28178927056,-2.57647140941082,6.87474328457993));
#3864=CARTESIAN_POINT('',(-24.88178927056,-1.84090045698783,7.3));
#3865=CARTESIAN_POINT('',(-25.28178927056,-1.84090045698783,7.3));
#3866=CARTESIAN_POINT('',(-25.28178927056,-1.84090045698783,6.9));
#3867=CARTESIAN_POINT('',(-15.369161597383,-14.1863300945636,6.9));
#3868=CARTESIAN_POINT('',(-14.4647485950971,-15.2641675392268,6.9));
#3869=CARTESIAN_POINT('',(-13.4658822194973,-16.4545701308695,6.9));
#3870=CARTESIAN_POINT('',(-13.4190023748754,-16.5097450365049,7.3));
#3871=CARTESIAN_POINT('',(-13.7854758330493,-16.8250428175498,7.3));
#3872=CARTESIAN_POINT('',(-13.7168608810885,-16.766009505267,6.82510786205065));
#3873=CARTESIAN_POINT('',(-13.4347222682066,-16.4914736625292,7.3));
#3874=CARTESIAN_POINT('',(-13.8007384721931,-16.8038425807967,7.29999999999995));
#3875=CARTESIAN_POINT('',(-13.7338989981094,-16.7467339880985,6.82691469946952));
#3876=CARTESIAN_POINT('',(-13.450349762975,-16.4730809917316,7.3));
#3877=CARTESIAN_POINT('',(-13.815933529611,-16.7824902119546,7.29999999999999));
#3878=CARTESIAN_POINT('',(-13.7508279316482,-16.7273227332375,6.82872575706731));
#3879=CARTESIAN_POINT('',(-13.4658822194973,-16.4545701308695,7.3));
#3880=CARTESIAN_POINT('',(-13.8310567063668,-16.7609879081171,7.3));
#3881=CARTESIAN_POINT('',(-13.7676448221915,-16.7077790194933,6.83054072893322));
#3882=CARTESIAN_POINT('',(-13.4190023748755,-16.5097450365049,6.9));
#3883=CARTESIAN_POINT('',(-12.590225535725,-17.4701010127958,7.44060928271929));
#3884=CARTESIAN_POINT('',(-12.9032902943997,-17.8453873324948,7.34123044683176));
#3885=CARTESIAN_POINT('',(-12.6880348066568,-17.7639207452186,6.89878972983813));
#3886=CARTESIAN_POINT('',(-12.8792732144922,-17.1624661979316,7.34885439483769));
#3887=CARTESIAN_POINT('',(-13.2171432744578,-17.527427674374,7.28321090451912));
#3888=CARTESIAN_POINT('',(-13.0421426567354,-17.4560437388036,6.81801548438906));
#3889=CARTESIAN_POINT('',(-13.1614820247857,-16.8495832461142,7.3));
#3890=CARTESIAN_POINT('',(-13.5124936210808,-17.1996112492855,7.26764515225866));
#3891=CARTESIAN_POINT('',(-13.393387423526,-17.1319606353681,6.79080454275357));
#3892=CARTESIAN_POINT('',(-13.4190023748755,-16.509745036505,7.3));
#3893=CARTESIAN_POINT('',(-13.7854758330494,-16.8250428175499,7.3));
#3894=CARTESIAN_POINT('',(-13.7168608810885,-16.766009505267,6.82510786205065));
#3895=CARTESIAN_POINT('',(-12.4692014076675,-17.4701010127957,7.05935718708186));
#3896=CARTESIAN_POINT('',(-12.6880348066568,-17.7639207452186,6.89878972983812));
#3897=CARTESIAN_POINT('',(-12.9032902943997,-17.8453873324948,7.34123044683175));
#3898=CARTESIAN_POINT('',(-12.590225535725,-17.4701010127957,7.44060928271928));
#3899=CARTESIAN_POINT('',(-12.138114764927,-18.2420455161501,7.02422996973175));
#3900=CARTESIAN_POINT('',(-12.4223866613336,-18.3393768553084,7.43922559853218));
#3901=CARTESIAN_POINT('',(-12.141342201741,-17.9372528594849,7.58310217578551));
#3902=CARTESIAN_POINT('',(-11.6246303304967,-18.6604050461107,7.29115469111907));
#3903=CARTESIAN_POINT('',(-11.9892074428061,-18.7362087971807,7.63770210246543));
#3904=CARTESIAN_POINT('',(-11.71852251195,-18.3559563358922,7.83674329708666));
#3905=CARTESIAN_POINT('',(-11.2199181242624,-19.1104296660719,7.66861284265774));
#3906=CARTESIAN_POINT('',(-11.5917142730765,-19.1765556926204,7.96355153596022));
#3907=CARTESIAN_POINT('',(-11.3765861525964,-18.806375136642,8.17867965644025));
#3908=CARTESIAN_POINT('',(-11.0937434401218,-18.806375136642,7.89583694396561));
#3909=CARTESIAN_POINT('',(-8.7165776195629,-21.6900278320497,10.8386881894735));
#3910=CARTESIAN_POINT('',(-8.99942033203753,-22.255713256999,10.5558454769989));
#3911=CARTESIAN_POINT('',(-8.43373490708829,-21.9728705445243,10.2730027645242));
#3912=CARTESIAN_POINT('',(-9.56243011238403,-20.8441753392197,9.99283569665241));
#3913=CARTESIAN_POINT('',(-9.74528877909064,-21.4079278742786,9.80997702994306));
#3914=CARTESIAN_POINT('',(-9.32251963481564,-21.1400892236645,9.44022144366438));
#3915=CARTESIAN_POINT('',(-10.4672988695699,-19.8632283992657,9.08796693946661));
#3916=CARTESIAN_POINT('',(-10.6361130425774,-20.3650157062889,8.91915276646184));
#3917=CARTESIAN_POINT('',(-10.2703098819917,-20.1663580163658,8.55427275494767));
#3918=CARTESIAN_POINT('',(-11.3765861525964,-18.806375136642,8.17867965644025));
#3919=CARTESIAN_POINT('',(-11.5917142730764,-19.1765556926204,7.96355153596022));
#3920=CARTESIAN_POINT('',(-11.2199181242624,-19.1104296660719,7.66861284265775));
#3921=CARTESIAN_POINT('',(-8.43373490708829,-21.6900278320497,10.5558454769988));
#3922=CARTESIAN_POINT('',(-7.18667676279362,-22.9370859763442,11.8029036212934));
#3923=CARTESIAN_POINT('',(-7.62683868428941,-22.4969240548484,11.3627416997976));
#3924=CARTESIAN_POINT('',(-5.36409698449256,-23.4341823550514,12.7000000000006));
#3925=CARTESIAN_POINT('',(-5.36409698449256,-24.3998677800007,12.7000000000006));
#3926=CARTESIAN_POINT('',(-5.36409698449256,-23.7170250675261,12.017157287526));
#3927=CARTESIAN_POINT('',(-5.83533589787065,-23.4341823550478,12.7000000000006));
#3928=CARTESIAN_POINT('',(-5.96174380020478,-24.3998677799975,12.7000000000001));
#3929=CARTESIAN_POINT('',(-5.78297601860662,-23.7170250675226,12.0171572875225));
#3930=CARTESIAN_POINT('',(-6.77761414849236,-23.2675444120751,12.51253231415));
#3931=CARTESIAN_POINT('',(-7.04713576759656,-24.1354763095089,12.4356085295113));
#3932=CARTESIAN_POINT('',(-6.62055668582657,-23.5503871245498,11.8505193445497));
#3933=CARTESIAN_POINT('',(-7.57646516917192,-22.7931162571523,11.9788006398643));
#3934=CARTESIAN_POINT('',(-7.87558852036935,-23.4587789517034,11.7589111716967));
#3935=CARTESIAN_POINT('',(-7.33064648198341,-23.0759589696267,11.3760911896266));
#3936=CARTESIAN_POINT('',(-7.90968139676404,-22.4969240548485,11.6455844122722));
#3937=CARTESIAN_POINT('',(-8.19252410923867,-23.0626094797977,11.3627416997976));
#3938=CARTESIAN_POINT('',(-7.62683868428943,-22.7797667673231,11.079898987323));
#3939=CARTESIAN_POINT('',(-5.36409698449222,-23.4341823550514,12.3000000000006));
#3940=CARTESIAN_POINT('',(0.000588247764649083,-23.4341823550508,12.3));
#3941=CARTESIAN_POINT('',(5.36409698447567,-23.4341823550503,12.2999999999994));
#3942=CARTESIAN_POINT('',(7.90968139674341,-22.4969240548457,11.6455844122706));
#3943=CARTESIAN_POINT('',(8.19252410922035,-23.062609479796,11.3627416997959));
#3944=CARTESIAN_POINT('',(7.62683868426874,-22.7797667673215,11.0798989873214));
#3945=CARTESIAN_POINT('',(7.5764651691521,-22.7931162571463,11.9788006398632));
#3946=CARTESIAN_POINT('',(7.87558852035476,-23.4587789516992,11.7589111717025));
#3947=CARTESIAN_POINT('',(7.33064648196544,-23.0759589696237,11.3760911896236));
#3948=CARTESIAN_POINT('',(6.77761414848229,-23.2675444120704,12.5125323141438));
#3949=CARTESIAN_POINT('',(7.04713576759499,-24.1354763095052,12.4356085295009));
#3950=CARTESIAN_POINT('',(6.62055668581477,-23.5503871245453,11.8505193445451));
#3951=CARTESIAN_POINT('',(5.83533589786693,-23.4341823550452,12.6999999999975));
#3952=CARTESIAN_POINT('',(5.96174380020187,-24.3998677799854,12.6999999999899));
#3953=CARTESIAN_POINT('',(5.78297601860126,-23.7170250675193,12.0171572875192));
#3954=CARTESIAN_POINT('',(5.36409698449044,-23.4341823550503,12.6999999999994));
#3955=CARTESIAN_POINT('',(5.36409698449449,-24.3998677799996,12.6999999999994));
#3956=CARTESIAN_POINT('',(5.36409698448876,-23.7170250675249,12.0171572875248));
#3957=CARTESIAN_POINT('',(7.62683868426873,-22.4969240548469,11.362741699796));
#3958=CARTESIAN_POINT('',(7.18667676278298,-22.9370859763346,11.8029036212837));
#3959=CARTESIAN_POINT('',(8.43674324007637,-21.6870194990356,10.5528371439847));
#3960=CARTESIAN_POINT('',(11.3765861525567,-18.8068630959241,8.17867965644069));
#3961=CARTESIAN_POINT('',(11.5917786200381,-19.1772085286846,7.9634871889607));
#3962=CARTESIAN_POINT('',(11.2197847141757,-19.1109145425881,7.66853468923219));
#3963=CARTESIAN_POINT('',(10.4683108612497,-19.8623857717686,9.08695494775239));
#3964=CARTESIAN_POINT('',(10.6372981742059,-20.3641443742991,8.91796763479489));
#3965=CARTESIAN_POINT('',(10.2712272393609,-20.1654996044708,8.55321892280046));
#3966=CARTESIAN_POINT('',(9.56450561995694,-20.8420998316272,9.99076018904954));
#3967=CARTESIAN_POINT('',(9.74754857544198,-21.4057703593938,9.80771723353783));
#3968=CARTESIAN_POINT('',(9.32454779573857,-21.1379993008804,9.43813152088027));
#3969=CARTESIAN_POINT('',(8.71958595255105,-21.6870194990344,10.8356798564592));
#3970=CARTESIAN_POINT('',(9.00242866502801,-22.2527049239847,10.5528371439846));
#3971=CARTESIAN_POINT('',(8.43674324007639,-21.9698622115102,10.26999443151));
#3972=CARTESIAN_POINT('',(11.093743440082,-18.8068630959253,7.89583694396612));
#3973=CARTESIAN_POINT('',(12.5910675577466,-17.4701010127464,7.44034212887869));
#3974=CARTESIAN_POINT('',(12.9042183009254,-17.8455475895145,7.34103749164964));
#3975=CARTESIAN_POINT('',(12.6889482956039,-17.7639316126933,6.89845124234684));
#3976=CARTESIAN_POINT('',(12.1418562312792,-17.9374356673669,7.58279354815878));
#3977=CARTESIAN_POINT('',(12.4229609685914,-18.3397750939008,7.43894762353674));
#3978=CARTESIAN_POINT('',(12.1386136509961,-18.2422438147088,7.02381374609551));
#3979=CARTESIAN_POINT('',(11.7187239972342,-18.3562447860187,7.83654181176117));
#3980=CARTESIAN_POINT('',(11.9895147571848,-18.7366822633716,7.63746034368018));
#3981=CARTESIAN_POINT('',(11.6247380002365,-18.6606965076931,7.29084984488073));
#3982=CARTESIAN_POINT('',(11.3765861525566,-18.8068630959241,8.1786796564407));
#3983=CARTESIAN_POINT('',(11.5917786200381,-19.1772085286846,7.96348718896071));
#3984=CARTESIAN_POINT('',(11.2197847141757,-19.110914542588,7.66853468923221));
#3985=CARTESIAN_POINT('',(12.4701556992981,-17.4701010127468,7.05905441272915));
#3986=CARTESIAN_POINT('',(12.6889482956048,-17.7639316126925,6.89845124234664));
#3987=CARTESIAN_POINT('',(12.9042183009262,-17.8455475895136,7.34103749164948));
#3988=CARTESIAN_POINT('',(12.5910675577473,-17.4701010127456,7.44034212887846));
#3989=CARTESIAN_POINT('',(13.0430907067447,-17.4561359112003,6.81777999529597));
#3990=CARTESIAN_POINT('',(13.2180719230912,-17.527665371744,7.28311393121529));
#3991=CARTESIAN_POINT('',(12.8801367323509,-17.1625551975961,7.34867410590985));
#3992=CARTESIAN_POINT('',(13.3940549386049,-17.1323319000441,6.7907630319367));
#3993=CARTESIAN_POINT('',(13.5131820179311,-17.2001017183798,7.26770251802653));
#3994=CARTESIAN_POINT('',(13.1621148965529,-16.8499644995737,7.29999999999986));
#3995=CARTESIAN_POINT('',(13.7169747392924,-16.7672113492353,6.82499519326479));
#3996=CARTESIAN_POINT('',(13.7856977629046,-16.8263684156183,7.30000000000004));
#3997=CARTESIAN_POINT('',(13.419198459174,-16.510884280892,7.29999999999995));
#3998=CARTESIAN_POINT('',(13.4191984591731,-16.5108842808919,6.9));
#3999=CARTESIAN_POINT('',(13.4670587150215,-16.4545701308695,7.3));
#4000=CARTESIAN_POINT('',(13.8322332018911,-16.7609879081171,7.3));
#4001=CARTESIAN_POINT('',(13.7688213177157,-16.7077790194933,6.83054072893323));
#4002=CARTESIAN_POINT('',(13.4512033908468,-16.4734657704163,7.3));
#4003=CARTESIAN_POINT('',(13.816794781557,-16.7829384288412,7.29999999999993));
#4004=CARTESIAN_POINT('',(13.7516548604465,-16.727728981468,6.82868802989229));
#4005=CARTESIAN_POINT('',(13.4352490361724,-16.4922382551579,7.3));
#4006=CARTESIAN_POINT('',(13.8012814444263,-16.8047327098491,7.30000000000001));
#4007=CARTESIAN_POINT('',(13.7343716536151,-16.7475409204353,6.82683940954239));
#4008=CARTESIAN_POINT('',(13.4191984591731,-16.5108842808919,7.3));
#4009=CARTESIAN_POINT('',(13.7856977629037,-16.8263684156183,7.3));
#4010=CARTESIAN_POINT('',(13.7169747392914,-16.7672113492353,6.82499519326478));
#4011=CARTESIAN_POINT('',(21.5414554347983,-6.83187883204481,6.9));
#4012=CARTESIAN_POINT('',(17.9352518629296,-11.1295848944453,6.9));
#4013=CARTESIAN_POINT('',(24.7581334422717,-2.99839126041958,6.9));
#4014=CARTESIAN_POINT('',(25.3966765247595,-1.22868381478272,7.3));
#4015=CARTESIAN_POINT('',(25.7966765247595,-1.22868381478272,7.3));
#4016=CARTESIAN_POINT('',(25.7966765247595,-1.22868381478272,6.9));
#4017=CARTESIAN_POINT('',(25.3966765247539,-1.87218318707534,7.3));
#4018=CARTESIAN_POINT('',(25.8227566017881,-1.98823446117108,7.29999999999218));
#4019=CARTESIAN_POINT('',(25.7966765247595,-1.96425476720573,6.87474328457993));
#4020=CARTESIAN_POINT('',(25.1654828450679,-2.51293114618421,7.3));
#4021=CARTESIAN_POINT('',(25.5724987132886,-2.7340798556803,7.29999999999535));
#4022=CARTESIAN_POINT('',(25.5299145866592,-2.69668063557924,6.84959455941048));
#4023=CARTESIAN_POINT('',(24.7581334422718,-2.99839126041959,7.3));
#4024=CARTESIAN_POINT('',(25.1233079291413,-3.30480903766719,7.3));
#4025=CARTESIAN_POINT('',(25.0598960449659,-3.25160014904339,6.83054072893323));
#4026=CARTESIAN_POINT('',(25.3966765247595,-1.22868381478272,6.9));
#4027=CARTESIAN_POINT('',(25.3966765247595,-5.48181172713489,6.9));
#4028=CARTESIAN_POINT('',(25.3966765247595,3.98381300845068,6.9));
#4029=CARTESIAN_POINT('',(22.7966765247595,7.67415939587702,7.3));
#4030=CARTESIAN_POINT('',(22.7966765247595,7.8389967362426,7.3));
#4031=CARTESIAN_POINT('',(22.7966765247595,7.95597575965887,7.18386535030675));
#4032=CARTESIAN_POINT('',(23.4773549666043,7.67415939586403,7.3));
#4033=CARTESIAN_POINT('',(23.5386066692956,7.83899673621388,7.30000000000064));
#4034=CARTESIAN_POINT('',(23.5820747268862,7.95597575965277,7.1838653503128));
#4035=CARTESIAN_POINT('',(24.8332925660072,6.87451250137559,7.3));
#4036=CARTESIAN_POINT('',(25.0996280518445,6.92651353856373,7.30000000000158));
#4037=CARTESIAN_POINT('',(25.1466181108155,7.09526316658222,7.1223556647619));
#4038=CARTESIAN_POINT('',(25.3966765247595,4.94994345709328,7.3));
#4039=CARTESIAN_POINT('',(25.7286775141245,4.93533175014788,7.2999999999956));
#4040=CARTESIAN_POINT('',(25.7966765247595,5.02372281040921,6.97431577674659));
#4041=CARTESIAN_POINT('',(25.3966765247595,3.98381300845068,7.3));
#4042=CARTESIAN_POINT('',(25.7966765247595,3.98381300845068,7.3));
#4043=CARTESIAN_POINT('',(25.7966765247595,3.98381300845068,6.9));
#4044=CARTESIAN_POINT('',(22.7966765247518,7.67415939587701,6.9));
#4045=CARTESIAN_POINT('',(-4.99552056125283,7.67415939576007,6.9));
#4046=CARTESIAN_POINT('',(0.,0.,12.9));
#4047=CARTESIAN_POINT('',(0.,0.,6.9));
#4048=CARTESIAN_POINT('',(-2.2,0.,6.9));
#4049=CARTESIAN_POINT('',(0.,0.,0.4));
#4050=CARTESIAN_POINT('',(-2.2,0.,0.4));
#4051=CARTESIAN_POINT('',(-17.5,2.11251572852918E-15,12.9));
#4052=CARTESIAN_POINT('',(-17.5758639598258,1.69830640922054,6.73864924893213));
#4053=CARTESIAN_POINT('',(-17.5533591664195,1.69931170645877,6.78969989340261));
#4054=CARTESIAN_POINT('',(-17.541877532149,1.69948411946129,6.84420114675193));
#4055=CARTESIAN_POINT('',(-17.5418775321459,1.69948411946137,6.90000000000041));
#4056=CARTESIAN_POINT('',(-17.5418775321459,1.69948411946137,6.90000000000041));
#4057=CARTESIAN_POINT('',(-17.5,2.11251572852918E-15,6.9));
#4058=CARTESIAN_POINT('',(-17.5418775321459,-1.69948411946136,6.9));
#4059=CARTESIAN_POINT('',(-17.5418775321459,-1.69948411946136,6.89999999999959));
#4060=CARTESIAN_POINT('',(-17.5418775321491,-1.69948411946128,6.84420139227833));
#4061=CARTESIAN_POINT('',(-17.5533594654359,-1.69931169310159,6.78969921510273));
#4062=CARTESIAN_POINT('',(-17.5758639598258,-1.69830640922053,6.73864924893131));
#4063=CARTESIAN_POINT('',(-17.5,2.11251572852918E-15,0.4));
#4064=CARTESIAN_POINT('',(-19.2,2.11251572852918E-15,0.4));
#4065=CARTESIAN_POINT('',(19.5,-1.31649530908342E-15,12.9));
#4066=CARTESIAN_POINT('',(19.5,-1.31649530908342E-15,6.9));
#4067=CARTESIAN_POINT('',(17.8,-1.31649530908342E-15,6.9));
#4068=CARTESIAN_POINT('',(19.5,-1.31649530908342E-15,0.4));
#4069=CARTESIAN_POINT('',(17.8,-1.31649530908342E-15,0.4));
#4070=CARTESIAN_POINT('',(0.,0.,7.3));
#4071=CARTESIAN_POINT('',(-17.5,2.11251572852918E-15,7.3));
#4072=CARTESIAN_POINT('',(-17.5418775321459,1.69948411946137,6.90000000000041));
#4073=CARTESIAN_POINT('',(-17.5418775321409,1.78853036446276,6.98901922310472));
#4074=CARTESIAN_POINT('',(-17.5886712628625,1.96787169087053,7.16671470633185));
#4075=CARTESIAN_POINT('',(-17.8175997004974,2.07973337876959,7.30000000002361));
#4076=CARTESIAN_POINT('',(-17.9418775321486,2.05298422952486,7.30000000002275));
#4077=CARTESIAN_POINT('',(-17.941877532146,-2.05298422950216,7.3));
#4078=CARTESIAN_POINT('',(-17.817645319549,-2.07972355985183,7.29999999999998));
#4079=CARTESIAN_POINT('',(-17.5890294178009,-1.96833051251541,7.16719375082004));
#4080=CARTESIAN_POINT('',(-17.541877532141,-1.78848867898257,6.98897755027397));
#4081=CARTESIAN_POINT('',(-17.5418775321459,-1.69948411946116,6.8999999999998));
#4082=CARTESIAN_POINT('',(19.5,-1.31649530908342E-15,7.3));
#4083=CARTESIAN_POINT('',(17.9352518629213,1.40055819854393,7.3));
#4084=CARTESIAN_POINT('',(17.7670869811671,1.21267904741651,7.29999999999996));
#4085=CARTESIAN_POINT('',(17.6292980449567,0.734189446307006,7.16667825003454));
#4086=CARTESIAN_POINT('',(17.5750146427193,0.00213477468613115,7.07730552078489));
#4087=CARTESIAN_POINT('',(17.6285650116216,-0.732536362491252,7.16618257878002));
#4088=CARTESIAN_POINT('',(17.7676232403535,-1.21327817324528,7.30000000001405));
#4089=CARTESIAN_POINT('',(17.9352518629023,-1.40055819855557,7.30000000002191));
#4090=CARTESIAN_POINT('',(-25.28178927056,1.59862099354422,0.4));
#4091=CARTESIAN_POINT('',(-25.28178927056,10.5310721959848,0.4));
#4092=CARTESIAN_POINT('',(-24.88178927056,10.5310721959848,0.));
#4093=CARTESIAN_POINT('',(-24.88178927056,1.59862099354422,0.));
#4094=CARTESIAN_POINT('',(-24.8816767577433,-0.0578462265107898,0.000113011408819109));
#4095=CARTESIAN_POINT('',(-24.8817895198561,-0.0578459031454572,2.49296048268708E-7));
#4096=CARTESIAN_POINT('',(-25.0151227700907,-0.0578459031454572,0.133333499530699));
#4097=CARTESIAN_POINT('',(-25.1484560203254,-0.0578459031454572,0.266666749765349));
#4098=CARTESIAN_POINT('',(-25.28178927056,-0.0578459031454572,0.4));
#4099=CARTESIAN_POINT('',(-25.2446865330142,9.86500527556256,0.4));
#4100=CARTESIAN_POINT('',(-25.2692961551223,10.0852009366503,0.4));
#4101=CARTESIAN_POINT('',(-25.28178927056,10.3081190230354,0.4));
#4102=CARTESIAN_POINT('',(-25.28178927056,11.0884551283581,0.4));
#4103=CARTESIAN_POINT('',(-25.203707299073,11.6456187697053,0.4));
#4104=CARTESIAN_POINT('',(-24.9031484371147,12.675528134933,0.4));
#4105=CARTESIAN_POINT('',(-24.6807897943431,13.1478686638626,0.4));
#4106=CARTESIAN_POINT('',(-24.1254294338962,13.9361271638218,0.4));
#4107=CARTESIAN_POINT('',(-23.7926462058233,14.251735016707,0.4));
#4108=CARTESIAN_POINT('',(-23.0670329294872,14.6783374411552,0.4));
#4109=CARTESIAN_POINT('',(-22.6744883449864,14.7891641814767,0.4));
#4110=CARTESIAN_POINT('',(-22.1247096407893,14.7891641814767,0.4));
#4111=CARTESIAN_POINT('',(-21.9676547294065,14.7714319030252,0.4));
#4112=CARTESIAN_POINT('',(-21.8125178776219,14.7365018913011,0.4));
#4113=CARTESIAN_POINT('',(-24.8073536299567,9.91381208964509,-0.0400000000000771));
#4114=CARTESIAN_POINT('',(-24.8301514367321,10.1176719972475,-0.0400000000000771));
#4115=CARTESIAN_POINT('',(-24.8417892705599,10.3243504804439,-0.0400000000000771));
#4116=CARTESIAN_POINT('',(-24.8417892705599,11.0478764848369,-0.0400000000000771));
#4117=CARTESIAN_POINT('',(-24.7690528091348,11.5644105715356,-0.0400000000000771));
#4118=CARTESIAN_POINT('',(-24.4930401159522,12.5102088640824,-0.0400000000000771));
#4119=CARTESIAN_POINT('',(-24.2898595737745,12.9387871288878,-0.0400000000000771));
#4120=CARTESIAN_POINT('',(-23.7969735738454,13.6383717753081,-0.0400000000000771));
#4121=CARTESIAN_POINT('',(-23.5082903521758,13.9085040271451,-0.0400000000000771));
#4122=CARTESIAN_POINT('',(-22.9053888845766,14.2629617536529,-0.0400000000000771));
#4123=CARTESIAN_POINT('',(-22.5927388536085,14.3491641814766,-0.0400000000000771));
#4124=CARTESIAN_POINT('',(-22.1574094373405,14.3491641814766,-0.0400000000000771));
#4125=CARTESIAN_POINT('',(-22.0327575324536,14.3353717930248,-0.0400000000000771));
#4126=CARTESIAN_POINT('',(-21.9086591395852,14.3074782796344,-0.0400000000000771));
#4127=CARTESIAN_POINT('',(-22.2817892705595,14.7891641814767,0.4));
#4128=CARTESIAN_POINT('',(-22.2817892705596,14.3891641814767,0.));
#4129=CARTESIAN_POINT('',(-24.88178927056,10.5310721959848,2.30392961653169E-15));
#4130=CARTESIAN_POINT('',(-24.88178927056,10.9592459110858,2.30392961653169E-15));
#4131=CARTESIAN_POINT('',(-24.7845935408881,11.8127015056713,-1.11469535858666E-15));
#4132=CARTESIAN_POINT('',(-24.3433625122936,13.0097821479854,2.62580213648833E-16));
#4133=CARTESIAN_POINT('',(-23.5352894769735,14.0466450770705,-1.18584612615602E-16));
#4134=CARTESIAN_POINT('',(-22.7143195877673,14.3891641814768,-2.03287907341032E-17));
#4135=CARTESIAN_POINT('',(-22.2817892705596,14.3891641814767,-2.03287907341032E-17));
#4136=CARTESIAN_POINT('',(0.257443627102688,14.7891641814717,0.4));
#4137=CARTESIAN_POINT('',(-21.3865603795168,14.3891641814765,-4.06150660386906E-15));
#4138=CARTESIAN_POINT('',(-21.4905428231705,14.5173772066432,0.128213025166619));
#4139=CARTESIAN_POINT('',(-21.5766412420358,14.6522354016075,0.263071220130928));
#4140=CARTESIAN_POINT('',(-21.655120505164,14.7891641814766,0.4));
#4141=CARTESIAN_POINT('',(-21.3865603795167,14.3891641814765,0.));
#4142=CARTESIAN_POINT('',(0.257443627102599,14.3891641814717,0.));
#4143=CARTESIAN_POINT('',(-21.8033353879652,14.3222904713132,0.4048));
#4144=CARTESIAN_POINT('',(-21.7989605087148,14.3887223728883,0.4048));
#4145=CARTESIAN_POINT('',(-21.7883904804619,14.4548172844458,0.4048));
#4146=CARTESIAN_POINT('',(-21.7377500672465,14.6506278004807,0.4048));
#4147=CARTESIAN_POINT('',(-21.6784992408444,14.7753151069202,0.4048));
#4148=CARTESIAN_POINT('',(-21.5183203911215,14.9927122470941,0.4048));
#4149=CARTESIAN_POINT('',(-21.4174545529765,15.0853368253161,0.4048));
#4150=CARTESIAN_POINT('',(-21.1893580663289,15.2244704178112,0.4048));
#4151=CARTESIAN_POINT('',(-21.0622165210739,15.2709240780858,0.4048));
#4152=CARTESIAN_POINT('',(-20.83375189665,15.3056012988326,0.4048));
#4153=CARTESIAN_POINT('',(-20.7340300304015,15.3055174325395,0.4048));
#4154=CARTESIAN_POINT('',(-20.6366407213507,15.2907174558462,0.4048));
#4155=CARTESIAN_POINT('',(-21.7985459069901,14.3219750179067,0.4));
#4156=CARTESIAN_POINT('',(-21.7941907499488,14.3881074561979,0.4));
#4157=CARTESIAN_POINT('',(-21.7836683973773,14.453905362841,0.4));
#4158=CARTESIAN_POINT('',(-21.7332555079758,14.6488361160032,0.4));
#4159=CARTESIAN_POINT('',(-21.6742703110861,14.7729626759027,0.4));
#4160=CARTESIAN_POINT('',(-21.5148206402491,14.9893701635836,0.4));
#4161=CARTESIAN_POINT('',(-21.4144188289006,15.0815660443364,0.4));
#4162=CARTESIAN_POINT('',(-21.1873946399203,15.2200455600462,0.4));
#4163=CARTESIAN_POINT('',(-21.0608614792089,15.2662747743216,0.4));
#4164=CARTESIAN_POINT('',(-20.8335067676947,15.3007835283342,0.4));
#4165=CARTESIAN_POINT('',(-20.7342742919655,15.3006998257435,0.4));
#4166=CARTESIAN_POINT('',(-20.6373642053756,15.2859725615978,0.4));
#4167=CARTESIAN_POINT('',(-21.3592678782267,14.2930424986472,-0.040242804800862));
#4168=CARTESIAN_POINT('',(-21.3567215879839,14.3317089877591,-0.040242804800862));
#4169=CARTESIAN_POINT('',(-21.3505719178585,14.3702664201275,-0.040242804800862));
#4170=CARTESIAN_POINT('',(-21.3210268872044,14.4845077410667,-0.040242804800862));
#4171=CARTESIAN_POINT('',(-21.2864044989816,14.5572041698091,-0.040242804800862));
#4172=CARTESIAN_POINT('',(-21.1938331110513,14.682843451391,-0.040242804800862));
#4173=CARTESIAN_POINT('',(-21.1359905618636,14.7357203787531,-0.040242804800862));
#4174=CARTESIAN_POINT('',(-21.0073145671941,14.8142097697699,-0.040242804800862));
#4175=CARTESIAN_POINT('',(-20.936580764369,14.8398534140067,-0.040242804800862));
#4176=CARTESIAN_POINT('',(-20.8110242137619,14.8589108622744,-0.040242804800862));
#4177=CARTESIAN_POINT('',(-20.7566772911422,14.8588421740215,-0.040242804800862));
#4178=CARTESIAN_POINT('',(-20.7037201712801,14.8507839048509,-0.040242804800862));
#4179=CARTESIAN_POINT('',(-20.783943937694,14.8971097670885,-2.16840434497765E-16));
#4180=CARTESIAN_POINT('',(-20.783943937694,15.0304431004218,0.133333333333333));
#4181=CARTESIAN_POINT('',(-20.783943937694,15.1637764337552,0.266666666666666));
#4182=CARTESIAN_POINT('',(-20.783943937694,15.2971097670885,0.4));
#4183=CARTESIAN_POINT('',(-20.7839439376939,14.8971097670885,0.));
#4184=CARTESIAN_POINT('',(-21.3865603795167,14.3891641814765,-4.2148359455374E-15));
#4185=CARTESIAN_POINT('',(-21.3273612146049,14.669729583856,-4.2148359455374E-15));
#4186=CARTESIAN_POINT('',(-21.0709670519217,14.8971464996468,-2.03287907341032E-17));
#4187=CARTESIAN_POINT('',(-20.7839439419431,14.897088675507,-2.03287907341032E-17));
#4188=CARTESIAN_POINT('',(0.257443627100576,15.2971097670872,0.4));
#4189=CARTESIAN_POINT('',(20.7839439546521,15.2970818863629,0.399972119276876));
#4190=CARTESIAN_POINT('',(20.7839848700277,15.1637543375107,0.266644570424651));
#4191=CARTESIAN_POINT('',(20.7840257854034,15.0304267886584,0.133317021572426));
#4192=CARTESIAN_POINT('',(20.7840667007791,14.8970992398062,-1.05272797994616E-5));
#4193=CARTESIAN_POINT('',(20.7840667007791,14.8970887125264,0.));
#4194=CARTESIAN_POINT('',(0.257443627100552,14.8971097670872,0.));
#4195=CARTESIAN_POINT('',(20.6373751441932,15.2859742239089,0.4));
#4196=CARTESIAN_POINT('',(20.7342817592117,15.3006998320184,0.4));
#4197=CARTESIAN_POINT('',(20.8335104299031,15.3007829724438,0.4));
#4198=CARTESIAN_POINT('',(21.0608614790495,15.2662747743204,0.4));
#4199=CARTESIAN_POINT('',(21.1873946397611,15.2200455600456,0.4));
#4200=CARTESIAN_POINT('',(21.414418828742,15.0815660443369,0.4));
#4201=CARTESIAN_POINT('',(21.514820640091,14.9893701635846,0.4));
#4202=CARTESIAN_POINT('',(21.674270310929,14.7729626759046,0.4));
#4203=CARTESIAN_POINT('',(21.7332555078195,14.6488361160054,0.4));
#4204=CARTESIAN_POINT('',(21.7836683050271,14.4539057193311,0.4));
#4205=CARTESIAN_POINT('',(21.7941906330025,14.3881081865111,0.4));
#4206=CARTESIAN_POINT('',(21.7985458343258,14.3219761189451,0.4));
#4207=CARTESIAN_POINT('',(20.7040874410368,14.8484151357888,-0.04264));
#4208=CARTESIAN_POINT('',(20.7568033503397,14.8564361908611,-0.04264));
#4209=CARTESIAN_POINT('',(20.8109038059761,14.8565044865738,-0.04264));
#4210=CARTESIAN_POINT('',(20.9359040350755,14.8375314788668,-0.04264));
#4211=CARTESIAN_POINT('',(21.0063340011286,14.8119999264787,-0.04264));
#4212=CARTESIAN_POINT('',(21.1344744735439,14.733837191656,-0.04264));
#4213=CARTESIAN_POINT('',(21.1920852804803,14.6811743625264,-0.04264));
#4214=CARTESIAN_POINT('',(21.2842925050519,14.5560293289047,-0.04264));
#4215=CARTESIAN_POINT('',(21.3187822337353,14.4836129457694,-0.04264));
#4216=CARTESIAN_POINT('',(21.3482135816085,14.3698112003117,-0.04264));
#4217=CARTESIAN_POINT('',(21.3543394275828,14.3314023150447,-0.04264));
#4218=CARTESIAN_POINT('',(21.3568758940091,14.2928855975407,-0.04264));
#4219=CARTESIAN_POINT('',(21.3865603793436,14.3891641815618,-1.54229225303324E-15));
#4220=CARTESIAN_POINT('',(21.4905428229842,14.5173772067302,0.128213025167981));
#4221=CARTESIAN_POINT('',(21.5766412418387,14.6522354016944,0.263071220131857));
#4222=CARTESIAN_POINT('',(21.6551205049573,14.7891641815629,0.4));
#4223=CARTESIAN_POINT('',(21.3865603793436,14.3891641815618,3.46944695195361E-15));
#4224=CARTESIAN_POINT('',(20.7840667007791,14.8970887061886,6.3372830606366E-9));
#4225=CARTESIAN_POINT('',(21.0707548323706,14.8970854704876,6.3372830606366E-9));
#4226=CARTESIAN_POINT('',(21.3274303743018,14.6694018111122,-2.03287907341032E-17));
#4227=CARTESIAN_POINT('',(21.3865603793436,14.3891641815618,-2.03287907341032E-17));
#4228=CARTESIAN_POINT('',(0.257443627044245,14.7891641814729,0.4));
#4229=CARTESIAN_POINT('',(22.7966765247595,14.7891641815677,0.4));
#4230=CARTESIAN_POINT('',(22.7966765247543,14.3891641815677,0.));
#4231=CARTESIAN_POINT('',(0.257443627045928,14.3891641814729,0.));
#4232=CARTESIAN_POINT('',(22.7966765247595,14.7891641815677,0.4));
#4233=CARTESIAN_POINT('',(23.1893756210021,14.7891641815626,0.4));
#4234=CARTESIAN_POINT('',(23.5819201836867,14.6783374412459,0.4));
#4235=CARTESIAN_POINT('',(24.3075334600228,14.2517350167984,0.4));
#4236=CARTESIAN_POINT('',(24.6403166880965,13.9361271639128,0.4));
#4237=CARTESIAN_POINT('',(25.1956770485418,13.1478686639536,0.4));
#4238=CARTESIAN_POINT('',(25.4180356913132,12.675528135024,0.4));
#4239=CARTESIAN_POINT('',(25.7185945532735,11.6456187697962,0.4));
#4240=CARTESIAN_POINT('',(25.7966765247595,11.0884551284491,0.4));
#4241=CARTESIAN_POINT('',(25.7966765247595,10.3081190231262,0.4));
#4242=CARTESIAN_POINT('',(25.7841834093215,10.0852009367407,0.4));
#4243=CARTESIAN_POINT('',(25.7595737872134,9.86500527565273,0.4));
#4244=CARTESIAN_POINT('',(22.7966765247595,14.3491641815676,-0.0400000000000789));
#4245=CARTESIAN_POINT('',(23.1076261112583,14.3491641815734,-0.0400000000000789));
#4246=CARTESIAN_POINT('',(23.4202761387761,14.2629617537435,-0.0400000000000789));
#4247=CARTESIAN_POINT('',(24.0231776063753,13.9085040272365,-0.0400000000000789));
#4248=CARTESIAN_POINT('',(24.3118608280458,13.6383717753991,-0.0400000000000789));
#4249=CARTESIAN_POINT('',(24.8047468279731,12.9387871289787,-0.0400000000000789));
#4250=CARTESIAN_POINT('',(25.0079273701508,12.5102088641729,-0.0400000000000789));
#4251=CARTESIAN_POINT('',(25.2839400633353,11.564410571627,-0.0400000000000789));
#4252=CARTESIAN_POINT('',(25.3566765247594,11.0478764849279,-0.0400000000000789));
#4253=CARTESIAN_POINT('',(25.3566765247594,10.3243504805346,-0.0400000000000789));
#4254=CARTESIAN_POINT('',(25.3450386909314,10.1176719973381,-0.0400000000000789));
#4255=CARTESIAN_POINT('',(25.3222408841558,9.91381208973545,-0.0400000000000789));
#4256=CARTESIAN_POINT('',(25.7966765247595,10.5310721960758,0.4));
#4257=CARTESIAN_POINT('',(25.3966765247595,10.5310721960758,0.));
#4258=CARTESIAN_POINT('',(22.7966765247569,14.3891641815677,-2.30054148474268E-15));
#4259=CARTESIAN_POINT('',(23.2290582321061,14.3891641815743,-2.30054148474268E-15));
#4260=CARTESIAN_POINT('',(24.0565215935343,14.0425135226185,1.00180896761622E-15));
#4261=CARTESIAN_POINT('',(25.1228123965353,12.6643199517221,-6.51907357404991E-16));
#4262=CARTESIAN_POINT('',(25.3966765247595,11.387254879664,-2.03287907341032E-17));
#4263=CARTESIAN_POINT('',(25.3966765247595,10.5310721960758,-2.03287907341032E-17));
#4264=CARTESIAN_POINT('',(25.7966765247595,1.59862099354422,0.4));
#4265=CARTESIAN_POINT('',(25.7966765247595,0.554370739059611,0.4));
#4266=CARTESIAN_POINT('',(25.6633431914262,0.554370739059611,0.266666666666666));
#4267=CARTESIAN_POINT('',(25.5300098580928,0.554370739059611,0.133333333333333));
#4268=CARTESIAN_POINT('',(25.3966765247595,0.554370739059611,-8.67361737988404E-16));
#4269=CARTESIAN_POINT('',(25.3964510780917,0.554370092545952,-3.20072574978069E-16));
#4270=CARTESIAN_POINT('',(25.3966765247595,1.59862099354422,0.));
#4271=CARTESIAN_POINT('',(22.6173017588308,0.546400322955225,-1.3010426069826E-15));
#4272=CARTESIAN_POINT('',(24.7534782677184,-1.23048434664676,1.89735380184963E-15));
#4273=CARTESIAN_POINT('',(24.8555864691506,-1.31616330080873,0.133292790450261));
#4274=CARTESIAN_POINT('',(24.9576946705829,-1.4018422549707,0.26658558090052));
#4275=CARTESIAN_POINT('',(25.0598028720151,-1.48752120913267,0.399878371350779));
#4276=CARTESIAN_POINT('',(24.7535224301543,-1.23052093937886,-8.57680518778176E-5));
#4277=CARTESIAN_POINT('',(22.6173017588308,0.546400322955225,0.));
#4278=CARTESIAN_POINT('',(16.3317870489153,-11.8893546431184,0.4));
#4279=CARTESIAN_POINT('',(17.6844454922072,-10.2771814367582,0.399911522204813));
#4280=CARTESIAN_POINT('',(17.5822884354554,-10.1914854101864,0.266570332474901));
#4281=CARTESIAN_POINT('',(17.4801313787035,-10.1057893836146,0.133229142744988));
#4282=CARTESIAN_POINT('',(17.3779743219516,-10.0200933570427,-0.000112046984925202));
#4283=CARTESIAN_POINT('',(17.3778884889815,-10.0200213346291,0.));
#4284=CARTESIAN_POINT('',(16.0253692716677,-11.6322395992438,0.));
#4285=CARTESIAN_POINT('',(17.7012518626576,-10.256930340281,0.4));
#4286=CARTESIAN_POINT('',(17.5380844231553,-10.4529665172487,0.4));
#4287=CARTESIAN_POINT('',(17.3657317178814,-10.6377704273043,0.4));
#4288=CARTESIAN_POINT('',(16.7675551513541,-11.2075031269809,0.4));
#4289=CARTESIAN_POINT('',(16.3111439262535,-11.5295030703736,0.4));
#4290=CARTESIAN_POINT('',(15.621840349608,-11.8606452475285,0.4));
#4291=CARTESIAN_POINT('',(15.3913491095726,-11.9459283856684,0.4));
#4292=CARTESIAN_POINT('',(14.9377549699999,-12.0630304461898,0.4));
#4293=CARTESIAN_POINT('',(14.7146632688237,-12.0948464773208,0.4));
#4294=CARTESIAN_POINT('',(14.4755744370072,-12.0998161365444,0.4));
#4295=CARTESIAN_POINT('',(14.4516955020858,-12.0999747710898,0.4));
#4296=CARTESIAN_POINT('',(14.4279213657378,-12.0997942399149,0.4));
#4297=CARTESIAN_POINT('',(17.3938050204505,-10.0009716678124,-1.17034508440809E-9));
#4298=CARTESIAN_POINT('',(17.2402310387923,-10.1854962706283,-1.17034508440809E-9));
#4299=CARTESIAN_POINT('',(17.0783451714504,-10.359091730303,-1.17034508440809E-9));
#4300=CARTESIAN_POINT('',(16.518584696632,-10.8922350607038,-1.17034508440809E-9));
#4301=CARTESIAN_POINT('',(16.0948165822232,-11.1896639216923,-1.17034508440809E-9));
#4302=CARTESIAN_POINT('',(15.4701891006661,-11.4897356353835,-1.17034508440809E-9));
#4303=CARTESIAN_POINT('',(15.2639351692823,-11.5657073641618,-1.17034508440809E-9));
#4304=CARTESIAN_POINT('',(14.8651936331179,-11.6686484130517,-1.17034508440809E-9));
#4305=CARTESIAN_POINT('',(14.6727870623066,-11.6956305053546,-1.17034508440809E-9));
#4306=CARTESIAN_POINT('',(14.4710032216183,-11.6998247512539,-1.17034508440809E-9));
#4307=CARTESIAN_POINT('',(14.4509019877594,-11.6999584304309,-1.17034508440809E-9));
#4308=CARTESIAN_POINT('',(14.4309387521618,-11.6998080627789,-1.17034508440809E-9));
#4309=CARTESIAN_POINT('',(17.3778884894297,-10.0200213350051,-5.85175144289258E-10));
#4310=CARTESIAN_POINT('',(17.0036275613791,-10.4662069122391,-5.85175144289258E-10));
#4311=CARTESIAN_POINT('',(16.1394685003727,-11.2536763362577,2.92587622966606E-10));
#4312=CARTESIAN_POINT('',(15.0345949610154,-11.6998696901067,-2.03287907341032E-17));
#4313=CARTESIAN_POINT('',(14.4467911379722,-11.6998677107881,-2.03287907341032E-17));
#4314=CARTESIAN_POINT('',(-14.42672988266,-12.1022831913199,0.402489008660935));
#4315=CARTESIAN_POINT('',(-14.4505264807865,-12.1024638645715,0.402489008660935));
#4316=CARTESIAN_POINT('',(-14.4744276595088,-12.1023050651213,0.402489008660935));
#4317=CARTESIAN_POINT('',(-14.7137473489004,-12.0973306073431,0.402489008660935));
#4318=CARTESIAN_POINT('',(-14.9370299889641,-12.065484496923,0.402489008660935));
#4319=CARTESIAN_POINT('',(-15.3909654500482,-11.9482943192006,0.402489008660935));
#4320=CARTESIAN_POINT('',(-15.6216075072606,-11.8629532406144,0.402489008660935));
#4321=CARTESIAN_POINT('',(-16.3113135323083,-11.5316177268284,0.402489008660935));
#4322=CARTESIAN_POINT('',(-16.7679278798715,-11.2094648893443,0.402489008660935));
#4323=CARTESIAN_POINT('',(-17.3663434868671,-10.6395045158036,0.402489008660935));
#4324=CARTESIAN_POINT('',(-17.538761318122,-10.4546308659049,0.402489008660935));
#4325=CARTESIAN_POINT('',(-17.7019884494958,-10.2585230633923,0.402489008660935));
#4326=CARTESIAN_POINT('',(-14.4267486546375,-12.0997942686495,0.4));
#4327=CARTESIAN_POINT('',(-14.4505215406319,-12.0999747542542,0.4));
#4328=CARTESIAN_POINT('',(-14.4743992137869,-12.0998161100985,0.4));
#4329=CARTESIAN_POINT('',(-14.7134867732994,-12.0948464773208,0.4));
#4330=CARTESIAN_POINT('',(-14.9365784744755,-12.0630304461897,0.4));
#4331=CARTESIAN_POINT('',(-15.3901726140483,-11.9459283856685,0.4));
#4332=CARTESIAN_POINT('',(-15.6206638540833,-11.8606452475285,0.4));
#4333=CARTESIAN_POINT('',(-16.30996743073,-11.5295030703736,0.4));
#4334=CARTESIAN_POINT('',(-16.7663786558307,-11.2075031269813,0.4));
#4335=CARTESIAN_POINT('',(-17.3645552178664,-10.6377704315808,0.4));
#4336=CARTESIAN_POINT('',(-17.5369079189973,-10.4529665265054,0.4));
#4337=CARTESIAN_POINT('',(-17.7000753548733,-10.25693035501,0.4));
#4338=CARTESIAN_POINT('',(-14.429765434423,-11.6998080881185,2.35822585146605E-10));
#4339=CARTESIAN_POINT('',(-14.4497276254128,-11.6999584176501,2.35822585146605E-10));
#4340=CARTESIAN_POINT('',(-14.4698277998967,-11.6998247303405,2.35822585146605E-10));
#4341=CARTESIAN_POINT('',(-14.6716105669294,-11.695630506758,2.35822585146605E-10));
#4342=CARTESIAN_POINT('',(-14.8640171378487,-11.668648414438,2.35822585146605E-10));
#4343=CARTESIAN_POINT('',(-15.2627586742058,-11.5657073654985,2.35822585146605E-10));
#4344=CARTESIAN_POINT('',(-15.4690126056748,-11.4897356366874,2.35822585146605E-10));
#4345=CARTESIAN_POINT('',(-16.0936400874595,-11.189663922887,2.35822585146605E-10));
#4346=CARTESIAN_POINT('',(-16.5174082019839,-10.8922350618121,2.35822585146605E-10));
#4347=CARTESIAN_POINT('',(-17.077168672734,-10.3590917352846,2.35822585146605E-10));
#4348=CARTESIAN_POINT('',(-17.2390545362057,-10.185496280264,2.35822585146605E-10));
#4349=CARTESIAN_POINT('',(-17.3926285144678,-10.0009716825766,2.35822585146605E-10));
#4350=CARTESIAN_POINT('',(-17.3769190129899,-10.0201232466854,1.19262238973405E-15));
#4351=CARTESIAN_POINT('',(-17.4790582720724,-10.1058282613103,0.133333333333334));
#4352=CARTESIAN_POINT('',(-17.581197531155,-10.1915332759352,0.266666666666667));
#4353=CARTESIAN_POINT('',(-17.6833367902375,-10.27723829056,0.4));
#4354=CARTESIAN_POINT('',(-17.3769190129899,-10.0201232466854,0.));
#4355=CARTESIAN_POINT('',(-14.4456353139448,-11.6998677114641,2.35822768105722E-10));
#4356=CARTESIAN_POINT('',(-15.0329487879152,-11.6998639467349,2.35822768105722E-10));
#4357=CARTESIAN_POINT('',(-16.1399189968073,-11.2528362380966,-1.17911333230884E-10));
#4358=CARTESIAN_POINT('',(-17.0025549038666,-10.4660908483771,-2.03287907341032E-17));
#4359=CARTESIAN_POINT('',(-17.3767473148127,-10.0199792285697,-2.03287907341032E-17));
#4360=CARTESIAN_POINT('',(-16.1183576425995,-12.1423078120927,0.4));
#4361=CARTESIAN_POINT('',(-24.5449180722687,-2.09974000277145,0.399881634485846));
#4362=CARTESIAN_POINT('',(-24.4427871317174,-2.01412360583192,0.266611635867304));
#4363=CARTESIAN_POINT('',(-24.3406561911661,-1.92850720889238,0.133341637248761));
#4364=CARTESIAN_POINT('',(-24.2385252506149,-1.84289081195285,7.16386302190538E-5));
#4365=CARTESIAN_POINT('',(-24.2385807574758,-1.84293611066174,-1.2936168573768E-16));
#4366=CARTESIAN_POINT('',(-15.8119398653519,-11.8851927682181,0.));
#4367=CARTESIAN_POINT('',(0.,0.,0.4));
#4368=CARTESIAN_POINT('',(0.,0.,0.));
#4369=CARTESIAN_POINT('',(-2.6,0.,0.));
#4370=CARTESIAN_POINT('',(-17.5,2.11251572852918E-15,0.4));
#4371=CARTESIAN_POINT('',(-17.5,2.11251572852918E-15,0.));
#4372=CARTESIAN_POINT('',(-19.6,2.11251572852918E-15,0.));
#4373=CARTESIAN_POINT('',(19.5,-1.31649530908342E-15,0.4));
#4374=CARTESIAN_POINT('',(19.5,-1.31649530908342E-15,0.));
#4375=CARTESIAN_POINT('',(17.4,-1.31649530908342E-15,0.));
#4376=CARTESIAN_POINT('',(-22.1024221051984,-0.0658184061986214,2.60208521396521E-15));
#4377=CARTESIAN_POINT('',(-22.1024221051984,-0.0658184061986214,0.));
#4378=CARTESIAN_POINT('',(-4.99552056119747,-5.48181172713489,0.));
#4379=CARTESIAN_POINT('',(13.1966873944024,6.94999785589343,8.05676712206013));
#4380=CARTESIAN_POINT('',(13.1966873944024,6.9499978558939,6.13358393234048));
#4381=CARTESIAN_POINT('',(13.1966873944024,7.1499978558939,6.13358393234053));
#4382=CARTESIAN_POINT('',(13.1966873944026,13.6919450879035,6.13358393234212));
#4383=CARTESIAN_POINT('',(13.1966873944026,13.6050402448981,6.48967491403882));
#4384=CARTESIAN_POINT('',(13.1966873944026,13.6050402448981,6.48967491403901));
#4385=CARTESIAN_POINT('',(13.1966873944026,12.8278508040381,6.3));
#4386=CARTESIAN_POINT('',(13.1966873944026,12.8278508040381,7.1));
#4387=CARTESIAN_POINT('',(13.1966873944024,6.94999785589343,7.1));
#4388=CARTESIAN_POINT('',(13.1966873944024,7.14999785589366,7.1));
#4389=CARTESIAN_POINT('',(13.1966873944024,7.14999785589343,8.05676712206018));
#4390=CARTESIAN_POINT('',(19.1966873944025,6.94999785589328,8.05676712206013));
#4391=CARTESIAN_POINT('',(19.1966873944026,12.8278508040377,6.3));
#4392=CARTESIAN_POINT('',(19.1966873944026,12.8278508040377,7.1));
#4393=CARTESIAN_POINT('',(19.1966873944026,13.6050402448977,6.48967491403901));
#4394=CARTESIAN_POINT('',(19.1966873944026,12.8699841269138,9.50155371852417));
#4395=CARTESIAN_POINT('',(19.1966873944026,13.6919450879031,6.13358393234212));
#4396=CARTESIAN_POINT('',(19.1966873944025,6.94999785589375,6.13358393234048));
#4397=CARTESIAN_POINT('',(19.1966873944025,7.14999785589375,6.13358393234053));
#4398=CARTESIAN_POINT('',(19.1966873944025,7.14999785589347,7.3));
#4399=CARTESIAN_POINT('',(19.1966873944025,7.14999785589352,7.1));
#4400=CARTESIAN_POINT('',(19.1966873944026,12.8278508040377,7.1));
#4401=CARTESIAN_POINT('',(-0.359829599554806,6.94999785589414,6.50676712205844));
#4402=CARTESIAN_POINT('',(16.1966873944024,6.94999785589383,6.13358393234048));
#4403=CARTESIAN_POINT('',(14.6411297120434,6.9499978558937,6.81932462447831));
#4404=CARTESIAN_POINT('',(17.7522450767615,6.94999785589362,6.81932462447831));
#4405=CARTESIAN_POINT('',(17.9352518629214,6.9499978558936,6.90000000002394));
#4406=CARTESIAN_POINT('',(17.9352518629214,6.94999785589355,7.1));
#4407=CARTESIAN_POINT('',(19.1966873944025,6.94999785589352,7.1));
#4408=CARTESIAN_POINT('',(18.9966873944024,6.94999785589352,7.1));
#4409=CARTESIAN_POINT('',(18.9966873944024,6.94999785589376,6.13358393234048));
#4410=CARTESIAN_POINT('',(18.9966873944024,6.94999785589376,6.13358393234048));
#4411=CARTESIAN_POINT('',(16.1966873944024,6.94999785589383,6.13358393234048));
#4412=CARTESIAN_POINT('',(13.3966873944024,6.94999785589389,6.13358393234048));
#4413=CARTESIAN_POINT('',(13.3966873944024,6.9499978558938,6.50676712205844));
#4414=CARTESIAN_POINT('',(13.3966873944024,6.94999785589366,7.1));
#4415=CARTESIAN_POINT('',(14.4581229258835,6.94999785589363,7.1));
#4416=CARTESIAN_POINT('',(14.4581229258835,6.94999785589363,7.1));
#4417=CARTESIAN_POINT('',(14.4581229258835,6.94999785589368,6.90000000002394));
#4418=CARTESIAN_POINT('',(16.1966873944024,6.94999785589383,6.13358393234048));
#4419=CARTESIAN_POINT('',(16.1966873944026,13.6919450879033,6.13358393234212));
#4420=CARTESIAN_POINT('',(16.1966873944024,7.14999785589383,6.13358393234053));
#4421=CARTESIAN_POINT('',(-19.2033130636253,6.94999785589421,8.05676712206013));
#4422=CARTESIAN_POINT('',(-19.2033130636253,6.94999785589468,6.13358393234393));
#4423=CARTESIAN_POINT('',(-19.2033130636253,7.14999785589468,6.13358393234398));
#4424=CARTESIAN_POINT('',(-19.2033130636251,13.6919450879046,6.13358393234557));
#4425=CARTESIAN_POINT('',(-19.2033130636251,13.6050402448998,6.48967491404007));
#4426=CARTESIAN_POINT('',(-19.2033130636251,13.6050402449001,6.48967491403901));
#4427=CARTESIAN_POINT('',(-19.2033130636251,12.8278508040401,6.3));
#4428=CARTESIAN_POINT('',(-19.2033130636251,12.8278508040401,7.1));
#4429=CARTESIAN_POINT('',(-19.2033130636253,6.94999785589421,7.1));
#4430=CARTESIAN_POINT('',(-19.2033130636253,7.14999785589445,7.1));
#4431=CARTESIAN_POINT('',(-19.2033130636253,7.14999785589421,8.05676712206018));
#4432=CARTESIAN_POINT('',(-13.2033130636251,6.94999785589407,8.05676712206013));
#4433=CARTESIAN_POINT('',(-13.2033130636251,12.8278508040397,6.3));
#4434=CARTESIAN_POINT('',(-13.203313063625,12.8278508040397,7.1));
#4435=CARTESIAN_POINT('',(-13.2033130636251,13.6050402448997,6.48967491403904));
#4436=CARTESIAN_POINT('',(-13.2033130636248,12.8699841269157,9.50155371852444));
#4437=CARTESIAN_POINT('',(-13.2033130636251,13.6919450879043,6.13358393234557));
#4438=CARTESIAN_POINT('',(-13.2033130636253,6.94999785589454,6.13358393234393));
#4439=CARTESIAN_POINT('',(-13.2033130636253,7.14999785589454,6.13358393234398));
#4440=CARTESIAN_POINT('',(-13.2033130636251,7.14999785589425,7.3));
#4441=CARTESIAN_POINT('',(-13.2033130636252,7.1499978558943,7.1));
#4442=CARTESIAN_POINT('',(-13.203313063625,12.8278508040397,7.1));
#4443=CARTESIAN_POINT('',(-0.359829599554806,6.94999785589414,6.50676712205844));
#4444=CARTESIAN_POINT('',(-17.9418775321457,6.94999785589442,7.1));
#4445=CARTESIAN_POINT('',(-19.0033130636252,6.94999785589444,7.1));
#4446=CARTESIAN_POINT('',(-17.9418775321457,6.94999785589442,7.1));
#4447=CARTESIAN_POINT('',(-17.9418775321457,6.94999785589446,6.90000000002394));
#4448=CARTESIAN_POINT('',(-17.7588707459857,6.94999785589448,6.81932462447868));
#4449=CARTESIAN_POINT('',(-16.2033130636252,6.94999785589461,6.13358393234393));
#4450=CARTESIAN_POINT('',(-14.6477553812648,6.9499978558944,6.81932462447868));
#4451=CARTESIAN_POINT('',(-14.4647485951048,6.94999785589438,6.90000000002394));
#4452=CARTESIAN_POINT('',(-14.4647485951048,6.94999785589433,7.1));
#4453=CARTESIAN_POINT('',(-13.2033130636251,6.9499978558943,7.1));
#4454=CARTESIAN_POINT('',(-13.4033130636252,6.94999785589431,7.1));
#4455=CARTESIAN_POINT('',(-13.4033130636253,6.94999785589454,6.13358393234395));
#4456=CARTESIAN_POINT('',(-13.4033130636253,6.94999785589454,6.13358393234395));
#4457=CARTESIAN_POINT('',(-16.2033130636252,6.94999785589461,6.13358393234393));
#4458=CARTESIAN_POINT('',(-19.0033130636252,6.94999785589468,6.13358393234393));
#4459=CARTESIAN_POINT('',(-19.0033130636252,6.94999785589459,6.50676712205844));
#4460=CARTESIAN_POINT('',(-16.2033130636252,6.94999785589461,6.13358393234393));
#4461=CARTESIAN_POINT('',(-16.2033130636251,13.6919450879044,6.13358393234557));
#4462=CARTESIAN_POINT('',(-16.2033130636252,7.14999785589461,6.13358393234398));
#4463=CARTESIAN_POINT('',(14.4581229258811,-91.4579787467643,6.9));
#4464=CARTESIAN_POINT('',(14.4581229258835,6.74999785589368,6.90000000002389));
#4465=CARTESIAN_POINT('',(14.4581229258829,-15.2734657970936,6.90000000001853));
#4466=CARTESIAN_POINT('',(14.4581229258748,-15.2734657970936,6.9));
#4467=CARTESIAN_POINT('',(14.4581229258748,-15.2734657970936,6.9));
#4468=CARTESIAN_POINT('',(14.7598855285766,-15.5266746857131,6.83054072895059));
#4469=CARTESIAN_POINT('',(14.8374650776948,-15.417305616871,6.76888425533938));
#4470=CARTESIAN_POINT('',(14.8241364982023,-15.2734657970892,6.73864924892636));
#4471=CARTESIAN_POINT('',(14.5062017082305,-15.6711439647118,6.25507565856333));
#4472=CARTESIAN_POINT('',(14.6069000040802,-15.5559465400086,6.27261065341906));
#4473=CARTESIAN_POINT('',(14.6238597979125,-15.4179350760877,6.28433471967972));
#4474=CARTESIAN_POINT('',(14.5974122498887,-15.273661208718,5.20234021626236));
#4475=CARTESIAN_POINT('',(14.750566095972,-15.1096944623646,5.26998079928621));
#4476=CARTESIAN_POINT('',(14.6958681202946,-15.0204523200943,5.45322779153947));
#4477=CARTESIAN_POINT('',(15.5562188174628,-13.8899367953201,4.32356111839378));
#4478=CARTESIAN_POINT('',(15.7123003949332,-13.7809718899043,4.60442643919445));
#4479=CARTESIAN_POINT('',(15.4528206736381,-13.6367279066964,4.75945481953976));
#4480=CARTESIAN_POINT('',(16.4983070655934,-12.7015802646436,4.08434993113584));
#4481=CARTESIAN_POINT('',(16.6462327526723,-12.6563201481823,4.56201369063942));
#4482=CARTESIAN_POINT('',(16.196574553742,-12.4483713760199,4.57060388223057));
#4483=CARTESIAN_POINT('',(17.284095263166,-11.8198489184891,4.28388092575327));
#4484=CARTESIAN_POINT('',(17.3002169150779,-11.9843689097925,4.95366675967424));
#4485=CARTESIAN_POINT('',(16.8169336570887,-11.5666400298654,4.72812835166552));
#4486=CARTESIAN_POINT('',(17.7995189820932,-11.3067814848173,4.65276427064291));
#4487=CARTESIAN_POINT('',(17.6034287524102,-11.7402510832102,5.3810422443722));
#4488=CARTESIAN_POINT('',(17.2238471193996,-11.0535725961936,5.01935204499945));
#4489=CARTESIAN_POINT('',(18.1064582199595,-11.0405328270672,5.01565688632838));
#4490=CARTESIAN_POINT('',(17.6874619876296,-11.7220207417186,5.67966333477157));
#4491=CARTESIAN_POINT('',(17.4661675703468,-10.7873239384434,5.30584621527749));
#4492=CARTESIAN_POINT('',(18.3147684964483,-10.9094820562074,5.44291491398587));
#4493=CARTESIAN_POINT('',(17.6535889954459,-11.796152067688,5.80274421723985));
#4494=CARTESIAN_POINT('',(17.6306230517852,-10.6562731675837,5.64315518448072));
#4495=CARTESIAN_POINT('',(18.4117267318913,-10.9215774206618,5.90823830097952));
#4496=CARTESIAN_POINT('',(17.6610280803523,-11.7854560940069,5.79607155888385));
#4497=CARTESIAN_POINT('',(17.7071690271353,-10.6683685320379,6.01051575316014));
#4498=CARTESIAN_POINT('',(18.3913739066502,-11.0761027371664,6.38312756533316));
#4499=CARTESIAN_POINT('',(17.7510563829235,-11.7144844823046,5.9284733511246));
#4500=CARTESIAN_POINT('',(17.6911010072068,-10.8228938485427,6.38542833028057));
#4501=CARTESIAN_POINT('',(18.3004354189625,-11.2677468038497,6.68667446530337));
#4502=CARTESIAN_POINT('',(17.7778299329834,-11.7461047360194,6.16005921725464));
#4503=CARTESIAN_POINT('',(17.6193074642985,-11.0145379152256,6.62507061973285));
#4504=CARTESIAN_POINT('',(18.2370144656238,-11.3827937830691,6.83054072893323));
#4505=CARTESIAN_POINT('',(17.7660537545536,-11.7963836249171,6.29218630677271));
#4506=CARTESIAN_POINT('',(17.569238290608,-11.1295848944453,6.73864924891286));
#4507=CARTESIAN_POINT('',(17.9352518629296,-11.1295848944453,6.9));
#4508=CARTESIAN_POINT('',(17.9352518629296,-11.1295848944453,6.9));
#4509=CARTESIAN_POINT('',(17.9352518629296,-11.1295848944453,6.9));
#4510=CARTESIAN_POINT('',(17.935251862919,-91.4579787467644,6.9));
#4511=CARTESIAN_POINT('',(17.9352518629214,6.74999785589357,6.90000000002389));
#4512=CARTESIAN_POINT('',(-17.9418775321482,-91.4579787467635,6.9));
#4513=CARTESIAN_POINT('',(-17.9418775321457,6.74999785589446,6.90000000002389));
#4514=CARTESIAN_POINT('',(-14.4647485951072,-91.4579787467636,6.9));
#4515=CARTESIAN_POINT('',(-14.4647485951048,6.74999785589438,6.90000000002389));
#4516=CARTESIAN_POINT('',(-14.4647485951053,-15.2641675392268,6.9));
#4517=CARTESIAN_POINT('',(-14.4647485950971,-15.2641675392268,6.9));
#4518=CARTESIAN_POINT('',(-14.4647485950971,-15.2641675392268,6.9));
#4519=CARTESIAN_POINT('',(-14.830762167425,-15.2641675392223,6.73864924892708));
#4520=CARTESIAN_POINT('',(-14.8440907469173,-15.4080073590041,6.76888425533981));
#4521=CARTESIAN_POINT('',(-14.766511197799,-15.5173764278462,6.83054072895059));
#4522=CARTESIAN_POINT('',(-14.6304854671368,-15.4086368182201,6.28433471968143));
#4523=CARTESIAN_POINT('',(-14.6135256733013,-15.5466482821417,6.27261065342118));
#4524=CARTESIAN_POINT('',(-14.5128273774537,-15.6618457068442,6.25507565856418));
#4525=CARTESIAN_POINT('',(-14.7024937895194,-15.0111540622243,5.45322779154114));
#4526=CARTESIAN_POINT('',(-14.757191765198,-15.1003962044944,5.26998079928747));
#4527=CARTESIAN_POINT('',(-14.6040379191141,-15.264362950848,5.20234021626366));
#4528=CARTESIAN_POINT('',(-15.4594463428626,-13.6274296488276,4.75945481954299));
#4529=CARTESIAN_POINT('',(-15.7189260641577,-13.7716736320357,4.60442643919794));
#4530=CARTESIAN_POINT('',(-15.5628444866875,-13.8806385374513,4.32356111839693));
#4531=CARTESIAN_POINT('',(-16.2032002229658,-12.4390731181522,4.57060388223414));
#4532=CARTESIAN_POINT('',(-16.6528584218959,-12.6470218903148,4.56201369064297));
#4533=CARTESIAN_POINT('',(-16.5049327348171,-12.6922820067759,4.08434993113945));
#4534=CARTESIAN_POINT('',(-16.8235593263118,-11.5573417719986,4.72812835166877));
#4535=CARTESIAN_POINT('',(-17.3068425843008,-11.9750706519256,4.95366675967713));
#4536=CARTESIAN_POINT('',(-17.2907209323889,-11.8105506606223,4.28388092575647));
#4537=CARTESIAN_POINT('',(-17.2304727886225,-11.044274338327,5.01935204500218));
#4538=CARTESIAN_POINT('',(-17.6100544216333,-11.730952825343,5.38104224437459));
#4539=CARTESIAN_POINT('',(-17.8061446513159,-11.2974832269507,4.65276427064545));
#4540=CARTESIAN_POINT('',(-17.4727932395696,-10.7780256805767,5.30584621527968));
#4541=CARTESIAN_POINT('',(-17.6940876568532,-11.7127224838508,5.67966333477397));
#4542=CARTESIAN_POINT('',(-18.1130838891821,-11.0312345692004,5.01565688633024));
#4543=CARTESIAN_POINT('',(-17.6372487210083,-10.6469749097164,5.64315518448243));
#4544=CARTESIAN_POINT('',(-17.6602146646699,-11.7868538098199,5.80274421724306));
#4545=CARTESIAN_POINT('',(-18.3213941656712,-10.9001837983401,5.44291491398712));
#4546=CARTESIAN_POINT('',(-17.7137946963587,-10.6590702741699,6.01051575316133));
#4547=CARTESIAN_POINT('',(-17.6676537495754,-11.7761578361401,5.79607155888749));
#4548=CARTESIAN_POINT('',(-18.4183524011147,-10.9122791627937,5.9082383009801));
#4549=CARTESIAN_POINT('',(-17.6977266764309,-10.8135955906735,6.38542833028148));
#4550=CARTESIAN_POINT('',(-17.7576820521474,-11.7051862244358,5.92847335112547));
#4551=CARTESIAN_POINT('',(-18.3979995758746,-11.0668044792971,6.38312756533341));
#4552=CARTESIAN_POINT('',(-17.6259331335231,-11.0052396573559,6.62507061973355));
#4553=CARTESIAN_POINT('',(-17.7844556022058,-11.736806478154,6.16005921725749));
#4554=CARTESIAN_POINT('',(-18.307061088187,-11.2584485459802,6.68667446530328));
#4555=CARTESIAN_POINT('',(-17.5758639598329,-11.1202866365749,6.7386492489136));
#4556=CARTESIAN_POINT('',(-17.7726794237776,-11.7870853670483,6.29218630677318));
#4557=CARTESIAN_POINT('',(-18.243640134849,-11.3734955251988,6.83054072893324));
#4558=CARTESIAN_POINT('',(-17.9418775321548,-11.120286636575,6.9));
#4559=CARTESIAN_POINT('',(-17.9418775321548,-11.120286636575,6.9));
#4560=CARTESIAN_POINT('',(-17.9418775321548,-11.120286636575,6.9));
#4561=CARTESIAN_POINT('',(-17.9418775321482,-91.4579787467635,6.9));
#4562=CARTESIAN_POINT('',(-0.359829599554811,6.74999785589399,7.1));
#4563=CARTESIAN_POINT('',(17.9352518629214,6.74999785589355,7.1));
#4564=CARTESIAN_POINT('',(18.9966873944024,6.74999785589352,7.1));
#4565=CARTESIAN_POINT('',(19.3966873944025,6.94999785589328,7.1));
#4566=CARTESIAN_POINT('',(19.3966873944025,7.14999785589351,7.1));
#4567=CARTESIAN_POINT('',(19.3966873944026,12.8278508040377,7.1));
#4568=CARTESIAN_POINT('',(18.9966873944024,7.14999785589352,7.1));
#4569=CARTESIAN_POINT('',(18.9966873944024,7.14999785589352,7.1));
#4570=CARTESIAN_POINT('',(17.9352518629214,6.7499978558936,6.90000000002389));
#4571=CARTESIAN_POINT('',(17.7522450767615,6.74999785589361,6.81932462447827));
#4572=CARTESIAN_POINT('',(19.3966873944026,12.8278508040377,6.3));
#4573=CARTESIAN_POINT('',(19.3966873944026,13.6050402448977,6.48967491403901));
#4574=CARTESIAN_POINT('',(18.9966873944024,7.14999785589329,8.05676712206018));
#4575=CARTESIAN_POINT('',(18.9966873944024,7.14999785589376,6.13358393234053));
#4576=CARTESIAN_POINT('',(16.1966873944024,6.74999785589383,6.13358393234044));
#4577=CARTESIAN_POINT('',(14.6411297120433,6.7499978558937,6.81932462447826));
#4578=CARTESIAN_POINT('',(19.3966873944026,14.1585553794617,4.22165692062694));
#4579=CARTESIAN_POINT('',(19.3966873944026,13.6919450879031,6.13358393234212));
#4580=CARTESIAN_POINT('',(16.1966873944024,7.14999785589383,6.13358393234053));
#4581=CARTESIAN_POINT('',(13.3966873944024,7.14999785589389,6.13358393234053));
#4582=CARTESIAN_POINT('',(14.4581229258835,6.74999785589368,6.90000000002389));
#4583=CARTESIAN_POINT('',(14.4581229258835,6.74999785589363,7.10000000002389));
#4584=CARTESIAN_POINT('',(19.3966873944026,13.8862424481183,6.1810026608514));
#4585=CARTESIAN_POINT('',(19.1966873944026,13.8862424481183,6.18100266085143));
#4586=CARTESIAN_POINT('',(19.1966873944026,13.6919450879033,6.13358393234168));
#4587=CARTESIAN_POINT('',(19.3966873943951,14.0906992779871,5.34324459415671));
#4588=CARTESIAN_POINT('',(19.2087279151305,14.0728476684899,5.41639123283703));
#4589=CARTESIAN_POINT('',(19.1966873944025,13.8964019177738,5.34818574481607));
#4590=CARTESIAN_POINT('',(18.7042445940574,14.4979851490632,3.6743982946051));
#4591=CARTESIAN_POINT('',(18.6163430400487,14.4583831347138,3.8366668135857));
#4592=CARTESIAN_POINT('',(18.547522269076,14.3036877888474,3.78364233898548));
#4593=CARTESIAN_POINT('',(16.1966873944018,14.7518224060678,2.63430484397544));
#4594=CARTESIAN_POINT('',(16.1966873944047,14.7131632331038,2.79271008787728));
#4595=CARTESIAN_POINT('',(16.1966873944021,14.5575250458528,2.80855472902056));
#4596=CARTESIAN_POINT('',(13.6891301947481,14.4979851490634,3.67439829460553));
#4597=CARTESIAN_POINT('',(13.7770317487524,14.4583831347108,3.83666681359327));
#4598=CARTESIAN_POINT('',(13.8458525197286,14.3036877888488,3.78364233898615));
#4599=CARTESIAN_POINT('',(12.9966873944078,14.0906992779871,5.34324459415836));
#4600=CARTESIAN_POINT('',(13.1846468736748,14.0728476684951,5.41639123283259));
#4601=CARTESIAN_POINT('',(13.1966873944025,13.896401917771,5.34818574481697));
#4602=CARTESIAN_POINT('',(12.9966873944026,13.8862424481184,6.18100266085236));
#4603=CARTESIAN_POINT('',(13.1966873944026,13.8862424481184,6.18100266085233));
#4604=CARTESIAN_POINT('',(13.1966873944026,13.6919450879034,6.13358393234258));
#4605=CARTESIAN_POINT('',(12.9966873944026,13.6919450879035,6.13358393234212));
#4606=CARTESIAN_POINT('',(13.3966873944024,7.1499978558938,6.50676712205849));
#4607=CARTESIAN_POINT('',(13.3966873944024,7.14999785589366,7.1));
#4608=CARTESIAN_POINT('',(-0.359829599554811,6.74999785589399,7.1));
#4609=CARTESIAN_POINT('',(13.3966873944024,6.74999785589366,7.1));
#4610=CARTESIAN_POINT('',(12.9966873944026,12.8699841269142,9.50155371852422));
#4611=CARTESIAN_POINT('',(12.9966873944026,13.6050402448981,6.48967491403901));
#4612=CARTESIAN_POINT('',(13.3966873944024,7.14999785589366,7.1));
#4613=CARTESIAN_POINT('',(12.9966873944024,7.14999785589367,7.1));
#4614=CARTESIAN_POINT('',(12.9966873944026,12.8278508040381,6.3));
#4615=CARTESIAN_POINT('',(12.9966873944026,12.8278508040381,7.1));
#4616=CARTESIAN_POINT('',(12.9966873944021,-5.48181172713532,7.1));
#4617=CARTESIAN_POINT('',(-0.359829599554811,6.74999785589399,7.1));
#4618=CARTESIAN_POINT('',(-14.4647485951048,6.74999785589433,7.1));
#4619=CARTESIAN_POINT('',(-13.4033130636252,6.74999785589431,7.1));
#4620=CARTESIAN_POINT('',(-13.0033130636252,6.94999785589406,7.1));
#4621=CARTESIAN_POINT('',(-13.0033130636252,7.14999785589429,7.1));
#4622=CARTESIAN_POINT('',(-13.003313063625,12.8278508040397,7.1));
#4623=CARTESIAN_POINT('',(-13.4033130636252,7.1499978558943,7.1));
#4624=CARTESIAN_POINT('',(-13.4033130636252,7.1499978558943,7.1));
#4625=CARTESIAN_POINT('',(-14.4647485951048,6.74999785589439,6.90000000002389));
#4626=CARTESIAN_POINT('',(-14.6477553812648,6.7499978558944,6.81932462447863));
#4627=CARTESIAN_POINT('',(-13.0033130636251,12.8278508040397,6.3));
#4628=CARTESIAN_POINT('',(-13.0033130636251,13.6050402448997,6.48967491403901));
#4629=CARTESIAN_POINT('',(-13.4033130636251,7.14999785589407,8.05676712206021));
#4630=CARTESIAN_POINT('',(-13.4033130636253,7.14999785589454,6.133583932344));
#4631=CARTESIAN_POINT('',(-16.2033130636252,6.74999785589463,6.13358393234388));
#4632=CARTESIAN_POINT('',(-17.7588707459857,6.74999785589449,6.81932462447863));
#4633=CARTESIAN_POINT('',(-13.0033130636253,14.15855537946,4.22165692064206));
#4634=CARTESIAN_POINT('',(-13.0033130636251,13.6919450879043,6.13358393234555));
#4635=CARTESIAN_POINT('',(-16.2033130636252,7.14999785589461,6.13358393234398));
#4636=CARTESIAN_POINT('',(-19.0033130636252,7.14999785589468,6.13358393234398));
#4637=CARTESIAN_POINT('',(-17.9418775321457,6.74999785589447,6.90000000002389));
#4638=CARTESIAN_POINT('',(-17.9418775321457,6.74999785589441,7.10000000002389));
#4639=CARTESIAN_POINT('',(-13.0033130636251,13.8862424481194,6.18100266085485));
#4640=CARTESIAN_POINT('',(-13.2033130636251,13.8862424481194,6.18100266085488));
#4641=CARTESIAN_POINT('',(-13.2033130636251,13.6919450879044,6.13358393234513));
#4642=CARTESIAN_POINT('',(-13.0033130636296,14.0906992779882,5.34324459416016));
#4643=CARTESIAN_POINT('',(-13.1912725428897,14.0728476684874,5.41639123284819));
#4644=CARTESIAN_POINT('',(-13.2033130636252,13.8964019177749,5.34818574481952));
#4645=CARTESIAN_POINT('',(-13.6957558639718,14.4979851490643,3.67439829460855));
#4646=CARTESIAN_POINT('',(-13.7836574179847,14.4583831347192,3.83666681357546));
#4647=CARTESIAN_POINT('',(-13.8524781889517,14.3036877888485,3.78364233898893));
#4648=CARTESIAN_POINT('',(-16.2033130636252,14.7518224060689,2.63430484397889));
#4649=CARTESIAN_POINT('',(-16.2033130636197,14.7131632331022,2.79271008788823));
#4650=CARTESIAN_POINT('',(-16.2033130636256,14.5575250458539,2.80855472902401));
#4651=CARTESIAN_POINT('',(-18.7108702632807,14.4979851490645,3.67439829460898));
#4652=CARTESIAN_POINT('',(-18.6229687092758,14.458383134716,3.8366668135897));
#4653=CARTESIAN_POINT('',(-18.5541479382991,14.3036877888499,3.7836423389896));
#4654=CARTESIAN_POINT('',(-19.4033130636176,14.0906992779882,5.34324459416181));
#4655=CARTESIAN_POINT('',(-19.2153535843542,14.0728476684899,5.41639123283935));
#4656=CARTESIAN_POINT('',(-19.2033130636252,13.8964019177721,5.34818574482042));
#4657=CARTESIAN_POINT('',(-19.4033130636251,13.8862424481195,6.18100266085581));
#4658=CARTESIAN_POINT('',(-19.2033130636251,13.8862424481195,6.18100266085578));
#4659=CARTESIAN_POINT('',(-19.2033130636251,13.6919450879045,6.13358393234603));
#4660=CARTESIAN_POINT('',(-19.4033130636251,13.6919450879046,6.13358393234557));
#4661=CARTESIAN_POINT('',(-19.0033130636252,7.14999785589458,6.50676712205849));
#4662=CARTESIAN_POINT('',(-19.0033130636252,7.14999785589444,7.1));
#4663=CARTESIAN_POINT('',(-0.359829599554811,6.74999785589399,7.1));
#4664=CARTESIAN_POINT('',(-19.0033130636252,6.74999785589444,7.1));
#4665=CARTESIAN_POINT('',(-19.4033130636251,12.8699841269161,9.50155371852449));
#4666=CARTESIAN_POINT('',(-19.4033130636251,13.6050402449,6.48967491403901));
#4667=CARTESIAN_POINT('',(-19.0033130636252,7.14999785589444,7.1));
#4668=CARTESIAN_POINT('',(-19.4033130636252,7.14999785589445,7.1));
#4669=CARTESIAN_POINT('',(-19.4033130636251,12.8278508040401,6.3));
#4670=CARTESIAN_POINT('',(-19.4033130636251,12.8278508040401,7.1));
#4671=CARTESIAN_POINT('',(-19.4033130636255,-5.48181172713454,7.1));
#4672=MECHANICAL_DESIGN_GEOMETRIC_PRESENTATION_REPRESENTATION('',(#2303),
#4673);
#4673=(
GEOMETRIC_REPRESENTATION_CONTEXT(3)
GLOBAL_UNCERTAINTY_ASSIGNED_CONTEXT((#4674))
GLOBAL_UNIT_ASSIGNED_CONTEXT((#4677,#4676,#4675))
REPRESENTATION_CONTEXT('[a]_wwg2-UHF-adapter_o2_tap',
'TOP_LEVEL_ASSEMBLY_PART')
);
#4674=UNCERTAINTY_MEASURE_WITH_UNIT(LENGTH_MEASURE(1.E-5),#4677,
'DISTANCE_ACCURACY_VALUE','Maximum Tolerance applied to model');
#4675=(
NAMED_UNIT(*)
SI_UNIT($,.STERADIAN.)
SOLID_ANGLE_UNIT()
);
#4676=(
NAMED_UNIT(*)
PLANE_ANGLE_UNIT()
SI_UNIT($,.RADIAN.)
);
#4677=(
LENGTH_UNIT()
NAMED_UNIT(*)
SI_UNIT(.MILLI.,.METRE.)
);
#4678=PRODUCT_DEFINITION_SHAPE('','',#4679);
#4679=PRODUCT_DEFINITION('','',#4681,#4680);
#4680=PRODUCT_DEFINITION_CONTEXT('',#4687,'design');
#4681=PRODUCT_DEFINITION_FORMATION_WITH_SPECIFIED_SOURCE('','',#4683,
 .NOT_KNOWN.);
#4682=PRODUCT_RELATED_PRODUCT_CATEGORY('','',(#4683));
#4683=PRODUCT('[a]_wwg2-UHF-adapter_o2_tap',
'[a]_wwg2-UHF-adapter_o2_tap','[a]_wwg2-UHF-adapter_o2_tap',(#4685));
#4684=PRODUCT_CATEGORY('','');
#4685=PRODUCT_CONTEXT('',#4687,'mechanical');
#4686=APPLICATION_PROTOCOL_DEFINITION('international standard',
'ap242_managed_model_based_3d_engineering',2020,#4687);
#4687=APPLICATION_CONTEXT('managed model based 3d engineering');
ENDSEC;
END-ISO-10303-21;
