ISO-10303-21;
HEADER;
/* Generated by software containing ST-Developer
 * from STEP Tools, Inc. (www.steptools.com) 
 */
/* OPTION: using custom renumber hook */

FILE_DESCRIPTION(
/* description */ ('STEP AP242 Edition 2',
'CAx-IF Rec.Pracs.---Representation and Presentation of Product Manufa
cturing Information (PMI)---4.0---2014-10-13',
'CAx-IF Rec.Pracs.---3D Tessellated Geometry---0.4---2014-09-14','2;1',
'CAx-IF Rec.Pracs.---User Defined Attributes---1.5---2016-08-15'),
/* implementation_level */ '2;1');

FILE_NAME(
/* name */ '[a]_wwg2-adapter_o2_xol',
/* time_stamp */ '2026-09-27T04:17:08Z',
/* author */ (''),
/* organization */ (''),
/* preprocessor_version */ 'ST-DEVELOPER v20',
/* originating_system */ 'ONSHAPE BY PTC INC, 1.221',
/* authorisation */ '  ');

FILE_SCHEMA (('AP242_MANAGED_MODEL_BASED_3D_ENGINEERING_MIM_LF { 1 0 10303 442 3 1 4 }'));
ENDSEC;

DATA;
#10=SHAPE_REPRESENTATION_RELATIONSHIP('','',#1336,#11);
#11=ADVANCED_BREP_SHAPE_REPRESENTATION('',(#1334),#2791);
#12=B_SPLINE_SURFACE_WITH_KNOTS('',1,3,((#2510,#2511,#2512,#2513,#2514,
#2515,#2516,#2517,#2518,#2519,#2520,#2521,#2522,#2523),(#2524,#2525,#2526,
#2527,#2528,#2529,#2530,#2531,#2532,#2533,#2534,#2535,#2536,#2537)),
 .RULED_SURF.,.F.,.F.,.F.,(2,2),(4,2,2,2,2,2,4),(0.,0.916666666666827),
(1.41371669411539,1.5707963267949,1.96349540849362,2.35619449019234,2.74889357189107,
3.1415926535898,3.29867228626946),.UNSPECIFIED.);
#13=B_SPLINE_SURFACE_WITH_KNOTS('',1,3,((#2554,#2555,#2556,#2557,#2558,
#2559,#2560,#2561,#2562,#2563,#2564,#2565),(#2566,#2567,#2568,#2569,#2570,
#2571,#2572,#2573,#2574,#2575,#2576,#2577),(#2578,#2579,#2580,#2581,#2582,
#2583,#2584,#2585,#2586,#2587,#2588,#2589)),.RULED_SURF.,.F.,.F.,.F.,(2,
1,2),(4,2,2,2,2,4),(-0.01,0.,0.917172510001796),(1.37778586369221,1.5707963267949,
1.96349540849362,2.35619449019234,2.74889357189107,3.04288304454895),
 .UNSPECIFIED.);
#14=B_SPLINE_SURFACE_WITH_KNOTS('',1,3,((#2606,#2607,#2608,#2609,#2610,
#2611,#2612,#2613,#2614,#2615,#2616,#2617),(#2618,#2619,#2620,#2621,#2622,
#2623,#2624,#2625,#2626,#2627,#2628,#2629)),.RULED_SURF.,.F.,.F.,.F.,(2,
2),(4,2,2,2,2,4),(0.,0.922166666666667),(3.24031332422849,3.53429173528852,
3.92699081698724,4.31968989868597,4.71238898038469,4.90539837234655),
 .UNSPECIFIED.);
#15=B_SPLINE_SURFACE_WITH_KNOTS('',1,3,((#2643,#2644,#2645,#2646,#2647,
#2648,#2649,#2650,#2651,#2652,#2653,#2654),(#2655,#2656,#2657,#2658,#2659,
#2660,#2661,#2662,#2663,#2664,#2665,#2666)),.RULED_SURF.,.F.,.F.,.F.,(2,
2),(4,2,2,2,2,4),(0.,0.916666666666831),(0.,0.392699081698724,0.785398163397448,
1.17809724509617,1.5707963267949,1.7278759594746),.UNSPECIFIED.);
#16=B_SPLINE_SURFACE_WITH_KNOTS('',1,3,((#2696,#2697,#2698,#2699,#2700,
#2701,#2702,#2703,#2704,#2705,#2706,#2707),(#2708,#2709,#2710,#2711,#2712,
#2713,#2714,#2715,#2716,#2717,#2718,#2719)),.RULED_SURF.,.F.,.F.,.F.,(2,
2),(4,2,2,2,2,4),(0.,0.833333335771552),(4.93701143798044,5.10508806208341,
5.49778714378214,5.6941366846315,5.89048622548086,5.91237317845077),
 .UNSPECIFIED.);
#17=B_SPLINE_SURFACE_WITH_KNOTS('',1,3,((#2725,#2726,#2727,#2728,#2729,
#2730,#2731,#2732,#2733,#2734,#2735,#2736),(#2737,#2738,#2739,#2740,#2741,
#2742,#2743,#2744,#2745,#2746,#2747,#2748),(#2749,#2750,#2751,#2752,#2753,
#2754,#2755,#2756,#2757,#2758,#2759,#2760)),.RULED_SURF.,.F.,.F.,.F.,(2,
1,2),(4,2,2,2,2,4),(-0.0051854347102998,0.,0.833333332842034),(3.51240594367376,
3.53429173528852,3.73064127613788,3.92699081698724,4.31968989868597,4.48776651586212),
 .UNSPECIFIED.);
#18=CONICAL_SURFACE('',#1457,2.6,0.785398163397448);
#19=CONICAL_SURFACE('',#1458,2.1,0.785398163397448);
#20=CONICAL_SURFACE('',#1459,2.1,0.785398163397449);
#21=CONICAL_SURFACE('',#1465,2.77893529910106,0.785389860498186);
#22=CONICAL_SURFACE('',#1469,2.2,0.785398163397448);
#23=CONICAL_SURFACE('',#1471,1.7,0.785398163397448);
#24=CONICAL_SURFACE('',#1473,1.7,0.785398163397448);
#25=CONICAL_SURFACE('',#1475,2.77892755410454,0.785389879724785);
#26=(
BOUNDED_SURFACE()
B_SPLINE_SURFACE(3,2,((#2041,#2042,#2043),(#2044,#2045,#2046),(#2047,#2048,
#2049),(#2050,#2051,#2052)),.UNSPECIFIED.,.F.,.F.,.F.)
B_SPLINE_SURFACE_WITH_KNOTS((4,4),(3,3),(5.4977871437821,6.28318530717959),
(0.,1.),.PIECEWISE_BEZIER_KNOTS.)
GEOMETRIC_REPRESENTATION_ITEM()
RATIONAL_B_SPLINE_SURFACE(((1.,0.866025403784434,1.),(1.,0.903812900244017,
1.),(1.,0.923879532489348,1.),(1.,0.923879532511287,1.)))
REPRESENTATION_ITEM('')
SURFACE()
);
#27=(
BOUNDED_SURFACE()
B_SPLINE_SURFACE(3,2,((#2059,#2060,#2061),(#2062,#2063,#2064),(#2065,#2066,
#2067),(#2068,#2069,#2070)),.UNSPECIFIED.,.F.,.F.,.F.)
B_SPLINE_SURFACE_WITH_KNOTS((4,4),(3,3),(0.,0.785398163397668),(0.,1.),
 .PIECEWISE_BEZIER_KNOTS.)
GEOMETRIC_REPRESENTATION_ITEM()
RATIONAL_B_SPLINE_SURFACE(((1.,0.923879532511287,1.),(1.,0.923879532489357,
1.),(1.,0.903812900244039,1.),(1.,0.866025403784406,1.)))
REPRESENTATION_ITEM('')
SURFACE()
);
#28=(
BOUNDED_SURFACE()
B_SPLINE_SURFACE(3,2,((#2135,#2136,#2137),(#2138,#2139,#2140),(#2141,#2142,
#2143),(#2144,#2145,#2146),(#2147,#2148,#2149)),.UNSPECIFIED.,.F.,.F.,.F.)
B_SPLINE_SURFACE_WITH_KNOTS((4,1,4),(3,3),(2.61799387799154,3.14159265358984,
3.66519142918813),(0.,1.),.UNSPECIFIED.)
GEOMETRIC_REPRESENTATION_ITEM()
RATIONAL_B_SPLINE_SURFACE(((1.,0.923879532511295,1.),(1.,0.943160392726843,
1.),(1.,0.9628808350158,1.),(1.,0.943160392727261,1.),(1.,0.923879532511286,
1.)))
REPRESENTATION_ITEM('')
SURFACE()
);
#29=(
BOUNDED_SURFACE()
B_SPLINE_SURFACE(3,2,((#2178,#2179,#2180),(#2181,#2182,#2183),(#2184,#2185,
#2186),(#2187,#2188,#2189),(#2190,#2191,#2192)),.UNSPECIFIED.,.F.,.F.,.F.)
B_SPLINE_SURFACE_WITH_KNOTS((4,1,4),(3,3),(2.61799387798912,3.14159265358868,
3.66519142918825),(0.,1.),.UNSPECIFIED.)
GEOMETRIC_REPRESENTATION_ITEM()
RATIONAL_B_SPLINE_SURFACE(((1.,0.923879532511008,1.),(1.,0.94316039272646,
1.),(1.,0.962880835016046,1.),(1.,0.943160392727062,1.),(1.,0.923879532511253,
1.)))
REPRESENTATION_ITEM('')
SURFACE()
);
#30=(
BOUNDED_SURFACE()
B_SPLINE_SURFACE(3,2,((#2254,#2255,#2256),(#2257,#2258,#2259),(#2260,#2261,
#2262),(#2263,#2264,#2265),(#2266,#2267,#2268)),.UNSPECIFIED.,.F.,.F.,.F.)
B_SPLINE_SURFACE_WITH_KNOTS((4,1,4),(3,3),(1.5707963267949,2.235262193945,
2.89972806109511),(0.,1.),.UNSPECIFIED.)
GEOMETRIC_REPRESENTATION_ITEM()
RATIONAL_B_SPLINE_SURFACE(((1.,0.707106781186551,1.),(1.,0.762679139569814,
1.),(1.,0.859941860285841,1.),(1.,0.908727065962559,1.),(1.,0.918968784067168,
1.)))
REPRESENTATION_ITEM('')
SURFACE()
);
#31=(
BOUNDED_SURFACE()
B_SPLINE_SURFACE(3,2,((#2272,#2273,#2274),(#2275,#2276,#2277),(#2278,#2279,
#2280),(#2281,#2282,#2283)),.UNSPECIFIED.,.F.,.F.,.F.)
B_SPLINE_SURFACE_WITH_KNOTS((4,4),(3,3),(3.99634214903567,4.71238898038469),
(0.,1.),.PIECEWISE_BEZIER_KNOTS.)
GEOMETRIC_REPRESENTATION_ITEM()
RATIONAL_B_SPLINE_SURFACE(((1.,0.642787609686539,1.),(1.,0.661314171217932,
1.),(1.,0.684782787808336,1.),(1.,0.707106781186551,1.)))
REPRESENTATION_ITEM('')
SURFACE()
);
#32=(
BOUNDED_SURFACE()
B_SPLINE_SURFACE(3,2,((#2287,#2288,#2289),(#2290,#2291,#2292),(#2293,#2294,
#2295),(#2296,#2297,#2298)),.UNSPECIFIED.,.F.,.F.,.F.)
B_SPLINE_SURFACE_WITH_KNOTS((4,4),(3,3),(2.90566182226115E-17,0.000786101786403488),
(0.,1.),.PIECEWISE_BEZIER_KNOTS.)
GEOMETRIC_REPRESENTATION_ITEM()
RATIONAL_B_SPLINE_SURFACE(((1.,0.687721821653811,1.),(1.,0.672745482400366,
1.),(1.,0.657561360018817,1.),(1.,0.64278760968654,1.)))
REPRESENTATION_ITEM('')
SURFACE()
);
#33=(
BOUNDED_SURFACE()
B_SPLINE_SURFACE(3,2,((#2300,#2301,#2302),(#2303,#2304,#2305),(#2306,#2307,
#2308),(#2309,#2310,#2311)),.UNSPECIFIED.,.F.,.F.,.F.)
B_SPLINE_SURFACE_WITH_KNOTS((4,4),(3,3),(1.48438595428965,1.64070863670965),
(0.,1.),.PIECEWISE_BEZIER_KNOTS.)
GEOMETRIC_REPRESENTATION_ITEM()
RATIONAL_B_SPLINE_SURFACE(((1.,0.730345794829799,1.),(1.,0.716589396377475,
1.),(1.,0.702349710735779,1.),(1.,0.687721821653807,1.)))
REPRESENTATION_ITEM('')
SURFACE()
);
#34=(
BOUNDED_SURFACE()
B_SPLINE_SURFACE(3,2,((#2313,#2314,#2315),(#2316,#2317,#2318),(#2319,#2320,
#2321),(#2322,#2323,#2324)),.UNSPECIFIED.,.F.,.F.,.F.)
B_SPLINE_SURFACE_WITH_KNOTS((4,4),(3,3),(1.73472347597681E-18,0.00229419362718005),
(0.,1.),.PIECEWISE_BEZIER_KNOTS.)
GEOMETRIC_REPRESENTATION_ITEM()
RATIONAL_B_SPLINE_SURFACE(((1.,0.74791342897528,1.),(1.,0.727765312758636,
1.),(1.,0.724579079494019,1.),(1.,0.730345794829787,1.)))
REPRESENTATION_ITEM('')
SURFACE()
);
#35=(
BOUNDED_SURFACE()
B_SPLINE_SURFACE(3,2,((#2326,#2327,#2328),(#2329,#2330,#2331),(#2332,#2333,
#2334),(#2335,#2336,#2337)),.UNSPECIFIED.,.F.,.F.,.F.)
B_SPLINE_SURFACE_WITH_KNOTS((4,4),(3,3),(4.38359688340684,4.83339584862627),
(0.,1.),.PIECEWISE_BEZIER_KNOTS.)
GEOMETRIC_REPRESENTATION_ITEM()
RATIONAL_B_SPLINE_SURFACE(((1.,0.584102005742277,1.),(1.,0.643849366021781,
1.),(1.,0.698971759485997,1.),(1.,0.74791342897528,1.)))
REPRESENTATION_ITEM('')
SURFACE()
);
#36=(
BOUNDED_SURFACE()
B_SPLINE_SURFACE(3,2,((#2339,#2340,#2341),(#2342,#2343,#2344),(#2345,#2346,
#2347),(#2348,#2349,#2350),(#2351,#2352,#2353)),.UNSPECIFIED.,.F.,.F.,.F.)
B_SPLINE_SURFACE_WITH_KNOTS((4,1,4),(3,3),(-6.72205346941013E-18,0.000721548029789665,
0.00144309605957934),(0.,1.),.UNSPECIFIED.)
GEOMETRIC_REPRESENTATION_ITEM()
RATIONAL_B_SPLINE_SURFACE(((1.,0.584102005742281,1.),(1.,0.56214539461565,
1.),(1.,0.512758616331847,1.),(1.,0.449634332721493,1.),(1.,0.417701225454297,
1.)))
REPRESENTATION_ITEM('')
SURFACE()
);
#37=(
BOUNDED_SURFACE()
B_SPLINE_SURFACE(3,2,((#2355,#2356,#2357),(#2358,#2359,#2360),(#2361,#2362,
#2363),(#2364,#2365,#2366)),.UNSPECIFIED.,.F.,.F.,.F.)
B_SPLINE_SURFACE_WITH_KNOTS((4,4),(3,3),(1.0445991674486E-37,0.40086018671741),
(0.,1.),.PIECEWISE_BEZIER_KNOTS.)
GEOMETRIC_REPRESENTATION_ITEM()
RATIONAL_B_SPLINE_SURFACE(((1.,0.382683432365088,1.),(1.,0.382683432368388,
1.),(1.,0.395634905852174,1.),(1.,0.417701225454297,1.)))
REPRESENTATION_ITEM('')
SURFACE()
);
#38=(
BOUNDED_SURFACE()
B_SPLINE_SURFACE(3,2,((#2370,#2371,#2372),(#2373,#2374,#2375),(#2376,#2377,
#2378),(#2379,#2380,#2381)),.UNSPECIFIED.,.F.,.F.,.F.)
B_SPLINE_SURFACE_WITH_KNOTS((4,4),(3,3),(5.88178671782246,6.28318530717959),
(0.,1.),.PIECEWISE_BEZIER_KNOTS.)
GEOMETRIC_REPRESENTATION_ITEM()
RATIONAL_B_SPLINE_SURFACE(((1.,0.417790185476677,1.),(1.,0.395670871699407,
1.),(1.,0.382683432372784,1.),(1.,0.382683432365083,1.)))
REPRESENTATION_ITEM('')
SURFACE()
);
#39=(
BOUNDED_SURFACE()
B_SPLINE_SURFACE(3,2,((#2383,#2384,#2385),(#2386,#2387,#2388),(#2389,#2390,
#2391),(#2392,#2393,#2394),(#2395,#2396,#2397)),.UNSPECIFIED.,.F.,.F.,.F.)
B_SPLINE_SURFACE_WITH_KNOTS((4,1,4),(3,3),(2.05998412772246E-18,0.000719477347627148,
0.00143895469525429),(0.,1.),.UNSPECIFIED.)
GEOMETRIC_REPRESENTATION_ITEM()
RATIONAL_B_SPLINE_SURFACE(((1.,0.417790185476685,1.),(1.,0.449868749832369,
1.),(1.,0.511750727689126,1.),(1.,0.561968117140858,1.),(1.,0.583945665669991,
1.)))
REPRESENTATION_ITEM('')
SURFACE()
);
#40=(
BOUNDED_SURFACE()
B_SPLINE_SURFACE(3,2,((#2399,#2400,#2401),(#2402,#2403,#2404),(#2405,#2406,
#2407),(#2408,#2409,#2410)),.UNSPECIFIED.,.F.,.F.,.F.)
B_SPLINE_SURFACE_WITH_KNOTS((4,4),(3,3),(4.59178395663699,5.04157337865065),
(0.,1.),.PIECEWISE_BEZIER_KNOTS.)
GEOMETRIC_REPRESENTATION_ITEM()
RATIONAL_B_SPLINE_SURFACE(((1.,0.747782242732679,1.),(1.,0.698830637831794,
1.),(1.,0.643699750777061,1.),(1.,0.583945665669986,1.)))
REPRESENTATION_ITEM('')
SURFACE()
);
#41=(
BOUNDED_SURFACE()
B_SPLINE_SURFACE(3,2,((#2412,#2413,#2414),(#2415,#2416,#2417),(#2418,#2419,
#2420),(#2421,#2422,#2423)),.UNSPECIFIED.,.F.,.F.,.F.)
B_SPLINE_SURFACE_WITH_KNOTS((4,4),(3,3),(-1.04083408558608E-17,0.00229621976576893),
(0.,1.),.PIECEWISE_BEZIER_KNOTS.)
GEOMETRIC_REPRESENTATION_ITEM()
RATIONAL_B_SPLINE_SURFACE(((1.,0.730226280237373,1.),(1.,0.724438084799497,
1.),(1.,0.727610894412159,1.),(1.,0.747782242732678,1.)))
REPRESENTATION_ITEM('')
SURFACE()
);
#42=(
BOUNDED_SURFACE()
B_SPLINE_SURFACE(3,2,((#2425,#2426,#2427),(#2428,#2429,#2430),(#2431,#2432,
#2433),(#2434,#2435,#2436)),.UNSPECIFIED.,.F.,.F.,.F.)
B_SPLINE_SURFACE_WITH_KNOTS((4,4),(3,3),(1.4848386151024,1.64104667684128),
(0.,1.),.PIECEWISE_BEZIER_KNOTS.)
GEOMETRIC_REPRESENTATION_ITEM()
RATIONAL_B_SPLINE_SURFACE(((1.,0.730226280237372,1.),(1.,0.716477180874045,
1.),(1.,0.702245753877144,1.),(1.,0.687626919954048,1.)))
REPRESENTATION_ITEM('')
SURFACE()
);
#43=(
BOUNDED_SURFACE()
B_SPLINE_SURFACE(3,2,((#2438,#2439,#2440),(#2441,#2442,#2443),(#2444,#2445,
#2446),(#2447,#2448,#2449)),.UNSPECIFIED.,.F.,.F.,.F.)
B_SPLINE_SURFACE_WITH_KNOTS((4,4),(3,3),(6.93889390390723E-18,0.000784490443597526),
(0.,1.),.PIECEWISE_BEZIER_KNOTS.)
GEOMETRIC_REPRESENTATION_ITEM()
RATIONAL_B_SPLINE_SURFACE(((1.,0.687626919954053,1.),(1.,0.672682332048804,
1.),(1.,0.657531186461606,1.),(1.,0.642787609686539,1.)))
REPRESENTATION_ITEM('')
SURFACE()
);
#44=(
BOUNDED_SURFACE()
B_SPLINE_SURFACE(3,2,((#2453,#2454,#2455),(#2456,#2457,#2458),(#2459,#2460,
#2461),(#2462,#2463,#2464)),.UNSPECIFIED.,.F.,.F.,.F.)
B_SPLINE_SURFACE_WITH_KNOTS((4,4),(3,3),(4.71238898038469,5.42843581173373),
(0.,1.),.PIECEWISE_BEZIER_KNOTS.)
GEOMETRIC_REPRESENTATION_ITEM()
RATIONAL_B_SPLINE_SURFACE(((1.,0.707106781186544,1.),(1.,0.684782787816724,
1.),(1.,0.661314171222401,1.),(1.,0.642787609686539,1.)))
REPRESENTATION_ITEM('')
SURFACE()
);
#45=(
BOUNDED_SURFACE()
B_SPLINE_SURFACE(3,2,((#2468,#2469,#2470),(#2471,#2472,#2473),(#2474,#2475,
#2476),(#2477,#2478,#2479),(#2480,#2481,#2482)),.UNSPECIFIED.,.F.,.F.,.F.)
B_SPLINE_SURFACE_WITH_KNOTS((4,1,4),(3,3),(0.0288534540658515,0.799824890430374,
1.5707963267949),(0.,1.),.UNSPECIFIED.)
GEOMETRIC_REPRESENTATION_ITEM()
RATIONAL_B_SPLINE_SURFACE(((1.,0.924491209028237,1.),(1.,0.92306840788346,
1.),(1.,0.881554384289524,1.),(1.,0.771586693681465,1.),(1.,0.707106781186544,
1.)))
REPRESENTATION_ITEM('')
SURFACE()
);
#46=SPHERICAL_SURFACE('',#1366,1.);
#47=SPHERICAL_SURFACE('',#1370,1.);
#48=CYLINDRICAL_SURFACE('',#1360,3.6);
#49=CYLINDRICAL_SURFACE('',#1363,3.6);
#50=CYLINDRICAL_SURFACE('',#1374,1.);
#51=CYLINDRICAL_SURFACE('',#1379,1.);
#52=CYLINDRICAL_SURFACE('',#1383,1.);
#53=CYLINDRICAL_SURFACE('',#1384,1.);
#54=CYLINDRICAL_SURFACE('',#1385,1.);
#55=CYLINDRICAL_SURFACE('',#1389,3.);
#56=CYLINDRICAL_SURFACE('',#1393,3.);
#57=CYLINDRICAL_SURFACE('',#1395,3.);
#58=CYLINDRICAL_SURFACE('',#1402,3.);
#59=CYLINDRICAL_SURFACE('',#1404,3.);
#60=CYLINDRICAL_SURFACE('',#1408,3.);
#61=CYLINDRICAL_SURFACE('',#1410,3.);
#62=CYLINDRICAL_SURFACE('',#1413,3.);
#63=CYLINDRICAL_SURFACE('',#1415,3.);
#64=CYLINDRICAL_SURFACE('',#1417,3.);
#65=CYLINDRICAL_SURFACE('',#1419,3.);
#66=CYLINDRICAL_SURFACE('',#1421,3.);
#67=CYLINDRICAL_SURFACE('',#1424,0.4);
#68=CYLINDRICAL_SURFACE('',#1427,0.4);
#69=CYLINDRICAL_SURFACE('',#1435,0.4);
#70=CYLINDRICAL_SURFACE('',#1443,0.4);
#71=CYLINDRICAL_SURFACE('',#1446,0.4);
#72=CYLINDRICAL_SURFACE('',#1448,2.2);
#73=CYLINDRICAL_SURFACE('',#1451,1.7);
#74=CYLINDRICAL_SURFACE('',#1454,1.7);
#75=B_SPLINE_CURVE_WITH_KNOTS('',3,(#1875,#1876,#1877,#1878),
 .UNSPECIFIED.,.F.,.F.,(4,4),(0.,0.00078610178640346),.UNSPECIFIED.);
#76=B_SPLINE_CURVE_WITH_KNOTS('',3,(#1935,#1936,#1937,#1938),
 .UNSPECIFIED.,.F.,.F.,(4,4),(9.34177181294034E-18,0.00157509323277224),
 .UNSPECIFIED.);
#77=B_SPLINE_CURVE_WITH_KNOTS('',3,(#1945,#1946,#1947,#1948),
 .UNSPECIFIED.,.F.,.F.,(4,4),(0.,0.00157083219057692),.UNSPECIFIED.);
#78=B_SPLINE_CURVE_WITH_KNOTS('',3,(#1969,#1970,#1971,#1972,#1973,#1974),
 .UNSPECIFIED.,.F.,.F.,(4,1,1,4),(9.33354262432141E-6,0.250007000156968,
0.500004666771312,1.),.UNSPECIFIED.);
#79=B_SPLINE_CURVE_WITH_KNOTS('',3,(#1989,#1990,#1991,#1992,#1993,#1994),
 .UNSPECIFIED.,.F.,.F.,(4,1,1,4),(0.,0.499995334669842,0.749993002004763,
0.999990669339684),.UNSPECIFIED.);
#80=B_SPLINE_CURVE_WITH_KNOTS('',3,(#2003,#2004,#2005,#2006,#2007),
 .UNSPECIFIED.,.F.,.F.,(4,1,4),(3.6799042000401E-18,0.000615422759055536,
0.00123084551811107),.UNSPECIFIED.);
#81=B_SPLINE_CURVE_WITH_KNOTS('',3,(#2009,#2010,#2011,#2012),
 .UNSPECIFIED.,.F.,.F.,(4,4),(3.46944695195361E-18,0.000530406517839469),
 .UNSPECIFIED.);
#82=B_SPLINE_CURVE_WITH_KNOTS('',3,(#2014,#2015,#2016,#2017),
 .UNSPECIFIED.,.F.,.F.,(4,4),(8.45755531112609E-17,0.000506157906736651),
 .UNSPECIFIED.);
#83=B_SPLINE_CURVE_WITH_KNOTS('',3,(#2019,#2020,#2021,#2022,#2023),
 .UNSPECIFIED.,.F.,.F.,(4,1,4),(0.00050157540244963,0.00114835424397428,
0.00179513308549894),.UNSPECIFIED.);
#84=B_SPLINE_CURVE_WITH_KNOTS('',3,(#2072,#2073,#2074,#2075),
 .UNSPECIFIED.,.F.,.F.,(4,4),(0.,0.000784490443597516),.UNSPECIFIED.);
#85=B_SPLINE_CURVE_WITH_KNOTS('',3,(#2109,#2110,#2111,#2112),
 .UNSPECIFIED.,.F.,.F.,(4,4),(0.,0.00234140806622644),.UNSPECIFIED.);
#86=B_SPLINE_CURVE_WITH_KNOTS('',3,(#2113,#2114,#2115,#2116,#2117,#2118,
#2119,#2120,#2121),.UNSPECIFIED.,.F.,.F.,(4,1,1,1,1,1,4),(0.,0.25,0.375,
0.5,0.625,0.75,1.),.UNSPECIFIED.);
#87=B_SPLINE_CURVE_WITH_KNOTS('',3,(#2122,#2123,#2124,#2125),
 .UNSPECIFIED.,.F.,.F.,(4,4),(0.,0.00149569195822812),.UNSPECIFIED.);
#88=B_SPLINE_CURVE_WITH_KNOTS('',3,(#2131,#2132,#2133,#2134),
 .UNSPECIFIED.,.F.,.F.,(4,4),(0.,0.00216835432652529),.UNSPECIFIED.);
#89=B_SPLINE_CURVE_WITH_KNOTS('',3,(#2150,#2151,#2152,#2153),
 .UNSPECIFIED.,.F.,.F.,(4,4),(0.,0.000747867570954533),.UNSPECIFIED.);
#90=B_SPLINE_CURVE_WITH_KNOTS('',3,(#2161,#2162,#2163,#2164),
 .UNSPECIFIED.,.F.,.F.,(4,4),(2.36107272428013E-17,0.00149354241509319),
 .UNSPECIFIED.);
#91=B_SPLINE_CURVE_WITH_KNOTS('',3,(#2165,#2166,#2167,#2168,#2169,#2170,
#2171,#2172,#2173),.UNSPECIFIED.,.F.,.F.,(4,1,1,1,1,1,4),(0.,0.25,0.375,
0.5,0.625,0.75,1.),.UNSPECIFIED.);
#92=B_SPLINE_CURVE_WITH_KNOTS('',3,(#2174,#2175,#2176,#2177),
 .UNSPECIFIED.,.F.,.F.,(4,4),(0.,0.00234317269765539),.UNSPECIFIED.);
#93=B_SPLINE_CURVE_WITH_KNOTS('',3,(#2195,#2196,#2197,#2198),
 .UNSPECIFIED.,.F.,.F.,(4,4),(0.,0.000746337878388466),.UNSPECIFIED.);
#94=B_SPLINE_CURVE_WITH_KNOTS('',3,(#2200,#2201,#2202,#2203),
 .UNSPECIFIED.,.F.,.F.,(4,4),(0.,0.00217025471642436),.UNSPECIFIED.);
#95=B_SPLINE_CURVE_WITH_KNOTS('',3,(#2208,#2209,#2210,#2211,#2212,#2213,
#2214,#2215,#2216,#2217,#2218,#2219,#2220,#2221,#2222,#2223),
 .UNSPECIFIED.,.F.,.F.,(4,1,1,1,1,1,1,1,1,1,1,1,1,4),(0.,0.25,0.375,0.4375,
0.5,0.5625,0.625,0.6875,0.71875,0.75,0.78125,0.8125,0.875,1.),
 .UNSPECIFIED.);
#96=B_SPLINE_CURVE_WITH_KNOTS('',3,(#2226,#2227,#2228,#2229),
 .UNSPECIFIED.,.F.,.F.,(4,4),(-5.86690230251763E-10,0.00220696978315499),
 .UNSPECIFIED.);
#97=B_SPLINE_CURVE_WITH_KNOTS('',3,(#2232,#2233,#2234,#2235,#2236,#2237,
#2238,#2239,#2240,#2241,#2242,#2243,#2244,#2245,#2246,#2247),
 .UNSPECIFIED.,.F.,.F.,(4,1,1,1,1,1,1,1,1,1,1,1,1,4),(0.,0.125,0.1875,0.21875,
0.25,0.28125,0.3125,0.375,0.4375,0.5,0.5625,0.625,0.75,1.),
 .UNSPECIFIED.);
#98=B_SPLINE_CURVE_WITH_KNOTS('',3,(#2250,#2251,#2252,#2253),
 .UNSPECIFIED.,.F.,.F.,(4,4),(5.8931234970848E-8,0.00220888695001506),
 .UNSPECIFIED.);
#99=B_SPLINE_CURVE_WITH_KNOTS('',3,(#2506,#2507,#2508,#2509),
 .UNSPECIFIED.,.F.,.F.,(4,4),(6.23240115928388E-7,1.),.UNSPECIFIED.);
#100=B_SPLINE_CURVE_WITH_KNOTS('',3,(#2540,#2541,#2542,#2543,#2544,#2545,
#2546),.UNSPECIFIED.,.F.,.F.,(4,1,1,1,4),(0.,0.00127621150596354,0.00255242301192708,
0.00382863451789062,0.00510484602385416),.UNSPECIFIED.);
#101=B_SPLINE_CURVE_WITH_KNOTS('',3,(#2548,#2549,#2550,#2551),
 .UNSPECIFIED.,.F.,.F.,(4,4),(0.,0.000626445732110976),.UNSPECIFIED.);
#102=B_SPLINE_CURVE_WITH_KNOTS('',3,(#2590,#2591,#2592,#2593),
 .UNSPECIFIED.,.F.,.F.,(4,4),(0.,1.),.UNSPECIFIED.);
#103=B_SPLINE_CURVE_WITH_KNOTS('',3,(#2595,#2596,#2597,#2598),
 .UNSPECIFIED.,.F.,.F.,(4,4),(0.,0.000848166810275685),.UNSPECIFIED.);
#104=B_SPLINE_CURVE_WITH_KNOTS('',3,(#2600,#2601,#2602,#2603),
 .UNSPECIFIED.,.F.,.F.,(4,4),(0.,1.),.UNSPECIFIED.);
#105=B_SPLINE_CURVE_WITH_KNOTS('',3,(#2630,#2631,#2632,#2633),
 .UNSPECIFIED.,.F.,.F.,(4,4),(0.,0.000626445732097205),.UNSPECIFIED.);
#106=B_SPLINE_CURVE_WITH_KNOTS('',3,(#2635,#2636,#2637,#2638),
 .UNSPECIFIED.,.F.,.F.,(4,4),(0.,0.000847316645401388),.UNSPECIFIED.);
#107=B_SPLINE_CURVE_WITH_KNOTS('',3,(#2669,#2670,#2671,#2672,#2673,#2674),
 .UNSPECIFIED.,.F.,.F.,(4,1,1,4),(2.56526424146882E-15,0.00127898681220287,
0.00255797362440317,0.00511594724880378),.UNSPECIFIED.);
#108=B_SPLINE_CURVE_WITH_KNOTS('',3,(#2676,#2677,#2678,#2679),
 .UNSPECIFIED.,.F.,.F.,(4,4),(0.,1.),.UNSPECIFIED.);
#109=B_SPLINE_CURVE_WITH_KNOTS('',3,(#2683,#2684,#2685,#2686),
 .UNSPECIFIED.,.F.,.F.,(4,4),(0.,0.999695928376946),.UNSPECIFIED.);
#110=B_SPLINE_CURVE_WITH_KNOTS('',3,(#2690,#2691,#2692,#2693),
 .UNSPECIFIED.,.F.,.F.,(4,4),(0.,1.),.UNSPECIFIED.);
#111=B_SPLINE_CURVE_WITH_KNOTS('',3,(#2720,#2721,#2722,#2723,#2724),
 .UNSPECIFIED.,.F.,.F.,(4,1,4),(0.,0.00173760309758704,0.00347520619517409),
 .UNSPECIFIED.);
#112=B_SPLINE_CURVE_WITH_KNOTS('',3,(#2761,#2762,#2763,#2764),
 .UNSPECIFIED.,.F.,.F.,(4,4),(0.,1.),.UNSPECIFIED.);
#113=B_SPLINE_CURVE_WITH_KNOTS('',3,(#2766,#2767,#2768,#2769,#2770),
 .UNSPECIFIED.,.F.,.F.,(4,1,4),(0.,0.00173586096739853,0.00347172193479706),
 .UNSPECIFIED.);
#114=B_SPLINE_CURVE_WITH_KNOTS('',3,(#2772,#2773,#2774,#2775),
 .UNSPECIFIED.,.F.,.F.,(4,4),(0.000216760148120878,0.999748719271093),
 .UNSPECIFIED.);
#115=ELLIPSE('',#1342,3.69034638742633,2.6);
#116=ELLIPSE('',#1343,2.69604995627241,2.6);
#117=ELLIPSE('',#1344,10.3923048454136,6.);
#118=ELLIPSE('',#1345,10.3923048454114,6.);
#119=ELLIPSE('',#1346,2.69604995627241,2.6);
#120=ELLIPSE('',#1347,3.69034638742633,2.6);
#121=ELLIPSE('',#1349,1.91788695848701,1.);
#122=ELLIPSE('',#1351,5.37105947343194,3.4);
#123=ELLIPSE('',#1353,14.4767156477604,2.6);
#124=ELLIPSE('',#1355,4.5254833995939,3.2);
#125=ELLIPSE('',#1356,4.5254833995939,3.2);
#126=ELLIPSE('',#1359,14.4767156475913,2.6);
#127=ELLIPSE('',#1361,4.81663783151692,3.6);
#128=ELLIPSE('',#1362,3.64965751817893,3.6);
#129=ELLIPSE('',#1364,4.81663783151692,3.6);
#130=ELLIPSE('',#1365,3.64965751817893,3.6);
#131=ELLIPSE('',#1375,1.91788695848782,1.);
#132=ELLIPSE('',#1378,16.8836461287232,3.);
#133=ELLIPSE('',#1382,16.8836461290112,3.);
#134=ELLIPSE('',#1387,0.848528137423857,0.6);
#135=ELLIPSE('',#1388,0.848528137423857,0.6);
#136=ELLIPSE('',#1394,9.00000000000044,3.);
#137=ELLIPSE('',#1396,8.99999999999789,3.);
#138=ELLIPSE('',#1399,5.37105947340496,3.4);
#139=ELLIPSE('',#1403,14.5538756330132,3.);
#140=ELLIPSE('',#1406,5.12720975454906,3.);
#141=ELLIPSE('',#1411,14.5538756331814,3.);
#142=ELLIPSE('',#1414,5.12720975452079,3.);
#143=ELLIPSE('',#1416,3.98229286456817,3.);
#144=ELLIPSE('',#1418,3.08361563213,3.);
#145=ELLIPSE('',#1420,3.98229286456817,3.);
#146=ELLIPSE('',#1422,3.08361563213,3.);
#147=LINE('',#1837,#216);
#148=LINE('',#1842,#217);
#149=LINE('',#1846,#218);
#150=LINE('',#1850,#219);
#151=LINE('',#1854,#220);
#152=LINE('',#1858,#221);
#153=LINE('',#1862,#222);
#154=LINE('',#1864,#223);
#155=LINE('',#1866,#224);
#156=LINE('',#1869,#225);
#157=LINE('',#1871,#226);
#158=LINE('',#1881,#227);
#159=LINE('',#1883,#228);
#160=LINE('',#1885,#229);
#161=LINE('',#1887,#230);
#162=LINE('',#1891,#231);
#163=LINE('',#1896,#232);
#164=LINE('',#1898,#233);
#165=LINE('',#1900,#234);
#166=LINE('',#1905,#235);
#167=LINE('',#1907,#236);
#168=LINE('',#1909,#237);
#169=LINE('',#1911,#238);
#170=LINE('',#1913,#239);
#171=LINE('',#1917,#240);
#172=LINE('',#1920,#241);
#173=LINE('',#1922,#242);
#174=LINE('',#1924,#243);
#175=LINE('',#1926,#244);
#176=LINE('',#1931,#245);
#177=LINE('',#1933,#246);
#178=LINE('',#1963,#247);
#179=LINE('',#1965,#248);
#180=LINE('',#1976,#249);
#181=LINE('',#1978,#250);
#182=LINE('',#1980,#251);
#183=LINE('',#1982,#252);
#184=LINE('',#1986,#253);
#185=LINE('',#1987,#254);
#186=LINE('',#1996,#255);
#187=LINE('',#1997,#256);
#188=LINE('',#2001,#257);
#189=LINE('',#2026,#258);
#190=LINE('',#2029,#259);
#191=LINE('',#2031,#260);
#192=LINE('',#2035,#261);
#193=LINE('',#2080,#262);
#194=LINE('',#2082,#263);
#195=LINE('',#2084,#264);
#196=LINE('',#2086,#265);
#197=LINE('',#2088,#266);
#198=LINE('',#2091,#267);
#199=LINE('',#2093,#268);
#200=LINE('',#2095,#269);
#201=LINE('',#2097,#270);
#202=LINE('',#2100,#271);
#203=LINE('',#2102,#272);
#204=LINE('',#2104,#273);
#205=LINE('',#2502,#274);
#206=LINE('',#2504,#275);
#207=LINE('',#2538,#276);
#208=LINE('',#2553,#277);
#209=LINE('',#2605,#278);
#210=LINE('',#2640,#279);
#211=LINE('',#2642,#280);
#212=LINE('',#2667,#281);
#213=LINE('',#2681,#282);
#214=LINE('',#2695,#283);
#215=LINE('',#2777,#284);
#216=VECTOR('',#1488,1000.);
#217=VECTOR('',#1491,1000.);
#218=VECTOR('',#1494,1000.);
#219=VECTOR('',#1497,1000.);
#220=VECTOR('',#1500,1000.);
#221=VECTOR('',#1503,1000.);
#222=VECTOR('',#1506,1000.);
#223=VECTOR('',#1507,1000.);
#224=VECTOR('',#1510,1000.);
#225=VECTOR('',#1511,1000.);
#226=VECTOR('',#1512,1000.);
#227=VECTOR('',#1517,1000.);
#228=VECTOR('',#1518,1000.);
#229=VECTOR('',#1519,1000.);
#230=VECTOR('',#1520,1000.);
#231=VECTOR('',#1525,1000.);
#232=VECTOR('',#1528,1000.);
#233=VECTOR('',#1529,1000.);
#234=VECTOR('',#1532,1000.);
#235=VECTOR('',#1535,1000.);
#236=VECTOR('',#1536,1000.);
#237=VECTOR('',#1537,1000.);
#238=VECTOR('',#1538,1000.);
#239=VECTOR('',#1539,1000.);
#240=VECTOR('',#1544,1000.);
#241=VECTOR('',#1545,1000.);
#242=VECTOR('',#1546,1000.);
#243=VECTOR('',#1547,1000.);
#244=VECTOR('',#1550,1000.);
#245=VECTOR('',#1553,1000.);
#246=VECTOR('',#1554,1000.);
#247=VECTOR('',#1585,1000.);
#248=VECTOR('',#1586,1000.);
#249=VECTOR('',#1591,1000.);
#250=VECTOR('',#1592,1000.);
#251=VECTOR('',#1593,1000.);
#252=VECTOR('',#1596,1000.);
#253=VECTOR('',#1601,1000.);
#254=VECTOR('',#1602,1000.);
#255=VECTOR('',#1605,1000.);
#256=VECTOR('',#1606,1000.);
#257=VECTOR('',#1611,1000.);
#258=VECTOR('',#1620,1000.);
#259=VECTOR('',#1621,1000.);
#260=VECTOR('',#1622,1000.);
#261=VECTOR('',#1625,1000.);
#262=VECTOR('',#1650,1000.);
#263=VECTOR('',#1651,1000.);
#264=VECTOR('',#1652,1000.);
#265=VECTOR('',#1653,1000.);
#266=VECTOR('',#1656,1000.);
#267=VECTOR('',#1657,1000.);
#268=VECTOR('',#1658,1000.);
#269=VECTOR('',#1659,1000.);
#270=VECTOR('',#1662,1000.);
#271=VECTOR('',#1663,1000.);
#272=VECTOR('',#1664,1000.);
#273=VECTOR('',#1665,1000.);
#274=VECTOR('',#1784,1000.);
#275=VECTOR('',#1785,1000.);
#276=VECTOR('',#1786,1000.);
#277=VECTOR('',#1789,1000.);
#278=VECTOR('',#1792,1000.);
#279=VECTOR('',#1795,1000.);
#280=VECTOR('',#1796,1000.);
#281=VECTOR('',#1797,1000.);
#282=VECTOR('',#1800,1000.);
#283=VECTOR('',#1807,1000.);
#284=VECTOR('',#1810,1000.);
#285=ORIENTED_EDGE('',*,*,#663,.T.);
#286=ORIENTED_EDGE('',*,*,#664,.T.);
#287=ORIENTED_EDGE('',*,*,#665,.T.);
#288=ORIENTED_EDGE('',*,*,#666,.T.);
#289=ORIENTED_EDGE('',*,*,#667,.T.);
#290=ORIENTED_EDGE('',*,*,#668,.T.);
#291=ORIENTED_EDGE('',*,*,#669,.T.);
#292=ORIENTED_EDGE('',*,*,#670,.T.);
#293=ORIENTED_EDGE('',*,*,#671,.T.);
#294=ORIENTED_EDGE('',*,*,#672,.T.);
#295=ORIENTED_EDGE('',*,*,#673,.T.);
#296=ORIENTED_EDGE('',*,*,#674,.T.);
#297=ORIENTED_EDGE('',*,*,#675,.T.);
#298=ORIENTED_EDGE('',*,*,#676,.T.);
#299=ORIENTED_EDGE('',*,*,#677,.T.);
#300=ORIENTED_EDGE('',*,*,#678,.F.);
#301=ORIENTED_EDGE('',*,*,#679,.F.);
#302=ORIENTED_EDGE('',*,*,#680,.T.);
#303=ORIENTED_EDGE('',*,*,#681,.T.);
#304=ORIENTED_EDGE('',*,*,#682,.T.);
#305=ORIENTED_EDGE('',*,*,#683,.T.);
#306=ORIENTED_EDGE('',*,*,#684,.T.);
#307=ORIENTED_EDGE('',*,*,#685,.T.);
#308=ORIENTED_EDGE('',*,*,#686,.T.);
#309=ORIENTED_EDGE('',*,*,#687,.T.);
#310=ORIENTED_EDGE('',*,*,#688,.T.);
#311=ORIENTED_EDGE('',*,*,#689,.T.);
#312=ORIENTED_EDGE('',*,*,#690,.T.);
#313=ORIENTED_EDGE('',*,*,#691,.T.);
#314=ORIENTED_EDGE('',*,*,#692,.T.);
#315=ORIENTED_EDGE('',*,*,#693,.T.);
#316=ORIENTED_EDGE('',*,*,#694,.T.);
#317=ORIENTED_EDGE('',*,*,#695,.T.);
#318=ORIENTED_EDGE('',*,*,#696,.T.);
#319=ORIENTED_EDGE('',*,*,#697,.F.);
#320=ORIENTED_EDGE('',*,*,#698,.F.);
#321=ORIENTED_EDGE('',*,*,#699,.T.);
#322=ORIENTED_EDGE('',*,*,#700,.T.);
#323=ORIENTED_EDGE('',*,*,#701,.T.);
#324=ORIENTED_EDGE('',*,*,#702,.F.);
#325=ORIENTED_EDGE('',*,*,#703,.T.);
#326=ORIENTED_EDGE('',*,*,#704,.T.);
#327=ORIENTED_EDGE('',*,*,#705,.F.);
#328=ORIENTED_EDGE('',*,*,#706,.T.);
#329=ORIENTED_EDGE('',*,*,#707,.T.);
#330=ORIENTED_EDGE('',*,*,#708,.F.);
#331=ORIENTED_EDGE('',*,*,#709,.F.);
#332=ORIENTED_EDGE('',*,*,#708,.T.);
#333=ORIENTED_EDGE('',*,*,#710,.T.);
#334=ORIENTED_EDGE('',*,*,#711,.T.);
#335=ORIENTED_EDGE('',*,*,#702,.T.);
#336=ORIENTED_EDGE('',*,*,#712,.F.);
#337=ORIENTED_EDGE('',*,*,#704,.F.);
#338=ORIENTED_EDGE('',*,*,#713,.T.);
#339=ORIENTED_EDGE('',*,*,#714,.T.);
#340=ORIENTED_EDGE('',*,*,#690,.F.);
#341=ORIENTED_EDGE('',*,*,#715,.T.);
#342=ORIENTED_EDGE('',*,*,#716,.F.);
#343=ORIENTED_EDGE('',*,*,#717,.T.);
#344=ORIENTED_EDGE('',*,*,#718,.T.);
#345=ORIENTED_EDGE('',*,*,#719,.T.);
#346=ORIENTED_EDGE('',*,*,#720,.T.);
#347=ORIENTED_EDGE('',*,*,#721,.F.);
#348=ORIENTED_EDGE('',*,*,#722,.T.);
#349=ORIENTED_EDGE('',*,*,#716,.T.);
#350=ORIENTED_EDGE('',*,*,#723,.T.);
#351=ORIENTED_EDGE('',*,*,#724,.T.);
#352=ORIENTED_EDGE('',*,*,#725,.F.);
#353=ORIENTED_EDGE('',*,*,#726,.F.);
#354=ORIENTED_EDGE('',*,*,#727,.T.);
#355=ORIENTED_EDGE('',*,*,#728,.T.);
#356=ORIENTED_EDGE('',*,*,#724,.F.);
#357=ORIENTED_EDGE('',*,*,#729,.F.);
#358=ORIENTED_EDGE('',*,*,#730,.T.);
#359=ORIENTED_EDGE('',*,*,#726,.T.);
#360=ORIENTED_EDGE('',*,*,#723,.F.);
#361=ORIENTED_EDGE('',*,*,#731,.T.);
#362=ORIENTED_EDGE('',*,*,#721,.T.);
#363=ORIENTED_EDGE('',*,*,#732,.T.);
#364=ORIENTED_EDGE('',*,*,#733,.F.);
#365=ORIENTED_EDGE('',*,*,#683,.F.);
#366=ORIENTED_EDGE('',*,*,#732,.F.);
#367=ORIENTED_EDGE('',*,*,#734,.F.);
#368=ORIENTED_EDGE('',*,*,#722,.F.);
#369=ORIENTED_EDGE('',*,*,#735,.F.);
#370=ORIENTED_EDGE('',*,*,#731,.F.);
#371=ORIENTED_EDGE('',*,*,#682,.F.);
#372=ORIENTED_EDGE('',*,*,#736,.T.);
#373=ORIENTED_EDGE('',*,*,#737,.T.);
#374=ORIENTED_EDGE('',*,*,#737,.F.);
#375=ORIENTED_EDGE('',*,*,#738,.T.);
#376=ORIENTED_EDGE('',*,*,#739,.T.);
#377=ORIENTED_EDGE('',*,*,#666,.F.);
#378=ORIENTED_EDGE('',*,*,#719,.F.);
#379=ORIENTED_EDGE('',*,*,#678,.T.);
#380=ORIENTED_EDGE('',*,*,#740,.T.);
#381=ORIENTED_EDGE('',*,*,#741,.T.);
#382=ORIENTED_EDGE('',*,*,#729,.T.);
#383=ORIENTED_EDGE('',*,*,#718,.F.);
#384=ORIENTED_EDGE('',*,*,#720,.F.);
#385=ORIENTED_EDGE('',*,*,#679,.T.);
#386=ORIENTED_EDGE('',*,*,#717,.F.);
#387=ORIENTED_EDGE('',*,*,#734,.T.);
#388=ORIENTED_EDGE('',*,*,#742,.T.);
#389=ORIENTED_EDGE('',*,*,#743,.T.);
#390=ORIENTED_EDGE('',*,*,#744,.F.);
#391=ORIENTED_EDGE('',*,*,#745,.F.);
#392=ORIENTED_EDGE('',*,*,#746,.F.);
#393=ORIENTED_EDGE('',*,*,#747,.T.);
#394=ORIENTED_EDGE('',*,*,#746,.T.);
#395=ORIENTED_EDGE('',*,*,#748,.F.);
#396=ORIENTED_EDGE('',*,*,#705,.T.);
#397=ORIENTED_EDGE('',*,*,#749,.T.);
#398=ORIENTED_EDGE('',*,*,#750,.F.);
#399=ORIENTED_EDGE('',*,*,#712,.T.);
#400=ORIENTED_EDGE('',*,*,#748,.T.);
#401=ORIENTED_EDGE('',*,*,#745,.T.);
#402=ORIENTED_EDGE('',*,*,#744,.T.);
#403=ORIENTED_EDGE('',*,*,#751,.T.);
#404=ORIENTED_EDGE('',*,*,#709,.T.);
#405=ORIENTED_EDGE('',*,*,#750,.T.);
#406=ORIENTED_EDGE('',*,*,#693,.F.);
#407=ORIENTED_EDGE('',*,*,#752,.T.);
#408=ORIENTED_EDGE('',*,*,#742,.F.);
#409=ORIENTED_EDGE('',*,*,#753,.F.);
#410=ORIENTED_EDGE('',*,*,#753,.T.);
#411=ORIENTED_EDGE('',*,*,#747,.F.);
#412=ORIENTED_EDGE('',*,*,#749,.F.);
#413=ORIENTED_EDGE('',*,*,#715,.F.);
#414=ORIENTED_EDGE('',*,*,#754,.T.);
#415=ORIENTED_EDGE('',*,*,#755,.T.);
#416=ORIENTED_EDGE('',*,*,#756,.T.);
#417=ORIENTED_EDGE('',*,*,#757,.F.);
#418=ORIENTED_EDGE('',*,*,#758,.T.);
#419=ORIENTED_EDGE('',*,*,#759,.T.);
#420=ORIENTED_EDGE('',*,*,#760,.T.);
#421=ORIENTED_EDGE('',*,*,#761,.T.);
#422=ORIENTED_EDGE('',*,*,#762,.T.);
#423=ORIENTED_EDGE('',*,*,#763,.T.);
#424=ORIENTED_EDGE('',*,*,#764,.T.);
#425=ORIENTED_EDGE('',*,*,#765,.T.);
#426=ORIENTED_EDGE('',*,*,#766,.T.);
#427=ORIENTED_EDGE('',*,*,#767,.F.);
#428=ORIENTED_EDGE('',*,*,#768,.T.);
#429=ORIENTED_EDGE('',*,*,#769,.T.);
#430=ORIENTED_EDGE('',*,*,#688,.F.);
#431=ORIENTED_EDGE('',*,*,#770,.F.);
#432=ORIENTED_EDGE('',*,*,#696,.F.);
#433=ORIENTED_EDGE('',*,*,#771,.T.);
#434=ORIENTED_EDGE('',*,*,#772,.F.);
#435=ORIENTED_EDGE('',*,*,#773,.T.);
#436=ORIENTED_EDGE('',*,*,#774,.T.);
#437=ORIENTED_EDGE('',*,*,#706,.F.);
#438=ORIENTED_EDGE('',*,*,#671,.F.);
#439=ORIENTED_EDGE('',*,*,#775,.T.);
#440=ORIENTED_EDGE('',*,*,#772,.T.);
#441=ORIENTED_EDGE('',*,*,#751,.F.);
#442=ORIENTED_EDGE('',*,*,#776,.F.);
#443=ORIENTED_EDGE('',*,*,#776,.T.);
#444=ORIENTED_EDGE('',*,*,#743,.F.);
#445=ORIENTED_EDGE('',*,*,#777,.F.);
#446=ORIENTED_EDGE('',*,*,#672,.F.);
#447=ORIENTED_EDGE('',*,*,#778,.T.);
#448=ORIENTED_EDGE('',*,*,#779,.T.);
#449=ORIENTED_EDGE('',*,*,#700,.F.);
#450=ORIENTED_EDGE('',*,*,#780,.F.);
#451=ORIENTED_EDGE('',*,*,#756,.F.);
#452=ORIENTED_EDGE('',*,*,#781,.T.);
#453=ORIENTED_EDGE('',*,*,#782,.F.);
#454=ORIENTED_EDGE('',*,*,#783,.T.);
#455=ORIENTED_EDGE('',*,*,#673,.F.);
#456=ORIENTED_EDGE('',*,*,#777,.T.);
#457=ORIENTED_EDGE('',*,*,#752,.F.);
#458=ORIENTED_EDGE('',*,*,#692,.F.);
#459=ORIENTED_EDGE('',*,*,#784,.T.);
#460=ORIENTED_EDGE('',*,*,#785,.T.);
#461=ORIENTED_EDGE('',*,*,#782,.T.);
#462=ORIENTED_EDGE('',*,*,#766,.F.);
#463=ORIENTED_EDGE('',*,*,#786,.T.);
#464=ORIENTED_EDGE('',*,*,#738,.F.);
#465=ORIENTED_EDGE('',*,*,#736,.F.);
#466=ORIENTED_EDGE('',*,*,#681,.F.);
#467=ORIENTED_EDGE('',*,*,#787,.F.);
#468=ORIENTED_EDGE('',*,*,#686,.F.);
#469=ORIENTED_EDGE('',*,*,#788,.T.);
#470=ORIENTED_EDGE('',*,*,#764,.F.);
#471=ORIENTED_EDGE('',*,*,#789,.F.);
#472=ORIENTED_EDGE('',*,*,#741,.F.);
#473=ORIENTED_EDGE('',*,*,#790,.T.);
#474=ORIENTED_EDGE('',*,*,#760,.F.);
#475=ORIENTED_EDGE('',*,*,#791,.F.);
#476=ORIENTED_EDGE('',*,*,#727,.F.);
#477=ORIENTED_EDGE('',*,*,#730,.F.);
#478=ORIENTED_EDGE('',*,*,#762,.F.);
#479=ORIENTED_EDGE('',*,*,#792,.T.);
#480=ORIENTED_EDGE('',*,*,#758,.F.);
#481=ORIENTED_EDGE('',*,*,#793,.F.);
#482=ORIENTED_EDGE('',*,*,#739,.F.);
#483=ORIENTED_EDGE('',*,*,#786,.F.);
#484=ORIENTED_EDGE('',*,*,#794,.F.);
#485=ORIENTED_EDGE('',*,*,#667,.F.);
#486=ORIENTED_EDGE('',*,*,#794,.T.);
#487=ORIENTED_EDGE('',*,*,#765,.F.);
#488=ORIENTED_EDGE('',*,*,#795,.F.);
#489=ORIENTED_EDGE('',*,*,#668,.F.);
#490=ORIENTED_EDGE('',*,*,#795,.T.);
#491=ORIENTED_EDGE('',*,*,#788,.F.);
#492=ORIENTED_EDGE('',*,*,#796,.F.);
#493=ORIENTED_EDGE('',*,*,#669,.F.);
#494=ORIENTED_EDGE('',*,*,#796,.T.);
#495=ORIENTED_EDGE('',*,*,#685,.F.);
#496=ORIENTED_EDGE('',*,*,#797,.F.);
#497=ORIENTED_EDGE('',*,*,#670,.F.);
#498=ORIENTED_EDGE('',*,*,#797,.T.);
#499=ORIENTED_EDGE('',*,*,#684,.F.);
#500=ORIENTED_EDGE('',*,*,#798,.F.);
#501=ORIENTED_EDGE('',*,*,#775,.F.);
#502=ORIENTED_EDGE('',*,*,#798,.T.);
#503=ORIENTED_EDGE('',*,*,#689,.F.);
#504=ORIENTED_EDGE('',*,*,#799,.F.);
#505=ORIENTED_EDGE('',*,*,#773,.F.);
#506=ORIENTED_EDGE('',*,*,#799,.T.);
#507=ORIENTED_EDGE('',*,*,#769,.F.);
#508=ORIENTED_EDGE('',*,*,#800,.F.);
#509=ORIENTED_EDGE('',*,*,#774,.F.);
#510=ORIENTED_EDGE('',*,*,#800,.T.);
#511=ORIENTED_EDGE('',*,*,#768,.F.);
#512=ORIENTED_EDGE('',*,*,#801,.F.);
#513=ORIENTED_EDGE('',*,*,#707,.F.);
#514=ORIENTED_EDGE('',*,*,#801,.T.);
#515=ORIENTED_EDGE('',*,*,#771,.F.);
#516=ORIENTED_EDGE('',*,*,#802,.F.);
#517=ORIENTED_EDGE('',*,*,#710,.F.);
#518=ORIENTED_EDGE('',*,*,#802,.T.);
#519=ORIENTED_EDGE('',*,*,#695,.F.);
#520=ORIENTED_EDGE('',*,*,#803,.F.);
#521=ORIENTED_EDGE('',*,*,#711,.F.);
#522=ORIENTED_EDGE('',*,*,#803,.T.);
#523=ORIENTED_EDGE('',*,*,#694,.F.);
#524=ORIENTED_EDGE('',*,*,#804,.F.);
#525=ORIENTED_EDGE('',*,*,#703,.F.);
#526=ORIENTED_EDGE('',*,*,#804,.T.);
#527=ORIENTED_EDGE('',*,*,#701,.F.);
#528=ORIENTED_EDGE('',*,*,#805,.F.);
#529=ORIENTED_EDGE('',*,*,#713,.F.);
#530=ORIENTED_EDGE('',*,*,#805,.T.);
#531=ORIENTED_EDGE('',*,*,#779,.F.);
#532=ORIENTED_EDGE('',*,*,#806,.F.);
#533=ORIENTED_EDGE('',*,*,#714,.F.);
#534=ORIENTED_EDGE('',*,*,#806,.T.);
#535=ORIENTED_EDGE('',*,*,#778,.F.);
#536=ORIENTED_EDGE('',*,*,#807,.F.);
#537=ORIENTED_EDGE('',*,*,#691,.F.);
#538=ORIENTED_EDGE('',*,*,#807,.T.);
#539=ORIENTED_EDGE('',*,*,#781,.F.);
#540=ORIENTED_EDGE('',*,*,#808,.F.);
#541=ORIENTED_EDGE('',*,*,#784,.F.);
#542=ORIENTED_EDGE('',*,*,#808,.T.);
#543=ORIENTED_EDGE('',*,*,#755,.F.);
#544=ORIENTED_EDGE('',*,*,#809,.F.);
#545=ORIENTED_EDGE('',*,*,#785,.F.);
#546=ORIENTED_EDGE('',*,*,#809,.T.);
#547=ORIENTED_EDGE('',*,*,#754,.F.);
#548=ORIENTED_EDGE('',*,*,#810,.F.);
#549=ORIENTED_EDGE('',*,*,#783,.F.);
#550=ORIENTED_EDGE('',*,*,#810,.T.);
#551=ORIENTED_EDGE('',*,*,#759,.F.);
#552=ORIENTED_EDGE('',*,*,#811,.F.);
#553=ORIENTED_EDGE('',*,*,#674,.F.);
#554=ORIENTED_EDGE('',*,*,#811,.T.);
#555=ORIENTED_EDGE('',*,*,#792,.F.);
#556=ORIENTED_EDGE('',*,*,#812,.F.);
#557=ORIENTED_EDGE('',*,*,#675,.F.);
#558=ORIENTED_EDGE('',*,*,#812,.T.);
#559=ORIENTED_EDGE('',*,*,#761,.F.);
#560=ORIENTED_EDGE('',*,*,#813,.F.);
#561=ORIENTED_EDGE('',*,*,#676,.F.);
#562=ORIENTED_EDGE('',*,*,#813,.T.);
#563=ORIENTED_EDGE('',*,*,#790,.F.);
#564=ORIENTED_EDGE('',*,*,#740,.F.);
#565=ORIENTED_EDGE('',*,*,#677,.F.);
#566=ORIENTED_EDGE('',*,*,#814,.T.);
#567=ORIENTED_EDGE('',*,*,#815,.T.);
#568=ORIENTED_EDGE('',*,*,#816,.T.);
#569=ORIENTED_EDGE('',*,*,#817,.T.);
#570=ORIENTED_EDGE('',*,*,#818,.T.);
#571=ORIENTED_EDGE('',*,*,#819,.T.);
#572=ORIENTED_EDGE('',*,*,#814,.F.);
#573=ORIENTED_EDGE('',*,*,#663,.F.);
#574=ORIENTED_EDGE('',*,*,#816,.F.);
#575=ORIENTED_EDGE('',*,*,#664,.F.);
#576=ORIENTED_EDGE('',*,*,#818,.F.);
#577=ORIENTED_EDGE('',*,*,#665,.F.);
#578=ORIENTED_EDGE('',*,*,#767,.T.);
#579=ORIENTED_EDGE('',*,*,#820,.F.);
#580=ORIENTED_EDGE('',*,*,#821,.F.);
#581=ORIENTED_EDGE('',*,*,#822,.T.);
#582=ORIENTED_EDGE('',*,*,#787,.T.);
#583=ORIENTED_EDGE('',*,*,#823,.F.);
#584=ORIENTED_EDGE('',*,*,#824,.F.);
#585=ORIENTED_EDGE('',*,*,#820,.T.);
#586=ORIENTED_EDGE('',*,*,#680,.F.);
#587=ORIENTED_EDGE('',*,*,#825,.F.);
#588=ORIENTED_EDGE('',*,*,#826,.T.);
#589=ORIENTED_EDGE('',*,*,#823,.T.);
#590=ORIENTED_EDGE('',*,*,#733,.T.);
#591=ORIENTED_EDGE('',*,*,#827,.F.);
#592=ORIENTED_EDGE('',*,*,#828,.F.);
#593=ORIENTED_EDGE('',*,*,#825,.T.);
#594=ORIENTED_EDGE('',*,*,#735,.T.);
#595=ORIENTED_EDGE('',*,*,#829,.F.);
#596=ORIENTED_EDGE('',*,*,#830,.F.);
#597=ORIENTED_EDGE('',*,*,#827,.T.);
#598=ORIENTED_EDGE('',*,*,#725,.T.);
#599=ORIENTED_EDGE('',*,*,#831,.F.);
#600=ORIENTED_EDGE('',*,*,#832,.F.);
#601=ORIENTED_EDGE('',*,*,#829,.T.);
#602=ORIENTED_EDGE('',*,*,#728,.F.);
#603=ORIENTED_EDGE('',*,*,#833,.F.);
#604=ORIENTED_EDGE('',*,*,#834,.T.);
#605=ORIENTED_EDGE('',*,*,#831,.T.);
#606=ORIENTED_EDGE('',*,*,#791,.T.);
#607=ORIENTED_EDGE('',*,*,#835,.F.);
#608=ORIENTED_EDGE('',*,*,#836,.F.);
#609=ORIENTED_EDGE('',*,*,#833,.T.);
#610=ORIENTED_EDGE('',*,*,#763,.F.);
#611=ORIENTED_EDGE('',*,*,#837,.F.);
#612=ORIENTED_EDGE('',*,*,#838,.T.);
#613=ORIENTED_EDGE('',*,*,#835,.T.);
#614=ORIENTED_EDGE('',*,*,#793,.T.);
#615=ORIENTED_EDGE('',*,*,#839,.F.);
#616=ORIENTED_EDGE('',*,*,#840,.F.);
#617=ORIENTED_EDGE('',*,*,#837,.T.);
#618=ORIENTED_EDGE('',*,*,#757,.T.);
#619=ORIENTED_EDGE('',*,*,#841,.F.);
#620=ORIENTED_EDGE('',*,*,#842,.F.);
#621=ORIENTED_EDGE('',*,*,#839,.T.);
#622=ORIENTED_EDGE('',*,*,#780,.T.);
#623=ORIENTED_EDGE('',*,*,#699,.F.);
#624=ORIENTED_EDGE('',*,*,#843,.F.);
#625=ORIENTED_EDGE('',*,*,#841,.T.);
#626=ORIENTED_EDGE('',*,*,#770,.T.);
#627=ORIENTED_EDGE('',*,*,#844,.F.);
#628=ORIENTED_EDGE('',*,*,#845,.F.);
#629=ORIENTED_EDGE('',*,*,#697,.T.);
#630=ORIENTED_EDGE('',*,*,#687,.F.);
#631=ORIENTED_EDGE('',*,*,#846,.F.);
#632=ORIENTED_EDGE('',*,*,#847,.T.);
#633=ORIENTED_EDGE('',*,*,#844,.T.);
#634=ORIENTED_EDGE('',*,*,#848,.T.);
#635=ORIENTED_EDGE('',*,*,#815,.F.);
#636=ORIENTED_EDGE('',*,*,#849,.T.);
#637=ORIENTED_EDGE('',*,*,#817,.F.);
#638=ORIENTED_EDGE('',*,*,#850,.T.);
#639=ORIENTED_EDGE('',*,*,#819,.F.);
#640=ORIENTED_EDGE('',*,*,#789,.T.);
#641=ORIENTED_EDGE('',*,*,#822,.F.);
#642=ORIENTED_EDGE('',*,*,#851,.F.);
#643=ORIENTED_EDGE('',*,*,#846,.T.);
#644=ORIENTED_EDGE('',*,*,#850,.F.);
#645=ORIENTED_EDGE('',*,*,#849,.F.);
#646=ORIENTED_EDGE('',*,*,#848,.F.);
#647=ORIENTED_EDGE('',*,*,#821,.T.);
#648=ORIENTED_EDGE('',*,*,#824,.T.);
#649=ORIENTED_EDGE('',*,*,#826,.F.);
#650=ORIENTED_EDGE('',*,*,#828,.T.);
#651=ORIENTED_EDGE('',*,*,#830,.T.);
#652=ORIENTED_EDGE('',*,*,#832,.T.);
#653=ORIENTED_EDGE('',*,*,#834,.F.);
#654=ORIENTED_EDGE('',*,*,#836,.T.);
#655=ORIENTED_EDGE('',*,*,#838,.F.);
#656=ORIENTED_EDGE('',*,*,#840,.T.);
#657=ORIENTED_EDGE('',*,*,#842,.T.);
#658=ORIENTED_EDGE('',*,*,#843,.T.);
#659=ORIENTED_EDGE('',*,*,#698,.T.);
#660=ORIENTED_EDGE('',*,*,#845,.T.);
#661=ORIENTED_EDGE('',*,*,#847,.F.);
#662=ORIENTED_EDGE('',*,*,#851,.T.);
#663=EDGE_CURVE('',#852,#852,#966,.T.);
#664=EDGE_CURVE('',#853,#853,#967,.T.);
#665=EDGE_CURVE('',#854,#854,#968,.T.);
#666=EDGE_CURVE('',#855,#856,#147,.F.);
#667=EDGE_CURVE('',#856,#857,#115,.F.);
#668=EDGE_CURVE('',#857,#858,#148,.F.);
#669=EDGE_CURVE('',#858,#859,#116,.F.);
#670=EDGE_CURVE('',#859,#860,#149,.T.);
#671=EDGE_CURVE('',#860,#861,#117,.T.);
#672=EDGE_CURVE('',#861,#862,#150,.T.);
#673=EDGE_CURVE('',#862,#863,#118,.T.);
#674=EDGE_CURVE('',#863,#864,#151,.F.);
#675=EDGE_CURVE('',#864,#865,#119,.F.);
#676=EDGE_CURVE('',#865,#866,#152,.T.);
#677=EDGE_CURVE('',#866,#867,#120,.F.);
#678=EDGE_CURVE('',#868,#867,#153,.F.);
#679=EDGE_CURVE('',#855,#868,#154,.F.);
#680=EDGE_CURVE('',#869,#870,#155,.T.);
#681=EDGE_CURVE('',#870,#871,#156,.F.);
#682=EDGE_CURVE('',#871,#872,#157,.T.);
#683=EDGE_CURVE('',#872,#869,#121,.T.);
#684=EDGE_CURVE('',#873,#874,#75,.T.);
#685=EDGE_CURVE('',#874,#875,#158,.F.);
#686=EDGE_CURVE('',#875,#876,#159,.F.);
#687=EDGE_CURVE('',#876,#877,#160,.T.);
#688=EDGE_CURVE('',#877,#878,#161,.T.);
#689=EDGE_CURVE('',#878,#873,#122,.T.);
#690=EDGE_CURVE('',#879,#880,#162,.T.);
#691=EDGE_CURVE('',#880,#881,#123,.F.);
#692=EDGE_CURVE('',#881,#882,#163,.T.);
#693=EDGE_CURVE('',#882,#879,#164,.F.);
#694=EDGE_CURVE('',#883,#884,#165,.T.);
#695=EDGE_CURVE('',#884,#885,#124,.T.);
#696=EDGE_CURVE('',#885,#886,#166,.F.);
#697=EDGE_CURVE('',#887,#886,#167,.T.);
#698=EDGE_CURVE('',#888,#887,#168,.F.);
#699=EDGE_CURVE('',#888,#889,#169,.T.);
#700=EDGE_CURVE('',#889,#890,#170,.T.);
#701=EDGE_CURVE('',#890,#883,#125,.T.);
#702=EDGE_CURVE('',#891,#892,#171,.F.);
#703=EDGE_CURVE('',#891,#893,#172,.F.);
#704=EDGE_CURVE('',#893,#894,#173,.F.);
#705=EDGE_CURVE('',#892,#894,#174,.T.);
#706=EDGE_CURVE('',#895,#896,#175,.F.);
#707=EDGE_CURVE('',#896,#897,#126,.F.);
#708=EDGE_CURVE('',#898,#897,#176,.T.);
#709=EDGE_CURVE('',#895,#898,#177,.F.);
#710=EDGE_CURVE('',#897,#899,#76,.T.);
#711=EDGE_CURVE('',#899,#891,#127,.T.);
#712=EDGE_CURVE('',#898,#892,#128,.F.);
#713=EDGE_CURVE('',#893,#900,#129,.T.);
#714=EDGE_CURVE('',#900,#880,#77,.T.);
#715=EDGE_CURVE('',#879,#894,#130,.T.);
#716=EDGE_CURVE('',#901,#902,#969,.F.);
#717=EDGE_CURVE('',#901,#868,#970,.F.);
#718=EDGE_CURVE('',#868,#902,#971,.F.);
#719=EDGE_CURVE('',#903,#855,#972,.F.);
#720=EDGE_CURVE('',#855,#904,#973,.T.);
#721=EDGE_CURVE('',#903,#904,#974,.F.);
#722=EDGE_CURVE('',#905,#901,#178,.T.);
#723=EDGE_CURVE('',#902,#906,#179,.F.);
#724=EDGE_CURVE('',#906,#907,#131,.F.);
#725=EDGE_CURVE('',#905,#907,#78,.F.);
#726=EDGE_CURVE('',#908,#906,#180,.T.);
#727=EDGE_CURVE('',#908,#909,#181,.T.);
#728=EDGE_CURVE('',#909,#907,#182,.T.);
#729=EDGE_CURVE('',#910,#902,#183,.T.);
#730=EDGE_CURVE('',#910,#908,#132,.T.);
#731=EDGE_CURVE('',#872,#903,#184,.T.);
#732=EDGE_CURVE('',#904,#911,#185,.F.);
#733=EDGE_CURVE('',#869,#911,#79,.F.);
#734=EDGE_CURVE('',#901,#904,#186,.T.);
#735=EDGE_CURVE('',#911,#905,#187,.T.);
#736=EDGE_CURVE('',#871,#912,#133,.T.);
#737=EDGE_CURVE('',#912,#903,#188,.T.);
#738=EDGE_CURVE('',#912,#913,#80,.T.);
#739=EDGE_CURVE('',#913,#856,#81,.T.);
#740=EDGE_CURVE('',#867,#914,#82,.F.);
#741=EDGE_CURVE('',#914,#910,#83,.T.);
#742=EDGE_CURVE('',#915,#916,#189,.F.);
#743=EDGE_CURVE('',#916,#917,#190,.T.);
#744=EDGE_CURVE('',#918,#917,#191,.F.);
#745=EDGE_CURVE('',#919,#918,#134,.F.);
#746=EDGE_CURVE('',#920,#919,#192,.T.);
#747=EDGE_CURVE('',#920,#915,#135,.T.);
#748=EDGE_CURVE('',#892,#919,#975,.F.);
#749=EDGE_CURVE('',#894,#920,#976,.F.);
#750=EDGE_CURVE('',#898,#918,#977,.F.);
#751=EDGE_CURVE('',#917,#895,#136,.T.);
#752=EDGE_CURVE('',#882,#916,#137,.T.);
#753=EDGE_CURVE('',#879,#915,#978,.T.);
#754=EDGE_CURVE('',#921,#922,#84,.T.);
#755=EDGE_CURVE('',#922,#923,#138,.F.);
#756=EDGE_CURVE('',#923,#924,#193,.F.);
#757=EDGE_CURVE('',#925,#924,#194,.T.);
#758=EDGE_CURVE('',#925,#926,#195,.F.);
#759=EDGE_CURVE('',#926,#921,#196,.T.);
#760=EDGE_CURVE('',#927,#928,#197,.F.);
#761=EDGE_CURVE('',#928,#929,#198,.F.);
#762=EDGE_CURVE('',#929,#930,#199,.T.);
#763=EDGE_CURVE('',#930,#927,#200,.T.);
#764=EDGE_CURVE('',#931,#932,#201,.T.);
#765=EDGE_CURVE('',#932,#933,#202,.T.);
#766=EDGE_CURVE('',#933,#934,#203,.T.);
#767=EDGE_CURVE('',#931,#934,#204,.T.);
#768=EDGE_CURVE('',#935,#936,#139,.F.);
#769=EDGE_CURVE('',#936,#878,#85,.T.);
#770=EDGE_CURVE('',#886,#877,#86,.F.);
#771=EDGE_CURVE('',#885,#935,#87,.T.);
#772=EDGE_CURVE('',#937,#895,#979,.T.);
#773=EDGE_CURVE('',#937,#938,#140,.T.);
#774=EDGE_CURVE('',#938,#896,#88,.T.);
#775=EDGE_CURVE('',#860,#937,#89,.T.);
#776=EDGE_CURVE('',#861,#917,#980,.T.);
#777=EDGE_CURVE('',#862,#916,#981,.T.);
#778=EDGE_CURVE('',#939,#940,#141,.F.);
#779=EDGE_CURVE('',#940,#890,#90,.T.);
#780=EDGE_CURVE('',#924,#889,#91,.F.);
#781=EDGE_CURVE('',#923,#939,#92,.T.);
#782=EDGE_CURVE('',#941,#882,#982,.T.);
#783=EDGE_CURVE('',#941,#863,#93,.T.);
#784=EDGE_CURVE('',#881,#942,#94,.T.);
#785=EDGE_CURVE('',#942,#941,#142,.F.);
#786=EDGE_CURVE('',#933,#913,#143,.F.);
#787=EDGE_CURVE('',#934,#870,#95,.F.);
#788=EDGE_CURVE('',#875,#932,#144,.F.);
#789=EDGE_CURVE('',#876,#931,#96,.T.);
#790=EDGE_CURVE('',#914,#928,#145,.F.);
#791=EDGE_CURVE('',#909,#927,#97,.F.);
#792=EDGE_CURVE('',#929,#926,#146,.F.);
#793=EDGE_CURVE('',#930,#925,#98,.T.);
#794=EDGE_CURVE('',#857,#933,#983,.T.);
#795=EDGE_CURVE('',#858,#932,#984,.T.);
#796=EDGE_CURVE('',#859,#875,#985,.T.);
#797=EDGE_CURVE('',#860,#874,#986,.T.);
#798=EDGE_CURVE('',#937,#873,#987,.T.);
#799=EDGE_CURVE('',#938,#878,#988,.T.);
#800=EDGE_CURVE('',#896,#936,#989,.T.);
#801=EDGE_CURVE('',#897,#935,#990,.T.);
#802=EDGE_CURVE('',#899,#885,#991,.T.);
#803=EDGE_CURVE('',#891,#884,#992,.T.);
#804=EDGE_CURVE('',#893,#883,#993,.T.);
#805=EDGE_CURVE('',#900,#890,#994,.T.);
#806=EDGE_CURVE('',#880,#940,#995,.T.);
#807=EDGE_CURVE('',#881,#939,#996,.T.);
#808=EDGE_CURVE('',#942,#923,#997,.T.);
#809=EDGE_CURVE('',#941,#922,#998,.T.);
#810=EDGE_CURVE('',#863,#921,#999,.T.);
#811=EDGE_CURVE('',#864,#926,#1000,.T.);
#812=EDGE_CURVE('',#865,#929,#1001,.T.);
#813=EDGE_CURVE('',#866,#928,#1002,.T.);
#814=EDGE_CURVE('',#943,#943,#1003,.F.);
#815=EDGE_CURVE('',#944,#944,#1004,.T.);
#816=EDGE_CURVE('',#945,#945,#1005,.F.);
#817=EDGE_CURVE('',#946,#946,#1006,.T.);
#818=EDGE_CURVE('',#947,#947,#1007,.F.);
#819=EDGE_CURVE('',#948,#948,#1008,.T.);
#820=EDGE_CURVE('',#949,#934,#205,.T.);
#821=EDGE_CURVE('',#950,#949,#206,.F.);
#822=EDGE_CURVE('',#950,#931,#99,.T.);
#823=EDGE_CURVE('',#951,#870,#207,.T.);
#824=EDGE_CURVE('',#949,#951,#100,.T.);
#825=EDGE_CURVE('',#952,#869,#101,.T.);
#826=EDGE_CURVE('',#952,#951,#208,.T.);
#827=EDGE_CURVE('',#953,#911,#102,.T.);
#828=EDGE_CURVE('',#952,#953,#103,.T.);
#829=EDGE_CURVE('',#954,#905,#104,.F.);
#830=EDGE_CURVE('',#953,#954,#209,.F.);
#831=EDGE_CURVE('',#955,#907,#105,.T.);
#832=EDGE_CURVE('',#954,#955,#106,.T.);
#833=EDGE_CURVE('',#956,#909,#210,.T.);
#834=EDGE_CURVE('',#956,#955,#211,.T.);
#835=EDGE_CURVE('',#957,#927,#212,.T.);
#836=EDGE_CURVE('',#956,#957,#107,.T.);
#837=EDGE_CURVE('',#958,#930,#108,.F.);
#838=EDGE_CURVE('',#958,#957,#213,.T.);
#839=EDGE_CURVE('',#959,#925,#109,.T.);
#840=EDGE_CURVE('',#958,#959,#1009,.T.);
#841=EDGE_CURVE('',#960,#924,#110,.F.);
#842=EDGE_CURVE('',#959,#960,#214,.F.);
#843=EDGE_CURVE('',#960,#888,#111,.T.);
#844=EDGE_CURVE('',#961,#877,#112,.T.);
#845=EDGE_CURVE('',#887,#961,#113,.T.);
#846=EDGE_CURVE('',#962,#876,#114,.F.);
#847=EDGE_CURVE('',#962,#961,#215,.T.);
#848=EDGE_CURVE('',#963,#963,#1010,.T.);
#849=EDGE_CURVE('',#964,#964,#1011,.T.);
#850=EDGE_CURVE('',#965,#965,#1012,.T.);
#851=EDGE_CURVE('',#962,#950,#1013,.T.);
#852=VERTEX_POINT('',#1832);
#853=VERTEX_POINT('',#1834);
#854=VERTEX_POINT('',#1836);
#855=VERTEX_POINT('',#1838);
#856=VERTEX_POINT('',#1839);
#857=VERTEX_POINT('',#1841);
#858=VERTEX_POINT('',#1843);
#859=VERTEX_POINT('',#1845);
#860=VERTEX_POINT('',#1847);
#861=VERTEX_POINT('',#1849);
#862=VERTEX_POINT('',#1851);
#863=VERTEX_POINT('',#1853);
#864=VERTEX_POINT('',#1855);
#865=VERTEX_POINT('',#1857);
#866=VERTEX_POINT('',#1859);
#867=VERTEX_POINT('',#1861);
#868=VERTEX_POINT('',#1863);
#869=VERTEX_POINT('',#1867);
#870=VERTEX_POINT('',#1868);
#871=VERTEX_POINT('',#1870);
#872=VERTEX_POINT('',#1872);
#873=VERTEX_POINT('',#1879);
#874=VERTEX_POINT('',#1880);
#875=VERTEX_POINT('',#1882);
#876=VERTEX_POINT('',#1884);
#877=VERTEX_POINT('',#1886);
#878=VERTEX_POINT('',#1888);
#879=VERTEX_POINT('',#1892);
#880=VERTEX_POINT('',#1893);
#881=VERTEX_POINT('',#1895);
#882=VERTEX_POINT('',#1897);
#883=VERTEX_POINT('',#1901);
#884=VERTEX_POINT('',#1902);
#885=VERTEX_POINT('',#1904);
#886=VERTEX_POINT('',#1906);
#887=VERTEX_POINT('',#1908);
#888=VERTEX_POINT('',#1910);
#889=VERTEX_POINT('',#1912);
#890=VERTEX_POINT('',#1914);
#891=VERTEX_POINT('',#1918);
#892=VERTEX_POINT('',#1919);
#893=VERTEX_POINT('',#1921);
#894=VERTEX_POINT('',#1923);
#895=VERTEX_POINT('',#1927);
#896=VERTEX_POINT('',#1928);
#897=VERTEX_POINT('',#1930);
#898=VERTEX_POINT('',#1932);
#899=VERTEX_POINT('',#1939);
#900=VERTEX_POINT('',#1944);
#901=VERTEX_POINT('',#1952);
#902=VERTEX_POINT('',#1953);
#903=VERTEX_POINT('',#1958);
#904=VERTEX_POINT('',#1960);
#905=VERTEX_POINT('',#1964);
#906=VERTEX_POINT('',#1966);
#907=VERTEX_POINT('',#1968);
#908=VERTEX_POINT('',#1977);
#909=VERTEX_POINT('',#1979);
#910=VERTEX_POINT('',#1983);
#911=VERTEX_POINT('',#1988);
#912=VERTEX_POINT('',#2000);
#913=VERTEX_POINT('',#2008);
#914=VERTEX_POINT('',#2018);
#915=VERTEX_POINT('',#2027);
#916=VERTEX_POINT('',#2028);
#917=VERTEX_POINT('',#2030);
#918=VERTEX_POINT('',#2032);
#919=VERTEX_POINT('',#2034);
#920=VERTEX_POINT('',#2036);
#921=VERTEX_POINT('',#2076);
#922=VERTEX_POINT('',#2077);
#923=VERTEX_POINT('',#2079);
#924=VERTEX_POINT('',#2081);
#925=VERTEX_POINT('',#2083);
#926=VERTEX_POINT('',#2085);
#927=VERTEX_POINT('',#2089);
#928=VERTEX_POINT('',#2090);
#929=VERTEX_POINT('',#2092);
#930=VERTEX_POINT('',#2094);
#931=VERTEX_POINT('',#2098);
#932=VERTEX_POINT('',#2099);
#933=VERTEX_POINT('',#2101);
#934=VERTEX_POINT('',#2103);
#935=VERTEX_POINT('',#2107);
#936=VERTEX_POINT('',#2108);
#937=VERTEX_POINT('',#2128);
#938=VERTEX_POINT('',#2130);
#939=VERTEX_POINT('',#2159);
#940=VERTEX_POINT('',#2160);
#941=VERTEX_POINT('',#2194);
#942=VERTEX_POINT('',#2204);
#943=VERTEX_POINT('',#2485);
#944=VERTEX_POINT('',#2487);
#945=VERTEX_POINT('',#2490);
#946=VERTEX_POINT('',#2492);
#947=VERTEX_POINT('',#2495);
#948=VERTEX_POINT('',#2497);
#949=VERTEX_POINT('',#2503);
#950=VERTEX_POINT('',#2505);
#951=VERTEX_POINT('',#2539);
#952=VERTEX_POINT('',#2552);
#953=VERTEX_POINT('',#2594);
#954=VERTEX_POINT('',#2604);
#955=VERTEX_POINT('',#2634);
#956=VERTEX_POINT('',#2641);
#957=VERTEX_POINT('',#2668);
#958=VERTEX_POINT('',#2680);
#959=VERTEX_POINT('',#2687);
#960=VERTEX_POINT('',#2694);
#961=VERTEX_POINT('',#2765);
#962=VERTEX_POINT('',#2776);
#963=VERTEX_POINT('',#2780);
#964=VERTEX_POINT('',#2783);
#965=VERTEX_POINT('',#2786);
#966=CIRCLE('',#1339,2.6);
#967=CIRCLE('',#1340,2.1);
#968=CIRCLE('',#1341,2.1);
#969=CIRCLE('',#1367,1.);
#970=CIRCLE('',#1368,1.);
#971=CIRCLE('',#1369,1.);
#972=CIRCLE('',#1371,1.);
#973=CIRCLE('',#1372,1.);
#974=CIRCLE('',#1373,1.);
#975=CIRCLE('',#1390,3.);
#976=CIRCLE('',#1391,3.);
#977=CIRCLE('',#1392,3.);
#978=CIRCLE('',#1397,3.);
#979=CIRCLE('',#1405,3.);
#980=CIRCLE('',#1407,3.);
#981=CIRCLE('',#1409,3.);
#982=CIRCLE('',#1412,3.);
#983=CIRCLE('',#1423,0.4);
#984=CIRCLE('',#1425,0.4);
#985=CIRCLE('',#1426,0.4);
#986=CIRCLE('',#1428,0.4);
#987=CIRCLE('',#1429,0.4);
#988=CIRCLE('',#1430,0.4);
#989=CIRCLE('',#1431,0.4);
#990=CIRCLE('',#1432,0.4);
#991=CIRCLE('',#1433,0.4);
#992=CIRCLE('',#1434,0.4);
#993=CIRCLE('',#1436,0.4);
#994=CIRCLE('',#1437,0.4);
#995=CIRCLE('',#1438,0.4);
#996=CIRCLE('',#1439,0.4);
#997=CIRCLE('',#1440,0.4);
#998=CIRCLE('',#1441,0.4);
#999=CIRCLE('',#1442,0.4);
#1000=CIRCLE('',#1444,0.4);
#1001=CIRCLE('',#1445,0.4);
#1002=CIRCLE('',#1447,0.4);
#1003=CIRCLE('',#1449,2.2);
#1004=CIRCLE('',#1450,2.2);
#1005=CIRCLE('',#1452,1.7);
#1006=CIRCLE('',#1453,1.7);
#1007=CIRCLE('',#1455,1.7);
#1008=CIRCLE('',#1456,1.7);
#1009=CIRCLE('',#1466,2.77893529910106);
#1010=CIRCLE('',#1470,2.6);
#1011=CIRCLE('',#1472,2.1);
#1012=CIRCLE('',#1474,2.1);
#1013=CIRCLE('',#1476,2.77892755410453);
#1014=EDGE_LOOP('',(#285));
#1015=EDGE_LOOP('',(#286));
#1016=EDGE_LOOP('',(#287));
#1017=EDGE_LOOP('',(#288,#289,#290,#291,#292,#293,#294,#295,#296,#297,#298,
#299,#300,#301));
#1018=EDGE_LOOP('',(#302,#303,#304,#305));
#1019=EDGE_LOOP('',(#306,#307,#308,#309,#310,#311));
#1020=EDGE_LOOP('',(#312,#313,#314,#315));
#1021=EDGE_LOOP('',(#316,#317,#318,#319,#320,#321,#322,#323));
#1022=EDGE_LOOP('',(#324,#325,#326,#327));
#1023=EDGE_LOOP('',(#328,#329,#330,#331));
#1024=EDGE_LOOP('',(#332,#333,#334,#335,#336));
#1025=EDGE_LOOP('',(#337,#338,#339,#340,#341));
#1026=EDGE_LOOP('',(#342,#343,#344));
#1027=EDGE_LOOP('',(#345,#346,#347));
#1028=EDGE_LOOP('',(#348,#349,#350,#351,#352));
#1029=EDGE_LOOP('',(#353,#354,#355,#356));
#1030=EDGE_LOOP('',(#357,#358,#359,#360));
#1031=EDGE_LOOP('',(#361,#362,#363,#364,#365));
#1032=EDGE_LOOP('',(#366,#367,#368,#369));
#1033=EDGE_LOOP('',(#370,#371,#372,#373));
#1034=EDGE_LOOP('',(#374,#375,#376,#377,#378));
#1035=EDGE_LOOP('',(#379,#380,#381,#382,#383));
#1036=EDGE_LOOP('',(#384,#385,#386,#387));
#1037=EDGE_LOOP('',(#388,#389,#390,#391,#392,#393));
#1038=EDGE_LOOP('',(#394,#395,#396,#397));
#1039=EDGE_LOOP('',(#398,#399,#400,#401));
#1040=EDGE_LOOP('',(#402,#403,#404,#405));
#1041=EDGE_LOOP('',(#406,#407,#408,#409));
#1042=EDGE_LOOP('',(#410,#411,#412,#413));
#1043=EDGE_LOOP('',(#414,#415,#416,#417,#418,#419));
#1044=EDGE_LOOP('',(#420,#421,#422,#423));
#1045=EDGE_LOOP('',(#424,#425,#426,#427));
#1046=EDGE_LOOP('',(#428,#429,#430,#431,#432,#433));
#1047=EDGE_LOOP('',(#434,#435,#436,#437));
#1048=EDGE_LOOP('',(#438,#439,#440,#441,#442));
#1049=EDGE_LOOP('',(#443,#444,#445,#446));
#1050=EDGE_LOOP('',(#447,#448,#449,#450,#451,#452));
#1051=EDGE_LOOP('',(#453,#454,#455,#456,#457));
#1052=EDGE_LOOP('',(#458,#459,#460,#461));
#1053=EDGE_LOOP('',(#462,#463,#464,#465,#466,#467));
#1054=EDGE_LOOP('',(#468,#469,#470,#471));
#1055=EDGE_LOOP('',(#472,#473,#474,#475,#476,#477));
#1056=EDGE_LOOP('',(#478,#479,#480,#481));
#1057=EDGE_LOOP('',(#482,#483,#484,#485));
#1058=EDGE_LOOP('',(#486,#487,#488,#489));
#1059=EDGE_LOOP('',(#490,#491,#492,#493));
#1060=EDGE_LOOP('',(#494,#495,#496,#497));
#1061=EDGE_LOOP('',(#498,#499,#500,#501));
#1062=EDGE_LOOP('',(#502,#503,#504,#505));
#1063=EDGE_LOOP('',(#506,#507,#508,#509));
#1064=EDGE_LOOP('',(#510,#511,#512,#513));
#1065=EDGE_LOOP('',(#514,#515,#516,#517));
#1066=EDGE_LOOP('',(#518,#519,#520,#521));
#1067=EDGE_LOOP('',(#522,#523,#524,#525));
#1068=EDGE_LOOP('',(#526,#527,#528,#529));
#1069=EDGE_LOOP('',(#530,#531,#532,#533));
#1070=EDGE_LOOP('',(#534,#535,#536,#537));
#1071=EDGE_LOOP('',(#538,#539,#540,#541));
#1072=EDGE_LOOP('',(#542,#543,#544,#545));
#1073=EDGE_LOOP('',(#546,#547,#548,#549));
#1074=EDGE_LOOP('',(#550,#551,#552,#553));
#1075=EDGE_LOOP('',(#554,#555,#556,#557));
#1076=EDGE_LOOP('',(#558,#559,#560,#561));
#1077=EDGE_LOOP('',(#562,#563,#564,#565));
#1078=EDGE_LOOP('',(#566));
#1079=EDGE_LOOP('',(#567));
#1080=EDGE_LOOP('',(#568));
#1081=EDGE_LOOP('',(#569));
#1082=EDGE_LOOP('',(#570));
#1083=EDGE_LOOP('',(#571));
#1084=EDGE_LOOP('',(#572));
#1085=EDGE_LOOP('',(#573));
#1086=EDGE_LOOP('',(#574));
#1087=EDGE_LOOP('',(#575));
#1088=EDGE_LOOP('',(#576));
#1089=EDGE_LOOP('',(#577));
#1090=EDGE_LOOP('',(#578,#579,#580,#581));
#1091=EDGE_LOOP('',(#582,#583,#584,#585));
#1092=EDGE_LOOP('',(#586,#587,#588,#589));
#1093=EDGE_LOOP('',(#590,#591,#592,#593));
#1094=EDGE_LOOP('',(#594,#595,#596,#597));
#1095=EDGE_LOOP('',(#598,#599,#600,#601));
#1096=EDGE_LOOP('',(#602,#603,#604,#605));
#1097=EDGE_LOOP('',(#606,#607,#608,#609));
#1098=EDGE_LOOP('',(#610,#611,#612,#613));
#1099=EDGE_LOOP('',(#614,#615,#616,#617));
#1100=EDGE_LOOP('',(#618,#619,#620,#621));
#1101=EDGE_LOOP('',(#622,#623,#624,#625));
#1102=EDGE_LOOP('',(#626,#627,#628,#629));
#1103=EDGE_LOOP('',(#630,#631,#632,#633));
#1104=EDGE_LOOP('',(#634));
#1105=EDGE_LOOP('',(#635));
#1106=EDGE_LOOP('',(#636));
#1107=EDGE_LOOP('',(#637));
#1108=EDGE_LOOP('',(#638));
#1109=EDGE_LOOP('',(#639));
#1110=EDGE_LOOP('',(#640,#641,#642,#643));
#1111=EDGE_LOOP('',(#644));
#1112=EDGE_LOOP('',(#645));
#1113=EDGE_LOOP('',(#646));
#1114=EDGE_LOOP('',(#647,#648,#649,#650,#651,#652,#653,#654,#655,#656,#657,
#658,#659,#660,#661,#662));
#1115=FACE_BOUND('',#1014,.T.);
#1116=FACE_BOUND('',#1015,.T.);
#1117=FACE_BOUND('',#1016,.T.);
#1118=FACE_BOUND('',#1017,.T.);
#1119=FACE_BOUND('',#1018,.T.);
#1120=FACE_BOUND('',#1019,.T.);
#1121=FACE_BOUND('',#1020,.T.);
#1122=FACE_BOUND('',#1021,.T.);
#1123=FACE_BOUND('',#1022,.T.);
#1124=FACE_BOUND('',#1023,.T.);
#1125=FACE_BOUND('',#1024,.T.);
#1126=FACE_BOUND('',#1025,.T.);
#1127=FACE_BOUND('',#1026,.T.);
#1128=FACE_BOUND('',#1027,.T.);
#1129=FACE_BOUND('',#1028,.T.);
#1130=FACE_BOUND('',#1029,.T.);
#1131=FACE_BOUND('',#1030,.T.);
#1132=FACE_BOUND('',#1031,.T.);
#1133=FACE_BOUND('',#1032,.T.);
#1134=FACE_BOUND('',#1033,.T.);
#1135=FACE_BOUND('',#1034,.T.);
#1136=FACE_BOUND('',#1035,.T.);
#1137=FACE_BOUND('',#1036,.T.);
#1138=FACE_BOUND('',#1037,.T.);
#1139=FACE_BOUND('',#1038,.T.);
#1140=FACE_BOUND('',#1039,.T.);
#1141=FACE_BOUND('',#1040,.T.);
#1142=FACE_BOUND('',#1041,.T.);
#1143=FACE_BOUND('',#1042,.T.);
#1144=FACE_BOUND('',#1043,.T.);
#1145=FACE_BOUND('',#1044,.T.);
#1146=FACE_BOUND('',#1045,.T.);
#1147=FACE_BOUND('',#1046,.T.);
#1148=FACE_BOUND('',#1047,.T.);
#1149=FACE_BOUND('',#1048,.T.);
#1150=FACE_BOUND('',#1049,.T.);
#1151=FACE_BOUND('',#1050,.T.);
#1152=FACE_BOUND('',#1051,.T.);
#1153=FACE_BOUND('',#1052,.T.);
#1154=FACE_BOUND('',#1053,.T.);
#1155=FACE_BOUND('',#1054,.T.);
#1156=FACE_BOUND('',#1055,.T.);
#1157=FACE_BOUND('',#1056,.T.);
#1158=FACE_BOUND('',#1057,.T.);
#1159=FACE_BOUND('',#1058,.T.);
#1160=FACE_BOUND('',#1059,.T.);
#1161=FACE_BOUND('',#1060,.T.);
#1162=FACE_BOUND('',#1061,.T.);
#1163=FACE_BOUND('',#1062,.T.);
#1164=FACE_BOUND('',#1063,.T.);
#1165=FACE_BOUND('',#1064,.T.);
#1166=FACE_BOUND('',#1065,.T.);
#1167=FACE_BOUND('',#1066,.T.);
#1168=FACE_BOUND('',#1067,.T.);
#1169=FACE_BOUND('',#1068,.T.);
#1170=FACE_BOUND('',#1069,.T.);
#1171=FACE_BOUND('',#1070,.T.);
#1172=FACE_BOUND('',#1071,.T.);
#1173=FACE_BOUND('',#1072,.T.);
#1174=FACE_BOUND('',#1073,.T.);
#1175=FACE_BOUND('',#1074,.T.);
#1176=FACE_BOUND('',#1075,.T.);
#1177=FACE_BOUND('',#1076,.T.);
#1178=FACE_BOUND('',#1077,.T.);
#1179=FACE_BOUND('',#1078,.T.);
#1180=FACE_BOUND('',#1079,.T.);
#1181=FACE_BOUND('',#1080,.T.);
#1182=FACE_BOUND('',#1081,.T.);
#1183=FACE_BOUND('',#1082,.T.);
#1184=FACE_BOUND('',#1083,.T.);
#1185=FACE_BOUND('',#1084,.T.);
#1186=FACE_BOUND('',#1085,.T.);
#1187=FACE_BOUND('',#1086,.T.);
#1188=FACE_BOUND('',#1087,.T.);
#1189=FACE_BOUND('',#1088,.T.);
#1190=FACE_BOUND('',#1089,.T.);
#1191=FACE_BOUND('',#1090,.T.);
#1192=FACE_BOUND('',#1091,.T.);
#1193=FACE_BOUND('',#1092,.T.);
#1194=FACE_BOUND('',#1093,.T.);
#1195=FACE_BOUND('',#1094,.T.);
#1196=FACE_BOUND('',#1095,.T.);
#1197=FACE_BOUND('',#1096,.T.);
#1198=FACE_BOUND('',#1097,.T.);
#1199=FACE_BOUND('',#1098,.T.);
#1200=FACE_BOUND('',#1099,.T.);
#1201=FACE_BOUND('',#1100,.T.);
#1202=FACE_BOUND('',#1101,.T.);
#1203=FACE_BOUND('',#1102,.T.);
#1204=FACE_BOUND('',#1103,.T.);
#1205=FACE_BOUND('',#1104,.T.);
#1206=FACE_BOUND('',#1105,.T.);
#1207=FACE_BOUND('',#1106,.T.);
#1208=FACE_BOUND('',#1107,.T.);
#1209=FACE_BOUND('',#1108,.T.);
#1210=FACE_BOUND('',#1109,.T.);
#1211=FACE_BOUND('',#1110,.T.);
#1212=FACE_BOUND('',#1111,.T.);
#1213=FACE_BOUND('',#1112,.T.);
#1214=FACE_BOUND('',#1113,.T.);
#1215=FACE_BOUND('',#1114,.T.);
#1216=PLANE('',#1338);
#1217=PLANE('',#1348);
#1218=PLANE('',#1350);
#1219=PLANE('',#1352);
#1220=PLANE('',#1354);
#1221=PLANE('',#1357);
#1222=PLANE('',#1358);
#1223=PLANE('',#1376);
#1224=PLANE('',#1377);
#1225=PLANE('',#1380);
#1226=PLANE('',#1381);
#1227=PLANE('',#1386);
#1228=PLANE('',#1398);
#1229=PLANE('',#1400);
#1230=PLANE('',#1401);
#1231=PLANE('',#1460);
#1232=PLANE('',#1461);
#1233=PLANE('',#1462);
#1234=PLANE('',#1463);
#1235=PLANE('',#1464);
#1236=PLANE('',#1467);
#1237=PLANE('',#1468);
#1238=PLANE('',#1477);
#1239=ADVANCED_FACE('',(#1115,#1116,#1117,#1118),#1216,.F.);
#1240=ADVANCED_FACE('',(#1119),#1217,.F.);
#1241=ADVANCED_FACE('',(#1120),#1218,.F.);
#1242=ADVANCED_FACE('',(#1121),#1219,.F.);
#1243=ADVANCED_FACE('',(#1122),#1220,.T.);
#1244=ADVANCED_FACE('',(#1123),#1221,.F.);
#1245=ADVANCED_FACE('',(#1124),#1222,.F.);
#1246=ADVANCED_FACE('',(#1125),#48,.T.);
#1247=ADVANCED_FACE('',(#1126),#49,.T.);
#1248=ADVANCED_FACE('',(#1127),#46,.T.);
#1249=ADVANCED_FACE('',(#1128),#47,.T.);
#1250=ADVANCED_FACE('',(#1129),#50,.T.);
#1251=ADVANCED_FACE('',(#1130),#1223,.F.);
#1252=ADVANCED_FACE('',(#1131),#1224,.F.);
#1253=ADVANCED_FACE('',(#1132),#51,.T.);
#1254=ADVANCED_FACE('',(#1133),#1225,.T.);
#1255=ADVANCED_FACE('',(#1134),#1226,.F.);
#1256=ADVANCED_FACE('',(#1135),#52,.T.);
#1257=ADVANCED_FACE('',(#1136),#53,.T.);
#1258=ADVANCED_FACE('',(#1137),#54,.T.);
#1259=ADVANCED_FACE('',(#1138),#1227,.T.);
#1260=ADVANCED_FACE('',(#1139),#55,.T.);
#1261=ADVANCED_FACE('',(#1140),#26,.T.);
#1262=ADVANCED_FACE('',(#1141),#56,.T.);
#1263=ADVANCED_FACE('',(#1142),#57,.T.);
#1264=ADVANCED_FACE('',(#1143),#27,.T.);
#1265=ADVANCED_FACE('',(#1144),#1228,.T.);
#1266=ADVANCED_FACE('',(#1145),#1229,.F.);
#1267=ADVANCED_FACE('',(#1146),#1230,.T.);
#1268=ADVANCED_FACE('',(#1147),#58,.T.);
#1269=ADVANCED_FACE('',(#1148),#59,.F.);
#1270=ADVANCED_FACE('',(#1149),#28,.F.);
#1271=ADVANCED_FACE('',(#1150),#60,.F.);
#1272=ADVANCED_FACE('',(#1151),#61,.T.);
#1273=ADVANCED_FACE('',(#1152),#29,.F.);
#1274=ADVANCED_FACE('',(#1153),#62,.F.);
#1275=ADVANCED_FACE('',(#1154),#63,.T.);
#1276=ADVANCED_FACE('',(#1155),#64,.T.);
#1277=ADVANCED_FACE('',(#1156),#65,.T.);
#1278=ADVANCED_FACE('',(#1157),#66,.T.);
#1279=ADVANCED_FACE('',(#1158),#30,.T.);
#1280=ADVANCED_FACE('',(#1159),#67,.T.);
#1281=ADVANCED_FACE('',(#1160),#31,.T.);
#1282=ADVANCED_FACE('',(#1161),#68,.T.);
#1283=ADVANCED_FACE('',(#1162),#32,.T.);
#1284=ADVANCED_FACE('',(#1163),#33,.T.);
#1285=ADVANCED_FACE('',(#1164),#34,.T.);
#1286=ADVANCED_FACE('',(#1165),#35,.T.);
#1287=ADVANCED_FACE('',(#1166),#36,.T.);
#1288=ADVANCED_FACE('',(#1167),#37,.T.);
#1289=ADVANCED_FACE('',(#1168),#69,.T.);
#1290=ADVANCED_FACE('',(#1169),#38,.T.);
#1291=ADVANCED_FACE('',(#1170),#39,.T.);
#1292=ADVANCED_FACE('',(#1171),#40,.T.);
#1293=ADVANCED_FACE('',(#1172),#41,.T.);
#1294=ADVANCED_FACE('',(#1173),#42,.T.);
#1295=ADVANCED_FACE('',(#1174),#43,.T.);
#1296=ADVANCED_FACE('',(#1175),#70,.T.);
#1297=ADVANCED_FACE('',(#1176),#44,.T.);
#1298=ADVANCED_FACE('',(#1177),#71,.T.);
#1299=ADVANCED_FACE('',(#1178),#45,.T.);
#1300=ADVANCED_FACE('',(#1179,#1180),#72,.F.);
#1301=ADVANCED_FACE('',(#1181,#1182),#73,.F.);
#1302=ADVANCED_FACE('',(#1183,#1184),#74,.F.);
#1303=ADVANCED_FACE('',(#1185,#1186),#18,.F.);
#1304=ADVANCED_FACE('',(#1187,#1188),#19,.F.);
#1305=ADVANCED_FACE('',(#1189,#1190),#20,.F.);
#1306=ADVANCED_FACE('',(#1191),#1231,.T.);
#1307=ADVANCED_FACE('',(#1192),#12,.F.);
#1308=ADVANCED_FACE('',(#1193),#1232,.T.);
#1309=ADVANCED_FACE('',(#1194),#13,.F.);
#1310=ADVANCED_FACE('',(#1195),#1233,.T.);
#1311=ADVANCED_FACE('',(#1196),#14,.F.);
#1312=ADVANCED_FACE('',(#1197),#1234,.T.);
#1313=ADVANCED_FACE('',(#1198),#15,.F.);
#1314=ADVANCED_FACE('',(#1199),#1235,.T.);
#1315=ADVANCED_FACE('',(#1200),#21,.T.);
#1316=ADVANCED_FACE('',(#1201),#1236,.T.);
#1317=ADVANCED_FACE('',(#1202),#16,.F.);
#1318=ADVANCED_FACE('',(#1203),#17,.F.);
#1319=ADVANCED_FACE('',(#1204),#1237,.T.);
#1320=ADVANCED_FACE('',(#1205,#1206),#22,.F.);
#1321=ADVANCED_FACE('',(#1207,#1208),#23,.F.);
#1322=ADVANCED_FACE('',(#1209,#1210),#24,.F.);
#1323=ADVANCED_FACE('',(#1211),#25,.T.);
#1324=ADVANCED_FACE('',(#1212,#1213,#1214,#1215),#1238,.T.);
#1325=CLOSED_SHELL('',(#1239,#1240,#1241,#1242,#1243,#1244,#1245,#1246,
#1247,#1248,#1249,#1250,#1251,#1252,#1253,#1254,#1255,#1256,#1257,#1258,
#1259,#1260,#1261,#1262,#1263,#1264,#1265,#1266,#1267,#1268,#1269,#1270,
#1271,#1272,#1273,#1274,#1275,#1276,#1277,#1278,#1279,#1280,#1281,#1282,
#1283,#1284,#1285,#1286,#1287,#1288,#1289,#1290,#1291,#1292,#1293,#1294,
#1295,#1296,#1297,#1298,#1299,#1300,#1301,#1302,#1303,#1304,#1305,#1306,
#1307,#1308,#1309,#1310,#1311,#1312,#1313,#1314,#1315,#1316,#1317,#1318,
#1319,#1320,#1321,#1322,#1323,#1324));
#1326=STYLED_ITEM('',(#1327),#1334);
#1327=PRESENTATION_STYLE_ASSIGNMENT((#1328));
#1328=SURFACE_STYLE_USAGE(.BOTH.,#1329);
#1329=SURFACE_SIDE_STYLE('',(#1330));
#1330=SURFACE_STYLE_FILL_AREA(#1331);
#1331=FILL_AREA_STYLE('',(#1332));
#1332=FILL_AREA_STYLE_COLOUR('',#1333);
#1333=COLOUR_RGB('',0.290196078431373,0.435294117647059,0.647058823529412);
#1334=MANIFOLD_SOLID_BREP('[a]_wwg2-adapter_o2_xol',#1325);
#1335=SHAPE_DEFINITION_REPRESENTATION(#2796,#1336);
#1336=SHAPE_REPRESENTATION('[a]_wwg2-adapter_o2_xol',(#1337),#2791);
#1337=AXIS2_PLACEMENT_3D('',#1829,#1478,#1479);
#1338=AXIS2_PLACEMENT_3D('',#1830,#1480,#1481);
#1339=AXIS2_PLACEMENT_3D('',#1831,#1482,#1483);
#1340=AXIS2_PLACEMENT_3D('',#1833,#1484,#1485);
#1341=AXIS2_PLACEMENT_3D('',#1835,#1486,#1487);
#1342=AXIS2_PLACEMENT_3D('',#1840,#1489,#1490);
#1343=AXIS2_PLACEMENT_3D('',#1844,#1492,#1493);
#1344=AXIS2_PLACEMENT_3D('',#1848,#1495,#1496);
#1345=AXIS2_PLACEMENT_3D('',#1852,#1498,#1499);
#1346=AXIS2_PLACEMENT_3D('',#1856,#1501,#1502);
#1347=AXIS2_PLACEMENT_3D('',#1860,#1504,#1505);
#1348=AXIS2_PLACEMENT_3D('',#1865,#1508,#1509);
#1349=AXIS2_PLACEMENT_3D('',#1873,#1513,#1514);
#1350=AXIS2_PLACEMENT_3D('',#1874,#1515,#1516);
#1351=AXIS2_PLACEMENT_3D('',#1889,#1521,#1522);
#1352=AXIS2_PLACEMENT_3D('',#1890,#1523,#1524);
#1353=AXIS2_PLACEMENT_3D('',#1894,#1526,#1527);
#1354=AXIS2_PLACEMENT_3D('',#1899,#1530,#1531);
#1355=AXIS2_PLACEMENT_3D('',#1903,#1533,#1534);
#1356=AXIS2_PLACEMENT_3D('',#1915,#1540,#1541);
#1357=AXIS2_PLACEMENT_3D('',#1916,#1542,#1543);
#1358=AXIS2_PLACEMENT_3D('',#1925,#1548,#1549);
#1359=AXIS2_PLACEMENT_3D('',#1929,#1551,#1552);
#1360=AXIS2_PLACEMENT_3D('',#1934,#1555,#1556);
#1361=AXIS2_PLACEMENT_3D('',#1940,#1557,#1558);
#1362=AXIS2_PLACEMENT_3D('',#1941,#1559,#1560);
#1363=AXIS2_PLACEMENT_3D('',#1942,#1561,#1562);
#1364=AXIS2_PLACEMENT_3D('',#1943,#1563,#1564);
#1365=AXIS2_PLACEMENT_3D('',#1949,#1565,#1566);
#1366=AXIS2_PLACEMENT_3D('',#1950,#1567,#1568);
#1367=AXIS2_PLACEMENT_3D('',#1951,#1569,#1570);
#1368=AXIS2_PLACEMENT_3D('',#1954,#1571,#1572);
#1369=AXIS2_PLACEMENT_3D('',#1955,#1573,#1574);
#1370=AXIS2_PLACEMENT_3D('',#1956,#1575,#1576);
#1371=AXIS2_PLACEMENT_3D('',#1957,#1577,#1578);
#1372=AXIS2_PLACEMENT_3D('',#1959,#1579,#1580);
#1373=AXIS2_PLACEMENT_3D('',#1961,#1581,#1582);
#1374=AXIS2_PLACEMENT_3D('',#1962,#1583,#1584);
#1375=AXIS2_PLACEMENT_3D('',#1967,#1587,#1588);
#1376=AXIS2_PLACEMENT_3D('',#1975,#1589,#1590);
#1377=AXIS2_PLACEMENT_3D('',#1981,#1594,#1595);
#1378=AXIS2_PLACEMENT_3D('',#1984,#1597,#1598);
#1379=AXIS2_PLACEMENT_3D('',#1985,#1599,#1600);
#1380=AXIS2_PLACEMENT_3D('',#1995,#1603,#1604);
#1381=AXIS2_PLACEMENT_3D('',#1998,#1607,#1608);
#1382=AXIS2_PLACEMENT_3D('',#1999,#1609,#1610);
#1383=AXIS2_PLACEMENT_3D('',#2002,#1612,#1613);
#1384=AXIS2_PLACEMENT_3D('',#2013,#1614,#1615);
#1385=AXIS2_PLACEMENT_3D('',#2024,#1616,#1617);
#1386=AXIS2_PLACEMENT_3D('',#2025,#1618,#1619);
#1387=AXIS2_PLACEMENT_3D('',#2033,#1623,#1624);
#1388=AXIS2_PLACEMENT_3D('',#2037,#1626,#1627);
#1389=AXIS2_PLACEMENT_3D('',#2038,#1628,#1629);
#1390=AXIS2_PLACEMENT_3D('',#2039,#1630,#1631);
#1391=AXIS2_PLACEMENT_3D('',#2040,#1632,#1633);
#1392=AXIS2_PLACEMENT_3D('',#2053,#1634,#1635);
#1393=AXIS2_PLACEMENT_3D('',#2054,#1636,#1637);
#1394=AXIS2_PLACEMENT_3D('',#2055,#1638,#1639);
#1395=AXIS2_PLACEMENT_3D('',#2056,#1640,#1641);
#1396=AXIS2_PLACEMENT_3D('',#2057,#1642,#1643);
#1397=AXIS2_PLACEMENT_3D('',#2058,#1644,#1645);
#1398=AXIS2_PLACEMENT_3D('',#2071,#1646,#1647);
#1399=AXIS2_PLACEMENT_3D('',#2078,#1648,#1649);
#1400=AXIS2_PLACEMENT_3D('',#2087,#1654,#1655);
#1401=AXIS2_PLACEMENT_3D('',#2096,#1660,#1661);
#1402=AXIS2_PLACEMENT_3D('',#2105,#1666,#1667);
#1403=AXIS2_PLACEMENT_3D('',#2106,#1668,#1669);
#1404=AXIS2_PLACEMENT_3D('',#2126,#1670,#1671);
#1405=AXIS2_PLACEMENT_3D('',#2127,#1672,#1673);
#1406=AXIS2_PLACEMENT_3D('',#2129,#1674,#1675);
#1407=AXIS2_PLACEMENT_3D('',#2154,#1676,#1677);
#1408=AXIS2_PLACEMENT_3D('',#2155,#1678,#1679);
#1409=AXIS2_PLACEMENT_3D('',#2156,#1680,#1681);
#1410=AXIS2_PLACEMENT_3D('',#2157,#1682,#1683);
#1411=AXIS2_PLACEMENT_3D('',#2158,#1684,#1685);
#1412=AXIS2_PLACEMENT_3D('',#2193,#1686,#1687);
#1413=AXIS2_PLACEMENT_3D('',#2199,#1688,#1689);
#1414=AXIS2_PLACEMENT_3D('',#2205,#1690,#1691);
#1415=AXIS2_PLACEMENT_3D('',#2206,#1692,#1693);
#1416=AXIS2_PLACEMENT_3D('',#2207,#1694,#1695);
#1417=AXIS2_PLACEMENT_3D('',#2224,#1696,#1697);
#1418=AXIS2_PLACEMENT_3D('',#2225,#1698,#1699);
#1419=AXIS2_PLACEMENT_3D('',#2230,#1700,#1701);
#1420=AXIS2_PLACEMENT_3D('',#2231,#1702,#1703);
#1421=AXIS2_PLACEMENT_3D('',#2248,#1704,#1705);
#1422=AXIS2_PLACEMENT_3D('',#2249,#1706,#1707);
#1423=AXIS2_PLACEMENT_3D('',#2269,#1708,#1709);
#1424=AXIS2_PLACEMENT_3D('',#2270,#1710,#1711);
#1425=AXIS2_PLACEMENT_3D('',#2271,#1712,#1713);
#1426=AXIS2_PLACEMENT_3D('',#2284,#1714,#1715);
#1427=AXIS2_PLACEMENT_3D('',#2285,#1716,#1717);
#1428=AXIS2_PLACEMENT_3D('',#2286,#1718,#1719);
#1429=AXIS2_PLACEMENT_3D('',#2299,#1720,#1721);
#1430=AXIS2_PLACEMENT_3D('',#2312,#1722,#1723);
#1431=AXIS2_PLACEMENT_3D('',#2325,#1724,#1725);
#1432=AXIS2_PLACEMENT_3D('',#2338,#1726,#1727);
#1433=AXIS2_PLACEMENT_3D('',#2354,#1728,#1729);
#1434=AXIS2_PLACEMENT_3D('',#2367,#1730,#1731);
#1435=AXIS2_PLACEMENT_3D('',#2368,#1732,#1733);
#1436=AXIS2_PLACEMENT_3D('',#2369,#1734,#1735);
#1437=AXIS2_PLACEMENT_3D('',#2382,#1736,#1737);
#1438=AXIS2_PLACEMENT_3D('',#2398,#1738,#1739);
#1439=AXIS2_PLACEMENT_3D('',#2411,#1740,#1741);
#1440=AXIS2_PLACEMENT_3D('',#2424,#1742,#1743);
#1441=AXIS2_PLACEMENT_3D('',#2437,#1744,#1745);
#1442=AXIS2_PLACEMENT_3D('',#2450,#1746,#1747);
#1443=AXIS2_PLACEMENT_3D('',#2451,#1748,#1749);
#1444=AXIS2_PLACEMENT_3D('',#2452,#1750,#1751);
#1445=AXIS2_PLACEMENT_3D('',#2465,#1752,#1753);
#1446=AXIS2_PLACEMENT_3D('',#2466,#1754,#1755);
#1447=AXIS2_PLACEMENT_3D('',#2467,#1756,#1757);
#1448=AXIS2_PLACEMENT_3D('',#2483,#1758,#1759);
#1449=AXIS2_PLACEMENT_3D('',#2484,#1760,#1761);
#1450=AXIS2_PLACEMENT_3D('',#2486,#1762,#1763);
#1451=AXIS2_PLACEMENT_3D('',#2488,#1764,#1765);
#1452=AXIS2_PLACEMENT_3D('',#2489,#1766,#1767);
#1453=AXIS2_PLACEMENT_3D('',#2491,#1768,#1769);
#1454=AXIS2_PLACEMENT_3D('',#2493,#1770,#1771);
#1455=AXIS2_PLACEMENT_3D('',#2494,#1772,#1773);
#1456=AXIS2_PLACEMENT_3D('',#2496,#1774,#1775);
#1457=AXIS2_PLACEMENT_3D('',#2498,#1776,#1777);
#1458=AXIS2_PLACEMENT_3D('',#2499,#1778,#1779);
#1459=AXIS2_PLACEMENT_3D('',#2500,#1780,#1781);
#1460=AXIS2_PLACEMENT_3D('',#2501,#1782,#1783);
#1461=AXIS2_PLACEMENT_3D('',#2547,#1787,#1788);
#1462=AXIS2_PLACEMENT_3D('',#2599,#1790,#1791);
#1463=AXIS2_PLACEMENT_3D('',#2639,#1793,#1794);
#1464=AXIS2_PLACEMENT_3D('',#2675,#1798,#1799);
#1465=AXIS2_PLACEMENT_3D('',#2682,#1801,#1802);
#1466=AXIS2_PLACEMENT_3D('',#2688,#1803,#1804);
#1467=AXIS2_PLACEMENT_3D('',#2689,#1805,#1806);
#1468=AXIS2_PLACEMENT_3D('',#2771,#1808,#1809);
#1469=AXIS2_PLACEMENT_3D('',#2778,#1811,#1812);
#1470=AXIS2_PLACEMENT_3D('',#2779,#1813,#1814);
#1471=AXIS2_PLACEMENT_3D('',#2781,#1815,#1816);
#1472=AXIS2_PLACEMENT_3D('',#2782,#1817,#1818);
#1473=AXIS2_PLACEMENT_3D('',#2784,#1819,#1820);
#1474=AXIS2_PLACEMENT_3D('',#2785,#1821,#1822);
#1475=AXIS2_PLACEMENT_3D('',#2787,#1823,#1824);
#1476=AXIS2_PLACEMENT_3D('',#2788,#1825,#1826);
#1477=AXIS2_PLACEMENT_3D('',#2789,#1827,#1828);
#1478=DIRECTION('',(0.,0.,1.));
#1479=DIRECTION('',(1.,0.,0.));
#1480=DIRECTION('',(0.,0.,-1.));
#1481=DIRECTION('',(-1.,0.,0.));
#1482=DIRECTION('',(0.,0.,-1.));
#1483=DIRECTION('',(-1.,0.,0.));
#1484=DIRECTION('',(0.,0.,-1.));
#1485=DIRECTION('',(-1.,0.,0.));
#1486=DIRECTION('',(0.,0.,-1.));
#1487=DIRECTION('',(-1.,0.,0.));
#1488=DIRECTION('',(0.25038172139058,0.968147196243159,-5.32907168871455E-14));
#1489=DIRECTION('',(0.,0.,-1.));
#1490=DIRECTION('',(0.,-1.,0.));
#1491=DIRECTION('',(0.,1.,0.));
#1492=DIRECTION('',(0.,0.,-1.));
#1493=DIRECTION('',(0.,1.,0.));
#1494=DIRECTION('',(0.642787609686534,-0.766044443118982,0.));
#1495=DIRECTION('',(0.,0.,-1.));
#1496=DIRECTION('',(0.707106781186585,-0.707106781186511,0.));
#1497=DIRECTION('',(1.,8.92494232791578E-29,0.));
#1498=DIRECTION('',(0.,0.,-1.));
#1499=DIRECTION('',(-0.707106781183539,-0.707106781189556,0.));
#1500=DIRECTION('',(-0.642787609686546,-0.766044443118972,0.));
#1501=DIRECTION('',(0.,0.,-1.));
#1502=DIRECTION('',(-2.23218189743669E-16,-1.,0.));
#1503=DIRECTION('',(0.,1.,0.));
#1504=DIRECTION('',(0.,0.,-1.));
#1505=DIRECTION('',(6.07903549129634E-17,1.,0.));
#1506=DIRECTION('',(-0.250381721394646,0.968147196242107,1.75897049202561E-25));
#1507=DIRECTION('',(-1.,6.02934254911523E-14,0.));
#1508=DIRECTION('',(-1.56926056433767E-13,-0.704540909454641,-0.709663375766868));
#1509=DIRECTION('',(7.49764997473846E-14,-0.709663375766868,0.704540909454641));
#1510=DIRECTION('',(-1.,2.22735194405159E-13,0.));
#1511=DIRECTION('',(0.,0.709663375766868,-0.704540909454641));
#1512=DIRECTION('',(0.180517647920906,0.698004845308153,-0.692966532175577));
#1513=DIRECTION('',(-1.56926056433767E-13,-0.704540909454641,-0.709663375766868));
#1514=DIRECTION('',(-0.0717233255457333,-0.707835684478033,0.702726410740464));
#1515=DIRECTION('',(0.754406506735493,0.633022221559484,0.17364817766693));
#1516=DIRECTION('',(0.616891022898628,-0.774133623486214,0.141995066305803));
#1517=DIRECTION('',(0.642787609686534,-0.766044443118982,0.));
#1518=DIRECTION('',(2.72001849203756E-18,-0.264543251462244,0.964373821765079));
#1519=DIRECTION('',(0.642787609686534,-0.766044443118982,0.));
#1520=DIRECTION('',(0.395471280066582,-0.649462264740031,0.649462264740031));
#1521=DIRECTION('',(0.754406506735493,0.633022221559484,0.17364817766693));
#1522=DIRECTION('',(0.616891022898628,-0.774133623486214,0.141995066305803));
#1523=DIRECTION('',(-0.707106781186661,-2.96958125798087E-12,-0.707106781186435));
#1524=DIRECTION('',(4.19962208960528E-12,-1.,-4.46919348916775E-25));
#1525=DIRECTION('',(4.19962208960528E-12,-1.,-4.46919348916775E-25));
#1526=DIRECTION('',(-0.707106781186661,-2.96958125798087E-12,-0.707106781186435));
#1527=DIRECTION('',(-0.5311025258582,-0.660197102425446,0.531102525861143));
#1528=DIRECTION('',(-4.19962208960483E-12,1.,1.82325745790231E-40));
#1529=DIRECTION('',(0.577350269187119,0.577350269192031,-0.577350269189728));
#1530=DIRECTION('',(0.,-0.707106781186548,-0.707106781186548));
#1531=DIRECTION('',(-1.,0.,0.));
#1532=DIRECTION('',(-1.,-1.06418944224796E-13,1.06418944224796E-13));
#1533=DIRECTION('',(0.,-0.707106781186548,-0.707106781186548));
#1534=DIRECTION('',(7.3864315492473E-38,-0.707106781186548,0.707106781186548));
#1535=DIRECTION('',(0.395471280066582,-0.649462264740031,0.649462264740031));
#1536=DIRECTION('',(3.6506675387986E-5,-0.707105528510708,0.707108032917782));
#1537=DIRECTION('',(1.,0.,0.));
#1538=DIRECTION('',(0.,-0.707106781186548,0.707106781186548));
#1539=DIRECTION('',(-0.395471280066595,-0.649462264740027,0.649462264740027));
#1540=DIRECTION('',(0.,-0.707106781186548,-0.707106781186548));
#1541=DIRECTION('',(5.93916251596142E-12,-0.707106781186548,0.707106781186548));
#1542=DIRECTION('',(-1.06418944224796E-13,0.,-1.));
#1543=DIRECTION('',(-1.,0.,1.06418944224796E-13));
#1544=DIRECTION('',(5.22299583724302E-38,-1.,-5.55825702687233E-51));
#1545=DIRECTION('',(-1.,-1.06418944224796E-13,1.06418944224796E-13));
#1546=DIRECTION('',(4.19962208960528E-12,-1.,-4.46919348916775E-25));
#1547=DIRECTION('',(1.,1.06418944224796E-13,-1.06418944224796E-13));
#1548=DIRECTION('',(0.707106781186511,5.04870979341448E-29,-0.707106781186585));
#1549=DIRECTION('',(5.22299583724302E-38,-1.,-5.55825702687233E-51));
#1550=DIRECTION('',(-7.139953862333E-29,1.,-2.56217212203604E-45));
#1551=DIRECTION('',(0.707106781186511,5.04870979341448E-29,-0.707106781186585));
#1552=DIRECTION('',(-0.531102525859874,0.660197102425165,-0.531102525859818));
#1553=DIRECTION('',(5.22299583724302E-38,-1.,-5.55825702687233E-51));
#1554=DIRECTION('',(-0.577350269189666,0.577350269189606,-0.577350269189606));
#1555=DIRECTION('',(5.22299583724302E-38,-1.,-5.55825702687233E-51));
#1556=DIRECTION('',(1.06418944224796E-13,0.,1.));
#1557=DIRECTION('',(-4.33746195577934E-39,0.74740931868366,0.66436383882992));
#1558=DIRECTION('',(0.,-0.66436383882992,0.74740931868366));
#1559=DIRECTION('',(1.46725148476135E-29,-0.986393923832144,-0.164398987305357));
#1560=DIRECTION('',(0.,-0.164398987305357,0.986393923832144));
#1561=DIRECTION('',(4.19962208960528E-12,-1.,-4.46919348916775E-25));
#1562=DIRECTION('',(1.06418944223771E-13,0.,1.));
#1563=DIRECTION('',(-3.48759631635637E-13,0.74740931868366,0.66436383882992));
#1564=DIRECTION('',(5.92900820493584E-12,-0.66436383882992,0.74740931868366));
#1565=DIRECTION('',(3.45206809298158E-12,-0.986393923832144,-0.164398987305357));
#1566=DIRECTION('',(4.83272768859554E-12,-0.164398987305357,0.986393923832144));
#1567=DIRECTION('',(0.,0.,-1.));
#1568=DIRECTION('',(-1.,0.,0.));
#1569=DIRECTION('',(0.0612020885858686,-0.236649185645773,0.969665647161908));
#1570=DIRECTION('',(0.,0.971486801075012,0.237093642548762));
#1571=DIRECTION('',(-1.,6.02934254911523E-14,0.));
#1572=DIRECTION('',(6.02934254911523E-14,1.,0.));
#1573=DIRECTION('',(0.250381721394646,-0.968147196242107,-1.75897049202561E-25));
#1574=DIRECTION('',(-0.968147196242108,-0.250381721394646,0.));
#1575=DIRECTION('',(0.,0.,-1.));
#1576=DIRECTION('',(-1.,0.,0.));
#1577=DIRECTION('',(-0.25038172139058,-0.968147196243159,5.32907168871455E-14));
#1578=DIRECTION('',(-0.968147196243159,0.25038172139058,0.));
#1579=DIRECTION('',(-1.,6.02934254911523E-14,0.));
#1580=DIRECTION('',(6.02934254911523E-14,1.,0.));
#1581=DIRECTION('',(-0.0612020885846049,-0.236649185645785,0.969665647161985));
#1582=DIRECTION('',(0.,0.971486801075014,0.237093642548754));
#1583=DIRECTION('',(0.0612020885858686,-0.236649185645773,0.969665647161908));
#1584=DIRECTION('',(-2.01470745965489E-12,0.971486801074983,0.237093642548881));
#1585=DIRECTION('',(0.0612020885858686,-0.236649185645773,0.969665647161908));
#1586=DIRECTION('',(0.0612020885858686,-0.236649185645773,0.969665647161908));
#1587=DIRECTION('',(2.96468836840256E-12,-0.704540909454641,-0.709663375766868));
#1588=DIRECTION('',(0.0717233255489187,-0.707835684477728,0.702726410740446));
#1589=DIRECTION('',(2.96468836840256E-12,-0.704540909454641,-0.709663375766868));
#1590=DIRECTION('',(3.05529448880097E-12,-0.709663375766868,0.704540909454641));
#1591=DIRECTION('',(-0.180517647923986,0.698004845307395,-0.692966532175539));
#1592=DIRECTION('',(4.31406884812282E-17,0.709663375766868,-0.704540909454641));
#1593=DIRECTION('',(-1.,-4.20797192699203E-12,0.));
#1594=DIRECTION('',(-0.968147196242107,-0.250381721394646,-6.18399836227518E-14));
#1595=DIRECTION('',(0.250381721394646,-0.968147196242107,-5.79941066749143E-13));
#1596=DIRECTION('',(-0.250381721394646,0.968147196242107,1.75897049202561E-25));
#1597=DIRECTION('',(-0.968147196242107,-0.250381721394646,-6.18399836227518E-14));
#1598=DIRECTION('',(-0.174808628824563,0.675929867934405,-0.715933486381699));
#1599=DIRECTION('',(-0.0612020885846049,-0.236649185645785,0.969665647161985));
#1600=DIRECTION('',(-2.01470745965504E-12,0.971486801075043,0.237093642548634));
#1601=DIRECTION('',(-0.0612020885846049,-0.236649185645785,0.969665647161985));
#1602=DIRECTION('',(-0.0612020885846049,-0.236649185645785,0.969665647161985));
#1603=DIRECTION('',(5.85742670562543E-14,0.971486801075013,0.237093642548758));
#1604=DIRECTION('',(-1.03384599698742E-13,0.237093642548758,-0.971486801075014));
#1605=DIRECTION('',(-1.,6.02934254911523E-14,0.));
#1606=DIRECTION('',(1.,-6.02934254911524E-14,0.));
#1607=DIRECTION('',(0.968147196243159,-0.25038172139058,-2.67898388578435E-13));
#1608=DIRECTION('',(-0.25038172139058,-0.968147196243159,-5.26650349861822E-13));
#1609=DIRECTION('',(0.968147196243159,-0.25038172139058,-2.67898388578435E-13));
#1610=DIRECTION('',(-0.174808628821674,-0.675929867935534,0.715933486381338));
#1611=DIRECTION('',(0.25038172139058,0.968147196243159,-5.32907168871455E-14));
#1612=DIRECTION('',(-0.25038172139058,-0.968147196243159,5.32907168871455E-14));
#1613=DIRECTION('',(0.968147196243159,-0.25038172139058,-2.46122249094758E-13));
#1614=DIRECTION('',(0.250381721394646,-0.968147196242107,-1.75897049202561E-25));
#1615=DIRECTION('',(-0.968147196242107,-0.250381721394646,-4.00638441390746E-14));
#1616=DIRECTION('',(-1.,6.02934254911523E-14,0.));
#1617=DIRECTION('',(6.02934254911523E-14,1.,-1.57713813111996E-13));
#1618=DIRECTION('',(-6.3108872417681E-29,0.707106781186547,0.707106781186548));
#1619=DIRECTION('',(-1.,1.79927424960937E-28,0.));
#1620=DIRECTION('',(-0.577350269187119,-0.577350269192031,0.577350269189728));
#1621=DIRECTION('',(-1.,-8.92494232791578E-29,0.));
#1622=DIRECTION('',(0.577350269189666,-0.577350269189606,0.577350269189606));
#1623=DIRECTION('',(-6.3108872417681E-29,0.707106781186547,0.707106781186548));
#1624=DIRECTION('',(-6.31088723438165E-29,-0.707106781186548,0.707106781186547));
#1625=DIRECTION('',(-1.,-1.06418944224796E-13,1.06418944224796E-13));
#1626=DIRECTION('',(-6.3108872417681E-29,0.707106781186547,0.707106781186548));
#1627=DIRECTION('',(5.93916251596141E-12,-0.707106781186548,0.707106781186547));
#1628=DIRECTION('',(1.,1.06418944224796E-13,-1.06418944224796E-13));
#1629=DIRECTION('',(1.06418944224735E-13,-1.,-5.71499572020079E-13));
#1630=DIRECTION('',(1.,8.92494232269279E-29,5.22298970115468E-38));
#1631=DIRECTION('',(8.92494232269279E-29,-1.,0.));
#1632=DIRECTION('',(1.,1.06418944224796E-13,-1.06418944224796E-13));
#1633=DIRECTION('',(-1.06418944224796E-13,0.,-1.));
#1634=DIRECTION('',(0.577350269189666,-0.577350269189606,0.577350269189605));
#1635=DIRECTION('',(-0.707106781186511,-0.707106781186585,0.));
#1636=DIRECTION('',(0.577350269189666,-0.577350269189606,0.577350269189605));
#1637=DIRECTION('',(0.707106781186713,4.04111222820506E-13,-0.707106781186383));
#1638=DIRECTION('',(-0.192450089729879,0.192450089729859,0.962250448649379));
#1639=DIRECTION('',(0.680413817439809,-0.680413817439738,0.272165526975901));
#1640=DIRECTION('',(-0.577350269187119,-0.577350269192031,0.577350269189727));
#1641=DIRECTION('',(-0.707106781186863,-2.56547003516121E-12,-0.707106781186233));
#1642=DIRECTION('',(0.192450089729085,0.192450089730723,0.962250448649365));
#1643=DIRECTION('',(-0.680413817436869,-0.680413817442658,0.272165526975948));
#1644=DIRECTION('',(-0.57735026918463,-0.577350269192124,0.577350269192123));
#1645=DIRECTION('',(0.,0.707106781186547,0.707106781186548));
#1646=DIRECTION('',(0.754406506735483,-0.633022221559496,-0.17364817766693));
#1647=DIRECTION('',(-0.616891022898639,-0.774133623486205,0.141995066305807));
#1648=DIRECTION('',(0.754406506735483,-0.633022221559496,-0.17364817766693));
#1649=DIRECTION('',(-0.616891022898366,-0.774133623486204,0.141995066306993));
#1650=DIRECTION('',(-0.395471280066595,-0.649462264740027,0.649462264740027));
#1651=DIRECTION('',(-0.642787609686546,-0.766044443118972,0.));
#1652=DIRECTION('',(6.81658877300974E-18,0.26454325146224,-0.96437382176508));
#1653=DIRECTION('',(-0.642787609686546,-0.766044443118972,-1.36606921651765E-17));
#1654=DIRECTION('',(-1.,0.,-6.12323399573677E-17));
#1655=DIRECTION('',(0.,1.,0.));
#1656=DIRECTION('',(4.31406884815996E-17,0.709663375766868,-0.704540909454641));
#1657=DIRECTION('',(0.,1.,0.));
#1658=DIRECTION('',(5.90508657003053E-17,0.26454325146224,-0.96437382176508));
#1659=DIRECTION('',(0.,1.,0.));
#1660=DIRECTION('',(-1.,0.,0.));
#1661=DIRECTION('',(0.,-1.0850492054344E-18,1.));
#1662=DIRECTION('',(0.,-0.264543251462244,0.964373821765079));
#1663=DIRECTION('',(0.,1.,0.));
#1664=DIRECTION('',(0.,0.709663375766868,-0.704540909454641));
#1665=DIRECTION('',(0.,1.,0.));
#1666=DIRECTION('',(-0.395471280066582,0.64946226474003,-0.649462264740031));
#1667=DIRECTION('',(0.,-0.707106781186548,-0.707106781186548));
#1668=DIRECTION('',(-0.692488760095819,-0.0178498780975379,0.721207805693241));
#1669=DIRECTION('',(-0.55002655400957,0.6599557529884,-0.511790185507569));
#1670=DIRECTION('',(7.139953862333E-29,-1.,0.));
#1671=DIRECTION('',(-1.,-7.139953862333E-29,0.));
#1672=DIRECTION('',(1.30841038223655E-14,-1.,0.));
#1673=DIRECTION('',(-1.,-1.30841038223655E-14,0.));
#1674=DIRECTION('',(-0.790286024718476,-0.585113569293374,-0.181906872227074));
#1675=DIRECTION('',(0.570203218749625,-0.810951361691174,0.131248536368214));
#1676=DIRECTION('',(-1.,-5.72429542228458E-15,0.));
#1677=DIRECTION('',(-5.72429542228458E-15,1.,0.));
#1678=DIRECTION('',(-1.,-8.92494232791578E-29,0.));
#1679=DIRECTION('',(-8.92494232791578E-29,1.,0.));
#1680=DIRECTION('',(-1.,-3.99310493528796E-12,0.));
#1681=DIRECTION('',(-3.99310493528796E-12,1.,0.));
#1682=DIRECTION('',(-0.395471280066595,-0.649462264740027,0.649462264740027));
#1683=DIRECTION('',(0.,0.707106781186548,0.707106781186548));
#1684=DIRECTION('',(0.692488760096181,-0.0178498780943778,0.721207805692972));
#1685=DIRECTION('',(-0.550026554007691,-0.659955752988767,0.511790185509115));
#1686=DIRECTION('',(-4.19999732697838E-12,1.,0.));
#1687=DIRECTION('',(1.,4.19999732697838E-12,0.));
#1688=DIRECTION('',(4.19962208960483E-12,-1.,0.));
#1689=DIRECTION('',(-1.,-4.19962208960483E-12,0.));
#1690=DIRECTION('',(-0.790286024718525,0.58511356929328,0.181906872227163));
#1691=DIRECTION('',(-0.570203218749262,-0.810951361691241,0.131248536369378));
#1692=DIRECTION('',(0.,-0.709663375766868,0.704540909454641));
#1693=DIRECTION('',(0.,0.704540909454641,0.709663375766868));
#1694=DIRECTION('',(0.,-0.071281887083794,0.99745621085528));
#1695=DIRECTION('',(0.,-0.99745621085528,-0.071281887083794));
#1696=DIRECTION('',(0.,0.264543251462244,-0.964373821765079));
#1697=DIRECTION('',(0.,-0.964373821765079,-0.264543251462244));
#1698=DIRECTION('',(0.,-0.0343159826673355,0.999411033225857));
#1699=DIRECTION('',(0.,0.999411033225857,0.0343159826673355));
#1700=DIRECTION('',(4.31406884815996E-17,0.709663375766868,-0.704540909454641));
#1701=DIRECTION('',(0.,-0.704540909454641,-0.709663375766868));
#1702=DIRECTION('',(-4.33325121468961E-18,-0.0712818870837939,0.99745621085528));
#1703=DIRECTION('',(0.,0.99745621085528,0.0712818870837939));
#1704=DIRECTION('',(-5.90508657003053E-17,-0.26454325146224,0.96437382176508));
#1705=DIRECTION('',(0.,0.96437382176508,0.26454325146224));
#1706=DIRECTION('',(-7.65995153027763E-18,-0.034315982667335,0.999411033225857));
#1707=DIRECTION('',(0.,-0.999411033225857,-0.034315982667335));
#1708=DIRECTION('',(0.,-1.,0.));
#1709=DIRECTION('',(0.,0.,1.));
#1710=DIRECTION('',(0.,-1.,0.));
#1711=DIRECTION('',(0.,0.,1.));
#1712=DIRECTION('',(0.,-1.,0.));
#1713=DIRECTION('',(0.,0.,1.));
#1714=DIRECTION('',(0.642787609686535,-0.766044443118982,0.));
#1715=DIRECTION('',(-0.766044443118982,-0.642787609686535,0.));
#1716=DIRECTION('',(0.642787609686534,-0.766044443118982,0.));
#1717=DIRECTION('',(-0.766044443118982,-0.642787609686534,0.));
#1718=DIRECTION('',(0.642787609686535,-0.766044443118982,0.));
#1719=DIRECTION('',(-0.766044443118982,-0.642787609686535,0.));
#1720=DIRECTION('',(0.626219473637169,-0.773374157297294,0.0986994613069792));
#1721=DIRECTION('',(-0.777168849173562,-0.629292126022757,0.));
#1722=DIRECTION('',(0.603683585347139,-0.772972326971945,0.195140745407002));
#1723=DIRECTION('',(-0.788123810818946,-0.615516741299717,0.));
#1724=DIRECTION('',(0.520783069418975,-0.676439198459966,0.520783069418919));
#1725=DIRECTION('',(-0.792371880862439,-0.610038361431903,0.));
#1726=DIRECTION('',(0.558659619346214,-0.613024354674391,0.558659619346154));
#1727=DIRECTION('',(-0.739120510602219,-0.673573211170928,0.));
#1728=DIRECTION('',(0.857737145634869,-0.363515466657298,0.3635154666573));
#1729=DIRECTION('',(0.390210482574475,0.,-0.920725680802374));
#1730=DIRECTION('',(1.,1.06251812903579E-13,-1.06251812903579E-13));
#1731=DIRECTION('',(-1.06251812903579E-13,0.,-1.));
#1732=DIRECTION('',(1.,1.06418944224796E-13,-1.06418944224796E-13));
#1733=DIRECTION('',(-1.06418944224796E-13,0.,-1.));
#1734=DIRECTION('',(1.,1.06251812903577E-13,-1.06251812903579E-13));
#1735=DIRECTION('',(-1.06251812903579E-13,0.,-1.));
#1736=DIRECTION('',(0.85739730575111,0.363916103031137,-0.363916103031136));
#1737=DIRECTION('',(0.390706147135381,-0.920515457007988,0.));
#1738=DIRECTION('',(0.558693590673961,0.612962432353394,-0.558693590676721));
#1739=DIRECTION('',(0.,-0.673632755868678,-0.739066242106058));
#1740=DIRECTION('',(0.520818080456404,0.676385285274809,-0.520818080459408));
#1741=DIRECTION('',(0.,-0.610094637296083,-0.79232855151292));
#1742=DIRECTION('',(0.603757747610424,0.77298449485058,-0.194862908017356));
#1743=DIRECTION('',(0.78809183029142,-0.615557687814814,0.));
#1744=DIRECTION('',(0.626261690364827,0.773366781890665,-0.0984891661527648));
#1745=DIRECTION('',(0.777145165980663,-0.629321373379999,0.));
#1746=DIRECTION('',(0.642787609686544,0.766044443118974,0.));
#1747=DIRECTION('',(0.766044443118974,-0.642787609686544,0.));
#1748=DIRECTION('',(0.642787609686546,0.766044443118972,0.));
#1749=DIRECTION('',(0.766044443118972,-0.642787609686546,0.));
#1750=DIRECTION('',(0.642787609686544,0.766044443118974,0.));
#1751=DIRECTION('',(0.766044443118974,-0.642787609686544,0.));
#1752=DIRECTION('',(0.,1.,0.));
#1753=DIRECTION('',(0.,0.,-1.));
#1754=DIRECTION('',(0.,1.,0.));
#1755=DIRECTION('',(0.,0.,-1.));
#1756=DIRECTION('',(1.0842021724855E-15,1.,0.));
#1757=DIRECTION('',(1.,-1.0842021724855E-15,0.));
#1758=DIRECTION('',(0.,0.,-1.));
#1759=DIRECTION('',(-1.,0.,0.));
#1760=DIRECTION('',(0.,0.,-1.));
#1761=DIRECTION('',(-1.,0.,0.));
#1762=DIRECTION('',(0.,0.,-1.));
#1763=DIRECTION('',(-1.,0.,0.));
#1764=DIRECTION('',(0.,0.,-1.));
#1765=DIRECTION('',(-1.,0.,0.));
#1766=DIRECTION('',(0.,0.,-1.));
#1767=DIRECTION('',(-1.,0.,0.));
#1768=DIRECTION('',(0.,0.,-1.));
#1769=DIRECTION('',(-1.,0.,0.));
#1770=DIRECTION('',(0.,0.,-1.));
#1771=DIRECTION('',(-1.,0.,0.));
#1772=DIRECTION('',(0.,0.,-1.));
#1773=DIRECTION('',(-1.,0.,0.));
#1774=DIRECTION('',(0.,0.,-1.));
#1775=DIRECTION('',(-1.,0.,0.));
#1776=DIRECTION('',(0.,0.,1.));
#1777=DIRECTION('',(1.,0.,0.));
#1778=DIRECTION('',(0.,0.,1.));
#1779=DIRECTION('',(1.,0.,0.));
#1780=DIRECTION('',(0.,0.,1.));
#1781=DIRECTION('',(1.,0.,0.));
#1782=DIRECTION('',(-0.707106781186548,0.,-0.707106781186548));
#1783=DIRECTION('',(0.707106781186548,0.,-0.707106781186548));
#1784=DIRECTION('',(-0.707106781186544,0.,0.707106781186551));
#1785=DIRECTION('',(0.,-1.,0.));
#1786=DIRECTION('',(1.57497566372792E-13,0.707106781186548,0.707106781186548));
#1787=DIRECTION('',(1.57497566372792E-13,0.707106781186548,-0.707106781186548));
#1788=DIRECTION('',(-1.57497566372792E-13,-0.707106781186548,-0.707106781186548));
#1789=DIRECTION('',(-1.,2.22735194405159E-13,0.));
#1790=DIRECTION('',(4.26338900257597E-14,0.707106781186548,-0.707106781186548));
#1791=DIRECTION('',(-4.26338900257596E-14,-0.707106781186548,-0.707106781186548));
#1792=DIRECTION('',(-1.,6.02934254911524E-14,0.));
#1793=DIRECTION('',(-2.97548548461869E-12,0.707106781186548,-0.707106781186548));
#1794=DIRECTION('',(2.97548548461869E-12,-0.707106781186548,-0.707106781186548));
#1795=DIRECTION('',(9.20212437211E-12,0.707106781186549,0.707106781186546));
#1796=DIRECTION('',(-1.,-4.20797192699203E-12,0.));
#1797=DIRECTION('',(0.707106781186548,0.,0.707106781186548));
#1798=DIRECTION('',(0.707106781186548,0.,-0.707106781186548));
#1799=DIRECTION('',(-0.707106781186548,0.,-0.707106781186548));
#1800=DIRECTION('',(0.,1.,0.));
#1801=DIRECTION('',(1.70716893975387E-18,4.70648906350059E-18,1.));
#1802=DIRECTION('',(0.93954087553012,-0.342436772569909,0.));
#1803=DIRECTION('',(0.,0.,-1.));
#1804=DIRECTION('',(-1.,0.,0.));
#1805=DIRECTION('',(0.541675220419698,-0.454519477672049,-0.707106781186548));
#1806=DIRECTION('',(-0.541675220419698,0.454519477672049,-0.707106781186548));
#1807=DIRECTION('',(0.642787609686546,0.766044443118972,0.));
#1808=DIRECTION('',(-0.541675220419705,-0.45451947767204,-0.707106781186548));
#1809=DIRECTION('',(0.541675220419705,0.45451947767204,-0.707106781186548));
#1810=DIRECTION('',(0.642787609686534,-0.766044443118982,0.));
#1811=DIRECTION('',(0.,0.,-1.));
#1812=DIRECTION('',(-1.,0.,0.));
#1813=DIRECTION('',(0.,0.,-1.));
#1814=DIRECTION('',(-1.,0.,0.));
#1815=DIRECTION('',(0.,0.,-1.));
#1816=DIRECTION('',(-1.,0.,0.));
#1817=DIRECTION('',(0.,0.,-1.));
#1818=DIRECTION('',(-1.,0.,0.));
#1819=DIRECTION('',(0.,0.,-1.));
#1820=DIRECTION('',(-1.,0.,0.));
#1821=DIRECTION('',(0.,0.,-1.));
#1822=DIRECTION('',(-1.,0.,0.));
#1823=DIRECTION('',(2.69108008792004E-18,-7.41826459861265E-18,1.));
#1824=DIRECTION('',(-0.939528825142765,-0.342469833307777,0.));
#1825=DIRECTION('',(0.,0.,-1.));
#1826=DIRECTION('',(-1.,0.,0.));
#1827=DIRECTION('',(0.,0.,-1.));
#1828=DIRECTION('',(-1.,0.,0.));
#1829=CARTESIAN_POINT('',(0.,0.,0.));
#1830=CARTESIAN_POINT('',(-4.99552056119747,-5.48181172713489,8.8));
#1831=CARTESIAN_POINT('',(0.,0.,8.8));
#1832=CARTESIAN_POINT('',(-2.6,0.,8.8));
#1833=CARTESIAN_POINT('',(-17.5,2.11251572852918E-15,8.8));
#1834=CARTESIAN_POINT('',(-19.6,2.11251572852918E-15,8.8));
#1835=CARTESIAN_POINT('',(19.5,-1.31649530908342E-15,8.8));
#1836=CARTESIAN_POINT('',(17.4,-1.31649530908342E-15,8.8));
#1837=CARTESIAN_POINT('',(-22.8867829616333,6.19460727575863,8.8000000000049));
#1838=CARTESIAN_POINT('',(-21.2659720295503,12.4617722701583,8.8));
#1839=CARTESIAN_POINT('',(-22.9245121031003,6.04872057794983,8.8));
#1840=CARTESIAN_POINT('',(-22.28178927056,2.47290704198466,8.8));
#1841=CARTESIAN_POINT('',(-24.88178927056,2.47290704198466,8.8));
#1842=CARTESIAN_POINT('',(-24.88178927056,-2.3621010188802,8.8));
#1843=CARTESIAN_POINT('',(-24.88178927056,-2.25237458479759,8.8));
#1844=CARTESIAN_POINT('',(-22.28178927056,-2.25237458479759,8.8));
#1845=CARTESIAN_POINT('',(-24.2432461880723,-4.02208203043443,8.8));
#1846=CARTESIAN_POINT('',(-15.5717730529985,-14.3563412922428,8.8));
#1847=CARTESIAN_POINT('',(-13.4675327555552,-16.8640772264025,8.8));
#1848=CARTESIAN_POINT('',(-5.01262512191693,-21.7127416999152,8.8));
#1849=CARTESIAN_POINT('',(-9.25526580903665,-13.2274603256766,8.8));
#1850=CARTESIAN_POINT('',(10.1339454654197,-13.2274603256767,8.8));
#1851=CARTESIAN_POINT('',(9.25526580897481,-13.2274603256767,8.8));
#1852=CARTESIAN_POINT('',(5.01262512189165,-21.712741699895,8.8));
#1853=CARTESIAN_POINT('',(13.4676612651454,-16.8653261674044,8.8));
#1854=CARTESIAN_POINT('',(24.6947215580964,-3.48543672900849,8.8));
#1855=CARTESIAN_POINT('',(24.7581334422717,-3.40986538822936,8.8));
#1856=CARTESIAN_POINT('',(22.7966765247595,-1.64015794259249,8.8));
#1857=CARTESIAN_POINT('',(25.3966765247595,-1.64015794259249,8.8));
#1858=CARTESIAN_POINT('',(25.3966765247595,-5.48181172713489,8.8));
#1859=CARTESIAN_POINT('',(25.3966765247595,2.47290704207566,8.8));
#1860=CARTESIAN_POINT('',(22.7966765247595,2.47290704207566,8.8));
#1861=CARTESIAN_POINT('',(22.8955824790878,6.16058231491965,8.8));
#1862=CARTESIAN_POINT('',(22.8867829614912,6.19460727585478,8.8));
#1863=CARTESIAN_POINT('',(21.2659720294055,12.4617722701557,8.8));
#1864=CARTESIAN_POINT('',(0.0556151082663234,12.461772270157,8.8));
#1865=CARTESIAN_POINT('',(-10.1265107360818,10.6266926752876,4.5324261060796));
#1866=CARTESIAN_POINT('',(-4.99552056119296,14.7891641814729,0.4));
#1867=CARTESIAN_POINT('',(-21.6551430696091,14.7891641814766,0.4));
#1868=CARTESIAN_POINT('',(-22.2817892705595,14.7891641814767,0.4));
#1869=CARTESIAN_POINT('',(-22.2817892705595,6.32809076977692,8.79999999999967));
#1870=CARTESIAN_POINT('',(-22.2817892705595,12.527828954053,2.64501253990926));
#1871=CARTESIAN_POINT('',(-23.5122078576451,7.77018810599991,7.36831195820584));
#1872=CARTESIAN_POINT('',(-21.789468764028,14.4314771732793,0.755105164872148));
#1873=CARTESIAN_POINT('',(-20.8420276572292,14.101031530571,1.08316559688655));
#1874=CARTESIAN_POINT('',(-20.7111058633316,-6.55915718607193,0.));
#1875=CARTESIAN_POINT('',(-13.2703241226964,-17.7233099014196,8.37200028757767));
#1876=CARTESIAN_POINT('',(-13.4345948168786,-17.5204374021919,8.34610931850553));
#1877=CARTESIAN_POINT('',(-13.6006211375697,-17.3183042234993,8.33054072893323));
#1878=CARTESIAN_POINT('',(-13.7692953582494,-17.1172861150263,8.33054072893323));
#1879=CARTESIAN_POINT('',(-13.2703241226964,-17.7233099014196,8.37200028757767));
#1880=CARTESIAN_POINT('',(-13.7692953582494,-17.1172861150263,8.33054072893323));
#1881=CARTESIAN_POINT('',(-21.8363478521004,-7.50334732383311,8.33054072893323));
#1882=CARTESIAN_POINT('',(-24.5450087907665,-4.27529091905822,8.33054072893323));
#1883=CARTESIAN_POINT('',(-24.5450087907665,-1.92864015500369,-0.224009625953428));
#1884=CARTESIAN_POINT('',(-24.5449808486564,-2.09979219640715,0.39979999538724));
#1885=CARTESIAN_POINT('',(-14.8023233884213,-13.7106963624866,0.4));
#1886=CARTESIAN_POINT('',(-17.6833367902375,-10.27723829056,0.4));
#1887=CARTESIAN_POINT('',(-9.96736788219907,-22.9487795484602,13.0715412579002));
#1888=CARTESIAN_POINT('',(-12.7538983279403,-18.3726030590993,8.49536476853931));
#1889=CARTESIAN_POINT('',(-13.7996690988501,-18.013762790247,11.7305407289332));
#1890=CARTESIAN_POINT('',(6.92597648713213,-21.8500000000892,14.1292893218794));
#1891=CARTESIAN_POINT('',(7.90968139674065,-21.8500000000851,13.1455844122706));
#1892=CARTESIAN_POINT('',(7.90968139673681,-20.9370057685943,13.1455844122706));
#1893=CARTESIAN_POINT('',(7.90968139674935,-23.9206909530892,13.1455844122706));
#1894=CARTESIAN_POINT('',(9.24660537497568,-18.9830448144281,11.8086604340231));
#1895=CARTESIAN_POINT('',(11.3765861525607,-19.771811235836,9.6786796564407));
#1896=CARTESIAN_POINT('',(11.3765861525473,-16.5914213563101,9.6786796564407));
#1897=CARTESIAN_POINT('',(11.376586152551,-17.4701010127507,9.67867965644073));
#1898=CARTESIAN_POINT('',(8.7110690820779,-20.1356180832465,12.3441967269259));
#1899=CARTESIAN_POINT('',(0.000588247762091376,-11.6998677800001,0.));
#1900=CARTESIAN_POINT('',(-5.36409698449233,-25.2170250675261,13.517157287526));
#1901=CARTESIAN_POINT('',(5.36409698448196,-25.2170250675249,13.5171572875248));
#1902=CARTESIAN_POINT('',(-5.36409698449222,-25.2170250675261,13.517157287526));
#1903=CARTESIAN_POINT('',(-5.36409698449256,-22.017025067526,10.317157287526));
#1904=CARTESIAN_POINT('',(-6.61277052873089,-24.9633472460937,13.2634794660936));
#1905=CARTESIAN_POINT('',(-14.9563655182596,-11.2610877620154,-0.43878001798469));
#1906=CARTESIAN_POINT('',(-14.445614662643,-12.0998677800001,0.4));
#1907=CARTESIAN_POINT('',(-14.4456146626872,-12.0998662949959,0.4));
#1908=CARTESIAN_POINT('',(-14.4456353139448,-11.6998677116999,0.));
#1909=CARTESIAN_POINT('',(0.25744362709975,-11.6998677800001,0.));
#1910=CARTESIAN_POINT('',(14.4467911581673,-11.6998677800001,0.));
#1911=CARTESIAN_POINT('',(14.4467911581673,-12.0998677800001,0.4));
#1912=CARTESIAN_POINT('',(14.4467911581673,-12.0998677800001,0.4));
#1913=CARTESIAN_POINT('',(12.3929155951512,-15.4728426125241,3.77297483252394));
#1914=CARTESIAN_POINT('',(6.61435665531189,-24.9626745299513,13.2628067499512));
#1915=CARTESIAN_POINT('',(5.36409698446819,-22.0170250675249,10.3171572875248));
#1916=CARTESIAN_POINT('',(5.84822166578339E-12,-21.6134256522781,14.2));
#1917=CARTESIAN_POINT('',(-5.36409698449218,-21.8500000001183,14.2000000000006));
#1918=CARTESIAN_POINT('',(-5.36409698449218,-24.9341823550514,14.2000000000006));
#1919=CARTESIAN_POINT('',(-5.36409698449218,-21.1127416999158,14.2000000000006));
#1920=CARTESIAN_POINT('',(5.36409698448596,-24.9341823550503,14.1999999999994));
#1921=CARTESIAN_POINT('',(5.36409698448201,-24.9341823550503,14.1999999999994));
#1922=CARTESIAN_POINT('',(5.36409698446906,-21.8500000000958,14.1999999999994));
#1923=CARTESIAN_POINT('',(5.36409698446596,-21.1127416999147,14.1999999999994));
#1924=CARTESIAN_POINT('',(0.00331283472600428,-21.1127416999153,14.2));
#1925=CARTESIAN_POINT('',(-6.92597648715527,-21.8500000001183,14.1292893218809));
#1926=CARTESIAN_POINT('',(-11.3765861525964,-19.0504164989973,9.67867965644024));
#1927=CARTESIAN_POINT('',(-11.3765861525964,-17.4701010127957,9.67867965644026));
#1928=CARTESIAN_POINT('',(-11.3765861525964,-19.7709123664081,9.67867965644024));
#1929=CARTESIAN_POINT('',(-9.24359704196946,-18.9860531474731,11.8116687670669));
#1930=CARTESIAN_POINT('',(-7.909681396764,-23.9203984708316,13.1455844122722));
#1931=CARTESIAN_POINT('',(-7.909681396764,-21.8500000001183,13.1455844122722));
#1932=CARTESIAN_POINT('',(-7.90968139676399,-20.9370057686277,13.1455844122723));
#1933=CARTESIAN_POINT('',(-8.71106908210875,-20.1356180832831,12.3441967269276));
#1934=CARTESIAN_POINT('',(-5.36409698449256,-21.8500000001183,10.6000000000006));
#1935=CARTESIAN_POINT('',(-7.90968139676403,-23.9203984708316,13.1455844122723));
#1936=CARTESIAN_POINT('',(-7.6011432513167,-24.2213432337055,13.4541225577196));
#1937=CARTESIAN_POINT('',(-7.23180186549593,-24.5061040993819,13.7184119623723));
#1938=CARTESIAN_POINT('',(-6.76885472176068,-24.680504533619,13.9146124508891));
#1939=CARTESIAN_POINT('',(-6.76885472176068,-24.680504533619,13.9146124508891));
#1940=CARTESIAN_POINT('',(-5.36409698449256,-21.7341823550515,10.6000000000006));
#1941=CARTESIAN_POINT('',(-5.36409698449256,-20.5127416999158,10.6000000000006));
#1942=CARTESIAN_POINT('',(5.36409698446867,-21.8500000000958,10.5999999999994));
#1943=CARTESIAN_POINT('',(5.36409698446819,-21.7341823550503,10.5999999999994));
#1944=CARTESIAN_POINT('',(6.7706391141658,-24.679831817476,13.9138556452291));
#1945=CARTESIAN_POINT('',(6.7706391141658,-24.679831817476,13.9138556452291));
#1946=CARTESIAN_POINT('',(7.23510388412469,-24.5045973979444,13.7167169232563));
#1947=CARTESIAN_POINT('',(7.60092452380045,-24.2218003300083,13.4543412852209));
#1948=CARTESIAN_POINT('',(7.90968139674937,-23.9206909530892,13.1455844122706));
#1949=CARTESIAN_POINT('',(5.36409698446306,-20.5127416999147,10.5999999999994));
#1950=CARTESIAN_POINT('',(21.2659720294055,12.4617722701557,7.8));
#1951=CARTESIAN_POINT('',(21.2659720294056,12.4617722701557,7.8));
#1952=CARTESIAN_POINT('',(21.2659720294056,13.4332590712307,8.03709364254876));
#1953=CARTESIAN_POINT('',(22.2341192256477,12.7121539915504,7.8));
#1954=CARTESIAN_POINT('',(21.2659720294055,12.4617722701557,7.8));
#1955=CARTESIAN_POINT('',(21.2659720294055,12.4617722701557,7.8));
#1956=CARTESIAN_POINT('',(-21.2659720295503,12.4617722701583,7.80000000000227));
#1957=CARTESIAN_POINT('',(-21.2659720295503,12.4617722701583,7.80000000000453));
#1958=CARTESIAN_POINT('',(-22.2341192257935,12.7121539915489,7.80000000000254));
#1959=CARTESIAN_POINT('',(-21.2659720295503,12.4617722701583,7.8));
#1960=CARTESIAN_POINT('',(-21.2659720295503,13.4332590712328,8.03709364255089));
#1961=CARTESIAN_POINT('',(-21.2659720295505,12.4617722701578,7.80000000000213));
#1962=CARTESIAN_POINT('',(21.4543245781054,11.7334723331105,10.7841954784494));
#1963=CARTESIAN_POINT('',(21.4543245781054,12.7049591341856,11.0212891209981));
#1964=CARTESIAN_POINT('',(20.7839439460957,15.2970818863629,0.4));
#1965=CARTESIAN_POINT('',(22.4347693292705,11.9363032858107,10.9790338708715));
#1966=CARTESIAN_POINT('',(21.78946876388,14.4314771732535,0.755105164983972));
#1967=CARTESIAN_POINT('',(20.8420276570827,14.1010315305411,1.08316559699879));
#1968=CARTESIAN_POINT('',(21.6551430694025,14.7891641815629,0.4));
#1969=CARTESIAN_POINT('',(21.6551598608192,14.7891740272978,0.400000000000803));
#1970=CARTESIAN_POINT('',(21.6036162519091,14.8770790887499,0.400000014647724));
#1971=CARTESIAN_POINT('',(21.4783958453622,15.0271944217489,0.400242212894822));
#1972=CARTESIAN_POINT('',(21.2335479765034,15.2143244087635,0.399854672139911));
#1973=CARTESIAN_POINT('',(20.9491981095963,15.2971097670862,0.400000000000189));
#1974=CARTESIAN_POINT('',(20.7839439375372,15.2971097670859,0.400000000000116));
#1975=CARTESIAN_POINT('',(10.1265107359203,10.6266926753302,4.53242610607744));
#1976=CARTESIAN_POINT('',(22.3613387904836,12.2202360339748,2.95038520407173));
#1977=CARTESIAN_POINT('',(22.7966765247506,10.5369222341435,4.62154856959058));
#1978=CARTESIAN_POINT('',(22.7966765247506,10.6266926753566,4.5324261061041));
#1979=CARTESIAN_POINT('',(22.7966765247506,14.7891641815677,0.4));
#1980=CARTESIAN_POINT('',(-4.99552056128277,14.7891641814508,0.4));
#1981=CARTESIAN_POINT('',(22.7099333842021,10.87233061718,10.7020013893841));
#1982=CARTESIAN_POINT('',(22.0756338947231,13.3249668116137,7.8000000000001));
#1983=CARTESIAN_POINT('',(23.6726531493672,7.14979673483599,7.8000000000001));
#1984=CARTESIAN_POINT('',(22.7966765247595,10.5369222341101,0.394192188496976));
#1985=CARTESIAN_POINT('',(-21.4666221331707,11.6859215644121,10.9790338708982));
#1986=CARTESIAN_POINT('',(-22.4347693294139,11.9363032858027,10.9790338708984));
#1987=CARTESIAN_POINT('',(-20.4444397351606,16.6098655064906,-4.97899228403922));
#1988=CARTESIAN_POINT('',(-20.7839439376939,15.2971097670885,0.4));
#1989=CARTESIAN_POINT('',(-20.783943937696,15.2971097670885,0.399999999999878));
#1990=CARTESIAN_POINT('',(-20.94915362761,15.2971097670882,0.399999999999797));
#1991=CARTESIAN_POINT('',(-21.2335906697629,15.2142959286867,0.39985607266932));
#1992=CARTESIAN_POINT('',(-21.4783395187415,15.0272418878714,0.400239879089147));
#1993=CARTESIAN_POINT('',(-21.6036003298834,14.8771062432664,0.400000014596498));
#1994=CARTESIAN_POINT('',(-21.6551598610259,14.7891740272115,0.400000000000823));
#1995=CARTESIAN_POINT('',(134.806046488775,14.35285273967,4.26907564913573));
#1996=CARTESIAN_POINT('',(134.806046488775,13.4332590712239,8.03709364254876));
#1997=CARTESIAN_POINT('',(-4.99552056119622,15.2971097670875,0.4));
#1998=CARTESIAN_POINT('',(-22.7099333843634,10.8723306170846,10.7020013893889));
#1999=CARTESIAN_POINT('',(-22.28178927056,12.5278289540557,-1.58234384122016));
#2000=CARTESIAN_POINT('',(-23.769637233076,6.77478985300459,7.80000000000518));
#2001=CARTESIAN_POINT('',(-22.0756338948953,13.324966811521,7.80000000000482));
#2002=CARTESIAN_POINT('',(-21.741786188121,10.621948895694,7.80000000000463));
#2003=CARTESIAN_POINT('',(-23.769637233076,6.77478985300459,7.80000000000518));
#2004=CARTESIAN_POINT('',(-23.8110248171052,6.61475711093928,7.92556876480988));
#2005=CARTESIAN_POINT('',(-23.8648025732546,6.28608773128306,8.20830178218161));
#2006=CARTESIAN_POINT('',(-23.6019961317139,6.14486706519642,8.56049140661763));
#2007=CARTESIAN_POINT('',(-23.4216117922211,6.14720043803512,8.66257851133678));
#2008=CARTESIAN_POINT('',(-23.4216117922211,6.14720043803513,8.66257851133678));
#2009=CARTESIAN_POINT('',(-23.4216117922211,6.14720043803507,8.66257851133677));
#2010=CARTESIAN_POINT('',(-23.2655313327012,6.14921942652333,8.75091102545868));
#2011=CARTESIAN_POINT('',(-23.0915877023242,6.10655794698435,8.8));
#2012=CARTESIAN_POINT('',(-22.9245121030976,6.04872057795085,8.8));
#2013=CARTESIAN_POINT('',(21.7417861879602,10.6219488957854,7.8));
#2014=CARTESIAN_POINT('',(23.3302498639943,6.38173843576175,8.6793394587171));
#2015=CARTESIAN_POINT('',(23.1866775544959,6.33658186873798,8.76073555642595));
#2016=CARTESIAN_POINT('',(23.0362088066891,6.25380614463768,8.8));
#2017=CARTESIAN_POINT('',(22.8955824790878,6.16058231491965,8.8));
#2018=CARTESIAN_POINT('',(23.3302498639944,6.38173843576198,8.67933945871747));
#2019=CARTESIAN_POINT('',(23.3302498639944,6.38173843576197,8.67933945871747));
#2020=CARTESIAN_POINT('',(23.5113686764886,6.43870418232017,8.57665695252809));
#2021=CARTESIAN_POINT('',(23.7465330972295,6.66846478604849,8.24539210651121));
#2022=CARTESIAN_POINT('',(23.7140309691847,6.98980174790221,7.94103939945052));
#2023=CARTESIAN_POINT('',(23.6726531493671,7.14979673483598,7.8000000000001));
#2024=CARTESIAN_POINT('',(134.806046488775,12.4617722701489,7.8));
#2025=CARTESIAN_POINT('',(0.0556151082650686,-16.8600505064571,11.1899494936611));
#2026=CARTESIAN_POINT('',(8.48091756304532,-16.1231289151438,10.4530279023818));
#2027=CARTESIAN_POINT('',(5.78836105317863,-18.8156854250651,13.1455844122691));
#2028=CARTESIAN_POINT('',(9.25526580897093,-15.3487806692116,9.67867965645272));
#2029=CARTESIAN_POINT('',(-10.1339454654771,-15.3487806692363,9.67867965644036));
#2030=CARTESIAN_POINT('',(-9.25526580903663,-15.3487806692363,9.67867965644038));
#2031=CARTESIAN_POINT('',(-8.48091756309342,-16.1231289151794,10.4530279023835));
#2032=CARTESIAN_POINT('',(-5.78836105320448,-18.8156854250681,13.1455844122721));
#2033=CARTESIAN_POINT('',(-5.36409698449256,-18.3914213563562,12.7213203435602));
#2034=CARTESIAN_POINT('',(-5.36409698449256,-18.9914213563562,13.3213203435602));
#2035=CARTESIAN_POINT('',(0.0556151082655222,-18.9914213563556,13.3213203435596));
#2036=CARTESIAN_POINT('',(5.36409698446564,-18.991421356355,13.3213203435591));
#2037=CARTESIAN_POINT('',(5.36409698446306,-18.391421356355,12.7213203435591));
#2038=CARTESIAN_POINT('',(0.0556151082655223,-21.1127416999153,11.2));
#2039=CARTESIAN_POINT('',(-5.36409698449256,-21.1127416999158,11.2000000000006));
#2040=CARTESIAN_POINT('',(5.36409698446564,-21.1127416999147,11.1999999999994));
#2041=CARTESIAN_POINT('',(-7.90968139676422,-20.9370057686278,13.1455844122721));
#2042=CARTESIAN_POINT('',(-7.20257461557766,-19.5227922062547,13.8526911934587));
#2043=CARTESIAN_POINT('',(-5.7883610532045,-18.8156854250681,13.1455844122721));
#2044=CARTESIAN_POINT('',(-7.24324854466315,-21.048077910575,13.8120172643732));
#2045=CARTESIAN_POINT('',(-6.62313163179791,-19.7474742138765,14.07737320108));
#2046=CARTESIAN_POINT('',(-5.6772889111177,-18.9267575670155,13.2566565542195));
#2047=CARTESIAN_POINT('',(-6.30657565323299,-21.1127416997346,14.2000000000006));
#2048=CARTESIAN_POINT('',(-5.98125260656888,-19.8701010124275,14.1999999996304));
#2049=CARTESIAN_POINT('',(-5.52117676261597,-18.991421356175,13.321320343379));
#2050=CARTESIAN_POINT('',(-5.36409698449257,-21.1127416999159,14.2000000000006));
#2051=CARTESIAN_POINT('',(-5.36409698449256,-19.8701010127966,14.2000000000006));
#2052=CARTESIAN_POINT('',(-5.36409698449256,-18.9914213563562,13.3213203435602));
#2053=CARTESIAN_POINT('',(-5.78836105320448,-20.9370057686277,11.0242640687125));
#2054=CARTESIAN_POINT('',(-4.8282263696351,-21.897140452197,11.9843987522818));
#2055=CARTESIAN_POINT('',(-5.01262512191693,-21.7127416999152,11.8));
#2056=CARTESIAN_POINT('',(4.82822636961158,-21.8971404521767,11.9843987522809));
#2057=CARTESIAN_POINT('',(5.01262512189165,-21.712741699895,11.8));
#2058=CARTESIAN_POINT('',(5.78836105317863,-20.9370057686247,11.0242640687095));
#2059=CARTESIAN_POINT('',(5.36409698448073,-21.1127416999147,14.1999999999994));
#2060=CARTESIAN_POINT('',(5.3640969844755,-19.8701010127954,14.1999999999994));
#2061=CARTESIAN_POINT('',(5.3640969844681,-18.9914213563551,13.3213203435591));
#2062=CARTESIAN_POINT('',(6.30657565322146,-21.1127416997286,14.1999999999955));
#2063=CARTESIAN_POINT('',(5.98125260655192,-19.8701010124226,14.1999999996263));
#2064=CARTESIAN_POINT('',(5.52117676259157,-18.9914213561723,13.3213203433763));
#2065=CARTESIAN_POINT('',(7.24324854464894,-21.0480779105655,13.8120172643648));
#2066=CARTESIAN_POINT('',(6.62313163177837,-19.7474742138676,14.0773732010725));
#2067=CARTESIAN_POINT('',(5.67728891109245,-18.9267575670121,13.2566565542161));
#2068=CARTESIAN_POINT('',(7.90968139674768,-20.9370057686158,13.1455844122597));
#2069=CARTESIAN_POINT('',(7.20257461555811,-19.5227922062456,13.8526911934496));
#2070=CARTESIAN_POINT('',(5.78836105317865,-18.8156854250651,13.1455844122691));
#2071=CARTESIAN_POINT('',(20.9205875043391,-6.31090878058668,0.));
#2072=CARTESIAN_POINT('',(13.7694238678396,-17.1185350560283,8.33054072893323));
#2073=CARTESIAN_POINT('',(13.6010964897043,-17.3191398136529,8.33054072893323));
#2074=CARTESIAN_POINT('',(13.4354037857735,-17.5208560605769,8.34603880570318));
#2075=CARTESIAN_POINT('',(13.2714594743245,-17.7233099013678,8.37182153962818));
#2076=CARTESIAN_POINT('',(13.7694238678396,-17.1185350560283,8.33054072893323));
#2077=CARTESIAN_POINT('',(13.2714594743245,-17.7233099013678,8.37182153962818));
#2078=CARTESIAN_POINT('',(13.7996690988064,-18.0151648830668,11.7305407289332));
#2079=CARTESIAN_POINT('',(12.7553628723654,-18.372130011116,8.49489172055588));
#2080=CARTESIAN_POINT('',(19.312091421016,-7.60434992914607,-2.27288836141402));
#2081=CARTESIAN_POINT('',(17.6844455000229,-10.2771814274439,0.4));
#2082=CARTESIAN_POINT('',(10.6749562650873,-18.6309030524428,0.4));
#2083=CARTESIAN_POINT('',(25.0598683598325,-1.48757565667649,0.399793206565566));
#2084=CARTESIAN_POINT('',(25.059896044966,-3.73040506261598,8.57599037404658));
#2085=CARTESIAN_POINT('',(25.059896044966,-3.66307427685315,8.33054072893323));
#2086=CARTESIAN_POINT('',(13.4344946119361,-17.5176882000161,8.33054072893323));
#2087=CARTESIAN_POINT('',(25.7966765247595,2.45259082974709,0.));
#2088=CARTESIAN_POINT('',(25.7966765247595,6.66256514184171,4.24058353761957));
#2089=CARTESIAN_POINT('',(25.7966765247595,10.5310721960758,0.4));
#2090=CARTESIAN_POINT('',(25.7966765247595,2.47290704207566,8.4));
#2091=CARTESIAN_POINT('',(25.7966765247595,2.45259082974709,8.4));
#2092=CARTESIAN_POINT('',(25.7966765247595,-1.64015794259249,8.4));
#2093=CARTESIAN_POINT('',(25.7966765247595,0.582643151879825,0.296934907047365));
#2094=CARTESIAN_POINT('',(25.7966309141808,0.554310586375578,0.40022792845645));
#2095=CARTESIAN_POINT('',(25.7966765247595,-5.48181172713489,0.4));
#2096=CARTESIAN_POINT('',(-25.28178927056,-14.2498677799999,-4.19672571600666));
#2097=CARTESIAN_POINT('',(-25.28178927056,-2.44355504014259,9.09693490704736));
#2098=CARTESIAN_POINT('',(-25.2817436465525,-0.0579060735654192,0.400227995533269));
#2099=CARTESIAN_POINT('',(-25.28178927056,-2.25237458479759,8.4));
#2100=CARTESIAN_POINT('',(-25.28178927056,2.06999878428466,8.4));
#2101=CARTESIAN_POINT('',(-25.28178927056,2.47290704198466,8.4));
#2102=CARTESIAN_POINT('',(-25.28178927056,13.0784497108131,-2.12899012730094));
#2103=CARTESIAN_POINT('',(-25.28178927056,10.5310721959848,0.4));
#2104=CARTESIAN_POINT('',(-25.28178927056,-5.48181172713489,0.4));
#2105=CARTESIAN_POINT('',(-16.9513559620171,-5.86349660678193,-1.59373048609888));
#2106=CARTESIAN_POINT('',(-8.96075432949486,-18.9860531474731,11.5288260545923));
#2107=CARTESIAN_POINT('',(-7.70140309092044,-24.2200565203695,12.6084874911581));
#2108=CARTESIAN_POINT('',(-11.3173028619256,-20.0634272630202,9.23945209756829));
#2109=CARTESIAN_POINT('',(-11.3173028619256,-20.0634272630202,9.23945209756829));
#2110=CARTESIAN_POINT('',(-11.7434068419817,-19.526146241541,8.8436135974442));
#2111=CARTESIAN_POINT('',(-12.2644731093736,-18.9847577623586,8.60064638446942));
#2112=CARTESIAN_POINT('',(-12.7538983279403,-18.3726030590993,8.49536476853931));
#2113=CARTESIAN_POINT('',(-17.6833367902375,-10.27723829056,0.4));
#2114=CARTESIAN_POINT('',(-17.4113631715474,-10.6013638277248,0.400000000000001));
#2115=CARTESIAN_POINT('',(-16.999908961203,-11.0022589698705,0.398412021233869));
#2116=CARTESIAN_POINT('',(-16.4636990890195,-11.401127103832,0.399416260091145));
#2117=CARTESIAN_POINT('',(-16.1294687430174,-11.6126968910519,0.400225964025685));
#2118=CARTESIAN_POINT('',(-15.6575493813345,-11.8482713240744,0.399679883806119));
#2119=CARTESIAN_POINT('',(-15.0964960202338,-12.0417352279071,0.399339060540449));
#2120=CARTESIAN_POINT('',(-14.6929528181316,-12.0998677800001,0.399999999999998));
#2121=CARTESIAN_POINT('',(-14.445614662643,-12.0998677800001,0.399999999999998));
#2122=CARTESIAN_POINT('',(-6.61277052873089,-24.9633472460937,13.2634794660936));
#2123=CARTESIAN_POINT('',(-7.05848748992845,-24.8029601628084,13.1030923828083));
#2124=CARTESIAN_POINT('',(-7.41202993651597,-24.5214823790748,12.8788773018699));
#2125=CARTESIAN_POINT('',(-7.70140309092052,-24.2200565203697,12.6084874911581));
#2126=CARTESIAN_POINT('',(-13.4979064961559,-5.48181172713489,11.8));
#2127=CARTESIAN_POINT('',(-13.4979064961559,-17.4701010127957,11.8));
#2128=CARTESIAN_POINT('',(-13.0308373995497,-17.4701010127957,8.8365819635098));
#2129=CARTESIAN_POINT('',(-13.4979064961559,-17.7605539016233,11.8));
#2130=CARTESIAN_POINT('',(-12.5751675806473,-18.1193941704756,8.94543297612302));
#2131=CARTESIAN_POINT('',(-12.5751675806473,-18.1193941704756,8.94543297612302));
#2132=CARTESIAN_POINT('',(-12.1661983271573,-18.7128698139477,9.07763230522799));
#2133=CARTESIAN_POINT('',(-11.7358020562109,-19.2421200602162,9.31946375282579));
#2134=CARTESIAN_POINT('',(-11.3765861525964,-19.7709123664081,9.67867965644025));
#2135=CARTESIAN_POINT('',(-13.497906496156,-17.4701010127958,8.8));
#2136=CARTESIAN_POINT('',(-12.2552658090368,-17.4701010127958,8.8));
#2137=CARTESIAN_POINT('',(-11.3765861525964,-17.4701010127957,9.67867965644026));
#2138=CARTESIAN_POINT('',(-13.4979064961471,-16.1875511747234,8.8));
#2139=CARTESIAN_POINT('',(-12.4287289108813,-16.4590839725519,8.8000000000015));
#2140=CARTESIAN_POINT('',(-11.590344458937,-16.6150677874157,9.46492135009971));
#2141=CARTESIAN_POINT('',(-12.7043276289014,-14.0210391929312,8.8));
#2142=CARTESIAN_POINT('',(-12.0192633985888,-14.7061034232473,8.80000000000106));
#2143=CARTESIAN_POINT('',(-11.4223772110701,-15.3029896107623,9.23609916433742));
#2144=CARTESIAN_POINT('',(-10.5378156471178,-13.2274603256766,8.8));
#2145=CARTESIAN_POINT('',(-10.2662828492853,-14.2966379109402,8.79999999999633));
#2146=CARTESIAN_POINT('',(-10.1102990344245,-15.1350223628885,9.46492135009257));
#2147=CARTESIAN_POINT('',(-9.25526580903661,-13.2274603256766,8.8));
#2148=CARTESIAN_POINT('',(-9.25526580903662,-14.4701010127959,8.8));
#2149=CARTESIAN_POINT('',(-9.25526580903662,-15.3487806692363,9.67867965644037));
#2150=CARTESIAN_POINT('',(-13.4675327555552,-16.8640772264025,8.8));
#2151=CARTESIAN_POINT('',(-13.3193484256373,-17.0649338515937,8.8));
#2152=CARTESIAN_POINT('',(-13.1742780384935,-17.267190827842,8.81397405304162));
#2153=CARTESIAN_POINT('',(-13.0308373995497,-17.4701010127957,8.83658196350959));
#2154=CARTESIAN_POINT('',(-9.25526580903665,-13.2274603256766,11.8));
#2155=CARTESIAN_POINT('',(0.0556151082650686,-13.2274603256767,11.8));
#2156=CARTESIAN_POINT('',(9.25526580897481,-13.2274603256767,11.8));
#2157=CARTESIAN_POINT('',(12.3929155951512,-13.3515222689644,5.89429517608359));
#2158=CARTESIAN_POINT('',(8.96376266250102,-18.9830448144293,11.5258177215485));
#2159=CARTESIAN_POINT('',(11.317185688716,-20.0643596016424,9.23934727915732));
#2160=CARTESIAN_POINT('',(7.70126195670244,-24.2203285314661,12.6084220227236));
#2161=CARTESIAN_POINT('',(7.70126195670245,-24.2203285314662,12.6084220227236));
#2162=CARTESIAN_POINT('',(7.41153195457744,-24.5220705695605,12.8791466457754));
#2163=CARTESIAN_POINT('',(7.06198696022316,-24.8013259365126,13.1014581565125));
#2164=CARTESIAN_POINT('',(6.61435665531189,-24.9626745299513,13.2628067499512));
#2165=CARTESIAN_POINT('',(14.4467911581674,-12.0998677800001,0.399999999999997));
#2166=CARTESIAN_POINT('',(14.6940804514315,-12.0998677800001,0.399999999999999));
#2167=CARTESIAN_POINT('',(15.0975958913107,-12.0417418142963,0.399328995671063));
#2168=CARTESIAN_POINT('',(15.6586550491257,-11.8482950056384,0.399665079301225));
#2169=CARTESIAN_POINT('',(16.1306913749859,-11.6126713306715,0.400227043773928));
#2170=CARTESIAN_POINT('',(16.4647618665008,-11.4012056637896,0.399426745603072));
#2171=CARTESIAN_POINT('',(17.0009668092623,-11.0023674991624,0.398417773550585));
#2172=CARTESIAN_POINT('',(17.4124771342831,-10.6014383514004,0.399999999999998));
#2173=CARTESIAN_POINT('',(17.6845132857619,-10.2772382905601,0.399999999999996));
#2174=CARTESIAN_POINT('',(12.7553628723654,-18.372130011116,8.49489172055588));
#2175=CARTESIAN_POINT('',(12.2651086230545,-18.9852534281023,8.60010302839362));
#2176=CARTESIAN_POINT('',(11.7439558880379,-19.5263278004496,8.84288767090675));
#2177=CARTESIAN_POINT('',(11.317185688716,-20.0643596016424,9.23934727915732));
#2178=CARTESIAN_POINT('',(9.25526580895628,-13.2274603256395,8.8));
#2179=CARTESIAN_POINT('',(9.25526580896486,-14.4701010127613,8.8));
#2180=CARTESIAN_POINT('',(9.25526580897093,-15.3487806692022,9.67867965644345));
#2181=CARTESIAN_POINT('',(10.5378156470317,-13.227460325635,8.8));
#2182=CARTESIAN_POINT('',(10.2662828492074,-14.2966379109051,8.79999999999929));
#2183=CARTESIAN_POINT('',(10.1102990343531,-15.1350223628535,9.4649213501));
#2184=CARTESIAN_POINT('',(12.7043276288387,-14.0210391928719,8.8));
#2185=CARTESIAN_POINT('',(12.0192633985282,-14.7061034231952,8.80000000000001));
#2186=CARTESIAN_POINT('',(11.4223772110152,-15.3029896107137,9.23609916433767));
#2187=CARTESIAN_POINT('',(13.4979064961066,-16.1875511746642,8.8));
#2188=CARTESIAN_POINT('',(12.4287289108428,-16.4590839724886,8.80000000000068));
#2189=CARTESIAN_POINT('',(11.5903444588953,-16.6150677873597,9.46492135009282));
#2190=CARTESIAN_POINT('',(13.4979064961111,-17.4701010127419,8.8));
#2191=CARTESIAN_POINT('',(12.2552658089915,-17.470101012747,8.8));
#2192=CARTESIAN_POINT('',(11.376586152551,-17.4701010127507,9.67867965644073));
#2193=CARTESIAN_POINT('',(13.4979064961111,-17.4701010127418,11.8));
#2194=CARTESIAN_POINT('',(13.0318391803928,-17.4701010127437,8.83642424473084));
#2195=CARTESIAN_POINT('',(13.0318391803928,-17.4701010127437,8.83642424473084));
#2196=CARTESIAN_POINT('',(13.174998119698,-17.2676099027618,8.81391032638581));
#2197=CARTESIAN_POINT('',(13.3197807005792,-17.0657706709467,8.8));
#2198=CARTESIAN_POINT('',(13.4676612651454,-16.8653261674044,8.8));
#2199=CARTESIAN_POINT('',(13.4979064961294,-21.8500000000616,11.8));
#2200=CARTESIAN_POINT('',(11.3765861525607,-19.771811235836,9.6786796564407));
#2201=CARTESIAN_POINT('',(11.7361541055063,-19.2425784529716,9.31911170349276));
#2202=CARTESIAN_POINT('',(12.1670719212636,-18.7129406680513,9.07714559140806));
#2203=CARTESIAN_POINT('',(12.5764598257233,-18.1189211224916,8.94501558084351));
#2204=CARTESIAN_POINT('',(12.5764598257233,-18.1189211224916,8.94501558084351));
#2205=CARTESIAN_POINT('',(13.4979064961122,-17.761955994443,11.8));
#2206=CARTESIAN_POINT('',(-22.28178927056,0.349145543938131,10.5084318402109));
#2207=CARTESIAN_POINT('',(-22.28178927056,2.47290704198466,8.4));
#2208=CARTESIAN_POINT('',(-22.28178927056,14.7891641814767,0.39999999999999));
#2209=CARTESIAN_POINT('',(-22.6529495500009,14.7891641814767,0.39999999999999));
#2210=CARTESIAN_POINT('',(-23.2260327248437,14.6382147569739,0.403520803197586));
#2211=CARTESIAN_POINT('',(-23.8496483716977,14.1784711986337,0.401846792116609));
#2212=CARTESIAN_POINT('',(-24.1746862708844,13.8446054528336,0.400424757872203));
#2213=CARTESIAN_POINT('',(-24.4144770335639,13.5353971959513,0.399840282860839));
#2214=CARTESIAN_POINT('',(-24.5860632795769,13.2657932464161,0.400214110684416));
#2215=CARTESIAN_POINT('',(-24.7630166255055,12.9373760791519,0.400407543579095));
#2216=CARTESIAN_POINT('',(-24.8952227939717,12.6293995165035,0.400256339814459));
#2217=CARTESIAN_POINT('',(-24.9876790110106,12.3755006443053,0.400068191658854));
#2218=CARTESIAN_POINT('',(-25.0607876260393,12.139091268959,0.399947767690487));
#2219=CARTESIAN_POINT('',(-25.089737693395,12.0315749937745,0.400140737579091));
#2220=CARTESIAN_POINT('',(-25.1449094984018,11.8123893590211,0.400691165204718));
#2221=CARTESIAN_POINT('',(-25.2305873985459,11.3878308441068,0.401636156013527));
#2222=CARTESIAN_POINT('',(-25.28178927056,10.9017555852892,0.4));
#2223=CARTESIAN_POINT('',(-25.28178927056,10.5310721959848,0.400000000000003));
#2224=CARTESIAN_POINT('',(-22.28178927056,0.121662124897174,-0.254383894066899));
#2225=CARTESIAN_POINT('',(-22.28178927056,-2.25237458479759,8.4));
#2226=CARTESIAN_POINT('',(-24.5449542378584,-2.09976777676746,0.399587090328293));
#2227=CARTESIAN_POINT('',(-25.0238591958138,-1.53000053061583,0.403004793384213));
#2228=CARTESIAN_POINT('',(-25.2818041284325,-0.801885683207818,0.398619550889422));
#2229=CARTESIAN_POINT('',(-25.2817892699175,-0.0579066357113099,0.40045608915372));
#2230=CARTESIAN_POINT('',(22.7966765247595,8.51306994699272,2.40343597880349));
#2231=CARTESIAN_POINT('',(22.7966765247595,2.47290704207566,8.4));
#2232=CARTESIAN_POINT('',(25.7966765247595,10.5310721960758,0.399999999999999));
#2233=CARTESIAN_POINT('',(25.7966765247595,10.9016453389202,0.4));
#2234=CARTESIAN_POINT('',(25.7455047286563,11.3876335962656,0.40163771077652));
#2235=CARTESIAN_POINT('',(25.6598259991672,11.8122560284647,0.400694745319388));
#2236=CARTESIAN_POINT('',(25.6046485035045,12.0314880115098,0.400143241461211));
#2237=CARTESIAN_POINT('',(25.5756599360774,12.1391404913279,0.399948185015898));
#2238=CARTESIAN_POINT('',(25.5026024859408,12.3753907376568,0.40006401847517));
#2239=CARTESIAN_POINT('',(25.4101795471436,12.6292274374229,0.400252428319689));
#2240=CARTESIAN_POINT('',(25.2780044624253,12.9371619835015,0.400408737474807));
#2241=CARTESIAN_POINT('',(25.1010556371212,13.2656174536353,0.400222670024004));
#2242=CARTESIAN_POINT('',(24.9293293607603,13.5354484354645,0.399842238705367));
#2243=CARTESIAN_POINT('',(24.6896081297335,13.8445762881329,0.400408375154525));
#2244=CARTESIAN_POINT('',(24.3645842518669,14.1784546714917,0.401822719504145));
#2245=CARTESIAN_POINT('',(23.7410061552117,14.6381894340587,0.403500864986656));
#2246=CARTESIAN_POINT('',(23.1678854425975,14.7891641815685,0.400000000000776));
#2247=CARTESIAN_POINT('',(22.7966765247506,14.7891641815677,0.399999999999996));
#2248=CARTESIAN_POINT('',(22.7966765247595,0.789261560604361,-0.456277973520642));
#2249=CARTESIAN_POINT('',(22.7966765247595,-1.64015794259249,8.4));
#2250=CARTESIAN_POINT('',(25.7966765241174,0.554310024543242,0.400455954949767));
#2251=CARTESIAN_POINT('',(25.7966913840933,-0.189959236925797,0.398619184622248));
#2252=CARTESIAN_POINT('',(25.5389303127624,-0.917565259390304,0.403006401590777));
#2253=CARTESIAN_POINT('',(25.0598414294444,-1.48755102489,0.399586418518901));
#2254=CARTESIAN_POINT('',(-24.88178927056,2.47290704198466,8.8));
#2255=CARTESIAN_POINT('',(-25.28178927056,2.47290704198466,8.8));
#2256=CARTESIAN_POINT('',(-25.28178927056,2.47290704198466,8.4));
#2257=CARTESIAN_POINT('',(-24.8817892705557,3.29027679945941,8.8));
#2258=CARTESIAN_POINT('',(-25.2234975530956,3.28859040464231,8.80000000000459));
#2259=CARTESIAN_POINT('',(-25.28178927056,3.35269591916598,8.46287294692064));
#2260=CARTESIAN_POINT('',(-24.4845481637583,4.9218627857209,8.8));
#2261=CARTESIAN_POINT('',(-24.7595628874338,4.96534156737795,8.79999999999812));
#2262=CARTESIAN_POINT('',(-24.8234341473237,5.10887932300452,8.58837626799474));
#2263=CARTESIAN_POINT('',(-23.463632634063,5.86006778555709,8.8));
#2264=CARTESIAN_POINT('',(-23.5794368288456,6.01455832462204,8.79999999999968));
#2265=CARTESIAN_POINT('',(-23.6454546899889,6.11873112609594,8.66054398966885));
#2266=CARTESIAN_POINT('',(-22.9045240108877,6.05583876823383,8.8));
#2267=CARTESIAN_POINT('',(-22.961246884364,6.2178354403649,8.8));
#2268=CARTESIAN_POINT('',(-23.0003293555535,6.3294523222922,8.67560290087191));
#2269=CARTESIAN_POINT('',(-24.88178927056,2.47290704198466,8.4));
#2270=CARTESIAN_POINT('',(-24.88178927056,-14.2498677799999,8.4));
#2271=CARTESIAN_POINT('',(-24.88178927056,-2.25237458479759,8.4));
#2272=CARTESIAN_POINT('',(-24.2432461880723,-4.02208203043442,8.8));
#2273=CARTESIAN_POINT('',(-24.6084206749418,-4.32849980768201,8.8));
#2274=CARTESIAN_POINT('',(-24.5450087907665,-4.27529091905822,8.33054072893323));
#2275=CARTESIAN_POINT('',(-24.6505955908673,-3.53662191619809,8.8));
#2276=CARTESIAN_POINT('',(-25.0576114590888,-3.75777062569473,8.79999999999776));
#2277=CARTESIAN_POINT('',(-25.015027332461,-3.72037140559246,8.34959455941015));
#2278=CARTESIAN_POINT('',(-24.8817892705511,-2.89587395709026,8.8));
#2279=CARTESIAN_POINT('',(-25.3078693475807,-3.01192523119494,8.80000000000207));
#2280=CARTESIAN_POINT('',(-25.28178927056,-2.98794553722037,8.37474328458021));
#2281=CARTESIAN_POINT('',(-24.88178927056,-2.25237458479759,8.8));
#2282=CARTESIAN_POINT('',(-25.28178927056,-2.25237458479759,8.8));
#2283=CARTESIAN_POINT('',(-25.28178927056,-2.25237458479759,8.4));
#2284=CARTESIAN_POINT('',(-24.2432461880723,-4.02208203043443,8.4));
#2285=CARTESIAN_POINT('',(-15.5717730529985,-14.3563412922428,8.4));
#2286=CARTESIAN_POINT('',(-13.4675327555552,-16.8640772264025,8.4));
#2287=CARTESIAN_POINT('',(-13.0308373995497,-17.4701010127957,8.83658196350981));
#2288=CARTESIAN_POINT('',(-13.353411696094,-17.7377855849728,8.78574050833199));
#2289=CARTESIAN_POINT('',(-13.2703241226964,-17.7233099014195,8.37200028757768));
#2290=CARTESIAN_POINT('',(-13.1757821291891,-17.2650631493583,8.81373699088128));
#2291=CARTESIAN_POINT('',(-13.517588378813,-17.5399748507305,8.77789341909079));
#2292=CARTESIAN_POINT('',(-13.4345948160063,-17.5204374018247,8.34610931337742));
#2293=CARTESIAN_POINT('',(-13.320904735238,-17.0628243524737,8.8));
#2294=CARTESIAN_POINT('',(-13.6774931448226,-17.3505414082577,8.78202601264007));
#2295=CARTESIAN_POINT('',(-13.600621138576,-17.3183042239233,8.33054073485036));
#2296=CARTESIAN_POINT('',(-13.4675327555552,-16.8640772264025,8.8));
#2297=CARTESIAN_POINT('',(-13.8327072424248,-17.1704950036501,8.8));
#2298=CARTESIAN_POINT('',(-13.7692953582494,-17.1172861150263,8.33054072893323));
#2299=CARTESIAN_POINT('',(-12.9685615200022,-17.4701010127957,8.44145955864445));
#2300=CARTESIAN_POINT('',(-12.5751675806473,-18.1193941704756,8.94543297612302));
#2301=CARTESIAN_POINT('',(-12.850327037666,-18.3567456183489,8.85648766958873));
#2302=CARTESIAN_POINT('',(-12.7538983279403,-18.3726030590994,8.49536476853931));
#2303=CARTESIAN_POINT('',(-12.7239121071471,-17.9035435831168,8.89735130141638));
#2304=CARTESIAN_POINT('',(-13.018481092449,-18.145864228672,8.81827193473461));
#2305=CARTESIAN_POINT('',(-12.9224754579734,-18.1567524717406,8.44087220387135));
#2306=CARTESIAN_POINT('',(-12.8764209122283,-17.6862306966412,8.86091979514415));
#2307=CARTESIAN_POINT('',(-13.1873331742293,-17.9382637483747,8.79504907045357));
#2308=CARTESIAN_POINT('',(-13.095318770399,-17.9394395852656,8.39958316342965));
#2309=CARTESIAN_POINT('',(-13.0308373995497,-17.4701010127958,8.8365819635098));
#2310=CARTESIAN_POINT('',(-13.3534116960939,-17.7377855849729,8.78574050833199));
#2311=CARTESIAN_POINT('',(-13.2703241226964,-17.7233099014195,8.37200028757767));
#2312=CARTESIAN_POINT('',(-12.4521357252461,-18.1193941704756,8.56482403960609));
#2313=CARTESIAN_POINT('',(-11.3765861525964,-19.7709123664081,9.67867965644025));
#2314=CARTESIAN_POINT('',(-11.5463937993853,-20.0323784307841,9.5088720096514));
#2315=CARTESIAN_POINT('',(-11.3173028619256,-20.0634272630203,9.23945209756829));
#2316=CARTESIAN_POINT('',(-11.7337256409352,-19.2451767068793,9.32154016810153));
#2317=CARTESIAN_POINT('',(-11.9581586933278,-19.5024254271301,9.15586673249675));
#2318=CARTESIAN_POINT('',(-11.7378245629147,-19.5331850277283,8.84879938591393));
#2319=CARTESIAN_POINT('',(-12.1614381803841,-18.719777472373,9.07917102288108));
#2320=CARTESIAN_POINT('',(-12.4067365341562,-18.9893462307978,8.95548011341378));
#2321=CARTESIAN_POINT('',(-12.2538626862313,-18.9980288791138,8.60292881299031));
#2322=CARTESIAN_POINT('',(-12.5751675806462,-18.119394170477,8.94543297612334));
#2323=CARTESIAN_POINT('',(-12.8503270376649,-18.3567456183504,8.85648766958896));
#2324=CARTESIAN_POINT('',(-12.7538983279391,-18.3726030591009,8.49536476853957));
#2325=CARTESIAN_POINT('',(-11.0937434401218,-19.7709123664081,9.39583694396561));
#2326=CARTESIAN_POINT('',(-7.90968139676402,-23.9203984708316,13.1455844122723));
#2327=CARTESIAN_POINT('',(-8.15062700217453,-24.3595542047771,12.9046388068618));
#2328=CARTESIAN_POINT('',(-7.70140309092043,-24.2200565203695,12.6084874911581));
#2329=CARTESIAN_POINT('',(-9.05947053407778,-22.6587201258958,11.9957952749586));
#2330=CARTESIAN_POINT('',(-9.16821850075578,-23.1438414860452,11.8870473082684));
#2331=CARTESIAN_POINT('',(-8.90512988768728,-22.9661932029205,11.4837271055686));
#2332=CARTESIAN_POINT('',(-10.2542053218649,-21.228760046348,10.8010604871716));
#2333=CARTESIAN_POINT('',(-10.3670051081892,-21.6408716248006,10.6882607008669));
#2334=CARTESIAN_POINT('',(-10.1512100513558,-21.5337715116737,10.3227192125174));
#2335=CARTESIAN_POINT('',(-11.3765861525964,-19.7709123664081,9.67867965644024));
#2336=CARTESIAN_POINT('',(-11.5463937993853,-20.0323784307841,9.50887200965139));
#2337=CARTESIAN_POINT('',(-11.3173028619256,-20.0634272630202,9.23945209756828));
#2338=CARTESIAN_POINT('',(-7.62683868428941,-23.9203984708316,12.8627416997976));
#2339=CARTESIAN_POINT('',(-7.70140309092044,-24.2200565203695,12.6084874911581));
#2340=CARTESIAN_POINT('',(-8.15062700217454,-24.3595542047771,12.9046388068618));
#2341=CARTESIAN_POINT('',(-7.90968139676403,-23.9203984708316,13.1455844122723));
#2342=CARTESIAN_POINT('',(-7.55943537546747,-24.3679373480379,12.7411419006962));
#2343=CARTESIAN_POINT('',(-8.01514198793966,-24.5470708375868,13.0701315999907));
#2344=CARTESIAN_POINT('',(-7.7571243084851,-24.0692010066136,13.2981415005512));
#2345=CARTESIAN_POINT('',(-7.24472699024409,-24.6484404214488,12.9830555990772));
#2346=CARTESIAN_POINT('',(-7.70263852829254,-24.9334689786961,13.3887961943979));
#2347=CARTESIAN_POINT('',(-7.42277377217758,-24.3524619268833,13.5791853811825));
#2348=CARTESIAN_POINT('',(-6.84208882001787,-24.8808291708113,13.1809613908111));
#2349=CARTESIAN_POINT('',(-7.31408695892133,-25.3099010500822,13.6608824990364));
#2350=CARTESIAN_POINT('',(-7.00417805734887,-24.591853998891,13.8148806477522));
#2351=CARTESIAN_POINT('',(-6.61277052873089,-24.9633472460937,13.2634794660935));
#2352=CARTESIAN_POINT('',(-7.06006901547834,-25.4910614184747,13.7911936384746));
#2353=CARTESIAN_POINT('',(-6.76885472176068,-24.6805045336191,13.9146124508891));
#2354=CARTESIAN_POINT('',(-6.61277052873089,-24.680504533619,13.5463221785682));
#2355=CARTESIAN_POINT('',(-5.36409698449256,-24.9341823550514,14.2000000000006));
#2356=CARTESIAN_POINT('',(-5.36409698449256,-25.8998677800007,14.2000000000006));
#2357=CARTESIAN_POINT('',(-5.36409698449256,-25.2170250675261,13.517157287526));
#2358=CARTESIAN_POINT('',(-5.84512922421189,-24.9341823550477,14.2000000000006));
#2359=CARTESIAN_POINT('',(-5.97416414609882,-25.8998677799955,14.2000000000003));
#2360=CARTESIAN_POINT('',(-5.79168119757661,-25.2170250675224,13.5171572875223));
#2361=CARTESIAN_POINT('',(-6.32595598726239,-24.8473523750267,14.1023162724765));
#2362=CARTESIAN_POINT('',(-6.54542713250093,-25.7576318160774,14.0577640360755));
#2363=CARTESIAN_POINT('',(-6.21908276473091,-25.1301950875018,13.4303273075017));
#2364=CARTESIAN_POINT('',(-6.76885472176069,-24.680504533619,13.9146124508891));
#2365=CARTESIAN_POINT('',(-7.06006901547835,-25.4910614184747,13.7911936384746));
#2366=CARTESIAN_POINT('',(-6.6127705287309,-24.9633472460937,13.2634794660936));
#2367=CARTESIAN_POINT('',(-5.36409698449222,-24.9341823550514,13.8000000000006));
#2368=CARTESIAN_POINT('',(0.000588247764968339,-24.9341823550509,13.8));
#2369=CARTESIAN_POINT('',(5.36409698448196,-24.9341823550503,13.7999999999994));
#2370=CARTESIAN_POINT('',(6.77063911416583,-24.679831817476,13.9138556452291));
#2371=CARTESIAN_POINT('',(7.06203261450893,-25.4900435554877,13.7901757754876));
#2372=CARTESIAN_POINT('',(6.61435665531191,-24.9626745299513,13.2628067499512));
#2373=CARTESIAN_POINT('',(6.32724677453554,-24.847115978262,14.1020503261194));
#2374=CARTESIAN_POINT('',(6.54691354374091,-25.7572664804405,14.0573987004482));
#2375=CARTESIAN_POINT('',(6.22023013119518,-25.1299586907383,13.4300909107382));
#2376=CARTESIAN_POINT('',(5.84577530740557,-24.9341823550451,14.1999999999974));
#2377=CARTESIAN_POINT('',(5.97498353845032,-25.899867779982,14.1999999999893));
#2378=CARTESIAN_POINT('',(5.79225549374741,-25.2170250675192,13.5171572875191));
#2379=CARTESIAN_POINT('',(5.36409698449674,-24.9341823550503,14.1999999999994));
#2380=CARTESIAN_POINT('',(5.3640969845008,-25.8998677799996,14.1999999999994));
#2381=CARTESIAN_POINT('',(5.36409698449506,-25.2170250675249,13.5171572875248));
#2382=CARTESIAN_POINT('',(6.61435665531189,-24.6798318174766,13.5456494624258));
#2383=CARTESIAN_POINT('',(6.61435665531189,-24.9626745299513,13.2628067499512));
#2384=CARTESIAN_POINT('',(7.0620326145089,-25.4900435554876,13.7901757754876));
#2385=CARTESIAN_POINT('',(6.77063911416581,-24.679831817476,13.9138556452291));
#2386=CARTESIAN_POINT('',(6.8446135055326,-24.879678282012,13.179810502012));
#2387=CARTESIAN_POINT('',(7.31687586471787,-25.3080759554638,13.6592366180296));
#2388=CARTESIAN_POINT('',(7.00693640955734,-24.5906809382078,13.8135609623337));
#2389=CARTESIAN_POINT('',(7.23909217373574,-24.652153629832,12.9860712040008));
#2390=CARTESIAN_POINT('',(7.69764997012311,-24.9391700873994,13.3927625759992));
#2391=CARTESIAN_POINT('',(7.41703727101565,-24.3562917300884,13.5828137429464));
#2392=CARTESIAN_POINT('',(7.55917075101264,-24.3683107601535,12.741192496973));
#2393=CARTESIAN_POINT('',(8.01509207488995,-24.54773858004,13.07021801842));
#2394=CARTESIAN_POINT('',(7.75699262947366,-24.0695978291436,13.298273179547));
#2395=CARTESIAN_POINT('',(7.70126195670245,-24.2203285314662,12.6084220227236));
#2396=CARTESIAN_POINT('',(8.15070056176027,-24.3600518522687,12.9045652472614));
#2397=CARTESIAN_POINT('',(7.90968139674937,-23.9206909530892,13.1455844122706));
#2398=CARTESIAN_POINT('',(7.6268386842747,-23.9206909530904,12.862741699796));
#2399=CARTESIAN_POINT('',(11.3765861525607,-19.7718112358361,9.67867965644069));
#2400=CARTESIAN_POINT('',(11.5464478609365,-20.033398975325,9.50881794806591));
#2401=CARTESIAN_POINT('',(11.317185688716,-20.0643596016423,9.23934727915731));
#2402=CARTESIAN_POINT('',(10.2541007162206,-21.2295805809524,10.8011650927873));
#2403=CARTESIAN_POINT('',(10.3669208795084,-21.641868956243,10.6883449295146));
#2404=CARTESIAN_POINT('',(10.1509757343782,-21.5346076257532,10.3227292546834));
#2405=CARTESIAN_POINT('',(9.05936759319384,-22.659329700368,11.9958982158204));
#2406=CARTESIAN_POINT('',(9.1681548454276,-23.1446293945805,11.8871109636028));
#2407=CARTESIAN_POINT('',(8.90488904978107,-22.9667997650016,11.4837490904094));
#2408=CARTESIAN_POINT('',(7.90968139674935,-23.9206909530892,13.1455844122706));
#2409=CARTESIAN_POINT('',(8.15070056176026,-24.3600518522687,12.9045652472614));
#2410=CARTESIAN_POINT('',(7.70126195670244,-24.2203285314662,12.6084220227236));
#2411=CARTESIAN_POINT('',(11.093743440086,-19.7718112358372,9.39583694396612));
#2412=CARTESIAN_POINT('',(12.5764598257233,-18.1189211224916,8.94501558084352));
#2413=CARTESIAN_POINT('',(12.851760373204,-18.3563502703429,8.85616228583785));
#2414=CARTESIAN_POINT('',(12.7553628723654,-18.3721300111159,8.49489172055588));
#2415=CARTESIAN_POINT('',(12.1623017007542,-18.719862203598,9.07868518082789));
#2416=CARTESIAN_POINT('',(12.4077103114562,-18.9895898881004,8.95503063511337));
#2417=CARTESIAN_POINT('',(12.2547972567659,-18.9981490611826,8.60231589630081));
#2418=CARTESIAN_POINT('',(11.7340759867553,-19.2456371578717,9.32118982224377));
#2419=CARTESIAN_POINT('',(11.9586360911512,-19.5030026921247,9.15546786648854));
#2420=CARTESIAN_POINT('',(11.7381229672001,-19.5336814046301,8.84830632867382));
#2421=CARTESIAN_POINT('',(11.3765861525607,-19.7718112358361,9.67867965644069));
#2422=CARTESIAN_POINT('',(11.5464478609365,-20.033398975325,9.50881794806592));
#2423=CARTESIAN_POINT('',(11.317185688716,-20.0643596016423,9.23934727915732));
#2424=CARTESIAN_POINT('',(12.4536002696712,-18.1189211224921,8.56435099162265));
#2425=CARTESIAN_POINT('',(12.7553628723654,-18.372130011116,8.49489172055588));
#2426=CARTESIAN_POINT('',(12.851760373204,-18.3563502703429,8.85616228583785));
#2427=CARTESIAN_POINT('',(12.5764598257233,-18.1189211224917,8.94501558084351));
#2428=CARTESIAN_POINT('',(12.9238410276755,-18.1564292564818,8.44051536942634));
#2429=CARTESIAN_POINT('',(13.0198104857876,-18.1456227119996,8.81805576018987));
#2430=CARTESIAN_POINT('',(12.7251170215854,-17.9032203678575,8.89703644749398));
#2431=CARTESIAN_POINT('',(13.0965731341364,-17.9392759874128,8.39932507382501));
#2432=CARTESIAN_POINT('',(13.1885489424073,-17.93818174615,8.79492075532561));
#2433=CARTESIAN_POINT('',(12.8775277037566,-17.6860670987891,8.86069206902143));
#2434=CARTESIAN_POINT('',(13.2714594743246,-17.7233099013678,8.37182153962817));
#2435=CARTESIAN_POINT('',(13.3545120381176,-17.7378594781125,8.78567903520244));
#2436=CARTESIAN_POINT('',(13.0318391803928,-17.4701010127437,8.83642424473084));
#2437=CARTESIAN_POINT('',(12.9696968716303,-17.4701010127439,8.44128081069495));
#2438=CARTESIAN_POINT('',(13.2714594743245,-17.7233099013678,8.37182153962818));
#2439=CARTESIAN_POINT('',(13.3545120381176,-17.7378594781125,8.78567903520244));
#2440=CARTESIAN_POINT('',(13.0318391803928,-17.4701010127437,8.83642424473084));
#2441=CARTESIAN_POINT('',(13.4354037849034,-17.520856060211,8.34603880058932));
#2442=CARTESIAN_POINT('',(13.5183480618488,-17.5404747383757,8.77790490168091));
#2443=CARTESIAN_POINT('',(13.1764959252688,-17.2654913305468,8.81367477370233));
#2444=CARTESIAN_POINT('',(13.6010964907085,-17.3191398140762,8.33054073483916));
#2445=CARTESIAN_POINT('',(13.6779283343117,-17.3514347066356,8.78206189916201));
#2446=CARTESIAN_POINT('',(13.3213304020043,-17.063670132886,8.8));
#2447=CARTESIAN_POINT('',(13.7694238678396,-17.1185350560283,8.33054072893323));
#2448=CARTESIAN_POINT('',(13.8328357520149,-17.171743944652,8.8));
#2449=CARTESIAN_POINT('',(13.4676612651454,-16.8653261674045,8.8));
#2450=CARTESIAN_POINT('',(13.4676612651454,-16.8653261674044,8.4));
#2451=CARTESIAN_POINT('',(21.7440668904138,-7.00189002972407,8.4));
#2452=CARTESIAN_POINT('',(24.7581334422717,-3.40986538822936,8.4));
#2453=CARTESIAN_POINT('',(25.3966765247595,-1.64015794259249,8.8));
#2454=CARTESIAN_POINT('',(25.7966765247595,-1.64015794259249,8.8));
#2455=CARTESIAN_POINT('',(25.7966765247595,-1.64015794259249,8.4));
#2456=CARTESIAN_POINT('',(25.3966765247539,-2.28365731488511,8.8));
#2457=CARTESIAN_POINT('',(25.8227566017894,-2.39970858898136,8.79999999999161));
#2458=CARTESIAN_POINT('',(25.7966765247595,-2.3757288950155,8.37474328457965));
#2459=CARTESIAN_POINT('',(25.1654828450679,-2.92440527399343,8.8));
#2460=CARTESIAN_POINT('',(25.5724987132806,-3.14555398349051,8.79999999999566));
#2461=CARTESIAN_POINT('',(25.5299145866597,-3.10815476338843,8.34959455941038));
#2462=CARTESIAN_POINT('',(24.7581334422718,-3.40986538822936,8.8));
#2463=CARTESIAN_POINT('',(25.1233079291413,-3.71628316547696,8.8));
#2464=CARTESIAN_POINT('',(25.0598960449659,-3.66307427685316,8.33054072893323));
#2465=CARTESIAN_POINT('',(25.3966765247595,-1.64015794259249,8.4));
#2466=CARTESIAN_POINT('',(25.3966765247595,-5.48181172713489,8.4));
#2467=CARTESIAN_POINT('',(25.3966765247595,2.47290704207566,8.4));
#2468=CARTESIAN_POINT('',(22.8716850966077,6.1617173891422,8.8));
#2469=CARTESIAN_POINT('',(22.8784360012369,6.32651459152651,8.8));
#2470=CARTESIAN_POINT('',(22.8832248768921,6.44341645192752,8.68374719645639));
#2471=CARTESIAN_POINT('',(23.5395822584263,6.13435703363488,8.8));
#2472=CARTESIAN_POINT('',(23.6075880636492,6.2983958875648,8.79999999999846));
#2473=CARTESIAN_POINT('',(23.6538754482209,6.41396670017899,8.68164260895817));
#2474=CARTESIAN_POINT('',(24.8548408733533,5.3110953217032,8.8));
#2475=CARTESIAN_POINT('',(25.1221891492796,5.36164662254293,8.80000000000183));
#2476=CARTESIAN_POINT('',(25.1714815423679,5.52783592453721,8.61831644665212));
#2477=CARTESIAN_POINT('',(25.3966765247595,3.42129095028776,8.8));
#2478=CARTESIAN_POINT('',(25.7298221854485,3.40840825352409,8.79999999999764));
#2479=CARTESIAN_POINT('',(25.7966765247595,3.4937150743195,8.47295069407218));
#2480=CARTESIAN_POINT('',(25.3966765247595,2.47290704207566,8.8));
#2481=CARTESIAN_POINT('',(25.7966765247595,2.47290704207565,8.8));
#2482=CARTESIAN_POINT('',(25.7966765247595,2.47290704207565,8.4));
#2483=CARTESIAN_POINT('',(0.,0.,12.9));
#2484=CARTESIAN_POINT('',(0.,0.,8.4));
#2485=CARTESIAN_POINT('',(-2.2,0.,8.4));
#2486=CARTESIAN_POINT('',(0.,0.,0.4));
#2487=CARTESIAN_POINT('',(-2.2,0.,0.4));
#2488=CARTESIAN_POINT('',(-17.5,2.11251572852918E-15,12.9));
#2489=CARTESIAN_POINT('',(-17.5,2.11251572852918E-15,8.4));
#2490=CARTESIAN_POINT('',(-19.2,2.11251572852918E-15,8.4));
#2491=CARTESIAN_POINT('',(-17.5,2.11251572852918E-15,0.4));
#2492=CARTESIAN_POINT('',(-19.2,2.11251572852918E-15,0.4));
#2493=CARTESIAN_POINT('',(19.5,-1.31649530908342E-15,12.9));
#2494=CARTESIAN_POINT('',(19.5,-1.31649530908342E-15,8.4));
#2495=CARTESIAN_POINT('',(17.8,-1.31649530908342E-15,8.4));
#2496=CARTESIAN_POINT('',(19.5,-1.31649530908342E-15,0.4));
#2497=CARTESIAN_POINT('',(17.8,-1.31649530908342E-15,0.4));
#2498=CARTESIAN_POINT('',(0.,0.,8.8));
#2499=CARTESIAN_POINT('',(-17.5,2.11251572852918E-15,8.8));
#2500=CARTESIAN_POINT('',(19.5,-1.31649530908342E-15,8.8));
#2501=CARTESIAN_POINT('',(-25.28178927056,1.59862099354422,0.4));
#2502=CARTESIAN_POINT('',(-25.28178927056,10.5310721959848,0.4));
#2503=CARTESIAN_POINT('',(-24.88178927056,10.5310721959848,0.));
#2504=CARTESIAN_POINT('',(-24.88178927056,1.59862099354422,0.));
#2505=CARTESIAN_POINT('',(-24.8816767577433,-0.0578462265107898,0.000113011408819109));
#2506=CARTESIAN_POINT('',(-24.8817895198561,-0.0578459031454572,2.49296048268708E-7));
#2507=CARTESIAN_POINT('',(-25.0151227700907,-0.0578459031454572,0.133333499530699));
#2508=CARTESIAN_POINT('',(-25.1484560203254,-0.0578459031454572,0.266666749765349));
#2509=CARTESIAN_POINT('',(-25.28178927056,-0.0578459031454572,0.4));
#2510=CARTESIAN_POINT('',(-25.2446865330142,9.86500527556256,0.4));
#2511=CARTESIAN_POINT('',(-25.2692961551223,10.0852009366503,0.4));
#2512=CARTESIAN_POINT('',(-25.28178927056,10.3081190230354,0.4));
#2513=CARTESIAN_POINT('',(-25.28178927056,11.0884551283581,0.4));
#2514=CARTESIAN_POINT('',(-25.203707299073,11.6456187697053,0.4));
#2515=CARTESIAN_POINT('',(-24.9031484371147,12.675528134933,0.4));
#2516=CARTESIAN_POINT('',(-24.6807897943431,13.1478686638626,0.4));
#2517=CARTESIAN_POINT('',(-24.1254294338962,13.9361271638218,0.4));
#2518=CARTESIAN_POINT('',(-23.7926462058233,14.251735016707,0.4));
#2519=CARTESIAN_POINT('',(-23.0670329294872,14.6783374411552,0.4));
#2520=CARTESIAN_POINT('',(-22.6744883449864,14.7891641814767,0.4));
#2521=CARTESIAN_POINT('',(-22.1247096407893,14.7891641814767,0.4));
#2522=CARTESIAN_POINT('',(-21.9676547294065,14.7714319030252,0.4));
#2523=CARTESIAN_POINT('',(-21.8125178776219,14.7365018913011,0.4));
#2524=CARTESIAN_POINT('',(-24.8073536299567,9.91381208964509,-0.0400000000000771));
#2525=CARTESIAN_POINT('',(-24.8301514367321,10.1176719972475,-0.0400000000000771));
#2526=CARTESIAN_POINT('',(-24.8417892705599,10.3243504804439,-0.0400000000000771));
#2527=CARTESIAN_POINT('',(-24.8417892705599,11.0478764848369,-0.0400000000000771));
#2528=CARTESIAN_POINT('',(-24.7690528091348,11.5644105715356,-0.0400000000000771));
#2529=CARTESIAN_POINT('',(-24.4930401159522,12.5102088640824,-0.0400000000000771));
#2530=CARTESIAN_POINT('',(-24.2898595737745,12.9387871288878,-0.0400000000000771));
#2531=CARTESIAN_POINT('',(-23.7969735738454,13.6383717753081,-0.0400000000000771));
#2532=CARTESIAN_POINT('',(-23.5082903521758,13.9085040271451,-0.0400000000000771));
#2533=CARTESIAN_POINT('',(-22.9053888845766,14.2629617536529,-0.0400000000000771));
#2534=CARTESIAN_POINT('',(-22.5927388536085,14.3491641814766,-0.0400000000000771));
#2535=CARTESIAN_POINT('',(-22.1574094373405,14.3491641814766,-0.0400000000000771));
#2536=CARTESIAN_POINT('',(-22.0327575324536,14.3353717930248,-0.0400000000000771));
#2537=CARTESIAN_POINT('',(-21.9086591395852,14.3074782796344,-0.0400000000000771));
#2538=CARTESIAN_POINT('',(-22.2817892705595,14.7891641814767,0.4));
#2539=CARTESIAN_POINT('',(-22.2817892705596,14.3891641814767,0.));
#2540=CARTESIAN_POINT('',(-24.88178927056,10.5310721959848,2.30392961653169E-15));
#2541=CARTESIAN_POINT('',(-24.88178927056,10.9592459110858,2.30392961653169E-15));
#2542=CARTESIAN_POINT('',(-24.7845935408881,11.8127015056713,-1.11469535858666E-15));
#2543=CARTESIAN_POINT('',(-24.3433625122936,13.0097821479854,2.62580213648833E-16));
#2544=CARTESIAN_POINT('',(-23.5352894769735,14.0466450770705,-1.18584612615602E-16));
#2545=CARTESIAN_POINT('',(-22.7143195877673,14.3891641814768,-2.03287907341032E-17));
#2546=CARTESIAN_POINT('',(-22.2817892705596,14.3891641814767,-2.03287907341032E-17));
#2547=CARTESIAN_POINT('',(0.257443627102688,14.7891641814717,0.4));
#2548=CARTESIAN_POINT('',(-21.3865603795168,14.3891641814765,-4.06150660386906E-15));
#2549=CARTESIAN_POINT('',(-21.4905428231705,14.5173772066432,0.128213025166619));
#2550=CARTESIAN_POINT('',(-21.5766412420358,14.6522354016075,0.263071220130928));
#2551=CARTESIAN_POINT('',(-21.655120505164,14.7891641814766,0.4));
#2552=CARTESIAN_POINT('',(-21.3865603795167,14.3891641814765,0.));
#2553=CARTESIAN_POINT('',(0.257443627102599,14.3891641814717,0.));
#2554=CARTESIAN_POINT('',(-21.8033353879652,14.3222904713132,0.4048));
#2555=CARTESIAN_POINT('',(-21.7989605087148,14.3887223728883,0.4048));
#2556=CARTESIAN_POINT('',(-21.7883904804619,14.4548172844458,0.4048));
#2557=CARTESIAN_POINT('',(-21.7377500672465,14.6506278004807,0.4048));
#2558=CARTESIAN_POINT('',(-21.6784992408444,14.7753151069202,0.4048));
#2559=CARTESIAN_POINT('',(-21.5183203911215,14.9927122470941,0.4048));
#2560=CARTESIAN_POINT('',(-21.4174545529765,15.0853368253161,0.4048));
#2561=CARTESIAN_POINT('',(-21.1893580663289,15.2244704178112,0.4048));
#2562=CARTESIAN_POINT('',(-21.0622165210739,15.2709240780858,0.4048));
#2563=CARTESIAN_POINT('',(-20.83375189665,15.3056012988326,0.4048));
#2564=CARTESIAN_POINT('',(-20.7340300304015,15.3055174325395,0.4048));
#2565=CARTESIAN_POINT('',(-20.6366407213507,15.2907174558462,0.4048));
#2566=CARTESIAN_POINT('',(-21.7985459069901,14.3219750179067,0.4));
#2567=CARTESIAN_POINT('',(-21.7941907499488,14.3881074561979,0.4));
#2568=CARTESIAN_POINT('',(-21.7836683973773,14.453905362841,0.4));
#2569=CARTESIAN_POINT('',(-21.7332555079758,14.6488361160032,0.4));
#2570=CARTESIAN_POINT('',(-21.6742703110861,14.7729626759027,0.4));
#2571=CARTESIAN_POINT('',(-21.5148206402491,14.9893701635836,0.4));
#2572=CARTESIAN_POINT('',(-21.4144188289006,15.0815660443364,0.4));
#2573=CARTESIAN_POINT('',(-21.1873946399203,15.2200455600462,0.4));
#2574=CARTESIAN_POINT('',(-21.0608614792089,15.2662747743216,0.4));
#2575=CARTESIAN_POINT('',(-20.8335067676947,15.3007835283342,0.4));
#2576=CARTESIAN_POINT('',(-20.7342742919655,15.3006998257435,0.4));
#2577=CARTESIAN_POINT('',(-20.6373642053756,15.2859725615978,0.4));
#2578=CARTESIAN_POINT('',(-21.3592678782267,14.2930424986472,-0.040242804800862));
#2579=CARTESIAN_POINT('',(-21.3567215879839,14.3317089877591,-0.040242804800862));
#2580=CARTESIAN_POINT('',(-21.3505719178585,14.3702664201275,-0.040242804800862));
#2581=CARTESIAN_POINT('',(-21.3210268872044,14.4845077410667,-0.040242804800862));
#2582=CARTESIAN_POINT('',(-21.2864044989816,14.5572041698091,-0.040242804800862));
#2583=CARTESIAN_POINT('',(-21.1938331110513,14.682843451391,-0.040242804800862));
#2584=CARTESIAN_POINT('',(-21.1359905618636,14.7357203787531,-0.040242804800862));
#2585=CARTESIAN_POINT('',(-21.0073145671941,14.8142097697699,-0.040242804800862));
#2586=CARTESIAN_POINT('',(-20.936580764369,14.8398534140067,-0.040242804800862));
#2587=CARTESIAN_POINT('',(-20.8110242137619,14.8589108622744,-0.040242804800862));
#2588=CARTESIAN_POINT('',(-20.7566772911422,14.8588421740215,-0.040242804800862));
#2589=CARTESIAN_POINT('',(-20.7037201712801,14.8507839048509,-0.040242804800862));
#2590=CARTESIAN_POINT('',(-20.783943937694,14.8971097670885,-2.16840434497765E-16));
#2591=CARTESIAN_POINT('',(-20.783943937694,15.0304431004218,0.133333333333333));
#2592=CARTESIAN_POINT('',(-20.783943937694,15.1637764337552,0.266666666666666));
#2593=CARTESIAN_POINT('',(-20.783943937694,15.2971097670885,0.4));
#2594=CARTESIAN_POINT('',(-20.7839439376939,14.8971097670885,0.));
#2595=CARTESIAN_POINT('',(-21.3865603795167,14.3891641814765,-4.2148359455374E-15));
#2596=CARTESIAN_POINT('',(-21.3273612146049,14.669729583856,-4.2148359455374E-15));
#2597=CARTESIAN_POINT('',(-21.0709670519217,14.8971464996468,-2.03287907341032E-17));
#2598=CARTESIAN_POINT('',(-20.7839439419431,14.897088675507,-2.03287907341032E-17));
#2599=CARTESIAN_POINT('',(0.257443627100576,15.2971097670872,0.4));
#2600=CARTESIAN_POINT('',(20.7839439546521,15.2970818863629,0.399972119276876));
#2601=CARTESIAN_POINT('',(20.7839848700277,15.1637543375107,0.266644570424651));
#2602=CARTESIAN_POINT('',(20.7840257854034,15.0304267886584,0.133317021572426));
#2603=CARTESIAN_POINT('',(20.7840667007791,14.8970992398062,-1.05272797994616E-5));
#2604=CARTESIAN_POINT('',(20.7840667007791,14.8970887125264,0.));
#2605=CARTESIAN_POINT('',(0.257443627100552,14.8971097670872,0.));
#2606=CARTESIAN_POINT('',(20.6373751441932,15.2859742239089,0.4));
#2607=CARTESIAN_POINT('',(20.7342817592117,15.3006998320184,0.4));
#2608=CARTESIAN_POINT('',(20.8335104299031,15.3007829724438,0.4));
#2609=CARTESIAN_POINT('',(21.0608614790495,15.2662747743204,0.4));
#2610=CARTESIAN_POINT('',(21.1873946397611,15.2200455600456,0.4));
#2611=CARTESIAN_POINT('',(21.414418828742,15.0815660443369,0.4));
#2612=CARTESIAN_POINT('',(21.514820640091,14.9893701635846,0.4));
#2613=CARTESIAN_POINT('',(21.674270310929,14.7729626759046,0.4));
#2614=CARTESIAN_POINT('',(21.7332555078195,14.6488361160054,0.4));
#2615=CARTESIAN_POINT('',(21.7836683050271,14.4539057193311,0.4));
#2616=CARTESIAN_POINT('',(21.7941906330025,14.3881081865111,0.4));
#2617=CARTESIAN_POINT('',(21.7985458343258,14.3219761189451,0.4));
#2618=CARTESIAN_POINT('',(20.7040874410368,14.8484151357888,-0.04264));
#2619=CARTESIAN_POINT('',(20.7568033503397,14.8564361908611,-0.04264));
#2620=CARTESIAN_POINT('',(20.8109038059761,14.8565044865738,-0.04264));
#2621=CARTESIAN_POINT('',(20.9359040350755,14.8375314788668,-0.04264));
#2622=CARTESIAN_POINT('',(21.0063340011286,14.8119999264787,-0.04264));
#2623=CARTESIAN_POINT('',(21.1344744735439,14.733837191656,-0.04264));
#2624=CARTESIAN_POINT('',(21.1920852804803,14.6811743625264,-0.04264));
#2625=CARTESIAN_POINT('',(21.2842925050519,14.5560293289047,-0.04264));
#2626=CARTESIAN_POINT('',(21.3187822337353,14.4836129457694,-0.04264));
#2627=CARTESIAN_POINT('',(21.3482135816085,14.3698112003117,-0.04264));
#2628=CARTESIAN_POINT('',(21.3543394275828,14.3314023150447,-0.04264));
#2629=CARTESIAN_POINT('',(21.3568758940091,14.2928855975407,-0.04264));
#2630=CARTESIAN_POINT('',(21.3865603793436,14.3891641815618,-1.54229225303324E-15));
#2631=CARTESIAN_POINT('',(21.4905428229842,14.5173772067302,0.128213025167981));
#2632=CARTESIAN_POINT('',(21.5766412418387,14.6522354016944,0.263071220131857));
#2633=CARTESIAN_POINT('',(21.6551205049573,14.7891641815629,0.4));
#2634=CARTESIAN_POINT('',(21.3865603793436,14.3891641815618,3.46944695195361E-15));
#2635=CARTESIAN_POINT('',(20.7840667007791,14.8970887061886,6.3372830606366E-9));
#2636=CARTESIAN_POINT('',(21.0707548323706,14.8970854704876,6.3372830606366E-9));
#2637=CARTESIAN_POINT('',(21.3274303743018,14.6694018111122,-2.03287907341032E-17));
#2638=CARTESIAN_POINT('',(21.3865603793436,14.3891641815618,-2.03287907341032E-17));
#2639=CARTESIAN_POINT('',(0.257443627044245,14.7891641814729,0.4));
#2640=CARTESIAN_POINT('',(22.7966765247595,14.7891641815677,0.4));
#2641=CARTESIAN_POINT('',(22.7966765247543,14.3891641815677,0.));
#2642=CARTESIAN_POINT('',(0.257443627045928,14.3891641814729,0.));
#2643=CARTESIAN_POINT('',(22.7966765247595,14.7891641815677,0.4));
#2644=CARTESIAN_POINT('',(23.1893756210021,14.7891641815626,0.4));
#2645=CARTESIAN_POINT('',(23.5819201836867,14.6783374412459,0.4));
#2646=CARTESIAN_POINT('',(24.3075334600228,14.2517350167984,0.4));
#2647=CARTESIAN_POINT('',(24.6403166880965,13.9361271639128,0.4));
#2648=CARTESIAN_POINT('',(25.1956770485418,13.1478686639536,0.4));
#2649=CARTESIAN_POINT('',(25.4180356913132,12.675528135024,0.4));
#2650=CARTESIAN_POINT('',(25.7185945532735,11.6456187697962,0.4));
#2651=CARTESIAN_POINT('',(25.7966765247595,11.0884551284491,0.4));
#2652=CARTESIAN_POINT('',(25.7966765247595,10.3081190231262,0.4));
#2653=CARTESIAN_POINT('',(25.7841834093215,10.0852009367407,0.4));
#2654=CARTESIAN_POINT('',(25.7595737872134,9.86500527565273,0.4));
#2655=CARTESIAN_POINT('',(22.7966765247595,14.3491641815676,-0.0400000000000789));
#2656=CARTESIAN_POINT('',(23.1076261112583,14.3491641815734,-0.0400000000000789));
#2657=CARTESIAN_POINT('',(23.4202761387761,14.2629617537435,-0.0400000000000789));
#2658=CARTESIAN_POINT('',(24.0231776063753,13.9085040272365,-0.0400000000000789));
#2659=CARTESIAN_POINT('',(24.3118608280458,13.6383717753991,-0.0400000000000789));
#2660=CARTESIAN_POINT('',(24.8047468279731,12.9387871289787,-0.0400000000000789));
#2661=CARTESIAN_POINT('',(25.0079273701508,12.5102088641729,-0.0400000000000789));
#2662=CARTESIAN_POINT('',(25.2839400633353,11.564410571627,-0.0400000000000789));
#2663=CARTESIAN_POINT('',(25.3566765247594,11.0478764849279,-0.0400000000000789));
#2664=CARTESIAN_POINT('',(25.3566765247594,10.3243504805346,-0.0400000000000789));
#2665=CARTESIAN_POINT('',(25.3450386909314,10.1176719973381,-0.0400000000000789));
#2666=CARTESIAN_POINT('',(25.3222408841558,9.91381208973545,-0.0400000000000789));
#2667=CARTESIAN_POINT('',(25.7966765247595,10.5310721960758,0.4));
#2668=CARTESIAN_POINT('',(25.3966765247595,10.5310721960758,0.));
#2669=CARTESIAN_POINT('',(22.7966765247569,14.3891641815677,-2.30054148474268E-15));
#2670=CARTESIAN_POINT('',(23.2290582321061,14.3891641815743,-2.30054148474268E-15));
#2671=CARTESIAN_POINT('',(24.0565215935343,14.0425135226185,1.00180896761622E-15));
#2672=CARTESIAN_POINT('',(25.1228123965353,12.6643199517221,-6.51907357404991E-16));
#2673=CARTESIAN_POINT('',(25.3966765247595,11.387254879664,-2.03287907341032E-17));
#2674=CARTESIAN_POINT('',(25.3966765247595,10.5310721960758,-2.03287907341032E-17));
#2675=CARTESIAN_POINT('',(25.7966765247595,1.59862099354422,0.4));
#2676=CARTESIAN_POINT('',(25.7966765247595,0.554370739059611,0.4));
#2677=CARTESIAN_POINT('',(25.6633431914262,0.554370739059611,0.266666666666666));
#2678=CARTESIAN_POINT('',(25.5300098580928,0.554370739059611,0.133333333333333));
#2679=CARTESIAN_POINT('',(25.3966765247595,0.554370739059611,-8.67361737988404E-16));
#2680=CARTESIAN_POINT('',(25.3964510780917,0.554370092545952,-3.20072574978069E-16));
#2681=CARTESIAN_POINT('',(25.3966765247595,1.59862099354422,0.));
#2682=CARTESIAN_POINT('',(22.6173017588308,0.546400322955225,-1.3010426069826E-15));
#2683=CARTESIAN_POINT('',(24.7534782677184,-1.23048434664676,1.89735380184963E-15));
#2684=CARTESIAN_POINT('',(24.8555864691506,-1.31616330080873,0.133292790450261));
#2685=CARTESIAN_POINT('',(24.9576946705829,-1.4018422549707,0.26658558090052));
#2686=CARTESIAN_POINT('',(25.0598028720151,-1.48752120913267,0.399878371350779));
#2687=CARTESIAN_POINT('',(24.7535224301543,-1.23052093937886,-8.57680518778176E-5));
#2688=CARTESIAN_POINT('',(22.6173017588308,0.546400322955225,0.));
#2689=CARTESIAN_POINT('',(16.3317870489153,-11.8893546431184,0.4));
#2690=CARTESIAN_POINT('',(17.6844454922072,-10.2771814367582,0.399911522204813));
#2691=CARTESIAN_POINT('',(17.5822884354554,-10.1914854101864,0.266570332474901));
#2692=CARTESIAN_POINT('',(17.4801313787035,-10.1057893836146,0.133229142744988));
#2693=CARTESIAN_POINT('',(17.3779743219516,-10.0200933570427,-0.000112046984925202));
#2694=CARTESIAN_POINT('',(17.3778884889815,-10.0200213346291,0.));
#2695=CARTESIAN_POINT('',(16.0253692716677,-11.6322395992438,0.));
#2696=CARTESIAN_POINT('',(17.7012518626576,-10.256930340281,0.4));
#2697=CARTESIAN_POINT('',(17.5380844231553,-10.4529665172487,0.4));
#2698=CARTESIAN_POINT('',(17.3657317178814,-10.6377704273043,0.4));
#2699=CARTESIAN_POINT('',(16.7675551513541,-11.2075031269809,0.4));
#2700=CARTESIAN_POINT('',(16.3111439262535,-11.5295030703736,0.4));
#2701=CARTESIAN_POINT('',(15.621840349608,-11.8606452475285,0.4));
#2702=CARTESIAN_POINT('',(15.3913491095726,-11.9459283856684,0.4));
#2703=CARTESIAN_POINT('',(14.9377549699999,-12.0630304461898,0.4));
#2704=CARTESIAN_POINT('',(14.7146632688237,-12.0948464773208,0.4));
#2705=CARTESIAN_POINT('',(14.4755744370072,-12.0998161365444,0.4));
#2706=CARTESIAN_POINT('',(14.4516955020858,-12.0999747710898,0.4));
#2707=CARTESIAN_POINT('',(14.4279213657378,-12.0997942399149,0.4));
#2708=CARTESIAN_POINT('',(17.3938050204505,-10.0009716678124,-1.17034508440809E-9));
#2709=CARTESIAN_POINT('',(17.2402310387923,-10.1854962706283,-1.17034508440809E-9));
#2710=CARTESIAN_POINT('',(17.0783451714504,-10.359091730303,-1.17034508440809E-9));
#2711=CARTESIAN_POINT('',(16.518584696632,-10.8922350607038,-1.17034508440809E-9));
#2712=CARTESIAN_POINT('',(16.0948165822232,-11.1896639216923,-1.17034508440809E-9));
#2713=CARTESIAN_POINT('',(15.4701891006661,-11.4897356353835,-1.17034508440809E-9));
#2714=CARTESIAN_POINT('',(15.2639351692823,-11.5657073641618,-1.17034508440809E-9));
#2715=CARTESIAN_POINT('',(14.8651936331179,-11.6686484130517,-1.17034508440809E-9));
#2716=CARTESIAN_POINT('',(14.6727870623066,-11.6956305053546,-1.17034508440809E-9));
#2717=CARTESIAN_POINT('',(14.4710032216183,-11.6998247512539,-1.17034508440809E-9));
#2718=CARTESIAN_POINT('',(14.4509019877594,-11.6999584304309,-1.17034508440809E-9));
#2719=CARTESIAN_POINT('',(14.4309387521618,-11.6998080627789,-1.17034508440809E-9));
#2720=CARTESIAN_POINT('',(17.3778884894297,-10.0200213350051,-5.85175144289258E-10));
#2721=CARTESIAN_POINT('',(17.0036275613791,-10.4662069122391,-5.85175144289258E-10));
#2722=CARTESIAN_POINT('',(16.1394685003727,-11.2536763362577,2.92587622966606E-10));
#2723=CARTESIAN_POINT('',(15.0345949610154,-11.6998696901067,-2.03287907341032E-17));
#2724=CARTESIAN_POINT('',(14.4467911379722,-11.6998677107881,-2.03287907341032E-17));
#2725=CARTESIAN_POINT('',(-14.4267298827128,-12.1022831913203,0.402489008660944));
#2726=CARTESIAN_POINT('',(-14.4505264808219,-12.1024638645713,0.402489008660944));
#2727=CARTESIAN_POINT('',(-14.4744276595266,-12.1023050651209,0.402489008660944));
#2728=CARTESIAN_POINT('',(-14.7137473489004,-12.0973306073431,0.402489008660944));
#2729=CARTESIAN_POINT('',(-14.9370299889641,-12.065484496923,0.402489008660944));
#2730=CARTESIAN_POINT('',(-15.3909654500482,-11.9482943192006,0.402489008660944));
#2731=CARTESIAN_POINT('',(-15.6216075072606,-11.8629532406144,0.402489008660944));
#2732=CARTESIAN_POINT('',(-16.3113135323083,-11.5316177268284,0.402489008660944));
#2733=CARTESIAN_POINT('',(-16.7679278798715,-11.2094648893443,0.402489008660944));
#2734=CARTESIAN_POINT('',(-17.3663434839674,-10.6395045185655,0.402489008660944));
#2735=CARTESIAN_POINT('',(-17.5387613125469,-10.4546308718828,0.402489008660944));
#2736=CARTESIAN_POINT('',(-17.7019884415789,-10.258523072904,0.402489008660944));
#2737=CARTESIAN_POINT('',(-14.4267486546903,-12.0997942686499,0.4));
#2738=CARTESIAN_POINT('',(-14.4505215406672,-12.099974754254,0.4));
#2739=CARTESIAN_POINT('',(-14.4743992138046,-12.0998161100981,0.4));
#2740=CARTESIAN_POINT('',(-14.7134867732994,-12.0948464773208,0.4));
#2741=CARTESIAN_POINT('',(-14.9365784744755,-12.0630304461897,0.4));
#2742=CARTESIAN_POINT('',(-15.3901726140483,-11.9459283856685,0.4));
#2743=CARTESIAN_POINT('',(-15.6206638540833,-11.8606452475285,0.4));
#2744=CARTESIAN_POINT('',(-16.30996743073,-11.5295030703736,0.4));
#2745=CARTESIAN_POINT('',(-16.7663786558307,-11.2075031269813,0.4));
#2746=CARTESIAN_POINT('',(-17.3645552149678,-10.6377704343416,0.4));
#2747=CARTESIAN_POINT('',(-17.5369079134243,-10.452966532481,0.4));
#2748=CARTESIAN_POINT('',(-17.7000753469593,-10.2569303645182,0.4));
#2749=CARTESIAN_POINT('',(-14.4297654344673,-11.6998080881189,2.35823533823506E-10));
#2750=CARTESIAN_POINT('',(-14.4497276254426,-11.6999584176499,2.35823533823506E-10));
#2751=CARTESIAN_POINT('',(-14.4698277999116,-11.6998247303402,2.35823533823506E-10));
#2752=CARTESIAN_POINT('',(-14.6716105669295,-11.695630506758,2.35823533823506E-10));
#2753=CARTESIAN_POINT('',(-14.8640171378487,-11.668648414438,2.35823533823506E-10));
#2754=CARTESIAN_POINT('',(-15.2627586742058,-11.5657073654985,2.35823533823506E-10));
#2755=CARTESIAN_POINT('',(-15.4690126056748,-11.4897356366874,2.35823533823506E-10));
#2756=CARTESIAN_POINT('',(-16.0936400874595,-11.189663922887,2.35823533823506E-10));
#2757=CARTESIAN_POINT('',(-16.5174082019839,-10.8922350618121,2.35823533823506E-10));
#2758=CARTESIAN_POINT('',(-17.0771686700216,-10.3590917378681,2.35823533823506E-10));
#2759=CARTESIAN_POINT('',(-17.2390545309711,-10.1854962858772,2.35823533823506E-10));
#2760=CARTESIAN_POINT('',(-17.3926285070191,-10.0009716915265,2.35823533823506E-10));
#2761=CARTESIAN_POINT('',(-17.3769190129899,-10.0201232466854,1.19262238973405E-15));
#2762=CARTESIAN_POINT('',(-17.4790582720724,-10.1058282613103,0.133333333333334));
#2763=CARTESIAN_POINT('',(-17.581197531155,-10.1915332759352,0.266666666666667));
#2764=CARTESIAN_POINT('',(-17.6833367902375,-10.27723829056,0.400000000000001));
#2765=CARTESIAN_POINT('',(-17.3769190129899,-10.0201232466854,0.));
#2766=CARTESIAN_POINT('',(-14.4456353139448,-11.6998677114641,2.35823300042412E-10));
#2767=CARTESIAN_POINT('',(-15.0329487879152,-11.6998639467349,2.35823300042412E-10));
#2768=CARTESIAN_POINT('',(-16.1399189968073,-11.2528362380966,-1.1791162214326E-10));
#2769=CARTESIAN_POINT('',(-17.0025549038666,-10.4660908483771,-1.50983117336007E-17));
#2770=CARTESIAN_POINT('',(-17.3767473148127,-10.0199792285697,-1.50983117336007E-17));
#2771=CARTESIAN_POINT('',(-16.1183576425995,-12.1423078120927,0.4));
#2772=CARTESIAN_POINT('',(-24.5449180722687,-2.09974000277145,0.399881634485846));
#2773=CARTESIAN_POINT('',(-24.4427871317174,-2.01412360583192,0.266611635867304));
#2774=CARTESIAN_POINT('',(-24.3406561911661,-1.92850720889238,0.133341637248761));
#2775=CARTESIAN_POINT('',(-24.2385252506149,-1.84289081195285,7.16386302190538E-5));
#2776=CARTESIAN_POINT('',(-24.2385807574758,-1.84293611066174,-1.2936168573768E-16));
#2777=CARTESIAN_POINT('',(-15.8119398653519,-11.8851927682181,0.));
#2778=CARTESIAN_POINT('',(0.,0.,0.4));
#2779=CARTESIAN_POINT('',(0.,0.,0.));
#2780=CARTESIAN_POINT('',(-2.6,0.,0.));
#2781=CARTESIAN_POINT('',(-17.5,2.11251572852918E-15,0.4));
#2782=CARTESIAN_POINT('',(-17.5,2.11251572852918E-15,0.));
#2783=CARTESIAN_POINT('',(-19.6,2.11251572852918E-15,0.));
#2784=CARTESIAN_POINT('',(19.5,-1.31649530908342E-15,0.4));
#2785=CARTESIAN_POINT('',(19.5,-1.31649530908342E-15,0.));
#2786=CARTESIAN_POINT('',(17.4,-1.31649530908342E-15,0.));
#2787=CARTESIAN_POINT('',(-22.1024221051984,-0.0658184061986214,2.60208521396521E-15));
#2788=CARTESIAN_POINT('',(-22.1024221051984,-0.0658184061986214,0.));
#2789=CARTESIAN_POINT('',(-4.99552056119747,-5.48181172713489,0.));
#2790=MECHANICAL_DESIGN_GEOMETRIC_PRESENTATION_REPRESENTATION('',(#1326),
#2791);
#2791=(
GEOMETRIC_REPRESENTATION_CONTEXT(3)
GLOBAL_UNCERTAINTY_ASSIGNED_CONTEXT((#2792))
GLOBAL_UNIT_ASSIGNED_CONTEXT((#2795,#2794,#2793))
REPRESENTATION_CONTEXT('[a]_wwg2-adapter_o2_xol',
'TOP_LEVEL_ASSEMBLY_PART')
);
#2792=UNCERTAINTY_MEASURE_WITH_UNIT(LENGTH_MEASURE(1.E-5),#2795,
'DISTANCE_ACCURACY_VALUE','Maximum Tolerance applied to model');
#2793=(
NAMED_UNIT(*)
SI_UNIT($,.STERADIAN.)
SOLID_ANGLE_UNIT()
);
#2794=(
NAMED_UNIT(*)
PLANE_ANGLE_UNIT()
SI_UNIT($,.RADIAN.)
);
#2795=(
LENGTH_UNIT()
NAMED_UNIT(*)
SI_UNIT(.MILLI.,.METRE.)
);
#2796=PRODUCT_DEFINITION_SHAPE('','',#2797);
#2797=PRODUCT_DEFINITION('','',#2799,#2798);
#2798=PRODUCT_DEFINITION_CONTEXT('',#2805,'design');
#2799=PRODUCT_DEFINITION_FORMATION_WITH_SPECIFIED_SOURCE('','',#2801,
 .NOT_KNOWN.);
#2800=PRODUCT_RELATED_PRODUCT_CATEGORY('','',(#2801));
#2801=PRODUCT('[a]_wwg2-adapter_o2_xol','[a]_wwg2-adapter_o2_xol',
'[a]_wwg2-adapter_o2_xol',(#2803));
#2802=PRODUCT_CATEGORY('','');
#2803=PRODUCT_CONTEXT('',#2805,'mechanical');
#2804=APPLICATION_PROTOCOL_DEFINITION('international standard',
'ap242_managed_model_based_3d_engineering',2020,#2805);
#2805=APPLICATION_CONTEXT('managed model based 3d engineering');
ENDSEC;
END-ISO-10303-21;
