ISO-10303-21;
HEADER;
/* Generated by software containing ST-Developer
 * from STEP Tools, Inc. (www.steptools.com) 
 */
/* OPTION: using custom renumber hook */

FILE_DESCRIPTION(
/* description */ ('STEP AP242 Edition 2',
'CAx-IF Rec.Pracs.---Representation and Presentation of Product Manufa
cturing Information (PMI)---4.0---2014-10-13',
'CAx-IF Rec.Pracs.---3D Tessellated Geometry---0.4---2014-09-14','2;1',
'CAx-IF Rec.Pracs.---User Defined Attributes---1.5---2016-08-15'),
/* implementation_level */ '2;1');

FILE_NAME(
/* name */ '[a]_wwbmg-adapter_sherpa_xol',
/* time_stamp */ '2026-09-27T04:16:58Z',
/* author */ (''),
/* organization */ (''),
/* preprocessor_version */ 'ST-DEVELOPER v20',
/* originating_system */ 'ONSHAPE BY PTC INC, 1.221',
/* authorisation */ '  ');

FILE_SCHEMA (('AP242_MANAGED_MODEL_BASED_3D_ENGINEERING_MIM_LF { 1 0 10303 442 3 1 4 }'));
ENDSEC;

DATA;
#10=SHAPE_REPRESENTATION_RELATIONSHIP('','',#1574,#11);
#11=ADVANCED_BREP_SHAPE_REPRESENTATION('',(#1572),#3217);
#12=B_SPLINE_SURFACE_WITH_KNOTS('',1,3,((#2975,#2976,#2977,#2978,#2979,
#2980,#2981,#2982,#2983,#2984,#2985,#2986),(#2987,#2988,#2989,#2990,#2991,
#2992,#2993,#2994,#2995,#2996,#2997,#2998),(#2999,#3000,#3001,#3002,#3003,
#3004,#3005,#3006,#3007,#3008,#3009,#3010)),.RULED_SURF.,.F.,.F.,.F.,(2,
1,2),(4,2,2,2,2,4),(-0.01,0.,0.917174580637275),(1.43749108022052,1.5707963267949,
1.96349540849362,2.35619449019234,2.74889357189107,3.03715403911945),
 .UNSPECIFIED.);
#13=B_SPLINE_SURFACE_WITH_KNOTS('',1,3,((#3027,#3028,#3029,#3030,#3031,
#3032,#3033,#3034,#3035,#3036,#3037,#3038),(#3039,#3040,#3041,#3042,#3043,
#3044,#3045,#3046,#3047,#3048,#3049,#3050)),.RULED_SURF.,.F.,.F.,.F.,(2,
2),(4,2,2,2,2,4),(0.,0.922166666666768),(3.2460423236493,3.53429173528852,
3.92699081698724,4.31968989868597,4.71238898038469,4.84569322190571),
 .UNSPECIFIED.);
#14=B_SPLINE_SURFACE_WITH_KNOTS('',1,3,((#3077,#3078,#3079,#3080,#3081,
#3082,#3083,#3084),(#3085,#3086,#3087,#3088,#3089,#3090,#3091,#3092),(#3093,
#3094,#3095,#3096,#3097,#3098,#3099,#3100)),.RULED_SURF.,.F.,.F.,.F.,(2,
1,2),(4,2,2,4),(-0.00513520878826385,0.,0.833333333333328),(1.5707963267949,
1.96349540849362,2.35619449019234,2.46911257617462),.UNSPECIFIED.);
#15=B_SPLINE_SURFACE_WITH_KNOTS('',1,3,((#3117,#3118,#3119,#3120,#3121,
#3122,#3123,#3124),(#3125,#3126,#3127,#3128,#3129,#3130,#3131,#3132),(#3133,
#3134,#3135,#3136,#3137,#3138,#3139,#3140)),.RULED_SURF.,.F.,.F.,.F.,(2,
1,2),(4,2,2,4),(-0.00523901504385196,0.,0.838443056948672),(5.32623110329105,
5.49778714378214,5.89048622548086,6.0400009814559),.UNSPECIFIED.);
#16=B_SPLINE_SURFACE_WITH_KNOTS('',1,3,((#3146,#3147,#3148,#3149,#3150,
#3151,#3152,#3153),(#3154,#3155,#3156,#3157,#3158,#3159,#3160,#3161),(#3162,
#3163,#3164,#3165,#3166,#3167,#3168,#3169)),.RULED_SURF.,.F.,.F.,.F.,(2,
1,2),(4,2,2,4),(-0.00520495334369662,0.,0.83833465384125),(3.38484624430626,
3.53429173528852,3.92699081698724,4.09854645041347),.UNSPECIFIED.);
#17=B_SPLINE_SURFACE_WITH_KNOTS('',1,3,((#3195,#3196,#3197,#3198,#3199,
#3200,#3201,#3202),(#3203,#3204,#3205,#3206,#3207,#3208,#3209,#3210)),
 .RULED_SURF.,.F.,.F.,.F.,(2,2),(4,2,2,4),(0.,0.833333333333331),(0.67250336308475,
0.785398163397448,1.17809724509617,1.5707963267949),.UNSPECIFIED.);
#18=CONICAL_SURFACE('',#1721,2.1,0.785398163397448);
#19=CONICAL_SURFACE('',#1722,2.1,0.785398163397448);
#20=CONICAL_SURFACE('',#1723,2.6,0.785398163397448);
#21=CONICAL_SURFACE('',#1725,3.,0.785398163397448);
#22=CONICAL_SURFACE('',#1728,3.,0.785398163397448);
#23=CONICAL_SURFACE('',#1733,3.,0.785398163397448);
#24=CONICAL_SURFACE('',#1736,3.,0.785398163397448);
#25=CONICAL_SURFACE('',#1741,2.2,0.785398163397448);
#26=CONICAL_SURFACE('',#1743,1.7,0.785398163397448);
#27=CONICAL_SURFACE('',#1745,1.7,0.785398163397448);
#28=TOROIDAL_SURFACE('',#1655,3.9352192353441,3.);
#29=TOROIDAL_SURFACE('',#1663,3.93521923532499,3.);
#30=TOROIDAL_SURFACE('',#1680,2.6,0.4);
#31=TOROIDAL_SURFACE('',#1706,2.6,0.4);
#32=(
BOUNDED_SURFACE()
B_SPLINE_SURFACE(3,2,((#2387,#2388,#2389),(#2390,#2391,#2392),(#2393,#2394,
#2395),(#2396,#2397,#2398)),.UNSPECIFIED.,.F.,.F.,.F.)
B_SPLINE_SURFACE_WITH_KNOTS((4,4),(3,3),(5.4977871437821,6.28318530717959),
(0.,1.),.PIECEWISE_BEZIER_KNOTS.)
GEOMETRIC_REPRESENTATION_ITEM()
RATIONAL_B_SPLINE_SURFACE(((1.,0.866025403784434,1.),(1.,0.903812900244017,
1.),(1.,0.923879532489348,1.),(1.,0.923879532511287,1.)))
REPRESENTATION_ITEM('')
SURFACE()
);
#33=(
BOUNDED_SURFACE()
B_SPLINE_SURFACE(3,2,((#2408,#2409,#2410),(#2411,#2412,#2413),(#2414,#2415,
#2416),(#2417,#2418,#2419)),.UNSPECIFIED.,.F.,.F.,.F.)
B_SPLINE_SURFACE_WITH_KNOTS((4,4),(3,3),(0.,0.785398163397668),(0.,1.),
 .PIECEWISE_BEZIER_KNOTS.)
GEOMETRIC_REPRESENTATION_ITEM()
RATIONAL_B_SPLINE_SURFACE(((1.,0.923879532511287,1.),(1.,0.923879532489357,
1.),(1.,0.903812900244039,1.),(1.,0.866025403784406,1.)))
REPRESENTATION_ITEM('')
SURFACE()
);
#34=(
BOUNDED_SURFACE()
B_SPLINE_SURFACE(3,2,((#2457,#2458,#2459),(#2460,#2461,#2462),(#2463,#2464,
#2465),(#2466,#2467,#2468),(#2469,#2470,#2471)),.UNSPECIFIED.,.F.,.F.,.F.)
B_SPLINE_SURFACE_WITH_KNOTS((4,1,4),(3,3),(2.61799387799081,3.14159265358952,
3.66519142918824),(0.,1.),.UNSPECIFIED.)
GEOMETRIC_REPRESENTATION_ITEM()
RATIONAL_B_SPLINE_SURFACE(((1.,0.923879532511194,1.),(1.,0.9431603927269,
1.),(1.,0.962880835015948,1.),(1.,0.943160392726818,1.),(1.,0.923879532511254,
1.)))
REPRESENTATION_ITEM('')
SURFACE()
);
#35=(
BOUNDED_SURFACE()
B_SPLINE_SURFACE(3,2,((#2475,#2476,#2477),(#2478,#2479,#2480),(#2481,#2482,
#2483),(#2484,#2485,#2486),(#2487,#2488,#2489)),.UNSPECIFIED.,.F.,.F.,.F.)
B_SPLINE_SURFACE_WITH_KNOTS((4,1,4),(3,3),(2.61799387799154,3.14159265358983,
3.66519142918813),(0.,1.),.UNSPECIFIED.)
GEOMETRIC_REPRESENTATION_ITEM()
RATIONAL_B_SPLINE_SURFACE(((1.,0.923879532511295,1.),(1.,0.943160392726843,
1.),(1.,0.962880835016049,1.),(1.,0.943160392726764,1.),(1.,0.923879532511287,
1.)))
REPRESENTATION_ITEM('')
SURFACE()
);
#36=(
BOUNDED_SURFACE()
B_SPLINE_SURFACE(3,2,((#2545,#2546,#2547),(#2548,#2549,#2550),(#2551,#2552,
#2553),(#2554,#2555,#2556),(#2557,#2558,#2559),(#2560,#2561,#2562),(#2563,
#2564,#2565),(#2566,#2567,#2568)),.UNSPECIFIED.,.F.,.F.,.F.)
B_SPLINE_SURFACE_WITH_KNOTS((4,1,1,1,1,4),(3,3),(0.171113780408671,0.272112594610943,
0.373111408813215,0.474110223015488,0.524609630116624,0.57510903721776),
(0.,1.),.UNSPECIFIED.)
GEOMETRIC_REPRESENTATION_ITEM()
RATIONAL_B_SPLINE_SURFACE(((1.,0.964787557115742,1.),(1.,0.964787557350165,
1.),(1.,0.955102633037977,1.),(1.,0.911695268388528,1.),(1.,0.857878478184788,
1.),(1.,0.810999946431999,1.),(1.,0.782972838067906,1.),(1.,0.767868193670349,
1.)))
REPRESENTATION_ITEM('')
SURFACE()
);
#37=(
BOUNDED_SURFACE()
B_SPLINE_SURFACE(3,2,((#2594,#2595,#2596),(#2597,#2598,#2599),(#2600,#2601,
#2602),(#2603,#2604,#2605),(#2606,#2607,#2608),(#2609,#2610,#2611),(#2612,
#2613,#2614),(#2615,#2616,#2617)),.UNSPECIFIED.,.F.,.F.,.F.)
B_SPLINE_SURFACE_WITH_KNOTS((4,1,1,1,1,4),(3,3),(0.171113780408621,0.272112594608577,
0.373111408808532,0.474110223008488,0.524609630108466,0.575109037208444),
(0.,1.),.UNSPECIFIED.)
GEOMETRIC_REPRESENTATION_ITEM()
RATIONAL_B_SPLINE_SURFACE(((1.,0.964787557116294,1.),(1.,0.964787557350585,
1.),(1.,0.955102633039038,1.),(1.,0.911695268391431,1.),(1.,0.857878478189482,
1.),(1.,0.810999946438299,1.),(1.,0.782972838075852,1.),(1.,0.767868193678888,
1.)))
REPRESENTATION_ITEM('')
SURFACE()
);
#38=(
BOUNDED_SURFACE()
B_SPLINE_SURFACE(3,2,((#2688,#2689,#2690),(#2691,#2692,#2693),(#2694,#2695,
#2696),(#2697,#2698,#2699)),.UNSPECIFIED.,.F.,.F.,.F.)
B_SPLINE_SURFACE_WITH_KNOTS((4,4),(3,3),(-6.39679281766448E-18,0.000167264447293568),
(0.,1.),.PIECEWISE_BEZIER_KNOTS.)
GEOMETRIC_REPRESENTATION_ITEM()
RATIONAL_B_SPLINE_SURFACE(((1.,0.994331037334847,1.),(1.,0.998135449617799,
1.),(1.,1.0000000058248,1.),(1.,1.,1.)))
REPRESENTATION_ITEM('')
SURFACE()
);
#39=(
BOUNDED_SURFACE()
B_SPLINE_SURFACE(3,2,((#2701,#2702,#2703),(#2704,#2705,#2706),(#2707,#2708,
#2709),(#2710,#2711,#2712)),.UNSPECIFIED.,.F.,.F.,.F.)
B_SPLINE_SURFACE_WITH_KNOTS((4,4),(3,3),(-3.02221355580334E-18,1.93762257257502E-5),
(0.,1.),.PIECEWISE_BEZIER_KNOTS.)
GEOMETRIC_REPRESENTATION_ITEM()
RATIONAL_B_SPLINE_SURFACE(((1.,0.993544718848127,1.),(1.,0.993839334154288,
1.),(1.,0.994103359608097,1.),(1.,0.994331037334848,1.)))
REPRESENTATION_ITEM('')
SURFACE()
);
#40=(
BOUNDED_SURFACE()
B_SPLINE_SURFACE(3,2,((#2714,#2715,#2716),(#2717,#2718,#2719),(#2720,#2721,
#2722),(#2723,#2724,#2725),(#2726,#2727,#2728),(#2729,#2730,#2731)),
 .UNSPECIFIED.,.F.,.F.,.F.)
B_SPLINE_SURFACE_WITH_KNOTS((4,1,1,4),(3,3),(-1.88651178012478E-17,0.00177410773200531,
0.00354821546401063,0.00709643092802128),(0.,1.),.UNSPECIFIED.)
GEOMETRIC_REPRESENTATION_ITEM()
RATIONAL_B_SPLINE_SURFACE(((1.,0.707106781186546,1.),(1.,0.724222275767995,
1.),(1.,0.8060947912305,1.),(1.,0.957611186088057,1.),(1.,0.982867990567743,
1.),(1.,0.993544718848129,1.)))
REPRESENTATION_ITEM('')
SURFACE()
);
#41=(
BOUNDED_SURFACE()
B_SPLINE_SURFACE(3,2,((#2739,#2740,#2741),(#2742,#2743,#2744),(#2745,#2746,
#2747),(#2748,#2749,#2750)),.UNSPECIFIED.,.F.,.F.,.F.)
B_SPLINE_SURFACE_WITH_KNOTS((4,4),(3,3),(1.5707963267949,2.46372209846547),
(0.,1.),.PIECEWISE_BEZIER_KNOTS.)
GEOMETRIC_REPRESENTATION_ITEM()
RATIONAL_B_SPLINE_SURFACE(((1.,0.707106781186551,1.),(1.,0.65001019564961,
1.),(1.,0.584423400500284,1.),(1.,0.537299608346825,1.)))
REPRESENTATION_ITEM('')
SURFACE()
);
#42=(
BOUNDED_SURFACE()
B_SPLINE_SURFACE(3,2,((#2754,#2755,#2756),(#2757,#2758,#2759),(#2760,#2761,
#2762),(#2763,#2764,#2765)),.UNSPECIFIED.,.F.,.F.,.F.)
B_SPLINE_SURFACE_WITH_KNOTS((4,4),(3,3),(4.11940476924469,4.37574563396738),
(0.,1.),.PIECEWISE_BEZIER_KNOTS.)
GEOMETRIC_REPRESENTATION_ITEM()
RATIONAL_B_SPLINE_SURFACE(((1.,0.53729960834682,1.),(1.,0.562233018258744,
1.),(1.,0.587556315779208,1.),(1.,0.6124527837904,1.)))
REPRESENTATION_ITEM('')
SURFACE()
);
#43=(
BOUNDED_SURFACE()
B_SPLINE_SURFACE(3,2,((#2767,#2768,#2769),(#2770,#2771,#2772),(#2773,#2774,
#2775),(#2776,#2777,#2778)),.UNSPECIFIED.,.F.,.F.,.F.)
B_SPLINE_SURFACE_WITH_KNOTS((4,4),(3,3),(-1.25767452008319E-17,0.0024250619502916),
(0.,1.),.PIECEWISE_BEZIER_KNOTS.)
GEOMETRIC_REPRESENTATION_ITEM()
RATIONAL_B_SPLINE_SURFACE(((1.,0.612452783790341,1.),(1.,0.599402177636565,
1.),(1.,0.58910822013191,1.),(1.,0.598711120098676,1.)))
REPRESENTATION_ITEM('')
SURFACE()
);
#44=(
BOUNDED_SURFACE()
B_SPLINE_SURFACE(3,2,((#2780,#2781,#2782),(#2783,#2784,#2785),(#2786,#2787,
#2788),(#2789,#2790,#2791)),.UNSPECIFIED.,.F.,.F.,.F.)
B_SPLINE_SURFACE_WITH_KNOTS((4,4),(3,3),(5.01420987081768,5.26513478634811),
(0.,1.),.PIECEWISE_BEZIER_KNOTS.)
GEOMETRIC_REPRESENTATION_ITEM()
RATIONAL_B_SPLINE_SURFACE(((1.,0.598711120098675,1.),(1.,0.566953696496474,
1.),(1.,0.533896521589563,1.),(1.,0.499999999998985,1.)))
REPRESENTATION_ITEM('')
SURFACE()
);
#45=(
BOUNDED_SURFACE()
B_SPLINE_SURFACE(3,2,((#2795,#2796,#2797),(#2798,#2799,#2800),(#2801,#2802,
#2803),(#2804,#2805,#2806),(#2807,#2808,#2809)),.UNSPECIFIED.,.F.,.F.,.F.)
B_SPLINE_SURFACE_WITH_KNOTS((4,1,4),(3,3),(7.00510346568583E-17,0.392699081696709,
0.785398163393418),(0.,1.),.UNSPECIFIED.)
GEOMETRIC_REPRESENTATION_ITEM()
RATIONAL_B_SPLINE_SURFACE(((1.,0.38268343236509,1.),(1.,0.382683432368368,
1.),(1.,0.407749414543832,1.),(1.,0.467275075280676,1.),(1.,0.499999999998994,
1.)))
REPRESENTATION_ITEM('')
SURFACE()
);
#46=(
BOUNDED_SURFACE()
B_SPLINE_SURFACE(3,2,((#2813,#2814,#2815),(#2816,#2817,#2818),(#2819,#2820,
#2821),(#2822,#2823,#2824),(#2825,#2826,#2827)),.UNSPECIFIED.,.F.,.F.,.F.)
B_SPLINE_SURFACE_WITH_KNOTS((4,1,4),(3,3),(5.49778714378218,5.89048622548088,
6.28318530717959),(0.,1.),.UNSPECIFIED.)
GEOMETRIC_REPRESENTATION_ITEM()
RATIONAL_B_SPLINE_SURFACE(((1.,0.499999999999991,1.),(1.,0.467275075287231,
1.),(1.,0.407749414542665,1.),(1.,0.382683432365449,1.),(1.,0.382683432365088,
1.)))
REPRESENTATION_ITEM('')
SURFACE()
);
#47=(
BOUNDED_SURFACE()
B_SPLINE_SURFACE(3,2,((#2831,#2832,#2833),(#2834,#2835,#2836),(#2837,#2838,
#2839),(#2840,#2841,#2842)),.UNSPECIFIED.,.F.,.F.,.F.)
B_SPLINE_SURFACE_WITH_KNOTS((4,4),(3,3),(4.15964317442328,4.41144143366218),
(0.,1.),.PIECEWISE_BEZIER_KNOTS.)
GEOMETRIC_REPRESENTATION_ITEM()
RATIONAL_B_SPLINE_SURFACE(((1.,0.499999999999984,1.),(1.,0.534014498374514,
1.),(1.,0.567183702832713,1.),(1.,0.599042668300232,1.)))
REPRESENTATION_ITEM('')
SURFACE()
);
#48=(
BOUNDED_SURFACE()
B_SPLINE_SURFACE(3,2,((#2844,#2845,#2846),(#2847,#2848,#2849),(#2850,#2851,
#2852),(#2853,#2854,#2855)),.UNSPECIFIED.,.F.,.F.,.F.)
B_SPLINE_SURFACE_WITH_KNOTS((4,4),(3,3),(1.60461921527855E-17,0.00242188530720359),
(0.,1.),.PIECEWISE_BEZIER_KNOTS.)
GEOMETRIC_REPRESENTATION_ITEM()
RATIONAL_B_SPLINE_SURFACE(((1.,0.599042668300233,1.),(1.,0.589438929798388,
1.),(1.,0.599673604155672,1.),(1.,0.612690278165415,1.)))
REPRESENTATION_ITEM('')
SURFACE()
);
#49=(
BOUNDED_SURFACE()
B_SPLINE_SURFACE(3,2,((#2857,#2858,#2859),(#2860,#2861,#2862),(#2863,#2864,
#2865),(#2866,#2867,#2868)),.UNSPECIFIED.,.F.,.F.,.F.)
B_SPLINE_SURFACE_WITH_KNOTS((4,4),(3,3),(1.90662452892933,2.16378053793287),
(0.,1.),.PIECEWISE_BEZIER_KNOTS.)
GEOMETRIC_REPRESENTATION_ITEM()
RATIONAL_B_SPLINE_SURFACE(((1.,0.612690278165412,1.),(1.,0.587717208704334,
1.),(1.,0.562312304588958,1.),(1.,0.537299608346821,1.)))
REPRESENTATION_ITEM('')
SURFACE()
);
#50=(
BOUNDED_SURFACE()
B_SPLINE_SURFACE(3,2,((#2872,#2873,#2874),(#2875,#2876,#2877),(#2878,#2879,
#2880),(#2881,#2882,#2883)),.UNSPECIFIED.,.F.,.F.,.F.)
B_SPLINE_SURFACE_WITH_KNOTS((4,4),(3,3),(0.677870555124326,1.5707963267949),
(0.,1.),.PIECEWISE_BEZIER_KNOTS.)
GEOMETRIC_REPRESENTATION_ITEM()
RATIONAL_B_SPLINE_SURFACE(((1.,0.537299608346825,1.),(1.,0.584423400502014,
1.),(1.,0.65001019564961,1.),(1.,0.707106781186551,1.)))
REPRESENTATION_ITEM('')
SURFACE()
);
#51=(
BOUNDED_SURFACE()
B_SPLINE_SURFACE(3,2,((#2891,#2892,#2893),(#2894,#2895,#2896),(#2897,#2898,
#2899),(#2900,#2901,#2902),(#2903,#2904,#2905),(#2906,#2907,#2908)),
 .UNSPECIFIED.,.F.,.F.,.F.)
B_SPLINE_SURFACE_WITH_KNOTS((4,1,1,4),(3,3),(-1.0842021724855E-17,0.00355867247418309,
0.00533800871127465,0.0071173449483662),(0.,1.),.UNSPECIFIED.)
GEOMETRIC_REPRESENTATION_ITEM()
RATIONAL_B_SPLINE_SURFACE(((1.,0.993544718850351,1.),(1.,0.982846952315272,
1.),(1.,0.957894405328106,1.),(1.,0.804660372049099,1.),(1.,0.724326873367584,
1.),(1.,0.707106781186548,1.)))
REPRESENTATION_ITEM('')
SURFACE()
);
#52=(
BOUNDED_SURFACE()
B_SPLINE_SURFACE(3,2,((#2910,#2911,#2912),(#2913,#2914,#2915),(#2916,#2917,
#2918),(#2919,#2920,#2921)),.UNSPECIFIED.,.F.,.F.,.F.)
B_SPLINE_SURFACE_WITH_KNOTS((4,4),(3,3),(-3.65037318948713E-17,1.93762257107796E-5),
(0.,1.),.PIECEWISE_BEZIER_KNOTS.)
GEOMETRIC_REPRESENTATION_ITEM()
RATIONAL_B_SPLINE_SURFACE(((1.,0.994331037336377,1.),(1.,0.994103359609807,
1.),(1.,0.993839334155503,1.),(1.,0.993544718850426,1.)))
REPRESENTATION_ITEM('')
SURFACE()
);
#53=(
BOUNDED_SURFACE()
B_SPLINE_SURFACE(3,2,((#2923,#2924,#2925),(#2926,#2927,#2928),(#2929,#2930,
#2931),(#2932,#2933,#2934)),.UNSPECIFIED.,.F.,.F.,.F.)
B_SPLINE_SURFACE_WITH_KNOTS((4,4),(3,3),(2.84603070277445E-17,0.000167264447269396),
(0.,1.),.PIECEWISE_BEZIER_KNOTS.)
GEOMETRIC_REPRESENTATION_ITEM()
RATIONAL_B_SPLINE_SURFACE(((1.,0.994331037336376,1.),(1.,0.998135449618437,
1.),(1.,1.00000000582478,1.),(1.,1.,1.)))
REPRESENTATION_ITEM('')
SURFACE()
);
#54=CYLINDRICAL_SURFACE('',#1599,1.);
#55=CYLINDRICAL_SURFACE('',#1601,1.);
#56=CYLINDRICAL_SURFACE('',#1604,1.);
#57=CYLINDRICAL_SURFACE('',#1606,1.);
#58=CYLINDRICAL_SURFACE('',#1608,1.);
#59=CYLINDRICAL_SURFACE('',#1612,3.6);
#60=CYLINDRICAL_SURFACE('',#1618,3.);
#61=CYLINDRICAL_SURFACE('',#1622,3.);
#62=CYLINDRICAL_SURFACE('',#1624,3.);
#63=CYLINDRICAL_SURFACE('',#1628,3.6);
#64=CYLINDRICAL_SURFACE('',#1634,3.);
#65=CYLINDRICAL_SURFACE('',#1638,3.);
#66=CYLINDRICAL_SURFACE('',#1641,3.);
#67=CYLINDRICAL_SURFACE('',#1651,3.);
#68=CYLINDRICAL_SURFACE('',#1656,3.);
#69=CYLINDRICAL_SURFACE('',#1659,3.);
#70=CYLINDRICAL_SURFACE('',#1664,3.);
#71=CYLINDRICAL_SURFACE('',#1667,3.);
#72=CYLINDRICAL_SURFACE('',#1669,3.);
#73=CYLINDRICAL_SURFACE('',#1671,3.);
#74=CYLINDRICAL_SURFACE('',#1673,3.);
#75=CYLINDRICAL_SURFACE('',#1678,0.4);
#76=CYLINDRICAL_SURFACE('',#1682,0.4);
#77=CYLINDRICAL_SURFACE('',#1685,0.4);
#78=CYLINDRICAL_SURFACE('',#1690,0.4);
#79=CYLINDRICAL_SURFACE('',#1693,0.4);
#80=CYLINDRICAL_SURFACE('',#1696,0.4);
#81=CYLINDRICAL_SURFACE('',#1701,0.4);
#82=CYLINDRICAL_SURFACE('',#1704,0.4);
#83=CYLINDRICAL_SURFACE('',#1708,0.4);
#84=CYLINDRICAL_SURFACE('',#1712,2.2);
#85=CYLINDRICAL_SURFACE('',#1715,1.7);
#86=CYLINDRICAL_SURFACE('',#1718,1.7);
#87=SPHERICAL_SURFACE('',#1589,1.);
#88=SPHERICAL_SURFACE('',#1594,1.);
#89=ELLIPSE('',#1581,3.09521464383185,2.6);
#90=ELLIPSE('',#1582,10.3923048454136,6.);
#91=ELLIPSE('',#1583,10.3923048454114,6.);
#92=ELLIPSE('',#1584,3.09521464383184,2.6);
#93=ELLIPSE('',#1587,4.5254833995939,3.2);
#94=ELLIPSE('',#1588,4.5254833995939,3.2);
#95=ELLIPSE('',#1605,6.8639154395042,1.);
#96=ELLIPSE('',#1607,6.86391543956872,1.);
#97=ELLIPSE('',#1611,8.52295136509626,2.6);
#98=ELLIPSE('',#1613,4.81663783151692,3.6);
#99=ELLIPSE('',#1614,3.64965751817893,3.6);
#100=ELLIPSE('',#1616,0.848528137423857,0.6);
#101=ELLIPSE('',#1617,0.848528137423857,0.6);
#102=ELLIPSE('',#1623,9.00000000000044,3.);
#103=ELLIPSE('',#1625,8.99999999999789,3.);
#104=ELLIPSE('',#1627,3.64965751817893,3.6);
#105=ELLIPSE('',#1629,4.81663783151692,3.6);
#106=ELLIPSE('',#1631,8.52295136515697,2.6);
#107=ELLIPSE('',#1635,4.94402509470253,3.);
#108=ELLIPSE('',#1642,4.94402509472452,3.);
#109=ELLIPSE('',#1644,5.19647805126374,3.4);
#110=ELLIPSE('',#1646,5.19647805124282,3.4);
#111=ELLIPSE('',#1648,7.88120137800476,4.);
#112=ELLIPSE('',#1650,7.88120137806096,4.);
#113=ELLIPSE('',#1668,3.43807412534854,3.);
#114=ELLIPSE('',#1670,3.43807412534855,3.);
#115=ELLIPSE('',#1672,8.65336350627871,3.);
#116=ELLIPSE('',#1674,8.65336350633851,3.);
#117=LINE('',#2204,#206);
#118=LINE('',#2218,#207);
#119=LINE('',#2222,#208);
#120=LINE('',#2226,#209);
#121=LINE('',#2228,#210);
#122=LINE('',#2232,#211);
#123=LINE('',#2236,#212);
#124=LINE('',#2238,#213);
#125=LINE('',#2242,#214);
#126=LINE('',#2246,#215);
#127=LINE('',#2248,#216);
#128=LINE('',#2251,#217);
#129=LINE('',#2255,#218);
#130=LINE('',#2259,#219);
#131=LINE('',#2261,#220);
#132=LINE('',#2268,#221);
#133=LINE('',#2293,#222);
#134=LINE('',#2295,#223);
#135=LINE('',#2307,#224);
#136=LINE('',#2309,#225);
#137=LINE('',#2311,#226);
#138=LINE('',#2313,#227);
#139=LINE('',#2315,#228);
#140=LINE('',#2327,#229);
#141=LINE('',#2328,#230);
#142=LINE('',#2330,#231);
#143=LINE('',#2332,#232);
#144=LINE('',#2334,#233);
#145=LINE('',#2349,#234);
#146=LINE('',#2352,#235);
#147=LINE('',#2354,#236);
#148=LINE('',#2356,#237);
#149=LINE('',#2361,#238);
#150=LINE('',#2363,#239);
#151=LINE('',#2365,#240);
#152=LINE('',#2367,#241);
#153=LINE('',#2372,#242);
#154=LINE('',#2375,#243);
#155=LINE('',#2377,#244);
#156=LINE('',#2381,#245);
#157=LINE('',#2403,#246);
#158=LINE('',#2424,#247);
#159=LINE('',#2426,#248);
#160=LINE('',#2430,#249);
#161=LINE('',#2432,#250);
#162=LINE('',#2435,#251);
#163=LINE('',#2437,#252);
#164=LINE('',#2439,#253);
#165=LINE('',#2441,#254);
#166=LINE('',#2444,#255);
#167=LINE('',#2446,#256);
#168=LINE('',#2448,#257);
#169=LINE('',#2499,#258);
#170=LINE('',#2504,#259);
#171=LINE('',#2506,#260);
#172=LINE('',#2508,#261);
#173=LINE('',#2510,#262);
#174=LINE('',#2513,#263);
#175=LINE('',#2517,#264);
#176=LINE('',#2519,#265);
#177=LINE('',#2521,#266);
#178=LINE('',#2524,#267);
#179=LINE('',#2528,#268);
#180=LINE('',#2530,#269);
#181=LINE('',#2535,#270);
#182=LINE('',#2537,#271);
#183=LINE('',#2539,#272);
#184=LINE('',#2541,#273);
#185=LINE('',#2954,#274);
#186=LINE('',#2956,#275);
#187=LINE('',#2958,#276);
#188=LINE('',#2960,#277);
#189=LINE('',#2964,#278);
#190=LINE('',#2966,#279);
#191=LINE('',#2968,#280);
#192=LINE('',#2972,#281);
#193=LINE('',#2974,#282);
#194=LINE('',#3026,#283);
#195=LINE('',#3051,#284);
#196=LINE('',#3058,#285);
#197=LINE('',#3060,#286);
#198=LINE('',#3062,#287);
#199=LINE('',#3066,#288);
#200=LINE('',#3068,#289);
#201=LINE('',#3070,#290);
#202=LINE('',#3074,#291);
#203=LINE('',#3076,#292);
#204=LINE('',#3116,#293);
#205=LINE('',#3185,#294);
#206=VECTOR('',#1758,1000.);
#207=VECTOR('',#1759,1000.);
#208=VECTOR('',#1762,1000.);
#209=VECTOR('',#1765,1000.);
#210=VECTOR('',#1766,1000.);
#211=VECTOR('',#1769,1000.);
#212=VECTOR('',#1772,1000.);
#213=VECTOR('',#1773,1000.);
#214=VECTOR('',#1776,1000.);
#215=VECTOR('',#1779,1000.);
#216=VECTOR('',#1782,1000.);
#217=VECTOR('',#1783,1000.);
#218=VECTOR('',#1786,1000.);
#219=VECTOR('',#1789,1000.);
#220=VECTOR('',#1790,1000.);
#221=VECTOR('',#1791,1000.);
#222=VECTOR('',#1814,1000.);
#223=VECTOR('',#1815,1000.);
#224=VECTOR('',#1818,1000.);
#225=VECTOR('',#1819,1000.);
#226=VECTOR('',#1820,1000.);
#227=VECTOR('',#1823,1000.);
#228=VECTOR('',#1824,1000.);
#229=VECTOR('',#1827,1000.);
#230=VECTOR('',#1828,1000.);
#231=VECTOR('',#1831,1000.);
#232=VECTOR('',#1832,1000.);
#233=VECTOR('',#1833,1000.);
#234=VECTOR('',#1846,1000.);
#235=VECTOR('',#1847,1000.);
#236=VECTOR('',#1848,1000.);
#237=VECTOR('',#1849,1000.);
#238=VECTOR('',#1854,1000.);
#239=VECTOR('',#1855,1000.);
#240=VECTOR('',#1856,1000.);
#241=VECTOR('',#1857,1000.);
#242=VECTOR('',#1866,1000.);
#243=VECTOR('',#1867,1000.);
#244=VECTOR('',#1868,1000.);
#245=VECTOR('',#1871,1000.);
#246=VECTOR('',#1888,1000.);
#247=VECTOR('',#1899,1000.);
#248=VECTOR('',#1902,1000.);
#249=VECTOR('',#1905,1000.);
#250=VECTOR('',#1908,1000.);
#251=VECTOR('',#1909,1000.);
#252=VECTOR('',#1910,1000.);
#253=VECTOR('',#1911,1000.);
#254=VECTOR('',#1914,1000.);
#255=VECTOR('',#1915,1000.);
#256=VECTOR('',#1916,1000.);
#257=VECTOR('',#1917,1000.);
#258=VECTOR('',#1938,1000.);
#259=VECTOR('',#1941,1000.);
#260=VECTOR('',#1942,1000.);
#261=VECTOR('',#1943,1000.);
#262=VECTOR('',#1946,1000.);
#263=VECTOR('',#1947,1000.);
#264=VECTOR('',#1950,1000.);
#265=VECTOR('',#1951,1000.);
#266=VECTOR('',#1954,1000.);
#267=VECTOR('',#1955,1000.);
#268=VECTOR('',#1958,1000.);
#269=VECTOR('',#1959,1000.);
#270=VECTOR('',#1964,1000.);
#271=VECTOR('',#1965,1000.);
#272=VECTOR('',#1966,1000.);
#273=VECTOR('',#1967,1000.);
#274=VECTOR('',#2116,1000.);
#275=VECTOR('',#2117,1000.);
#276=VECTOR('',#2118,1000.);
#277=VECTOR('',#2121,1000.);
#278=VECTOR('',#2126,1000.);
#279=VECTOR('',#2127,1000.);
#280=VECTOR('',#2130,1000.);
#281=VECTOR('',#2135,1000.);
#282=VECTOR('',#2136,1000.);
#283=VECTOR('',#2139,1000.);
#284=VECTOR('',#2140,1000.);
#285=VECTOR('',#2143,1000.);
#286=VECTOR('',#2144,1000.);
#287=VECTOR('',#2147,1000.);
#288=VECTOR('',#2152,1000.);
#289=VECTOR('',#2153,1000.);
#290=VECTOR('',#2156,1000.);
#291=VECTOR('',#2161,1000.);
#292=VECTOR('',#2162,1000.);
#293=VECTOR('',#2165,1000.);
#294=VECTOR('',#2168,1000.);
#295=B_SPLINE_CURVE_WITH_KNOTS('',3,(#2191,#2192,#2193,#2194,#2195,#2196),
 .UNSPECIFIED.,.F.,.F.,(4,1,1,4),(0.,0.0017741077320053,0.00354821546401061,
0.00709643092802122),.UNSPECIFIED.);
#296=B_SPLINE_CURVE_WITH_KNOTS('',3,(#2199,#2200,#2201,#2202),
 .UNSPECIFIED.,.F.,.F.,(4,4),(1.73472347597681E-18,1.93762257257148E-5),
 .UNSPECIFIED.);
#297=B_SPLINE_CURVE_WITH_KNOTS('',3,(#2206,#2207,#2208,#2209),
 .UNSPECIFIED.,.F.,.F.,(4,4),(2.0304417714389E-17,1.93762257095178E-5),
 .UNSPECIFIED.);
#298=B_SPLINE_CURVE_WITH_KNOTS('',3,(#2211,#2212,#2213,#2214,#2215,#2216),
 .UNSPECIFIED.,.F.,.F.,(4,1,1,4),(0.,0.00355867247418305,0.00533800871127458,
0.00711734494836611),.UNSPECIFIED.);
#299=B_SPLINE_CURVE_WITH_KNOTS('',3,(#2263,#2264,#2265,#2266),
 .UNSPECIFIED.,.F.,.F.,(4,4),(0.,1.),.UNSPECIFIED.);
#300=B_SPLINE_CURVE_WITH_KNOTS('',3,(#2270,#2271,#2272,#2273),
 .UNSPECIFIED.,.F.,.F.,(4,4),(0.,1.),.UNSPECIFIED.);
#301=B_SPLINE_CURVE_WITH_KNOTS('',3,(#2297,#2298,#2299,#2300,#2301,#2302,
#2303,#2304,#2305),.UNSPECIFIED.,.F.,.F.,(4,1,1,1,1,1,4),(0.,0.25,0.375,
0.5,0.625,0.75,1.),.UNSPECIFIED.);
#302=B_SPLINE_CURVE_WITH_KNOTS('',3,(#2317,#2318,#2319,#2320,#2321,#2322,
#2323,#2324,#2325),.UNSPECIFIED.,.F.,.F.,(4,1,1,1,1,1,4),(0.,0.25,0.375,
0.5,0.625,0.75,1.),.UNSPECIFIED.);
#303=B_SPLINE_CURVE_WITH_KNOTS('',3,(#2340,#2341,#2342,#2343),
 .UNSPECIFIED.,.F.,.F.,(4,4),(5.20417042793042E-18,0.000264193449953001),
 .UNSPECIFIED.);
#304=B_SPLINE_CURVE_WITH_KNOTS('',3,(#2344,#2345,#2346,#2347),
 .UNSPECIFIED.,.F.,.F.,(4,4),(1.27475620829111E-17,0.00026419344999386),
 .UNSPECIFIED.);
#305=B_SPLINE_CURVE_WITH_KNOTS('',3,(#2450,#2451,#2452,#2453),
 .UNSPECIFIED.,.F.,.F.,(4,4),(0.,0.00230186777973231),.UNSPECIFIED.);
#306=B_SPLINE_CURVE_WITH_KNOTS('',3,(#2494,#2495,#2496,#2497),
 .UNSPECIFIED.,.F.,.F.,(4,4),(0.,0.00229997024166973),.UNSPECIFIED.);
#307=B_SPLINE_CURVE_WITH_KNOTS('',3,(#2569,#2570,#2571,#2572,#2573,#2574,
#2575),.UNSPECIFIED.,.F.,.F.,(4,1,1,1,4),(0.,0.00172334727176535,0.00344669454353071,
0.00517004181529606,0.00689338908706142),.UNSPECIFIED.);
#308=B_SPLINE_CURVE_WITH_KNOTS('',3,(#2579,#2580,#2581,#2582),
 .UNSPECIFIED.,.F.,.F.,(4,4),(4.56472961290666E-16,2.98393213758998E-5),
 .UNSPECIFIED.);
#309=B_SPLINE_CURVE_WITH_KNOTS('',3,(#2584,#2585,#2586,#2587),
 .UNSPECIFIED.,.F.,.F.,(4,4),(1.11076499342709E-17,0.000264063427574212),
 .UNSPECIFIED.);
#310=B_SPLINE_CURVE_WITH_KNOTS('',3,(#2620,#2621,#2622,#2623,#2624,#2625,
#2626),.UNSPECIFIED.,.F.,.F.,(4,1,1,1,4),(0.,0.0017353719368765,0.00347074387375301,
0.00520611581062951,0.00694148774750602),.UNSPECIFIED.);
#311=B_SPLINE_CURVE_WITH_KNOTS('',3,(#2628,#2629,#2630,#2631),
 .UNSPECIFIED.,.F.,.F.,(4,4),(1.2509268882771E-17,0.000264063427602936),
 .UNSPECIFIED.);
#312=B_SPLINE_CURVE_WITH_KNOTS('',3,(#2633,#2634,#2635,#2636),
 .UNSPECIFIED.,.F.,.F.,(4,4),(0.,2.98393213965467E-5),.UNSPECIFIED.);
#313=B_SPLINE_CURVE_WITH_KNOTS('',3,(#2642,#2643,#2644,#2645,#2646,#2647,
#2648,#2649,#2650,#2651,#2652),.UNSPECIFIED.,.F.,.F.,(4,1,1,1,1,1,1,1,4),
(0.,0.25,0.375,0.4375,0.5,0.5625,0.625,0.75,1.),.UNSPECIFIED.);
#314=B_SPLINE_CURVE_WITH_KNOTS('',3,(#2655,#2656,#2657,#2658,#2659,#2660,
#2661,#2662,#2663,#2664,#2665),.UNSPECIFIED.,.F.,.F.,(4,1,1,1,1,1,1,1,4),
(0.,0.25,0.375,0.4375,0.5,0.5625,0.625,0.75,1.),.UNSPECIFIED.);
#315=B_SPLINE_CURVE_WITH_KNOTS('',3,(#2669,#2670,#2671,#2672),
 .UNSPECIFIED.,.F.,.F.,(4,4),(0.,0.00251395418764155),.UNSPECIFIED.);
#316=B_SPLINE_CURVE_WITH_KNOTS('',3,(#2673,#2674,#2675,#2676),
 .UNSPECIFIED.,.F.,.F.,(4,4),(0.,1.),.UNSPECIFIED.);
#317=B_SPLINE_CURVE_WITH_KNOTS('',3,(#2678,#2679,#2680,#2681),
 .UNSPECIFIED.,.F.,.F.,(4,4),(3.66158172814966E-16,0.00251754469398475),
 .UNSPECIFIED.);
#318=B_SPLINE_CURVE_WITH_KNOTS('',3,(#2684,#2685,#2686,#2687),
 .UNSPECIFIED.,.F.,.F.,(4,4),(0.,1.),.UNSPECIFIED.);
#319=B_SPLINE_CURVE_WITH_KNOTS('',3,(#3011,#3012,#3013,#3014),
 .UNSPECIFIED.,.F.,.F.,(4,4),(0.,1.),.UNSPECIFIED.);
#320=B_SPLINE_CURVE_WITH_KNOTS('',3,(#3016,#3017,#3018,#3019),
 .UNSPECIFIED.,.F.,.F.,(4,4),(0.,0.000818378545907015),.UNSPECIFIED.);
#321=B_SPLINE_CURVE_WITH_KNOTS('',3,(#3021,#3022,#3023,#3024),
 .UNSPECIFIED.,.F.,.F.,(4,4),(0.,1.),.UNSPECIFIED.);
#322=B_SPLINE_CURVE_WITH_KNOTS('',3,(#3053,#3054,#3055,#3056),
 .UNSPECIFIED.,.F.,.F.,(4,4),(0.,0.000818125722833622),.UNSPECIFIED.);
#323=B_SPLINE_CURVE_WITH_KNOTS('',3,(#3101,#3102,#3103,#3104),
 .UNSPECIFIED.,.F.,.F.,(4,4),(0.,1.),.UNSPECIFIED.);
#324=B_SPLINE_CURVE_WITH_KNOTS('',3,(#3106,#3107,#3108,#3109),
 .UNSPECIFIED.,.F.,.F.,(4,4),(0.,0.0027372976114237),.UNSPECIFIED.);
#325=B_SPLINE_CURVE_WITH_KNOTS('',3,(#3111,#3112,#3113,#3114),
 .UNSPECIFIED.,.F.,.F.,(4,4),(0.,1.),.UNSPECIFIED.);
#326=B_SPLINE_CURVE_WITH_KNOTS('',3,(#3141,#3142,#3143,#3144,#3145),
 .UNSPECIFIED.,.F.,.F.,(4,1,4),(0.,0.00107773960587355,0.0021554792117471),
 .UNSPECIFIED.);
#327=B_SPLINE_CURVE_WITH_KNOTS('',3,(#3170,#3171,#3172,#3173),
 .UNSPECIFIED.,.F.,.F.,(4,4),(0.,1.),.UNSPECIFIED.);
#328=B_SPLINE_CURVE_WITH_KNOTS('',3,(#3175,#3176,#3177,#3178),
 .UNSPECIFIED.,.F.,.F.,(4,4),(0.,0.00216578871487951),.UNSPECIFIED.);
#329=B_SPLINE_CURVE_WITH_KNOTS('',3,(#3180,#3181,#3182,#3183),
 .UNSPECIFIED.,.F.,.F.,(4,4),(0.,1.),.UNSPECIFIED.);
#330=B_SPLINE_CURVE_WITH_KNOTS('',3,(#3211,#3212,#3213,#3214),
 .UNSPECIFIED.,.F.,.F.,(4,4),(0.,0.00274044824403385),.UNSPECIFIED.);
#331=ORIENTED_EDGE('',*,*,#777,.T.);
#332=ORIENTED_EDGE('',*,*,#778,.T.);
#333=ORIENTED_EDGE('',*,*,#779,.T.);
#334=ORIENTED_EDGE('',*,*,#780,.T.);
#335=ORIENTED_EDGE('',*,*,#781,.T.);
#336=ORIENTED_EDGE('',*,*,#782,.F.);
#337=ORIENTED_EDGE('',*,*,#783,.T.);
#338=ORIENTED_EDGE('',*,*,#784,.T.);
#339=ORIENTED_EDGE('',*,*,#785,.T.);
#340=ORIENTED_EDGE('',*,*,#786,.T.);
#341=ORIENTED_EDGE('',*,*,#787,.T.);
#342=ORIENTED_EDGE('',*,*,#788,.T.);
#343=ORIENTED_EDGE('',*,*,#789,.T.);
#344=ORIENTED_EDGE('',*,*,#790,.T.);
#345=ORIENTED_EDGE('',*,*,#791,.T.);
#346=ORIENTED_EDGE('',*,*,#792,.T.);
#347=ORIENTED_EDGE('',*,*,#793,.T.);
#348=ORIENTED_EDGE('',*,*,#794,.T.);
#349=ORIENTED_EDGE('',*,*,#795,.T.);
#350=ORIENTED_EDGE('',*,*,#796,.T.);
#351=ORIENTED_EDGE('',*,*,#797,.T.);
#352=ORIENTED_EDGE('',*,*,#798,.T.);
#353=ORIENTED_EDGE('',*,*,#799,.T.);
#354=ORIENTED_EDGE('',*,*,#800,.T.);
#355=ORIENTED_EDGE('',*,*,#801,.T.);
#356=ORIENTED_EDGE('',*,*,#802,.T.);
#357=ORIENTED_EDGE('',*,*,#803,.T.);
#358=ORIENTED_EDGE('',*,*,#804,.T.);
#359=ORIENTED_EDGE('',*,*,#805,.T.);
#360=ORIENTED_EDGE('',*,*,#806,.T.);
#361=ORIENTED_EDGE('',*,*,#807,.F.);
#362=ORIENTED_EDGE('',*,*,#808,.T.);
#363=ORIENTED_EDGE('',*,*,#809,.T.);
#364=ORIENTED_EDGE('',*,*,#810,.T.);
#365=ORIENTED_EDGE('',*,*,#811,.T.);
#366=ORIENTED_EDGE('',*,*,#812,.T.);
#367=ORIENTED_EDGE('',*,*,#813,.F.);
#368=ORIENTED_EDGE('',*,*,#814,.T.);
#369=ORIENTED_EDGE('',*,*,#815,.T.);
#370=ORIENTED_EDGE('',*,*,#816,.T.);
#371=ORIENTED_EDGE('',*,*,#817,.F.);
#372=ORIENTED_EDGE('',*,*,#818,.T.);
#373=ORIENTED_EDGE('',*,*,#813,.T.);
#374=ORIENTED_EDGE('',*,*,#819,.T.);
#375=ORIENTED_EDGE('',*,*,#820,.F.);
#376=ORIENTED_EDGE('',*,*,#821,.F.);
#377=ORIENTED_EDGE('',*,*,#822,.T.);
#378=ORIENTED_EDGE('',*,*,#823,.T.);
#379=ORIENTED_EDGE('',*,*,#819,.F.);
#380=ORIENTED_EDGE('',*,*,#824,.T.);
#381=ORIENTED_EDGE('',*,*,#817,.T.);
#382=ORIENTED_EDGE('',*,*,#825,.T.);
#383=ORIENTED_EDGE('',*,*,#826,.F.);
#384=ORIENTED_EDGE('',*,*,#825,.F.);
#385=ORIENTED_EDGE('',*,*,#827,.F.);
#386=ORIENTED_EDGE('',*,*,#818,.F.);
#387=ORIENTED_EDGE('',*,*,#828,.F.);
#388=ORIENTED_EDGE('',*,*,#829,.T.);
#389=ORIENTED_EDGE('',*,*,#830,.T.);
#390=ORIENTED_EDGE('',*,*,#831,.T.);
#391=ORIENTED_EDGE('',*,*,#824,.F.);
#392=ORIENTED_EDGE('',*,*,#831,.F.);
#393=ORIENTED_EDGE('',*,*,#832,.T.);
#394=ORIENTED_EDGE('',*,*,#814,.F.);
#395=ORIENTED_EDGE('',*,*,#812,.F.);
#396=ORIENTED_EDGE('',*,*,#833,.T.);
#397=ORIENTED_EDGE('',*,*,#821,.T.);
#398=ORIENTED_EDGE('',*,*,#816,.F.);
#399=ORIENTED_EDGE('',*,*,#834,.T.);
#400=ORIENTED_EDGE('',*,*,#782,.T.);
#401=ORIENTED_EDGE('',*,*,#835,.T.);
#402=ORIENTED_EDGE('',*,*,#810,.F.);
#403=ORIENTED_EDGE('',*,*,#827,.T.);
#404=ORIENTED_EDGE('',*,*,#836,.F.);
#405=ORIENTED_EDGE('',*,*,#837,.T.);
#406=ORIENTED_EDGE('',*,*,#838,.T.);
#407=ORIENTED_EDGE('',*,*,#839,.F.);
#408=ORIENTED_EDGE('',*,*,#840,.T.);
#409=ORIENTED_EDGE('',*,*,#841,.T.);
#410=ORIENTED_EDGE('',*,*,#842,.F.);
#411=ORIENTED_EDGE('',*,*,#843,.F.);
#412=ORIENTED_EDGE('',*,*,#844,.T.);
#413=ORIENTED_EDGE('',*,*,#842,.T.);
#414=ORIENTED_EDGE('',*,*,#845,.T.);
#415=ORIENTED_EDGE('',*,*,#836,.T.);
#416=ORIENTED_EDGE('',*,*,#846,.F.);
#417=ORIENTED_EDGE('',*,*,#847,.T.);
#418=ORIENTED_EDGE('',*,*,#848,.T.);
#419=ORIENTED_EDGE('',*,*,#849,.F.);
#420=ORIENTED_EDGE('',*,*,#850,.F.);
#421=ORIENTED_EDGE('',*,*,#851,.F.);
#422=ORIENTED_EDGE('',*,*,#852,.T.);
#423=ORIENTED_EDGE('',*,*,#851,.T.);
#424=ORIENTED_EDGE('',*,*,#853,.F.);
#425=ORIENTED_EDGE('',*,*,#839,.T.);
#426=ORIENTED_EDGE('',*,*,#854,.T.);
#427=ORIENTED_EDGE('',*,*,#855,.F.);
#428=ORIENTED_EDGE('',*,*,#846,.T.);
#429=ORIENTED_EDGE('',*,*,#853,.T.);
#430=ORIENTED_EDGE('',*,*,#850,.T.);
#431=ORIENTED_EDGE('',*,*,#849,.T.);
#432=ORIENTED_EDGE('',*,*,#856,.T.);
#433=ORIENTED_EDGE('',*,*,#843,.T.);
#434=ORIENTED_EDGE('',*,*,#855,.T.);
#435=ORIENTED_EDGE('',*,*,#857,.F.);
#436=ORIENTED_EDGE('',*,*,#858,.T.);
#437=ORIENTED_EDGE('',*,*,#847,.F.);
#438=ORIENTED_EDGE('',*,*,#859,.F.);
#439=ORIENTED_EDGE('',*,*,#859,.T.);
#440=ORIENTED_EDGE('',*,*,#852,.F.);
#441=ORIENTED_EDGE('',*,*,#854,.F.);
#442=ORIENTED_EDGE('',*,*,#860,.F.);
#443=ORIENTED_EDGE('',*,*,#838,.F.);
#444=ORIENTED_EDGE('',*,*,#861,.T.);
#445=ORIENTED_EDGE('',*,*,#862,.F.);
#446=ORIENTED_EDGE('',*,*,#860,.T.);
#447=ORIENTED_EDGE('',*,*,#863,.T.);
#448=ORIENTED_EDGE('',*,*,#864,.T.);
#449=ORIENTED_EDGE('',*,*,#865,.T.);
#450=ORIENTED_EDGE('',*,*,#857,.T.);
#451=ORIENTED_EDGE('',*,*,#862,.T.);
#452=ORIENTED_EDGE('',*,*,#866,.T.);
#453=ORIENTED_EDGE('',*,*,#867,.T.);
#454=ORIENTED_EDGE('',*,*,#868,.T.);
#455=ORIENTED_EDGE('',*,*,#869,.F.);
#456=ORIENTED_EDGE('',*,*,#870,.T.);
#457=ORIENTED_EDGE('',*,*,#871,.T.);
#458=ORIENTED_EDGE('',*,*,#872,.T.);
#459=ORIENTED_EDGE('',*,*,#873,.T.);
#460=ORIENTED_EDGE('',*,*,#874,.T.);
#461=ORIENTED_EDGE('',*,*,#875,.T.);
#462=ORIENTED_EDGE('',*,*,#794,.F.);
#463=ORIENTED_EDGE('',*,*,#876,.F.);
#464=ORIENTED_EDGE('',*,*,#865,.F.);
#465=ORIENTED_EDGE('',*,*,#876,.T.);
#466=ORIENTED_EDGE('',*,*,#793,.F.);
#467=ORIENTED_EDGE('',*,*,#877,.F.);
#468=ORIENTED_EDGE('',*,*,#858,.F.);
#469=ORIENTED_EDGE('',*,*,#877,.T.);
#470=ORIENTED_EDGE('',*,*,#792,.F.);
#471=ORIENTED_EDGE('',*,*,#878,.F.);
#472=ORIENTED_EDGE('',*,*,#848,.F.);
#473=ORIENTED_EDGE('',*,*,#878,.T.);
#474=ORIENTED_EDGE('',*,*,#791,.F.);
#475=ORIENTED_EDGE('',*,*,#879,.F.);
#476=ORIENTED_EDGE('',*,*,#856,.F.);
#477=ORIENTED_EDGE('',*,*,#880,.T.);
#478=ORIENTED_EDGE('',*,*,#881,.T.);
#479=ORIENTED_EDGE('',*,*,#844,.F.);
#480=ORIENTED_EDGE('',*,*,#879,.T.);
#481=ORIENTED_EDGE('',*,*,#790,.F.);
#482=ORIENTED_EDGE('',*,*,#882,.T.);
#483=ORIENTED_EDGE('',*,*,#883,.T.);
#484=ORIENTED_EDGE('',*,*,#884,.T.);
#485=ORIENTED_EDGE('',*,*,#885,.T.);
#486=ORIENTED_EDGE('',*,*,#886,.T.);
#487=ORIENTED_EDGE('',*,*,#887,.T.);
#488=ORIENTED_EDGE('',*,*,#888,.T.);
#489=ORIENTED_EDGE('',*,*,#889,.T.);
#490=ORIENTED_EDGE('',*,*,#890,.T.);
#491=ORIENTED_EDGE('',*,*,#891,.T.);
#492=ORIENTED_EDGE('',*,*,#892,.T.);
#493=ORIENTED_EDGE('',*,*,#893,.T.);
#494=ORIENTED_EDGE('',*,*,#894,.T.);
#495=ORIENTED_EDGE('',*,*,#895,.T.);
#496=ORIENTED_EDGE('',*,*,#896,.T.);
#497=ORIENTED_EDGE('',*,*,#897,.T.);
#498=ORIENTED_EDGE('',*,*,#898,.T.);
#499=ORIENTED_EDGE('',*,*,#899,.T.);
#500=ORIENTED_EDGE('',*,*,#900,.F.);
#501=ORIENTED_EDGE('',*,*,#901,.T.);
#502=ORIENTED_EDGE('',*,*,#902,.F.);
#503=ORIENTED_EDGE('',*,*,#895,.F.);
#504=ORIENTED_EDGE('',*,*,#903,.F.);
#505=ORIENTED_EDGE('',*,*,#830,.F.);
#506=ORIENTED_EDGE('',*,*,#894,.F.);
#507=ORIENTED_EDGE('',*,*,#904,.T.);
#508=ORIENTED_EDGE('',*,*,#905,.F.);
#509=ORIENTED_EDGE('',*,*,#832,.F.);
#510=ORIENTED_EDGE('',*,*,#903,.T.);
#511=ORIENTED_EDGE('',*,*,#906,.T.);
#512=ORIENTED_EDGE('',*,*,#907,.T.);
#513=ORIENTED_EDGE('',*,*,#815,.F.);
#514=ORIENTED_EDGE('',*,*,#905,.T.);
#515=ORIENTED_EDGE('',*,*,#872,.F.);
#516=ORIENTED_EDGE('',*,*,#908,.T.);
#517=ORIENTED_EDGE('',*,*,#892,.F.);
#518=ORIENTED_EDGE('',*,*,#909,.F.);
#519=ORIENTED_EDGE('',*,*,#910,.F.);
#520=ORIENTED_EDGE('',*,*,#822,.F.);
#521=ORIENTED_EDGE('',*,*,#911,.F.);
#522=ORIENTED_EDGE('',*,*,#901,.F.);
#523=ORIENTED_EDGE('',*,*,#912,.F.);
#524=ORIENTED_EDGE('',*,*,#913,.T.);
#525=ORIENTED_EDGE('',*,*,#897,.F.);
#526=ORIENTED_EDGE('',*,*,#911,.T.);
#527=ORIENTED_EDGE('',*,*,#833,.F.);
#528=ORIENTED_EDGE('',*,*,#811,.F.);
#529=ORIENTED_EDGE('',*,*,#914,.T.);
#530=ORIENTED_EDGE('',*,*,#915,.T.);
#531=ORIENTED_EDGE('',*,*,#912,.T.);
#532=ORIENTED_EDGE('',*,*,#899,.F.);
#533=ORIENTED_EDGE('',*,*,#916,.T.);
#534=ORIENTED_EDGE('',*,*,#866,.F.);
#535=ORIENTED_EDGE('',*,*,#917,.F.);
#536=ORIENTED_EDGE('',*,*,#868,.F.);
#537=ORIENTED_EDGE('',*,*,#918,.T.);
#538=ORIENTED_EDGE('',*,*,#887,.F.);
#539=ORIENTED_EDGE('',*,*,#919,.F.);
#540=ORIENTED_EDGE('',*,*,#885,.F.);
#541=ORIENTED_EDGE('',*,*,#920,.T.);
#542=ORIENTED_EDGE('',*,*,#870,.F.);
#543=ORIENTED_EDGE('',*,*,#921,.F.);
#544=ORIENTED_EDGE('',*,*,#806,.F.);
#545=ORIENTED_EDGE('',*,*,#922,.T.);
#546=ORIENTED_EDGE('',*,*,#923,.T.);
#547=ORIENTED_EDGE('',*,*,#882,.F.);
#548=ORIENTED_EDGE('',*,*,#924,.F.);
#549=ORIENTED_EDGE('',*,*,#890,.F.);
#550=ORIENTED_EDGE('',*,*,#925,.T.);
#551=ORIENTED_EDGE('',*,*,#926,.T.);
#552=ORIENTED_EDGE('',*,*,#800,.F.);
#553=ORIENTED_EDGE('',*,*,#927,.F.);
#554=ORIENTED_EDGE('',*,*,#914,.F.);
#555=ORIENTED_EDGE('',*,*,#835,.F.);
#556=ORIENTED_EDGE('',*,*,#928,.F.);
#557=ORIENTED_EDGE('',*,*,#928,.T.);
#558=ORIENTED_EDGE('',*,*,#781,.F.);
#559=ORIENTED_EDGE('',*,*,#929,.F.);
#560=ORIENTED_EDGE('',*,*,#915,.F.);
#561=ORIENTED_EDGE('',*,*,#929,.T.);
#562=ORIENTED_EDGE('',*,*,#780,.F.);
#563=ORIENTED_EDGE('',*,*,#930,.F.);
#564=ORIENTED_EDGE('',*,*,#913,.F.);
#565=ORIENTED_EDGE('',*,*,#930,.T.);
#566=ORIENTED_EDGE('',*,*,#799,.F.);
#567=ORIENTED_EDGE('',*,*,#931,.F.);
#568=ORIENTED_EDGE('',*,*,#898,.F.);
#569=ORIENTED_EDGE('',*,*,#931,.T.);
#570=ORIENTED_EDGE('',*,*,#798,.F.);
#571=ORIENTED_EDGE('',*,*,#932,.F.);
#572=ORIENTED_EDGE('',*,*,#916,.F.);
#573=ORIENTED_EDGE('',*,*,#932,.T.);
#574=ORIENTED_EDGE('',*,*,#797,.F.);
#575=ORIENTED_EDGE('',*,*,#933,.F.);
#576=ORIENTED_EDGE('',*,*,#867,.F.);
#577=ORIENTED_EDGE('',*,*,#933,.T.);
#578=ORIENTED_EDGE('',*,*,#796,.F.);
#579=ORIENTED_EDGE('',*,*,#934,.F.);
#580=ORIENTED_EDGE('',*,*,#918,.F.);
#581=ORIENTED_EDGE('',*,*,#934,.T.);
#582=ORIENTED_EDGE('',*,*,#795,.F.);
#583=ORIENTED_EDGE('',*,*,#935,.F.);
#584=ORIENTED_EDGE('',*,*,#888,.F.);
#585=ORIENTED_EDGE('',*,*,#935,.T.);
#586=ORIENTED_EDGE('',*,*,#875,.F.);
#587=ORIENTED_EDGE('',*,*,#936,.F.);
#588=ORIENTED_EDGE('',*,*,#889,.F.);
#589=ORIENTED_EDGE('',*,*,#936,.T.);
#590=ORIENTED_EDGE('',*,*,#874,.F.);
#591=ORIENTED_EDGE('',*,*,#937,.F.);
#592=ORIENTED_EDGE('',*,*,#925,.F.);
#593=ORIENTED_EDGE('',*,*,#937,.T.);
#594=ORIENTED_EDGE('',*,*,#864,.F.);
#595=ORIENTED_EDGE('',*,*,#938,.F.);
#596=ORIENTED_EDGE('',*,*,#926,.F.);
#597=ORIENTED_EDGE('',*,*,#938,.T.);
#598=ORIENTED_EDGE('',*,*,#863,.F.);
#599=ORIENTED_EDGE('',*,*,#939,.F.);
#600=ORIENTED_EDGE('',*,*,#801,.F.);
#601=ORIENTED_EDGE('',*,*,#939,.T.);
#602=ORIENTED_EDGE('',*,*,#861,.F.);
#603=ORIENTED_EDGE('',*,*,#940,.F.);
#604=ORIENTED_EDGE('',*,*,#802,.F.);
#605=ORIENTED_EDGE('',*,*,#940,.T.);
#606=ORIENTED_EDGE('',*,*,#837,.F.);
#607=ORIENTED_EDGE('',*,*,#941,.F.);
#608=ORIENTED_EDGE('',*,*,#803,.F.);
#609=ORIENTED_EDGE('',*,*,#941,.T.);
#610=ORIENTED_EDGE('',*,*,#845,.F.);
#611=ORIENTED_EDGE('',*,*,#942,.F.);
#612=ORIENTED_EDGE('',*,*,#804,.F.);
#613=ORIENTED_EDGE('',*,*,#942,.T.);
#614=ORIENTED_EDGE('',*,*,#841,.F.);
#615=ORIENTED_EDGE('',*,*,#943,.F.);
#616=ORIENTED_EDGE('',*,*,#805,.F.);
#617=ORIENTED_EDGE('',*,*,#943,.T.);
#618=ORIENTED_EDGE('',*,*,#840,.F.);
#619=ORIENTED_EDGE('',*,*,#944,.F.);
#620=ORIENTED_EDGE('',*,*,#922,.F.);
#621=ORIENTED_EDGE('',*,*,#944,.T.);
#622=ORIENTED_EDGE('',*,*,#881,.F.);
#623=ORIENTED_EDGE('',*,*,#945,.F.);
#624=ORIENTED_EDGE('',*,*,#923,.F.);
#625=ORIENTED_EDGE('',*,*,#945,.T.);
#626=ORIENTED_EDGE('',*,*,#880,.F.);
#627=ORIENTED_EDGE('',*,*,#946,.F.);
#628=ORIENTED_EDGE('',*,*,#883,.F.);
#629=ORIENTED_EDGE('',*,*,#946,.T.);
#630=ORIENTED_EDGE('',*,*,#789,.F.);
#631=ORIENTED_EDGE('',*,*,#947,.F.);
#632=ORIENTED_EDGE('',*,*,#884,.F.);
#633=ORIENTED_EDGE('',*,*,#947,.T.);
#634=ORIENTED_EDGE('',*,*,#788,.F.);
#635=ORIENTED_EDGE('',*,*,#948,.F.);
#636=ORIENTED_EDGE('',*,*,#920,.F.);
#637=ORIENTED_EDGE('',*,*,#948,.T.);
#638=ORIENTED_EDGE('',*,*,#787,.F.);
#639=ORIENTED_EDGE('',*,*,#949,.F.);
#640=ORIENTED_EDGE('',*,*,#871,.F.);
#641=ORIENTED_EDGE('',*,*,#949,.T.);
#642=ORIENTED_EDGE('',*,*,#786,.F.);
#643=ORIENTED_EDGE('',*,*,#950,.F.);
#644=ORIENTED_EDGE('',*,*,#908,.F.);
#645=ORIENTED_EDGE('',*,*,#950,.T.);
#646=ORIENTED_EDGE('',*,*,#785,.F.);
#647=ORIENTED_EDGE('',*,*,#951,.F.);
#648=ORIENTED_EDGE('',*,*,#893,.F.);
#649=ORIENTED_EDGE('',*,*,#951,.T.);
#650=ORIENTED_EDGE('',*,*,#784,.F.);
#651=ORIENTED_EDGE('',*,*,#952,.F.);
#652=ORIENTED_EDGE('',*,*,#904,.F.);
#653=ORIENTED_EDGE('',*,*,#952,.T.);
#654=ORIENTED_EDGE('',*,*,#783,.F.);
#655=ORIENTED_EDGE('',*,*,#953,.F.);
#656=ORIENTED_EDGE('',*,*,#906,.F.);
#657=ORIENTED_EDGE('',*,*,#834,.F.);
#658=ORIENTED_EDGE('',*,*,#907,.F.);
#659=ORIENTED_EDGE('',*,*,#953,.T.);
#660=ORIENTED_EDGE('',*,*,#954,.T.);
#661=ORIENTED_EDGE('',*,*,#955,.T.);
#662=ORIENTED_EDGE('',*,*,#956,.T.);
#663=ORIENTED_EDGE('',*,*,#957,.T.);
#664=ORIENTED_EDGE('',*,*,#958,.T.);
#665=ORIENTED_EDGE('',*,*,#959,.T.);
#666=ORIENTED_EDGE('',*,*,#958,.F.);
#667=ORIENTED_EDGE('',*,*,#777,.F.);
#668=ORIENTED_EDGE('',*,*,#956,.F.);
#669=ORIENTED_EDGE('',*,*,#778,.F.);
#670=ORIENTED_EDGE('',*,*,#954,.F.);
#671=ORIENTED_EDGE('',*,*,#779,.F.);
#672=ORIENTED_EDGE('',*,*,#873,.F.);
#673=ORIENTED_EDGE('',*,*,#960,.F.);
#674=ORIENTED_EDGE('',*,*,#961,.T.);
#675=ORIENTED_EDGE('',*,*,#962,.T.);
#676=ORIENTED_EDGE('',*,*,#909,.T.);
#677=ORIENTED_EDGE('',*,*,#963,.F.);
#678=ORIENTED_EDGE('',*,*,#964,.F.);
#679=ORIENTED_EDGE('',*,*,#960,.T.);
#680=ORIENTED_EDGE('',*,*,#896,.F.);
#681=ORIENTED_EDGE('',*,*,#965,.F.);
#682=ORIENTED_EDGE('',*,*,#966,.T.);
#683=ORIENTED_EDGE('',*,*,#963,.T.);
#684=ORIENTED_EDGE('',*,*,#902,.T.);
#685=ORIENTED_EDGE('',*,*,#967,.F.);
#686=ORIENTED_EDGE('',*,*,#968,.F.);
#687=ORIENTED_EDGE('',*,*,#965,.T.);
#688=ORIENTED_EDGE('',*,*,#829,.F.);
#689=ORIENTED_EDGE('',*,*,#969,.F.);
#690=ORIENTED_EDGE('',*,*,#970,.T.);
#691=ORIENTED_EDGE('',*,*,#967,.T.);
#692=ORIENTED_EDGE('',*,*,#826,.T.);
#693=ORIENTED_EDGE('',*,*,#971,.F.);
#694=ORIENTED_EDGE('',*,*,#972,.F.);
#695=ORIENTED_EDGE('',*,*,#969,.T.);
#696=ORIENTED_EDGE('',*,*,#828,.T.);
#697=ORIENTED_EDGE('',*,*,#973,.F.);
#698=ORIENTED_EDGE('',*,*,#974,.F.);
#699=ORIENTED_EDGE('',*,*,#971,.T.);
#700=ORIENTED_EDGE('',*,*,#820,.T.);
#701=ORIENTED_EDGE('',*,*,#975,.F.);
#702=ORIENTED_EDGE('',*,*,#976,.F.);
#703=ORIENTED_EDGE('',*,*,#973,.T.);
#704=ORIENTED_EDGE('',*,*,#823,.F.);
#705=ORIENTED_EDGE('',*,*,#977,.F.);
#706=ORIENTED_EDGE('',*,*,#978,.T.);
#707=ORIENTED_EDGE('',*,*,#975,.T.);
#708=ORIENTED_EDGE('',*,*,#910,.T.);
#709=ORIENTED_EDGE('',*,*,#979,.F.);
#710=ORIENTED_EDGE('',*,*,#980,.F.);
#711=ORIENTED_EDGE('',*,*,#977,.T.);
#712=ORIENTED_EDGE('',*,*,#900,.T.);
#713=ORIENTED_EDGE('',*,*,#981,.F.);
#714=ORIENTED_EDGE('',*,*,#982,.F.);
#715=ORIENTED_EDGE('',*,*,#979,.T.);
#716=ORIENTED_EDGE('',*,*,#917,.T.);
#717=ORIENTED_EDGE('',*,*,#983,.F.);
#718=ORIENTED_EDGE('',*,*,#984,.F.);
#719=ORIENTED_EDGE('',*,*,#981,.T.);
#720=ORIENTED_EDGE('',*,*,#869,.T.);
#721=ORIENTED_EDGE('',*,*,#985,.F.);
#722=ORIENTED_EDGE('',*,*,#986,.F.);
#723=ORIENTED_EDGE('',*,*,#983,.T.);
#724=ORIENTED_EDGE('',*,*,#919,.T.);
#725=ORIENTED_EDGE('',*,*,#987,.F.);
#726=ORIENTED_EDGE('',*,*,#988,.F.);
#727=ORIENTED_EDGE('',*,*,#985,.T.);
#728=ORIENTED_EDGE('',*,*,#891,.F.);
#729=ORIENTED_EDGE('',*,*,#989,.F.);
#730=ORIENTED_EDGE('',*,*,#990,.T.);
#731=ORIENTED_EDGE('',*,*,#987,.T.);
#732=ORIENTED_EDGE('',*,*,#927,.T.);
#733=ORIENTED_EDGE('',*,*,#809,.F.);
#734=ORIENTED_EDGE('',*,*,#991,.F.);
#735=ORIENTED_EDGE('',*,*,#989,.T.);
#736=ORIENTED_EDGE('',*,*,#924,.T.);
#737=ORIENTED_EDGE('',*,*,#992,.F.);
#738=ORIENTED_EDGE('',*,*,#993,.F.);
#739=ORIENTED_EDGE('',*,*,#807,.T.);
#740=ORIENTED_EDGE('',*,*,#886,.F.);
#741=ORIENTED_EDGE('',*,*,#994,.F.);
#742=ORIENTED_EDGE('',*,*,#995,.T.);
#743=ORIENTED_EDGE('',*,*,#992,.T.);
#744=ORIENTED_EDGE('',*,*,#996,.T.);
#745=ORIENTED_EDGE('',*,*,#955,.F.);
#746=ORIENTED_EDGE('',*,*,#997,.T.);
#747=ORIENTED_EDGE('',*,*,#957,.F.);
#748=ORIENTED_EDGE('',*,*,#998,.T.);
#749=ORIENTED_EDGE('',*,*,#959,.F.);
#750=ORIENTED_EDGE('',*,*,#921,.T.);
#751=ORIENTED_EDGE('',*,*,#962,.F.);
#752=ORIENTED_EDGE('',*,*,#999,.F.);
#753=ORIENTED_EDGE('',*,*,#994,.T.);
#754=ORIENTED_EDGE('',*,*,#998,.F.);
#755=ORIENTED_EDGE('',*,*,#997,.F.);
#756=ORIENTED_EDGE('',*,*,#996,.F.);
#757=ORIENTED_EDGE('',*,*,#961,.F.);
#758=ORIENTED_EDGE('',*,*,#964,.T.);
#759=ORIENTED_EDGE('',*,*,#966,.F.);
#760=ORIENTED_EDGE('',*,*,#968,.T.);
#761=ORIENTED_EDGE('',*,*,#970,.F.);
#762=ORIENTED_EDGE('',*,*,#972,.T.);
#763=ORIENTED_EDGE('',*,*,#974,.T.);
#764=ORIENTED_EDGE('',*,*,#976,.T.);
#765=ORIENTED_EDGE('',*,*,#978,.F.);
#766=ORIENTED_EDGE('',*,*,#980,.T.);
#767=ORIENTED_EDGE('',*,*,#982,.T.);
#768=ORIENTED_EDGE('',*,*,#984,.T.);
#769=ORIENTED_EDGE('',*,*,#986,.T.);
#770=ORIENTED_EDGE('',*,*,#988,.T.);
#771=ORIENTED_EDGE('',*,*,#990,.F.);
#772=ORIENTED_EDGE('',*,*,#991,.T.);
#773=ORIENTED_EDGE('',*,*,#808,.F.);
#774=ORIENTED_EDGE('',*,*,#993,.T.);
#775=ORIENTED_EDGE('',*,*,#995,.F.);
#776=ORIENTED_EDGE('',*,*,#999,.T.);
#777=EDGE_CURVE('',#1000,#1000,#1132,.T.);
#778=EDGE_CURVE('',#1001,#1001,#1133,.T.);
#779=EDGE_CURVE('',#1002,#1002,#1134,.T.);
#780=EDGE_CURVE('',#1003,#1004,#295,.T.);
#781=EDGE_CURVE('',#1004,#1005,#296,.T.);
#782=EDGE_CURVE('',#1006,#1005,#117,.F.);
#783=EDGE_CURVE('',#1006,#1007,#297,.T.);
#784=EDGE_CURVE('',#1007,#1008,#298,.T.);
#785=EDGE_CURVE('',#1008,#1009,#118,.T.);
#786=EDGE_CURVE('',#1009,#1010,#1135,.F.);
#787=EDGE_CURVE('',#1010,#1011,#119,.T.);
#788=EDGE_CURVE('',#1011,#1012,#89,.F.);
#789=EDGE_CURVE('',#1012,#1013,#120,.T.);
#790=EDGE_CURVE('',#1013,#1014,#121,.T.);
#791=EDGE_CURVE('',#1014,#1015,#90,.T.);
#792=EDGE_CURVE('',#1015,#1016,#122,.T.);
#793=EDGE_CURVE('',#1016,#1017,#91,.T.);
#794=EDGE_CURVE('',#1017,#1018,#123,.F.);
#795=EDGE_CURVE('',#1018,#1019,#124,.T.);
#796=EDGE_CURVE('',#1019,#1020,#92,.F.);
#797=EDGE_CURVE('',#1020,#1021,#125,.F.);
#798=EDGE_CURVE('',#1021,#1022,#1136,.F.);
#799=EDGE_CURVE('',#1022,#1003,#126,.F.);
#800=EDGE_CURVE('',#1023,#1024,#127,.T.);
#801=EDGE_CURVE('',#1024,#1025,#128,.F.);
#802=EDGE_CURVE('',#1025,#1026,#93,.F.);
#803=EDGE_CURVE('',#1026,#1027,#129,.F.);
#804=EDGE_CURVE('',#1027,#1028,#94,.F.);
#805=EDGE_CURVE('',#1028,#1029,#130,.F.);
#806=EDGE_CURVE('',#1029,#1030,#131,.T.);
#807=EDGE_CURVE('',#1031,#1030,#299,.F.);
#808=EDGE_CURVE('',#1031,#1032,#132,.T.);
#809=EDGE_CURVE('',#1032,#1023,#300,.T.);
#810=EDGE_CURVE('',#1033,#1034,#1137,.F.);
#811=EDGE_CURVE('',#1034,#1035,#1138,.F.);
#812=EDGE_CURVE('',#1035,#1036,#1139,.F.);
#813=EDGE_CURVE('',#1033,#1036,#1140,.F.);
#814=EDGE_CURVE('',#1037,#1038,#1141,.F.);
#815=EDGE_CURVE('',#1038,#1039,#1142,.F.);
#816=EDGE_CURVE('',#1039,#1040,#1143,.T.);
#817=EDGE_CURVE('',#1037,#1040,#1144,.F.);
#818=EDGE_CURVE('',#1041,#1033,#133,.T.);
#819=EDGE_CURVE('',#1036,#1042,#134,.F.);
#820=EDGE_CURVE('',#1041,#1042,#301,.F.);
#821=EDGE_CURVE('',#1043,#1036,#135,.T.);
#822=EDGE_CURVE('',#1043,#1044,#136,.T.);
#823=EDGE_CURVE('',#1044,#1042,#137,.T.);
#824=EDGE_CURVE('',#1045,#1037,#138,.T.);
#825=EDGE_CURVE('',#1040,#1046,#139,.F.);
#826=EDGE_CURVE('',#1045,#1046,#302,.F.);
#827=EDGE_CURVE('',#1033,#1040,#140,.T.);
#828=EDGE_CURVE('',#1046,#1041,#141,.T.);
#829=EDGE_CURVE('',#1045,#1047,#142,.T.);
#830=EDGE_CURVE('',#1047,#1048,#143,.F.);
#831=EDGE_CURVE('',#1048,#1037,#144,.T.);
#832=EDGE_CURVE('',#1048,#1038,#95,.T.);
#833=EDGE_CURVE('',#1035,#1043,#96,.F.);
#834=EDGE_CURVE('',#1039,#1006,#303,.F.);
#835=EDGE_CURVE('',#1005,#1034,#304,.T.);
#836=EDGE_CURVE('',#1049,#1050,#145,.F.);
#837=EDGE_CURVE('',#1049,#1051,#146,.T.);
#838=EDGE_CURVE('',#1051,#1052,#147,.F.);
#839=EDGE_CURVE('',#1050,#1052,#148,.T.);
#840=EDGE_CURVE('',#1053,#1054,#97,.F.);
#841=EDGE_CURVE('',#1054,#1055,#149,.T.);
#842=EDGE_CURVE('',#1056,#1055,#150,.T.);
#843=EDGE_CURVE('',#1057,#1056,#151,.F.);
#844=EDGE_CURVE('',#1057,#1053,#152,.F.);
#845=EDGE_CURVE('',#1055,#1049,#98,.F.);
#846=EDGE_CURVE('',#1056,#1050,#99,.F.);
#847=EDGE_CURVE('',#1058,#1059,#153,.F.);
#848=EDGE_CURVE('',#1059,#1060,#154,.T.);
#849=EDGE_CURVE('',#1061,#1060,#155,.F.);
#850=EDGE_CURVE('',#1062,#1061,#100,.F.);
#851=EDGE_CURVE('',#1063,#1062,#156,.T.);
#852=EDGE_CURVE('',#1063,#1058,#101,.T.);
#853=EDGE_CURVE('',#1050,#1062,#1145,.F.);
#854=EDGE_CURVE('',#1052,#1063,#1146,.F.);
#855=EDGE_CURVE('',#1056,#1061,#1147,.F.);
#856=EDGE_CURVE('',#1060,#1057,#102,.T.);
#857=EDGE_CURVE('',#1064,#1065,#157,.F.);
#858=EDGE_CURVE('',#1064,#1059,#103,.T.);
#859=EDGE_CURVE('',#1065,#1058,#1148,.T.);
#860=EDGE_CURVE('',#1065,#1052,#104,.T.);
#861=EDGE_CURVE('',#1051,#1066,#105,.F.);
#862=EDGE_CURVE('',#1065,#1066,#158,.T.);
#863=EDGE_CURVE('',#1066,#1067,#159,.T.);
#864=EDGE_CURVE('',#1067,#1068,#106,.F.);
#865=EDGE_CURVE('',#1068,#1064,#160,.T.);
#866=EDGE_CURVE('',#1069,#1070,#161,.F.);
#867=EDGE_CURVE('',#1070,#1071,#162,.T.);
#868=EDGE_CURVE('',#1071,#1072,#163,.F.);
#869=EDGE_CURVE('',#1069,#1072,#164,.T.);
#870=EDGE_CURVE('',#1073,#1074,#165,.T.);
#871=EDGE_CURVE('',#1074,#1075,#166,.F.);
#872=EDGE_CURVE('',#1075,#1076,#167,.T.);
#873=EDGE_CURVE('',#1076,#1073,#168,.T.);
#874=EDGE_CURVE('',#1068,#1077,#305,.T.);
#875=EDGE_CURVE('',#1077,#1018,#107,.T.);
#876=EDGE_CURVE('',#1064,#1017,#1149,.T.);
#877=EDGE_CURVE('',#1059,#1016,#1150,.T.);
#878=EDGE_CURVE('',#1060,#1015,#1151,.T.);
#879=EDGE_CURVE('',#1057,#1014,#1152,.T.);
#880=EDGE_CURVE('',#1013,#1078,#108,.T.);
#881=EDGE_CURVE('',#1078,#1053,#306,.T.);
#882=EDGE_CURVE('',#1079,#1080,#169,.F.);
#883=EDGE_CURVE('',#1080,#1081,#109,.T.);
#884=EDGE_CURVE('',#1081,#1082,#170,.F.);
#885=EDGE_CURVE('',#1082,#1083,#171,.F.);
#886=EDGE_CURVE('',#1083,#1079,#172,.T.);
#887=EDGE_CURVE('',#1084,#1085,#173,.T.);
#888=EDGE_CURVE('',#1085,#1086,#174,.F.);
#889=EDGE_CURVE('',#1086,#1087,#110,.T.);
#890=EDGE_CURVE('',#1087,#1088,#175,.F.);
#891=EDGE_CURVE('',#1088,#1084,#176,.T.);
#892=EDGE_CURVE('',#1089,#1090,#177,.F.);
#893=EDGE_CURVE('',#1090,#1091,#178,.F.);
#894=EDGE_CURVE('',#1091,#1092,#111,.T.);
#895=EDGE_CURVE('',#1092,#1093,#179,.T.);
#896=EDGE_CURVE('',#1093,#1089,#180,.T.);
#897=EDGE_CURVE('',#1094,#1095,#112,.F.);
#898=EDGE_CURVE('',#1095,#1096,#181,.T.);
#899=EDGE_CURVE('',#1096,#1097,#182,.T.);
#900=EDGE_CURVE('',#1098,#1097,#183,.T.);
#901=EDGE_CURVE('',#1098,#1094,#184,.F.);
#902=EDGE_CURVE('',#1093,#1047,#1153,.F.);
#903=EDGE_CURVE('',#1048,#1092,#1154,.T.);
#904=EDGE_CURVE('',#1091,#1099,#307,.T.);
#905=EDGE_CURVE('',#1038,#1099,#1155,.T.);
#906=EDGE_CURVE('',#1099,#1100,#308,.T.);
#907=EDGE_CURVE('',#1100,#1039,#309,.T.);
#908=EDGE_CURVE('',#1075,#1090,#1156,.T.);
#909=EDGE_CURVE('',#1076,#1089,#1157,.T.);
#910=EDGE_CURVE('',#1044,#1098,#1158,.F.);
#911=EDGE_CURVE('',#1094,#1043,#1159,.T.);
#912=EDGE_CURVE('',#1101,#1035,#1160,.T.);
#913=EDGE_CURVE('',#1101,#1095,#310,.T.);
#914=EDGE_CURVE('',#1034,#1102,#311,.F.);
#915=EDGE_CURVE('',#1102,#1101,#312,.T.);
#916=EDGE_CURVE('',#1096,#1070,#1161,.T.);
#917=EDGE_CURVE('',#1097,#1069,#1162,.T.);
#918=EDGE_CURVE('',#1071,#1085,#113,.F.);
#919=EDGE_CURVE('',#1072,#1084,#313,.F.);
#920=EDGE_CURVE('',#1082,#1074,#114,.F.);
#921=EDGE_CURVE('',#1083,#1073,#314,.F.);
#922=EDGE_CURVE('',#1029,#1103,#115,.F.);
#923=EDGE_CURVE('',#1103,#1080,#315,.T.);
#924=EDGE_CURVE('',#1030,#1079,#316,.F.);
#925=EDGE_CURVE('',#1087,#1104,#317,.T.);
#926=EDGE_CURVE('',#1104,#1024,#116,.F.);
#927=EDGE_CURVE('',#1088,#1023,#318,.F.);
#928=EDGE_CURVE('',#1102,#1005,#1163,.T.);
#929=EDGE_CURVE('',#1101,#1004,#1164,.T.);
#930=EDGE_CURVE('',#1095,#1003,#1165,.T.);
#931=EDGE_CURVE('',#1096,#1022,#1166,.T.);
#932=EDGE_CURVE('',#1070,#1021,#1167,.T.);
#933=EDGE_CURVE('',#1071,#1020,#1168,.T.);
#934=EDGE_CURVE('',#1085,#1019,#1169,.T.);
#935=EDGE_CURVE('',#1086,#1018,#1170,.T.);
#936=EDGE_CURVE('',#1087,#1077,#1171,.T.);
#937=EDGE_CURVE('',#1104,#1068,#1172,.T.);
#938=EDGE_CURVE('',#1024,#1067,#1173,.T.);
#939=EDGE_CURVE('',#1025,#1066,#1174,.T.);
#940=EDGE_CURVE('',#1026,#1051,#1175,.T.);
#941=EDGE_CURVE('',#1027,#1049,#1176,.T.);
#942=EDGE_CURVE('',#1028,#1055,#1177,.T.);
#943=EDGE_CURVE('',#1029,#1054,#1178,.T.);
#944=EDGE_CURVE('',#1103,#1053,#1179,.T.);
#945=EDGE_CURVE('',#1080,#1078,#1180,.T.);
#946=EDGE_CURVE('',#1081,#1013,#1181,.T.);
#947=EDGE_CURVE('',#1082,#1012,#1182,.T.);
#948=EDGE_CURVE('',#1074,#1011,#1183,.T.);
#949=EDGE_CURVE('',#1075,#1010,#1184,.T.);
#950=EDGE_CURVE('',#1090,#1009,#1185,.T.);
#951=EDGE_CURVE('',#1091,#1008,#1186,.T.);
#952=EDGE_CURVE('',#1099,#1007,#1187,.T.);
#953=EDGE_CURVE('',#1100,#1006,#1188,.T.);
#954=EDGE_CURVE('',#1105,#1105,#1189,.F.);
#955=EDGE_CURVE('',#1106,#1106,#1190,.T.);
#956=EDGE_CURVE('',#1107,#1107,#1191,.F.);
#957=EDGE_CURVE('',#1108,#1108,#1192,.T.);
#958=EDGE_CURVE('',#1109,#1109,#1193,.F.);
#959=EDGE_CURVE('',#1110,#1110,#1194,.T.);
#960=EDGE_CURVE('',#1111,#1076,#185,.T.);
#961=EDGE_CURVE('',#1111,#1112,#186,.T.);
#962=EDGE_CURVE('',#1112,#1073,#187,.T.);
#963=EDGE_CURVE('',#1113,#1089,#188,.T.);
#964=EDGE_CURVE('',#1111,#1113,#1195,.T.);
#965=EDGE_CURVE('',#1114,#1093,#189,.T.);
#966=EDGE_CURVE('',#1114,#1113,#190,.T.);
#967=EDGE_CURVE('',#1115,#1047,#191,.T.);
#968=EDGE_CURVE('',#1114,#1115,#1196,.F.);
#969=EDGE_CURVE('',#1116,#1045,#192,.T.);
#970=EDGE_CURVE('',#1116,#1115,#193,.T.);
#971=EDGE_CURVE('',#1117,#1046,#319,.T.);
#972=EDGE_CURVE('',#1116,#1117,#320,.T.);
#973=EDGE_CURVE('',#1118,#1041,#321,.F.);
#974=EDGE_CURVE('',#1117,#1118,#194,.F.);
#975=EDGE_CURVE('',#1119,#1042,#195,.T.);
#976=EDGE_CURVE('',#1118,#1119,#322,.T.);
#977=EDGE_CURVE('',#1120,#1044,#196,.T.);
#978=EDGE_CURVE('',#1120,#1119,#197,.T.);
#979=EDGE_CURVE('',#1121,#1098,#198,.T.);
#980=EDGE_CURVE('',#1120,#1121,#1197,.F.);
#981=EDGE_CURVE('',#1122,#1097,#199,.T.);
#982=EDGE_CURVE('',#1121,#1122,#200,.F.);
#983=EDGE_CURVE('',#1123,#1069,#201,.T.);
#984=EDGE_CURVE('',#1122,#1123,#1198,.T.);
#985=EDGE_CURVE('',#1124,#1072,#202,.T.);
#986=EDGE_CURVE('',#1123,#1124,#203,.F.);
#987=EDGE_CURVE('',#1125,#1084,#323,.T.);
#988=EDGE_CURVE('',#1124,#1125,#324,.T.);
#989=EDGE_CURVE('',#1126,#1088,#325,.F.);
#990=EDGE_CURVE('',#1126,#1125,#204,.T.);
#991=EDGE_CURVE('',#1126,#1032,#326,.T.);
#992=EDGE_CURVE('',#1127,#1079,#327,.T.);
#993=EDGE_CURVE('',#1031,#1127,#328,.T.);
#994=EDGE_CURVE('',#1128,#1083,#329,.F.);
#995=EDGE_CURVE('',#1128,#1127,#205,.T.);
#996=EDGE_CURVE('',#1129,#1129,#1199,.T.);
#997=EDGE_CURVE('',#1130,#1130,#1200,.T.);
#998=EDGE_CURVE('',#1131,#1131,#1201,.T.);
#999=EDGE_CURVE('',#1128,#1112,#330,.T.);
#1000=VERTEX_POINT('',#2186);
#1001=VERTEX_POINT('',#2188);
#1002=VERTEX_POINT('',#2190);
#1003=VERTEX_POINT('',#2197);
#1004=VERTEX_POINT('',#2198);
#1005=VERTEX_POINT('',#2203);
#1006=VERTEX_POINT('',#2205);
#1007=VERTEX_POINT('',#2210);
#1008=VERTEX_POINT('',#2217);
#1009=VERTEX_POINT('',#2219);
#1010=VERTEX_POINT('',#2221);
#1011=VERTEX_POINT('',#2223);
#1012=VERTEX_POINT('',#2225);
#1013=VERTEX_POINT('',#2227);
#1014=VERTEX_POINT('',#2229);
#1015=VERTEX_POINT('',#2231);
#1016=VERTEX_POINT('',#2233);
#1017=VERTEX_POINT('',#2235);
#1018=VERTEX_POINT('',#2237);
#1019=VERTEX_POINT('',#2239);
#1020=VERTEX_POINT('',#2241);
#1021=VERTEX_POINT('',#2243);
#1022=VERTEX_POINT('',#2245);
#1023=VERTEX_POINT('',#2249);
#1024=VERTEX_POINT('',#2250);
#1025=VERTEX_POINT('',#2252);
#1026=VERTEX_POINT('',#2254);
#1027=VERTEX_POINT('',#2256);
#1028=VERTEX_POINT('',#2258);
#1029=VERTEX_POINT('',#2260);
#1030=VERTEX_POINT('',#2262);
#1031=VERTEX_POINT('',#2267);
#1032=VERTEX_POINT('',#2269);
#1033=VERTEX_POINT('',#2276);
#1034=VERTEX_POINT('',#2277);
#1035=VERTEX_POINT('',#2279);
#1036=VERTEX_POINT('',#2281);
#1037=VERTEX_POINT('',#2285);
#1038=VERTEX_POINT('',#2286);
#1039=VERTEX_POINT('',#2288);
#1040=VERTEX_POINT('',#2290);
#1041=VERTEX_POINT('',#2294);
#1042=VERTEX_POINT('',#2296);
#1043=VERTEX_POINT('',#2308);
#1044=VERTEX_POINT('',#2310);
#1045=VERTEX_POINT('',#2314);
#1046=VERTEX_POINT('',#2316);
#1047=VERTEX_POINT('',#2331);
#1048=VERTEX_POINT('',#2333);
#1049=VERTEX_POINT('',#2350);
#1050=VERTEX_POINT('',#2351);
#1051=VERTEX_POINT('',#2353);
#1052=VERTEX_POINT('',#2355);
#1053=VERTEX_POINT('',#2359);
#1054=VERTEX_POINT('',#2360);
#1055=VERTEX_POINT('',#2362);
#1056=VERTEX_POINT('',#2364);
#1057=VERTEX_POINT('',#2366);
#1058=VERTEX_POINT('',#2373);
#1059=VERTEX_POINT('',#2374);
#1060=VERTEX_POINT('',#2376);
#1061=VERTEX_POINT('',#2378);
#1062=VERTEX_POINT('',#2380);
#1063=VERTEX_POINT('',#2382);
#1064=VERTEX_POINT('',#2404);
#1065=VERTEX_POINT('',#2405);
#1066=VERTEX_POINT('',#2423);
#1067=VERTEX_POINT('',#2427);
#1068=VERTEX_POINT('',#2429);
#1069=VERTEX_POINT('',#2433);
#1070=VERTEX_POINT('',#2434);
#1071=VERTEX_POINT('',#2436);
#1072=VERTEX_POINT('',#2438);
#1073=VERTEX_POINT('',#2442);
#1074=VERTEX_POINT('',#2443);
#1075=VERTEX_POINT('',#2445);
#1076=VERTEX_POINT('',#2447);
#1077=VERTEX_POINT('',#2454);
#1078=VERTEX_POINT('',#2493);
#1079=VERTEX_POINT('',#2500);
#1080=VERTEX_POINT('',#2501);
#1081=VERTEX_POINT('',#2503);
#1082=VERTEX_POINT('',#2505);
#1083=VERTEX_POINT('',#2507);
#1084=VERTEX_POINT('',#2511);
#1085=VERTEX_POINT('',#2512);
#1086=VERTEX_POINT('',#2514);
#1087=VERTEX_POINT('',#2516);
#1088=VERTEX_POINT('',#2518);
#1089=VERTEX_POINT('',#2522);
#1090=VERTEX_POINT('',#2523);
#1091=VERTEX_POINT('',#2525);
#1092=VERTEX_POINT('',#2527);
#1093=VERTEX_POINT('',#2529);
#1094=VERTEX_POINT('',#2533);
#1095=VERTEX_POINT('',#2534);
#1096=VERTEX_POINT('',#2536);
#1097=VERTEX_POINT('',#2538);
#1098=VERTEX_POINT('',#2540);
#1099=VERTEX_POINT('',#2576);
#1100=VERTEX_POINT('',#2583);
#1101=VERTEX_POINT('',#2619);
#1102=VERTEX_POINT('',#2632);
#1103=VERTEX_POINT('',#2668);
#1104=VERTEX_POINT('',#2682);
#1105=VERTEX_POINT('',#2937);
#1106=VERTEX_POINT('',#2939);
#1107=VERTEX_POINT('',#2942);
#1108=VERTEX_POINT('',#2944);
#1109=VERTEX_POINT('',#2947);
#1110=VERTEX_POINT('',#2949);
#1111=VERTEX_POINT('',#2955);
#1112=VERTEX_POINT('',#2957);
#1113=VERTEX_POINT('',#2961);
#1114=VERTEX_POINT('',#2965);
#1115=VERTEX_POINT('',#2969);
#1116=VERTEX_POINT('',#2973);
#1117=VERTEX_POINT('',#3015);
#1118=VERTEX_POINT('',#3025);
#1119=VERTEX_POINT('',#3052);
#1120=VERTEX_POINT('',#3059);
#1121=VERTEX_POINT('',#3063);
#1122=VERTEX_POINT('',#3067);
#1123=VERTEX_POINT('',#3071);
#1124=VERTEX_POINT('',#3075);
#1125=VERTEX_POINT('',#3105);
#1126=VERTEX_POINT('',#3115);
#1127=VERTEX_POINT('',#3174);
#1128=VERTEX_POINT('',#3184);
#1129=VERTEX_POINT('',#3188);
#1130=VERTEX_POINT('',#3191);
#1131=VERTEX_POINT('',#3194);
#1132=CIRCLE('',#1577,2.1);
#1133=CIRCLE('',#1578,2.1);
#1134=CIRCLE('',#1579,2.6);
#1135=CIRCLE('',#1580,2.6);
#1136=CIRCLE('',#1585,2.6);
#1137=CIRCLE('',#1590,1.);
#1138=CIRCLE('',#1591,0.983804808831248);
#1139=CIRCLE('',#1592,1.);
#1140=CIRCLE('',#1593,1.);
#1141=CIRCLE('',#1595,1.);
#1142=CIRCLE('',#1596,0.983804808836025);
#1143=CIRCLE('',#1597,1.);
#1144=CIRCLE('',#1598,1.);
#1145=CIRCLE('',#1619,3.);
#1146=CIRCLE('',#1620,3.);
#1147=CIRCLE('',#1621,3.);
#1148=CIRCLE('',#1626,3.);
#1149=CIRCLE('',#1636,3.);
#1150=CIRCLE('',#1637,3.);
#1151=CIRCLE('',#1639,3.);
#1152=CIRCLE('',#1640,3.);
#1153=CIRCLE('',#1652,3.);
#1154=CIRCLE('',#1653,3.);
#1155=CIRCLE('',#1654,3.);
#1156=CIRCLE('',#1657,3.);
#1157=CIRCLE('',#1658,3.);
#1158=CIRCLE('',#1660,3.);
#1159=CIRCLE('',#1661,3.);
#1160=CIRCLE('',#1662,3.);
#1161=CIRCLE('',#1665,3.);
#1162=CIRCLE('',#1666,3.);
#1163=CIRCLE('',#1675,0.4);
#1164=CIRCLE('',#1676,0.4);
#1165=CIRCLE('',#1677,0.4);
#1166=CIRCLE('',#1679,0.4);
#1167=CIRCLE('',#1681,0.4);
#1168=CIRCLE('',#1683,0.4);
#1169=CIRCLE('',#1684,0.4);
#1170=CIRCLE('',#1686,0.4);
#1171=CIRCLE('',#1687,0.4);
#1172=CIRCLE('',#1688,0.4);
#1173=CIRCLE('',#1689,0.4);
#1174=CIRCLE('',#1691,0.4);
#1175=CIRCLE('',#1692,0.4);
#1176=CIRCLE('',#1694,0.4);
#1177=CIRCLE('',#1695,0.4);
#1178=CIRCLE('',#1697,0.4);
#1179=CIRCLE('',#1698,0.4);
#1180=CIRCLE('',#1699,0.4);
#1181=CIRCLE('',#1700,0.4);
#1182=CIRCLE('',#1702,0.4);
#1183=CIRCLE('',#1703,0.4);
#1184=CIRCLE('',#1705,0.4);
#1185=CIRCLE('',#1707,0.4);
#1186=CIRCLE('',#1709,0.4);
#1187=CIRCLE('',#1710,0.4);
#1188=CIRCLE('',#1711,0.4);
#1189=CIRCLE('',#1713,2.2);
#1190=CIRCLE('',#1714,2.2);
#1191=CIRCLE('',#1716,1.7);
#1192=CIRCLE('',#1717,1.7);
#1193=CIRCLE('',#1719,1.7);
#1194=CIRCLE('',#1720,1.7);
#1195=CIRCLE('',#1726,2.6);
#1196=CIRCLE('',#1729,3.4);
#1197=CIRCLE('',#1734,3.4);
#1198=CIRCLE('',#1737,2.6);
#1199=CIRCLE('',#1742,2.6);
#1200=CIRCLE('',#1744,2.1);
#1201=CIRCLE('',#1746,2.1);
#1202=EDGE_LOOP('',(#331));
#1203=EDGE_LOOP('',(#332));
#1204=EDGE_LOOP('',(#333));
#1205=EDGE_LOOP('',(#334,#335,#336,#337,#338,#339,#340,#341,#342,#343,#344,
#345,#346,#347,#348,#349,#350,#351,#352,#353));
#1206=EDGE_LOOP('',(#354,#355,#356,#357,#358,#359,#360,#361,#362,#363));
#1207=EDGE_LOOP('',(#364,#365,#366,#367));
#1208=EDGE_LOOP('',(#368,#369,#370,#371));
#1209=EDGE_LOOP('',(#372,#373,#374,#375));
#1210=EDGE_LOOP('',(#376,#377,#378,#379));
#1211=EDGE_LOOP('',(#380,#381,#382,#383));
#1212=EDGE_LOOP('',(#384,#385,#386,#387));
#1213=EDGE_LOOP('',(#388,#389,#390,#391));
#1214=EDGE_LOOP('',(#392,#393,#394));
#1215=EDGE_LOOP('',(#395,#396,#397));
#1216=EDGE_LOOP('',(#398,#399,#400,#401,#402,#403));
#1217=EDGE_LOOP('',(#404,#405,#406,#407));
#1218=EDGE_LOOP('',(#408,#409,#410,#411,#412));
#1219=EDGE_LOOP('',(#413,#414,#415,#416));
#1220=EDGE_LOOP('',(#417,#418,#419,#420,#421,#422));
#1221=EDGE_LOOP('',(#423,#424,#425,#426));
#1222=EDGE_LOOP('',(#427,#428,#429,#430));
#1223=EDGE_LOOP('',(#431,#432,#433,#434));
#1224=EDGE_LOOP('',(#435,#436,#437,#438));
#1225=EDGE_LOOP('',(#439,#440,#441,#442));
#1226=EDGE_LOOP('',(#443,#444,#445,#446));
#1227=EDGE_LOOP('',(#447,#448,#449,#450,#451));
#1228=EDGE_LOOP('',(#452,#453,#454,#455));
#1229=EDGE_LOOP('',(#456,#457,#458,#459));
#1230=EDGE_LOOP('',(#460,#461,#462,#463,#464));
#1231=EDGE_LOOP('',(#465,#466,#467,#468));
#1232=EDGE_LOOP('',(#469,#470,#471,#472));
#1233=EDGE_LOOP('',(#473,#474,#475,#476));
#1234=EDGE_LOOP('',(#477,#478,#479,#480,#481));
#1235=EDGE_LOOP('',(#482,#483,#484,#485,#486));
#1236=EDGE_LOOP('',(#487,#488,#489,#490,#491));
#1237=EDGE_LOOP('',(#492,#493,#494,#495,#496));
#1238=EDGE_LOOP('',(#497,#498,#499,#500,#501));
#1239=EDGE_LOOP('',(#502,#503,#504,#505));
#1240=EDGE_LOOP('',(#506,#507,#508,#509,#510));
#1241=EDGE_LOOP('',(#511,#512,#513,#514));
#1242=EDGE_LOOP('',(#515,#516,#517,#518));
#1243=EDGE_LOOP('',(#519,#520,#521,#522));
#1244=EDGE_LOOP('',(#523,#524,#525,#526,#527));
#1245=EDGE_LOOP('',(#528,#529,#530,#531));
#1246=EDGE_LOOP('',(#532,#533,#534,#535));
#1247=EDGE_LOOP('',(#536,#537,#538,#539));
#1248=EDGE_LOOP('',(#540,#541,#542,#543));
#1249=EDGE_LOOP('',(#544,#545,#546,#547,#548));
#1250=EDGE_LOOP('',(#549,#550,#551,#552,#553));
#1251=EDGE_LOOP('',(#554,#555,#556));
#1252=EDGE_LOOP('',(#557,#558,#559,#560));
#1253=EDGE_LOOP('',(#561,#562,#563,#564));
#1254=EDGE_LOOP('',(#565,#566,#567,#568));
#1255=EDGE_LOOP('',(#569,#570,#571,#572));
#1256=EDGE_LOOP('',(#573,#574,#575,#576));
#1257=EDGE_LOOP('',(#577,#578,#579,#580));
#1258=EDGE_LOOP('',(#581,#582,#583,#584));
#1259=EDGE_LOOP('',(#585,#586,#587,#588));
#1260=EDGE_LOOP('',(#589,#590,#591,#592));
#1261=EDGE_LOOP('',(#593,#594,#595,#596));
#1262=EDGE_LOOP('',(#597,#598,#599,#600));
#1263=EDGE_LOOP('',(#601,#602,#603,#604));
#1264=EDGE_LOOP('',(#605,#606,#607,#608));
#1265=EDGE_LOOP('',(#609,#610,#611,#612));
#1266=EDGE_LOOP('',(#613,#614,#615,#616));
#1267=EDGE_LOOP('',(#617,#618,#619,#620));
#1268=EDGE_LOOP('',(#621,#622,#623,#624));
#1269=EDGE_LOOP('',(#625,#626,#627,#628));
#1270=EDGE_LOOP('',(#629,#630,#631,#632));
#1271=EDGE_LOOP('',(#633,#634,#635,#636));
#1272=EDGE_LOOP('',(#637,#638,#639,#640));
#1273=EDGE_LOOP('',(#641,#642,#643,#644));
#1274=EDGE_LOOP('',(#645,#646,#647,#648));
#1275=EDGE_LOOP('',(#649,#650,#651,#652));
#1276=EDGE_LOOP('',(#653,#654,#655,#656));
#1277=EDGE_LOOP('',(#657,#658,#659));
#1278=EDGE_LOOP('',(#660));
#1279=EDGE_LOOP('',(#661));
#1280=EDGE_LOOP('',(#662));
#1281=EDGE_LOOP('',(#663));
#1282=EDGE_LOOP('',(#664));
#1283=EDGE_LOOP('',(#665));
#1284=EDGE_LOOP('',(#666));
#1285=EDGE_LOOP('',(#667));
#1286=EDGE_LOOP('',(#668));
#1287=EDGE_LOOP('',(#669));
#1288=EDGE_LOOP('',(#670));
#1289=EDGE_LOOP('',(#671));
#1290=EDGE_LOOP('',(#672,#673,#674,#675));
#1291=EDGE_LOOP('',(#676,#677,#678,#679));
#1292=EDGE_LOOP('',(#680,#681,#682,#683));
#1293=EDGE_LOOP('',(#684,#685,#686,#687));
#1294=EDGE_LOOP('',(#688,#689,#690,#691));
#1295=EDGE_LOOP('',(#692,#693,#694,#695));
#1296=EDGE_LOOP('',(#696,#697,#698,#699));
#1297=EDGE_LOOP('',(#700,#701,#702,#703));
#1298=EDGE_LOOP('',(#704,#705,#706,#707));
#1299=EDGE_LOOP('',(#708,#709,#710,#711));
#1300=EDGE_LOOP('',(#712,#713,#714,#715));
#1301=EDGE_LOOP('',(#716,#717,#718,#719));
#1302=EDGE_LOOP('',(#720,#721,#722,#723));
#1303=EDGE_LOOP('',(#724,#725,#726,#727));
#1304=EDGE_LOOP('',(#728,#729,#730,#731));
#1305=EDGE_LOOP('',(#732,#733,#734,#735));
#1306=EDGE_LOOP('',(#736,#737,#738,#739));
#1307=EDGE_LOOP('',(#740,#741,#742,#743));
#1308=EDGE_LOOP('',(#744));
#1309=EDGE_LOOP('',(#745));
#1310=EDGE_LOOP('',(#746));
#1311=EDGE_LOOP('',(#747));
#1312=EDGE_LOOP('',(#748));
#1313=EDGE_LOOP('',(#749));
#1314=EDGE_LOOP('',(#750,#751,#752,#753));
#1315=EDGE_LOOP('',(#754));
#1316=EDGE_LOOP('',(#755));
#1317=EDGE_LOOP('',(#756));
#1318=EDGE_LOOP('',(#757,#758,#759,#760,#761,#762,#763,#764,#765,#766,#767,
#768,#769,#770,#771,#772,#773,#774,#775,#776));
#1319=FACE_BOUND('',#1202,.T.);
#1320=FACE_BOUND('',#1203,.T.);
#1321=FACE_BOUND('',#1204,.T.);
#1322=FACE_BOUND('',#1205,.T.);
#1323=FACE_BOUND('',#1206,.T.);
#1324=FACE_BOUND('',#1207,.T.);
#1325=FACE_BOUND('',#1208,.T.);
#1326=FACE_BOUND('',#1209,.T.);
#1327=FACE_BOUND('',#1210,.T.);
#1328=FACE_BOUND('',#1211,.T.);
#1329=FACE_BOUND('',#1212,.T.);
#1330=FACE_BOUND('',#1213,.T.);
#1331=FACE_BOUND('',#1214,.T.);
#1332=FACE_BOUND('',#1215,.T.);
#1333=FACE_BOUND('',#1216,.T.);
#1334=FACE_BOUND('',#1217,.T.);
#1335=FACE_BOUND('',#1218,.T.);
#1336=FACE_BOUND('',#1219,.T.);
#1337=FACE_BOUND('',#1220,.T.);
#1338=FACE_BOUND('',#1221,.T.);
#1339=FACE_BOUND('',#1222,.T.);
#1340=FACE_BOUND('',#1223,.T.);
#1341=FACE_BOUND('',#1224,.T.);
#1342=FACE_BOUND('',#1225,.T.);
#1343=FACE_BOUND('',#1226,.T.);
#1344=FACE_BOUND('',#1227,.T.);
#1345=FACE_BOUND('',#1228,.T.);
#1346=FACE_BOUND('',#1229,.T.);
#1347=FACE_BOUND('',#1230,.T.);
#1348=FACE_BOUND('',#1231,.T.);
#1349=FACE_BOUND('',#1232,.T.);
#1350=FACE_BOUND('',#1233,.T.);
#1351=FACE_BOUND('',#1234,.T.);
#1352=FACE_BOUND('',#1235,.T.);
#1353=FACE_BOUND('',#1236,.T.);
#1354=FACE_BOUND('',#1237,.T.);
#1355=FACE_BOUND('',#1238,.T.);
#1356=FACE_BOUND('',#1239,.T.);
#1357=FACE_BOUND('',#1240,.T.);
#1358=FACE_BOUND('',#1241,.T.);
#1359=FACE_BOUND('',#1242,.T.);
#1360=FACE_BOUND('',#1243,.T.);
#1361=FACE_BOUND('',#1244,.T.);
#1362=FACE_BOUND('',#1245,.T.);
#1363=FACE_BOUND('',#1246,.T.);
#1364=FACE_BOUND('',#1247,.T.);
#1365=FACE_BOUND('',#1248,.T.);
#1366=FACE_BOUND('',#1249,.T.);
#1367=FACE_BOUND('',#1250,.T.);
#1368=FACE_BOUND('',#1251,.T.);
#1369=FACE_BOUND('',#1252,.T.);
#1370=FACE_BOUND('',#1253,.T.);
#1371=FACE_BOUND('',#1254,.T.);
#1372=FACE_BOUND('',#1255,.T.);
#1373=FACE_BOUND('',#1256,.T.);
#1374=FACE_BOUND('',#1257,.T.);
#1375=FACE_BOUND('',#1258,.T.);
#1376=FACE_BOUND('',#1259,.T.);
#1377=FACE_BOUND('',#1260,.T.);
#1378=FACE_BOUND('',#1261,.T.);
#1379=FACE_BOUND('',#1262,.T.);
#1380=FACE_BOUND('',#1263,.T.);
#1381=FACE_BOUND('',#1264,.T.);
#1382=FACE_BOUND('',#1265,.T.);
#1383=FACE_BOUND('',#1266,.T.);
#1384=FACE_BOUND('',#1267,.T.);
#1385=FACE_BOUND('',#1268,.T.);
#1386=FACE_BOUND('',#1269,.T.);
#1387=FACE_BOUND('',#1270,.T.);
#1388=FACE_BOUND('',#1271,.T.);
#1389=FACE_BOUND('',#1272,.T.);
#1390=FACE_BOUND('',#1273,.T.);
#1391=FACE_BOUND('',#1274,.T.);
#1392=FACE_BOUND('',#1275,.T.);
#1393=FACE_BOUND('',#1276,.T.);
#1394=FACE_BOUND('',#1277,.T.);
#1395=FACE_BOUND('',#1278,.T.);
#1396=FACE_BOUND('',#1279,.T.);
#1397=FACE_BOUND('',#1280,.T.);
#1398=FACE_BOUND('',#1281,.T.);
#1399=FACE_BOUND('',#1282,.T.);
#1400=FACE_BOUND('',#1283,.T.);
#1401=FACE_BOUND('',#1284,.T.);
#1402=FACE_BOUND('',#1285,.T.);
#1403=FACE_BOUND('',#1286,.T.);
#1404=FACE_BOUND('',#1287,.T.);
#1405=FACE_BOUND('',#1288,.T.);
#1406=FACE_BOUND('',#1289,.T.);
#1407=FACE_BOUND('',#1290,.T.);
#1408=FACE_BOUND('',#1291,.T.);
#1409=FACE_BOUND('',#1292,.T.);
#1410=FACE_BOUND('',#1293,.T.);
#1411=FACE_BOUND('',#1294,.T.);
#1412=FACE_BOUND('',#1295,.T.);
#1413=FACE_BOUND('',#1296,.T.);
#1414=FACE_BOUND('',#1297,.T.);
#1415=FACE_BOUND('',#1298,.T.);
#1416=FACE_BOUND('',#1299,.T.);
#1417=FACE_BOUND('',#1300,.T.);
#1418=FACE_BOUND('',#1301,.T.);
#1419=FACE_BOUND('',#1302,.T.);
#1420=FACE_BOUND('',#1303,.T.);
#1421=FACE_BOUND('',#1304,.T.);
#1422=FACE_BOUND('',#1305,.T.);
#1423=FACE_BOUND('',#1306,.T.);
#1424=FACE_BOUND('',#1307,.T.);
#1425=FACE_BOUND('',#1308,.T.);
#1426=FACE_BOUND('',#1309,.T.);
#1427=FACE_BOUND('',#1310,.T.);
#1428=FACE_BOUND('',#1311,.T.);
#1429=FACE_BOUND('',#1312,.T.);
#1430=FACE_BOUND('',#1313,.T.);
#1431=FACE_BOUND('',#1314,.T.);
#1432=FACE_BOUND('',#1315,.T.);
#1433=FACE_BOUND('',#1316,.T.);
#1434=FACE_BOUND('',#1317,.T.);
#1435=FACE_BOUND('',#1318,.T.);
#1436=PLANE('',#1576);
#1437=PLANE('',#1586);
#1438=PLANE('',#1600);
#1439=PLANE('',#1602);
#1440=PLANE('',#1603);
#1441=PLANE('',#1609);
#1442=PLANE('',#1610);
#1443=PLANE('',#1615);
#1444=PLANE('',#1630);
#1445=PLANE('',#1632);
#1446=PLANE('',#1633);
#1447=PLANE('',#1643);
#1448=PLANE('',#1645);
#1449=PLANE('',#1647);
#1450=PLANE('',#1649);
#1451=PLANE('',#1724);
#1452=PLANE('',#1727);
#1453=PLANE('',#1730);
#1454=PLANE('',#1731);
#1455=PLANE('',#1732);
#1456=PLANE('',#1735);
#1457=PLANE('',#1738);
#1458=PLANE('',#1739);
#1459=PLANE('',#1740);
#1460=PLANE('',#1747);
#1461=ADVANCED_FACE('',(#1319,#1320,#1321,#1322),#1436,.F.);
#1462=ADVANCED_FACE('',(#1323),#1437,.F.);
#1463=ADVANCED_FACE('',(#1324),#87,.T.);
#1464=ADVANCED_FACE('',(#1325),#88,.T.);
#1465=ADVANCED_FACE('',(#1326),#54,.T.);
#1466=ADVANCED_FACE('',(#1327),#1438,.F.);
#1467=ADVANCED_FACE('',(#1328),#55,.T.);
#1468=ADVANCED_FACE('',(#1329),#1439,.T.);
#1469=ADVANCED_FACE('',(#1330),#1440,.F.);
#1470=ADVANCED_FACE('',(#1331),#56,.T.);
#1471=ADVANCED_FACE('',(#1332),#57,.T.);
#1472=ADVANCED_FACE('',(#1333),#58,.T.);
#1473=ADVANCED_FACE('',(#1334),#1441,.F.);
#1474=ADVANCED_FACE('',(#1335),#1442,.F.);
#1475=ADVANCED_FACE('',(#1336),#59,.T.);
#1476=ADVANCED_FACE('',(#1337),#1443,.T.);
#1477=ADVANCED_FACE('',(#1338),#60,.T.);
#1478=ADVANCED_FACE('',(#1339),#32,.T.);
#1479=ADVANCED_FACE('',(#1340),#61,.T.);
#1480=ADVANCED_FACE('',(#1341),#62,.T.);
#1481=ADVANCED_FACE('',(#1342),#33,.T.);
#1482=ADVANCED_FACE('',(#1343),#63,.T.);
#1483=ADVANCED_FACE('',(#1344),#1444,.F.);
#1484=ADVANCED_FACE('',(#1345),#1445,.T.);
#1485=ADVANCED_FACE('',(#1346),#1446,.F.);
#1486=ADVANCED_FACE('',(#1347),#64,.F.);
#1487=ADVANCED_FACE('',(#1348),#34,.F.);
#1488=ADVANCED_FACE('',(#1349),#65,.F.);
#1489=ADVANCED_FACE('',(#1350),#35,.F.);
#1490=ADVANCED_FACE('',(#1351),#66,.F.);
#1491=ADVANCED_FACE('',(#1352),#1447,.F.);
#1492=ADVANCED_FACE('',(#1353),#1448,.F.);
#1493=ADVANCED_FACE('',(#1354),#1449,.F.);
#1494=ADVANCED_FACE('',(#1355),#1450,.T.);
#1495=ADVANCED_FACE('',(#1356),#67,.F.);
#1496=ADVANCED_FACE('',(#1357),#36,.F.);
#1497=ADVANCED_FACE('',(#1358),#28,.F.);
#1498=ADVANCED_FACE('',(#1359),#68,.T.);
#1499=ADVANCED_FACE('',(#1360),#69,.F.);
#1500=ADVANCED_FACE('',(#1361),#37,.F.);
#1501=ADVANCED_FACE('',(#1362),#29,.F.);
#1502=ADVANCED_FACE('',(#1363),#70,.T.);
#1503=ADVANCED_FACE('',(#1364),#71,.T.);
#1504=ADVANCED_FACE('',(#1365),#72,.T.);
#1505=ADVANCED_FACE('',(#1366),#73,.T.);
#1506=ADVANCED_FACE('',(#1367),#74,.T.);
#1507=ADVANCED_FACE('',(#1368),#38,.T.);
#1508=ADVANCED_FACE('',(#1369),#39,.T.);
#1509=ADVANCED_FACE('',(#1370),#40,.T.);
#1510=ADVANCED_FACE('',(#1371),#75,.T.);
#1511=ADVANCED_FACE('',(#1372),#30,.T.);
#1512=ADVANCED_FACE('',(#1373),#76,.T.);
#1513=ADVANCED_FACE('',(#1374),#41,.T.);
#1514=ADVANCED_FACE('',(#1375),#77,.T.);
#1515=ADVANCED_FACE('',(#1376),#42,.T.);
#1516=ADVANCED_FACE('',(#1377),#43,.T.);
#1517=ADVANCED_FACE('',(#1378),#44,.T.);
#1518=ADVANCED_FACE('',(#1379),#78,.T.);
#1519=ADVANCED_FACE('',(#1380),#45,.T.);
#1520=ADVANCED_FACE('',(#1381),#79,.T.);
#1521=ADVANCED_FACE('',(#1382),#46,.T.);
#1522=ADVANCED_FACE('',(#1383),#80,.T.);
#1523=ADVANCED_FACE('',(#1384),#47,.T.);
#1524=ADVANCED_FACE('',(#1385),#48,.T.);
#1525=ADVANCED_FACE('',(#1386),#49,.T.);
#1526=ADVANCED_FACE('',(#1387),#81,.T.);
#1527=ADVANCED_FACE('',(#1388),#50,.T.);
#1528=ADVANCED_FACE('',(#1389),#82,.T.);
#1529=ADVANCED_FACE('',(#1390),#31,.T.);
#1530=ADVANCED_FACE('',(#1391),#83,.T.);
#1531=ADVANCED_FACE('',(#1392),#51,.T.);
#1532=ADVANCED_FACE('',(#1393),#52,.T.);
#1533=ADVANCED_FACE('',(#1394),#53,.T.);
#1534=ADVANCED_FACE('',(#1395,#1396),#84,.F.);
#1535=ADVANCED_FACE('',(#1397,#1398),#85,.F.);
#1536=ADVANCED_FACE('',(#1399,#1400),#86,.F.);
#1537=ADVANCED_FACE('',(#1401,#1402),#18,.F.);
#1538=ADVANCED_FACE('',(#1403,#1404),#19,.F.);
#1539=ADVANCED_FACE('',(#1405,#1406),#20,.F.);
#1540=ADVANCED_FACE('',(#1407),#1451,.T.);
#1541=ADVANCED_FACE('',(#1408),#21,.T.);
#1542=ADVANCED_FACE('',(#1409),#1452,.T.);
#1543=ADVANCED_FACE('',(#1410),#22,.F.);
#1544=ADVANCED_FACE('',(#1411),#1453,.T.);
#1545=ADVANCED_FACE('',(#1412),#12,.F.);
#1546=ADVANCED_FACE('',(#1413),#1454,.T.);
#1547=ADVANCED_FACE('',(#1414),#13,.F.);
#1548=ADVANCED_FACE('',(#1415),#1455,.T.);
#1549=ADVANCED_FACE('',(#1416),#23,.F.);
#1550=ADVANCED_FACE('',(#1417),#1456,.T.);
#1551=ADVANCED_FACE('',(#1418),#24,.T.);
#1552=ADVANCED_FACE('',(#1419),#1457,.T.);
#1553=ADVANCED_FACE('',(#1420),#14,.F.);
#1554=ADVANCED_FACE('',(#1421),#1458,.T.);
#1555=ADVANCED_FACE('',(#1422),#15,.F.);
#1556=ADVANCED_FACE('',(#1423),#16,.F.);
#1557=ADVANCED_FACE('',(#1424),#1459,.T.);
#1558=ADVANCED_FACE('',(#1425,#1426),#25,.F.);
#1559=ADVANCED_FACE('',(#1427,#1428),#26,.F.);
#1560=ADVANCED_FACE('',(#1429,#1430),#27,.F.);
#1561=ADVANCED_FACE('',(#1431),#17,.F.);
#1562=ADVANCED_FACE('',(#1432,#1433,#1434,#1435),#1460,.T.);
#1563=CLOSED_SHELL('',(#1461,#1462,#1463,#1464,#1465,#1466,#1467,#1468,
#1469,#1470,#1471,#1472,#1473,#1474,#1475,#1476,#1477,#1478,#1479,#1480,
#1481,#1482,#1483,#1484,#1485,#1486,#1487,#1488,#1489,#1490,#1491,#1492,
#1493,#1494,#1495,#1496,#1497,#1498,#1499,#1500,#1501,#1502,#1503,#1504,
#1505,#1506,#1507,#1508,#1509,#1510,#1511,#1512,#1513,#1514,#1515,#1516,
#1517,#1518,#1519,#1520,#1521,#1522,#1523,#1524,#1525,#1526,#1527,#1528,
#1529,#1530,#1531,#1532,#1533,#1534,#1535,#1536,#1537,#1538,#1539,#1540,
#1541,#1542,#1543,#1544,#1545,#1546,#1547,#1548,#1549,#1550,#1551,#1552,
#1553,#1554,#1555,#1556,#1557,#1558,#1559,#1560,#1561,#1562));
#1564=STYLED_ITEM('',(#1565),#1572);
#1565=PRESENTATION_STYLE_ASSIGNMENT((#1566));
#1566=SURFACE_STYLE_USAGE(.BOTH.,#1567);
#1567=SURFACE_SIDE_STYLE('',(#1568));
#1568=SURFACE_STYLE_FILL_AREA(#1569);
#1569=FILL_AREA_STYLE('',(#1570));
#1570=FILL_AREA_STYLE_COLOUR('',#1571);
#1571=COLOUR_RGB('',0.290196078431373,0.435294117647059,0.647058823529412);
#1572=MANIFOLD_SOLID_BREP('[a]_wwbmg-adapter_sherpa_xol',#1563);
#1573=SHAPE_DEFINITION_REPRESENTATION(#3222,#1574);
#1574=SHAPE_REPRESENTATION('[a]_wwbmg-adapter_sherpa_xol',(#1575),#3217);
#1575=AXIS2_PLACEMENT_3D('',#2183,#1748,#1749);
#1576=AXIS2_PLACEMENT_3D('',#2184,#1750,#1751);
#1577=AXIS2_PLACEMENT_3D('',#2185,#1752,#1753);
#1578=AXIS2_PLACEMENT_3D('',#2187,#1754,#1755);
#1579=AXIS2_PLACEMENT_3D('',#2189,#1756,#1757);
#1580=AXIS2_PLACEMENT_3D('',#2220,#1760,#1761);
#1581=AXIS2_PLACEMENT_3D('',#2224,#1763,#1764);
#1582=AXIS2_PLACEMENT_3D('',#2230,#1767,#1768);
#1583=AXIS2_PLACEMENT_3D('',#2234,#1770,#1771);
#1584=AXIS2_PLACEMENT_3D('',#2240,#1774,#1775);
#1585=AXIS2_PLACEMENT_3D('',#2244,#1777,#1778);
#1586=AXIS2_PLACEMENT_3D('',#2247,#1780,#1781);
#1587=AXIS2_PLACEMENT_3D('',#2253,#1784,#1785);
#1588=AXIS2_PLACEMENT_3D('',#2257,#1787,#1788);
#1589=AXIS2_PLACEMENT_3D('',#2274,#1792,#1793);
#1590=AXIS2_PLACEMENT_3D('',#2275,#1794,#1795);
#1591=AXIS2_PLACEMENT_3D('',#2278,#1796,#1797);
#1592=AXIS2_PLACEMENT_3D('',#2280,#1798,#1799);
#1593=AXIS2_PLACEMENT_3D('',#2282,#1800,#1801);
#1594=AXIS2_PLACEMENT_3D('',#2283,#1802,#1803);
#1595=AXIS2_PLACEMENT_3D('',#2284,#1804,#1805);
#1596=AXIS2_PLACEMENT_3D('',#2287,#1806,#1807);
#1597=AXIS2_PLACEMENT_3D('',#2289,#1808,#1809);
#1598=AXIS2_PLACEMENT_3D('',#2291,#1810,#1811);
#1599=AXIS2_PLACEMENT_3D('',#2292,#1812,#1813);
#1600=AXIS2_PLACEMENT_3D('',#2306,#1816,#1817);
#1601=AXIS2_PLACEMENT_3D('',#2312,#1821,#1822);
#1602=AXIS2_PLACEMENT_3D('',#2326,#1825,#1826);
#1603=AXIS2_PLACEMENT_3D('',#2329,#1829,#1830);
#1604=AXIS2_PLACEMENT_3D('',#2335,#1834,#1835);
#1605=AXIS2_PLACEMENT_3D('',#2336,#1836,#1837);
#1606=AXIS2_PLACEMENT_3D('',#2337,#1838,#1839);
#1607=AXIS2_PLACEMENT_3D('',#2338,#1840,#1841);
#1608=AXIS2_PLACEMENT_3D('',#2339,#1842,#1843);
#1609=AXIS2_PLACEMENT_3D('',#2348,#1844,#1845);
#1610=AXIS2_PLACEMENT_3D('',#2357,#1850,#1851);
#1611=AXIS2_PLACEMENT_3D('',#2358,#1852,#1853);
#1612=AXIS2_PLACEMENT_3D('',#2368,#1858,#1859);
#1613=AXIS2_PLACEMENT_3D('',#2369,#1860,#1861);
#1614=AXIS2_PLACEMENT_3D('',#2370,#1862,#1863);
#1615=AXIS2_PLACEMENT_3D('',#2371,#1864,#1865);
#1616=AXIS2_PLACEMENT_3D('',#2379,#1869,#1870);
#1617=AXIS2_PLACEMENT_3D('',#2383,#1872,#1873);
#1618=AXIS2_PLACEMENT_3D('',#2384,#1874,#1875);
#1619=AXIS2_PLACEMENT_3D('',#2385,#1876,#1877);
#1620=AXIS2_PLACEMENT_3D('',#2386,#1878,#1879);
#1621=AXIS2_PLACEMENT_3D('',#2399,#1880,#1881);
#1622=AXIS2_PLACEMENT_3D('',#2400,#1882,#1883);
#1623=AXIS2_PLACEMENT_3D('',#2401,#1884,#1885);
#1624=AXIS2_PLACEMENT_3D('',#2402,#1886,#1887);
#1625=AXIS2_PLACEMENT_3D('',#2406,#1889,#1890);
#1626=AXIS2_PLACEMENT_3D('',#2407,#1891,#1892);
#1627=AXIS2_PLACEMENT_3D('',#2420,#1893,#1894);
#1628=AXIS2_PLACEMENT_3D('',#2421,#1895,#1896);
#1629=AXIS2_PLACEMENT_3D('',#2422,#1897,#1898);
#1630=AXIS2_PLACEMENT_3D('',#2425,#1900,#1901);
#1631=AXIS2_PLACEMENT_3D('',#2428,#1903,#1904);
#1632=AXIS2_PLACEMENT_3D('',#2431,#1906,#1907);
#1633=AXIS2_PLACEMENT_3D('',#2440,#1912,#1913);
#1634=AXIS2_PLACEMENT_3D('',#2449,#1918,#1919);
#1635=AXIS2_PLACEMENT_3D('',#2455,#1920,#1921);
#1636=AXIS2_PLACEMENT_3D('',#2456,#1922,#1923);
#1637=AXIS2_PLACEMENT_3D('',#2472,#1924,#1925);
#1638=AXIS2_PLACEMENT_3D('',#2473,#1926,#1927);
#1639=AXIS2_PLACEMENT_3D('',#2474,#1928,#1929);
#1640=AXIS2_PLACEMENT_3D('',#2490,#1930,#1931);
#1641=AXIS2_PLACEMENT_3D('',#2491,#1932,#1933);
#1642=AXIS2_PLACEMENT_3D('',#2492,#1934,#1935);
#1643=AXIS2_PLACEMENT_3D('',#2498,#1936,#1937);
#1644=AXIS2_PLACEMENT_3D('',#2502,#1939,#1940);
#1645=AXIS2_PLACEMENT_3D('',#2509,#1944,#1945);
#1646=AXIS2_PLACEMENT_3D('',#2515,#1948,#1949);
#1647=AXIS2_PLACEMENT_3D('',#2520,#1952,#1953);
#1648=AXIS2_PLACEMENT_3D('',#2526,#1956,#1957);
#1649=AXIS2_PLACEMENT_3D('',#2531,#1960,#1961);
#1650=AXIS2_PLACEMENT_3D('',#2532,#1962,#1963);
#1651=AXIS2_PLACEMENT_3D('',#2542,#1968,#1969);
#1652=AXIS2_PLACEMENT_3D('',#2543,#1970,#1971);
#1653=AXIS2_PLACEMENT_3D('',#2544,#1972,#1973);
#1654=AXIS2_PLACEMENT_3D('',#2577,#1974,#1975);
#1655=AXIS2_PLACEMENT_3D('',#2578,#1976,#1977);
#1656=AXIS2_PLACEMENT_3D('',#2588,#1978,#1979);
#1657=AXIS2_PLACEMENT_3D('',#2589,#1980,#1981);
#1658=AXIS2_PLACEMENT_3D('',#2590,#1982,#1983);
#1659=AXIS2_PLACEMENT_3D('',#2591,#1984,#1985);
#1660=AXIS2_PLACEMENT_3D('',#2592,#1986,#1987);
#1661=AXIS2_PLACEMENT_3D('',#2593,#1988,#1989);
#1662=AXIS2_PLACEMENT_3D('',#2618,#1990,#1991);
#1663=AXIS2_PLACEMENT_3D('',#2627,#1992,#1993);
#1664=AXIS2_PLACEMENT_3D('',#2637,#1994,#1995);
#1665=AXIS2_PLACEMENT_3D('',#2638,#1996,#1997);
#1666=AXIS2_PLACEMENT_3D('',#2639,#1998,#1999);
#1667=AXIS2_PLACEMENT_3D('',#2640,#2000,#2001);
#1668=AXIS2_PLACEMENT_3D('',#2641,#2002,#2003);
#1669=AXIS2_PLACEMENT_3D('',#2653,#2004,#2005);
#1670=AXIS2_PLACEMENT_3D('',#2654,#2006,#2007);
#1671=AXIS2_PLACEMENT_3D('',#2666,#2008,#2009);
#1672=AXIS2_PLACEMENT_3D('',#2667,#2010,#2011);
#1673=AXIS2_PLACEMENT_3D('',#2677,#2012,#2013);
#1674=AXIS2_PLACEMENT_3D('',#2683,#2014,#2015);
#1675=AXIS2_PLACEMENT_3D('',#2700,#2016,#2017);
#1676=AXIS2_PLACEMENT_3D('',#2713,#2018,#2019);
#1677=AXIS2_PLACEMENT_3D('',#2732,#2020,#2021);
#1678=AXIS2_PLACEMENT_3D('',#2733,#2022,#2023);
#1679=AXIS2_PLACEMENT_3D('',#2734,#2024,#2025);
#1680=AXIS2_PLACEMENT_3D('',#2735,#2026,#2027);
#1681=AXIS2_PLACEMENT_3D('',#2736,#2028,#2029);
#1682=AXIS2_PLACEMENT_3D('',#2737,#2030,#2031);
#1683=AXIS2_PLACEMENT_3D('',#2738,#2032,#2033);
#1684=AXIS2_PLACEMENT_3D('',#2751,#2034,#2035);
#1685=AXIS2_PLACEMENT_3D('',#2752,#2036,#2037);
#1686=AXIS2_PLACEMENT_3D('',#2753,#2038,#2039);
#1687=AXIS2_PLACEMENT_3D('',#2766,#2040,#2041);
#1688=AXIS2_PLACEMENT_3D('',#2779,#2042,#2043);
#1689=AXIS2_PLACEMENT_3D('',#2792,#2044,#2045);
#1690=AXIS2_PLACEMENT_3D('',#2793,#2046,#2047);
#1691=AXIS2_PLACEMENT_3D('',#2794,#2048,#2049);
#1692=AXIS2_PLACEMENT_3D('',#2810,#2050,#2051);
#1693=AXIS2_PLACEMENT_3D('',#2811,#2052,#2053);
#1694=AXIS2_PLACEMENT_3D('',#2812,#2054,#2055);
#1695=AXIS2_PLACEMENT_3D('',#2828,#2056,#2057);
#1696=AXIS2_PLACEMENT_3D('',#2829,#2058,#2059);
#1697=AXIS2_PLACEMENT_3D('',#2830,#2060,#2061);
#1698=AXIS2_PLACEMENT_3D('',#2843,#2062,#2063);
#1699=AXIS2_PLACEMENT_3D('',#2856,#2064,#2065);
#1700=AXIS2_PLACEMENT_3D('',#2869,#2066,#2067);
#1701=AXIS2_PLACEMENT_3D('',#2870,#2068,#2069);
#1702=AXIS2_PLACEMENT_3D('',#2871,#2070,#2071);
#1703=AXIS2_PLACEMENT_3D('',#2884,#2072,#2073);
#1704=AXIS2_PLACEMENT_3D('',#2885,#2074,#2075);
#1705=AXIS2_PLACEMENT_3D('',#2886,#2076,#2077);
#1706=AXIS2_PLACEMENT_3D('',#2887,#2078,#2079);
#1707=AXIS2_PLACEMENT_3D('',#2888,#2080,#2081);
#1708=AXIS2_PLACEMENT_3D('',#2889,#2082,#2083);
#1709=AXIS2_PLACEMENT_3D('',#2890,#2084,#2085);
#1710=AXIS2_PLACEMENT_3D('',#2909,#2086,#2087);
#1711=AXIS2_PLACEMENT_3D('',#2922,#2088,#2089);
#1712=AXIS2_PLACEMENT_3D('',#2935,#2090,#2091);
#1713=AXIS2_PLACEMENT_3D('',#2936,#2092,#2093);
#1714=AXIS2_PLACEMENT_3D('',#2938,#2094,#2095);
#1715=AXIS2_PLACEMENT_3D('',#2940,#2096,#2097);
#1716=AXIS2_PLACEMENT_3D('',#2941,#2098,#2099);
#1717=AXIS2_PLACEMENT_3D('',#2943,#2100,#2101);
#1718=AXIS2_PLACEMENT_3D('',#2945,#2102,#2103);
#1719=AXIS2_PLACEMENT_3D('',#2946,#2104,#2105);
#1720=AXIS2_PLACEMENT_3D('',#2948,#2106,#2107);
#1721=AXIS2_PLACEMENT_3D('',#2950,#2108,#2109);
#1722=AXIS2_PLACEMENT_3D('',#2951,#2110,#2111);
#1723=AXIS2_PLACEMENT_3D('',#2952,#2112,#2113);
#1724=AXIS2_PLACEMENT_3D('',#2953,#2114,#2115);
#1725=AXIS2_PLACEMENT_3D('',#2959,#2119,#2120);
#1726=AXIS2_PLACEMENT_3D('',#2962,#2122,#2123);
#1727=AXIS2_PLACEMENT_3D('',#2963,#2124,#2125);
#1728=AXIS2_PLACEMENT_3D('',#2967,#2128,#2129);
#1729=AXIS2_PLACEMENT_3D('',#2970,#2131,#2132);
#1730=AXIS2_PLACEMENT_3D('',#2971,#2133,#2134);
#1731=AXIS2_PLACEMENT_3D('',#3020,#2137,#2138);
#1732=AXIS2_PLACEMENT_3D('',#3057,#2141,#2142);
#1733=AXIS2_PLACEMENT_3D('',#3061,#2145,#2146);
#1734=AXIS2_PLACEMENT_3D('',#3064,#2148,#2149);
#1735=AXIS2_PLACEMENT_3D('',#3065,#2150,#2151);
#1736=AXIS2_PLACEMENT_3D('',#3069,#2154,#2155);
#1737=AXIS2_PLACEMENT_3D('',#3072,#2157,#2158);
#1738=AXIS2_PLACEMENT_3D('',#3073,#2159,#2160);
#1739=AXIS2_PLACEMENT_3D('',#3110,#2163,#2164);
#1740=AXIS2_PLACEMENT_3D('',#3179,#2166,#2167);
#1741=AXIS2_PLACEMENT_3D('',#3186,#2169,#2170);
#1742=AXIS2_PLACEMENT_3D('',#3187,#2171,#2172);
#1743=AXIS2_PLACEMENT_3D('',#3189,#2173,#2174);
#1744=AXIS2_PLACEMENT_3D('',#3190,#2175,#2176);
#1745=AXIS2_PLACEMENT_3D('',#3192,#2177,#2178);
#1746=AXIS2_PLACEMENT_3D('',#3193,#2179,#2180);
#1747=AXIS2_PLACEMENT_3D('',#3215,#2181,#2182);
#1748=DIRECTION('',(0.,0.,1.));
#1749=DIRECTION('',(1.,0.,0.));
#1750=DIRECTION('',(0.,0.,-1.));
#1751=DIRECTION('',(-1.,0.,0.));
#1752=DIRECTION('',(0.,0.,-1.));
#1753=DIRECTION('',(-1.,0.,0.));
#1754=DIRECTION('',(0.,0.,-1.));
#1755=DIRECTION('',(-1.,0.,0.));
#1756=DIRECTION('',(0.,0.,-1.));
#1757=DIRECTION('',(-1.,0.,0.));
#1758=DIRECTION('',(-1.,6.02934254911523E-14,0.));
#1759=DIRECTION('',(-0.707106781186547,-0.707106781186548,0.));
#1760=DIRECTION('',(0.,0.,-1.));
#1761=DIRECTION('',(-1.,0.,0.));
#1762=DIRECTION('',(1.21138713423271E-17,-1.,0.));
#1763=DIRECTION('',(0.,0.,-1.));
#1764=DIRECTION('',(4.1167717996827E-15,-1.,0.));
#1765=DIRECTION('',(0.721928369073,-0.691967795441087,0.));
#1766=DIRECTION('',(-7.139953862333E-29,1.,0.));
#1767=DIRECTION('',(0.,0.,-1.));
#1768=DIRECTION('',(0.707106781186585,-0.707106781186511,0.));
#1769=DIRECTION('',(1.,8.92494232791578E-29,0.));
#1770=DIRECTION('',(0.,0.,-1.));
#1771=DIRECTION('',(-0.707106781183539,-0.707106781189556,0.));
#1772=DIRECTION('',(-4.19962208960483E-12,1.,0.));
#1773=DIRECTION('',(0.721928369073,0.691967795441087,0.));
#1774=DIRECTION('',(0.,0.,-1.));
#1775=DIRECTION('',(-4.11677179968274E-15,1.,0.));
#1776=DIRECTION('',(1.21138713423271E-17,-1.,0.));
#1777=DIRECTION('',(0.,0.,-1.));
#1778=DIRECTION('',(-1.,0.,0.));
#1779=DIRECTION('',(0.707106781186547,-0.707106781186548,0.));
#1780=DIRECTION('',(0.,0.707106781186548,0.707106781186548));
#1781=DIRECTION('',(1.,0.,0.));
#1782=DIRECTION('',(-0.252733199495569,-0.684151273430348,0.684151273430348));
#1783=DIRECTION('',(0.577350269187886,0.577350269190496,-0.577350269190496));
#1784=DIRECTION('',(0.,0.707106781186548,0.707106781186548));
#1785=DIRECTION('',(5.93916251596142E-12,-0.707106781186548,0.707106781186548));
#1786=DIRECTION('',(1.,1.06418944224796E-13,-1.06418944224796E-13));
#1787=DIRECTION('',(0.,0.707106781186548,0.707106781186548));
#1788=DIRECTION('',(7.3864315492473E-38,-0.707106781186548,0.707106781186548));
#1789=DIRECTION('',(0.577350269189666,-0.577350269189605,0.577350269189606));
#1790=DIRECTION('',(-0.252733199495569,0.684151273430348,-0.684151273430348));
#1791=DIRECTION('',(1.,0.,0.));
#1792=DIRECTION('',(0.,0.,-1.));
#1793=DIRECTION('',(-1.,0.,0.));
#1794=DIRECTION('',(-1.,6.02934254911523E-14,0.));
#1795=DIRECTION('',(6.02934254911523E-14,1.,0.));
#1796=DIRECTION('',(-0.707106781186548,-0.707106781186547,0.));
#1797=DIRECTION('',(-0.707106781186547,0.707106781186548,0.));
#1798=DIRECTION('',(0.250381721394646,-0.968147196242107,-1.75897049202561E-25));
#1799=DIRECTION('',(-0.968147196242108,-0.250381721394646,0.));
#1800=DIRECTION('',(0.0612020885858686,-0.236649185645773,0.969665647161908));
#1801=DIRECTION('',(0.,0.971486801075012,0.237093642548762));
#1802=DIRECTION('',(0.,0.,-1.));
#1803=DIRECTION('',(-1.,0.,0.));
#1804=DIRECTION('',(-0.25038172139058,-0.968147196243159,5.32907168871455E-14));
#1805=DIRECTION('',(-0.968147196243159,0.25038172139058,0.));
#1806=DIRECTION('',(0.707106781186548,-0.707106781186547,0.));
#1807=DIRECTION('',(-0.707106781186547,-0.707106781186548,0.));
#1808=DIRECTION('',(-1.,6.02934254911523E-14,0.));
#1809=DIRECTION('',(6.02934254911523E-14,1.,0.));
#1810=DIRECTION('',(-0.0612020885846049,-0.236649185645785,0.969665647161985));
#1811=DIRECTION('',(0.,0.971486801075014,0.237093642548754));
#1812=DIRECTION('',(0.0612020885858686,-0.236649185645773,0.969665647161908));
#1813=DIRECTION('',(-2.01470745965489E-12,0.971486801074983,0.237093642548881));
#1814=DIRECTION('',(0.0612020885858686,-0.236649185645773,0.969665647161908));
#1815=DIRECTION('',(0.0612020885858686,-0.236649185645773,0.969665647161908));
#1816=DIRECTION('',(-0.968147196242107,-0.250381721394646,-6.18399836227518E-14));
#1817=DIRECTION('',(0.250381721394646,-0.968147196242107,-5.79941066749143E-13));
#1818=DIRECTION('',(-0.250381721394646,0.968147196242107,1.75897049202561E-25));
#1819=DIRECTION('',(8.61562526894931E-14,-8.61562526894932E-14,-1.));
#1820=DIRECTION('',(-0.250381721394646,0.968147196242108,0.));
#1821=DIRECTION('',(-0.0612020885846049,-0.236649185645785,0.969665647161985));
#1822=DIRECTION('',(-2.01470745965504E-12,0.971486801075043,0.237093642548634));
#1823=DIRECTION('',(-0.0612020885846049,-0.236649185645785,0.969665647161985));
#1824=DIRECTION('',(-0.0612020885846049,-0.236649185645785,0.969665647161985));
#1825=DIRECTION('',(5.85742670562543E-14,0.971486801075013,0.237093642548758));
#1826=DIRECTION('',(-1.03384599698742E-13,0.237093642548758,-0.971486801075014));
#1827=DIRECTION('',(-1.,6.02934254911523E-14,0.));
#1828=DIRECTION('',(1.,-6.02934254911524E-14,0.));
#1829=DIRECTION('',(0.968147196243159,-0.25038172139058,-2.67898388578435E-13));
#1830=DIRECTION('',(-0.25038172139058,-0.968147196243159,-5.26650349861822E-13));
#1831=DIRECTION('',(-0.25038172139058,-0.968147196243159,0.));
#1832=DIRECTION('',(-3.73239446538521E-13,-3.73239446538521E-13,-1.));
#1833=DIRECTION('',(0.25038172139058,0.968147196243159,-5.32907168871455E-14));
#1834=DIRECTION('',(-0.25038172139058,-0.968147196243159,5.32907168871455E-14));
#1835=DIRECTION('',(0.968147196243159,-0.25038172139058,-2.46122249094758E-13));
#1836=DIRECTION('',(-0.921339453871896,0.388759065153517,2.32916841809148E-14));
#1837=DIRECTION('',(-0.388759065153517,-0.921339453871896,5.73067299043174E-14));
#1838=DIRECTION('',(0.250381721394646,-0.968147196242107,-1.75897049202561E-25));
#1839=DIRECTION('',(-0.968147196242107,-0.250381721394646,-4.00638441390746E-14));
#1840=DIRECTION('',(-0.921339453870801,-0.388759065156112,7.68790280494535E-26));
#1841=DIRECTION('',(0.388759065156112,-0.921339453870801,0.));
#1842=DIRECTION('',(-1.,6.02934254911523E-14,0.));
#1843=DIRECTION('',(6.02934254911523E-14,1.,-1.57713813111996E-13));
#1844=DIRECTION('',(-1.06418944224796E-13,0.,-1.));
#1845=DIRECTION('',(-1.,0.,1.06418944224796E-13));
#1846=DIRECTION('',(5.22299583724302E-38,-1.,-5.55825702687233E-51));
#1847=DIRECTION('',(1.,1.06418944224796E-13,-1.06418944224796E-13));
#1848=DIRECTION('',(4.19962208960528E-12,-1.,-4.46919348916775E-25));
#1849=DIRECTION('',(1.,1.06418944224796E-13,-1.06418944224796E-13));
#1850=DIRECTION('',(0.707106781186511,5.04870979341448E-29,-0.707106781186585));
#1851=DIRECTION('',(5.22299583724302E-38,-1.,-5.55825702687233E-51));
#1852=DIRECTION('',(0.707106781186511,5.04870979341448E-29,-0.707106781186585));
#1853=DIRECTION('',(-0.491888822067726,0.718394580609918,-0.491888822067675));
#1854=DIRECTION('',(0.577350269189667,-0.577350269189606,0.577350269189606));
#1855=DIRECTION('',(5.22299583724302E-38,-1.,-5.55825702687233E-51));
#1856=DIRECTION('',(-0.577350269189666,0.577350269189606,-0.577350269189606));
#1857=DIRECTION('',(-7.139953862333E-29,1.,-2.56217212203604E-45));
#1858=DIRECTION('',(5.22299583724302E-38,-1.,-5.55825702687233E-51));
#1859=DIRECTION('',(1.06418944224796E-13,0.,1.));
#1860=DIRECTION('',(4.33746195577934E-39,-0.74740931868366,-0.66436383882992));
#1861=DIRECTION('',(0.,-0.66436383882992,0.74740931868366));
#1862=DIRECTION('',(1.46725148476135E-29,-0.986393923832144,-0.164398987305357));
#1863=DIRECTION('',(0.,-0.164398987305357,0.986393923832144));
#1864=DIRECTION('',(-6.3108872417681E-29,0.707106781186547,0.707106781186548));
#1865=DIRECTION('',(-1.,1.79927424960937E-28,0.));
#1866=DIRECTION('',(-0.577350269187119,-0.577350269192031,0.577350269189728));
#1867=DIRECTION('',(-1.,-8.92494232791578E-29,0.));
#1868=DIRECTION('',(0.577350269189666,-0.577350269189606,0.577350269189606));
#1869=DIRECTION('',(-6.3108872417681E-29,0.707106781186547,0.707106781186548));
#1870=DIRECTION('',(-6.31088723438165E-29,-0.707106781186548,0.707106781186547));
#1871=DIRECTION('',(-1.,-1.06418944224796E-13,1.06418944224796E-13));
#1872=DIRECTION('',(-6.3108872417681E-29,0.707106781186547,0.707106781186548));
#1873=DIRECTION('',(5.93916251596141E-12,-0.707106781186548,0.707106781186547));
#1874=DIRECTION('',(1.,1.06418944224796E-13,-1.06418944224796E-13));
#1875=DIRECTION('',(1.06418944224735E-13,-1.,-5.71499572020079E-13));
#1876=DIRECTION('',(1.,8.92494232269279E-29,5.22298970115468E-38));
#1877=DIRECTION('',(8.92494232269279E-29,-1.,0.));
#1878=DIRECTION('',(1.,1.06418944224796E-13,-1.06418944224796E-13));
#1879=DIRECTION('',(-1.06418944224796E-13,0.,-1.));
#1880=DIRECTION('',(0.577350269189666,-0.577350269189606,0.577350269189605));
#1881=DIRECTION('',(-0.707106781186511,-0.707106781186585,0.));
#1882=DIRECTION('',(0.577350269189666,-0.577350269189606,0.577350269189605));
#1883=DIRECTION('',(0.707106781186713,4.04111222820506E-13,-0.707106781186383));
#1884=DIRECTION('',(-0.192450089729879,0.192450089729859,0.962250448649379));
#1885=DIRECTION('',(0.680413817439809,-0.680413817439738,0.272165526975901));
#1886=DIRECTION('',(-0.577350269187119,-0.577350269192031,0.577350269189727));
#1887=DIRECTION('',(-0.707106781186863,-2.56547003516121E-12,-0.707106781186233));
#1888=DIRECTION('',(0.577350269187119,0.577350269192031,-0.577350269189728));
#1889=DIRECTION('',(0.192450089729085,0.192450089730723,0.962250448649365));
#1890=DIRECTION('',(-0.680413817436869,-0.680413817442658,0.272165526975948));
#1891=DIRECTION('',(-0.57735026918463,-0.577350269192124,0.577350269192123));
#1892=DIRECTION('',(0.,0.707106781186547,0.707106781186548));
#1893=DIRECTION('',(3.45206809298158E-12,-0.986393923832144,-0.164398987305357));
#1894=DIRECTION('',(4.83272768859554E-12,-0.164398987305357,0.986393923832144));
#1895=DIRECTION('',(4.19962208960528E-12,-1.,-4.46919348916775E-25));
#1896=DIRECTION('',(1.06418944223771E-13,0.,1.));
#1897=DIRECTION('',(3.48759631635637E-13,-0.74740931868366,-0.66436383882992));
#1898=DIRECTION('',(5.92900820493584E-12,-0.66436383882992,0.74740931868366));
#1899=DIRECTION('',(4.19962208960528E-12,-1.,-4.46919348916775E-25));
#1900=DIRECTION('',(-0.707106781186661,-2.96958125798087E-12,-0.707106781186435));
#1901=DIRECTION('',(4.19962208960528E-12,-1.,-4.46919348916775E-25));
#1902=DIRECTION('',(0.577350269187886,0.577350269190496,-0.577350269190496));
#1903=DIRECTION('',(-0.707106781186661,-2.96958125798087E-12,-0.707106781186435));
#1904=DIRECTION('',(-0.491888822065802,-0.718394580610344,0.491888822068977));
#1905=DIRECTION('',(-4.19962208960483E-12,1.,1.82325745790231E-40));
#1906=DIRECTION('',(1.,1.21138713423271E-17,-2.6512788637874E-15));
#1907=DIRECTION('',(-2.65127886378741E-15,5.71499572020068E-13,-1.));
#1908=DIRECTION('',(-2.6512788637874E-15,2.6512788637874E-15,-1.));
#1909=DIRECTION('',(1.21138713423271E-17,-1.,0.));
#1910=DIRECTION('',(2.23366382184422E-15,-0.542576545538997,0.840006364399085));
#1911=DIRECTION('',(1.21138713423271E-17,-1.,0.));
#1912=DIRECTION('',(1.,1.21138713423271E-17,-2.6512788637874E-15));
#1913=DIRECTION('',(-2.65127886378741E-15,5.71499572020068E-13,-1.));
#1914=DIRECTION('',(2.23366382184421E-15,-0.542576545539,0.840006364399083));
#1915=DIRECTION('',(1.21138713423271E-17,-1.,0.));
#1916=DIRECTION('',(-2.6512788637874E-15,-2.6512788637874E-15,-1.));
#1917=DIRECTION('',(1.21138713423271E-17,-1.,0.));
#1918=DIRECTION('',(4.19962208960483E-12,-1.,0.));
#1919=DIRECTION('',(-1.,-4.19962208960483E-12,0.));
#1920=DIRECTION('',(0.659158755190278,-0.606793036548456,-0.444198093481173));
#1921=DIRECTION('',(-0.50319931651036,-0.79485986865378,0.33909915521452));
#1922=DIRECTION('',(4.18265009221866E-12,-1.,1.73472347597729E-14));
#1923=DIRECTION('',(-1.,-4.18265009221866E-12,0.));
#1924=DIRECTION('',(1.,-1.01272886118572E-12,6.95045872708041E-12));
#1925=DIRECTION('',(6.95045872708041E-12,0.,-1.));
#1926=DIRECTION('',(-1.,-8.92494232791578E-29,0.));
#1927=DIRECTION('',(-8.92494232791578E-29,1.,0.));
#1928=DIRECTION('',(1.,4.62592926927149E-15,-4.62592926927148E-15));
#1929=DIRECTION('',(4.62592926927149E-15,-1.,0.));
#1930=DIRECTION('',(-1.7177016455482E-15,1.,8.0953762212251E-15));
#1931=DIRECTION('',(0.,8.0953762212251E-15,-1.));
#1932=DIRECTION('',(7.139953862333E-29,-1.,0.));
#1933=DIRECTION('',(-1.,-7.139953862333E-29,0.));
#1934=DIRECTION('',(-0.65915875519034,-0.606793036548525,-0.444198093480985));
#1935=DIRECTION('',(0.503199316512149,-0.794859868653727,0.339099155211991));
#1936=DIRECTION('',(0.627135801386841,0.654289302573529,0.422618261740699));
#1937=DIRECTION('',(0.778909934856967,-0.526798064507466,-0.340269176700303));
#1938=DIRECTION('',(-0.252733199495569,0.684151273430348,-0.684151273430348));
#1939=DIRECTION('',(0.627135801386841,0.654289302573529,0.422618261740699));
#1940=DIRECTION('',(0.542586862448085,-0.756244344466685,0.365641885129286));
#1941=DIRECTION('',(0.721928369073,-0.691967795441087,-3.35353063643429E-17));
#1942=DIRECTION('',(2.24820162486594E-15,-0.542576545539,0.840006364399083));
#1943=DIRECTION('',(0.721928369073,-0.691967795441087,0.));
#1944=DIRECTION('',(-0.627135801386841,0.654289302573529,0.422618261740699));
#1945=DIRECTION('',(0.778909934856967,0.526798064507466,0.340269176700303));
#1946=DIRECTION('',(2.20496343767657E-15,-0.542576545538997,0.840006364399085));
#1947=DIRECTION('',(0.721928369073,0.691967795441087,4.07191009267244E-18));
#1948=DIRECTION('',(-0.627135801386841,0.654289302573529,0.422618261740699));
#1949=DIRECTION('',(-0.542586862446351,-0.756244344466685,0.365641885131859));
#1950=DIRECTION('',(-0.252733199495569,-0.684151273430348,0.684151273430348));
#1951=DIRECTION('',(0.721928369073,0.691967795441087,0.));
#1952=DIRECTION('',(0.707106781186548,-0.707106781186547,0.));
#1953=DIRECTION('',(-0.707106781186547,-0.707106781186548,0.));
#1954=DIRECTION('',(-2.6512788637874E-15,-2.6512788637874E-15,-1.));
#1955=DIRECTION('',(-0.707106781186547,-0.707106781186548,0.));
#1956=DIRECTION('',(0.707106781186548,-0.707106781186547,0.));
#1957=DIRECTION('',(-0.707106781186547,-0.707106781186548,6.18487206005224E-14));
#1958=DIRECTION('',(-3.73239446538521E-13,-3.73239446538521E-13,-1.));
#1959=DIRECTION('',(-0.707106781186547,-0.707106781186548,0.));
#1960=DIRECTION('',(0.707106781186548,0.707106781186547,0.));
#1961=DIRECTION('',(0.707106781186547,-0.707106781186548,0.));
#1962=DIRECTION('',(0.707106781186548,0.707106781186547,0.));
#1963=DIRECTION('',(0.707106781186547,-0.707106781186548,-2.04144513079027E-25));
#1964=DIRECTION('',(0.707106781186547,-0.707106781186548,0.));
#1965=DIRECTION('',(-2.6512788637874E-15,2.6512788637874E-15,-1.));
#1966=DIRECTION('',(0.707106781186547,-0.707106781186548,0.));
#1967=DIRECTION('',(8.6156252689493E-14,-8.61562526894932E-14,-1.));
#1968=DIRECTION('',(3.73239446538521E-13,3.73239446538521E-13,1.));
#1969=DIRECTION('',(0.,1.,-3.73239446538521E-13));
#1970=DIRECTION('',(0.,0.,-1.));
#1971=DIRECTION('',(-1.,0.,0.));
#1972=DIRECTION('',(-3.73235854947531E-13,-3.73338074508643E-13,-1.));
#1973=DIRECTION('',(0.,-1.,3.73338074508643E-13));
#1974=DIRECTION('',(-0.70302291475079,-0.70302291475079,-0.107319908081435));
#1975=DIRECTION('',(-0.707106781186548,0.707106781186547,0.));
#1976=DIRECTION('',(0.707106781186548,-0.707106781186547,0.));
#1977=DIRECTION('',(-0.707106781186547,-0.707106781186548,0.));
#1978=DIRECTION('',(-2.6512788637874E-15,-2.6512788637874E-15,-1.));
#1979=DIRECTION('',(0.,-1.,2.6512788637874E-15));
#1980=DIRECTION('',(0.,0.,-1.));
#1981=DIRECTION('',(-1.,0.,0.));
#1982=DIRECTION('',(0.,0.,-1.));
#1983=DIRECTION('',(-1.,0.,0.));
#1984=DIRECTION('',(8.6156252689493E-14,-8.61562526894932E-14,-1.));
#1985=DIRECTION('',(0.,-1.,8.61562526894932E-14));
#1986=DIRECTION('',(0.,0.,-1.));
#1987=DIRECTION('',(-1.,0.,0.));
#1988=DIRECTION('',(8.539497226566E-14,-8.53949722656602E-14,-1.));
#1989=DIRECTION('',(0.,-1.,8.53949722656602E-14));
#1990=DIRECTION('',(0.703022914749625,-0.703022914749626,-0.107319908096689));
#1991=DIRECTION('',(-0.707106781186548,-0.707106781186547,0.));
#1992=DIRECTION('',(0.707106781186548,0.707106781186547,0.));
#1993=DIRECTION('',(0.707106781186547,-0.707106781186548,0.));
#1994=DIRECTION('',(-2.6512788637874E-15,2.6512788637874E-15,-1.));
#1995=DIRECTION('',(0.,-1.,-2.6512788637874E-15));
#1996=DIRECTION('',(0.,0.,-1.));
#1997=DIRECTION('',(-1.,0.,0.));
#1998=DIRECTION('',(0.,0.,-1.));
#1999=DIRECTION('',(-1.,0.,0.));
#2000=DIRECTION('',(-2.23366382184422E-15,0.542576545538997,-0.840006364399085));
#2001=DIRECTION('',(0.,-0.840006364399085,-0.542576545538997));
#2002=DIRECTION('',(2.59873841040909E-16,-0.0631256367090681,0.998005588155735));
#2003=DIRECTION('',(-4.03650046562262E-15,0.998005588155735,0.0631256367090681));
#2004=DIRECTION('',(2.23366382184421E-15,-0.542576545539,0.840006364399083));
#2005=DIRECTION('',(0.,0.840006364399083,0.542576545539));
#2006=DIRECTION('',(2.59873841040908E-16,-0.0631256367090683,0.998005588155735));
#2007=DIRECTION('',(4.03650046562262E-15,-0.998005588155735,-0.0631256367090683));
#2008=DIRECTION('',(-0.252733199495569,0.684151273430348,-0.684151273430348));
#2009=DIRECTION('',(0.,-0.707106781186548,-0.707106781186548));
#2010=DIRECTION('',(-0.68476765385907,-0.0316247559892263,0.728074951524202));
#2011=DIRECTION('',(-0.522539829585716,0.717698159575683,-0.460284127727873));
#2012=DIRECTION('',(-0.252733199495569,-0.684151273430348,0.684151273430348));
#2013=DIRECTION('',(0.,0.707106781186548,0.707106781186548));
#2014=DIRECTION('',(0.684767653859447,-0.031624755986083,0.728074951523984));
#2015=DIRECTION('',(-0.522539829583613,-0.717698159576248,0.460284127729379));
#2016=DIRECTION('',(0.40190675958074,-0.915680597481081,-4.01964618410473E-14));
#2017=DIRECTION('',(-0.915680597481081,-0.40190675958074,0.));
#2018=DIRECTION('',(0.295548453080316,-0.955327751026752,-9.62745696311734E-14));
#2019=DIRECTION('',(-0.955327751026752,-0.295548453080316,0.));
#2020=DIRECTION('',(0.707106781186546,-0.707106781186549,1.53329341668338E-15));
#2021=DIRECTION('',(-0.707106781186549,-0.707106781186547,0.));
#2022=DIRECTION('',(-0.707106781186547,0.707106781186548,0.));
#2023=DIRECTION('',(0.707106781186548,0.707106781186547,0.));
#2024=DIRECTION('',(0.707106781186546,-0.707106781186549,-1.53329341668337E-15));
#2025=DIRECTION('',(-0.707106781186549,-0.707106781186547,0.));
#2026=DIRECTION('',(0.,0.,-1.));
#2027=DIRECTION('',(-1.,0.,0.));
#2028=DIRECTION('',(0.,-1.,0.));
#2029=DIRECTION('',(0.,0.,1.));
#2030=DIRECTION('',(-1.21138713423271E-17,1.,0.));
#2031=DIRECTION('',(1.,1.21138713423271E-17,0.));
#2032=DIRECTION('',(0.,-1.,0.));
#2033=DIRECTION('',(0.,0.,1.));
#2034=DIRECTION('',(-0.721928369073,-0.691967795441088,-1.50046597421447E-15));
#2035=DIRECTION('',(-0.691967795441088,0.721928369073,0.));
#2036=DIRECTION('',(0.721928369073,0.691967795441087,0.));
#2037=DIRECTION('',(0.691967795441087,-0.721928369073,0.));
#2038=DIRECTION('',(-0.721928369073005,-0.691967795441082,-6.00186389685783E-15));
#2039=DIRECTION('',(-0.691967795441082,0.721928369073005,0.));
#2040=DIRECTION('',(-0.65363221610871,-0.737166050643597,0.171321743638508));
#2041=DIRECTION('',(-0.748228508925685,0.663441103965413,0.));
#2042=DIRECTION('',(-0.537714516881566,-0.649404493876145,0.537714516884463));
#2043=DIRECTION('',(0.,0.637762201821451,0.770233324342601));
#2044=DIRECTION('',(-0.577350269187887,-0.577350269190495,0.577350269190496));
#2045=DIRECTION('',(0.,0.707106781186548,0.707106781186547));
#2046=DIRECTION('',(0.577350269187886,0.577350269190496,-0.577350269190496));
#2047=DIRECTION('',(0.,-0.707106781186548,-0.707106781186548));
#2048=DIRECTION('',(-0.577350269187885,-0.577350269190496,0.577350269190496));
#2049=DIRECTION('',(0.,0.707106781186548,0.707106781186548));
#2050=DIRECTION('',(-1.,-1.06251812903579E-13,1.06251812903579E-13));
#2051=DIRECTION('',(1.06251812903579E-13,0.,1.));
#2052=DIRECTION('',(1.,1.06418944224796E-13,-1.06418944224796E-13));
#2053=DIRECTION('',(-1.06418944224796E-13,0.,-1.));
#2054=DIRECTION('',(-1.,-1.06251812903581E-13,1.06251812903581E-13));
#2055=DIRECTION('',(1.06251812903581E-13,0.,1.));
#2056=DIRECTION('',(-0.57735026918966,0.577350269189609,-0.577350269189609));
#2057=DIRECTION('',(-0.707106781186516,0.,0.707106781186579));
#2058=DIRECTION('',(0.577350269189666,-0.577350269189605,0.577350269189606));
#2059=DIRECTION('',(0.70710678118651,0.,-0.707106781186585));
#2060=DIRECTION('',(-0.577350269189665,0.577350269189606,-0.577350269189606));
#2061=DIRECTION('',(-0.707106781186512,0.,0.707106781186584));
#2062=DIRECTION('',(-0.537581528210094,0.649624661673695,-0.537581528210036));
#2063=DIRECTION('',(0.770416969438163,0.637540346332464,0.));
#2064=DIRECTION('',(-0.653391169347166,0.737261933247642,-0.171827883660052));
#2065=DIRECTION('',(0.748392789743416,0.663255781927355,0.));
#2066=DIRECTION('',(-0.721928369073003,0.691967795441085,0.));
#2067=DIRECTION('',(0.691967795441085,0.721928369073003,0.));
#2068=DIRECTION('',(0.721928369073,-0.691967795441087,0.));
#2069=DIRECTION('',(-0.691967795441087,-0.721928369073,0.));
#2070=DIRECTION('',(-0.721928369073,0.691967795441088,1.50046597421447E-15));
#2071=DIRECTION('',(0.691967795441088,0.721928369073,0.));
#2072=DIRECTION('',(0.,1.,0.));
#2073=DIRECTION('',(0.,0.,-1.));
#2074=DIRECTION('',(1.21138713423271E-17,-1.,0.));
#2075=DIRECTION('',(-1.,-1.21138713423271E-17,0.));
#2076=DIRECTION('',(0.,1.,0.));
#2077=DIRECTION('',(0.,0.,-1.));
#2078=DIRECTION('',(0.,0.,-1.));
#2079=DIRECTION('',(-1.,0.,0.));
#2080=DIRECTION('',(0.707106781186548,0.707106781186548,0.));
#2081=DIRECTION('',(0.707106781186548,-0.707106781186548,0.));
#2082=DIRECTION('',(-0.707106781186547,-0.707106781186548,0.));
#2083=DIRECTION('',(-0.707106781186548,0.707106781186547,0.));
#2084=DIRECTION('',(0.707106781186547,0.707106781186549,3.06658683336676E-15));
#2085=DIRECTION('',(0.707106781186549,-0.707106781186547,0.));
#2086=DIRECTION('',(0.295548453049568,0.955327751036265,-3.18568109549678E-12));
#2087=DIRECTION('',(0.955327751036265,-0.295548453049568,0.));
#2088=DIRECTION('',(0.401906759521555,0.915680597507058,6.65389444961567E-14));
#2089=DIRECTION('',(0.915680597507058,-0.401906759521555,0.));
#2090=DIRECTION('',(0.,0.,-1.));
#2091=DIRECTION('',(-1.,0.,0.));
#2092=DIRECTION('',(0.,0.,-1.));
#2093=DIRECTION('',(-1.,0.,0.));
#2094=DIRECTION('',(0.,0.,-1.));
#2095=DIRECTION('',(-1.,0.,0.));
#2096=DIRECTION('',(0.,0.,-1.));
#2097=DIRECTION('',(-1.,0.,0.));
#2098=DIRECTION('',(0.,0.,-1.));
#2099=DIRECTION('',(-1.,0.,0.));
#2100=DIRECTION('',(0.,0.,-1.));
#2101=DIRECTION('',(-1.,0.,0.));
#2102=DIRECTION('',(0.,0.,-1.));
#2103=DIRECTION('',(-1.,0.,0.));
#2104=DIRECTION('',(0.,0.,-1.));
#2105=DIRECTION('',(-1.,0.,0.));
#2106=DIRECTION('',(0.,0.,-1.));
#2107=DIRECTION('',(-1.,0.,0.));
#2108=DIRECTION('',(0.,0.,1.));
#2109=DIRECTION('',(1.,0.,0.));
#2110=DIRECTION('',(0.,0.,1.));
#2111=DIRECTION('',(1.,0.,0.));
#2112=DIRECTION('',(0.,0.,1.));
#2113=DIRECTION('',(1.,0.,0.));
#2114=DIRECTION('',(-0.707106781186548,-8.56580057258088E-18,-0.707106781186548));
#2115=DIRECTION('',(0.707106781186548,8.56580057258088E-18,-0.707106781186548));
#2116=DIRECTION('',(-0.707106781186548,0.,0.707106781186548));
#2117=DIRECTION('',(1.21138713423271E-17,-1.,0.));
#2118=DIRECTION('',(-0.707106781186548,-8.56580057258087E-18,0.707106781186548));
#2119=DIRECTION('',(0.,0.,1.));
#2120=DIRECTION('',(-1.,0.,0.));
#2121=DIRECTION('',(-0.5,0.5,0.707106781186548));
#2122=DIRECTION('',(0.,0.,-1.));
#2123=DIRECTION('',(-1.,0.,0.));
#2124=DIRECTION('',(-0.5,0.5,-0.707106781186548));
#2125=DIRECTION('',(0.5,-0.5,-0.707106781186548));
#2126=DIRECTION('',(-0.5,0.5,0.707106781186548));
#2127=DIRECTION('',(-0.707106781186547,-0.707106781186548,0.));
#2128=DIRECTION('',(0.,0.,-1.));
#2129=DIRECTION('',(-1.,0.,0.));
#2130=DIRECTION('',(-0.684583447650281,0.17704661308044,0.707106781186548));
#2131=DIRECTION('',(0.,0.,-1.));
#2132=DIRECTION('',(-1.,0.,0.));
#2133=DIRECTION('',(-0.684583447650281,0.17704661308044,-0.707106781186548));
#2134=DIRECTION('',(0.684583447650281,-0.17704661308044,-0.707106781186548));
#2135=DIRECTION('',(-0.68458344765012,0.177046613081088,0.707106781186541));
#2136=DIRECTION('',(-0.25038172139058,-0.968147196243159,0.));
#2137=DIRECTION('',(4.26338900257597E-14,0.707106781186548,-0.707106781186548));
#2138=DIRECTION('',(-4.26338900257596E-14,-0.707106781186548,-0.707106781186548));
#2139=DIRECTION('',(-1.,6.02934254911524E-14,0.));
#2140=DIRECTION('',(0.684583447649537,0.177046613083315,0.707106781186548));
#2141=DIRECTION('',(0.684583447649538,0.177046613083315,-0.707106781186548));
#2142=DIRECTION('',(-0.684583447649537,-0.177046613083315,-0.707106781186548));
#2143=DIRECTION('',(0.684583447649537,0.177046613083315,0.707106781186548));
#2144=DIRECTION('',(-0.250381721394646,0.968147196242107,0.));
#2145=DIRECTION('',(0.,0.,-1.));
#2146=DIRECTION('',(-1.,0.,0.));
#2147=DIRECTION('',(0.5,0.5,0.707106781186548));
#2148=DIRECTION('',(0.,0.,-1.));
#2149=DIRECTION('',(-1.,0.,0.));
#2150=DIRECTION('',(0.5,0.5,-0.707106781186548));
#2151=DIRECTION('',(-0.5,-0.5,-0.707106781186548));
#2152=DIRECTION('',(0.5,0.5,0.707106781186548));
#2153=DIRECTION('',(-0.707106781186547,0.707106781186548,0.));
#2154=DIRECTION('',(0.,0.,1.));
#2155=DIRECTION('',(-1.,0.,0.));
#2156=DIRECTION('',(0.707106781186548,8.56580057258087E-18,0.707106781186548));
#2157=DIRECTION('',(0.,0.,-1.));
#2158=DIRECTION('',(-1.,0.,0.));
#2159=DIRECTION('',(0.707106781186548,8.56580057258088E-18,-0.707106781186548));
#2160=DIRECTION('',(-0.707106781186548,-8.56580057258088E-18,-0.707106781186548));
#2161=DIRECTION('',(0.707106781186548,0.,0.707106781186547));
#2162=DIRECTION('',(-1.21138713423271E-17,1.,0.));
#2163=DIRECTION('',(0.489295120519098,-0.510480445302463,-0.707106781186548));
#2164=DIRECTION('',(-0.489295120519098,0.510480445302463,-0.707106781186548));
#2165=DIRECTION('',(0.721928369073,0.691967795441087,0.));
#2166=DIRECTION('',(-0.489295120519098,-0.510480445302463,-0.707106781186548));
#2167=DIRECTION('',(0.489295120519098,0.510480445302463,-0.707106781186548));
#2168=DIRECTION('',(0.721928369073,-0.691967795441087,0.));
#2169=DIRECTION('',(0.,0.,-1.));
#2170=DIRECTION('',(-1.,0.,0.));
#2171=DIRECTION('',(0.,0.,-1.));
#2172=DIRECTION('',(-1.,0.,0.));
#2173=DIRECTION('',(0.,0.,-1.));
#2174=DIRECTION('',(-1.,0.,0.));
#2175=DIRECTION('',(0.,0.,-1.));
#2176=DIRECTION('',(-1.,0.,0.));
#2177=DIRECTION('',(0.,0.,-1.));
#2178=DIRECTION('',(-1.,0.,0.));
#2179=DIRECTION('',(0.,0.,-1.));
#2180=DIRECTION('',(-1.,0.,0.));
#2181=DIRECTION('',(0.,0.,-1.));
#2182=DIRECTION('',(-1.,0.,0.));
#2183=CARTESIAN_POINT('',(0.,0.,0.));
#2184=CARTESIAN_POINT('',(-4.99552056119747,-5.48181172713489,8.8));
#2185=CARTESIAN_POINT('',(21.7512105977401,-5.72764908772133E-14,8.8));
#2186=CARTESIAN_POINT('',(19.6512105977401,-5.72764908772133E-14,8.8));
#2187=CARTESIAN_POINT('',(-21.7487894022598,-1.47573232263047E-11,8.8));
#2188=CARTESIAN_POINT('',(-23.8487894022599,-1.47573232263047E-11,8.8));
#2189=CARTESIAN_POINT('',(4.85722573273506E-13,-5.72458747072347E-14,8.8));
#2190=CARTESIAN_POINT('',(-2.59999999999951,-5.72458747072347E-14,8.8));
#2191=CARTESIAN_POINT('',(24.017906626042,5.91546379891384,8.8));
#2192=CARTESIAN_POINT('',(23.5937721765977,6.33959824835815,8.8));
#2193=CARTESIAN_POINT('',(22.9997057222763,7.38124903882661,8.8));
#2194=CARTESIAN_POINT('',(22.2219139027234,9.61888147499995,8.8));
#2195=CARTESIAN_POINT('',(21.6893784819442,11.3123246979623,8.8));
#2196=CARTESIAN_POINT('',(21.3393962719608,12.4436035596121,8.8));
#2197=CARTESIAN_POINT('',(24.017906626042,5.91546379891384,8.8));
#2198=CARTESIAN_POINT('',(21.3393962719608,12.4436035596121,8.8));
#2199=CARTESIAN_POINT('',(21.3393962719609,12.4436035596122,8.8));
#2200=CARTESIAN_POINT('',(21.33748452339,12.4497830758426,8.8));
#2201=CARTESIAN_POINT('',(21.3352633547412,12.4558479229817,8.8));
#2202=CARTESIAN_POINT('',(21.3326630646598,12.4617722701557,8.8));
#2203=CARTESIAN_POINT('',(21.3326630646598,12.4617722701557,8.8));
#2204=CARTESIAN_POINT('',(0.0556151082663234,12.461772270157,8.8));
#2205=CARTESIAN_POINT('',(-21.3326630648061,12.4617722701583,8.8));
#2206=CARTESIAN_POINT('',(-21.3326630648061,12.4617722701583,8.8));
#2207=CARTESIAN_POINT('',(-21.3352633548849,12.4558479229891,8.8));
#2208=CARTESIAN_POINT('',(-21.3374845235316,12.4497830758555,8.8));
#2209=CARTESIAN_POINT('',(-21.3393962721009,12.4436035596303,8.8));
#2210=CARTESIAN_POINT('',(-21.3393962721102,12.4436035596332,8.8));
#2211=CARTESIAN_POINT('',(-21.3393962721103,12.4436035596332,8.8));
#2212=CARTESIAN_POINT('',(-21.6900681143115,11.3100955378894,8.8));
#2213=CARTESIAN_POINT('',(-22.2209586412645,9.61691295226147,8.8));
#2214=CARTESIAN_POINT('',(-23.0083163873268,7.36406449933837,8.8));
#2215=CARTESIAN_POINT('',(-23.591180177039,6.34219024791593,8.8));
#2216=CARTESIAN_POINT('',(-24.0179066262086,5.91546379874633,8.8));
#2217=CARTESIAN_POINT('',(-24.0179066262085,5.91546379874633,8.8));
#2218=CARTESIAN_POINT('',(-20.2053513566437,9.72801906831125,8.8));
#2219=CARTESIAN_POINT('',(-25.6305215275069,4.302848897448,8.8));
#2220=CARTESIAN_POINT('',(-23.7920438964218,2.46437126636298,8.8));
#2221=CARTESIAN_POINT('',(-26.3920438964218,2.46437126636298,8.8));
#2222=CARTESIAN_POINT('',(-26.3920438964218,-5.48181172713489,8.8));
#2223=CARTESIAN_POINT('',(-26.3920438964218,-4.83038871186375,8.8));
#2224=CARTESIAN_POINT('',(-23.7920438964218,-4.83038871186376,8.8));
#2225=CARTESIAN_POINT('',(-25.4225969800277,-7.24128214845916,8.8));
#2226=CARTESIAN_POINT('',(-15.6553471758401,-16.6031836944595,8.8));
#2227=CARTESIAN_POINT('',(-13.4979064961559,-18.6710889533053,8.8));
#2228=CARTESIAN_POINT('',(-13.4979064961559,-16.5914213563555,8.8));
#2229=CARTESIAN_POINT('',(-13.497906496156,-17.4701010127957,8.8));
#2230=CARTESIAN_POINT('',(-5.01262512191693,-21.7127416999152,8.8));
#2231=CARTESIAN_POINT('',(-9.25526580903666,-13.2274603256767,8.8));
#2232=CARTESIAN_POINT('',(10.1339454654197,-13.2274603256767,8.8));
#2233=CARTESIAN_POINT('',(9.25526580898329,-13.2274603256395,8.8));
#2234=CARTESIAN_POINT('',(5.01262512189165,-21.712741699895,8.8));
#2235=CARTESIAN_POINT('',(13.497906496111,-17.4701010127418,8.8));
#2236=CARTESIAN_POINT('',(13.4979064961271,-21.3030222518279,8.8));
#2237=CARTESIAN_POINT('',(13.4979064961161,-18.6734091517165,8.8));
#2238=CARTESIAN_POINT('',(10.4493697258933,-21.5954293390114,8.8));
#2239=CARTESIAN_POINT('',(25.4250176375183,-7.2412821484592,8.8));
#2240=CARTESIAN_POINT('',(23.7944645539126,-4.8303887118638,8.8));
#2241=CARTESIAN_POINT('',(26.3944645539126,-4.83038871186381,8.8));
#2242=CARTESIAN_POINT('',(26.3944645539126,2.46195060887323,8.8));
#2243=CARTESIAN_POINT('',(26.3944645539126,2.46195060887323,8.8));
#2244=CARTESIAN_POINT('',(23.7944645539126,2.46195060887323,8.8));
#2245=CARTESIAN_POINT('',(25.6329421849976,4.30042823995825,8.8));
#2246=CARTESIAN_POINT('',(23.9039966605801,6.02937376437576,8.8));
#2247=CARTESIAN_POINT('',(0.00121032874534493,-14.7030222518331,2.2));
#2248=CARTESIAN_POINT('',(12.1313062674731,-16.9435194019819,4.44049715014891));
#2249=CARTESIAN_POINT('',(12.8112066805605,-15.103022251833,2.6));
#2250=CARTESIAN_POINT('',(10.0018902335495,-22.7078696898725,10.2048474380395));
#2251=CARTESIAN_POINT('',(12.0048952239865,-20.7048646994265,8.20184244759346));
#2252=CARTESIAN_POINT('',(7.6268386842784,-25.0829212391545,12.5798989873214));
#2253=CARTESIAN_POINT('',(5.36409698447156,-22.8201795393578,10.3171572875248));
#2254=CARTESIAN_POINT('',(5.36409698448534,-26.0201795393579,13.5171572875248));
#2255=CARTESIAN_POINT('',(0.00121032874775365,-26.0201795393585,13.5171572875254));
#2256=CARTESIAN_POINT('',(-5.36409698449222,-26.020179539359,13.517157287526));
#2257=CARTESIAN_POINT('',(-5.36409698449256,-22.820179539359,10.317157287526));
#2258=CARTESIAN_POINT('',(-7.62683868428941,-25.0829212391561,12.579898987323));
#2259=CARTESIAN_POINT('',(-12.0040883381597,-20.7056715852862,8.20264933345317));
#2260=CARTESIAN_POINT('',(-9.99805150724004,-22.7117084162057,10.2086861643726));
#2261=CARTESIAN_POINT('',(-12.1288856099823,-16.9435194019819,4.4404971501489));
#2262=CARTESIAN_POINT('',(-12.8087860730237,-15.1029085160656,2.6));
#2263=CARTESIAN_POINT('',(-12.8087861229777,-15.1029085160657,2.59988626423261));
#2264=CARTESIAN_POINT('',(-12.8088446359424,-14.9696302971294,2.46660804529636));
#2265=CARTESIAN_POINT('',(-12.8089031489072,-14.8363520781932,2.33332982636012));
#2266=CARTESIAN_POINT('',(-12.808961661872,-14.7030738592569,2.20005160742387));
#2267=CARTESIAN_POINT('',(-12.808961661872,-14.7031254666808,2.2));
#2268=CARTESIAN_POINT('',(0.00121032874534493,-14.703022251833,2.2));
#2269=CARTESIAN_POINT('',(12.8112066805605,-14.703022251833,2.2));
#2270=CARTESIAN_POINT('',(12.8112066805605,-14.7030222518331,2.19999999999999));
#2271=CARTESIAN_POINT('',(12.8112066805605,-14.8363555851664,2.33333333333333));
#2272=CARTESIAN_POINT('',(12.8112066805605,-14.9696889184997,2.46666666666666));
#2273=CARTESIAN_POINT('',(12.8112066805605,-15.1030222518331,2.59999999999999));
#2274=CARTESIAN_POINT('',(21.2659720294055,12.4617722701557,7.8));
#2275=CARTESIAN_POINT('',(21.2659720294055,12.4617722701557,7.8));
#2276=CARTESIAN_POINT('',(21.2659720294056,13.4332590712307,8.03709364254876));
#2277=CARTESIAN_POINT('',(21.2659720294056,12.7152603295215,8.76733851559783));
#2278=CARTESIAN_POINT('',(21.3927160590884,12.5885162998386,7.8));
#2279=CARTESIAN_POINT('',(21.4673736953027,12.5138586636244,8.7781228841967));
#2280=CARTESIAN_POINT('',(21.2659720294055,12.4617722701557,7.8));
#2281=CARTESIAN_POINT('',(22.2341192256477,12.7121539915504,7.8));
#2282=CARTESIAN_POINT('',(21.2659720294056,12.4617722701557,7.8));
#2283=CARTESIAN_POINT('',(-21.2659720295503,12.4617722701583,7.80000000000227));
#2284=CARTESIAN_POINT('',(-21.2659720295503,12.4617722701583,7.80000000000453));
#2285=CARTESIAN_POINT('',(-22.2341192257935,12.7121539915489,7.80000000000254));
#2286=CARTESIAN_POINT('',(-21.4673736954189,12.5138586636188,8.77812288420754));
#2287=CARTESIAN_POINT('',(-21.3927160592147,12.5885162998227,7.80000000000227));
#2288=CARTESIAN_POINT('',(-21.2659720295503,12.7152603294865,8.76733851560768));
#2289=CARTESIAN_POINT('',(-21.2659720295503,12.4617722701583,7.8));
#2290=CARTESIAN_POINT('',(-21.2659720295503,13.4332590712328,8.03709364255089));
#2291=CARTESIAN_POINT('',(-21.2659720295505,12.4617722701578,7.80000000000213));
#2292=CARTESIAN_POINT('',(21.4543245781054,11.7334723331105,10.7841954784494));
#2293=CARTESIAN_POINT('',(21.4543245781054,12.7049591341856,11.0212891209981));
#2294=CARTESIAN_POINT('',(20.9228006698365,14.7601667033362,2.6));
#2295=CARTESIAN_POINT('',(22.4347693292705,11.9363032858107,10.9790338708715));
#2296=CARTESIAN_POINT('',(21.9059124240785,13.9812262423409,2.6));
#2297=CARTESIAN_POINT('',(21.9059124240785,13.9812262423409,2.59999999999998));
#2298=CARTESIAN_POINT('',(21.8681818131959,14.1271186219245,2.59999999999998));
#2299=CARTESIAN_POINT('',(21.7759756216186,14.3029803750287,2.6008945773282));
#2300=CARTESIAN_POINT('',(21.6319581721504,14.4653780944719,2.60028901383816));
#2301=CARTESIAN_POINT('',(21.5573225210456,14.5352283572848,2.59989662724323));
#2302=CARTESIAN_POINT('',(21.3922335894469,14.6481960888092,2.60012447718887));
#2303=CARTESIAN_POINT('',(21.1880721976463,14.7336698505165,2.60023694459087));
#2304=CARTESIAN_POINT('',(21.0254324193446,14.7601945840594,2.60000000000016));
#2305=CARTESIAN_POINT('',(20.922800661278,14.7601945840592,2.60000000000011));
#2306=CARTESIAN_POINT('',(22.7099333842021,10.87233061718,10.7020013893841));
#2307=CARTESIAN_POINT('',(22.0756338947231,13.3249668116137,7.8000000000001));
#2308=CARTESIAN_POINT('',(23.5806793474558,7.50543043665836,7.8000000000001));
#2309=CARTESIAN_POINT('',(23.5806793474555,7.50543043665861,10.7020013893844));
#2310=CARTESIAN_POINT('',(23.5806793474562,7.50543043665791,2.6));
#2311=CARTESIAN_POINT('',(24.937398735455,2.25942420160984,2.6));
#2312=CARTESIAN_POINT('',(-21.4666221331707,11.6859215644121,10.9790338708982));
#2313=CARTESIAN_POINT('',(-22.4347693294139,11.9363032858027,10.9790338708984));
#2314=CARTESIAN_POINT('',(-21.9059124242312,13.9812262423394,2.6));
#2315=CARTESIAN_POINT('',(-20.4444397351606,16.6098655064906,-4.97899228403922));
#2316=CARTESIAN_POINT('',(-20.9228006614319,14.7601945840618,2.6));
#2317=CARTESIAN_POINT('',(-20.9228006614339,14.7601945840618,2.59999999999987));
#2318=CARTESIAN_POINT('',(-21.0254124337071,14.7601945840616,2.59999999999982));
#2319=CARTESIAN_POINT('',(-21.1880406061072,14.7336766219849,2.60023897373055));
#2320=CARTESIAN_POINT('',(-21.3922074964869,14.6482122419649,2.60012750601954));
#2321=CARTESIAN_POINT('',(-21.5573378892589,14.5352161783658,2.59989626458484));
#2322=CARTESIAN_POINT('',(-21.6319227931774,14.4654106570001,2.60028743564106));
#2323=CARTESIAN_POINT('',(-21.7759456430672,14.3030275452229,2.60089395872526));
#2324=CARTESIAN_POINT('',(-21.8681734391478,14.1271510023203,2.6));
#2325=CARTESIAN_POINT('',(-21.9059124242311,13.9812262423394,2.6));
#2326=CARTESIAN_POINT('',(134.806046488775,14.35285273967,4.26907564913573));
#2327=CARTESIAN_POINT('',(134.806046488775,13.4332590712239,8.03709364254876));
#2328=CARTESIAN_POINT('',(-4.99552056119625,14.7601945840608,2.6));
#2329=CARTESIAN_POINT('',(-22.7099333843634,10.8723306170846,10.7020013893889));
#2330=CARTESIAN_POINT('',(-25.5637471585928,-0.162467725116098,2.6));
#2331=CARTESIAN_POINT('',(-23.5806793476196,7.50543043650256,2.6));
#2332=CARTESIAN_POINT('',(-23.5806793476175,7.50543043650473,8.41728183570445));
#2333=CARTESIAN_POINT('',(-23.5806793476177,7.50543043650456,7.80000000000514));
#2334=CARTESIAN_POINT('',(-22.0756338948953,13.324966811521,7.80000000000482));
#2335=CARTESIAN_POINT('',(-21.741786188121,10.621948895694,7.80000000000463));
#2336=CARTESIAN_POINT('',(-20.9122699980632,13.8294265389602,7.80000000000445));
#2337=CARTESIAN_POINT('',(21.7417861879602,10.6219488957854,7.8));
#2338=CARTESIAN_POINT('',(20.9122699978584,13.829426539166,7.8));
#2339=CARTESIAN_POINT('',(134.806046488775,12.4617722701489,7.8));
#2340=CARTESIAN_POINT('',(-21.332663064806,12.4617722701583,8.8));
#2341=CARTESIAN_POINT('',(-21.3100715817316,12.5475574356228,8.80000000000001));
#2342=CARTESIAN_POINT('',(-21.2876913096726,12.6327031672171,8.78897236405853));
#2343=CARTESIAN_POINT('',(-21.2659720295509,12.7152603294867,8.76733851560761));
#2344=CARTESIAN_POINT('',(21.3326630646597,12.4617722701557,8.8));
#2345=CARTESIAN_POINT('',(21.3100715815785,12.5475574356312,8.8));
#2346=CARTESIAN_POINT('',(21.2876913043553,12.6327031659658,8.78897236438915));
#2347=CARTESIAN_POINT('',(21.2659720294056,12.7152603295215,8.76733851559783));
#2348=CARTESIAN_POINT('',(5.84822166578339E-12,-21.6134256522781,14.2));
#2349=CARTESIAN_POINT('',(-5.36409698449218,-21.8500000001183,14.2000000000006));
#2350=CARTESIAN_POINT('',(-5.36409698449218,-25.7373368268844,14.2000000000006));
#2351=CARTESIAN_POINT('',(-5.36409698449218,-21.1127416999158,14.2000000000006));
#2352=CARTESIAN_POINT('',(6.28708393906178E-12,-25.7373368268838,14.2));
#2353=CARTESIAN_POINT('',(5.36409698448538,-25.7373368268832,14.1999999999994));
#2354=CARTESIAN_POINT('',(5.36409698446906,-21.8500000000958,14.1999999999994));
#2355=CARTESIAN_POINT('',(5.36409698446596,-21.1127416999147,14.1999999999994));
#2356=CARTESIAN_POINT('',(0.00331283472600428,-21.1127416999153,14.2));
#2357=CARTESIAN_POINT('',(-6.92597648715527,-21.8500000001183,14.1292893218809));
#2358=CARTESIAN_POINT('',(-11.3579106035376,-17.6748940577381,9.69735520549898));
#2359=CARTESIAN_POINT('',(-11.3765861525964,-21.217224512459,9.67867965644024));
#2360=CARTESIAN_POINT('',(-10.2808942197146,-22.4288657037311,10.7743715893219));
#2361=CARTESIAN_POINT('',(-8.2372376325459,-24.4725222908996,12.8180281764904));
#2362=CARTESIAN_POINT('',(-7.909681396764,-24.8000785266814,13.1455844122722));
#2363=CARTESIAN_POINT('',(-7.909681396764,-21.8500000001183,13.1455844122722));
#2364=CARTESIAN_POINT('',(-7.90968139676399,-20.9370057686277,13.1455844122723));
#2365=CARTESIAN_POINT('',(-8.71106908210875,-20.1356180832831,12.3441967269276));
#2366=CARTESIAN_POINT('',(-11.3765861525964,-17.4701010127957,9.67867965644025));
#2367=CARTESIAN_POINT('',(-11.3765861525964,-21.3030222518331,9.67867965644024));
#2368=CARTESIAN_POINT('',(-5.36409698449256,-21.8500000001183,10.6000000000006));
#2369=CARTESIAN_POINT('',(-5.36409698449256,-22.5373368268844,10.6000000000006));
#2370=CARTESIAN_POINT('',(-5.36409698449256,-20.5127416999158,10.6000000000006));
#2371=CARTESIAN_POINT('',(0.0556151082650686,-16.8600505064571,11.1899494936611));
#2372=CARTESIAN_POINT('',(8.48091756304532,-16.1231289151438,10.4530279023818));
#2373=CARTESIAN_POINT('',(5.78836105317863,-18.8156854250651,13.1455844122691));
#2374=CARTESIAN_POINT('',(9.25526580897918,-15.3487806692034,9.67867965644446));
#2375=CARTESIAN_POINT('',(-10.1339454654771,-15.3487806692363,9.67867965644036));
#2376=CARTESIAN_POINT('',(-9.25526580903665,-15.3487806692363,9.67867965644036));
#2377=CARTESIAN_POINT('',(-8.48091756309342,-16.1231289151794,10.4530279023835));
#2378=CARTESIAN_POINT('',(-5.78836105320448,-18.8156854250681,13.1455844122721));
#2379=CARTESIAN_POINT('',(-5.36409698449256,-18.3914213563562,12.7213203435602));
#2380=CARTESIAN_POINT('',(-5.36409698449256,-18.9914213563562,13.3213203435602));
#2381=CARTESIAN_POINT('',(0.0556151082655222,-18.9914213563556,13.3213203435596));
#2382=CARTESIAN_POINT('',(5.36409698446564,-18.991421356355,13.3213203435591));
#2383=CARTESIAN_POINT('',(5.36409698446306,-18.391421356355,12.7213203435591));
#2384=CARTESIAN_POINT('',(0.0556151082655223,-21.1127416999153,11.2));
#2385=CARTESIAN_POINT('',(-5.36409698449256,-21.1127416999158,11.2000000000006));
#2386=CARTESIAN_POINT('',(5.36409698446564,-21.1127416999147,11.1999999999994));
#2387=CARTESIAN_POINT('',(-7.90968139676422,-20.9370057686278,13.1455844122721));
#2388=CARTESIAN_POINT('',(-7.20257461557766,-19.5227922062547,13.8526911934587));
#2389=CARTESIAN_POINT('',(-5.7883610532045,-18.8156854250681,13.1455844122721));
#2390=CARTESIAN_POINT('',(-7.24324854466315,-21.048077910575,13.8120172643732));
#2391=CARTESIAN_POINT('',(-6.62313163179791,-19.7474742138765,14.07737320108));
#2392=CARTESIAN_POINT('',(-5.6772889111177,-18.9267575670155,13.2566565542195));
#2393=CARTESIAN_POINT('',(-6.30657565323299,-21.1127416997346,14.2000000000006));
#2394=CARTESIAN_POINT('',(-5.98125260656888,-19.8701010124275,14.1999999996304));
#2395=CARTESIAN_POINT('',(-5.52117676261597,-18.991421356175,13.321320343379));
#2396=CARTESIAN_POINT('',(-5.36409698449257,-21.1127416999159,14.2000000000006));
#2397=CARTESIAN_POINT('',(-5.36409698449256,-19.8701010127966,14.2000000000006));
#2398=CARTESIAN_POINT('',(-5.36409698449256,-18.9914213563562,13.3213203435602));
#2399=CARTESIAN_POINT('',(-5.78836105320448,-20.9370057686277,11.0242640687125));
#2400=CARTESIAN_POINT('',(-4.8282263696351,-21.897140452197,11.9843987522818));
#2401=CARTESIAN_POINT('',(-5.01262512191693,-21.7127416999152,11.8));
#2402=CARTESIAN_POINT('',(4.82822636961158,-21.8971404521767,11.9843987522809));
#2403=CARTESIAN_POINT('',(8.7110690820779,-20.1356180832465,12.3441967269259));
#2404=CARTESIAN_POINT('',(11.376586152551,-17.4701010127506,9.67867965644071));
#2405=CARTESIAN_POINT('',(7.90968139673681,-20.9370057685943,13.1455844122706));
#2406=CARTESIAN_POINT('',(5.01262512189165,-21.712741699895,11.8));
#2407=CARTESIAN_POINT('',(5.78836105317863,-20.9370057686247,11.0242640687095));
#2408=CARTESIAN_POINT('',(5.36409698448073,-21.1127416999147,14.1999999999994));
#2409=CARTESIAN_POINT('',(5.3640969844755,-19.8701010127954,14.1999999999994));
#2410=CARTESIAN_POINT('',(5.3640969844681,-18.9914213563551,13.3213203435591));
#2411=CARTESIAN_POINT('',(6.30657565322146,-21.1127416997286,14.1999999999955));
#2412=CARTESIAN_POINT('',(5.98125260655192,-19.8701010124226,14.1999999996263));
#2413=CARTESIAN_POINT('',(5.52117676259157,-18.9914213561723,13.3213203433763));
#2414=CARTESIAN_POINT('',(7.24324854464894,-21.0480779105655,13.8120172643648));
#2415=CARTESIAN_POINT('',(6.62313163177837,-19.7474742138676,14.0773732010725));
#2416=CARTESIAN_POINT('',(5.67728891109245,-18.9267575670121,13.2566565542161));
#2417=CARTESIAN_POINT('',(7.90968139674768,-20.9370057686158,13.1455844122597));
#2418=CARTESIAN_POINT('',(7.20257461555811,-19.5227922062456,13.8526911934496));
#2419=CARTESIAN_POINT('',(5.78836105317865,-18.8156854250651,13.1455844122691));
#2420=CARTESIAN_POINT('',(5.36409698446306,-20.5127416999147,10.5999999999994));
#2421=CARTESIAN_POINT('',(5.36409698446867,-21.8500000000958,10.5999999999994));
#2422=CARTESIAN_POINT('',(5.36409698447156,-22.5373368268832,10.5999999999994));
#2423=CARTESIAN_POINT('',(7.90968139675304,-24.8000785266786,13.1455844122706));
#2424=CARTESIAN_POINT('',(7.90968139674065,-21.8500000000851,13.1455844122706));
#2425=CARTESIAN_POINT('',(6.92597648713213,-21.8500000000892,14.1292893218794));
#2426=CARTESIAN_POINT('',(8.23723763254059,-24.4725222908896,12.8180281764815));
#2427=CARTESIAN_POINT('',(10.2847329460242,-22.4250269773967,10.7705328629887));
#2428=CARTESIAN_POINT('',(11.3617493298592,-17.6710553313714,9.69351647913339));
#2429=CARTESIAN_POINT('',(11.3765861525668,-21.2180232230711,9.6786796564407));
#2430=CARTESIAN_POINT('',(11.3765861525473,-16.5914213563101,9.6786796564407));
#2431=CARTESIAN_POINT('',(26.7944645539126,1.98076407804745,2.202));
#2432=CARTESIAN_POINT('',(26.7944645539126,2.46195060887325,2.202));
#2433=CARTESIAN_POINT('',(26.7944645539126,2.46195060887324,2.6));
#2434=CARTESIAN_POINT('',(26.7944645539126,2.46195060887323,8.4));
#2435=CARTESIAN_POINT('',(26.7944645539126,-5.08875653788719,8.4));
#2436=CARTESIAN_POINT('',(26.7944645539126,-4.83038871186381,8.4));
#2437=CARTESIAN_POINT('',(26.7944645539126,-1.32898418971036,2.97919420379139));
#2438=CARTESIAN_POINT('',(26.7944645539126,-1.08405523452473,2.6));
#2439=CARTESIAN_POINT('',(26.7944645539126,-5.48181172713489,2.6));
#2440=CARTESIAN_POINT('',(-26.7920438964218,1.98076407804745,2.20200000000021));
#2441=CARTESIAN_POINT('',(-26.7920438964218,-0.000409633591754977,0.922321137872946));
#2442=CARTESIAN_POINT('',(-26.7920438964218,-1.08405523452465,2.6));
#2443=CARTESIAN_POINT('',(-26.7920438964218,-4.83038871186375,8.4));
#2444=CARTESIAN_POINT('',(-26.7920438964218,1.98076407804745,8.4));
#2445=CARTESIAN_POINT('',(-26.7920438964218,2.46437126636298,8.4));
#2446=CARTESIAN_POINT('',(-26.7920438964218,2.46437126636296,2.20200000000021));
#2447=CARTESIAN_POINT('',(-26.7920438964218,2.46437126636297,2.6));
#2448=CARTESIAN_POINT('',(-26.7920438964218,-5.48181172713489,2.6));
#2449=CARTESIAN_POINT('',(13.4979064961294,-21.8500000000616,11.8));
#2450=CARTESIAN_POINT('',(11.3765861525668,-21.2180232230711,9.6786796564407));
#2451=CARTESIAN_POINT('',(11.766732232991,-20.6840143926101,9.28853357601413));
#2452=CARTESIAN_POINT('',(12.270047735348,-20.1686404824637,9.02049195767959));
#2453=CARTESIAN_POINT('',(12.737278434928,-19.5714389555674,8.89802740320871));
#2454=CARTESIAN_POINT('',(12.737278434928,-19.5714389555674,8.89802740320871));
#2455=CARTESIAN_POINT('',(13.4979064961253,-20.8695356729065,11.8));
#2456=CARTESIAN_POINT('',(13.497906496111,-17.4701010127418,11.8));
#2457=CARTESIAN_POINT('',(9.25526580896866,-13.2274603256395,8.8));
#2458=CARTESIAN_POINT('',(9.25526580897482,-14.4701010127596,8.8));
#2459=CARTESIAN_POINT('',(9.25526580897918,-15.3487806692002,9.67867965644139));
#2460=CARTESIAN_POINT('',(10.5378156470509,-13.2274603256339,8.8));
#2461=CARTESIAN_POINT('',(10.2662828492264,-14.2966379109006,8.79999999999427));
#2462=CARTESIAN_POINT('',(10.1102990343688,-15.135022362848,9.46492135009321));
#2463=CARTESIAN_POINT('',(12.7043276288362,-14.0210391928786,8.8));
#2464=CARTESIAN_POINT('',(12.0192633985237,-14.7061034231956,8.80000000000322));
#2465=CARTESIAN_POINT('',(11.4223772110118,-15.3029896107149,9.23609916434006));
#2466=CARTESIAN_POINT('',(13.4979064961066,-16.1875511746662,8.8));
#2467=CARTESIAN_POINT('',(12.4287289108442,-16.4590839725033,8.79999999999914));
#2468=CARTESIAN_POINT('',(11.5903444588933,-16.6150677873699,9.46492135009482));
#2469=CARTESIAN_POINT('',(13.4979064961111,-17.4701010127418,8.8));
#2470=CARTESIAN_POINT('',(12.2552658089915,-17.470101012747,8.8));
#2471=CARTESIAN_POINT('',(11.376586152551,-17.4701010127507,9.67867965644072));
#2472=CARTESIAN_POINT('',(9.25526580896244,-13.2274603256395,11.8));
#2473=CARTESIAN_POINT('',(0.0556151082650686,-13.2274603256767,11.8));
#2474=CARTESIAN_POINT('',(-9.25526580903664,-13.2274603256767,11.8));
#2475=CARTESIAN_POINT('',(-13.497906496156,-17.4701010127958,8.8));
#2476=CARTESIAN_POINT('',(-12.2552658090368,-17.4701010127958,8.8));
#2477=CARTESIAN_POINT('',(-11.3765861525964,-17.4701010127957,9.67867965644026));
#2478=CARTESIAN_POINT('',(-13.4979064961471,-16.1875511747234,8.8));
#2479=CARTESIAN_POINT('',(-12.4287289108813,-16.4590839725519,8.8000000000015));
#2480=CARTESIAN_POINT('',(-11.590344458937,-16.6150677874157,9.46492135009971));
#2481=CARTESIAN_POINT('',(-12.7043276289014,-14.0210391929329,8.8));
#2482=CARTESIAN_POINT('',(-12.019263398588,-14.706103423243,8.79999999999762));
#2483=CARTESIAN_POINT('',(-11.4223772110701,-15.3029896107612,9.23609916433631));
#2484=CARTESIAN_POINT('',(-10.5378156471179,-13.2274603256733,8.8));
#2485=CARTESIAN_POINT('',(-10.2662828492861,-14.2966379109489,8.80000000000334));
#2486=CARTESIAN_POINT('',(-10.1102990344245,-15.1350223628907,9.46492135009478));
#2487=CARTESIAN_POINT('',(-9.25526580903666,-13.2274603256766,8.8));
#2488=CARTESIAN_POINT('',(-9.25526580903666,-14.4701010127959,8.8));
#2489=CARTESIAN_POINT('',(-9.25526580903666,-15.3487806692363,9.67867965644036));
#2490=CARTESIAN_POINT('',(-13.497906496156,-17.4701010127957,11.8));
#2491=CARTESIAN_POINT('',(-13.4979064961559,-5.48181172713489,11.8));
#2492=CARTESIAN_POINT('',(-13.4979064961559,-20.8672154745041,11.8));
#2493=CARTESIAN_POINT('',(-12.7349131615641,-19.5721427393242,8.89864838887657));
#2494=CARTESIAN_POINT('',(-12.7349131615641,-19.5721427393242,8.89864838887657));
#2495=CARTESIAN_POINT('',(-12.2684109965732,-20.1687106321608,9.02132846704982));
#2496=CARTESIAN_POINT('',(-11.7662445700602,-20.6835703628263,9.2890212389761));
#2497=CARTESIAN_POINT('',(-11.3765861525962,-21.2172245124588,9.67867965644005));
#2498=CARTESIAN_POINT('',(-20.6534345216043,-8.41916981142979,2.2));
#2499=CARTESIAN_POINT('',(-16.4161159734471,-10.2724803944494,-1.21862386320705));
#2500=CARTESIAN_POINT('',(-15.005473233897,-14.0911042576564,2.6));
#2501=CARTESIAN_POINT('',(-12.8840350375066,-19.8338584603536,8.34275420269717));
#2502=CARTESIAN_POINT('',(-13.7487608167107,-21.1289311955334,11.6309526953037));
#2503=CARTESIAN_POINT('',(-13.7487608167107,-18.9328046743347,8.23095269530372));
#2504=CARTESIAN_POINT('',(-22.5994413174169,-10.4494341121122,8.23095269530372));
#2505=CARTESIAN_POINT('',(-25.6734513005824,-7.50299786948857,8.23095269530372));
#2506=CARTESIAN_POINT('',(-25.6734513005824,-5.02399534437633,4.3930096150568));
#2507=CARTESIAN_POINT('',(-25.6734066815172,-3.86580875877863,2.6));
#2508=CARTESIAN_POINT('',(-14.0892626534665,-14.9692914056617,2.6));
#2509=CARTESIAN_POINT('',(20.6558551790951,-8.41916981142983,2.2));
#2510=CARTESIAN_POINT('',(25.6758719580731,-7.55492122681679,8.31133941856931));
#2511=CARTESIAN_POINT('',(25.675871958073,-3.86585535367326,2.6));
#2512=CARTESIAN_POINT('',(25.6758719580731,-7.50299786948861,8.23095269530372));
#2513=CARTESIAN_POINT('',(22.6018619749076,-10.4494341121123,8.23095269530372));
#2514=CARTESIAN_POINT('',(13.7487608166708,-18.9351248727459,8.23095269530372));
#2515=CARTESIAN_POINT('',(13.74876081668,-21.1312513939359,11.6309526953037));
#2516=CARTESIAN_POINT('',(12.8867156806577,-19.833154676597,8.3420504189406));
#2517=CARTESIAN_POINT('',(16.4185366309379,-10.2724803944494,-1.21862386320703));
#2518=CARTESIAN_POINT('',(15.0078262137549,-14.0910336691583,2.6));
#2519=CARTESIAN_POINT('',(8.88328520351972,-19.9615370502136,2.6));
#2520=CARTESIAN_POINT('',(-25.2899644310615,5.2090914188426,27.2));
#2521=CARTESIAN_POINT('',(-25.9133642399814,4.58569160992267,27.2));
#2522=CARTESIAN_POINT('',(-25.9133642399815,4.58569160992261,2.6));
#2523=CARTESIAN_POINT('',(-25.9133642399815,4.58569160992263,8.4));
#2524=CARTESIAN_POINT('',(-25.2899644310615,5.2090914188426,8.4));
#2525=CARTESIAN_POINT('',(-24.3007493386832,6.19830651122095,8.4));
#2526=CARTESIAN_POINT('',(-18.7909496545035,11.7081061954006,7.80000000000445));
#2527=CARTESIAN_POINT('',(-24.3638005927875,6.1352552571166,7.80000000000594));
#2528=CARTESIAN_POINT('',(-24.3638005927896,6.13525525711451,2.20000000000043));
#2529=CARTESIAN_POINT('',(-24.3638005927895,6.13525525711466,2.6));
#2530=CARTESIAN_POINT('',(-20.4881940691183,10.0108617807859,2.6));
#2531=CARTESIAN_POINT('',(25.2899644310625,5.20909141884259,27.2));
#2532=CARTESIAN_POINT('',(18.7909496542987,11.7081061956064,7.8));
#2533=CARTESIAN_POINT('',(24.3638005926224,6.13525525728268,7.80000000000028));
#2534=CARTESIAN_POINT('',(24.3007493385166,6.19830651138846,8.4));
#2535=CARTESIAN_POINT('',(25.9157848974722,4.58327095243287,8.4));
#2536=CARTESIAN_POINT('',(25.9157848974722,4.58327095243287,8.4));
#2537=CARTESIAN_POINT('',(25.9157848974722,4.58327095243282,27.2));
#2538=CARTESIAN_POINT('',(25.9157848974722,4.58327095243288,2.6));
#2539=CARTESIAN_POINT('',(15.4926735079212,15.0063823419838,2.6));
#2540=CARTESIAN_POINT('',(24.3638005926229,6.1352552572822,2.6));
#2541=CARTESIAN_POINT('',(24.3638005926208,6.13525525728432,27.2));
#2542=CARTESIAN_POINT('',(-26.4851209363399,8.25657560068348,27.1999999999993));
#2543=CARTESIAN_POINT('',(-26.4851209363491,8.2565756006743,2.6));
#2544=CARTESIAN_POINT('',(-26.4851209363472,8.25657560067624,7.80000000000594));
#2545=CARTESIAN_POINT('',(-23.5806793476176,7.50543043650454,7.80000000000511));
#2546=CARTESIAN_POINT('',(-23.7854643083721,6.71359154153195,7.80000000000551));
#2547=CARTESIAN_POINT('',(-24.3638005927875,6.13525525711664,7.80000000000599));
#2548=CARTESIAN_POINT('',(-23.5806793494002,7.50543042961179,7.9185832981476));
#2549=CARTESIAN_POINT('',(-23.785464313889,6.71359153602099,8.08323729004224));
#2550=CARTESIAN_POINT('',(-24.363800598631,6.13525525127306,8.27433319257349));
#2551=CARTESIAN_POINT('',(-23.4640064106343,7.78193943696516,8.16203840926861));
#2552=CARTESIAN_POINT('',(-23.5488655083059,6.95019034159559,8.67358401832964));
#2553=CARTESIAN_POINT('',(-24.1201344966962,6.37892135320789,9.2481536370325));
#2554=CARTESIAN_POINT('',(-22.9571889129557,8.98307144328458,8.47412830661185));
#2555=CARTESIAN_POINT('',(-22.5358649432288,7.9631909066756,9.31368907970331));
#2556=CARTESIAN_POINT('',(-23.0616693235926,7.43738652631154,10.4965132265333));
#2557=CARTESIAN_POINT('',(-22.3680377616991,10.3793300743262,8.64884202598888));
#2558=CARTESIAN_POINT('',(-21.4060081903623,9.09304765954321,9.48173007599444));
#2559=CARTESIAN_POINT('',(-21.8312540773166,8.6678017725875,11.1953681036476));
#2560=CARTESIAN_POINT('',(-21.8862232040085,11.5212063704133,8.73518236123079));
#2561=CARTESIAN_POINT('',(-20.5123600146029,9.98669583529846,9.41491100218837));
#2562=CARTESIAN_POINT('',(-20.8250064002085,9.67404944969566,11.5407294454185));
#2563=CARTESIAN_POINT('',(-21.6110512042181,12.1733501860117,8.76667132606528));
#2564=CARTESIAN_POINT('',(-20.0137211696156,10.4853346802947,9.3037980979699));
#2565=CARTESIAN_POINT('',(-20.2503222581477,10.2487335917564,11.6666853031218));
#2566=CARTESIAN_POINT('',(-21.4673736954186,12.5138586636187,8.77812288420761));
#2567=CARTESIAN_POINT('',(-19.7603289755032,10.7387268744009,9.22414236720471));
#2568=CARTESIAN_POINT('',(-19.9502583494639,10.5487975004402,11.7124915368169));
#2569=CARTESIAN_POINT('',(-24.3007493386832,6.19830651122095,8.4));
#2570=CARTESIAN_POINT('',(-23.8840603453194,6.61499550458473,8.42132733432747));
#2571=CARTESIAN_POINT('',(-23.3332039589035,7.62141542770135,8.52814817161385));
#2572=CARTESIAN_POINT('',(-22.6744989769247,9.22883395789479,8.68027761624256));
#2573=CARTESIAN_POINT('',(-22.0421577452718,10.8447931420372,8.75370809986073));
#2574=CARTESIAN_POINT('',(-21.6306923911774,11.9283466836778,8.78141415029089));
#2575=CARTESIAN_POINT('',(-21.4255353804535,12.4702522989692,8.78970488668432));
#2576=CARTESIAN_POINT('',(-21.4255353804526,12.4702522989701,8.78970488668445));
#2577=CARTESIAN_POINT('',(-22.0715786930236,12.6701178439998,11.7124915368169));
#2578=CARTESIAN_POINT('',(-21.7729481482077,12.9687483888157,7.80000000000227));
#2579=CARTESIAN_POINT('',(-21.4255353804447,12.4702522989659,8.78970488668421));
#2580=CARTESIAN_POINT('',(-21.4206910516064,12.478933275259,8.79018204029086));
#2581=CARTESIAN_POINT('',(-21.4155583444843,12.4874428168948,8.79060012443384));
#2582=CARTESIAN_POINT('',(-21.4101119939252,12.4957658353987,8.79095536944836));
#2583=CARTESIAN_POINT('',(-21.4101119939255,12.4957658353988,8.79095536944835));
#2584=CARTESIAN_POINT('',(-21.4101119939255,12.4957658353987,8.79095536944836));
#2585=CARTESIAN_POINT('',(-21.3618614508334,12.5695014788582,8.7941025713583));
#2586=CARTESIAN_POINT('',(-21.3133147323997,12.6434783620328,8.78614875766172));
#2587=CARTESIAN_POINT('',(-21.2659720295509,12.7152603294873,8.76733851560973));
#2588=CARTESIAN_POINT('',(-23.7920438964218,2.46437126636296,2.20200000000019));
#2589=CARTESIAN_POINT('',(-23.7920438964218,2.46437126636298,8.4));
#2590=CARTESIAN_POINT('',(-23.7920438964218,2.46437126636297,2.6));
#2591=CARTESIAN_POINT('',(26.4851209361818,8.25657560084254,10.7020013893846));
#2592=CARTESIAN_POINT('',(26.4851209361825,8.25657560084185,2.6));
#2593=CARTESIAN_POINT('',(26.485120936182,8.25657560084229,7.80000000000028));
#2594=CARTESIAN_POINT('',(24.3638005926224,6.13525525728272,7.80000000000033));
#2595=CARTESIAN_POINT('',(23.7854643082118,6.71359154169326,7.8000000000002));
#2596=CARTESIAN_POINT('',(23.5806793474557,7.50543043665843,7.80000000000008));
#2597=CARTESIAN_POINT('',(24.3638005984692,6.13525525143585,8.27433319256024));
#2598=CARTESIAN_POINT('',(23.7854643137328,6.71359153617426,8.08323729003179));
#2599=CARTESIAN_POINT('',(23.5806793492393,7.50543042976182,7.91858329814006));
#2600=CARTESIAN_POINT('',(24.1201344965397,6.37892135336539,9.24815363699149));
#2601=CARTESIAN_POINT('',(23.5488655081534,6.95019034175073,8.67358401830366));
#2602=CARTESIAN_POINT('',(23.4640064104757,7.78193943710976,8.16203840925506));
#2603=CARTESIAN_POINT('',(23.0616693234783,7.43738652642684,10.4965132264757));
#2604=CARTESIAN_POINT('',(22.5358649431173,7.96319090678817,9.3136890796753));
#2605=CARTESIAN_POINT('',(22.9571889128127,8.98307144338248,8.47412830659379));
#2606=CARTESIAN_POINT('',(21.8312540772303,8.66780177267481,11.195368103597));
#2607=CARTESIAN_POINT('',(21.4060081902695,9.09304765963518,9.48173007598674));
#2608=CARTESIAN_POINT('',(22.3680377615633,10.3793300743941,8.64884202597286));
#2609=CARTESIAN_POINT('',(20.8250064001471,9.67404944975802,11.5407294453766));
#2610=CARTESIAN_POINT('',(20.512360014535,9.98669583537071,9.41491100219859));
#2611=CARTESIAN_POINT('',(21.8862232038824,11.5212063704538,8.73518236121665));
#2612=CARTESIAN_POINT('',(20.2503222581088,10.2487335917963,11.6666853030869));
#2613=CARTESIAN_POINT('',(20.0137211695491,10.4853346803546,9.30379809800588));
#2614=CARTESIAN_POINT('',(21.6110512040961,12.1733501860281,8.76667132605365));
#2615=CARTESIAN_POINT('',(19.9502583494343,10.5487975004709,11.7124915367869));
#2616=CARTESIAN_POINT('',(19.7603289754517,10.7387268744534,9.22414236724624));
#2617=CARTESIAN_POINT('',(21.4673736953026,12.5138586636245,8.77812288419672));
#2618=CARTESIAN_POINT('',(22.0715786929939,12.6701178440304,11.7124915367868));
#2619=CARTESIAN_POINT('',(21.4255353803176,12.4702522989555,8.7897048866808));
#2620=CARTESIAN_POINT('',(21.4255353803176,12.4702522989555,8.78970488668081));
#2621=CARTESIAN_POINT('',(21.63055914358,11.9286986460602,8.78141953503831));
#2622=CARTESIAN_POINT('',(22.0413427360805,10.8466258001853,8.7537799842119));
#2623=CARTESIAN_POINT('',(22.6738222870119,9.23157608314571,8.68037056993759));
#2624=CARTESIAN_POINT('',(23.3275101498874,7.63148871832081,8.52922328608206));
#2625=CARTESIAN_POINT('',(23.8873700227439,6.61168582716113,8.42115793556361));
#2626=CARTESIAN_POINT('',(24.3007493385166,6.19830651138846,8.4));
#2627=CARTESIAN_POINT('',(21.7729481481371,12.9687483888872,7.8));
#2628=CARTESIAN_POINT('',(21.4101119937873,12.4957658354057,8.79095536944593));
#2629=CARTESIAN_POINT('',(21.3618614506871,12.5695014788713,8.79410257135614));
#2630=CARTESIAN_POINT('',(21.3133147284027,12.6434783596797,8.78614875827835));
#2631=CARTESIAN_POINT('',(21.2659720294056,12.7152603295215,8.76733851559781));
#2632=CARTESIAN_POINT('',(21.4101119937873,12.4957658354057,8.79095536944592));
#2633=CARTESIAN_POINT('',(21.4101119937873,12.4957658354057,8.79095536944592));
#2634=CARTESIAN_POINT('',(21.4155583443505,12.4874428168962,8.79060012443115));
#2635=CARTESIAN_POINT('',(21.4206910514757,12.4789332752546,8.79018204028787));
#2636=CARTESIAN_POINT('',(21.4255353803174,12.4702522989553,8.78970488668081));
#2637=CARTESIAN_POINT('',(23.7944645539126,2.46195060887317,27.2));
#2638=CARTESIAN_POINT('',(23.7944645539126,2.46195060887323,8.4));
#2639=CARTESIAN_POINT('',(23.7944645539126,2.46195060887324,2.6));
#2640=CARTESIAN_POINT('',(23.7944645539126,-3.06112743665577,5.66086440027886));
#2641=CARTESIAN_POINT('',(23.7944645539126,-4.8303887118638,8.4));
#2642=CARTESIAN_POINT('',(25.6758719580731,-3.86585535367326,2.6));
#2643=CARTESIAN_POINT('',(25.8333348283739,-3.71492731164911,2.6));
#2644=CARTESIAN_POINT('',(26.0619838363156,-3.4499907626048,2.59945529420183));
#2645=CARTESIAN_POINT('',(26.2986758952689,-3.05805955029792,2.59971782915349));
#2646=CARTESIAN_POINT('',(26.4164208570466,-2.82504898815174,2.59992410355059));
#2647=CARTESIAN_POINT('',(26.5097275029849,-2.60649391423193,2.60005835601186));
#2648=CARTESIAN_POINT('',(26.5470962578558,-2.50561885160362,2.59984247240193));
#2649=CARTESIAN_POINT('',(26.6179950467262,-2.30041714320246,2.59922623546346));
#2650=CARTESIAN_POINT('',(26.7283694587261,-1.90026974984607,2.59816666906205));
#2651=CARTESIAN_POINT('',(26.7944645539125,-1.43725128423718,2.6));
#2652=CARTESIAN_POINT('',(26.7944645539125,-1.08405523452472,2.6));
#2653=CARTESIAN_POINT('',(-23.7920438964218,-0.000409633591754977,0.922321137872939));
#2654=CARTESIAN_POINT('',(-23.7920438964218,-4.83038871186376,8.4));
#2655=CARTESIAN_POINT('',(-26.7920438964218,-1.08405523452465,2.6));
#2656=CARTESIAN_POINT('',(-26.7920438964218,-1.43715051039828,2.6));
#2657=CARTESIAN_POINT('',(-26.7259852365177,-1.90009252424691,2.59816501034282));
#2658=CARTESIAN_POINT('',(-26.6156114769279,-2.30029544519507,2.59922237168942));
#2659=CARTESIAN_POINT('',(-26.5447027968289,-2.50554565391626,2.59983981796863));
#2660=CARTESIAN_POINT('',(-26.5072953008679,-2.60652232045025,2.6000577826832));
#2661=CARTESIAN_POINT('',(-26.4140191815974,-2.82500856096532,2.5999290512986));
#2662=CARTESIAN_POINT('',(-26.2962885179374,-3.05800417918757,2.59972520786991));
#2663=CARTESIAN_POINT('',(-26.0596212605296,-3.44991345042775,2.59946161448262));
#2664=CARTESIAN_POINT('',(-25.830952511921,-3.71489056179325,2.6));
#2665=CARTESIAN_POINT('',(-25.6734513005824,-3.8658553536732,2.6));
#2666=CARTESIAN_POINT('',(-12.1288856099823,-14.8221990584223,6.56181749370854));
#2667=CARTESIAN_POINT('',(-11.075067891063,-17.6748940577381,9.41451249302435));
#2668=CARTESIAN_POINT('',(-11.1901664975015,-21.5089579338667,9.13972328786878));
#2669=CARTESIAN_POINT('',(-11.1901664975015,-21.5089579338667,9.13972328786878));
#2670=CARTESIAN_POINT('',(-11.6793034482365,-20.9641905766975,8.70334372726986));
#2671=CARTESIAN_POINT('',(-12.3035368276353,-20.4500972647545,8.43538448170517));
#2672=CARTESIAN_POINT('',(-12.8840350375066,-19.8338584603536,8.34275420269717));
#2673=CARTESIAN_POINT('',(-15.005473233897,-14.0911042576564,2.6));
#2674=CARTESIAN_POINT('',(-14.2763643724523,-14.7899545496021,2.6));
#2675=CARTESIAN_POINT('',(-13.4785219953789,-15.103022251833,2.6));
#2676=CARTESIAN_POINT('',(-12.8087860230698,-15.103022251833,2.6));
#2677=CARTESIAN_POINT('',(12.1313062674731,-14.8221990584223,6.56181749370855));
#2678=CARTESIAN_POINT('',(12.8867156806572,-19.8331546765972,8.34205041894019));
#2679=CARTESIAN_POINT('',(12.3054038596238,-20.449949148695,8.43433362998789));
#2680=CARTESIAN_POINT('',(11.6793897158684,-20.9648846922621,8.70283736705427));
#2681=CARTESIAN_POINT('',(11.189839122545,-21.5097576157621,9.13960138059555));
#2682=CARTESIAN_POINT('',(11.189839122545,-21.5097576157621,9.13960138059554));
#2683=CARTESIAN_POINT('',(11.0789066173845,-17.6710553313726,9.41067376665881));
#2684=CARTESIAN_POINT('',(12.8112066805606,-15.1030222518331,2.59999999999999));
#2685=CARTESIAN_POINT('',(13.4809426528697,-15.1030222518331,2.59999999999999));
#2686=CARTESIAN_POINT('',(14.278785029943,-14.7899545496021,2.59999999999999));
#2687=CARTESIAN_POINT('',(15.0078938913878,-14.0911042576565,2.59999999999999));
#2688=CARTESIAN_POINT('',(21.4101119937873,12.4957658354057,8.79095536944592));
#2689=CARTESIAN_POINT('',(21.3718303462128,12.4789634121913,8.8));
#2690=CARTESIAN_POINT('',(21.3326630646597,12.4617722701557,8.8));
#2691=CARTESIAN_POINT('',(21.3619501174936,12.5693659835682,8.79409678762491));
#2692=CARTESIAN_POINT('',(21.3361633811402,12.5584695777991,8.79853338581619));
#2693=CARTESIAN_POINT('',(21.3101103653753,12.5474101647719,8.8));
#2694=CARTESIAN_POINT('',(21.3135607665044,12.6430778909687,8.78625369986269));
#2695=CARTESIAN_POINT('',(21.300654999606,12.6377895838944,8.78762125025109));
#2696=CARTESIAN_POINT('',(21.2877492464933,12.6325101915605,8.78902293273387));
#2697=CARTESIAN_POINT('',(21.2659720294056,12.7152603295215,8.76733851559783));
#2698=CARTESIAN_POINT('',(21.2659720294056,12.7152603295215,8.76733851559783));
#2699=CARTESIAN_POINT('',(21.2659720294056,12.7152603295215,8.76733851559783));
#2700=CARTESIAN_POINT('',(21.3326630646597,12.4617722701557,8.4));
#2701=CARTESIAN_POINT('',(21.4255353803177,12.4702522989555,8.7897048866808));
#2702=CARTESIAN_POINT('',(21.3830273092304,12.4571016345476,8.8));
#2703=CARTESIAN_POINT('',(21.3393962719609,12.4436035596122,8.8));
#2704=CARTESIAN_POINT('',(21.4207807733405,12.478772704614,8.79017318857371));
#2705=CARTESIAN_POINT('',(21.3796507860416,12.4644566927723,8.79999999999999));
#2706=CARTESIAN_POINT('',(21.3374846332675,12.4497831165625,8.8));
#2707=CARTESIAN_POINT('',(21.415664838275,12.4872798447831,8.7905931982256));
#2708=CARTESIAN_POINT('',(21.3759425988509,12.4717497869229,8.80000000000002));
#2709=CARTESIAN_POINT('',(21.3352632155471,12.4558478713975,8.8));
#2710=CARTESIAN_POINT('',(21.4101119937873,12.4957658354057,8.79095536944592));
#2711=CARTESIAN_POINT('',(21.3718303462129,12.4789634121913,8.8));
#2712=CARTESIAN_POINT('',(21.3326630646598,12.4617722701557,8.8));
#2713=CARTESIAN_POINT('',(21.3393962719609,12.4436035596122,8.4));
#2714=CARTESIAN_POINT('',(24.3007493385166,6.19830651138846,8.4));
#2715=CARTESIAN_POINT('',(24.3007493385166,6.19830651138846,8.8));
#2716=CARTESIAN_POINT('',(24.017906626042,5.91546379891384,8.8));
#2717=CARTESIAN_POINT('',(23.9224200343429,6.57663581556213,8.41936397107926));
#2718=CARTESIAN_POINT('',(23.917992275477,6.55432597171197,8.80000000000109));
#2719=CARTESIAN_POINT('',(23.593772187863,6.33959825635775,8.8));
#2720=CARTESIAN_POINT('',(23.3753455126902,7.51863769260271,8.51510830004706));
#2721=CARTESIAN_POINT('',(23.3263198507884,7.38762963851876,8.79999999999954));
#2722=CARTESIAN_POINT('',(22.9997057171246,7.38124903518317,8.80000000000001));
#2723=CARTESIAN_POINT('',(22.4796099896443,9.70246787758896,8.72862200749295));
#2724=CARTESIAN_POINT('',(22.393495340851,9.54253124737572,8.80000000000025));
#2725=CARTESIAN_POINT('',(22.2219139059511,9.61888147721806,8.79999999999999));
#2726=CARTESIAN_POINT('',(21.8455252914228,11.3608829885275,8.77273239519191));
#2727=CARTESIAN_POINT('',(21.7736046132897,11.3250452699448,8.79999999999987));
#2728=CARTESIAN_POINT('',(21.6893784812608,11.3123246978023,8.8));
#2729=CARTESIAN_POINT('',(21.4255353803176,12.4702522989555,8.78970488668081));
#2730=CARTESIAN_POINT('',(21.3830273092303,12.4571016345476,8.8));
#2731=CARTESIAN_POINT('',(21.3393962719608,12.4436035596121,8.8));
#2732=CARTESIAN_POINT('',(24.017906626042,5.91546379891384,8.4));
#2733=CARTESIAN_POINT('',(25.0071217185879,4.92624870636798,8.4));
#2734=CARTESIAN_POINT('',(25.6329421849976,4.30042823995825,8.4));
#2735=CARTESIAN_POINT('',(23.7944645539126,2.46195060887323,8.4));
#2736=CARTESIAN_POINT('',(26.3944645539126,2.46195060887323,8.4));
#2737=CARTESIAN_POINT('',(26.3944645539126,1.98076407804745,8.4));
#2738=CARTESIAN_POINT('',(26.3944645539126,-4.83038871186381,8.4));
#2739=CARTESIAN_POINT('',(26.3944645539126,-4.83038871186379,8.8));
#2740=CARTESIAN_POINT('',(26.7944645539126,-4.83038871186379,8.8));
#2741=CARTESIAN_POINT('',(26.7944645539126,-4.83038871186379,8.4));
#2742=CARTESIAN_POINT('',(26.3944645539014,-5.75165438536083,8.8));
#2743=CARTESIAN_POINT('',(26.8647361510398,-5.94137106982916,8.80000000000514));
#2744=CARTESIAN_POINT('',(26.7944645539126,-5.85166283299169,8.33540258700381));
#2745=CARTESIAN_POINT('',(26.0277919170683,-6.6635234576409,8.8));
#2746=CARTESIAN_POINT('',(26.4912536595308,-6.99042395532677,8.79999999999939));
#2747=CARTESIAN_POINT('',(26.3713807421748,-6.86252030025261,8.27146404597105));
#2748=CARTESIAN_POINT('',(25.4250176375183,-7.24128214845919,8.8));
#2749=CARTESIAN_POINT('',(25.8594863848518,-7.69456236791753,8.8));
#2750=CARTESIAN_POINT('',(25.6758719580731,-7.50299786948861,8.23095269530372));
#2751=CARTESIAN_POINT('',(25.4250176375183,-7.2412821484592,8.4));
#2752=CARTESIAN_POINT('',(10.4493697258933,-21.5954293390114,8.4));
#2753=CARTESIAN_POINT('',(13.4979064961161,-18.6734091517165,8.4));
#2754=CARTESIAN_POINT('',(13.4979064961161,-18.6734091517165,8.8));
#2755=CARTESIAN_POINT('',(13.9323752434495,-19.1266893711749,8.8));
#2756=CARTESIAN_POINT('',(13.7487608166708,-18.9351248727459,8.23095269530372));
#2757=CARTESIAN_POINT('',(13.2415656275427,-18.9518720173982,8.8));
#2758=CARTESIAN_POINT('',(13.6727754147246,-19.3525998723267,8.76452230360043));
#2759=CARTESIAN_POINT('',(13.4582411656207,-19.2135877384285,8.23095269530416));
#2760=CARTESIAN_POINT('',(12.9852431598132,-19.2544972125481,8.83303405070673));
#2761=CARTESIAN_POINT('',(13.3922237168614,-19.6194948685079,8.76140489699584));
#2762=CARTESIAN_POINT('',(13.1677423688602,-19.5162129335771,8.26839128610564));
#2763=CARTESIAN_POINT('',(12.737278434928,-19.5714389555675,8.89802740320871));
#2764=CARTESIAN_POINT('',(13.105433322767,-19.9203016971795,8.80153133744167));
#2765=CARTESIAN_POINT('',(12.8867156806572,-19.8331546765973,8.34205041894026));
#2766=CARTESIAN_POINT('',(12.6358613601025,-19.5714389555678,8.51109772363654));
#2767=CARTESIAN_POINT('',(12.7372784349286,-19.5714389555667,8.89802740320855));
#2768=CARTESIAN_POINT('',(13.1054333227676,-19.9203016971788,8.80153133744158));
#2769=CARTESIAN_POINT('',(12.8867156806579,-19.8331546765965,8.34205041894008));
#2770=CARTESIAN_POINT('',(12.264546794849,-20.1756716015466,9.0219337940742));
#2771=CARTESIAN_POINT('',(12.5861890726972,-20.5870463517544,8.87214095427558));
#2772=CARTESIAN_POINT('',(12.2936018217738,-20.4624715594467,8.43620718587436));
#2773=CARTESIAN_POINT('',(11.7653405857735,-20.6859192180743,9.28992522323164));
#2774=CARTESIAN_POINT('',(12.067109001584,-21.0973053117944,9.07968984199663));
#2775=CARTESIAN_POINT('',(11.6680059599604,-20.9775548905445,8.71299365751628));
#2776=CARTESIAN_POINT('',(11.3765861525668,-21.2180232230711,9.67867965644069));
#2777=CARTESIAN_POINT('',(11.622315212411,-21.6249562946585,9.43295059659808));
#2778=CARTESIAN_POINT('',(11.189839122545,-21.5097576157621,9.13960138059554));
#2779=CARTESIAN_POINT('',(11.0937434400921,-21.2180232230723,9.39583694396613));
#2780=CARTESIAN_POINT('',(11.3765861525668,-21.2180232230711,9.67867965644068));
#2781=CARTESIAN_POINT('',(11.622315212411,-21.6249562946585,9.43295059659806));
#2782=CARTESIAN_POINT('',(11.189839122545,-21.5097576157621,9.13960138059552));
#2783=CARTESIAN_POINT('',(11.0089440963636,-21.662029095967,10.0463217126458));
#2784=CARTESIAN_POINT('',(11.2471062060197,-22.1395421107516,9.80815960299207));
#2785=CARTESIAN_POINT('',(10.7908402890463,-21.9538458547413,9.49557752339356));
#2786=CARTESIAN_POINT('',(10.6411697567645,-22.0685901666503,10.4140960522468));
#2787=CARTESIAN_POINT('',(10.8901838429915,-22.596274691466,10.1650819660161));
#2788=CARTESIAN_POINT('',(10.3906975633519,-22.3574118966105,9.85438964477747));
#2789=CARTESIAN_POINT('',(10.2847329460242,-22.4250269773967,10.7705328629887));
#2790=CARTESIAN_POINT('',(10.5675756585012,-22.9907124023471,10.487690150514));
#2791=CARTESIAN_POINT('',(10.0018902335495,-22.7078696898726,10.2048474380395));
#2792=CARTESIAN_POINT('',(10.0018902335495,-22.4250269773979,10.4876901505141));
#2793=CARTESIAN_POINT('',(7.95439492006592,-24.4725222908908,12.535185464007));
#2794=CARTESIAN_POINT('',(7.62683868427839,-24.8000785266798,12.862741699796));
#2795=CARTESIAN_POINT('',(5.36409698449844,-26.0201795393579,13.5171572875248));
#2796=CARTESIAN_POINT('',(5.36409698450418,-26.7030222518325,14.1999999999994));
#2797=CARTESIAN_POINT('',(5.36409698450012,-25.7373368268832,14.1999999999994));
#2798=CARTESIAN_POINT('',(5.78297601861037,-26.0201795393522,13.5171572875192));
#2799=CARTESIAN_POINT('',(5.9617438002126,-26.7030222518297,14.199999999995));
#2800=CARTESIAN_POINT('',(5.83533589787654,-25.7373368268782,14.1999999999975));
#2801=CARTESIAN_POINT('',(6.62055668582468,-25.8535415963784,13.3505193445454));
#2802=CARTESIAN_POINT('',(7.04713576760116,-26.4386307813324,13.9356085294998));
#2803=CARTESIAN_POINT('',(6.77761414849131,-25.5706988839027,14.0125323141444));
#2804=CARTESIAN_POINT('',(7.33064648197516,-25.3791134414561,12.8760911896231));
#2805=CARTESIAN_POINT('',(7.87558852036281,-25.7619334235341,13.2589111717015));
#2806=CARTESIAN_POINT('',(7.5764651691631,-25.0962707289805,13.4788006398619));
#2807=CARTESIAN_POINT('',(7.6268386842784,-25.0829212391544,12.5798989873214));
#2808=CARTESIAN_POINT('',(8.19252410923001,-25.365763951629,12.8627416997959));
#2809=CARTESIAN_POINT('',(7.90968139675307,-24.8000785266786,13.1455844122706));
#2810=CARTESIAN_POINT('',(5.36409698448534,-25.7373368268832,13.7999999999994));
#2811=CARTESIAN_POINT('',(6.24451636137186E-12,-25.7373368268838,13.8));
#2812=CARTESIAN_POINT('',(-5.36409698449222,-25.7373368268844,13.8000000000006));
#2813=CARTESIAN_POINT('',(-7.62683868428943,-25.0829212391561,12.579898987323));
#2814=CARTESIAN_POINT('',(-8.19252410923867,-25.3657639516307,12.8627416997976));
#2815=CARTESIAN_POINT('',(-7.90968139676404,-24.8000785266814,13.1455844122722));
#2816=CARTESIAN_POINT('',(-7.33064648198293,-25.3791134414592,12.8760911896262));
#2817=CARTESIAN_POINT('',(-7.87558852036212,-25.7619334235339,13.2589111717002));
#2818=CARTESIAN_POINT('',(-7.57646516917207,-25.0962707289855,13.4788006398642));
#2819=CARTESIAN_POINT('',(-6.62055668582682,-25.853541596383,13.3505193445499));
#2820=CARTESIAN_POINT('',(-7.0471357675893,-26.4386307813439,13.9356085295119));
#2821=CARTESIAN_POINT('',(-6.77761414849218,-25.5706988839079,14.0125323141501));
#2822=CARTESIAN_POINT('',(-5.78297601860664,-26.0201795393554,13.5171572875223));
#2823=CARTESIAN_POINT('',(-5.96174380021204,-26.7030222518379,14.2000000000033));
#2824=CARTESIAN_POINT('',(-5.8353358978709,-25.7373368268808,14.2000000000006));
#2825=CARTESIAN_POINT('',(-5.36409698449256,-26.020179539359,13.517157287526));
#2826=CARTESIAN_POINT('',(-5.36409698449255,-26.7030222518336,14.2000000000006));
#2827=CARTESIAN_POINT('',(-5.36409698449256,-25.7373368268844,14.2000000000006));
#2828=CARTESIAN_POINT('',(-7.62683868428942,-24.8000785266814,12.8627416997976));
#2829=CARTESIAN_POINT('',(-7.9543949200713,-24.4725222908996,12.5351854640158));
#2830=CARTESIAN_POINT('',(-9.99805150724004,-22.4288657037311,10.4915288768472));
#2831=CARTESIAN_POINT('',(-10.2808942197146,-22.428865703731,10.7743715893219));
#2832=CARTESIAN_POINT('',(-10.5637369321893,-22.9945511286803,10.4915288768473));
#2833=CARTESIAN_POINT('',(-9.99805150724003,-22.7117084162057,10.2086861643726));
#2834=CARTESIAN_POINT('',(-10.6385716081213,-22.0711883153206,10.4166942009152));
#2835=CARTESIAN_POINT('',(-10.8873964338133,-22.5988280222439,10.1678693752152));
#2836=CARTESIAN_POINT('',(-10.3882120802411,-22.360030855242,9.85700860340895));
#2837=CARTESIAN_POINT('',(-11.0076657471573,-21.6630355773718,10.0476000618792));
#2838=CARTESIAN_POINT('',(-11.2456146367983,-22.1403759724998,9.80965117223791));
#2839=CARTESIAN_POINT('',(-10.7897872335817,-21.9548730362604,9.49691839856407));
#2840=CARTESIAN_POINT('',(-11.3765861525964,-21.2172245124589,9.67867965644025));
#2841=CARTESIAN_POINT('',(-11.6221864259102,-21.6237059102454,9.43307938312646));
#2842=CARTESIAN_POINT('',(-11.1901664975015,-21.5089579338666,9.13972328786878));
#2843=CARTESIAN_POINT('',(-11.0937434401218,-21.217224512459,9.39583694396561));
#2844=CARTESIAN_POINT('',(-11.3765861525964,-21.217224512459,9.67867965644025));
#2845=CARTESIAN_POINT('',(-11.6221864259102,-21.6237059102454,9.43307938312646));
#2846=CARTESIAN_POINT('',(-11.1901664975016,-21.5089579338667,9.13972328786878));
#2847=CARTESIAN_POINT('',(-11.7648889196908,-20.6854270063562,9.2903768893459));
#2848=CARTESIAN_POINT('',(-12.0664784526847,-21.0963137218094,9.08016543775262));
#2849=CARTESIAN_POINT('',(-11.6677694974686,-20.9770363130763,8.71363365818471));
#2850=CARTESIAN_POINT('',(-12.2629060671757,-20.175750364078,9.02277614558062));
#2851=CARTESIAN_POINT('',(-12.5843885580528,-20.5866497370287,8.87285377596577));
#2852=CARTESIAN_POINT('',(-12.2918506370149,-20.4625029484099,8.43724923213909));
#2853=CARTESIAN_POINT('',(-12.7349131615641,-19.5721427393242,8.89864838887658));
#2854=CARTESIAN_POINT('',(-13.1028087709259,-19.9207350771655,8.80189972294707));
#2855=CARTESIAN_POINT('',(-12.8840350375066,-19.8338584603536,8.34275420269717));
#2856=CARTESIAN_POINT('',(-12.6331807169519,-19.5721427393242,8.51180150739345));
#2857=CARTESIAN_POINT('',(-12.7349131615641,-19.5721427393242,8.89864838887656));
#2858=CARTESIAN_POINT('',(-13.1028087709259,-19.9207350771655,8.80189972294706));
#2859=CARTESIAN_POINT('',(-12.8840350375066,-19.8338584603536,8.34275420269716));
#2860=CARTESIAN_POINT('',(-12.9836131651821,-19.254102549503,8.833245614409));
#2861=CARTESIAN_POINT('',(-13.3905117853727,-19.6188053603059,8.76138911350666));
#2862=CARTESIAN_POINT('',(-13.1658950416069,-19.5158182705318,8.26863105830304));
#2863=CARTESIAN_POINT('',(-13.2407504832897,-18.9504373095354,8.8));
#2864=CARTESIAN_POINT('',(-13.6719866273368,-19.3509660971869,8.76441450552845));
#2865=CARTESIAN_POINT('',(-13.4573173354605,-19.2121530305651,8.23095269530426));
#2866=CARTESIAN_POINT('',(-13.4979064961559,-18.6710889533053,8.8));
#2867=CARTESIAN_POINT('',(-13.9323752434894,-19.1243691727636,8.8));
#2868=CARTESIAN_POINT('',(-13.7487608167107,-18.9328046743347,8.23095269530372));
#2869=CARTESIAN_POINT('',(-13.4979064961559,-18.6710889533053,8.4));
#2870=CARTESIAN_POINT('',(-15.6553471758401,-16.6031836944595,8.4));
#2871=CARTESIAN_POINT('',(-25.4225969800277,-7.24128214845916,8.4));
#2872=CARTESIAN_POINT('',(-25.4225969800276,-7.24128214845917,8.8));
#2873=CARTESIAN_POINT('',(-25.8570657273611,-7.6945623679175,8.8));
#2874=CARTESIAN_POINT('',(-25.6734513005824,-7.50299786948858,8.23095269530372));
#2875=CARTESIAN_POINT('',(-26.0253712595792,-6.66352345764033,8.8));
#2876=CARTESIAN_POINT('',(-26.4888330020388,-6.99042395532463,8.80000000000021));
#2877=CARTESIAN_POINT('',(-26.3689600846865,-6.86252030025136,8.27146404597273));
#2878=CARTESIAN_POINT('',(-26.3920438964107,-5.75165438536081,8.8));
#2879=CARTESIAN_POINT('',(-26.8623154935517,-5.9413710698316,8.80000000000514));
#2880=CARTESIAN_POINT('',(-26.7920438964218,-5.85166283299327,8.33540258700381));
#2881=CARTESIAN_POINT('',(-26.3920438964218,-4.83038871186377,8.8));
#2882=CARTESIAN_POINT('',(-26.7920438964219,-4.83038871186377,8.8));
#2883=CARTESIAN_POINT('',(-26.7920438964219,-4.83038871186377,8.4));
#2884=CARTESIAN_POINT('',(-26.3920438964218,-4.83038871186375,8.4));
#2885=CARTESIAN_POINT('',(-26.3920438964218,-5.48181172713489,8.4));
#2886=CARTESIAN_POINT('',(-26.3920438964218,2.46437126636298,8.4));
#2887=CARTESIAN_POINT('',(-23.7920438964218,2.46437126636298,8.4));
#2888=CARTESIAN_POINT('',(-25.6305215275069,4.302848897448,8.4));
#2889=CARTESIAN_POINT('',(-20.2053513566437,9.72801906831125,8.4));
#2890=CARTESIAN_POINT('',(-24.0179066262085,5.91546379874633,8.4));
#2891=CARTESIAN_POINT('',(-21.425535380453,12.4702522989705,8.78970488668434));
#2892=CARTESIAN_POINT('',(-21.3830273093725,12.4571016345656,8.8));
#2893=CARTESIAN_POINT('',(-21.3393962721102,12.4436035596333,8.8));
#2894=CARTESIAN_POINT('',(-21.8463528723627,11.3586970006815,8.77269895129183));
#2895=CARTESIAN_POINT('',(-21.7743826142891,11.3227902978511,8.80000000000075));
#2896=CARTESIAN_POINT('',(-21.690068113592,11.3100955376494,8.8));
#2897=CARTESIAN_POINT('',(-22.479339326816,9.70015873085551,8.72887175110751));
#2898=CARTESIAN_POINT('',(-22.3941805821269,9.53717612876178,8.7999999999998));
#2899=CARTESIAN_POINT('',(-22.2209586454565,9.6169129547811,8.8));
#2900=CARTESIAN_POINT('',(-23.3838817419397,7.5025362800207,8.51329214948902));
#2901=CARTESIAN_POINT('',(-23.3354282972673,7.37238555993081,8.8000000000001));
#2902=CARTESIAN_POINT('',(-23.0083163805798,7.36406449521911,8.8));
#2903=CARTESIAN_POINT('',(-23.92010796334,6.5789478865641,8.41948230976306));
#2904=CARTESIAN_POINT('',(-23.9157087567145,6.55644997799209,8.79999999999987));
#2905=CARTESIAN_POINT('',(-23.5911801918102,6.34219025695431,8.8));
#2906=CARTESIAN_POINT('',(-24.3007493386832,6.19830651122095,8.4));
#2907=CARTESIAN_POINT('',(-24.3007493386832,6.19830651122095,8.8));
#2908=CARTESIAN_POINT('',(-24.0179066262086,5.91546379874633,8.8));
#2909=CARTESIAN_POINT('',(-21.3393962721107,12.443603559632,8.4));
#2910=CARTESIAN_POINT('',(-21.4101119939255,12.4957658353987,8.79095536944835));
#2911=CARTESIAN_POINT('',(-21.3718303463549,12.478963412189,8.8));
#2912=CARTESIAN_POINT('',(-21.3326630648061,12.4617722701583,8.8));
#2913=CARTESIAN_POINT('',(-21.4156648384087,12.4872798447828,8.79059319822825));
#2914=CARTESIAN_POINT('',(-21.3759425989895,12.4717497869263,8.8));
#2915=CARTESIAN_POINT('',(-21.3352632156912,12.4558478714047,8.8));
#2916=CARTESIAN_POINT('',(-21.4207807734819,12.4787727045992,8.79017318857555));
#2917=CARTESIAN_POINT('',(-21.3796507861856,12.4644566927631,8.8));
#2918=CARTESIAN_POINT('',(-21.3374846334145,12.4497831165591,8.8));
#2919=CARTESIAN_POINT('',(-21.4255353804422,12.4702522989704,8.78970488668446));
#2920=CARTESIAN_POINT('',(-21.3830273093624,12.4571016345641,8.8));
#2921=CARTESIAN_POINT('',(-21.3393962721009,12.4436035596303,8.8));
#2922=CARTESIAN_POINT('',(-21.3326630648061,12.4617722701583,8.4));
#2923=CARTESIAN_POINT('',(-21.332663064806,12.4617722701583,8.8));
#2924=CARTESIAN_POINT('',(-21.3718303463549,12.478963412189,8.8));
#2925=CARTESIAN_POINT('',(-21.4101119939254,12.4957658353987,8.79095536944835));
#2926=CARTESIAN_POINT('',(-21.31011036553,12.5474101647676,8.8));
#2927=CARTESIAN_POINT('',(-21.3361633812927,12.5584695777896,8.79853338581698));
#2928=CARTESIAN_POINT('',(-21.3619501176435,12.5693659835531,8.79409678762648));
#2929=CARTESIAN_POINT('',(-21.2877492491642,12.6325101931602,8.78902293231304));
#2930=CARTESIAN_POINT('',(-21.3006550024162,12.6377895873569,8.78762125964342));
#2931=CARTESIAN_POINT('',(-21.3135607694529,12.6430778912401,8.78625369979038));
#2932=CARTESIAN_POINT('',(-21.2659720295509,12.715260329487,8.76733851560867));
#2933=CARTESIAN_POINT('',(-21.265972029551,12.715260329487,8.76733851560867));
#2934=CARTESIAN_POINT('',(-21.265972029551,12.715260329487,8.76733851560867));
#2935=CARTESIAN_POINT('',(4.85722573273506E-13,-5.72458747072347E-14,27.6));
#2936=CARTESIAN_POINT('',(4.85722573273506E-13,-5.72458747072347E-14,8.4));
#2937=CARTESIAN_POINT('',(-2.19999999999951,-5.72458747072347E-14,8.4));
#2938=CARTESIAN_POINT('',(4.85722573273506E-13,-5.72458747072347E-14,2.6));
#2939=CARTESIAN_POINT('',(-2.19999999999951,-5.72458747072347E-14,2.6));
#2940=CARTESIAN_POINT('',(-21.7487894022598,-1.47573232263047E-11,27.6));
#2941=CARTESIAN_POINT('',(-21.7487894022598,-1.47573232263047E-11,8.4));
#2942=CARTESIAN_POINT('',(-23.4487894022598,-1.47573232263047E-11,8.4));
#2943=CARTESIAN_POINT('',(-21.7487894022598,-1.47573232263047E-11,2.6));
#2944=CARTESIAN_POINT('',(-23.4487894022598,-1.47573232263047E-11,2.6));
#2945=CARTESIAN_POINT('',(21.7512105977401,-5.72764908772133E-14,27.6));
#2946=CARTESIAN_POINT('',(21.7512105977401,-5.72764908772133E-14,8.4));
#2947=CARTESIAN_POINT('',(20.0512105977401,-5.72764908772133E-14,8.4));
#2948=CARTESIAN_POINT('',(21.7512105977401,-5.72764908772133E-14,2.6));
#2949=CARTESIAN_POINT('',(20.0512105977401,-5.72764908772133E-14,2.6));
#2950=CARTESIAN_POINT('',(21.7512105977401,-5.72764908772133E-14,8.8));
#2951=CARTESIAN_POINT('',(-21.7487894022598,-1.47573232263047E-11,8.8));
#2952=CARTESIAN_POINT('',(4.85722573273506E-13,-5.72458747072347E-14,8.8));
#2953=CARTESIAN_POINT('',(-26.7920438964218,-0.171413833885633,2.6));
#2954=CARTESIAN_POINT('',(-26.7920438964218,2.46437126636297,2.6));
#2955=CARTESIAN_POINT('',(-26.3920438964218,2.46437126636297,2.2));
#2956=CARTESIAN_POINT('',(-26.3920438964218,-0.171413833885633,2.2));
#2957=CARTESIAN_POINT('',(-26.3920438964218,-1.08405523452465,2.2));
#2958=CARTESIAN_POINT('',(-26.7920438964218,-1.08405523452465,2.6));
#2959=CARTESIAN_POINT('',(-23.7920438964218,2.46437126636297,2.6));
#2960=CARTESIAN_POINT('',(-25.9133642399815,4.58569160992261,2.6));
#2961=CARTESIAN_POINT('',(-25.6305215275069,4.30284889744799,2.2));
#2962=CARTESIAN_POINT('',(-23.7920438964218,2.46437126636297,2.2));
#2963=CARTESIAN_POINT('',(-15.3346296775222,15.1644261723819,2.6));
#2964=CARTESIAN_POINT('',(-24.3638005927895,6.13525525711466,2.6));
#2965=CARTESIAN_POINT('',(-24.0809578803148,5.85241254464004,2.2));
#2966=CARTESIAN_POINT('',(-15.0517869650476,14.8815834599073,2.2));
#2967=CARTESIAN_POINT('',(-26.4851209363491,8.2565756006743,2.6));
#2968=CARTESIAN_POINT('',(-23.5806793476196,7.50543043650256,2.6));
#2969=CARTESIAN_POINT('',(-23.1934204691224,7.40527774794633,2.2));
#2970=CARTESIAN_POINT('',(-26.4851209363491,8.2565756006743,2.2));
#2971=CARTESIAN_POINT('',(-23.9632228386488,6.026255334486,2.6));
#2972=CARTESIAN_POINT('',(-21.9059124242312,13.9812262423394,2.6));
#2973=CARTESIAN_POINT('',(-21.518653545734,13.8810735537828,2.2));
#2974=CARTESIAN_POINT('',(-23.5759639601516,5.92610264592976,2.2));
#2975=CARTESIAN_POINT('',(-21.9363680746759,13.8468930519286,2.60481212));
#2976=CARTESIAN_POINT('',(-21.9307044075803,13.8925502358148,2.60481212));
#2977=CARTESIAN_POINT('',(-21.9220969593451,13.9378648810039,2.60481212));
#2978=CARTESIAN_POINT('',(-21.8766181397466,14.1137171414573,2.60481212));
#2979=CARTESIAN_POINT('',(-21.8173666426298,14.2384058637818,2.60481212));
#2980=CARTESIAN_POINT('',(-21.6571859517305,14.4558055028281,2.60481212));
#2981=CARTESIAN_POINT('',(-21.5563189419177,14.5484311635113,2.60481212));
#2982=CARTESIAN_POINT('',(-21.3282197477185,14.6875664075504,2.60481212));
#2983=CARTESIAN_POINT('',(-21.2010766662926,14.7340206345509,2.60481212));
#2984=CARTESIAN_POINT('',(-20.9745153307116,14.7684089669523,2.60481212));
#2985=CARTESIAN_POINT('',(-20.876772042271,14.7686120128727,2.60481212));
#2986=CARTESIAN_POINT('',(-20.7811918237825,14.754662723758,2.60481212));
#2987=CARTESIAN_POINT('',(-21.931604782247,13.8463005217133,2.600012));
#2988=CARTESIAN_POINT('',(-21.9259666384443,13.891752228988,2.600012));
#2989=CARTESIAN_POINT('',(-21.9173979517832,13.9368632543577,2.600012));
#2990=CARTESIAN_POINT('',(-21.8721234681118,14.1119254121877,2.600012));
#2991=CARTESIAN_POINT('',(-21.8131376071483,14.2360533739535,2.600012));
#2992=CARTESIAN_POINT('',(-21.6536861133644,14.4524633357656,2.600012));
#2993=CARTESIAN_POINT('',(-21.5532831419487,14.544660288262,2.600012));
#2994=CARTESIAN_POINT('',(-21.3262562722243,14.6831414391639,2.600012));
#2995=CARTESIAN_POINT('',(-21.1997215905517,14.7293712145542,2.600012));
#2996=CARTESIAN_POINT('',(-20.9742609354532,14.7635924815537,2.600012));
#2997=CARTESIAN_POINT('',(-20.8769972412455,14.7637943067085,2.600012));
#2998=CARTESIAN_POINT('',(-20.7818872978067,14.7499135425595,2.600012));
#2999=CARTESIAN_POINT('',(-21.4947277086592,13.7919551565343,2.15975719519914));
#3000=CARTESIAN_POINT('',(-21.4914304964067,13.8185610713153,2.15975719519914));
#3001=CARTESIAN_POINT('',(-21.4864169227877,13.8449966044398,2.15975719519914));
#3002=CARTESIAN_POINT('',(-21.4598836109423,13.94759255804,2.15975719519914));
#3003=CARTESIAN_POINT('',(-21.4252612227195,14.0202889867824,2.15975719519914));
#3004=CARTESIAN_POINT('',(-21.3326898347892,14.1459282683642,2.15975719519914));
#3005=CARTESIAN_POINT('',(-21.2748472856012,14.1988051957263,2.15975719519914));
#3006=CARTESIAN_POINT('',(-21.1461712909323,14.2772945867432,2.15975719519914));
#3007=CARTESIAN_POINT('',(-21.0754374881067,14.30293823098,2.15975719519914));
#3008=CARTESIAN_POINT('',(-20.9509284490036,14.3218366839886,2.15975719519914));
#3009=CARTESIAN_POINT('',(-20.8976519187518,14.3219265436236,2.15975719519914));
#3010=CARTESIAN_POINT('',(-20.8456744074566,14.314330715145,2.15975719519914));
#3011=CARTESIAN_POINT('',(-20.9228006614319,14.3601945840617,2.2));
#3012=CARTESIAN_POINT('',(-20.9228006614319,14.4935279173951,2.33333333333333));
#3013=CARTESIAN_POINT('',(-20.9228006614319,14.6268612507284,2.46666666666667));
#3014=CARTESIAN_POINT('',(-20.9228006614319,14.7601945840617,2.6));
#3015=CARTESIAN_POINT('',(-20.9228006614319,14.3601945840617,2.2));
#3016=CARTESIAN_POINT('',(-21.518653545734,13.8810735537828,2.2));
#3017=CARTESIAN_POINT('',(-21.4493874284712,14.1489037965418,2.2));
#3018=CARTESIAN_POINT('',(-21.199686440528,14.3602292743362,2.2));
#3019=CARTESIAN_POINT('',(-20.922800665681,14.3601734924803,2.2));
#3020=CARTESIAN_POINT('',(0.00121032874624521,14.7601945840605,2.6));
#3021=CARTESIAN_POINT('',(20.9228006783928,14.7601667033361,2.59997211927692));
#3022=CARTESIAN_POINT('',(20.9228415937685,14.6268391544839,2.46664457042469));
#3023=CARTESIAN_POINT('',(20.9228825091442,14.4935116056317,2.33331702157247));
#3024=CARTESIAN_POINT('',(20.9229234245198,14.3601840567795,2.19998947272024));
#3025=CARTESIAN_POINT('',(20.9229234245198,14.3601735294997,2.2));
#3026=CARTESIAN_POINT('',(0.0012103287462211,14.3601945840605,2.2));
#3027=CARTESIAN_POINT('',(20.781899979357,14.7499032669157,2.6));
#3028=CARTESIAN_POINT('',(20.8770052646429,14.7637822472395,2.6));
#3029=CARTESIAN_POINT('',(20.974263959703,14.7635798850528,2.6));
#3030=CARTESIAN_POINT('',(21.1997182027904,14.7293595912935,2.6));
#3031=CARTESIAN_POINT('',(21.3262513635019,14.6831303770189,2.6));
#3032=CARTESIAN_POINT('',(21.5532755524828,14.5446508613102,2.6));
#3033=CARTESIAN_POINT('',(21.6536773638319,14.4524549805578,2.6));
#3034=CARTESIAN_POINT('',(21.8131270346699,14.2360474928778,2.6));
#3035=CARTESIAN_POINT('',(21.8721122315604,14.1119209329787,2.6));
#3036=CARTESIAN_POINT('',(21.9173861178988,13.9368610848491,2.6));
#3037=CARTESIAN_POINT('',(21.9259546649593,13.8917509142435,2.6));
#3038=CARTESIAN_POINT('',(21.9315927466361,13.8463000684633,2.6));
#3039=CARTESIAN_POINT('',(20.8460276826714,14.3119598289344,2.15735999999995));
#3040=CARTESIAN_POINT('',(20.8977684519145,14.3195205589778,2.15735999999995));
#3041=CARTESIAN_POINT('',(20.950803415566,14.3194310103872,2.15735999999995));
#3042=CARTESIAN_POINT('',(21.0747607588162,14.3006162958399,2.15735999999995));
#3043=CARTESIAN_POINT('',(21.1451907248694,14.2750847434519,2.1573599999999));
#3044=CARTESIAN_POINT('',(21.2733311972847,14.1969220086292,2.15736));
#3045=CARTESIAN_POINT('',(21.3309420042211,14.1442591794998,2.15735999999995));
#3046=CARTESIAN_POINT('',(21.4231492287926,14.0191141458778,2.15735999999995));
#3047=CARTESIAN_POINT('',(21.4576389574761,13.9466977627426,2.15736));
#3048=CARTESIAN_POINT('',(21.4840701728064,13.8444965841856,2.15735999999993));
#3049=CARTESIAN_POINT('',(21.4890643639674,13.8181629412547,2.15735999999993));
#3050=CARTESIAN_POINT('',(21.4923488308243,13.7916598445238,2.15735999999993));
#3051=CARTESIAN_POINT('',(21.9059124240785,13.9812262423409,2.6));
#3052=CARTESIAN_POINT('',(21.5186535455816,13.8810735537831,2.2));
#3053=CARTESIAN_POINT('',(20.9229234245198,14.3601735231619,2.20000000633728));
#3054=CARTESIAN_POINT('',(21.1997348575999,14.3601703989341,2.20000000633728));
#3055=CARTESIAN_POINT('',(21.4494125403419,14.148806696262,2.2));
#3056=CARTESIAN_POINT('',(21.5186535455815,13.8810735537837,2.2));
#3057=CARTESIAN_POINT('',(23.9633745919677,6.02566855178347,2.6));
#3058=CARTESIAN_POINT('',(23.5806793474562,7.50543043665791,2.6));
#3059=CARTESIAN_POINT('',(23.1934204689593,7.40527774810005,2.2));
#3060=CARTESIAN_POINT('',(23.5761157134709,5.92551586322561,2.2));
#3061=CARTESIAN_POINT('',(26.4851209361825,8.25657560084185,2.6));
#3062=CARTESIAN_POINT('',(24.3638005926229,6.1352552572822,2.6));
#3063=CARTESIAN_POINT('',(24.0809578801483,5.85241254480758,2.2));
#3064=CARTESIAN_POINT('',(26.4851209361825,8.25657560084185,2.2));
#3065=CARTESIAN_POINT('',(15.3358400062681,15.1632158436371,2.6));
#3066=CARTESIAN_POINT('',(25.9157848974722,4.58327095243288,2.6));
#3067=CARTESIAN_POINT('',(25.6329421849975,4.30042823995826,2.2));
#3068=CARTESIAN_POINT('',(15.0529972937934,14.8803731311624,2.2));
#3069=CARTESIAN_POINT('',(23.7944645539126,2.46195060887324,2.6));
#3070=CARTESIAN_POINT('',(26.7944645539126,2.46195060887324,2.6));
#3071=CARTESIAN_POINT('',(26.3944645539126,2.46195060887324,2.2));
#3072=CARTESIAN_POINT('',(23.7944645539126,2.46195060887324,2.2));
#3073=CARTESIAN_POINT('',(26.7944645539126,-0.171413833885632,2.6));
#3074=CARTESIAN_POINT('',(26.7944645539126,-1.08405523452473,2.6));
#3075=CARTESIAN_POINT('',(26.3944645539126,-1.08405523452473,2.2));
#3076=CARTESIAN_POINT('',(26.3944645539126,-0.171413833885632,2.2));
#3077=CARTESIAN_POINT('',(26.7969294541309,-1.08405523452472,2.60246490021837));
#3078=CARTESIAN_POINT('',(26.7969294541309,-1.55182162513193,2.60246490021837));
#3079=CARTESIAN_POINT('',(26.7188036673858,-2.01940452902821,2.60246490021837));
#3080=CARTESIAN_POINT('',(26.4180586487023,-2.88375834071669,2.60246490021837));
#3081=CARTESIAN_POINT('',(26.1955568722606,-3.28019038631042,2.60246490021837));
#3082=CARTESIAN_POINT('',(25.83776835627,-3.70612586864204,2.60246490021837));
#3083=CARTESIAN_POINT('',(25.7533031724091,-3.79580182527226,2.60246490021837));
#3084=CARTESIAN_POINT('',(25.6648731537975,-3.87955549685852,2.60246490021837));
#3085=CARTESIAN_POINT('',(26.7944645539126,-1.08405523452472,2.6));
#3086=CARTESIAN_POINT('',(26.7944645539126,-1.55155059314422,2.6));
#3087=CARTESIAN_POINT('',(26.7163825818653,-2.01886203041596,2.6));
#3088=CARTESIAN_POINT('',(26.4158237210276,-2.88268081665254,2.6));
#3089=CARTESIAN_POINT('',(26.1934650768526,-3.27884832457271,2.6));
#3090=CARTESIAN_POINT('',(25.8359397543789,-3.70447048367292,2.6));
#3091=CARTESIAN_POINT('',(25.7515386200193,-3.79407824193181,2.6));
#3092=CARTESIAN_POINT('',(25.6631777496148,-3.87776644879834,2.6));
#3093=CARTESIAN_POINT('',(26.3944645539125,-1.08405523452472,2.2));
#3094=CARTESIAN_POINT('',(26.3944645539125,-1.50756796282195,2.2));
#3095=CARTESIAN_POINT('',(26.3234927598017,-1.93082623761409,2.2));
#3096=CARTESIAN_POINT('',(26.0531432915218,-2.70782196336314,2.2));
#3097=CARTESIAN_POINT('',(25.8540119188879,-3.06106072770183,2.2));
#3098=CARTESIAN_POINT('',(25.5391972124283,-3.43583730221109,2.2));
#3099=CARTESIAN_POINT('',(25.4651899270106,-3.51437793964631,2.2));
#3100=CARTESIAN_POINT('',(25.388050315219,-3.58744263822926,2.2));
#3101=CARTESIAN_POINT('',(25.3990848398967,-3.57708400604405,2.2));
#3102=CARTESIAN_POINT('',(25.4913472126221,-3.67334112192045,2.33333333333333));
#3103=CARTESIAN_POINT('',(25.5836095853476,-3.76959823779685,2.46666666666667));
#3104=CARTESIAN_POINT('',(25.6758719580731,-3.86585535367325,2.6));
#3105=CARTESIAN_POINT('',(25.3990848398966,-3.57708400604406,2.2));
#3106=CARTESIAN_POINT('',(26.3944645539126,-1.08405523452473,2.2));
#3107=CARTESIAN_POINT('',(26.3944645539125,-2.00974881167771,2.2));
#3108=CARTESIAN_POINT('',(26.0692453644518,-2.93518220149703,2.2));
#3109=CARTESIAN_POINT('',(25.3990094986583,-3.57700532953728,2.2));
#3110=CARTESIAN_POINT('',(14.1402998017749,-14.9226925360033,2.6));
#3111=CARTESIAN_POINT('',(15.0078262040554,-14.0910336784553,2.59990220941822));
#3112=CARTESIAN_POINT('',(14.9155412559228,-13.9947794887631,2.46655536712559));
#3113=CARTESIAN_POINT('',(14.8232563077901,-13.898525299071,2.33320852483296));
#3114=CARTESIAN_POINT('',(14.7309713596575,-13.8022711093788,2.19986168254033));
#3115=CARTESIAN_POINT('',(14.7308756484299,-13.8021712540807,2.2));
#3116=CARTESIAN_POINT('',(13.8635126835984,-14.6339211883741,2.2));
#3117=CARTESIAN_POINT('',(15.0216327719563,-14.0811046662245,2.60251472722105));
#3118=CARTESIAN_POINT('',(14.8578361012819,-14.2392502694581,2.60251472722105));
#3119=CARTESIAN_POINT('',(14.6870818441934,-14.3816989399827,2.60251472722105));
#3120=CARTESIAN_POINT('',(14.1103663969459,-14.7907494558111,2.60251472722105));
#3121=CARTESIAN_POINT('',(13.6852538526672,-14.9804712709524,2.60251472722105));
#3122=CARTESIAN_POINT('',(13.1096948989587,-15.0914903761073,2.60251472722105));
#3123=CARTESIAN_POINT('',(12.9522299492137,-15.1062458729464,2.60251472722105));
#3124=CARTESIAN_POINT('',(12.7977127372664,-15.1052614840614,2.60251472722105));
#3125=CARTESIAN_POINT('',(15.0198861199182,-14.0792947911456,2.6));
#3126=CARTESIAN_POINT('',(14.8561754459428,-14.2373574842772,2.6));
#3127=CARTESIAN_POINT('',(14.6855176748573,-14.3797253158396,2.6));
#3128=CARTESIAN_POINT('',(14.1091618051944,-14.7885207918739,2.6));
#3129=CARTESIAN_POINT('',(13.6843725398911,-14.978080184885,2.6));
#3130=CARTESIAN_POINT('',(13.1093728237157,-15.0889914191844,2.6));
#3131=CARTESIAN_POINT('',(12.9520745934481,-15.1037316401274,2.6));
#3132=CARTESIAN_POINT('',(12.7977296408204,-15.1027489405567,2.6));
#3133=CARTESIAN_POINT('',(14.7403548985069,-13.7896454618076,2.19754733266464));
#3134=CARTESIAN_POINT('',(14.5904069899601,-13.9344393632173,2.19754733266464));
#3135=CARTESIAN_POINT('',(14.4351906747015,-14.0638698647848,2.19754733266464));
#3136=CARTESIAN_POINT('',(13.9163809900822,-14.4318492059378,2.19754733266464));
#3137=CARTESIAN_POINT('',(13.5433287421748,-14.5954148375001,2.19754733266464));
#3138=CARTESIAN_POINT('',(13.0578284496285,-14.6890626035407,2.19754733266464));
#3139=CARTESIAN_POINT('',(12.9272117209488,-14.7013580960626,2.19754733266464));
#3140=CARTESIAN_POINT('',(12.8004348568544,-14.7006457514789,2.19754733266464));
#3141=CARTESIAN_POINT('',(14.7308756495555,-13.8021712552546,2.19999999837329));
#3142=CARTESIAN_POINT('',(14.4676791049084,-14.0545423749743,2.19999999837329));
#3143=CARTESIAN_POINT('',(13.8892636494347,-14.4876395344946,2.20000000081335));
#3144=CARTESIAN_POINT('',(13.1797214208104,-14.7030569026938,2.2));
#3145=CARTESIAN_POINT('',(12.8112066998274,-14.7031256016217,2.2));
#3146=CARTESIAN_POINT('',(-12.7955069318499,-15.1052465045462,2.60249837760497));
#3147=CARTESIAN_POINT('',(-12.9499541740364,-15.1062158507135,2.60249837760497));
#3148=CARTESIAN_POINT('',(-13.1073456716739,-15.0914599469998,2.60249837760497));
#3149=CARTESIAN_POINT('',(-13.6828274652804,-14.9804557251954,2.60249837760497));
#3150=CARTESIAN_POINT('',(-14.1079379077458,-14.7907349660484,2.60249837760497));
#3151=CARTESIAN_POINT('',(-14.6846506011306,-14.3816864034696,2.60249837760497));
#3152=CARTESIAN_POINT('',(-14.8554038366414,-14.2392386394237,2.60249837760497));
#3153=CARTESIAN_POINT('',(-15.0191995925693,-14.081094024968,2.60249837760497));
#3154=CARTESIAN_POINT('',(-12.795523487689,-15.1027502941494,2.6));
#3155=CARTESIAN_POINT('',(-12.9497996748757,-15.1037179783668,2.6));
#3156=CARTESIAN_POINT('',(-13.1070256194429,-15.088977250852,2.6));
#3157=CARTESIAN_POINT('',(-13.6819518824004,-14.9780801848854,2.6));
#3158=CARTESIAN_POINT('',(-14.1067411477036,-14.7885207918735,2.6));
#3159=CARTESIAN_POINT('',(-14.683096601572,-14.379725610753,2.6));
#3160=CARTESIAN_POINT('',(-14.8537539785852,-14.2373581598926,2.6));
#3161=CARTESIAN_POINT('',(-15.0174642970789,-14.0792959162899,2.6));
#3162=CARTESIAN_POINT('',(-12.7981900502346,-14.7006987211989,2.1975993661562));
#3163=CARTESIAN_POINT('',(-12.9249153018829,-14.7013987238314,2.1975993661562));
#3164=CARTESIAN_POINT('',(-13.0554764779704,-14.6891023474217,2.1975993661562));
#3165=CARTESIAN_POINT('',(-13.540926320372,-14.5954643126705,2.1975993661562));
#3166=CARTESIAN_POINT('',(-13.9139852574077,-14.4318953203486,2.1975993661562));
#3167=CARTESIAN_POINT('',(-14.432802007944,-14.063910967511,2.1975993661562));
#3168=CARTESIAN_POINT('',(-14.5880199573302,-13.9344791420204,2.1975993661562));
#3169=CARTESIAN_POINT('',(-14.7379693144831,-13.7896839415521,2.1975993661562));
#3170=CARTESIAN_POINT('',(-14.7286861157206,-13.8023329100272,2.2));
#3171=CARTESIAN_POINT('',(-14.8209484884461,-13.8985900259036,2.33333333333333));
#3172=CARTESIAN_POINT('',(-14.9132108611716,-13.99484714178,2.46666666666667));
#3173=CARTESIAN_POINT('',(-15.005473233897,-14.0911042576564,2.6));
#3174=CARTESIAN_POINT('',(-14.7286861157206,-13.8023329100272,2.2));
#3175=CARTESIAN_POINT('',(-12.8089616618785,-14.7031254901099,2.1999999765903));
#3176=CARTESIAN_POINT('',(-13.5401959354665,-14.7029201435089,2.1999999765903));
#3177=CARTESIAN_POINT('',(-14.2037382614938,-14.3053186305404,2.2));
#3178=CARTESIAN_POINT('',(-14.7284946491883,-13.8021332355397,2.2));
#3179=CARTESIAN_POINT('',(-14.1378791442841,-14.9226925360033,2.6));
#3180=CARTESIAN_POINT('',(-25.6734067034619,-3.86580873774457,2.59993548686755));
#3181=CARTESIAN_POINT('',(-25.5811920105985,-3.76951057989065,2.46660551709539));
#3182=CARTESIAN_POINT('',(-25.4889773177352,-3.67321242203673,2.33327554732324));
#3183=CARTESIAN_POINT('',(-25.3967626248718,-3.5769142641828,2.19994557755108));
#3184=CARTESIAN_POINT('',(-25.3967249662898,-3.576874975073,2.2));
#3185=CARTESIAN_POINT('',(-13.8610920261077,-14.6339211883741,2.2));
#3186=CARTESIAN_POINT('',(4.85722573273506E-13,-5.72458747072347E-14,2.6));
#3187=CARTESIAN_POINT('',(4.85722573273506E-13,-5.72458747072347E-14,2.2));
#3188=CARTESIAN_POINT('',(-2.59999999999951,-5.72458747072347E-14,2.2));
#3189=CARTESIAN_POINT('',(-21.7487894022598,-1.47573232263047E-11,2.6));
#3190=CARTESIAN_POINT('',(-21.7487894022598,-1.47573232263047E-11,2.2));
#3191=CARTESIAN_POINT('',(-23.8487894022599,-1.47573232263047E-11,2.2));
#3192=CARTESIAN_POINT('',(21.7512105977401,-5.72764908772133E-14,2.6));
#3193=CARTESIAN_POINT('',(21.7512105977401,-5.72764908772133E-14,2.2));
#3194=CARTESIAN_POINT('',(19.6512105977401,-5.72764908772133E-14,2.2));
#3195=CARTESIAN_POINT('',(-25.6608117562551,-3.87771467415988,2.6));
#3196=CARTESIAN_POINT('',(-25.749152772293,-3.79404128434953,2.6));
#3197=CARTESIAN_POINT('',(-25.8335355623428,-3.70445088208971,2.6));
#3198=CARTESIAN_POINT('',(-26.1910444193619,-3.27884832457265,2.6));
#3199=CARTESIAN_POINT('',(-26.4134030635368,-2.88268081665249,2.6));
#3200=CARTESIAN_POINT('',(-26.7139619243746,-2.01886203041589,2.6));
#3201=CARTESIAN_POINT('',(-26.7920438964219,-1.55155059314415,2.6));
#3202=CARTESIAN_POINT('',(-26.7920438964218,-1.08405523452466,2.6));
#3203=CARTESIAN_POINT('',(-25.3856773799098,-3.5873974359029,2.2));
#3204=CARTESIAN_POINT('',(-25.4627997925364,-3.51434554654116,2.2));
#3205=CARTESIAN_POINT('',(-25.5367910533993,-3.43582004226807,2.2));
#3206=CARTESIAN_POINT('',(-25.8515912613978,-3.06106072770178,2.2));
#3207=CARTESIAN_POINT('',(-26.0507226340318,-2.70782196336299,2.2));
#3208=CARTESIAN_POINT('',(-26.3210721023103,-1.9308262376141,2.2));
#3209=CARTESIAN_POINT('',(-26.3920438964218,-1.50756796282189,2.2));
#3210=CARTESIAN_POINT('',(-26.3920438964218,-1.08405523452466,2.2));
#3211=CARTESIAN_POINT('',(-25.3967249651784,-3.57687497391248,2.20000000160685));
#3212=CARTESIAN_POINT('',(-26.0658672771713,-2.93601176226131,2.20000000160685));
#3213=CARTESIAN_POINT('',(-26.3920438964219,-2.00819788679841,2.2));
#3214=CARTESIAN_POINT('',(-26.3920438964219,-1.08405523452464,2.2));
#3215=CARTESIAN_POINT('',(-4.99552056119747,-5.48181172713489,2.2));
#3216=MECHANICAL_DESIGN_GEOMETRIC_PRESENTATION_REPRESENTATION('',(#1564),
#3217);
#3217=(
GEOMETRIC_REPRESENTATION_CONTEXT(3)
GLOBAL_UNCERTAINTY_ASSIGNED_CONTEXT((#3218))
GLOBAL_UNIT_ASSIGNED_CONTEXT((#3221,#3220,#3219))
REPRESENTATION_CONTEXT('[a]_wwbmg-adapter_sherpa_xol',
'TOP_LEVEL_ASSEMBLY_PART')
);
#3218=UNCERTAINTY_MEASURE_WITH_UNIT(LENGTH_MEASURE(0.0202274715567033),
#3221,'DISTANCE_ACCURACY_VALUE','Maximum Tolerance applied to model');
#3219=(
NAMED_UNIT(*)
SI_UNIT($,.STERADIAN.)
SOLID_ANGLE_UNIT()
);
#3220=(
NAMED_UNIT(*)
PLANE_ANGLE_UNIT()
SI_UNIT($,.RADIAN.)
);
#3221=(
LENGTH_UNIT()
NAMED_UNIT(*)
SI_UNIT(.MILLI.,.METRE.)
);
#3222=PRODUCT_DEFINITION_SHAPE('','',#3223);
#3223=PRODUCT_DEFINITION('','',#3225,#3224);
#3224=PRODUCT_DEFINITION_CONTEXT('',#3231,'design');
#3225=PRODUCT_DEFINITION_FORMATION_WITH_SPECIFIED_SOURCE('','',#3227,
 .NOT_KNOWN.);
#3226=PRODUCT_RELATED_PRODUCT_CATEGORY('','',(#3227));
#3227=PRODUCT('[a]_wwbmg-adapter_sherpa_xol',
'[a]_wwbmg-adapter_sherpa_xol','[a]_wwbmg-adapter_sherpa_xol',(#3229));
#3228=PRODUCT_CATEGORY('','');
#3229=PRODUCT_CONTEXT('',#3231,'mechanical');
#3230=APPLICATION_PROTOCOL_DEFINITION('international standard',
'ap242_managed_model_based_3d_engineering',2020,#3231);
#3231=APPLICATION_CONTEXT('managed model based 3d engineering');
ENDSEC;
END-ISO-10303-21;
