ISO-10303-21;
HEADER;
/* Generated by software containing ST-Developer
 * from STEP Tools, Inc. (www.steptools.com) 
 */
/* OPTION: using custom renumber hook */

FILE_DESCRIPTION(
/* description */ ('STEP AP242 Edition 2',
'CAx-IF Rec.Pracs.---Representation and Presentation of Product Manufa
cturing Information (PMI)---4.0---2014-10-13',
'CAx-IF Rec.Pracs.---3D Tessellated Geometry---0.4---2014-09-14','2;1',
'CAx-IF Rec.Pracs.---User Defined Attributes---1.5---2016-08-15'),
/* implementation_level */ '2;1');

FILE_NAME(
/* name */ '[a]_wwg2-adapter_o2_tap',
/* time_stamp */ '2026-09-27T04:16:38Z',
/* author */ (''),
/* organization */ (''),
/* preprocessor_version */ 'ST-DEVELOPER v20',
/* originating_system */ 'ONSHAPE BY PTC INC, 1.221',
/* authorisation */ '  ');

FILE_SCHEMA (('AP242_MANAGED_MODEL_BASED_3D_ENGINEERING_MIM_LF { 1 0 10303 442 3 1 4 }'));
ENDSEC;

DATA;
#10=SHAPE_REPRESENTATION_RELATIONSHIP('','',#2348,#11);
#11=ADVANCED_BREP_SHAPE_REPRESENTATION('',(#2346),#4722);
#12=TOROIDAL_SURFACE('',#2558,0.8,0.2);
#13=TOROIDAL_SURFACE('',#2568,2.8,0.2);
#14=TOROIDAL_SURFACE('',#2570,0.4,0.2);
#15=TOROIDAL_SURFACE('',#2579,0.4,0.2);
#16=TOROIDAL_SURFACE('',#2581,0.8,0.2);
#17=TOROIDAL_SURFACE('',#2584,1.7,0.2);
#18=TOROIDAL_SURFACE('',#2592,0.8,0.2);
#19=TOROIDAL_SURFACE('',#2602,2.8,0.2);
#20=TOROIDAL_SURFACE('',#2604,0.4,0.2);
#21=TOROIDAL_SURFACE('',#2613,0.4,0.2);
#22=TOROIDAL_SURFACE('',#2615,0.8,0.2);
#23=TOROIDAL_SURFACE('',#2618,1.7,0.2);
#24=B_SPLINE_SURFACE_WITH_KNOTS('',1,3,((#4141,#4142,#4143,#4144,#4145,
#4146,#4147,#4148,#4149,#4150,#4151,#4152,#4153,#4154),(#4155,#4156,#4157,
#4158,#4159,#4160,#4161,#4162,#4163,#4164,#4165,#4166,#4167,#4168)),
 .RULED_SURF.,.F.,.F.,.F.,(2,2),(4,2,2,2,2,2,4),(0.,0.916666666666827),
(1.41371669411539,1.5707963267949,1.96349540849362,2.35619449019234,2.74889357189107,
3.1415926535898,3.29867228626946),.UNSPECIFIED.);
#25=B_SPLINE_SURFACE_WITH_KNOTS('',1,3,((#4185,#4186,#4187,#4188,#4189,
#4190,#4191,#4192,#4193,#4194,#4195,#4196),(#4197,#4198,#4199,#4200,#4201,
#4202,#4203,#4204,#4205,#4206,#4207,#4208),(#4209,#4210,#4211,#4212,#4213,
#4214,#4215,#4216,#4217,#4218,#4219,#4220)),.RULED_SURF.,.F.,.F.,.F.,(2,
1,2),(4,2,2,2,2,4),(-0.01,0.,0.917172510001796),(1.37778586369221,1.5707963267949,
1.96349540849362,2.35619449019234,2.74889357189107,3.04288304454895),
 .UNSPECIFIED.);
#26=B_SPLINE_SURFACE_WITH_KNOTS('',1,3,((#4237,#4238,#4239,#4240,#4241,
#4242,#4243,#4244,#4245,#4246,#4247,#4248),(#4249,#4250,#4251,#4252,#4253,
#4254,#4255,#4256,#4257,#4258,#4259,#4260)),.RULED_SURF.,.F.,.F.,.F.,(2,
2),(4,2,2,2,2,4),(0.,0.922166666666667),(3.24031332422849,3.53429173528852,
3.92699081698724,4.31968989868597,4.71238898038469,4.90539837234655),
 .UNSPECIFIED.);
#27=B_SPLINE_SURFACE_WITH_KNOTS('',1,3,((#4274,#4275,#4276,#4277,#4278,
#4279,#4280,#4281,#4282,#4283,#4284,#4285),(#4286,#4287,#4288,#4289,#4290,
#4291,#4292,#4293,#4294,#4295,#4296,#4297)),.RULED_SURF.,.F.,.F.,.F.,(2,
2),(4,2,2,2,2,4),(0.,0.916666666666831),(0.,0.392699081698724,0.785398163397448,
1.17809724509617,1.5707963267949,1.7278759594746),.UNSPECIFIED.);
#28=B_SPLINE_SURFACE_WITH_KNOTS('',1,3,((#4327,#4328,#4329,#4330,#4331,
#4332,#4333,#4334,#4335,#4336,#4337,#4338),(#4339,#4340,#4341,#4342,#4343,
#4344,#4345,#4346,#4347,#4348,#4349,#4350)),.RULED_SURF.,.F.,.F.,.F.,(2,
2),(4,2,2,2,2,4),(0.,0.833333335771552),(4.93701143798044,5.10508806208341,
5.49778714378214,5.6941366846315,5.89048622548086,5.91237317845077),
 .UNSPECIFIED.);
#29=B_SPLINE_SURFACE_WITH_KNOTS('',1,3,((#4356,#4357,#4358,#4359,#4360,
#4361,#4362,#4363,#4364,#4365,#4366,#4367),(#4368,#4369,#4370,#4371,#4372,
#4373,#4374,#4375,#4376,#4377,#4378,#4379),(#4380,#4381,#4382,#4383,#4384,
#4385,#4386,#4387,#4388,#4389,#4390,#4391)),.RULED_SURF.,.F.,.F.,.F.,(2,
1,2),(4,2,2,2,2,4),(-0.0051854347102998,0.,0.833333332842034),(3.51240594367376,
3.53429173528852,3.73064127613788,3.92699081698724,4.31968989868597,4.48776651586212),
 .UNSPECIFIED.);
#30=CONICAL_SURFACE('',#2502,2.6,0.785398163397448);
#31=CONICAL_SURFACE('',#2503,2.1,0.785398163397448);
#32=CONICAL_SURFACE('',#2504,2.1,0.785398163397449);
#33=CONICAL_SURFACE('',#2510,2.77893529910106,0.785389860498186);
#34=CONICAL_SURFACE('',#2514,2.2,0.785398163397448);
#35=CONICAL_SURFACE('',#2516,1.7,0.785398163397448);
#36=CONICAL_SURFACE('',#2518,1.7,0.785398163397448);
#37=CONICAL_SURFACE('',#2520,2.77892755410454,0.785389879724785);
#38=(
BOUNDED_SURFACE()
B_SPLINE_SURFACE(3,2,((#3663,#3664,#3665),(#3666,#3667,#3668),(#3669,#3670,
#3671),(#3672,#3673,#3674)),.UNSPECIFIED.,.F.,.F.,.F.)
B_SPLINE_SURFACE_WITH_KNOTS((4,4),(3,3),(5.4977871437821,6.28318530717959),
(0.,1.),.PIECEWISE_BEZIER_KNOTS.)
GEOMETRIC_REPRESENTATION_ITEM()
RATIONAL_B_SPLINE_SURFACE(((1.,0.866025403784434,1.),(1.,0.903812900244017,
1.),(1.,0.923879532489348,1.),(1.,0.923879532511287,1.)))
REPRESENTATION_ITEM('')
SURFACE()
);
#39=(
BOUNDED_SURFACE()
B_SPLINE_SURFACE(3,2,((#3681,#3682,#3683),(#3684,#3685,#3686),(#3687,#3688,
#3689),(#3690,#3691,#3692)),.UNSPECIFIED.,.F.,.F.,.F.)
B_SPLINE_SURFACE_WITH_KNOTS((4,4),(3,3),(0.,0.785398163397668),(0.,1.),
 .PIECEWISE_BEZIER_KNOTS.)
GEOMETRIC_REPRESENTATION_ITEM()
RATIONAL_B_SPLINE_SURFACE(((1.,0.923879532511287,1.),(1.,0.923879532489357,
1.),(1.,0.903812900244039,1.),(1.,0.866025403784406,1.)))
REPRESENTATION_ITEM('')
SURFACE()
);
#40=(
BOUNDED_SURFACE()
B_SPLINE_SURFACE(3,2,((#3765,#3766,#3767),(#3768,#3769,#3770),(#3771,#3772,
#3773),(#3774,#3775,#3776),(#3777,#3778,#3779)),.UNSPECIFIED.,.F.,.F.,.F.)
B_SPLINE_SURFACE_WITH_KNOTS((4,1,4),(3,3),(2.61799387799154,3.14159265358984,
3.66519142918813),(0.,1.),.UNSPECIFIED.)
GEOMETRIC_REPRESENTATION_ITEM()
RATIONAL_B_SPLINE_SURFACE(((1.,0.923879532511295,1.),(1.,0.943160392726843,
1.),(1.,0.9628808350158,1.),(1.,0.943160392727261,1.),(1.,0.923879532511286,
1.)))
REPRESENTATION_ITEM('')
SURFACE()
);
#41=(
BOUNDED_SURFACE()
B_SPLINE_SURFACE(3,2,((#3808,#3809,#3810),(#3811,#3812,#3813),(#3814,#3815,
#3816),(#3817,#3818,#3819),(#3820,#3821,#3822)),.UNSPECIFIED.,.F.,.F.,.F.)
B_SPLINE_SURFACE_WITH_KNOTS((4,1,4),(3,3),(2.61799387798912,3.14159265358868,
3.66519142918825),(0.,1.),.UNSPECIFIED.)
GEOMETRIC_REPRESENTATION_ITEM()
RATIONAL_B_SPLINE_SURFACE(((1.,0.923879532511008,1.),(1.,0.94316039272646,
1.),(1.,0.962880835016046,1.),(1.,0.943160392727062,1.),(1.,0.923879532511253,
1.)))
REPRESENTATION_ITEM('')
SURFACE()
);
#42=(
BOUNDED_SURFACE()
B_SPLINE_SURFACE(3,2,((#3884,#3885,#3886),(#3887,#3888,#3889),(#3890,#3891,
#3892),(#3893,#3894,#3895),(#3896,#3897,#3898)),.UNSPECIFIED.,.F.,.F.,.F.)
B_SPLINE_SURFACE_WITH_KNOTS((4,1,4),(3,3),(1.5707963267949,2.235262193945,
2.89972806109511),(0.,1.),.UNSPECIFIED.)
GEOMETRIC_REPRESENTATION_ITEM()
RATIONAL_B_SPLINE_SURFACE(((1.,0.707106781186551,1.),(1.,0.762679139569814,
1.),(1.,0.859941860285841,1.),(1.,0.908727065962559,1.),(1.,0.918968784067168,
1.)))
REPRESENTATION_ITEM('')
SURFACE()
);
#43=(
BOUNDED_SURFACE()
B_SPLINE_SURFACE(3,2,((#3902,#3903,#3904),(#3905,#3906,#3907),(#3908,#3909,
#3910),(#3911,#3912,#3913)),.UNSPECIFIED.,.F.,.F.,.F.)
B_SPLINE_SURFACE_WITH_KNOTS((4,4),(3,3),(3.99634214903567,4.71238898038469),
(0.,1.),.PIECEWISE_BEZIER_KNOTS.)
GEOMETRIC_REPRESENTATION_ITEM()
RATIONAL_B_SPLINE_SURFACE(((1.,0.642787609686539,1.),(1.,0.661314171217932,
1.),(1.,0.684782787808336,1.),(1.,0.707106781186551,1.)))
REPRESENTATION_ITEM('')
SURFACE()
);
#44=(
BOUNDED_SURFACE()
B_SPLINE_SURFACE(3,2,((#3917,#3918,#3919),(#3920,#3921,#3922),(#3923,#3924,
#3925),(#3926,#3927,#3928)),.UNSPECIFIED.,.F.,.F.,.F.)
B_SPLINE_SURFACE_WITH_KNOTS((4,4),(3,3),(2.90566182226115E-17,0.000786101786403488),
(0.,1.),.PIECEWISE_BEZIER_KNOTS.)
GEOMETRIC_REPRESENTATION_ITEM()
RATIONAL_B_SPLINE_SURFACE(((1.,0.687721821653811,1.),(1.,0.672745482400366,
1.),(1.,0.657561360018817,1.),(1.,0.64278760968654,1.)))
REPRESENTATION_ITEM('')
SURFACE()
);
#45=(
BOUNDED_SURFACE()
B_SPLINE_SURFACE(3,2,((#3930,#3931,#3932),(#3933,#3934,#3935),(#3936,#3937,
#3938),(#3939,#3940,#3941)),.UNSPECIFIED.,.F.,.F.,.F.)
B_SPLINE_SURFACE_WITH_KNOTS((4,4),(3,3),(1.48438595428965,1.64070863670965),
(0.,1.),.PIECEWISE_BEZIER_KNOTS.)
GEOMETRIC_REPRESENTATION_ITEM()
RATIONAL_B_SPLINE_SURFACE(((1.,0.730345794829799,1.),(1.,0.716589396377475,
1.),(1.,0.702349710735779,1.),(1.,0.687721821653807,1.)))
REPRESENTATION_ITEM('')
SURFACE()
);
#46=(
BOUNDED_SURFACE()
B_SPLINE_SURFACE(3,2,((#3943,#3944,#3945),(#3946,#3947,#3948),(#3949,#3950,
#3951),(#3952,#3953,#3954)),.UNSPECIFIED.,.F.,.F.,.F.)
B_SPLINE_SURFACE_WITH_KNOTS((4,4),(3,3),(1.73472347597681E-18,0.00229419362718005),
(0.,1.),.PIECEWISE_BEZIER_KNOTS.)
GEOMETRIC_REPRESENTATION_ITEM()
RATIONAL_B_SPLINE_SURFACE(((1.,0.74791342897528,1.),(1.,0.727765312758636,
1.),(1.,0.724579079494019,1.),(1.,0.730345794829787,1.)))
REPRESENTATION_ITEM('')
SURFACE()
);
#47=(
BOUNDED_SURFACE()
B_SPLINE_SURFACE(3,2,((#3956,#3957,#3958),(#3959,#3960,#3961),(#3962,#3963,
#3964),(#3965,#3966,#3967)),.UNSPECIFIED.,.F.,.F.,.F.)
B_SPLINE_SURFACE_WITH_KNOTS((4,4),(3,3),(4.38359688340684,4.83339584862627),
(0.,1.),.PIECEWISE_BEZIER_KNOTS.)
GEOMETRIC_REPRESENTATION_ITEM()
RATIONAL_B_SPLINE_SURFACE(((1.,0.584102005742277,1.),(1.,0.643849366021781,
1.),(1.,0.698971759485997,1.),(1.,0.74791342897528,1.)))
REPRESENTATION_ITEM('')
SURFACE()
);
#48=(
BOUNDED_SURFACE()
B_SPLINE_SURFACE(3,2,((#3969,#3970,#3971),(#3972,#3973,#3974),(#3975,#3976,
#3977),(#3978,#3979,#3980),(#3981,#3982,#3983)),.UNSPECIFIED.,.F.,.F.,.F.)
B_SPLINE_SURFACE_WITH_KNOTS((4,1,4),(3,3),(-6.72205346941013E-18,0.000721548029789665,
0.00144309605957934),(0.,1.),.UNSPECIFIED.)
GEOMETRIC_REPRESENTATION_ITEM()
RATIONAL_B_SPLINE_SURFACE(((1.,0.584102005742281,1.),(1.,0.56214539461565,
1.),(1.,0.512758616331847,1.),(1.,0.449634332721493,1.),(1.,0.417701225454297,
1.)))
REPRESENTATION_ITEM('')
SURFACE()
);
#49=(
BOUNDED_SURFACE()
B_SPLINE_SURFACE(3,2,((#3985,#3986,#3987),(#3988,#3989,#3990),(#3991,#3992,
#3993),(#3994,#3995,#3996)),.UNSPECIFIED.,.F.,.F.,.F.)
B_SPLINE_SURFACE_WITH_KNOTS((4,4),(3,3),(1.0445991674486E-37,0.40086018671741),
(0.,1.),.PIECEWISE_BEZIER_KNOTS.)
GEOMETRIC_REPRESENTATION_ITEM()
RATIONAL_B_SPLINE_SURFACE(((1.,0.382683432365088,1.),(1.,0.382683432368388,
1.),(1.,0.395634905852174,1.),(1.,0.417701225454297,1.)))
REPRESENTATION_ITEM('')
SURFACE()
);
#50=(
BOUNDED_SURFACE()
B_SPLINE_SURFACE(3,2,((#4000,#4001,#4002),(#4003,#4004,#4005),(#4006,#4007,
#4008),(#4009,#4010,#4011)),.UNSPECIFIED.,.F.,.F.,.F.)
B_SPLINE_SURFACE_WITH_KNOTS((4,4),(3,3),(5.88178671782246,6.28318530717959),
(0.,1.),.PIECEWISE_BEZIER_KNOTS.)
GEOMETRIC_REPRESENTATION_ITEM()
RATIONAL_B_SPLINE_SURFACE(((1.,0.417790185476677,1.),(1.,0.395670871699407,
1.),(1.,0.382683432372784,1.),(1.,0.382683432365083,1.)))
REPRESENTATION_ITEM('')
SURFACE()
);
#51=(
BOUNDED_SURFACE()
B_SPLINE_SURFACE(3,2,((#4013,#4014,#4015),(#4016,#4017,#4018),(#4019,#4020,
#4021),(#4022,#4023,#4024),(#4025,#4026,#4027)),.UNSPECIFIED.,.F.,.F.,.F.)
B_SPLINE_SURFACE_WITH_KNOTS((4,1,4),(3,3),(2.05998412772246E-18,0.000719477347627148,
0.00143895469525429),(0.,1.),.UNSPECIFIED.)
GEOMETRIC_REPRESENTATION_ITEM()
RATIONAL_B_SPLINE_SURFACE(((1.,0.417790185476685,1.),(1.,0.449868749832369,
1.),(1.,0.511750727689126,1.),(1.,0.561968117140858,1.),(1.,0.583945665669991,
1.)))
REPRESENTATION_ITEM('')
SURFACE()
);
#52=(
BOUNDED_SURFACE()
B_SPLINE_SURFACE(3,2,((#4029,#4030,#4031),(#4032,#4033,#4034),(#4035,#4036,
#4037),(#4038,#4039,#4040)),.UNSPECIFIED.,.F.,.F.,.F.)
B_SPLINE_SURFACE_WITH_KNOTS((4,4),(3,3),(4.59178395663699,5.04157337865065),
(0.,1.),.PIECEWISE_BEZIER_KNOTS.)
GEOMETRIC_REPRESENTATION_ITEM()
RATIONAL_B_SPLINE_SURFACE(((1.,0.747782242732679,1.),(1.,0.698830637831794,
1.),(1.,0.643699750777061,1.),(1.,0.583945665669986,1.)))
REPRESENTATION_ITEM('')
SURFACE()
);
#53=(
BOUNDED_SURFACE()
B_SPLINE_SURFACE(3,2,((#4042,#4043,#4044),(#4045,#4046,#4047),(#4048,#4049,
#4050),(#4051,#4052,#4053)),.UNSPECIFIED.,.F.,.F.,.F.)
B_SPLINE_SURFACE_WITH_KNOTS((4,4),(3,3),(-1.04083408558608E-17,0.00229621976576893),
(0.,1.),.PIECEWISE_BEZIER_KNOTS.)
GEOMETRIC_REPRESENTATION_ITEM()
RATIONAL_B_SPLINE_SURFACE(((1.,0.730226280237373,1.),(1.,0.724438084799497,
1.),(1.,0.727610894412159,1.),(1.,0.747782242732678,1.)))
REPRESENTATION_ITEM('')
SURFACE()
);
#54=(
BOUNDED_SURFACE()
B_SPLINE_SURFACE(3,2,((#4055,#4056,#4057),(#4058,#4059,#4060),(#4061,#4062,
#4063),(#4064,#4065,#4066)),.UNSPECIFIED.,.F.,.F.,.F.)
B_SPLINE_SURFACE_WITH_KNOTS((4,4),(3,3),(1.4848386151024,1.64104667684128),
(0.,1.),.PIECEWISE_BEZIER_KNOTS.)
GEOMETRIC_REPRESENTATION_ITEM()
RATIONAL_B_SPLINE_SURFACE(((1.,0.730226280237372,1.),(1.,0.716477180874045,
1.),(1.,0.702245753877144,1.),(1.,0.687626919954048,1.)))
REPRESENTATION_ITEM('')
SURFACE()
);
#55=(
BOUNDED_SURFACE()
B_SPLINE_SURFACE(3,2,((#4068,#4069,#4070),(#4071,#4072,#4073),(#4074,#4075,
#4076),(#4077,#4078,#4079)),.UNSPECIFIED.,.F.,.F.,.F.)
B_SPLINE_SURFACE_WITH_KNOTS((4,4),(3,3),(6.93889390390723E-18,0.000784490443597526),
(0.,1.),.PIECEWISE_BEZIER_KNOTS.)
GEOMETRIC_REPRESENTATION_ITEM()
RATIONAL_B_SPLINE_SURFACE(((1.,0.687626919954053,1.),(1.,0.672682332048804,
1.),(1.,0.657531186461606,1.),(1.,0.642787609686539,1.)))
REPRESENTATION_ITEM('')
SURFACE()
);
#56=(
BOUNDED_SURFACE()
B_SPLINE_SURFACE(3,2,((#4083,#4084,#4085),(#4086,#4087,#4088),(#4089,#4090,
#4091),(#4092,#4093,#4094)),.UNSPECIFIED.,.F.,.F.,.F.)
B_SPLINE_SURFACE_WITH_KNOTS((4,4),(3,3),(4.71238898038469,5.42843581173373),
(0.,1.),.PIECEWISE_BEZIER_KNOTS.)
GEOMETRIC_REPRESENTATION_ITEM()
RATIONAL_B_SPLINE_SURFACE(((1.,0.707106781186544,1.),(1.,0.684782787816724,
1.),(1.,0.661314171222401,1.),(1.,0.642787609686539,1.)))
REPRESENTATION_ITEM('')
SURFACE()
);
#57=(
BOUNDED_SURFACE()
B_SPLINE_SURFACE(3,2,((#4098,#4099,#4100),(#4101,#4102,#4103),(#4104,#4105,
#4106),(#4107,#4108,#4109),(#4110,#4111,#4112)),.UNSPECIFIED.,.F.,.F.,.F.)
B_SPLINE_SURFACE_WITH_KNOTS((4,1,4),(3,3),(0.0288534540658515,0.799824890430374,
1.5707963267949),(0.,1.),.UNSPECIFIED.)
GEOMETRIC_REPRESENTATION_ITEM()
RATIONAL_B_SPLINE_SURFACE(((1.,0.924491209028237,1.),(1.,0.92306840788346,
1.),(1.,0.881554384289524,1.),(1.,0.771586693681465,1.),(1.,0.707106781186544,
1.)))
REPRESENTATION_ITEM('')
SURFACE()
);
#58=(
BOUNDED_SURFACE()
B_SPLINE_SURFACE(3,2,((#4512,#4513,#4514),(#4515,#4516,#4517),(#4518,#4519,
#4520),(#4521,#4522,#4523),(#4524,#4525,#4526),(#4527,#4528,#4529),(#4530,
#4531,#4532),(#4533,#4534,#4535),(#4536,#4537,#4538),(#4539,#4540,#4541),
(#4542,#4543,#4544),(#4545,#4546,#4547),(#4548,#4549,#4550),(#4551,#4552,
#4553),(#4554,#4555,#4556)),.UNSPECIFIED.,.F.,.F.,.F.)
B_SPLINE_SURFACE_WITH_KNOTS((4,1,1,1,1,1,1,1,1,1,1,1,4),(3,3),(2.58243242796207,
3.17148105051016,3.76052967305825,4.34957829560634,4.93862691815442,5.23315122942847,
5.52767554070251,5.82219985197655,6.1167241632506,6.41124847452464,6.70577278579869,
7.00029709707273,7.29482140834677),(0.,1.),.UNSPECIFIED.)
GEOMETRIC_REPRESENTATION_ITEM()
RATIONAL_B_SPLINE_SURFACE(((1.,0.910009274857344,1.),(1.,0.932160846361044,
1.),(1.,0.953754227865745,1.),(1.,0.914121722115484,1.),(1.,0.807277882441969,
1.),(1.,0.673628821869118,1.),(1.,0.554375373207007,1.),(1.,0.465401444670377,
1.),(1.,0.387024079893451,1.),(1.,0.336000828394679,1.),(1.,0.332514657091625,
1.),(1.,0.37837250393966,1.),(1.,0.454298148461534,1.),(1.,0.513165159628276,
1.),(1.,0.542836000687568,1.)))
REPRESENTATION_ITEM('')
SURFACE()
);
#59=(
BOUNDED_SURFACE()
B_SPLINE_SURFACE(3,2,((#4564,#4565,#4566),(#4567,#4568,#4569),(#4570,#4571,
#4572),(#4573,#4574,#4575),(#4576,#4577,#4578),(#4579,#4580,#4581),(#4582,
#4583,#4584),(#4585,#4586,#4587),(#4588,#4589,#4590),(#4591,#4592,#4593),
(#4594,#4595,#4596),(#4597,#4598,#4599),(#4600,#4601,#4602),(#4603,#4604,
#4605),(#4606,#4607,#4608)),.UNSPECIFIED.,.F.,.F.,.F.)
B_SPLINE_SURFACE_WITH_KNOTS((4,1,1,1,1,1,1,1,1,1,1,1,4),(3,3),(2.58243242796208,
3.17148105051016,3.76052967305825,4.34957829560634,4.93862691815442,5.23315122942847,
5.52767554070251,5.82219985197655,6.11672416325059,6.41124847452464,6.70577278579868,
7.00029709707272,7.29482140834677),(0.,1.),.UNSPECIFIED.)
GEOMETRIC_REPRESENTATION_ITEM()
RATIONAL_B_SPLINE_SURFACE(((1.,0.910009274857348,1.),(1.,0.932160846360871,
1.),(1.,0.953754227865833,1.),(1.,0.914121722115465,1.),(1.,0.807277882441977,
1.),(1.,0.673628821869103,1.),(1.,0.554375373206999,1.),(1.,0.465401444670363,
1.),(1.,0.387024079893446,1.),(1.,0.336000828394666,1.),(1.,0.332514657091643,
1.),(1.,0.378372503939508,1.),(1.,0.454298148462071,1.),(1.,0.513165159627071,
1.),(1.,0.542836000687564,1.)))
REPRESENTATION_ITEM('')
SURFACE()
);
#60=(
BOUNDED_SURFACE()
B_SPLINE_SURFACE(3,2,((#4625,#4626,#4627),(#4628,#4629,#4630),(#4631,#4632,
#4633),(#4634,#4635,#4636),(#4637,#4638,#4639),(#4640,#4641,#4642),(#4643,
#4644,#4645)),.UNSPECIFIED.,.F.,.F.,.F.)
B_SPLINE_SURFACE_WITH_KNOTS((4,1,1,1,4),(3,3),(4.71238898038469,5.49778714378214,
6.28318530717959,7.06858347057703,7.85398163397448),(0.,1.),
 .UNSPECIFIED.)
GEOMETRIC_REPRESENTATION_ITEM()
RATIONAL_B_SPLINE_SURFACE(((1.,0.707106781186553,1.),(1.,0.72905218389508,
1.),(1.,0.770404350429825,1.),(1.,0.794514039756181,1.),(1.,0.770404350432128,
1.),(1.,0.729052183889715,1.),(1.,0.70710678118655,1.)))
REPRESENTATION_ITEM('')
SURFACE()
);
#61=(
BOUNDED_SURFACE()
B_SPLINE_SURFACE(3,2,((#4680,#4681,#4682),(#4683,#4684,#4685),(#4686,#4687,
#4688),(#4689,#4690,#4691),(#4692,#4693,#4694),(#4695,#4696,#4697),(#4698,
#4699,#4700)),.UNSPECIFIED.,.F.,.F.,.F.)
B_SPLINE_SURFACE_WITH_KNOTS((4,1,1,1,4),(3,3),(4.71238898038469,5.49778714378214,
6.28318530717959,7.06858347057703,7.85398163397448),(0.,1.),
 .UNSPECIFIED.)
GEOMETRIC_REPRESENTATION_ITEM()
RATIONAL_B_SPLINE_SURFACE(((1.,0.707106781186547,1.),(1.,0.729052183905413,
1.),(1.,0.770404350424856,1.),(1.,0.794514039758075,1.),(1.,0.77040435042953,
1.),(1.,0.729052183894496,1.),(1.,0.707106781186544,1.)))
REPRESENTATION_ITEM('')
SURFACE()
);
#62=SPHERICAL_SURFACE('',#2407,1.);
#63=SPHERICAL_SURFACE('',#2410,1.);
#64=B_SPLINE_CURVE_WITH_KNOTS('',3,(#3358,#3359,#3360,#3361,#3362,#3363,
#3364,#3365,#3366,#3367,#3368,#3369,#3370,#3371,#3372),.UNSPECIFIED.,.F.,
 .F.,(4,1,1,1,1,1,1,1,1,1,1,1,4),(0.,0.00121871549064763,0.00182807323597144,
0.00243743098129525,0.00304678872661907,0.00365614647194288,0.00487486196259051,
0.00609357745323814,0.00670293519856195,0.00731229294388576,0.00792165068920958,
0.00853100843453339,0.00974972392518102),.UNSPECIFIED.);
#65=B_SPLINE_CURVE_WITH_KNOTS('',3,(#3487,#3488,#3489,#3490),
 .UNSPECIFIED.,.F.,.F.,(4,4),(0.,0.00078610178640346),.UNSPECIFIED.);
#66=B_SPLINE_CURVE_WITH_KNOTS('',3,(#3547,#3548,#3549,#3550),
 .UNSPECIFIED.,.F.,.F.,(4,4),(9.34177181294034E-18,0.00157509323277224),
 .UNSPECIFIED.);
#67=B_SPLINE_CURVE_WITH_KNOTS('',3,(#3557,#3558,#3559,#3560),
 .UNSPECIFIED.,.F.,.F.,(4,4),(0.,0.00157083219057692),.UNSPECIFIED.);
#68=B_SPLINE_CURVE_WITH_KNOTS('',3,(#3579,#3580,#3581,#3582,#3583,#3584),
 .UNSPECIFIED.,.F.,.F.,(4,1,1,4),(9.33354262432141E-6,0.250007000156968,
0.500004666771312,1.),.UNSPECIFIED.);
#69=B_SPLINE_CURVE_WITH_KNOTS('',3,(#3599,#3600,#3601,#3602,#3603,#3604),
 .UNSPECIFIED.,.F.,.F.,(4,1,1,4),(0.,0.499995334669842,0.749993002004763,
0.999990669339684),.UNSPECIFIED.);
#70=B_SPLINE_CURVE_WITH_KNOTS('',3,(#3624,#3625,#3626,#3627,#3628),
 .UNSPECIFIED.,.F.,.F.,(4,1,4),(3.6799042000401E-18,0.000615422759055536,
0.00123084551811107),.UNSPECIFIED.);
#71=B_SPLINE_CURVE_WITH_KNOTS('',3,(#3630,#3631,#3632,#3633),
 .UNSPECIFIED.,.F.,.F.,(4,4),(3.46944695195361E-18,0.000530406517839469),
 .UNSPECIFIED.);
#72=B_SPLINE_CURVE_WITH_KNOTS('',3,(#3635,#3636,#3637,#3638),
 .UNSPECIFIED.,.F.,.F.,(4,4),(8.45755531112609E-17,0.000506157906736651),
 .UNSPECIFIED.);
#73=B_SPLINE_CURVE_WITH_KNOTS('',3,(#3640,#3641,#3642,#3643,#3644),
 .UNSPECIFIED.,.F.,.F.,(4,1,4),(0.00050157540244963,0.00114835424397428,
0.00179513308549894),.UNSPECIFIED.);
#74=B_SPLINE_CURVE_WITH_KNOTS('',3,(#3702,#3703,#3704,#3705),
 .UNSPECIFIED.,.F.,.F.,(4,4),(0.,0.000784490443597516),.UNSPECIFIED.);
#75=B_SPLINE_CURVE_WITH_KNOTS('',3,(#3739,#3740,#3741,#3742),
 .UNSPECIFIED.,.F.,.F.,(4,4),(0.,0.00234140806622644),.UNSPECIFIED.);
#76=B_SPLINE_CURVE_WITH_KNOTS('',3,(#3743,#3744,#3745,#3746,#3747,#3748,
#3749,#3750,#3751),.UNSPECIFIED.,.F.,.F.,(4,1,1,1,1,1,4),(0.,0.25,0.375,
0.5,0.625,0.75,1.),.UNSPECIFIED.);
#77=B_SPLINE_CURVE_WITH_KNOTS('',3,(#3752,#3753,#3754,#3755),
 .UNSPECIFIED.,.F.,.F.,(4,4),(0.,0.00149569195822812),.UNSPECIFIED.);
#78=B_SPLINE_CURVE_WITH_KNOTS('',3,(#3761,#3762,#3763,#3764),
 .UNSPECIFIED.,.F.,.F.,(4,4),(0.,0.00216835432652529),.UNSPECIFIED.);
#79=B_SPLINE_CURVE_WITH_KNOTS('',3,(#3780,#3781,#3782,#3783),
 .UNSPECIFIED.,.F.,.F.,(4,4),(0.,0.000747867570954533),.UNSPECIFIED.);
#80=B_SPLINE_CURVE_WITH_KNOTS('',3,(#3791,#3792,#3793,#3794),
 .UNSPECIFIED.,.F.,.F.,(4,4),(2.36107272428013E-17,0.00149354241509319),
 .UNSPECIFIED.);
#81=B_SPLINE_CURVE_WITH_KNOTS('',3,(#3795,#3796,#3797,#3798,#3799,#3800,
#3801,#3802,#3803),.UNSPECIFIED.,.F.,.F.,(4,1,1,1,1,1,4),(0.,0.25,0.375,
0.5,0.625,0.75,1.),.UNSPECIFIED.);
#82=B_SPLINE_CURVE_WITH_KNOTS('',3,(#3804,#3805,#3806,#3807),
 .UNSPECIFIED.,.F.,.F.,(4,4),(0.,0.00234317269765539),.UNSPECIFIED.);
#83=B_SPLINE_CURVE_WITH_KNOTS('',3,(#3825,#3826,#3827,#3828),
 .UNSPECIFIED.,.F.,.F.,(4,4),(0.,0.000746337878388466),.UNSPECIFIED.);
#84=B_SPLINE_CURVE_WITH_KNOTS('',3,(#3830,#3831,#3832,#3833),
 .UNSPECIFIED.,.F.,.F.,(4,4),(0.,0.00217025471642436),.UNSPECIFIED.);
#85=B_SPLINE_CURVE_WITH_KNOTS('',3,(#3838,#3839,#3840,#3841,#3842,#3843,
#3844,#3845,#3846,#3847,#3848,#3849,#3850,#3851,#3852,#3853),
 .UNSPECIFIED.,.F.,.F.,(4,1,1,1,1,1,1,1,1,1,1,1,1,4),(0.,0.25,0.375,0.4375,
0.5,0.5625,0.625,0.6875,0.71875,0.75,0.78125,0.8125,0.875,1.),
 .UNSPECIFIED.);
#86=B_SPLINE_CURVE_WITH_KNOTS('',3,(#3856,#3857,#3858,#3859),
 .UNSPECIFIED.,.F.,.F.,(4,4),(-5.86690230251763E-10,0.00220696978315499),
 .UNSPECIFIED.);
#87=B_SPLINE_CURVE_WITH_KNOTS('',3,(#3862,#3863,#3864,#3865,#3866,#3867,
#3868,#3869,#3870,#3871,#3872,#3873,#3874,#3875,#3876,#3877),
 .UNSPECIFIED.,.F.,.F.,(4,1,1,1,1,1,1,1,1,1,1,1,1,4),(0.,0.125,0.1875,0.21875,
0.25,0.28125,0.3125,0.375,0.4375,0.5,0.5625,0.625,0.75,1.),
 .UNSPECIFIED.);
#88=B_SPLINE_CURVE_WITH_KNOTS('',3,(#3880,#3881,#3882,#3883),
 .UNSPECIFIED.,.F.,.F.,(4,4),(5.8931234970848E-8,0.00220888695001506),
 .UNSPECIFIED.);
#89=B_SPLINE_CURVE_WITH_KNOTS('',3,(#4137,#4138,#4139,#4140),
 .UNSPECIFIED.,.F.,.F.,(4,4),(6.23240115928388E-7,1.),.UNSPECIFIED.);
#90=B_SPLINE_CURVE_WITH_KNOTS('',3,(#4171,#4172,#4173,#4174,#4175,#4176,
#4177),.UNSPECIFIED.,.F.,.F.,(4,1,1,1,4),(0.,0.00127621150596354,0.00255242301192708,
0.00382863451789062,0.00510484602385416),.UNSPECIFIED.);
#91=B_SPLINE_CURVE_WITH_KNOTS('',3,(#4179,#4180,#4181,#4182),
 .UNSPECIFIED.,.F.,.F.,(4,4),(0.,0.000626445732110976),.UNSPECIFIED.);
#92=B_SPLINE_CURVE_WITH_KNOTS('',3,(#4221,#4222,#4223,#4224),
 .UNSPECIFIED.,.F.,.F.,(4,4),(0.,1.),.UNSPECIFIED.);
#93=B_SPLINE_CURVE_WITH_KNOTS('',3,(#4226,#4227,#4228,#4229),
 .UNSPECIFIED.,.F.,.F.,(4,4),(0.,0.000848166810275685),.UNSPECIFIED.);
#94=B_SPLINE_CURVE_WITH_KNOTS('',3,(#4231,#4232,#4233,#4234),
 .UNSPECIFIED.,.F.,.F.,(4,4),(0.,1.),.UNSPECIFIED.);
#95=B_SPLINE_CURVE_WITH_KNOTS('',3,(#4261,#4262,#4263,#4264),
 .UNSPECIFIED.,.F.,.F.,(4,4),(0.,0.000626445732097205),.UNSPECIFIED.);
#96=B_SPLINE_CURVE_WITH_KNOTS('',3,(#4266,#4267,#4268,#4269),
 .UNSPECIFIED.,.F.,.F.,(4,4),(0.,0.000847316645401388),.UNSPECIFIED.);
#97=B_SPLINE_CURVE_WITH_KNOTS('',3,(#4300,#4301,#4302,#4303,#4304,#4305),
 .UNSPECIFIED.,.F.,.F.,(4,1,1,4),(2.56526424146882E-15,0.00127898681220287,
0.00255797362440317,0.00511594724880378),.UNSPECIFIED.);
#98=B_SPLINE_CURVE_WITH_KNOTS('',3,(#4307,#4308,#4309,#4310),
 .UNSPECIFIED.,.F.,.F.,(4,4),(0.,1.),.UNSPECIFIED.);
#99=B_SPLINE_CURVE_WITH_KNOTS('',3,(#4314,#4315,#4316,#4317),
 .UNSPECIFIED.,.F.,.F.,(4,4),(0.,0.999695928376946),.UNSPECIFIED.);
#100=B_SPLINE_CURVE_WITH_KNOTS('',3,(#4321,#4322,#4323,#4324),
 .UNSPECIFIED.,.F.,.F.,(4,4),(0.,1.),.UNSPECIFIED.);
#101=B_SPLINE_CURVE_WITH_KNOTS('',3,(#4351,#4352,#4353,#4354,#4355),
 .UNSPECIFIED.,.F.,.F.,(4,1,4),(0.,0.00173760309758704,0.00347520619517409),
 .UNSPECIFIED.);
#102=B_SPLINE_CURVE_WITH_KNOTS('',3,(#4392,#4393,#4394,#4395),
 .UNSPECIFIED.,.F.,.F.,(4,4),(0.,1.),.UNSPECIFIED.);
#103=B_SPLINE_CURVE_WITH_KNOTS('',3,(#4397,#4398,#4399,#4400,#4401),
 .UNSPECIFIED.,.F.,.F.,(4,1,4),(0.,0.00173586096739853,0.00347172193479706),
 .UNSPECIFIED.);
#104=B_SPLINE_CURVE_WITH_KNOTS('',3,(#4403,#4404,#4405,#4406),
 .UNSPECIFIED.,.F.,.F.,(4,4),(0.000216760148120878,0.999748719271093),
 .UNSPECIFIED.);
#105=ELLIPSE('',#2357,0.440025147050567,0.2);
#106=ELLIPSE('',#2359,2.56360487727426,1.5);
#107=ELLIPSE('',#2362,2.40416305603427,1.7);
#108=ELLIPSE('',#2364,0.40739957290923,0.2);
#109=ELLIPSE('',#2367,2.56360487727437,1.5);
#110=ELLIPSE('',#2370,0.440025147050584,0.2);
#111=ELLIPSE('',#2372,0.407399572909243,0.2);
#112=ELLIPSE('',#2378,3.69034638742633,2.6);
#113=ELLIPSE('',#2379,2.69604995627241,2.6);
#114=ELLIPSE('',#2380,10.3923048454136,6.);
#115=ELLIPSE('',#2381,10.3923048454114,6.);
#116=ELLIPSE('',#2382,2.69604995627241,2.6);
#117=ELLIPSE('',#2383,3.69034638742633,2.6);
#118=ELLIPSE('',#2389,1.91788695848701,1.);
#119=ELLIPSE('',#2391,2.68552973671571,1.7);
#120=ELLIPSE('',#2392,5.37105947343194,3.4);
#121=ELLIPSE('',#2394,14.4767156477604,2.6);
#122=ELLIPSE('',#2396,4.5254833995939,3.2);
#123=ELLIPSE('',#2397,4.5254833995939,3.2);
#124=ELLIPSE('',#2400,14.4767156475913,2.6);
#125=ELLIPSE('',#2402,4.81663783151692,3.6);
#126=ELLIPSE('',#2403,3.64965751817893,3.6);
#127=ELLIPSE('',#2405,4.81663783151692,3.6);
#128=ELLIPSE('',#2406,3.64965751817893,3.6);
#129=ELLIPSE('',#2415,1.91788695848782,1.);
#130=ELLIPSE('',#2418,16.8836461287232,3.);
#131=ELLIPSE('',#2421,3.29392020196137,3.2);
#132=ELLIPSE('',#2422,3.29392020196137,3.2);
#133=ELLIPSE('',#2424,16.8836461290112,3.);
#134=ELLIPSE('',#2430,0.848528137423857,0.6);
#135=ELLIPSE('',#2431,0.848528137423857,0.6);
#136=ELLIPSE('',#2437,9.00000000000044,3.);
#137=ELLIPSE('',#2439,8.99999999999789,3.);
#138=ELLIPSE('',#2442,2.68552973671582,1.7);
#139=ELLIPSE('',#2443,5.37105947340496,3.4);
#140=ELLIPSE('',#2447,14.5538756330132,3.);
#141=ELLIPSE('',#2450,5.12720975454906,3.);
#142=ELLIPSE('',#2455,14.5538756331814,3.);
#143=ELLIPSE('',#2458,5.12720975452079,3.);
#144=ELLIPSE('',#2460,3.98229286456817,3.);
#145=ELLIPSE('',#2462,3.08361563213,3.);
#146=ELLIPSE('',#2464,3.98229286456817,3.);
#147=ELLIPSE('',#2466,3.08361563213,3.);
#148=ELLIPSE('',#2496,2.40416305603427,1.7);
#149=ELLIPSE('',#2532,3.09998553172256,3.);
#150=ELLIPSE('',#2542,3.09998553172256,3.);
#151=ELLIPSE('',#2545,0.207007038090939,0.2);
#152=ELLIPSE('',#2548,0.210922801547572,0.2);
#153=ELLIPSE('',#2553,0.207007038090938,0.2);
#154=ELLIPSE('',#2555,0.210922801547572,0.2);
#155=ELLIPSE('',#2588,0.216478440058479,0.2);
#156=ELLIPSE('',#2590,0.216478440058479,0.2);
#157=ELLIPSE('',#2622,0.216478440058479,0.2);
#158=ELLIPSE('',#2624,0.216478440058479,0.2);
#159=PLANE('',#2356);
#160=PLANE('',#2361);
#161=PLANE('',#2363);
#162=PLANE('',#2369);
#163=PLANE('',#2371);
#164=PLANE('',#2373);
#165=PLANE('',#2374);
#166=PLANE('',#2388);
#167=PLANE('',#2390);
#168=PLANE('',#2393);
#169=PLANE('',#2395);
#170=PLANE('',#2398);
#171=PLANE('',#2399);
#172=PLANE('',#2416);
#173=PLANE('',#2417);
#174=PLANE('',#2420);
#175=PLANE('',#2423);
#176=PLANE('',#2429);
#177=PLANE('',#2441);
#178=PLANE('',#2444);
#179=PLANE('',#2445);
#180=PLANE('',#2505);
#181=PLANE('',#2506);
#182=PLANE('',#2507);
#183=PLANE('',#2508);
#184=PLANE('',#2509);
#185=PLANE('',#2512);
#186=PLANE('',#2513);
#187=PLANE('',#2522);
#188=PLANE('',#2523);
#189=PLANE('',#2524);
#190=PLANE('',#2526);
#191=PLANE('',#2528);
#192=PLANE('',#2534);
#193=PLANE('',#2536);
#194=PLANE('',#2538);
#195=CIRCLE('',#2351,1.);
#196=CIRCLE('',#2352,1.);
#197=CIRCLE('',#2354,1.);
#198=CIRCLE('',#2355,1.);
#199=CIRCLE('',#2360,1.5);
#200=CIRCLE('',#2365,1.7);
#201=CIRCLE('',#2368,1.5);
#202=CIRCLE('',#2375,0.4);
#203=CIRCLE('',#2376,0.4);
#204=CIRCLE('',#2377,0.4);
#205=CIRCLE('',#2384,0.4);
#206=CIRCLE('',#2385,2.6);
#207=CIRCLE('',#2386,2.1);
#208=CIRCLE('',#2387,2.1);
#209=CIRCLE('',#2408,1.);
#210=CIRCLE('',#2409,1.);
#211=CIRCLE('',#2411,1.);
#212=CIRCLE('',#2412,1.);
#213=CIRCLE('',#2413,1.);
#214=CIRCLE('',#2428,1.);
#215=CIRCLE('',#2433,3.);
#216=CIRCLE('',#2434,3.);
#217=CIRCLE('',#2435,3.);
#218=CIRCLE('',#2440,3.);
#219=CIRCLE('',#2449,3.);
#220=CIRCLE('',#2451,3.);
#221=CIRCLE('',#2453,3.);
#222=CIRCLE('',#2456,3.);
#223=CIRCLE('',#2467,0.4);
#224=CIRCLE('',#2469,0.4);
#225=CIRCLE('',#2470,0.4);
#226=CIRCLE('',#2472,0.4);
#227=CIRCLE('',#2473,0.4);
#228=CIRCLE('',#2474,0.4);
#229=CIRCLE('',#2475,0.4);
#230=CIRCLE('',#2476,0.4);
#231=CIRCLE('',#2477,0.4);
#232=CIRCLE('',#2478,0.4);
#233=CIRCLE('',#2480,0.4);
#234=CIRCLE('',#2481,0.4);
#235=CIRCLE('',#2482,0.4);
#236=CIRCLE('',#2483,0.4);
#237=CIRCLE('',#2484,0.4);
#238=CIRCLE('',#2485,0.4);
#239=CIRCLE('',#2486,0.4);
#240=CIRCLE('',#2488,0.4);
#241=CIRCLE('',#2489,0.4);
#242=CIRCLE('',#2491,0.4);
#243=CIRCLE('',#2493,2.2);
#244=CIRCLE('',#2494,2.2);
#245=CIRCLE('',#2497,1.7);
#246=CIRCLE('',#2498,1.7);
#247=CIRCLE('',#2500,1.7);
#248=CIRCLE('',#2501,1.7);
#249=CIRCLE('',#2511,2.77893529910106);
#250=CIRCLE('',#2515,2.6);
#251=CIRCLE('',#2517,2.1);
#252=CIRCLE('',#2519,2.1);
#253=CIRCLE('',#2521,2.77892755410453);
#254=CIRCLE('',#2525,0.8);
#255=CIRCLE('',#2527,0.8);
#256=CIRCLE('',#2529,1.7);
#257=CIRCLE('',#2530,2.8);
#258=CIRCLE('',#2533,3.);
#259=CIRCLE('',#2535,0.8);
#260=CIRCLE('',#2537,0.8);
#261=CIRCLE('',#2539,1.7);
#262=CIRCLE('',#2540,2.8);
#263=CIRCLE('',#2543,3.);
#264=CIRCLE('',#2546,0.2);
#265=CIRCLE('',#2549,0.2);
#266=CIRCLE('',#2552,0.2);
#267=CIRCLE('',#2556,0.2);
#268=CIRCLE('',#2559,0.2);
#269=CIRCLE('',#2560,0.2);
#270=CIRCLE('',#2562,0.2);
#271=CIRCLE('',#2563,0.2);
#272=CIRCLE('',#2565,0.2);
#273=CIRCLE('',#2567,0.2);
#274=CIRCLE('',#2569,0.2);
#275=CIRCLE('',#2571,0.2);
#276=CIRCLE('',#2572,0.2);
#277=CIRCLE('',#2574,0.2);
#278=CIRCLE('',#2576,0.2);
#279=CIRCLE('',#2578,0.2);
#280=CIRCLE('',#2580,0.2);
#281=CIRCLE('',#2582,0.2);
#282=CIRCLE('',#2585,0.2);
#283=CIRCLE('',#2586,0.2);
#284=CIRCLE('',#2593,0.2);
#285=CIRCLE('',#2594,0.2);
#286=CIRCLE('',#2596,0.2);
#287=CIRCLE('',#2597,0.2);
#288=CIRCLE('',#2599,0.2);
#289=CIRCLE('',#2601,0.2);
#290=CIRCLE('',#2603,0.2);
#291=CIRCLE('',#2605,0.2);
#292=CIRCLE('',#2606,0.2);
#293=CIRCLE('',#2608,0.2);
#294=CIRCLE('',#2610,0.2);
#295=CIRCLE('',#2612,0.2);
#296=CIRCLE('',#2614,0.2);
#297=CIRCLE('',#2616,0.2);
#298=CIRCLE('',#2619,0.2);
#299=CIRCLE('',#2620,0.2);
#300=ORIENTED_EDGE('',*,*,#978,.T.);
#301=ORIENTED_EDGE('',*,*,#979,.T.);
#302=ORIENTED_EDGE('',*,*,#980,.T.);
#303=ORIENTED_EDGE('',*,*,#981,.T.);
#304=ORIENTED_EDGE('',*,*,#982,.T.);
#305=ORIENTED_EDGE('',*,*,#983,.T.);
#306=ORIENTED_EDGE('',*,*,#984,.T.);
#307=ORIENTED_EDGE('',*,*,#985,.F.);
#308=ORIENTED_EDGE('',*,*,#986,.F.);
#309=ORIENTED_EDGE('',*,*,#987,.T.);
#310=ORIENTED_EDGE('',*,*,#988,.T.);
#311=ORIENTED_EDGE('',*,*,#989,.T.);
#312=ORIENTED_EDGE('',*,*,#990,.T.);
#313=ORIENTED_EDGE('',*,*,#991,.F.);
#314=ORIENTED_EDGE('',*,*,#992,.T.);
#315=ORIENTED_EDGE('',*,*,#986,.T.);
#316=ORIENTED_EDGE('',*,*,#993,.T.);
#317=ORIENTED_EDGE('',*,*,#994,.F.);
#318=ORIENTED_EDGE('',*,*,#995,.F.);
#319=ORIENTED_EDGE('',*,*,#994,.T.);
#320=ORIENTED_EDGE('',*,*,#996,.T.);
#321=ORIENTED_EDGE('',*,*,#997,.F.);
#322=ORIENTED_EDGE('',*,*,#998,.F.);
#323=ORIENTED_EDGE('',*,*,#989,.F.);
#324=ORIENTED_EDGE('',*,*,#999,.T.);
#325=ORIENTED_EDGE('',*,*,#1000,.T.);
#326=ORIENTED_EDGE('',*,*,#1001,.T.);
#327=ORIENTED_EDGE('',*,*,#1002,.F.);
#328=ORIENTED_EDGE('',*,*,#997,.T.);
#329=ORIENTED_EDGE('',*,*,#1003,.T.);
#330=ORIENTED_EDGE('',*,*,#1004,.F.);
#331=ORIENTED_EDGE('',*,*,#1005,.T.);
#332=ORIENTED_EDGE('',*,*,#1006,.T.);
#333=ORIENTED_EDGE('',*,*,#1007,.T.);
#334=ORIENTED_EDGE('',*,*,#1008,.F.);
#335=ORIENTED_EDGE('',*,*,#1009,.T.);
#336=ORIENTED_EDGE('',*,*,#1010,.T.);
#337=ORIENTED_EDGE('',*,*,#1004,.T.);
#338=ORIENTED_EDGE('',*,*,#1011,.T.);
#339=ORIENTED_EDGE('',*,*,#1012,.T.);
#340=ORIENTED_EDGE('',*,*,#1013,.T.);
#341=ORIENTED_EDGE('',*,*,#1008,.T.);
#342=ORIENTED_EDGE('',*,*,#1014,.T.);
#343=ORIENTED_EDGE('',*,*,#1015,.F.);
#344=ORIENTED_EDGE('',*,*,#1006,.F.);
#345=ORIENTED_EDGE('',*,*,#1016,.T.);
#346=ORIENTED_EDGE('',*,*,#1015,.T.);
#347=ORIENTED_EDGE('',*,*,#1017,.T.);
#348=ORIENTED_EDGE('',*,*,#1018,.F.);
#349=ORIENTED_EDGE('',*,*,#1019,.T.);
#350=ORIENTED_EDGE('',*,*,#978,.F.);
#351=ORIENTED_EDGE('',*,*,#1020,.T.);
#352=ORIENTED_EDGE('',*,*,#1021,.F.);
#353=ORIENTED_EDGE('',*,*,#1022,.T.);
#354=ORIENTED_EDGE('',*,*,#1023,.F.);
#355=ORIENTED_EDGE('',*,*,#1024,.T.);
#356=ORIENTED_EDGE('',*,*,#1025,.F.);
#357=ORIENTED_EDGE('',*,*,#1026,.T.);
#358=ORIENTED_EDGE('',*,*,#1027,.T.);
#359=ORIENTED_EDGE('',*,*,#1028,.T.);
#360=ORIENTED_EDGE('',*,*,#1029,.T.);
#361=ORIENTED_EDGE('',*,*,#1030,.T.);
#362=ORIENTED_EDGE('',*,*,#1031,.T.);
#363=ORIENTED_EDGE('',*,*,#1032,.T.);
#364=ORIENTED_EDGE('',*,*,#1033,.T.);
#365=ORIENTED_EDGE('',*,*,#1034,.T.);
#366=ORIENTED_EDGE('',*,*,#1035,.T.);
#367=ORIENTED_EDGE('',*,*,#1036,.T.);
#368=ORIENTED_EDGE('',*,*,#1037,.T.);
#369=ORIENTED_EDGE('',*,*,#1038,.F.);
#370=ORIENTED_EDGE('',*,*,#984,.F.);
#371=ORIENTED_EDGE('',*,*,#1039,.T.);
#372=ORIENTED_EDGE('',*,*,#1040,.F.);
#373=ORIENTED_EDGE('',*,*,#1041,.T.);
#374=ORIENTED_EDGE('',*,*,#1042,.T.);
#375=ORIENTED_EDGE('',*,*,#1043,.T.);
#376=ORIENTED_EDGE('',*,*,#1044,.T.);
#377=ORIENTED_EDGE('',*,*,#1045,.T.);
#378=ORIENTED_EDGE('',*,*,#1046,.T.);
#379=ORIENTED_EDGE('',*,*,#1047,.T.);
#380=ORIENTED_EDGE('',*,*,#1048,.T.);
#381=ORIENTED_EDGE('',*,*,#1049,.T.);
#382=ORIENTED_EDGE('',*,*,#1050,.T.);
#383=ORIENTED_EDGE('',*,*,#1051,.T.);
#384=ORIENTED_EDGE('',*,*,#1052,.T.);
#385=ORIENTED_EDGE('',*,*,#1053,.T.);
#386=ORIENTED_EDGE('',*,*,#1054,.T.);
#387=ORIENTED_EDGE('',*,*,#1055,.T.);
#388=ORIENTED_EDGE('',*,*,#1056,.T.);
#389=ORIENTED_EDGE('',*,*,#1057,.T.);
#390=ORIENTED_EDGE('',*,*,#1058,.T.);
#391=ORIENTED_EDGE('',*,*,#1059,.T.);
#392=ORIENTED_EDGE('',*,*,#1060,.T.);
#393=ORIENTED_EDGE('',*,*,#1061,.T.);
#394=ORIENTED_EDGE('',*,*,#1062,.T.);
#395=ORIENTED_EDGE('',*,*,#1063,.T.);
#396=ORIENTED_EDGE('',*,*,#1064,.T.);
#397=ORIENTED_EDGE('',*,*,#1065,.T.);
#398=ORIENTED_EDGE('',*,*,#1066,.F.);
#399=ORIENTED_EDGE('',*,*,#1067,.F.);
#400=ORIENTED_EDGE('',*,*,#1068,.T.);
#401=ORIENTED_EDGE('',*,*,#1069,.T.);
#402=ORIENTED_EDGE('',*,*,#1070,.T.);
#403=ORIENTED_EDGE('',*,*,#1071,.F.);
#404=ORIENTED_EDGE('',*,*,#1072,.T.);
#405=ORIENTED_EDGE('',*,*,#1073,.T.);
#406=ORIENTED_EDGE('',*,*,#1074,.F.);
#407=ORIENTED_EDGE('',*,*,#1075,.T.);
#408=ORIENTED_EDGE('',*,*,#1076,.T.);
#409=ORIENTED_EDGE('',*,*,#1077,.F.);
#410=ORIENTED_EDGE('',*,*,#1078,.F.);
#411=ORIENTED_EDGE('',*,*,#1077,.T.);
#412=ORIENTED_EDGE('',*,*,#1079,.T.);
#413=ORIENTED_EDGE('',*,*,#1080,.T.);
#414=ORIENTED_EDGE('',*,*,#1071,.T.);
#415=ORIENTED_EDGE('',*,*,#1081,.F.);
#416=ORIENTED_EDGE('',*,*,#1073,.F.);
#417=ORIENTED_EDGE('',*,*,#1082,.T.);
#418=ORIENTED_EDGE('',*,*,#1083,.T.);
#419=ORIENTED_EDGE('',*,*,#1059,.F.);
#420=ORIENTED_EDGE('',*,*,#1084,.T.);
#421=ORIENTED_EDGE('',*,*,#1085,.F.);
#422=ORIENTED_EDGE('',*,*,#985,.T.);
#423=ORIENTED_EDGE('',*,*,#1086,.T.);
#424=ORIENTED_EDGE('',*,*,#1087,.T.);
#425=ORIENTED_EDGE('',*,*,#1088,.T.);
#426=ORIENTED_EDGE('',*,*,#1089,.F.);
#427=ORIENTED_EDGE('',*,*,#1090,.T.);
#428=ORIENTED_EDGE('',*,*,#1085,.T.);
#429=ORIENTED_EDGE('',*,*,#1091,.T.);
#430=ORIENTED_EDGE('',*,*,#1092,.T.);
#431=ORIENTED_EDGE('',*,*,#1093,.F.);
#432=ORIENTED_EDGE('',*,*,#1094,.F.);
#433=ORIENTED_EDGE('',*,*,#1095,.T.);
#434=ORIENTED_EDGE('',*,*,#1096,.T.);
#435=ORIENTED_EDGE('',*,*,#1092,.F.);
#436=ORIENTED_EDGE('',*,*,#1097,.F.);
#437=ORIENTED_EDGE('',*,*,#1098,.T.);
#438=ORIENTED_EDGE('',*,*,#1094,.T.);
#439=ORIENTED_EDGE('',*,*,#1091,.F.);
#440=ORIENTED_EDGE('',*,*,#1099,.T.);
#441=ORIENTED_EDGE('',*,*,#1089,.T.);
#442=ORIENTED_EDGE('',*,*,#1100,.T.);
#443=ORIENTED_EDGE('',*,*,#1101,.F.);
#444=ORIENTED_EDGE('',*,*,#1048,.F.);
#445=ORIENTED_EDGE('',*,*,#980,.F.);
#446=ORIENTED_EDGE('',*,*,#1102,.T.);
#447=ORIENTED_EDGE('',*,*,#1103,.T.);
#448=ORIENTED_EDGE('',*,*,#1104,.T.);
#449=ORIENTED_EDGE('',*,*,#982,.F.);
#450=ORIENTED_EDGE('',*,*,#1090,.F.);
#451=ORIENTED_EDGE('',*,*,#1105,.F.);
#452=ORIENTED_EDGE('',*,*,#1100,.F.);
#453=ORIENTED_EDGE('',*,*,#1106,.F.);
#454=ORIENTED_EDGE('',*,*,#1107,.T.);
#455=ORIENTED_EDGE('',*,*,#1108,.T.);
#456=ORIENTED_EDGE('',*,*,#1109,.T.);
#457=ORIENTED_EDGE('',*,*,#1099,.F.);
#458=ORIENTED_EDGE('',*,*,#1047,.F.);
#459=ORIENTED_EDGE('',*,*,#1110,.T.);
#460=ORIENTED_EDGE('',*,*,#1111,.T.);
#461=ORIENTED_EDGE('',*,*,#1111,.F.);
#462=ORIENTED_EDGE('',*,*,#1112,.T.);
#463=ORIENTED_EDGE('',*,*,#1113,.T.);
#464=ORIENTED_EDGE('',*,*,#1026,.F.);
#465=ORIENTED_EDGE('',*,*,#1087,.F.);
#466=ORIENTED_EDGE('',*,*,#1038,.T.);
#467=ORIENTED_EDGE('',*,*,#1114,.T.);
#468=ORIENTED_EDGE('',*,*,#1115,.T.);
#469=ORIENTED_EDGE('',*,*,#1097,.T.);
#470=ORIENTED_EDGE('',*,*,#1086,.F.);
#471=ORIENTED_EDGE('',*,*,#1025,.T.);
#472=ORIENTED_EDGE('',*,*,#1116,.T.);
#473=ORIENTED_EDGE('',*,*,#1106,.T.);
#474=ORIENTED_EDGE('',*,*,#1088,.F.);
#475=ORIENTED_EDGE('',*,*,#1117,.T.);
#476=ORIENTED_EDGE('',*,*,#1118,.T.);
#477=ORIENTED_EDGE('',*,*,#1119,.F.);
#478=ORIENTED_EDGE('',*,*,#1120,.F.);
#479=ORIENTED_EDGE('',*,*,#1121,.F.);
#480=ORIENTED_EDGE('',*,*,#1122,.T.);
#481=ORIENTED_EDGE('',*,*,#1121,.T.);
#482=ORIENTED_EDGE('',*,*,#1123,.F.);
#483=ORIENTED_EDGE('',*,*,#1074,.T.);
#484=ORIENTED_EDGE('',*,*,#1124,.T.);
#485=ORIENTED_EDGE('',*,*,#1125,.F.);
#486=ORIENTED_EDGE('',*,*,#1081,.T.);
#487=ORIENTED_EDGE('',*,*,#1123,.T.);
#488=ORIENTED_EDGE('',*,*,#1120,.T.);
#489=ORIENTED_EDGE('',*,*,#1119,.T.);
#490=ORIENTED_EDGE('',*,*,#1126,.T.);
#491=ORIENTED_EDGE('',*,*,#1078,.T.);
#492=ORIENTED_EDGE('',*,*,#1125,.T.);
#493=ORIENTED_EDGE('',*,*,#1062,.F.);
#494=ORIENTED_EDGE('',*,*,#1127,.T.);
#495=ORIENTED_EDGE('',*,*,#1117,.F.);
#496=ORIENTED_EDGE('',*,*,#1128,.F.);
#497=ORIENTED_EDGE('',*,*,#1128,.T.);
#498=ORIENTED_EDGE('',*,*,#1122,.F.);
#499=ORIENTED_EDGE('',*,*,#1124,.F.);
#500=ORIENTED_EDGE('',*,*,#1084,.F.);
#501=ORIENTED_EDGE('',*,*,#1129,.T.);
#502=ORIENTED_EDGE('',*,*,#1130,.T.);
#503=ORIENTED_EDGE('',*,*,#1131,.T.);
#504=ORIENTED_EDGE('',*,*,#1132,.T.);
#505=ORIENTED_EDGE('',*,*,#1133,.T.);
#506=ORIENTED_EDGE('',*,*,#1134,.T.);
#507=ORIENTED_EDGE('',*,*,#1135,.T.);
#508=ORIENTED_EDGE('',*,*,#1136,.F.);
#509=ORIENTED_EDGE('',*,*,#1137,.T.);
#510=ORIENTED_EDGE('',*,*,#1138,.T.);
#511=ORIENTED_EDGE('',*,*,#1139,.T.);
#512=ORIENTED_EDGE('',*,*,#1140,.T.);
#513=ORIENTED_EDGE('',*,*,#1141,.T.);
#514=ORIENTED_EDGE('',*,*,#1142,.T.);
#515=ORIENTED_EDGE('',*,*,#1143,.T.);
#516=ORIENTED_EDGE('',*,*,#1144,.T.);
#517=ORIENTED_EDGE('',*,*,#1145,.T.);
#518=ORIENTED_EDGE('',*,*,#1146,.F.);
#519=ORIENTED_EDGE('',*,*,#1147,.T.);
#520=ORIENTED_EDGE('',*,*,#1148,.T.);
#521=ORIENTED_EDGE('',*,*,#1057,.F.);
#522=ORIENTED_EDGE('',*,*,#1149,.F.);
#523=ORIENTED_EDGE('',*,*,#1065,.F.);
#524=ORIENTED_EDGE('',*,*,#1150,.T.);
#525=ORIENTED_EDGE('',*,*,#1151,.F.);
#526=ORIENTED_EDGE('',*,*,#1152,.T.);
#527=ORIENTED_EDGE('',*,*,#1153,.T.);
#528=ORIENTED_EDGE('',*,*,#1075,.F.);
#529=ORIENTED_EDGE('',*,*,#1031,.F.);
#530=ORIENTED_EDGE('',*,*,#1154,.T.);
#531=ORIENTED_EDGE('',*,*,#1151,.T.);
#532=ORIENTED_EDGE('',*,*,#1126,.F.);
#533=ORIENTED_EDGE('',*,*,#1155,.F.);
#534=ORIENTED_EDGE('',*,*,#1155,.T.);
#535=ORIENTED_EDGE('',*,*,#1118,.F.);
#536=ORIENTED_EDGE('',*,*,#1156,.F.);
#537=ORIENTED_EDGE('',*,*,#1032,.F.);
#538=ORIENTED_EDGE('',*,*,#1157,.T.);
#539=ORIENTED_EDGE('',*,*,#1158,.T.);
#540=ORIENTED_EDGE('',*,*,#1069,.F.);
#541=ORIENTED_EDGE('',*,*,#1159,.F.);
#542=ORIENTED_EDGE('',*,*,#1135,.F.);
#543=ORIENTED_EDGE('',*,*,#1160,.T.);
#544=ORIENTED_EDGE('',*,*,#1161,.F.);
#545=ORIENTED_EDGE('',*,*,#1162,.T.);
#546=ORIENTED_EDGE('',*,*,#1033,.F.);
#547=ORIENTED_EDGE('',*,*,#1156,.T.);
#548=ORIENTED_EDGE('',*,*,#1127,.F.);
#549=ORIENTED_EDGE('',*,*,#1061,.F.);
#550=ORIENTED_EDGE('',*,*,#1163,.T.);
#551=ORIENTED_EDGE('',*,*,#1164,.T.);
#552=ORIENTED_EDGE('',*,*,#1161,.T.);
#553=ORIENTED_EDGE('',*,*,#1145,.F.);
#554=ORIENTED_EDGE('',*,*,#1165,.T.);
#555=ORIENTED_EDGE('',*,*,#1112,.F.);
#556=ORIENTED_EDGE('',*,*,#1110,.F.);
#557=ORIENTED_EDGE('',*,*,#1046,.F.);
#558=ORIENTED_EDGE('',*,*,#1166,.F.);
#559=ORIENTED_EDGE('',*,*,#1055,.F.);
#560=ORIENTED_EDGE('',*,*,#1167,.T.);
#561=ORIENTED_EDGE('',*,*,#1143,.F.);
#562=ORIENTED_EDGE('',*,*,#1168,.F.);
#563=ORIENTED_EDGE('',*,*,#1115,.F.);
#564=ORIENTED_EDGE('',*,*,#1169,.T.);
#565=ORIENTED_EDGE('',*,*,#1139,.F.);
#566=ORIENTED_EDGE('',*,*,#1170,.F.);
#567=ORIENTED_EDGE('',*,*,#1095,.F.);
#568=ORIENTED_EDGE('',*,*,#1098,.F.);
#569=ORIENTED_EDGE('',*,*,#1141,.F.);
#570=ORIENTED_EDGE('',*,*,#1171,.T.);
#571=ORIENTED_EDGE('',*,*,#1137,.F.);
#572=ORIENTED_EDGE('',*,*,#1172,.F.);
#573=ORIENTED_EDGE('',*,*,#1113,.F.);
#574=ORIENTED_EDGE('',*,*,#1165,.F.);
#575=ORIENTED_EDGE('',*,*,#1173,.F.);
#576=ORIENTED_EDGE('',*,*,#1027,.F.);
#577=ORIENTED_EDGE('',*,*,#1173,.T.);
#578=ORIENTED_EDGE('',*,*,#1144,.F.);
#579=ORIENTED_EDGE('',*,*,#1174,.F.);
#580=ORIENTED_EDGE('',*,*,#1028,.F.);
#581=ORIENTED_EDGE('',*,*,#1174,.T.);
#582=ORIENTED_EDGE('',*,*,#1167,.F.);
#583=ORIENTED_EDGE('',*,*,#1175,.F.);
#584=ORIENTED_EDGE('',*,*,#1029,.F.);
#585=ORIENTED_EDGE('',*,*,#1175,.T.);
#586=ORIENTED_EDGE('',*,*,#1054,.F.);
#587=ORIENTED_EDGE('',*,*,#1176,.F.);
#588=ORIENTED_EDGE('',*,*,#1030,.F.);
#589=ORIENTED_EDGE('',*,*,#1176,.T.);
#590=ORIENTED_EDGE('',*,*,#1053,.F.);
#591=ORIENTED_EDGE('',*,*,#1177,.F.);
#592=ORIENTED_EDGE('',*,*,#1154,.F.);
#593=ORIENTED_EDGE('',*,*,#1177,.T.);
#594=ORIENTED_EDGE('',*,*,#1058,.F.);
#595=ORIENTED_EDGE('',*,*,#1178,.F.);
#596=ORIENTED_EDGE('',*,*,#1152,.F.);
#597=ORIENTED_EDGE('',*,*,#1178,.T.);
#598=ORIENTED_EDGE('',*,*,#1148,.F.);
#599=ORIENTED_EDGE('',*,*,#1179,.F.);
#600=ORIENTED_EDGE('',*,*,#1153,.F.);
#601=ORIENTED_EDGE('',*,*,#1179,.T.);
#602=ORIENTED_EDGE('',*,*,#1147,.F.);
#603=ORIENTED_EDGE('',*,*,#1180,.F.);
#604=ORIENTED_EDGE('',*,*,#1076,.F.);
#605=ORIENTED_EDGE('',*,*,#1180,.T.);
#606=ORIENTED_EDGE('',*,*,#1150,.F.);
#607=ORIENTED_EDGE('',*,*,#1181,.F.);
#608=ORIENTED_EDGE('',*,*,#1079,.F.);
#609=ORIENTED_EDGE('',*,*,#1181,.T.);
#610=ORIENTED_EDGE('',*,*,#1064,.F.);
#611=ORIENTED_EDGE('',*,*,#1182,.F.);
#612=ORIENTED_EDGE('',*,*,#1080,.F.);
#613=ORIENTED_EDGE('',*,*,#1182,.T.);
#614=ORIENTED_EDGE('',*,*,#1063,.F.);
#615=ORIENTED_EDGE('',*,*,#1183,.F.);
#616=ORIENTED_EDGE('',*,*,#1072,.F.);
#617=ORIENTED_EDGE('',*,*,#1183,.T.);
#618=ORIENTED_EDGE('',*,*,#1070,.F.);
#619=ORIENTED_EDGE('',*,*,#1184,.F.);
#620=ORIENTED_EDGE('',*,*,#1082,.F.);
#621=ORIENTED_EDGE('',*,*,#1184,.T.);
#622=ORIENTED_EDGE('',*,*,#1158,.F.);
#623=ORIENTED_EDGE('',*,*,#1185,.F.);
#624=ORIENTED_EDGE('',*,*,#1083,.F.);
#625=ORIENTED_EDGE('',*,*,#1185,.T.);
#626=ORIENTED_EDGE('',*,*,#1157,.F.);
#627=ORIENTED_EDGE('',*,*,#1186,.F.);
#628=ORIENTED_EDGE('',*,*,#1060,.F.);
#629=ORIENTED_EDGE('',*,*,#1186,.T.);
#630=ORIENTED_EDGE('',*,*,#1160,.F.);
#631=ORIENTED_EDGE('',*,*,#1187,.F.);
#632=ORIENTED_EDGE('',*,*,#1163,.F.);
#633=ORIENTED_EDGE('',*,*,#1187,.T.);
#634=ORIENTED_EDGE('',*,*,#1134,.F.);
#635=ORIENTED_EDGE('',*,*,#1188,.F.);
#636=ORIENTED_EDGE('',*,*,#1164,.F.);
#637=ORIENTED_EDGE('',*,*,#1188,.T.);
#638=ORIENTED_EDGE('',*,*,#1133,.F.);
#639=ORIENTED_EDGE('',*,*,#1189,.F.);
#640=ORIENTED_EDGE('',*,*,#1162,.F.);
#641=ORIENTED_EDGE('',*,*,#1189,.T.);
#642=ORIENTED_EDGE('',*,*,#1138,.F.);
#643=ORIENTED_EDGE('',*,*,#1190,.F.);
#644=ORIENTED_EDGE('',*,*,#1034,.F.);
#645=ORIENTED_EDGE('',*,*,#1190,.T.);
#646=ORIENTED_EDGE('',*,*,#1171,.F.);
#647=ORIENTED_EDGE('',*,*,#1191,.F.);
#648=ORIENTED_EDGE('',*,*,#1035,.F.);
#649=ORIENTED_EDGE('',*,*,#1191,.T.);
#650=ORIENTED_EDGE('',*,*,#1140,.F.);
#651=ORIENTED_EDGE('',*,*,#1192,.F.);
#652=ORIENTED_EDGE('',*,*,#1036,.F.);
#653=ORIENTED_EDGE('',*,*,#1192,.T.);
#654=ORIENTED_EDGE('',*,*,#1169,.F.);
#655=ORIENTED_EDGE('',*,*,#1114,.F.);
#656=ORIENTED_EDGE('',*,*,#1037,.F.);
#657=ORIENTED_EDGE('',*,*,#1193,.T.);
#658=ORIENTED_EDGE('',*,*,#1194,.T.);
#659=ORIENTED_EDGE('',*,*,#1195,.T.);
#660=ORIENTED_EDGE('',*,*,#995,.T.);
#661=ORIENTED_EDGE('',*,*,#998,.T.);
#662=ORIENTED_EDGE('',*,*,#1002,.T.);
#663=ORIENTED_EDGE('',*,*,#1196,.T.);
#664=ORIENTED_EDGE('',*,*,#1197,.T.);
#665=ORIENTED_EDGE('',*,*,#1198,.T.);
#666=ORIENTED_EDGE('',*,*,#1199,.T.);
#667=ORIENTED_EDGE('',*,*,#1193,.F.);
#668=ORIENTED_EDGE('',*,*,#1042,.F.);
#669=ORIENTED_EDGE('',*,*,#1196,.F.);
#670=ORIENTED_EDGE('',*,*,#1043,.F.);
#671=ORIENTED_EDGE('',*,*,#1198,.F.);
#672=ORIENTED_EDGE('',*,*,#1044,.F.);
#673=ORIENTED_EDGE('',*,*,#1146,.T.);
#674=ORIENTED_EDGE('',*,*,#1200,.F.);
#675=ORIENTED_EDGE('',*,*,#1201,.F.);
#676=ORIENTED_EDGE('',*,*,#1202,.T.);
#677=ORIENTED_EDGE('',*,*,#1166,.T.);
#678=ORIENTED_EDGE('',*,*,#1203,.F.);
#679=ORIENTED_EDGE('',*,*,#1204,.F.);
#680=ORIENTED_EDGE('',*,*,#1200,.T.);
#681=ORIENTED_EDGE('',*,*,#1045,.F.);
#682=ORIENTED_EDGE('',*,*,#1205,.F.);
#683=ORIENTED_EDGE('',*,*,#1206,.T.);
#684=ORIENTED_EDGE('',*,*,#1203,.T.);
#685=ORIENTED_EDGE('',*,*,#1101,.T.);
#686=ORIENTED_EDGE('',*,*,#1207,.F.);
#687=ORIENTED_EDGE('',*,*,#1208,.F.);
#688=ORIENTED_EDGE('',*,*,#1205,.T.);
#689=ORIENTED_EDGE('',*,*,#1105,.T.);
#690=ORIENTED_EDGE('',*,*,#1209,.F.);
#691=ORIENTED_EDGE('',*,*,#1210,.F.);
#692=ORIENTED_EDGE('',*,*,#1207,.T.);
#693=ORIENTED_EDGE('',*,*,#1093,.T.);
#694=ORIENTED_EDGE('',*,*,#1211,.F.);
#695=ORIENTED_EDGE('',*,*,#1212,.F.);
#696=ORIENTED_EDGE('',*,*,#1209,.T.);
#697=ORIENTED_EDGE('',*,*,#1096,.F.);
#698=ORIENTED_EDGE('',*,*,#1213,.F.);
#699=ORIENTED_EDGE('',*,*,#1214,.T.);
#700=ORIENTED_EDGE('',*,*,#1211,.T.);
#701=ORIENTED_EDGE('',*,*,#1170,.T.);
#702=ORIENTED_EDGE('',*,*,#1215,.F.);
#703=ORIENTED_EDGE('',*,*,#1216,.F.);
#704=ORIENTED_EDGE('',*,*,#1213,.T.);
#705=ORIENTED_EDGE('',*,*,#1142,.F.);
#706=ORIENTED_EDGE('',*,*,#1217,.F.);
#707=ORIENTED_EDGE('',*,*,#1218,.T.);
#708=ORIENTED_EDGE('',*,*,#1215,.T.);
#709=ORIENTED_EDGE('',*,*,#1172,.T.);
#710=ORIENTED_EDGE('',*,*,#1219,.F.);
#711=ORIENTED_EDGE('',*,*,#1220,.F.);
#712=ORIENTED_EDGE('',*,*,#1217,.T.);
#713=ORIENTED_EDGE('',*,*,#1136,.T.);
#714=ORIENTED_EDGE('',*,*,#1221,.F.);
#715=ORIENTED_EDGE('',*,*,#1222,.F.);
#716=ORIENTED_EDGE('',*,*,#1219,.T.);
#717=ORIENTED_EDGE('',*,*,#1159,.T.);
#718=ORIENTED_EDGE('',*,*,#1068,.F.);
#719=ORIENTED_EDGE('',*,*,#1223,.F.);
#720=ORIENTED_EDGE('',*,*,#1221,.T.);
#721=ORIENTED_EDGE('',*,*,#1149,.T.);
#722=ORIENTED_EDGE('',*,*,#1224,.F.);
#723=ORIENTED_EDGE('',*,*,#1225,.F.);
#724=ORIENTED_EDGE('',*,*,#1066,.T.);
#725=ORIENTED_EDGE('',*,*,#1056,.F.);
#726=ORIENTED_EDGE('',*,*,#1226,.F.);
#727=ORIENTED_EDGE('',*,*,#1227,.T.);
#728=ORIENTED_EDGE('',*,*,#1224,.T.);
#729=ORIENTED_EDGE('',*,*,#1228,.T.);
#730=ORIENTED_EDGE('',*,*,#1194,.F.);
#731=ORIENTED_EDGE('',*,*,#1229,.T.);
#732=ORIENTED_EDGE('',*,*,#1197,.F.);
#733=ORIENTED_EDGE('',*,*,#1230,.T.);
#734=ORIENTED_EDGE('',*,*,#1199,.F.);
#735=ORIENTED_EDGE('',*,*,#1168,.T.);
#736=ORIENTED_EDGE('',*,*,#1202,.F.);
#737=ORIENTED_EDGE('',*,*,#1231,.F.);
#738=ORIENTED_EDGE('',*,*,#1226,.T.);
#739=ORIENTED_EDGE('',*,*,#1230,.F.);
#740=ORIENTED_EDGE('',*,*,#1229,.F.);
#741=ORIENTED_EDGE('',*,*,#1228,.F.);
#742=ORIENTED_EDGE('',*,*,#1201,.T.);
#743=ORIENTED_EDGE('',*,*,#1204,.T.);
#744=ORIENTED_EDGE('',*,*,#1206,.F.);
#745=ORIENTED_EDGE('',*,*,#1208,.T.);
#746=ORIENTED_EDGE('',*,*,#1210,.T.);
#747=ORIENTED_EDGE('',*,*,#1212,.T.);
#748=ORIENTED_EDGE('',*,*,#1214,.F.);
#749=ORIENTED_EDGE('',*,*,#1216,.T.);
#750=ORIENTED_EDGE('',*,*,#1218,.F.);
#751=ORIENTED_EDGE('',*,*,#1220,.T.);
#752=ORIENTED_EDGE('',*,*,#1222,.T.);
#753=ORIENTED_EDGE('',*,*,#1223,.T.);
#754=ORIENTED_EDGE('',*,*,#1067,.T.);
#755=ORIENTED_EDGE('',*,*,#1225,.T.);
#756=ORIENTED_EDGE('',*,*,#1227,.F.);
#757=ORIENTED_EDGE('',*,*,#1231,.T.);
#758=ORIENTED_EDGE('',*,*,#1001,.F.);
#759=ORIENTED_EDGE('',*,*,#1232,.T.);
#760=ORIENTED_EDGE('',*,*,#991,.T.);
#761=ORIENTED_EDGE('',*,*,#1195,.F.);
#762=ORIENTED_EDGE('',*,*,#1233,.T.);
#763=ORIENTED_EDGE('',*,*,#1234,.T.);
#764=ORIENTED_EDGE('',*,*,#1235,.T.);
#765=ORIENTED_EDGE('',*,*,#1236,.T.);
#766=ORIENTED_EDGE('',*,*,#1237,.T.);
#767=ORIENTED_EDGE('',*,*,#1238,.T.);
#768=ORIENTED_EDGE('',*,*,#1239,.T.);
#769=ORIENTED_EDGE('',*,*,#1240,.F.);
#770=ORIENTED_EDGE('',*,*,#1241,.T.);
#771=ORIENTED_EDGE('',*,*,#1242,.T.);
#772=ORIENTED_EDGE('',*,*,#1243,.T.);
#773=ORIENTED_EDGE('',*,*,#1244,.T.);
#774=ORIENTED_EDGE('',*,*,#1245,.T.);
#775=ORIENTED_EDGE('',*,*,#1246,.T.);
#776=ORIENTED_EDGE('',*,*,#1247,.T.);
#777=ORIENTED_EDGE('',*,*,#1248,.T.);
#778=ORIENTED_EDGE('',*,*,#1249,.T.);
#779=ORIENTED_EDGE('',*,*,#1250,.T.);
#780=ORIENTED_EDGE('',*,*,#1240,.T.);
#781=ORIENTED_EDGE('',*,*,#1251,.T.);
#782=ORIENTED_EDGE('',*,*,#1233,.F.);
#783=ORIENTED_EDGE('',*,*,#1252,.T.);
#784=ORIENTED_EDGE('',*,*,#1253,.T.);
#785=ORIENTED_EDGE('',*,*,#1254,.T.);
#786=ORIENTED_EDGE('',*,*,#1255,.T.);
#787=ORIENTED_EDGE('',*,*,#1256,.T.);
#788=ORIENTED_EDGE('',*,*,#1257,.T.);
#789=ORIENTED_EDGE('',*,*,#1258,.T.);
#790=ORIENTED_EDGE('',*,*,#1259,.T.);
#791=ORIENTED_EDGE('',*,*,#1260,.F.);
#792=ORIENTED_EDGE('',*,*,#1261,.T.);
#793=ORIENTED_EDGE('',*,*,#1262,.T.);
#794=ORIENTED_EDGE('',*,*,#1263,.T.);
#795=ORIENTED_EDGE('',*,*,#1264,.T.);
#796=ORIENTED_EDGE('',*,*,#1265,.T.);
#797=ORIENTED_EDGE('',*,*,#1266,.T.);
#798=ORIENTED_EDGE('',*,*,#1267,.T.);
#799=ORIENTED_EDGE('',*,*,#1268,.T.);
#800=ORIENTED_EDGE('',*,*,#1269,.T.);
#801=ORIENTED_EDGE('',*,*,#1270,.T.);
#802=ORIENTED_EDGE('',*,*,#1260,.T.);
#803=ORIENTED_EDGE('',*,*,#1271,.T.);
#804=ORIENTED_EDGE('',*,*,#1253,.F.);
#805=ORIENTED_EDGE('',*,*,#1272,.T.);
#806=ORIENTED_EDGE('',*,*,#1232,.F.);
#807=ORIENTED_EDGE('',*,*,#1000,.F.);
#808=ORIENTED_EDGE('',*,*,#1273,.F.);
#809=ORIENTED_EDGE('',*,*,#1052,.F.);
#810=ORIENTED_EDGE('',*,*,#1274,.F.);
#811=ORIENTED_EDGE('',*,*,#999,.F.);
#812=ORIENTED_EDGE('',*,*,#988,.F.);
#813=ORIENTED_EDGE('',*,*,#1275,.F.);
#814=ORIENTED_EDGE('',*,*,#1049,.F.);
#815=ORIENTED_EDGE('',*,*,#1273,.T.);
#816=ORIENTED_EDGE('',*,*,#1274,.T.);
#817=ORIENTED_EDGE('',*,*,#1051,.F.);
#818=ORIENTED_EDGE('',*,*,#1276,.F.);
#819=ORIENTED_EDGE('',*,*,#992,.F.);
#820=ORIENTED_EDGE('',*,*,#1275,.T.);
#821=ORIENTED_EDGE('',*,*,#987,.F.);
#822=ORIENTED_EDGE('',*,*,#1276,.T.);
#823=ORIENTED_EDGE('',*,*,#1050,.F.);
#824=ORIENTED_EDGE('',*,*,#1277,.F.);
#825=ORIENTED_EDGE('',*,*,#1132,.F.);
#826=ORIENTED_EDGE('',*,*,#1278,.F.);
#827=ORIENTED_EDGE('',*,*,#1012,.F.);
#828=ORIENTED_EDGE('',*,*,#1016,.F.);
#829=ORIENTED_EDGE('',*,*,#1278,.T.);
#830=ORIENTED_EDGE('',*,*,#1131,.F.);
#831=ORIENTED_EDGE('',*,*,#1279,.F.);
#832=ORIENTED_EDGE('',*,*,#1009,.F.);
#833=ORIENTED_EDGE('',*,*,#1013,.F.);
#834=ORIENTED_EDGE('',*,*,#1277,.T.);
#835=ORIENTED_EDGE('',*,*,#1005,.F.);
#836=ORIENTED_EDGE('',*,*,#1280,.F.);
#837=ORIENTED_EDGE('',*,*,#1129,.F.);
#838=ORIENTED_EDGE('',*,*,#1279,.T.);
#839=ORIENTED_EDGE('',*,*,#1130,.F.);
#840=ORIENTED_EDGE('',*,*,#1280,.T.);
#841=ORIENTED_EDGE('',*,*,#1010,.F.);
#842=ORIENTED_EDGE('',*,*,#1281,.F.);
#843=ORIENTED_EDGE('',*,*,#1238,.F.);
#844=ORIENTED_EDGE('',*,*,#1282,.F.);
#845=ORIENTED_EDGE('',*,*,#983,.F.);
#846=ORIENTED_EDGE('',*,*,#1283,.F.);
#847=ORIENTED_EDGE('',*,*,#1241,.F.);
#848=ORIENTED_EDGE('',*,*,#1284,.F.);
#849=ORIENTED_EDGE('',*,*,#1247,.F.);
#850=ORIENTED_EDGE('',*,*,#1282,.T.);
#851=ORIENTED_EDGE('',*,*,#1242,.F.);
#852=ORIENTED_EDGE('',*,*,#1285,.F.);
#853=ORIENTED_EDGE('',*,*,#1039,.F.);
#854=ORIENTED_EDGE('',*,*,#1281,.T.);
#855=ORIENTED_EDGE('',*,*,#1104,.F.);
#856=ORIENTED_EDGE('',*,*,#1286,.F.);
#857=ORIENTED_EDGE('',*,*,#1239,.F.);
#858=ORIENTED_EDGE('',*,*,#1284,.T.);
#859=ORIENTED_EDGE('',*,*,#1252,.F.);
#860=ORIENTED_EDGE('',*,*,#1287,.F.);
#861=ORIENTED_EDGE('',*,*,#1248,.F.);
#862=ORIENTED_EDGE('',*,*,#1285,.T.);
#863=ORIENTED_EDGE('',*,*,#1283,.T.);
#864=ORIENTED_EDGE('',*,*,#1288,.F.);
#865=ORIENTED_EDGE('',*,*,#1040,.T.);
#866=ORIENTED_EDGE('',*,*,#1286,.T.);
#867=ORIENTED_EDGE('',*,*,#1103,.F.);
#868=ORIENTED_EDGE('',*,*,#1289,.F.);
#869=ORIENTED_EDGE('',*,*,#1251,.F.);
#870=ORIENTED_EDGE('',*,*,#1287,.T.);
#871=ORIENTED_EDGE('',*,*,#1237,.F.);
#872=ORIENTED_EDGE('',*,*,#1290,.F.);
#873=ORIENTED_EDGE('',*,*,#1249,.F.);
#874=ORIENTED_EDGE('',*,*,#1288,.T.);
#875=ORIENTED_EDGE('',*,*,#1250,.F.);
#876=ORIENTED_EDGE('',*,*,#1291,.F.);
#877=ORIENTED_EDGE('',*,*,#1041,.F.);
#878=ORIENTED_EDGE('',*,*,#1289,.T.);
#879=ORIENTED_EDGE('',*,*,#1102,.F.);
#880=ORIENTED_EDGE('',*,*,#1292,.F.);
#881=ORIENTED_EDGE('',*,*,#1234,.F.);
#882=ORIENTED_EDGE('',*,*,#1291,.T.);
#883=ORIENTED_EDGE('',*,*,#1290,.T.);
#884=ORIENTED_EDGE('',*,*,#1293,.F.);
#885=ORIENTED_EDGE('',*,*,#1018,.T.);
#886=ORIENTED_EDGE('',*,*,#1292,.T.);
#887=ORIENTED_EDGE('',*,*,#979,.F.);
#888=ORIENTED_EDGE('',*,*,#1294,.F.);
#889=ORIENTED_EDGE('',*,*,#1235,.F.);
#890=ORIENTED_EDGE('',*,*,#1293,.T.);
#891=ORIENTED_EDGE('',*,*,#1236,.F.);
#892=ORIENTED_EDGE('',*,*,#1294,.T.);
#893=ORIENTED_EDGE('',*,*,#1019,.F.);
#894=ORIENTED_EDGE('',*,*,#1295,.F.);
#895=ORIENTED_EDGE('',*,*,#1246,.F.);
#896=ORIENTED_EDGE('',*,*,#1296,.F.);
#897=ORIENTED_EDGE('',*,*,#1007,.F.);
#898=ORIENTED_EDGE('',*,*,#1296,.T.);
#899=ORIENTED_EDGE('',*,*,#1245,.F.);
#900=ORIENTED_EDGE('',*,*,#1297,.F.);
#901=ORIENTED_EDGE('',*,*,#1011,.F.);
#902=ORIENTED_EDGE('',*,*,#1295,.T.);
#903=ORIENTED_EDGE('',*,*,#1017,.F.);
#904=ORIENTED_EDGE('',*,*,#1298,.F.);
#905=ORIENTED_EDGE('',*,*,#1243,.F.);
#906=ORIENTED_EDGE('',*,*,#1297,.T.);
#907=ORIENTED_EDGE('',*,*,#1244,.F.);
#908=ORIENTED_EDGE('',*,*,#1298,.T.);
#909=ORIENTED_EDGE('',*,*,#1014,.F.);
#910=ORIENTED_EDGE('',*,*,#1299,.F.);
#911=ORIENTED_EDGE('',*,*,#1258,.F.);
#912=ORIENTED_EDGE('',*,*,#1300,.F.);
#913=ORIENTED_EDGE('',*,*,#981,.F.);
#914=ORIENTED_EDGE('',*,*,#1301,.F.);
#915=ORIENTED_EDGE('',*,*,#1261,.F.);
#916=ORIENTED_EDGE('',*,*,#1302,.F.);
#917=ORIENTED_EDGE('',*,*,#1267,.F.);
#918=ORIENTED_EDGE('',*,*,#1300,.T.);
#919=ORIENTED_EDGE('',*,*,#1262,.F.);
#920=ORIENTED_EDGE('',*,*,#1303,.F.);
#921=ORIENTED_EDGE('',*,*,#1020,.F.);
#922=ORIENTED_EDGE('',*,*,#1299,.T.);
#923=ORIENTED_EDGE('',*,*,#1109,.F.);
#924=ORIENTED_EDGE('',*,*,#1304,.F.);
#925=ORIENTED_EDGE('',*,*,#1259,.F.);
#926=ORIENTED_EDGE('',*,*,#1302,.T.);
#927=ORIENTED_EDGE('',*,*,#1272,.F.);
#928=ORIENTED_EDGE('',*,*,#1305,.F.);
#929=ORIENTED_EDGE('',*,*,#1268,.F.);
#930=ORIENTED_EDGE('',*,*,#1303,.T.);
#931=ORIENTED_EDGE('',*,*,#1301,.T.);
#932=ORIENTED_EDGE('',*,*,#1306,.F.);
#933=ORIENTED_EDGE('',*,*,#1021,.T.);
#934=ORIENTED_EDGE('',*,*,#1304,.T.);
#935=ORIENTED_EDGE('',*,*,#1108,.F.);
#936=ORIENTED_EDGE('',*,*,#1307,.F.);
#937=ORIENTED_EDGE('',*,*,#1271,.F.);
#938=ORIENTED_EDGE('',*,*,#1305,.T.);
#939=ORIENTED_EDGE('',*,*,#1257,.F.);
#940=ORIENTED_EDGE('',*,*,#1308,.F.);
#941=ORIENTED_EDGE('',*,*,#1269,.F.);
#942=ORIENTED_EDGE('',*,*,#1306,.T.);
#943=ORIENTED_EDGE('',*,*,#1270,.F.);
#944=ORIENTED_EDGE('',*,*,#1309,.F.);
#945=ORIENTED_EDGE('',*,*,#1022,.F.);
#946=ORIENTED_EDGE('',*,*,#1307,.T.);
#947=ORIENTED_EDGE('',*,*,#1107,.F.);
#948=ORIENTED_EDGE('',*,*,#1310,.F.);
#949=ORIENTED_EDGE('',*,*,#1254,.F.);
#950=ORIENTED_EDGE('',*,*,#1309,.T.);
#951=ORIENTED_EDGE('',*,*,#1308,.T.);
#952=ORIENTED_EDGE('',*,*,#1311,.F.);
#953=ORIENTED_EDGE('',*,*,#1023,.T.);
#954=ORIENTED_EDGE('',*,*,#1310,.T.);
#955=ORIENTED_EDGE('',*,*,#1116,.F.);
#956=ORIENTED_EDGE('',*,*,#1312,.F.);
#957=ORIENTED_EDGE('',*,*,#1255,.F.);
#958=ORIENTED_EDGE('',*,*,#1311,.T.);
#959=ORIENTED_EDGE('',*,*,#1256,.F.);
#960=ORIENTED_EDGE('',*,*,#1312,.T.);
#961=ORIENTED_EDGE('',*,*,#1024,.F.);
#962=ORIENTED_EDGE('',*,*,#1313,.F.);
#963=ORIENTED_EDGE('',*,*,#1266,.F.);
#964=ORIENTED_EDGE('',*,*,#1314,.F.);
#965=ORIENTED_EDGE('',*,*,#993,.F.);
#966=ORIENTED_EDGE('',*,*,#1314,.T.);
#967=ORIENTED_EDGE('',*,*,#1265,.F.);
#968=ORIENTED_EDGE('',*,*,#1315,.F.);
#969=ORIENTED_EDGE('',*,*,#996,.F.);
#970=ORIENTED_EDGE('',*,*,#1313,.T.);
#971=ORIENTED_EDGE('',*,*,#990,.F.);
#972=ORIENTED_EDGE('',*,*,#1316,.F.);
#973=ORIENTED_EDGE('',*,*,#1263,.F.);
#974=ORIENTED_EDGE('',*,*,#1315,.T.);
#975=ORIENTED_EDGE('',*,*,#1264,.F.);
#976=ORIENTED_EDGE('',*,*,#1316,.T.);
#977=ORIENTED_EDGE('',*,*,#1003,.F.);
#978=EDGE_CURVE('',#1317,#1318,#1519,.F.);
#979=EDGE_CURVE('',#1318,#1319,#195,.T.);
#980=EDGE_CURVE('',#1319,#1320,#1520,.T.);
#981=EDGE_CURVE('',#1320,#1317,#196,.F.);
#982=EDGE_CURVE('',#1321,#1322,#1521,.T.);
#983=EDGE_CURVE('',#1322,#1323,#197,.F.);
#984=EDGE_CURVE('',#1323,#1324,#1522,.F.);
#985=EDGE_CURVE('',#1321,#1324,#198,.F.);
#986=EDGE_CURVE('',#1325,#1326,#1523,.T.);
#987=EDGE_CURVE('',#1325,#1327,#1524,.F.);
#988=EDGE_CURVE('',#1327,#1328,#105,.T.);
#989=EDGE_CURVE('',#1328,#1329,#1525,.T.);
#990=EDGE_CURVE('',#1329,#1326,#1526,.T.);
#991=EDGE_CURVE('',#1330,#1331,#1527,.T.);
#992=EDGE_CURVE('',#1330,#1325,#106,.T.);
#993=EDGE_CURVE('',#1326,#1332,#199,.T.);
#994=EDGE_CURVE('',#1333,#1332,#1528,.T.);
#995=EDGE_CURVE('',#1331,#1333,#64,.T.);
#996=EDGE_CURVE('',#1332,#1334,#1529,.T.);
#997=EDGE_CURVE('',#1335,#1334,#1530,.T.);
#998=EDGE_CURVE('',#1333,#1335,#107,.F.);
#999=EDGE_CURVE('',#1328,#1336,#1531,.F.);
#1000=EDGE_CURVE('',#1336,#1337,#108,.T.);
#1001=EDGE_CURVE('',#1337,#1338,#1532,.T.);
#1002=EDGE_CURVE('',#1335,#1338,#200,.F.);
#1003=EDGE_CURVE('',#1334,#1329,#1533,.T.);
#1004=EDGE_CURVE('',#1339,#1340,#1534,.T.);
#1005=EDGE_CURVE('',#1339,#1341,#109,.F.);
#1006=EDGE_CURVE('',#1341,#1342,#1535,.T.);
#1007=EDGE_CURVE('',#1342,#1340,#201,.T.);
#1008=EDGE_CURVE('',#1343,#1344,#1536,.T.);
#1009=EDGE_CURVE('',#1343,#1345,#110,.T.);
#1010=EDGE_CURVE('',#1345,#1339,#1537,.T.);
#1011=EDGE_CURVE('',#1340,#1344,#1538,.T.);
#1012=EDGE_CURVE('',#1346,#1347,#111,.T.);
#1013=EDGE_CURVE('',#1347,#1343,#1539,.T.);
#1014=EDGE_CURVE('',#1344,#1348,#1540,.T.);
#1015=EDGE_CURVE('',#1346,#1348,#1541,.T.);
#1016=EDGE_CURVE('',#1341,#1346,#1542,.T.);
#1017=EDGE_CURVE('',#1348,#1342,#1543,.T.);
#1018=EDGE_CURVE('',#1349,#1350,#202,.F.);
#1019=EDGE_CURVE('',#1349,#1318,#1544,.T.);
#1020=EDGE_CURVE('',#1317,#1351,#1545,.F.);
#1021=EDGE_CURVE('',#1352,#1351,#203,.F.);
#1022=EDGE_CURVE('',#1352,#1353,#1546,.F.);
#1023=EDGE_CURVE('',#1354,#1353,#204,.F.);
#1024=EDGE_CURVE('',#1354,#1355,#1547,.T.);
#1025=EDGE_CURVE('',#1356,#1355,#1548,.F.);
#1026=EDGE_CURVE('',#1356,#1357,#1549,.F.);
#1027=EDGE_CURVE('',#1357,#1358,#112,.F.);
#1028=EDGE_CURVE('',#1358,#1359,#1550,.F.);
#1029=EDGE_CURVE('',#1359,#1360,#113,.F.);
#1030=EDGE_CURVE('',#1360,#1361,#1551,.T.);
#1031=EDGE_CURVE('',#1361,#1362,#114,.T.);
#1032=EDGE_CURVE('',#1362,#1363,#1552,.T.);
#1033=EDGE_CURVE('',#1363,#1364,#115,.T.);
#1034=EDGE_CURVE('',#1364,#1365,#1553,.F.);
#1035=EDGE_CURVE('',#1365,#1366,#116,.F.);
#1036=EDGE_CURVE('',#1366,#1367,#1554,.T.);
#1037=EDGE_CURVE('',#1367,#1368,#117,.F.);
#1038=EDGE_CURVE('',#1324,#1368,#1555,.F.);
#1039=EDGE_CURVE('',#1323,#1369,#1556,.F.);
#1040=EDGE_CURVE('',#1370,#1369,#205,.F.);
#1041=EDGE_CURVE('',#1370,#1350,#1557,.F.);
#1042=EDGE_CURVE('',#1371,#1371,#206,.T.);
#1043=EDGE_CURVE('',#1372,#1372,#207,.T.);
#1044=EDGE_CURVE('',#1373,#1373,#208,.T.);
#1045=EDGE_CURVE('',#1374,#1375,#1558,.T.);
#1046=EDGE_CURVE('',#1375,#1376,#1559,.F.);
#1047=EDGE_CURVE('',#1376,#1377,#1560,.T.);
#1048=EDGE_CURVE('',#1377,#1374,#118,.T.);
#1049=EDGE_CURVE('',#1378,#1379,#1561,.T.);
#1050=EDGE_CURVE('',#1379,#1380,#1562,.T.);
#1051=EDGE_CURVE('',#1380,#1381,#119,.T.);
#1052=EDGE_CURVE('',#1381,#1378,#1563,.T.);
#1053=EDGE_CURVE('',#1382,#1383,#65,.T.);
#1054=EDGE_CURVE('',#1383,#1384,#1564,.F.);
#1055=EDGE_CURVE('',#1384,#1385,#1565,.F.);
#1056=EDGE_CURVE('',#1385,#1386,#1566,.T.);
#1057=EDGE_CURVE('',#1386,#1387,#1567,.T.);
#1058=EDGE_CURVE('',#1387,#1382,#120,.T.);
#1059=EDGE_CURVE('',#1388,#1389,#1568,.T.);
#1060=EDGE_CURVE('',#1389,#1390,#121,.F.);
#1061=EDGE_CURVE('',#1390,#1391,#1569,.T.);
#1062=EDGE_CURVE('',#1391,#1388,#1570,.F.);
#1063=EDGE_CURVE('',#1392,#1393,#1571,.T.);
#1064=EDGE_CURVE('',#1393,#1394,#122,.T.);
#1065=EDGE_CURVE('',#1394,#1395,#1572,.F.);
#1066=EDGE_CURVE('',#1396,#1395,#1573,.T.);
#1067=EDGE_CURVE('',#1397,#1396,#1574,.F.);
#1068=EDGE_CURVE('',#1397,#1398,#1575,.T.);
#1069=EDGE_CURVE('',#1398,#1399,#1576,.T.);
#1070=EDGE_CURVE('',#1399,#1392,#123,.T.);
#1071=EDGE_CURVE('',#1400,#1401,#1577,.F.);
#1072=EDGE_CURVE('',#1400,#1402,#1578,.F.);
#1073=EDGE_CURVE('',#1402,#1403,#1579,.F.);
#1074=EDGE_CURVE('',#1401,#1403,#1580,.T.);
#1075=EDGE_CURVE('',#1404,#1405,#1581,.F.);
#1076=EDGE_CURVE('',#1405,#1406,#124,.F.);
#1077=EDGE_CURVE('',#1407,#1406,#1582,.T.);
#1078=EDGE_CURVE('',#1404,#1407,#1583,.F.);
#1079=EDGE_CURVE('',#1406,#1408,#66,.T.);
#1080=EDGE_CURVE('',#1408,#1400,#125,.T.);
#1081=EDGE_CURVE('',#1407,#1401,#126,.F.);
#1082=EDGE_CURVE('',#1402,#1409,#127,.T.);
#1083=EDGE_CURVE('',#1409,#1389,#67,.T.);
#1084=EDGE_CURVE('',#1388,#1403,#128,.T.);
#1085=EDGE_CURVE('',#1321,#1410,#209,.F.);
#1086=EDGE_CURVE('',#1324,#1410,#210,.F.);
#1087=EDGE_CURVE('',#1411,#1356,#211,.F.);
#1088=EDGE_CURVE('',#1356,#1412,#212,.T.);
#1089=EDGE_CURVE('',#1411,#1412,#213,.F.);
#1090=EDGE_CURVE('',#1413,#1321,#1584,.T.);
#1091=EDGE_CURVE('',#1410,#1414,#1585,.F.);
#1092=EDGE_CURVE('',#1414,#1415,#129,.F.);
#1093=EDGE_CURVE('',#1413,#1415,#68,.F.);
#1094=EDGE_CURVE('',#1416,#1414,#1586,.T.);
#1095=EDGE_CURVE('',#1416,#1417,#1587,.T.);
#1096=EDGE_CURVE('',#1417,#1415,#1588,.T.);
#1097=EDGE_CURVE('',#1418,#1410,#1589,.T.);
#1098=EDGE_CURVE('',#1418,#1416,#130,.T.);
#1099=EDGE_CURVE('',#1377,#1411,#1590,.T.);
#1100=EDGE_CURVE('',#1412,#1419,#1591,.F.);
#1101=EDGE_CURVE('',#1374,#1419,#69,.F.);
#1102=EDGE_CURVE('',#1319,#1420,#1592,.F.);
#1103=EDGE_CURVE('',#1420,#1421,#131,.F.);
#1104=EDGE_CURVE('',#1421,#1322,#1593,.T.);
#1105=EDGE_CURVE('',#1419,#1413,#1594,.T.);
#1106=EDGE_CURVE('',#1422,#1412,#1595,.T.);
#1107=EDGE_CURVE('',#1422,#1423,#1596,.F.);
#1108=EDGE_CURVE('',#1423,#1424,#132,.F.);
#1109=EDGE_CURVE('',#1424,#1320,#1597,.T.);
#1110=EDGE_CURVE('',#1376,#1425,#133,.T.);
#1111=EDGE_CURVE('',#1425,#1411,#1598,.T.);
#1112=EDGE_CURVE('',#1425,#1426,#70,.T.);
#1113=EDGE_CURVE('',#1426,#1357,#71,.T.);
#1114=EDGE_CURVE('',#1368,#1427,#72,.F.);
#1115=EDGE_CURVE('',#1427,#1418,#73,.T.);
#1116=EDGE_CURVE('',#1355,#1422,#214,.T.);
#1117=EDGE_CURVE('',#1428,#1429,#1599,.F.);
#1118=EDGE_CURVE('',#1429,#1430,#1600,.T.);
#1119=EDGE_CURVE('',#1431,#1430,#1601,.F.);
#1120=EDGE_CURVE('',#1432,#1431,#134,.F.);
#1121=EDGE_CURVE('',#1433,#1432,#1602,.T.);
#1122=EDGE_CURVE('',#1433,#1428,#135,.T.);
#1123=EDGE_CURVE('',#1401,#1432,#215,.F.);
#1124=EDGE_CURVE('',#1403,#1433,#216,.F.);
#1125=EDGE_CURVE('',#1407,#1431,#217,.F.);
#1126=EDGE_CURVE('',#1430,#1404,#136,.T.);
#1127=EDGE_CURVE('',#1391,#1429,#137,.T.);
#1128=EDGE_CURVE('',#1388,#1428,#218,.T.);
#1129=EDGE_CURVE('',#1434,#1435,#138,.F.);
#1130=EDGE_CURVE('',#1435,#1436,#1603,.F.);
#1131=EDGE_CURVE('',#1436,#1437,#1604,.F.);
#1132=EDGE_CURVE('',#1437,#1434,#1605,.F.);
#1133=EDGE_CURVE('',#1438,#1439,#74,.T.);
#1134=EDGE_CURVE('',#1439,#1440,#139,.F.);
#1135=EDGE_CURVE('',#1440,#1441,#1606,.F.);
#1136=EDGE_CURVE('',#1442,#1441,#1607,.T.);
#1137=EDGE_CURVE('',#1442,#1443,#1608,.F.);
#1138=EDGE_CURVE('',#1443,#1438,#1609,.T.);
#1139=EDGE_CURVE('',#1444,#1445,#1610,.F.);
#1140=EDGE_CURVE('',#1445,#1446,#1611,.F.);
#1141=EDGE_CURVE('',#1446,#1447,#1612,.T.);
#1142=EDGE_CURVE('',#1447,#1444,#1613,.T.);
#1143=EDGE_CURVE('',#1448,#1449,#1614,.T.);
#1144=EDGE_CURVE('',#1449,#1450,#1615,.T.);
#1145=EDGE_CURVE('',#1450,#1451,#1616,.T.);
#1146=EDGE_CURVE('',#1448,#1451,#1617,.T.);
#1147=EDGE_CURVE('',#1452,#1453,#140,.F.);
#1148=EDGE_CURVE('',#1453,#1387,#75,.T.);
#1149=EDGE_CURVE('',#1395,#1386,#76,.F.);
#1150=EDGE_CURVE('',#1394,#1452,#77,.T.);
#1151=EDGE_CURVE('',#1454,#1404,#219,.T.);
#1152=EDGE_CURVE('',#1454,#1455,#141,.T.);
#1153=EDGE_CURVE('',#1455,#1405,#78,.T.);
#1154=EDGE_CURVE('',#1361,#1454,#79,.T.);
#1155=EDGE_CURVE('',#1362,#1430,#220,.T.);
#1156=EDGE_CURVE('',#1363,#1429,#221,.T.);
#1157=EDGE_CURVE('',#1456,#1457,#142,.F.);
#1158=EDGE_CURVE('',#1457,#1399,#80,.T.);
#1159=EDGE_CURVE('',#1441,#1398,#81,.F.);
#1160=EDGE_CURVE('',#1440,#1456,#82,.T.);
#1161=EDGE_CURVE('',#1458,#1391,#222,.T.);
#1162=EDGE_CURVE('',#1458,#1364,#83,.T.);
#1163=EDGE_CURVE('',#1390,#1459,#84,.T.);
#1164=EDGE_CURVE('',#1459,#1458,#143,.F.);
#1165=EDGE_CURVE('',#1450,#1426,#144,.F.);
#1166=EDGE_CURVE('',#1451,#1375,#85,.F.);
#1167=EDGE_CURVE('',#1384,#1449,#145,.F.);
#1168=EDGE_CURVE('',#1385,#1448,#86,.T.);
#1169=EDGE_CURVE('',#1427,#1445,#146,.F.);
#1170=EDGE_CURVE('',#1417,#1444,#87,.F.);
#1171=EDGE_CURVE('',#1446,#1443,#147,.F.);
#1172=EDGE_CURVE('',#1447,#1442,#88,.T.);
#1173=EDGE_CURVE('',#1358,#1450,#223,.T.);
#1174=EDGE_CURVE('',#1359,#1449,#224,.T.);
#1175=EDGE_CURVE('',#1360,#1384,#225,.T.);
#1176=EDGE_CURVE('',#1361,#1383,#226,.T.);
#1177=EDGE_CURVE('',#1454,#1382,#227,.T.);
#1178=EDGE_CURVE('',#1455,#1387,#228,.T.);
#1179=EDGE_CURVE('',#1405,#1453,#229,.T.);
#1180=EDGE_CURVE('',#1406,#1452,#230,.T.);
#1181=EDGE_CURVE('',#1408,#1394,#231,.T.);
#1182=EDGE_CURVE('',#1400,#1393,#232,.T.);
#1183=EDGE_CURVE('',#1402,#1392,#233,.T.);
#1184=EDGE_CURVE('',#1409,#1399,#234,.T.);
#1185=EDGE_CURVE('',#1389,#1457,#235,.T.);
#1186=EDGE_CURVE('',#1390,#1456,#236,.T.);
#1187=EDGE_CURVE('',#1459,#1440,#237,.T.);
#1188=EDGE_CURVE('',#1458,#1439,#238,.T.);
#1189=EDGE_CURVE('',#1364,#1438,#239,.T.);
#1190=EDGE_CURVE('',#1365,#1443,#240,.T.);
#1191=EDGE_CURVE('',#1366,#1446,#241,.T.);
#1192=EDGE_CURVE('',#1367,#1445,#242,.T.);
#1193=EDGE_CURVE('',#1460,#1460,#243,.F.);
#1194=EDGE_CURVE('',#1461,#1461,#244,.T.);
#1195=EDGE_CURVE('',#1338,#1331,#148,.F.);
#1196=EDGE_CURVE('',#1462,#1462,#245,.F.);
#1197=EDGE_CURVE('',#1463,#1463,#246,.T.);
#1198=EDGE_CURVE('',#1464,#1464,#247,.F.);
#1199=EDGE_CURVE('',#1465,#1465,#248,.T.);
#1200=EDGE_CURVE('',#1466,#1451,#1618,.T.);
#1201=EDGE_CURVE('',#1467,#1466,#1619,.F.);
#1202=EDGE_CURVE('',#1467,#1448,#89,.T.);
#1203=EDGE_CURVE('',#1468,#1375,#1620,.T.);
#1204=EDGE_CURVE('',#1466,#1468,#90,.T.);
#1205=EDGE_CURVE('',#1469,#1374,#91,.T.);
#1206=EDGE_CURVE('',#1469,#1468,#1621,.T.);
#1207=EDGE_CURVE('',#1470,#1419,#92,.T.);
#1208=EDGE_CURVE('',#1469,#1470,#93,.T.);
#1209=EDGE_CURVE('',#1471,#1413,#94,.F.);
#1210=EDGE_CURVE('',#1470,#1471,#1622,.F.);
#1211=EDGE_CURVE('',#1472,#1415,#95,.T.);
#1212=EDGE_CURVE('',#1471,#1472,#96,.T.);
#1213=EDGE_CURVE('',#1473,#1417,#1623,.T.);
#1214=EDGE_CURVE('',#1473,#1472,#1624,.T.);
#1215=EDGE_CURVE('',#1474,#1444,#1625,.T.);
#1216=EDGE_CURVE('',#1473,#1474,#97,.T.);
#1217=EDGE_CURVE('',#1475,#1447,#98,.F.);
#1218=EDGE_CURVE('',#1475,#1474,#1626,.T.);
#1219=EDGE_CURVE('',#1476,#1442,#99,.T.);
#1220=EDGE_CURVE('',#1475,#1476,#249,.T.);
#1221=EDGE_CURVE('',#1477,#1441,#100,.F.);
#1222=EDGE_CURVE('',#1476,#1477,#1627,.F.);
#1223=EDGE_CURVE('',#1477,#1397,#101,.T.);
#1224=EDGE_CURVE('',#1478,#1386,#102,.T.);
#1225=EDGE_CURVE('',#1396,#1478,#103,.T.);
#1226=EDGE_CURVE('',#1479,#1385,#104,.F.);
#1227=EDGE_CURVE('',#1479,#1478,#1628,.T.);
#1228=EDGE_CURVE('',#1480,#1480,#250,.T.);
#1229=EDGE_CURVE('',#1481,#1481,#251,.T.);
#1230=EDGE_CURVE('',#1482,#1482,#252,.T.);
#1231=EDGE_CURVE('',#1479,#1467,#253,.T.);
#1232=EDGE_CURVE('',#1337,#1330,#1629,.F.);
#1233=EDGE_CURVE('',#1483,#1484,#1630,.T.);
#1234=EDGE_CURVE('',#1484,#1485,#1631,.T.);
#1235=EDGE_CURVE('',#1485,#1486,#254,.F.);
#1236=EDGE_CURVE('',#1486,#1487,#1632,.F.);
#1237=EDGE_CURVE('',#1487,#1483,#1633,.F.);
#1238=EDGE_CURVE('',#1488,#1489,#255,.T.);
#1239=EDGE_CURVE('',#1489,#1490,#1634,.F.);
#1240=EDGE_CURVE('',#1491,#1490,#1635,.T.);
#1241=EDGE_CURVE('',#1491,#1492,#1636,.T.);
#1242=EDGE_CURVE('',#1492,#1488,#1637,.T.);
#1243=EDGE_CURVE('',#1493,#1494,#1638,.F.);
#1244=EDGE_CURVE('',#1494,#1495,#1639,.F.);
#1245=EDGE_CURVE('',#1495,#1496,#1640,.F.);
#1246=EDGE_CURVE('',#1496,#1493,#256,.F.);
#1247=EDGE_CURVE('',#1497,#1498,#1641,.F.);
#1248=EDGE_CURVE('',#1498,#1499,#257,.T.);
#1249=EDGE_CURVE('',#1499,#1500,#1642,.T.);
#1250=EDGE_CURVE('',#1500,#1497,#1643,.T.);
#1251=EDGE_CURVE('',#1490,#1484,#149,.F.);
#1252=EDGE_CURVE('',#1483,#1491,#258,.F.);
#1253=EDGE_CURVE('',#1501,#1502,#1644,.T.);
#1254=EDGE_CURVE('',#1502,#1503,#1645,.T.);
#1255=EDGE_CURVE('',#1503,#1504,#259,.F.);
#1256=EDGE_CURVE('',#1504,#1505,#1646,.F.);
#1257=EDGE_CURVE('',#1505,#1501,#1647,.F.);
#1258=EDGE_CURVE('',#1506,#1507,#260,.T.);
#1259=EDGE_CURVE('',#1507,#1508,#1648,.F.);
#1260=EDGE_CURVE('',#1509,#1508,#1649,.T.);
#1261=EDGE_CURVE('',#1509,#1510,#1650,.T.);
#1262=EDGE_CURVE('',#1510,#1506,#1651,.T.);
#1263=EDGE_CURVE('',#1511,#1512,#1652,.F.);
#1264=EDGE_CURVE('',#1512,#1513,#1653,.F.);
#1265=EDGE_CURVE('',#1513,#1514,#1654,.F.);
#1266=EDGE_CURVE('',#1514,#1511,#261,.F.);
#1267=EDGE_CURVE('',#1515,#1516,#1655,.F.);
#1268=EDGE_CURVE('',#1516,#1517,#262,.T.);
#1269=EDGE_CURVE('',#1517,#1518,#1656,.T.);
#1270=EDGE_CURVE('',#1518,#1515,#1657,.T.);
#1271=EDGE_CURVE('',#1508,#1502,#150,.F.);
#1272=EDGE_CURVE('',#1501,#1509,#263,.F.);
#1273=EDGE_CURVE('',#1378,#1336,#151,.T.);
#1274=EDGE_CURVE('',#1330,#1381,#264,.T.);
#1275=EDGE_CURVE('',#1379,#1327,#152,.T.);
#1276=EDGE_CURVE('',#1325,#1380,#265,.T.);
#1277=EDGE_CURVE('',#1434,#1341,#266,.T.);
#1278=EDGE_CURVE('',#1347,#1437,#153,.F.);
#1279=EDGE_CURVE('',#1345,#1436,#154,.F.);
#1280=EDGE_CURVE('',#1435,#1339,#267,.T.);
#1281=EDGE_CURVE('',#1489,#1322,#268,.T.);
#1282=EDGE_CURVE('',#1323,#1488,#269,.T.);
#1283=EDGE_CURVE('',#1492,#1497,#270,.T.);
#1284=EDGE_CURVE('',#1498,#1491,#271,.T.);
#1285=EDGE_CURVE('',#1369,#1492,#272,.T.);
#1286=EDGE_CURVE('',#1490,#1421,#273,.T.);
#1287=EDGE_CURVE('',#1499,#1483,#274,.T.);
#1288=EDGE_CURVE('',#1370,#1497,#275,.F.);
#1289=EDGE_CURVE('',#1484,#1420,#276,.T.);
#1290=EDGE_CURVE('',#1500,#1487,#277,.T.);
#1291=EDGE_CURVE('',#1350,#1500,#278,.T.);
#1292=EDGE_CURVE('',#1485,#1319,#279,.T.);
#1293=EDGE_CURVE('',#1349,#1487,#280,.F.);
#1294=EDGE_CURVE('',#1486,#1318,#281,.T.);
#1295=EDGE_CURVE('',#1493,#1342,#282,.T.);
#1296=EDGE_CURVE('',#1340,#1496,#283,.T.);
#1297=EDGE_CURVE('',#1344,#1495,#155,.F.);
#1298=EDGE_CURVE('',#1494,#1348,#156,.T.);
#1299=EDGE_CURVE('',#1507,#1320,#284,.T.);
#1300=EDGE_CURVE('',#1317,#1506,#285,.T.);
#1301=EDGE_CURVE('',#1510,#1515,#286,.T.);
#1302=EDGE_CURVE('',#1516,#1509,#287,.T.);
#1303=EDGE_CURVE('',#1351,#1510,#288,.T.);
#1304=EDGE_CURVE('',#1508,#1424,#289,.T.);
#1305=EDGE_CURVE('',#1517,#1501,#290,.T.);
#1306=EDGE_CURVE('',#1352,#1515,#291,.F.);
#1307=EDGE_CURVE('',#1502,#1423,#292,.T.);
#1308=EDGE_CURVE('',#1518,#1505,#293,.T.);
#1309=EDGE_CURVE('',#1353,#1518,#294,.T.);
#1310=EDGE_CURVE('',#1503,#1422,#295,.T.);
#1311=EDGE_CURVE('',#1354,#1505,#296,.F.);
#1312=EDGE_CURVE('',#1504,#1355,#297,.T.);
#1313=EDGE_CURVE('',#1511,#1326,#298,.T.);
#1314=EDGE_CURVE('',#1332,#1514,#299,.T.);
#1315=EDGE_CURVE('',#1334,#1513,#157,.F.);
#1316=EDGE_CURVE('',#1512,#1329,#158,.T.);
#1317=VERTEX_POINT('',#3322);
#1318=VERTEX_POINT('',#3323);
#1319=VERTEX_POINT('',#3325);
#1320=VERTEX_POINT('',#3327);
#1321=VERTEX_POINT('',#3331);
#1322=VERTEX_POINT('',#3332);
#1323=VERTEX_POINT('',#3334);
#1324=VERTEX_POINT('',#3336);
#1325=VERTEX_POINT('',#3340);
#1326=VERTEX_POINT('',#3341);
#1327=VERTEX_POINT('',#3343);
#1328=VERTEX_POINT('',#3345);
#1329=VERTEX_POINT('',#3347);
#1330=VERTEX_POINT('',#3351);
#1331=VERTEX_POINT('',#3352);
#1332=VERTEX_POINT('',#3355);
#1333=VERTEX_POINT('',#3357);
#1334=VERTEX_POINT('',#3375);
#1335=VERTEX_POINT('',#3377);
#1336=VERTEX_POINT('',#3381);
#1337=VERTEX_POINT('',#3383);
#1338=VERTEX_POINT('',#3385);
#1339=VERTEX_POINT('',#3390);
#1340=VERTEX_POINT('',#3391);
#1341=VERTEX_POINT('',#3393);
#1342=VERTEX_POINT('',#3395);
#1343=VERTEX_POINT('',#3399);
#1344=VERTEX_POINT('',#3400);
#1345=VERTEX_POINT('',#3402);
#1346=VERTEX_POINT('',#3407);
#1347=VERTEX_POINT('',#3408);
#1348=VERTEX_POINT('',#3411);
#1349=VERTEX_POINT('',#3418);
#1350=VERTEX_POINT('',#3419);
#1351=VERTEX_POINT('',#3422);
#1352=VERTEX_POINT('',#3424);
#1353=VERTEX_POINT('',#3426);
#1354=VERTEX_POINT('',#3428);
#1355=VERTEX_POINT('',#3430);
#1356=VERTEX_POINT('',#3432);
#1357=VERTEX_POINT('',#3434);
#1358=VERTEX_POINT('',#3436);
#1359=VERTEX_POINT('',#3438);
#1360=VERTEX_POINT('',#3440);
#1361=VERTEX_POINT('',#3442);
#1362=VERTEX_POINT('',#3444);
#1363=VERTEX_POINT('',#3446);
#1364=VERTEX_POINT('',#3448);
#1365=VERTEX_POINT('',#3450);
#1366=VERTEX_POINT('',#3452);
#1367=VERTEX_POINT('',#3454);
#1368=VERTEX_POINT('',#3456);
#1369=VERTEX_POINT('',#3459);
#1370=VERTEX_POINT('',#3461);
#1371=VERTEX_POINT('',#3464);
#1372=VERTEX_POINT('',#3466);
#1373=VERTEX_POINT('',#3468);
#1374=VERTEX_POINT('',#3471);
#1375=VERTEX_POINT('',#3472);
#1376=VERTEX_POINT('',#3474);
#1377=VERTEX_POINT('',#3476);
#1378=VERTEX_POINT('',#3480);
#1379=VERTEX_POINT('',#3481);
#1380=VERTEX_POINT('',#3483);
#1381=VERTEX_POINT('',#3485);
#1382=VERTEX_POINT('',#3491);
#1383=VERTEX_POINT('',#3492);
#1384=VERTEX_POINT('',#3494);
#1385=VERTEX_POINT('',#3496);
#1386=VERTEX_POINT('',#3498);
#1387=VERTEX_POINT('',#3500);
#1388=VERTEX_POINT('',#3504);
#1389=VERTEX_POINT('',#3505);
#1390=VERTEX_POINT('',#3507);
#1391=VERTEX_POINT('',#3509);
#1392=VERTEX_POINT('',#3513);
#1393=VERTEX_POINT('',#3514);
#1394=VERTEX_POINT('',#3516);
#1395=VERTEX_POINT('',#3518);
#1396=VERTEX_POINT('',#3520);
#1397=VERTEX_POINT('',#3522);
#1398=VERTEX_POINT('',#3524);
#1399=VERTEX_POINT('',#3526);
#1400=VERTEX_POINT('',#3530);
#1401=VERTEX_POINT('',#3531);
#1402=VERTEX_POINT('',#3533);
#1403=VERTEX_POINT('',#3535);
#1404=VERTEX_POINT('',#3539);
#1405=VERTEX_POINT('',#3540);
#1406=VERTEX_POINT('',#3542);
#1407=VERTEX_POINT('',#3544);
#1408=VERTEX_POINT('',#3551);
#1409=VERTEX_POINT('',#3556);
#1410=VERTEX_POINT('',#3564);
#1411=VERTEX_POINT('',#3568);
#1412=VERTEX_POINT('',#3570);
#1413=VERTEX_POINT('',#3574);
#1414=VERTEX_POINT('',#3576);
#1415=VERTEX_POINT('',#3578);
#1416=VERTEX_POINT('',#3587);
#1417=VERTEX_POINT('',#3589);
#1418=VERTEX_POINT('',#3593);
#1419=VERTEX_POINT('',#3598);
#1420=VERTEX_POINT('',#3607);
#1421=VERTEX_POINT('',#3609);
#1422=VERTEX_POINT('',#3613);
#1423=VERTEX_POINT('',#3615);
#1424=VERTEX_POINT('',#3617);
#1425=VERTEX_POINT('',#3621);
#1426=VERTEX_POINT('',#3629);
#1427=VERTEX_POINT('',#3639);
#1428=VERTEX_POINT('',#3649);
#1429=VERTEX_POINT('',#3650);
#1430=VERTEX_POINT('',#3652);
#1431=VERTEX_POINT('',#3654);
#1432=VERTEX_POINT('',#3656);
#1433=VERTEX_POINT('',#3658);
#1434=VERTEX_POINT('',#3695);
#1435=VERTEX_POINT('',#3696);
#1436=VERTEX_POINT('',#3698);
#1437=VERTEX_POINT('',#3700);
#1438=VERTEX_POINT('',#3706);
#1439=VERTEX_POINT('',#3707);
#1440=VERTEX_POINT('',#3709);
#1441=VERTEX_POINT('',#3711);
#1442=VERTEX_POINT('',#3713);
#1443=VERTEX_POINT('',#3715);
#1444=VERTEX_POINT('',#3719);
#1445=VERTEX_POINT('',#3720);
#1446=VERTEX_POINT('',#3722);
#1447=VERTEX_POINT('',#3724);
#1448=VERTEX_POINT('',#3728);
#1449=VERTEX_POINT('',#3729);
#1450=VERTEX_POINT('',#3731);
#1451=VERTEX_POINT('',#3733);
#1452=VERTEX_POINT('',#3737);
#1453=VERTEX_POINT('',#3738);
#1454=VERTEX_POINT('',#3758);
#1455=VERTEX_POINT('',#3760);
#1456=VERTEX_POINT('',#3789);
#1457=VERTEX_POINT('',#3790);
#1458=VERTEX_POINT('',#3824);
#1459=VERTEX_POINT('',#3834);
#1460=VERTEX_POINT('',#4115);
#1461=VERTEX_POINT('',#4117);
#1462=VERTEX_POINT('',#4121);
#1463=VERTEX_POINT('',#4123);
#1464=VERTEX_POINT('',#4126);
#1465=VERTEX_POINT('',#4128);
#1466=VERTEX_POINT('',#4134);
#1467=VERTEX_POINT('',#4136);
#1468=VERTEX_POINT('',#4170);
#1469=VERTEX_POINT('',#4183);
#1470=VERTEX_POINT('',#4225);
#1471=VERTEX_POINT('',#4235);
#1472=VERTEX_POINT('',#4265);
#1473=VERTEX_POINT('',#4272);
#1474=VERTEX_POINT('',#4299);
#1475=VERTEX_POINT('',#4311);
#1476=VERTEX_POINT('',#4318);
#1477=VERTEX_POINT('',#4325);
#1478=VERTEX_POINT('',#4396);
#1479=VERTEX_POINT('',#4407);
#1480=VERTEX_POINT('',#4411);
#1481=VERTEX_POINT('',#4414);
#1482=VERTEX_POINT('',#4417);
#1483=VERTEX_POINT('',#4425);
#1484=VERTEX_POINT('',#4426);
#1485=VERTEX_POINT('',#4428);
#1486=VERTEX_POINT('',#4430);
#1487=VERTEX_POINT('',#4432);
#1488=VERTEX_POINT('',#4436);
#1489=VERTEX_POINT('',#4437);
#1490=VERTEX_POINT('',#4439);
#1491=VERTEX_POINT('',#4441);
#1492=VERTEX_POINT('',#4443);
#1493=VERTEX_POINT('',#4447);
#1494=VERTEX_POINT('',#4448);
#1495=VERTEX_POINT('',#4450);
#1496=VERTEX_POINT('',#4452);
#1497=VERTEX_POINT('',#4455);
#1498=VERTEX_POINT('',#4456);
#1499=VERTEX_POINT('',#4458);
#1500=VERTEX_POINT('',#4460);
#1501=VERTEX_POINT('',#4467);
#1502=VERTEX_POINT('',#4468);
#1503=VERTEX_POINT('',#4470);
#1504=VERTEX_POINT('',#4472);
#1505=VERTEX_POINT('',#4474);
#1506=VERTEX_POINT('',#4478);
#1507=VERTEX_POINT('',#4479);
#1508=VERTEX_POINT('',#4481);
#1509=VERTEX_POINT('',#4483);
#1510=VERTEX_POINT('',#4485);
#1511=VERTEX_POINT('',#4489);
#1512=VERTEX_POINT('',#4490);
#1513=VERTEX_POINT('',#4492);
#1514=VERTEX_POINT('',#4494);
#1515=VERTEX_POINT('',#4497);
#1516=VERTEX_POINT('',#4498);
#1517=VERTEX_POINT('',#4500);
#1518=VERTEX_POINT('',#4502);
#1519=LINE('',#3321,#1658);
#1520=LINE('',#3326,#1659);
#1521=LINE('',#3330,#1660);
#1522=LINE('',#3335,#1661);
#1523=LINE('',#3339,#1662);
#1524=LINE('',#3342,#1663);
#1525=LINE('',#3346,#1664);
#1526=LINE('',#3348,#1665);
#1527=LINE('',#3350,#1666);
#1528=LINE('',#3356,#1667);
#1529=LINE('',#3374,#1668);
#1530=LINE('',#3376,#1669);
#1531=LINE('',#3380,#1670);
#1532=LINE('',#3384,#1671);
#1533=LINE('',#3387,#1672);
#1534=LINE('',#3389,#1673);
#1535=LINE('',#3394,#1674);
#1536=LINE('',#3398,#1675);
#1537=LINE('',#3403,#1676);
#1538=LINE('',#3404,#1677);
#1539=LINE('',#3409,#1678);
#1540=LINE('',#3410,#1679);
#1541=LINE('',#3412,#1680);
#1542=LINE('',#3414,#1681);
#1543=LINE('',#3415,#1682);
#1544=LINE('',#3420,#1683);
#1545=LINE('',#3421,#1684);
#1546=LINE('',#3425,#1685);
#1547=LINE('',#3429,#1686);
#1548=LINE('',#3431,#1687);
#1549=LINE('',#3433,#1688);
#1550=LINE('',#3437,#1689);
#1551=LINE('',#3441,#1690);
#1552=LINE('',#3445,#1691);
#1553=LINE('',#3449,#1692);
#1554=LINE('',#3453,#1693);
#1555=LINE('',#3457,#1694);
#1556=LINE('',#3458,#1695);
#1557=LINE('',#3462,#1696);
#1558=LINE('',#3470,#1697);
#1559=LINE('',#3473,#1698);
#1560=LINE('',#3475,#1699);
#1561=LINE('',#3479,#1700);
#1562=LINE('',#3482,#1701);
#1563=LINE('',#3486,#1702);
#1564=LINE('',#3493,#1703);
#1565=LINE('',#3495,#1704);
#1566=LINE('',#3497,#1705);
#1567=LINE('',#3499,#1706);
#1568=LINE('',#3503,#1707);
#1569=LINE('',#3508,#1708);
#1570=LINE('',#3510,#1709);
#1571=LINE('',#3512,#1710);
#1572=LINE('',#3517,#1711);
#1573=LINE('',#3519,#1712);
#1574=LINE('',#3521,#1713);
#1575=LINE('',#3523,#1714);
#1576=LINE('',#3525,#1715);
#1577=LINE('',#3529,#1716);
#1578=LINE('',#3532,#1717);
#1579=LINE('',#3534,#1718);
#1580=LINE('',#3536,#1719);
#1581=LINE('',#3538,#1720);
#1582=LINE('',#3543,#1721);
#1583=LINE('',#3545,#1722);
#1584=LINE('',#3573,#1723);
#1585=LINE('',#3575,#1724);
#1586=LINE('',#3586,#1725);
#1587=LINE('',#3588,#1726);
#1588=LINE('',#3590,#1727);
#1589=LINE('',#3592,#1728);
#1590=LINE('',#3596,#1729);
#1591=LINE('',#3597,#1730);
#1592=LINE('',#3606,#1731);
#1593=LINE('',#3610,#1732);
#1594=LINE('',#3611,#1733);
#1595=LINE('',#3612,#1734);
#1596=LINE('',#3614,#1735);
#1597=LINE('',#3618,#1736);
#1598=LINE('',#3622,#1737);
#1599=LINE('',#3648,#1738);
#1600=LINE('',#3651,#1739);
#1601=LINE('',#3653,#1740);
#1602=LINE('',#3657,#1741);
#1603=LINE('',#3697,#1742);
#1604=LINE('',#3699,#1743);
#1605=LINE('',#3701,#1744);
#1606=LINE('',#3710,#1745);
#1607=LINE('',#3712,#1746);
#1608=LINE('',#3714,#1747);
#1609=LINE('',#3716,#1748);
#1610=LINE('',#3718,#1749);
#1611=LINE('',#3721,#1750);
#1612=LINE('',#3723,#1751);
#1613=LINE('',#3725,#1752);
#1614=LINE('',#3727,#1753);
#1615=LINE('',#3730,#1754);
#1616=LINE('',#3732,#1755);
#1617=LINE('',#3734,#1756);
#1618=LINE('',#4133,#1757);
#1619=LINE('',#4135,#1758);
#1620=LINE('',#4169,#1759);
#1621=LINE('',#4184,#1760);
#1622=LINE('',#4236,#1761);
#1623=LINE('',#4271,#1762);
#1624=LINE('',#4273,#1763);
#1625=LINE('',#4298,#1764);
#1626=LINE('',#4312,#1765);
#1627=LINE('',#4326,#1766);
#1628=LINE('',#4408,#1767);
#1629=LINE('',#4422,#1768);
#1630=LINE('',#4424,#1769);
#1631=LINE('',#4427,#1770);
#1632=LINE('',#4431,#1771);
#1633=LINE('',#4433,#1772);
#1634=LINE('',#4438,#1773);
#1635=LINE('',#4440,#1774);
#1636=LINE('',#4442,#1775);
#1637=LINE('',#4444,#1776);
#1638=LINE('',#4446,#1777);
#1639=LINE('',#4449,#1778);
#1640=LINE('',#4451,#1779);
#1641=LINE('',#4454,#1780);
#1642=LINE('',#4459,#1781);
#1643=LINE('',#4461,#1782);
#1644=LINE('',#4466,#1783);
#1645=LINE('',#4469,#1784);
#1646=LINE('',#4473,#1785);
#1647=LINE('',#4475,#1786);
#1648=LINE('',#4480,#1787);
#1649=LINE('',#4482,#1788);
#1650=LINE('',#4484,#1789);
#1651=LINE('',#4486,#1790);
#1652=LINE('',#4488,#1791);
#1653=LINE('',#4491,#1792);
#1654=LINE('',#4493,#1793);
#1655=LINE('',#4496,#1794);
#1656=LINE('',#4501,#1795);
#1657=LINE('',#4503,#1796);
#1658=VECTOR('',#2630,1000.);
#1659=VECTOR('',#2633,1000.);
#1660=VECTOR('',#2638,1000.);
#1661=VECTOR('',#2641,1000.);
#1662=VECTOR('',#2646,1000.);
#1663=VECTOR('',#2647,1000.);
#1664=VECTOR('',#2650,1000.);
#1665=VECTOR('',#2651,1000.);
#1666=VECTOR('',#2654,1000.);
#1667=VECTOR('',#2659,1000.);
#1668=VECTOR('',#2662,1000.);
#1669=VECTOR('',#2663,1000.);
#1670=VECTOR('',#2668,1000.);
#1671=VECTOR('',#2671,1000.);
#1672=VECTOR('',#2674,1000.);
#1673=VECTOR('',#2677,1000.);
#1674=VECTOR('',#2680,1000.);
#1675=VECTOR('',#2685,1000.);
#1676=VECTOR('',#2688,1000.);
#1677=VECTOR('',#2689,1000.);
#1678=VECTOR('',#2694,1000.);
#1679=VECTOR('',#2695,1000.);
#1680=VECTOR('',#2696,1000.);
#1681=VECTOR('',#2699,1000.);
#1682=VECTOR('',#2700,1000.);
#1683=VECTOR('',#2705,1000.);
#1684=VECTOR('',#2706,1000.);
#1685=VECTOR('',#2709,1000.);
#1686=VECTOR('',#2712,1000.);
#1687=VECTOR('',#2713,1000.);
#1688=VECTOR('',#2714,1000.);
#1689=VECTOR('',#2717,1000.);
#1690=VECTOR('',#2720,1000.);
#1691=VECTOR('',#2723,1000.);
#1692=VECTOR('',#2726,1000.);
#1693=VECTOR('',#2729,1000.);
#1694=VECTOR('',#2732,1000.);
#1695=VECTOR('',#2733,1000.);
#1696=VECTOR('',#2736,1000.);
#1697=VECTOR('',#2745,1000.);
#1698=VECTOR('',#2746,1000.);
#1699=VECTOR('',#2747,1000.);
#1700=VECTOR('',#2752,1000.);
#1701=VECTOR('',#2753,1000.);
#1702=VECTOR('',#2756,1000.);
#1703=VECTOR('',#2757,1000.);
#1704=VECTOR('',#2758,1000.);
#1705=VECTOR('',#2759,1000.);
#1706=VECTOR('',#2760,1000.);
#1707=VECTOR('',#2765,1000.);
#1708=VECTOR('',#2768,1000.);
#1709=VECTOR('',#2769,1000.);
#1710=VECTOR('',#2772,1000.);
#1711=VECTOR('',#2775,1000.);
#1712=VECTOR('',#2776,1000.);
#1713=VECTOR('',#2777,1000.);
#1714=VECTOR('',#2778,1000.);
#1715=VECTOR('',#2779,1000.);
#1716=VECTOR('',#2784,1000.);
#1717=VECTOR('',#2785,1000.);
#1718=VECTOR('',#2786,1000.);
#1719=VECTOR('',#2787,1000.);
#1720=VECTOR('',#2790,1000.);
#1721=VECTOR('',#2793,1000.);
#1722=VECTOR('',#2794,1000.);
#1723=VECTOR('',#2823,1000.);
#1724=VECTOR('',#2824,1000.);
#1725=VECTOR('',#2829,1000.);
#1726=VECTOR('',#2830,1000.);
#1727=VECTOR('',#2831,1000.);
#1728=VECTOR('',#2834,1000.);
#1729=VECTOR('',#2839,1000.);
#1730=VECTOR('',#2840,1000.);
#1731=VECTOR('',#2843,1000.);
#1732=VECTOR('',#2846,1000.);
#1733=VECTOR('',#2847,1000.);
#1734=VECTOR('',#2848,1000.);
#1735=VECTOR('',#2849,1000.);
#1736=VECTOR('',#2852,1000.);
#1737=VECTOR('',#2857,1000.);
#1738=VECTOR('',#2868,1000.);
#1739=VECTOR('',#2869,1000.);
#1740=VECTOR('',#2870,1000.);
#1741=VECTOR('',#2873,1000.);
#1742=VECTOR('',#2898,1000.);
#1743=VECTOR('',#2899,1000.);
#1744=VECTOR('',#2900,1000.);
#1745=VECTOR('',#2903,1000.);
#1746=VECTOR('',#2904,1000.);
#1747=VECTOR('',#2905,1000.);
#1748=VECTOR('',#2906,1000.);
#1749=VECTOR('',#2909,1000.);
#1750=VECTOR('',#2910,1000.);
#1751=VECTOR('',#2911,1000.);
#1752=VECTOR('',#2912,1000.);
#1753=VECTOR('',#2915,1000.);
#1754=VECTOR('',#2916,1000.);
#1755=VECTOR('',#2917,1000.);
#1756=VECTOR('',#2918,1000.);
#1757=VECTOR('',#3039,1000.);
#1758=VECTOR('',#3040,1000.);
#1759=VECTOR('',#3041,1000.);
#1760=VECTOR('',#3044,1000.);
#1761=VECTOR('',#3047,1000.);
#1762=VECTOR('',#3050,1000.);
#1763=VECTOR('',#3051,1000.);
#1764=VECTOR('',#3052,1000.);
#1765=VECTOR('',#3055,1000.);
#1766=VECTOR('',#3062,1000.);
#1767=VECTOR('',#3065,1000.);
#1768=VECTOR('',#3086,1000.);
#1769=VECTOR('',#3089,1000.);
#1770=VECTOR('',#3090,1000.);
#1771=VECTOR('',#3093,1000.);
#1772=VECTOR('',#3094,1000.);
#1773=VECTOR('',#3099,1000.);
#1774=VECTOR('',#3100,1000.);
#1775=VECTOR('',#3101,1000.);
#1776=VECTOR('',#3102,1000.);
#1777=VECTOR('',#3105,1000.);
#1778=VECTOR('',#3106,1000.);
#1779=VECTOR('',#3107,1000.);
#1780=VECTOR('',#3110,1000.);
#1781=VECTOR('',#3113,1000.);
#1782=VECTOR('',#3114,1000.);
#1783=VECTOR('',#3123,1000.);
#1784=VECTOR('',#3124,1000.);
#1785=VECTOR('',#3127,1000.);
#1786=VECTOR('',#3128,1000.);
#1787=VECTOR('',#3133,1000.);
#1788=VECTOR('',#3134,1000.);
#1789=VECTOR('',#3135,1000.);
#1790=VECTOR('',#3136,1000.);
#1791=VECTOR('',#3139,1000.);
#1792=VECTOR('',#3140,1000.);
#1793=VECTOR('',#3141,1000.);
#1794=VECTOR('',#3144,1000.);
#1795=VECTOR('',#3147,1000.);
#1796=VECTOR('',#3148,1000.);
#1797=EDGE_LOOP('',(#300,#301,#302,#303));
#1798=EDGE_LOOP('',(#304,#305,#306,#307));
#1799=EDGE_LOOP('',(#308,#309,#310,#311,#312));
#1800=EDGE_LOOP('',(#313,#314,#315,#316,#317,#318));
#1801=EDGE_LOOP('',(#319,#320,#321,#322));
#1802=EDGE_LOOP('',(#323,#324,#325,#326,#327,#328,#329));
#1803=EDGE_LOOP('',(#330,#331,#332,#333));
#1804=EDGE_LOOP('',(#334,#335,#336,#337,#338));
#1805=EDGE_LOOP('',(#339,#340,#341,#342,#343));
#1806=EDGE_LOOP('',(#344,#345,#346,#347));
#1807=EDGE_LOOP('',(#348,#349,#350,#351,#352,#353,#354,#355,#356,#357,#358,
#359,#360,#361,#362,#363,#364,#365,#366,#367,#368,#369,#370,#371,#372,#373));
#1808=EDGE_LOOP('',(#374));
#1809=EDGE_LOOP('',(#375));
#1810=EDGE_LOOP('',(#376));
#1811=EDGE_LOOP('',(#377,#378,#379,#380));
#1812=EDGE_LOOP('',(#381,#382,#383,#384));
#1813=EDGE_LOOP('',(#385,#386,#387,#388,#389,#390));
#1814=EDGE_LOOP('',(#391,#392,#393,#394));
#1815=EDGE_LOOP('',(#395,#396,#397,#398,#399,#400,#401,#402));
#1816=EDGE_LOOP('',(#403,#404,#405,#406));
#1817=EDGE_LOOP('',(#407,#408,#409,#410));
#1818=EDGE_LOOP('',(#411,#412,#413,#414,#415));
#1819=EDGE_LOOP('',(#416,#417,#418,#419,#420));
#1820=EDGE_LOOP('',(#421,#422,#423));
#1821=EDGE_LOOP('',(#424,#425,#426));
#1822=EDGE_LOOP('',(#427,#428,#429,#430,#431));
#1823=EDGE_LOOP('',(#432,#433,#434,#435));
#1824=EDGE_LOOP('',(#436,#437,#438,#439));
#1825=EDGE_LOOP('',(#440,#441,#442,#443,#444));
#1826=EDGE_LOOP('',(#445,#446,#447,#448,#449,#450,#451,#452,#453,#454,#455,
#456));
#1827=EDGE_LOOP('',(#457,#458,#459,#460));
#1828=EDGE_LOOP('',(#461,#462,#463,#464,#465));
#1829=EDGE_LOOP('',(#466,#467,#468,#469,#470));
#1830=EDGE_LOOP('',(#471,#472,#473,#474));
#1831=EDGE_LOOP('',(#475,#476,#477,#478,#479,#480));
#1832=EDGE_LOOP('',(#481,#482,#483,#484));
#1833=EDGE_LOOP('',(#485,#486,#487,#488));
#1834=EDGE_LOOP('',(#489,#490,#491,#492));
#1835=EDGE_LOOP('',(#493,#494,#495,#496));
#1836=EDGE_LOOP('',(#497,#498,#499,#500));
#1837=EDGE_LOOP('',(#501,#502,#503,#504));
#1838=EDGE_LOOP('',(#505,#506,#507,#508,#509,#510));
#1839=EDGE_LOOP('',(#511,#512,#513,#514));
#1840=EDGE_LOOP('',(#515,#516,#517,#518));
#1841=EDGE_LOOP('',(#519,#520,#521,#522,#523,#524));
#1842=EDGE_LOOP('',(#525,#526,#527,#528));
#1843=EDGE_LOOP('',(#529,#530,#531,#532,#533));
#1844=EDGE_LOOP('',(#534,#535,#536,#537));
#1845=EDGE_LOOP('',(#538,#539,#540,#541,#542,#543));
#1846=EDGE_LOOP('',(#544,#545,#546,#547,#548));
#1847=EDGE_LOOP('',(#549,#550,#551,#552));
#1848=EDGE_LOOP('',(#553,#554,#555,#556,#557,#558));
#1849=EDGE_LOOP('',(#559,#560,#561,#562));
#1850=EDGE_LOOP('',(#563,#564,#565,#566,#567,#568));
#1851=EDGE_LOOP('',(#569,#570,#571,#572));
#1852=EDGE_LOOP('',(#573,#574,#575,#576));
#1853=EDGE_LOOP('',(#577,#578,#579,#580));
#1854=EDGE_LOOP('',(#581,#582,#583,#584));
#1855=EDGE_LOOP('',(#585,#586,#587,#588));
#1856=EDGE_LOOP('',(#589,#590,#591,#592));
#1857=EDGE_LOOP('',(#593,#594,#595,#596));
#1858=EDGE_LOOP('',(#597,#598,#599,#600));
#1859=EDGE_LOOP('',(#601,#602,#603,#604));
#1860=EDGE_LOOP('',(#605,#606,#607,#608));
#1861=EDGE_LOOP('',(#609,#610,#611,#612));
#1862=EDGE_LOOP('',(#613,#614,#615,#616));
#1863=EDGE_LOOP('',(#617,#618,#619,#620));
#1864=EDGE_LOOP('',(#621,#622,#623,#624));
#1865=EDGE_LOOP('',(#625,#626,#627,#628));
#1866=EDGE_LOOP('',(#629,#630,#631,#632));
#1867=EDGE_LOOP('',(#633,#634,#635,#636));
#1868=EDGE_LOOP('',(#637,#638,#639,#640));
#1869=EDGE_LOOP('',(#641,#642,#643,#644));
#1870=EDGE_LOOP('',(#645,#646,#647,#648));
#1871=EDGE_LOOP('',(#649,#650,#651,#652));
#1872=EDGE_LOOP('',(#653,#654,#655,#656));
#1873=EDGE_LOOP('',(#657));
#1874=EDGE_LOOP('',(#658));
#1875=EDGE_LOOP('',(#659,#660,#661,#662));
#1876=EDGE_LOOP('',(#663));
#1877=EDGE_LOOP('',(#664));
#1878=EDGE_LOOP('',(#665));
#1879=EDGE_LOOP('',(#666));
#1880=EDGE_LOOP('',(#667));
#1881=EDGE_LOOP('',(#668));
#1882=EDGE_LOOP('',(#669));
#1883=EDGE_LOOP('',(#670));
#1884=EDGE_LOOP('',(#671));
#1885=EDGE_LOOP('',(#672));
#1886=EDGE_LOOP('',(#673,#674,#675,#676));
#1887=EDGE_LOOP('',(#677,#678,#679,#680));
#1888=EDGE_LOOP('',(#681,#682,#683,#684));
#1889=EDGE_LOOP('',(#685,#686,#687,#688));
#1890=EDGE_LOOP('',(#689,#690,#691,#692));
#1891=EDGE_LOOP('',(#693,#694,#695,#696));
#1892=EDGE_LOOP('',(#697,#698,#699,#700));
#1893=EDGE_LOOP('',(#701,#702,#703,#704));
#1894=EDGE_LOOP('',(#705,#706,#707,#708));
#1895=EDGE_LOOP('',(#709,#710,#711,#712));
#1896=EDGE_LOOP('',(#713,#714,#715,#716));
#1897=EDGE_LOOP('',(#717,#718,#719,#720));
#1898=EDGE_LOOP('',(#721,#722,#723,#724));
#1899=EDGE_LOOP('',(#725,#726,#727,#728));
#1900=EDGE_LOOP('',(#729));
#1901=EDGE_LOOP('',(#730));
#1902=EDGE_LOOP('',(#731));
#1903=EDGE_LOOP('',(#732));
#1904=EDGE_LOOP('',(#733));
#1905=EDGE_LOOP('',(#734));
#1906=EDGE_LOOP('',(#735,#736,#737,#738));
#1907=EDGE_LOOP('',(#739));
#1908=EDGE_LOOP('',(#740));
#1909=EDGE_LOOP('',(#741));
#1910=EDGE_LOOP('',(#742,#743,#744,#745,#746,#747,#748,#749,#750,#751,#752,
#753,#754,#755,#756,#757));
#1911=EDGE_LOOP('',(#758,#759,#760,#761));
#1912=EDGE_LOOP('',(#762,#763,#764,#765,#766));
#1913=EDGE_LOOP('',(#767,#768,#769,#770,#771));
#1914=EDGE_LOOP('',(#772,#773,#774,#775));
#1915=EDGE_LOOP('',(#776,#777,#778,#779));
#1916=EDGE_LOOP('',(#780,#781,#782,#783));
#1917=EDGE_LOOP('',(#784,#785,#786,#787,#788));
#1918=EDGE_LOOP('',(#789,#790,#791,#792,#793));
#1919=EDGE_LOOP('',(#794,#795,#796,#797));
#1920=EDGE_LOOP('',(#798,#799,#800,#801));
#1921=EDGE_LOOP('',(#802,#803,#804,#805));
#1922=EDGE_LOOP('',(#806,#807,#808,#809,#810));
#1923=EDGE_LOOP('',(#811,#812,#813,#814,#815));
#1924=EDGE_LOOP('',(#816,#817,#818,#819));
#1925=EDGE_LOOP('',(#820,#821,#822,#823));
#1926=EDGE_LOOP('',(#824,#825,#826,#827,#828));
#1927=EDGE_LOOP('',(#829,#830,#831,#832,#833));
#1928=EDGE_LOOP('',(#834,#835,#836,#837));
#1929=EDGE_LOOP('',(#838,#839,#840,#841));
#1930=EDGE_LOOP('',(#842,#843,#844,#845));
#1931=EDGE_LOOP('',(#846,#847,#848,#849));
#1932=EDGE_LOOP('',(#850,#851,#852,#853));
#1933=EDGE_LOOP('',(#854,#855,#856,#857));
#1934=EDGE_LOOP('',(#858,#859,#860,#861));
#1935=EDGE_LOOP('',(#862,#863,#864,#865));
#1936=EDGE_LOOP('',(#866,#867,#868,#869));
#1937=EDGE_LOOP('',(#870,#871,#872,#873));
#1938=EDGE_LOOP('',(#874,#875,#876,#877));
#1939=EDGE_LOOP('',(#878,#879,#880,#881));
#1940=EDGE_LOOP('',(#882,#883,#884,#885));
#1941=EDGE_LOOP('',(#886,#887,#888,#889));
#1942=EDGE_LOOP('',(#890,#891,#892,#893));
#1943=EDGE_LOOP('',(#894,#895,#896,#897));
#1944=EDGE_LOOP('',(#898,#899,#900,#901));
#1945=EDGE_LOOP('',(#902,#903,#904,#905));
#1946=EDGE_LOOP('',(#906,#907,#908,#909));
#1947=EDGE_LOOP('',(#910,#911,#912,#913));
#1948=EDGE_LOOP('',(#914,#915,#916,#917));
#1949=EDGE_LOOP('',(#918,#919,#920,#921));
#1950=EDGE_LOOP('',(#922,#923,#924,#925));
#1951=EDGE_LOOP('',(#926,#927,#928,#929));
#1952=EDGE_LOOP('',(#930,#931,#932,#933));
#1953=EDGE_LOOP('',(#934,#935,#936,#937));
#1954=EDGE_LOOP('',(#938,#939,#940,#941));
#1955=EDGE_LOOP('',(#942,#943,#944,#945));
#1956=EDGE_LOOP('',(#946,#947,#948,#949));
#1957=EDGE_LOOP('',(#950,#951,#952,#953));
#1958=EDGE_LOOP('',(#954,#955,#956,#957));
#1959=EDGE_LOOP('',(#958,#959,#960,#961));
#1960=EDGE_LOOP('',(#962,#963,#964,#965));
#1961=EDGE_LOOP('',(#966,#967,#968,#969));
#1962=EDGE_LOOP('',(#970,#971,#972,#973));
#1963=EDGE_LOOP('',(#974,#975,#976,#977));
#1964=FACE_BOUND('',#1797,.T.);
#1965=FACE_BOUND('',#1798,.T.);
#1966=FACE_BOUND('',#1799,.T.);
#1967=FACE_BOUND('',#1800,.T.);
#1968=FACE_BOUND('',#1801,.T.);
#1969=FACE_BOUND('',#1802,.T.);
#1970=FACE_BOUND('',#1803,.T.);
#1971=FACE_BOUND('',#1804,.T.);
#1972=FACE_BOUND('',#1805,.T.);
#1973=FACE_BOUND('',#1806,.T.);
#1974=FACE_BOUND('',#1807,.T.);
#1975=FACE_BOUND('',#1808,.T.);
#1976=FACE_BOUND('',#1809,.T.);
#1977=FACE_BOUND('',#1810,.T.);
#1978=FACE_BOUND('',#1811,.T.);
#1979=FACE_BOUND('',#1812,.T.);
#1980=FACE_BOUND('',#1813,.T.);
#1981=FACE_BOUND('',#1814,.T.);
#1982=FACE_BOUND('',#1815,.T.);
#1983=FACE_BOUND('',#1816,.T.);
#1984=FACE_BOUND('',#1817,.T.);
#1985=FACE_BOUND('',#1818,.T.);
#1986=FACE_BOUND('',#1819,.T.);
#1987=FACE_BOUND('',#1820,.T.);
#1988=FACE_BOUND('',#1821,.T.);
#1989=FACE_BOUND('',#1822,.T.);
#1990=FACE_BOUND('',#1823,.T.);
#1991=FACE_BOUND('',#1824,.T.);
#1992=FACE_BOUND('',#1825,.T.);
#1993=FACE_BOUND('',#1826,.T.);
#1994=FACE_BOUND('',#1827,.T.);
#1995=FACE_BOUND('',#1828,.T.);
#1996=FACE_BOUND('',#1829,.T.);
#1997=FACE_BOUND('',#1830,.T.);
#1998=FACE_BOUND('',#1831,.T.);
#1999=FACE_BOUND('',#1832,.T.);
#2000=FACE_BOUND('',#1833,.T.);
#2001=FACE_BOUND('',#1834,.T.);
#2002=FACE_BOUND('',#1835,.T.);
#2003=FACE_BOUND('',#1836,.T.);
#2004=FACE_BOUND('',#1837,.T.);
#2005=FACE_BOUND('',#1838,.T.);
#2006=FACE_BOUND('',#1839,.T.);
#2007=FACE_BOUND('',#1840,.T.);
#2008=FACE_BOUND('',#1841,.T.);
#2009=FACE_BOUND('',#1842,.T.);
#2010=FACE_BOUND('',#1843,.T.);
#2011=FACE_BOUND('',#1844,.T.);
#2012=FACE_BOUND('',#1845,.T.);
#2013=FACE_BOUND('',#1846,.T.);
#2014=FACE_BOUND('',#1847,.T.);
#2015=FACE_BOUND('',#1848,.T.);
#2016=FACE_BOUND('',#1849,.T.);
#2017=FACE_BOUND('',#1850,.T.);
#2018=FACE_BOUND('',#1851,.T.);
#2019=FACE_BOUND('',#1852,.T.);
#2020=FACE_BOUND('',#1853,.T.);
#2021=FACE_BOUND('',#1854,.T.);
#2022=FACE_BOUND('',#1855,.T.);
#2023=FACE_BOUND('',#1856,.T.);
#2024=FACE_BOUND('',#1857,.T.);
#2025=FACE_BOUND('',#1858,.T.);
#2026=FACE_BOUND('',#1859,.T.);
#2027=FACE_BOUND('',#1860,.T.);
#2028=FACE_BOUND('',#1861,.T.);
#2029=FACE_BOUND('',#1862,.T.);
#2030=FACE_BOUND('',#1863,.T.);
#2031=FACE_BOUND('',#1864,.T.);
#2032=FACE_BOUND('',#1865,.T.);
#2033=FACE_BOUND('',#1866,.T.);
#2034=FACE_BOUND('',#1867,.T.);
#2035=FACE_BOUND('',#1868,.T.);
#2036=FACE_BOUND('',#1869,.T.);
#2037=FACE_BOUND('',#1870,.T.);
#2038=FACE_BOUND('',#1871,.T.);
#2039=FACE_BOUND('',#1872,.T.);
#2040=FACE_BOUND('',#1873,.T.);
#2041=FACE_BOUND('',#1874,.T.);
#2042=FACE_BOUND('',#1875,.T.);
#2043=FACE_BOUND('',#1876,.T.);
#2044=FACE_BOUND('',#1877,.T.);
#2045=FACE_BOUND('',#1878,.T.);
#2046=FACE_BOUND('',#1879,.T.);
#2047=FACE_BOUND('',#1880,.T.);
#2048=FACE_BOUND('',#1881,.T.);
#2049=FACE_BOUND('',#1882,.T.);
#2050=FACE_BOUND('',#1883,.T.);
#2051=FACE_BOUND('',#1884,.T.);
#2052=FACE_BOUND('',#1885,.T.);
#2053=FACE_BOUND('',#1886,.T.);
#2054=FACE_BOUND('',#1887,.T.);
#2055=FACE_BOUND('',#1888,.T.);
#2056=FACE_BOUND('',#1889,.T.);
#2057=FACE_BOUND('',#1890,.T.);
#2058=FACE_BOUND('',#1891,.T.);
#2059=FACE_BOUND('',#1892,.T.);
#2060=FACE_BOUND('',#1893,.T.);
#2061=FACE_BOUND('',#1894,.T.);
#2062=FACE_BOUND('',#1895,.T.);
#2063=FACE_BOUND('',#1896,.T.);
#2064=FACE_BOUND('',#1897,.T.);
#2065=FACE_BOUND('',#1898,.T.);
#2066=FACE_BOUND('',#1899,.T.);
#2067=FACE_BOUND('',#1900,.T.);
#2068=FACE_BOUND('',#1901,.T.);
#2069=FACE_BOUND('',#1902,.T.);
#2070=FACE_BOUND('',#1903,.T.);
#2071=FACE_BOUND('',#1904,.T.);
#2072=FACE_BOUND('',#1905,.T.);
#2073=FACE_BOUND('',#1906,.T.);
#2074=FACE_BOUND('',#1907,.T.);
#2075=FACE_BOUND('',#1908,.T.);
#2076=FACE_BOUND('',#1909,.T.);
#2077=FACE_BOUND('',#1910,.T.);
#2078=FACE_BOUND('',#1911,.T.);
#2079=FACE_BOUND('',#1912,.T.);
#2080=FACE_BOUND('',#1913,.T.);
#2081=FACE_BOUND('',#1914,.T.);
#2082=FACE_BOUND('',#1915,.T.);
#2083=FACE_BOUND('',#1916,.T.);
#2084=FACE_BOUND('',#1917,.T.);
#2085=FACE_BOUND('',#1918,.T.);
#2086=FACE_BOUND('',#1919,.T.);
#2087=FACE_BOUND('',#1920,.T.);
#2088=FACE_BOUND('',#1921,.T.);
#2089=FACE_BOUND('',#1922,.T.);
#2090=FACE_BOUND('',#1923,.T.);
#2091=FACE_BOUND('',#1924,.T.);
#2092=FACE_BOUND('',#1925,.T.);
#2093=FACE_BOUND('',#1926,.T.);
#2094=FACE_BOUND('',#1927,.T.);
#2095=FACE_BOUND('',#1928,.T.);
#2096=FACE_BOUND('',#1929,.T.);
#2097=FACE_BOUND('',#1930,.T.);
#2098=FACE_BOUND('',#1931,.T.);
#2099=FACE_BOUND('',#1932,.T.);
#2100=FACE_BOUND('',#1933,.T.);
#2101=FACE_BOUND('',#1934,.T.);
#2102=FACE_BOUND('',#1935,.T.);
#2103=FACE_BOUND('',#1936,.T.);
#2104=FACE_BOUND('',#1937,.T.);
#2105=FACE_BOUND('',#1938,.T.);
#2106=FACE_BOUND('',#1939,.T.);
#2107=FACE_BOUND('',#1940,.T.);
#2108=FACE_BOUND('',#1941,.T.);
#2109=FACE_BOUND('',#1942,.T.);
#2110=FACE_BOUND('',#1943,.T.);
#2111=FACE_BOUND('',#1944,.T.);
#2112=FACE_BOUND('',#1945,.T.);
#2113=FACE_BOUND('',#1946,.T.);
#2114=FACE_BOUND('',#1947,.T.);
#2115=FACE_BOUND('',#1948,.T.);
#2116=FACE_BOUND('',#1949,.T.);
#2117=FACE_BOUND('',#1950,.T.);
#2118=FACE_BOUND('',#1951,.T.);
#2119=FACE_BOUND('',#1952,.T.);
#2120=FACE_BOUND('',#1953,.T.);
#2121=FACE_BOUND('',#1954,.T.);
#2122=FACE_BOUND('',#1955,.T.);
#2123=FACE_BOUND('',#1956,.T.);
#2124=FACE_BOUND('',#1957,.T.);
#2125=FACE_BOUND('',#1958,.T.);
#2126=FACE_BOUND('',#1959,.T.);
#2127=FACE_BOUND('',#1960,.T.);
#2128=FACE_BOUND('',#1961,.T.);
#2129=FACE_BOUND('',#1962,.T.);
#2130=FACE_BOUND('',#1963,.T.);
#2131=CYLINDRICAL_SURFACE('',#2350,1.);
#2132=CYLINDRICAL_SURFACE('',#2353,1.);
#2133=CYLINDRICAL_SURFACE('',#2358,1.5);
#2134=CYLINDRICAL_SURFACE('',#2366,1.5);
#2135=CYLINDRICAL_SURFACE('',#2401,3.6);
#2136=CYLINDRICAL_SURFACE('',#2404,3.6);
#2137=CYLINDRICAL_SURFACE('',#2414,1.);
#2138=CYLINDRICAL_SURFACE('',#2419,1.);
#2139=CYLINDRICAL_SURFACE('',#2425,1.);
#2140=CYLINDRICAL_SURFACE('',#2426,1.);
#2141=CYLINDRICAL_SURFACE('',#2427,1.);
#2142=CYLINDRICAL_SURFACE('',#2432,3.);
#2143=CYLINDRICAL_SURFACE('',#2436,3.);
#2144=CYLINDRICAL_SURFACE('',#2438,3.);
#2145=CYLINDRICAL_SURFACE('',#2446,3.);
#2146=CYLINDRICAL_SURFACE('',#2448,3.);
#2147=CYLINDRICAL_SURFACE('',#2452,3.);
#2148=CYLINDRICAL_SURFACE('',#2454,3.);
#2149=CYLINDRICAL_SURFACE('',#2457,3.);
#2150=CYLINDRICAL_SURFACE('',#2459,3.);
#2151=CYLINDRICAL_SURFACE('',#2461,3.);
#2152=CYLINDRICAL_SURFACE('',#2463,3.);
#2153=CYLINDRICAL_SURFACE('',#2465,3.);
#2154=CYLINDRICAL_SURFACE('',#2468,0.4);
#2155=CYLINDRICAL_SURFACE('',#2471,0.4);
#2156=CYLINDRICAL_SURFACE('',#2479,0.4);
#2157=CYLINDRICAL_SURFACE('',#2487,0.4);
#2158=CYLINDRICAL_SURFACE('',#2490,0.4);
#2159=CYLINDRICAL_SURFACE('',#2492,2.2);
#2160=CYLINDRICAL_SURFACE('',#2495,1.7);
#2161=CYLINDRICAL_SURFACE('',#2499,1.7);
#2162=CYLINDRICAL_SURFACE('',#2531,3.);
#2163=CYLINDRICAL_SURFACE('',#2541,3.);
#2164=CYLINDRICAL_SURFACE('',#2544,0.2);
#2165=CYLINDRICAL_SURFACE('',#2547,0.2);
#2166=CYLINDRICAL_SURFACE('',#2550,0.2);
#2167=CYLINDRICAL_SURFACE('',#2551,0.2);
#2168=CYLINDRICAL_SURFACE('',#2554,0.2);
#2169=CYLINDRICAL_SURFACE('',#2557,0.2);
#2170=CYLINDRICAL_SURFACE('',#2561,0.2);
#2171=CYLINDRICAL_SURFACE('',#2564,0.2);
#2172=CYLINDRICAL_SURFACE('',#2566,0.2);
#2173=CYLINDRICAL_SURFACE('',#2573,0.2);
#2174=CYLINDRICAL_SURFACE('',#2575,0.2);
#2175=CYLINDRICAL_SURFACE('',#2577,0.2);
#2176=CYLINDRICAL_SURFACE('',#2583,0.2);
#2177=CYLINDRICAL_SURFACE('',#2587,0.2);
#2178=CYLINDRICAL_SURFACE('',#2589,0.2);
#2179=CYLINDRICAL_SURFACE('',#2591,0.2);
#2180=CYLINDRICAL_SURFACE('',#2595,0.2);
#2181=CYLINDRICAL_SURFACE('',#2598,0.2);
#2182=CYLINDRICAL_SURFACE('',#2600,0.2);
#2183=CYLINDRICAL_SURFACE('',#2607,0.2);
#2184=CYLINDRICAL_SURFACE('',#2609,0.2);
#2185=CYLINDRICAL_SURFACE('',#2611,0.2);
#2186=CYLINDRICAL_SURFACE('',#2617,0.2);
#2187=CYLINDRICAL_SURFACE('',#2621,0.2);
#2188=CYLINDRICAL_SURFACE('',#2623,0.2);
#2189=CYLINDRICAL_SURFACE('',#2625,0.2);
#2190=ADVANCED_FACE('',(#1964),#2131,.T.);
#2191=ADVANCED_FACE('',(#1965),#2132,.T.);
#2192=ADVANCED_FACE('',(#1966),#159,.F.);
#2193=ADVANCED_FACE('',(#1967),#2133,.F.);
#2194=ADVANCED_FACE('',(#1968),#160,.F.);
#2195=ADVANCED_FACE('',(#1969),#161,.F.);
#2196=ADVANCED_FACE('',(#1970),#2134,.F.);
#2197=ADVANCED_FACE('',(#1971),#162,.F.);
#2198=ADVANCED_FACE('',(#1972),#163,.F.);
#2199=ADVANCED_FACE('',(#1973),#164,.F.);
#2200=ADVANCED_FACE('',(#1974,#1975,#1976,#1977),#165,.F.);
#2201=ADVANCED_FACE('',(#1978),#166,.F.);
#2202=ADVANCED_FACE('',(#1979,#1980),#167,.F.);
#2203=ADVANCED_FACE('',(#1981),#168,.F.);
#2204=ADVANCED_FACE('',(#1982),#169,.T.);
#2205=ADVANCED_FACE('',(#1983),#170,.F.);
#2206=ADVANCED_FACE('',(#1984),#171,.F.);
#2207=ADVANCED_FACE('',(#1985),#2135,.T.);
#2208=ADVANCED_FACE('',(#1986),#2136,.T.);
#2209=ADVANCED_FACE('',(#1987),#62,.T.);
#2210=ADVANCED_FACE('',(#1988),#63,.T.);
#2211=ADVANCED_FACE('',(#1989),#2137,.T.);
#2212=ADVANCED_FACE('',(#1990),#172,.F.);
#2213=ADVANCED_FACE('',(#1991),#173,.F.);
#2214=ADVANCED_FACE('',(#1992),#2138,.T.);
#2215=ADVANCED_FACE('',(#1993),#174,.T.);
#2216=ADVANCED_FACE('',(#1994),#175,.F.);
#2217=ADVANCED_FACE('',(#1995),#2139,.T.);
#2218=ADVANCED_FACE('',(#1996),#2140,.T.);
#2219=ADVANCED_FACE('',(#1997),#2141,.T.);
#2220=ADVANCED_FACE('',(#1998),#176,.T.);
#2221=ADVANCED_FACE('',(#1999),#2142,.T.);
#2222=ADVANCED_FACE('',(#2000),#38,.T.);
#2223=ADVANCED_FACE('',(#2001),#2143,.T.);
#2224=ADVANCED_FACE('',(#2002),#2144,.T.);
#2225=ADVANCED_FACE('',(#2003),#39,.T.);
#2226=ADVANCED_FACE('',(#2004,#2005),#177,.T.);
#2227=ADVANCED_FACE('',(#2006),#178,.F.);
#2228=ADVANCED_FACE('',(#2007),#179,.T.);
#2229=ADVANCED_FACE('',(#2008),#2145,.T.);
#2230=ADVANCED_FACE('',(#2009),#2146,.F.);
#2231=ADVANCED_FACE('',(#2010),#40,.F.);
#2232=ADVANCED_FACE('',(#2011),#2147,.F.);
#2233=ADVANCED_FACE('',(#2012),#2148,.T.);
#2234=ADVANCED_FACE('',(#2013),#41,.F.);
#2235=ADVANCED_FACE('',(#2014),#2149,.F.);
#2236=ADVANCED_FACE('',(#2015),#2150,.T.);
#2237=ADVANCED_FACE('',(#2016),#2151,.T.);
#2238=ADVANCED_FACE('',(#2017),#2152,.T.);
#2239=ADVANCED_FACE('',(#2018),#2153,.T.);
#2240=ADVANCED_FACE('',(#2019),#42,.T.);
#2241=ADVANCED_FACE('',(#2020),#2154,.T.);
#2242=ADVANCED_FACE('',(#2021),#43,.T.);
#2243=ADVANCED_FACE('',(#2022),#2155,.T.);
#2244=ADVANCED_FACE('',(#2023),#44,.T.);
#2245=ADVANCED_FACE('',(#2024),#45,.T.);
#2246=ADVANCED_FACE('',(#2025),#46,.T.);
#2247=ADVANCED_FACE('',(#2026),#47,.T.);
#2248=ADVANCED_FACE('',(#2027),#48,.T.);
#2249=ADVANCED_FACE('',(#2028),#49,.T.);
#2250=ADVANCED_FACE('',(#2029),#2156,.T.);
#2251=ADVANCED_FACE('',(#2030),#50,.T.);
#2252=ADVANCED_FACE('',(#2031),#51,.T.);
#2253=ADVANCED_FACE('',(#2032),#52,.T.);
#2254=ADVANCED_FACE('',(#2033),#53,.T.);
#2255=ADVANCED_FACE('',(#2034),#54,.T.);
#2256=ADVANCED_FACE('',(#2035),#55,.T.);
#2257=ADVANCED_FACE('',(#2036),#2157,.T.);
#2258=ADVANCED_FACE('',(#2037),#56,.T.);
#2259=ADVANCED_FACE('',(#2038),#2158,.T.);
#2260=ADVANCED_FACE('',(#2039),#57,.T.);
#2261=ADVANCED_FACE('',(#2040,#2041),#2159,.F.);
#2262=ADVANCED_FACE('',(#2042,#2043,#2044),#2160,.F.);
#2263=ADVANCED_FACE('',(#2045,#2046),#2161,.F.);
#2264=ADVANCED_FACE('',(#2047,#2048),#30,.F.);
#2265=ADVANCED_FACE('',(#2049,#2050),#31,.F.);
#2266=ADVANCED_FACE('',(#2051,#2052),#32,.F.);
#2267=ADVANCED_FACE('',(#2053),#180,.T.);
#2268=ADVANCED_FACE('',(#2054),#24,.F.);
#2269=ADVANCED_FACE('',(#2055),#181,.T.);
#2270=ADVANCED_FACE('',(#2056),#25,.F.);
#2271=ADVANCED_FACE('',(#2057),#182,.T.);
#2272=ADVANCED_FACE('',(#2058),#26,.F.);
#2273=ADVANCED_FACE('',(#2059),#183,.T.);
#2274=ADVANCED_FACE('',(#2060),#27,.F.);
#2275=ADVANCED_FACE('',(#2061),#184,.T.);
#2276=ADVANCED_FACE('',(#2062),#33,.T.);
#2277=ADVANCED_FACE('',(#2063),#185,.T.);
#2278=ADVANCED_FACE('',(#2064),#28,.F.);
#2279=ADVANCED_FACE('',(#2065),#29,.F.);
#2280=ADVANCED_FACE('',(#2066),#186,.T.);
#2281=ADVANCED_FACE('',(#2067,#2068),#34,.F.);
#2282=ADVANCED_FACE('',(#2069,#2070),#35,.F.);
#2283=ADVANCED_FACE('',(#2071,#2072),#36,.F.);
#2284=ADVANCED_FACE('',(#2073),#37,.T.);
#2285=ADVANCED_FACE('',(#2074,#2075,#2076,#2077),#187,.T.);
#2286=ADVANCED_FACE('',(#2078),#188,.F.);
#2287=ADVANCED_FACE('',(#2079),#189,.F.);
#2288=ADVANCED_FACE('',(#2080),#190,.T.);
#2289=ADVANCED_FACE('',(#2081,#2082),#191,.T.);
#2290=ADVANCED_FACE('',(#2083),#2162,.F.);
#2291=ADVANCED_FACE('',(#2084),#192,.F.);
#2292=ADVANCED_FACE('',(#2085),#193,.T.);
#2293=ADVANCED_FACE('',(#2086,#2087),#194,.T.);
#2294=ADVANCED_FACE('',(#2088),#2163,.F.);
#2295=ADVANCED_FACE('',(#2089),#2164,.T.);
#2296=ADVANCED_FACE('',(#2090),#2165,.T.);
#2297=ADVANCED_FACE('',(#2091),#58,.T.);
#2298=ADVANCED_FACE('',(#2092),#2166,.T.);
#2299=ADVANCED_FACE('',(#2093),#2167,.T.);
#2300=ADVANCED_FACE('',(#2094),#2168,.T.);
#2301=ADVANCED_FACE('',(#2095),#59,.T.);
#2302=ADVANCED_FACE('',(#2096),#2169,.T.);
#2303=ADVANCED_FACE('',(#2097),#12,.T.);
#2304=ADVANCED_FACE('',(#2098),#2170,.F.);
#2305=ADVANCED_FACE('',(#2099),#2171,.T.);
#2306=ADVANCED_FACE('',(#2100),#2172,.T.);
#2307=ADVANCED_FACE('',(#2101),#13,.F.);
#2308=ADVANCED_FACE('',(#2102),#14,.T.);
#2309=ADVANCED_FACE('',(#2103),#60,.T.);
#2310=ADVANCED_FACE('',(#2104),#2173,.F.);
#2311=ADVANCED_FACE('',(#2105),#2174,.T.);
#2312=ADVANCED_FACE('',(#2106),#2175,.T.);
#2313=ADVANCED_FACE('',(#2107),#15,.T.);
#2314=ADVANCED_FACE('',(#2108),#16,.T.);
#2315=ADVANCED_FACE('',(#2109),#2176,.T.);
#2316=ADVANCED_FACE('',(#2110),#17,.T.);
#2317=ADVANCED_FACE('',(#2111),#2177,.T.);
#2318=ADVANCED_FACE('',(#2112),#2178,.T.);
#2319=ADVANCED_FACE('',(#2113),#2179,.T.);
#2320=ADVANCED_FACE('',(#2114),#18,.T.);
#2321=ADVANCED_FACE('',(#2115),#2180,.F.);
#2322=ADVANCED_FACE('',(#2116),#2181,.T.);
#2323=ADVANCED_FACE('',(#2117),#2182,.T.);
#2324=ADVANCED_FACE('',(#2118),#19,.F.);
#2325=ADVANCED_FACE('',(#2119),#20,.T.);
#2326=ADVANCED_FACE('',(#2120),#61,.T.);
#2327=ADVANCED_FACE('',(#2121),#2183,.F.);
#2328=ADVANCED_FACE('',(#2122),#2184,.T.);
#2329=ADVANCED_FACE('',(#2123),#2185,.T.);
#2330=ADVANCED_FACE('',(#2124),#21,.T.);
#2331=ADVANCED_FACE('',(#2125),#22,.T.);
#2332=ADVANCED_FACE('',(#2126),#2186,.T.);
#2333=ADVANCED_FACE('',(#2127),#23,.T.);
#2334=ADVANCED_FACE('',(#2128),#2187,.T.);
#2335=ADVANCED_FACE('',(#2129),#2188,.T.);
#2336=ADVANCED_FACE('',(#2130),#2189,.T.);
#2337=CLOSED_SHELL('',(#2190,#2191,#2192,#2193,#2194,#2195,#2196,#2197,
#2198,#2199,#2200,#2201,#2202,#2203,#2204,#2205,#2206,#2207,#2208,#2209,
#2210,#2211,#2212,#2213,#2214,#2215,#2216,#2217,#2218,#2219,#2220,#2221,
#2222,#2223,#2224,#2225,#2226,#2227,#2228,#2229,#2230,#2231,#2232,#2233,
#2234,#2235,#2236,#2237,#2238,#2239,#2240,#2241,#2242,#2243,#2244,#2245,
#2246,#2247,#2248,#2249,#2250,#2251,#2252,#2253,#2254,#2255,#2256,#2257,
#2258,#2259,#2260,#2261,#2262,#2263,#2264,#2265,#2266,#2267,#2268,#2269,
#2270,#2271,#2272,#2273,#2274,#2275,#2276,#2277,#2278,#2279,#2280,#2281,
#2282,#2283,#2284,#2285,#2286,#2287,#2288,#2289,#2290,#2291,#2292,#2293,
#2294,#2295,#2296,#2297,#2298,#2299,#2300,#2301,#2302,#2303,#2304,#2305,
#2306,#2307,#2308,#2309,#2310,#2311,#2312,#2313,#2314,#2315,#2316,#2317,
#2318,#2319,#2320,#2321,#2322,#2323,#2324,#2325,#2326,#2327,#2328,#2329,
#2330,#2331,#2332,#2333,#2334,#2335,#2336));
#2338=STYLED_ITEM('',(#2339),#2346);
#2339=PRESENTATION_STYLE_ASSIGNMENT((#2340));
#2340=SURFACE_STYLE_USAGE(.BOTH.,#2341);
#2341=SURFACE_SIDE_STYLE('',(#2342));
#2342=SURFACE_STYLE_FILL_AREA(#2343);
#2343=FILL_AREA_STYLE('',(#2344));
#2344=FILL_AREA_STYLE_COLOUR('',#2345);
#2345=COLOUR_RGB('',0.290196078431373,0.435294117647059,0.647058823529412);
#2346=MANIFOLD_SOLID_BREP('[a]_wwg2-adapter_o2_tap',#2337);
#2347=SHAPE_DEFINITION_REPRESENTATION(#4727,#2348);
#2348=SHAPE_REPRESENTATION('[a]_wwg2-adapter_o2_tap',(#2349),#4722);
#2349=AXIS2_PLACEMENT_3D('',#3319,#2626,#2627);
#2350=AXIS2_PLACEMENT_3D('',#3320,#2628,#2629);
#2351=AXIS2_PLACEMENT_3D('',#3324,#2631,#2632);
#2352=AXIS2_PLACEMENT_3D('',#3328,#2634,#2635);
#2353=AXIS2_PLACEMENT_3D('',#3329,#2636,#2637);
#2354=AXIS2_PLACEMENT_3D('',#3333,#2639,#2640);
#2355=AXIS2_PLACEMENT_3D('',#3337,#2642,#2643);
#2356=AXIS2_PLACEMENT_3D('',#3338,#2644,#2645);
#2357=AXIS2_PLACEMENT_3D('',#3344,#2648,#2649);
#2358=AXIS2_PLACEMENT_3D('',#3349,#2652,#2653);
#2359=AXIS2_PLACEMENT_3D('',#3353,#2655,#2656);
#2360=AXIS2_PLACEMENT_3D('',#3354,#2657,#2658);
#2361=AXIS2_PLACEMENT_3D('',#3373,#2660,#2661);
#2362=AXIS2_PLACEMENT_3D('',#3378,#2664,#2665);
#2363=AXIS2_PLACEMENT_3D('',#3379,#2666,#2667);
#2364=AXIS2_PLACEMENT_3D('',#3382,#2669,#2670);
#2365=AXIS2_PLACEMENT_3D('',#3386,#2672,#2673);
#2366=AXIS2_PLACEMENT_3D('',#3388,#2675,#2676);
#2367=AXIS2_PLACEMENT_3D('',#3392,#2678,#2679);
#2368=AXIS2_PLACEMENT_3D('',#3396,#2681,#2682);
#2369=AXIS2_PLACEMENT_3D('',#3397,#2683,#2684);
#2370=AXIS2_PLACEMENT_3D('',#3401,#2686,#2687);
#2371=AXIS2_PLACEMENT_3D('',#3405,#2690,#2691);
#2372=AXIS2_PLACEMENT_3D('',#3406,#2692,#2693);
#2373=AXIS2_PLACEMENT_3D('',#3413,#2697,#2698);
#2374=AXIS2_PLACEMENT_3D('',#3416,#2701,#2702);
#2375=AXIS2_PLACEMENT_3D('',#3417,#2703,#2704);
#2376=AXIS2_PLACEMENT_3D('',#3423,#2707,#2708);
#2377=AXIS2_PLACEMENT_3D('',#3427,#2710,#2711);
#2378=AXIS2_PLACEMENT_3D('',#3435,#2715,#2716);
#2379=AXIS2_PLACEMENT_3D('',#3439,#2718,#2719);
#2380=AXIS2_PLACEMENT_3D('',#3443,#2721,#2722);
#2381=AXIS2_PLACEMENT_3D('',#3447,#2724,#2725);
#2382=AXIS2_PLACEMENT_3D('',#3451,#2727,#2728);
#2383=AXIS2_PLACEMENT_3D('',#3455,#2730,#2731);
#2384=AXIS2_PLACEMENT_3D('',#3460,#2734,#2735);
#2385=AXIS2_PLACEMENT_3D('',#3463,#2737,#2738);
#2386=AXIS2_PLACEMENT_3D('',#3465,#2739,#2740);
#2387=AXIS2_PLACEMENT_3D('',#3467,#2741,#2742);
#2388=AXIS2_PLACEMENT_3D('',#3469,#2743,#2744);
#2389=AXIS2_PLACEMENT_3D('',#3477,#2748,#2749);
#2390=AXIS2_PLACEMENT_3D('',#3478,#2750,#2751);
#2391=AXIS2_PLACEMENT_3D('',#3484,#2754,#2755);
#2392=AXIS2_PLACEMENT_3D('',#3501,#2761,#2762);
#2393=AXIS2_PLACEMENT_3D('',#3502,#2763,#2764);
#2394=AXIS2_PLACEMENT_3D('',#3506,#2766,#2767);
#2395=AXIS2_PLACEMENT_3D('',#3511,#2770,#2771);
#2396=AXIS2_PLACEMENT_3D('',#3515,#2773,#2774);
#2397=AXIS2_PLACEMENT_3D('',#3527,#2780,#2781);
#2398=AXIS2_PLACEMENT_3D('',#3528,#2782,#2783);
#2399=AXIS2_PLACEMENT_3D('',#3537,#2788,#2789);
#2400=AXIS2_PLACEMENT_3D('',#3541,#2791,#2792);
#2401=AXIS2_PLACEMENT_3D('',#3546,#2795,#2796);
#2402=AXIS2_PLACEMENT_3D('',#3552,#2797,#2798);
#2403=AXIS2_PLACEMENT_3D('',#3553,#2799,#2800);
#2404=AXIS2_PLACEMENT_3D('',#3554,#2801,#2802);
#2405=AXIS2_PLACEMENT_3D('',#3555,#2803,#2804);
#2406=AXIS2_PLACEMENT_3D('',#3561,#2805,#2806);
#2407=AXIS2_PLACEMENT_3D('',#3562,#2807,#2808);
#2408=AXIS2_PLACEMENT_3D('',#3563,#2809,#2810);
#2409=AXIS2_PLACEMENT_3D('',#3565,#2811,#2812);
#2410=AXIS2_PLACEMENT_3D('',#3566,#2813,#2814);
#2411=AXIS2_PLACEMENT_3D('',#3567,#2815,#2816);
#2412=AXIS2_PLACEMENT_3D('',#3569,#2817,#2818);
#2413=AXIS2_PLACEMENT_3D('',#3571,#2819,#2820);
#2414=AXIS2_PLACEMENT_3D('',#3572,#2821,#2822);
#2415=AXIS2_PLACEMENT_3D('',#3577,#2825,#2826);
#2416=AXIS2_PLACEMENT_3D('',#3585,#2827,#2828);
#2417=AXIS2_PLACEMENT_3D('',#3591,#2832,#2833);
#2418=AXIS2_PLACEMENT_3D('',#3594,#2835,#2836);
#2419=AXIS2_PLACEMENT_3D('',#3595,#2837,#2838);
#2420=AXIS2_PLACEMENT_3D('',#3605,#2841,#2842);
#2421=AXIS2_PLACEMENT_3D('',#3608,#2844,#2845);
#2422=AXIS2_PLACEMENT_3D('',#3616,#2850,#2851);
#2423=AXIS2_PLACEMENT_3D('',#3619,#2853,#2854);
#2424=AXIS2_PLACEMENT_3D('',#3620,#2855,#2856);
#2425=AXIS2_PLACEMENT_3D('',#3623,#2858,#2859);
#2426=AXIS2_PLACEMENT_3D('',#3634,#2860,#2861);
#2427=AXIS2_PLACEMENT_3D('',#3645,#2862,#2863);
#2428=AXIS2_PLACEMENT_3D('',#3646,#2864,#2865);
#2429=AXIS2_PLACEMENT_3D('',#3647,#2866,#2867);
#2430=AXIS2_PLACEMENT_3D('',#3655,#2871,#2872);
#2431=AXIS2_PLACEMENT_3D('',#3659,#2874,#2875);
#2432=AXIS2_PLACEMENT_3D('',#3660,#2876,#2877);
#2433=AXIS2_PLACEMENT_3D('',#3661,#2878,#2879);
#2434=AXIS2_PLACEMENT_3D('',#3662,#2880,#2881);
#2435=AXIS2_PLACEMENT_3D('',#3675,#2882,#2883);
#2436=AXIS2_PLACEMENT_3D('',#3676,#2884,#2885);
#2437=AXIS2_PLACEMENT_3D('',#3677,#2886,#2887);
#2438=AXIS2_PLACEMENT_3D('',#3678,#2888,#2889);
#2439=AXIS2_PLACEMENT_3D('',#3679,#2890,#2891);
#2440=AXIS2_PLACEMENT_3D('',#3680,#2892,#2893);
#2441=AXIS2_PLACEMENT_3D('',#3693,#2894,#2895);
#2442=AXIS2_PLACEMENT_3D('',#3694,#2896,#2897);
#2443=AXIS2_PLACEMENT_3D('',#3708,#2901,#2902);
#2444=AXIS2_PLACEMENT_3D('',#3717,#2907,#2908);
#2445=AXIS2_PLACEMENT_3D('',#3726,#2913,#2914);
#2446=AXIS2_PLACEMENT_3D('',#3735,#2919,#2920);
#2447=AXIS2_PLACEMENT_3D('',#3736,#2921,#2922);
#2448=AXIS2_PLACEMENT_3D('',#3756,#2923,#2924);
#2449=AXIS2_PLACEMENT_3D('',#3757,#2925,#2926);
#2450=AXIS2_PLACEMENT_3D('',#3759,#2927,#2928);
#2451=AXIS2_PLACEMENT_3D('',#3784,#2929,#2930);
#2452=AXIS2_PLACEMENT_3D('',#3785,#2931,#2932);
#2453=AXIS2_PLACEMENT_3D('',#3786,#2933,#2934);
#2454=AXIS2_PLACEMENT_3D('',#3787,#2935,#2936);
#2455=AXIS2_PLACEMENT_3D('',#3788,#2937,#2938);
#2456=AXIS2_PLACEMENT_3D('',#3823,#2939,#2940);
#2457=AXIS2_PLACEMENT_3D('',#3829,#2941,#2942);
#2458=AXIS2_PLACEMENT_3D('',#3835,#2943,#2944);
#2459=AXIS2_PLACEMENT_3D('',#3836,#2945,#2946);
#2460=AXIS2_PLACEMENT_3D('',#3837,#2947,#2948);
#2461=AXIS2_PLACEMENT_3D('',#3854,#2949,#2950);
#2462=AXIS2_PLACEMENT_3D('',#3855,#2951,#2952);
#2463=AXIS2_PLACEMENT_3D('',#3860,#2953,#2954);
#2464=AXIS2_PLACEMENT_3D('',#3861,#2955,#2956);
#2465=AXIS2_PLACEMENT_3D('',#3878,#2957,#2958);
#2466=AXIS2_PLACEMENT_3D('',#3879,#2959,#2960);
#2467=AXIS2_PLACEMENT_3D('',#3899,#2961,#2962);
#2468=AXIS2_PLACEMENT_3D('',#3900,#2963,#2964);
#2469=AXIS2_PLACEMENT_3D('',#3901,#2965,#2966);
#2470=AXIS2_PLACEMENT_3D('',#3914,#2967,#2968);
#2471=AXIS2_PLACEMENT_3D('',#3915,#2969,#2970);
#2472=AXIS2_PLACEMENT_3D('',#3916,#2971,#2972);
#2473=AXIS2_PLACEMENT_3D('',#3929,#2973,#2974);
#2474=AXIS2_PLACEMENT_3D('',#3942,#2975,#2976);
#2475=AXIS2_PLACEMENT_3D('',#3955,#2977,#2978);
#2476=AXIS2_PLACEMENT_3D('',#3968,#2979,#2980);
#2477=AXIS2_PLACEMENT_3D('',#3984,#2981,#2982);
#2478=AXIS2_PLACEMENT_3D('',#3997,#2983,#2984);
#2479=AXIS2_PLACEMENT_3D('',#3998,#2985,#2986);
#2480=AXIS2_PLACEMENT_3D('',#3999,#2987,#2988);
#2481=AXIS2_PLACEMENT_3D('',#4012,#2989,#2990);
#2482=AXIS2_PLACEMENT_3D('',#4028,#2991,#2992);
#2483=AXIS2_PLACEMENT_3D('',#4041,#2993,#2994);
#2484=AXIS2_PLACEMENT_3D('',#4054,#2995,#2996);
#2485=AXIS2_PLACEMENT_3D('',#4067,#2997,#2998);
#2486=AXIS2_PLACEMENT_3D('',#4080,#2999,#3000);
#2487=AXIS2_PLACEMENT_3D('',#4081,#3001,#3002);
#2488=AXIS2_PLACEMENT_3D('',#4082,#3003,#3004);
#2489=AXIS2_PLACEMENT_3D('',#4095,#3005,#3006);
#2490=AXIS2_PLACEMENT_3D('',#4096,#3007,#3008);
#2491=AXIS2_PLACEMENT_3D('',#4097,#3009,#3010);
#2492=AXIS2_PLACEMENT_3D('',#4113,#3011,#3012);
#2493=AXIS2_PLACEMENT_3D('',#4114,#3013,#3014);
#2494=AXIS2_PLACEMENT_3D('',#4116,#3015,#3016);
#2495=AXIS2_PLACEMENT_3D('',#4118,#3017,#3018);
#2496=AXIS2_PLACEMENT_3D('',#4119,#3019,#3020);
#2497=AXIS2_PLACEMENT_3D('',#4120,#3021,#3022);
#2498=AXIS2_PLACEMENT_3D('',#4122,#3023,#3024);
#2499=AXIS2_PLACEMENT_3D('',#4124,#3025,#3026);
#2500=AXIS2_PLACEMENT_3D('',#4125,#3027,#3028);
#2501=AXIS2_PLACEMENT_3D('',#4127,#3029,#3030);
#2502=AXIS2_PLACEMENT_3D('',#4129,#3031,#3032);
#2503=AXIS2_PLACEMENT_3D('',#4130,#3033,#3034);
#2504=AXIS2_PLACEMENT_3D('',#4131,#3035,#3036);
#2505=AXIS2_PLACEMENT_3D('',#4132,#3037,#3038);
#2506=AXIS2_PLACEMENT_3D('',#4178,#3042,#3043);
#2507=AXIS2_PLACEMENT_3D('',#4230,#3045,#3046);
#2508=AXIS2_PLACEMENT_3D('',#4270,#3048,#3049);
#2509=AXIS2_PLACEMENT_3D('',#4306,#3053,#3054);
#2510=AXIS2_PLACEMENT_3D('',#4313,#3056,#3057);
#2511=AXIS2_PLACEMENT_3D('',#4319,#3058,#3059);
#2512=AXIS2_PLACEMENT_3D('',#4320,#3060,#3061);
#2513=AXIS2_PLACEMENT_3D('',#4402,#3063,#3064);
#2514=AXIS2_PLACEMENT_3D('',#4409,#3066,#3067);
#2515=AXIS2_PLACEMENT_3D('',#4410,#3068,#3069);
#2516=AXIS2_PLACEMENT_3D('',#4412,#3070,#3071);
#2517=AXIS2_PLACEMENT_3D('',#4413,#3072,#3073);
#2518=AXIS2_PLACEMENT_3D('',#4415,#3074,#3075);
#2519=AXIS2_PLACEMENT_3D('',#4416,#3076,#3077);
#2520=AXIS2_PLACEMENT_3D('',#4418,#3078,#3079);
#2521=AXIS2_PLACEMENT_3D('',#4419,#3080,#3081);
#2522=AXIS2_PLACEMENT_3D('',#4420,#3082,#3083);
#2523=AXIS2_PLACEMENT_3D('',#4421,#3084,#3085);
#2524=AXIS2_PLACEMENT_3D('',#4423,#3087,#3088);
#2525=AXIS2_PLACEMENT_3D('',#4429,#3091,#3092);
#2526=AXIS2_PLACEMENT_3D('',#4434,#3095,#3096);
#2527=AXIS2_PLACEMENT_3D('',#4435,#3097,#3098);
#2528=AXIS2_PLACEMENT_3D('',#4445,#3103,#3104);
#2529=AXIS2_PLACEMENT_3D('',#4453,#3108,#3109);
#2530=AXIS2_PLACEMENT_3D('',#4457,#3111,#3112);
#2531=AXIS2_PLACEMENT_3D('',#4462,#3115,#3116);
#2532=AXIS2_PLACEMENT_3D('',#4463,#3117,#3118);
#2533=AXIS2_PLACEMENT_3D('',#4464,#3119,#3120);
#2534=AXIS2_PLACEMENT_3D('',#4465,#3121,#3122);
#2535=AXIS2_PLACEMENT_3D('',#4471,#3125,#3126);
#2536=AXIS2_PLACEMENT_3D('',#4476,#3129,#3130);
#2537=AXIS2_PLACEMENT_3D('',#4477,#3131,#3132);
#2538=AXIS2_PLACEMENT_3D('',#4487,#3137,#3138);
#2539=AXIS2_PLACEMENT_3D('',#4495,#3142,#3143);
#2540=AXIS2_PLACEMENT_3D('',#4499,#3145,#3146);
#2541=AXIS2_PLACEMENT_3D('',#4504,#3149,#3150);
#2542=AXIS2_PLACEMENT_3D('',#4505,#3151,#3152);
#2543=AXIS2_PLACEMENT_3D('',#4506,#3153,#3154);
#2544=AXIS2_PLACEMENT_3D('',#4507,#3155,#3156);
#2545=AXIS2_PLACEMENT_3D('',#4508,#3157,#3158);
#2546=AXIS2_PLACEMENT_3D('',#4509,#3159,#3160);
#2547=AXIS2_PLACEMENT_3D('',#4510,#3161,#3162);
#2548=AXIS2_PLACEMENT_3D('',#4511,#3163,#3164);
#2549=AXIS2_PLACEMENT_3D('',#4557,#3165,#3166);
#2550=AXIS2_PLACEMENT_3D('',#4558,#3167,#3168);
#2551=AXIS2_PLACEMENT_3D('',#4559,#3169,#3170);
#2552=AXIS2_PLACEMENT_3D('',#4560,#3171,#3172);
#2553=AXIS2_PLACEMENT_3D('',#4561,#3173,#3174);
#2554=AXIS2_PLACEMENT_3D('',#4562,#3175,#3176);
#2555=AXIS2_PLACEMENT_3D('',#4563,#3177,#3178);
#2556=AXIS2_PLACEMENT_3D('',#4609,#3179,#3180);
#2557=AXIS2_PLACEMENT_3D('',#4610,#3181,#3182);
#2558=AXIS2_PLACEMENT_3D('',#4611,#3183,#3184);
#2559=AXIS2_PLACEMENT_3D('',#4612,#3185,#3186);
#2560=AXIS2_PLACEMENT_3D('',#4613,#3187,#3188);
#2561=AXIS2_PLACEMENT_3D('',#4614,#3189,#3190);
#2562=AXIS2_PLACEMENT_3D('',#4615,#3191,#3192);
#2563=AXIS2_PLACEMENT_3D('',#4616,#3193,#3194);
#2564=AXIS2_PLACEMENT_3D('',#4617,#3195,#3196);
#2565=AXIS2_PLACEMENT_3D('',#4618,#3197,#3198);
#2566=AXIS2_PLACEMENT_3D('',#4619,#3199,#3200);
#2567=AXIS2_PLACEMENT_3D('',#4620,#3201,#3202);
#2568=AXIS2_PLACEMENT_3D('',#4621,#3203,#3204);
#2569=AXIS2_PLACEMENT_3D('',#4622,#3205,#3206);
#2570=AXIS2_PLACEMENT_3D('',#4623,#3207,#3208);
#2571=AXIS2_PLACEMENT_3D('',#4624,#3209,#3210);
#2572=AXIS2_PLACEMENT_3D('',#4646,#3211,#3212);
#2573=AXIS2_PLACEMENT_3D('',#4647,#3213,#3214);
#2574=AXIS2_PLACEMENT_3D('',#4648,#3215,#3216);
#2575=AXIS2_PLACEMENT_3D('',#4649,#3217,#3218);
#2576=AXIS2_PLACEMENT_3D('',#4650,#3219,#3220);
#2577=AXIS2_PLACEMENT_3D('',#4651,#3221,#3222);
#2578=AXIS2_PLACEMENT_3D('',#4652,#3223,#3224);
#2579=AXIS2_PLACEMENT_3D('',#4653,#3225,#3226);
#2580=AXIS2_PLACEMENT_3D('',#4654,#3227,#3228);
#2581=AXIS2_PLACEMENT_3D('',#4655,#3229,#3230);
#2582=AXIS2_PLACEMENT_3D('',#4656,#3231,#3232);
#2583=AXIS2_PLACEMENT_3D('',#4657,#3233,#3234);
#2584=AXIS2_PLACEMENT_3D('',#4658,#3235,#3236);
#2585=AXIS2_PLACEMENT_3D('',#4659,#3237,#3238);
#2586=AXIS2_PLACEMENT_3D('',#4660,#3239,#3240);
#2587=AXIS2_PLACEMENT_3D('',#4661,#3241,#3242);
#2588=AXIS2_PLACEMENT_3D('',#4662,#3243,#3244);
#2589=AXIS2_PLACEMENT_3D('',#4663,#3245,#3246);
#2590=AXIS2_PLACEMENT_3D('',#4664,#3247,#3248);
#2591=AXIS2_PLACEMENT_3D('',#4665,#3249,#3250);
#2592=AXIS2_PLACEMENT_3D('',#4666,#3251,#3252);
#2593=AXIS2_PLACEMENT_3D('',#4667,#3253,#3254);
#2594=AXIS2_PLACEMENT_3D('',#4668,#3255,#3256);
#2595=AXIS2_PLACEMENT_3D('',#4669,#3257,#3258);
#2596=AXIS2_PLACEMENT_3D('',#4670,#3259,#3260);
#2597=AXIS2_PLACEMENT_3D('',#4671,#3261,#3262);
#2598=AXIS2_PLACEMENT_3D('',#4672,#3263,#3264);
#2599=AXIS2_PLACEMENT_3D('',#4673,#3265,#3266);
#2600=AXIS2_PLACEMENT_3D('',#4674,#3267,#3268);
#2601=AXIS2_PLACEMENT_3D('',#4675,#3269,#3270);
#2602=AXIS2_PLACEMENT_3D('',#4676,#3271,#3272);
#2603=AXIS2_PLACEMENT_3D('',#4677,#3273,#3274);
#2604=AXIS2_PLACEMENT_3D('',#4678,#3275,#3276);
#2605=AXIS2_PLACEMENT_3D('',#4679,#3277,#3278);
#2606=AXIS2_PLACEMENT_3D('',#4701,#3279,#3280);
#2607=AXIS2_PLACEMENT_3D('',#4702,#3281,#3282);
#2608=AXIS2_PLACEMENT_3D('',#4703,#3283,#3284);
#2609=AXIS2_PLACEMENT_3D('',#4704,#3285,#3286);
#2610=AXIS2_PLACEMENT_3D('',#4705,#3287,#3288);
#2611=AXIS2_PLACEMENT_3D('',#4706,#3289,#3290);
#2612=AXIS2_PLACEMENT_3D('',#4707,#3291,#3292);
#2613=AXIS2_PLACEMENT_3D('',#4708,#3293,#3294);
#2614=AXIS2_PLACEMENT_3D('',#4709,#3295,#3296);
#2615=AXIS2_PLACEMENT_3D('',#4710,#3297,#3298);
#2616=AXIS2_PLACEMENT_3D('',#4711,#3299,#3300);
#2617=AXIS2_PLACEMENT_3D('',#4712,#3301,#3302);
#2618=AXIS2_PLACEMENT_3D('',#4713,#3303,#3304);
#2619=AXIS2_PLACEMENT_3D('',#4714,#3305,#3306);
#2620=AXIS2_PLACEMENT_3D('',#4715,#3307,#3308);
#2621=AXIS2_PLACEMENT_3D('',#4716,#3309,#3310);
#2622=AXIS2_PLACEMENT_3D('',#4717,#3311,#3312);
#2623=AXIS2_PLACEMENT_3D('',#4718,#3313,#3314);
#2624=AXIS2_PLACEMENT_3D('',#4719,#3315,#3316);
#2625=AXIS2_PLACEMENT_3D('',#4720,#3317,#3318);
#2626=DIRECTION('',(0.,0.,1.));
#2627=DIRECTION('',(1.,0.,0.));
#2628=DIRECTION('',(-1.,6.02934254911523E-14,0.));
#2629=DIRECTION('',(6.02934254911523E-14,1.,-1.57713813111996E-13));
#2630=DIRECTION('',(-1.,6.02934254911523E-14,0.));
#2631=DIRECTION('',(-1.,2.4147944444259E-14,5.88103188191851E-27));
#2632=DIRECTION('',(2.4147944444259E-14,1.,0.));
#2633=DIRECTION('',(-1.,6.02934254911523E-14,0.));
#2634=DIRECTION('',(-1.,2.41479444442331E-14,1.06436750934518E-13));
#2635=DIRECTION('',(1.06436750934518E-13,0.,1.));
#2636=DIRECTION('',(-1.,6.02934254911523E-14,0.));
#2637=DIRECTION('',(6.02934254911523E-14,1.,-1.57713813111996E-13));
#2638=DIRECTION('',(-1.,6.02934254911523E-14,0.));
#2639=DIRECTION('',(-1.,2.4147944444259E-14,5.88103188191851E-27));
#2640=DIRECTION('',(2.4147944444259E-14,1.,0.));
#2641=DIRECTION('',(-1.,6.02934254911523E-14,0.));
#2642=DIRECTION('',(-1.,6.02934254911523E-14,0.));
#2643=DIRECTION('',(6.02934254911523E-14,1.,0.));
#2644=DIRECTION('',(0.707106781186548,-1.89093074150219E-13,0.707106781186547));
#2645=DIRECTION('',(0.707106781186547,0.,-0.707106781186548));
#2646=DIRECTION('',(2.4147944444259E-14,1.,2.43270045569803E-13));
#2647=DIRECTION('',(0.593214188277323,-0.54423694624013,-0.593214188277469));
#2648=DIRECTION('',(0.707106781186548,-1.89093074150219E-13,0.707106781186547));
#2649=DIRECTION('',(0.360817926620991,-0.860012120645804,-0.360817926621222));
#2650=DIRECTION('',(2.4147944444259E-14,1.,2.43270045569803E-13));
#2651=DIRECTION('',(0.707106781186547,1.54942723613717E-13,-0.707106781186548));
#2652=DIRECTION('',(2.4147944444259E-14,1.,2.43270045569803E-13));
#2653=DIRECTION('',(0.,2.43270045569803E-13,-1.));
#2654=DIRECTION('',(2.4147944444259E-14,1.,2.43270045569803E-13));
#2655=DIRECTION('',(-0.790286024718481,-0.585113569293372,-0.181906872227056));
#2656=DIRECTION('',(-0.570203218749691,0.810951361691175,-0.131248536367922));
#2657=DIRECTION('',(2.4147944444259E-14,1.,2.43270045569803E-13));
#2658=DIRECTION('',(0.,2.43270045569803E-13,-1.));
#2659=DIRECTION('',(2.4147944444259E-14,1.,2.43270045569803E-13));
#2660=DIRECTION('',(-0.707106781186548,-1.54942723613717E-13,0.707106781186547));
#2661=DIRECTION('',(0.707106781186547,0.,0.707106781186548));
#2662=DIRECTION('',(0.707106781186547,-1.89093074150219E-13,0.707106781186548));
#2663=DIRECTION('',(2.4147944444259E-14,1.,2.43270045569803E-13));
#2664=DIRECTION('',(-0.707106781186548,-1.54942723613717E-13,0.707106781186547));
#2665=DIRECTION('',(-0.707106781186547,-1.54942723613716E-13,-0.707106781186548));
#2666=DIRECTION('',(-5.43367058138342E-27,-2.43270045569803E-13,1.));
#2667=DIRECTION('',(0.,1.,2.43270045569803E-13));
#2668=DIRECTION('',(0.642787609686559,-0.766044443118961,-1.8635566658604E-13));
#2669=DIRECTION('',(-5.43367058138342E-27,-2.43270045569803E-13,1.));
#2670=DIRECTION('',(0.563493389649268,-0.826120572205764,-2.00970389246644E-13));
#2671=DIRECTION('',(2.4147944444259E-14,1.,2.43270045569803E-13));
#2672=DIRECTION('',(-5.43367058138342E-27,-2.43270045569803E-13,1.));
#2673=DIRECTION('',(0.,1.,2.43270045569803E-13));
#2674=DIRECTION('',(1.,-2.4147944444259E-14,-4.40800963988525E-28));
#2675=DIRECTION('',(2.4147944444259E-14,1.,2.43270045569803E-13));
#2676=DIRECTION('',(0.,2.43270045569803E-13,-1.));
#2677=DIRECTION('',(2.4147944444259E-14,1.,2.43270045569803E-13));
#2678=DIRECTION('',(-0.790286024718472,0.585113569293385,0.181906872227056));
#2679=DIRECTION('',(0.570203218749706,0.810951361691166,-0.131248536367913));
#2680=DIRECTION('',(2.4147944444259E-14,1.,2.43270045569803E-13));
#2681=DIRECTION('',(2.4147944444259E-14,1.,2.43270045569803E-13));
#2682=DIRECTION('',(0.,2.43270045569803E-13,-1.));
#2683=DIRECTION('',(-0.707106781186548,-1.54942723613717E-13,0.707106781186548));
#2684=DIRECTION('',(0.707106781186548,0.,0.707106781186548));
#2685=DIRECTION('',(2.4147944444259E-14,1.,2.43270045569803E-13));
#2686=DIRECTION('',(-0.707106781186548,-1.54942723613717E-13,0.707106781186548));
#2687=DIRECTION('',(0.360817926621015,0.860012120645801,0.360817926621203));
#2688=DIRECTION('',(-0.593214188277336,-0.54423694624013,-0.593214188277455));
#2689=DIRECTION('',(0.707106781186548,-1.89093074150219E-13,0.707106781186548));
#2690=DIRECTION('',(-5.43367058138342E-27,-2.43270045569803E-13,1.));
#2691=DIRECTION('',(0.,1.,2.43270045569803E-13));
#2692=DIRECTION('',(-5.43367058138342E-27,-2.43270045569803E-13,1.));
#2693=DIRECTION('',(0.563493389649284,0.826120572205753,2.00970389246648E-13));
#2694=DIRECTION('',(-0.642787609686571,-0.766044443118951,-1.86355666586045E-13));
#2695=DIRECTION('',(1.,-2.4147944444259E-14,-4.40800963988525E-28));
#2696=DIRECTION('',(2.4147944444259E-14,1.,2.43270045569803E-13));
#2697=DIRECTION('',(0.707106781186548,-1.89093074150219E-13,0.707106781186547));
#2698=DIRECTION('',(0.707106781186547,0.,-0.707106781186548));
#2699=DIRECTION('',(-0.490918531337197,-0.719720773063865,0.490918531337005));
#2700=DIRECTION('',(0.707106781186547,1.54942723613717E-13,-0.707106781186548));
#2701=DIRECTION('',(0.,0.,-1.));
#2702=DIRECTION('',(-1.,0.,0.));
#2703=DIRECTION('',(0.,0.,-1.));
#2704=DIRECTION('',(-1.,0.,0.));
#2705=DIRECTION('',(2.4147944444259E-14,1.,0.));
#2706=DIRECTION('',(2.41479444442331E-14,1.,0.));
#2707=DIRECTION('',(0.,0.,-1.));
#2708=DIRECTION('',(-1.,0.,0.));
#2709=DIRECTION('',(1.,-2.4147944444259E-14,0.));
#2710=DIRECTION('',(0.,0.,-1.));
#2711=DIRECTION('',(-1.,0.,0.));
#2712=DIRECTION('',(2.4147944444259E-14,1.,0.));
#2713=DIRECTION('',(-1.,6.02934254911523E-14,0.));
#2714=DIRECTION('',(0.25038172139058,0.968147196243159,-5.32907168871455E-14));
#2715=DIRECTION('',(0.,0.,-1.));
#2716=DIRECTION('',(0.,-1.,0.));
#2717=DIRECTION('',(0.,1.,0.));
#2718=DIRECTION('',(0.,0.,-1.));
#2719=DIRECTION('',(0.,1.,0.));
#2720=DIRECTION('',(0.642787609686534,-0.766044443118982,0.));
#2721=DIRECTION('',(0.,0.,-1.));
#2722=DIRECTION('',(0.707106781186585,-0.707106781186511,0.));
#2723=DIRECTION('',(1.,8.92494232791578E-29,0.));
#2724=DIRECTION('',(0.,0.,-1.));
#2725=DIRECTION('',(-0.707106781183539,-0.707106781189556,0.));
#2726=DIRECTION('',(-0.642787609686546,-0.766044443118972,0.));
#2727=DIRECTION('',(0.,0.,-1.));
#2728=DIRECTION('',(-2.23218189743669E-16,-1.,0.));
#2729=DIRECTION('',(0.,1.,0.));
#2730=DIRECTION('',(0.,0.,-1.));
#2731=DIRECTION('',(6.07903549129634E-17,1.,0.));
#2732=DIRECTION('',(-0.250381721394646,0.968147196242107,1.75897049202561E-25));
#2733=DIRECTION('',(2.4147944444259E-14,1.,0.));
#2734=DIRECTION('',(0.,0.,-1.));
#2735=DIRECTION('',(-1.,0.,0.));
#2736=DIRECTION('',(1.,-2.4147944444259E-14,0.));
#2737=DIRECTION('',(0.,0.,-1.));
#2738=DIRECTION('',(-1.,0.,0.));
#2739=DIRECTION('',(0.,0.,-1.));
#2740=DIRECTION('',(-1.,0.,0.));
#2741=DIRECTION('',(0.,0.,-1.));
#2742=DIRECTION('',(-1.,0.,0.));
#2743=DIRECTION('',(-1.56926056433767E-13,-0.704540909454641,-0.709663375766868));
#2744=DIRECTION('',(7.49764997473846E-14,-0.709663375766868,0.704540909454641));
#2745=DIRECTION('',(-1.,2.22735194405159E-13,0.));
#2746=DIRECTION('',(0.,0.709663375766868,-0.704540909454641));
#2747=DIRECTION('',(0.180517647920906,0.698004845308153,-0.692966532175577));
#2748=DIRECTION('',(-1.56926056433767E-13,-0.704540909454641,-0.709663375766868));
#2749=DIRECTION('',(-0.0717233255457333,-0.707835684478033,0.702726410740464));
#2750=DIRECTION('',(0.754406506735493,0.633022221559484,0.17364817766693));
#2751=DIRECTION('',(0.616891022898628,-0.774133623486214,0.141995066305803));
#2752=DIRECTION('',(0.642787609686559,-0.766044443118961,-1.86350276901449E-13));
#2753=DIRECTION('',(0.593214188277322,-0.54423694624013,-0.593214188277469));
#2754=DIRECTION('',(0.754406506735493,0.633022221559484,0.17364817766693));
#2755=DIRECTION('',(-0.616891022898695,0.774133623486214,-0.141995066305511));
#2756=DIRECTION('',(0.490918531337178,-0.719720773063868,0.490918531337021));
#2757=DIRECTION('',(0.642787609686534,-0.766044443118982,0.));
#2758=DIRECTION('',(2.72001849203756E-18,-0.264543251462244,0.964373821765079));
#2759=DIRECTION('',(0.642787609686534,-0.766044443118982,0.));
#2760=DIRECTION('',(0.395471280066582,-0.649462264740031,0.649462264740031));
#2761=DIRECTION('',(0.754406506735493,0.633022221559484,0.17364817766693));
#2762=DIRECTION('',(0.616891022898628,-0.774133623486214,0.141995066305803));
#2763=DIRECTION('',(-0.707106781186661,-2.96958125798087E-12,-0.707106781186435));
#2764=DIRECTION('',(4.19962208960528E-12,-1.,-4.46919348916775E-25));
#2765=DIRECTION('',(4.19962208960528E-12,-1.,-4.46919348916775E-25));
#2766=DIRECTION('',(-0.707106781186661,-2.96958125798087E-12,-0.707106781186435));
#2767=DIRECTION('',(-0.5311025258582,-0.660197102425446,0.531102525861143));
#2768=DIRECTION('',(-4.19962208960483E-12,1.,1.82325745790231E-40));
#2769=DIRECTION('',(0.577350269187119,0.577350269192031,-0.577350269189728));
#2770=DIRECTION('',(0.,-0.707106781186548,-0.707106781186548));
#2771=DIRECTION('',(-1.,0.,0.));
#2772=DIRECTION('',(-1.,-1.06418944224796E-13,1.06418944224796E-13));
#2773=DIRECTION('',(0.,-0.707106781186548,-0.707106781186548));
#2774=DIRECTION('',(7.3864315492473E-38,-0.707106781186548,0.707106781186548));
#2775=DIRECTION('',(0.395471280066582,-0.649462264740031,0.649462264740031));
#2776=DIRECTION('',(3.6506675387986E-5,-0.707105528510708,0.707108032917782));
#2777=DIRECTION('',(1.,0.,0.));
#2778=DIRECTION('',(0.,-0.707106781186548,0.707106781186548));
#2779=DIRECTION('',(-0.395471280066595,-0.649462264740027,0.649462264740027));
#2780=DIRECTION('',(0.,-0.707106781186548,-0.707106781186548));
#2781=DIRECTION('',(5.93916251596142E-12,-0.707106781186548,0.707106781186548));
#2782=DIRECTION('',(-1.06418944224796E-13,0.,-1.));
#2783=DIRECTION('',(-1.,0.,1.06418944224796E-13));
#2784=DIRECTION('',(5.22299583724302E-38,-1.,-5.55825702687233E-51));
#2785=DIRECTION('',(-1.,-1.06418944224796E-13,1.06418944224796E-13));
#2786=DIRECTION('',(4.19962208960528E-12,-1.,-4.46919348916775E-25));
#2787=DIRECTION('',(1.,1.06418944224796E-13,-1.06418944224796E-13));
#2788=DIRECTION('',(0.707106781186511,5.04870979341448E-29,-0.707106781186585));
#2789=DIRECTION('',(5.22299583724302E-38,-1.,-5.55825702687233E-51));
#2790=DIRECTION('',(-7.139953862333E-29,1.,-2.56217212203604E-45));
#2791=DIRECTION('',(0.707106781186511,5.04870979341448E-29,-0.707106781186585));
#2792=DIRECTION('',(-0.531102525859874,0.660197102425165,-0.531102525859818));
#2793=DIRECTION('',(5.22299583724302E-38,-1.,-5.55825702687233E-51));
#2794=DIRECTION('',(-0.577350269189666,0.577350269189606,-0.577350269189606));
#2795=DIRECTION('',(5.22299583724302E-38,-1.,-5.55825702687233E-51));
#2796=DIRECTION('',(1.06418944224796E-13,0.,1.));
#2797=DIRECTION('',(-4.33746195577934E-39,0.74740931868366,0.66436383882992));
#2798=DIRECTION('',(0.,-0.66436383882992,0.74740931868366));
#2799=DIRECTION('',(1.46725148476135E-29,-0.986393923832144,-0.164398987305357));
#2800=DIRECTION('',(0.,-0.164398987305357,0.986393923832144));
#2801=DIRECTION('',(4.19962208960528E-12,-1.,-4.46919348916775E-25));
#2802=DIRECTION('',(1.06418944223771E-13,0.,1.));
#2803=DIRECTION('',(-3.48759631635637E-13,0.74740931868366,0.66436383882992));
#2804=DIRECTION('',(5.92900820493584E-12,-0.66436383882992,0.74740931868366));
#2805=DIRECTION('',(3.45206809298158E-12,-0.986393923832144,-0.164398987305357));
#2806=DIRECTION('',(4.83272768859554E-12,-0.164398987305357,0.986393923832144));
#2807=DIRECTION('',(0.,0.,-1.));
#2808=DIRECTION('',(-1.,0.,0.));
#2809=DIRECTION('',(0.0612020885858686,-0.236649185645773,0.969665647161908));
#2810=DIRECTION('',(0.,0.971486801075012,0.237093642548762));
#2811=DIRECTION('',(0.250381721394646,-0.968147196242107,-1.75897049202561E-25));
#2812=DIRECTION('',(-0.968147196242108,-0.250381721394646,0.));
#2813=DIRECTION('',(0.,0.,-1.));
#2814=DIRECTION('',(-1.,0.,0.));
#2815=DIRECTION('',(-0.25038172139058,-0.968147196243159,5.32907168871455E-14));
#2816=DIRECTION('',(-0.968147196243159,0.25038172139058,0.));
#2817=DIRECTION('',(-1.,6.02934254911523E-14,0.));
#2818=DIRECTION('',(6.02934254911523E-14,1.,0.));
#2819=DIRECTION('',(-0.0612020885846049,-0.236649185645785,0.969665647161985));
#2820=DIRECTION('',(0.,0.971486801075014,0.237093642548754));
#2821=DIRECTION('',(0.0612020885858686,-0.236649185645773,0.969665647161908));
#2822=DIRECTION('',(-2.01470745965489E-12,0.971486801074983,0.237093642548881));
#2823=DIRECTION('',(0.0612020885858686,-0.236649185645773,0.969665647161908));
#2824=DIRECTION('',(0.0612020885858686,-0.236649185645773,0.969665647161908));
#2825=DIRECTION('',(2.96468836840256E-12,-0.704540909454641,-0.709663375766868));
#2826=DIRECTION('',(0.0717233255489187,-0.707835684477728,0.702726410740446));
#2827=DIRECTION('',(2.96468836840256E-12,-0.704540909454641,-0.709663375766868));
#2828=DIRECTION('',(3.05529448880097E-12,-0.709663375766868,0.704540909454641));
#2829=DIRECTION('',(-0.180517647923986,0.698004845307395,-0.692966532175539));
#2830=DIRECTION('',(4.31406884812282E-17,0.709663375766868,-0.704540909454641));
#2831=DIRECTION('',(-1.,-4.20797192699203E-12,0.));
#2832=DIRECTION('',(-0.968147196242107,-0.250381721394646,-6.18399836227518E-14));
#2833=DIRECTION('',(0.250381721394646,-0.968147196242107,-5.79941066749143E-13));
#2834=DIRECTION('',(-0.250381721394646,0.968147196242107,1.75897049202561E-25));
#2835=DIRECTION('',(-0.968147196242107,-0.250381721394646,-6.18399836227518E-14));
#2836=DIRECTION('',(-0.174808628824563,0.675929867934405,-0.715933486381699));
#2837=DIRECTION('',(-0.0612020885846049,-0.236649185645785,0.969665647161985));
#2838=DIRECTION('',(-2.01470745965504E-12,0.971486801075043,0.237093642548634));
#2839=DIRECTION('',(-0.0612020885846049,-0.236649185645785,0.969665647161985));
#2840=DIRECTION('',(-0.0612020885846049,-0.236649185645785,0.969665647161985));
#2841=DIRECTION('',(5.85742670562543E-14,0.971486801075013,0.237093642548758));
#2842=DIRECTION('',(-1.03384599698742E-13,0.237093642548758,-0.971486801075014));
#2843=DIRECTION('',(-5.72532410834869E-15,-0.237093642548758,0.971486801075013));
#2844=DIRECTION('',(5.85742670562543E-14,0.971486801075013,0.237093642548758));
#2845=DIRECTION('',(-1.3815715398963E-13,0.237093642548758,-0.971486801075013));
#2846=DIRECTION('',(-5.72532410834869E-15,-0.237093642548758,0.971486801075013));
#2847=DIRECTION('',(1.,-6.02934254911524E-14,0.));
#2848=DIRECTION('',(-1.,6.02934254911523E-14,0.));
#2849=DIRECTION('',(-5.72532410834869E-15,-0.237093642548758,0.971486801075013));
#2850=DIRECTION('',(5.85742670562543E-14,0.971486801075013,0.237093642548758));
#2851=DIRECTION('',(-1.3815715398963E-13,0.237093642548758,-0.971486801075013));
#2852=DIRECTION('',(9.76765745738441E-14,-0.237093642548758,0.971486801075013));
#2853=DIRECTION('',(0.968147196243159,-0.25038172139058,-2.67898388578435E-13));
#2854=DIRECTION('',(-0.25038172139058,-0.968147196243159,-5.26650349861822E-13));
#2855=DIRECTION('',(0.968147196243159,-0.25038172139058,-2.67898388578435E-13));
#2856=DIRECTION('',(-0.174808628821674,-0.675929867935534,0.715933486381338));
#2857=DIRECTION('',(0.25038172139058,0.968147196243159,-5.32907168871455E-14));
#2858=DIRECTION('',(-0.25038172139058,-0.968147196243159,5.32907168871455E-14));
#2859=DIRECTION('',(0.968147196243159,-0.25038172139058,-2.46122249094758E-13));
#2860=DIRECTION('',(0.250381721394646,-0.968147196242107,-1.75897049202561E-25));
#2861=DIRECTION('',(-0.968147196242107,-0.250381721394646,-4.00638441390746E-14));
#2862=DIRECTION('',(-1.,6.02934254911523E-14,0.));
#2863=DIRECTION('',(6.02934254911523E-14,1.,-1.57713813111996E-13));
#2864=DIRECTION('',(-1.,2.4147944444259E-14,5.88103188191851E-27));
#2865=DIRECTION('',(2.4147944444259E-14,1.,0.));
#2866=DIRECTION('',(-6.3108872417681E-29,0.707106781186547,0.707106781186548));
#2867=DIRECTION('',(-1.,1.79927424960937E-28,0.));
#2868=DIRECTION('',(-0.577350269187119,-0.577350269192031,0.577350269189728));
#2869=DIRECTION('',(-1.,-8.92494232791578E-29,0.));
#2870=DIRECTION('',(0.577350269189666,-0.577350269189606,0.577350269189606));
#2871=DIRECTION('',(-6.3108872417681E-29,0.707106781186547,0.707106781186548));
#2872=DIRECTION('',(-6.31088723438165E-29,-0.707106781186548,0.707106781186547));
#2873=DIRECTION('',(-1.,-1.06418944224796E-13,1.06418944224796E-13));
#2874=DIRECTION('',(-6.3108872417681E-29,0.707106781186547,0.707106781186548));
#2875=DIRECTION('',(5.93916251596141E-12,-0.707106781186548,0.707106781186547));
#2876=DIRECTION('',(1.,1.06418944224796E-13,-1.06418944224796E-13));
#2877=DIRECTION('',(1.06418944224735E-13,-1.,-5.71499572020079E-13));
#2878=DIRECTION('',(1.,8.92494232269279E-29,5.22298970115468E-38));
#2879=DIRECTION('',(8.92494232269279E-29,-1.,0.));
#2880=DIRECTION('',(1.,1.06418944224796E-13,-1.06418944224796E-13));
#2881=DIRECTION('',(-1.06418944224796E-13,0.,-1.));
#2882=DIRECTION('',(0.577350269189666,-0.577350269189606,0.577350269189605));
#2883=DIRECTION('',(-0.707106781186511,-0.707106781186585,0.));
#2884=DIRECTION('',(0.577350269189666,-0.577350269189606,0.577350269189605));
#2885=DIRECTION('',(0.707106781186713,4.04111222820506E-13,-0.707106781186383));
#2886=DIRECTION('',(-0.192450089729879,0.192450089729859,0.962250448649379));
#2887=DIRECTION('',(0.680413817439809,-0.680413817439738,0.272165526975901));
#2888=DIRECTION('',(-0.577350269187119,-0.577350269192031,0.577350269189727));
#2889=DIRECTION('',(-0.707106781186863,-2.56547003516121E-12,-0.707106781186233));
#2890=DIRECTION('',(0.192450089729085,0.192450089730723,0.962250448649365));
#2891=DIRECTION('',(-0.680413817436869,-0.680413817442658,0.272165526975948));
#2892=DIRECTION('',(-0.57735026918463,-0.577350269192124,0.577350269192123));
#2893=DIRECTION('',(0.,0.707106781186547,0.707106781186548));
#2894=DIRECTION('',(0.754406506735483,-0.633022221559496,-0.17364817766693));
#2895=DIRECTION('',(-0.616891022898639,-0.774133623486205,0.141995066305807));
#2896=DIRECTION('',(0.754406506735483,-0.633022221559496,-0.17364817766693));
#2897=DIRECTION('',(0.616891022898709,0.774133623486205,-0.141995066305502));
#2898=DIRECTION('',(-0.593214188277336,-0.54423694624013,-0.593214188277455));
#2899=DIRECTION('',(-0.642787609686571,-0.766044443118951,-1.86328668146858E-13));
#2900=DIRECTION('',(-0.490918531337197,-0.719720773063865,0.490918531337005));
#2901=DIRECTION('',(0.754406506735483,-0.633022221559496,-0.17364817766693));
#2902=DIRECTION('',(-0.616891022898366,-0.774133623486204,0.141995066306993));
#2903=DIRECTION('',(-0.395471280066595,-0.649462264740027,0.649462264740027));
#2904=DIRECTION('',(-0.642787609686546,-0.766044443118972,0.));
#2905=DIRECTION('',(6.81658877300974E-18,0.26454325146224,-0.96437382176508));
#2906=DIRECTION('',(-0.642787609686546,-0.766044443118972,-1.36606921651765E-17));
#2907=DIRECTION('',(-1.,0.,-6.12323399573677E-17));
#2908=DIRECTION('',(0.,1.,0.));
#2909=DIRECTION('',(4.31406884815996E-17,0.709663375766868,-0.704540909454641));
#2910=DIRECTION('',(0.,1.,0.));
#2911=DIRECTION('',(5.90508657003053E-17,0.26454325146224,-0.96437382176508));
#2912=DIRECTION('',(0.,1.,0.));
#2913=DIRECTION('',(-1.,0.,0.));
#2914=DIRECTION('',(0.,-1.0850492054344E-18,1.));
#2915=DIRECTION('',(0.,-0.264543251462244,0.964373821765079));
#2916=DIRECTION('',(0.,1.,0.));
#2917=DIRECTION('',(0.,0.709663375766868,-0.704540909454641));
#2918=DIRECTION('',(0.,1.,0.));
#2919=DIRECTION('',(-0.395471280066582,0.64946226474003,-0.649462264740031));
#2920=DIRECTION('',(0.,-0.707106781186548,-0.707106781186548));
#2921=DIRECTION('',(-0.692488760095819,-0.0178498780975379,0.721207805693241));
#2922=DIRECTION('',(-0.55002655400957,0.6599557529884,-0.511790185507569));
#2923=DIRECTION('',(7.139953862333E-29,-1.,0.));
#2924=DIRECTION('',(-1.,-7.139953862333E-29,0.));
#2925=DIRECTION('',(1.30841038223655E-14,-1.,0.));
#2926=DIRECTION('',(-1.,-1.30841038223655E-14,0.));
#2927=DIRECTION('',(-0.790286024718476,-0.585113569293374,-0.181906872227074));
#2928=DIRECTION('',(0.570203218749625,-0.810951361691174,0.131248536368214));
#2929=DIRECTION('',(-1.,-5.72429542228458E-15,0.));
#2930=DIRECTION('',(-5.72429542228458E-15,1.,0.));
#2931=DIRECTION('',(-1.,-8.92494232791578E-29,0.));
#2932=DIRECTION('',(-8.92494232791578E-29,1.,0.));
#2933=DIRECTION('',(-1.,-3.99310493528796E-12,0.));
#2934=DIRECTION('',(-3.99310493528796E-12,1.,0.));
#2935=DIRECTION('',(-0.395471280066595,-0.649462264740027,0.649462264740027));
#2936=DIRECTION('',(0.,0.707106781186548,0.707106781186548));
#2937=DIRECTION('',(0.692488760096181,-0.0178498780943778,0.721207805692972));
#2938=DIRECTION('',(-0.550026554007691,-0.659955752988767,0.511790185509115));
#2939=DIRECTION('',(-4.19999732697838E-12,1.,0.));
#2940=DIRECTION('',(1.,4.19999732697838E-12,0.));
#2941=DIRECTION('',(4.19962208960483E-12,-1.,0.));
#2942=DIRECTION('',(-1.,-4.19962208960483E-12,0.));
#2943=DIRECTION('',(-0.790286024718525,0.58511356929328,0.181906872227163));
#2944=DIRECTION('',(-0.570203218749262,-0.810951361691241,0.131248536369378));
#2945=DIRECTION('',(0.,-0.709663375766868,0.704540909454641));
#2946=DIRECTION('',(0.,0.704540909454641,0.709663375766868));
#2947=DIRECTION('',(0.,-0.071281887083794,0.99745621085528));
#2948=DIRECTION('',(0.,-0.99745621085528,-0.071281887083794));
#2949=DIRECTION('',(0.,0.264543251462244,-0.964373821765079));
#2950=DIRECTION('',(0.,-0.964373821765079,-0.264543251462244));
#2951=DIRECTION('',(0.,-0.0343159826673355,0.999411033225857));
#2952=DIRECTION('',(0.,0.999411033225857,0.0343159826673355));
#2953=DIRECTION('',(4.31406884815996E-17,0.709663375766868,-0.704540909454641));
#2954=DIRECTION('',(0.,-0.704540909454641,-0.709663375766868));
#2955=DIRECTION('',(-4.33325121468961E-18,-0.0712818870837939,0.99745621085528));
#2956=DIRECTION('',(0.,0.99745621085528,0.0712818870837939));
#2957=DIRECTION('',(-5.90508657003053E-17,-0.26454325146224,0.96437382176508));
#2958=DIRECTION('',(0.,0.96437382176508,0.26454325146224));
#2959=DIRECTION('',(-7.65995153027763E-18,-0.034315982667335,0.999411033225857));
#2960=DIRECTION('',(0.,-0.999411033225857,-0.034315982667335));
#2961=DIRECTION('',(0.,-1.,0.));
#2962=DIRECTION('',(0.,0.,1.));
#2963=DIRECTION('',(0.,-1.,0.));
#2964=DIRECTION('',(0.,0.,1.));
#2965=DIRECTION('',(0.,-1.,0.));
#2966=DIRECTION('',(0.,0.,1.));
#2967=DIRECTION('',(0.642787609686535,-0.766044443118982,0.));
#2968=DIRECTION('',(-0.766044443118982,-0.642787609686535,0.));
#2969=DIRECTION('',(0.642787609686534,-0.766044443118982,0.));
#2970=DIRECTION('',(-0.766044443118982,-0.642787609686534,0.));
#2971=DIRECTION('',(0.642787609686535,-0.766044443118982,0.));
#2972=DIRECTION('',(-0.766044443118982,-0.642787609686535,0.));
#2973=DIRECTION('',(0.626219473637169,-0.773374157297294,0.0986994613069792));
#2974=DIRECTION('',(-0.777168849173562,-0.629292126022757,0.));
#2975=DIRECTION('',(0.603683585347139,-0.772972326971945,0.195140745407002));
#2976=DIRECTION('',(-0.788123810818946,-0.615516741299717,0.));
#2977=DIRECTION('',(0.520783069418975,-0.676439198459966,0.520783069418919));
#2978=DIRECTION('',(-0.792371880862439,-0.610038361431903,0.));
#2979=DIRECTION('',(0.558659619346214,-0.613024354674391,0.558659619346154));
#2980=DIRECTION('',(-0.739120510602219,-0.673573211170928,0.));
#2981=DIRECTION('',(0.857737145634869,-0.363515466657298,0.3635154666573));
#2982=DIRECTION('',(0.390210482574475,0.,-0.920725680802374));
#2983=DIRECTION('',(1.,1.06251812903579E-13,-1.06251812903579E-13));
#2984=DIRECTION('',(-1.06251812903579E-13,0.,-1.));
#2985=DIRECTION('',(1.,1.06418944224796E-13,-1.06418944224796E-13));
#2986=DIRECTION('',(-1.06418944224796E-13,0.,-1.));
#2987=DIRECTION('',(1.,1.06251812903577E-13,-1.06251812903579E-13));
#2988=DIRECTION('',(-1.06251812903579E-13,0.,-1.));
#2989=DIRECTION('',(0.85739730575111,0.363916103031137,-0.363916103031136));
#2990=DIRECTION('',(0.390706147135381,-0.920515457007988,0.));
#2991=DIRECTION('',(0.558693590673961,0.612962432353394,-0.558693590676721));
#2992=DIRECTION('',(0.,-0.673632755868678,-0.739066242106058));
#2993=DIRECTION('',(0.520818080456404,0.676385285274809,-0.520818080459408));
#2994=DIRECTION('',(0.,-0.610094637296083,-0.79232855151292));
#2995=DIRECTION('',(0.603757747610424,0.77298449485058,-0.194862908017356));
#2996=DIRECTION('',(0.78809183029142,-0.615557687814814,0.));
#2997=DIRECTION('',(0.626261690364827,0.773366781890665,-0.0984891661527648));
#2998=DIRECTION('',(0.777145165980663,-0.629321373379999,0.));
#2999=DIRECTION('',(0.642787609686544,0.766044443118974,0.));
#3000=DIRECTION('',(0.766044443118974,-0.642787609686544,0.));
#3001=DIRECTION('',(0.642787609686546,0.766044443118972,0.));
#3002=DIRECTION('',(0.766044443118972,-0.642787609686546,0.));
#3003=DIRECTION('',(0.642787609686544,0.766044443118974,0.));
#3004=DIRECTION('',(0.766044443118974,-0.642787609686544,0.));
#3005=DIRECTION('',(0.,1.,0.));
#3006=DIRECTION('',(0.,0.,-1.));
#3007=DIRECTION('',(0.,1.,0.));
#3008=DIRECTION('',(0.,0.,-1.));
#3009=DIRECTION('',(1.0842021724855E-15,1.,0.));
#3010=DIRECTION('',(1.,-1.0842021724855E-15,0.));
#3011=DIRECTION('',(0.,0.,-1.));
#3012=DIRECTION('',(-1.,0.,0.));
#3013=DIRECTION('',(0.,0.,-1.));
#3014=DIRECTION('',(-1.,0.,0.));
#3015=DIRECTION('',(0.,0.,-1.));
#3016=DIRECTION('',(-1.,0.,0.));
#3017=DIRECTION('',(0.,0.,-1.));
#3018=DIRECTION('',(-1.,0.,0.));
#3019=DIRECTION('',(-0.707106781186548,-1.54942723613717E-13,0.707106781186547));
#3020=DIRECTION('',(-0.707106781186547,-1.54942723613716E-13,-0.707106781186548));
#3021=DIRECTION('',(0.,0.,-1.));
#3022=DIRECTION('',(-1.,0.,0.));
#3023=DIRECTION('',(0.,0.,-1.));
#3024=DIRECTION('',(-1.,0.,0.));
#3025=DIRECTION('',(0.,0.,-1.));
#3026=DIRECTION('',(-1.,0.,0.));
#3027=DIRECTION('',(0.,0.,-1.));
#3028=DIRECTION('',(-1.,0.,0.));
#3029=DIRECTION('',(0.,0.,-1.));
#3030=DIRECTION('',(-1.,0.,0.));
#3031=DIRECTION('',(0.,0.,1.));
#3032=DIRECTION('',(1.,0.,0.));
#3033=DIRECTION('',(0.,0.,1.));
#3034=DIRECTION('',(1.,0.,0.));
#3035=DIRECTION('',(0.,0.,1.));
#3036=DIRECTION('',(1.,0.,0.));
#3037=DIRECTION('',(-0.707106781186548,0.,-0.707106781186548));
#3038=DIRECTION('',(0.707106781186548,0.,-0.707106781186548));
#3039=DIRECTION('',(-0.707106781186544,0.,0.707106781186551));
#3040=DIRECTION('',(0.,-1.,0.));
#3041=DIRECTION('',(1.57497566372792E-13,0.707106781186548,0.707106781186548));
#3042=DIRECTION('',(1.57497566372792E-13,0.707106781186548,-0.707106781186548));
#3043=DIRECTION('',(-1.57497566372792E-13,-0.707106781186548,-0.707106781186548));
#3044=DIRECTION('',(-1.,2.22735194405159E-13,0.));
#3045=DIRECTION('',(4.26338900257597E-14,0.707106781186548,-0.707106781186548));
#3046=DIRECTION('',(-4.26338900257596E-14,-0.707106781186548,-0.707106781186548));
#3047=DIRECTION('',(-1.,6.02934254911524E-14,0.));
#3048=DIRECTION('',(-2.97548548461869E-12,0.707106781186548,-0.707106781186548));
#3049=DIRECTION('',(2.97548548461869E-12,-0.707106781186548,-0.707106781186548));
#3050=DIRECTION('',(9.20212437211E-12,0.707106781186549,0.707106781186546));
#3051=DIRECTION('',(-1.,-4.20797192699203E-12,0.));
#3052=DIRECTION('',(0.707106781186548,0.,0.707106781186548));
#3053=DIRECTION('',(0.707106781186548,0.,-0.707106781186548));
#3054=DIRECTION('',(-0.707106781186548,0.,-0.707106781186548));
#3055=DIRECTION('',(0.,1.,0.));
#3056=DIRECTION('',(1.70716893975387E-18,4.70648906350059E-18,1.));
#3057=DIRECTION('',(0.93954087553012,-0.342436772569909,0.));
#3058=DIRECTION('',(0.,0.,-1.));
#3059=DIRECTION('',(-1.,0.,0.));
#3060=DIRECTION('',(0.541675220419698,-0.454519477672049,-0.707106781186548));
#3061=DIRECTION('',(-0.541675220419698,0.454519477672049,-0.707106781186548));
#3062=DIRECTION('',(0.642787609686546,0.766044443118972,0.));
#3063=DIRECTION('',(-0.541675220419705,-0.45451947767204,-0.707106781186548));
#3064=DIRECTION('',(0.541675220419705,0.45451947767204,-0.707106781186548));
#3065=DIRECTION('',(0.642787609686534,-0.766044443118982,0.));
#3066=DIRECTION('',(0.,0.,-1.));
#3067=DIRECTION('',(-1.,0.,0.));
#3068=DIRECTION('',(0.,0.,-1.));
#3069=DIRECTION('',(-1.,0.,0.));
#3070=DIRECTION('',(0.,0.,-1.));
#3071=DIRECTION('',(-1.,0.,0.));
#3072=DIRECTION('',(0.,0.,-1.));
#3073=DIRECTION('',(-1.,0.,0.));
#3074=DIRECTION('',(0.,0.,-1.));
#3075=DIRECTION('',(-1.,0.,0.));
#3076=DIRECTION('',(0.,0.,-1.));
#3077=DIRECTION('',(-1.,0.,0.));
#3078=DIRECTION('',(2.69108008792004E-18,-7.41826459861265E-18,1.));
#3079=DIRECTION('',(-0.939528825142765,-0.342469833307777,0.));
#3080=DIRECTION('',(0.,0.,-1.));
#3081=DIRECTION('',(-1.,0.,0.));
#3082=DIRECTION('',(0.,0.,-1.));
#3083=DIRECTION('',(-1.,0.,0.));
#3084=DIRECTION('',(-0.707106781186548,-1.54942723613717E-13,0.707106781186547));
#3085=DIRECTION('',(0.707106781186547,0.,0.707106781186548));
#3086=DIRECTION('',(0.490918531337178,-0.719720773063868,0.490918531337021));
#3087=DIRECTION('',(-1.,2.4147944444259E-14,5.88103188191851E-27));
#3088=DIRECTION('',(2.4147944444259E-14,1.,0.));
#3089=DIRECTION('',(2.4147944444259E-14,1.,2.43270045569803E-13));
#3090=DIRECTION('',(-5.72532410834869E-15,-0.237093642548758,0.971486801075013));
#3091=DIRECTION('',(-1.,2.4147944444259E-14,5.88103188191851E-27));
#3092=DIRECTION('',(2.4147944444259E-14,1.,0.));
#3093=DIRECTION('',(2.4147944444259E-14,1.,0.));
#3094=DIRECTION('',(6.56033654657135E-30,-2.43270045569803E-13,1.));
#3095=DIRECTION('',(-1.,2.4147944444259E-14,5.88103188191851E-27));
#3096=DIRECTION('',(2.4147944444259E-14,1.,0.));
#3097=DIRECTION('',(-1.,2.4147944444259E-14,5.88103188191851E-27));
#3098=DIRECTION('',(2.4147944444259E-14,1.,0.));
#3099=DIRECTION('',(-5.72532410834869E-15,-0.237093642548758,0.971486801075013));
#3100=DIRECTION('',(2.4147944444259E-14,1.,2.43270045569803E-13));
#3101=DIRECTION('',(6.56033654657135E-30,-2.43270045569803E-13,1.));
#3102=DIRECTION('',(2.4147944444259E-14,1.,0.));
#3103=DIRECTION('',(2.4147944444259E-14,1.,2.43270045569803E-13));
#3104=DIRECTION('',(1.,-2.4147944444259E-14,-5.87447154537194E-27));
#3105=DIRECTION('',(0.707106781186547,1.54942723613717E-13,-0.707106781186548));
#3106=DIRECTION('',(1.,-2.4147944444259E-14,-4.40800963988525E-28));
#3107=DIRECTION('',(0.707106781186548,-1.89093074150219E-13,0.707106781186548));
#3108=DIRECTION('',(2.4147944444259E-14,1.,2.43270045569803E-13));
#3109=DIRECTION('',(0.,2.43270045569803E-13,-1.));
#3110=DIRECTION('',(6.56033654657135E-30,-2.43270045569803E-13,1.));
#3111=DIRECTION('',(2.4147944444259E-14,1.,2.43270045569803E-13));
#3112=DIRECTION('',(0.,2.43270045569803E-13,-1.));
#3113=DIRECTION('',(6.56033654657135E-30,-2.43270045569803E-13,1.));
#3114=DIRECTION('',(1.,-2.4147944444259E-14,0.));
#3115=DIRECTION('',(2.4147944444259E-14,1.,2.43270045569803E-13));
#3116=DIRECTION('',(0.,2.43270045569803E-13,-1.));
#3117=DIRECTION('',(-6.06807260091624E-14,-0.967746452136764,-0.251926188350291));
#3118=DIRECTION('',(-1.3709975329406E-13,0.251926188350291,-0.967746452136764));
#3119=DIRECTION('',(2.4147944444259E-14,1.,2.43270045569803E-13));
#3120=DIRECTION('',(0.,2.43270045569803E-13,-1.));
#3121=DIRECTION('',(-1.,2.4147944444259E-14,5.88103188191851E-27));
#3122=DIRECTION('',(2.4147944444259E-14,1.,0.));
#3123=DIRECTION('',(2.4147944444259E-14,1.,2.43270045569803E-13));
#3124=DIRECTION('',(-5.72532410834869E-15,-0.237093642548758,0.971486801075013));
#3125=DIRECTION('',(-1.,2.4147944444259E-14,5.88103188191851E-27));
#3126=DIRECTION('',(2.4147944444259E-14,1.,0.));
#3127=DIRECTION('',(2.4147944444259E-14,1.,0.));
#3128=DIRECTION('',(6.56033654657135E-30,-2.43270045569803E-13,1.));
#3129=DIRECTION('',(-1.,2.41479444442331E-14,1.06436750934518E-13));
#3130=DIRECTION('',(1.06436750934518E-13,0.,1.));
#3131=DIRECTION('',(-1.,2.41479444442331E-14,1.06436750934518E-13));
#3132=DIRECTION('',(1.06436750934518E-13,0.,1.));
#3133=DIRECTION('',(9.76765745738441E-14,-0.237093642548758,0.971486801075013));
#3134=DIRECTION('',(2.4147944444259E-14,1.,2.43270045569803E-13));
#3135=DIRECTION('',(1.06436750934512E-13,-2.43270045569805E-13,1.));
#3136=DIRECTION('',(2.41479444442331E-14,1.,0.));
#3137=DIRECTION('',(2.4147944444259E-14,1.,2.43270045569803E-13));
#3138=DIRECTION('',(1.,-2.4147944444259E-14,-5.87447154537194E-27));
#3139=DIRECTION('',(0.707106781186547,1.54942723613717E-13,-0.707106781186548));
#3140=DIRECTION('',(1.,-2.4147944444259E-14,-4.40800963988525E-28));
#3141=DIRECTION('',(0.707106781186547,-1.89093074150219E-13,0.707106781186548));
#3142=DIRECTION('',(2.4147944444259E-14,1.,2.43270045569803E-13));
#3143=DIRECTION('',(0.,2.43270045569803E-13,-1.));
#3144=DIRECTION('',(1.06436750934512E-13,-2.43270045569805E-13,1.));
#3145=DIRECTION('',(2.4147944444259E-14,1.,2.43270045569803E-13));
#3146=DIRECTION('',(0.,2.43270045569803E-13,-1.));
#3147=DIRECTION('',(6.56033654657135E-30,-2.43270045569803E-13,1.));
#3148=DIRECTION('',(1.,-2.4147944444259E-14,0.));
#3149=DIRECTION('',(2.4147944444259E-14,1.,2.43270045569803E-13));
#3150=DIRECTION('',(0.,2.43270045569803E-13,-1.));
#3151=DIRECTION('',(-6.06807260091624E-14,-0.967746452136764,-0.251926188350291));
#3152=DIRECTION('',(-1.3709975329406E-13,0.251926188350291,-0.967746452136764));
#3153=DIRECTION('',(2.4147944444259E-14,1.,2.43270045569803E-13));
#3154=DIRECTION('',(0.,2.43270045569803E-13,-1.));
#3155=DIRECTION('',(0.490918531337178,-0.719720773063868,0.490918531337021));
#3156=DIRECTION('',(-0.826120572205807,-0.563493389649204,0.));
#3157=DIRECTION('',(0.58671287579708,-0.768909641751377,0.25405897778998));
#3158=DIRECTION('',(-0.294344736608403,0.0897821242434417,0.951472724883517));
#3159=DIRECTION('',(-0.490918531337176,0.719720773063871,-0.490918531337018));
#3160=DIRECTION('',(0.82612057220581,0.563493389649201,0.));
#3161=DIRECTION('',(0.642787609686559,-0.766044443118961,-1.8635566658604E-13));
#3162=DIRECTION('',(-0.766044443118961,-0.642787609686559,0.));
#3163=DIRECTION('',(0.651752404860947,-0.690920553648163,-0.31280599627323));
#3164=DIRECTION('',(-0.0780360516243778,0.349158496328547,-0.933808716541276));
#3165=DIRECTION('',(-0.593214188277324,0.544236946240127,0.59321418827747));
#3166=DIRECTION('',(0.707106781186634,0.,0.707106781186461));
#3167=DIRECTION('',(0.593214188277322,-0.544236946240129,-0.593214188277469));
#3168=DIRECTION('',(-0.707106781186635,0.,-0.70710678118646));
#3169=DIRECTION('',(0.490918531337197,0.719720773063865,-0.490918531337005));
#3170=DIRECTION('',(0.826120572205796,-0.56349338964922,0.));
#3171=DIRECTION('',(0.490918531337196,0.719720773063862,-0.49091853133701));
#3172=DIRECTION('',(0.826120572205796,-0.563493389649221,0.));
#3173=DIRECTION('',(0.586712875797095,0.768909641751369,-0.254058977789971));
#3174=DIRECTION('',(-0.294344736608399,-0.0897821242434301,-0.951472724883519));
#3175=DIRECTION('',(0.642787609686571,0.766044443118951,1.86344944804959E-13));
#3176=DIRECTION('',(0.766044443118951,-0.642787609686571,0.));
#3177=DIRECTION('',(0.651752404860959,0.690920553648156,0.312805996273222));
#3178=DIRECTION('',(-0.0780360516243775,-0.349158496328539,0.933808716541279));
#3179=DIRECTION('',(0.593214188277334,0.54423694624013,0.593214188277455));
#3180=DIRECTION('',(0.70710678118662,0.,-0.707106781186475));
#3181=DIRECTION('',(0.593214188277336,0.54423694624013,0.593214188277455));
#3182=DIRECTION('',(0.707106781186619,0.,-0.707106781186477));
#3183=DIRECTION('',(-1.,2.4147944444259E-14,5.88103188191851E-27));
#3184=DIRECTION('',(2.4147944444259E-14,1.,0.));
#3185=DIRECTION('',(6.16937861601275E-15,0.237093642548756,-0.971486801075013));
#3186=DIRECTION('',(0.,-0.971486801075014,-0.237093642548756));
#3187=DIRECTION('',(-2.60208521396518E-14,-1.,-2.60208521396521E-14));
#3188=DIRECTION('',(0.,-2.60208521396521E-14,1.));
#3189=DIRECTION('',(-6.56033654657135E-30,2.43270045569803E-13,-1.));
#3190=DIRECTION('',(0.,-1.,-2.43270045569803E-13));
#3191=DIRECTION('',(0.,0.,-1.));
#3192=DIRECTION('',(-1.,0.,0.));
#3193=DIRECTION('',(-6.31945763002067E-27,-2.42861286636753E-13,1.));
#3194=DIRECTION('',(0.,1.,2.42861286636753E-13));
#3195=DIRECTION('',(-2.4147944444259E-14,-1.,0.));
#3196=DIRECTION('',(-1.,2.4147944444259E-14,0.));
#3197=DIRECTION('',(-2.60208521396523E-14,-1.,0.));
#3198=DIRECTION('',(-1.,2.60208521396523E-14,0.));
#3199=DIRECTION('',(-5.72532410834869E-15,-0.237093642548758,0.971486801075013));
#3200=DIRECTION('',(0.,0.971486801075013,0.237093642548758));
#3201=DIRECTION('',(6.16937861601279E-15,0.237093642548758,-0.971486801075013));
#3202=DIRECTION('',(0.,-0.971486801075013,-0.237093642548758));
#3203=DIRECTION('',(2.4147944444259E-14,1.,2.43270045569803E-13));
#3204=DIRECTION('',(0.,2.43270045569803E-13,-1.));
#3205=DIRECTION('',(5.26621469168389E-27,2.42861286636753E-13,-1.));
#3206=DIRECTION('',(0.,-1.,-2.42861286636753E-13));
#3207=DIRECTION('',(0.,0.,-1.));
#3208=DIRECTION('',(-1.,0.,0.));
#3209=DIRECTION('',(1.,-1.73472347597681E-14,7.52316384526265E-29));
#3210=DIRECTION('',(-1.73472347597681E-14,-1.,0.));
#3211=DIRECTION('',(-6.16937861601274E-15,-0.237093642548758,0.971486801075013));
#3212=DIRECTION('',(0.,0.971486801075013,0.237093642548758));
#3213=DIRECTION('',(6.56033654657135E-30,-2.43270045569803E-13,1.));
#3214=DIRECTION('',(0.,1.,2.43270045569803E-13));
#3215=DIRECTION('',(0.,0.,-1.));
#3216=DIRECTION('',(-1.,0.,0.));
#3217=DIRECTION('',(-1.,2.4147944444259E-14,0.));
#3218=DIRECTION('',(2.4147944444259E-14,1.,0.));
#3219=DIRECTION('',(-1.,2.60208521396522E-14,0.));
#3220=DIRECTION('',(2.60208521396522E-14,1.,0.));
#3221=DIRECTION('',(5.72532410834869E-15,0.237093642548758,-0.971486801075013));
#3222=DIRECTION('',(0.,-0.971486801075013,-0.237093642548758));
#3223=DIRECTION('',(-6.16937861601261E-15,-0.237093642548752,0.971486801075014));
#3224=DIRECTION('',(0.,0.971486801075014,0.237093642548752));
#3225=DIRECTION('',(0.,0.,-1.));
#3226=DIRECTION('',(-1.,0.,0.));
#3227=DIRECTION('',(-2.6020852139652E-14,-1.,-2.25694915357878E-28));
#3228=DIRECTION('',(-1.,2.6020852139652E-14,0.));
#3229=DIRECTION('',(-1.,2.4147944444259E-14,5.88103188191851E-27));
#3230=DIRECTION('',(2.4147944444259E-14,1.,0.));
#3231=DIRECTION('',(-2.6020852139652E-14,-1.,6.77084746073636E-28));
#3232=DIRECTION('',(-1.,2.6020852139652E-14,0.));
#3233=DIRECTION('',(2.4147944444259E-14,1.,0.));
#3234=DIRECTION('',(1.,-2.4147944444259E-14,0.));
#3235=DIRECTION('',(2.4147944444259E-14,1.,2.43270045569803E-13));
#3236=DIRECTION('',(0.,2.43270045569803E-13,-1.));
#3237=DIRECTION('',(-0.707106781186551,-1.5946251533507E-13,0.707106781186544));
#3238=DIRECTION('',(0.707106781186544,0.,0.707106781186551));
#3239=DIRECTION('',(0.707106781186547,-1.95494910627139E-13,0.707106781186549));
#3240=DIRECTION('',(0.707106781186549,0.,-0.707106781186547));
#3241=DIRECTION('',(-0.707106781186548,1.89093074150219E-13,-0.707106781186548));
#3242=DIRECTION('',(-0.707106781186548,0.,0.707106781186548));
#3243=DIRECTION('',(-0.923879532511287,1.15405207654534E-13,-0.38268343236509));
#3244=DIRECTION('',(-0.38268343236509,-2.15511197710538E-13,0.923879532511287));
#3245=DIRECTION('',(-0.707106781186547,-1.54942723613717E-13,0.707106781186548));
#3246=DIRECTION('',(0.707106781186548,0.,0.707106781186547));
#3247=DIRECTION('',(-0.923879532511287,-7.07856244059934E-14,0.38268343236509));
#3248=DIRECTION('',(-0.38268343236509,2.33993234239519E-13,-0.923879532511287));
#3249=DIRECTION('',(-1.,2.4147944444259E-14,4.40800963988525E-28));
#3250=DIRECTION('',(2.4147944444259E-14,1.,0.));
#3251=DIRECTION('',(-1.,2.41479444442331E-14,1.06436750934518E-13));
#3252=DIRECTION('',(1.06436750934518E-13,0.,1.));
#3253=DIRECTION('',(-9.70528552101061E-14,0.237093642548758,-0.971486801075013));
#3254=DIRECTION('',(0.,-0.971486801075013,-0.237093642548758));
#3255=DIRECTION('',(-2.77181567923868E-27,-1.,-2.60208521396521E-14));
#3256=DIRECTION('',(0.,-2.60208521396521E-14,1.));
#3257=DIRECTION('',(-1.06436750934512E-13,2.43270045569805E-13,-1.));
#3258=DIRECTION('',(0.,-1.,-2.43270045569805E-13));
#3259=DIRECTION('',(0.,0.,-1.));
#3260=DIRECTION('',(-1.,0.,0.));
#3261=DIRECTION('',(1.06251812903573E-13,-2.42861286636756E-13,1.));
#3262=DIRECTION('',(0.,1.,2.42861286636756E-13));
#3263=DIRECTION('',(-2.41479444442331E-14,-1.,0.));
#3264=DIRECTION('',(-1.,2.41479444442331E-14,0.));
#3265=DIRECTION('',(-2.6020852139652E-14,-1.,0.));
#3266=DIRECTION('',(-1.,2.6020852139652E-14,0.));
#3267=DIRECTION('',(9.76765745738441E-14,-0.237093642548758,0.971486801075013));
#3268=DIRECTION('',(0.,0.971486801075013,0.237093642548758));
#3269=DIRECTION('',(-9.70528552101008E-14,0.23709364254886,-0.971486801074988));
#3270=DIRECTION('',(0.,-0.971486801074988,-0.23709364254886));
#3271=DIRECTION('',(2.4147944444259E-14,1.,2.43270045569803E-13));
#3272=DIRECTION('',(0.,2.43270045569803E-13,-1.));
#3273=DIRECTION('',(5.26621469168389E-27,2.42861286636753E-13,-1.));
#3274=DIRECTION('',(0.,-1.,-2.42861286636753E-13));
#3275=DIRECTION('',(0.,0.,-1.));
#3276=DIRECTION('',(-1.,0.,0.));
#3277=DIRECTION('',(1.,-2.60208521396522E-14,1.1284745767894E-28));
#3278=DIRECTION('',(-2.60208521396522E-14,-1.,0.));
#3279=DIRECTION('',(-6.16937861601279E-15,-0.237093642548758,0.971486801075013));
#3280=DIRECTION('',(0.,0.971486801075013,0.237093642548758));
#3281=DIRECTION('',(6.56033654657135E-30,-2.43270045569803E-13,1.));
#3282=DIRECTION('',(0.,1.,2.43270045569803E-13));
#3283=DIRECTION('',(0.,0.,-1.));
#3284=DIRECTION('',(-1.,0.,0.));
#3285=DIRECTION('',(-1.,2.4147944444259E-14,0.));
#3286=DIRECTION('',(2.4147944444259E-14,1.,0.));
#3287=DIRECTION('',(-1.,1.73472347597681E-14,0.));
#3288=DIRECTION('',(1.73472347597681E-14,1.,0.));
#3289=DIRECTION('',(5.72532410834869E-15,0.237093642548758,-0.971486801075013));
#3290=DIRECTION('',(0.,-0.971486801075013,-0.237093642548758));
#3291=DIRECTION('',(-6.16937861601266E-15,-0.237093642548752,0.971486801075014));
#3292=DIRECTION('',(0.,0.971486801075014,0.237093642548752));
#3293=DIRECTION('',(0.,0.,-1.));
#3294=DIRECTION('',(-1.,0.,0.));
#3295=DIRECTION('',(-2.60208521396523E-14,-1.,0.));
#3296=DIRECTION('',(-1.,2.60208521396523E-14,0.));
#3297=DIRECTION('',(-1.,2.4147944444259E-14,5.88103188191851E-27));
#3298=DIRECTION('',(2.4147944444259E-14,1.,0.));
#3299=DIRECTION('',(-2.60208521396523E-14,-1.,2.70833898429457E-27));
#3300=DIRECTION('',(-1.,2.60208521396523E-14,0.));
#3301=DIRECTION('',(2.4147944444259E-14,1.,0.));
#3302=DIRECTION('',(1.,-2.4147944444259E-14,0.));
#3303=DIRECTION('',(2.4147944444259E-14,1.,2.43270045569803E-13));
#3304=DIRECTION('',(0.,2.43270045569803E-13,-1.));
#3305=DIRECTION('',(-0.707106781186548,-1.53329341668337E-13,0.707106781186547));
#3306=DIRECTION('',(0.707106781186547,0.,0.707106781186548));
#3307=DIRECTION('',(0.707106781186548,-1.88595090252071E-13,0.707106781186548));
#3308=DIRECTION('',(0.707106781186548,0.,-0.707106781186548));
#3309=DIRECTION('',(-0.707106781186547,1.89093074150219E-13,-0.707106781186548));
#3310=DIRECTION('',(-0.707106781186548,0.,0.707106781186547));
#3311=DIRECTION('',(-0.923879532511287,1.15405207654534E-13,-0.38268343236509));
#3312=DIRECTION('',(-0.38268343236509,-2.15511197710538E-13,0.923879532511287));
#3313=DIRECTION('',(-0.707106781186547,-1.54942723613717E-13,0.707106781186548));
#3314=DIRECTION('',(0.707106781186548,0.,0.707106781186547));
#3315=DIRECTION('',(-0.923879532511287,-7.07856244059934E-14,0.38268343236509));
#3316=DIRECTION('',(-0.38268343236509,2.33993234239519E-13,-0.923879532511287));
#3317=DIRECTION('',(-1.,2.4147944444259E-14,4.40800963988525E-28));
#3318=DIRECTION('',(2.4147944444259E-14,1.,0.));
#3319=CARTESIAN_POINT('',(0.,0.,0.));
#3320=CARTESIAN_POINT('',(134.806046488775,12.4617722701489,7.8));
#3321=CARTESIAN_POINT('',(0.0556151082663234,12.461772270157,8.8));
#3322=CARTESIAN_POINT('',(-13.0033130636249,12.4617722701578,8.8));
#3323=CARTESIAN_POINT('',(12.9966873944026,12.4617722701562,8.8));
#3324=CARTESIAN_POINT('',(12.9966873944026,12.4617722701562,7.8));
#3325=CARTESIAN_POINT('',(12.9966873944026,13.4332590712312,8.03709364254876));
#3326=CARTESIAN_POINT('',(134.806046488775,13.4332590712239,8.03709364254876));
#3327=CARTESIAN_POINT('',(-13.0033130636249,13.4332590712328,8.03709364254876));
#3328=CARTESIAN_POINT('',(-13.003313063625,12.4617722701578,7.8));
#3329=CARTESIAN_POINT('',(134.806046488775,12.4617722701489,7.8));
#3330=CARTESIAN_POINT('',(134.806046488775,13.4332590712239,8.03709364254876));
#3331=CARTESIAN_POINT('',(21.2659720294056,13.4332590712307,8.03709364254876));
#3332=CARTESIAN_POINT('',(19.3966873944026,13.4332590712308,8.03709364254876));
#3333=CARTESIAN_POINT('',(19.3966873944026,12.4617722701558,7.8));
#3334=CARTESIAN_POINT('',(19.3966873944026,12.4617722701558,8.8));
#3335=CARTESIAN_POINT('',(0.0556151082663234,12.461772270157,8.8));
#3336=CARTESIAN_POINT('',(21.2659720294055,12.4617722701557,8.8));
#3337=CARTESIAN_POINT('',(21.2659720294055,12.4617722701557,7.8));
#3338=CARTESIAN_POINT('',(-15.3623228059579,-91.4579787467639,7.4139140182099));
#3339=CARTESIAN_POINT('',(-15.1426528918479,-91.4579787467638,7.19424410409982));
#3340=CARTESIAN_POINT('',(-15.142652891846,-15.0602667859588,7.1942441041184));
#3341=CARTESIAN_POINT('',(-15.1426528918454,6.74999785589435,7.19424410412371));
#3342=CARTESIAN_POINT('',(9.36767296278615,-37.5469590432913,-17.3160817505197));
#3343=CARTESIAN_POINT('',(-15.6105831154202,-14.6309700480116,7.66217432769274));
#3344=CARTESIAN_POINT('',(-15.7819927200661,-14.26637888541,7.83358393233877));
#3345=CARTESIAN_POINT('',(-15.5819927200662,-14.5047296039287,7.63358393233871));
#3346=CARTESIAN_POINT('',(-15.581992720068,-91.4579787467639,7.63358393231999));
#3347=CARTESIAN_POINT('',(-15.5819927200657,6.74999785589424,7.63358393234388));
#3348=CARTESIAN_POINT('',(-15.1426528918454,6.74999785589434,7.1942441041237));
#3349=CARTESIAN_POINT('',(-16.2033130636277,-91.4579787467635,6.13358393231999));
#3350=CARTESIAN_POINT('',(-17.2639732354074,-91.4579787467638,7.19424410409982));
#3351=CARTESIAN_POINT('',(-17.2639732354056,-12.195096826748,7.1942441041191));
#3352=CARTESIAN_POINT('',(-17.2639732354053,-1.68353537723297,7.19424410412165));
#3353=CARTESIAN_POINT('',(-16.2033130636257,-13.2979315074887,6.133583932339));
#3354=CARTESIAN_POINT('',(-16.2033130636252,6.74999785589463,6.13358393234388));
#3355=CARTESIAN_POINT('',(-17.2639732354051,6.74999785589439,7.19424410412371));
#3356=CARTESIAN_POINT('',(-17.2639732354074,-91.4579787467638,7.19424410409982));
#3357=CARTESIAN_POINT('',(-17.2639732354052,1.68353537723296,7.19424410412247));
#3358=CARTESIAN_POINT('',(-17.2639732354053,-1.68353537723296,7.19424410412165));
#3359=CARTESIAN_POINT('',(-17.5543318330768,-1.72424280833744,6.90388550645013));
#3360=CARTESIAN_POINT('',(-17.794184989326,-1.67118588626223,6.28909009668919));
#3361=CARTESIAN_POINT('',(-17.5993725706529,-1.70359635613896,5.47862674236291));
#3362=CARTESIAN_POINT('',(-17.224370154589,-1.69970920090845,4.97706433158645));
#3363=CARTESIAN_POINT('',(-16.6899736305979,-1.53511649230382,4.67699929710198));
#3364=CARTESIAN_POINT('',(-16.0297837022408,-1.01982081581121,4.59680286318595));
#3365=CARTESIAN_POINT('',(-15.6477054086021,-0.00206073044067509,4.74975489252641));
#3366=CARTESIAN_POINT('',(-16.0271079847201,1.01440486148723,4.59803760014826));
#3367=CARTESIAN_POINT('',(-16.6816295807605,1.53069129531868,4.67461121185572));
#3368=CARTESIAN_POINT('',(-17.2187234548947,1.69932085273398,4.97139887464382));
#3369=CARTESIAN_POINT('',(-17.5985372108029,1.70378479302778,5.47567703737751));
#3370=CARTESIAN_POINT('',(-17.7944340719781,1.67106349503179,6.28783720796282));
#3371=CARTESIAN_POINT('',(-17.5550925341436,1.7243494564151,6.90312480538411));
#3372=CARTESIAN_POINT('',(-17.2639732354052,1.68353537723296,7.19424410412247));
#3373=CARTESIAN_POINT('',(-17.0443033212974,-91.4579787467638,7.4139140182099));
#3374=CARTESIAN_POINT('',(-16.8246334071849,6.74999785589426,7.63358393234388));
#3375=CARTESIAN_POINT('',(-16.8246334071849,6.74999785589426,7.63358393234388));
#3376=CARTESIAN_POINT('',(-16.8246334071873,-91.4579787467639,7.63358393231999));
#3377=CARTESIAN_POINT('',(-16.8246334071851,1.56008972989041,7.63358393234262));
#3378=CARTESIAN_POINT('',(-17.5,2.11251572852918E-15,6.95821733952732));
#3379=CARTESIAN_POINT('',(-15.8926528918478,-91.4579787467639,7.63358393231999));
#3380=CARTESIAN_POINT('',(22.1817281680672,-59.5097796420843,7.63358393232776));
#3381=CARTESIAN_POINT('',(-16.8736706359458,-12.9653678072047,7.63358393233909));
#3382=CARTESIAN_POINT('',(-17.10747611966,-12.6318660649788,7.63358393233917));
#3383=CARTESIAN_POINT('',(-16.8246334071854,-12.8391996271517,7.63358393233912));
#3384=CARTESIAN_POINT('',(-16.8246334071873,-91.4579787467639,7.63358393231999));
#3385=CARTESIAN_POINT('',(-16.8246334071851,-1.56008972989044,7.63358393234186));
#3386=CARTESIAN_POINT('',(-17.5,2.11251572852918E-15,7.63358393234224));
#3387=CARTESIAN_POINT('',(-15.5819927200657,6.74999785589424,7.63358393234388));
#3388=CARTESIAN_POINT('',(16.1966873944,-91.4579787467643,6.13358393231655));
#3389=CARTESIAN_POINT('',(15.1360272226202,-91.4579787467645,7.19424410409637));
#3390=CARTESIAN_POINT('',(15.1360272226221,-15.0695650438266,7.19424410411495));
#3391=CARTESIAN_POINT('',(15.1360272226226,6.7499978558936,7.19424410412026));
#3392=CARTESIAN_POINT('',(16.1966873944019,-13.3072297653564,6.13358393233556));
#3393=CARTESIAN_POINT('',(17.2573475661818,-12.2043950846156,7.19424410411565));
#3394=CARTESIAN_POINT('',(17.2573475661798,-91.4579787467646,7.19424410409637));
#3395=CARTESIAN_POINT('',(17.2573475661823,6.74999785589356,7.19424410412026));
#3396=CARTESIAN_POINT('',(16.1966873944024,6.74999785589383,6.13358393234044));
#3397=CARTESIAN_POINT('',(15.3556971367303,-91.4579787467646,7.41391401820645));
#3398=CARTESIAN_POINT('',(15.5753670508404,-91.4579787467647,7.63358393231654));
#3399=CARTESIAN_POINT('',(15.5753670508422,-14.5140278617965,7.63358393233526));
#3400=CARTESIAN_POINT('',(15.5753670508428,6.74999785589349,7.63358393234043));
#3401=CARTESIAN_POINT('',(15.7753670508423,-14.2756771432777,7.83358393233532));
#3402=CARTESIAN_POINT('',(15.6039574461964,-14.6402683058793,7.66217432768929));
#3403=CARTESIAN_POINT('',(15.1009622249831,-15.101734987857,7.15917910647596));
#3404=CARTESIAN_POINT('',(15.5753670508428,6.74999785589349,7.63358393234044));
#3405=CARTESIAN_POINT('',(16.5073475661799,-91.4579787467647,7.63358393231654));
#3406=CARTESIAN_POINT('',(17.1008504504362,-12.6411643228465,7.63358393233572));
#3407=CARTESIAN_POINT('',(16.8180077379616,-12.8484978850194,7.63358393233567));
#3408=CARTESIAN_POINT('',(16.867044966722,-12.9746660650723,7.63358393233564));
#3409=CARTESIAN_POINT('',(15.446809528905,-14.6672367504203,7.63358393233522));
#3410=CARTESIAN_POINT('',(16.8180077379621,6.74999785589346,7.63358393234043));
#3411=CARTESIAN_POINT('',(16.8180077379621,6.74999785589345,7.63358393234043));
#3412=CARTESIAN_POINT('',(16.8180077379597,-91.4579787467647,7.63358393231654));
#3413=CARTESIAN_POINT('',(17.0376776520698,-91.4579787467646,7.41391401820645));
#3414=CARTESIAN_POINT('',(16.6605346705598,-13.0793643742075,7.79105699973745));
#3415=CARTESIAN_POINT('',(17.2573475661823,6.74999785589355,7.19424410412026));
#3416=CARTESIAN_POINT('',(-4.99552056119747,-5.48181172713489,8.8));
#3417=CARTESIAN_POINT('',(13.3966873944024,7.14999785589329,8.8));
#3418=CARTESIAN_POINT('',(12.9966873944024,7.1499978558933,8.8));
#3419=CARTESIAN_POINT('',(13.3966873944024,6.74999785589329,8.8));
#3420=CARTESIAN_POINT('',(12.9966873944021,-5.48181172713532,8.8));
#3421=CARTESIAN_POINT('',(-13.003313063625,6.94999785589388,8.8));
#3422=CARTESIAN_POINT('',(-13.003313063625,7.14999785589393,8.8));
#3423=CARTESIAN_POINT('',(-13.403313063625,7.14999785589394,8.8));
#3424=CARTESIAN_POINT('',(-13.403313063625,6.74999785589394,8.8));
#3425=CARTESIAN_POINT('',(-19.2033130636253,6.74999785589408,8.8));
#3426=CARTESIAN_POINT('',(-19.0033130636252,6.74999785589408,8.8));
#3427=CARTESIAN_POINT('',(-19.0033130636252,7.14999785589408,8.8));
#3428=CARTESIAN_POINT('',(-19.4033130636252,7.14999785589409,8.8));
#3429=CARTESIAN_POINT('',(-19.4033130636255,-5.48181172713454,8.8));
#3430=CARTESIAN_POINT('',(-19.4033130636251,12.4617722701582,8.8));
#3431=CARTESIAN_POINT('',(0.0556151082663234,12.461772270157,8.8));
#3432=CARTESIAN_POINT('',(-21.2659720295503,12.4617722701583,8.8));
#3433=CARTESIAN_POINT('',(-22.8867829616333,6.19460727575863,8.8000000000049));
#3434=CARTESIAN_POINT('',(-22.9245121031003,6.04872057794983,8.8));
#3435=CARTESIAN_POINT('',(-22.28178927056,2.47290704198466,8.8));
#3436=CARTESIAN_POINT('',(-24.88178927056,2.47290704198466,8.8));
#3437=CARTESIAN_POINT('',(-24.88178927056,-2.3621010188802,8.8));
#3438=CARTESIAN_POINT('',(-24.88178927056,-2.25237458479759,8.8));
#3439=CARTESIAN_POINT('',(-22.28178927056,-2.25237458479759,8.8));
#3440=CARTESIAN_POINT('',(-24.2432461880723,-4.02208203043443,8.8));
#3441=CARTESIAN_POINT('',(-15.5717730529985,-14.3563412922428,8.8));
#3442=CARTESIAN_POINT('',(-13.4675327555552,-16.8640772264025,8.8));
#3443=CARTESIAN_POINT('',(-5.01262512191693,-21.7127416999152,8.8));
#3444=CARTESIAN_POINT('',(-9.25526580903665,-13.2274603256766,8.8));
#3445=CARTESIAN_POINT('',(10.1339454654197,-13.2274603256767,8.8));
#3446=CARTESIAN_POINT('',(9.25526580897481,-13.2274603256767,8.8));
#3447=CARTESIAN_POINT('',(5.01262512189165,-21.712741699895,8.8));
#3448=CARTESIAN_POINT('',(13.4676612651454,-16.8653261674044,8.8));
#3449=CARTESIAN_POINT('',(24.6947215580964,-3.48543672900849,8.8));
#3450=CARTESIAN_POINT('',(24.7581334422717,-3.40986538822936,8.8));
#3451=CARTESIAN_POINT('',(22.7966765247595,-1.64015794259249,8.8));
#3452=CARTESIAN_POINT('',(25.3966765247595,-1.64015794259249,8.8));
#3453=CARTESIAN_POINT('',(25.3966765247595,-5.48181172713489,8.8));
#3454=CARTESIAN_POINT('',(25.3966765247595,2.47290704207566,8.8));
#3455=CARTESIAN_POINT('',(22.7966765247595,2.47290704207566,8.8));
#3456=CARTESIAN_POINT('',(22.8955824790878,6.16058231491965,8.8));
#3457=CARTESIAN_POINT('',(22.8867829614912,6.19460727585478,8.8));
#3458=CARTESIAN_POINT('',(19.3966873944025,6.9499978558931,8.8));
#3459=CARTESIAN_POINT('',(19.3966873944025,7.14999785589315,8.8));
#3460=CARTESIAN_POINT('',(18.9966873944024,7.14999785589316,8.8));
#3461=CARTESIAN_POINT('',(18.9966873944024,6.74999785589316,8.8));
#3462=CARTESIAN_POINT('',(13.1966873944024,6.7499978558933,8.8));
#3463=CARTESIAN_POINT('',(0.,0.,8.8));
#3464=CARTESIAN_POINT('',(-2.6,0.,8.8));
#3465=CARTESIAN_POINT('',(-17.5,2.11251572852918E-15,8.8));
#3466=CARTESIAN_POINT('',(-19.6,2.11251572852918E-15,8.8));
#3467=CARTESIAN_POINT('',(19.5,-1.31649530908342E-15,8.8));
#3468=CARTESIAN_POINT('',(17.4,-1.31649530908342E-15,8.8));
#3469=CARTESIAN_POINT('',(-10.1265107360818,10.6266926752876,4.5324261060796));
#3470=CARTESIAN_POINT('',(-4.99552056119296,14.7891641814729,0.4));
#3471=CARTESIAN_POINT('',(-21.6551430696091,14.7891641814766,0.4));
#3472=CARTESIAN_POINT('',(-22.2817892705595,14.7891641814767,0.4));
#3473=CARTESIAN_POINT('',(-22.2817892705595,6.32809076977692,8.79999999999967));
#3474=CARTESIAN_POINT('',(-22.2817892705595,12.527828954053,2.64501253990926));
#3475=CARTESIAN_POINT('',(-23.5122078576451,7.77018810599991,7.36831195820584));
#3476=CARTESIAN_POINT('',(-21.789468764028,14.4314771732793,0.755105164872148));
#3477=CARTESIAN_POINT('',(-20.8420276572292,14.101031530571,1.08316559688655));
#3478=CARTESIAN_POINT('',(-20.7111058633316,-6.55915718607193,0.));
#3479=CARTESIAN_POINT('',(-21.7645306774701,-7.44308555909054,7.79885429680707));
#3480=CARTESIAN_POINT('',(-17.0583574210071,-13.0516844448508,7.79885429680571));
#3481=CARTESIAN_POINT('',(-15.6500313089386,-14.7300621484526,7.7988542968053));
#3482=CARTESIAN_POINT('',(-17.3245673398463,-13.1937799862259,9.47339032771336));
#3483=CARTESIAN_POINT('',(-15.1521128369557,-15.1868712302708,7.30093582482232));
#3484=CARTESIAN_POINT('',(-16.3541943649728,-13.4245359518006,6.09885429680562));
#3485=CARTESIAN_POINT('',(-17.5562758929899,-12.3217012710599,7.30093582482302));
#3486=CARTESIAN_POINT('',(-22.1121726042003,-5.64243924756263,2.7450391136141));
#3487=CARTESIAN_POINT('',(-13.2703241226964,-17.7233099014196,8.37200028757767));
#3488=CARTESIAN_POINT('',(-13.4345948168786,-17.5204374021919,8.34610931850553));
#3489=CARTESIAN_POINT('',(-13.6006211375697,-17.3183042234993,8.33054072893323));
#3490=CARTESIAN_POINT('',(-13.7692953582494,-17.1172861150263,8.33054072893323));
#3491=CARTESIAN_POINT('',(-13.2703241226964,-17.7233099014196,8.37200028757767));
#3492=CARTESIAN_POINT('',(-13.7692953582494,-17.1172861150263,8.33054072893323));
#3493=CARTESIAN_POINT('',(-21.8363478521004,-7.50334732383311,8.33054072893323));
#3494=CARTESIAN_POINT('',(-24.5450087907665,-4.27529091905822,8.33054072893323));
#3495=CARTESIAN_POINT('',(-24.5450087907665,-1.92864015500369,-0.224009625953428));
#3496=CARTESIAN_POINT('',(-24.5449808486564,-2.09979219640715,0.39979999538724));
#3497=CARTESIAN_POINT('',(-14.8023233884213,-13.7106963624866,0.4));
#3498=CARTESIAN_POINT('',(-17.6833367902375,-10.27723829056,0.4));
#3499=CARTESIAN_POINT('',(-9.96736788219907,-22.9487795484602,13.0715412579002));
#3500=CARTESIAN_POINT('',(-12.7538983279403,-18.3726030590993,8.49536476853931));
#3501=CARTESIAN_POINT('',(-13.7996690988501,-18.013762790247,11.7305407289332));
#3502=CARTESIAN_POINT('',(6.92597648713213,-21.8500000000892,14.1292893218794));
#3503=CARTESIAN_POINT('',(7.90968139674065,-21.8500000000851,13.1455844122706));
#3504=CARTESIAN_POINT('',(7.90968139673681,-20.9370057685943,13.1455844122706));
#3505=CARTESIAN_POINT('',(7.90968139674935,-23.9206909530892,13.1455844122706));
#3506=CARTESIAN_POINT('',(9.24660537497568,-18.9830448144281,11.8086604340231));
#3507=CARTESIAN_POINT('',(11.3765861525607,-19.771811235836,9.6786796564407));
#3508=CARTESIAN_POINT('',(11.3765861525473,-16.5914213563101,9.6786796564407));
#3509=CARTESIAN_POINT('',(11.376586152551,-17.4701010127507,9.67867965644073));
#3510=CARTESIAN_POINT('',(8.7110690820779,-20.1356180832465,12.3441967269259));
#3511=CARTESIAN_POINT('',(0.000588247762091376,-11.6998677800001,0.));
#3512=CARTESIAN_POINT('',(-5.36409698449233,-25.2170250675261,13.517157287526));
#3513=CARTESIAN_POINT('',(5.36409698448196,-25.2170250675249,13.5171572875248));
#3514=CARTESIAN_POINT('',(-5.36409698449222,-25.2170250675261,13.517157287526));
#3515=CARTESIAN_POINT('',(-5.36409698449256,-22.017025067526,10.317157287526));
#3516=CARTESIAN_POINT('',(-6.61277052873089,-24.9633472460937,13.2634794660936));
#3517=CARTESIAN_POINT('',(-14.9563655182596,-11.2610877620154,-0.43878001798469));
#3518=CARTESIAN_POINT('',(-14.445614662643,-12.0998677800001,0.4));
#3519=CARTESIAN_POINT('',(-14.4456146626872,-12.0998662949959,0.4));
#3520=CARTESIAN_POINT('',(-14.4456353139448,-11.6998677116999,0.));
#3521=CARTESIAN_POINT('',(0.25744362709975,-11.6998677800001,0.));
#3522=CARTESIAN_POINT('',(14.4467911581673,-11.6998677800001,0.));
#3523=CARTESIAN_POINT('',(14.4467911581673,-12.0998677800001,0.4));
#3524=CARTESIAN_POINT('',(14.4467911581673,-12.0998677800001,0.4));
#3525=CARTESIAN_POINT('',(12.3929155951512,-15.4728426125241,3.77297483252394));
#3526=CARTESIAN_POINT('',(6.61435665531189,-24.9626745299513,13.2628067499512));
#3527=CARTESIAN_POINT('',(5.36409698446819,-22.0170250675249,10.3171572875248));
#3528=CARTESIAN_POINT('',(5.84822166578339E-12,-21.6134256522781,14.2));
#3529=CARTESIAN_POINT('',(-5.36409698449218,-21.8500000001183,14.2000000000006));
#3530=CARTESIAN_POINT('',(-5.36409698449218,-24.9341823550514,14.2000000000006));
#3531=CARTESIAN_POINT('',(-5.36409698449218,-21.1127416999158,14.2000000000006));
#3532=CARTESIAN_POINT('',(5.36409698448596,-24.9341823550503,14.1999999999994));
#3533=CARTESIAN_POINT('',(5.36409698448201,-24.9341823550503,14.1999999999994));
#3534=CARTESIAN_POINT('',(5.36409698446906,-21.8500000000958,14.1999999999994));
#3535=CARTESIAN_POINT('',(5.36409698446596,-21.1127416999147,14.1999999999994));
#3536=CARTESIAN_POINT('',(0.00331283472600428,-21.1127416999153,14.2));
#3537=CARTESIAN_POINT('',(-6.92597648715527,-21.8500000001183,14.1292893218809));
#3538=CARTESIAN_POINT('',(-11.3765861525964,-19.0504164989973,9.67867965644024));
#3539=CARTESIAN_POINT('',(-11.3765861525964,-17.4701010127957,9.67867965644026));
#3540=CARTESIAN_POINT('',(-11.3765861525964,-19.7709123664081,9.67867965644024));
#3541=CARTESIAN_POINT('',(-9.24359704196946,-18.9860531474731,11.8116687670669));
#3542=CARTESIAN_POINT('',(-7.909681396764,-23.9203984708316,13.1455844122722));
#3543=CARTESIAN_POINT('',(-7.909681396764,-21.8500000001183,13.1455844122722));
#3544=CARTESIAN_POINT('',(-7.90968139676399,-20.9370057686277,13.1455844122723));
#3545=CARTESIAN_POINT('',(-8.71106908210875,-20.1356180832831,12.3441967269276));
#3546=CARTESIAN_POINT('',(-5.36409698449256,-21.8500000001183,10.6000000000006));
#3547=CARTESIAN_POINT('',(-7.90968139676403,-23.9203984708316,13.1455844122723));
#3548=CARTESIAN_POINT('',(-7.6011432513167,-24.2213432337055,13.4541225577196));
#3549=CARTESIAN_POINT('',(-7.23180186549593,-24.5061040993819,13.7184119623723));
#3550=CARTESIAN_POINT('',(-6.76885472176068,-24.680504533619,13.9146124508891));
#3551=CARTESIAN_POINT('',(-6.76885472176068,-24.680504533619,13.9146124508891));
#3552=CARTESIAN_POINT('',(-5.36409698449256,-21.7341823550515,10.6000000000006));
#3553=CARTESIAN_POINT('',(-5.36409698449256,-20.5127416999158,10.6000000000006));
#3554=CARTESIAN_POINT('',(5.36409698446867,-21.8500000000958,10.5999999999994));
#3555=CARTESIAN_POINT('',(5.36409698446819,-21.7341823550503,10.5999999999994));
#3556=CARTESIAN_POINT('',(6.7706391141658,-24.679831817476,13.9138556452291));
#3557=CARTESIAN_POINT('',(6.7706391141658,-24.679831817476,13.9138556452291));
#3558=CARTESIAN_POINT('',(7.23510388412469,-24.5045973979444,13.7167169232563));
#3559=CARTESIAN_POINT('',(7.60092452380045,-24.2218003300083,13.4543412852209));
#3560=CARTESIAN_POINT('',(7.90968139674937,-23.9206909530892,13.1455844122706));
#3561=CARTESIAN_POINT('',(5.36409698446306,-20.5127416999147,10.5999999999994));
#3562=CARTESIAN_POINT('',(21.2659720294055,12.4617722701557,7.8));
#3563=CARTESIAN_POINT('',(21.2659720294056,12.4617722701557,7.8));
#3564=CARTESIAN_POINT('',(22.2341192256477,12.7121539915504,7.8));
#3565=CARTESIAN_POINT('',(21.2659720294055,12.4617722701557,7.8));
#3566=CARTESIAN_POINT('',(-21.2659720295503,12.4617722701583,7.80000000000227));
#3567=CARTESIAN_POINT('',(-21.2659720295503,12.4617722701583,7.80000000000453));
#3568=CARTESIAN_POINT('',(-22.2341192257935,12.7121539915489,7.80000000000254));
#3569=CARTESIAN_POINT('',(-21.2659720295503,12.4617722701583,7.8));
#3570=CARTESIAN_POINT('',(-21.2659720295503,13.4332590712328,8.03709364255089));
#3571=CARTESIAN_POINT('',(-21.2659720295505,12.4617722701578,7.80000000000213));
#3572=CARTESIAN_POINT('',(21.4543245781054,11.7334723331105,10.7841954784494));
#3573=CARTESIAN_POINT('',(21.4543245781054,12.7049591341856,11.0212891209981));
#3574=CARTESIAN_POINT('',(20.7839439460957,15.2970818863629,0.4));
#3575=CARTESIAN_POINT('',(22.4347693292705,11.9363032858107,10.9790338708715));
#3576=CARTESIAN_POINT('',(21.78946876388,14.4314771732535,0.755105164983972));
#3577=CARTESIAN_POINT('',(20.8420276570827,14.1010315305411,1.08316559699879));
#3578=CARTESIAN_POINT('',(21.6551430694025,14.7891641815629,0.4));
#3579=CARTESIAN_POINT('',(21.6551598608192,14.7891740272978,0.400000000000803));
#3580=CARTESIAN_POINT('',(21.6036162519091,14.8770790887499,0.400000014647724));
#3581=CARTESIAN_POINT('',(21.4783958453622,15.0271944217489,0.400242212894822));
#3582=CARTESIAN_POINT('',(21.2335479765034,15.2143244087635,0.399854672139911));
#3583=CARTESIAN_POINT('',(20.9491981095963,15.2971097670862,0.400000000000189));
#3584=CARTESIAN_POINT('',(20.7839439375372,15.2971097670859,0.400000000000116));
#3585=CARTESIAN_POINT('',(10.1265107359203,10.6266926753302,4.53242610607744));
#3586=CARTESIAN_POINT('',(22.3613387904836,12.2202360339748,2.95038520407173));
#3587=CARTESIAN_POINT('',(22.7966765247506,10.5369222341435,4.62154856959058));
#3588=CARTESIAN_POINT('',(22.7966765247506,10.6266926753566,4.5324261061041));
#3589=CARTESIAN_POINT('',(22.7966765247506,14.7891641815677,0.4));
#3590=CARTESIAN_POINT('',(-4.99552056128277,14.7891641814508,0.4));
#3591=CARTESIAN_POINT('',(22.7099333842021,10.87233061718,10.7020013893841));
#3592=CARTESIAN_POINT('',(22.0756338947231,13.3249668116137,7.8000000000001));
#3593=CARTESIAN_POINT('',(23.6726531493672,7.14979673483599,7.8000000000001));
#3594=CARTESIAN_POINT('',(22.7966765247595,10.5369222341101,0.394192188496976));
#3595=CARTESIAN_POINT('',(-21.4666221331707,11.6859215644121,10.9790338708982));
#3596=CARTESIAN_POINT('',(-22.4347693294139,11.9363032858027,10.9790338708984));
#3597=CARTESIAN_POINT('',(-20.4444397351606,16.6098655064906,-4.97899228403922));
#3598=CARTESIAN_POINT('',(-20.7839439376939,15.2971097670885,0.4));
#3599=CARTESIAN_POINT('',(-20.783943937696,15.2971097670885,0.399999999999878));
#3600=CARTESIAN_POINT('',(-20.94915362761,15.2971097670882,0.399999999999797));
#3601=CARTESIAN_POINT('',(-21.2335906697629,15.2142959286867,0.39985607266932));
#3602=CARTESIAN_POINT('',(-21.4783395187415,15.0272418878714,0.400239879089147));
#3603=CARTESIAN_POINT('',(-21.6036003298834,14.8771062432664,0.400000014596498));
#3604=CARTESIAN_POINT('',(-21.6551598610259,14.7891740272115,0.400000000000823));
#3605=CARTESIAN_POINT('',(134.806046488775,14.35285273967,4.26907564913573));
#3606=CARTESIAN_POINT('',(12.9966873944026,13.8978151005261,6.13358393234218));
#3607=CARTESIAN_POINT('',(12.9966873944026,13.8862424481185,6.18100266085188));
#3608=CARTESIAN_POINT('',(16.1966873944026,13.8862424481183,6.18100266085188));
#3609=CARTESIAN_POINT('',(19.3966873944026,13.8862424481181,6.18100266085188));
#3610=CARTESIAN_POINT('',(19.3966873944026,14.3528527396767,4.26907564913669));
#3611=CARTESIAN_POINT('',(-4.99552056119622,15.2971097670875,0.4));
#3612=CARTESIAN_POINT('',(134.806046488775,13.4332590712239,8.03709364254876));
#3613=CARTESIAN_POINT('',(-19.4033130636251,13.4332590712332,8.03709364254876));
#3614=CARTESIAN_POINT('',(-19.4033130636251,13.8978151005272,6.13358393234562));
#3615=CARTESIAN_POINT('',(-19.4033130636251,13.8862424481196,6.18100266085532));
#3616=CARTESIAN_POINT('',(-16.2033130636251,13.8862424481194,6.18100266085532));
#3617=CARTESIAN_POINT('',(-13.0033130636251,13.8862424481193,6.18100266085532));
#3618=CARTESIAN_POINT('',(-13.0033130636253,14.352852739675,4.26907564915181));
#3619=CARTESIAN_POINT('',(-22.7099333843634,10.8723306170846,10.7020013893889));
#3620=CARTESIAN_POINT('',(-22.28178927056,12.5278289540557,-1.58234384122016));
#3621=CARTESIAN_POINT('',(-23.769637233076,6.77478985300459,7.80000000000518));
#3622=CARTESIAN_POINT('',(-22.0756338948953,13.324966811521,7.80000000000482));
#3623=CARTESIAN_POINT('',(-21.741786188121,10.621948895694,7.80000000000463));
#3624=CARTESIAN_POINT('',(-23.769637233076,6.77478985300459,7.80000000000518));
#3625=CARTESIAN_POINT('',(-23.8110248171052,6.61475711093928,7.92556876480988));
#3626=CARTESIAN_POINT('',(-23.8648025732546,6.28608773128306,8.20830178218161));
#3627=CARTESIAN_POINT('',(-23.6019961317139,6.14486706519642,8.56049140661763));
#3628=CARTESIAN_POINT('',(-23.4216117922211,6.14720043803512,8.66257851133678));
#3629=CARTESIAN_POINT('',(-23.4216117922211,6.14720043803513,8.66257851133678));
#3630=CARTESIAN_POINT('',(-23.4216117922211,6.14720043803507,8.66257851133677));
#3631=CARTESIAN_POINT('',(-23.2655313327012,6.14921942652333,8.75091102545868));
#3632=CARTESIAN_POINT('',(-23.0915877023242,6.10655794698435,8.8));
#3633=CARTESIAN_POINT('',(-22.9245121030976,6.04872057795085,8.8));
#3634=CARTESIAN_POINT('',(21.7417861879602,10.6219488957854,7.8));
#3635=CARTESIAN_POINT('',(23.3302498639943,6.38173843576175,8.6793394587171));
#3636=CARTESIAN_POINT('',(23.1866775544959,6.33658186873798,8.76073555642595));
#3637=CARTESIAN_POINT('',(23.0362088066891,6.25380614463768,8.8));
#3638=CARTESIAN_POINT('',(22.8955824790878,6.16058231491965,8.8));
#3639=CARTESIAN_POINT('',(23.3302498639944,6.38173843576198,8.67933945871747));
#3640=CARTESIAN_POINT('',(23.3302498639944,6.38173843576197,8.67933945871747));
#3641=CARTESIAN_POINT('',(23.5113686764886,6.43870418232017,8.57665695252809));
#3642=CARTESIAN_POINT('',(23.7465330972295,6.66846478604849,8.24539210651121));
#3643=CARTESIAN_POINT('',(23.7140309691847,6.98980174790221,7.94103939945052));
#3644=CARTESIAN_POINT('',(23.6726531493671,7.14979673483598,7.8000000000001));
#3645=CARTESIAN_POINT('',(134.806046488775,12.4617722701489,7.8));
#3646=CARTESIAN_POINT('',(-19.4033130636251,12.4617722701582,7.8));
#3647=CARTESIAN_POINT('',(0.0556151082650686,-16.8600505064571,11.1899494936611));
#3648=CARTESIAN_POINT('',(8.48091756304532,-16.1231289151438,10.4530279023818));
#3649=CARTESIAN_POINT('',(5.78836105317863,-18.8156854250651,13.1455844122691));
#3650=CARTESIAN_POINT('',(9.25526580897093,-15.3487806692116,9.67867965645272));
#3651=CARTESIAN_POINT('',(-10.1339454654771,-15.3487806692363,9.67867965644036));
#3652=CARTESIAN_POINT('',(-9.25526580903663,-15.3487806692363,9.67867965644038));
#3653=CARTESIAN_POINT('',(-8.48091756309342,-16.1231289151794,10.4530279023835));
#3654=CARTESIAN_POINT('',(-5.78836105320448,-18.8156854250681,13.1455844122721));
#3655=CARTESIAN_POINT('',(-5.36409698449256,-18.3914213563562,12.7213203435602));
#3656=CARTESIAN_POINT('',(-5.36409698449256,-18.9914213563562,13.3213203435602));
#3657=CARTESIAN_POINT('',(0.0556151082655222,-18.9914213563556,13.3213203435596));
#3658=CARTESIAN_POINT('',(5.36409698446564,-18.991421356355,13.3213203435591));
#3659=CARTESIAN_POINT('',(5.36409698446306,-18.391421356355,12.7213203435591));
#3660=CARTESIAN_POINT('',(0.0556151082655223,-21.1127416999153,11.2));
#3661=CARTESIAN_POINT('',(-5.36409698449256,-21.1127416999158,11.2000000000006));
#3662=CARTESIAN_POINT('',(5.36409698446564,-21.1127416999147,11.1999999999994));
#3663=CARTESIAN_POINT('',(-7.90968139676422,-20.9370057686278,13.1455844122721));
#3664=CARTESIAN_POINT('',(-7.20257461557766,-19.5227922062547,13.8526911934587));
#3665=CARTESIAN_POINT('',(-5.7883610532045,-18.8156854250681,13.1455844122721));
#3666=CARTESIAN_POINT('',(-7.24324854466315,-21.048077910575,13.8120172643732));
#3667=CARTESIAN_POINT('',(-6.62313163179791,-19.7474742138765,14.07737320108));
#3668=CARTESIAN_POINT('',(-5.6772889111177,-18.9267575670155,13.2566565542195));
#3669=CARTESIAN_POINT('',(-6.30657565323299,-21.1127416997346,14.2000000000006));
#3670=CARTESIAN_POINT('',(-5.98125260656888,-19.8701010124275,14.1999999996304));
#3671=CARTESIAN_POINT('',(-5.52117676261597,-18.991421356175,13.321320343379));
#3672=CARTESIAN_POINT('',(-5.36409698449257,-21.1127416999159,14.2000000000006));
#3673=CARTESIAN_POINT('',(-5.36409698449256,-19.8701010127966,14.2000000000006));
#3674=CARTESIAN_POINT('',(-5.36409698449256,-18.9914213563562,13.3213203435602));
#3675=CARTESIAN_POINT('',(-5.78836105320448,-20.9370057686277,11.0242640687125));
#3676=CARTESIAN_POINT('',(-4.8282263696351,-21.897140452197,11.9843987522818));
#3677=CARTESIAN_POINT('',(-5.01262512191693,-21.7127416999152,11.8));
#3678=CARTESIAN_POINT('',(4.82822636961158,-21.8971404521767,11.9843987522809));
#3679=CARTESIAN_POINT('',(5.01262512189165,-21.712741699895,11.8));
#3680=CARTESIAN_POINT('',(5.78836105317863,-20.9370057686247,11.0242640687095));
#3681=CARTESIAN_POINT('',(5.36409698448073,-21.1127416999147,14.1999999999994));
#3682=CARTESIAN_POINT('',(5.3640969844755,-19.8701010127954,14.1999999999994));
#3683=CARTESIAN_POINT('',(5.3640969844681,-18.9914213563551,13.3213203435591));
#3684=CARTESIAN_POINT('',(6.30657565322146,-21.1127416997286,14.1999999999955));
#3685=CARTESIAN_POINT('',(5.98125260655192,-19.8701010124226,14.1999999996263));
#3686=CARTESIAN_POINT('',(5.52117676259157,-18.9914213561723,13.3213203433763));
#3687=CARTESIAN_POINT('',(7.24324854464894,-21.0480779105655,13.8120172643648));
#3688=CARTESIAN_POINT('',(6.62313163177837,-19.7474742138676,14.0773732010725));
#3689=CARTESIAN_POINT('',(5.67728891109245,-18.9267575670121,13.2566565542161));
#3690=CARTESIAN_POINT('',(7.90968139674768,-20.9370057686158,13.1455844122597));
#3691=CARTESIAN_POINT('',(7.20257461555811,-19.5227922062456,13.8526911934496));
#3692=CARTESIAN_POINT('',(5.78836105317865,-18.8156854250651,13.1455844122691));
#3693=CARTESIAN_POINT('',(20.9205875043391,-6.31090878058668,0.));
#3694=CARTESIAN_POINT('',(16.3475686957491,-13.4338342096683,6.09885429680217));
#3695=CARTESIAN_POINT('',(17.5496502237662,-12.3309995289276,7.30093582481957));
#3696=CARTESIAN_POINT('',(15.1454871677319,-15.1961694881385,7.30093582481888));
#3697=CARTESIAN_POINT('',(15.5497619983131,-14.8252725952705,7.70521065540018));
#3698=CARTESIAN_POINT('',(15.6434056397147,-14.7393604063203,7.79885429680185));
#3699=CARTESIAN_POINT('',(16.8403315173714,-13.3129196915542,7.7988542968022));
#3700=CARTESIAN_POINT('',(17.0517317517833,-13.0609827027185,7.79885429680226));
#3701=CARTESIAN_POINT('',(17.3921771563652,-12.5618660181145,7.45840889222053));
#3702=CARTESIAN_POINT('',(13.7694238678396,-17.1185350560283,8.33054072893323));
#3703=CARTESIAN_POINT('',(13.6010964897043,-17.3191398136529,8.33054072893323));
#3704=CARTESIAN_POINT('',(13.4354037857735,-17.5208560605769,8.34603880570318));
#3705=CARTESIAN_POINT('',(13.2714594743245,-17.7233099013678,8.37182153962818));
#3706=CARTESIAN_POINT('',(13.7694238678396,-17.1185350560283,8.33054072893323));
#3707=CARTESIAN_POINT('',(13.2714594743245,-17.7233099013678,8.37182153962818));
#3708=CARTESIAN_POINT('',(13.7996690988064,-18.0151648830668,11.7305407289332));
#3709=CARTESIAN_POINT('',(12.7553628723654,-18.372130011116,8.49489172055588));
#3710=CARTESIAN_POINT('',(19.312091421016,-7.60434992914607,-2.27288836141402));
#3711=CARTESIAN_POINT('',(17.6844455000229,-10.2771814274439,0.4));
#3712=CARTESIAN_POINT('',(10.6749562650873,-18.6309030524428,0.4));
#3713=CARTESIAN_POINT('',(25.0598683598325,-1.48757565667649,0.399793206565566));
#3714=CARTESIAN_POINT('',(25.059896044966,-3.73040506261598,8.57599037404658));
#3715=CARTESIAN_POINT('',(25.059896044966,-3.66307427685315,8.33054072893323));
#3716=CARTESIAN_POINT('',(13.4344946119361,-17.5176882000161,8.33054072893323));
#3717=CARTESIAN_POINT('',(25.7966765247595,2.45259082974709,0.));
#3718=CARTESIAN_POINT('',(25.7966765247595,6.66256514184171,4.24058353761957));
#3719=CARTESIAN_POINT('',(25.7966765247595,10.5310721960758,0.4));
#3720=CARTESIAN_POINT('',(25.7966765247595,2.47290704207566,8.4));
#3721=CARTESIAN_POINT('',(25.7966765247595,2.45259082974709,8.4));
#3722=CARTESIAN_POINT('',(25.7966765247595,-1.64015794259249,8.4));
#3723=CARTESIAN_POINT('',(25.7966765247595,0.582643151879825,0.296934907047365));
#3724=CARTESIAN_POINT('',(25.7966309141808,0.554310586375578,0.40022792845645));
#3725=CARTESIAN_POINT('',(25.7966765247595,-5.48181172713489,0.4));
#3726=CARTESIAN_POINT('',(-25.28178927056,-14.2498677799999,-4.19672571600666));
#3727=CARTESIAN_POINT('',(-25.28178927056,-2.44355504014259,9.09693490704736));
#3728=CARTESIAN_POINT('',(-25.2817436465525,-0.0579060735654192,0.400227995533269));
#3729=CARTESIAN_POINT('',(-25.28178927056,-2.25237458479759,8.4));
#3730=CARTESIAN_POINT('',(-25.28178927056,2.06999878428466,8.4));
#3731=CARTESIAN_POINT('',(-25.28178927056,2.47290704198466,8.4));
#3732=CARTESIAN_POINT('',(-25.28178927056,13.0784497108131,-2.12899012730094));
#3733=CARTESIAN_POINT('',(-25.28178927056,10.5310721959848,0.4));
#3734=CARTESIAN_POINT('',(-25.28178927056,-5.48181172713489,0.4));
#3735=CARTESIAN_POINT('',(-16.9513559620171,-5.86349660678193,-1.59373048609888));
#3736=CARTESIAN_POINT('',(-8.96075432949486,-18.9860531474731,11.5288260545923));
#3737=CARTESIAN_POINT('',(-7.70140309092044,-24.2200565203695,12.6084874911581));
#3738=CARTESIAN_POINT('',(-11.3173028619256,-20.0634272630202,9.23945209756829));
#3739=CARTESIAN_POINT('',(-11.3173028619256,-20.0634272630202,9.23945209756829));
#3740=CARTESIAN_POINT('',(-11.7434068419817,-19.526146241541,8.8436135974442));
#3741=CARTESIAN_POINT('',(-12.2644731093736,-18.9847577623586,8.60064638446942));
#3742=CARTESIAN_POINT('',(-12.7538983279403,-18.3726030590993,8.49536476853931));
#3743=CARTESIAN_POINT('',(-17.6833367902375,-10.27723829056,0.4));
#3744=CARTESIAN_POINT('',(-17.4113631715474,-10.6013638277248,0.400000000000001));
#3745=CARTESIAN_POINT('',(-16.999908961203,-11.0022589698705,0.398412021233869));
#3746=CARTESIAN_POINT('',(-16.4636990890195,-11.401127103832,0.399416260091145));
#3747=CARTESIAN_POINT('',(-16.1294687430174,-11.6126968910519,0.400225964025685));
#3748=CARTESIAN_POINT('',(-15.6575493813345,-11.8482713240744,0.399679883806119));
#3749=CARTESIAN_POINT('',(-15.0964960202338,-12.0417352279071,0.399339060540449));
#3750=CARTESIAN_POINT('',(-14.6929528181316,-12.0998677800001,0.399999999999998));
#3751=CARTESIAN_POINT('',(-14.445614662643,-12.0998677800001,0.399999999999998));
#3752=CARTESIAN_POINT('',(-6.61277052873089,-24.9633472460937,13.2634794660936));
#3753=CARTESIAN_POINT('',(-7.05848748992845,-24.8029601628084,13.1030923828083));
#3754=CARTESIAN_POINT('',(-7.41202993651597,-24.5214823790748,12.8788773018699));
#3755=CARTESIAN_POINT('',(-7.70140309092052,-24.2200565203697,12.6084874911581));
#3756=CARTESIAN_POINT('',(-13.4979064961559,-5.48181172713489,11.8));
#3757=CARTESIAN_POINT('',(-13.4979064961559,-17.4701010127957,11.8));
#3758=CARTESIAN_POINT('',(-13.0308373995497,-17.4701010127957,8.8365819635098));
#3759=CARTESIAN_POINT('',(-13.4979064961559,-17.7605539016233,11.8));
#3760=CARTESIAN_POINT('',(-12.5751675806473,-18.1193941704756,8.94543297612302));
#3761=CARTESIAN_POINT('',(-12.5751675806473,-18.1193941704756,8.94543297612302));
#3762=CARTESIAN_POINT('',(-12.1661983271573,-18.7128698139477,9.07763230522799));
#3763=CARTESIAN_POINT('',(-11.7358020562109,-19.2421200602162,9.31946375282579));
#3764=CARTESIAN_POINT('',(-11.3765861525964,-19.7709123664081,9.67867965644025));
#3765=CARTESIAN_POINT('',(-13.497906496156,-17.4701010127958,8.8));
#3766=CARTESIAN_POINT('',(-12.2552658090368,-17.4701010127958,8.8));
#3767=CARTESIAN_POINT('',(-11.3765861525964,-17.4701010127957,9.67867965644026));
#3768=CARTESIAN_POINT('',(-13.4979064961471,-16.1875511747234,8.8));
#3769=CARTESIAN_POINT('',(-12.4287289108813,-16.4590839725519,8.8000000000015));
#3770=CARTESIAN_POINT('',(-11.590344458937,-16.6150677874157,9.46492135009971));
#3771=CARTESIAN_POINT('',(-12.7043276289014,-14.0210391929312,8.8));
#3772=CARTESIAN_POINT('',(-12.0192633985888,-14.7061034232473,8.80000000000106));
#3773=CARTESIAN_POINT('',(-11.4223772110701,-15.3029896107623,9.23609916433742));
#3774=CARTESIAN_POINT('',(-10.5378156471178,-13.2274603256766,8.8));
#3775=CARTESIAN_POINT('',(-10.2662828492853,-14.2966379109402,8.79999999999633));
#3776=CARTESIAN_POINT('',(-10.1102990344245,-15.1350223628885,9.46492135009257));
#3777=CARTESIAN_POINT('',(-9.25526580903661,-13.2274603256766,8.8));
#3778=CARTESIAN_POINT('',(-9.25526580903662,-14.4701010127959,8.8));
#3779=CARTESIAN_POINT('',(-9.25526580903662,-15.3487806692363,9.67867965644037));
#3780=CARTESIAN_POINT('',(-13.4675327555552,-16.8640772264025,8.8));
#3781=CARTESIAN_POINT('',(-13.3193484256373,-17.0649338515937,8.8));
#3782=CARTESIAN_POINT('',(-13.1742780384935,-17.267190827842,8.81397405304162));
#3783=CARTESIAN_POINT('',(-13.0308373995497,-17.4701010127957,8.83658196350959));
#3784=CARTESIAN_POINT('',(-9.25526580903665,-13.2274603256766,11.8));
#3785=CARTESIAN_POINT('',(0.0556151082650686,-13.2274603256767,11.8));
#3786=CARTESIAN_POINT('',(9.25526580897481,-13.2274603256767,11.8));
#3787=CARTESIAN_POINT('',(12.3929155951512,-13.3515222689644,5.89429517608359));
#3788=CARTESIAN_POINT('',(8.96376266250102,-18.9830448144293,11.5258177215485));
#3789=CARTESIAN_POINT('',(11.317185688716,-20.0643596016424,9.23934727915732));
#3790=CARTESIAN_POINT('',(7.70126195670244,-24.2203285314661,12.6084220227236));
#3791=CARTESIAN_POINT('',(7.70126195670245,-24.2203285314662,12.6084220227236));
#3792=CARTESIAN_POINT('',(7.41153195457744,-24.5220705695605,12.8791466457754));
#3793=CARTESIAN_POINT('',(7.06198696022316,-24.8013259365126,13.1014581565125));
#3794=CARTESIAN_POINT('',(6.61435665531189,-24.9626745299513,13.2628067499512));
#3795=CARTESIAN_POINT('',(14.4467911581674,-12.0998677800001,0.399999999999997));
#3796=CARTESIAN_POINT('',(14.6940804514315,-12.0998677800001,0.399999999999999));
#3797=CARTESIAN_POINT('',(15.0975958913107,-12.0417418142963,0.399328995671063));
#3798=CARTESIAN_POINT('',(15.6586550491257,-11.8482950056384,0.399665079301225));
#3799=CARTESIAN_POINT('',(16.1306913749859,-11.6126713306715,0.400227043773928));
#3800=CARTESIAN_POINT('',(16.4647618665008,-11.4012056637896,0.399426745603072));
#3801=CARTESIAN_POINT('',(17.0009668092623,-11.0023674991624,0.398417773550585));
#3802=CARTESIAN_POINT('',(17.4124771342831,-10.6014383514004,0.399999999999998));
#3803=CARTESIAN_POINT('',(17.6845132857619,-10.2772382905601,0.399999999999996));
#3804=CARTESIAN_POINT('',(12.7553628723654,-18.372130011116,8.49489172055588));
#3805=CARTESIAN_POINT('',(12.2651086230545,-18.9852534281023,8.60010302839362));
#3806=CARTESIAN_POINT('',(11.7439558880379,-19.5263278004496,8.84288767090675));
#3807=CARTESIAN_POINT('',(11.317185688716,-20.0643596016424,9.23934727915732));
#3808=CARTESIAN_POINT('',(9.25526580895628,-13.2274603256395,8.8));
#3809=CARTESIAN_POINT('',(9.25526580896486,-14.4701010127613,8.8));
#3810=CARTESIAN_POINT('',(9.25526580897093,-15.3487806692022,9.67867965644345));
#3811=CARTESIAN_POINT('',(10.5378156470317,-13.227460325635,8.8));
#3812=CARTESIAN_POINT('',(10.2662828492074,-14.2966379109051,8.79999999999929));
#3813=CARTESIAN_POINT('',(10.1102990343531,-15.1350223628535,9.4649213501));
#3814=CARTESIAN_POINT('',(12.7043276288387,-14.0210391928719,8.8));
#3815=CARTESIAN_POINT('',(12.0192633985282,-14.7061034231952,8.80000000000001));
#3816=CARTESIAN_POINT('',(11.4223772110152,-15.3029896107137,9.23609916433767));
#3817=CARTESIAN_POINT('',(13.4979064961066,-16.1875511746642,8.8));
#3818=CARTESIAN_POINT('',(12.4287289108428,-16.4590839724886,8.80000000000068));
#3819=CARTESIAN_POINT('',(11.5903444588953,-16.6150677873597,9.46492135009282));
#3820=CARTESIAN_POINT('',(13.4979064961111,-17.4701010127419,8.8));
#3821=CARTESIAN_POINT('',(12.2552658089915,-17.470101012747,8.8));
#3822=CARTESIAN_POINT('',(11.376586152551,-17.4701010127507,9.67867965644073));
#3823=CARTESIAN_POINT('',(13.4979064961111,-17.4701010127418,11.8));
#3824=CARTESIAN_POINT('',(13.0318391803928,-17.4701010127437,8.83642424473084));
#3825=CARTESIAN_POINT('',(13.0318391803928,-17.4701010127437,8.83642424473084));
#3826=CARTESIAN_POINT('',(13.174998119698,-17.2676099027618,8.81391032638581));
#3827=CARTESIAN_POINT('',(13.3197807005792,-17.0657706709467,8.8));
#3828=CARTESIAN_POINT('',(13.4676612651454,-16.8653261674044,8.8));
#3829=CARTESIAN_POINT('',(13.4979064961294,-21.8500000000616,11.8));
#3830=CARTESIAN_POINT('',(11.3765861525607,-19.771811235836,9.6786796564407));
#3831=CARTESIAN_POINT('',(11.7361541055063,-19.2425784529716,9.31911170349276));
#3832=CARTESIAN_POINT('',(12.1670719212636,-18.7129406680513,9.07714559140806));
#3833=CARTESIAN_POINT('',(12.5764598257233,-18.1189211224916,8.94501558084351));
#3834=CARTESIAN_POINT('',(12.5764598257233,-18.1189211224916,8.94501558084351));
#3835=CARTESIAN_POINT('',(13.4979064961122,-17.761955994443,11.8));
#3836=CARTESIAN_POINT('',(-22.28178927056,0.349145543938131,10.5084318402109));
#3837=CARTESIAN_POINT('',(-22.28178927056,2.47290704198466,8.4));
#3838=CARTESIAN_POINT('',(-22.28178927056,14.7891641814767,0.39999999999999));
#3839=CARTESIAN_POINT('',(-22.6529495500009,14.7891641814767,0.39999999999999));
#3840=CARTESIAN_POINT('',(-23.2260327248437,14.6382147569739,0.403520803197586));
#3841=CARTESIAN_POINT('',(-23.8496483716977,14.1784711986337,0.401846792116609));
#3842=CARTESIAN_POINT('',(-24.1746862708844,13.8446054528336,0.400424757872203));
#3843=CARTESIAN_POINT('',(-24.4144770335639,13.5353971959513,0.399840282860839));
#3844=CARTESIAN_POINT('',(-24.5860632795769,13.2657932464161,0.400214110684416));
#3845=CARTESIAN_POINT('',(-24.7630166255055,12.9373760791519,0.400407543579095));
#3846=CARTESIAN_POINT('',(-24.8952227939717,12.6293995165035,0.400256339814459));
#3847=CARTESIAN_POINT('',(-24.9876790110106,12.3755006443053,0.400068191658854));
#3848=CARTESIAN_POINT('',(-25.0607876260393,12.139091268959,0.399947767690487));
#3849=CARTESIAN_POINT('',(-25.089737693395,12.0315749937745,0.400140737579091));
#3850=CARTESIAN_POINT('',(-25.1449094984018,11.8123893590211,0.400691165204718));
#3851=CARTESIAN_POINT('',(-25.2305873985459,11.3878308441068,0.401636156013527));
#3852=CARTESIAN_POINT('',(-25.28178927056,10.9017555852892,0.4));
#3853=CARTESIAN_POINT('',(-25.28178927056,10.5310721959848,0.400000000000003));
#3854=CARTESIAN_POINT('',(-22.28178927056,0.121662124897174,-0.254383894066899));
#3855=CARTESIAN_POINT('',(-22.28178927056,-2.25237458479759,8.4));
#3856=CARTESIAN_POINT('',(-24.5449542378584,-2.09976777676746,0.399587090328293));
#3857=CARTESIAN_POINT('',(-25.0238591958138,-1.53000053061583,0.403004793384213));
#3858=CARTESIAN_POINT('',(-25.2818041284325,-0.801885683207818,0.398619550889422));
#3859=CARTESIAN_POINT('',(-25.2817892699175,-0.0579066357113099,0.40045608915372));
#3860=CARTESIAN_POINT('',(22.7966765247595,8.51306994699272,2.40343597880349));
#3861=CARTESIAN_POINT('',(22.7966765247595,2.47290704207566,8.4));
#3862=CARTESIAN_POINT('',(25.7966765247595,10.5310721960758,0.399999999999999));
#3863=CARTESIAN_POINT('',(25.7966765247595,10.9016453389202,0.4));
#3864=CARTESIAN_POINT('',(25.7455047286563,11.3876335962656,0.40163771077652));
#3865=CARTESIAN_POINT('',(25.6598259991672,11.8122560284647,0.400694745319388));
#3866=CARTESIAN_POINT('',(25.6046485035045,12.0314880115098,0.400143241461211));
#3867=CARTESIAN_POINT('',(25.5756599360774,12.1391404913279,0.399948185015898));
#3868=CARTESIAN_POINT('',(25.5026024859408,12.3753907376568,0.40006401847517));
#3869=CARTESIAN_POINT('',(25.4101795471436,12.6292274374229,0.400252428319689));
#3870=CARTESIAN_POINT('',(25.2780044624253,12.9371619835015,0.400408737474807));
#3871=CARTESIAN_POINT('',(25.1010556371212,13.2656174536353,0.400222670024004));
#3872=CARTESIAN_POINT('',(24.9293293607603,13.5354484354645,0.399842238705367));
#3873=CARTESIAN_POINT('',(24.6896081297335,13.8445762881329,0.400408375154525));
#3874=CARTESIAN_POINT('',(24.3645842518669,14.1784546714917,0.401822719504145));
#3875=CARTESIAN_POINT('',(23.7410061552117,14.6381894340587,0.403500864986656));
#3876=CARTESIAN_POINT('',(23.1678854425975,14.7891641815685,0.400000000000776));
#3877=CARTESIAN_POINT('',(22.7966765247506,14.7891641815677,0.399999999999996));
#3878=CARTESIAN_POINT('',(22.7966765247595,0.789261560604361,-0.456277973520642));
#3879=CARTESIAN_POINT('',(22.7966765247595,-1.64015794259249,8.4));
#3880=CARTESIAN_POINT('',(25.7966765241174,0.554310024543242,0.400455954949767));
#3881=CARTESIAN_POINT('',(25.7966913840933,-0.189959236925797,0.398619184622248));
#3882=CARTESIAN_POINT('',(25.5389303127624,-0.917565259390304,0.403006401590777));
#3883=CARTESIAN_POINT('',(25.0598414294444,-1.48755102489,0.399586418518901));
#3884=CARTESIAN_POINT('',(-24.88178927056,2.47290704198466,8.8));
#3885=CARTESIAN_POINT('',(-25.28178927056,2.47290704198466,8.8));
#3886=CARTESIAN_POINT('',(-25.28178927056,2.47290704198466,8.4));
#3887=CARTESIAN_POINT('',(-24.8817892705557,3.29027679945941,8.8));
#3888=CARTESIAN_POINT('',(-25.2234975530956,3.28859040464231,8.80000000000459));
#3889=CARTESIAN_POINT('',(-25.28178927056,3.35269591916598,8.46287294692064));
#3890=CARTESIAN_POINT('',(-24.4845481637583,4.9218627857209,8.8));
#3891=CARTESIAN_POINT('',(-24.7595628874338,4.96534156737795,8.79999999999812));
#3892=CARTESIAN_POINT('',(-24.8234341473237,5.10887932300452,8.58837626799474));
#3893=CARTESIAN_POINT('',(-23.463632634063,5.86006778555709,8.8));
#3894=CARTESIAN_POINT('',(-23.5794368288456,6.01455832462204,8.79999999999968));
#3895=CARTESIAN_POINT('',(-23.6454546899889,6.11873112609594,8.66054398966885));
#3896=CARTESIAN_POINT('',(-22.9045240108877,6.05583876823383,8.8));
#3897=CARTESIAN_POINT('',(-22.961246884364,6.2178354403649,8.8));
#3898=CARTESIAN_POINT('',(-23.0003293555535,6.3294523222922,8.67560290087191));
#3899=CARTESIAN_POINT('',(-24.88178927056,2.47290704198466,8.4));
#3900=CARTESIAN_POINT('',(-24.88178927056,-14.2498677799999,8.4));
#3901=CARTESIAN_POINT('',(-24.88178927056,-2.25237458479759,8.4));
#3902=CARTESIAN_POINT('',(-24.2432461880723,-4.02208203043442,8.8));
#3903=CARTESIAN_POINT('',(-24.6084206749418,-4.32849980768201,8.8));
#3904=CARTESIAN_POINT('',(-24.5450087907665,-4.27529091905822,8.33054072893323));
#3905=CARTESIAN_POINT('',(-24.6505955908673,-3.53662191619809,8.8));
#3906=CARTESIAN_POINT('',(-25.0576114590888,-3.75777062569473,8.79999999999776));
#3907=CARTESIAN_POINT('',(-25.015027332461,-3.72037140559246,8.34959455941015));
#3908=CARTESIAN_POINT('',(-24.8817892705511,-2.89587395709026,8.8));
#3909=CARTESIAN_POINT('',(-25.3078693475807,-3.01192523119494,8.80000000000207));
#3910=CARTESIAN_POINT('',(-25.28178927056,-2.98794553722037,8.37474328458021));
#3911=CARTESIAN_POINT('',(-24.88178927056,-2.25237458479759,8.8));
#3912=CARTESIAN_POINT('',(-25.28178927056,-2.25237458479759,8.8));
#3913=CARTESIAN_POINT('',(-25.28178927056,-2.25237458479759,8.4));
#3914=CARTESIAN_POINT('',(-24.2432461880723,-4.02208203043443,8.4));
#3915=CARTESIAN_POINT('',(-15.5717730529985,-14.3563412922428,8.4));
#3916=CARTESIAN_POINT('',(-13.4675327555552,-16.8640772264025,8.4));
#3917=CARTESIAN_POINT('',(-13.0308373995497,-17.4701010127957,8.83658196350981));
#3918=CARTESIAN_POINT('',(-13.353411696094,-17.7377855849728,8.78574050833199));
#3919=CARTESIAN_POINT('',(-13.2703241226964,-17.7233099014195,8.37200028757768));
#3920=CARTESIAN_POINT('',(-13.1757821291891,-17.2650631493583,8.81373699088128));
#3921=CARTESIAN_POINT('',(-13.517588378813,-17.5399748507305,8.77789341909079));
#3922=CARTESIAN_POINT('',(-13.4345948160063,-17.5204374018247,8.34610931337742));
#3923=CARTESIAN_POINT('',(-13.320904735238,-17.0628243524737,8.8));
#3924=CARTESIAN_POINT('',(-13.6774931448226,-17.3505414082577,8.78202601264007));
#3925=CARTESIAN_POINT('',(-13.600621138576,-17.3183042239233,8.33054073485036));
#3926=CARTESIAN_POINT('',(-13.4675327555552,-16.8640772264025,8.8));
#3927=CARTESIAN_POINT('',(-13.8327072424248,-17.1704950036501,8.8));
#3928=CARTESIAN_POINT('',(-13.7692953582494,-17.1172861150263,8.33054072893323));
#3929=CARTESIAN_POINT('',(-12.9685615200022,-17.4701010127957,8.44145955864445));
#3930=CARTESIAN_POINT('',(-12.5751675806473,-18.1193941704756,8.94543297612302));
#3931=CARTESIAN_POINT('',(-12.850327037666,-18.3567456183489,8.85648766958873));
#3932=CARTESIAN_POINT('',(-12.7538983279403,-18.3726030590994,8.49536476853931));
#3933=CARTESIAN_POINT('',(-12.7239121071471,-17.9035435831168,8.89735130141638));
#3934=CARTESIAN_POINT('',(-13.018481092449,-18.145864228672,8.81827193473461));
#3935=CARTESIAN_POINT('',(-12.9224754579734,-18.1567524717406,8.44087220387135));
#3936=CARTESIAN_POINT('',(-12.8764209122283,-17.6862306966412,8.86091979514415));
#3937=CARTESIAN_POINT('',(-13.1873331742293,-17.9382637483747,8.79504907045357));
#3938=CARTESIAN_POINT('',(-13.095318770399,-17.9394395852656,8.39958316342965));
#3939=CARTESIAN_POINT('',(-13.0308373995497,-17.4701010127958,8.8365819635098));
#3940=CARTESIAN_POINT('',(-13.3534116960939,-17.7377855849729,8.78574050833199));
#3941=CARTESIAN_POINT('',(-13.2703241226964,-17.7233099014195,8.37200028757767));
#3942=CARTESIAN_POINT('',(-12.4521357252461,-18.1193941704756,8.56482403960609));
#3943=CARTESIAN_POINT('',(-11.3765861525964,-19.7709123664081,9.67867965644025));
#3944=CARTESIAN_POINT('',(-11.5463937993853,-20.0323784307841,9.5088720096514));
#3945=CARTESIAN_POINT('',(-11.3173028619256,-20.0634272630203,9.23945209756829));
#3946=CARTESIAN_POINT('',(-11.7337256409352,-19.2451767068793,9.32154016810153));
#3947=CARTESIAN_POINT('',(-11.9581586933278,-19.5024254271301,9.15586673249675));
#3948=CARTESIAN_POINT('',(-11.7378245629147,-19.5331850277283,8.84879938591393));
#3949=CARTESIAN_POINT('',(-12.1614381803841,-18.719777472373,9.07917102288108));
#3950=CARTESIAN_POINT('',(-12.4067365341562,-18.9893462307978,8.95548011341378));
#3951=CARTESIAN_POINT('',(-12.2538626862313,-18.9980288791138,8.60292881299031));
#3952=CARTESIAN_POINT('',(-12.5751675806462,-18.119394170477,8.94543297612334));
#3953=CARTESIAN_POINT('',(-12.8503270376649,-18.3567456183504,8.85648766958896));
#3954=CARTESIAN_POINT('',(-12.7538983279391,-18.3726030591009,8.49536476853957));
#3955=CARTESIAN_POINT('',(-11.0937434401218,-19.7709123664081,9.39583694396561));
#3956=CARTESIAN_POINT('',(-7.90968139676402,-23.9203984708316,13.1455844122723));
#3957=CARTESIAN_POINT('',(-8.15062700217453,-24.3595542047771,12.9046388068618));
#3958=CARTESIAN_POINT('',(-7.70140309092043,-24.2200565203695,12.6084874911581));
#3959=CARTESIAN_POINT('',(-9.05947053407778,-22.6587201258958,11.9957952749586));
#3960=CARTESIAN_POINT('',(-9.16821850075578,-23.1438414860452,11.8870473082684));
#3961=CARTESIAN_POINT('',(-8.90512988768728,-22.9661932029205,11.4837271055686));
#3962=CARTESIAN_POINT('',(-10.2542053218649,-21.228760046348,10.8010604871716));
#3963=CARTESIAN_POINT('',(-10.3670051081892,-21.6408716248006,10.6882607008669));
#3964=CARTESIAN_POINT('',(-10.1512100513558,-21.5337715116737,10.3227192125174));
#3965=CARTESIAN_POINT('',(-11.3765861525964,-19.7709123664081,9.67867965644024));
#3966=CARTESIAN_POINT('',(-11.5463937993853,-20.0323784307841,9.50887200965139));
#3967=CARTESIAN_POINT('',(-11.3173028619256,-20.0634272630202,9.23945209756828));
#3968=CARTESIAN_POINT('',(-7.62683868428941,-23.9203984708316,12.8627416997976));
#3969=CARTESIAN_POINT('',(-7.70140309092044,-24.2200565203695,12.6084874911581));
#3970=CARTESIAN_POINT('',(-8.15062700217454,-24.3595542047771,12.9046388068618));
#3971=CARTESIAN_POINT('',(-7.90968139676403,-23.9203984708316,13.1455844122723));
#3972=CARTESIAN_POINT('',(-7.55943537546747,-24.3679373480379,12.7411419006962));
#3973=CARTESIAN_POINT('',(-8.01514198793966,-24.5470708375868,13.0701315999907));
#3974=CARTESIAN_POINT('',(-7.7571243084851,-24.0692010066136,13.2981415005512));
#3975=CARTESIAN_POINT('',(-7.24472699024409,-24.6484404214488,12.9830555990772));
#3976=CARTESIAN_POINT('',(-7.70263852829254,-24.9334689786961,13.3887961943979));
#3977=CARTESIAN_POINT('',(-7.42277377217758,-24.3524619268833,13.5791853811825));
#3978=CARTESIAN_POINT('',(-6.84208882001787,-24.8808291708113,13.1809613908111));
#3979=CARTESIAN_POINT('',(-7.31408695892133,-25.3099010500822,13.6608824990364));
#3980=CARTESIAN_POINT('',(-7.00417805734887,-24.591853998891,13.8148806477522));
#3981=CARTESIAN_POINT('',(-6.61277052873089,-24.9633472460937,13.2634794660935));
#3982=CARTESIAN_POINT('',(-7.06006901547834,-25.4910614184747,13.7911936384746));
#3983=CARTESIAN_POINT('',(-6.76885472176068,-24.6805045336191,13.9146124508891));
#3984=CARTESIAN_POINT('',(-6.61277052873089,-24.680504533619,13.5463221785682));
#3985=CARTESIAN_POINT('',(-5.36409698449256,-24.9341823550514,14.2000000000006));
#3986=CARTESIAN_POINT('',(-5.36409698449256,-25.8998677800007,14.2000000000006));
#3987=CARTESIAN_POINT('',(-5.36409698449256,-25.2170250675261,13.517157287526));
#3988=CARTESIAN_POINT('',(-5.84512922421189,-24.9341823550477,14.2000000000006));
#3989=CARTESIAN_POINT('',(-5.97416414609882,-25.8998677799955,14.2000000000003));
#3990=CARTESIAN_POINT('',(-5.79168119757661,-25.2170250675224,13.5171572875223));
#3991=CARTESIAN_POINT('',(-6.32595598726239,-24.8473523750267,14.1023162724765));
#3992=CARTESIAN_POINT('',(-6.54542713250093,-25.7576318160774,14.0577640360755));
#3993=CARTESIAN_POINT('',(-6.21908276473091,-25.1301950875018,13.4303273075017));
#3994=CARTESIAN_POINT('',(-6.76885472176069,-24.680504533619,13.9146124508891));
#3995=CARTESIAN_POINT('',(-7.06006901547835,-25.4910614184747,13.7911936384746));
#3996=CARTESIAN_POINT('',(-6.6127705287309,-24.9633472460937,13.2634794660936));
#3997=CARTESIAN_POINT('',(-5.36409698449222,-24.9341823550514,13.8000000000006));
#3998=CARTESIAN_POINT('',(0.000588247764968339,-24.9341823550509,13.8));
#3999=CARTESIAN_POINT('',(5.36409698448196,-24.9341823550503,13.7999999999994));
#4000=CARTESIAN_POINT('',(6.77063911416583,-24.679831817476,13.9138556452291));
#4001=CARTESIAN_POINT('',(7.06203261450893,-25.4900435554877,13.7901757754876));
#4002=CARTESIAN_POINT('',(6.61435665531191,-24.9626745299513,13.2628067499512));
#4003=CARTESIAN_POINT('',(6.32724677453554,-24.847115978262,14.1020503261194));
#4004=CARTESIAN_POINT('',(6.54691354374091,-25.7572664804405,14.0573987004482));
#4005=CARTESIAN_POINT('',(6.22023013119518,-25.1299586907383,13.4300909107382));
#4006=CARTESIAN_POINT('',(5.84577530740557,-24.9341823550451,14.1999999999974));
#4007=CARTESIAN_POINT('',(5.97498353845032,-25.899867779982,14.1999999999893));
#4008=CARTESIAN_POINT('',(5.79225549374741,-25.2170250675192,13.5171572875191));
#4009=CARTESIAN_POINT('',(5.36409698449674,-24.9341823550503,14.1999999999994));
#4010=CARTESIAN_POINT('',(5.3640969845008,-25.8998677799996,14.1999999999994));
#4011=CARTESIAN_POINT('',(5.36409698449506,-25.2170250675249,13.5171572875248));
#4012=CARTESIAN_POINT('',(6.61435665531189,-24.6798318174766,13.5456494624258));
#4013=CARTESIAN_POINT('',(6.61435665531189,-24.9626745299513,13.2628067499512));
#4014=CARTESIAN_POINT('',(7.0620326145089,-25.4900435554876,13.7901757754876));
#4015=CARTESIAN_POINT('',(6.77063911416581,-24.679831817476,13.9138556452291));
#4016=CARTESIAN_POINT('',(6.8446135055326,-24.879678282012,13.179810502012));
#4017=CARTESIAN_POINT('',(7.31687586471787,-25.3080759554638,13.6592366180296));
#4018=CARTESIAN_POINT('',(7.00693640955734,-24.5906809382078,13.8135609623337));
#4019=CARTESIAN_POINT('',(7.23909217373574,-24.652153629832,12.9860712040008));
#4020=CARTESIAN_POINT('',(7.69764997012311,-24.9391700873994,13.3927625759992));
#4021=CARTESIAN_POINT('',(7.41703727101565,-24.3562917300884,13.5828137429464));
#4022=CARTESIAN_POINT('',(7.55917075101264,-24.3683107601535,12.741192496973));
#4023=CARTESIAN_POINT('',(8.01509207488995,-24.54773858004,13.07021801842));
#4024=CARTESIAN_POINT('',(7.75699262947366,-24.0695978291436,13.298273179547));
#4025=CARTESIAN_POINT('',(7.70126195670245,-24.2203285314662,12.6084220227236));
#4026=CARTESIAN_POINT('',(8.15070056176027,-24.3600518522687,12.9045652472614));
#4027=CARTESIAN_POINT('',(7.90968139674937,-23.9206909530892,13.1455844122706));
#4028=CARTESIAN_POINT('',(7.6268386842747,-23.9206909530904,12.862741699796));
#4029=CARTESIAN_POINT('',(11.3765861525607,-19.7718112358361,9.67867965644069));
#4030=CARTESIAN_POINT('',(11.5464478609365,-20.033398975325,9.50881794806591));
#4031=CARTESIAN_POINT('',(11.317185688716,-20.0643596016423,9.23934727915731));
#4032=CARTESIAN_POINT('',(10.2541007162206,-21.2295805809524,10.8011650927873));
#4033=CARTESIAN_POINT('',(10.3669208795084,-21.641868956243,10.6883449295146));
#4034=CARTESIAN_POINT('',(10.1509757343782,-21.5346076257532,10.3227292546834));
#4035=CARTESIAN_POINT('',(9.05936759319384,-22.659329700368,11.9958982158204));
#4036=CARTESIAN_POINT('',(9.1681548454276,-23.1446293945805,11.8871109636028));
#4037=CARTESIAN_POINT('',(8.90488904978107,-22.9667997650016,11.4837490904094));
#4038=CARTESIAN_POINT('',(7.90968139674935,-23.9206909530892,13.1455844122706));
#4039=CARTESIAN_POINT('',(8.15070056176026,-24.3600518522687,12.9045652472614));
#4040=CARTESIAN_POINT('',(7.70126195670244,-24.2203285314662,12.6084220227236));
#4041=CARTESIAN_POINT('',(11.093743440086,-19.7718112358372,9.39583694396612));
#4042=CARTESIAN_POINT('',(12.5764598257233,-18.1189211224916,8.94501558084352));
#4043=CARTESIAN_POINT('',(12.851760373204,-18.3563502703429,8.85616228583785));
#4044=CARTESIAN_POINT('',(12.7553628723654,-18.3721300111159,8.49489172055588));
#4045=CARTESIAN_POINT('',(12.1623017007542,-18.719862203598,9.07868518082789));
#4046=CARTESIAN_POINT('',(12.4077103114562,-18.9895898881004,8.95503063511337));
#4047=CARTESIAN_POINT('',(12.2547972567659,-18.9981490611826,8.60231589630081));
#4048=CARTESIAN_POINT('',(11.7340759867553,-19.2456371578717,9.32118982224377));
#4049=CARTESIAN_POINT('',(11.9586360911512,-19.5030026921247,9.15546786648854));
#4050=CARTESIAN_POINT('',(11.7381229672001,-19.5336814046301,8.84830632867382));
#4051=CARTESIAN_POINT('',(11.3765861525607,-19.7718112358361,9.67867965644069));
#4052=CARTESIAN_POINT('',(11.5464478609365,-20.033398975325,9.50881794806592));
#4053=CARTESIAN_POINT('',(11.317185688716,-20.0643596016423,9.23934727915732));
#4054=CARTESIAN_POINT('',(12.4536002696712,-18.1189211224921,8.56435099162265));
#4055=CARTESIAN_POINT('',(12.7553628723654,-18.372130011116,8.49489172055588));
#4056=CARTESIAN_POINT('',(12.851760373204,-18.3563502703429,8.85616228583785));
#4057=CARTESIAN_POINT('',(12.5764598257233,-18.1189211224917,8.94501558084351));
#4058=CARTESIAN_POINT('',(12.9238410276755,-18.1564292564818,8.44051536942634));
#4059=CARTESIAN_POINT('',(13.0198104857876,-18.1456227119996,8.81805576018987));
#4060=CARTESIAN_POINT('',(12.7251170215854,-17.9032203678575,8.89703644749398));
#4061=CARTESIAN_POINT('',(13.0965731341364,-17.9392759874128,8.39932507382501));
#4062=CARTESIAN_POINT('',(13.1885489424073,-17.93818174615,8.79492075532561));
#4063=CARTESIAN_POINT('',(12.8775277037566,-17.6860670987891,8.86069206902143));
#4064=CARTESIAN_POINT('',(13.2714594743246,-17.7233099013678,8.37182153962817));
#4065=CARTESIAN_POINT('',(13.3545120381176,-17.7378594781125,8.78567903520244));
#4066=CARTESIAN_POINT('',(13.0318391803928,-17.4701010127437,8.83642424473084));
#4067=CARTESIAN_POINT('',(12.9696968716303,-17.4701010127439,8.44128081069495));
#4068=CARTESIAN_POINT('',(13.2714594743245,-17.7233099013678,8.37182153962818));
#4069=CARTESIAN_POINT('',(13.3545120381176,-17.7378594781125,8.78567903520244));
#4070=CARTESIAN_POINT('',(13.0318391803928,-17.4701010127437,8.83642424473084));
#4071=CARTESIAN_POINT('',(13.4354037849034,-17.520856060211,8.34603880058932));
#4072=CARTESIAN_POINT('',(13.5183480618488,-17.5404747383757,8.77790490168091));
#4073=CARTESIAN_POINT('',(13.1764959252688,-17.2654913305468,8.81367477370233));
#4074=CARTESIAN_POINT('',(13.6010964907085,-17.3191398140762,8.33054073483916));
#4075=CARTESIAN_POINT('',(13.6779283343117,-17.3514347066356,8.78206189916201));
#4076=CARTESIAN_POINT('',(13.3213304020043,-17.063670132886,8.8));
#4077=CARTESIAN_POINT('',(13.7694238678396,-17.1185350560283,8.33054072893323));
#4078=CARTESIAN_POINT('',(13.8328357520149,-17.171743944652,8.8));
#4079=CARTESIAN_POINT('',(13.4676612651454,-16.8653261674045,8.8));
#4080=CARTESIAN_POINT('',(13.4676612651454,-16.8653261674044,8.4));
#4081=CARTESIAN_POINT('',(21.7440668904138,-7.00189002972407,8.4));
#4082=CARTESIAN_POINT('',(24.7581334422717,-3.40986538822936,8.4));
#4083=CARTESIAN_POINT('',(25.3966765247595,-1.64015794259249,8.8));
#4084=CARTESIAN_POINT('',(25.7966765247595,-1.64015794259249,8.8));
#4085=CARTESIAN_POINT('',(25.7966765247595,-1.64015794259249,8.4));
#4086=CARTESIAN_POINT('',(25.3966765247539,-2.28365731488511,8.8));
#4087=CARTESIAN_POINT('',(25.8227566017894,-2.39970858898136,8.79999999999161));
#4088=CARTESIAN_POINT('',(25.7966765247595,-2.3757288950155,8.37474328457965));
#4089=CARTESIAN_POINT('',(25.1654828450679,-2.92440527399343,8.8));
#4090=CARTESIAN_POINT('',(25.5724987132806,-3.14555398349051,8.79999999999566));
#4091=CARTESIAN_POINT('',(25.5299145866597,-3.10815476338843,8.34959455941038));
#4092=CARTESIAN_POINT('',(24.7581334422718,-3.40986538822936,8.8));
#4093=CARTESIAN_POINT('',(25.1233079291413,-3.71628316547696,8.8));
#4094=CARTESIAN_POINT('',(25.0598960449659,-3.66307427685316,8.33054072893323));
#4095=CARTESIAN_POINT('',(25.3966765247595,-1.64015794259249,8.4));
#4096=CARTESIAN_POINT('',(25.3966765247595,-5.48181172713489,8.4));
#4097=CARTESIAN_POINT('',(25.3966765247595,2.47290704207566,8.4));
#4098=CARTESIAN_POINT('',(22.8716850966077,6.1617173891422,8.8));
#4099=CARTESIAN_POINT('',(22.8784360012369,6.32651459152651,8.8));
#4100=CARTESIAN_POINT('',(22.8832248768921,6.44341645192752,8.68374719645639));
#4101=CARTESIAN_POINT('',(23.5395822584263,6.13435703363488,8.8));
#4102=CARTESIAN_POINT('',(23.6075880636492,6.2983958875648,8.79999999999846));
#4103=CARTESIAN_POINT('',(23.6538754482209,6.41396670017899,8.68164260895817));
#4104=CARTESIAN_POINT('',(24.8548408733533,5.3110953217032,8.8));
#4105=CARTESIAN_POINT('',(25.1221891492796,5.36164662254293,8.80000000000183));
#4106=CARTESIAN_POINT('',(25.1714815423679,5.52783592453721,8.61831644665212));
#4107=CARTESIAN_POINT('',(25.3966765247595,3.42129095028776,8.8));
#4108=CARTESIAN_POINT('',(25.7298221854485,3.40840825352409,8.79999999999764));
#4109=CARTESIAN_POINT('',(25.7966765247595,3.4937150743195,8.47295069407218));
#4110=CARTESIAN_POINT('',(25.3966765247595,2.47290704207566,8.8));
#4111=CARTESIAN_POINT('',(25.7966765247595,2.47290704207565,8.8));
#4112=CARTESIAN_POINT('',(25.7966765247595,2.47290704207565,8.4));
#4113=CARTESIAN_POINT('',(0.,0.,12.9));
#4114=CARTESIAN_POINT('',(0.,0.,8.4));
#4115=CARTESIAN_POINT('',(-2.2,0.,8.4));
#4116=CARTESIAN_POINT('',(0.,0.,0.4));
#4117=CARTESIAN_POINT('',(-2.2,0.,0.4));
#4118=CARTESIAN_POINT('',(-17.5,2.11251572852918E-15,12.9));
#4119=CARTESIAN_POINT('',(-17.5,2.11251572852918E-15,6.95821733952732));
#4120=CARTESIAN_POINT('',(-17.5,2.11251572852918E-15,8.4));
#4121=CARTESIAN_POINT('',(-19.2,2.11251572852918E-15,8.4));
#4122=CARTESIAN_POINT('',(-17.5,2.11251572852918E-15,0.4));
#4123=CARTESIAN_POINT('',(-19.2,2.11251572852918E-15,0.4));
#4124=CARTESIAN_POINT('',(19.5,-1.31649530908342E-15,12.9));
#4125=CARTESIAN_POINT('',(19.5,-1.31649530908342E-15,8.4));
#4126=CARTESIAN_POINT('',(17.8,-1.31649530908342E-15,8.4));
#4127=CARTESIAN_POINT('',(19.5,-1.31649530908342E-15,0.4));
#4128=CARTESIAN_POINT('',(17.8,-1.31649530908342E-15,0.4));
#4129=CARTESIAN_POINT('',(0.,0.,8.8));
#4130=CARTESIAN_POINT('',(-17.5,2.11251572852918E-15,8.8));
#4131=CARTESIAN_POINT('',(19.5,-1.31649530908342E-15,8.8));
#4132=CARTESIAN_POINT('',(-25.28178927056,1.59862099354422,0.4));
#4133=CARTESIAN_POINT('',(-25.28178927056,10.5310721959848,0.4));
#4134=CARTESIAN_POINT('',(-24.88178927056,10.5310721959848,0.));
#4135=CARTESIAN_POINT('',(-24.88178927056,1.59862099354422,0.));
#4136=CARTESIAN_POINT('',(-24.8816767577433,-0.0578462265107898,0.000113011408819109));
#4137=CARTESIAN_POINT('',(-24.8817895198561,-0.0578459031454572,2.49296048268708E-7));
#4138=CARTESIAN_POINT('',(-25.0151227700907,-0.0578459031454572,0.133333499530699));
#4139=CARTESIAN_POINT('',(-25.1484560203254,-0.0578459031454572,0.266666749765349));
#4140=CARTESIAN_POINT('',(-25.28178927056,-0.0578459031454572,0.4));
#4141=CARTESIAN_POINT('',(-25.2446865330142,9.86500527556256,0.4));
#4142=CARTESIAN_POINT('',(-25.2692961551223,10.0852009366503,0.4));
#4143=CARTESIAN_POINT('',(-25.28178927056,10.3081190230354,0.4));
#4144=CARTESIAN_POINT('',(-25.28178927056,11.0884551283581,0.4));
#4145=CARTESIAN_POINT('',(-25.203707299073,11.6456187697053,0.4));
#4146=CARTESIAN_POINT('',(-24.9031484371147,12.675528134933,0.4));
#4147=CARTESIAN_POINT('',(-24.6807897943431,13.1478686638626,0.4));
#4148=CARTESIAN_POINT('',(-24.1254294338962,13.9361271638218,0.4));
#4149=CARTESIAN_POINT('',(-23.7926462058233,14.251735016707,0.4));
#4150=CARTESIAN_POINT('',(-23.0670329294872,14.6783374411552,0.4));
#4151=CARTESIAN_POINT('',(-22.6744883449864,14.7891641814767,0.4));
#4152=CARTESIAN_POINT('',(-22.1247096407893,14.7891641814767,0.4));
#4153=CARTESIAN_POINT('',(-21.9676547294065,14.7714319030252,0.4));
#4154=CARTESIAN_POINT('',(-21.8125178776219,14.7365018913011,0.4));
#4155=CARTESIAN_POINT('',(-24.8073536299567,9.91381208964509,-0.0400000000000771));
#4156=CARTESIAN_POINT('',(-24.8301514367321,10.1176719972475,-0.0400000000000771));
#4157=CARTESIAN_POINT('',(-24.8417892705599,10.3243504804439,-0.0400000000000771));
#4158=CARTESIAN_POINT('',(-24.8417892705599,11.0478764848369,-0.0400000000000771));
#4159=CARTESIAN_POINT('',(-24.7690528091348,11.5644105715356,-0.0400000000000771));
#4160=CARTESIAN_POINT('',(-24.4930401159522,12.5102088640824,-0.0400000000000771));
#4161=CARTESIAN_POINT('',(-24.2898595737745,12.9387871288878,-0.0400000000000771));
#4162=CARTESIAN_POINT('',(-23.7969735738454,13.6383717753081,-0.0400000000000771));
#4163=CARTESIAN_POINT('',(-23.5082903521758,13.9085040271451,-0.0400000000000771));
#4164=CARTESIAN_POINT('',(-22.9053888845766,14.2629617536529,-0.0400000000000771));
#4165=CARTESIAN_POINT('',(-22.5927388536085,14.3491641814766,-0.0400000000000771));
#4166=CARTESIAN_POINT('',(-22.1574094373405,14.3491641814766,-0.0400000000000771));
#4167=CARTESIAN_POINT('',(-22.0327575324536,14.3353717930248,-0.0400000000000771));
#4168=CARTESIAN_POINT('',(-21.9086591395852,14.3074782796344,-0.0400000000000771));
#4169=CARTESIAN_POINT('',(-22.2817892705595,14.7891641814767,0.4));
#4170=CARTESIAN_POINT('',(-22.2817892705596,14.3891641814767,0.));
#4171=CARTESIAN_POINT('',(-24.88178927056,10.5310721959848,2.30392961653169E-15));
#4172=CARTESIAN_POINT('',(-24.88178927056,10.9592459110858,2.30392961653169E-15));
#4173=CARTESIAN_POINT('',(-24.7845935408881,11.8127015056713,-1.11469535858666E-15));
#4174=CARTESIAN_POINT('',(-24.3433625122936,13.0097821479854,2.62580213648833E-16));
#4175=CARTESIAN_POINT('',(-23.5352894769735,14.0466450770705,-1.18584612615602E-16));
#4176=CARTESIAN_POINT('',(-22.7143195877673,14.3891641814768,-2.03287907341032E-17));
#4177=CARTESIAN_POINT('',(-22.2817892705596,14.3891641814767,-2.03287907341032E-17));
#4178=CARTESIAN_POINT('',(0.257443627102688,14.7891641814717,0.4));
#4179=CARTESIAN_POINT('',(-21.3865603795168,14.3891641814765,-4.06150660386906E-15));
#4180=CARTESIAN_POINT('',(-21.4905428231705,14.5173772066432,0.128213025166619));
#4181=CARTESIAN_POINT('',(-21.5766412420358,14.6522354016075,0.263071220130928));
#4182=CARTESIAN_POINT('',(-21.655120505164,14.7891641814766,0.4));
#4183=CARTESIAN_POINT('',(-21.3865603795167,14.3891641814765,0.));
#4184=CARTESIAN_POINT('',(0.257443627102599,14.3891641814717,0.));
#4185=CARTESIAN_POINT('',(-21.8033353879652,14.3222904713132,0.4048));
#4186=CARTESIAN_POINT('',(-21.7989605087148,14.3887223728883,0.4048));
#4187=CARTESIAN_POINT('',(-21.7883904804619,14.4548172844458,0.4048));
#4188=CARTESIAN_POINT('',(-21.7377500672465,14.6506278004807,0.4048));
#4189=CARTESIAN_POINT('',(-21.6784992408444,14.7753151069202,0.4048));
#4190=CARTESIAN_POINT('',(-21.5183203911215,14.9927122470941,0.4048));
#4191=CARTESIAN_POINT('',(-21.4174545529765,15.0853368253161,0.4048));
#4192=CARTESIAN_POINT('',(-21.1893580663289,15.2244704178112,0.4048));
#4193=CARTESIAN_POINT('',(-21.0622165210739,15.2709240780858,0.4048));
#4194=CARTESIAN_POINT('',(-20.83375189665,15.3056012988326,0.4048));
#4195=CARTESIAN_POINT('',(-20.7340300304015,15.3055174325395,0.4048));
#4196=CARTESIAN_POINT('',(-20.6366407213507,15.2907174558462,0.4048));
#4197=CARTESIAN_POINT('',(-21.7985459069901,14.3219750179067,0.4));
#4198=CARTESIAN_POINT('',(-21.7941907499488,14.3881074561979,0.4));
#4199=CARTESIAN_POINT('',(-21.7836683973773,14.453905362841,0.4));
#4200=CARTESIAN_POINT('',(-21.7332555079758,14.6488361160032,0.4));
#4201=CARTESIAN_POINT('',(-21.6742703110861,14.7729626759027,0.4));
#4202=CARTESIAN_POINT('',(-21.5148206402491,14.9893701635836,0.4));
#4203=CARTESIAN_POINT('',(-21.4144188289006,15.0815660443364,0.4));
#4204=CARTESIAN_POINT('',(-21.1873946399203,15.2200455600462,0.4));
#4205=CARTESIAN_POINT('',(-21.0608614792089,15.2662747743216,0.4));
#4206=CARTESIAN_POINT('',(-20.8335067676947,15.3007835283342,0.4));
#4207=CARTESIAN_POINT('',(-20.7342742919655,15.3006998257435,0.4));
#4208=CARTESIAN_POINT('',(-20.6373642053756,15.2859725615978,0.4));
#4209=CARTESIAN_POINT('',(-21.3592678782267,14.2930424986472,-0.040242804800862));
#4210=CARTESIAN_POINT('',(-21.3567215879839,14.3317089877591,-0.040242804800862));
#4211=CARTESIAN_POINT('',(-21.3505719178585,14.3702664201275,-0.040242804800862));
#4212=CARTESIAN_POINT('',(-21.3210268872044,14.4845077410667,-0.040242804800862));
#4213=CARTESIAN_POINT('',(-21.2864044989816,14.5572041698091,-0.040242804800862));
#4214=CARTESIAN_POINT('',(-21.1938331110513,14.682843451391,-0.040242804800862));
#4215=CARTESIAN_POINT('',(-21.1359905618636,14.7357203787531,-0.040242804800862));
#4216=CARTESIAN_POINT('',(-21.0073145671941,14.8142097697699,-0.040242804800862));
#4217=CARTESIAN_POINT('',(-20.936580764369,14.8398534140067,-0.040242804800862));
#4218=CARTESIAN_POINT('',(-20.8110242137619,14.8589108622744,-0.040242804800862));
#4219=CARTESIAN_POINT('',(-20.7566772911422,14.8588421740215,-0.040242804800862));
#4220=CARTESIAN_POINT('',(-20.7037201712801,14.8507839048509,-0.040242804800862));
#4221=CARTESIAN_POINT('',(-20.783943937694,14.8971097670885,-2.16840434497765E-16));
#4222=CARTESIAN_POINT('',(-20.783943937694,15.0304431004218,0.133333333333333));
#4223=CARTESIAN_POINT('',(-20.783943937694,15.1637764337552,0.266666666666666));
#4224=CARTESIAN_POINT('',(-20.783943937694,15.2971097670885,0.4));
#4225=CARTESIAN_POINT('',(-20.7839439376939,14.8971097670885,0.));
#4226=CARTESIAN_POINT('',(-21.3865603795167,14.3891641814765,-4.2148359455374E-15));
#4227=CARTESIAN_POINT('',(-21.3273612146049,14.669729583856,-4.2148359455374E-15));
#4228=CARTESIAN_POINT('',(-21.0709670519217,14.8971464996468,-2.03287907341032E-17));
#4229=CARTESIAN_POINT('',(-20.7839439419431,14.897088675507,-2.03287907341032E-17));
#4230=CARTESIAN_POINT('',(0.257443627100576,15.2971097670872,0.4));
#4231=CARTESIAN_POINT('',(20.7839439546521,15.2970818863629,0.399972119276876));
#4232=CARTESIAN_POINT('',(20.7839848700277,15.1637543375107,0.266644570424651));
#4233=CARTESIAN_POINT('',(20.7840257854034,15.0304267886584,0.133317021572426));
#4234=CARTESIAN_POINT('',(20.7840667007791,14.8970992398062,-1.05272797994616E-5));
#4235=CARTESIAN_POINT('',(20.7840667007791,14.8970887125264,0.));
#4236=CARTESIAN_POINT('',(0.257443627100552,14.8971097670872,0.));
#4237=CARTESIAN_POINT('',(20.6373751441932,15.2859742239089,0.4));
#4238=CARTESIAN_POINT('',(20.7342817592117,15.3006998320184,0.4));
#4239=CARTESIAN_POINT('',(20.8335104299031,15.3007829724438,0.4));
#4240=CARTESIAN_POINT('',(21.0608614790495,15.2662747743204,0.4));
#4241=CARTESIAN_POINT('',(21.1873946397611,15.2200455600456,0.4));
#4242=CARTESIAN_POINT('',(21.414418828742,15.0815660443369,0.4));
#4243=CARTESIAN_POINT('',(21.514820640091,14.9893701635846,0.4));
#4244=CARTESIAN_POINT('',(21.674270310929,14.7729626759046,0.4));
#4245=CARTESIAN_POINT('',(21.7332555078195,14.6488361160054,0.4));
#4246=CARTESIAN_POINT('',(21.7836683050271,14.4539057193311,0.4));
#4247=CARTESIAN_POINT('',(21.7941906330025,14.3881081865111,0.4));
#4248=CARTESIAN_POINT('',(21.7985458343258,14.3219761189451,0.4));
#4249=CARTESIAN_POINT('',(20.7040874410368,14.8484151357888,-0.04264));
#4250=CARTESIAN_POINT('',(20.7568033503397,14.8564361908611,-0.04264));
#4251=CARTESIAN_POINT('',(20.8109038059761,14.8565044865738,-0.04264));
#4252=CARTESIAN_POINT('',(20.9359040350755,14.8375314788668,-0.04264));
#4253=CARTESIAN_POINT('',(21.0063340011286,14.8119999264787,-0.04264));
#4254=CARTESIAN_POINT('',(21.1344744735439,14.733837191656,-0.04264));
#4255=CARTESIAN_POINT('',(21.1920852804803,14.6811743625264,-0.04264));
#4256=CARTESIAN_POINT('',(21.2842925050519,14.5560293289047,-0.04264));
#4257=CARTESIAN_POINT('',(21.3187822337353,14.4836129457694,-0.04264));
#4258=CARTESIAN_POINT('',(21.3482135816085,14.3698112003117,-0.04264));
#4259=CARTESIAN_POINT('',(21.3543394275828,14.3314023150447,-0.04264));
#4260=CARTESIAN_POINT('',(21.3568758940091,14.2928855975407,-0.04264));
#4261=CARTESIAN_POINT('',(21.3865603793436,14.3891641815618,-1.54229225303324E-15));
#4262=CARTESIAN_POINT('',(21.4905428229842,14.5173772067302,0.128213025167981));
#4263=CARTESIAN_POINT('',(21.5766412418387,14.6522354016944,0.263071220131857));
#4264=CARTESIAN_POINT('',(21.6551205049573,14.7891641815629,0.4));
#4265=CARTESIAN_POINT('',(21.3865603793436,14.3891641815618,3.46944695195361E-15));
#4266=CARTESIAN_POINT('',(20.7840667007791,14.8970887061886,6.3372830606366E-9));
#4267=CARTESIAN_POINT('',(21.0707548323706,14.8970854704876,6.3372830606366E-9));
#4268=CARTESIAN_POINT('',(21.3274303743018,14.6694018111122,-2.03287907341032E-17));
#4269=CARTESIAN_POINT('',(21.3865603793436,14.3891641815618,-2.03287907341032E-17));
#4270=CARTESIAN_POINT('',(0.257443627044245,14.7891641814729,0.4));
#4271=CARTESIAN_POINT('',(22.7966765247595,14.7891641815677,0.4));
#4272=CARTESIAN_POINT('',(22.7966765247543,14.3891641815677,0.));
#4273=CARTESIAN_POINT('',(0.257443627045928,14.3891641814729,0.));
#4274=CARTESIAN_POINT('',(22.7966765247595,14.7891641815677,0.4));
#4275=CARTESIAN_POINT('',(23.1893756210021,14.7891641815626,0.4));
#4276=CARTESIAN_POINT('',(23.5819201836867,14.6783374412459,0.4));
#4277=CARTESIAN_POINT('',(24.3075334600228,14.2517350167984,0.4));
#4278=CARTESIAN_POINT('',(24.6403166880965,13.9361271639128,0.4));
#4279=CARTESIAN_POINT('',(25.1956770485418,13.1478686639536,0.4));
#4280=CARTESIAN_POINT('',(25.4180356913132,12.675528135024,0.4));
#4281=CARTESIAN_POINT('',(25.7185945532735,11.6456187697962,0.4));
#4282=CARTESIAN_POINT('',(25.7966765247595,11.0884551284491,0.4));
#4283=CARTESIAN_POINT('',(25.7966765247595,10.3081190231262,0.4));
#4284=CARTESIAN_POINT('',(25.7841834093215,10.0852009367407,0.4));
#4285=CARTESIAN_POINT('',(25.7595737872134,9.86500527565273,0.4));
#4286=CARTESIAN_POINT('',(22.7966765247595,14.3491641815676,-0.0400000000000789));
#4287=CARTESIAN_POINT('',(23.1076261112583,14.3491641815734,-0.0400000000000789));
#4288=CARTESIAN_POINT('',(23.4202761387761,14.2629617537435,-0.0400000000000789));
#4289=CARTESIAN_POINT('',(24.0231776063753,13.9085040272365,-0.0400000000000789));
#4290=CARTESIAN_POINT('',(24.3118608280458,13.6383717753991,-0.0400000000000789));
#4291=CARTESIAN_POINT('',(24.8047468279731,12.9387871289787,-0.0400000000000789));
#4292=CARTESIAN_POINT('',(25.0079273701508,12.5102088641729,-0.0400000000000789));
#4293=CARTESIAN_POINT('',(25.2839400633353,11.564410571627,-0.0400000000000789));
#4294=CARTESIAN_POINT('',(25.3566765247594,11.0478764849279,-0.0400000000000789));
#4295=CARTESIAN_POINT('',(25.3566765247594,10.3243504805346,-0.0400000000000789));
#4296=CARTESIAN_POINT('',(25.3450386909314,10.1176719973381,-0.0400000000000789));
#4297=CARTESIAN_POINT('',(25.3222408841558,9.91381208973545,-0.0400000000000789));
#4298=CARTESIAN_POINT('',(25.7966765247595,10.5310721960758,0.4));
#4299=CARTESIAN_POINT('',(25.3966765247595,10.5310721960758,0.));
#4300=CARTESIAN_POINT('',(22.7966765247569,14.3891641815677,-2.30054148474268E-15));
#4301=CARTESIAN_POINT('',(23.2290582321061,14.3891641815743,-2.30054148474268E-15));
#4302=CARTESIAN_POINT('',(24.0565215935343,14.0425135226185,1.00180896761622E-15));
#4303=CARTESIAN_POINT('',(25.1228123965353,12.6643199517221,-6.51907357404991E-16));
#4304=CARTESIAN_POINT('',(25.3966765247595,11.387254879664,-2.03287907341032E-17));
#4305=CARTESIAN_POINT('',(25.3966765247595,10.5310721960758,-2.03287907341032E-17));
#4306=CARTESIAN_POINT('',(25.7966765247595,1.59862099354422,0.4));
#4307=CARTESIAN_POINT('',(25.7966765247595,0.554370739059611,0.4));
#4308=CARTESIAN_POINT('',(25.6633431914262,0.554370739059611,0.266666666666666));
#4309=CARTESIAN_POINT('',(25.5300098580928,0.554370739059611,0.133333333333333));
#4310=CARTESIAN_POINT('',(25.3966765247595,0.554370739059611,-8.67361737988404E-16));
#4311=CARTESIAN_POINT('',(25.3964510780917,0.554370092545952,-3.20072574978069E-16));
#4312=CARTESIAN_POINT('',(25.3966765247595,1.59862099354422,0.));
#4313=CARTESIAN_POINT('',(22.6173017588308,0.546400322955225,-1.3010426069826E-15));
#4314=CARTESIAN_POINT('',(24.7534782677184,-1.23048434664676,1.89735380184963E-15));
#4315=CARTESIAN_POINT('',(24.8555864691506,-1.31616330080873,0.133292790450261));
#4316=CARTESIAN_POINT('',(24.9576946705829,-1.4018422549707,0.26658558090052));
#4317=CARTESIAN_POINT('',(25.0598028720151,-1.48752120913267,0.399878371350779));
#4318=CARTESIAN_POINT('',(24.7535224301543,-1.23052093937886,-8.57680518778176E-5));
#4319=CARTESIAN_POINT('',(22.6173017588308,0.546400322955225,0.));
#4320=CARTESIAN_POINT('',(16.3317870489153,-11.8893546431184,0.4));
#4321=CARTESIAN_POINT('',(17.6844454922072,-10.2771814367582,0.399911522204813));
#4322=CARTESIAN_POINT('',(17.5822884354554,-10.1914854101864,0.266570332474901));
#4323=CARTESIAN_POINT('',(17.4801313787035,-10.1057893836146,0.133229142744988));
#4324=CARTESIAN_POINT('',(17.3779743219516,-10.0200933570427,-0.000112046984925202));
#4325=CARTESIAN_POINT('',(17.3778884889815,-10.0200213346291,0.));
#4326=CARTESIAN_POINT('',(16.0253692716677,-11.6322395992438,0.));
#4327=CARTESIAN_POINT('',(17.7012518626576,-10.256930340281,0.4));
#4328=CARTESIAN_POINT('',(17.5380844231553,-10.4529665172487,0.4));
#4329=CARTESIAN_POINT('',(17.3657317178814,-10.6377704273043,0.4));
#4330=CARTESIAN_POINT('',(16.7675551513541,-11.2075031269809,0.4));
#4331=CARTESIAN_POINT('',(16.3111439262535,-11.5295030703736,0.4));
#4332=CARTESIAN_POINT('',(15.621840349608,-11.8606452475285,0.4));
#4333=CARTESIAN_POINT('',(15.3913491095726,-11.9459283856684,0.4));
#4334=CARTESIAN_POINT('',(14.9377549699999,-12.0630304461898,0.4));
#4335=CARTESIAN_POINT('',(14.7146632688237,-12.0948464773208,0.4));
#4336=CARTESIAN_POINT('',(14.4755744370072,-12.0998161365444,0.4));
#4337=CARTESIAN_POINT('',(14.4516955020858,-12.0999747710898,0.4));
#4338=CARTESIAN_POINT('',(14.4279213657378,-12.0997942399149,0.4));
#4339=CARTESIAN_POINT('',(17.3938050204505,-10.0009716678124,-1.17034508440809E-9));
#4340=CARTESIAN_POINT('',(17.2402310387923,-10.1854962706283,-1.17034508440809E-9));
#4341=CARTESIAN_POINT('',(17.0783451714504,-10.359091730303,-1.17034508440809E-9));
#4342=CARTESIAN_POINT('',(16.518584696632,-10.8922350607038,-1.17034508440809E-9));
#4343=CARTESIAN_POINT('',(16.0948165822232,-11.1896639216923,-1.17034508440809E-9));
#4344=CARTESIAN_POINT('',(15.4701891006661,-11.4897356353835,-1.17034508440809E-9));
#4345=CARTESIAN_POINT('',(15.2639351692823,-11.5657073641618,-1.17034508440809E-9));
#4346=CARTESIAN_POINT('',(14.8651936331179,-11.6686484130517,-1.17034508440809E-9));
#4347=CARTESIAN_POINT('',(14.6727870623066,-11.6956305053546,-1.17034508440809E-9));
#4348=CARTESIAN_POINT('',(14.4710032216183,-11.6998247512539,-1.17034508440809E-9));
#4349=CARTESIAN_POINT('',(14.4509019877594,-11.6999584304309,-1.17034508440809E-9));
#4350=CARTESIAN_POINT('',(14.4309387521618,-11.6998080627789,-1.17034508440809E-9));
#4351=CARTESIAN_POINT('',(17.3778884894297,-10.0200213350051,-5.85175144289258E-10));
#4352=CARTESIAN_POINT('',(17.0036275613791,-10.4662069122391,-5.85175144289258E-10));
#4353=CARTESIAN_POINT('',(16.1394685003727,-11.2536763362577,2.92587622966606E-10));
#4354=CARTESIAN_POINT('',(15.0345949610154,-11.6998696901067,-2.03287907341032E-17));
#4355=CARTESIAN_POINT('',(14.4467911379722,-11.6998677107881,-2.03287907341032E-17));
#4356=CARTESIAN_POINT('',(-14.4267298827128,-12.1022831913203,0.402489008660944));
#4357=CARTESIAN_POINT('',(-14.4505264808219,-12.1024638645713,0.402489008660944));
#4358=CARTESIAN_POINT('',(-14.4744276595266,-12.1023050651209,0.402489008660944));
#4359=CARTESIAN_POINT('',(-14.7137473489004,-12.0973306073431,0.402489008660944));
#4360=CARTESIAN_POINT('',(-14.9370299889641,-12.065484496923,0.402489008660944));
#4361=CARTESIAN_POINT('',(-15.3909654500482,-11.9482943192006,0.402489008660944));
#4362=CARTESIAN_POINT('',(-15.6216075072606,-11.8629532406144,0.402489008660944));
#4363=CARTESIAN_POINT('',(-16.3113135323083,-11.5316177268284,0.402489008660944));
#4364=CARTESIAN_POINT('',(-16.7679278798715,-11.2094648893443,0.402489008660944));
#4365=CARTESIAN_POINT('',(-17.3663434839674,-10.6395045185655,0.402489008660944));
#4366=CARTESIAN_POINT('',(-17.5387613125469,-10.4546308718828,0.402489008660944));
#4367=CARTESIAN_POINT('',(-17.7019884415789,-10.258523072904,0.402489008660944));
#4368=CARTESIAN_POINT('',(-14.4267486546903,-12.0997942686499,0.4));
#4369=CARTESIAN_POINT('',(-14.4505215406672,-12.099974754254,0.4));
#4370=CARTESIAN_POINT('',(-14.4743992138046,-12.0998161100981,0.4));
#4371=CARTESIAN_POINT('',(-14.7134867732994,-12.0948464773208,0.4));
#4372=CARTESIAN_POINT('',(-14.9365784744755,-12.0630304461897,0.4));
#4373=CARTESIAN_POINT('',(-15.3901726140483,-11.9459283856685,0.4));
#4374=CARTESIAN_POINT('',(-15.6206638540833,-11.8606452475285,0.4));
#4375=CARTESIAN_POINT('',(-16.30996743073,-11.5295030703736,0.4));
#4376=CARTESIAN_POINT('',(-16.7663786558307,-11.2075031269813,0.4));
#4377=CARTESIAN_POINT('',(-17.3645552149678,-10.6377704343416,0.4));
#4378=CARTESIAN_POINT('',(-17.5369079134243,-10.452966532481,0.4));
#4379=CARTESIAN_POINT('',(-17.7000753469593,-10.2569303645182,0.4));
#4380=CARTESIAN_POINT('',(-14.4297654344673,-11.6998080881189,2.35823533823506E-10));
#4381=CARTESIAN_POINT('',(-14.4497276254426,-11.6999584176499,2.35823533823506E-10));
#4382=CARTESIAN_POINT('',(-14.4698277999116,-11.6998247303402,2.35823533823506E-10));
#4383=CARTESIAN_POINT('',(-14.6716105669295,-11.695630506758,2.35823533823506E-10));
#4384=CARTESIAN_POINT('',(-14.8640171378487,-11.668648414438,2.35823533823506E-10));
#4385=CARTESIAN_POINT('',(-15.2627586742058,-11.5657073654985,2.35823533823506E-10));
#4386=CARTESIAN_POINT('',(-15.4690126056748,-11.4897356366874,2.35823533823506E-10));
#4387=CARTESIAN_POINT('',(-16.0936400874595,-11.189663922887,2.35823533823506E-10));
#4388=CARTESIAN_POINT('',(-16.5174082019839,-10.8922350618121,2.35823533823506E-10));
#4389=CARTESIAN_POINT('',(-17.0771686700216,-10.3590917378681,2.35823533823506E-10));
#4390=CARTESIAN_POINT('',(-17.2390545309711,-10.1854962858772,2.35823533823506E-10));
#4391=CARTESIAN_POINT('',(-17.3926285070191,-10.0009716915265,2.35823533823506E-10));
#4392=CARTESIAN_POINT('',(-17.3769190129899,-10.0201232466854,1.19262238973405E-15));
#4393=CARTESIAN_POINT('',(-17.4790582720724,-10.1058282613103,0.133333333333334));
#4394=CARTESIAN_POINT('',(-17.581197531155,-10.1915332759352,0.266666666666667));
#4395=CARTESIAN_POINT('',(-17.6833367902375,-10.27723829056,0.400000000000001));
#4396=CARTESIAN_POINT('',(-17.3769190129899,-10.0201232466854,0.));
#4397=CARTESIAN_POINT('',(-14.4456353139448,-11.6998677114641,2.35823300042412E-10));
#4398=CARTESIAN_POINT('',(-15.0329487879152,-11.6998639467349,2.35823300042412E-10));
#4399=CARTESIAN_POINT('',(-16.1399189968073,-11.2528362380966,-1.1791162214326E-10));
#4400=CARTESIAN_POINT('',(-17.0025549038666,-10.4660908483771,-1.50983117336007E-17));
#4401=CARTESIAN_POINT('',(-17.3767473148127,-10.0199792285697,-1.50983117336007E-17));
#4402=CARTESIAN_POINT('',(-16.1183576425995,-12.1423078120927,0.4));
#4403=CARTESIAN_POINT('',(-24.5449180722687,-2.09974000277145,0.399881634485846));
#4404=CARTESIAN_POINT('',(-24.4427871317174,-2.01412360583192,0.266611635867304));
#4405=CARTESIAN_POINT('',(-24.3406561911661,-1.92850720889238,0.133341637248761));
#4406=CARTESIAN_POINT('',(-24.2385252506149,-1.84289081195285,7.16386302190538E-5));
#4407=CARTESIAN_POINT('',(-24.2385807574758,-1.84293611066174,-1.2936168573768E-16));
#4408=CARTESIAN_POINT('',(-15.8119398653519,-11.8851927682181,0.));
#4409=CARTESIAN_POINT('',(0.,0.,0.4));
#4410=CARTESIAN_POINT('',(0.,0.,0.));
#4411=CARTESIAN_POINT('',(-2.6,0.,0.));
#4412=CARTESIAN_POINT('',(-17.5,2.11251572852918E-15,0.4));
#4413=CARTESIAN_POINT('',(-17.5,2.11251572852918E-15,0.));
#4414=CARTESIAN_POINT('',(-19.6,2.11251572852918E-15,0.));
#4415=CARTESIAN_POINT('',(19.5,-1.31649530908342E-15,0.4));
#4416=CARTESIAN_POINT('',(19.5,-1.31649530908342E-15,0.));
#4417=CARTESIAN_POINT('',(17.4,-1.31649530908342E-15,0.));
#4418=CARTESIAN_POINT('',(-22.1024221051984,-0.0658184061986214,2.60208521396521E-15));
#4419=CARTESIAN_POINT('',(-22.1024221051984,-0.0658184061986214,0.));
#4420=CARTESIAN_POINT('',(-4.99552056119747,-5.48181172713489,0.));
#4421=CARTESIAN_POINT('',(-17.0443033212974,-91.4579787467638,7.4139140182099));
#4422=CARTESIAN_POINT('',(10.8474075915535,-53.4083398582593,35.3056249310691));
#4423=CARTESIAN_POINT('',(13.1966873944024,6.94999785589343,8.05676712206013));
#4424=CARTESIAN_POINT('',(13.1966873944024,6.9499978558939,6.13358393234048));
#4425=CARTESIAN_POINT('',(13.1966873944024,7.1499978558939,6.13358393234053));
#4426=CARTESIAN_POINT('',(13.1966873944026,13.6919450879035,6.13358393234212));
#4427=CARTESIAN_POINT('',(13.1966873944026,13.238961711016,7.98967491403989));
#4428=CARTESIAN_POINT('',(13.1966873944026,13.2389617110162,7.98967491403901));
#4429=CARTESIAN_POINT('',(13.1966873944026,12.4617722701562,7.8));
#4430=CARTESIAN_POINT('',(13.1966873944026,12.4617722701562,8.6));
#4431=CARTESIAN_POINT('',(13.1966873944024,6.94999785589343,8.6));
#4432=CARTESIAN_POINT('',(13.1966873944024,7.1499978558933,8.6));
#4433=CARTESIAN_POINT('',(13.1966873944024,7.14999785589343,8.05676712206018));
#4434=CARTESIAN_POINT('',(19.1966873944025,6.94999785589328,8.05676712206013));
#4435=CARTESIAN_POINT('',(19.1966873944026,12.4617722701559,7.8));
#4436=CARTESIAN_POINT('',(19.1966873944026,12.4617722701558,8.6));
#4437=CARTESIAN_POINT('',(19.1966873944026,13.2389617110159,7.98967491403901));
#4438=CARTESIAN_POINT('',(19.1966873944026,12.8699841269138,9.50155371852417));
#4439=CARTESIAN_POINT('',(19.1966873944026,13.6919450879031,6.13358393234212));
#4440=CARTESIAN_POINT('',(19.1966873944025,6.94999785589375,6.13358393234048));
#4441=CARTESIAN_POINT('',(19.1966873944025,7.14999785589375,6.13358393234053));
#4442=CARTESIAN_POINT('',(19.1966873944025,7.1499978558931,8.8));
#4443=CARTESIAN_POINT('',(19.1966873944025,7.14999785589315,8.6));
#4444=CARTESIAN_POINT('',(19.1966873944026,12.4617722701558,8.6));
#4445=CARTESIAN_POINT('',(-0.359829599554806,6.94999785589414,6.50676712205844));
#4446=CARTESIAN_POINT('',(16.9594290941994,6.94999785589341,7.77500528857779));
#4447=CARTESIAN_POINT('',(17.3987689224195,6.9499978558935,7.33566546035762));
#4448=CARTESIAN_POINT('',(16.9008504504367,6.9499978558934,7.83358393234048));
#4449=CARTESIAN_POINT('',(15.5753670508428,6.94999785589343,7.83358393234048));
#4450=CARTESIAN_POINT('',(15.4925243383682,6.94999785589343,7.83358393234048));
#4451=CARTESIAN_POINT('',(14.9946058663853,6.94999785589356,7.33566546035762));
#4452=CARTESIAN_POINT('',(14.9946058663853,6.94999785589356,7.33566546035761));
#4453=CARTESIAN_POINT('',(16.1966873944024,6.94999785589383,6.13358393234048));
#4454=CARTESIAN_POINT('',(18.9966873944024,6.94999785589376,6.13358393234048));
#4455=CARTESIAN_POINT('',(18.9966873944024,6.94999785589316,8.6));
#4456=CARTESIAN_POINT('',(18.9966873944024,6.94999785589376,6.13358393234048));
#4457=CARTESIAN_POINT('',(16.1966873944024,6.94999785589383,6.13358393234048));
#4458=CARTESIAN_POINT('',(13.3966873944024,6.94999785589389,6.13358393234048));
#4459=CARTESIAN_POINT('',(13.3966873944024,6.9499978558938,6.50676712205844));
#4460=CARTESIAN_POINT('',(13.3966873944024,6.94999785589329,8.6));
#4461=CARTESIAN_POINT('',(19.1966873944025,6.94999785589315,8.6));
#4462=CARTESIAN_POINT('',(16.1966873944024,6.94999785589383,6.13358393234048));
#4463=CARTESIAN_POINT('',(16.1966873944026,13.6919450879033,6.13358393234212));
#4464=CARTESIAN_POINT('',(16.1966873944024,7.14999785589383,6.13358393234053));
#4465=CARTESIAN_POINT('',(-19.2033130636253,6.94999785589421,8.05676712206013));
#4466=CARTESIAN_POINT('',(-19.2033130636253,6.94999785589468,6.13358393234393));
#4467=CARTESIAN_POINT('',(-19.2033130636253,7.14999785589468,6.13358393234398));
#4468=CARTESIAN_POINT('',(-19.2033130636251,13.6919450879046,6.13358393234557));
#4469=CARTESIAN_POINT('',(-19.2033130636251,13.2389617110178,7.98967491404034));
#4470=CARTESIAN_POINT('',(-19.2033130636251,13.2389617110182,7.98967491403901));
#4471=CARTESIAN_POINT('',(-19.2033130636251,12.4617722701582,7.8));
#4472=CARTESIAN_POINT('',(-19.2033130636251,12.4617722701582,8.6));
#4473=CARTESIAN_POINT('',(-19.2033130636253,6.94999785589421,8.6));
#4474=CARTESIAN_POINT('',(-19.2033130636253,7.14999785589408,8.6));
#4475=CARTESIAN_POINT('',(-19.2033130636253,7.14999785589421,8.05676712206018));
#4476=CARTESIAN_POINT('',(-13.2033130636251,6.94999785589407,8.05676712206013));
#4477=CARTESIAN_POINT('',(-13.203313063625,12.4617722701578,7.8));
#4478=CARTESIAN_POINT('',(-13.2033130636249,12.4617722701578,8.6));
#4479=CARTESIAN_POINT('',(-13.2033130636249,13.2389617110178,7.98967491403903));
#4480=CARTESIAN_POINT('',(-13.2033130636248,12.8699841269157,9.50155371852444));
#4481=CARTESIAN_POINT('',(-13.2033130636251,13.6919450879043,6.13358393234557));
#4482=CARTESIAN_POINT('',(-13.2033130636253,6.94999785589454,6.13358393234393));
#4483=CARTESIAN_POINT('',(-13.2033130636253,7.14999785589454,6.13358393234398));
#4484=CARTESIAN_POINT('',(-13.203313063625,7.14999785589389,8.8));
#4485=CARTESIAN_POINT('',(-13.203313063625,7.14999785589394,8.6));
#4486=CARTESIAN_POINT('',(-13.2033130636249,12.4617722701578,8.6));
#4487=CARTESIAN_POINT('',(-0.359829599554806,6.94999785589414,6.50676712205844));
#4488=CARTESIAN_POINT('',(-15.4405713638283,6.94999785589419,7.77500528858124));
#4489=CARTESIAN_POINT('',(-15.0012315356082,6.94999785589429,7.33566546036106));
#4490=CARTESIAN_POINT('',(-15.499150007591,6.94999785589418,7.83358393234393));
#4491=CARTESIAN_POINT('',(-16.8246334071849,6.94999785589421,7.83358393234393));
#4492=CARTESIAN_POINT('',(-16.9074761196596,6.94999785589421,7.83358393234393));
#4493=CARTESIAN_POINT('',(-17.4053945916424,6.94999785589434,7.33566546036106));
#4494=CARTESIAN_POINT('',(-17.4053945916424,6.94999785589434,7.33566546036106));
#4495=CARTESIAN_POINT('',(-16.2033130636252,6.94999785589461,6.13358393234393));
#4496=CARTESIAN_POINT('',(-13.4033130636253,6.94999785589454,6.13358393234395));
#4497=CARTESIAN_POINT('',(-13.403313063625,6.94999785589394,8.6));
#4498=CARTESIAN_POINT('',(-13.4033130636253,6.94999785589454,6.13358393234395));
#4499=CARTESIAN_POINT('',(-16.2033130636252,6.94999785589461,6.13358393234393));
#4500=CARTESIAN_POINT('',(-19.0033130636252,6.94999785589468,6.13358393234393));
#4501=CARTESIAN_POINT('',(-19.0033130636252,6.94999785589459,6.50676712205844));
#4502=CARTESIAN_POINT('',(-19.0033130636252,6.94999785589408,8.6));
#4503=CARTESIAN_POINT('',(-13.203313063625,6.94999785589394,8.6));
#4504=CARTESIAN_POINT('',(-16.2033130636252,6.94999785589461,6.13358393234393));
#4505=CARTESIAN_POINT('',(-16.2033130636251,13.6919450879044,6.13358393234557));
#4506=CARTESIAN_POINT('',(-16.2033130636252,7.14999785589461,6.13358393234398));
#4507=CARTESIAN_POINT('',(-21.9612913028533,-5.51583480325074,2.77976874914748));
#4508=CARTESIAN_POINT('',(-16.90747611966,-12.9250800005389,7.8335839323391));
#4509=CARTESIAN_POINT('',(-17.4053945916428,-12.195096826748,7.33566546035641));
#4510=CARTESIAN_POINT('',(-21.613649376123,-7.31648111477864,7.83358393234046));
#4511=CARTESIAN_POINT('',(-15.4991500075916,-14.6034577041407,7.83358393233869));
#4512=CARTESIAN_POINT('',(-15.142652891846,-15.0602667859588,7.1942441041184));
#4513=CARTESIAN_POINT('',(-15.1777178894849,-15.1367079546632,7.22930910175735));
#4514=CARTESIAN_POINT('',(-15.1521128369558,-15.1868712302708,7.30093582482233));
#4515=CARTESIAN_POINT('',(-14.9343927372141,-15.2768078867231,6.98598394948644));
#4516=CARTESIAN_POINT('',(-14.9552780074858,-15.3444702166623,7.02031200095934));
#4517=CARTESIAN_POINT('',(-14.916084661713,-15.403412331035,7.06490764956575));
#4518=CARTESIAN_POINT('',(-14.6446419293819,-15.4995668461553,6.44369149491338));
#4519=CARTESIAN_POINT('',(-14.6314520272796,-15.5718706623986,6.44243728599605));
#4520=CARTESIAN_POINT('',(-14.5877004128267,-15.6261712904672,6.45030953439323));
#4521=CARTESIAN_POINT('',(-14.7349749994681,-15.0920753610916,5.52542033574972));
#4522=CARTESIAN_POINT('',(-14.7553391740162,-15.1499171726913,5.44245750973999));
#4523=CARTESIAN_POINT('',(-14.6900778922617,-15.2186798054035,5.40960222067028));
#4524=CARTESIAN_POINT('',(-15.3204206618989,-14.079538170149,4.81197986483352));
#4525=CARTESIAN_POINT('',(-15.4602932296828,-14.1075788308505,4.7053267897756));
#4526=CARTESIAN_POINT('',(-15.3535829763488,-14.2061426144608,4.601036353633));
#4527=CARTESIAN_POINT('',(-16.0559773082453,-13.0168711874538,4.58944438432745));
#4528=CARTESIAN_POINT('',(-16.2816533878773,-13.0918160898809,4.57079650293574));
#4529=CARTESIAN_POINT('',(-16.1872138422083,-13.1434756317657,4.34882947572582));
#4530=CARTESIAN_POINT('',(-16.645095903656,-12.2485067164666,4.67735593226122));
#4531=CARTESIAN_POINT('',(-16.8834821810878,-12.4237479492012,4.75001853331194));
#4532=CARTESIAN_POINT('',(-16.8548815836738,-12.3751111607784,4.4484625633841));
#4533=CARTESIAN_POINT('',(-17.0487999053227,-11.7625723859532,4.86819457208984));
#4534=CARTESIAN_POINT('',(-17.2815389965543,-12.0254068232001,5.02723346159623));
#4535=CARTESIAN_POINT('',(-17.3124127855627,-11.8891768302651,4.66474635518985));
#4536=CARTESIAN_POINT('',(-17.379714953984,-11.4088720210778,5.16814286269272));
#4537=CARTESIAN_POINT('',(-17.5428280880936,-11.8115485846943,5.38278670947985));
#4538=CARTESIAN_POINT('',(-17.6874498407122,-11.5354764653897,5.00468775120644));
#4539=CARTESIAN_POINT('',(-17.6093127407603,-11.2178534502389,5.5511980137032));
#4540=CARTESIAN_POINT('',(-17.6423152347513,-11.7759195335873,5.6851208335499));
#4541=CARTESIAN_POINT('',(-17.9476606657254,-11.3444578945508,5.43881692235163));
#4542=CARTESIAN_POINT('',(-17.7178282573305,-11.2059708979496,5.98441778524568));
#4543=CARTESIAN_POINT('',(-17.685602334224,-11.7776654453629,5.87954424129528));
#4544=CARTESIAN_POINT('',(-18.0706449178383,-11.3325753422615,5.92979933009982));
#4545=CARTESIAN_POINT('',(-17.6959151517218,-11.3742449573432,6.43048017638508));
#4546=CARTESIAN_POINT('',(-17.7356112495785,-11.7984352322019,6.17252046729282));
#4547=CARTESIAN_POINT('',(-18.0458100648147,-11.500849401655,6.43533670672432));
#4548=CARTESIAN_POINT('',(-17.5454570411657,-11.7081910431245,6.85097800139599));
#4549=CARTESIAN_POINT('',(-17.6761103691644,-11.986292258302,6.59884121336474));
#4550=CARTESIAN_POINT('',(-17.8752908728525,-11.8347954874366,6.91190090840393));
#4551=CARTESIAN_POINT('',(-17.3681033100585,-12.0220799557556,7.09011402946618));
#4552=CARTESIAN_POINT('',(-17.523219425857,-12.2517415718451,6.90229036224396));
#4553=CARTESIAN_POINT('',(-17.6742899775943,-12.1486844000671,7.18292174021543));
#4554=CARTESIAN_POINT('',(-17.2639732354055,-12.195096826748,7.19424410411909));
#4555=CARTESIAN_POINT('',(-17.4214463028074,-12.4099202690254,7.0367710367172));
#4556=CARTESIAN_POINT('',(-17.5562758929899,-12.3217012710599,7.30093582482302));
#4557=CARTESIAN_POINT('',(-15.0012315356087,-15.0602667859589,7.33566546035571));
#4558=CARTESIAN_POINT('',(-17.1736860384992,-13.067175541914,9.50811996324675));
#4559=CARTESIAN_POINT('',(-10.7093266044163,-53.4128216372316,35.4437609871774));
#4560=CARTESIAN_POINT('',(17.3987689224191,-12.2043950846157,7.33566546035295));
#4561=CARTESIAN_POINT('',(16.9008504504362,-12.9343782584066,7.83358393233564));
#4562=CARTESIAN_POINT('',(-21.9270607399978,-59.2076809125313,7.83358393232439));
#4563=CARTESIAN_POINT('',(15.4925243383676,-14.6127559620084,7.83358393233524));
#4564=CARTESIAN_POINT('',(15.1454871677319,-15.1961694881385,7.30093582481887));
#4565=CARTESIAN_POINT('',(15.1710922202611,-15.1460062125309,7.2293091017539));
#4566=CARTESIAN_POINT('',(15.1360272226221,-15.0695650438266,7.19424410411495));
#4567=CARTESIAN_POINT('',(14.9094589924891,-15.4127105889028,7.06490764956247));
#4568=CARTESIAN_POINT('',(14.9486523382608,-15.35376847453,7.02031200095767));
#4569=CARTESIAN_POINT('',(14.9277670679906,-15.2861061445908,6.98598394948342));
#4570=CARTESIAN_POINT('',(14.5810747436027,-15.6354695483349,6.4503095343897));
#4571=CARTESIAN_POINT('',(14.6248263580562,-15.5811689202664,6.44243728599184));
#4572=CARTESIAN_POINT('',(14.6380162601578,-15.508865104023,6.44369149490972));
#4573=CARTESIAN_POINT('',(14.6834522230378,-15.2279780632712,5.40960222066684));
#4574=CARTESIAN_POINT('',(14.7487135047921,-15.159215430559,5.44245750973672));
#4575=CARTESIAN_POINT('',(14.7283493302443,-15.1013736189593,5.52542033574631));
#4576=CARTESIAN_POINT('',(15.346957307125,-14.2154408723285,4.60103635362955));
#4577=CARTESIAN_POINT('',(15.453667560459,-14.1168770887182,4.7053267897721));
#4578=CARTESIAN_POINT('',(15.313794992675,-14.0888364280166,4.81197986483006));
#4579=CARTESIAN_POINT('',(16.1805881729845,-13.1527738896333,4.34882947572238));
#4580=CARTESIAN_POINT('',(16.2750277186535,-13.1011143477486,4.57079650293231));
#4581=CARTESIAN_POINT('',(16.0493516390215,-13.0261694453215,4.58944438432401));
#4582=CARTESIAN_POINT('',(16.84825591445,-12.3844094186461,4.44846256338067));
#4583=CARTESIAN_POINT('',(16.8768565118641,-12.4330462070688,4.75001853330851));
#4584=CARTESIAN_POINT('',(16.6384702344322,-12.2578049743342,4.67735593225779));
#4585=CARTESIAN_POINT('',(17.305787116339,-11.8984750881327,4.6647463551864));
#4586=CARTESIAN_POINT('',(17.2749133273306,-12.0347050810677,5.0272334615928));
#4587=CARTESIAN_POINT('',(17.042174236099,-11.7718706438209,4.8681945720864));
#4588=CARTESIAN_POINT('',(17.6808241714885,-11.5447747232573,5.00468775120301));
#4589=CARTESIAN_POINT('',(17.5362024188699,-11.8208468425619,5.38278670947643));
#4590=CARTESIAN_POINT('',(17.3730892847603,-11.4181702789454,5.16814286268928));
#4591=CARTESIAN_POINT('',(17.9410349965017,-11.3537561524184,5.43881692234818));
#4592=CARTESIAN_POINT('',(17.6356895655276,-11.785217791455,5.6851208335464));
#4593=CARTESIAN_POINT('',(17.6026870715366,-11.2271517081065,5.55119801369976));
#4594=CARTESIAN_POINT('',(18.0640192486146,-11.3418736001291,5.92979933009639));
#4595=CARTESIAN_POINT('',(17.6789766650004,-11.7869637032305,5.87954424129204));
#4596=CARTESIAN_POINT('',(17.7112025881068,-11.2152691558172,5.98441778524221));
#4597=CARTESIAN_POINT('',(18.0391843955909,-11.5101476595228,6.43533670672085));
#4598=CARTESIAN_POINT('',(17.7289855803543,-11.8077334900698,6.17252046728881));
#4599=CARTESIAN_POINT('',(17.6892894824979,-11.3835432152109,6.43048017638178));
#4600=CARTESIAN_POINT('',(17.8686652036293,-11.8440937453036,6.91190090840055));
#4601=CARTESIAN_POINT('',(17.6694846999423,-11.9955905161686,6.59884121336245));
#4602=CARTESIAN_POINT('',(17.5388313719425,-11.7174893009917,6.85097800139197));
#4603=CARTESIAN_POINT('',(17.6676643083694,-12.1579826579361,7.18292174021186));
#4604=CARTESIAN_POINT('',(17.5165937566299,-12.2610398297153,6.902290362239));
#4605=CARTESIAN_POINT('',(17.3614776408335,-12.031378213624,7.090114029464));
#4606=CARTESIAN_POINT('',(17.5496502237662,-12.3309995289276,7.30093582481958));
#4607=CARTESIAN_POINT('',(17.4148206335836,-12.419218526893,7.03677103671376));
#4608=CARTESIAN_POINT('',(17.2573475661818,-12.2043950846156,7.19424410411565));
#4609=CARTESIAN_POINT('',(14.9946058663848,-15.0695650438266,7.33566546035226));
#4610=CARTESIAN_POINT('',(-9.51271805426711,-37.5535032143304,-17.1716584603045));
#4611=CARTESIAN_POINT('',(19.3966873944026,12.4617722701558,7.8));
#4612=CARTESIAN_POINT('',(19.3966873944026,13.2389617110159,7.98967491403901));
#4613=CARTESIAN_POINT('',(19.3966873944026,12.4617722701558,8.6));
#4614=CARTESIAN_POINT('',(18.9966873944024,7.14999785589329,8.05676712206018));
#4615=CARTESIAN_POINT('',(18.9966873944024,7.14999785589316,8.6));
#4616=CARTESIAN_POINT('',(18.9966873944024,7.14999785589376,6.13358393234053));
#4617=CARTESIAN_POINT('',(19.3966873944025,6.94999785589328,8.6));
#4618=CARTESIAN_POINT('',(19.3966873944025,7.14999785589315,8.6));
#4619=CARTESIAN_POINT('',(19.3966873944026,14.1585553794617,4.22165692062694));
#4620=CARTESIAN_POINT('',(19.3966873944026,13.6919450879031,6.13358393234212));
#4621=CARTESIAN_POINT('',(16.1966873944024,7.14999785589383,6.13358393234053));
#4622=CARTESIAN_POINT('',(13.3966873944024,7.14999785589389,6.13358393234053));
#4623=CARTESIAN_POINT('',(18.9966873944024,7.14999785589316,8.6));
#4624=CARTESIAN_POINT('',(18.9966873944024,6.74999785589316,8.6));
#4625=CARTESIAN_POINT('',(19.3966873944026,13.8862424481183,6.1810026608514));
#4626=CARTESIAN_POINT('',(19.1966873944026,13.8862424481183,6.18100266085143));
#4627=CARTESIAN_POINT('',(19.1966873944026,13.6919450879033,6.13358393234168));
#4628=CARTESIAN_POINT('',(19.3966873943951,14.0906992779871,5.34324459415671));
#4629=CARTESIAN_POINT('',(19.2087279151305,14.0728476684899,5.41639123283703));
#4630=CARTESIAN_POINT('',(19.1966873944025,13.8964019177738,5.34818574481607));
#4631=CARTESIAN_POINT('',(18.7042445940574,14.4979851490632,3.6743982946051));
#4632=CARTESIAN_POINT('',(18.6163430400487,14.4583831347138,3.8366668135857));
#4633=CARTESIAN_POINT('',(18.547522269076,14.3036877888474,3.78364233898548));
#4634=CARTESIAN_POINT('',(16.1966873944018,14.7518224060678,2.63430484397544));
#4635=CARTESIAN_POINT('',(16.1966873944047,14.7131632331038,2.79271008787728));
#4636=CARTESIAN_POINT('',(16.1966873944021,14.5575250458528,2.80855472902056));
#4637=CARTESIAN_POINT('',(13.6891301947481,14.4979851490634,3.67439829460553));
#4638=CARTESIAN_POINT('',(13.7770317487524,14.4583831347108,3.83666681359327));
#4639=CARTESIAN_POINT('',(13.8458525197286,14.3036877888488,3.78364233898615));
#4640=CARTESIAN_POINT('',(12.9966873944078,14.0906992779871,5.34324459415836));
#4641=CARTESIAN_POINT('',(13.1846468736748,14.0728476684951,5.41639123283259));
#4642=CARTESIAN_POINT('',(13.1966873944025,13.896401917771,5.34818574481697));
#4643=CARTESIAN_POINT('',(12.9966873944026,13.8862424481184,6.18100266085236));
#4644=CARTESIAN_POINT('',(13.1966873944026,13.8862424481184,6.18100266085233));
#4645=CARTESIAN_POINT('',(13.1966873944026,13.6919450879034,6.13358393234258));
#4646=CARTESIAN_POINT('',(12.9966873944026,13.6919450879035,6.13358393234212));
#4647=CARTESIAN_POINT('',(13.3966873944024,7.1499978558938,6.50676712205849));
#4648=CARTESIAN_POINT('',(13.3966873944024,7.14999785589329,8.6));
#4649=CARTESIAN_POINT('',(-0.359829599554811,6.74999785589363,8.6));
#4650=CARTESIAN_POINT('',(13.3966873944024,6.74999785589329,8.6));
#4651=CARTESIAN_POINT('',(12.9966873944026,12.8699841269142,9.50155371852422));
#4652=CARTESIAN_POINT('',(12.9966873944026,13.2389617110162,7.98967491403901));
#4653=CARTESIAN_POINT('',(13.3966873944024,7.14999785589329,8.6));
#4654=CARTESIAN_POINT('',(12.9966873944024,7.1499978558933,8.6));
#4655=CARTESIAN_POINT('',(12.9966873944026,12.4617722701562,7.8));
#4656=CARTESIAN_POINT('',(12.9966873944026,12.4617722701562,8.6));
#4657=CARTESIAN_POINT('',(12.9966873944021,-5.48181172713532,8.6));
#4658=CARTESIAN_POINT('',(16.1966873944024,6.74999785589383,6.13358393234044));
#4659=CARTESIAN_POINT('',(17.3987689224195,6.7499978558935,7.33566546035757));
#4660=CARTESIAN_POINT('',(14.9946058663853,6.74999785589357,7.33566546035756));
#4661=CARTESIAN_POINT('',(15.2142757804954,6.74999785589352,7.55533537446766));
#4662=CARTESIAN_POINT('',(15.4925243383682,6.74999785589344,7.83358393234043));
#4663=CARTESIAN_POINT('',(17.1790990083094,6.74999785589346,7.55533537446766));
#4664=CARTESIAN_POINT('',(16.9008504504367,6.7499978558934,7.83358393234043));
#4665=CARTESIAN_POINT('',(16.5073475661823,6.74999785589342,7.83358393234043));
#4666=CARTESIAN_POINT('',(-13.0033130636249,12.4617722701578,7.8));
#4667=CARTESIAN_POINT('',(-13.0033130636249,13.2389617110178,7.98967491403901));
#4668=CARTESIAN_POINT('',(-13.0033130636249,12.4617722701578,8.6));
#4669=CARTESIAN_POINT('',(-13.4033130636251,7.14999785589407,8.05676712206021));
#4670=CARTESIAN_POINT('',(-13.403313063625,7.14999785589394,8.6));
#4671=CARTESIAN_POINT('',(-13.4033130636253,7.14999785589454,6.133583932344));
#4672=CARTESIAN_POINT('',(-13.003313063625,6.94999785589406,8.6));
#4673=CARTESIAN_POINT('',(-13.003313063625,7.14999785589393,8.6));
#4674=CARTESIAN_POINT('',(-13.0033130636253,14.15855537946,4.22165692064206));
#4675=CARTESIAN_POINT('',(-13.0033130636251,13.6919450879043,6.13358393234555));
#4676=CARTESIAN_POINT('',(-16.2033130636252,7.14999785589461,6.13358393234398));
#4677=CARTESIAN_POINT('',(-19.0033130636252,7.14999785589468,6.13358393234398));
#4678=CARTESIAN_POINT('',(-13.403313063625,7.14999785589394,8.6));
#4679=CARTESIAN_POINT('',(-13.403313063625,6.74999785589394,8.6));
#4680=CARTESIAN_POINT('',(-13.0033130636251,13.8862424481194,6.18100266085485));
#4681=CARTESIAN_POINT('',(-13.2033130636251,13.8862424481194,6.18100266085488));
#4682=CARTESIAN_POINT('',(-13.2033130636251,13.6919450879044,6.13358393234513));
#4683=CARTESIAN_POINT('',(-13.0033130636296,14.0906992779882,5.34324459416016));
#4684=CARTESIAN_POINT('',(-13.1912725428897,14.0728476684874,5.41639123284819));
#4685=CARTESIAN_POINT('',(-13.2033130636252,13.8964019177749,5.34818574481952));
#4686=CARTESIAN_POINT('',(-13.6957558639718,14.4979851490643,3.67439829460855));
#4687=CARTESIAN_POINT('',(-13.7836574179847,14.4583831347192,3.83666681357546));
#4688=CARTESIAN_POINT('',(-13.8524781889517,14.3036877888485,3.78364233898893));
#4689=CARTESIAN_POINT('',(-16.2033130636252,14.7518224060689,2.63430484397889));
#4690=CARTESIAN_POINT('',(-16.2033130636197,14.7131632331022,2.79271008788823));
#4691=CARTESIAN_POINT('',(-16.2033130636256,14.5575250458539,2.80855472902401));
#4692=CARTESIAN_POINT('',(-18.7108702632807,14.4979851490645,3.67439829460898));
#4693=CARTESIAN_POINT('',(-18.6229687092758,14.458383134716,3.8366668135897));
#4694=CARTESIAN_POINT('',(-18.5541479382991,14.3036877888499,3.7836423389896));
#4695=CARTESIAN_POINT('',(-19.4033130636176,14.0906992779882,5.34324459416181));
#4696=CARTESIAN_POINT('',(-19.2153535843542,14.0728476684899,5.41639123283935));
#4697=CARTESIAN_POINT('',(-19.2033130636252,13.8964019177721,5.34818574482042));
#4698=CARTESIAN_POINT('',(-19.4033130636251,13.8862424481195,6.18100266085581));
#4699=CARTESIAN_POINT('',(-19.2033130636251,13.8862424481195,6.18100266085578));
#4700=CARTESIAN_POINT('',(-19.2033130636251,13.6919450879045,6.13358393234603));
#4701=CARTESIAN_POINT('',(-19.4033130636251,13.6919450879046,6.13358393234557));
#4702=CARTESIAN_POINT('',(-19.0033130636252,7.14999785589458,6.50676712205849));
#4703=CARTESIAN_POINT('',(-19.0033130636252,7.14999785589408,8.6));
#4704=CARTESIAN_POINT('',(-0.359829599554811,6.74999785589363,8.6));
#4705=CARTESIAN_POINT('',(-19.0033130636252,6.74999785589408,8.6));
#4706=CARTESIAN_POINT('',(-19.4033130636251,12.8699841269161,9.50155371852449));
#4707=CARTESIAN_POINT('',(-19.4033130636251,13.2389617110182,7.98967491403901));
#4708=CARTESIAN_POINT('',(-19.0033130636252,7.14999785589408,8.6));
#4709=CARTESIAN_POINT('',(-19.4033130636252,7.14999785589409,8.6));
#4710=CARTESIAN_POINT('',(-19.4033130636251,12.4617722701582,7.8));
#4711=CARTESIAN_POINT('',(-19.4033130636251,12.4617722701582,8.6));
#4712=CARTESIAN_POINT('',(-19.4033130636255,-5.48181172713454,8.6));
#4713=CARTESIAN_POINT('',(-16.2033130636252,6.74999785589463,6.13358393234388));
#4714=CARTESIAN_POINT('',(-15.0012315356082,6.74999785589429,7.33566546036102));
#4715=CARTESIAN_POINT('',(-17.4053945916424,6.74999785589436,7.33566546036102));
#4716=CARTESIAN_POINT('',(-17.1857246775323,6.74999785589429,7.5553353744711));
#4717=CARTESIAN_POINT('',(-16.9074761196596,6.74999785589422,7.83358393234388));
#4718=CARTESIAN_POINT('',(-15.2209014497183,6.74999785589425,7.5553353744711));
#4719=CARTESIAN_POINT('',(-15.499150007591,6.74999785589419,7.83358393234388));
#4720=CARTESIAN_POINT('',(-15.8926528918455,6.7499978558942,7.83358393234388));
#4721=MECHANICAL_DESIGN_GEOMETRIC_PRESENTATION_REPRESENTATION('',(#2338),
#4722);
#4722=(
GEOMETRIC_REPRESENTATION_CONTEXT(3)
GLOBAL_UNCERTAINTY_ASSIGNED_CONTEXT((#4723))
GLOBAL_UNIT_ASSIGNED_CONTEXT((#4726,#4725,#4724))
REPRESENTATION_CONTEXT('[a]_wwg2-adapter_o2_tap',
'TOP_LEVEL_ASSEMBLY_PART')
);
#4723=UNCERTAINTY_MEASURE_WITH_UNIT(LENGTH_MEASURE(1.E-5),#4726,
'DISTANCE_ACCURACY_VALUE','Maximum Tolerance applied to model');
#4724=(
NAMED_UNIT(*)
SI_UNIT($,.STERADIAN.)
SOLID_ANGLE_UNIT()
);
#4725=(
NAMED_UNIT(*)
PLANE_ANGLE_UNIT()
SI_UNIT($,.RADIAN.)
);
#4726=(
LENGTH_UNIT()
NAMED_UNIT(*)
SI_UNIT(.MILLI.,.METRE.)
);
#4727=PRODUCT_DEFINITION_SHAPE('','',#4728);
#4728=PRODUCT_DEFINITION('','',#4730,#4729);
#4729=PRODUCT_DEFINITION_CONTEXT('',#4736,'design');
#4730=PRODUCT_DEFINITION_FORMATION_WITH_SPECIFIED_SOURCE('','',#4732,
 .NOT_KNOWN.);
#4731=PRODUCT_RELATED_PRODUCT_CATEGORY('','',(#4732));
#4732=PRODUCT('[a]_wwg2-adapter_o2_tap','[a]_wwg2-adapter_o2_tap',
'[a]_wwg2-adapter_o2_tap',(#4734));
#4733=PRODUCT_CATEGORY('','');
#4734=PRODUCT_CONTEXT('',#4736,'mechanical');
#4735=APPLICATION_PROTOCOL_DEFINITION('international standard',
'ap242_managed_model_based_3d_engineering',2020,#4736);
#4736=APPLICATION_CONTEXT('managed model based 3d engineering');
ENDSEC;
END-ISO-10303-21;
