ISO-10303-21;
HEADER;
/* Generated by software containing ST-Developer
 * from STEP Tools, Inc. (www.steptools.com) 
 */
/* OPTION: using custom renumber hook */

FILE_DESCRIPTION(
/* description */ ('STEP AP242 Edition 2',
'CAx-IF Rec.Pracs.---Representation and Presentation of Product Manufa
cturing Information (PMI)---4.0---2014-10-13',
'CAx-IF Rec.Pracs.---3D Tessellated Geometry---0.4---2014-09-14','2;1',
'CAx-IF Rec.Pracs.---User Defined Attributes---1.5---2016-08-15'),
/* implementation_level */ '2;1');

FILE_NAME(
/* name */ 'HEF Duct Parts - Duct-HEF-Dragon',
/* time_stamp */ '2026-09-27T02:50:08Z',
/* author */ (''),
/* organization */ (''),
/* preprocessor_version */ 'ST-DEVELOPER v20',
/* originating_system */ 'ONSHAPE BY PTC INC, 1.221',
/* authorisation */ '  ');

FILE_SCHEMA (('AP242_MANAGED_MODEL_BASED_3D_ENGINEERING_MIM_LF { 1 0 10303 442 3 1 4 }'));
ENDSEC;

DATA;
#10=SHAPE_REPRESENTATION_RELATIONSHIP('','',#1834,#11);
#11=ADVANCED_BREP_SHAPE_REPRESENTATION('',(#1832),#4523);
#12=TOROIDAL_SURFACE('',#1943,12.7,0.7);
#13=TOROIDAL_SURFACE('',#1948,12.7,0.7);
#14=TOROIDAL_SURFACE('',#1951,2.3,0.3);
#15=TOROIDAL_SURFACE('',#1953,2.3,0.3);
#16=TOROIDAL_SURFACE('',#1955,2.6,0.3);
#17=TOROIDAL_SURFACE('',#1956,2.3,0.3);
#18=TOROIDAL_SURFACE('',#1958,2.3,0.3);
#19=TOROIDAL_SURFACE('',#1960,2.6,0.3);
#20=TOROIDAL_SURFACE('',#1961,2.3,0.3);
#21=TOROIDAL_SURFACE('',#1963,2.3,0.3);
#22=TOROIDAL_SURFACE('',#1965,2.6,0.3);
#23=TOROIDAL_SURFACE('',#1966,2.3,0.3);
#24=TOROIDAL_SURFACE('',#1968,2.3,0.3);
#25=TOROIDAL_SURFACE('',#1970,2.6,0.3);
#26=TOROIDAL_SURFACE('',#1971,2.6,0.85);
#27=TOROIDAL_SURFACE('',#1972,2.6,0.85);
#28=TOROIDAL_SURFACE('',#1973,2.6,0.85);
#29=TOROIDAL_SURFACE('',#1974,2.6,0.85);
#30=TOROIDAL_SURFACE('',#1979,2.35095494310008,0.2);
#31=TOROIDAL_SURFACE('',#1986,2.35095494310008,0.2);
#32=TOROIDAL_SURFACE('',#1991,2.35095494310008,0.2);
#33=B_SPLINE_SURFACE_WITH_KNOTS('',3,1,((#3316,#3317),(#3318,#3319),(#3320,
#3321),(#3322,#3323)),.SURF_OF_LINEAR_EXTRUSION.,.F.,.F.,.F.,(4,4),(2,2),
(0.0222309932423862,1.),(0.,1.),.PIECEWISE_BEZIER_KNOTS.);
#34=B_SPLINE_SURFACE_WITH_KNOTS('',3,1,((#3411,#3412),(#3413,#3414),(#3415,
#3416),(#3417,#3418)),.SURF_OF_LINEAR_EXTRUSION.,.F.,.F.,.F.,(4,4),(2,2),
(0.0247248083553194,1.),(0.,1.),.PIECEWISE_BEZIER_KNOTS.);
#35=B_SPLINE_SURFACE_WITH_KNOTS('',3,1,((#3435,#3436),(#3437,#3438),(#3439,
#3440),(#3441,#3442)),.SURF_OF_LINEAR_EXTRUSION.,.F.,.F.,.F.,(4,4),(2,2),
(0.0247248083553183,1.),(0.,1.),.PIECEWISE_BEZIER_KNOTS.);
#36=B_SPLINE_SURFACE_WITH_KNOTS('',3,1,((#3459,#3460),(#3461,#3462),(#3463,
#3464),(#3465,#3466)),.SURF_OF_LINEAR_EXTRUSION.,.F.,.F.,.F.,(4,4),(2,2),
(0.0222309932422533,1.),(0.,1.),.PIECEWISE_BEZIER_KNOTS.);
#37=B_SPLINE_SURFACE_WITH_KNOTS('',3,1,((#3476,#3477),(#3478,#3479),(#3480,
#3481),(#3482,#3483)),.SURF_OF_LINEAR_EXTRUSION.,.F.,.F.,.F.,(4,4),(2,2),
(0.024724808355318,1.),(0.,1.),.PIECEWISE_BEZIER_KNOTS.);
#38=B_SPLINE_SURFACE_WITH_KNOTS('',3,1,((#3500,#3501),(#3502,#3503),(#3504,
#3505),(#3506,#3507)),.SURF_OF_LINEAR_EXTRUSION.,.F.,.F.,.F.,(4,4),(2,2),
(0.0222309932422524,1.),(0.,1.),.PIECEWISE_BEZIER_KNOTS.);
#39=DEGENERATE_TOROIDAL_SURFACE('',#1928,1.74179268297095,9.,.F.);
#40=DEGENERATE_TOROIDAL_SURFACE('',#1930,1.74179268297095,9.,.F.);
#41=DEGENERATE_TOROIDAL_SURFACE('',#1932,1.74179268297095,9.,.F.);
#42=PLANE('',#1849);
#43=PLANE('',#1873);
#44=PLANE('',#1874);
#45=PLANE('',#1876);
#46=PLANE('',#1877);
#47=PLANE('',#1879);
#48=PLANE('',#1882);
#49=PLANE('',#1886);
#50=PLANE('',#1892);
#51=PLANE('',#1898);
#52=PLANE('',#1906);
#53=PLANE('',#1934);
#54=PLANE('',#1939);
#55=LINE('',#2632,#116);
#56=LINE('',#2640,#117);
#57=LINE('',#2698,#118);
#58=LINE('',#2850,#119);
#59=LINE('',#2862,#120);
#60=LINE('',#2866,#121);
#61=LINE('',#2871,#122);
#62=LINE('',#2875,#123);
#63=LINE('',#2880,#124);
#64=LINE('',#2884,#125);
#65=LINE('',#2904,#126);
#66=LINE('',#2908,#127);
#67=LINE('',#2910,#128);
#68=LINE('',#2913,#129);
#69=LINE('',#2920,#130);
#70=LINE('',#2921,#131);
#71=LINE('',#2922,#132);
#72=LINE('',#2929,#133);
#73=LINE('',#2931,#134);
#74=LINE('',#2938,#135);
#75=LINE('',#2942,#136);
#76=LINE('',#2949,#137);
#77=LINE('',#2950,#138);
#78=LINE('',#2952,#139);
#79=LINE('',#2959,#140);
#80=LINE('',#2960,#141);
#81=LINE('',#2961,#142);
#82=LINE('',#2968,#143);
#83=LINE('',#2970,#144);
#84=LINE('',#2977,#145);
#85=LINE('',#2981,#146);
#86=LINE('',#2988,#147);
#87=LINE('',#2989,#148);
#88=LINE('',#3013,#149);
#89=LINE('',#3029,#150);
#90=LINE('',#3039,#151);
#91=LINE('',#3055,#152);
#92=LINE('',#3056,#153);
#93=LINE('',#3058,#154);
#94=LINE('',#3059,#155);
#95=LINE('',#3069,#156);
#96=LINE('',#3085,#157);
#97=LINE('',#3090,#158);
#98=LINE('',#3106,#159);
#99=LINE('',#3111,#160);
#100=LINE('',#3127,#161);
#101=LINE('',#3132,#162);
#102=LINE('',#3142,#163);
#103=LINE('',#3147,#164);
#104=LINE('',#3330,#165);
#105=LINE('',#3339,#166);
#106=LINE('',#3351,#167);
#107=LINE('',#3364,#168);
#108=LINE('',#3375,#169);
#109=LINE('',#3388,#170);
#110=LINE('',#3399,#171);
#111=LINE('',#3427,#172);
#112=LINE('',#3451,#173);
#113=LINE('',#3475,#174);
#114=LINE('',#3492,#175);
#115=LINE('',#3508,#176);
#116=VECTOR('',#2012,1000.);
#117=VECTOR('',#2015,1000.);
#118=VECTOR('',#2024,1000.);
#119=VECTOR('',#2031,1000.);
#120=VECTOR('',#2038,1000.);
#121=VECTOR('',#2041,1000.);
#122=VECTOR('',#2046,1000.);
#123=VECTOR('',#2049,1000.);
#124=VECTOR('',#2054,1000.);
#125=VECTOR('',#2057,1000.);
#126=VECTOR('',#2080,1000.);
#127=VECTOR('',#2083,1000.);
#128=VECTOR('',#2086,1000.);
#129=VECTOR('',#2087,1000.);
#130=VECTOR('',#2088,1000.);
#131=VECTOR('',#2089,1000.);
#132=VECTOR('',#2090,1000.);
#133=VECTOR('',#2091,1000.);
#134=VECTOR('',#2094,1000.);
#135=VECTOR('',#2095,1000.);
#136=VECTOR('',#2098,1000.);
#137=VECTOR('',#2099,1000.);
#138=VECTOR('',#2100,1000.);
#139=VECTOR('',#2103,1000.);
#140=VECTOR('',#2104,1000.);
#141=VECTOR('',#2105,1000.);
#142=VECTOR('',#2106,1000.);
#143=VECTOR('',#2107,1000.);
#144=VECTOR('',#2110,1000.);
#145=VECTOR('',#2111,1000.);
#146=VECTOR('',#2114,1000.);
#147=VECTOR('',#2115,1000.);
#148=VECTOR('',#2116,1000.);
#149=VECTOR('',#2127,1000.);
#150=VECTOR('',#2128,1000.);
#151=VECTOR('',#2131,1000.);
#152=VECTOR('',#2132,1000.);
#153=VECTOR('',#2133,1000.);
#154=VECTOR('',#2134,1000.);
#155=VECTOR('',#2135,1000.);
#156=VECTOR('',#2136,1000.);
#157=VECTOR('',#2149,1000.);
#158=VECTOR('',#2152,1000.);
#159=VECTOR('',#2163,1000.);
#160=VECTOR('',#2166,1000.);
#161=VECTOR('',#2177,1000.);
#162=VECTOR('',#2180,1000.);
#163=VECTOR('',#2183,1000.);
#164=VECTOR('',#2186,1000.);
#165=VECTOR('',#2243,1000.);
#166=VECTOR('',#2246,1000.);
#167=VECTOR('',#2247,1000.);
#168=VECTOR('',#2250,1000.);
#169=VECTOR('',#2251,1000.);
#170=VECTOR('',#2254,1000.);
#171=VECTOR('',#2255,1000.);
#172=VECTOR('',#2258,1000.);
#173=VECTOR('',#2259,1000.);
#174=VECTOR('',#2260,1000.);
#175=VECTOR('',#2261,1000.);
#176=VECTOR('',#2262,1000.);
#177=CYLINDRICAL_SURFACE('',#1842,12.);
#178=CYLINDRICAL_SURFACE('',#1843,12.);
#179=CYLINDRICAL_SURFACE('',#1844,12.);
#180=CYLINDRICAL_SURFACE('',#1846,1.6);
#181=CYLINDRICAL_SURFACE('',#1852,2.);
#182=CYLINDRICAL_SURFACE('',#1855,2.);
#183=CYLINDRICAL_SURFACE('',#1858,2.);
#184=CYLINDRICAL_SURFACE('',#1861,1.6);
#185=CYLINDRICAL_SURFACE('',#1864,1.6);
#186=CYLINDRICAL_SURFACE('',#1867,1.6);
#187=CYLINDRICAL_SURFACE('',#1870,2.);
#188=CYLINDRICAL_SURFACE('',#1890,2.9);
#189=CYLINDRICAL_SURFACE('',#1896,2.9);
#190=CYLINDRICAL_SURFACE('',#1902,2.9);
#191=CYLINDRICAL_SURFACE('',#1904,2.9);
#192=CYLINDRICAL_SURFACE('',#1910,2.);
#193=CYLINDRICAL_SURFACE('',#1912,2.);
#194=CYLINDRICAL_SURFACE('',#1914,2.);
#195=CYLINDRICAL_SURFACE('',#1916,2.);
#196=CYLINDRICAL_SURFACE('',#1918,2.);
#197=CYLINDRICAL_SURFACE('',#1920,2.);
#198=CYLINDRICAL_SURFACE('',#1922,2.);
#199=CYLINDRICAL_SURFACE('',#1924,2.);
#200=CYLINDRICAL_SURFACE('',#1926,12.);
#201=CYLINDRICAL_SURFACE('',#1938,10.7126451419722);
#202=CYLINDRICAL_SURFACE('',#1976,0.2);
#203=CYLINDRICAL_SURFACE('',#1980,0.2);
#204=CYLINDRICAL_SURFACE('',#1983,0.2);
#205=CYLINDRICAL_SURFACE('',#1987,0.2);
#206=CYLINDRICAL_SURFACE('',#1990,0.2);
#207=CYLINDRICAL_SURFACE('',#1994,0.2);
#208=CIRCLE('',#1837,12.);
#209=CIRCLE('',#1838,10.4324972242893);
#210=CIRCLE('',#1839,12.);
#211=CIRCLE('',#1840,10.4324972242893);
#212=CIRCLE('',#1841,12.);
#213=CIRCLE('',#1845,12.);
#214=CIRCLE('',#1847,1.6);
#215=CIRCLE('',#1848,1.6);
#216=CIRCLE('',#1850,2.);
#217=CIRCLE('',#1851,2.);
#218=CIRCLE('',#1853,2.);
#219=CIRCLE('',#1854,2.);
#220=CIRCLE('',#1856,2.);
#221=CIRCLE('',#1857,2.);
#222=CIRCLE('',#1859,2.);
#223=CIRCLE('',#1860,2.);
#224=CIRCLE('',#1862,1.6);
#225=CIRCLE('',#1863,1.6);
#226=CIRCLE('',#1865,1.6);
#227=CIRCLE('',#1866,1.6);
#228=CIRCLE('',#1868,1.6);
#229=CIRCLE('',#1869,1.6);
#230=CIRCLE('',#1871,2.);
#231=CIRCLE('',#1872,2.);
#232=CIRCLE('',#1875,12.7);
#233=CIRCLE('',#1878,12.7);
#234=CIRCLE('',#1880,2.);
#235=CIRCLE('',#1881,2.);
#236=CIRCLE('',#1883,7.);
#237=CIRCLE('',#1884,7.);
#238=CIRCLE('',#1885,7.);
#239=CIRCLE('',#1887,2.3);
#240=CIRCLE('',#1888,2.6);
#241=CIRCLE('',#1889,2.3);
#242=CIRCLE('',#1891,2.9);
#243=CIRCLE('',#1893,2.6);
#244=CIRCLE('',#1894,2.3);
#245=CIRCLE('',#1895,2.3);
#246=CIRCLE('',#1897,2.9);
#247=CIRCLE('',#1899,2.6);
#248=CIRCLE('',#1900,2.3);
#249=CIRCLE('',#1901,2.3);
#250=CIRCLE('',#1903,2.9);
#251=CIRCLE('',#1905,2.9);
#252=CIRCLE('',#1907,2.6);
#253=CIRCLE('',#1908,2.3);
#254=CIRCLE('',#1909,2.3);
#255=CIRCLE('',#1911,2.);
#256=CIRCLE('',#1913,2.);
#257=CIRCLE('',#1915,2.);
#258=CIRCLE('',#1917,2.);
#259=CIRCLE('',#1919,2.);
#260=CIRCLE('',#1921,2.);
#261=CIRCLE('',#1923,2.);
#262=CIRCLE('',#1925,2.);
#263=CIRCLE('',#1927,12.);
#264=CIRCLE('',#1929,2.44397193460169);
#265=CIRCLE('',#1931,2.44397193460169);
#266=CIRCLE('',#1933,2.44397193460169);
#267=CIRCLE('',#1935,2.35095494310008);
#268=CIRCLE('',#1936,2.35095494310008);
#269=CIRCLE('',#1937,2.35095494310008);
#270=CIRCLE('',#1940,0.6);
#271=CIRCLE('',#1941,0.7);
#272=CIRCLE('',#1942,0.7);
#273=CIRCLE('',#1944,0.7);
#274=CIRCLE('',#1945,0.7);
#275=CIRCLE('',#1946,0.7);
#276=CIRCLE('',#1947,0.7);
#277=CIRCLE('',#1949,0.7);
#278=CIRCLE('',#1950,0.7);
#279=CIRCLE('',#1952,0.3);
#280=CIRCLE('',#1954,0.3);
#281=CIRCLE('',#1957,0.3);
#282=CIRCLE('',#1959,0.3);
#283=CIRCLE('',#1962,0.3);
#284=CIRCLE('',#1964,0.3);
#285=CIRCLE('',#1967,0.3);
#286=CIRCLE('',#1969,0.3);
#287=CIRCLE('',#1975,0.2);
#288=CIRCLE('',#1977,0.2);
#289=CIRCLE('',#1978,0.2);
#290=CIRCLE('',#1981,0.2);
#291=CIRCLE('',#1982,0.2);
#292=CIRCLE('',#1984,0.2);
#293=CIRCLE('',#1985,0.2);
#294=CIRCLE('',#1988,0.2);
#295=CIRCLE('',#1989,0.2);
#296=CIRCLE('',#1992,0.2);
#297=CIRCLE('',#1993,0.2);
#298=CIRCLE('',#1995,0.2);
#299=CONICAL_SURFACE('',#1836,12.,0.26179938779915);
#300=ORIENTED_EDGE('',*,*,#850,.F.);
#301=ORIENTED_EDGE('',*,*,#851,.T.);
#302=ORIENTED_EDGE('',*,*,#852,.F.);
#303=ORIENTED_EDGE('',*,*,#853,.F.);
#304=ORIENTED_EDGE('',*,*,#854,.F.);
#305=ORIENTED_EDGE('',*,*,#855,.T.);
#306=ORIENTED_EDGE('',*,*,#856,.T.);
#307=ORIENTED_EDGE('',*,*,#857,.T.);
#308=ORIENTED_EDGE('',*,*,#858,.T.);
#309=ORIENTED_EDGE('',*,*,#859,.T.);
#310=ORIENTED_EDGE('',*,*,#860,.T.);
#311=ORIENTED_EDGE('',*,*,#861,.T.);
#312=ORIENTED_EDGE('',*,*,#862,.T.);
#313=ORIENTED_EDGE('',*,*,#863,.F.);
#314=ORIENTED_EDGE('',*,*,#864,.T.);
#315=ORIENTED_EDGE('',*,*,#865,.T.);
#316=ORIENTED_EDGE('',*,*,#866,.T.);
#317=ORIENTED_EDGE('',*,*,#867,.T.);
#318=ORIENTED_EDGE('',*,*,#868,.T.);
#319=ORIENTED_EDGE('',*,*,#869,.F.);
#320=ORIENTED_EDGE('',*,*,#870,.T.);
#321=ORIENTED_EDGE('',*,*,#871,.T.);
#322=ORIENTED_EDGE('',*,*,#872,.T.);
#323=ORIENTED_EDGE('',*,*,#873,.T.);
#324=ORIENTED_EDGE('',*,*,#850,.T.);
#325=ORIENTED_EDGE('',*,*,#874,.T.);
#326=ORIENTED_EDGE('',*,*,#854,.T.);
#327=ORIENTED_EDGE('',*,*,#875,.F.);
#328=ORIENTED_EDGE('',*,*,#876,.T.);
#329=ORIENTED_EDGE('',*,*,#877,.T.);
#330=ORIENTED_EDGE('',*,*,#878,.T.);
#331=ORIENTED_EDGE('',*,*,#879,.T.);
#332=ORIENTED_EDGE('',*,*,#880,.T.);
#333=ORIENTED_EDGE('',*,*,#881,.T.);
#334=ORIENTED_EDGE('',*,*,#882,.T.);
#335=ORIENTED_EDGE('',*,*,#883,.T.);
#336=ORIENTED_EDGE('',*,*,#884,.T.);
#337=ORIENTED_EDGE('',*,*,#885,.T.);
#338=ORIENTED_EDGE('',*,*,#886,.T.);
#339=ORIENTED_EDGE('',*,*,#887,.T.);
#340=ORIENTED_EDGE('',*,*,#888,.T.);
#341=ORIENTED_EDGE('',*,*,#889,.T.);
#342=ORIENTED_EDGE('',*,*,#890,.T.);
#343=ORIENTED_EDGE('',*,*,#891,.T.);
#344=ORIENTED_EDGE('',*,*,#892,.F.);
#345=ORIENTED_EDGE('',*,*,#893,.T.);
#346=ORIENTED_EDGE('',*,*,#894,.F.);
#347=ORIENTED_EDGE('',*,*,#887,.F.);
#348=ORIENTED_EDGE('',*,*,#895,.T.);
#349=ORIENTED_EDGE('',*,*,#877,.F.);
#350=ORIENTED_EDGE('',*,*,#896,.T.);
#351=ORIENTED_EDGE('',*,*,#897,.F.);
#352=ORIENTED_EDGE('',*,*,#898,.T.);
#353=ORIENTED_EDGE('',*,*,#883,.F.);
#354=ORIENTED_EDGE('',*,*,#899,.T.);
#355=ORIENTED_EDGE('',*,*,#861,.F.);
#356=ORIENTED_EDGE('',*,*,#900,.T.);
#357=ORIENTED_EDGE('',*,*,#901,.T.);
#358=ORIENTED_EDGE('',*,*,#902,.T.);
#359=ORIENTED_EDGE('',*,*,#903,.T.);
#360=ORIENTED_EDGE('',*,*,#879,.F.);
#361=ORIENTED_EDGE('',*,*,#904,.T.);
#362=ORIENTED_EDGE('',*,*,#905,.T.);
#363=ORIENTED_EDGE('',*,*,#906,.F.);
#364=ORIENTED_EDGE('',*,*,#907,.T.);
#365=ORIENTED_EDGE('',*,*,#908,.T.);
#366=ORIENTED_EDGE('',*,*,#909,.F.);
#367=ORIENTED_EDGE('',*,*,#910,.T.);
#368=ORIENTED_EDGE('',*,*,#911,.T.);
#369=ORIENTED_EDGE('',*,*,#912,.F.);
#370=ORIENTED_EDGE('',*,*,#913,.F.);
#371=ORIENTED_EDGE('',*,*,#914,.T.);
#372=ORIENTED_EDGE('',*,*,#915,.T.);
#373=ORIENTED_EDGE('',*,*,#916,.F.);
#374=ORIENTED_EDGE('',*,*,#917,.F.);
#375=ORIENTED_EDGE('',*,*,#918,.T.);
#376=ORIENTED_EDGE('',*,*,#919,.T.);
#377=ORIENTED_EDGE('',*,*,#920,.F.);
#378=ORIENTED_EDGE('',*,*,#921,.F.);
#379=ORIENTED_EDGE('',*,*,#922,.T.);
#380=ORIENTED_EDGE('',*,*,#923,.F.);
#381=ORIENTED_EDGE('',*,*,#924,.T.);
#382=ORIENTED_EDGE('',*,*,#925,.F.);
#383=ORIENTED_EDGE('',*,*,#926,.T.);
#384=ORIENTED_EDGE('',*,*,#927,.F.);
#385=ORIENTED_EDGE('',*,*,#928,.T.);
#386=ORIENTED_EDGE('',*,*,#929,.T.);
#387=ORIENTED_EDGE('',*,*,#930,.F.);
#388=ORIENTED_EDGE('',*,*,#931,.F.);
#389=ORIENTED_EDGE('',*,*,#932,.T.);
#390=ORIENTED_EDGE('',*,*,#933,.T.);
#391=ORIENTED_EDGE('',*,*,#934,.F.);
#392=ORIENTED_EDGE('',*,*,#930,.T.);
#393=ORIENTED_EDGE('',*,*,#935,.T.);
#394=ORIENTED_EDGE('',*,*,#910,.F.);
#395=ORIENTED_EDGE('',*,*,#936,.F.);
#396=ORIENTED_EDGE('',*,*,#937,.T.);
#397=ORIENTED_EDGE('',*,*,#938,.T.);
#398=ORIENTED_EDGE('',*,*,#939,.F.);
#399=ORIENTED_EDGE('',*,*,#940,.T.);
#400=ORIENTED_EDGE('',*,*,#941,.T.);
#401=ORIENTED_EDGE('',*,*,#942,.T.);
#402=ORIENTED_EDGE('',*,*,#943,.T.);
#403=ORIENTED_EDGE('',*,*,#944,.T.);
#404=ORIENTED_EDGE('',*,*,#945,.F.);
#405=ORIENTED_EDGE('',*,*,#912,.T.);
#406=ORIENTED_EDGE('',*,*,#946,.T.);
#407=ORIENTED_EDGE('',*,*,#914,.F.);
#408=ORIENTED_EDGE('',*,*,#906,.T.);
#409=ORIENTED_EDGE('',*,*,#947,.T.);
#410=ORIENTED_EDGE('',*,*,#948,.T.);
#411=ORIENTED_EDGE('',*,*,#949,.T.);
#412=ORIENTED_EDGE('',*,*,#916,.T.);
#413=ORIENTED_EDGE('',*,*,#950,.F.);
#414=ORIENTED_EDGE('',*,*,#918,.F.);
#415=ORIENTED_EDGE('',*,*,#951,.T.);
#416=ORIENTED_EDGE('',*,*,#952,.T.);
#417=ORIENTED_EDGE('',*,*,#953,.T.);
#418=ORIENTED_EDGE('',*,*,#954,.T.);
#419=ORIENTED_EDGE('',*,*,#955,.T.);
#420=ORIENTED_EDGE('',*,*,#956,.T.);
#421=ORIENTED_EDGE('',*,*,#957,.T.);
#422=ORIENTED_EDGE('',*,*,#958,.T.);
#423=ORIENTED_EDGE('',*,*,#959,.T.);
#424=ORIENTED_EDGE('',*,*,#960,.T.);
#425=ORIENTED_EDGE('',*,*,#920,.T.);
#426=ORIENTED_EDGE('',*,*,#961,.F.);
#427=ORIENTED_EDGE('',*,*,#928,.F.);
#428=ORIENTED_EDGE('',*,*,#962,.T.);
#429=ORIENTED_EDGE('',*,*,#963,.T.);
#430=ORIENTED_EDGE('',*,*,#881,.F.);
#431=ORIENTED_EDGE('',*,*,#964,.T.);
#432=ORIENTED_EDGE('',*,*,#965,.T.);
#433=ORIENTED_EDGE('',*,*,#931,.T.);
#434=ORIENTED_EDGE('',*,*,#966,.T.);
#435=ORIENTED_EDGE('',*,*,#967,.T.);
#436=ORIENTED_EDGE('',*,*,#968,.T.);
#437=ORIENTED_EDGE('',*,*,#969,.T.);
#438=ORIENTED_EDGE('',*,*,#869,.T.);
#439=ORIENTED_EDGE('',*,*,#970,.T.);
#440=ORIENTED_EDGE('',*,*,#971,.F.);
#441=ORIENTED_EDGE('',*,*,#972,.T.);
#442=ORIENTED_EDGE('',*,*,#973,.T.);
#443=ORIENTED_EDGE('',*,*,#974,.T.);
#444=ORIENTED_EDGE('',*,*,#975,.T.);
#445=ORIENTED_EDGE('',*,*,#863,.T.);
#446=ORIENTED_EDGE('',*,*,#976,.T.);
#447=ORIENTED_EDGE('',*,*,#977,.F.);
#448=ORIENTED_EDGE('',*,*,#894,.T.);
#449=ORIENTED_EDGE('',*,*,#978,.T.);
#450=ORIENTED_EDGE('',*,*,#979,.F.);
#451=ORIENTED_EDGE('',*,*,#980,.T.);
#452=ORIENTED_EDGE('',*,*,#981,.T.);
#453=ORIENTED_EDGE('',*,*,#875,.T.);
#454=ORIENTED_EDGE('',*,*,#853,.T.);
#455=ORIENTED_EDGE('',*,*,#982,.F.);
#456=ORIENTED_EDGE('',*,*,#983,.T.);
#457=ORIENTED_EDGE('',*,*,#984,.T.);
#458=ORIENTED_EDGE('',*,*,#935,.F.);
#459=ORIENTED_EDGE('',*,*,#929,.F.);
#460=ORIENTED_EDGE('',*,*,#961,.T.);
#461=ORIENTED_EDGE('',*,*,#919,.F.);
#462=ORIENTED_EDGE('',*,*,#950,.T.);
#463=ORIENTED_EDGE('',*,*,#915,.F.);
#464=ORIENTED_EDGE('',*,*,#946,.F.);
#465=ORIENTED_EDGE('',*,*,#911,.F.);
#466=ORIENTED_EDGE('',*,*,#921,.T.);
#467=ORIENTED_EDGE('',*,*,#923,.T.);
#468=ORIENTED_EDGE('',*,*,#925,.T.);
#469=ORIENTED_EDGE('',*,*,#891,.F.);
#470=ORIENTED_EDGE('',*,*,#934,.T.);
#471=ORIENTED_EDGE('',*,*,#985,.T.);
#472=ORIENTED_EDGE('',*,*,#986,.T.);
#473=ORIENTED_EDGE('',*,*,#987,.T.);
#474=ORIENTED_EDGE('',*,*,#954,.F.);
#475=ORIENTED_EDGE('',*,*,#927,.T.);
#476=ORIENTED_EDGE('',*,*,#988,.T.);
#477=ORIENTED_EDGE('',*,*,#989,.T.);
#478=ORIENTED_EDGE('',*,*,#990,.T.);
#479=ORIENTED_EDGE('',*,*,#991,.T.);
#480=ORIENTED_EDGE('',*,*,#926,.F.);
#481=ORIENTED_EDGE('',*,*,#992,.T.);
#482=ORIENTED_EDGE('',*,*,#993,.T.);
#483=ORIENTED_EDGE('',*,*,#939,.T.);
#484=ORIENTED_EDGE('',*,*,#913,.T.);
#485=ORIENTED_EDGE('',*,*,#949,.F.);
#486=ORIENTED_EDGE('',*,*,#994,.T.);
#487=ORIENTED_EDGE('',*,*,#995,.T.);
#488=ORIENTED_EDGE('',*,*,#996,.T.);
#489=ORIENTED_EDGE('',*,*,#997,.T.);
#490=ORIENTED_EDGE('',*,*,#998,.T.);
#491=ORIENTED_EDGE('',*,*,#999,.T.);
#492=ORIENTED_EDGE('',*,*,#1000,.T.);
#493=ORIENTED_EDGE('',*,*,#936,.T.);
#494=ORIENTED_EDGE('',*,*,#909,.T.);
#495=ORIENTED_EDGE('',*,*,#945,.T.);
#496=ORIENTED_EDGE('',*,*,#1001,.T.);
#497=ORIENTED_EDGE('',*,*,#924,.F.);
#498=ORIENTED_EDGE('',*,*,#1002,.T.);
#499=ORIENTED_EDGE('',*,*,#1003,.T.);
#500=ORIENTED_EDGE('',*,*,#1004,.T.);
#501=ORIENTED_EDGE('',*,*,#1005,.T.);
#502=ORIENTED_EDGE('',*,*,#1006,.T.);
#503=ORIENTED_EDGE('',*,*,#1007,.T.);
#504=ORIENTED_EDGE('',*,*,#1008,.T.);
#505=ORIENTED_EDGE('',*,*,#1009,.T.);
#506=ORIENTED_EDGE('',*,*,#922,.F.);
#507=ORIENTED_EDGE('',*,*,#1010,.T.);
#508=ORIENTED_EDGE('',*,*,#1011,.T.);
#509=ORIENTED_EDGE('',*,*,#951,.F.);
#510=ORIENTED_EDGE('',*,*,#917,.T.);
#511=ORIENTED_EDGE('',*,*,#960,.F.);
#512=ORIENTED_EDGE('',*,*,#1012,.T.);
#513=ORIENTED_EDGE('',*,*,#997,.F.);
#514=ORIENTED_EDGE('',*,*,#1013,.T.);
#515=ORIENTED_EDGE('',*,*,#947,.F.);
#516=ORIENTED_EDGE('',*,*,#905,.F.);
#517=ORIENTED_EDGE('',*,*,#1014,.T.);
#518=ORIENTED_EDGE('',*,*,#990,.F.);
#519=ORIENTED_EDGE('',*,*,#1015,.T.);
#520=ORIENTED_EDGE('',*,*,#932,.F.);
#521=ORIENTED_EDGE('',*,*,#965,.F.);
#522=ORIENTED_EDGE('',*,*,#1016,.T.);
#523=ORIENTED_EDGE('',*,*,#938,.F.);
#524=ORIENTED_EDGE('',*,*,#1017,.T.);
#525=ORIENTED_EDGE('',*,*,#1002,.F.);
#526=ORIENTED_EDGE('',*,*,#1018,.T.);
#527=ORIENTED_EDGE('',*,*,#962,.F.);
#528=ORIENTED_EDGE('',*,*,#1004,.F.);
#529=ORIENTED_EDGE('',*,*,#1019,.T.);
#530=ORIENTED_EDGE('',*,*,#943,.F.);
#531=ORIENTED_EDGE('',*,*,#1020,.T.);
#532=ORIENTED_EDGE('',*,*,#941,.F.);
#533=ORIENTED_EDGE('',*,*,#1021,.T.);
#534=ORIENTED_EDGE('',*,*,#995,.F.);
#535=ORIENTED_EDGE('',*,*,#1022,.T.);
#536=ORIENTED_EDGE('',*,*,#1008,.F.);
#537=ORIENTED_EDGE('',*,*,#1023,.T.);
#538=ORIENTED_EDGE('',*,*,#958,.F.);
#539=ORIENTED_EDGE('',*,*,#1024,.T.);
#540=ORIENTED_EDGE('',*,*,#956,.F.);
#541=ORIENTED_EDGE('',*,*,#1025,.T.);
#542=ORIENTED_EDGE('',*,*,#988,.F.);
#543=ORIENTED_EDGE('',*,*,#1026,.T.);
#544=ORIENTED_EDGE('',*,*,#953,.F.);
#545=ORIENTED_EDGE('',*,*,#1027,.T.);
#546=ORIENTED_EDGE('',*,*,#1006,.F.);
#547=ORIENTED_EDGE('',*,*,#1028,.T.);
#548=ORIENTED_EDGE('',*,*,#907,.F.);
#549=ORIENTED_EDGE('',*,*,#897,.T.);
#550=ORIENTED_EDGE('',*,*,#1029,.T.);
#551=ORIENTED_EDGE('',*,*,#1030,.T.);
#552=ORIENTED_EDGE('',*,*,#1031,.T.);
#553=ORIENTED_EDGE('',*,*,#1032,.T.);
#554=ORIENTED_EDGE('',*,*,#1033,.T.);
#555=ORIENTED_EDGE('',*,*,#1034,.T.);
#556=ORIENTED_EDGE('',*,*,#1035,.T.);
#557=ORIENTED_EDGE('',*,*,#1036,.T.);
#558=ORIENTED_EDGE('',*,*,#966,.F.);
#559=ORIENTED_EDGE('',*,*,#1037,.F.);
#560=ORIENTED_EDGE('',*,*,#1038,.F.);
#561=ORIENTED_EDGE('',*,*,#1039,.T.);
#562=ORIENTED_EDGE('',*,*,#1040,.T.);
#563=ORIENTED_EDGE('',*,*,#1041,.T.);
#564=ORIENTED_EDGE('',*,*,#983,.F.);
#565=ORIENTED_EDGE('',*,*,#1042,.T.);
#566=ORIENTED_EDGE('',*,*,#1043,.T.);
#567=ORIENTED_EDGE('',*,*,#1044,.T.);
#568=ORIENTED_EDGE('',*,*,#972,.F.);
#569=ORIENTED_EDGE('',*,*,#1045,.F.);
#570=ORIENTED_EDGE('',*,*,#1046,.T.);
#571=ORIENTED_EDGE('',*,*,#1047,.T.);
#572=ORIENTED_EDGE('',*,*,#1045,.T.);
#573=ORIENTED_EDGE('',*,*,#977,.T.);
#574=ORIENTED_EDGE('',*,*,#1048,.T.);
#575=ORIENTED_EDGE('',*,*,#1049,.T.);
#576=ORIENTED_EDGE('',*,*,#1050,.T.);
#577=ORIENTED_EDGE('',*,*,#901,.F.);
#578=ORIENTED_EDGE('',*,*,#1051,.T.);
#579=ORIENTED_EDGE('',*,*,#1052,.T.);
#580=ORIENTED_EDGE('',*,*,#1053,.T.);
#581=ORIENTED_EDGE('',*,*,#1054,.T.);
#582=ORIENTED_EDGE('',*,*,#1055,.T.);
#583=ORIENTED_EDGE('',*,*,#1056,.T.);
#584=ORIENTED_EDGE('',*,*,#872,.F.);
#585=ORIENTED_EDGE('',*,*,#1057,.T.);
#586=ORIENTED_EDGE('',*,*,#1058,.T.);
#587=ORIENTED_EDGE('',*,*,#1059,.T.);
#588=ORIENTED_EDGE('',*,*,#1060,.T.);
#589=ORIENTED_EDGE('',*,*,#1061,.T.);
#590=ORIENTED_EDGE('',*,*,#1062,.T.);
#591=ORIENTED_EDGE('',*,*,#866,.F.);
#592=ORIENTED_EDGE('',*,*,#1063,.T.);
#593=ORIENTED_EDGE('',*,*,#1064,.T.);
#594=ORIENTED_EDGE('',*,*,#1065,.T.);
#595=ORIENTED_EDGE('',*,*,#1066,.T.);
#596=ORIENTED_EDGE('',*,*,#1067,.T.);
#597=ORIENTED_EDGE('',*,*,#1068,.T.);
#598=ORIENTED_EDGE('',*,*,#1069,.T.);
#599=ORIENTED_EDGE('',*,*,#980,.F.);
#600=ORIENTED_EDGE('',*,*,#1070,.T.);
#601=ORIENTED_EDGE('',*,*,#1071,.T.);
#602=ORIENTED_EDGE('',*,*,#1072,.T.);
#603=ORIENTED_EDGE('',*,*,#974,.F.);
#604=ORIENTED_EDGE('',*,*,#1073,.T.);
#605=ORIENTED_EDGE('',*,*,#1074,.T.);
#606=ORIENTED_EDGE('',*,*,#1037,.T.);
#607=ORIENTED_EDGE('',*,*,#971,.T.);
#608=ORIENTED_EDGE('',*,*,#1075,.T.);
#609=ORIENTED_EDGE('',*,*,#1076,.T.);
#610=ORIENTED_EDGE('',*,*,#1077,.T.);
#611=ORIENTED_EDGE('',*,*,#968,.F.);
#612=ORIENTED_EDGE('',*,*,#852,.T.);
#613=ORIENTED_EDGE('',*,*,#1078,.T.);
#614=ORIENTED_EDGE('',*,*,#1038,.T.);
#615=ORIENTED_EDGE('',*,*,#982,.T.);
#616=ORIENTED_EDGE('',*,*,#893,.F.);
#617=ORIENTED_EDGE('',*,*,#1079,.T.);
#618=ORIENTED_EDGE('',*,*,#978,.F.);
#619=ORIENTED_EDGE('',*,*,#1079,.F.);
#620=ORIENTED_EDGE('',*,*,#892,.T.);
#621=ORIENTED_EDGE('',*,*,#979,.T.);
#622=ORIENTED_EDGE('',*,*,#1077,.F.);
#623=ORIENTED_EDGE('',*,*,#1080,.T.);
#624=ORIENTED_EDGE('',*,*,#870,.F.);
#625=ORIENTED_EDGE('',*,*,#969,.F.);
#626=ORIENTED_EDGE('',*,*,#976,.F.);
#627=ORIENTED_EDGE('',*,*,#862,.F.);
#628=ORIENTED_EDGE('',*,*,#1081,.F.);
#629=ORIENTED_EDGE('',*,*,#1048,.F.);
#630=ORIENTED_EDGE('',*,*,#903,.F.);
#631=ORIENTED_EDGE('',*,*,#1082,.T.);
#632=ORIENTED_EDGE('',*,*,#1046,.F.);
#633=ORIENTED_EDGE('',*,*,#1081,.T.);
#634=ORIENTED_EDGE('',*,*,#1069,.F.);
#635=ORIENTED_EDGE('',*,*,#1083,.T.);
#636=ORIENTED_EDGE('',*,*,#859,.F.);
#637=ORIENTED_EDGE('',*,*,#1084,.T.);
#638=ORIENTED_EDGE('',*,*,#857,.F.);
#639=ORIENTED_EDGE('',*,*,#981,.F.);
#640=ORIENTED_EDGE('',*,*,#1036,.F.);
#641=ORIENTED_EDGE('',*,*,#1085,.T.);
#642=ORIENTED_EDGE('',*,*,#1075,.F.);
#643=ORIENTED_EDGE('',*,*,#967,.F.);
#644=ORIENTED_EDGE('',*,*,#1041,.F.);
#645=ORIENTED_EDGE('',*,*,#1086,.T.);
#646=ORIENTED_EDGE('',*,*,#1067,.F.);
#647=ORIENTED_EDGE('',*,*,#984,.F.);
#648=ORIENTED_EDGE('',*,*,#1044,.F.);
#649=ORIENTED_EDGE('',*,*,#1087,.T.);
#650=ORIENTED_EDGE('',*,*,#1070,.F.);
#651=ORIENTED_EDGE('',*,*,#973,.F.);
#652=ORIENTED_EDGE('',*,*,#868,.F.);
#653=ORIENTED_EDGE('',*,*,#1088,.T.);
#654=ORIENTED_EDGE('',*,*,#1073,.F.);
#655=ORIENTED_EDGE('',*,*,#970,.F.);
#656=ORIENTED_EDGE('',*,*,#1072,.F.);
#657=ORIENTED_EDGE('',*,*,#1089,.T.);
#658=ORIENTED_EDGE('',*,*,#864,.F.);
#659=ORIENTED_EDGE('',*,*,#975,.F.);
#660=ORIENTED_EDGE('',*,*,#1018,.F.);
#661=ORIENTED_EDGE('',*,*,#1005,.F.);
#662=ORIENTED_EDGE('',*,*,#1090,.F.);
#663=ORIENTED_EDGE('',*,*,#888,.F.);
#664=ORIENTED_EDGE('',*,*,#899,.F.);
#665=ORIENTED_EDGE('',*,*,#882,.F.);
#666=ORIENTED_EDGE('',*,*,#963,.F.);
#667=ORIENTED_EDGE('',*,*,#1090,.T.);
#668=ORIENTED_EDGE('',*,*,#1020,.F.);
#669=ORIENTED_EDGE('',*,*,#1091,.F.);
#670=ORIENTED_EDGE('',*,*,#889,.F.);
#671=ORIENTED_EDGE('',*,*,#1091,.T.);
#672=ORIENTED_EDGE('',*,*,#942,.F.);
#673=ORIENTED_EDGE('',*,*,#1092,.F.);
#674=ORIENTED_EDGE('',*,*,#890,.F.);
#675=ORIENTED_EDGE('',*,*,#1092,.T.);
#676=ORIENTED_EDGE('',*,*,#1022,.F.);
#677=ORIENTED_EDGE('',*,*,#1093,.F.);
#678=ORIENTED_EDGE('',*,*,#885,.F.);
#679=ORIENTED_EDGE('',*,*,#895,.F.);
#680=ORIENTED_EDGE('',*,*,#886,.F.);
#681=ORIENTED_EDGE('',*,*,#1093,.T.);
#682=ORIENTED_EDGE('',*,*,#998,.F.);
#683=ORIENTED_EDGE('',*,*,#1014,.F.);
#684=ORIENTED_EDGE('',*,*,#904,.F.);
#685=ORIENTED_EDGE('',*,*,#878,.F.);
#686=ORIENTED_EDGE('',*,*,#898,.F.);
#687=ORIENTED_EDGE('',*,*,#1033,.F.);
#688=ORIENTED_EDGE('',*,*,#1094,.F.);
#689=ORIENTED_EDGE('',*,*,#991,.F.);
#690=ORIENTED_EDGE('',*,*,#1016,.F.);
#691=ORIENTED_EDGE('',*,*,#964,.F.);
#692=ORIENTED_EDGE('',*,*,#884,.F.);
#693=ORIENTED_EDGE('',*,*,#1094,.T.);
#694=ORIENTED_EDGE('',*,*,#1032,.F.);
#695=ORIENTED_EDGE('',*,*,#1095,.F.);
#696=ORIENTED_EDGE('',*,*,#1026,.F.);
#697=ORIENTED_EDGE('',*,*,#1095,.T.);
#698=ORIENTED_EDGE('',*,*,#1031,.F.);
#699=ORIENTED_EDGE('',*,*,#1096,.F.);
#700=ORIENTED_EDGE('',*,*,#957,.F.);
#701=ORIENTED_EDGE('',*,*,#1096,.T.);
#702=ORIENTED_EDGE('',*,*,#1030,.F.);
#703=ORIENTED_EDGE('',*,*,#1097,.F.);
#704=ORIENTED_EDGE('',*,*,#1024,.F.);
#705=ORIENTED_EDGE('',*,*,#896,.F.);
#706=ORIENTED_EDGE('',*,*,#880,.F.);
#707=ORIENTED_EDGE('',*,*,#908,.F.);
#708=ORIENTED_EDGE('',*,*,#1028,.F.);
#709=ORIENTED_EDGE('',*,*,#1009,.F.);
#710=ORIENTED_EDGE('',*,*,#1097,.T.);
#711=ORIENTED_EDGE('',*,*,#1029,.F.);
#712=ORIENTED_EDGE('',*,*,#944,.F.);
#713=ORIENTED_EDGE('',*,*,#1019,.F.);
#714=ORIENTED_EDGE('',*,*,#1098,.F.);
#715=ORIENTED_EDGE('',*,*,#1001,.F.);
#716=ORIENTED_EDGE('',*,*,#937,.F.);
#717=ORIENTED_EDGE('',*,*,#1000,.F.);
#718=ORIENTED_EDGE('',*,*,#1099,.F.);
#719=ORIENTED_EDGE('',*,*,#1017,.F.);
#720=ORIENTED_EDGE('',*,*,#1098,.T.);
#721=ORIENTED_EDGE('',*,*,#1003,.F.);
#722=ORIENTED_EDGE('',*,*,#1099,.T.);
#723=ORIENTED_EDGE('',*,*,#999,.F.);
#724=ORIENTED_EDGE('',*,*,#948,.F.);
#725=ORIENTED_EDGE('',*,*,#1013,.F.);
#726=ORIENTED_EDGE('',*,*,#1100,.F.);
#727=ORIENTED_EDGE('',*,*,#994,.F.);
#728=ORIENTED_EDGE('',*,*,#940,.F.);
#729=ORIENTED_EDGE('',*,*,#993,.F.);
#730=ORIENTED_EDGE('',*,*,#1101,.F.);
#731=ORIENTED_EDGE('',*,*,#1021,.F.);
#732=ORIENTED_EDGE('',*,*,#1100,.T.);
#733=ORIENTED_EDGE('',*,*,#996,.F.);
#734=ORIENTED_EDGE('',*,*,#1101,.T.);
#735=ORIENTED_EDGE('',*,*,#992,.F.);
#736=ORIENTED_EDGE('',*,*,#959,.F.);
#737=ORIENTED_EDGE('',*,*,#1023,.F.);
#738=ORIENTED_EDGE('',*,*,#1102,.F.);
#739=ORIENTED_EDGE('',*,*,#1012,.F.);
#740=ORIENTED_EDGE('',*,*,#952,.F.);
#741=ORIENTED_EDGE('',*,*,#1011,.F.);
#742=ORIENTED_EDGE('',*,*,#1103,.F.);
#743=ORIENTED_EDGE('',*,*,#1027,.F.);
#744=ORIENTED_EDGE('',*,*,#1102,.T.);
#745=ORIENTED_EDGE('',*,*,#1007,.F.);
#746=ORIENTED_EDGE('',*,*,#1103,.T.);
#747=ORIENTED_EDGE('',*,*,#1010,.F.);
#748=ORIENTED_EDGE('',*,*,#933,.F.);
#749=ORIENTED_EDGE('',*,*,#1015,.F.);
#750=ORIENTED_EDGE('',*,*,#1104,.F.);
#751=ORIENTED_EDGE('',*,*,#985,.F.);
#752=ORIENTED_EDGE('',*,*,#955,.F.);
#753=ORIENTED_EDGE('',*,*,#987,.F.);
#754=ORIENTED_EDGE('',*,*,#1105,.F.);
#755=ORIENTED_EDGE('',*,*,#1025,.F.);
#756=ORIENTED_EDGE('',*,*,#1104,.T.);
#757=ORIENTED_EDGE('',*,*,#989,.F.);
#758=ORIENTED_EDGE('',*,*,#1105,.T.);
#759=ORIENTED_EDGE('',*,*,#986,.F.);
#760=ORIENTED_EDGE('',*,*,#1106,.T.);
#761=ORIENTED_EDGE('',*,*,#1107,.T.);
#762=ORIENTED_EDGE('',*,*,#1108,.T.);
#763=ORIENTED_EDGE('',*,*,#1109,.T.);
#764=ORIENTED_EDGE('',*,*,#1106,.F.);
#765=ORIENTED_EDGE('',*,*,#874,.F.);
#766=ORIENTED_EDGE('',*,*,#855,.F.);
#767=ORIENTED_EDGE('',*,*,#856,.F.);
#768=ORIENTED_EDGE('',*,*,#1109,.F.);
#769=ORIENTED_EDGE('',*,*,#1084,.F.);
#770=ORIENTED_EDGE('',*,*,#858,.F.);
#771=ORIENTED_EDGE('',*,*,#1107,.F.);
#772=ORIENTED_EDGE('',*,*,#876,.F.);
#773=ORIENTED_EDGE('',*,*,#1108,.F.);
#774=ORIENTED_EDGE('',*,*,#865,.F.);
#775=ORIENTED_EDGE('',*,*,#1089,.F.);
#776=ORIENTED_EDGE('',*,*,#1110,.F.);
#777=ORIENTED_EDGE('',*,*,#1063,.F.);
#778=ORIENTED_EDGE('',*,*,#1110,.T.);
#779=ORIENTED_EDGE('',*,*,#1071,.F.);
#780=ORIENTED_EDGE('',*,*,#1111,.F.);
#781=ORIENTED_EDGE('',*,*,#1064,.F.);
#782=ORIENTED_EDGE('',*,*,#1111,.T.);
#783=ORIENTED_EDGE('',*,*,#1087,.F.);
#784=ORIENTED_EDGE('',*,*,#1112,.F.);
#785=ORIENTED_EDGE('',*,*,#1065,.F.);
#786=ORIENTED_EDGE('',*,*,#1043,.F.);
#787=ORIENTED_EDGE('',*,*,#1113,.F.);
#788=ORIENTED_EDGE('',*,*,#1066,.F.);
#789=ORIENTED_EDGE('',*,*,#1112,.T.);
#790=ORIENTED_EDGE('',*,*,#1042,.F.);
#791=ORIENTED_EDGE('',*,*,#1047,.F.);
#792=ORIENTED_EDGE('',*,*,#1114,.F.);
#793=ORIENTED_EDGE('',*,*,#1049,.F.);
#794=ORIENTED_EDGE('',*,*,#1113,.T.);
#795=ORIENTED_EDGE('',*,*,#1114,.T.);
#796=ORIENTED_EDGE('',*,*,#1082,.F.);
#797=ORIENTED_EDGE('',*,*,#902,.F.);
#798=ORIENTED_EDGE('',*,*,#1050,.F.);
#799=ORIENTED_EDGE('',*,*,#871,.F.);
#800=ORIENTED_EDGE('',*,*,#1080,.F.);
#801=ORIENTED_EDGE('',*,*,#1115,.F.);
#802=ORIENTED_EDGE('',*,*,#1057,.F.);
#803=ORIENTED_EDGE('',*,*,#1115,.T.);
#804=ORIENTED_EDGE('',*,*,#1076,.F.);
#805=ORIENTED_EDGE('',*,*,#1116,.F.);
#806=ORIENTED_EDGE('',*,*,#1058,.F.);
#807=ORIENTED_EDGE('',*,*,#1116,.T.);
#808=ORIENTED_EDGE('',*,*,#1085,.F.);
#809=ORIENTED_EDGE('',*,*,#1117,.F.);
#810=ORIENTED_EDGE('',*,*,#1059,.F.);
#811=ORIENTED_EDGE('',*,*,#1035,.F.);
#812=ORIENTED_EDGE('',*,*,#1118,.F.);
#813=ORIENTED_EDGE('',*,*,#1060,.F.);
#814=ORIENTED_EDGE('',*,*,#1117,.T.);
#815=ORIENTED_EDGE('',*,*,#1034,.F.);
#816=ORIENTED_EDGE('',*,*,#1074,.F.);
#817=ORIENTED_EDGE('',*,*,#1119,.F.);
#818=ORIENTED_EDGE('',*,*,#1061,.F.);
#819=ORIENTED_EDGE('',*,*,#1118,.T.);
#820=ORIENTED_EDGE('',*,*,#1119,.T.);
#821=ORIENTED_EDGE('',*,*,#1088,.F.);
#822=ORIENTED_EDGE('',*,*,#867,.F.);
#823=ORIENTED_EDGE('',*,*,#1062,.F.);
#824=ORIENTED_EDGE('',*,*,#873,.F.);
#825=ORIENTED_EDGE('',*,*,#1056,.F.);
#826=ORIENTED_EDGE('',*,*,#1120,.F.);
#827=ORIENTED_EDGE('',*,*,#851,.F.);
#828=ORIENTED_EDGE('',*,*,#1120,.T.);
#829=ORIENTED_EDGE('',*,*,#1055,.F.);
#830=ORIENTED_EDGE('',*,*,#1121,.F.);
#831=ORIENTED_EDGE('',*,*,#1039,.F.);
#832=ORIENTED_EDGE('',*,*,#1078,.F.);
#833=ORIENTED_EDGE('',*,*,#1121,.T.);
#834=ORIENTED_EDGE('',*,*,#1054,.F.);
#835=ORIENTED_EDGE('',*,*,#1122,.F.);
#836=ORIENTED_EDGE('',*,*,#1040,.F.);
#837=ORIENTED_EDGE('',*,*,#1122,.T.);
#838=ORIENTED_EDGE('',*,*,#1053,.F.);
#839=ORIENTED_EDGE('',*,*,#1123,.F.);
#840=ORIENTED_EDGE('',*,*,#1086,.F.);
#841=ORIENTED_EDGE('',*,*,#1123,.T.);
#842=ORIENTED_EDGE('',*,*,#1052,.F.);
#843=ORIENTED_EDGE('',*,*,#1124,.F.);
#844=ORIENTED_EDGE('',*,*,#1068,.F.);
#845=ORIENTED_EDGE('',*,*,#860,.F.);
#846=ORIENTED_EDGE('',*,*,#1083,.F.);
#847=ORIENTED_EDGE('',*,*,#1124,.T.);
#848=ORIENTED_EDGE('',*,*,#1051,.F.);
#849=ORIENTED_EDGE('',*,*,#900,.F.);
#850=EDGE_CURVE('',#1125,#1126,#1303,.T.);
#851=EDGE_CURVE('',#1125,#1127,#1304,.T.);
#852=EDGE_CURVE('',#1128,#1127,#1305,.T.);
#853=EDGE_CURVE('',#1129,#1128,#1306,.T.);
#854=EDGE_CURVE('',#1130,#1129,#1307,.T.);
#855=EDGE_CURVE('',#1130,#1126,#1308,.T.);
#856=EDGE_CURVE('',#1131,#1131,#1309,.T.);
#857=EDGE_CURVE('',#1132,#1133,#1310,.T.);
#858=EDGE_CURVE('',#1133,#1134,#1311,.T.);
#859=EDGE_CURVE('',#1134,#1135,#1312,.T.);
#860=EDGE_CURVE('',#1135,#1136,#1313,.F.);
#861=EDGE_CURVE('',#1136,#1137,#1314,.T.);
#862=EDGE_CURVE('',#1137,#1138,#1315,.T.);
#863=EDGE_CURVE('',#1139,#1138,#208,.T.);
#864=EDGE_CURVE('',#1139,#1140,#1316,.T.);
#865=EDGE_CURVE('',#1140,#1141,#1317,.F.);
#866=EDGE_CURVE('',#1141,#1142,#209,.T.);
#867=EDGE_CURVE('',#1142,#1143,#1318,.T.);
#868=EDGE_CURVE('',#1143,#1144,#1319,.T.);
#869=EDGE_CURVE('',#1145,#1144,#210,.T.);
#870=EDGE_CURVE('',#1145,#1146,#1320,.T.);
#871=EDGE_CURVE('',#1146,#1147,#1321,.F.);
#872=EDGE_CURVE('',#1147,#1148,#211,.T.);
#873=EDGE_CURVE('',#1148,#1125,#1322,.T.);
#874=EDGE_CURVE('',#1126,#1130,#1323,.T.);
#875=EDGE_CURVE('',#1132,#1129,#212,.T.);
#876=EDGE_CURVE('',#1149,#1149,#1324,.T.);
#877=EDGE_CURVE('',#1150,#1151,#1325,.T.);
#878=EDGE_CURVE('',#1151,#1152,#1326,.T.);
#879=EDGE_CURVE('',#1152,#1153,#55,.T.);
#880=EDGE_CURVE('',#1153,#1150,#1327,.T.);
#881=EDGE_CURVE('',#1154,#1155,#56,.F.);
#882=EDGE_CURVE('',#1155,#1156,#1328,.T.);
#883=EDGE_CURVE('',#1156,#1157,#1329,.T.);
#884=EDGE_CURVE('',#1157,#1154,#1330,.T.);
#885=EDGE_CURVE('',#1158,#1159,#1331,.T.);
#886=EDGE_CURVE('',#1159,#1160,#1332,.T.);
#887=EDGE_CURVE('',#1160,#1161,#1333,.T.);
#888=EDGE_CURVE('',#1161,#1162,#1334,.T.);
#889=EDGE_CURVE('',#1162,#1163,#1335,.T.);
#890=EDGE_CURVE('',#1163,#1158,#213,.F.);
#891=EDGE_CURVE('',#1164,#1164,#214,.T.);
#892=EDGE_CURVE('',#1165,#1166,#57,.T.);
#893=EDGE_CURVE('',#1165,#1167,#1336,.T.);
#894=EDGE_CURVE('',#1166,#1167,#215,.T.);
#895=EDGE_CURVE('',#1160,#1151,#1337,.T.);
#896=EDGE_CURVE('',#1150,#1168,#1338,.T.);
#897=EDGE_CURVE('',#1169,#1168,#1339,.T.);
#898=EDGE_CURVE('',#1169,#1157,#1340,.T.);
#899=EDGE_CURVE('',#1156,#1161,#1341,.T.);
#900=EDGE_CURVE('',#1136,#1170,#1342,.T.);
#901=EDGE_CURVE('',#1170,#1171,#1343,.T.);
#902=EDGE_CURVE('',#1171,#1172,#1344,.T.);
#903=EDGE_CURVE('',#1172,#1137,#1345,.T.);
#904=EDGE_CURVE('',#1152,#1173,#1346,.T.);
#905=EDGE_CURVE('',#1173,#1174,#216,.T.);
#906=EDGE_CURVE('',#1175,#1174,#58,.T.);
#907=EDGE_CURVE('',#1175,#1176,#217,.T.);
#908=EDGE_CURVE('',#1176,#1153,#1347,.T.);
#909=EDGE_CURVE('',#1177,#1178,#218,.T.);
#910=EDGE_CURVE('',#1177,#1179,#59,.T.);
#911=EDGE_CURVE('',#1179,#1180,#219,.T.);
#912=EDGE_CURVE('',#1178,#1180,#60,.T.);
#913=EDGE_CURVE('',#1181,#1182,#220,.T.);
#914=EDGE_CURVE('',#1181,#1183,#61,.T.);
#915=EDGE_CURVE('',#1183,#1184,#221,.T.);
#916=EDGE_CURVE('',#1182,#1184,#62,.T.);
#917=EDGE_CURVE('',#1185,#1186,#222,.T.);
#918=EDGE_CURVE('',#1185,#1187,#63,.T.);
#919=EDGE_CURVE('',#1187,#1188,#223,.T.);
#920=EDGE_CURVE('',#1186,#1188,#64,.T.);
#921=EDGE_CURVE('',#1189,#1189,#224,.T.);
#922=EDGE_CURVE('',#1190,#1190,#225,.T.);
#923=EDGE_CURVE('',#1191,#1191,#226,.T.);
#924=EDGE_CURVE('',#1192,#1192,#227,.T.);
#925=EDGE_CURVE('',#1193,#1193,#228,.T.);
#926=EDGE_CURVE('',#1194,#1194,#229,.T.);
#927=EDGE_CURVE('',#1195,#1196,#230,.T.);
#928=EDGE_CURVE('',#1195,#1197,#65,.T.);
#929=EDGE_CURVE('',#1197,#1198,#231,.T.);
#930=EDGE_CURVE('',#1196,#1198,#66,.T.);
#931=EDGE_CURVE('',#1199,#1200,#67,.T.);
#932=EDGE_CURVE('',#1199,#1201,#68,.F.);
#933=EDGE_CURVE('',#1201,#1202,#1348,.F.);
#934=EDGE_CURVE('',#1196,#1202,#69,.T.);
#935=EDGE_CURVE('',#1198,#1179,#70,.T.);
#936=EDGE_CURVE('',#1203,#1177,#71,.T.);
#937=EDGE_CURVE('',#1203,#1204,#1349,.T.);
#938=EDGE_CURVE('',#1204,#1200,#72,.T.);
#939=EDGE_CURVE('',#1205,#1181,#73,.T.);
#940=EDGE_CURVE('',#1205,#1206,#1350,.T.);
#941=EDGE_CURVE('',#1206,#1207,#74,.T.);
#942=EDGE_CURVE('',#1207,#1208,#232,.T.);
#943=EDGE_CURVE('',#1208,#1209,#75,.F.);
#944=EDGE_CURVE('',#1209,#1210,#1351,.F.);
#945=EDGE_CURVE('',#1178,#1210,#76,.T.);
#946=EDGE_CURVE('',#1180,#1183,#77,.T.);
#947=EDGE_CURVE('',#1174,#1211,#78,.T.);
#948=EDGE_CURVE('',#1211,#1212,#1352,.F.);
#949=EDGE_CURVE('',#1212,#1182,#79,.T.);
#950=EDGE_CURVE('',#1187,#1184,#80,.T.);
#951=EDGE_CURVE('',#1185,#1213,#81,.T.);
#952=EDGE_CURVE('',#1213,#1214,#1353,.T.);
#953=EDGE_CURVE('',#1214,#1175,#82,.F.);
#954=EDGE_CURVE('',#1195,#1215,#83,.T.);
#955=EDGE_CURVE('',#1215,#1216,#1354,.T.);
#956=EDGE_CURVE('',#1216,#1217,#84,.F.);
#957=EDGE_CURVE('',#1217,#1218,#233,.F.);
#958=EDGE_CURVE('',#1218,#1219,#85,.T.);
#959=EDGE_CURVE('',#1219,#1220,#1355,.F.);
#960=EDGE_CURVE('',#1220,#1186,#86,.T.);
#961=EDGE_CURVE('',#1197,#1188,#87,.T.);
#962=EDGE_CURVE('',#1200,#1221,#234,.T.);
#963=EDGE_CURVE('',#1221,#1155,#1356,.T.);
#964=EDGE_CURVE('',#1154,#1222,#1357,.T.);
#965=EDGE_CURVE('',#1222,#1199,#235,.T.);
#966=EDGE_CURVE('',#1223,#1224,#236,.T.);
#967=EDGE_CURVE('',#1224,#1225,#1358,.T.);
#968=EDGE_CURVE('',#1225,#1226,#88,.T.);
#969=EDGE_CURVE('',#1226,#1145,#1359,.T.);
#970=EDGE_CURVE('',#1144,#1227,#1360,.T.);
#971=EDGE_CURVE('',#1223,#1227,#89,.T.);
#972=EDGE_CURVE('',#1228,#1229,#237,.T.);
#973=EDGE_CURVE('',#1229,#1230,#1361,.T.);
#974=EDGE_CURVE('',#1230,#1231,#90,.T.);
#975=EDGE_CURVE('',#1231,#1139,#1362,.T.);
#976=EDGE_CURVE('',#1138,#1232,#1363,.T.);
#977=EDGE_CURVE('',#1228,#1232,#91,.T.);
#978=EDGE_CURVE('',#1167,#1233,#92,.T.);
#979=EDGE_CURVE('',#1166,#1233,#93,.T.);
#980=EDGE_CURVE('',#1234,#1235,#94,.T.);
#981=EDGE_CURVE('',#1235,#1132,#1364,.T.);
#982=EDGE_CURVE('',#1236,#1128,#95,.T.);
#983=EDGE_CURVE('',#1236,#1237,#238,.T.);
#984=EDGE_CURVE('',#1237,#1234,#1365,.T.);
#985=EDGE_CURVE('',#1202,#1238,#239,.F.);
#986=EDGE_CURVE('',#1238,#1239,#240,.T.);
#987=EDGE_CURVE('',#1239,#1215,#241,.F.);
#988=EDGE_CURVE('',#1240,#1241,#96,.F.);
#989=EDGE_CURVE('',#1241,#1242,#242,.F.);
#990=EDGE_CURVE('',#1242,#1243,#97,.T.);
#991=EDGE_CURVE('',#1243,#1240,#1366,.T.);
#992=EDGE_CURVE('',#1244,#1245,#243,.T.);
#993=EDGE_CURVE('',#1245,#1205,#244,.F.);
#994=EDGE_CURVE('',#1212,#1244,#245,.F.);
#995=EDGE_CURVE('',#1246,#1247,#98,.F.);
#996=EDGE_CURVE('',#1247,#1248,#246,.F.);
#997=EDGE_CURVE('',#1248,#1249,#99,.T.);
#998=EDGE_CURVE('',#1249,#1246,#1367,.T.);
#999=EDGE_CURVE('',#1250,#1251,#247,.T.);
#1000=EDGE_CURVE('',#1251,#1203,#248,.F.);
#1001=EDGE_CURVE('',#1210,#1250,#249,.F.);
#1002=EDGE_CURVE('',#1252,#1253,#100,.F.);
#1003=EDGE_CURVE('',#1253,#1254,#250,.F.);
#1004=EDGE_CURVE('',#1254,#1255,#101,.T.);
#1005=EDGE_CURVE('',#1255,#1252,#1368,.T.);
#1006=EDGE_CURVE('',#1256,#1257,#102,.F.);
#1007=EDGE_CURVE('',#1257,#1258,#251,.F.);
#1008=EDGE_CURVE('',#1258,#1259,#103,.T.);
#1009=EDGE_CURVE('',#1259,#1256,#1369,.T.);
#1010=EDGE_CURVE('',#1260,#1261,#252,.T.);
#1011=EDGE_CURVE('',#1261,#1213,#253,.F.);
#1012=EDGE_CURVE('',#1220,#1260,#254,.F.);
#1013=EDGE_CURVE('',#1248,#1211,#255,.T.);
#1014=EDGE_CURVE('',#1173,#1249,#1370,.T.);
#1015=EDGE_CURVE('',#1242,#1201,#256,.T.);
#1016=EDGE_CURVE('',#1222,#1243,#1371,.T.);
#1017=EDGE_CURVE('',#1204,#1253,#257,.T.);
#1018=EDGE_CURVE('',#1252,#1221,#1372,.F.);
#1019=EDGE_CURVE('',#1254,#1209,#258,.T.);
#1020=EDGE_CURVE('',#1208,#1255,#1373,.T.);
#1021=EDGE_CURVE('',#1206,#1247,#259,.T.);
#1022=EDGE_CURVE('',#1246,#1207,#1374,.T.);
#1023=EDGE_CURVE('',#1258,#1219,#260,.T.);
#1024=EDGE_CURVE('',#1218,#1259,#1375,.T.);
#1025=EDGE_CURVE('',#1216,#1241,#261,.T.);
#1026=EDGE_CURVE('',#1240,#1217,#1376,.T.);
#1027=EDGE_CURVE('',#1214,#1257,#262,.T.);
#1028=EDGE_CURVE('',#1256,#1176,#1377,.F.);
#1029=EDGE_CURVE('',#1168,#1262,#1378,.T.);
#1030=EDGE_CURVE('',#1262,#1263,#1379,.T.);
#1031=EDGE_CURVE('',#1263,#1264,#263,.T.);
#1032=EDGE_CURVE('',#1264,#1265,#1380,.T.);
#1033=EDGE_CURVE('',#1265,#1169,#1381,.T.);
#1034=EDGE_CURVE('',#1266,#1267,#1382,.T.);
#1035=EDGE_CURVE('',#1267,#1268,#264,.T.);
#1036=EDGE_CURVE('',#1268,#1224,#1383,.T.);
#1037=EDGE_CURVE('',#1266,#1223,#1384,.T.);
#1038=EDGE_CURVE('',#1269,#1236,#1385,.T.);
#1039=EDGE_CURVE('',#1269,#1270,#1386,.T.);
#1040=EDGE_CURVE('',#1270,#1271,#265,.T.);
#1041=EDGE_CURVE('',#1271,#1237,#1387,.T.);
#1042=EDGE_CURVE('',#1272,#1273,#1388,.T.);
#1043=EDGE_CURVE('',#1273,#1274,#266,.T.);
#1044=EDGE_CURVE('',#1274,#1229,#1389,.T.);
#1045=EDGE_CURVE('',#1272,#1228,#1390,.T.);
#1046=EDGE_CURVE('',#1275,#1276,#1391,.T.);
#1047=EDGE_CURVE('',#1276,#1272,#104,.F.);
#1048=EDGE_CURVE('',#1232,#1275,#1392,.T.);
#1049=EDGE_CURVE('',#1277,#1278,#105,.F.);
#1050=EDGE_CURVE('',#1278,#1171,#1393,.T.);
#1051=EDGE_CURVE('',#1170,#1279,#1394,.T.);
#1052=EDGE_CURVE('',#1279,#1280,#106,.F.);
#1053=EDGE_CURVE('',#1280,#1281,#1395,.T.);
#1054=EDGE_CURVE('',#1281,#1282,#267,.F.);
#1055=EDGE_CURVE('',#1282,#1283,#107,.F.);
#1056=EDGE_CURVE('',#1283,#1148,#1396,.T.);
#1057=EDGE_CURVE('',#1147,#1284,#1397,.T.);
#1058=EDGE_CURVE('',#1284,#1285,#108,.F.);
#1059=EDGE_CURVE('',#1285,#1286,#1398,.T.);
#1060=EDGE_CURVE('',#1286,#1287,#268,.F.);
#1061=EDGE_CURVE('',#1287,#1288,#109,.F.);
#1062=EDGE_CURVE('',#1288,#1142,#1399,.T.);
#1063=EDGE_CURVE('',#1141,#1289,#1400,.T.);
#1064=EDGE_CURVE('',#1289,#1290,#110,.F.);
#1065=EDGE_CURVE('',#1290,#1291,#1401,.T.);
#1066=EDGE_CURVE('',#1291,#1277,#269,.F.);
#1067=EDGE_CURVE('',#1234,#1292,#1402,.T.);
#1068=EDGE_CURVE('',#1292,#1293,#111,.T.);
#1069=EDGE_CURVE('',#1293,#1235,#1403,.T.);
#1070=EDGE_CURVE('',#1230,#1294,#1404,.T.);
#1071=EDGE_CURVE('',#1294,#1295,#112,.T.);
#1072=EDGE_CURVE('',#1295,#1231,#1405,.T.);
#1073=EDGE_CURVE('',#1227,#1296,#1406,.T.);
#1074=EDGE_CURVE('',#1296,#1266,#113,.F.);
#1075=EDGE_CURVE('',#1225,#1297,#1407,.T.);
#1076=EDGE_CURVE('',#1297,#1298,#114,.T.);
#1077=EDGE_CURVE('',#1298,#1226,#1408,.T.);
#1078=EDGE_CURVE('',#1127,#1269,#115,.F.);
#1079=EDGE_CURVE('',#1165,#1233,#1409,.T.);
#1080=EDGE_CURVE('',#1298,#1146,#1410,.T.);
#1081=EDGE_CURVE('',#1275,#1137,#270,.T.);
#1082=EDGE_CURVE('',#1172,#1276,#1411,.T.);
#1083=EDGE_CURVE('',#1293,#1135,#1412,.T.);
#1084=EDGE_CURVE('',#1134,#1133,#1413,.T.);
#1085=EDGE_CURVE('',#1268,#1297,#1414,.T.);
#1086=EDGE_CURVE('',#1271,#1292,#1415,.T.);
#1087=EDGE_CURVE('',#1274,#1294,#1416,.T.);
#1088=EDGE_CURVE('',#1143,#1296,#1417,.T.);
#1089=EDGE_CURVE('',#1295,#1140,#1418,.T.);
#1090=EDGE_CURVE('',#1162,#1255,#271,.T.);
#1091=EDGE_CURVE('',#1163,#1208,#272,.T.);
#1092=EDGE_CURVE('',#1158,#1207,#273,.T.);
#1093=EDGE_CURVE('',#1159,#1246,#274,.T.);
#1094=EDGE_CURVE('',#1240,#1265,#275,.T.);
#1095=EDGE_CURVE('',#1217,#1264,#276,.T.);
#1096=EDGE_CURVE('',#1218,#1263,#277,.T.);
#1097=EDGE_CURVE('',#1259,#1262,#278,.T.);
#1098=EDGE_CURVE('',#1250,#1254,#279,.T.);
#1099=EDGE_CURVE('',#1253,#1251,#280,.T.);
#1100=EDGE_CURVE('',#1244,#1248,#281,.T.);
#1101=EDGE_CURVE('',#1247,#1245,#282,.T.);
#1102=EDGE_CURVE('',#1260,#1258,#283,.T.);
#1103=EDGE_CURVE('',#1257,#1261,#284,.T.);
#1104=EDGE_CURVE('',#1238,#1242,#285,.T.);
#1105=EDGE_CURVE('',#1241,#1239,#286,.T.);
#1106=EDGE_CURVE('',#1299,#1299,#1419,.T.);
#1107=EDGE_CURVE('',#1300,#1300,#1420,.T.);
#1108=EDGE_CURVE('',#1301,#1301,#1421,.T.);
#1109=EDGE_CURVE('',#1302,#1302,#1422,.T.);
#1110=EDGE_CURVE('',#1289,#1295,#287,.T.);
#1111=EDGE_CURVE('',#1290,#1294,#288,.T.);
#1112=EDGE_CURVE('',#1291,#1274,#289,.T.);
#1113=EDGE_CURVE('',#1277,#1273,#1423,.F.);
#1114=EDGE_CURVE('',#1278,#1276,#290,.T.);
#1115=EDGE_CURVE('',#1284,#1298,#291,.T.);
#1116=EDGE_CURVE('',#1285,#1297,#292,.T.);
#1117=EDGE_CURVE('',#1286,#1268,#293,.T.);
#1118=EDGE_CURVE('',#1287,#1267,#1424,.F.);
#1119=EDGE_CURVE('',#1288,#1296,#294,.T.);
#1120=EDGE_CURVE('',#1127,#1283,#295,.T.);
#1121=EDGE_CURVE('',#1270,#1282,#1425,.T.);
#1122=EDGE_CURVE('',#1271,#1281,#296,.T.);
#1123=EDGE_CURVE('',#1292,#1280,#297,.T.);
#1124=EDGE_CURVE('',#1293,#1279,#298,.T.);
#1125=VERTEX_POINT('',#2411);
#1126=VERTEX_POINT('',#2412);
#1127=VERTEX_POINT('',#2418);
#1128=VERTEX_POINT('',#2426);
#1129=VERTEX_POINT('',#2433);
#1130=VERTEX_POINT('',#2438);
#1131=VERTEX_POINT('',#2465);
#1132=VERTEX_POINT('',#2470);
#1133=VERTEX_POINT('',#2471);
#1134=VERTEX_POINT('',#2488);
#1135=VERTEX_POINT('',#2493);
#1136=VERTEX_POINT('',#2498);
#1137=VERTEX_POINT('',#2527);
#1138=VERTEX_POINT('',#2533);
#1139=VERTEX_POINT('',#2535);
#1140=VERTEX_POINT('',#2543);
#1141=VERTEX_POINT('',#2548);
#1142=VERTEX_POINT('',#2550);
#1143=VERTEX_POINT('',#2555);
#1144=VERTEX_POINT('',#2561);
#1145=VERTEX_POINT('',#2563);
#1146=VERTEX_POINT('',#2571);
#1147=VERTEX_POINT('',#2576);
#1148=VERTEX_POINT('',#2578);
#1149=VERTEX_POINT('',#2615);
#1150=VERTEX_POINT('',#2624);
#1151=VERTEX_POINT('',#2625);
#1152=VERTEX_POINT('',#2631);
#1153=VERTEX_POINT('',#2633);
#1154=VERTEX_POINT('',#2641);
#1155=VERTEX_POINT('',#2642);
#1156=VERTEX_POINT('',#2648);
#1157=VERTEX_POINT('',#2656);
#1158=VERTEX_POINT('',#2668);
#1159=VERTEX_POINT('',#2669);
#1160=VERTEX_POINT('',#2674);
#1161=VERTEX_POINT('',#2682);
#1162=VERTEX_POINT('',#2687);
#1163=VERTEX_POINT('',#2693);
#1164=VERTEX_POINT('',#2697);
#1165=VERTEX_POINT('',#2699);
#1166=VERTEX_POINT('',#2700);
#1167=VERTEX_POINT('',#2705);
#1168=VERTEX_POINT('',#2804);
#1169=VERTEX_POINT('',#2812);
#1170=VERTEX_POINT('',#2827);
#1171=VERTEX_POINT('',#2832);
#1172=VERTEX_POINT('',#2837);
#1173=VERTEX_POINT('',#2847);
#1174=VERTEX_POINT('',#2849);
#1175=VERTEX_POINT('',#2851);
#1176=VERTEX_POINT('',#2853);
#1177=VERTEX_POINT('',#2860);
#1178=VERTEX_POINT('',#2861);
#1179=VERTEX_POINT('',#2863);
#1180=VERTEX_POINT('',#2865);
#1181=VERTEX_POINT('',#2869);
#1182=VERTEX_POINT('',#2870);
#1183=VERTEX_POINT('',#2872);
#1184=VERTEX_POINT('',#2874);
#1185=VERTEX_POINT('',#2878);
#1186=VERTEX_POINT('',#2879);
#1187=VERTEX_POINT('',#2881);
#1188=VERTEX_POINT('',#2883);
#1189=VERTEX_POINT('',#2887);
#1190=VERTEX_POINT('',#2889);
#1191=VERTEX_POINT('',#2892);
#1192=VERTEX_POINT('',#2894);
#1193=VERTEX_POINT('',#2897);
#1194=VERTEX_POINT('',#2899);
#1195=VERTEX_POINT('',#2902);
#1196=VERTEX_POINT('',#2903);
#1197=VERTEX_POINT('',#2905);
#1198=VERTEX_POINT('',#2907);
#1199=VERTEX_POINT('',#2911);
#1200=VERTEX_POINT('',#2912);
#1201=VERTEX_POINT('',#2914);
#1202=VERTEX_POINT('',#2919);
#1203=VERTEX_POINT('',#2923);
#1204=VERTEX_POINT('',#2928);
#1205=VERTEX_POINT('',#2932);
#1206=VERTEX_POINT('',#2937);
#1207=VERTEX_POINT('',#2939);
#1208=VERTEX_POINT('',#2941);
#1209=VERTEX_POINT('',#2943);
#1210=VERTEX_POINT('',#2948);
#1211=VERTEX_POINT('',#2953);
#1212=VERTEX_POINT('',#2958);
#1213=VERTEX_POINT('',#2962);
#1214=VERTEX_POINT('',#2967);
#1215=VERTEX_POINT('',#2971);
#1216=VERTEX_POINT('',#2976);
#1217=VERTEX_POINT('',#2978);
#1218=VERTEX_POINT('',#2980);
#1219=VERTEX_POINT('',#2982);
#1220=VERTEX_POINT('',#2987);
#1221=VERTEX_POINT('',#2992);
#1222=VERTEX_POINT('',#3001);
#1223=VERTEX_POINT('',#3005);
#1224=VERTEX_POINT('',#3006);
#1225=VERTEX_POINT('',#3012);
#1226=VERTEX_POINT('',#3014);
#1227=VERTEX_POINT('',#3028);
#1228=VERTEX_POINT('',#3031);
#1229=VERTEX_POINT('',#3032);
#1230=VERTEX_POINT('',#3038);
#1231=VERTEX_POINT('',#3040);
#1232=VERTEX_POINT('',#3054);
#1233=VERTEX_POINT('',#3057);
#1234=VERTEX_POINT('',#3060);
#1235=VERTEX_POINT('',#3061);
#1236=VERTEX_POINT('',#3070);
#1237=VERTEX_POINT('',#3072);
#1238=VERTEX_POINT('',#3080);
#1239=VERTEX_POINT('',#3082);
#1240=VERTEX_POINT('',#3086);
#1241=VERTEX_POINT('',#3087);
#1242=VERTEX_POINT('',#3089);
#1243=VERTEX_POINT('',#3091);
#1244=VERTEX_POINT('',#3101);
#1245=VERTEX_POINT('',#3102);
#1246=VERTEX_POINT('',#3107);
#1247=VERTEX_POINT('',#3108);
#1248=VERTEX_POINT('',#3110);
#1249=VERTEX_POINT('',#3112);
#1250=VERTEX_POINT('',#3122);
#1251=VERTEX_POINT('',#3123);
#1252=VERTEX_POINT('',#3128);
#1253=VERTEX_POINT('',#3129);
#1254=VERTEX_POINT('',#3131);
#1255=VERTEX_POINT('',#3133);
#1256=VERTEX_POINT('',#3143);
#1257=VERTEX_POINT('',#3144);
#1258=VERTEX_POINT('',#3146);
#1259=VERTEX_POINT('',#3148);
#1260=VERTEX_POINT('',#3158);
#1261=VERTEX_POINT('',#3159);
#1262=VERTEX_POINT('',#3219);
#1263=VERTEX_POINT('',#3225);
#1264=VERTEX_POINT('',#3227);
#1265=VERTEX_POINT('',#3233);
#1266=VERTEX_POINT('',#3245);
#1267=VERTEX_POINT('',#3246);
#1268=VERTEX_POINT('',#3248);
#1269=VERTEX_POINT('',#3272);
#1270=VERTEX_POINT('',#3279);
#1271=VERTEX_POINT('',#3281);
#1272=VERTEX_POINT('',#3297);
#1273=VERTEX_POINT('',#3298);
#1274=VERTEX_POINT('',#3300);
#1275=VERTEX_POINT('',#3328);
#1276=VERTEX_POINT('',#3329);
#1277=VERTEX_POINT('',#3340);
#1278=VERTEX_POINT('',#3341);
#1279=VERTEX_POINT('',#3350);
#1280=VERTEX_POINT('',#3352);
#1281=VERTEX_POINT('',#3361);
#1282=VERTEX_POINT('',#3363);
#1283=VERTEX_POINT('',#3365);
#1284=VERTEX_POINT('',#3374);
#1285=VERTEX_POINT('',#3376);
#1286=VERTEX_POINT('',#3385);
#1287=VERTEX_POINT('',#3387);
#1288=VERTEX_POINT('',#3389);
#1289=VERTEX_POINT('',#3398);
#1290=VERTEX_POINT('',#3400);
#1291=VERTEX_POINT('',#3409);
#1292=VERTEX_POINT('',#3426);
#1293=VERTEX_POINT('',#3428);
#1294=VERTEX_POINT('',#3450);
#1295=VERTEX_POINT('',#3452);
#1296=VERTEX_POINT('',#3474);
#1297=VERTEX_POINT('',#3491);
#1298=VERTEX_POINT('',#3493);
#1299=VERTEX_POINT('',#4059);
#1300=VERTEX_POINT('',#4083);
#1301=VERTEX_POINT('',#4107);
#1302=VERTEX_POINT('',#4131);
#1303=B_SPLINE_CURVE_WITH_KNOTS('',3,(#2407,#2408,#2409,#2410),
 .UNSPECIFIED.,.F.,.F.,(4,4),(0.000260374345728769,0.0019539430671914),
 .UNSPECIFIED.);
#1304=B_SPLINE_CURVE_WITH_KNOTS('',3,(#2413,#2414,#2415,#2416,#2417),
 .UNSPECIFIED.,.F.,.F.,(4,1,4),(0.,0.000581536444598522,0.00116307288919704),
 .UNSPECIFIED.);
#1305=B_SPLINE_CURVE_WITH_KNOTS('',3,(#2419,#2420,#2421,#2422,#2423,#2424,
#2425),.UNSPECIFIED.,.F.,.F.,(4,1,1,1,4),(-5.99999999857965E-8,0.00178178743533543,
0.00356363487067084,0.00534548230600626,0.00712732974134167),
 .UNSPECIFIED.);
#1306=B_SPLINE_CURVE_WITH_KNOTS('',3,(#2427,#2428,#2429,#2430,#2431,#2432),
 .UNSPECIFIED.,.F.,.F.,(4,1,1,4),(0.,0.000598150499914094,0.000897225749871141,
0.00119630099982819),.UNSPECIFIED.);
#1307=B_SPLINE_CURVE_WITH_KNOTS('',3,(#2434,#2435,#2436,#2437),
 .UNSPECIFIED.,.F.,.F.,(4,4),(0.004185735873162,0.0070856035789337),
 .UNSPECIFIED.);
#1308=B_SPLINE_CURVE_WITH_KNOTS('',3,(#2439,#2440,#2441,#2442,#2443,#2444,
#2445),.UNSPECIFIED.,.F.,.F.,(4,1,1,1,4),(-6.48824218211008E-6,0.000570506394020746,
0.0011475010302236,0.00172449566642646,0.00230149030262931),
 .UNSPECIFIED.);
#1309=B_SPLINE_CURVE_WITH_KNOTS('',3,(#2447,#2448,#2449,#2450,#2451,#2452,
#2453,#2454,#2455,#2456,#2457,#2458,#2459,#2460,#2461,#2462,#2463,#2464),
 .UNSPECIFIED.,.T.,.F.,(1,1,1,1,1,1,1,1,1,1,1,1,1,1,1,1,1,1,1,1,1,1),(-0.0020008060926284,
-0.00133387072841827,-0.00066693536420815,1.97360125306062E-15,0.000666935364212098,
0.00133387072842222,0.00266774145684247,0.0033346768210526,0.00400161218526272,
0.00466854754947285,0.00533548291368297,0.0060024182778931,0.00666935364210322,
0.00733628900631335,0.00800322437052347,0.0086701597347336,0.00933709509894372,
0.0100040304631538,0.010670965827364,0.0113379011915741,0.0120048365557842,
0.0133387072842045),.UNSPECIFIED.);
#1310=B_SPLINE_CURVE_WITH_KNOTS('',3,(#2466,#2467,#2468,#2469),
 .UNSPECIFIED.,.F.,.F.,(4,4),(1.04184461575211E-17,0.00353361855790141),
 .UNSPECIFIED.);
#1311=B_SPLINE_CURVE_WITH_KNOTS('',3,(#2472,#2473,#2474,#2475,#2476,#2477,
#2478,#2479,#2480,#2481,#2482,#2483,#2484,#2485,#2486,#2487),
 .UNSPECIFIED.,.F.,.F.,(4,1,1,1,1,1,1,1,1,1,1,1,1,4),(0.00620046166377929,
0.00745112962796199,0.00870179759214469,0.00932713157423604,0.00995246555632739,
0.0105777995384187,0.0112031335205101,0.0118284675026014,0.0124538014846928,
0.0137044694488755,0.0143298034309669,0.0149551374130582,0.0155804713951496,
0.0162058053772409),.UNSPECIFIED.);
#1312=B_SPLINE_CURVE_WITH_KNOTS('',3,(#2489,#2490,#2491,#2492),
 .UNSPECIFIED.,.F.,.F.,(4,4),(0.00414236264537023,0.00793773144910252),
 .UNSPECIFIED.);
#1313=B_SPLINE_CURVE_WITH_KNOTS('',3,(#2494,#2495,#2496,#2497),
 .UNSPECIFIED.,.F.,.F.,(4,4),(7.12452126132182E-15,0.000656293427390423),
 .UNSPECIFIED.);
#1314=B_SPLINE_CURVE_WITH_KNOTS('',3,(#2499,#2500,#2501,#2502,#2503,#2504,
#2505,#2506,#2507,#2508,#2509,#2510,#2511,#2512,#2513,#2514,#2515,#2516,
#2517,#2518,#2519,#2520,#2521,#2522,#2523,#2524,#2525,#2526),
 .UNSPECIFIED.,.F.,.F.,(4,1,1,1,1,1,1,1,1,1,1,1,1,1,1,1,1,1,1,1,1,1,1,1,
1,4),(0.0624063124193523,0.0664906004327489,0.0705748884461456,0.0726170324528439,
0.0746591764595422,0.0767013204662405,0.0787434644729389,0.0807856084796372,
0.0828277524863355,0.0848698964930338,0.0869120404997322,0.0909963285131288,
0.0930384725198271,0.0950806165265254,0.0991649045399221,0.10120704854662,
0.103249192553319,0.105291336560017,0.107333480566715,0.109375624573414,
0.111417768580112,0.115502056593509,0.119586344606905,0.123670632620302,
0.125712776627,0.127754920633699),.UNSPECIFIED.);
#1315=B_SPLINE_CURVE_WITH_KNOTS('',3,(#2528,#2529,#2530,#2531,#2532),
 .UNSPECIFIED.,.F.,.F.,(4,1,4),(1.72820601971214E-17,0.0033101750238107,
0.00662035004762139),.UNSPECIFIED.);
#1316=B_SPLINE_CURVE_WITH_KNOTS('',3,(#2536,#2537,#2538,#2539,#2540,#2541,
#2542),.UNSPECIFIED.,.F.,.F.,(4,1,1,1,4),(0.,0.00198443286225432,0.00396886572450864,
0.00595329858676297,0.00793773144901729),.UNSPECIFIED.);
#1317=B_SPLINE_CURVE_WITH_KNOTS('',3,(#2544,#2545,#2546,#2547),
 .UNSPECIFIED.,.F.,.F.,(4,4),(0.,0.00067634427149454),.UNSPECIFIED.);
#1318=B_SPLINE_CURVE_WITH_KNOTS('',3,(#2551,#2552,#2553,#2554),
 .UNSPECIFIED.,.F.,.F.,(4,4),(2.60208521396521E-18,0.000658264308574085),
 .UNSPECIFIED.);
#1319=B_SPLINE_CURVE_WITH_KNOTS('',3,(#2556,#2557,#2558,#2559,#2560),
 .UNSPECIFIED.,.F.,.F.,(4,1,4),(0.000260374345725916,0.00367298896229787,
0.00708560357886983),.UNSPECIFIED.);
#1320=B_SPLINE_CURVE_WITH_KNOTS('',3,(#2564,#2565,#2566,#2567,#2568,#2569,
#2570),.UNSPECIFIED.,.F.,.F.,(4,1,1,1,4),(0.,0.0019844328622674,0.00396886572453481,
0.00595329858680221,0.00793773144906962),.UNSPECIFIED.);
#1321=B_SPLINE_CURVE_WITH_KNOTS('',3,(#2572,#2573,#2574,#2575),
 .UNSPECIFIED.,.F.,.F.,(4,4),(1.73472347597681E-18,0.000676344271505748),
 .UNSPECIFIED.);
#1322=B_SPLINE_CURVE_WITH_KNOTS('',3,(#2579,#2580,#2581,#2582),
 .UNSPECIFIED.,.F.,.F.,(4,4),(1.73472347597681E-18,0.000658264308586013),
 .UNSPECIFIED.);
#1323=B_SPLINE_CURVE_WITH_KNOTS('',3,(#2583,#2584,#2585,#2586,#2587,#2588,
#2589,#2590,#2591,#2592,#2593,#2594,#2595),.UNSPECIFIED.,.F.,.F.,(4,1,1,
1,1,1,1,1,1,1,4),(0.,0.000979748695343604,0.00195949739068721,0.00293924608603081,
0.00342912043370261,0.00391899478137442,0.00440886912904622,0.00489874347671802,
0.00587849217206162,0.00685824086740523,0.00783798956274883),
 .UNSPECIFIED.);
#1324=B_SPLINE_CURVE_WITH_KNOTS('',3,(#2597,#2598,#2599,#2600,#2601,#2602,
#2603,#2604,#2605,#2606,#2607,#2608,#2609,#2610,#2611,#2612,#2613,#2614),
 .UNSPECIFIED.,.T.,.F.,(1,1,1,1,1,1,1,1,1,1,1,1,1,1,1,1,1,1,1,1,1,1),(-0.00200080609267743,
-0.00133387072845096,-0.000666935364224495,1.97406353432513E-15,0.000666935364228442,
0.00133387072845491,0.00266774145690785,0.00333467682113432,0.00400161218536078,
0.00466854754958725,0.00533548291381372,0.00600241827804019,0.00666935364226666,
0.00733628900649312,0.00800322437071959,0.00867015973494606,0.00933709509917253,
0.010004030463399,0.0106709658276255,0.0113379011918519,0.0120048365560784,
0.0133387072845313),.UNSPECIFIED.);
#1325=B_SPLINE_CURVE_WITH_KNOTS('',3,(#2617,#2618,#2619,#2620,#2621,#2622,
#2623),.UNSPECIFIED.,.F.,.F.,(4,1,1,1,4),(0.0189521605435435,0.0227434674262646,
0.0265347743089856,0.0303260811917067,0.0341173880744278),.UNSPECIFIED.);
#1326=B_SPLINE_CURVE_WITH_KNOTS('',3,(#2626,#2627,#2628,#2629,#2630),
 .UNSPECIFIED.,.F.,.F.,(4,1,4),(0.0042232928382548,0.00737439226515584,
0.0105254916920569),.UNSPECIFIED.);
#1327=B_SPLINE_CURVE_WITH_KNOTS('',3,(#2634,#2635,#2636,#2637,#2638),
 .UNSPECIFIED.,.F.,.F.,(4,1,4),(1.78811203067275E-18,0.00314411685222341,
0.00628823370444683),.UNSPECIFIED.);
#1328=B_SPLINE_CURVE_WITH_KNOTS('',3,(#2643,#2644,#2645,#2646,#2647),
 .UNSPECIFIED.,.F.,.F.,(4,1,4),(0.,0.00314716214092933,0.00629432428185866),
 .UNSPECIFIED.);
#1329=B_SPLINE_CURVE_WITH_KNOTS('',3,(#2649,#2650,#2651,#2652,#2653,#2654,
#2655),.UNSPECIFIED.,.F.,.F.,(4,1,1,1,4),(0.0540549233184399,0.0578577406519344,
0.0616605579854289,0.0654633753189234,0.069266192652418),.UNSPECIFIED.);
#1330=B_SPLINE_CURVE_WITH_KNOTS('',3,(#2657,#2658,#2659,#2660,#2661),
 .UNSPECIFIED.,.F.,.F.,(4,1,4),(0.00420928301087265,0.00736328111183019,
0.0105172792127877),.UNSPECIFIED.);
#1331=B_SPLINE_CURVE_WITH_KNOTS('',3,(#2663,#2664,#2665,#2666,#2667),
 .UNSPECIFIED.,.F.,.F.,(4,1,4),(0.,0.00112367418844195,0.00224734837688391),
 .UNSPECIFIED.);
#1332=B_SPLINE_CURVE_WITH_KNOTS('',3,(#2670,#2671,#2672,#2673),
 .UNSPECIFIED.,.F.,.F.,(4,4),(0.,0.00153301885222272),.UNSPECIFIED.);
#1333=B_SPLINE_CURVE_WITH_KNOTS('',3,(#2675,#2676,#2677,#2678,#2679,#2680,
#2681),.UNSPECIFIED.,.F.,.F.,(4,1,1,1,4),(0.036788470660875,0.0404440300706872,
0.0440995894804995,0.0477551488903117,0.051410708300124),.UNSPECIFIED.);
#1334=B_SPLINE_CURVE_WITH_KNOTS('',3,(#2683,#2684,#2685,#2686),
 .UNSPECIFIED.,.F.,.F.,(4,4),(0.00895428970956644,0.010494484113479),
 .UNSPECIFIED.);
#1335=B_SPLINE_CURVE_WITH_KNOTS('',3,(#2688,#2689,#2690,#2691,#2692),
 .UNSPECIFIED.,.F.,.F.,(4,1,4),(0.,0.00112303692795757,0.00224607385591513),
 .UNSPECIFIED.);
#1336=B_SPLINE_CURVE_WITH_KNOTS('',3,(#2701,#2702,#2703,#2704),
 .UNSPECIFIED.,.F.,.F.,(4,4),(5.14776312646452E-14,8.44931021727288E-5),
 .UNSPECIFIED.);
#1337=B_SPLINE_CURVE_WITH_KNOTS('',3,(#2794,#2795,#2796,#2797,#2798),
 .UNSPECIFIED.,.F.,.F.,(4,1,4),(-1.00775582491755E-5,0.00131163174716141,
0.00263334105257199),.UNSPECIFIED.);
#1338=B_SPLINE_CURVE_WITH_KNOTS('',3,(#2799,#2800,#2801,#2802,#2803),
 .UNSPECIFIED.,.F.,.F.,(4,1,4),(-1.02902347472542E-5,0.00131214735701619,
0.00263458494877963),.UNSPECIFIED.);
#1339=B_SPLINE_CURVE_WITH_KNOTS('',3,(#2805,#2806,#2807,#2808,#2809,#2810,
#2811),.UNSPECIFIED.,.F.,.F.,(4,1,1,1,4),(0.00166972181560079,0.00532360996697641,
0.00897749811835202,0.0126313862697276,0.0162852744211033),
 .UNSPECIFIED.);
#1340=B_SPLINE_CURVE_WITH_KNOTS('',3,(#2813,#2814,#2815,#2816,#2817),
 .UNSPECIFIED.,.F.,.F.,(4,1,4),(-1.01343375689987E-5,0.00130002005608214,
0.00261017444973328),.UNSPECIFIED.);
#1341=B_SPLINE_CURVE_WITH_KNOTS('',3,(#2818,#2819,#2820,#2821,#2822),
 .UNSPECIFIED.,.F.,.F.,(4,1,4),(-1.03457836443264E-5,0.00130050942262635,
0.00261136462889703),.UNSPECIFIED.);
#1342=B_SPLINE_CURVE_WITH_KNOTS('',3,(#2823,#2824,#2825,#2826),
 .UNSPECIFIED.,.F.,.F.,(4,4),(7.82836254280474E-15,1.84073128031427E-5),
 .UNSPECIFIED.);
#1343=B_SPLINE_CURVE_WITH_KNOTS('',3,(#2828,#2829,#2830,#2831),
 .UNSPECIFIED.,.F.,.F.,(4,4),(1.95233555188768E-5,0.000626822659844062),
 .UNSPECIFIED.);
#1344=B_SPLINE_CURVE_WITH_KNOTS('',3,(#2833,#2834,#2835,#2836),
 .UNSPECIFIED.,.F.,.F.,(4,4),(1.66858397327039E-16,0.000617304770487027),
 .UNSPECIFIED.);
#1345=B_SPLINE_CURVE_WITH_KNOTS('',3,(#2838,#2839,#2840,#2841),
 .UNSPECIFIED.,.F.,.F.,(4,4),(0.000226620374313873,0.000403390862552726),
 .UNSPECIFIED.);
#1346=B_SPLINE_CURVE_WITH_KNOTS('',3,(#2843,#2844,#2845,#2846),
 .UNSPECIFIED.,.F.,.F.,(4,4),(0.,5.84198427553373E-5),.UNSPECIFIED.);
#1347=B_SPLINE_CURVE_WITH_KNOTS('',3,(#2854,#2855,#2856,#2857),
 .UNSPECIFIED.,.F.,.F.,(4,4),(0.,5.84198427549984E-5),.UNSPECIFIED.);
#1348=B_SPLINE_CURVE_WITH_KNOTS('',3,(#2915,#2916,#2917,#2918),
 .UNSPECIFIED.,.F.,.F.,(4,4),(7.58941520739853E-19,0.00117625093483783),
 .UNSPECIFIED.);
#1349=B_SPLINE_CURVE_WITH_KNOTS('',3,(#2924,#2925,#2926,#2927),
 .UNSPECIFIED.,.F.,.F.,(4,4),(0.,0.00117625093483784),.UNSPECIFIED.);
#1350=B_SPLINE_CURVE_WITH_KNOTS('',3,(#2933,#2934,#2935,#2936),
 .UNSPECIFIED.,.F.,.F.,(4,4),(0.,0.00117625093483786),.UNSPECIFIED.);
#1351=B_SPLINE_CURVE_WITH_KNOTS('',3,(#2944,#2945,#2946,#2947),
 .UNSPECIFIED.,.F.,.F.,(4,4),(0.,0.00117625093483783),.UNSPECIFIED.);
#1352=B_SPLINE_CURVE_WITH_KNOTS('',3,(#2954,#2955,#2956,#2957),
 .UNSPECIFIED.,.F.,.F.,(4,4),(0.,0.00117625093483781),.UNSPECIFIED.);
#1353=B_SPLINE_CURVE_WITH_KNOTS('',3,(#2963,#2964,#2965,#2966),
 .UNSPECIFIED.,.F.,.F.,(4,4),(1.0842021724855E-19,0.00117625093483783),
 .UNSPECIFIED.);
#1354=B_SPLINE_CURVE_WITH_KNOTS('',3,(#2972,#2973,#2974,#2975),
 .UNSPECIFIED.,.F.,.F.,(4,4),(0.,0.00117625093483784),.UNSPECIFIED.);
#1355=B_SPLINE_CURVE_WITH_KNOTS('',3,(#2983,#2984,#2985,#2986),
 .UNSPECIFIED.,.F.,.F.,(4,4),(0.,0.00117625093483782),.UNSPECIFIED.);
#1356=B_SPLINE_CURVE_WITH_KNOTS('',3,(#2993,#2994,#2995,#2996),
 .UNSPECIFIED.,.F.,.F.,(4,4),(0.,6.16920825267952E-5),.UNSPECIFIED.);
#1357=B_SPLINE_CURVE_WITH_KNOTS('',3,(#2997,#2998,#2999,#3000),
 .UNSPECIFIED.,.F.,.F.,(4,4),(9.97465998686664E-18,6.16920825295574E-5),
 .UNSPECIFIED.);
#1358=B_SPLINE_CURVE_WITH_KNOTS('',3,(#3007,#3008,#3009,#3010,#3011),
 .UNSPECIFIED.,.F.,.F.,(4,1,4),(0.,0.000513385522168017,0.00102677104433603),
 .UNSPECIFIED.);
#1359=B_SPLINE_CURVE_WITH_KNOTS('',3,(#3015,#3016,#3017,#3018,#3019,#3020,
#3021),.UNSPECIFIED.,.F.,.F.,(4,1,1,1,4),(0.,0.000469297601483342,0.000938595202966683,
0.00140789280445002,0.00187719040593337),.UNSPECIFIED.);
#1360=B_SPLINE_CURVE_WITH_KNOTS('',3,(#3022,#3023,#3024,#3025,#3026,#3027),
 .UNSPECIFIED.,.F.,.F.,(4,1,1,4),(0.,0.000598150499903729,0.000897225749855593,
0.00119630099980746),.UNSPECIFIED.);
#1361=B_SPLINE_CURVE_WITH_KNOTS('',3,(#3033,#3034,#3035,#3036,#3037),
 .UNSPECIFIED.,.F.,.F.,(4,1,4),(0.,0.000513385522178206,0.00102677104435641),
 .UNSPECIFIED.);
#1362=B_SPLINE_CURVE_WITH_KNOTS('',3,(#3041,#3042,#3043,#3044,#3045,#3046,
#3047),.UNSPECIFIED.,.F.,.F.,(4,1,1,1,4),(0.,0.000469297601448164,0.000938595202896329,
0.00140789280434449,0.00187719040579266),.UNSPECIFIED.);
#1363=B_SPLINE_CURVE_WITH_KNOTS('',3,(#3048,#3049,#3050,#3051,#3052,#3053),
 .UNSPECIFIED.,.F.,.F.,(4,1,1,4),(0.,0.000598150499918387,0.00089722574987758,
0.00119630099983677),.UNSPECIFIED.);
#1364=B_SPLINE_CURVE_WITH_KNOTS('',3,(#3062,#3063,#3064,#3065,#3066,#3067,
#3068),.UNSPECIFIED.,.F.,.F.,(4,1,1,1,4),(0.,0.000469297601498362,0.000938595202996725,
0.00140789280449509,0.00187719040599345),.UNSPECIFIED.);
#1365=B_SPLINE_CURVE_WITH_KNOTS('',3,(#3073,#3074,#3075,#3076,#3077),
 .UNSPECIFIED.,.F.,.F.,(4,1,4),(0.,0.000513385522162734,0.00102677104432547),
 .UNSPECIFIED.);
#1366=B_SPLINE_CURVE_WITH_KNOTS('',3,(#3092,#3093,#3094,#3095,#3096,#3097,
#3098),.UNSPECIFIED.,.F.,.F.,(4,1,1,1,4),(0.,0.00166166216733524,0.00332332433467048,
0.00498498650200572,0.00664664866934096),.UNSPECIFIED.);
#1367=B_SPLINE_CURVE_WITH_KNOTS('',3,(#3113,#3114,#3115,#3116,#3117,#3118,
#3119),.UNSPECIFIED.,.F.,.F.,(4,1,1,1,4),(0.,0.00166263580753557,0.00332527161507113,
0.0049879074226067,0.00665054323014227),.UNSPECIFIED.);
#1368=B_SPLINE_CURVE_WITH_KNOTS('',3,(#3134,#3135,#3136,#3137,#3138,#3139,
#3140),.UNSPECIFIED.,.F.,.F.,(4,1,1,1,4),(0.,0.00165641737982407,0.00331283475964814,
0.00496925213947221,0.00662566951929627),.UNSPECIFIED.);
#1369=B_SPLINE_CURVE_WITH_KNOTS('',3,(#3149,#3150,#3151,#3152,#3153,#3154,
#3155),.UNSPECIFIED.,.F.,.F.,(4,1,1,1,4),(0.,0.00165744576346887,0.00331489152693774,
0.00497233729040662,0.00662978305387549),.UNSPECIFIED.);
#1370=B_SPLINE_CURVE_WITH_KNOTS('',3,(#3164,#3165,#3166,#3167),
 .UNSPECIFIED.,.F.,.F.,(4,4),(0.,0.00322912228944864),.UNSPECIFIED.);
#1371=B_SPLINE_CURVE_WITH_KNOTS('',3,(#3170,#3171,#3172,#3173),
 .UNSPECIFIED.,.F.,.F.,(4,4),(0.,0.00322605726502081),.UNSPECIFIED.);
#1372=B_SPLINE_CURVE_WITH_KNOTS('',3,(#3176,#3177,#3178,#3179),
 .UNSPECIFIED.,.F.,.F.,(4,4),(0.,0.00322605726503084),.UNSPECIFIED.);
#1373=B_SPLINE_CURVE_WITH_KNOTS('',3,(#3182,#3183,#3184,#3185,#3186),
 .UNSPECIFIED.,.F.,.F.,(4,1,4),(4.76970098308838E-17,0.00170360505969816,
0.00340721011939628),.UNSPECIFIED.);
#1374=B_SPLINE_CURVE_WITH_KNOTS('',3,(#3189,#3190,#3191,#3192,#3193),
 .UNSPECIFIED.,.F.,.F.,(4,1,4),(0.,0.00170674941083555,0.0034134988216711),
 .UNSPECIFIED.);
#1375=B_SPLINE_CURVE_WITH_KNOTS('',3,(#3196,#3197,#3198,#3199,#3200),
 .UNSPECIFIED.,.F.,.F.,(4,1,4),(2.82787875003778E-15,0.0017034916708912,
0.00340698334177958),.UNSPECIFIED.);
#1376=B_SPLINE_CURVE_WITH_KNOTS('',3,(#3203,#3204,#3205,#3206,#3207),
 .UNSPECIFIED.,.F.,.F.,(4,1,4),(0.,0.001706867708458,0.003413735416916),
 .UNSPECIFIED.);
#1377=B_SPLINE_CURVE_WITH_KNOTS('',3,(#3210,#3211,#3212,#3213),
 .UNSPECIFIED.,.F.,.F.,(4,4),(0.,0.00322912228944296),.UNSPECIFIED.);
#1378=B_SPLINE_CURVE_WITH_KNOTS('',3,(#3215,#3216,#3217,#3218),
 .UNSPECIFIED.,.F.,.F.,(4,4),(0.00897254626657365,0.0105021680763367),
 .UNSPECIFIED.);
#1379=B_SPLINE_CURVE_WITH_KNOTS('',3,(#3220,#3221,#3222,#3223,#3224),
 .UNSPECIFIED.,.F.,.F.,(4,1,4),(0.,0.00112284516843688,0.00224569033687375),
 .UNSPECIFIED.);
#1380=B_SPLINE_CURVE_WITH_KNOTS('',3,(#3228,#3229,#3230,#3231,#3232),
 .UNSPECIFIED.,.F.,.F.,(4,1,4),(8.67361737988404E-19,0.00112381973190104,
0.00224763946380209),.UNSPECIFIED.);
#1381=B_SPLINE_CURVE_WITH_KNOTS('',3,(#3234,#3235,#3236,#3237),
 .UNSPECIFIED.,.F.,.F.,(4,4),(0.,0.00154353986467594),.UNSPECIFIED.);
#1382=B_SPLINE_CURVE_WITH_KNOTS('',3,(#3239,#3240,#3241,#3242,#3243,#3244),
 .UNSPECIFIED.,.F.,.F.,(4,1,1,4),(0.,0.000288380687844236,0.000432571031766354,
0.000576761375688472),.UNSPECIFIED.);
#1383=B_SPLINE_CURVE_WITH_KNOTS('',3,(#3249,#3250,#3251,#3252,#3253,#3254,
#3255,#3256),.UNSPECIFIED.,.F.,.F.,(4,1,1,1,1,4),(5.59999187428515E-5,0.00237876402648082,
0.00470152813421879,0.00702429224195676,0.00818567429582575,0.00934705634969473),
 .UNSPECIFIED.);
#1384=B_SPLINE_CURVE_WITH_KNOTS('',3,(#3257,#3258,#3259,#3260,#3261,#3262,
#3263),.UNSPECIFIED.,.F.,.F.,(4,1,1,1,4),(0.00137699950868354,0.0037103193523427,
0.00604363919600186,0.00837695903966102,0.0107102788833202),
 .UNSPECIFIED.);
#1385=B_SPLINE_CURVE_WITH_KNOTS('',3,(#3265,#3266,#3267,#3268,#3269,#3270,
#3271),.UNSPECIFIED.,.F.,.F.,(4,1,1,1,4),(0.00137699950868355,0.00371031935234271,
0.00604363919600187,0.00837695903966103,0.0107102788833202),
 .UNSPECIFIED.);
#1386=B_SPLINE_CURVE_WITH_KNOTS('',3,(#3273,#3274,#3275,#3276,#3277,#3278),
 .UNSPECIFIED.,.F.,.F.,(4,1,1,4),(2.74283864732555E-18,0.000288380687844223,
0.000432571031766333,0.000576761375688444),.UNSPECIFIED.);
#1387=B_SPLINE_CURVE_WITH_KNOTS('',3,(#3282,#3283,#3284,#3285,#3286,#3287,
#3288,#3289),.UNSPECIFIED.,.F.,.F.,(4,1,1,1,1,4),(5.5999918742869E-5,0.00237876402648084,
0.00470152813421881,0.00702429224195677,0.00818567429582576,0.00934705634969474),
 .UNSPECIFIED.);
#1388=B_SPLINE_CURVE_WITH_KNOTS('',3,(#3291,#3292,#3293,#3294,#3295,#3296),
 .UNSPECIFIED.,.F.,.F.,(4,1,1,4),(2.74283864732555E-18,0.000288380687844224,
0.000432571031766335,0.000576761375688446),.UNSPECIFIED.);
#1389=B_SPLINE_CURVE_WITH_KNOTS('',3,(#3301,#3302,#3303,#3304,#3305,#3306,
#3307,#3308),.UNSPECIFIED.,.F.,.F.,(4,1,1,1,1,4),(5.59892342169762E-5,0.00237826526655955,
0.00470054129890213,0.0070228173312447,0.00818395534741599,0.00934509336358728),
 .UNSPECIFIED.);
#1390=B_SPLINE_CURVE_WITH_KNOTS('',3,(#3309,#3310,#3311,#3312,#3313,#3314,
#3315),.UNSPECIFIED.,.F.,.F.,(4,1,1,1,4),(0.00137699950868354,0.0037103193523427,
0.00604363919600186,0.00837695903966102,0.0107102788833202),
 .UNSPECIFIED.);
#1391=B_SPLINE_CURVE_WITH_KNOTS('',3,(#3324,#3325,#3326,#3327),
 .UNSPECIFIED.,.F.,.F.,(4,4),(9.5803235285769E-18,0.000340024132028481),
 .UNSPECIFIED.);
#1392=B_SPLINE_CURVE_WITH_KNOTS('',3,(#3331,#3332,#3333,#3334,#3335,#3336,
#3337),.UNSPECIFIED.,.F.,.F.,(4,1,1,1,4),(-6.00000000016901E-8,0.00172724490786524,
0.00345454981573048,0.00518185472359572,0.00690915963146096),
 .UNSPECIFIED.);
#1393=B_SPLINE_CURVE_WITH_KNOTS('',3,(#3342,#3343,#3344,#3345),
 .UNSPECIFIED.,.F.,.F.,(4,4),(2.13563060504163E-17,0.000828278157232178),
 .UNSPECIFIED.);
#1394=B_SPLINE_CURVE_WITH_KNOTS('',3,(#3346,#3347,#3348,#3349),
 .UNSPECIFIED.,.F.,.F.,(4,4),(1.82330377019828E-15,0.000512555794385368),
 .UNSPECIFIED.);
#1395=B_SPLINE_CURVE_WITH_KNOTS('',3,(#3353,#3354,#3355,#3356,#3357,#3358,
#3359,#3360),.UNSPECIFIED.,.F.,.F.,(4,1,1,1,1,4),(0.,0.000513322273386606,
0.00102664454677321,0.00153996682015982,0.00179662795685312,0.00205328909354643),
 .UNSPECIFIED.);
#1396=B_SPLINE_CURVE_WITH_KNOTS('',3,(#3366,#3367,#3368,#3369),
 .UNSPECIFIED.,.F.,.F.,(4,4),(0.,0.000839175983662086),.UNSPECIFIED.);
#1397=B_SPLINE_CURVE_WITH_KNOTS('',3,(#3370,#3371,#3372,#3373),
 .UNSPECIFIED.,.F.,.F.,(4,4),(0.,0.000512521395456787),.UNSPECIFIED.);
#1398=B_SPLINE_CURVE_WITH_KNOTS('',3,(#3377,#3378,#3379,#3380,#3381,#3382,
#3383,#3384),.UNSPECIFIED.,.F.,.F.,(4,1,1,1,1,4),(0.,0.00051332227338662,
0.00102664454677324,0.00153996682015986,0.00179662795685317,0.00205328909354648),
 .UNSPECIFIED.);
#1399=B_SPLINE_CURVE_WITH_KNOTS('',3,(#3390,#3391,#3392,#3393),
 .UNSPECIFIED.,.F.,.F.,(4,4),(0.,0.000839175983680269),.UNSPECIFIED.);
#1400=B_SPLINE_CURVE_WITH_KNOTS('',3,(#3394,#3395,#3396,#3397),
 .UNSPECIFIED.,.F.,.F.,(4,4),(0.,0.000512521395473078),.UNSPECIFIED.);
#1401=B_SPLINE_CURVE_WITH_KNOTS('',3,(#3401,#3402,#3403,#3404,#3405,#3406,
#3407,#3408),.UNSPECIFIED.,.F.,.F.,(4,1,1,1,1,4),(0.,0.000513322273386642,
0.00102664454677328,0.00153996682015992,0.00179662795685325,0.00205328909354657),
 .UNSPECIFIED.);
#1402=B_SPLINE_CURVE_WITH_KNOTS('',3,(#3419,#3420,#3421,#3422,#3423,#3424,
#3425),.UNSPECIFIED.,.F.,.F.,(4,1,1,1,4),(-5.99999999831235E-8,0.00210730713311374,
0.00421467426622747,0.0063220413993412,0.00842940853245492),
 .UNSPECIFIED.);
#1403=B_SPLINE_CURVE_WITH_KNOTS('',3,(#3429,#3430,#3431,#3432,#3433,#3434),
 .UNSPECIFIED.,.F.,.F.,(4,1,1,4),(0.000191966184707925,0.00201527384208923,
0.00383858149947054,0.00748519681423315),.UNSPECIFIED.);
#1404=B_SPLINE_CURVE_WITH_KNOTS('',3,(#3443,#3444,#3445,#3446,#3447,#3448,
#3449),.UNSPECIFIED.,.F.,.F.,(4,1,1,1,4),(-6.00000000024449E-8,0.00210566298303149,
0.00421138596606299,0.00631710894909448,0.00842283193212597),
 .UNSPECIFIED.);
#1405=B_SPLINE_CURVE_WITH_KNOTS('',3,(#3453,#3454,#3455,#3456,#3457,#3458),
 .UNSPECIFIED.,.F.,.F.,(4,1,1,4),(0.000191966184708911,0.00201527384209141,
0.00383858149947392,0.00748519681423892),.UNSPECIFIED.);
#1406=B_SPLINE_CURVE_WITH_KNOTS('',3,(#3467,#3468,#3469,#3470,#3471,#3472,
#3473),.UNSPECIFIED.,.F.,.F.,(4,1,1,1,4),(-5.99999999998003E-8,0.00178178743533539,
0.00356363487067079,0.00534548230600618,0.00712732974134158),
 .UNSPECIFIED.);
#1407=B_SPLINE_CURVE_WITH_KNOTS('',3,(#3484,#3485,#3486,#3487,#3488,#3489,
#3490),.UNSPECIFIED.,.F.,.F.,(4,1,1,1,4),(-5.99999999689181E-8,0.00210730713311376,
0.00421467426622749,0.00632204139934122,0.00842940853245495),
 .UNSPECIFIED.);
#1408=B_SPLINE_CURVE_WITH_KNOTS('',3,(#3494,#3495,#3496,#3497,#3498,#3499),
 .UNSPECIFIED.,.F.,.F.,(4,1,1,4),(0.000191966184708206,0.00201527384208966,
0.00383858149947111,0.00748519681423402),.UNSPECIFIED.);
#1409=B_SPLINE_CURVE_WITH_KNOTS('',2,(#3510,#3511,#3512),.UNSPECIFIED.,
 .F.,.F.,(3,3),(0.,1.),.PIECEWISE_BEZIER_KNOTS.);
#1410=B_SPLINE_CURVE_WITH_KNOTS('',3,(#3541,#3542,#3543,#3544),
 .UNSPECIFIED.,.F.,.F.,(4,4),(1.77756260508886E-17,0.000920562860393427),
 .UNSPECIFIED.);
#1411=B_SPLINE_CURVE_WITH_KNOTS('',3,(#3588,#3589,#3590,#3591,#3592),
 .UNSPECIFIED.,.F.,.F.,(4,1,4),(1.54342482120803E-15,0.000553516963725768,
0.00110703392744999),.UNSPECIFIED.);
#1412=B_SPLINE_CURVE_WITH_KNOTS('',3,(#3620,#3621,#3622,#3623),
 .UNSPECIFIED.,.F.,.F.,(4,4),(5.96212622886047E-18,0.000920562860392931),
 .UNSPECIFIED.);
#1413=B_SPLINE_CURVE_WITH_KNOTS('',3,(#3624,#3625,#3626,#3627),
 .UNSPECIFIED.,.F.,.F.,(4,4),(-1.99983267893833E-5,0.000588466780388636),
 .UNSPECIFIED.);
#1414=B_SPLINE_CURVE_WITH_KNOTS('',3,(#3661,#3662,#3663,#3664,#3665,#3666,
#3667,#3668),.UNSPECIFIED.,.F.,.F.,(4,1,1,1,1,4),(1.34685666727717E-15,
0.000233323126251037,0.000466646252500728,0.000933292505000108,0.00139993875749949,
0.00186658500999887),.UNSPECIFIED.);
#1415=B_SPLINE_CURVE_WITH_KNOTS('',3,(#3702,#3703,#3704,#3705,#3706,#3707,
#3708,#3709),.UNSPECIFIED.,.F.,.F.,(4,1,1,1,1,4),(5.94408637564123E-16,
0.000233323126249181,0.000466646252497767,0.00093329250499494,0.00139993875749211,
0.00186658500998929),.UNSPECIFIED.);
#1416=B_SPLINE_CURVE_WITH_KNOTS('',3,(#3743,#3744,#3745,#3746,#3747,#3748,
#3749,#3750),.UNSPECIFIED.,.F.,.F.,(4,1,1,1,1,4),(1.35595468048662E-15,
0.000233323126251067,0.000466646252500778,0.0009332925050002,0.00139993875749962,
0.00186658500999905),.UNSPECIFIED.);
#1417=B_SPLINE_CURVE_WITH_KNOTS('',3,(#3778,#3779,#3780,#3781,#3782),
 .UNSPECIFIED.,.F.,.F.,(4,1,4),(0.,0.000581536444599098,0.0011630728891982),
 .UNSPECIFIED.);
#1418=B_SPLINE_CURVE_WITH_KNOTS('',3,(#3810,#3811,#3812,#3813),
 .UNSPECIFIED.,.F.,.F.,(4,4),(1.98548176897136E-17,0.000920562860394328),
 .UNSPECIFIED.);
#1419=B_SPLINE_CURVE_WITH_KNOTS('',3,(#4037,#4038,#4039,#4040,#4041,#4042,
#4043,#4044,#4045,#4046,#4047,#4048,#4049,#4050,#4051,#4052,#4053,#4054,
#4055,#4056,#4057,#4058),.UNSPECIFIED.,.T.,.F.,(1,1,1,1,1,1,1,1,1,1,1,1,
1,1,1,1,1,1,1,1,1,1,1,1,1,1),(-0.000841499881683771,-0.000631124911262828,
-0.000420749940841886,0.,0.000420749940841886,0.000841499881683771,0.00126224982252566,
0.00168299976336754,0.00210374970420943,0.00231412467463037,0.00252449964505131,
0.00273487461547226,0.0029452495858932,0.00336599952673508,0.00378674946757697,
0.00420749940841886,0.00462824934926074,0.00504899929010263,0.00546974923094451,
0.0058904991717864,0.00610087414220734,0.00631124911262828,0.00673199905347017,
0.00715274899431206,0.00757349893515394,0.00799424887599583),
 .UNSPECIFIED.);
#1420=B_SPLINE_CURVE_WITH_KNOTS('',3,(#4061,#4062,#4063,#4064,#4065,#4066,
#4067,#4068,#4069,#4070,#4071,#4072,#4073,#4074,#4075,#4076,#4077,#4078,
#4079,#4080,#4081,#4082),.UNSPECIFIED.,.T.,.F.,(1,1,1,1,1,1,1,1,1,1,1,1,
1,1,1,1,1,1,1,1,1,1,1,1,1,1),(-0.00127866526142876,-0.000852443507618261,
-0.000426221753807767,2.72760158146342E-15,0.000213110876907975,0.000426221753813223,
0.000852443507623717,0.00127866526143421,0.00170488701524471,0.0021311087690552,
0.0025573305228657,0.00298355227667619,0.00319666315358144,0.00340977403048669,
0.00362288490739193,0.00383599578429718,0.00426221753810768,0.00468843929191817,
0.00511466104572867,0.00554088279953916,0.00596710455334966,0.00639332630716015,
0.00681954806097065,0.00703265893787589,0.00724576981478114,0.00767199156859164),
 .UNSPECIFIED.);
#1421=B_SPLINE_CURVE_WITH_KNOTS('',3,(#4085,#4086,#4087,#4088,#4089,#4090,
#4091,#4092,#4093,#4094,#4095,#4096,#4097,#4098,#4099,#4100,#4101,#4102,
#4103,#4104,#4105,#4106),.UNSPECIFIED.,.T.,.F.,(1,1,1,1,1,1,1,1,1,1,1,1,
1,1,1,1,1,1,1,1,1,1,1,1,1,1),(-0.0012820913896864,-0.000854727593123398,
-0.000427363796560391,2.61668736853864E-15,0.00021368189828412,0.000427363796565624,
0.000854727593128631,0.00128209138969164,0.00170945518625465,0.00213681898281765,
0.00256418277938066,0.00299154657594367,0.00320522847422517,0.00341891037250668,
0.00363259227078818,0.00384627416906968,0.00427363796563269,0.0047010017621957,
0.0051283655587587,0.00555572935532171,0.00598309315188472,0.00641045694844773,
0.00683782074501073,0.00705150264329224,0.00726518454157374,0.00769254833813675),
 .UNSPECIFIED.);
#1422=B_SPLINE_CURVE_WITH_KNOTS('',3,(#4109,#4110,#4111,#4112,#4113,#4114,
#4115,#4116,#4117,#4118,#4119,#4120,#4121,#4122,#4123,#4124,#4125,#4126,
#4127,#4128,#4129,#4130),.UNSPECIFIED.,.T.,.F.,(1,1,1,1,1,1,1,1,1,1,1,1,
1,1,1,1,1,1,1,1,1,1,1,1,1,1),(-0.00128209138966324,-0.000854727593107952,
-0.000427363796552665,2.62250163534659E-15,0.000213681898280266,0.00042736379655791,
0.000854727593113197,0.00128209138966848,0.00170945518622377,0.00213681898277906,
0.00256418277933435,0.00299154657588963,0.00320522847416728,0.00341891037244492,
0.00363259227072257,0.00384627416900021,0.0042736379655555,0.00470100176211078,
0.00512836555866607,0.00555572935522136,0.00598309315177665,0.00641045694833193,
0.00683782074488722,0.00705150264316486,0.00726518454144251,0.00769254833799779),
 .UNSPECIFIED.);
#1423=B_SPLINE_CURVE_WITH_KNOTS('',3,(#4377,#4378,#4379,#4380),
 .UNSPECIFIED.,.F.,.F.,(4,4),(0.,9.75194832231058E-5),.UNSPECIFIED.);
#1424=B_SPLINE_CURVE_WITH_KNOTS('',3,(#4439,#4440,#4441,#4442),
 .UNSPECIFIED.,.F.,.F.,(4,4),(0.,9.75194832231355E-5),.UNSPECIFIED.);
#1425=B_SPLINE_CURVE_WITH_KNOTS('',3,(#4477,#4478,#4479,#4480),
 .UNSPECIFIED.,.F.,.F.,(4,4),(0.,9.75194832231265E-5),.UNSPECIFIED.);
#1426=EDGE_LOOP('',(#300,#301,#302,#303,#304,#305));
#1427=EDGE_LOOP('',(#306));
#1428=EDGE_LOOP('',(#307,#308,#309,#310,#311,#312,#313,#314,#315,#316,#317,
#318,#319,#320,#321,#322,#323,#324,#325,#326,#327));
#1429=EDGE_LOOP('',(#328));
#1430=EDGE_LOOP('',(#329,#330,#331,#332));
#1431=EDGE_LOOP('',(#333,#334,#335,#336));
#1432=EDGE_LOOP('',(#337,#338,#339,#340,#341,#342));
#1433=EDGE_LOOP('',(#343));
#1434=EDGE_LOOP('',(#344,#345,#346));
#1435=EDGE_LOOP('',(#347,#348,#349,#350,#351,#352,#353,#354));
#1436=EDGE_LOOP('',(#355,#356,#357,#358,#359));
#1437=EDGE_LOOP('',(#360,#361,#362,#363,#364,#365));
#1438=EDGE_LOOP('',(#366,#367,#368,#369));
#1439=EDGE_LOOP('',(#370,#371,#372,#373));
#1440=EDGE_LOOP('',(#374,#375,#376,#377));
#1441=EDGE_LOOP('',(#378));
#1442=EDGE_LOOP('',(#379));
#1443=EDGE_LOOP('',(#380));
#1444=EDGE_LOOP('',(#381));
#1445=EDGE_LOOP('',(#382));
#1446=EDGE_LOOP('',(#383));
#1447=EDGE_LOOP('',(#384,#385,#386,#387));
#1448=EDGE_LOOP('',(#388,#389,#390,#391,#392,#393,#394,#395,#396,#397));
#1449=EDGE_LOOP('',(#398,#399,#400,#401,#402,#403,#404,#405,#406,#407));
#1450=EDGE_LOOP('',(#408,#409,#410,#411,#412,#413,#414,#415,#416,#417));
#1451=EDGE_LOOP('',(#418,#419,#420,#421,#422,#423,#424,#425,#426,#427));
#1452=EDGE_LOOP('',(#428,#429,#430,#431,#432,#433));
#1453=EDGE_LOOP('',(#434,#435,#436,#437,#438,#439,#440));
#1454=EDGE_LOOP('',(#441,#442,#443,#444,#445,#446,#447));
#1455=EDGE_LOOP('',(#448,#449,#450));
#1456=EDGE_LOOP('',(#451,#452,#453,#454,#455,#456,#457));
#1457=EDGE_LOOP('',(#458,#459,#460,#461,#462,#463,#464,#465));
#1458=EDGE_LOOP('',(#466));
#1459=EDGE_LOOP('',(#467));
#1460=EDGE_LOOP('',(#468));
#1461=EDGE_LOOP('',(#469));
#1462=EDGE_LOOP('',(#470,#471,#472,#473,#474,#475));
#1463=EDGE_LOOP('',(#476,#477,#478,#479));
#1464=EDGE_LOOP('',(#480));
#1465=EDGE_LOOP('',(#481,#482,#483,#484,#485,#486));
#1466=EDGE_LOOP('',(#487,#488,#489,#490));
#1467=EDGE_LOOP('',(#491,#492,#493,#494,#495,#496));
#1468=EDGE_LOOP('',(#497));
#1469=EDGE_LOOP('',(#498,#499,#500,#501));
#1470=EDGE_LOOP('',(#502,#503,#504,#505));
#1471=EDGE_LOOP('',(#506));
#1472=EDGE_LOOP('',(#507,#508,#509,#510,#511,#512));
#1473=EDGE_LOOP('',(#513,#514,#515,#516,#517));
#1474=EDGE_LOOP('',(#518,#519,#520,#521,#522));
#1475=EDGE_LOOP('',(#523,#524,#525,#526,#527));
#1476=EDGE_LOOP('',(#528,#529,#530,#531));
#1477=EDGE_LOOP('',(#532,#533,#534,#535));
#1478=EDGE_LOOP('',(#536,#537,#538,#539));
#1479=EDGE_LOOP('',(#540,#541,#542,#543));
#1480=EDGE_LOOP('',(#544,#545,#546,#547,#548));
#1481=EDGE_LOOP('',(#549,#550,#551,#552,#553,#554));
#1482=EDGE_LOOP('',(#555,#556,#557,#558,#559));
#1483=EDGE_LOOP('',(#560,#561,#562,#563,#564));
#1484=EDGE_LOOP('',(#565,#566,#567,#568,#569));
#1485=EDGE_LOOP('',(#570,#571,#572,#573,#574));
#1486=EDGE_LOOP('',(#575,#576,#577,#578,#579,#580,#581,#582,#583,#584,#585,
#586,#587,#588,#589,#590,#591,#592,#593,#594,#595));
#1487=EDGE_LOOP('',(#596,#597,#598,#599));
#1488=EDGE_LOOP('',(#600,#601,#602,#603));
#1489=EDGE_LOOP('',(#604,#605,#606,#607));
#1490=EDGE_LOOP('',(#608,#609,#610,#611));
#1491=EDGE_LOOP('',(#612,#613,#614,#615));
#1492=EDGE_LOOP('',(#616,#617,#618));
#1493=EDGE_LOOP('',(#619,#620,#621));
#1494=EDGE_LOOP('',(#622,#623,#624,#625));
#1495=EDGE_LOOP('',(#626,#627,#628,#629));
#1496=EDGE_LOOP('',(#630,#631,#632,#633));
#1497=EDGE_LOOP('',(#634,#635,#636,#637,#638,#639));
#1498=EDGE_LOOP('',(#640,#641,#642,#643));
#1499=EDGE_LOOP('',(#644,#645,#646,#647));
#1500=EDGE_LOOP('',(#648,#649,#650,#651));
#1501=EDGE_LOOP('',(#652,#653,#654,#655));
#1502=EDGE_LOOP('',(#656,#657,#658,#659));
#1503=EDGE_LOOP('',(#660,#661,#662,#663,#664,#665,#666));
#1504=EDGE_LOOP('',(#667,#668,#669,#670));
#1505=EDGE_LOOP('',(#671,#672,#673,#674));
#1506=EDGE_LOOP('',(#675,#676,#677,#678));
#1507=EDGE_LOOP('',(#679,#680,#681,#682,#683,#684,#685));
#1508=EDGE_LOOP('',(#686,#687,#688,#689,#690,#691,#692));
#1509=EDGE_LOOP('',(#693,#694,#695,#696));
#1510=EDGE_LOOP('',(#697,#698,#699,#700));
#1511=EDGE_LOOP('',(#701,#702,#703,#704));
#1512=EDGE_LOOP('',(#705,#706,#707,#708,#709,#710,#711));
#1513=EDGE_LOOP('',(#712,#713,#714,#715));
#1514=EDGE_LOOP('',(#716,#717,#718,#719));
#1515=EDGE_LOOP('',(#720,#721,#722,#723));
#1516=EDGE_LOOP('',(#724,#725,#726,#727));
#1517=EDGE_LOOP('',(#728,#729,#730,#731));
#1518=EDGE_LOOP('',(#732,#733,#734,#735));
#1519=EDGE_LOOP('',(#736,#737,#738,#739));
#1520=EDGE_LOOP('',(#740,#741,#742,#743));
#1521=EDGE_LOOP('',(#744,#745,#746,#747));
#1522=EDGE_LOOP('',(#748,#749,#750,#751));
#1523=EDGE_LOOP('',(#752,#753,#754,#755));
#1524=EDGE_LOOP('',(#756,#757,#758,#759));
#1525=EDGE_LOOP('',(#760));
#1526=EDGE_LOOP('',(#761));
#1527=EDGE_LOOP('',(#762));
#1528=EDGE_LOOP('',(#763));
#1529=EDGE_LOOP('',(#764));
#1530=EDGE_LOOP('',(#765,#766));
#1531=EDGE_LOOP('',(#767));
#1532=EDGE_LOOP('',(#768));
#1533=EDGE_LOOP('',(#769,#770));
#1534=EDGE_LOOP('',(#771));
#1535=EDGE_LOOP('',(#772));
#1536=EDGE_LOOP('',(#773));
#1537=EDGE_LOOP('',(#774,#775,#776,#777));
#1538=EDGE_LOOP('',(#778,#779,#780,#781));
#1539=EDGE_LOOP('',(#782,#783,#784,#785));
#1540=EDGE_LOOP('',(#786,#787,#788,#789));
#1541=EDGE_LOOP('',(#790,#791,#792,#793,#794));
#1542=EDGE_LOOP('',(#795,#796,#797,#798));
#1543=EDGE_LOOP('',(#799,#800,#801,#802));
#1544=EDGE_LOOP('',(#803,#804,#805,#806));
#1545=EDGE_LOOP('',(#807,#808,#809,#810));
#1546=EDGE_LOOP('',(#811,#812,#813,#814));
#1547=EDGE_LOOP('',(#815,#816,#817,#818,#819));
#1548=EDGE_LOOP('',(#820,#821,#822,#823));
#1549=EDGE_LOOP('',(#824,#825,#826,#827));
#1550=EDGE_LOOP('',(#828,#829,#830,#831,#832));
#1551=EDGE_LOOP('',(#833,#834,#835,#836));
#1552=EDGE_LOOP('',(#837,#838,#839,#840));
#1553=EDGE_LOOP('',(#841,#842,#843,#844));
#1554=EDGE_LOOP('',(#845,#846,#847,#848,#849));
#1555=FACE_BOUND('',#1426,.T.);
#1556=FACE_BOUND('',#1427,.T.);
#1557=FACE_BOUND('',#1428,.T.);
#1558=FACE_BOUND('',#1429,.T.);
#1559=FACE_BOUND('',#1430,.T.);
#1560=FACE_BOUND('',#1431,.T.);
#1561=FACE_BOUND('',#1432,.T.);
#1562=FACE_BOUND('',#1433,.T.);
#1563=FACE_BOUND('',#1434,.T.);
#1564=FACE_BOUND('',#1435,.T.);
#1565=FACE_BOUND('',#1436,.T.);
#1566=FACE_BOUND('',#1437,.T.);
#1567=FACE_BOUND('',#1438,.T.);
#1568=FACE_BOUND('',#1439,.T.);
#1569=FACE_BOUND('',#1440,.T.);
#1570=FACE_BOUND('',#1441,.T.);
#1571=FACE_BOUND('',#1442,.T.);
#1572=FACE_BOUND('',#1443,.T.);
#1573=FACE_BOUND('',#1444,.T.);
#1574=FACE_BOUND('',#1445,.T.);
#1575=FACE_BOUND('',#1446,.T.);
#1576=FACE_BOUND('',#1447,.T.);
#1577=FACE_BOUND('',#1448,.T.);
#1578=FACE_BOUND('',#1449,.T.);
#1579=FACE_BOUND('',#1450,.T.);
#1580=FACE_BOUND('',#1451,.T.);
#1581=FACE_BOUND('',#1452,.T.);
#1582=FACE_BOUND('',#1453,.T.);
#1583=FACE_BOUND('',#1454,.T.);
#1584=FACE_BOUND('',#1455,.T.);
#1585=FACE_BOUND('',#1456,.T.);
#1586=FACE_BOUND('',#1457,.T.);
#1587=FACE_BOUND('',#1458,.T.);
#1588=FACE_BOUND('',#1459,.T.);
#1589=FACE_BOUND('',#1460,.T.);
#1590=FACE_BOUND('',#1461,.T.);
#1591=FACE_BOUND('',#1462,.T.);
#1592=FACE_BOUND('',#1463,.T.);
#1593=FACE_BOUND('',#1464,.T.);
#1594=FACE_BOUND('',#1465,.T.);
#1595=FACE_BOUND('',#1466,.T.);
#1596=FACE_BOUND('',#1467,.T.);
#1597=FACE_BOUND('',#1468,.T.);
#1598=FACE_BOUND('',#1469,.T.);
#1599=FACE_BOUND('',#1470,.T.);
#1600=FACE_BOUND('',#1471,.T.);
#1601=FACE_BOUND('',#1472,.T.);
#1602=FACE_BOUND('',#1473,.T.);
#1603=FACE_BOUND('',#1474,.T.);
#1604=FACE_BOUND('',#1475,.T.);
#1605=FACE_BOUND('',#1476,.T.);
#1606=FACE_BOUND('',#1477,.T.);
#1607=FACE_BOUND('',#1478,.T.);
#1608=FACE_BOUND('',#1479,.T.);
#1609=FACE_BOUND('',#1480,.T.);
#1610=FACE_BOUND('',#1481,.T.);
#1611=FACE_BOUND('',#1482,.T.);
#1612=FACE_BOUND('',#1483,.T.);
#1613=FACE_BOUND('',#1484,.T.);
#1614=FACE_BOUND('',#1485,.T.);
#1615=FACE_BOUND('',#1486,.T.);
#1616=FACE_BOUND('',#1487,.T.);
#1617=FACE_BOUND('',#1488,.T.);
#1618=FACE_BOUND('',#1489,.T.);
#1619=FACE_BOUND('',#1490,.T.);
#1620=FACE_BOUND('',#1491,.T.);
#1621=FACE_BOUND('',#1492,.T.);
#1622=FACE_BOUND('',#1493,.T.);
#1623=FACE_BOUND('',#1494,.T.);
#1624=FACE_BOUND('',#1495,.T.);
#1625=FACE_BOUND('',#1496,.T.);
#1626=FACE_BOUND('',#1497,.T.);
#1627=FACE_BOUND('',#1498,.T.);
#1628=FACE_BOUND('',#1499,.T.);
#1629=FACE_BOUND('',#1500,.T.);
#1630=FACE_BOUND('',#1501,.T.);
#1631=FACE_BOUND('',#1502,.T.);
#1632=FACE_BOUND('',#1503,.T.);
#1633=FACE_BOUND('',#1504,.T.);
#1634=FACE_BOUND('',#1505,.T.);
#1635=FACE_BOUND('',#1506,.T.);
#1636=FACE_BOUND('',#1507,.T.);
#1637=FACE_BOUND('',#1508,.T.);
#1638=FACE_BOUND('',#1509,.T.);
#1639=FACE_BOUND('',#1510,.T.);
#1640=FACE_BOUND('',#1511,.T.);
#1641=FACE_BOUND('',#1512,.T.);
#1642=FACE_BOUND('',#1513,.T.);
#1643=FACE_BOUND('',#1514,.T.);
#1644=FACE_BOUND('',#1515,.T.);
#1645=FACE_BOUND('',#1516,.T.);
#1646=FACE_BOUND('',#1517,.T.);
#1647=FACE_BOUND('',#1518,.T.);
#1648=FACE_BOUND('',#1519,.T.);
#1649=FACE_BOUND('',#1520,.T.);
#1650=FACE_BOUND('',#1521,.T.);
#1651=FACE_BOUND('',#1522,.T.);
#1652=FACE_BOUND('',#1523,.T.);
#1653=FACE_BOUND('',#1524,.T.);
#1654=FACE_BOUND('',#1525,.T.);
#1655=FACE_BOUND('',#1526,.T.);
#1656=FACE_BOUND('',#1527,.T.);
#1657=FACE_BOUND('',#1528,.T.);
#1658=FACE_BOUND('',#1529,.T.);
#1659=FACE_BOUND('',#1530,.T.);
#1660=FACE_BOUND('',#1531,.T.);
#1661=FACE_BOUND('',#1532,.T.);
#1662=FACE_BOUND('',#1533,.T.);
#1663=FACE_BOUND('',#1534,.T.);
#1664=FACE_BOUND('',#1535,.T.);
#1665=FACE_BOUND('',#1536,.T.);
#1666=FACE_BOUND('',#1537,.T.);
#1667=FACE_BOUND('',#1538,.T.);
#1668=FACE_BOUND('',#1539,.T.);
#1669=FACE_BOUND('',#1540,.T.);
#1670=FACE_BOUND('',#1541,.T.);
#1671=FACE_BOUND('',#1542,.T.);
#1672=FACE_BOUND('',#1543,.T.);
#1673=FACE_BOUND('',#1544,.T.);
#1674=FACE_BOUND('',#1545,.T.);
#1675=FACE_BOUND('',#1546,.T.);
#1676=FACE_BOUND('',#1547,.T.);
#1677=FACE_BOUND('',#1548,.T.);
#1678=FACE_BOUND('',#1549,.T.);
#1679=FACE_BOUND('',#1550,.T.);
#1680=FACE_BOUND('',#1551,.T.);
#1681=FACE_BOUND('',#1552,.T.);
#1682=FACE_BOUND('',#1553,.T.);
#1683=FACE_BOUND('',#1554,.T.);
#1684=(
BOUNDED_SURFACE()
B_SPLINE_SURFACE(3,2,((#2380,#2381,#2382),(#2383,#2384,#2385),(#2386,#2387,
#2388),(#2389,#2390,#2391),(#2392,#2393,#2394),(#2395,#2396,#2397),(#2398,
#2399,#2400),(#2401,#2402,#2403),(#2404,#2405,#2406)),.UNSPECIFIED.,.F.,
 .F.,.F.)
B_SPLINE_SURFACE_WITH_KNOTS((4,1,1,1,1,1,4),(3,3),(0.00486584000158972,
0.00535815562047268,0.00585047123935564,0.00683510247712156,0.00880436495265341,
0.0107736274281853,0.0127428899037171),(0.,1.),.UNSPECIFIED.)
GEOMETRIC_REPRESENTATION_ITEM()
RATIONAL_B_SPLINE_SURFACE(((1.,0.790858372131653,1.),(1.,0.78925667745471,
1.),(1.,0.783543029936617,1.),(1.,0.770449018680716,1.),(1.,0.738054814538952,
1.),(1.,0.677062959714654,1.),(1.,0.620578258464989,1.),(1.,0.600008945509212,
1.),(1.,0.592860318522651,1.)))
REPRESENTATION_ITEM('')
SURFACE()
);
#1685=(
BOUNDED_SURFACE()
B_SPLINE_SURFACE(3,2,((#2707,#2708,#2709),(#2710,#2711,#2712),(#2713,#2714,
#2715),(#2716,#2717,#2718),(#2719,#2720,#2721),(#2722,#2723,#2724),(#2725,
#2726,#2727),(#2728,#2729,#2730),(#2731,#2732,#2733),(#2734,#2735,#2736),
(#2737,#2738,#2739),(#2740,#2741,#2742),(#2743,#2744,#2745),(#2746,#2747,
#2748),(#2749,#2750,#2751),(#2752,#2753,#2754),(#2755,#2756,#2757),(#2758,
#2759,#2760),(#2761,#2762,#2763),(#2764,#2765,#2766),(#2767,#2768,#2769),
(#2770,#2771,#2772),(#2773,#2774,#2775),(#2776,#2777,#2778),(#2779,#2780,
#2781),(#2782,#2783,#2784),(#2785,#2786,#2787),(#2788,#2789,#2790),(#2791,
#2792,#2793)),.UNSPECIFIED.,.T.,.F.,.F.)
B_SPLINE_SURFACE_WITH_KNOTS((1,3,1,1,1,1,1,1,1,1,1,1,1,1,1,1,1,1,1,1,1,
1,1,1,1,1,1,3,1),(3,3),(-0.00225158772971693,0.,0.00450317545943385,0.0090063509188677,
0.0112579386485846,0.0135095263783016,0.0157611141080185,0.0180127018377354,
0.0202642895674523,0.0225158772971693,0.0247674650268862,0.0270190527566031,
0.02927064048632,0.031522228216037,0.0337738159457539,0.0360254036754708,
0.0382769914051877,0.0405285791349047,0.0450317545943385,0.0472833423240554,
0.0495349300537724,0.0540381055132062,0.0585412809726401,0.0630444564320739,
0.0652960441617908,0.0675476318915078,0.0697992196212247,0.0720508073509416,
0.0765539828103755),(0.,1.),.UNSPECIFIED.)
GEOMETRIC_REPRESENTATION_ITEM()
RATIONAL_B_SPLINE_SURFACE(((1.,0.676045036150926,1.),(1.,0.70913173695232,
1.),(1.,0.785700729428692,1.),(1.,0.861810583563513,1.),(1.,0.8940080321619,
1.),(1.,0.898498184837051,1.),(1.,0.882115600551206,1.),(1.,0.848670310739341,
1.),(1.,0.804185185403095,1.),(1.,0.751516093891525,1.),(1.,0.697285916394531,
1.),(1.,0.646619741847357,1.),(1.,0.611856088639412,1.),(1.,0.604793711875161,
1.),(1.,0.628466125673906,1.),(1.,0.673524407397935,1.),(1.,0.728208191106811,
1.),(1.,0.800096974135456,1.),(1.,0.861461569168099,1.),(1.,0.893940664146315,
1.),(1.,0.900115846221863,1.),(1.,0.854686882721033,1.),(1.,0.75316812401521,
1.),(1.,0.657874567380759,1.),(1.,0.611566093047464,1.),(1.,0.604916373359082,
1.),(1.,0.629013882667229,1.),(1.,0.659501685750228,1.),(1.,0.676045036150926,
1.)))
REPRESENTATION_ITEM('')
SURFACE()
);
#1686=(
BOUNDED_SURFACE()
B_SPLINE_SURFACE(3,2,((#3514,#3515,#3516),(#3517,#3518,#3519),(#3520,#3521,
#3522),(#3523,#3524,#3525),(#3526,#3527,#3528),(#3529,#3530,#3531),(#3532,
#3533,#3534),(#3535,#3536,#3537),(#3538,#3539,#3540)),.UNSPECIFIED.,.F.,
 .F.,.F.)
B_SPLINE_SURFACE_WITH_KNOTS((4,1,1,1,1,1,4),(3,3),(0.0109983623452954,0.0130370463706093,
0.0150757303959233,0.0171144144212372,0.0176240854275657,0.0181337564338942,
0.0191530984465512),(0.,1.),.UNSPECIFIED.)
GEOMETRIC_REPRESENTATION_ITEM()
RATIONAL_B_SPLINE_SURFACE(((1.,0.746699439539056,1.),(1.,0.736634240747986,
1.),(1.,0.706851881815999,1.),(1.,0.641260358658579,1.),(1.,0.60389434235575,
1.),(1.,0.587396114085185,1.),(1.,0.577150439098097,1.),(1.,0.569146554058972,
1.),(1.,0.563892442468779,1.)))
REPRESENTATION_ITEM('')
SURFACE()
);
#1687=(
BOUNDED_SURFACE()
B_SPLINE_SURFACE(3,2,((#3545,#3546,#3547),(#3548,#3549,#3550),(#3551,#3552,
#3553),(#3554,#3555,#3556),(#3557,#3558,#3559),(#3560,#3561,#3562),(#3563,
#3564,#3565),(#3566,#3567,#3568),(#3569,#3570,#3571),(#3572,#3573,#3574)),
 .UNSPECIFIED.,.F.,.F.,.F.)
B_SPLINE_SURFACE_WITH_KNOTS((4,1,1,1,1,1,1,4),(3,3),(1.21430643318376E-17,
0.00185863585629474,0.00371727171258947,0.00464658964073683,0.0055759075688842,
0.00650522549703156,0.00696988446110524,0.00743454342517893),(0.,1.),
 .UNSPECIFIED.)
GEOMETRIC_REPRESENTATION_ITEM()
RATIONAL_B_SPLINE_SURFACE(((1.,0.597752188126848,1.),(1.,0.605849128282333,
1.),(1.,0.627769366248,1.),(1.,0.6749376604185,1.),(1.,0.718643707899106,
1.),(1.,0.750359686971853,1.),(1.,0.771454936886447,1.),(1.,0.78388816949863,
1.),(1.,0.789318925041941,1.),(1.,0.790837315526453,1.)))
REPRESENTATION_ITEM('')
SURFACE()
);
#1688=(
BOUNDED_SURFACE()
B_SPLINE_SURFACE(3,2,((#3576,#3577,#3578),(#3579,#3580,#3581),(#3582,#3583,
#3584),(#3585,#3586,#3587)),.UNSPECIFIED.,.F.,.F.,.F.)
B_SPLINE_SURFACE_WITH_KNOTS((4,4),(3,3),(0.00527427792678756,0.00563390810609101),
(0.,1.),.PIECEWISE_BEZIER_KNOTS.)
GEOMETRIC_REPRESENTATION_ITEM()
RATIONAL_B_SPLINE_SURFACE(((1.,0.59775218812684,1.),(1.,0.602044868355605,
1.),(1.,0.608434476667112,1.),(1.,0.616601386261589,1.)))
REPRESENTATION_ITEM('')
SURFACE()
);
#1689=(
BOUNDED_SURFACE()
B_SPLINE_SURFACE(3,2,((#3593,#3594,#3595),(#3596,#3597,#3598),(#3599,#3600,
#3601),(#3602,#3603,#3604),(#3605,#3606,#3607),(#3608,#3609,#3610),(#3611,
#3612,#3613),(#3614,#3615,#3616),(#3617,#3618,#3619)),.UNSPECIFIED.,.F.,
 .F.,.F.)
B_SPLINE_SURFACE_WITH_KNOTS((4,1,1,1,1,1,4),(3,3),(0.0109983623451891,0.0130370463705108,
0.0150757303958326,0.0171144144211543,0.0176240854274848,0.0181337564338152,
0.0191530984464761),(0.,1.),.UNSPECIFIED.)
GEOMETRIC_REPRESENTATION_ITEM()
RATIONAL_B_SPLINE_SURFACE(((1.,0.746699439539421,1.),(1.,0.736634240750704,
1.),(1.,0.706851881814686,1.),(1.,0.641260358658377,1.),(1.,0.603894342355296,
1.),(1.,0.587396114084992,1.),(1.,0.577150439097822,1.),(1.,0.569146554058903,
1.),(1.,0.563892442468556,1.)))
REPRESENTATION_ITEM('')
SURFACE()
);
#1690=(
BOUNDED_SURFACE()
B_SPLINE_SURFACE(3,2,((#3628,#3629,#3630),(#3631,#3632,#3633),(#3634,#3635,
#3636),(#3637,#3638,#3639),(#3640,#3641,#3642),(#3643,#3644,#3645),(#3646,
#3647,#3648),(#3649,#3650,#3651),(#3652,#3653,#3654),(#3655,#3656,#3657),
(#3658,#3659,#3660)),.UNSPECIFIED.,.F.,.F.,.F.)
B_SPLINE_SURFACE_WITH_KNOTS((4,1,1,1,1,1,1,1,4),(3,3),(0.00712604038876745,
0.00839217525388043,0.00965831011899341,0.0109244449841064,0.0121905798492194,
0.0147228495794453,0.0159889844445583,0.0166220518771148,0.0172551193096713),
(0.,1.),.UNSPECIFIED.)
GEOMETRIC_REPRESENTATION_ITEM()
RATIONAL_B_SPLINE_SURFACE(((1.,0.634546579397431,1.),(1.,0.639422644601464,
1.),(1.,0.640023039500377,1.),(1.,0.687130565659445,1.),(1.,0.725245592370463,
1.),(1.,0.781494565572905,1.),(1.,0.820139693898205,1.),(1.,0.828800496719287,
1.),(1.,0.829473254278424,1.),(1.,0.831035767920562,1.),(1.,0.831647313999341,
1.)))
REPRESENTATION_ITEM('')
SURFACE()
);
#1691=(
BOUNDED_SURFACE()
B_SPLINE_SURFACE(3,2,((#3669,#3670,#3671),(#3672,#3673,#3674),(#3675,#3676,
#3677),(#3678,#3679,#3680),(#3681,#3682,#3683),(#3684,#3685,#3686),(#3687,
#3688,#3689),(#3690,#3691,#3692),(#3693,#3694,#3695),(#3696,#3697,#3698),
(#3699,#3700,#3701)),.UNSPECIFIED.,.F.,.F.,.F.)
B_SPLINE_SURFACE_WITH_KNOTS((4,1,1,1,1,1,1,1,4),(3,3),(0.00712604038876748,
0.00839217525388046,0.00965831011899344,0.0109244449841064,0.0121905798492194,
0.0147228495794453,0.0159889844445583,0.0166220518771148,0.0172551193096713),
(0.,1.),.UNSPECIFIED.)
GEOMETRIC_REPRESENTATION_ITEM()
RATIONAL_B_SPLINE_SURFACE(((1.,0.634546579397435,1.),(1.,0.639422644600929,
1.),(1.,0.640023039500634,1.),(1.,0.687130565659376,1.),(1.,0.725245592370484,
1.),(1.,0.7814945655729,1.),(1.,0.820139693898184,1.),(1.,0.828800496719323,
1.),(1.,0.829473254278363,1.),(1.,0.831035767920702,1.),(1.,0.831647313999341,
1.)))
REPRESENTATION_ITEM('')
SURFACE()
);
#1692=(
BOUNDED_SURFACE()
B_SPLINE_SURFACE(3,2,((#3710,#3711,#3712),(#3713,#3714,#3715),(#3716,#3717,
#3718),(#3719,#3720,#3721),(#3722,#3723,#3724),(#3725,#3726,#3727),(#3728,
#3729,#3730),(#3731,#3732,#3733),(#3734,#3735,#3736),(#3737,#3738,#3739),
(#3740,#3741,#3742)),.UNSPECIFIED.,.F.,.F.,.F.)
B_SPLINE_SURFACE_WITH_KNOTS((4,1,1,1,1,1,1,1,4),(3,3),(0.00388574460808699,
0.00451630303288461,0.00514686145768224,0.00640797830727749,0.00893021200646799,
0.0101913288560632,0.0114524457056585,0.0127135625552537,0.013974679404849),
(0.,1.),.UNSPECIFIED.)
GEOMETRIC_REPRESENTATION_ITEM()
RATIONAL_B_SPLINE_SURFACE(((1.,0.831646933982896,1.),(1.,0.831036694299263,
1.),(1.,0.829479641592189,1.),(1.,0.828802649484856,1.),(1.,0.820194119987071,
1.),(1.,0.781560540968947,1.),(1.,0.725276672897202,1.),(1.,0.687146381856928,
1.),(1.,0.640019901856881,1.),(1.,0.639424229922643,1.),(1.,0.634546337916966,
1.)))
REPRESENTATION_ITEM('')
SURFACE()
);
#1693=(
BOUNDED_SURFACE()
B_SPLINE_SURFACE(3,2,((#3751,#3752,#3753),(#3754,#3755,#3756),(#3757,#3758,
#3759),(#3760,#3761,#3762),(#3763,#3764,#3765),(#3766,#3767,#3768),(#3769,
#3770,#3771),(#3772,#3773,#3774),(#3775,#3776,#3777)),.UNSPECIFIED.,.F.,
 .F.,.F.)
B_SPLINE_SURFACE_WITH_KNOTS((4,1,1,1,1,1,4),(3,3),(0.0048658400015953,0.00535815562047454,
0.00585047123935378,0.00683510247711227,0.00880436495262924,0.0107736274281462,
0.0127428899036632),(0.,1.),.UNSPECIFIED.)
GEOMETRIC_REPRESENTATION_ITEM()
RATIONAL_B_SPLINE_SURFACE(((1.,0.790858372131747,1.),(1.,0.789256677454816,
1.),(1.,0.783543029935926,1.),(1.,0.770449018679944,1.),(1.,0.738054814537556,
1.),(1.,0.677062959713958,1.),(1.,0.620578258464527,1.),(1.,0.600008945509749,
1.),(1.,0.592860318522495,1.)))
REPRESENTATION_ITEM('')
SURFACE()
);
#1694=(
BOUNDED_SURFACE()
B_SPLINE_SURFACE(3,2,((#3783,#3784,#3785),(#3786,#3787,#3788),(#3789,#3790,
#3791),(#3792,#3793,#3794),(#3795,#3796,#3797),(#3798,#3799,#3800),(#3801,
#3802,#3803),(#3804,#3805,#3806),(#3807,#3808,#3809)),.UNSPECIFIED.,.F.,
 .F.,.F.)
B_SPLINE_SURFACE_WITH_KNOTS((4,1,1,1,1,1,4),(3,3),(0.0109983623454901,0.0130370463707917,
0.0150757303960933,0.0171144144213949,0.0176240854277203,0.0181337564340457,
0.0191530984466965),(0.,1.),.UNSPECIFIED.)
GEOMETRIC_REPRESENTATION_ITEM()
RATIONAL_B_SPLINE_SURFACE(((1.,0.746699439539148,1.),(1.,0.736634240753216,
1.),(1.,0.706851881813702,1.),(1.,0.641260358659327,1.),(1.,0.6038943423557,
1.),(1.,0.587396114084772,1.),(1.,0.577150439098229,1.),(1.,0.569146554057328,
1.),(1.,0.563892442468656,1.)))
REPRESENTATION_ITEM('')
SURFACE()
);
#1695=(
BOUNDED_SURFACE()
B_SPLINE_SURFACE(3,2,((#3814,#3815,#3816),(#3817,#3818,#3819),(#3820,#3821,
#3822),(#3823,#3824,#3825),(#3826,#3827,#3828),(#3829,#3830,#3831),(#3832,
#3833,#3834),(#3835,#3836,#3837),(#3838,#3839,#3840)),.UNSPECIFIED.,.F.,
 .F.,.F.)
B_SPLINE_SURFACE_WITH_KNOTS((4,1,1,1,1,1,4),(3,3),(2.27682456221956E-17,
0.00137909096247933,0.00275818192495863,0.00413727288743794,0.00551636384991724,
0.00827454577487585,0.0110327276998345),(0.,1.),.UNSPECIFIED.)
GEOMETRIC_REPRESENTATION_ITEM()
RATIONAL_B_SPLINE_SURFACE(((1.,0.498608831984331,1.),(1.,0.497130282855397,
1.),(1.,0.499453836066398,1.),(1.,0.521741683634845,1.),(1.,0.568502699850796,
1.),(1.,0.653443670852248,1.),(1.,0.768817350632567,1.),(1.,0.837713399917997,
1.),(1.,0.864819963212962,1.)))
REPRESENTATION_ITEM('')
SURFACE()
);
#1696=(
BOUNDED_SURFACE()
B_SPLINE_SURFACE(3,2,((#3842,#3843,#3844),(#3845,#3846,#3847),(#3848,#3849,
#3850),(#3851,#3852,#3853),(#3854,#3855,#3856),(#3857,#3858,#3859),(#3860,
#3861,#3862)),.UNSPECIFIED.,.F.,.F.,.F.)
B_SPLINE_SURFACE_WITH_KNOTS((4,1,1,1,4),(3,3),(-1.87566975839992E-17,0.000571519466299942,
0.0011430389325999,0.00171455839889986,0.00228607786519982),(0.,1.),
 .UNSPECIFIED.)
GEOMETRIC_REPRESENTATION_ITEM()
RATIONAL_B_SPLINE_SURFACE(((1.,0.707106781186745,1.),(1.,0.687698028845396,
1.),(1.,0.644201138885495,1.),(1.,0.570394669993026,1.),(1.,0.506387084458382,
1.),(1.,0.493980570281536,1.),(1.,0.49860883198433,1.)))
REPRESENTATION_ITEM('')
SURFACE()
);
#1697=(
BOUNDED_SURFACE()
B_SPLINE_SURFACE(3,2,((#3866,#3867,#3868),(#3869,#3870,#3871),(#3872,#3873,
#3874),(#3875,#3876,#3877),(#3878,#3879,#3880),(#3881,#3882,#3883),(#3884,
#3885,#3886)),.UNSPECIFIED.,.F.,.F.,.F.)
B_SPLINE_SURFACE_WITH_KNOTS((4,1,1,1,4),(3,3),(3.74049749507499E-18,0.00057143447445874,
0.00114286894891748,0.00171430342337621,0.00228573789783495),(0.,1.),
 .UNSPECIFIED.)
GEOMETRIC_REPRESENTATION_ITEM()
RATIONAL_B_SPLINE_SURFACE(((1.,0.498868979664658,1.),(1.,0.494262531276142,
1.),(1.,0.506440676002439,1.),(1.,0.570482824780531,1.),(1.,0.644295270984767,
1.),(1.,0.687759936036341,1.),(1.,0.707106781186716,1.)))
REPRESENTATION_ITEM('')
SURFACE()
);
#1698=(
BOUNDED_SURFACE()
B_SPLINE_SURFACE(3,2,((#3888,#3889,#3890),(#3891,#3892,#3893),(#3894,#3895,
#3896),(#3897,#3898,#3899),(#3900,#3901,#3902),(#3903,#3904,#3905),(#3906,
#3907,#3908),(#3909,#3910,#3911),(#3912,#3913,#3914)),.UNSPECIFIED.,.F.,
 .F.,.F.)
B_SPLINE_SURFACE_WITH_KNOTS((4,1,1,1,1,1,4),(3,3),(-5.42101086242752E-18,
0.00138007472472621,0.00276014944945243,0.00414022417417864,0.00552029889890486,
0.00828044834835729,0.0110405977978097),(0.,1.),.UNSPECIFIED.)
GEOMETRIC_REPRESENTATION_ITEM()
RATIONAL_B_SPLINE_SURFACE(((1.,0.498868979664658,1.),(1.,0.497393594944477,
1.),(1.,0.499714014657733,1.),(1.,0.52198651014365,1.),(1.,0.56876521820596,
1.),(1.,0.653769451193489,1.),(1.,0.769242776464898,1.),(1.,0.838173997050227,
1.),(1.,0.865296505167079,1.)))
REPRESENTATION_ITEM('')
SURFACE()
);
#1699=(
BOUNDED_SURFACE()
B_SPLINE_SURFACE(3,2,((#3915,#3916,#3917),(#3918,#3919,#3920),(#3921,#3922,
#3923),(#3924,#3925,#3926),(#3927,#3928,#3929),(#3930,#3931,#3932),(#3933,
#3934,#3935),(#3936,#3937,#3938),(#3939,#3940,#3941)),.UNSPECIFIED.,.F.,
 .F.,.F.)
B_SPLINE_SURFACE_WITH_KNOTS((4,1,1,1,1,1,4),(3,3),(-1.06251812903579E-17,
0.00137909096247456,0.00275818192494914,0.00413727288742372,0.00551636384989829,
0.00827454577484744,0.0110327276997966),(0.,1.),.UNSPECIFIED.)
GEOMETRIC_REPRESENTATION_ITEM()
RATIONAL_B_SPLINE_SURFACE(((1.,0.498608831984213,1.),(1.,0.497130282858612,
1.),(1.,0.499453836064843,1.),(1.,0.521741683635333,1.),(1.,0.568502699850884,
1.),(1.,0.653443670852098,1.),(1.,0.768817350634094,1.),(1.,0.837713399913493,
1.),(1.,0.864819963212465,1.)))
REPRESENTATION_ITEM('')
SURFACE()
);
#1700=(
BOUNDED_SURFACE()
B_SPLINE_SURFACE(3,2,((#3943,#3944,#3945),(#3946,#3947,#3948),(#3949,#3950,
#3951),(#3952,#3953,#3954),(#3955,#3956,#3957),(#3958,#3959,#3960),(#3961,
#3962,#3963)),.UNSPECIFIED.,.F.,.F.,.F.)
B_SPLINE_SURFACE_WITH_KNOTS((4,1,1,1,4),(3,3),(2.16840434497101E-18,0.000571519417465559,
0.00114303883493112,0.00171455825239667,0.00228607766986223),(0.,1.),
 .UNSPECIFIED.)
GEOMETRIC_REPRESENTATION_ITEM()
RATIONAL_B_SPLINE_SURFACE(((1.,0.498608831984213,1.),(1.,0.49399534527239,
1.),(1.,0.50619730891595,1.),(1.,0.570332331309991,1.),(1.,0.644224562914197,
1.),(1.,0.687736965042509,1.),(1.,0.707106781186345,1.)))
REPRESENTATION_ITEM('')
SURFACE()
);
#1701=(
BOUNDED_SURFACE()
B_SPLINE_SURFACE(3,2,((#3967,#3968,#3969),(#3970,#3971,#3972),(#3973,#3974,
#3975),(#3976,#3977,#3978),(#3979,#3980,#3981),(#3982,#3983,#3984),(#3985,
#3986,#3987)),.UNSPECIFIED.,.F.,.F.,.F.)
B_SPLINE_SURFACE_WITH_KNOTS((4,1,1,1,4),(3,3),(-7.58941520739853E-18,0.00057143359281023,
0.00114286718562047,0.0017143007784307,0.00228573437124094),(0.,1.),
 .UNSPECIFIED.)
GEOMETRIC_REPRESENTATION_ITEM()
RATIONAL_B_SPLINE_SURFACE(((1.,0.707106781186377,1.),(1.,0.68772115713566,
1.),(1.,0.644271304008106,1.),(1.,0.57054554775257,1.),(1.,0.506629695117751,
1.),(1.,0.494247836484488,1.),(1.,0.498868979664705,1.)))
REPRESENTATION_ITEM('')
SURFACE()
);
#1702=(
BOUNDED_SURFACE()
B_SPLINE_SURFACE(3,2,((#3989,#3990,#3991),(#3992,#3993,#3994),(#3995,#3996,
#3997),(#3998,#3999,#4000),(#4001,#4002,#4003),(#4004,#4005,#4006),(#4007,
#4008,#4009),(#4010,#4011,#4012),(#4013,#4014,#4015)),.UNSPECIFIED.,.F.,
 .F.,.F.)
B_SPLINE_SURFACE_WITH_KNOTS((4,1,1,1,1,1,4),(3,3),(-7.58941520739853E-18,
0.00138007472472188,0.00276014944944376,0.00414022417416565,0.00552029889888754,
0.00828044834833131,0.0110405977977751),(0.,1.),.UNSPECIFIED.)
GEOMETRIC_REPRESENTATION_ITEM()
RATIONAL_B_SPLINE_SURFACE(((1.,0.498868979664706,1.),(1.,0.497393594945165,
1.),(1.,0.499714014657608,1.),(1.,0.521986510143994,1.),(1.,0.568765218206304,
1.),(1.,0.65376945119372,1.),(1.,0.76924277646513,1.),(1.,0.838173997049353,
1.),(1.,0.865296505166879,1.)))
REPRESENTATION_ITEM('')
SURFACE()
);
#1703=(
BOUNDED_SURFACE()
B_SPLINE_SURFACE(3,2,((#4132,#4133,#4134),(#4135,#4136,#4137),(#4138,#4139,
#4140),(#4141,#4142,#4143),(#4144,#4145,#4146),(#4147,#4148,#4149),(#4150,
#4151,#4152),(#4153,#4154,#4155),(#4156,#4157,#4158),(#4159,#4160,#4161),
(#4162,#4163,#4164),(#4165,#4166,#4167),(#4168,#4169,#4170),(#4171,#4172,
#4173),(#4174,#4175,#4176),(#4177,#4178,#4179),(#4180,#4181,#4182)),
 .UNSPECIFIED.,.T.,.F.,.F.)
B_SPLINE_SURFACE_WITH_KNOTS((1,3,1,1,1,1,1,1,1,1,1,1,1,1,1,3,1),(3,3),(0.000531083292167205,
0.00115661442568359,0.00240767669271636,0.00365873895974912,0.00428427009326551,
0.00490980122678189,0.00553533236029827,0.00616086349381466,0.00678639462733104,
0.00741192576084743,0.00803745689436381,0.00866298802788019,0.00928851916139658,
0.00991405029491296,0.0105395814284293,0.0111651125619457,0.0124161748289785),
(0.,1.),.UNSPECIFIED.)
GEOMETRIC_REPRESENTATION_ITEM()
RATIONAL_B_SPLINE_SURFACE(((1.,0.937717388755498,1.),(1.,0.930108816103021,
1.),(1.,0.917388070052902,1.),(1.,0.934084411801242,1.),(1.,0.95034389552177,
1.),(1.,0.958639682870058,1.),(1.,0.957772580265718,1.),(1.,0.944484555836787,
1.),(1.,0.928290583936309,1.),(1.,0.921519255483267,1.),(1.,0.929084791932706,
1.),(1.,0.945488878490114,1.),(1.,0.958177151938823,1.),(1.,0.95835159977352,
1.),(1.,0.949754347547922,1.),(1.,0.941521675081736,1.),(1.,0.937717388755498,
1.)))
REPRESENTATION_ITEM('')
SURFACE()
);
#1704=(
BOUNDED_SURFACE()
B_SPLINE_SURFACE(3,2,((#4183,#4184,#4185),(#4186,#4187,#4188),(#4189,#4190,
#4191),(#4192,#4193,#4194),(#4195,#4196,#4197),(#4198,#4199,#4200),(#4201,
#4202,#4203),(#4204,#4205,#4206),(#4207,#4208,#4209),(#4210,#4211,#4212),
(#4213,#4214,#4215),(#4216,#4217,#4218),(#4219,#4220,#4221),(#4222,#4223,
#4224),(#4225,#4226,#4227),(#4228,#4229,#4230),(#4231,#4232,#4233)),
 .UNSPECIFIED.,.T.,.F.,.F.)
B_SPLINE_SURFACE_WITH_KNOTS((1,3,1,1,1,1,1,1,1,1,1,1,1,1,1,3,1),(3,3),(-0.000628134751962149,
0.,0.00062813475196215,0.0012562695039243,0.0025125390078486,0.0037688085117729,
0.00439694326373505,0.0050250780156972,0.00565321276765935,0.00628134751962151,
0.00690948227158366,0.00753761702354581,0.00816575177550796,0.00879388652747011,
0.00942202127943226,0.0100501560313944,0.0106782907833566),(0.,1.),
 .UNSPECIFIED.)
GEOMETRIC_REPRESENTATION_ITEM()
RATIONAL_B_SPLINE_SURFACE(((1.,0.955790609608285,1.),(1.,0.9539501454991,
1.),(1.,0.947645060312033,1.),(1.,0.930810049476707,1.),(1.,0.91685966468147,
1.),(1.,0.935468730608338,1.),(1.,0.951449084455817,1.),(1.,0.958883886026084,
1.),(1.,0.95624420949655,1.),(1.,0.941603843254801,1.),(1.,0.925900129819203,
1.),(1.,0.921044556594409,1.),(1.,0.930564889473781,1.),(1.,0.947482463538903,
1.),(1.,0.958687844967147,1.),(1.,0.957631073717471,1.),(1.,0.955790609608285,
1.)))
REPRESENTATION_ITEM('')
SURFACE()
);
#1705=(
BOUNDED_SURFACE()
B_SPLINE_SURFACE(3,2,((#4234,#4235,#4236),(#4237,#4238,#4239),(#4240,#4241,
#4242),(#4243,#4244,#4245),(#4246,#4247,#4248),(#4249,#4250,#4251),(#4252,
#4253,#4254),(#4255,#4256,#4257),(#4258,#4259,#4260),(#4261,#4262,#4263),
(#4264,#4265,#4266),(#4267,#4268,#4269),(#4270,#4271,#4272),(#4273,#4274,
#4275),(#4276,#4277,#4278),(#4279,#4280,#4281),(#4282,#4283,#4284)),
 .UNSPECIFIED.,.T.,.F.,.F.)
B_SPLINE_SURFACE_WITH_KNOTS((1,3,1,1,1,1,1,1,1,1,1,1,1,1,1,3,1),(3,3),(-0.000625535637705279,
0.,0.000625535637705279,0.00125107127541056,0.00250214255082112,0.00375321382623168,
0.00437874946393696,0.00500428510164224,0.00562982073934751,0.00625535637705279,
0.00688089201475807,0.00750642765246335,0.00813196329016863,0.00875749892787391,
0.00938303456557919,0.0100085702032845,0.0106341058409897),(0.,1.),
 .UNSPECIFIED.)
GEOMETRIC_REPRESENTATION_ITEM()
RATIONAL_B_SPLINE_SURFACE(((1.,0.956136479111052,1.),(1.,0.954302088480455,
1.),(1.,0.948029563552761,1.),(1.,0.931335968221233,1.),(1.,0.917596246470063,
1.),(1.,0.936100073250887,1.),(1.,0.951955478465623,1.),(1.,0.959263751122568,
1.),(1.,0.956474418267612,1.),(1.,0.941886711226739,1.),(1.,0.926429673198071,
1.),(1.,0.921759112013902,1.),(1.,0.931246923347508,1.),(1.,0.947978007188884,
1.),(1.,0.959035907336342,1.),(1.,0.957970869741649,1.),(1.,0.956136479111052,
1.)))
REPRESENTATION_ITEM('')
SURFACE()
);
#1706=(
BOUNDED_SURFACE()
B_SPLINE_SURFACE(3,2,((#4285,#4286,#4287),(#4288,#4289,#4290),(#4291,#4292,
#4293),(#4294,#4295,#4296),(#4297,#4298,#4299),(#4300,#4301,#4302),(#4303,
#4304,#4305),(#4306,#4307,#4308),(#4309,#4310,#4311),(#4312,#4313,#4314),
(#4315,#4316,#4317),(#4318,#4319,#4320),(#4321,#4322,#4323),(#4324,#4325,
#4326),(#4327,#4328,#4329),(#4330,#4331,#4332),(#4333,#4334,#4335)),
 .UNSPECIFIED.,.T.,.F.,.F.)
B_SPLINE_SURFACE_WITH_KNOTS((1,3,1,1,1,1,1,1,1,1,1,1,1,1,1,3,1),(3,3),(-0.000628134751975307,
0.,0.000628134751975308,0.00125626950395062,0.00251253900790123,0.00376880851185185,
0.00439694326382716,0.00502507801580247,0.00565321276777778,0.00628134751975308,
0.00690948227172839,0.0075376170237037,0.00816575177567901,0.00879388652765432,
0.00942202127962963,0.0100501560316049,0.0106782907835802),(0.,1.),
 .UNSPECIFIED.)
GEOMETRIC_REPRESENTATION_ITEM()
RATIONAL_B_SPLINE_SURFACE(((1.,0.955790609606919,1.),(1.,0.953950145497948,
1.),(1.,0.947645060311015,1.),(1.,0.930810049475064,1.),(1.,0.916859664677254,
1.),(1.,0.935468730603889,1.),(1.,0.951449084452416,1.),(1.,0.958883886023789,
1.),(1.,0.956244209495833,1.),(1.,0.941603843254405,1.),(1.,0.925900129817164,
1.),(1.,0.921044556590389,1.),(1.,0.930564889468899,1.),(1.,0.947482463534888,
1.),(1.,0.958687844964839,1.),(1.,0.957631073715889,1.),(1.,0.955790609606919,
1.)))
REPRESENTATION_ITEM('')
SURFACE()
);
#1707=(
BOUNDED_SURFACE()
B_SPLINE_SURFACE(3,2,((#4336,#4337,#4338),(#4339,#4340,#4341),(#4342,#4343,
#4344),(#4345,#4346,#4347)),.UNSPECIFIED.,.F.,.F.,.F.)
B_SPLINE_SURFACE_WITH_KNOTS((4,4),(3,3),(0.0026393039471642,0.00384821942170374),
(0.,1.),.PIECEWISE_BEZIER_KNOTS.)
GEOMETRIC_REPRESENTATION_ITEM()
RATIONAL_B_SPLINE_SURFACE(((1.,0.732713307040122,1.),(1.,0.691713851153815,
1.),(1.,0.636002982757269,1.),(1.,0.60826129328953,1.)))
REPRESENTATION_ITEM('')
SURFACE()
);
#1708=(
BOUNDED_SURFACE()
B_SPLINE_SURFACE(3,2,((#4351,#4352,#4353),(#4354,#4355,#4356),(#4357,#4358,
#4359),(#4360,#4361,#4362),(#4363,#4364,#4365),(#4366,#4367,#4368),(#4369,
#4370,#4371),(#4372,#4373,#4374)),.UNSPECIFIED.,.F.,.F.,.F.)
B_SPLINE_SURFACE_WITH_KNOTS((4,1,1,1,1,4),(3,3),(-4.82469966756049E-18,
0.000513322273386183,0.00102664454677237,0.00153996682015856,0.00179662795685165,
0.00205328909354475),(0.,1.),.UNSPECIFIED.)
GEOMETRIC_REPRESENTATION_ITEM()
RATIONAL_B_SPLINE_SURFACE(((1.,0.732713307040095,1.),(1.,0.765274583472111,
1.),(1.,0.825113872643465,1.),(1.,0.904524536419023,1.),(1.,0.957596829368618,
1.),(1.,0.982923504492011,1.),(1.,0.977018094162355,1.),(1.,0.970892901330081,
1.)))
REPRESENTATION_ITEM('')
SURFACE()
);
#1709=(
BOUNDED_SURFACE()
B_SPLINE_SURFACE(3,2,((#4383,#4384,#4385),(#4386,#4387,#4388),(#4389,#4390,
#4391),(#4392,#4393,#4394),(#4395,#4396,#4397)),.UNSPECIFIED.,.F.,.F.,.F.)
B_SPLINE_SURFACE_WITH_KNOTS((4,1,4),(3,3),(0.0025855125283847,0.00331835887080503,
0.00405120521322537),(0.,1.),.UNSPECIFIED.)
GEOMETRIC_REPRESENTATION_ITEM()
RATIONAL_B_SPLINE_SURFACE(((1.,0.709490445157929,1.),(1.,0.703506931711972,
1.),(1.,0.679983339257807,1.),(1.,0.664197316253728,1.),(1.,0.670168617082105,
1.)))
REPRESENTATION_ITEM('')
SURFACE()
);
#1710=(
BOUNDED_SURFACE()
B_SPLINE_SURFACE(3,2,((#4398,#4399,#4400),(#4401,#4402,#4403),(#4404,#4405,
#4406),(#4407,#4408,#4409)),.UNSPECIFIED.,.F.,.F.,.F.)
B_SPLINE_SURFACE_WITH_KNOTS((4,4),(3,3),(0.00263930394716287,0.00384821942170177),
(0.,1.),.PIECEWISE_BEZIER_KNOTS.)
GEOMETRIC_REPRESENTATION_ITEM()
RATIONAL_B_SPLINE_SURFACE(((1.,0.732713307040115,1.),(1.,0.691713851158298,
1.),(1.,0.636002982758966,1.),(1.,0.608261293290815,1.)))
REPRESENTATION_ITEM('')
SURFACE()
);
#1711=(
BOUNDED_SURFACE()
B_SPLINE_SURFACE(3,2,((#4413,#4414,#4415),(#4416,#4417,#4418),(#4419,#4420,
#4421),(#4422,#4423,#4424),(#4425,#4426,#4427),(#4428,#4429,#4430),(#4431,
#4432,#4433),(#4434,#4435,#4436)),.UNSPECIFIED.,.F.,.F.,.F.)
B_SPLINE_SURFACE_WITH_KNOTS((4,1,1,1,1,4),(3,3),(1.02999206386123E-17,0.000513322273386222,
0.00102664454677243,0.00153996682015865,0.00179662795685175,0.00205328909354486),
(0.,1.),.UNSPECIFIED.)
GEOMETRIC_REPRESENTATION_ITEM()
RATIONAL_B_SPLINE_SURFACE(((1.,0.732713307040496,1.),(1.,0.765274583372969,
1.),(1.,0.825113872689588,1.),(1.,0.904524536406392,1.),(1.,0.957596829370202,
1.),(1.,0.982923504491685,1.),(1.,0.977018094162378,1.),(1.,0.970892901330082,
1.)))
REPRESENTATION_ITEM('')
SURFACE()
);
#1712=(
BOUNDED_SURFACE()
B_SPLINE_SURFACE(3,2,((#4445,#4446,#4447),(#4448,#4449,#4450),(#4451,#4452,
#4453),(#4454,#4455,#4456),(#4457,#4458,#4459)),.UNSPECIFIED.,.F.,.F.,.F.)
B_SPLINE_SURFACE_WITH_KNOTS((4,1,4),(3,3),(0.00263432480179209,0.00339506580357313,
0.00415580680535417),(0.,1.),.UNSPECIFIED.)
GEOMETRIC_REPRESENTATION_ITEM()
RATIONAL_B_SPLINE_SURFACE(((1.,0.709490445158269,1.),(1.,0.67837285671383,
1.),(1.,0.609287543526014,1.),(1.,0.597306421248517,1.),(1.,0.609180077332981,
1.)))
REPRESENTATION_ITEM('')
SURFACE()
);
#1713=(
BOUNDED_SURFACE()
B_SPLINE_SURFACE(3,2,((#4460,#4461,#4462),(#4463,#4464,#4465),(#4466,#4467,
#4468),(#4469,#4470,#4471),(#4472,#4473,#4474)),.UNSPECIFIED.,.F.,.F.,.F.)
B_SPLINE_SURFACE_WITH_KNOTS((4,1,4),(3,3),(0.00263432480178974,0.00339506580357082,
0.0041558068053519),(0.,1.),.UNSPECIFIED.)
GEOMETRIC_REPRESENTATION_ITEM()
RATIONAL_B_SPLINE_SURFACE(((1.,0.709490445158268,1.),(1.,0.678372856764553,
1.),(1.,0.609287543501061,1.),(1.,0.597306421252551,1.),(1.,0.609180077334352,
1.)))
REPRESENTATION_ITEM('')
SURFACE()
);
#1714=(
BOUNDED_SURFACE()
B_SPLINE_SURFACE(3,2,((#4483,#4484,#4485),(#4486,#4487,#4488),(#4489,#4490,
#4491),(#4492,#4493,#4494),(#4495,#4496,#4497),(#4498,#4499,#4500),(#4501,
#4502,#4503),(#4504,#4505,#4506)),.UNSPECIFIED.,.F.,.F.,.F.)
B_SPLINE_SURFACE_WITH_KNOTS((4,1,1,1,1,4),(3,3),(-3.13876528934554E-17,
0.000513322273386183,0.0010266445467724,0.00153996682015861,0.00179662795685172,
0.00205328909354483),(0.,1.),.UNSPECIFIED.)
GEOMETRIC_REPRESENTATION_ITEM()
RATIONAL_B_SPLINE_SURFACE(((1.,0.732713307040501,1.),(1.,0.765274583366689,
1.),(1.,0.825113872692484,1.),(1.,0.904524536405603,1.),(1.,0.957596829370259,
1.),(1.,0.982923504491741,1.),(1.,0.977018094162216,1.),(1.,0.970892901330081,
1.)))
REPRESENTATION_ITEM('')
SURFACE()
);
#1715=(
BOUNDED_SURFACE()
B_SPLINE_SURFACE(3,2,((#4510,#4511,#4512),(#4513,#4514,#4515),(#4516,#4517,
#4518),(#4519,#4520,#4521)),.UNSPECIFIED.,.F.,.F.,.F.)
B_SPLINE_SURFACE_WITH_KNOTS((4,4),(3,3),(0.00263930394716298,0.00384821942170121),
(0.,1.),.PIECEWISE_BEZIER_KNOTS.)
GEOMETRIC_REPRESENTATION_ITEM()
RATIONAL_B_SPLINE_SURFACE(((1.,0.732713307040124,1.),(1.,0.691713851155359,
1.),(1.,0.636002982758699,1.),(1.,0.608261293290744,1.)))
REPRESENTATION_ITEM('')
SURFACE()
);
#1716=ADVANCED_FACE('',(#1555),#1684,.F.);
#1717=ADVANCED_FACE('',(#1556,#1557,#1558),#299,.F.);
#1718=ADVANCED_FACE('',(#1559),#177,.F.);
#1719=ADVANCED_FACE('',(#1560),#178,.F.);
#1720=ADVANCED_FACE('',(#1561),#179,.F.);
#1721=ADVANCED_FACE('',(#1562,#1563),#180,.F.);
#1722=ADVANCED_FACE('',(#1564,#1565),#1685,.T.);
#1723=ADVANCED_FACE('',(#1566),#42,.T.);
#1724=ADVANCED_FACE('',(#1567),#181,.T.);
#1725=ADVANCED_FACE('',(#1568),#182,.T.);
#1726=ADVANCED_FACE('',(#1569),#183,.T.);
#1727=ADVANCED_FACE('',(#1570,#1571),#184,.F.);
#1728=ADVANCED_FACE('',(#1572,#1573),#185,.F.);
#1729=ADVANCED_FACE('',(#1574,#1575),#186,.F.);
#1730=ADVANCED_FACE('',(#1576),#187,.T.);
#1731=ADVANCED_FACE('',(#1577),#43,.F.);
#1732=ADVANCED_FACE('',(#1578),#44,.F.);
#1733=ADVANCED_FACE('',(#1579),#45,.T.);
#1734=ADVANCED_FACE('',(#1580),#46,.T.);
#1735=ADVANCED_FACE('',(#1581),#47,.T.);
#1736=ADVANCED_FACE('',(#1582,#1583,#1584,#1585,#1586,#1587,#1588,#1589),
#48,.F.);
#1737=ADVANCED_FACE('',(#1590,#1591),#49,.T.);
#1738=ADVANCED_FACE('',(#1592),#188,.F.);
#1739=ADVANCED_FACE('',(#1593,#1594),#50,.T.);
#1740=ADVANCED_FACE('',(#1595),#189,.F.);
#1741=ADVANCED_FACE('',(#1596,#1597),#51,.T.);
#1742=ADVANCED_FACE('',(#1598),#190,.F.);
#1743=ADVANCED_FACE('',(#1599),#191,.F.);
#1744=ADVANCED_FACE('',(#1600,#1601),#52,.T.);
#1745=ADVANCED_FACE('',(#1602),#192,.T.);
#1746=ADVANCED_FACE('',(#1603),#193,.T.);
#1747=ADVANCED_FACE('',(#1604),#194,.T.);
#1748=ADVANCED_FACE('',(#1605),#195,.T.);
#1749=ADVANCED_FACE('',(#1606),#196,.T.);
#1750=ADVANCED_FACE('',(#1607),#197,.T.);
#1751=ADVANCED_FACE('',(#1608),#198,.T.);
#1752=ADVANCED_FACE('',(#1609),#199,.T.);
#1753=ADVANCED_FACE('',(#1610),#200,.F.);
#1754=ADVANCED_FACE('',(#1611),#39,.F.);
#1755=ADVANCED_FACE('',(#1612),#40,.F.);
#1756=ADVANCED_FACE('',(#1613),#41,.F.);
#1757=ADVANCED_FACE('',(#1614),#33,.T.);
#1758=ADVANCED_FACE('',(#1615),#53,.F.);
#1759=ADVANCED_FACE('',(#1616),#34,.F.);
#1760=ADVANCED_FACE('',(#1617),#35,.F.);
#1761=ADVANCED_FACE('',(#1618),#36,.T.);
#1762=ADVANCED_FACE('',(#1619),#37,.F.);
#1763=ADVANCED_FACE('',(#1620),#38,.T.);
#1764=ADVANCED_FACE('',(#1621),#201,.F.);
#1765=ADVANCED_FACE('',(#1622),#54,.T.);
#1766=ADVANCED_FACE('',(#1623),#1686,.F.);
#1767=ADVANCED_FACE('',(#1624),#1687,.F.);
#1768=ADVANCED_FACE('',(#1625),#1688,.F.);
#1769=ADVANCED_FACE('',(#1626),#1689,.F.);
#1770=ADVANCED_FACE('',(#1627),#1690,.F.);
#1771=ADVANCED_FACE('',(#1628),#1691,.F.);
#1772=ADVANCED_FACE('',(#1629),#1692,.F.);
#1773=ADVANCED_FACE('',(#1630),#1693,.F.);
#1774=ADVANCED_FACE('',(#1631),#1694,.F.);
#1775=ADVANCED_FACE('',(#1632),#1695,.T.);
#1776=ADVANCED_FACE('',(#1633),#1696,.T.);
#1777=ADVANCED_FACE('',(#1634),#12,.T.);
#1778=ADVANCED_FACE('',(#1635),#1697,.T.);
#1779=ADVANCED_FACE('',(#1636),#1698,.T.);
#1780=ADVANCED_FACE('',(#1637),#1699,.T.);
#1781=ADVANCED_FACE('',(#1638),#1700,.T.);
#1782=ADVANCED_FACE('',(#1639),#13,.T.);
#1783=ADVANCED_FACE('',(#1640),#1701,.T.);
#1784=ADVANCED_FACE('',(#1641),#1702,.T.);
#1785=ADVANCED_FACE('',(#1642),#14,.F.);
#1786=ADVANCED_FACE('',(#1643),#15,.F.);
#1787=ADVANCED_FACE('',(#1644),#16,.F.);
#1788=ADVANCED_FACE('',(#1645),#17,.F.);
#1789=ADVANCED_FACE('',(#1646),#18,.F.);
#1790=ADVANCED_FACE('',(#1647),#19,.F.);
#1791=ADVANCED_FACE('',(#1648),#20,.F.);
#1792=ADVANCED_FACE('',(#1649),#21,.F.);
#1793=ADVANCED_FACE('',(#1650),#22,.F.);
#1794=ADVANCED_FACE('',(#1651),#23,.F.);
#1795=ADVANCED_FACE('',(#1652),#24,.F.);
#1796=ADVANCED_FACE('',(#1653),#25,.F.);
#1797=ADVANCED_FACE('',(#1654),#26,.T.);
#1798=ADVANCED_FACE('',(#1655),#27,.T.);
#1799=ADVANCED_FACE('',(#1656),#28,.T.);
#1800=ADVANCED_FACE('',(#1657),#29,.T.);
#1801=ADVANCED_FACE('',(#1658,#1659),#1703,.F.);
#1802=ADVANCED_FACE('',(#1660,#1661),#1704,.F.);
#1803=ADVANCED_FACE('',(#1662,#1663),#1705,.F.);
#1804=ADVANCED_FACE('',(#1664,#1665),#1706,.F.);
#1805=ADVANCED_FACE('',(#1666),#1707,.T.);
#1806=ADVANCED_FACE('',(#1667),#202,.T.);
#1807=ADVANCED_FACE('',(#1668),#1708,.T.);
#1808=ADVANCED_FACE('',(#1669),#30,.T.);
#1809=ADVANCED_FACE('',(#1670),#203,.T.);
#1810=ADVANCED_FACE('',(#1671),#1709,.T.);
#1811=ADVANCED_FACE('',(#1672),#1710,.T.);
#1812=ADVANCED_FACE('',(#1673),#204,.T.);
#1813=ADVANCED_FACE('',(#1674),#1711,.T.);
#1814=ADVANCED_FACE('',(#1675),#31,.T.);
#1815=ADVANCED_FACE('',(#1676),#205,.T.);
#1816=ADVANCED_FACE('',(#1677),#1712,.T.);
#1817=ADVANCED_FACE('',(#1678),#1713,.T.);
#1818=ADVANCED_FACE('',(#1679),#206,.T.);
#1819=ADVANCED_FACE('',(#1680),#32,.T.);
#1820=ADVANCED_FACE('',(#1681),#1714,.T.);
#1821=ADVANCED_FACE('',(#1682),#207,.T.);
#1822=ADVANCED_FACE('',(#1683),#1715,.T.);
#1823=CLOSED_SHELL('',(#1716,#1717,#1718,#1719,#1720,#1721,#1722,#1723,
#1724,#1725,#1726,#1727,#1728,#1729,#1730,#1731,#1732,#1733,#1734,#1735,
#1736,#1737,#1738,#1739,#1740,#1741,#1742,#1743,#1744,#1745,#1746,#1747,
#1748,#1749,#1750,#1751,#1752,#1753,#1754,#1755,#1756,#1757,#1758,#1759,
#1760,#1761,#1762,#1763,#1764,#1765,#1766,#1767,#1768,#1769,#1770,#1771,
#1772,#1773,#1774,#1775,#1776,#1777,#1778,#1779,#1780,#1781,#1782,#1783,
#1784,#1785,#1786,#1787,#1788,#1789,#1790,#1791,#1792,#1793,#1794,#1795,
#1796,#1797,#1798,#1799,#1800,#1801,#1802,#1803,#1804,#1805,#1806,#1807,
#1808,#1809,#1810,#1811,#1812,#1813,#1814,#1815,#1816,#1817,#1818,#1819,
#1820,#1821,#1822));
#1824=STYLED_ITEM('',(#1825),#1832);
#1825=PRESENTATION_STYLE_ASSIGNMENT((#1826));
#1826=SURFACE_STYLE_USAGE(.BOTH.,#1827);
#1827=SURFACE_SIDE_STYLE('',(#1828));
#1828=SURFACE_STYLE_FILL_AREA(#1829);
#1829=FILL_AREA_STYLE('',(#1830));
#1830=FILL_AREA_STYLE_COLOUR('',#1831);
#1831=COLOUR_RGB('',0.188235294117647,0.188235294117647,0.188235294117647);
#1832=MANIFOLD_SOLID_BREP('Duct-HEF-Dragon',#1823);
#1833=SHAPE_DEFINITION_REPRESENTATION(#4528,#1834);
#1834=SHAPE_REPRESENTATION('Duct-HEF-Dragon',(#1835),#4523);
#1835=AXIS2_PLACEMENT_3D('',#2379,#1996,#1997);
#1836=AXIS2_PLACEMENT_3D('',#2446,#1998,#1999);
#1837=AXIS2_PLACEMENT_3D('',#2534,#2000,#2001);
#1838=AXIS2_PLACEMENT_3D('',#2549,#2002,#2003);
#1839=AXIS2_PLACEMENT_3D('',#2562,#2004,#2005);
#1840=AXIS2_PLACEMENT_3D('',#2577,#2006,#2007);
#1841=AXIS2_PLACEMENT_3D('',#2596,#2008,#2009);
#1842=AXIS2_PLACEMENT_3D('',#2616,#2010,#2011);
#1843=AXIS2_PLACEMENT_3D('',#2639,#2013,#2014);
#1844=AXIS2_PLACEMENT_3D('',#2662,#2016,#2017);
#1845=AXIS2_PLACEMENT_3D('',#2694,#2018,#2019);
#1846=AXIS2_PLACEMENT_3D('',#2695,#2020,#2021);
#1847=AXIS2_PLACEMENT_3D('',#2696,#2022,#2023);
#1848=AXIS2_PLACEMENT_3D('',#2706,#2025,#2026);
#1849=AXIS2_PLACEMENT_3D('',#2842,#2027,#2028);
#1850=AXIS2_PLACEMENT_3D('',#2848,#2029,#2030);
#1851=AXIS2_PLACEMENT_3D('',#2852,#2032,#2033);
#1852=AXIS2_PLACEMENT_3D('',#2858,#2034,#2035);
#1853=AXIS2_PLACEMENT_3D('',#2859,#2036,#2037);
#1854=AXIS2_PLACEMENT_3D('',#2864,#2039,#2040);
#1855=AXIS2_PLACEMENT_3D('',#2867,#2042,#2043);
#1856=AXIS2_PLACEMENT_3D('',#2868,#2044,#2045);
#1857=AXIS2_PLACEMENT_3D('',#2873,#2047,#2048);
#1858=AXIS2_PLACEMENT_3D('',#2876,#2050,#2051);
#1859=AXIS2_PLACEMENT_3D('',#2877,#2052,#2053);
#1860=AXIS2_PLACEMENT_3D('',#2882,#2055,#2056);
#1861=AXIS2_PLACEMENT_3D('',#2885,#2058,#2059);
#1862=AXIS2_PLACEMENT_3D('',#2886,#2060,#2061);
#1863=AXIS2_PLACEMENT_3D('',#2888,#2062,#2063);
#1864=AXIS2_PLACEMENT_3D('',#2890,#2064,#2065);
#1865=AXIS2_PLACEMENT_3D('',#2891,#2066,#2067);
#1866=AXIS2_PLACEMENT_3D('',#2893,#2068,#2069);
#1867=AXIS2_PLACEMENT_3D('',#2895,#2070,#2071);
#1868=AXIS2_PLACEMENT_3D('',#2896,#2072,#2073);
#1869=AXIS2_PLACEMENT_3D('',#2898,#2074,#2075);
#1870=AXIS2_PLACEMENT_3D('',#2900,#2076,#2077);
#1871=AXIS2_PLACEMENT_3D('',#2901,#2078,#2079);
#1872=AXIS2_PLACEMENT_3D('',#2906,#2081,#2082);
#1873=AXIS2_PLACEMENT_3D('',#2909,#2084,#2085);
#1874=AXIS2_PLACEMENT_3D('',#2930,#2092,#2093);
#1875=AXIS2_PLACEMENT_3D('',#2940,#2096,#2097);
#1876=AXIS2_PLACEMENT_3D('',#2951,#2101,#2102);
#1877=AXIS2_PLACEMENT_3D('',#2969,#2108,#2109);
#1878=AXIS2_PLACEMENT_3D('',#2979,#2112,#2113);
#1879=AXIS2_PLACEMENT_3D('',#2990,#2117,#2118);
#1880=AXIS2_PLACEMENT_3D('',#2991,#2119,#2120);
#1881=AXIS2_PLACEMENT_3D('',#3002,#2121,#2122);
#1882=AXIS2_PLACEMENT_3D('',#3003,#2123,#2124);
#1883=AXIS2_PLACEMENT_3D('',#3004,#2125,#2126);
#1884=AXIS2_PLACEMENT_3D('',#3030,#2129,#2130);
#1885=AXIS2_PLACEMENT_3D('',#3071,#2137,#2138);
#1886=AXIS2_PLACEMENT_3D('',#3078,#2139,#2140);
#1887=AXIS2_PLACEMENT_3D('',#3079,#2141,#2142);
#1888=AXIS2_PLACEMENT_3D('',#3081,#2143,#2144);
#1889=AXIS2_PLACEMENT_3D('',#3083,#2145,#2146);
#1890=AXIS2_PLACEMENT_3D('',#3084,#2147,#2148);
#1891=AXIS2_PLACEMENT_3D('',#3088,#2150,#2151);
#1892=AXIS2_PLACEMENT_3D('',#3099,#2153,#2154);
#1893=AXIS2_PLACEMENT_3D('',#3100,#2155,#2156);
#1894=AXIS2_PLACEMENT_3D('',#3103,#2157,#2158);
#1895=AXIS2_PLACEMENT_3D('',#3104,#2159,#2160);
#1896=AXIS2_PLACEMENT_3D('',#3105,#2161,#2162);
#1897=AXIS2_PLACEMENT_3D('',#3109,#2164,#2165);
#1898=AXIS2_PLACEMENT_3D('',#3120,#2167,#2168);
#1899=AXIS2_PLACEMENT_3D('',#3121,#2169,#2170);
#1900=AXIS2_PLACEMENT_3D('',#3124,#2171,#2172);
#1901=AXIS2_PLACEMENT_3D('',#3125,#2173,#2174);
#1902=AXIS2_PLACEMENT_3D('',#3126,#2175,#2176);
#1903=AXIS2_PLACEMENT_3D('',#3130,#2178,#2179);
#1904=AXIS2_PLACEMENT_3D('',#3141,#2181,#2182);
#1905=AXIS2_PLACEMENT_3D('',#3145,#2184,#2185);
#1906=AXIS2_PLACEMENT_3D('',#3156,#2187,#2188);
#1907=AXIS2_PLACEMENT_3D('',#3157,#2189,#2190);
#1908=AXIS2_PLACEMENT_3D('',#3160,#2191,#2192);
#1909=AXIS2_PLACEMENT_3D('',#3161,#2193,#2194);
#1910=AXIS2_PLACEMENT_3D('',#3162,#2195,#2196);
#1911=AXIS2_PLACEMENT_3D('',#3163,#2197,#2198);
#1912=AXIS2_PLACEMENT_3D('',#3168,#2199,#2200);
#1913=AXIS2_PLACEMENT_3D('',#3169,#2201,#2202);
#1914=AXIS2_PLACEMENT_3D('',#3174,#2203,#2204);
#1915=AXIS2_PLACEMENT_3D('',#3175,#2205,#2206);
#1916=AXIS2_PLACEMENT_3D('',#3180,#2207,#2208);
#1917=AXIS2_PLACEMENT_3D('',#3181,#2209,#2210);
#1918=AXIS2_PLACEMENT_3D('',#3187,#2211,#2212);
#1919=AXIS2_PLACEMENT_3D('',#3188,#2213,#2214);
#1920=AXIS2_PLACEMENT_3D('',#3194,#2215,#2216);
#1921=AXIS2_PLACEMENT_3D('',#3195,#2217,#2218);
#1922=AXIS2_PLACEMENT_3D('',#3201,#2219,#2220);
#1923=AXIS2_PLACEMENT_3D('',#3202,#2221,#2222);
#1924=AXIS2_PLACEMENT_3D('',#3208,#2223,#2224);
#1925=AXIS2_PLACEMENT_3D('',#3209,#2225,#2226);
#1926=AXIS2_PLACEMENT_3D('',#3214,#2227,#2228);
#1927=AXIS2_PLACEMENT_3D('',#3226,#2229,#2230);
#1928=AXIS2_PLACEMENT_3D('',#3238,#2231,#2232);
#1929=AXIS2_PLACEMENT_3D('',#3247,#2233,#2234);
#1930=AXIS2_PLACEMENT_3D('',#3264,#2235,#2236);
#1931=AXIS2_PLACEMENT_3D('',#3280,#2237,#2238);
#1932=AXIS2_PLACEMENT_3D('',#3290,#2239,#2240);
#1933=AXIS2_PLACEMENT_3D('',#3299,#2241,#2242);
#1934=AXIS2_PLACEMENT_3D('',#3338,#2244,#2245);
#1935=AXIS2_PLACEMENT_3D('',#3362,#2248,#2249);
#1936=AXIS2_PLACEMENT_3D('',#3386,#2252,#2253);
#1937=AXIS2_PLACEMENT_3D('',#3410,#2256,#2257);
#1938=AXIS2_PLACEMENT_3D('',#3509,#2263,#2264);
#1939=AXIS2_PLACEMENT_3D('',#3513,#2265,#2266);
#1940=AXIS2_PLACEMENT_3D('',#3575,#2267,#2268);
#1941=AXIS2_PLACEMENT_3D('',#3841,#2269,#2270);
#1942=AXIS2_PLACEMENT_3D('',#3863,#2271,#2272);
#1943=AXIS2_PLACEMENT_3D('',#3864,#2273,#2274);
#1944=AXIS2_PLACEMENT_3D('',#3865,#2275,#2276);
#1945=AXIS2_PLACEMENT_3D('',#3887,#2277,#2278);
#1946=AXIS2_PLACEMENT_3D('',#3942,#2279,#2280);
#1947=AXIS2_PLACEMENT_3D('',#3964,#2281,#2282);
#1948=AXIS2_PLACEMENT_3D('',#3965,#2283,#2284);
#1949=AXIS2_PLACEMENT_3D('',#3966,#2285,#2286);
#1950=AXIS2_PLACEMENT_3D('',#3988,#2287,#2288);
#1951=AXIS2_PLACEMENT_3D('',#4016,#2289,#2290);
#1952=AXIS2_PLACEMENT_3D('',#4017,#2291,#2292);
#1953=AXIS2_PLACEMENT_3D('',#4018,#2293,#2294);
#1954=AXIS2_PLACEMENT_3D('',#4019,#2295,#2296);
#1955=AXIS2_PLACEMENT_3D('',#4020,#2297,#2298);
#1956=AXIS2_PLACEMENT_3D('',#4021,#2299,#2300);
#1957=AXIS2_PLACEMENT_3D('',#4022,#2301,#2302);
#1958=AXIS2_PLACEMENT_3D('',#4023,#2303,#2304);
#1959=AXIS2_PLACEMENT_3D('',#4024,#2305,#2306);
#1960=AXIS2_PLACEMENT_3D('',#4025,#2307,#2308);
#1961=AXIS2_PLACEMENT_3D('',#4026,#2309,#2310);
#1962=AXIS2_PLACEMENT_3D('',#4027,#2311,#2312);
#1963=AXIS2_PLACEMENT_3D('',#4028,#2313,#2314);
#1964=AXIS2_PLACEMENT_3D('',#4029,#2315,#2316);
#1965=AXIS2_PLACEMENT_3D('',#4030,#2317,#2318);
#1966=AXIS2_PLACEMENT_3D('',#4031,#2319,#2320);
#1967=AXIS2_PLACEMENT_3D('',#4032,#2321,#2322);
#1968=AXIS2_PLACEMENT_3D('',#4033,#2323,#2324);
#1969=AXIS2_PLACEMENT_3D('',#4034,#2325,#2326);
#1970=AXIS2_PLACEMENT_3D('',#4035,#2327,#2328);
#1971=AXIS2_PLACEMENT_3D('',#4036,#2329,#2330);
#1972=AXIS2_PLACEMENT_3D('',#4060,#2331,#2332);
#1973=AXIS2_PLACEMENT_3D('',#4084,#2333,#2334);
#1974=AXIS2_PLACEMENT_3D('',#4108,#2335,#2336);
#1975=AXIS2_PLACEMENT_3D('',#4348,#2337,#2338);
#1976=AXIS2_PLACEMENT_3D('',#4349,#2339,#2340);
#1977=AXIS2_PLACEMENT_3D('',#4350,#2341,#2342);
#1978=AXIS2_PLACEMENT_3D('',#4375,#2343,#2344);
#1979=AXIS2_PLACEMENT_3D('',#4376,#2345,#2346);
#1980=AXIS2_PLACEMENT_3D('',#4381,#2347,#2348);
#1981=AXIS2_PLACEMENT_3D('',#4382,#2349,#2350);
#1982=AXIS2_PLACEMENT_3D('',#4410,#2351,#2352);
#1983=AXIS2_PLACEMENT_3D('',#4411,#2353,#2354);
#1984=AXIS2_PLACEMENT_3D('',#4412,#2355,#2356);
#1985=AXIS2_PLACEMENT_3D('',#4437,#2357,#2358);
#1986=AXIS2_PLACEMENT_3D('',#4438,#2359,#2360);
#1987=AXIS2_PLACEMENT_3D('',#4443,#2361,#2362);
#1988=AXIS2_PLACEMENT_3D('',#4444,#2363,#2364);
#1989=AXIS2_PLACEMENT_3D('',#4475,#2365,#2366);
#1990=AXIS2_PLACEMENT_3D('',#4476,#2367,#2368);
#1991=AXIS2_PLACEMENT_3D('',#4481,#2369,#2370);
#1992=AXIS2_PLACEMENT_3D('',#4482,#2371,#2372);
#1993=AXIS2_PLACEMENT_3D('',#4507,#2373,#2374);
#1994=AXIS2_PLACEMENT_3D('',#4508,#2375,#2376);
#1995=AXIS2_PLACEMENT_3D('',#4509,#2377,#2378);
#1996=DIRECTION('',(0.,0.,1.));
#1997=DIRECTION('',(1.,0.,0.));
#1998=DIRECTION('',(-4.19962208960515E-12,-2.23619204542802E-16,-1.));
#1999=DIRECTION('',(1.,-1.22464681446415E-16,-4.19962208960515E-12));
#2000=DIRECTION('',(4.19962208960515E-12,2.23619204542802E-16,1.));
#2001=DIRECTION('',(1.,-1.22464681446415E-16,-4.19962208960515E-12));
#2002=DIRECTION('',(-2.09981104480257E-12,-1.11809602271529E-16,-1.));
#2003=DIRECTION('',(-1.224646799145E-16,-1.,1.11809602271787E-16));
#2004=DIRECTION('',(4.19962208960515E-12,2.23619204542802E-16,1.));
#2005=DIRECTION('',(1.,-1.22464681446415E-16,-4.19962208960515E-12));
#2006=DIRECTION('',(-2.09981104480257E-12,-1.11809602271529E-16,-1.));
#2007=DIRECTION('',(-1.224646799145E-16,-1.,1.11809602271787E-16));
#2008=DIRECTION('',(4.19962208960515E-12,2.23619204542802E-16,1.));
#2009=DIRECTION('',(1.,-1.22464681446415E-16,-4.19962208960515E-12));
#2010=DIRECTION('',(-1.06541408902998E-13,-1.,5.71723191225058E-13));
#2011=DIRECTION('',(2.09981104480257E-12,5.71723191224835E-13,1.));
#2012=DIRECTION('',(-1.06541408902998E-13,-1.,5.71723191225058E-13));
#2013=DIRECTION('',(-1.06541408902998E-13,-1.,5.71723191225058E-13));
#2014=DIRECTION('',(2.09981104480257E-12,5.71723191224835E-13,1.));
#2015=DIRECTION('',(-1.06541408902998E-13,-1.,5.71723191225058E-13));
#2016=DIRECTION('',(-1.06541408902998E-13,-1.,5.71723191225058E-13));
#2017=DIRECTION('',(2.09981104480257E-12,5.71723191224835E-13,1.));
#2018=DIRECTION('',(-2.05070561253676E-16,-1.,2.23619204543663E-16));
#2019=DIRECTION('',(2.09981104480257E-12,2.23619204543261E-16,1.));
#2020=DIRECTION('',(-4.19962208960515E-12,-2.23619204542802E-16,-1.));
#2021=DIRECTION('',(-1.,1.22464681446415E-16,4.19962208960515E-12));
#2022=DIRECTION('',(4.19962208960515E-12,2.23619204542802E-16,1.));
#2023=DIRECTION('',(1.,0.,-4.19962208960515E-12));
#2024=DIRECTION('',(-4.19962208960515E-12,-2.23619204542802E-16,-1.));
#2025=DIRECTION('',(4.19962208960515E-12,2.23619204542802E-16,1.));
#2026=DIRECTION('',(1.,-1.22464681446415E-16,-4.19962208960515E-12));
#2027=DIRECTION('',(4.19962208960515E-12,2.23619204542802E-16,1.));
#2028=DIRECTION('',(1.,-1.22464679915205E-16,-4.19962208960515E-12));
#2029=DIRECTION('',(4.19962208960515E-12,2.23619204542802E-16,1.));
#2030=DIRECTION('',(1.,-1.22464681446415E-16,-4.19962208960515E-12));
#2031=DIRECTION('',(4.52888199147877E-16,1.,-2.23619204544704E-16));
#2032=DIRECTION('',(4.19962208960515E-12,2.23619204542802E-16,1.));
#2033=DIRECTION('',(1.,-1.22464681446415E-16,-4.19962208960515E-12));
#2034=DIRECTION('',(-4.19962208960515E-12,-2.23619204542802E-16,-1.));
#2035=DIRECTION('',(-1.,1.22464681446415E-16,4.19962208960515E-12));
#2036=DIRECTION('',(4.19962208960515E-12,2.23619204542802E-16,1.));
#2037=DIRECTION('',(1.,0.,-4.19962208960515E-12));
#2038=DIRECTION('',(-4.19962208960515E-12,-2.23619204542802E-16,-1.));
#2039=DIRECTION('',(4.19962208960515E-12,2.23619204542802E-16,1.));
#2040=DIRECTION('',(1.,-1.22464681446415E-16,-4.19962208960515E-12));
#2041=DIRECTION('',(-4.19962208960515E-12,-2.23619204542802E-16,-1.));
#2042=DIRECTION('',(-4.19962208960515E-12,-2.23619204542802E-16,-1.));
#2043=DIRECTION('',(-1.,1.22464681446415E-16,4.19962208960515E-12));
#2044=DIRECTION('',(4.19962208960515E-12,2.23619204542802E-16,1.));
#2045=DIRECTION('',(1.,0.,-4.19962208960515E-12));
#2046=DIRECTION('',(-4.19962208960515E-12,-2.23619204542802E-16,-1.));
#2047=DIRECTION('',(4.19962208960515E-12,2.23619204542802E-16,1.));
#2048=DIRECTION('',(1.,-1.22464681446415E-16,-4.19962208960515E-12));
#2049=DIRECTION('',(-4.19962208960515E-12,-2.23619204542802E-16,-1.));
#2050=DIRECTION('',(-4.19962208960515E-12,-2.23619204542802E-16,-1.));
#2051=DIRECTION('',(-1.,1.22464681446415E-16,4.19962208960515E-12));
#2052=DIRECTION('',(4.19962208960515E-12,2.23619204542802E-16,1.));
#2053=DIRECTION('',(1.,0.,-4.19962208960515E-12));
#2054=DIRECTION('',(-4.19962208960515E-12,-2.23619204542802E-16,-1.));
#2055=DIRECTION('',(4.19962208960515E-12,2.23619204542802E-16,1.));
#2056=DIRECTION('',(1.,-1.22464681446415E-16,-4.19962208960515E-12));
#2057=DIRECTION('',(-4.19962208960515E-12,-2.23619204542802E-16,-1.));
#2058=DIRECTION('',(-4.19962208960515E-12,-2.23619204542802E-16,-1.));
#2059=DIRECTION('',(-1.,1.22464681446415E-16,4.19962208960515E-12));
#2060=DIRECTION('',(4.19962208960515E-12,2.23619204542802E-16,1.));
#2061=DIRECTION('',(1.,-1.22464681446415E-16,-4.19962208960515E-12));
#2062=DIRECTION('',(4.19962208960515E-12,2.23619204542802E-16,1.));
#2063=DIRECTION('',(1.,0.,-4.19962208960515E-12));
#2064=DIRECTION('',(-4.19962208960515E-12,-2.23619204542802E-16,-1.));
#2065=DIRECTION('',(-1.,1.22464681446415E-16,4.19962208960515E-12));
#2066=DIRECTION('',(4.19962208960515E-12,2.23619204542802E-16,1.));
#2067=DIRECTION('',(1.,-1.22464681446415E-16,-4.19962208960515E-12));
#2068=DIRECTION('',(4.19962208960515E-12,2.23619204542802E-16,1.));
#2069=DIRECTION('',(1.,0.,-4.19962208960515E-12));
#2070=DIRECTION('',(-4.19962208960515E-12,-2.23619204542802E-16,-1.));
#2071=DIRECTION('',(-1.,1.22464681446415E-16,4.19962208960515E-12));
#2072=DIRECTION('',(4.19962208960515E-12,2.23619204542802E-16,1.));
#2073=DIRECTION('',(1.,-1.22464681446415E-16,-4.19962208960515E-12));
#2074=DIRECTION('',(4.19962208960515E-12,2.23619204542802E-16,1.));
#2075=DIRECTION('',(1.,0.,-4.19962208960515E-12));
#2076=DIRECTION('',(-4.19962208960515E-12,-2.23619204542802E-16,-1.));
#2077=DIRECTION('',(-1.,1.22464681446415E-16,4.19962208960515E-12));
#2078=DIRECTION('',(4.19962208960515E-12,2.23619204542802E-16,1.));
#2079=DIRECTION('',(1.,0.,-4.19962208960515E-12));
#2080=DIRECTION('',(-4.19962208960515E-12,-2.23619204542802E-16,-1.));
#2081=DIRECTION('',(4.19962208960515E-12,2.23619204542802E-16,1.));
#2082=DIRECTION('',(1.,-1.22464681446415E-16,-4.19962208960515E-12));
#2083=DIRECTION('',(-4.19962208960515E-12,-2.23619204542802E-16,-1.));
#2084=DIRECTION('',(-1.,4.52888199148817E-16,4.19962208960515E-12));
#2085=DIRECTION('',(4.19962208960515E-12,7.294370043366E-13,1.));
#2086=DIRECTION('',(4.52888199147878E-16,1.,-2.23619204544704E-16));
#2087=DIRECTION('',(4.19962208960515E-12,2.23619204542802E-16,1.));
#2088=DIRECTION('',(4.52888199147878E-16,1.,-2.23619204544704E-16));
#2089=DIRECTION('',(4.52888199147878E-16,1.,-2.23619204544704E-16));
#2090=DIRECTION('',(4.52888199147878E-16,1.,-2.23619204544704E-16));
#2091=DIRECTION('',(4.19962208960515E-12,2.23619204542802E-16,1.));
#2092=DIRECTION('',(-2.05070561253676E-16,-1.,2.23619204543663E-16));
#2093=DIRECTION('',(2.09981104480257E-12,2.23619204543261E-16,1.));
#2094=DIRECTION('',(-1.,2.05070561254616E-16,4.19962208960515E-12));
#2095=DIRECTION('',(4.19962208960515E-12,2.23619204542802E-16,1.));
#2096=DIRECTION('',(-2.05070561253676E-16,-1.,2.23619204543663E-16));
#2097=DIRECTION('',(2.09981104480257E-12,2.23619204543261E-16,1.));
#2098=DIRECTION('',(4.19962208960515E-12,2.23619204542802E-16,1.));
#2099=DIRECTION('',(-1.,2.05070561254616E-16,4.19962208960515E-12));
#2100=DIRECTION('',(-1.,2.05070561254616E-16,4.19962208960515E-12));
#2101=DIRECTION('',(-1.,4.52888199148817E-16,4.19962208960515E-12));
#2102=DIRECTION('',(4.19962208960515E-12,7.294370043366E-13,1.));
#2103=DIRECTION('',(-4.19962208960515E-12,-2.23619204542802E-16,-1.));
#2104=DIRECTION('',(4.52888199147877E-16,1.,-2.23619204544704E-16));
#2105=DIRECTION('',(4.52888199147877E-16,1.,-2.23619204544704E-16));
#2106=DIRECTION('',(4.52888199147877E-16,1.,-2.23619204544704E-16));
#2107=DIRECTION('',(-4.19962208960515E-12,-2.23619204542802E-16,-1.));
#2108=DIRECTION('',(-1.22464681445498E-16,-1.,2.23619204543316E-16));
#2109=DIRECTION('',(2.09981104480257E-12,2.23619204543059E-16,1.));
#2110=DIRECTION('',(-1.,1.22464681446437E-16,4.19962208960515E-12));
#2111=DIRECTION('',(-4.19962208960515E-12,-2.23619204542802E-16,-1.));
#2112=DIRECTION('',(-1.22464681445498E-16,-1.,2.23619204543316E-16));
#2113=DIRECTION('',(2.09981104480257E-12,2.23619204543059E-16,1.));
#2114=DIRECTION('',(-4.19962208960515E-12,-2.23619204542802E-16,-1.));
#2115=DIRECTION('',(-1.,1.22464681446437E-16,4.19962208960515E-12));
#2116=DIRECTION('',(-1.,1.22464681446437E-16,4.19962208960515E-12));
#2117=DIRECTION('',(4.19962208960515E-12,2.23619204542802E-16,1.));
#2118=DIRECTION('',(1.,-1.22464679915205E-16,-4.19962208960515E-12));
#2119=DIRECTION('',(4.19962208960515E-12,2.23619204542802E-16,1.));
#2120=DIRECTION('',(1.,-1.22464681446415E-16,-4.19962208960515E-12));
#2121=DIRECTION('',(4.19962208960515E-12,2.23619204542802E-16,1.));
#2122=DIRECTION('',(1.,-1.22464681446415E-16,-4.19962208960515E-12));
#2123=DIRECTION('',(4.19962208960515E-12,2.23619204542802E-16,1.));
#2124=DIRECTION('',(1.,-1.22464679915205E-16,-4.19962208960515E-12));
#2125=DIRECTION('',(-2.09981104480257E-12,-1.11809602271529E-16,-1.));
#2126=DIRECTION('',(0.573576436351045,-0.819152044288992,-1.20431054702416E-12));
#2127=DIRECTION('',(0.422618261740699,0.90630778703665,-8.8740801804932E-13));
#2128=DIRECTION('',(-0.996194698091746,-0.0871557427476575,2.09194218427802E-12));
#2129=DIRECTION('',(-2.09981104480257E-12,-1.11809602271529E-16,-1.));
#2130=DIRECTION('',(0.573576436351045,-0.819152044288992,-1.20431054702416E-12));
#2131=DIRECTION('',(-0.996194698091746,-0.0871557427476575,2.09194218427802E-12));
#2132=DIRECTION('',(0.573576436351045,-0.819152044288992,-1.20419873742188E-12));
#2133=DIRECTION('',(0.573576436351045,-0.819152044288992,-1.20419873742188E-12));
#2134=DIRECTION('',(0.819152044288992,0.573576436351045,-3.81914404725579E-12));
#2135=DIRECTION('',(0.573576436351045,-0.819152044288992,-1.20419873742188E-12));
#2136=DIRECTION('',(0.422618261740699,0.90630778703665,-8.8740801804932E-13));
#2137=DIRECTION('',(-2.09981104480257E-12,-1.11809602271529E-16,-1.));
#2138=DIRECTION('',(0.573576436351045,-0.819152044288992,-1.20431054702416E-12));
#2139=DIRECTION('',(4.19962208960515E-12,2.23619204542802E-16,1.));
#2140=DIRECTION('',(1.,-1.22464679915205E-16,-4.19962208960515E-12));
#2141=DIRECTION('',(4.19962208960515E-12,2.23619204542802E-16,1.));
#2142=DIRECTION('',(1.,0.,-4.19962208960515E-12));
#2143=DIRECTION('',(4.19962208960515E-12,2.23619204542802E-16,1.));
#2144=DIRECTION('',(1.,0.,-4.19962208960515E-12));
#2145=DIRECTION('',(4.19962208960515E-12,2.23619204542802E-16,1.));
#2146=DIRECTION('',(1.,0.,-4.19962208960515E-12));
#2147=DIRECTION('',(4.19962208960515E-12,2.23619204542802E-16,1.));
#2148=DIRECTION('',(1.,-1.22464681446415E-16,-4.19962208960515E-12));
#2149=DIRECTION('',(4.19962208960515E-12,2.23619204542802E-16,1.));
#2150=DIRECTION('',(4.19962208960515E-12,2.23619204542802E-16,1.));
#2151=DIRECTION('',(1.,0.,-4.19962208960515E-12));
#2152=DIRECTION('',(4.19962208960515E-12,2.23619204542802E-16,1.));
#2153=DIRECTION('',(4.19962208960515E-12,2.23619204542802E-16,1.));
#2154=DIRECTION('',(1.,-1.22464679915205E-16,-4.19962208960515E-12));
#2155=DIRECTION('',(4.19962208960515E-12,2.23619204542802E-16,1.));
#2156=DIRECTION('',(1.,0.,-4.19962208960515E-12));
#2157=DIRECTION('',(4.19962208960515E-12,2.23619204542802E-16,1.));
#2158=DIRECTION('',(1.,0.,-4.19962208960515E-12));
#2159=DIRECTION('',(4.19962208960515E-12,2.23619204542802E-16,1.));
#2160=DIRECTION('',(1.,0.,-4.19962208960515E-12));
#2161=DIRECTION('',(4.19962208960515E-12,2.23619204542802E-16,1.));
#2162=DIRECTION('',(1.,-1.22464681446415E-16,-4.19962208960515E-12));
#2163=DIRECTION('',(4.19962208960515E-12,2.23619204542802E-16,1.));
#2164=DIRECTION('',(4.19962208960515E-12,2.23619204542802E-16,1.));
#2165=DIRECTION('',(1.,0.,-4.19962208960515E-12));
#2166=DIRECTION('',(4.19962208960515E-12,2.23619204542802E-16,1.));
#2167=DIRECTION('',(4.19962208960515E-12,2.23619204542802E-16,1.));
#2168=DIRECTION('',(1.,-1.22464679915205E-16,-4.19962208960515E-12));
#2169=DIRECTION('',(4.19962208960515E-12,2.23619204542802E-16,1.));
#2170=DIRECTION('',(1.,0.,-4.19962208960515E-12));
#2171=DIRECTION('',(4.19962208960515E-12,2.23619204542802E-16,1.));
#2172=DIRECTION('',(1.,0.,-4.19962208960515E-12));
#2173=DIRECTION('',(4.19962208960515E-12,2.23619204542802E-16,1.));
#2174=DIRECTION('',(1.,0.,-4.19962208960515E-12));
#2175=DIRECTION('',(4.19962208960515E-12,2.23619204542802E-16,1.));
#2176=DIRECTION('',(1.,-1.22464681446415E-16,-4.19962208960515E-12));
#2177=DIRECTION('',(4.19962208960515E-12,2.23619204542802E-16,1.));
#2178=DIRECTION('',(4.19962208960515E-12,2.23619204542802E-16,1.));
#2179=DIRECTION('',(1.,0.,-4.19962208960515E-12));
#2180=DIRECTION('',(4.19962208960515E-12,2.23619204542802E-16,1.));
#2181=DIRECTION('',(4.19962208960515E-12,2.23619204542802E-16,1.));
#2182=DIRECTION('',(1.,-1.22464681446415E-16,-4.19962208960515E-12));
#2183=DIRECTION('',(4.19962208960515E-12,2.23619204542802E-16,1.));
#2184=DIRECTION('',(4.19962208960515E-12,2.23619204542802E-16,1.));
#2185=DIRECTION('',(1.,0.,-4.19962208960515E-12));
#2186=DIRECTION('',(4.19962208960515E-12,2.23619204542802E-16,1.));
#2187=DIRECTION('',(4.19962208960515E-12,2.23619204542802E-16,1.));
#2188=DIRECTION('',(1.,-1.22464679915205E-16,-4.19962208960515E-12));
#2189=DIRECTION('',(4.19962208960515E-12,2.23619204542802E-16,1.));
#2190=DIRECTION('',(1.,0.,-4.19962208960515E-12));
#2191=DIRECTION('',(4.19962208960515E-12,2.23619204542802E-16,1.));
#2192=DIRECTION('',(1.,0.,-4.19962208960515E-12));
#2193=DIRECTION('',(4.19962208960515E-12,2.23619204542802E-16,1.));
#2194=DIRECTION('',(1.,0.,-4.19962208960515E-12));
#2195=DIRECTION('',(4.19962208960515E-12,2.23619204542802E-16,1.));
#2196=DIRECTION('',(1.,-1.22464681446415E-16,-4.19962208960515E-12));
#2197=DIRECTION('',(4.19962208960515E-12,2.23619204542802E-16,1.));
#2198=DIRECTION('',(1.,0.,-4.19962208960515E-12));
#2199=DIRECTION('',(4.19962208960515E-12,2.23619204542802E-16,1.));
#2200=DIRECTION('',(1.,-1.22464681446415E-16,-4.19962208960515E-12));
#2201=DIRECTION('',(4.19962208960515E-12,2.23619204542802E-16,1.));
#2202=DIRECTION('',(1.,0.,-4.19962208960515E-12));
#2203=DIRECTION('',(4.19962208960515E-12,2.23619204542802E-16,1.));
#2204=DIRECTION('',(1.,-1.22464681446415E-16,-4.19962208960515E-12));
#2205=DIRECTION('',(4.19962208960515E-12,2.23619204542802E-16,1.));
#2206=DIRECTION('',(1.,0.,-4.19962208960515E-12));
#2207=DIRECTION('',(4.19962208960515E-12,2.23619204542802E-16,1.));
#2208=DIRECTION('',(1.,-1.22464681446415E-16,-4.19962208960515E-12));
#2209=DIRECTION('',(4.19962208960515E-12,2.23619204542802E-16,1.));
#2210=DIRECTION('',(1.,0.,-4.19962208960515E-12));
#2211=DIRECTION('',(4.19962208960515E-12,2.23619204542802E-16,1.));
#2212=DIRECTION('',(1.,-1.22464681446415E-16,-4.19962208960515E-12));
#2213=DIRECTION('',(4.19962208960515E-12,2.23619204542802E-16,1.));
#2214=DIRECTION('',(1.,0.,-4.19962208960515E-12));
#2215=DIRECTION('',(4.19962208960515E-12,2.23619204542802E-16,1.));
#2216=DIRECTION('',(1.,-1.22464681446415E-16,-4.19962208960515E-12));
#2217=DIRECTION('',(4.19962208960515E-12,2.23619204542802E-16,1.));
#2218=DIRECTION('',(1.,0.,-4.19962208960515E-12));
#2219=DIRECTION('',(4.19962208960515E-12,2.23619204542802E-16,1.));
#2220=DIRECTION('',(1.,-1.22464681446415E-16,-4.19962208960515E-12));
#2221=DIRECTION('',(4.19962208960515E-12,2.23619204542802E-16,1.));
#2222=DIRECTION('',(1.,0.,-4.19962208960515E-12));
#2223=DIRECTION('',(4.19962208960515E-12,2.23619204542802E-16,1.));
#2224=DIRECTION('',(1.,-1.22464681446415E-16,-4.19962208960515E-12));
#2225=DIRECTION('',(4.19962208960515E-12,2.23619204542802E-16,1.));
#2226=DIRECTION('',(1.,0.,-4.19962208960515E-12));
#2227=DIRECTION('',(-1.06541408902998E-13,-1.,5.71723191225058E-13));
#2228=DIRECTION('',(2.09981104480257E-12,5.71723191224835E-13,1.));
#2229=DIRECTION('',(-1.22464681445498E-16,-1.,2.23619204543316E-16));
#2230=DIRECTION('',(2.09981104480257E-12,2.23619204543059E-16,1.));
#2231=DIRECTION('',(-2.09981104480257E-12,-1.11809602271529E-16,-1.));
#2232=DIRECTION('',(0.573576436351045,-0.819152044288992,-1.20431054702416E-12));
#2233=DIRECTION('',(-2.09981104480257E-12,-1.11809602271529E-16,-1.));
#2234=DIRECTION('',(-1.,0.,2.09981104480257E-12));
#2235=DIRECTION('',(-2.09981104480257E-12,-1.11809602271529E-16,-1.));
#2236=DIRECTION('',(0.573576436351045,-0.819152044288992,-1.20431054702416E-12));
#2237=DIRECTION('',(-2.09981104480257E-12,-1.11809602271529E-16,-1.));
#2238=DIRECTION('',(-1.,0.,2.09981104480257E-12));
#2239=DIRECTION('',(-2.09981104480257E-12,-1.11809602271529E-16,-1.));
#2240=DIRECTION('',(0.573576436351045,-0.819152044288992,-1.20431054702416E-12));
#2241=DIRECTION('',(-2.09981104480257E-12,-1.11809602271529E-16,-1.));
#2242=DIRECTION('',(-1.,0.,2.09981104480257E-12));
#2243=DIRECTION('',(0.573576436351045,-0.819152044288992,-1.20419873742188E-12));
#2244=DIRECTION('',(-2.09981104480257E-12,-1.11809602271529E-16,-1.));
#2245=DIRECTION('',(0.573576436351045,-0.819152044288992,-1.20431054702416E-12));
#2246=DIRECTION('',(-0.573576436351045,0.819152044288992,1.20431054702416E-12));
#2247=DIRECTION('',(0.573576436351045,-0.819152044288992,-1.20431054702416E-12));
#2248=DIRECTION('',(-2.09981104480257E-12,-1.11809602271529E-16,-1.));
#2249=DIRECTION('',(-1.,0.,2.09981104480257E-12));
#2250=DIRECTION('',(-0.422618261740699,-0.90630778703665,8.87519827651592E-13));
#2251=DIRECTION('',(0.422618261740699,0.90630778703665,-8.87519827651592E-13));
#2252=DIRECTION('',(-2.09981104480257E-12,-1.11809602271529E-16,-1.));
#2253=DIRECTION('',(-1.,0.,2.09981104480257E-12));
#2254=DIRECTION('',(0.996194698091746,0.0871557427476575,-2.09183037467575E-12));
#2255=DIRECTION('',(-0.996194698091746,-0.0871557427476575,2.09183037467575E-12));
#2256=DIRECTION('',(-2.09981104480257E-12,-1.11809602271529E-16,-1.));
#2257=DIRECTION('',(-1.,0.,2.09981104480257E-12));
#2258=DIRECTION('',(0.573576436351045,-0.819152044288992,-1.20419873742188E-12));
#2259=DIRECTION('',(-0.996194698091746,-0.0871557427476575,2.09194218427802E-12));
#2260=DIRECTION('',(-0.996194698091746,-0.0871557427476575,2.09194218427802E-12));
#2261=DIRECTION('',(0.422618261740699,0.90630778703665,-8.8740801804932E-13));
#2262=DIRECTION('',(0.422618261740699,0.90630778703665,-8.8740801804932E-13));
#2263=DIRECTION('',(0.573576436351035,-0.819152044289,-1.21384720083417E-12));
#2264=DIRECTION('',(0.819152044289,0.573576436351035,0.));
#2265=DIRECTION('',(0.573576436351045,-0.819152044288992,-1.20419873742188E-12));
#2266=DIRECTION('',(-0.819152044288992,-0.573576436351045,1.72012864132385E-12));
#2267=DIRECTION('',(0.175592869350309,-0.214636770538496,-0.960779996131336));
#2268=DIRECTION('',(4.57690191361711E-13,-0.975943353990456,0.218024241317016));
#2269=DIRECTION('',(0.101859041838016,0.993008121263217,0.0596624396177096));
#2270=DIRECTION('',(-0.994780212812177,0.10204081633033,2.01441813063001E-12));
#2271=DIRECTION('',(-0.914940507100251,6.90240488151708E-15,-0.403588736794196));
#2272=DIRECTION('',(-0.403588736794196,6.67440888010268E-13,0.914940507100251));
#2273=DIRECTION('',(-2.05070561253676E-16,-1.,2.23619204543663E-16));
#2274=DIRECTION('',(2.09981104480257E-12,2.23619204543261E-16,1.));
#2275=DIRECTION('',(-0.91517045893155,-1.54179195284736E-15,0.403067030528442));
#2276=DIRECTION('',(0.403067030528442,6.67509836546121E-13,0.91517045893155));
#2277=DIRECTION('',(0.101859543895159,-0.993013015745907,-0.0595800627449242));
#2278=DIRECTION('',(0.994780212812202,0.102040816330082,-2.16328282539799E-12));
#2279=DIRECTION('',(0.101859041830741,-0.993008121264144,0.0596624396147002));
#2280=DIRECTION('',(0.994780212812927,0.102040816323014,-2.16328282539436E-12));
#2281=DIRECTION('',(-0.91494050710029,1.76805657603997E-15,-0.403588736794109));
#2282=DIRECTION('',(-0.403588736794109,6.67440888010296E-13,0.91494050710029));
#2283=DIRECTION('',(-1.22464681445498E-16,-1.,2.23619204543316E-16));
#2284=DIRECTION('',(2.09981104480257E-12,2.23619204543059E-16,1.));
#2285=DIRECTION('',(-0.915170458931664,-1.54179195284776E-15,0.403067030528184));
#2286=DIRECTION('',(0.403067030528184,6.67509836546204E-13,0.915170458931664));
#2287=DIRECTION('',(0.101859543887881,0.993013015746852,-0.0595800627416134));
#2288=DIRECTION('',(-0.994780212812953,0.102040816322762,2.01441813063716E-12));
#2289=DIRECTION('',(4.19962208960515E-12,2.23619204542802E-16,1.));
#2290=DIRECTION('',(1.,0.,-4.19962208960515E-12));
#2291=DIRECTION('',(0.102040816330207,0.994780212812189,-4.28370491021953E-13));
#2292=DIRECTION('',(-0.99478021281219,0.102040816330207,0.));
#2293=DIRECTION('',(4.19962208960515E-12,2.23619204542802E-16,1.));
#2294=DIRECTION('',(1.,0.,-4.19962208960515E-12));
#2295=DIRECTION('',(0.994780212810281,0.102040816348815,-4.18762244166739E-12));
#2296=DIRECTION('',(-0.102040816348815,0.994780212810281,0.));
#2297=DIRECTION('',(4.19962208960515E-12,2.23619204542802E-16,1.));
#2298=DIRECTION('',(1.,0.,-4.19962208960515E-12));
#2299=DIRECTION('',(4.19962208960515E-12,2.23619204542802E-16,1.));
#2300=DIRECTION('',(1.,0.,-4.19962208960515E-12));
#2301=DIRECTION('',(-0.994640582745924,0.103392993741596,4.17553181309762E-12));
#2302=DIRECTION('',(-0.103392993741596,-0.994640582745924,0.));
#2303=DIRECTION('',(4.19962208960515E-12,2.23619204542802E-16,1.));
#2304=DIRECTION('',(1.,0.,-4.19962208960515E-12));
#2305=DIRECTION('',(-0.102040816330207,0.994780212812189,4.28960533020605E-13));
#2306=DIRECTION('',(-0.99478021281219,-0.102040816330207,0.));
#2307=DIRECTION('',(4.19962208960515E-12,2.23619204542802E-16,1.));
#2308=DIRECTION('',(1.,0.,-4.19962208960515E-12));
#2309=DIRECTION('',(4.19962208960515E-12,2.23619204542802E-16,1.));
#2310=DIRECTION('',(1.,0.,-4.19962208960515E-12));
#2311=DIRECTION('',(-0.102040816322895,-0.994780212812939,4.28370490991254E-13));
#2312=DIRECTION('',(0.99478021281294,-0.102040816322895,0.));
#2313=DIRECTION('',(4.19962208960515E-12,2.23619204542802E-16,1.));
#2314=DIRECTION('',(1.,0.,-4.19962208960515E-12));
#2315=DIRECTION('',(-0.994640582745923,-0.103392993741601,4.18135796693342E-12));
#2316=DIRECTION('',(0.103392993741601,-0.994640582745923,0.));
#2317=DIRECTION('',(4.19962208960515E-12,2.23619204542802E-16,1.));
#2318=DIRECTION('',(1.,0.,-4.19962208960515E-12));
#2319=DIRECTION('',(4.19962208960515E-12,2.23619204542802E-16,1.));
#2320=DIRECTION('',(1.,0.,-4.19962208960515E-12));
#2321=DIRECTION('',(0.994780212810281,-0.102040816348815,-4.18762244166739E-12));
#2322=DIRECTION('',(0.102040816348815,0.994780212810281,0.));
#2323=DIRECTION('',(4.19962208960515E-12,2.23619204542802E-16,1.));
#2324=DIRECTION('',(1.,0.,-4.19962208960515E-12));
#2325=DIRECTION('',(0.102040816322892,-0.99478021281294,-4.28370490991245E-13));
#2326=DIRECTION('',(0.99478021281294,0.102040816322892,0.));
#2327=DIRECTION('',(4.19962208960515E-12,2.23619204542802E-16,1.));
#2328=DIRECTION('',(1.,0.,-4.19962208960515E-12));
#2329=DIRECTION('',(4.19962208960515E-12,2.23619204542802E-16,1.));
#2330=DIRECTION('',(1.,0.,-4.19962208960515E-12));
#2331=DIRECTION('',(4.19962208960515E-12,2.23619204542802E-16,1.));
#2332=DIRECTION('',(1.,0.,-4.19962208960515E-12));
#2333=DIRECTION('',(4.19962208960515E-12,2.23619204542802E-16,1.));
#2334=DIRECTION('',(1.,0.,-4.19962208960515E-12));
#2335=DIRECTION('',(4.19962208960515E-12,2.23619204542802E-16,1.));
#2336=DIRECTION('',(1.,0.,-4.19962208960515E-12));
#2337=DIRECTION('',(0.996194698091742,0.0871557427476947,-2.09102801860228E-12));
#2338=DIRECTION('',(-0.0871557427476947,0.996194698091742,0.));
#2339=DIRECTION('',(-0.996194698091746,-0.0871557427476575,2.09194218427802E-12));
#2340=DIRECTION('',(0.0871557427476575,-0.996194698091746,0.));
#2341=DIRECTION('',(0.996194698091685,0.0871557427483455,-2.09102801860216E-12));
#2342=DIRECTION('',(-0.0871557427483455,0.996194698091685,0.));
#2343=DIRECTION('',(-0.431697216411108,-0.902018577049775,9.0613910794485E-13));
#2344=DIRECTION('',(0.902018577049775,-0.431697216411108,0.));
#2345=DIRECTION('',(-2.09981104480257E-12,-1.11809602271529E-16,-1.));
#2346=DIRECTION('',(-1.,0.,2.09981104480257E-12));
#2347=DIRECTION('',(0.573576436351045,-0.819152044288992,-1.20419873742188E-12));
#2348=DIRECTION('',(0.819152044288992,0.573576436351045,0.));
#2349=DIRECTION('',(0.573576436351047,-0.819152044288991,-1.20394577638039E-12));
#2350=DIRECTION('',(0.819152044288991,0.573576436351047,0.));
#2351=DIRECTION('',(-0.422618261740672,-0.906307787036663,8.87082242221848E-13));
#2352=DIRECTION('',(0.906307787036663,-0.422618261740672,0.));
#2353=DIRECTION('',(0.422618261740699,0.90630778703665,-8.8740801804932E-13));
#2354=DIRECTION('',(-0.90630778703665,0.422618261740699,0.));
#2355=DIRECTION('',(-0.422618261740602,-0.906307787036695,8.87082242221701E-13));
#2356=DIRECTION('',(0.906307787036695,-0.422618261740602,0.));
#2357=DIRECTION('',(-0.565322394205058,0.824870044679925,1.18662041475475E-12));
#2358=DIRECTION('',(-0.824870044679925,-0.565322394205058,0.));
#2359=DIRECTION('',(-2.09981104480257E-12,-1.11809602271529E-16,-1.));
#2360=DIRECTION('',(-1.,0.,2.09981104480257E-12));
#2361=DIRECTION('',(-0.996194698091746,-0.0871557427476575,2.09194218427802E-12));
#2362=DIRECTION('',(0.0871557427476575,-0.996194698091746,0.));
#2363=DIRECTION('',(-0.996194698092052,-0.087155742744158,2.09102801860294E-12));
#2364=DIRECTION('',(0.087155742744158,-0.996194698092052,0.));
#2365=DIRECTION('',(-0.42261826173965,-0.906307787037139,5.61561345500604E-12));
#2366=DIRECTION('',(0.90630778703714,-0.42261826173965,0.));
#2367=DIRECTION('',(0.422618261740699,0.90630778703665,-8.8740801804932E-13));
#2368=DIRECTION('',(-0.90630778703665,0.422618261740699,0.));
#2369=DIRECTION('',(-2.09981104480257E-12,-1.11809602271529E-16,-1.));
#2370=DIRECTION('',(-1.,0.,2.09981104480257E-12));
#2371=DIRECTION('',(-0.997019610617838,-0.0771485323480247,9.92275775195245E-12));
#2372=DIRECTION('',(0.0771485323480247,-0.997019610617838,0.));
#2373=DIRECTION('',(0.573576436351299,-0.819152044288815,-8.07450750336085E-13));
#2374=DIRECTION('',(0.819152044288815,0.573576436351299,0.));
#2375=DIRECTION('',(0.573576436351045,-0.819152044288992,-1.20419873742188E-12));
#2376=DIRECTION('',(0.819152044288992,0.573576436351045,0.));
#2377=DIRECTION('',(0.573576436351046,-0.819152044288992,-1.22170830490069E-12));
#2378=DIRECTION('',(0.819152044288992,0.573576436351046,0.));
#2379=CARTESIAN_POINT('',(0.,0.,0.));
#2380=CARTESIAN_POINT('',(26.2864687069219,16.3819922978895,-0.0192370544334482));
#2381=CARTESIAN_POINT('',(26.5108505515394,16.7882468033788,-0.0054808365319947));
#2382=CARTESIAN_POINT('',(26.729443070338,16.8145037206741,-0.414268133270321));
#2383=CARTESIAN_POINT('',(26.4193950167849,16.3063323510526,0.0469834473882485));
#2384=CARTESIAN_POINT('',(26.6497084400742,16.71210386442,0.0631635013654327));
#2385=CARTESIAN_POINT('',(26.8693983290279,16.735862172932,-0.348047631433206));
#2386=CARTESIAN_POINT('',(26.6345927737602,16.1694526579284,0.166043797215078));
#2387=CARTESIAN_POINT('',(26.8853190696676,16.5731445355871,0.195257548031413));
#2388=CARTESIAN_POINT('',(27.1399230974974,16.5734288003823,-0.208048538551251));
#2389=CARTESIAN_POINT('',(27.0500014562754,15.8645357815155,0.461525041387441));
#2390=CARTESIAN_POINT('',(27.3318349682777,16.2702622718635,0.516863949139116));
#2391=CARTESIAN_POINT('',(27.6299095409809,16.2330196953134,0.120205122457627));
#2392=CARTESIAN_POINT('',(27.6496700000041,15.2969173761187,1.08135145058924));
#2393=CARTESIAN_POINT('',(27.9907012261211,15.7103127617082,1.2142607047664));
#2394=CARTESIAN_POINT('',(28.3720321345324,15.5949152677977,0.826215042378667));
#2395=CARTESIAN_POINT('',(28.1537432748836,14.4791844633113,2.23551636319749));
#2396=CARTESIAN_POINT('',(28.5119467903852,14.9661218197125,2.49219248167759));
#2397=CARTESIAN_POINT('',(29.0131724125943,14.7028507004357,2.13935449396667));
#2398=CARTESIAN_POINT('',(28.3155812751783,13.6892365458001,3.89064912430904));
#2399=CARTESIAN_POINT('',(28.6507832754448,14.3130916826172,4.16713534929755));
#2400=CARTESIAN_POINT('',(29.240232016827,13.8717557788852,3.95290482833207));
#2401=CARTESIAN_POINT('',(28.2233865382318,13.31154526397,5.08546441194255));
#2402=CARTESIAN_POINT('',(28.5543223746021,14.0019711227893,5.31820205045084));
#2403=CARTESIAN_POINT('',(29.1587123039289,13.4853868948067,5.21762495549669));
#2404=CARTESIAN_POINT('',(28.1427025733819,13.1532814086747,5.69467003554784));
#2405=CARTESIAN_POINT('',(28.4725231025009,13.865874386568,5.9129822849017));
#2406=CARTESIAN_POINT('',(29.0798252592498,13.3253378293781,5.85610616918893));
#2407=CARTESIAN_POINT('',(29.1095668379169,13.3919019423659,5.59823619093722));
#2408=CARTESIAN_POINT('',(29.1678336381887,13.5366594128799,5.05343945476417));
#2409=CARTESIAN_POINT('',(29.1964628591657,13.7060380010554,4.51558235268416));
#2410=CARTESIAN_POINT('',(29.1825390283632,13.9063188462376,3.98623970501996));
#2411=CARTESIAN_POINT('',(29.1095668379169,13.3919019423659,5.59823619093722));
#2412=CARTESIAN_POINT('',(29.1825390283631,13.9063188462375,3.98623970501992));
#2413=CARTESIAN_POINT('',(29.1095668379169,13.3919019423659,5.59823619093721));
#2414=CARTESIAN_POINT('',(28.967580762962,13.5246256885912,5.59252507932398));
#2415=CARTESIAN_POINT('',(28.5462326316071,13.6184891263966,5.59879329468255));
#2416=CARTESIAN_POINT('',(28.2301736633371,13.3397166658556,5.63409409439074));
#2417=CARTESIAN_POINT('',(28.1483831955364,13.1645922057984,5.6513506766679));
#2418=CARTESIAN_POINT('',(28.1483831955375,13.1645922058009,5.6513506766688));
#2419=CARTESIAN_POINT('',(26.3250480741545,16.3599364764523,4.35107503513951E-12));
#2420=CARTESIAN_POINT('',(26.7952756129402,16.0841127677717,0.235760324229947));
#2421=CARTESIAN_POINT('',(27.5902432396658,15.4200187597571,0.894858857214672));
#2422=CARTESIAN_POINT('',(28.1695447344819,14.4337304602073,2.31491608752197));
#2423=CARTESIAN_POINT('',(28.3116204333557,13.6731926822476,3.94160312127011));
#2424=CARTESIAN_POINT('',(28.222890251243,13.3152017170811,5.07742998872579));
#2425=CARTESIAN_POINT('',(28.1483831955375,13.1645922058009,5.6513506766688));
#2426=CARTESIAN_POINT('',(26.3250480741545,16.3599364764523,4.35107503513951E-12));
#2427=CARTESIAN_POINT('',(27.4417455144975,16.3603248019402,-8.15876571927115E-12));
#2428=CARTESIAN_POINT('',(27.2613289407669,16.4521211816282,-7.40110481833446E-12));
#2429=CARTESIAN_POINT('',(26.9742503715756,16.5446169086219,-6.19550400152738E-12));
#2430=CARTESIAN_POINT('',(26.5660982660218,16.5508062500168,-4.48142078718012E-12));
#2431=CARTESIAN_POINT('',(26.3684605006659,16.4530347255847,-3.65139499846126E-12));
#2432=CARTESIAN_POINT('',(26.3250480741392,16.3599364764621,-3.46905839449957E-12));
#2433=CARTESIAN_POINT('',(27.4417455144975,16.3603248019402,-8.15876571927115E-12));
#2434=CARTESIAN_POINT('',(28.8658111726417,14.846969936566,1.99672753336396));
#2435=CARTESIAN_POINT('',(28.5985136198303,15.3153072710487,1.19433067575292));
#2436=CARTESIAN_POINT('',(28.1250322760941,15.8640885721453,0.494209189226002));
#2437=CARTESIAN_POINT('',(27.4417455144975,16.3603248019402,-8.15876571927115E-12));
#2438=CARTESIAN_POINT('',(28.8658111726417,14.846969936566,1.99672753336395));
#2439=CARTESIAN_POINT('',(28.8658111726417,14.846969936566,1.99672753336395));
#2440=CARTESIAN_POINT('',(28.826263950511,14.8145105406073,2.18212961048011));
#2441=CARTESIAN_POINT('',(28.7135139572767,14.6907063120491,2.53677455235735));
#2442=CARTESIAN_POINT('',(28.7336575663075,14.4290552225456,3.0622188720148));
#2443=CARTESIAN_POINT('',(28.9580106699565,14.2076961190608,3.54754631129901));
#2444=CARTESIAN_POINT('',(29.1131179443531,14.0169918884701,3.84508848682337));
#2445=CARTESIAN_POINT('',(29.1825390283631,13.9063188462375,3.98623970501992));
#2446=CARTESIAN_POINT('',(22.,5.66512,1.46969006026127E-11));
#2447=CARTESIAN_POINT('',(15.4501465794142,-3.66380799988263,2.25035114799912));
#2448=CARTESIAN_POINT('',(15.6647988874807,-3.5903513131975,2.92529821988208));
#2449=CARTESIAN_POINT('',(15.4794847878376,-3.26930343806016,3.51741375501795));
#2450=CARTESIAN_POINT('',(14.9664764916472,-2.71247110127709,4.01041806197537));
#2451=CARTESIAN_POINT('',(14.3243908883363,-2.08254421761166,4.14339578948272));
#2452=CARTESIAN_POINT('',(13.707270392122,-1.46180858669932,3.99958983056635));
#2453=CARTESIAN_POINT('',(13.2672646625873,-1.03515078247723,3.72399725407287));
#2454=CARTESIAN_POINT('',(12.8875644920767,-0.728861854944349,3.24434232300494));
#2455=CARTESIAN_POINT('',(12.6700766127889,-0.731593790235245,2.56689379814511));
#2456=CARTESIAN_POINT('',(12.7584328794449,-1.12870085925942,1.99226407268956));
#2457=CARTESIAN_POINT('',(13.0630280889798,-1.65643878865523,1.69032631629567));
#2458=CARTESIAN_POINT('',(13.4668297916699,-2.17418894451622,1.56294281024054));
#2459=CARTESIAN_POINT('',(13.9245304183863,-2.65307724216103,1.54136335254323));
#2460=CARTESIAN_POINT('',(14.4256923914592,-3.08683164616574,1.61141818424194));
#2461=CARTESIAN_POINT('',(14.9541261280967,-3.44802907897209,1.81441237104843));
#2462=CARTESIAN_POINT('',(15.4501465794142,-3.66380799988263,2.25035114799912));
#2463=CARTESIAN_POINT('',(15.6647988874807,-3.5903513131975,2.92529821988208));
#2464=CARTESIAN_POINT('',(15.4794847878376,-3.26930343806016,3.51741375501795));
#2465=CARTESIAN_POINT('',(15.5981378195208,-3.54908611511669,2.91149296375659));
#2466=CARTESIAN_POINT('',(31.3998578884047,-1.79428156298054,-2.47980988409487E-11));
#2467=CARTESIAN_POINT('',(30.645474024383,-2.49951852615749,0.569279382489537));
#2468=CARTESIAN_POINT('',(29.7823035434632,-3.11517478988089,1.11051979367734));
#2469=CARTESIAN_POINT('',(28.9833452460755,-3.45844710956303,1.90554043523515));
#2470=CARTESIAN_POINT('',(31.3998578884047,-1.79428156298053,-2.47703432653331E-11));
#2471=CARTESIAN_POINT('',(28.9833452460754,-3.45844710956303,1.90554043523515));
#2472=CARTESIAN_POINT('',(28.9833452460754,-3.45844710956305,1.90554043523512));
#2473=CARTESIAN_POINT('',(29.2959061059965,-3.2932343076114,1.68615662745314));
#2474=CARTESIAN_POINT('',(29.9694671038641,-2.78740462399424,1.51837122598741));
#2475=CARTESIAN_POINT('',(30.6782026199198,-2.0215940528755,1.56497229932414));
#2476=CARTESIAN_POINT('',(31.1206089639654,-1.35939825243363,1.83816536105725));
#2477=CARTESIAN_POINT('',(31.3157577624993,-0.901241242324084,2.25443753476163));
#2478=CARTESIAN_POINT('',(31.257515162096,-0.688583184396135,2.87977854278055));
#2479=CARTESIAN_POINT('',(30.9726705371716,-0.832298973612785,3.44988741205233));
#2480=CARTESIAN_POINT('',(30.5897975585425,-1.17234436214423,3.82841556710299));
#2481=CARTESIAN_POINT('',(30.0297413994711,-1.72631280080996,4.10382134456124));
#2482=CARTESIAN_POINT('',(29.4287976076978,-2.32782997179485,4.11071092465934));
#2483=CARTESIAN_POINT('',(28.8688374029252,-2.89204660961343,3.85083130572575));
#2484=CARTESIAN_POINT('',(28.5209202694477,-3.27802145787783,3.48826959330312));
#2485=CARTESIAN_POINT('',(28.353600318406,-3.57435728216299,2.93624935401266));
#2486=CARTESIAN_POINT('',(28.4741927950487,-3.63034665130471,2.50991737883707));
#2487=CARTESIAN_POINT('',(28.5804079725895,-3.61337702231504,2.33226090241265));
#2488=CARTESIAN_POINT('',(28.5804079725895,-3.61337702231506,2.33226090241264));
#2489=CARTESIAN_POINT('',(28.5804079725895,-3.61337702231506,2.33226090241264));
#2490=CARTESIAN_POINT('',(27.7685603362788,-3.88801679756633,3.24895970135076));
#2491=CARTESIAN_POINT('',(27.1369948592302,-3.86434244547266,4.38815495076532));
#2492=CARTESIAN_POINT('',(26.8193205045788,-3.66350528359595,5.59823619094194));
#2493=CARTESIAN_POINT('',(26.8193205045789,-3.66350528359595,5.59823619094194));
#2494=CARTESIAN_POINT('',(26.2519405312025,-3.86169991123389,5.84958904411364));
#2495=CARTESIAN_POINT('',(26.4552863896304,-3.77380769595881,5.83982975894671));
#2496=CARTESIAN_POINT('',(26.6367351225076,-3.72693120926734,5.70069412194241));
#2497=CARTESIAN_POINT('',(26.8193205045789,-3.66350528359596,5.59823619094194));
#2498=CARTESIAN_POINT('',(26.2519405311955,-3.86169991123769,5.84958904411083));
#2499=CARTESIAN_POINT('',(26.2519405311955,-3.86169991123769,5.84958904411081));
#2500=CARTESIAN_POINT('',(27.3747258419136,-3.22232509215899,6.32078754228784));
#2501=CARTESIAN_POINT('',(29.2185961845069,-1.54110696968527,7.52087746827556));
#2502=CARTESIAN_POINT('',(30.6330105285321,1.21420673477824,9.0816545014978));
#2503=CARTESIAN_POINT('',(31.2238419733058,3.75356733209293,9.89683198391642));
#2504=CARTESIAN_POINT('',(31.3658196808693,5.8022086689264,10.1125043185535));
#2505=CARTESIAN_POINT('',(31.1814923002814,7.84427252967631,9.83407054389176));
#2506=CARTESIAN_POINT('',(30.6944511187324,9.74110364553578,9.17693553459099));
#2507=CARTESIAN_POINT('',(29.9511375092644,11.4339735769404,8.33366969309159));
#2508=CARTESIAN_POINT('',(28.9314173406965,12.9701292126245,7.40462990603134));
#2509=CARTESIAN_POINT('',(27.663967823316,14.2774067820039,6.5178333372203));
#2510=CARTESIAN_POINT('',(25.5692786063514,15.725357027179,5.4633861319364));
#2511=CARTESIAN_POINT('',(22.9190008243933,16.4762131394721,4.87500510622048));
#2512=CARTESIAN_POINT('',(20.1645638899041,16.2097749303939,5.08318406794553));
#2513=CARTESIAN_POINT('',(17.6363598261092,15.3258992550742,5.75822240379435));
#2514=CARTESIAN_POINT('',(15.6366700015686,13.7232886723974,6.92746378114111));
#2515=CARTESIAN_POINT('',(14.2324261218735,11.7576586041073,8.14982695055177));
#2516=CARTESIAN_POINT('',(13.4233762378047,10.0693315463087,9.03093667259914));
#2517=CARTESIAN_POINT('',(12.8906507637257,8.22200902689954,9.73054649248891));
#2518=CARTESIAN_POINT('',(12.6438498828479,6.19820505773301,10.0972678317583));
#2519=CARTESIAN_POINT('',(12.7247586038781,4.12673601338658,9.97362281743592));
#2520=CARTESIAN_POINT('',(13.251703190992,1.5244167586138,9.2283003541188));
#2521=CARTESIAN_POINT('',(14.5878583464095,-1.26935963512702,7.69792407695456));
#2522=CARTESIAN_POINT('',(17.2467687922333,-3.88160291401749,5.85800445996365));
#2523=CARTESIAN_POINT('',(20.4564171012571,-5.05760726409764,4.94402425698116));
#2524=CARTESIAN_POINT('',(23.242669718417,-4.99032522086129,4.99709621733586));
#2525=CARTESIAN_POINT('',(24.5512473034566,-4.63070343466611,5.27380620179724));
#2526=CARTESIAN_POINT('',(25.1624264827366,-4.3866895521359,5.45796310996649));
#2527=CARTESIAN_POINT('',(25.1624264827365,-4.3866895521359,5.45796310996653));
#2528=CARTESIAN_POINT('',(25.1624264827365,-4.3866895521359,5.45796310996653));
#2529=CARTESIAN_POINT('',(25.3655668704096,-4.62514442067346,4.38153623661555));
#2530=CARTESIAN_POINT('',(26.0498963399193,-5.0138520123916,2.27921091855956));
#2531=CARTESIAN_POINT('',(27.6487959455504,-4.79281143513074,0.571892629004522));
#2532=CARTESIAN_POINT('',(28.5414462999124,-4.39517225745269,-1.27793909958171E-11));
#2533=CARTESIAN_POINT('',(28.5414462999124,-4.39517225745269,-1.27724521019132E-11));
#2534=CARTESIAN_POINT('',(22.,5.66512,1.46969006026127E-11));
#2535=CARTESIAN_POINT('',(10.8400398051987,1.25430505824028,6.1572441192647E-11));
#2536=CARTESIAN_POINT('',(10.8400398051987,1.25430505824028,6.1572441192647E-11));
#2537=CARTESIAN_POINT('',(10.7088749664691,1.81922416229926,0.319699677871467));
#2538=CARTESIAN_POINT('',(10.5148977745811,2.98934926252227,0.923708717286261));
#2539=CARTESIAN_POINT('',(10.6018877845351,4.56001616976323,2.1454626936147));
#2540=CARTESIAN_POINT('',(10.9919171796283,5.70157848651302,3.74074562990636));
#2541=CARTESIAN_POINT('',(11.3375237779746,6.06443800625421,4.96553747230404));
#2542=CARTESIAN_POINT('',(11.5115132697567,6.15577865586376,5.59823619097349));
#2543=CARTESIAN_POINT('',(11.5115132697567,6.15577865586377,5.59823619097349));
#2544=CARTESIAN_POINT('',(11.6255970163611,6.76455670472724,5.84999999999416));
#2545=CARTESIAN_POINT('',(11.6015038091477,6.53721061038051,5.84999999999421));
#2546=CARTESIAN_POINT('',(11.5489884909477,6.35141500197116,5.70382440543149));
#2547=CARTESIAN_POINT('',(11.5115132697567,6.15577865586377,5.59823619097349));
#2548=CARTESIAN_POINT('',(11.6255970163611,6.76455670472724,5.84999999999416));
#2549=CARTESIAN_POINT('',(22.0000000000086,5.66512000000526,5.84999999997238));
#2550=CARTESIAN_POINT('',(11.7063028684319,7.36123252521471,5.84999999999399));
#2551=CARTESIAN_POINT('',(11.7063028684319,7.36123252521471,5.84999999999399));
#2552=CARTESIAN_POINT('',(11.7424913584593,7.58086026243978,5.84999999999392));
#2553=CARTESIAN_POINT('',(11.738840393616,7.76585289393128,5.70168013433673));
#2554=CARTESIAN_POINT('',(11.7536271294774,7.95879452034727,5.59823619097299));
#2555=CARTESIAN_POINT('',(11.7536271294774,7.95879452034729,5.59823619097299));
#2556=CARTESIAN_POINT('',(11.7536271294774,7.95879452034729,5.59823619097299));
#2557=CARTESIAN_POINT('',(11.4423088616673,7.91462838212238,4.50044707774774));
#2558=CARTESIAN_POINT('',(10.7428151476028,7.52972526084303,2.31928881475338));
#2559=CARTESIAN_POINT('',(10.1204973271412,6.0185713998621,0.581593946403545));
#2560=CARTESIAN_POINT('',(10.0168081855906,5.03020745557276,6.50288585229242E-11));
#2561=CARTESIAN_POINT('',(10.0168081855906,5.03020745557275,6.50288585229242E-11));
#2562=CARTESIAN_POINT('',(22.,5.66512,1.46969006026127E-11));
#2563=CARTESIAN_POINT('',(23.7601023063971,17.5353365048079,7.30942056223363E-12));
#2564=CARTESIAN_POINT('',(23.7601023063971,17.5353365048079,7.30942056223363E-12));
#2565=CARTESIAN_POINT('',(24.3149190209657,17.3664690352036,0.319699677817672));
#2566=CARTESIAN_POINT('',(25.4252656793202,16.9493956610254,0.923708717232461));
#2567=CARTESIAN_POINT('',(26.7420081169204,16.0887266489112,2.14546269355851));
#2568=CARTESIAN_POINT('',(27.5356153857009,15.1801701261629,3.74074562985799));
#2569=CARTESIAN_POINT('',(27.6770576486362,14.6994362724108,4.96553747226559));
#2570=CARTESIAN_POINT('',(27.6691662257078,14.5030866277331,5.59823619094019));
#2571=CARTESIAN_POINT('',(27.6691662257079,14.5030866277331,5.59823619094019));
#2572=CARTESIAN_POINT('',(28.1393416079914,14.0998981805679,5.84999999995948));
#2573=CARTESIAN_POINT('',(27.9545007184394,14.2344365572492,5.84999999995989));
#2574=CARTESIAN_POINT('',(27.8198546607478,14.3728139611139,5.70382440540007));
#2575=CARTESIAN_POINT('',(27.6691662257079,14.5030866277331,5.59823619094018));
#2576=CARTESIAN_POINT('',(28.1393416079914,14.0998981805679,5.84999999995949));
#2577=CARTESIAN_POINT('',(22.0000000000086,5.66512000000526,5.84999999997238));
#2578=CARTESIAN_POINT('',(28.6157251003025,13.7316669522113,5.84999999995849));
#2579=CARTESIAN_POINT('',(28.6157251003025,13.7316669522113,5.84999999995848));
#2580=CARTESIAN_POINT('',(28.7878340551049,13.590512931908,5.84999999995812));
#2581=CARTESIAN_POINT('',(28.9498678559185,13.5011784444786,5.70168013429086));
#2582=CARTESIAN_POINT('',(29.109566837917,13.3919019423659,5.59823619093722));
#2583=CARTESIAN_POINT('',(29.1825390283631,13.9063188462375,3.98623970501992));
#2584=CARTESIAN_POINT('',(29.4044613338399,13.6824333276035,4.07196967022355));
#2585=CARTESIAN_POINT('',(29.8698887037306,13.2201419813678,4.12576380032574));
#2586=CARTESIAN_POINT('',(30.5436780907688,12.5399134215458,3.90586575417501));
#2587=CARTESIAN_POINT('',(31.0454476651513,12.0947175609886,3.37294103700148));
#2588=CARTESIAN_POINT('',(31.2767051712968,12.0557181520831,2.74290713139773));
#2589=CARTESIAN_POINT('',(31.2993626417312,12.2460672466853,2.271010754636));
#2590=CARTESIAN_POINT('',(31.1691602153926,12.5839729241619,1.92475286299342));
#2591=CARTESIAN_POINT('',(30.8640444126716,13.0960707562966,1.64374858010632));
#2592=CARTESIAN_POINT('',(30.3474800986619,13.7253967971887,1.53025298549503));
#2593=CARTESIAN_POINT('',(29.6317216601121,14.3885293604076,1.58013717159677));
#2594=CARTESIAN_POINT('',(29.1013418522576,14.7384060380576,1.79481173201123));
#2595=CARTESIAN_POINT('',(28.8658111726417,14.846969936566,1.99672753336395));
#2596=CARTESIAN_POINT('',(22.,5.66512,1.46969006026127E-11));
#2597=CARTESIAN_POINT('',(12.6754152031078,12.2211550688389,2.25035114798253));
#2598=CARTESIAN_POINT('',(12.7487296050155,12.0064541218072,2.92529821987791));
#2599=CARTESIAN_POINT('',(13.069900233312,12.1915553945704,3.51741375503242));
#2600=CARTESIAN_POINT('',(13.627072462737,12.7041945171741,4.01041806200265));
#2601=CARTESIAN_POINT('',(14.2574247736828,13.3458624724808,4.14339578951315));
#2602=CARTESIAN_POINT('',(14.8785692873586,13.9625714180065,3.99958983059606));
#2603=CARTESIAN_POINT('',(15.3055186277079,14.4022942679032,3.72399725409981));
#2604=CARTESIAN_POINT('',(15.6120591480993,14.7817913508785,3.24434232302472));
#2605=CARTESIAN_POINT('',(15.6094713614353,14.9992809930953,2.56689379815549));
#2606=CARTESIAN_POINT('',(15.2123058182947,14.9111879430295,1.99226407267951));
#2607=CARTESIAN_POINT('',(14.6843661232292,14.606942577933,1.69032631627887));
#2608=CARTESIAN_POINT('',(14.1663484467875,14.2034841217077,1.56294281022257));
#2609=CARTESIAN_POINT('',(13.6871568965466,13.7461009961751,1.54136335252665));
#2610=CARTESIAN_POINT('',(13.2530704244518,13.2452266197084,1.61141818422481));
#2611=CARTESIAN_POINT('',(12.8915228322574,12.7170323958816,1.8144123710313));
#2612=CARTESIAN_POINT('',(12.6754152031078,12.2211550688389,2.25035114798253));
#2613=CARTESIAN_POINT('',(12.7487296050155,12.0064541218072,2.92529821987791));
#2614=CARTESIAN_POINT('',(13.069900233312,12.1915553945704,3.51741375503242));
#2615=CARTESIAN_POINT('',(12.7900389760857,12.0730878251147,2.91149296375345));
#2616=CARTESIAN_POINT('',(21.9999999998649,132.866442376868,18.2499999999723));
#2617=CARTESIAN_POINT('',(14.3208926447928,-1.25643019254534,9.02875766349276));
#2618=CARTESIAN_POINT('',(13.7268946051678,-0.258505033552934,9.52341711918096));
#2619=CARTESIAN_POINT('',(12.8371189461464,1.89778391097907,10.4616212372212));
#2620=CARTESIAN_POINT('',(12.3511424397335,5.67245087612928,11.1218924277484));
#2621=CARTESIAN_POINT('',(12.8336030021401,9.4207240098868,10.4647842155664));
#2622=CARTESIAN_POINT('',(13.7333144385598,11.5995304449928,9.5180709209103));
#2623=CARTESIAN_POINT('',(14.3208926447555,12.5866701924861,9.02875766351711));
#2624=CARTESIAN_POINT('',(14.3208926447928,-1.25643019254534,9.02875766349278));
#2625=CARTESIAN_POINT('',(14.3208926447555,12.5866701924861,9.02875766351713));
#2626=CARTESIAN_POINT('',(14.3208926447555,12.5866701924861,9.02875766351711));
#2627=CARTESIAN_POINT('',(13.5897302088977,12.1175434861382,9.63764252241833));
#2628=CARTESIAN_POINT('',(12.1089481318105,11.9229684664435,11.2056794604396));
#2629=CARTESIAN_POINT('',(11.1413181532282,12.3609428919653,13.0401570395787));
#2630=CARTESIAN_POINT('',(10.7778121560865,12.5971158472014,14.0000000001305));
#2631=CARTESIAN_POINT('',(10.7778121560865,12.5971158472014,14.0000000001305));
#2632=CARTESIAN_POINT('',(10.7778121560993,132.866442376869,14.0000000000618));
#2633=CARTESIAN_POINT('',(10.777812156085,-1.266875847238,14.0000000001385));
#2634=CARTESIAN_POINT('',(10.777812156085,-1.26687584723799,14.0000000001385));
#2635=CARTESIAN_POINT('',(11.1413181532299,-1.03070289199951,13.0401570395782));
#2636=CARTESIAN_POINT('',(12.1089481318206,-0.592728466472415,11.2056794604249));
#2637=CARTESIAN_POINT('',(13.5897302089325,-0.787303486182363,9.63764252239038));
#2638=CARTESIAN_POINT('',(14.3208926447928,-1.25643019254535,9.02875766349277));
#2639=CARTESIAN_POINT('',(21.9999999998649,132.866442376868,18.2499999999723));
#2640=CARTESIAN_POINT('',(33.2221878435948,132.866442376867,13.9999999999675));
#2641=CARTESIAN_POINT('',(33.2221878435805,-1.2628182005675,14.0000000000442));
#2642=CARTESIAN_POINT('',(33.222187843582,12.593058200533,14.0000000000363));
#2643=CARTESIAN_POINT('',(33.222187843582,12.593058200533,14.0000000000363));
#2644=CARTESIAN_POINT('',(32.8582564138288,12.3577518411294,13.0390336784076));
#2645=CARTESIAN_POINT('',(31.889485214312,11.9213290404849,11.2027490087284));
#2646=CARTESIAN_POINT('',(30.4058030582704,12.1207474241953,9.63340147311851));
#2647=CARTESIAN_POINT('',(29.6752095110667,12.593213676097,9.02551307886432));
#2648=CARTESIAN_POINT('',(29.6752095110667,12.593213676097,9.02551307886432));
#2649=CARTESIAN_POINT('',(29.675209511067,12.5932136760968,9.02551307886364));
#2650=CARTESIAN_POINT('',(30.2674032316371,11.5998231512028,9.5182462699284));
#2651=CARTESIAN_POINT('',(31.1631730940028,9.43475813968888,10.4613597285236));
#2652=CARTESIAN_POINT('',(31.6485712655109,5.66294618695859,11.1216528932456));
#2653=CARTESIAN_POINT('',(31.1672514928614,1.91227117525771,10.4660056156373));
#2654=CARTESIAN_POINT('',(30.2673749523794,-0.269630588977537,9.51822274025293));
#2655=CARTESIAN_POINT('',(29.6752095110278,-1.26297367615715,9.02551307884111));
#2656=CARTESIAN_POINT('',(29.6752095110278,-1.26297367615716,9.02551307884111));
#2657=CARTESIAN_POINT('',(29.6752095110278,-1.26297367615717,9.02551307884112));
#2658=CARTESIAN_POINT('',(30.4058030582336,-0.790507424240053,9.63340147309138));
#2659=CARTESIAN_POINT('',(31.8894852142993,-0.591089040513416,11.2027490087141));
#2660=CARTESIAN_POINT('',(32.8582564138244,-1.02751184116213,13.0390336784072));
#2661=CARTESIAN_POINT('',(33.2221878435805,-1.2628182005675,14.0000000000442));
#2662=CARTESIAN_POINT('',(21.9999999998649,132.866442376868,18.2499999999723));
#2663=CARTESIAN_POINT('',(17.1631956335113,17.4651200000004,7.26795449285969));
#2664=CARTESIAN_POINT('',(16.8199077845105,17.4651200000003,7.41914819952151));
#2665=CARTESIAN_POINT('',(16.1600361682174,17.1598905690826,7.7562709999037));
#2666=CARTESIAN_POINT('',(15.9050880699007,16.4056809882131,7.91298859858354));
#2667=CARTESIAN_POINT('',(15.9412608839178,16.032466938771,7.89183026185448));
#2668=CARTESIAN_POINT('',(17.1631956335113,17.4651200000004,7.26795449285969));
#2669=CARTESIAN_POINT('',(15.9412608839178,16.032466938771,7.89183026185448));
#2670=CARTESIAN_POINT('',(15.9412608839178,16.032466938771,7.89183026185448));
#2671=CARTESIAN_POINT('',(15.9911255789371,15.5179865131266,7.86266321923491));
#2672=CARTESIAN_POINT('',(15.9338971552335,14.9970577506833,7.89461099134922));
#2673=CARTESIAN_POINT('',(15.7816574674926,14.517844180264,7.98685154792027));
#2674=CARTESIAN_POINT('',(15.7816574674926,14.517844180264,7.98685154792015));
#2675=CARTESIAN_POINT('',(15.7816574674925,14.517844180264,7.98685154792013));
#2676=CARTESIAN_POINT('',(16.5560356062088,15.327361350489,7.51766331210949));
#2677=CARTESIAN_POINT('',(18.4004285275927,16.7237780593504,6.63475924102538));
#2678=CARTESIAN_POINT('',(22.0217756581806,17.5833320857156,6.05446487914034));
#2679=CARTESIAN_POINT('',(25.6369055875686,16.7047096732544,6.64748877400469));
#2680=CARTESIAN_POINT('',(27.4649908764888,15.3075306404945,7.52945287001042));
#2681=CARTESIAN_POINT('',(28.2277446446413,14.5080021028827,7.99255408795726));
#2682=CARTESIAN_POINT('',(28.2277446446412,14.5080021028827,7.99255408795728));
#2683=CARTESIAN_POINT('',(28.2277446446413,14.5080021028827,7.99255408795727));
#2684=CARTESIAN_POINT('',(28.0731911252747,14.9898910600674,7.89871787757687));
#2685=CARTESIAN_POINT('',(28.0147928444164,15.5144573864605,7.8660868370297));
#2686=CARTESIAN_POINT('',(28.0649995909817,16.0324669387711,7.895494702363));
#2687=CARTESIAN_POINT('',(28.0649995909817,16.0324669387711,7.895494702363));
#2688=CARTESIAN_POINT('',(28.0649995909817,16.0324669387711,7.895494702363));
#2689=CARTESIAN_POINT('',(28.1012830550999,16.4068226238127,7.91674720923929));
#2690=CARTESIAN_POINT('',(27.8449343279445,17.1602916440383,7.75908489092431));
#2691=CARTESIAN_POINT('',(27.1871230487644,17.4651200000004,7.42248117863348));
#2692=CARTESIAN_POINT('',(26.843064841383,17.4651200000004,7.27071391483529));
#2693=CARTESIAN_POINT('',(26.843064841383,17.4651200000004,7.27071391483529));
#2694=CARTESIAN_POINT('',(21.9999999998526,17.4651200000004,18.2500000000383));
#2695=CARTESIAN_POINT('',(31.999999999937,-4.33488000001782,10.9999999999727));
#2696=CARTESIAN_POINT('',(31.9999999999017,-4.33488000001782,2.59999999997269));
#2697=CARTESIAN_POINT('',(33.5999999999017,-4.33488000001782,2.59999999996598));
#2698=CARTESIAN_POINT('',(30.5890230194776,-3.58046369543942,10.9999999999769));
#2699=CARTESIAN_POINT('',(30.5890230194316,-3.58046369543942,0.0396352765786522));
#2700=CARTESIAN_POINT('',(30.5890230194176,-3.58046369546527,-6.96653896327774E-12));
#2701=CARTESIAN_POINT('',(30.5890230130486,-3.58046369990884,0.0396352634507032));
#2702=CARTESIAN_POINT('',(30.6007616708186,-3.55850900994845,0.0264532587392031));
#2703=CARTESIAN_POINT('',(30.6129982262975,-3.53685471272289,0.0132400184891676));
#2704=CARTESIAN_POINT('',(30.6257320539383,-3.51549754186557,3.17496119439186E-7));
#2705=CARTESIAN_POINT('',(30.6257319684278,-3.51549768528391,-2.32814011062744E-11));
#2706=CARTESIAN_POINT('',(31.9999999998908,-4.33488000001783,-2.72970841009348E-11));
#2707=CARTESIAN_POINT('',(26.4843186041735,-4.62163192490488,7.11937168647758));
#2708=CARTESIAN_POINT('',(25.9979325134559,-3.66610217011448,6.9234159745403));
#2709=CARTESIAN_POINT('',(26.445529092742,-3.74820722831358,5.93300028191235));
#2710=CARTESIAN_POINT('',(27.6212568848884,-3.89479855025262,7.57659027669299));
#2711=CARTESIAN_POINT('',(27.0403833397171,-3.11407746752085,7.28968163714541));
#2712=CARTESIAN_POINT('',(27.5677789450266,-3.07289751204817,6.42832042131287));
#2713=CARTESIAN_POINT('',(29.4994975067646,-1.97974710720093,8.73546533686712));
#2714=CARTESIAN_POINT('',(28.9163202370039,-1.60123940301542,8.27178284437195));
#2715=CARTESIAN_POINT('',(29.4091899939268,-1.29827084832523,7.68376840316908));
#2716=CARTESIAN_POINT('',(30.9145181779729,1.15554364748502,10.1854998823076));
#2717=CARTESIAN_POINT('',(30.5442093819674,1.37407632979268,9.77179739086275));
#2718=CARTESIAN_POINT('',(30.7687396800239,1.57360147117567,9.25463916073047));
#2719=CARTESIAN_POINT('',(31.457491322261,4.05004840615071,10.8612412648354));
#2720=CARTESIAN_POINT('',(31.1496705744448,4.1322283366522,10.467439410072));
#2721=CARTESIAN_POINT('',(31.2839239693237,4.20228087105029,9.98669232513602));
#2722=CARTESIAN_POINT('',(31.5303585166921,6.32460381451574,10.9586074750527));
#2723=CARTESIAN_POINT('',(31.231063675951,6.29147879343139,10.5672789816203));
#2724=CARTESIAN_POINT('',(31.3527030199648,6.26225523127259,10.092172386205));
#2725=CARTESIAN_POINT('',(31.2602212497696,8.5630359997795,10.6080460812187));
#2726=CARTESIAN_POINT('',(30.9308212705517,8.41161182917241,10.2084086888461));
#2727=CARTESIAN_POINT('',(31.0971643011855,8.29191697239366,9.71239754288467));
#2728=CARTESIAN_POINT('',(30.6719769327652,10.6341079202665,9.93360214717841));
#2729=CARTESIAN_POINT('',(30.2840878174631,10.3503287435964,9.52827703838633));
#2730=CARTESIAN_POINT('',(30.5358823856788,10.1783593727492,8.98174994767418));
#2731=CARTESIAN_POINT('',(29.8119089822984,12.4759429466479,9.10858460221557));
#2732=CARTESIAN_POINT('',(29.3509533095314,12.0428783329116,8.71470192107022));
#2733=CARTESIAN_POINT('',(29.7068183322311,11.8656166447789,8.08798094063076));
#2734=CARTESIAN_POINT('',(28.6540550935818,14.1299475818274,8.22401401291846));
#2735=CARTESIAN_POINT('',(28.1241805944444,13.5148474727899,7.87396834442808));
#2736=CARTESIAN_POINT('',(28.5797803086378,13.3894914754962,7.12969613555843));
#2737=CARTESIAN_POINT('',(27.2349195687537,15.5052656859211,7.40507269474207));
#2738=CARTESIAN_POINT('',(26.6750674611441,14.6750069145309,7.14017056617594));
#2739=CARTESIAN_POINT('',(27.1871279304325,14.6630462918485,6.24250970753347));
#2740=CARTESIAN_POINT('',(25.50166133171,16.5885310914331,6.71667436281307));
#2741=CARTESIAN_POINT('',(25.0085824125871,15.5139582508581,6.57846740301241));
#2742=CARTESIAN_POINT('',(25.4755096894658,15.6701929496956,5.49674484794307));
#2743=CARTESIAN_POINT('',(23.5183848270429,17.2401475252965,6.28604764713945));
#2744=CARTESIAN_POINT('',(23.2602950282081,15.9590131848399,6.27180819737584));
#2745=CARTESIAN_POINT('',(23.508577496441,16.2777608039193,5.03023257262926));
#2746=CARTESIAN_POINT('',(21.4140281947046,17.3647483033763,6.20249343586454));
#2747=CARTESIAN_POINT('',(21.5177473182371,16.0371433112273,6.21764627027369));
#2748=CARTESIAN_POINT('',(21.4176959177066,16.3940764337509,4.93971551041399));
#2749=CARTESIAN_POINT('',(19.3525780913515,16.9369603030444,6.48778574047941));
#2750=CARTESIAN_POINT('',(19.7633912707793,15.7587986358032,6.41028168691822));
#2751=CARTESIAN_POINT('',(19.3709317990565,15.9949176702843,5.24878217374595));
#2752=CARTESIAN_POINT('',(17.5027936476352,16.0351130741893,7.07288867850893));
#2753=CARTESIAN_POINT('',(18.0506725384662,15.0978511847888,6.86004861409354));
#2754=CARTESIAN_POINT('',(17.5401997579016,15.1551954476199,5.88264368994384));
#2755=CARTESIAN_POINT('',(15.919094191002,14.7542514059845,7.86115215275351));
#2756=CARTESIAN_POINT('',(16.4702896757732,14.0513081694276,7.54210788677371));
#2757=CARTESIAN_POINT('',(15.9814290502922,13.9668813988925,6.73659578704141));
#2758=CARTESIAN_POINT('',(14.2309919671122,12.7046290562973,9.01409799581955));
#2759=CARTESIAN_POINT('',(14.7435770047809,12.3051997543208,8.58839420247914));
#2760=CARTESIAN_POINT('',(14.3321002356033,12.0741109462198,7.9856204503621));
#2761=CARTESIAN_POINT('',(13.0920023865454,10.1971144719213,10.1777994013208));
#2762=CARTESIAN_POINT('',(13.4638162774562,9.9781733723763,9.76309224387664));
#2763=CARTESIAN_POINT('',(13.2374521153631,9.77708425670091,9.24629697298774));
#2764=CARTESIAN_POINT('',(12.5433890345667,7.29380315210712,10.8598049896948));
#2765=CARTESIAN_POINT('',(12.8513582944433,7.21155179425978,10.4659649567423));
#2766=CARTESIAN_POINT('',(12.7168973885312,7.14023926210614,9.98513636039247));
#2767=CARTESIAN_POINT('',(12.4441382123575,4.24110756181535,10.9940334882448));
#2768=CARTESIAN_POINT('',(12.7398260341067,4.3144350133368,10.6039214834493));
#2769=CARTESIAN_POINT('',(12.6232883073679,4.3758431553879,10.1305505671547));
#2770=CARTESIAN_POINT('',(13.1855928963967,0.589836738293549,10.0169909081627));
#2771=CARTESIAN_POINT('',(13.5986740095885,0.77052701285651,9.56593316303092));
#2772=CARTESIAN_POINT('',(13.3239416085189,1.06067389194156,9.07208777206609));
#2773=CARTESIAN_POINT('',(15.1992276628348,-2.91789494022746,8.19623527768433));
#2774=CARTESIAN_POINT('',(15.8571372978498,-2.42880618909922,7.75406396640809));
#2775=CARTESIAN_POINT('',(15.2711487802103,-2.16490729191699,7.09960250571532));
#2776=CARTESIAN_POINT('',(17.8559421204972,-5.04990470835134,6.85447219169931));
#2777=CARTESIAN_POINT('',(18.4713330357142,-4.05593953750953,6.6660699020425));
#2778=CARTESIAN_POINT('',(17.8872789378011,-4.14563390212065,5.64602582923255));
#2779=CARTESIAN_POINT('',(20.5021031179044,-5.91476238837698,6.28281789069598));
#2780=CARTESIAN_POINT('',(20.7564110950208,-4.63119908049253,6.27024458024394));
#2781=CARTESIAN_POINT('',(20.5117771910508,-4.95205208105383,5.02673366981325));
#2782=CARTESIAN_POINT('',(22.6184234814305,-6.03243558791857,6.20385007979608));
#2783=CARTESIAN_POINT('',(22.509333833447,-4.70582312898193,6.21828797240116));
#2784=CARTESIAN_POINT('',(22.6145469141543,-5.06190378587456,4.94118520800582));
#2785=CARTESIAN_POINT('',(24.6800021982128,-5.59653581344649,6.4946532710903));
#2786=CARTESIAN_POINT('',(24.2650075959685,-4.42155447244586,6.41541342815837));
#2787=CARTESIAN_POINT('',(24.6613821503978,-4.65516999491367,5.25622199857536));
#2788=CARTESIAN_POINT('',(25.9158494638161,-4.98504861223101,6.89076239136988));
#2789=CARTESIAN_POINT('',(25.4374828731544,-3.96288551779122,6.7265016897696));
#2790=CARTESIAN_POINT('',(25.8844041665997,-4.08586208644629,5.68534021221209));
#2791=CARTESIAN_POINT('',(26.4843186041735,-4.62163192490488,7.11937168647758));
#2792=CARTESIAN_POINT('',(25.9979325134559,-3.66610217011448,6.9234159745403));
#2793=CARTESIAN_POINT('',(26.445529092742,-3.74820722831358,5.93300028191235));
#2794=CARTESIAN_POINT('',(15.7816574674926,14.5178441802641,7.98685154792028));
#2795=CARTESIAN_POINT('',(15.5763625515204,14.1484070403174,8.11123775490375));
#2796=CARTESIAN_POINT('',(15.0994120805576,13.4519463234461,8.38074697693305));
#2797=CARTESIAN_POINT('',(14.5868725061833,12.8592413102944,8.80725953607817));
#2798=CARTESIAN_POINT('',(14.3208926447553,12.5866701924861,9.02875766351728));
#2799=CARTESIAN_POINT('',(14.3208926447926,-1.25643019254533,9.02875766349294));
#2800=CARTESIAN_POINT('',(14.5870190660572,-1.52915150210344,8.80713748647981));
#2801=CARTESIAN_POINT('',(15.0958283727813,-2.11709169554693,8.38328834948413));
#2802=CARTESIAN_POINT('',(15.5762494302019,-2.81796347356819,8.11130629402719));
#2803=CARTESIAN_POINT('',(15.781657467474,-3.18760418024061,7.98685154794058));
#2804=CARTESIAN_POINT('',(15.781657467474,-3.18760418024082,7.98685154794055));
#2805=CARTESIAN_POINT('',(28.2277446446605,-3.1777621028575,7.99255408798017));
#2806=CARTESIAN_POINT('',(27.4602993464457,-3.9822083640256,7.52660443666273));
#2807=CARTESIAN_POINT('',(25.6272997045403,-5.37797046360543,6.64509797288887));
#2808=CARTESIAN_POINT('',(22.0184654654474,-6.25417339764481,6.05374967430788));
#2809=CARTESIAN_POINT('',(18.3819510777632,-5.38580144512499,6.63995130042618));
#2810=CARTESIAN_POINT('',(16.5493849662325,-3.99016892378118,7.52169287065187));
#2811=CARTESIAN_POINT('',(15.781657467474,-3.18760418024081,7.98685154794054));
#2812=CARTESIAN_POINT('',(28.2277446446605,-3.17776210285749,7.99255408798019));
#2813=CARTESIAN_POINT('',(28.2277446446605,-3.17776210285748,7.99255408798019));
#2814=CARTESIAN_POINT('',(28.431553052321,-2.81187546561074,8.11629509819374));
#2815=CARTESIAN_POINT('',(28.9039413784384,-2.12185872083483,8.38468159786359));
#2816=CARTESIAN_POINT('',(29.411775606435,-1.53367882977962,8.80632360766862));
#2817=CARTESIAN_POINT('',(29.6752095110282,-1.26297367615714,9.02551307884146));
#2818=CARTESIAN_POINT('',(29.6752095110671,12.5932136760969,9.02551307886467));
#2819=CARTESIAN_POINT('',(29.4116346934721,12.8640636322048,8.80620636140587));
#2820=CARTESIAN_POINT('',(28.9074181399939,13.4476169281166,8.38714855836657));
#2821=CARTESIAN_POINT('',(28.4316620711387,14.1419197497945,8.1163612882812));
#2822=CARTESIAN_POINT('',(28.2277446446412,14.5080021028827,7.99255408795727));
#2823=CARTESIAN_POINT('',(26.2519405312025,-3.86169991123389,5.84958904411364));
#2824=CARTESIAN_POINT('',(26.2463123769281,-3.86413256932147,5.84985915909386));
#2825=CARTESIAN_POINT('',(26.2406971031682,-3.86660169150329,5.84999999996343));
#2826=CARTESIAN_POINT('',(26.2350945286202,-3.86910750712726,5.84999999996348));
#2827=CARTESIAN_POINT('',(26.2350945286201,-3.86910750712713,5.84999999996348));
#2828=CARTESIAN_POINT('',(26.2350945286201,-3.86910750712714,5.84999999996348));
#2829=CARTESIAN_POINT('',(26.0502977141006,-3.95175999860463,5.84999999996387));
#2830=CARTESIAN_POINT('',(25.8663116395379,-4.03626085917172,5.84999999996426));
#2831=CARTESIAN_POINT('',(25.6820767212973,-4.12019439237488,5.84999999996464));
#2832=CARTESIAN_POINT('',(25.6820767212973,-4.12019439237489,5.84999999996464));
#2833=CARTESIAN_POINT('',(25.6820767212929,-4.12019439236477,5.84999999996464));
#2834=CARTESIAN_POINT('',(25.4922935849881,-4.20665557640393,5.84999999996505));
#2835=CARTESIAN_POINT('',(25.3268037362032,-4.28163620161749,5.73109740258321));
#2836=CARTESIAN_POINT('',(25.1627682622724,-4.35318028488666,5.6295376510886));
#2837=CARTESIAN_POINT('',(25.1627682622697,-4.35318028489038,5.62953765108918));
#2838=CARTESIAN_POINT('',(25.1627682622697,-4.35318028489037,5.62953765108918));
#2839=CARTESIAN_POINT('',(25.1582074567525,-4.36113674559836,5.57227054145354));
#2840=CARTESIAN_POINT('',(25.1578604244483,-4.37208552689397,5.51506784119361));
#2841=CARTESIAN_POINT('',(25.1624264827345,-4.38668955213961,5.4579631099671));
#2842=CARTESIAN_POINT('',(22.0000000000588,5.66512,14.0000000000147));
#2843=CARTESIAN_POINT('',(10.7778121560865,12.5971158472014,14.0000000001305));
#2844=CARTESIAN_POINT('',(10.7778121560866,12.6166064868926,14.0000000001305));
#2845=CARTESIAN_POINT('',(10.7769845828461,12.6360621757015,14.0000000000618));
#2846=CARTESIAN_POINT('',(10.7753471095401,12.6554836600188,14.0000000000618));
#2847=CARTESIAN_POINT('',(10.77534710954,12.6554836600188,14.0000000000618));
#2848=CARTESIAN_POINT('',(11.5000000000588,10.791381144527,14.0000000000588));
#2849=CARTESIAN_POINT('',(9.50000000005879,10.791381144527,14.0000000000672));
#2850=CARTESIAN_POINT('',(9.50000000005879,5.66512,14.0000000000672));
#2851=CARTESIAN_POINT('',(9.50000000005879,0.5388588554372,14.0000000000672));
#2852=CARTESIAN_POINT('',(11.5000000000588,0.5388588554372,14.0000000000588));
#2853=CARTESIAN_POINT('',(10.7753471095415,-1.32524366005514,14.0000000000618));
#2854=CARTESIAN_POINT('',(10.7753471095415,-1.32524366005514,14.0000000000618));
#2855=CARTESIAN_POINT('',(10.7769845828475,-1.30582217573831,14.0000000000618));
#2856=CARTESIAN_POINT('',(10.7778121561136,-1.28636648693187,14.0000000000618));
#2857=CARTESIAN_POINT('',(10.777812156114,-1.26687584724044,14.0000000000618));
#2858=CARTESIAN_POINT('',(32.5000000000462,16.16512,10.9999999999706));
#2859=CARTESIAN_POINT('',(32.5000000000109,16.16512,2.5999999999706));
#2860=CARTESIAN_POINT('',(34.5000000000109,16.16512,2.5999999999622));
#2861=CARTESIAN_POINT('',(32.5000000000109,18.16512,2.5999999999706));
#2862=CARTESIAN_POINT('',(34.5000000000462,16.16512,10.9999999999622));
#2863=CARTESIAN_POINT('',(34.5,16.16512,-3.77937846251956E-11));
#2864=CARTESIAN_POINT('',(32.5,16.16512,-2.94014793398892E-11));
#2865=CARTESIAN_POINT('',(32.5,18.16512,-2.94088654722021E-11));
#2866=CARTESIAN_POINT('',(32.5000000000462,18.16512,10.9999999999706));
#2867=CARTESIAN_POINT('',(11.5000000000462,16.16512,11.0000000000588));
#2868=CARTESIAN_POINT('',(11.5000000000109,16.16512,2.60000000005879));
#2869=CARTESIAN_POINT('',(11.5000000000109,18.16512,2.60000000005879));
#2870=CARTESIAN_POINT('',(9.50000000001092,16.16512,2.60000000006719));
#2871=CARTESIAN_POINT('',(11.5000000000462,18.16512,11.0000000000588));
#2872=CARTESIAN_POINT('',(11.5,18.16512,5.879013730341E-11));
#2873=CARTESIAN_POINT('',(11.5,16.16512,5.8797523435723E-11));
#2874=CARTESIAN_POINT('',(9.5,16.16512,6.71898287210294E-11));
#2875=CARTESIAN_POINT('',(9.5000000000462,16.16512,11.0000000000672));
#2876=CARTESIAN_POINT('',(11.5000000000462,-4.83488,11.0000000000588));
#2877=CARTESIAN_POINT('',(11.5000000000109,-4.83488,2.60000000005879));
#2878=CARTESIAN_POINT('',(9.50000000001092,-4.83488,2.60000000006719));
#2879=CARTESIAN_POINT('',(11.5000000000109,-6.83488,2.60000000005879));
#2880=CARTESIAN_POINT('',(9.50000000004619,-4.83488,11.0000000000672));
#2881=CARTESIAN_POINT('',(9.5,-4.83488,6.71875858304209E-11));
#2882=CARTESIAN_POINT('',(11.5,-4.83488,5.87952805451145E-11));
#2883=CARTESIAN_POINT('',(11.5,-6.83488,5.88026666774275E-11));
#2884=CARTESIAN_POINT('',(11.5000000000462,-6.83488,11.0000000000588));
#2885=CARTESIAN_POINT('',(12.00662566938,-4.33488000001782,11.0000000000567));
#2886=CARTESIAN_POINT('',(12.0066256693338,-4.33488000001782,5.66675323834169E-11));
#2887=CARTESIAN_POINT('',(13.6066256693338,-4.33488000001782,4.99481370400487E-11));
#2888=CARTESIAN_POINT('',(12.0066256693447,-4.33488000001782,2.60000000005666));
#2889=CARTESIAN_POINT('',(13.6066256693447,-4.33488000001782,2.60000000004994));
#2890=CARTESIAN_POINT('',(31.999999999937,15.665119999982,10.9999999999727));
#2891=CARTESIAN_POINT('',(31.9999999998908,15.665119999982,-2.73015564850257E-11));
#2892=CARTESIAN_POINT('',(33.5999999998908,15.665119999982,-3.40209518283939E-11));
#2893=CARTESIAN_POINT('',(31.9999999999017,15.665119999982,2.59999999997269));
#2894=CARTESIAN_POINT('',(33.5999999999017,15.665119999982,2.59999999996598));
#2895=CARTESIAN_POINT('',(12.00662566938,15.665119999982,11.0000000000567));
#2896=CARTESIAN_POINT('',(12.0066256693338,15.665119999982,5.6663059999326E-11));
#2897=CARTESIAN_POINT('',(13.6066256693338,15.665119999982,4.99436646559578E-11));
#2898=CARTESIAN_POINT('',(12.0066256693447,15.665119999982,2.60000000005666));
#2899=CARTESIAN_POINT('',(13.6066256693447,15.665119999982,2.60000000004994));
#2900=CARTESIAN_POINT('',(32.5000000000462,-4.83488,10.9999999999706));
#2901=CARTESIAN_POINT('',(32.5000000000109,-4.83488,2.5999999999706));
#2902=CARTESIAN_POINT('',(32.5000000000109,-6.83488,2.5999999999706));
#2903=CARTESIAN_POINT('',(34.5000000000109,-4.83488,2.5999999999622));
#2904=CARTESIAN_POINT('',(32.5000000000462,-6.83488,10.9999999999706));
#2905=CARTESIAN_POINT('',(32.5,-6.83488,-2.93963360981846E-11));
#2906=CARTESIAN_POINT('',(32.5,-4.83488,-2.94037222304976E-11));
#2907=CARTESIAN_POINT('',(34.5,-4.83488,-3.7796027515804E-11));
#2908=CARTESIAN_POINT('',(34.5000000000462,-4.83488,10.9999999999622));
#2909=CARTESIAN_POINT('',(34.5000000000462,5.66512,10.9999999999622));
#2910=CARTESIAN_POINT('',(34.5000000000588,5.66512,13.9999999999622));
#2911=CARTESIAN_POINT('',(34.5000000000588,0.53954304275255,13.9999999999622));
#2912=CARTESIAN_POINT('',(34.5000000000588,10.7906969572116,13.9999999999622));
#2913=CARTESIAN_POINT('',(34.5000000000462,0.539543042752548,10.9999999999622));
#2914=CARTESIAN_POINT('',(34.5000000000122,0.539543042752546,2.8999999999622));
#2915=CARTESIAN_POINT('',(34.5000000000109,-0.596238626407503,2.5999999999622));
#2916=CARTESIAN_POINT('',(34.5000000000109,-0.198980244796788,2.59999999996222));
#2917=CARTESIAN_POINT('',(34.5000000000116,0.173922363790069,2.75839807995717));
#2918=CARTESIAN_POINT('',(34.5000000000122,0.53954304275255,2.8999999999622));
#2919=CARTESIAN_POINT('',(34.5000000000109,-0.596238626407503,2.5999999999622));
#2920=CARTESIAN_POINT('',(34.5000000000109,5.66512,2.5999999999622));
#2921=CARTESIAN_POINT('',(34.5,5.66512,-3.77983755174518E-11));
#2922=CARTESIAN_POINT('',(34.5000000000109,5.66512,2.5999999999622));
#2923=CARTESIAN_POINT('',(34.5000000000109,11.9264786263717,2.5999999999622));
#2924=CARTESIAN_POINT('',(34.5000000000109,11.9264786263717,2.5999999999622));
#2925=CARTESIAN_POINT('',(34.5000000000109,11.529220244761,2.59999999996221));
#2926=CARTESIAN_POINT('',(34.5000000000116,11.1563176361777,2.75839807996636));
#2927=CARTESIAN_POINT('',(34.5000000000122,10.7906969572116,2.8999999999622));
#2928=CARTESIAN_POINT('',(34.5000000000122,10.7906969572116,2.8999999999622));
#2929=CARTESIAN_POINT('',(34.5000000000462,10.7906969572116,10.9999999999622));
#2930=CARTESIAN_POINT('',(22.0000000000462,18.16512,11.0000000000147));
#2931=CARTESIAN_POINT('',(22.0000000000109,18.16512,2.60000000001469));
#2932=CARTESIAN_POINT('',(15.7452670429644,18.16512,2.60000000004095));
#2933=CARTESIAN_POINT('',(15.7452670429644,18.16512,2.60000000004095));
#2934=CARTESIAN_POINT('',(16.1425254245751,18.16512,2.60000000003928));
#2935=CARTESIAN_POINT('',(16.515428033163,18.16512,2.75839808003186));
#2936=CARTESIAN_POINT('',(16.8810487121258,18.16512,2.90000000003618));
#2937=CARTESIAN_POINT('',(16.8810487121258,18.16512,2.90000000003618));
#2938=CARTESIAN_POINT('',(16.8810487121597,18.16512,11.0000000000362));
#2939=CARTESIAN_POINT('',(16.8810487121414,18.16512,6.62733517160761));
#2940=CARTESIAN_POINT('',(21.9999999998526,18.16512,18.2500000000383));
#2941=CARTESIAN_POINT('',(27.1255769571389,18.16512,6.6302555598651));
#2942=CARTESIAN_POINT('',(27.1255769571573,18.16512,10.9999999999932));
#2943=CARTESIAN_POINT('',(27.1255769571233,18.16512,2.89999999999316));
#2944=CARTESIAN_POINT('',(28.261358626282,18.16512,2.5999999999884));
#2945=CARTESIAN_POINT('',(27.8641002446713,18.16512,2.59999999999006));
#2946=CARTESIAN_POINT('',(27.4911976360827,18.16512,2.75839807998031));
#2947=CARTESIAN_POINT('',(27.1255769571233,18.16512,2.89999999999316));
#2948=CARTESIAN_POINT('',(28.261358626282,18.16512,2.5999999999884));
#2949=CARTESIAN_POINT('',(22.0000000000109,18.16512,2.60000000001469));
#2950=CARTESIAN_POINT('',(22.,18.16512,1.46941053625559E-11));
#2951=CARTESIAN_POINT('',(9.5000000000462,5.66512,11.0000000000672));
#2952=CARTESIAN_POINT('',(9.50000000002772,10.791381144527,6.60000000006719));
#2953=CARTESIAN_POINT('',(9.50000000001218,10.791381144527,2.90000000006718));
#2954=CARTESIAN_POINT('',(9.50000000001093,11.927162813687,2.60000000006719));
#2955=CARTESIAN_POINT('',(9.50000000001093,11.5299044320763,2.60000000006718));
#2956=CARTESIAN_POINT('',(9.50000000001159,11.1570018234856,2.75839808005219));
#2957=CARTESIAN_POINT('',(9.50000000001219,10.791381144527,2.90000000006718));
#2958=CARTESIAN_POINT('',(9.50000000001093,11.927162813687,2.60000000006719));
#2959=CARTESIAN_POINT('',(9.50000000001092,5.66512,2.60000000006719));
#2960=CARTESIAN_POINT('',(9.5,5.66512,6.71921767226771E-11));
#2961=CARTESIAN_POINT('',(9.50000000001092,5.66512,2.60000000006719));
#2962=CARTESIAN_POINT('',(9.50000000001092,-0.596922813722856,2.60000000006719));
#2963=CARTESIAN_POINT('',(9.50000000001092,-0.596922813722857,2.60000000006719));
#2964=CARTESIAN_POINT('',(9.50000000001092,-0.199664432112137,2.60000000006719));
#2965=CARTESIAN_POINT('',(9.50000000001158,0.173238176475619,2.75839808005984));
#2966=CARTESIAN_POINT('',(9.50000000001218,0.538858855437202,2.90000000006719));
#2967=CARTESIAN_POINT('',(9.50000000001218,0.538858855437196,2.90000000006719));
#2968=CARTESIAN_POINT('',(9.50000000004619,0.538858855437198,11.0000000000672));
#2969=CARTESIAN_POINT('',(22.0000000000462,-6.83488,11.0000000000147));
#2970=CARTESIAN_POINT('',(22.0000000000109,-6.83488,2.60000000001469));
#2971=CARTESIAN_POINT('',(28.2613586262784,-6.83488,2.5999999999884));
#2972=CARTESIAN_POINT('',(28.2613586262784,-6.83488,2.5999999999884));
#2973=CARTESIAN_POINT('',(27.8641002446677,-6.83488,2.59999999999007));
#2974=CARTESIAN_POINT('',(27.491197636083,-6.83488,2.75839807999038));
#2975=CARTESIAN_POINT('',(27.1255769571196,-6.83488,2.89999999999317));
#2976=CARTESIAN_POINT('',(27.1255769571196,-6.83488,2.89999999999317));
#2977=CARTESIAN_POINT('',(27.1255769571536,-6.83488,10.9999999999932));
#2978=CARTESIAN_POINT('',(27.1255769571353,-6.83488,6.63025555987809));
#2979=CARTESIAN_POINT('',(21.9999999998501,-6.83488,18.2500000000518));
#2980=CARTESIAN_POINT('',(16.8810487121451,-6.83488,6.62733517161924));
#2981=CARTESIAN_POINT('',(16.8810487121449,-6.83488,6.60000000003619));
#2982=CARTESIAN_POINT('',(16.8810487121294,-6.83488,2.90000000003619));
#2983=CARTESIAN_POINT('',(15.7452670429681,-6.83488,2.60000000004096));
#2984=CARTESIAN_POINT('',(16.1425254245788,-6.83488,2.6000000000393));
#2985=CARTESIAN_POINT('',(16.5154280331636,-6.83488,2.7583980800397));
#2986=CARTESIAN_POINT('',(16.8810487121294,-6.83488,2.90000000003619));
#2987=CARTESIAN_POINT('',(15.7452670429681,-6.83488,2.60000000004097));
#2988=CARTESIAN_POINT('',(22.0000000000109,-6.83488,2.60000000001469));
#2989=CARTESIAN_POINT('',(22.,-6.83488,1.46996958426695E-11));
#2990=CARTESIAN_POINT('',(22.0000000000588,5.66512,14.0000000000147));
#2991=CARTESIAN_POINT('',(32.5000000000588,10.7906969572116,13.9999999999706));
#2992=CARTESIAN_POINT('',(33.2249370142762,12.6546889972745,13.9999999999675));
#2993=CARTESIAN_POINT('',(33.2249370142762,12.6546889972745,13.9999999999675));
#2994=CARTESIAN_POINT('',(33.2231111548955,12.6341859671361,13.9999999999675));
#2995=CARTESIAN_POINT('',(33.2221878435564,12.613642676954,13.9999999999676));
#2996=CARTESIAN_POINT('',(33.222187843556,12.5930582005353,13.9999999999676));
#2997=CARTESIAN_POINT('',(33.2221878435805,-1.26281820056749,14.0000000000442));
#2998=CARTESIAN_POINT('',(33.2221878435804,-1.28340267698666,14.0000000000442));
#2999=CARTESIAN_POINT('',(33.2231111548911,-1.30394596717217,13.9999999999675));
#3000=CARTESIAN_POINT('',(33.2249370142721,-1.32444899731183,13.9999999999675));
#3001=CARTESIAN_POINT('',(33.2249370142722,-1.32444899731183,13.9999999999675));
#3002=CARTESIAN_POINT('',(32.5000000000588,0.53954304275255,13.9999999999706));
#3003=CARTESIAN_POINT('',(22.,5.66512,1.46969006026127E-11));
#3004=CARTESIAN_POINT('',(22.,5.66512,3.23314137196961E-16));
#3005=CARTESIAN_POINT('',(15.1045942183351,4.45955826116721,2.79317350405869E-11));
#3006=CARTESIAN_POINT('',(22.4603899214944,12.6499636718502,-9.70196062544866E-13));
#3007=CARTESIAN_POINT('',(22.4603899214944,12.6499636718502,-9.70196062544866E-13));
#3008=CARTESIAN_POINT('',(22.6328325252937,12.6385975138438,-1.69438728895832E-12));
#3009=CARTESIAN_POINT('',(22.9659603461134,12.6400257199863,1.75047079904394E-11));
#3010=CARTESIAN_POINT('',(23.3290729201858,12.7744889248754,9.11370681688084E-12));
#3011=CARTESIAN_POINT('',(23.4035980364417,12.934308552434,8.8006937536838E-12));
#3012=CARTESIAN_POINT('',(23.4035980364406,12.934308552435,7.96802648521973E-12));
#3013=CARTESIAN_POINT('',(20.368645983334,6.42583287113326,1.43382900908025E-11));
#3014=CARTESIAN_POINT('',(25.0350278961226,16.432921176849,4.53672994651193E-12));
#3015=CARTESIAN_POINT('',(25.0350278961226,16.432921176849,4.53672994651193E-12));
#3016=CARTESIAN_POINT('',(25.1021643718796,16.5768958137289,4.2547499244109E-12));
#3017=CARTESIAN_POINT('',(24.9827947856718,16.907307844138,9.65860211630721E-13));
#3018=CARTESIAN_POINT('',(24.6317051534117,17.2141237367131,3.96654421799625E-12));
#3019=CARTESIAN_POINT('',(24.2140581049159,17.4323871129831,5.30040428180873E-12));
#3020=CARTESIAN_POINT('',(23.9149032844361,17.5123827904955,6.65932008825995E-12));
#3021=CARTESIAN_POINT('',(23.7601023063972,17.535336504808,7.3094205622336E-12));
#3022=CARTESIAN_POINT('',(10.0168081855906,5.03020745557275,6.50288585229242E-11));
#3023=CARTESIAN_POINT('',(10.0275184756695,4.82806392961772,6.49839245552972E-11));
#3024=CARTESIAN_POINT('',(10.0909541109464,4.53319873232362,6.47090688823953E-11));
#3025=CARTESIAN_POINT('',(10.289670036837,4.1766339696155,6.38765092508074E-11));
#3026=CARTESIAN_POINT('',(10.4731615434455,4.0543604062887,6.31056262048482E-11));
#3027=CARTESIAN_POINT('',(10.5754932054947,4.06331326663822,6.26758698944089E-11));
#3028=CARTESIAN_POINT('',(10.5754932054921,4.06331326657967,3.74321738720053E-11));
#3029=CARTESIAN_POINT('',(22.0522934456486,5.06740318114496,1.33325040599402E-11));
#3030=CARTESIAN_POINT('',(22.,5.66512,3.23314137196961E-16));
#3031=CARTESIAN_POINT('',(26.4917499824922,0.296304293092511,4.01540463815934E-12));
#3032=CARTESIAN_POINT('',(15.7207529779675,2.57140753173534,1.31875812100497E-11));
#3033=CARTESIAN_POINT('',(15.7207529779675,2.57140753173534,1.31875812100497E-11));
#3034=CARTESIAN_POINT('',(15.6443750576438,2.72643028632612,1.35083049453343E-11));
#3035=CARTESIAN_POINT('',(15.4765742844373,3.01421333880523,5.60336539841767E-11));
#3036=CARTESIAN_POINT('',(15.1785694460985,3.26144644994884,4.3344868547052E-11));
#3037=CARTESIAN_POINT('',(15.0028990304773,3.24607728007429,4.40826213418265E-11));
#3038=CARTESIAN_POINT('',(15.002899030472,3.24607728004203,2.56112857696478E-11));
#3039=CARTESIAN_POINT('',(22.1568803369458,3.87196954343486,1.05828942928834E-11));
#3040=CARTESIAN_POINT('',(11.1572966898811,2.90963067081158,3.36915039327096E-11));
#3041=CARTESIAN_POINT('',(11.1572966898811,2.90963067081158,3.36915039327096E-11));
#3042=CARTESIAN_POINT('',(10.9990427589887,2.89578524590066,3.43561137327554E-11));
#3043=CARTESIAN_POINT('',(10.7725823399963,2.62720213667081,7.4170975456345E-11));
#3044=CARTESIAN_POINT('',(10.682416798888,2.16974164981097,5.89104633626056E-11));
#3045=CARTESIAN_POINT('',(10.7022186945639,1.69891700786905,6.30888802970976E-11));
#3046=CARTESIAN_POINT('',(10.7825178158854,1.39984349490972,6.18139792644157E-11));
#3047=CARTESIAN_POINT('',(10.8400398051987,1.25430505824028,6.15724411926471E-11));
#3048=CARTESIAN_POINT('',(28.5414462999124,-4.39517225745269,-1.27724521019132E-11));
#3049=CARTESIAN_POINT('',(28.7111525835642,-4.28482511118134,-1.3485179035223E-11));
#3050=CARTESIAN_POINT('',(28.9347955174794,-4.08245564087525,-1.44244400943778E-11));
#3051=CARTESIAN_POINT('',(29.1442316971396,-3.73208021955291,-1.53040712515139E-11));
#3052=CARTESIAN_POINT('',(29.1583779558951,-3.51203513179124,-1.53635293985762E-11));
#3053=CARTESIAN_POINT('',(29.09945872037,-3.42788974301704,-1.51161096920877E-11));
#3054=CARTESIAN_POINT('',(29.0994587203419,-3.42788974303164,-1.47424427688806E-12));
#3055=CARTESIAN_POINT('',(22.4914912265734,6.00926586181063,1.24037627341951E-11));
#3056=CARTESIAN_POINT('',(23.4744736797202,6.69755758543188,7.81748699736003E-12));
#3057=CARTESIAN_POINT('',(30.6441791341082,-3.54184296818053,-7.23287690676518E-12));
#3058=CARTESIAN_POINT('',(30.1526879075349,-3.88598882999115,-4.93280014444371E-12));
#3059=CARTESIAN_POINT('',(23.4744736797202,6.69755758543188,7.81748699736003E-12));
#3060=CARTESIAN_POINT('',(27.5935029330874,0.814974167523011,-8.26763086013913E-13));
#3061=CARTESIAN_POINT('',(29.8076754139884,-2.34719184765903,-5.47568471033491E-12));
#3062=CARTESIAN_POINT('',(29.8076754139884,-2.34719184765903,-5.47568471033491E-12));
#3063=CARTESIAN_POINT('',(29.8987928691542,-2.4773210596329,-5.85831448840686E-12));
#3064=CARTESIAN_POINT('',(30.2446228743245,-2.53914998071439,-2.57827350163535E-11));
#3065=CARTESIAN_POINT('',(30.6858780477048,-2.38850538646616,-2.02009727674415E-11));
#3066=CARTESIAN_POINT('',(31.0837232005208,-2.1359441207825,-2.39033136361875E-11));
#3067=CARTESIAN_POINT('',(31.3025788996792,-1.91686628533756,-2.43617808631289E-11));
#3068=CARTESIAN_POINT('',(31.3998578884047,-1.79428156298054,-2.47703432653331E-11));
#3069=CARTESIAN_POINT('',(21.456215327778,5.91869095704442,1.45657989421694E-11));
#3070=CARTESIAN_POINT('',(24.4036557991727,12.2394974457403,8.38962052707807E-12));
#3071=CARTESIAN_POINT('',(22.,5.66512,3.23314137196961E-16));
#3072=CARTESIAN_POINT('',(27.8188571005381,1.77398879641442,-1.22164152050932E-11));
#3073=CARTESIAN_POINT('',(27.8188571005381,1.77398879641442,-1.22164152050932E-11));
#3074=CARTESIAN_POINT('',(27.7227924170621,1.63033219983394,-1.18129477139625E-11));
#3075=CARTESIAN_POINT('',(27.5574653694631,1.34112094122562,-7.40626368107465E-12));
#3076=CARTESIAN_POINT('',(27.4923576337378,0.959424625201489,-8.36093466228354E-12));
#3077=CARTESIAN_POINT('',(27.5935029331006,0.814974167527972,-8.78567439385081E-12));
#3078=CARTESIAN_POINT('',(22.0033128346232,5.66511999998209,2.60000000001468));
#3079=CARTESIAN_POINT('',(32.5000000000109,0.539543042752551,2.5999999999706));
#3080=CARTESIAN_POINT('',(32.2653061224087,-1.7484514467111,2.59999999997159));
#3081=CARTESIAN_POINT('',(31.9999999999017,-4.33488000001783,2.59999999997269));
#3082=CARTESIAN_POINT('',(29.4135714465881,-4.60018612245735,2.59999999998356));
#3083=CARTESIAN_POINT('',(27.1255769571183,-4.83488,2.59999999999317));
#3084=CARTESIAN_POINT('',(31.9999999999186,-4.33488000001783,6.5999999999727));
#3085=CARTESIAN_POINT('',(29.115137382761,-4.63079836735422,6.59999999998481));
#3086=CARTESIAN_POINT('',(29.1151373827639,-4.63079836735422,7.29148189334054));
#3087=CARTESIAN_POINT('',(29.1151373827454,-4.63079836735422,2.89999999998481));
#3088=CARTESIAN_POINT('',(31.999999999903,-4.33488000001783,2.8999999999727));
#3089=CARTESIAN_POINT('',(32.2959183673145,-1.45001738286801,2.89999999997145));
#3090=CARTESIAN_POINT('',(32.2959183673301,-1.45001738286801,6.59999999997146));
#3091=CARTESIAN_POINT('',(32.2959183673482,-1.45001738286801,10.9145983445419));
#3092=CARTESIAN_POINT('',(32.2959183673482,-1.45001738286801,10.9145983445419));
#3093=CARTESIAN_POINT('',(32.0207819761874,-1.42179492568645,10.4318772553996));
#3094=CARTESIAN_POINT('',(31.4078846181482,-1.43740095017372,9.50018539967616));
#3095=CARTESIAN_POINT('',(30.3289883793541,-1.84629442405402,8.27372535951693));
#3096=CARTESIAN_POINT('',(29.2902129138319,-2.93746195068847,7.40421949678553));
#3097=CARTESIAN_POINT('',(29.0580093808646,-4.07386626964332,7.24994299650166));
#3098=CARTESIAN_POINT('',(29.1151373827639,-4.63079836735421,7.29148189334054));
#3099=CARTESIAN_POINT('',(22.0033128346232,5.66511999998209,2.60000000001468));
#3100=CARTESIAN_POINT('',(12.0066256693448,15.665119999982,2.60000000005666));
#3101=CARTESIAN_POINT('',(11.7378038856166,13.0790544848426,2.60000000005778));
#3102=CARTESIAN_POINT('',(14.5930542226564,15.9304261224406,2.6000000000458));
#3103=CARTESIAN_POINT('',(16.8810487121245,16.16512,2.60000000003618));
#3104=CARTESIAN_POINT('',(11.5000000000109,10.791381144527,2.60000000005879));
#3105=CARTESIAN_POINT('',(12.0066256693615,15.665119999982,6.60000000005666));
#3106=CARTESIAN_POINT('',(14.8914882865169,15.9610383673396,6.60000000004454));
#3107=CARTESIAN_POINT('',(14.8914882865198,15.9610383673396,7.28760369379663));
#3108=CARTESIAN_POINT('',(14.8914882865014,15.9610383673396,2.90000000004454));
#3109=CARTESIAN_POINT('',(12.006625669346,15.665119999982,2.90000000005666));
#3110=CARTESIAN_POINT('',(11.7067859874954,12.7806623100188,2.90000000005791));
#3111=CARTESIAN_POINT('',(11.7067859875109,12.7806623100188,6.60000000005792));
#3112=CARTESIAN_POINT('',(11.706785987529,12.7806623100188,10.912114579478));
#3113=CARTESIAN_POINT('',(11.706785987529,12.7806623100188,10.912114579478));
#3114=CARTESIAN_POINT('',(11.9821867659424,12.7520343699839,10.4291750777878));
#3115=CARTESIAN_POINT('',(12.59568297447,12.7669125686422,9.49709408457751));
#3116=CARTESIAN_POINT('',(13.6759112288761,13.1751823525014,8.27006384937708));
#3117=CARTESIAN_POINT('',(14.7160920493561,14.2666377435888,7.40037437948934));
#3118=CARTESIAN_POINT('',(14.9486518744966,15.4037593464738,7.24609651534385));
#3119=CARTESIAN_POINT('',(14.8914882865198,15.9610383673396,7.28760369379663));
#3120=CARTESIAN_POINT('',(22.0033128346232,5.66511999998209,2.60000000001468));
#3121=CARTESIAN_POINT('',(31.9999999999017,15.665119999982,2.59999999997269));
#3122=CARTESIAN_POINT('',(29.4135714465901,15.9304261224406,2.59999999998356));
#3123=CARTESIAN_POINT('',(32.2653061224087,13.0786914466753,2.59999999997158));
#3124=CARTESIAN_POINT('',(32.5000000000109,10.7906969572116,2.5999999999706));
#3125=CARTESIAN_POINT('',(27.125576957122,16.16512,2.59999999999317));
#3126=CARTESIAN_POINT('',(31.9999999999186,15.665119999982,6.59999999997269));
#3127=CARTESIAN_POINT('',(32.2959183673301,12.7802573828322,6.59999999997145));
#3128=CARTESIAN_POINT('',(32.2959183673482,12.7802573828322,10.9145983445327));
#3129=CARTESIAN_POINT('',(32.2959183673145,12.7802573828322,2.89999999997145));
#3130=CARTESIAN_POINT('',(31.999999999903,15.665119999982,2.89999999997269));
#3131=CARTESIAN_POINT('',(29.1151373827476,15.9610383673396,2.89999999998481));
#3132=CARTESIAN_POINT('',(29.1151373827632,15.9610383673396,6.59999999998481));
#3133=CARTESIAN_POINT('',(29.1151373827661,15.9610383673396,7.29148189332898));
#3134=CARTESIAN_POINT('',(29.1151373827661,15.9610383673396,7.29148189332898));
#3135=CARTESIAN_POINT('',(29.0580093808625,15.4041062696274,7.24994299648786));
#3136=CARTESIAN_POINT('',(29.2902129138234,14.2677019506661,7.40421949676882));
#3137=CARTESIAN_POINT('',(30.3289883793464,13.1765344240222,8.27372535950006));
#3138=CARTESIAN_POINT('',(31.407884618145,12.7676409501381,9.50018539966276));
#3139=CARTESIAN_POINT('',(32.0207819761864,12.7520349256505,10.4318772553888));
#3140=CARTESIAN_POINT('',(32.2959183673482,12.7802573828322,10.9145983445327));
#3141=CARTESIAN_POINT('',(12.0066256693615,-4.33488000001782,6.60000000005666));
#3142=CARTESIAN_POINT('',(11.7067859875109,-1.45042231005465,6.60000000005792));
#3143=CARTESIAN_POINT('',(11.706785987529,-1.45042231005465,10.9121145794834));
#3144=CARTESIAN_POINT('',(11.7067859874954,-1.45042231005465,2.90000000005792));
#3145=CARTESIAN_POINT('',(12.006625669346,-4.33488000001782,2.90000000005666));
#3146=CARTESIAN_POINT('',(14.8914882865035,-4.63079836735422,2.90000000004454));
#3147=CARTESIAN_POINT('',(14.8914882865191,-4.63079836735422,6.60000000004455));
#3148=CARTESIAN_POINT('',(14.891488286522,-4.63079836735422,7.28760369380562));
#3149=CARTESIAN_POINT('',(14.891488286522,-4.63079836735422,7.28760369380562));
#3150=CARTESIAN_POINT('',(14.9486518744945,-4.07351934648979,7.24609651535528));
#3151=CARTESIAN_POINT('',(14.7160920493478,-2.93639774361155,7.40037437950377));
#3152=CARTESIAN_POINT('',(13.6759112288688,-1.84494235253351,8.27006384939121));
#3153=CARTESIAN_POINT('',(12.5956829744671,-1.4366725686779,9.49709408458758));
#3154=CARTESIAN_POINT('',(11.9821867659415,-1.42179437001983,10.4291750777949));
#3155=CARTESIAN_POINT('',(11.706785987529,-1.45042231005465,10.9121145794834));
#3156=CARTESIAN_POINT('',(22.0033128346232,5.66511999998209,2.60000000001468));
#3157=CARTESIAN_POINT('',(12.0066256693448,-4.33488000001782,2.60000000005666));
#3158=CARTESIAN_POINT('',(14.5930542226584,-4.60018612245735,2.6000000000458));
#3159=CARTESIAN_POINT('',(11.7378038856166,-1.74881448487843,2.60000000005779));
#3160=CARTESIAN_POINT('',(11.5000000000109,0.538858855437201,2.60000000005879));
#3161=CARTESIAN_POINT('',(16.8810487121281,-4.83488,2.60000000003619));
#3162=CARTESIAN_POINT('',(11.5000000000277,10.791381144527,6.60000000005879));
#3163=CARTESIAN_POINT('',(11.5000000000122,10.791381144527,2.90000000005878));
#3164=CARTESIAN_POINT('',(10.77534710954,12.6554836600188,14.0000000000618));
#3165=CARTESIAN_POINT('',(11.1255266727746,12.7916127787731,12.9894343976739));
#3166=CARTESIAN_POINT('',(11.3851717228031,12.8140941468424,11.9387731640286));
#3167=CARTESIAN_POINT('',(11.706785987529,12.7806623100188,10.912114579478));
#3168=CARTESIAN_POINT('',(32.5000000000277,0.539543042752552,6.5999999999706));
#3169=CARTESIAN_POINT('',(32.5000000000122,0.539543042752551,2.89999999997059));
#3170=CARTESIAN_POINT('',(33.2249370142722,-1.32444899731183,13.9999999999675));
#3171=CARTESIAN_POINT('',(32.8765777259304,-1.45993162649313,12.9898554493942));
#3172=CARTESIAN_POINT('',(32.617107130966,-1.48296371937445,11.9403347747392));
#3173=CARTESIAN_POINT('',(32.2959183673482,-1.45001738286801,10.9145983445419));
#3174=CARTESIAN_POINT('',(32.5000000000277,10.7906969572116,6.59999999997059));
#3175=CARTESIAN_POINT('',(32.5000000000122,10.7906969572116,2.89999999997059));
#3176=CARTESIAN_POINT('',(33.2249370142762,12.6546889972745,13.9999999999675));
#3177=CARTESIAN_POINT('',(32.8765777259319,12.7901716264576,12.9898554493917));
#3178=CARTESIAN_POINT('',(32.6171071309776,12.8132037193353,11.94033477473));
#3179=CARTESIAN_POINT('',(32.2959183673482,12.7802573828322,10.9145983445327));
#3180=CARTESIAN_POINT('',(27.1255769571388,16.16512,6.59999999999317));
#3181=CARTESIAN_POINT('',(27.1255769571233,16.16512,2.89999999999316));
#3182=CARTESIAN_POINT('',(27.125576957139,18.16512,6.63025555986511));
#3183=CARTESIAN_POINT('',(27.680187409362,18.16512,6.78927403653861));
#3184=CARTESIAN_POINT('',(28.7586687135472,17.6979914002832,7.14758081783168));
#3185=CARTESIAN_POINT('',(29.1740644772959,16.5355095421586,7.31391708613326));
#3186=CARTESIAN_POINT('',(29.1151373827661,15.9610383673396,7.29148189332898));
#3187=CARTESIAN_POINT('',(16.8810487121413,16.16512,6.60000000003619));
#3188=CARTESIAN_POINT('',(16.8810487121258,16.16512,2.90000000003618));
#3189=CARTESIAN_POINT('',(14.8914882865198,15.9610383673396,7.28760369379663));
#3190=CARTESIAN_POINT('',(14.8327315543502,16.5338487057318,7.30994302770752));
#3191=CARTESIAN_POINT('',(15.2460818777552,17.6975666731038,7.14452208028927));
#3192=CARTESIAN_POINT('',(16.3276940175051,18.16512,6.7857486894645));
#3193=CARTESIAN_POINT('',(16.8810487121414,18.16512,6.62733517160759));
#3194=CARTESIAN_POINT('',(16.8810487121449,-4.83488,6.60000000003619));
#3195=CARTESIAN_POINT('',(16.8810487121294,-4.83488,2.90000000003619));
#3196=CARTESIAN_POINT('',(16.8810487121421,-6.83488,6.62733517161924));
#3197=CARTESIAN_POINT('',(16.3264125352695,-6.83487999999916,6.7861155502094));
#3198=CARTESIAN_POINT('',(15.2478708232569,-6.36766828225192,7.14393011541377));
#3199=CARTESIAN_POINT('',(14.8325655819553,-5.20522674514102,7.31000613049098));
#3200=CARTESIAN_POINT('',(14.891488286522,-4.63079836735422,7.28760369380562));
#3201=CARTESIAN_POINT('',(27.1255769571351,-4.83488,6.59999999999316));
#3202=CARTESIAN_POINT('',(27.1255769571196,-4.83488,2.89999999999317));
#3203=CARTESIAN_POINT('',(29.1151373827639,-4.63079836735422,7.29148189334054));
#3204=CARTESIAN_POINT('',(29.1738978941725,-5.2036455490051,7.31385366329247));
#3205=CARTESIAN_POINT('',(28.7604581080123,-6.3674148341055,7.14817367418707));
#3206=CARTESIAN_POINT('',(27.6789019678385,-6.83487999999999,6.78890547344291));
#3207=CARTESIAN_POINT('',(27.1255769571353,-6.83488,6.63025555987806));
#3208=CARTESIAN_POINT('',(11.5000000000277,0.538858855437202,6.60000000005879));
#3209=CARTESIAN_POINT('',(11.5000000000122,0.538858855437201,2.90000000005879));
#3210=CARTESIAN_POINT('',(10.7753471095415,-1.32524366005514,14.0000000000618));
#3211=CARTESIAN_POINT('',(11.1255266727753,-1.46137277880887,12.9894343976756));
#3212=CARTESIAN_POINT('',(11.3851717228184,-1.48385414687215,11.9387731640371));
#3213=CARTESIAN_POINT('',(11.706785987529,-1.45042231005465,10.9121145794835));
#3214=CARTESIAN_POINT('',(21.9999999998649,132.866442376868,18.2499999999723));
#3215=CARTESIAN_POINT('',(15.781657467474,-3.18760418024083,7.98685154794056));
#3216=CARTESIAN_POINT('',(15.933897155226,-3.66681775066786,7.89461099136292));
#3217=CARTESIAN_POINT('',(15.9911255789371,-4.1877465131231,7.86266321924498));
#3218=CARTESIAN_POINT('',(15.9412608839203,-4.70222693877993,7.89183026186363));
#3219=CARTESIAN_POINT('',(15.9412608839202,-4.70222693877993,7.89183026186363));
#3220=CARTESIAN_POINT('',(15.9412608839202,-4.70222693877993,7.89183026186363));
#3221=CARTESIAN_POINT('',(15.9049829018533,-5.07652606262894,7.91305011387936));
#3222=CARTESIAN_POINT('',(16.1612188268664,-5.82993922430136,7.75566691605881));
#3223=CARTESIAN_POINT('',(16.8191005209898,-6.13487999999887,7.41950374128771));
#3224=CARTESIAN_POINT('',(17.1631956335119,-6.13487999999967,7.26795449287181));
#3225=CARTESIAN_POINT('',(17.1631956335119,-6.13487999999967,7.26795449287181));
#3226=CARTESIAN_POINT('',(21.9999999998501,-6.13487999999959,18.2500000000518));
#3227=CARTESIAN_POINT('',(26.8430648413794,-6.13487999999958,7.27071391484829));
#3228=CARTESIAN_POINT('',(26.8430648413794,-6.13487999999961,7.27071391484829));
#3229=CARTESIAN_POINT('',(27.1863136199159,-6.13487999999961,7.42212413208168));
#3230=CARTESIAN_POINT('',(27.8461172639299,-5.829766468704,7.75968989357612));
#3231=CARTESIAN_POINT('',(28.101177462123,-5.07549316529893,7.91668535971561));
#3232=CARTESIAN_POINT('',(28.064999590979,-4.70222693877986,7.89549470237459));
#3233=CARTESIAN_POINT('',(28.064999590979,-4.70222693877986,7.89549470237459));
#3234=CARTESIAN_POINT('',(28.064999590979,-4.70222693877986,7.89549470237459));
#3235=CARTESIAN_POINT('',(28.0147928444161,-4.18421738645614,7.86608683704202));
#3236=CARTESIAN_POINT('',(28.0731911252823,-3.65965106005054,7.89871787759291));
#3237=CARTESIAN_POINT('',(28.2277446446605,-3.17776210285751,7.99255408798019));
#3238=CARTESIAN_POINT('',(21.9999999999955,5.66512,-2.14034125502343));
#3239=CARTESIAN_POINT('',(20.4326911065953,7.94009063959726,5.65135067668382));
#3240=CARTESIAN_POINT('',(20.5251239123625,7.94799746037006,5.67790222939309));
#3241=CARTESIAN_POINT('',(20.6681553873758,7.95448558475696,5.7173850551781));
#3242=CARTESIAN_POINT('',(20.840796380333,7.93419675423622,5.77230714761317));
#3243=CARTESIAN_POINT('',(20.9540997094407,7.92149400287636,5.80445801825486));
#3244=CARTESIAN_POINT('',(20.9654200181993,7.87931129217704,5.82705321031536));
#3245=CARTESIAN_POINT('',(20.4326911065953,7.94009063959726,5.65135067668382));
#3246=CARTESIAN_POINT('',(20.9654200181993,7.87931129217704,5.82705321031536));
#3247=CARTESIAN_POINT('',(22.0000000000122,5.66512,5.82705321031319));
#3248=CARTESIAN_POINT('',(24.0159592389032,7.04675206541994,5.82705321031477));
#3249=CARTESIAN_POINT('',(24.0159592389032,7.04675206541995,5.82705321031479));
#3250=CARTESIAN_POINT('',(24.3131141491187,7.68967788558424,5.50733139644957));
#3251=CARTESIAN_POINT('',(24.8592119838134,8.88290870800272,4.66356097243441));
#3252=CARTESIAN_POINT('',(25.1363884874858,10.5196865458515,2.99681155966802));
#3253=CARTESIAN_POINT('',(24.4969350272669,11.7215260536702,1.52632762555375));
#3254=CARTESIAN_POINT('',(23.4461382212775,12.3795728027392,0.579571654037129));
#3255=CARTESIAN_POINT('',(22.7913416020455,12.5802717196756,0.195124780106519));
#3256=CARTESIAN_POINT('',(22.4603899214944,12.6499636718502,-9.70196062544866E-13));
#3257=CARTESIAN_POINT('',(20.4326911065953,7.94009063959738,5.65135067668479));
#3258=CARTESIAN_POINT('',(19.6833043725381,7.87598713709602,5.4360874786913));
#3259=CARTESIAN_POINT('',(18.2876101865214,7.74903103097969,4.71333713004696));
#3260=CARTESIAN_POINT('',(16.5832367860656,7.37790609345442,3.1397467453644));
#3261=CARTESIAN_POINT('',(15.3396386086314,6.45960383690228,1.28135493749958));
#3262=CARTESIAN_POINT('',(15.0564067849212,5.1825326580005,0.314676744560549));
#3263=CARTESIAN_POINT('',(15.1045942183352,4.45955826116722,2.79178572527788E-11));
#3264=CARTESIAN_POINT('',(21.9999999999955,5.66512,-2.14034125502343));
#3265=CARTESIAN_POINT('',(24.7538368134752,5.88496399747735,5.6513506766757));
#3266=CARTESIAN_POINT('',(25.0730149188654,6.56600369768019,5.43608747867997));
#3267=CARTESIAN_POINT('',(25.6609147988092,7.83818837174179,4.71333713003147));
#3268=CARTESIAN_POINT('',(26.1916978751573,9.4997815028307,3.1397467453442));
#3269=CARTESIAN_POINT('',(26.0182238813419,11.0359202448615,1.28135493747716));
#3270=CARTESIAN_POINT('',(25.053863709824,11.9197417888039,0.314676744539541));
#3271=CARTESIAN_POINT('',(24.4036557991726,12.2394974457402,8.37574273927038E-12));
#3272=CARTESIAN_POINT('',(24.7538368134751,5.88496399747735,5.65135067667474));
#3273=CARTESIAN_POINT('',(24.7538368134751,5.88496399747735,5.65135067667475));
#3274=CARTESIAN_POINT('',(24.714467918244,5.8009614291536,5.67790222938429));
#3275=CARTESIAN_POINT('',(24.6485710612795,5.67384847605788,5.71738505516973));
#3276=CARTESIAN_POINT('',(24.544679922157,5.53448140568287,5.77230714760537));
#3277=CARTESIAN_POINT('',(24.4770273522277,5.44270922002218,5.80445801824743));
#3278=CARTESIAN_POINT('',(24.4348358987823,5.45399690040834,5.82705321030808));
#3279=CARTESIAN_POINT('',(24.4348358987823,5.45399690040834,5.82705321030807));
#3280=CARTESIAN_POINT('',(22.0000000000122,5.66512,5.82705321031319));
#3281=CARTESIAN_POINT('',(22.1885488479035,3.22843205341646,5.82705321031861));
#3282=CARTESIAN_POINT('',(22.1885488479035,3.22843205341645,5.82705321031862));
#3283=CARTESIAN_POINT('',(22.5967614858061,2.64962544222789,5.50733139645317));
#3284=CARTESIAN_POINT('',(23.357080773249,1.58007543321981,4.66356097243755));
#3285=CARTESIAN_POINT('',(24.635983709336,0.52164462077994,2.99681155966907));
#3286=CARTESIAN_POINT('',(25.9965339844836,0.474507807955356,1.52632762555059));
#3287=CARTESIAN_POINT('',(27.0918175890468,1.05550116162153,0.579571654029477));
#3288=CARTESIAN_POINT('',(27.5930262592406,1.52222220971966,0.195124780096443));
#3289=CARTESIAN_POINT('',(27.8188571005381,1.77398879641442,-1.22164152050932E-11));
#3290=CARTESIAN_POINT('',(21.9999999999955,5.66512,-2.14034125502343));
#3291=CARTESIAN_POINT('',(20.8134720799651,3.17030536292539,5.65135067668302));
#3292=CARTESIAN_POINT('',(20.7604081694293,3.24640111047635,5.67790222939259));
#3293=CARTESIAN_POINT('',(20.6832735513807,3.36702593918516,5.71738505517807));
#3294=CARTESIAN_POINT('',(20.6145236975464,3.5266818400809,5.77230714761364));
#3295=CARTESIAN_POINT('',(20.5688729383682,3.63115677710142,5.80445801825566));
#3296=CARTESIAN_POINT('',(20.5997440830551,3.66205180741459,5.82705321031613));
#3297=CARTESIAN_POINT('',(20.8134720799651,3.17030536292539,5.65135067668303));
#3298=CARTESIAN_POINT('',(20.5997440830551,3.66205180741459,5.82705321031613));
#3299=CARTESIAN_POINT('',(22.0000000000122,5.66512,5.82705321031319));
#3300=CARTESIAN_POINT('',(19.7954919132299,6.7201758811636,5.82705321032361));
#3301=CARTESIAN_POINT('',(19.7954919132298,6.7201758811636,5.82705321032363));
#3302=CARTESIAN_POINT('',(19.090143446513,6.65605840672254,5.50734004548445));
#3303=CARTESIAN_POINT('',(17.7837056768258,6.5323214253183,4.66355165121925));
#3304=CARTESIAN_POINT('',(16.2270177748679,5.95408735824543,2.99634253488542));
#3305=CARTESIAN_POINT('',(15.5060950072939,4.79729748118851,1.52447197571199));
#3306=CARTESIAN_POINT('',(15.4621848623449,3.55993316565932,0.579428734409258));
#3307=CARTESIAN_POINT('',(15.6157153436032,2.8926116308385,0.194970335621191));
#3308=CARTESIAN_POINT('',(15.7207529779675,2.57140753173534,1.31875812100497E-11));
#3309=CARTESIAN_POINT('',(20.8134720799651,3.17030536292528,5.65135067668399));
#3310=CARTESIAN_POINT('',(21.2436807086307,2.5533691652238,5.43608747868802));
#3311=CARTESIAN_POINT('',(22.0514750146991,1.40814059727854,4.71333713003906));
#3312=CARTESIAN_POINT('',(23.2250653387968,0.11767240371489,3.13974674535044));
#3313=CARTESIAN_POINT('',(24.6421375100348,-0.500164081763743,1.28135493748005));
#3314=CARTESIAN_POINT('',(25.8897295052568,-0.106914446804364,0.3146767445378));
#3315=CARTESIAN_POINT('',(26.4917499824921,0.296304293092574,4.00152685035171E-12));
#3316=CARTESIAN_POINT('',(20.7785152173665,3.2202289367,5.65135068792098));
#3317=CARTESIAN_POINT('',(26.6745727194991,-5.20021383260767,5.6513506879086));
#3318=CARTESIAN_POINT('',(20.7625300998757,3.20903603693803,2.76186907203372));
#3319=CARTESIAN_POINT('',(26.6585876020084,-5.21140673236964,2.76186907202134));
#3320=CARTESIAN_POINT('',(21.5824777210436,3.78316954221968,0.878085509397004));
#3321=CARTESIAN_POINT('',(27.4785352231763,-4.63727322708798,0.878085509384625));
#3322=CARTESIAN_POINT('',(23.2383580808702,4.94262945254495,1.08357483145512E-11));
#3323=CARTESIAN_POINT('',(29.1344155830028,-3.47781331676272,-1.54276752024079E-12));
#3324=CARTESIAN_POINT('',(25.4798727417062,-3.48978316434638,5.31561232037457));
#3325=CARTESIAN_POINT('',(25.4587252908374,-3.46373557772522,5.42606166105957));
#3326=CARTESIAN_POINT('',(25.447161660699,-3.44862346760524,5.53802955980837));
#3327=CARTESIAN_POINT('',(25.4442729596753,-3.44316368305235,5.6513506766733));
#3328=CARTESIAN_POINT('',(25.4798727417062,-3.48978316434638,5.31561232037456));
#3329=CARTESIAN_POINT('',(25.4442729596753,-3.44316368305236,5.6513506766733));
#3330=CARTESIAN_POINT('',(25.4442729596753,-3.44316368305236,5.6513506766733));
#3331=CARTESIAN_POINT('',(29.099458720342,-3.42788974303164,-1.47424427688806E-12));
#3332=CARTESIAN_POINT('',(28.6399833130359,-3.68896305833872,0.228543677272675));
#3333=CARTESIAN_POINT('',(27.7243408380433,-4.03211309995275,0.842193772729164));
#3334=CARTESIAN_POINT('',(26.6019963579875,-4.07209198228209,2.17645551344348));
#3335=CARTESIAN_POINT('',(25.866585387003,-3.84844109504819,3.70638215494448));
#3336=CARTESIAN_POINT('',(25.5842611410701,-3.61835969546388,4.77041044443722));
#3337=CARTESIAN_POINT('',(25.4798727417063,-3.48978316434638,5.31561232037455));
#3338=CARTESIAN_POINT('',(22.982982453159,6.35341172362126,5.84999999997031));
#3339=CARTESIAN_POINT('',(25.6094904635756,-3.33043732443741,5.8499999999648));
#3340=CARTESIAN_POINT('',(20.666416030242,3.72900457470675,5.84999999997518));
#3341=CARTESIAN_POINT('',(25.6080996324869,-3.32845101179025,5.8499999999648));
#3342=CARTESIAN_POINT('',(25.6080996324868,-3.32845101179025,5.8499999999648));
#3343=CARTESIAN_POINT('',(25.7687434002297,-3.55787408848805,5.84999999996446));
#3344=CARTESIAN_POINT('',(25.7974595239584,-3.86498617429551,5.8499999999644));
#3345=CARTESIAN_POINT('',(25.6820767212929,-4.12019439236477,5.84999999996464));
#3346=CARTESIAN_POINT('',(26.2350945286211,-3.86910750712922,5.84999999996348));
#3347=CARTESIAN_POINT('',(26.0740747666465,-3.80780866862863,5.84999999996382));
#3348=CARTESIAN_POINT('',(25.9352684217318,-3.69977185595672,5.84999999996411));
#3349=CARTESIAN_POINT('',(25.8364396283527,-3.55862971168377,5.84999999996432));
#3350=CARTESIAN_POINT('',(25.8364396283527,-3.55862971168377,5.84999999996432));
#3351=CARTESIAN_POINT('',(20.2405448599325,4.43313624777429,5.84999999997607));
#3352=CARTESIAN_POINT('',(22.2688715093745,1.53638558635174,5.84999999997181));
#3353=CARTESIAN_POINT('',(22.2688715093745,1.53638558635174,5.84999999997181));
#3354=CARTESIAN_POINT('',(22.1695554037625,1.6782236846189,5.84999999997202));
#3355=CARTESIAN_POINT('',(22.0027335828568,1.97720624926866,5.84999999997237));
#3356=CARTESIAN_POINT('',(21.8383852580385,2.4699321069057,5.84999999997271));
#3357=CARTESIAN_POINT('',(21.7872332671497,2.90432733422627,5.84999999997282));
#3358=CARTESIAN_POINT('',(21.9206431310704,3.24400633491831,5.84999999997254));
#3359=CARTESIAN_POINT('',(22.0940581840513,3.31441549299789,5.84999999997217));
#3360=CARTESIAN_POINT('',(22.1813727235253,3.3211718180531,5.84999999997199));
#3361=CARTESIAN_POINT('',(22.1813727235253,3.3211718180531,5.84999999997199));
#3362=CARTESIAN_POINT('',(22.0000000000123,5.66512,5.84999999997237));
#3363=CARTESIAN_POINT('',(24.3435171278607,5.47826011674566,5.84999999996745));
#3364=CARTESIAN_POINT('',(27.9427971205072,13.1969409698275,5.84999999995989));
#3365=CARTESIAN_POINT('',(27.9671257716826,13.2491139306398,5.84999999995984));
#3366=CARTESIAN_POINT('',(27.9671257716826,13.2491139306398,5.84999999995984));
#3367=CARTESIAN_POINT('',(28.0870225548898,13.5062334119763,5.84999999995959));
#3368=CARTESIAN_POINT('',(28.3341237291522,13.6953065818167,5.84999999995907));
#3369=CARTESIAN_POINT('',(28.6157251003025,13.7316669522113,5.84999999995848));
#3370=CARTESIAN_POINT('',(28.1393416079914,14.0998981805679,5.84999999995948));
#3371=CARTESIAN_POINT('',(28.1667561802541,13.929812297096,5.84999999995942));
#3372=CARTESIAN_POINT('',(28.1425949580034,13.7555974532958,5.84999999995948));
#3373=CARTESIAN_POINT('',(28.0697817543099,13.5994490340706,5.84999999995963));
#3374=CARTESIAN_POINT('',(28.0697817543099,13.5994490340706,5.84999999995963));
#3375=CARTESIAN_POINT('',(24.3858545774542,5.6992417086503,5.84999999996736));
#3376=CARTESIAN_POINT('',(25.4411531330296,7.96233676428569,5.84999999996515));
#3377=CARTESIAN_POINT('',(25.4411531330297,7.96233676428569,5.84999999996515));
#3378=CARTESIAN_POINT('',(25.3679757895118,7.80540744468714,5.8499999999653));
#3379=CARTESIAN_POINT('',(25.1924602036893,7.51144422755241,5.84999999996567));
#3380=CARTESIAN_POINT('',(24.8479212562833,7.12275147437179,5.8499999999664));
#3381=CARTESIAN_POINT('',(24.4972999495854,6.86125493714765,5.84999999996713));
#3382=CARTESIAN_POINT('',(24.1364243738936,6.80695176807241,5.84999999996789));
#3383=CARTESIAN_POINT('',(23.9887407278472,6.92192903031268,5.84999999996819));
#3384=CARTESIAN_POINT('',(23.9392323089761,6.99416747708924,5.8499999999683));
#3385=CARTESIAN_POINT('',(23.9392323089761,6.99416747708924,5.8499999999683));
#3386=CARTESIAN_POINT('',(22.0000000000123,5.66512,5.84999999997237));
#3387=CARTESIAN_POINT('',(20.9900668419345,7.78809530854738,5.84999999997449));
#3388=CARTESIAN_POINT('',(12.5058531431497,7.04582279097286,5.84999999999231));
#3389=CARTESIAN_POINT('',(12.448505708107,7.04080554052433,5.84999999999243));
#3390=CARTESIAN_POINT('',(12.448505708107,7.04080554052433,5.84999999999243));
#3391=CARTESIAN_POINT('',(12.165885313852,7.01607945994505,5.84999999999302));
#3392=CARTESIAN_POINT('',(11.8785925584587,7.13553876924669,5.84999999999363));
#3393=CARTESIAN_POINT('',(11.7063028684319,7.36123252521471,5.84999999999399));
#3394=CARTESIAN_POINT('',(11.6255970163611,6.76455670472724,5.84999999999416));
#3395=CARTESIAN_POINT('',(11.7591884261439,6.87334136248269,5.84999999999388));
#3396=CARTESIAN_POINT('',(11.9221435177217,6.93952455213095,5.84999999999354));
#3397=CARTESIAN_POINT('',(12.0937786173839,6.95454067761455,5.84999999999318));
#3398=CARTESIAN_POINT('',(12.0937786173839,6.95454067761455,5.84999999999318));
#3399=CARTESIAN_POINT('',(22.8480742423705,7.8954196290073,5.84999999997059));
#3400=CARTESIAN_POINT('',(18.2899753576326,7.49663764936259,5.84999999998016));
#3401=CARTESIAN_POINT('',(18.2899753576326,7.49663764936259,5.84999999998016));
#3402=CARTESIAN_POINT('',(18.4624688067625,7.51172887069408,5.8499999999798));
#3403=CARTESIAN_POINT('',(18.8048062134906,7.50670952317892,5.84999999997909));
#3404=CARTESIAN_POINT('',(19.313693485715,7.40267641872256,5.84999999997802));
#3405=CARTESIAN_POINT('',(19.7154667833017,7.22977772862609,5.84999999997717));
#3406=CARTESIAN_POINT('',(19.9429324950728,6.94440189700932,5.84999999997669));
#3407=CARTESIAN_POINT('',(19.9172010881384,6.75901547668943,5.84999999997675));
#3408=CARTESIAN_POINT('',(19.8793949675355,6.68002070485764,5.84999999997683));
#3409=CARTESIAN_POINT('',(19.8793949675355,6.68002070485764,5.84999999997683));
#3410=CARTESIAN_POINT('',(22.0000000000123,5.66512,5.84999999997237));
#3411=CARTESIAN_POINT('',(22.4063593592117,1.68777270446079,5.66474750045382));
#3412=CARTESIAN_POINT('',(26.7742459844551,-4.55021587305604,5.66474750044464));
#3413=CARTESIAN_POINT('',(22.5530674086004,1.79049878656233,3.24251054035444));
#3414=CARTESIAN_POINT('',(26.9209540338437,-4.44748979095449,3.24251054034527));
#3415=CARTESIAN_POINT('',(23.5765822115775,2.50717156707888,1.35426137353771));
#3416=CARTESIAN_POINT('',(27.9444688368208,-3.73081701043794,1.35426137352854));
#3417=CARTESIAN_POINT('',(25.476903768143,3.83779104601044,3.61347227249691E-12));
#3418=CARTESIAN_POINT('',(29.8447903933863,-2.40019753150639,-5.55671538859593E-12));
#3419=CARTESIAN_POINT('',(27.5935029330874,0.814974167523011,-8.26763086013913E-13));
#3420=CARTESIAN_POINT('',(27.1372575030262,0.413716910162851,0.352529072470609));
#3421=CARTESIAN_POINT('',(26.1435731147607,-0.164829814482643,1.18240292376345));
#3422=CARTESIAN_POINT('',(24.6967046988443,-0.241232131543256,2.74640507361271));
#3423=CARTESIAN_POINT('',(23.4829702269165,0.419302004504836,4.35268378534506));
#3424=CARTESIAN_POINT('',(22.7851079967059,1.19843285871868,5.2647019302247));
#3425=CARTESIAN_POINT('',(22.4322559192835,1.65078858179627,5.66474751609693));
#3426=CARTESIAN_POINT('',(22.4322559192835,1.65078858179628,5.66474751609692));
#3427=CARTESIAN_POINT('',(22.4322559192835,1.65078858179627,5.66474751609694));
#3428=CARTESIAN_POINT('',(25.9998240382618,-3.44422671623924,5.66474751608949));
#3429=CARTESIAN_POINT('',(25.9998240382617,-3.44422671623923,5.66474751608949));
#3430=CARTESIAN_POINT('',(26.1223118376482,-3.54379072375976,5.08009474799662));
#3431=CARTESIAN_POINT('',(26.4711076665258,-3.67519630029569,3.94413546602822));
#3432=CARTESIAN_POINT('',(27.6667497626927,-3.57048656925116,1.80393029612965));
#3433=CARTESIAN_POINT('',(28.9657696272948,-2.97443133064437,0.612616496834785));
#3434=CARTESIAN_POINT('',(29.8076754139884,-2.34719184765903,-5.47568471033491E-12));
#3435=CARTESIAN_POINT('',(18.3523365228018,7.30187611963698,5.66474750046233));
#3436=CARTESIAN_POINT('',(10.7661366335254,6.63816963008368,5.66474750047827));
#3437=CARTESIAN_POINT('',(18.367945894831,7.12346018087157,3.24251054036323));
#3438=CARTESIAN_POINT('',(10.7817460055546,6.45975369131827,3.24251054037916));
#3439=CARTESIAN_POINT('',(18.4768453274647,5.87873397008229,1.35426137354841));
#3440=CARTESIAN_POINT('',(10.8906454381883,5.21502748052899,1.35426137356434));
#3441=CARTESIAN_POINT('',(18.6790348207028,3.56769748726914,1.78861370824377E-11));
#3442=CARTESIAN_POINT('',(11.0928349314264,2.90399099771584,3.38166490567958E-11));
#3443=CARTESIAN_POINT('',(15.0028990304721,3.24607728004203,2.56182246635517E-11));
#3444=CARTESIAN_POINT('',(14.8836159032266,3.84136124329958,0.35225403226923));
#3445=CARTESIAN_POINT('',(14.8792003436485,4.99071069375237,1.18161093021426));
#3446=CARTESIAN_POINT('',(15.5359118078718,6.28226447643775,2.74529588998928));
#3447=CARTESIAN_POINT('',(16.7152891370039,7.00377917968219,4.35258549374678));
#3448=CARTESIAN_POINT('',(17.7393797556428,7.21856781105447,5.26484154270072));
#3449=CARTESIAN_POINT('',(18.3073590530017,7.29794110207646,5.66474751610566));
#3450=CARTESIAN_POINT('',(18.3073590530018,7.29794110207646,5.66474751610565));
#3451=CARTESIAN_POINT('',(18.3073590530017,7.29794110207645,5.66474751610559));
#3452=CARTESIAN_POINT('',(12.1111623127529,6.7558441303284,5.66474751611865));
#3453=CARTESIAN_POINT('',(12.1111623127529,6.7558441303284,5.66474751611865));
#3454=CARTESIAN_POINT('',(11.9636934532414,6.69954858816541,5.080094748029));
#3455=CARTESIAN_POINT('',(11.6754949712881,6.46318532788709,3.94413546606353));
#3456=CARTESIAN_POINT('',(11.1683552104724,5.37537403326539,1.80393029616792));
#3457=CARTESIAN_POINT('',(11.0350442560732,3.95236221110628,0.612616496864657));
#3458=CARTESIAN_POINT('',(11.1572966898811,2.90963067081158,3.36915039327096E-11));
#3459=CARTESIAN_POINT('',(20.4934046210313,7.94540238375703,5.65135068792276));
#3460=CARTESIAN_POINT('',(10.2530585206192,7.04948818938908,5.65135068794426));
#3461=CARTESIAN_POINT('',(20.4917038442317,7.96484235146254,2.7618690720348));
#3462=CARTESIAN_POINT('',(10.2513577438196,7.06892815709459,2.7618690720563));
#3463=CARTESIAN_POINT('',(20.5789442343795,6.96768012911427,0.878085509399232));
#3464=CARTESIAN_POINT('',(10.3385981339675,6.07176593474632,0.878085509420736));
#3465=CARTESIAN_POINT('',(20.7551257914748,4.95391571671224,1.60564693059359E-11));
#3466=CARTESIAN_POINT('',(10.5147796910628,4.05800152234429,3.75605106646121E-11));
#3467=CARTESIAN_POINT('',(10.5754932054921,4.06331326657967,3.74321738720054E-11));
#3468=CARTESIAN_POINT('',(10.5792497747887,4.6084541150606,0.235760324278706));
#3469=CARTESIAN_POINT('',(10.7568882428643,5.62896327900681,0.894858857243075));
#3470=CARTESIAN_POINT('',(11.3213882183346,6.62379723973698,2.31491608755955));
#3471=CARTESIAN_POINT('',(11.9089954051591,7.12710729320032,3.94160312130286));
#3472=CARTESIAN_POINT('',(12.2633897663839,7.22926018398992,5.07742998875925));
#3473=CARTESIAN_POINT('',(12.4310749570611,7.24003993662706,5.65135067670181));
#3474=CARTESIAN_POINT('',(12.4310749570611,7.24003993662706,5.65135067670181));
#3475=CARTESIAN_POINT('',(12.4310749570638,7.24003993662731,5.65135067670062));
#3476=CARTESIAN_POINT('',(25.2413041180222,8.0057111759022,5.66474750044786));
#3477=CARTESIAN_POINT('',(28.4596173820481,14.9074062429733,5.66474750044111));
#3478=CARTESIAN_POINT('',(25.0789866965891,8.08140103256607,3.24251054034914));
#3479=CARTESIAN_POINT('',(28.2972999606149,14.9830960996372,3.24251054034238));
#3480=CARTESIAN_POINT('',(23.9465724609665,8.6094544628388,1.35426137353693));
#3481=CARTESIAN_POINT('',(27.1648857249923,15.5111495299099,1.35426137353017));
#3482=CARTESIAN_POINT('',(21.8440614111543,9.5898714667204,1.12402330517891E-11));
#3483=CARTESIAN_POINT('',(25.0623746751801,16.4915665337915,4.48246308858931E-12));
#3484=CARTESIAN_POINT('',(23.4035980364406,12.934308552435,7.96802648521975E-12));
#3485=CARTESIAN_POINT('',(23.9792197296873,12.7398170480182,0.352529072492769));
#3486=CARTESIAN_POINT('',(24.9770980848057,12.1685344872006,1.18240292375868));
#3487=CARTESIAN_POINT('',(25.7666986401854,10.9537108414328,2.74640507361242));
#3488=CARTESIAN_POINT('',(25.8015265342878,9.5723188873161,4.35268378533966));
#3489=CARTESIAN_POINT('',(25.4757105367705,8.5783870404927,5.26470193021909));
#3490=CARTESIAN_POINT('',(25.2603850277505,8.04663031612725,5.66474751609102));
#3491=CARTESIAN_POINT('',(25.2603850277505,8.04663031612724,5.664747516091));
#3492=CARTESIAN_POINT('',(25.2603850277505,8.0466303161273,5.664747516091));
#3493=CARTESIAN_POINT('',(27.8890136490308,13.6837425859122,5.66474751608552));
#3494=CARTESIAN_POINT('',(27.8890136490307,13.6837425859122,5.66474751608553));
#3495=CARTESIAN_POINT('',(27.9139947091509,13.8396021355954,5.08009474799373));
#3496=CARTESIAN_POINT('',(27.8533973622037,14.2073709724433,3.94413546602621));
#3497=CARTESIAN_POINT('',(27.1648950269095,15.190472535821,1.80393029613351));
#3498=CARTESIAN_POINT('',(25.9991861163454,16.0174291202709,0.612616496829845));
#3499=CARTESIAN_POINT('',(25.0350278961226,16.432921176849,4.53672994651193E-12));
#3500=CARTESIAN_POINT('',(24.7280801616379,5.82972867954298,5.65135068791386));
#3501=CARTESIAN_POINT('',(29.0723687599057,15.146085643219,5.65135068790474));
#3502=CARTESIAN_POINT('',(24.7457660559103,5.82148161159959,2.76186907202586));
#3503=CARTESIAN_POINT('',(29.0900546541781,15.1378385752756,2.76186907201674));
#3504=CARTESIAN_POINT('',(23.8385780445827,6.24451032866621,0.878085509392379));
#3505=CARTESIAN_POINT('',(28.1828666428505,15.5608672923422,0.878085509383256));
#3506=CARTESIAN_POINT('',(22.0065161276551,7.09881483074283,1.34102848852555E-11));
#3507=CARTESIAN_POINT('',(26.3508047259229,16.4151717944188,4.2882073892565E-12));
#3508=CARTESIAN_POINT('',(28.1483831955364,13.1645922057984,5.65135067666762));
#3509=CARTESIAN_POINT('',(35.0532307579801,-0.422993624700153,9.25172881002208));
#3510=CARTESIAN_POINT('',(27.5641674475939,-5.69849036886045,5.8499999999607));
#3511=CARTESIAN_POINT('',(27.721432447564,-5.58837223037928,2.08289114467106));
#3512=CARTESIAN_POINT('',(30.6441791341082,-3.54184296818053,-7.23287690676518E-12));
#3513=CARTESIAN_POINT('',(29.1282866238734,-4.60328233096694,2.92499999997669));
#3514=CARTESIAN_POINT('',(27.8867388575966,13.6704811417187,5.71479309453188));
#3515=CARTESIAN_POINT('',(28.1130907063795,14.1329310136922,5.85823407960993));
#3516=CARTESIAN_POINT('',(27.6590617448633,14.4100363549624,5.91058569543932));
#3517=CARTESIAN_POINT('',(27.9206405773484,13.8558480809272,5.01102889820039));
#3518=CARTESIAN_POINT('',(28.1657134463286,14.3283978657823,5.15315129201024));
#3519=CARTESIAN_POINT('',(27.6927771828962,14.5961049149137,5.25923040271435));
#3520=CARTESIAN_POINT('',(27.8305864126358,14.3162262830142,3.62379396047266));
#3521=CARTESIAN_POINT('',(28.1183667716408,14.8355372787602,3.7332197897062));
#3522=CARTESIAN_POINT('',(27.6075964706796,15.0569569960661,3.99464646931556));
#3523=CARTESIAN_POINT('',(27.0259028238923,15.2765791585352,1.72493473947783));
#3524=CARTESIAN_POINT('',(27.3866196830465,15.9005908169649,1.78374723706853));
#3525=CARTESIAN_POINT('',(26.8566227516096,15.9965403488246,2.28251761057357));
#3526=CARTESIAN_POINT('',(25.9820305499669,15.9863118894927,0.655803541419033));
#3527=CARTESIAN_POINT('',(26.3566684973633,16.6852464419771,0.684135514552126));
#3528=CARTESIAN_POINT('',(25.8377131373003,16.6908040735454,1.28755805418));
#3529=CARTESIAN_POINT('',(25.1521239681145,16.3859102859917,0.0700474209971743));
#3530=CARTESIAN_POINT('',(25.4898560003537,17.1407475960622,0.0618096268116145));
#3531=CARTESIAN_POINT('',(25.0243821699808,17.0750759426114,0.742378514145438));
#3532=CARTESIAN_POINT('',(24.6030094807829,16.6145407788995,-0.271274984116665));
#3533=CARTESIAN_POINT('',(24.9146695725795,17.4041842164238,-0.300735166918769));
#3534=CARTESIAN_POINT('',(24.4493790827631,17.3092949191339,0.402863678716362));
#3535=CARTESIAN_POINT('',(24.1902332329777,16.7599656860227,-0.527643491520167));
#3536=CARTESIAN_POINT('',(24.4873305517109,17.5733038700973,-0.571116631938341));
#3537=CARTESIAN_POINT('',(24.013595100741,17.4592869330942,0.145817332706741));
#3538=CARTESIAN_POINT('',(23.9092971495981,16.8466129380145,-0.697656011356265));
#3539=CARTESIAN_POINT('',(24.1966413396484,17.6753765202769,-0.750094881616941));
#3540=CARTESIAN_POINT('',(23.7180797704645,17.548042110041,-0.0241951871519885));
#3541=CARTESIAN_POINT('',(27.8890136490308,13.6837425859122,5.66474751608552));
#3542=CARTESIAN_POINT('',(28.0185060846498,13.9656047969717,5.64094251310349));
#3543=CARTESIAN_POINT('',(27.9290372802312,14.3319485641189,5.61219066653513));
#3544=CARTESIAN_POINT('',(27.6691662257079,14.5030866277331,5.59823619094018));
#3545=CARTESIAN_POINT('',(25.1624264827365,-4.3866895521359,5.45796310996652));
#3546=CARTESIAN_POINT('',(25.9194967436273,-4.1259988224776,5.53808792875586));
#3547=CARTESIAN_POINT('',(25.4798727417062,-3.48978316434638,5.31561232037457));
#3548=CARTESIAN_POINT('',(25.2764010286696,-4.52047774864251,4.85401985599032));
#3549=CARTESIAN_POINT('',(26.007742392234,-4.25026098334676,4.97769640195445));
#3550=CARTESIAN_POINT('',(25.5897152002812,-3.62507753014231,4.7419248708149));
#3551=CARTESIAN_POINT('',(25.5908395223039,-4.75208893553378,3.67604244442909));
#3552=CARTESIAN_POINT('',(26.2432421910574,-4.45946985006762,3.90843388213786));
#3553=CARTESIAN_POINT('',(25.8880289015686,-3.86346195165283,3.6348050412849));
#3554=CARTESIAN_POINT('',(26.2981243145354,-4.89790648435888,2.25495725757157));
#3555=CARTESIAN_POINT('',(26.7972210610455,-4.60078428932219,2.57076363205763));
#3556=CARTESIAN_POINT('',(26.5335415056829,-4.04271110867955,2.34409095036283));
#3557=CARTESIAN_POINT('',(27.070893686809,-4.84846564095701,1.24191822040762));
#3558=CARTESIAN_POINT('',(27.4362296790755,-4.56467969750021,1.59781863533242));
#3559=CARTESIAN_POINT('',(27.2150065611391,-4.04889825658513,1.44698458487643));
#3560=CARTESIAN_POINT('',(27.7562832095384,-4.70151365084025,0.559240207504142));
#3561=CARTESIAN_POINT('',(28.0135196851702,-4.43850615107504,0.943861521604691));
#3562=CARTESIAN_POINT('',(27.8107409804743,-3.95923495003452,0.846845970685689));
#3563=CARTESIAN_POINT('',(28.3742878670846,-4.47809942231889,0.096245300455487));
#3564=CARTESIAN_POINT('',(28.5515990401383,-4.23990058658367,0.493418559416968));
#3565=CARTESIAN_POINT('',(28.3400952402228,-3.79507675545344,0.440203634290283));
#3566=CARTESIAN_POINT('',(28.893817990268,-4.23128590736274,-0.216998516759695));
#3567=CARTESIAN_POINT('',(29.0190392714057,-4.01146629847321,0.18656949142244));
#3568=CARTESIAN_POINT('',(28.79412614365,-3.59342878592064,0.158132667514948));
#3569=CARTESIAN_POINT('',(29.1582046718378,-4.0840647489376,-0.350625437347287));
#3570=CARTESIAN_POINT('',(29.2473857798841,-3.88190718041943,0.0604829709759459));
#3571=CARTESIAN_POINT('',(29.0109862237357,-3.47976532370811,0.0444056415020836));
#3572=CARTESIAN_POINT('',(29.2891126539732,-4.00646600593913,-0.413397597700935));
#3573=CARTESIAN_POINT('',(29.3757090188486,-3.80403261971435,-0.0045802625700168));
#3574=CARTESIAN_POINT('',(29.1361141089338,-3.40652282354333,-0.0183665188644151));
#3575=CARTESIAN_POINT('',(24.9884958411643,-3.83384897420795,5.30267168290574));
#3576=CARTESIAN_POINT('',(25.4798727417062,-3.48978316434639,5.31561232037457));
#3577=CARTESIAN_POINT('',(25.9194967436273,-4.12599882247762,5.53808792875585));
#3578=CARTESIAN_POINT('',(25.1624264827365,-4.3866895521359,5.45796310996652));
#3579=CARTESIAN_POINT('',(25.458623214629,-3.46360985067703,5.4265948273998));
#3580=CARTESIAN_POINT('',(25.906493590515,-4.10541602286077,5.5845389000763));
#3581=CARTESIAN_POINT('',(25.1564258970287,-4.36749734099997,5.53300858439248));
#3582=CARTESIAN_POINT('',(25.447025292919,-3.44844706631345,5.53923947728572));
#3583=CARTESIAN_POINT('',(25.894020041991,-4.08630323234417,5.63423696046865));
#3584=CARTESIAN_POINT('',(25.1587860886786,-4.35423445558704,5.60964175763455));
#3585=CARTESIAN_POINT('',(25.4442218502545,-3.44306634950036,5.65339302271536));
#3586=CARTESIAN_POINT('',(25.8832907092392,-4.06965784305149,5.69184436592979));
#3587=CARTESIAN_POINT('',(25.1688467864266,-4.34611797867499,5.68777704705241));
#3588=CARTESIAN_POINT('',(25.1627682622693,-4.35318028489336,5.62953765108962));
#3589=CARTESIAN_POINT('',(25.3364118650871,-4.28957156553634,5.62641292899792));
#3590=CARTESIAN_POINT('',(25.6107927020701,-3.99221663795211,5.63507212579366));
#3591=CARTESIAN_POINT('',(25.5503026560683,-3.59462952547899,5.6479753238225));
#3592=CARTESIAN_POINT('',(25.4442729596754,-3.44316368305247,5.65135067667854));
#3593=CARTESIAN_POINT('',(25.9894766864165,-3.43562596697205,5.71479309453614));
#3594=CARTESIAN_POINT('',(26.276794099131,-3.86287735419759,5.85823407961405));
#3595=CARTESIAN_POINT('',(26.7437888449534,-3.60822941010648,5.91058569544161));
#3596=CARTESIAN_POINT('',(26.1330583049182,-3.55766918711929,5.01102889820129));
#3597=CARTESIAN_POINT('',(26.4197619886626,-4.00618340987231,5.15315129201071));
#3598=CARTESIAN_POINT('',(26.8880712256987,-3.7304621159213,5.25923040271086));
#3599=CARTESIAN_POINT('',(26.5767846056254,-3.7098690938026,3.62379396046565));
#3600=CARTESIAN_POINT('',(26.8826309409062,-4.21874969327929,3.73321978969639));
#3601=CARTESIAN_POINT('',(27.3297711914723,-3.88711949580684,3.99464646930867));
#3602=CARTESIAN_POINT('',(27.8108163867989,-3.49316910170436,1.72493473946247));
#3603=CARTESIAN_POINT('',(28.1708679056798,-4.11756489452225,1.78374723705361));
#3604=CARTESIAN_POINT('',(28.5189611034707,-3.70654885389665,2.28251761055719));
#3605=CARTESIAN_POINT('',(28.9473990986682,-2.9440155596527,0.655803541398572));
#3606=CARTESIAN_POINT('',(29.3653752030059,-3.61792881556175,0.68413551453017));
#3607=CARTESIAN_POINT('',(29.6296659331611,-3.17127910610004,1.28755805415818));
#3608=CARTESIAN_POINT('',(29.7084147522751,-2.42509457524505,0.0700474209736852));
#3609=CARTESIAN_POINT('',(30.1932570224035,-3.09499774987004,0.0618096267862037));
#3610=CARTESIAN_POINT('',(30.3691206173923,-2.65904976124464,0.742378514120705));
#3611=CARTESIAN_POINT('',(30.1809718108754,-2.06386272608239,-0.271274984141601));
#3612=CARTESIAN_POINT('',(30.7089930418059,-2.72859000168466,-0.300735166945288));
#3613=CARTESIAN_POINT('',(30.8594617447172,-2.27819196871846,0.402863678688725));
#3614=CARTESIAN_POINT('',(30.5133015986921,-1.77910046296553,-0.527643491548587));
#3615=CARTESIAN_POINT('',(31.0691244686066,-2.44306338042419,-0.571116631969022));
#3616=CARTESIAN_POINT('',(31.2072506301834,-1.97578797670221,0.145817332674353));
#3617=CARTESIAN_POINT('',(30.7288083617725,-1.57912630391191,-0.697656011385943));
#3618=CARTESIAN_POINT('',(31.3028665827202,-2.24235546325504,-0.750094881648898));
#3619=CARTESIAN_POINT('',(31.4318725332732,-1.76424178194769,-0.0241951871843268));
#3620=CARTESIAN_POINT('',(25.9998240382618,-3.44422671623925,5.66474751608949));
#3621=CARTESIAN_POINT('',(26.1791776555964,-3.69730156061293,5.64094251310735));
#3622=CARTESIAN_POINT('',(26.5411750666729,-3.80299118671404,5.61219066653804));
#3623=CARTESIAN_POINT('',(26.8193205045789,-3.66350528359596,5.59823619094194));
#3624=CARTESIAN_POINT('',(28.5804079725979,-3.61337702231104,2.33226090240668));
#3625=CARTESIAN_POINT('',(28.7011429422653,-3.5801622137895,2.17270998800048));
#3626=CARTESIAN_POINT('',(28.8389864600865,-3.52675453215877,2.03056562707762));
#3627=CARTESIAN_POINT('',(28.9833452460769,-3.45844710956262,1.90554043523321));
#3628=CARTESIAN_POINT('',(23.9722813223064,6.95250198487297,5.87303292265689));
#3629=CARTESIAN_POINT('',(24.5913648212677,6.60193583623735,5.70594864369066));
#3630=CARTESIAN_POINT('',(24.7440844591359,6.84855594284754,6.37671939048722));
#3631=CARTESIAN_POINT('',(24.1231488620531,7.2771755373911,5.71770609915434));
#3632=CARTESIAN_POINT('',(24.7339398563482,6.92468756682388,5.56498680927126));
#3633=CARTESIAN_POINT('',(24.8999053537448,7.20269450811468,6.21103744346271));
#3634=CARTESIAN_POINT('',(24.4145610421146,7.90805194225571,5.35112830660865));
#3635=CARTESIAN_POINT('',(25.0184393893189,7.53418238853835,5.22712733674752));
#3636=CARTESIAN_POINT('',(25.2039940819987,7.88391684904019,5.83158385311581));
#3637=CARTESIAN_POINT('',(24.7763586630484,8.81224258066762,4.65821020917251));
#3638=CARTESIAN_POINT('',(25.3223813036705,8.50603314237486,4.5466962287995));
#3639=CARTESIAN_POINT('',(25.5761592352232,8.85866012017585,5.01416252740237));
#3640=CARTESIAN_POINT('',(24.9893603207307,9.66369439307723,3.87076000677478));
#3641=CARTESIAN_POINT('',(25.496662446744,9.43392791538044,3.74202991048371));
#3642=CARTESIAN_POINT('',(25.7806045079367,9.77988468600061,4.09865458242531));
#3643=CARTESIAN_POINT('',(25.0179080858499,10.7572271746685,2.70675704483762));
#3644=CARTESIAN_POINT('',(25.459137537103,10.6185471555127,2.55516151223151));
#3645=CARTESIAN_POINT('',(25.7551991936174,10.9746839188186,2.72510426982311));
#3646=CARTESIAN_POINT('',(24.4879624048914,11.7349558312034,1.5108166694568));
#3647=CARTESIAN_POINT('',(24.8396105072513,11.7259020191526,1.26137151539362));
#3648=CARTESIAN_POINT('',(25.0836084181526,12.0679558891587,1.32113374194871));
#3649=CARTESIAN_POINT('',(23.5477917036209,12.3136282097028,0.672280567961558));
#3650=CARTESIAN_POINT('',(23.8043919580457,12.3618942460863,0.360319624929863));
#3651=CARTESIAN_POINT('',(23.9811135268508,12.7285226568912,0.361004568685123));
#3652=CARTESIAN_POINT('',(22.9073782328539,12.5441328912367,0.26565079052434));
#3653=CARTESIAN_POINT('',(23.1232679210047,12.6099667870995,-0.0697052569398287));
#3654=CARTESIAN_POINT('',(23.2512462275366,12.9928935014151,-0.0959961921858289));
#3655=CARTESIAN_POINT('',(22.5791605407855,12.626299093199,0.0696871852378947));
#3656=CARTESIAN_POINT('',(22.7910932973197,12.6937601909979,-0.264713860695613));
#3657=CARTESIAN_POINT('',(22.9015418478449,13.0782932905996,-0.301146982546156));
#3658=CARTESIAN_POINT('',(22.4132152772638,12.6596743822211,-0.0277574040298515));
#3659=CARTESIAN_POINT('',(22.6209343166898,12.7285779081045,-0.36333029613812));
#3660=CARTESIAN_POINT('',(22.7217604374685,13.1140574262139,-0.405087877773405));
#3661=CARTESIAN_POINT('',(24.015959238909,7.04675206542463,5.82705321031087));
#3662=CARTESIAN_POINT('',(24.0514733721006,6.9776127090957,5.8321972807272));
#3663=CARTESIAN_POINT('',(24.1921028841873,6.87378061630339,5.83617311063359));
#3664=CARTESIAN_POINT('',(24.4972050612316,7.01346309467307,5.81005953733249));
#3665=CARTESIAN_POINT('',(24.7676837038693,7.27379745746369,5.77188891742812));
#3666=CARTESIAN_POINT('',(25.0486908682735,7.64205164487895,5.71901926558435));
#3667=CARTESIAN_POINT('',(25.1968190443351,7.90710107347304,5.6831040355612));
#3668=CARTESIAN_POINT('',(25.2603850277505,8.04663031612729,5.66474751609099));
#3669=CARTESIAN_POINT('',(22.1287648421397,3.31338327904726,5.87303292266075));
#3670=CARTESIAN_POINT('',(21.5156239022332,2.95252431620053,5.70594864369711));
#3671=CARTESIAN_POINT('',(21.6528433607096,2.69695517684601,6.3767193904937));
#3672=CARTESIAN_POINT('',(22.3345066166851,3.02039138076121,5.71770609915824));
#3673=CARTESIAN_POINT('',(21.7238475825002,2.66767484858187,5.5649868092782));
#3674=CARTESIAN_POINT('',(21.881625907386,2.38494104103997,6.21103744347136));
#3675=CARTESIAN_POINT('',(22.7351555199118,2.45258282742224,5.35112830661211));
#3676=CARTESIAN_POINT('',(22.109435815087,2.11654361480671,5.22712733675346));
#3677=CARTESIAN_POINT('',(22.3195373961246,1.78098130690483,5.83158385312078));
#3678=CARTESIAN_POINT('',(23.3373087721725,1.68716157745783,4.65821020917555));
#3679=CARTESIAN_POINT('',(22.7991122994214,1.36739681878358,4.54669622880476));
#3680=CARTESIAN_POINT('',(22.9776072544813,0.971305194239533,5.01416252740811));
#3681=CARTESIAN_POINT('',(23.9681868429736,1.07697082465047,3.87076000677693));
#3682=CARTESIAN_POINT('',(23.515552173343,0.752517534977269,3.74202991048791));
#3683=CARTESIAN_POINT('',(23.6731884947162,0.333638111472045,4.09865458242966));
#3684=CARTESIAN_POINT('',(24.9009401291395,0.505481344038125,2.70675704483791));
#3685=CARTESIAN_POINT('',(24.5602249839262,0.192705439932646,2.55516151223339));
#3686=CARTESIAN_POINT('',(24.720617639914,-0.241759857347941,2.72510426982538));
#3687=CARTESIAN_POINT('',(26.0126508241826,0.475563438104864,1.51081666945347));
#3688=CARTESIAN_POINT('',(25.8289859417652,0.175554154293767,1.26137151539146));
#3689=CARTESIAN_POINT('',(26.0032143272023,-0.206781170020296,1.32113374194655));
#3690=CARTESIAN_POINT('',(26.9838811550632,1.00043896004671,0.672280567954595));
#3691=CARTESIAN_POINT('',(26.8973806414973,0.754083602904633,0.360319624923608));
#3692=CARTESIAN_POINT('',(27.1265293746016,0.417724029520839,0.361004568678909));
#3693=CARTESIAN_POINT('',(27.5037108003464,1.43980095389066,0.265650790514296));
#3694=CARTESIAN_POINT('',(27.4527797825184,1.2199180516056,-0.0697052569493198));
#3695=CARTESIAN_POINT('',(27.7204148916361,0.917622229857008,-0.0959961921958396));
#3696=CARTESIAN_POINT('',(27.7389776646091,1.68296271220847,0.0696871852280004));
#3697=CARTESIAN_POINT('',(27.6914343107994,1.46569301225438,-0.264713860704908));
#3698=CARTESIAN_POINT('',(27.9692254683904,1.17777521188935,-0.301146982555336));
#3699=CARTESIAN_POINT('',(27.8508541445233,1.80998788154713,-0.0277574040412515));
#3700=CARTESIAN_POINT('',(27.8066668286346,1.59564615361216,-0.363330296148991));
#3701=CARTESIAN_POINT('',(28.0900888235664,1.315588412598,-0.405087877784659));
#3702=CARTESIAN_POINT('',(22.1885488479027,3.22843205340634,5.82705321031334));
#3703=CARTESIAN_POINT('',(22.1109153423255,3.23224559003293,5.83219728072981));
#3704=CARTESIAN_POINT('',(21.9506793561969,3.16237290644398,5.83617311063892));
#3705=CARTESIAN_POINT('',(21.9190968424068,2.82830543118683,5.81005953733743));
#3706=CARTESIAN_POINT('',(22.0093136927426,2.46389687408735,5.77188891743399));
#3707=CARTESIAN_POINT('',(22.1877275918919,2.03641043736003,5.71901926559028));
#3708=CARTESIAN_POINT('',(22.343203042282,1.77560295957768,5.68310403556719));
#3709=CARTESIAN_POINT('',(22.4322559192835,1.65078858179627,5.66474751609693));
#3710=CARTESIAN_POINT('',(15.1881141283237,2.56582202257425,-0.405023288688527));
#3711=CARTESIAN_POINT('',(15.5723647494578,2.67123825200517,-0.363269060749416));
#3712=CARTESIAN_POINT('',(15.7358969808365,2.52579740947178,-0.0276968517635874));
#3713=CARTESIAN_POINT('',(15.1293258060744,2.73902838084719,-0.301304734937911));
#3714=CARTESIAN_POINT('',(15.5175593834326,2.83565667610081,-0.264863743379018));
#3715=CARTESIAN_POINT('',(15.6819472871776,2.68585504707619,0.0695392923766408));
#3716=CARTESIAN_POINT('',(15.0287329078069,3.08341009965331,-0.0968201527727655));
#3717=CARTESIAN_POINT('',(15.4243173485648,3.16410472964363,-0.070490474181163));
#3718=CARTESIAN_POINT('',(15.5892751609908,3.01006101903379,0.264853068234385));
#3719=CARTESIAN_POINT('',(14.8925883061795,3.84668599435799,0.359430595175228));
#3720=CARTESIAN_POINT('',(15.2984351769598,3.87713140692211,0.358848427802845));
#3721=CARTESIAN_POINT('',(15.4685165842861,3.67925071711539,0.670931263975843));
#3722=CARTESIAN_POINT('',(14.9124351428878,5.13129160688367,1.31834658606914));
#3723=CARTESIAN_POINT('',(15.3306196074122,5.09112832038108,1.25878028345382));
#3724=CARTESIAN_POINT('',(15.4986705592015,4.78234108496521,1.50838552808458));
#3725=CARTESIAN_POINT('',(15.5230515834655,6.2615760292782,2.72340670227265));
#3726=CARTESIAN_POINT('',(15.9795203261675,6.18328689868835,2.55371039285624));
#3727=CARTESIAN_POINT('',(16.0800849798481,5.73193965524024,2.70532844887254));
#3728=CARTESIAN_POINT('',(16.545562313581,6.88158145207087,4.09792956628554));
#3729=CARTESIAN_POINT('',(16.9871613199376,6.80864176373297,3.74141004164577));
#3730=CARTESIAN_POINT('',(17.0418479129495,6.25447557107461,3.87013988820828));
#3731=CARTESIAN_POINT('',(17.4458066907057,7.16532306466164,5.01382495911332));
#3732=CARTESIAN_POINT('',(17.8781114930571,7.12184672459816,4.54641977861045));
#3733=CARTESIAN_POINT('',(17.8859332250918,6.49589581574698,4.65791856159039));
#3734=CARTESIAN_POINT('',(18.476581829505,7.33048030116352,5.83166169225269));
#3735=CARTESIAN_POINT('',(18.8722404702536,7.34465582424606,5.22720013780013));
#3736=CARTESIAN_POINT('',(18.8503890720581,6.63474029158315,5.35119698197279));
#3737=CARTESIAN_POINT('',(19.2183474891234,7.40771123131552,6.21098639499672));
#3738=CARTESIAN_POINT('',(19.542103215031,7.4029858304462,5.56494404786682));
#3739=CARTESIAN_POINT('',(19.5422321753459,6.69778322836081,5.71765824123741));
#3740=CARTESIAN_POINT('',(19.6030912270586,7.44985096644926,6.37672759559929));
#3741=CARTESIAN_POINT('',(19.8930287827694,7.44090173903249,5.70595567822052));
#3742=CARTESIAN_POINT('',(19.8989714960889,6.72947630505917,5.87304061494789));
#3743=CARTESIAN_POINT('',(19.7954919132229,6.72017588116626,5.82705321031972));
#3744=CARTESIAN_POINT('',(19.8376112856093,6.78550170086797,5.83219728073603));
#3745=CARTESIAN_POINT('',(19.8572177596522,6.95920647725307,5.8361731106427));
#3746=CARTESIAN_POINT('',(19.5836980963983,7.15359147413854,5.81005953734281));
#3747=CARTESIAN_POINT('',(19.2230026034246,7.25766566844873,5.77188891743977));
#3748=CARTESIAN_POINT('',(18.7635815398708,7.31689791776063,5.71901926559755));
#3749=CARTESIAN_POINT('',(18.4599779134188,7.31265596694929,5.68310403557535));
#3750=CARTESIAN_POINT('',(18.3073590530017,7.29794110207645,5.66474751610559));
#3751=CARTESIAN_POINT('',(10.5756819874419,4.01887464385196,-0.0192370543674631));
#3752=CARTESIAN_POINT('',(10.1116643429777,4.01006776869682,-0.00548083646335296));
#3753=CARTESIAN_POINT('',(9.97962892617417,4.18624598440741,-0.414268133200471));
#3754=CARTESIAN_POINT('',(10.5747422685215,4.17182217844282,0.0469834474544305));
#3755=CARTESIAN_POINT('',(10.1081771181687,4.16839369716352,0.0631635014341215));
#3756=CARTESIAN_POINT('',(9.97775687496814,4.3467715676971,-0.34804763136324));
#3757=CARTESIAN_POINT('',(10.5856846815469,4.42662874936455,0.166043797280201));
#3758=CARTESIAN_POINT('',(10.1107141122387,4.44191815219166,0.195257548101629));
#3759=CARTESIAN_POINT('',(9.98316591778857,4.66226957581097,-0.208048538476619));
#3760=CARTESIAN_POINT('',(10.6420461013113,4.93884165957835,0.461525041458498));
#3761=CARTESIAN_POINT('',(10.14975989768,4.98005339543857,0.516863949215002));
#3762=CARTESIAN_POINT('',(10.0329756287225,5.25681483590261,0.120205122536763));
#3763=CARTESIAN_POINT('',(10.8337837881859,5.74197905497419,1.08135145066351));
#3764=CARTESIAN_POINT('',(10.305257269399,5.83062306748067,1.21426070484705));
#3765=CARTESIAN_POINT('',(10.214528976453,6.21856406837662,0.826215042463934));
#3766=CARTESIAN_POINT('',(11.2899246267548,6.58738577277232,2.23551636326783));
#3767=CARTESIAN_POINT('',(10.6891227483088,6.65413043871968,2.49219248175182));
#3768=CARTESIAN_POINT('',(10.6665094145804,7.21984012022229,2.13935449404576));
#3769=CARTESIAN_POINT('',(11.8931205908406,7.12251555106502,3.89064912436369));
#3770=CARTESIAN_POINT('',(11.1852451939437,7.10088143028248,4.16713534935483));
#3771=CARTESIAN_POINT('',(11.2727289274884,7.83202696641748,3.95290482839344));
#3772=CARTESIAN_POINT('',(12.2663082041795,7.23151820768591,5.0854644119837));
#3773=CARTESIAN_POINT('',(11.5029139528279,7.17290411960295,5.31820205049813));
#3774=CARTESIAN_POINT('',(11.6480940527869,7.95461326617797,5.21762495554312));
#3775=CARTESIAN_POINT('',(12.4437107057874,7.240775772094,5.69467003558022));
#3776=CARTESIAN_POINT('',(11.6616768198151,7.17011224005368,5.9129822849394));
#3777=CARTESIAN_POINT('',(11.8261441316412,7.96631961416658,5.85610616922656));
#3778=CARTESIAN_POINT('',(11.7536271294774,7.95879452034729,5.59823619097299));
#3779=CARTESIAN_POINT('',(11.709678031038,7.76946909933995,5.59252507935946));
#3780=CARTESIAN_POINT('',(11.8390639750901,7.35763919484639,5.59879329471697));
#3781=CARTESIAN_POINT('',(12.2385174919296,7.22331032950155,5.63409409442411));
#3782=CARTESIAN_POINT('',(12.4310749570638,7.2400399366273,5.6513506767009));
#3783=CARTESIAN_POINT('',(12.1237844560326,6.76050482525473,5.71479309456449));
#3784=CARTESIAN_POINT('',(11.6101151945363,6.72530634050747,5.85823407964575));
#3785=CARTESIAN_POINT('',(11.5971494102301,6.19355305514556,5.91058569547447));
#3786=CARTESIAN_POINT('',(11.9463011177699,6.69718110618873,5.01102889824327));
#3787=CARTESIAN_POINT('',(11.4145245650433,6.67314554408558,5.15315129205847));
#3788=CARTESIAN_POINT('',(11.4191515914478,6.12971720101335,5.25923040275625));
#3789=CARTESIAN_POINT('',(11.5926289817753,6.38900281079473,3.6237939605226));
#3790=CARTESIAN_POINT('',(10.999002287492,6.37857241452496,3.73321978975424));
#3791=CARTESIAN_POINT('',(11.0626323378852,5.82552249974279,3.99464646936776));
#3792=CARTESIAN_POINT('',(11.1632807893325,5.21194994319227,1.72493473953628));
#3793=CARTESIAN_POINT('',(10.4425124112991,5.21233407758306,1.78374723713602));
#3794=CARTESIAN_POINT('',(10.6244161449479,4.70536850509472,2.28251761063166));
#3795=CARTESIAN_POINT('',(11.0705703513801,3.95306367020013,0.65580354147496));
#3796=CARTESIAN_POINT('',(10.2779562996478,3.92804237362653,0.684135514612464));
#3797=CARTESIAN_POINT('',(10.5326209295583,3.47583503259489,1.28755805423721));
#3798=CARTESIAN_POINT('',(11.1394612796182,3.03454428930859,0.0700474210504223));
#3799=CARTESIAN_POINT('',(10.3168869772517,2.94961015386857,0.0618096268696328));
#3800=CARTESIAN_POINT('',(10.606497212639,2.57933381868729,0.742378514199244));
#3801=CARTESIAN_POINT('',(11.2160187083429,2.44468194723776,-0.271274984066389));
#3802=CARTESIAN_POINT('',(10.3763373856174,2.31976578531843,-0.300735166864536));
#3803=CARTESIAN_POINT('',(10.6911591725268,1.96425704964419,0.402863678770058));
#3804=CARTESIAN_POINT('',(11.2964651683271,2.01449477700559,-0.527643491466364));
#3805=CARTESIAN_POINT('',(10.4435449796768,1.86511951039372,-0.571116631882248));
#3806=CARTESIAN_POINT('',(10.779154269079,1.51186104367656,0.145817332761776));
#3807=CARTESIAN_POINT('',(11.3618944886243,1.72787336596227,-0.697656011303974));
#3808=CARTESIAN_POINT('',(10.5004920776274,1.56233894304761,-0.750094881560435));
#3809=CARTESIAN_POINT('',(10.8500476962625,1.21155967197492,-0.0241951870977203));
#3810=CARTESIAN_POINT('',(12.1111623127528,6.7558441303284,5.66474751611865));
#3811=CARTESIAN_POINT('',(11.8023162597986,6.72705676364272,5.64094251313727));
#3812=CARTESIAN_POINT('',(11.5297876531396,6.46640262259659,5.61219066656903));
#3813=CARTESIAN_POINT('',(11.5115132697567,6.15577865586377,5.59823619097349));
#3814=CARTESIAN_POINT('',(28.0649995909817,16.0324669387711,7.89549470236301));
#3815=CARTESIAN_POINT('',(29.1077286234122,15.8888115126662,8.50625793764473));
#3816=CARTESIAN_POINT('',(29.1151373827661,15.9610383673396,7.29148189332897));
#3817=CARTESIAN_POINT('',(28.0201053076184,15.5692688138212,7.86919853442342));
#3818=CARTESIAN_POINT('',(29.08809066354,15.6050591797392,8.48866515920883));
#3819=CARTESIAN_POINT('',(29.0768629224726,15.5879065449453,7.26365178347354));
#3820=CARTESIAN_POINT('',(28.1032874267879,14.6324543780727,7.91572477834138));
#3821=CARTESIAN_POINT('',(29.1224413224509,15.050595527808,8.51994271327094));
#3822=CARTESIAN_POINT('',(29.1477795378315,14.8332504709945,7.31289205650936));
#3823=CARTESIAN_POINT('',(28.695842445433,13.4201700260168,8.27798317987546));
#3824=CARTESIAN_POINT('',(29.3835211342246,14.252964915541,8.75070537438594));
#3825=CARTESIAN_POINT('',(29.6529601212102,13.8566880765809,7.69628219884757));
#3826=CARTESIAN_POINT('',(29.568739225167,12.5914898844825,8.91261702182496));
#3827=CARTESIAN_POINT('',(29.880419776689,13.5414339475658,9.17975583863357));
#3828=CARTESIAN_POINT('',(30.3971450386847,13.1891401846603,8.36793634805428));
#3829=CARTESIAN_POINT('',(30.8149769091675,12.0168437420726,10.0285269347759));
#3830=CARTESIAN_POINT('',(30.7794614607001,12.8683945685987,10.0225605574449));
#3831=CARTESIAN_POINT('',(31.4596203600429,12.7262307924549,9.54894100599252));
#3832=CARTESIAN_POINT('',(32.2001949729078,12.0484867969313,11.7504923209906));
#3833=CARTESIAN_POINT('',(32.0686020914625,12.6122768914875,11.5548688080002));
#3834=CARTESIAN_POINT('',(32.6405828912862,12.7517210290462,11.3713543730262));
#3835=CARTESIAN_POINT('',(32.9547918320195,12.4164935515176,13.2799384543728));
#3836=CARTESIAN_POINT('',(32.9066532328357,12.8590396806267,13.1683565654682));
#3837=CARTESIAN_POINT('',(33.2839116450936,13.0481709202948,12.9900181975688));
#3838=CARTESIAN_POINT('',(33.2481477799117,12.6100127007625,14.0691900883205));
#3839=CARTESIAN_POINT('',(33.2181004760295,13.0071499277889,13.9883501263044));
#3840=CARTESIAN_POINT('',(33.5340111743986,13.2040613422772,13.8253095101383));
#3841=CARTESIAN_POINT('',(28.4187912337976,16.0324669387707,7.2914818933319));
#3842=CARTESIAN_POINT('',(26.843064841383,17.4651200000004,7.27071391483528));
#3843=CARTESIAN_POINT('',(26.8430648413832,18.16512,7.27071391483493));
#3844=CARTESIAN_POINT('',(27.125576957139,18.16512,6.63025555986511));
#3845=CARTESIAN_POINT('',(27.0101448360034,17.4651199819442,7.34441444885816));
#3846=CARTESIAN_POINT('',(27.0968151268873,18.204631856682,7.38264552177916));
#3847=CARTESIAN_POINT('',(27.3976174601535,18.16512,6.70825529324732));
#3848=CARTESIAN_POINT('',(27.3353845174926,17.3940020627751,7.49721295417886));
#3849=CARTESIAN_POINT('',(27.6175633743549,18.1851083075346,7.63231370440625));
#3850=CARTESIAN_POINT('',(27.9271743783887,18.0557077760525,6.86996704240409));
#3851=CARTESIAN_POINT('',(27.7545315062484,17.0915032319476,7.71711679387317));
#3852=CARTESIAN_POINT('',(28.3749014113439,17.850798339882,8.05144065517049));
#3853=CARTESIAN_POINT('',(28.6096316570069,17.5903249754691,7.10269860721001));
#3854=CARTESIAN_POINT('',(28.0369992275227,16.6153807500821,7.87854671349406));
#3855=CARTESIAN_POINT('',(29.0276328909846,17.0878345691044,8.45362093619692));
#3856=CARTESIAN_POINT('',(29.0695470397078,16.8578288461388,7.27354527107988));
#3857=CARTESIAN_POINT('',(28.0836717660282,16.2251177486392,7.90643165500012));
#3858=CARTESIAN_POINT('',(29.1599747126275,16.2911595844011,8.53940944806907));
#3859=CARTESIAN_POINT('',(29.14553953056,16.257424226842,7.30305683625081));
#3860=CARTESIAN_POINT('',(28.0649995909817,16.0324669387711,7.89549470236301));
#3861=CARTESIAN_POINT('',(29.1077286234122,15.8888115126662,8.50625793764473));
#3862=CARTESIAN_POINT('',(29.1151373827661,15.9610383673396,7.29148189332897));
#3863=CARTESIAN_POINT('',(27.1255769571389,17.46512,6.6302555598651));
#3864=CARTESIAN_POINT('',(21.9999999998526,17.46512,18.2500000000383));
#3865=CARTESIAN_POINT('',(16.8810487121414,17.46512,6.62733517160761));
#3866=CARTESIAN_POINT('',(15.9412608839179,16.0324669387711,7.89183026185448));
#3867=CARTESIAN_POINT('',(14.898881681363,15.8889612990156,8.50154257665415));
#3868=CARTESIAN_POINT('',(14.8914882865198,15.9610383673396,7.28760369379664));
#3869=CARTESIAN_POINT('',(15.9226510275082,16.2244748452445,7.90271560818693));
#3870=CARTESIAN_POINT('',(14.8468568363895,16.289736085471,8.534510093247));
#3871=CARTESIAN_POINT('',(14.8611875951725,16.2564351435601,7.29912402004283));
#3872=CARTESIAN_POINT('',(15.9684675406765,16.6130031579759,7.87536955121374));
#3873=CARTESIAN_POINT('',(14.9767790306329,17.0828586816618,8.45036591102814));
#3874=CARTESIAN_POINT('',(14.9357863174279,16.8541710131875,7.27018277437918));
#3875=CARTESIAN_POINT('',(16.2512904262981,17.0913901890895,7.71393275336024));
#3876=CARTESIAN_POINT('',(15.6304409904177,17.8503433384718,8.04806362948337));
#3877=CARTESIAN_POINT('',(15.3962799738942,17.5901510613803,7.09932883086894));
#3878=CARTESIAN_POINT('',(16.6709285543266,17.3940628592022,7.4940735463124));
#3879=CARTESIAN_POINT('',(16.3886864171418,18.1849790054311,7.62898873112012));
#3880=CARTESIAN_POINT('',(16.0795369302117,18.0558013159589,6.86664450291783));
#3881=CARTESIAN_POINT('',(16.9964329914124,17.4651199916057,7.34140149095485));
#3882=CARTESIAN_POINT('',(16.9099089977243,18.2045022970806,7.37950911412652));
#3883=CARTESIAN_POINT('',(16.6095249233917,18.16512,6.70506657838315));
#3884=CARTESIAN_POINT('',(17.1631956335113,17.4651200000003,7.26795449285969));
#3885=CARTESIAN_POINT('',(17.1631956335112,18.16512,7.26795449285939));
#3886=CARTESIAN_POINT('',(16.8810487121414,18.16512,6.62733517160761));
#3887=CARTESIAN_POINT('',(15.5878344354883,16.0324669387707,7.28760369379371));
#3888=CARTESIAN_POINT('',(14.8914882865198,15.9610383673396,7.28760369379664));
#3889=CARTESIAN_POINT('',(14.898881681363,15.8889612990156,8.50154257665415));
#3890=CARTESIAN_POINT('',(15.9412608839179,16.0324669387711,7.89183026185448));
#3891=CARTESIAN_POINT('',(14.9297901920577,15.5876389854792,7.25979221806402));
#3892=CARTESIAN_POINT('',(14.9185722747074,15.6048219532359,8.4839391396973));
#3893=CARTESIAN_POINT('',(15.9861873593577,15.5689366710314,7.86555170097297));
#3894=CARTESIAN_POINT('',(14.8587167943843,14.832441682001,7.30906979942575));
#3895=CARTESIAN_POINT('',(14.8840617942254,15.0495424549844,8.51528909730893));
#3896=CARTESIAN_POINT('',(15.9028213413168,14.6314503641517,7.91211319683357));
#3897=CARTESIAN_POINT('',(14.3527513564195,13.855340345768,7.69256278274594));
#3898=CARTESIAN_POINT('',(14.6221385068857,14.2511263672675,8.74636629588205));
#3899=CARTESIAN_POINT('',(15.3093457221185,13.4184969808691,8.27446877095764));
#3900=CARTESIAN_POINT('',(13.6074870715987,13.1877543377421,8.36451940332542));
#3901=CARTESIAN_POINT('',(14.1240990237629,13.5393673165302,9.17583956315346));
#3902=CARTESIAN_POINT('',(14.4351828910856,12.5897695227909,8.90938841262889));
#3903=CARTESIAN_POINT('',(12.5436797870146,12.7254665114319,9.54611465760523));
#3904=CARTESIAN_POINT('',(13.2234953504354,12.8667577839608,10.0192870406333));
#3905=CARTESIAN_POINT('',(13.1873828717201,12.0158949794239,10.0258563693695));
#3906=CARTESIAN_POINT('',(11.3614820487764,12.7525215018156,11.3696260834049));
#3907=CARTESIAN_POINT('',(11.9326236285226,12.6122801455753,11.5527853266334));
#3908=CARTESIAN_POINT('',(11.8007159635029,12.0494804872604,11.7488592914305));
#3909=CARTESIAN_POINT('',(10.7177539006729,13.0505436948507,12.9889042525494));
#3910=CARTESIAN_POINT('',(11.0939125282349,12.8610466513081,13.1670449304935));
#3911=CARTESIAN_POINT('',(11.0456506321052,12.4194390647699,13.2788859078956));
#3912=CARTESIAN_POINT('',(10.4674803076363,13.207268996486,13.8246310560807));
#3913=CARTESIAN_POINT('',(10.7822144228486,13.0101774913764,13.9875171121209));
#3914=CARTESIAN_POINT('',(10.7520905149796,12.6139946163318,14.0685490293713));
#3915=CARTESIAN_POINT('',(29.1151373827639,-4.63079836735422,7.29148189334056));
#3916=CARTESIAN_POINT('',(29.1077286234109,-4.55857151268433,8.50625793765691));
#3917=CARTESIAN_POINT('',(28.064999590979,-4.70222693877986,7.8954947023746));
#3918=CARTESIAN_POINT('',(29.0768629224735,-4.25766654496283,7.26365178347753));
#3919=CARTESIAN_POINT('',(29.0880906635403,-4.27481917976303,8.48866515920254));
#3920=CARTESIAN_POINT('',(28.020105307619,-4.23902881383051,7.8691985344363));
#3921=CARTESIAN_POINT('',(29.1477795378369,-3.50301047101239,7.3128920565289));
#3922=CARTESIAN_POINT('',(29.1224413224543,-3.72035552782558,8.51994271329496));
#3923=CARTESIAN_POINT('',(28.1032874267944,-3.30221437808691,7.91572477835647));
#3924=CARTESIAN_POINT('',(29.6529601212188,-2.52644807660676,7.69628219886349));
#3925=CARTESIAN_POINT('',(29.3835211342296,-2.9227249155685,8.75070537439909));
#3926=CARTESIAN_POINT('',(28.6958424454429,-2.08993002603905,8.27798317989204));
#3927=CARTESIAN_POINT('',(30.3971450386923,-1.85890018469163,8.3679363480715));
#3928=CARTESIAN_POINT('',(29.8804197766955,-2.21119394759547,9.17975583865035));
#3929=CARTESIAN_POINT('',(29.5687392251759,-1.26124988451221,8.91261702184143));
#3930=CARTESIAN_POINT('',(31.459620360047,-1.39599079249079,9.54894100600659));
#3931=CARTESIAN_POINT('',(30.7794614607018,-1.53815456863313,10.0225605574575));
#3932=CARTESIAN_POINT('',(30.814976909172,-0.686603742107602,10.0285269347895));
#3933=CARTESIAN_POINT('',(32.6405828912842,-1.42148102908193,11.3713543730375));
#3934=CARTESIAN_POINT('',(32.0686020914737,-1.28203689152835,11.5548688080167));
#3935=CARTESIAN_POINT('',(32.2001949729079,-0.718246796968528,11.7504923210033));
#3936=CARTESIAN_POINT('',(33.2839116450922,-1.71793092033026,12.9900181975659));
#3937=CARTESIAN_POINT('',(32.9066532328119,-1.52879968065392,13.1683565654662));
#3938=CARTESIAN_POINT('',(32.9547918320124,-1.08625355154803,13.2799384543668));
#3939=CARTESIAN_POINT('',(33.5340111743951,-1.87382134231094,13.8253095101389));
#3940=CARTESIAN_POINT('',(33.2181004760251,-1.67690992782264,13.9883501263054));
#3941=CARTESIAN_POINT('',(33.2481477799076,-1.27977270079527,14.0691900883214));
#3942=CARTESIAN_POINT('',(28.4187912337948,-4.70222693878024,7.29148189334347));
#3943=CARTESIAN_POINT('',(28.064999590979,-4.70222693877986,7.8954947023746));
#3944=CARTESIAN_POINT('',(29.1077286234109,-4.55857151268433,8.50625793765691));
#3945=CARTESIAN_POINT('',(29.1151373827639,-4.63079836735422,7.29148189334056));
#3946=CARTESIAN_POINT('',(28.083612158007,-4.89426281223345,7.90639674048949));
#3947=CARTESIAN_POINT('',(29.1598063675263,-4.95962330532563,8.53930262873969));
#3948=CARTESIAN_POINT('',(29.145442487567,-4.92623816969631,7.30301988506011));
#3949=CARTESIAN_POINT('',(28.0377728376734,-5.28285128348043,7.87899911362375));
#3950=CARTESIAN_POINT('',(29.0296989035668,-5.75326348184945,8.45492800545122));
#3951=CARTESIAN_POINT('',(29.0708066305489,-5.52406659088796,7.27402406125478));
#3952=CARTESIAN_POINT('',(27.7548938554763,-5.7612293930866,7.71730730262559));
#3953=CARTESIAN_POINT('',(28.3756290345993,-6.52063999719005,8.05184291267764));
#3954=CARTESIAN_POINT('',(28.6102216373588,-6.26003291368702,7.10290022883729));
#3955=CARTESIAN_POINT('',(27.3352790405851,-6.06383727381755,7.49714981081906));
#3956=CARTESIAN_POINT('',(27.6174116530598,-6.85492770441694,7.6322118791609));
#3957=CARTESIAN_POINT('',(27.9270026396118,-6.72558349228192,6.86990021618219));
#3958=CARTESIAN_POINT('',(27.0098096602406,-6.13487999159171,7.34426659973757));
#3959=CARTESIAN_POINT('',(27.096291749922,-6.87431037362738,7.3824146529142));
#3960=CARTESIAN_POINT('',(27.3970717259945,-6.83487999999999,6.70809881851408));
#3961=CARTESIAN_POINT('',(26.8430648413794,-6.1348799999996,7.27071391484829));
#3962=CARTESIAN_POINT('',(26.8430648413792,-6.83488,7.27071391484866));
#3963=CARTESIAN_POINT('',(27.1255769571353,-6.83488,6.63025555987809));
#3964=CARTESIAN_POINT('',(27.1255769571353,-6.13488,6.63025555987809));
#3965=CARTESIAN_POINT('',(21.9999999998501,-6.13488,18.2500000000518));
#3966=CARTESIAN_POINT('',(16.8810487121422,-6.13488,6.62733517161965));
#3967=CARTESIAN_POINT('',(17.1631956335146,-6.13487999999967,7.26795449287061));
#3968=CARTESIAN_POINT('',(17.1631956335147,-6.83488,7.26795449287091));
#3969=CARTESIAN_POINT('',(16.881048712145,-6.83488,6.62733517161837));
#3970=CARTESIAN_POINT('',(16.996098737674,-6.13487998193662,7.34154870579519));
#3971=CARTESIAN_POINT('',(16.9093870107505,-6.87434344541944,7.37973901446585));
#3972=CARTESIAN_POINT('',(16.6089806904751,-6.83488,6.70522238184025));
#3973=CARTESIAN_POINT('',(16.6708194313436,-6.06374577653101,7.49413841173412));
#3974=CARTESIAN_POINT('',(16.3885285807382,-6.85467788925451,7.62909357042091));
#3975=CARTESIAN_POINT('',(16.0793592548737,-6.72544272028873,6.86671315165118));
#3976=CARTESIAN_POINT('',(16.2516551876577,-5.76118651417248,7.71374123483512));
#3977=CARTESIAN_POINT('',(15.6311735143469,-6.52002536791857,8.04765916238604));
#3978=CARTESIAN_POINT('',(15.3968738816802,-6.25996694812461,7.09912614056479));
#3979=CARTESIAN_POINT('',(15.9692388909296,-5.28504905228532,7.87491904839638));
#3980=CARTESIAN_POINT('',(14.9788375992657,-5.7569420751209,8.44906511719475));
#3981=CARTESIAN_POINT('',(14.9370422287161,-5.52744777260794,7.26970599219116));
#3982=CARTESIAN_POINT('',(15.9225916611213,-4.89484728906233,7.90275033300518));
#3983=CARTESIAN_POINT('',(14.8466893228178,-4.96078638151379,8.5346162445561));
#3984=CARTESIAN_POINT('',(14.8610909455459,-4.9271373659512,7.29916077047511));
#3985=CARTESIAN_POINT('',(15.9412608839202,-4.70222693877993,7.89183026186364));
#3986=CARTESIAN_POINT('',(14.8988816813642,-4.55872129903412,8.50154257666324));
#3987=CARTESIAN_POINT('',(14.8914882865219,-4.63079836735422,7.28760369380563));
#3988=CARTESIAN_POINT('',(15.587834435491,-4.70222693878024,7.2876036938027));
#3989=CARTESIAN_POINT('',(15.9412608839202,-4.70222693877994,7.89183026186363));
#3990=CARTESIAN_POINT('',(14.8988816813642,-4.55872129903413,8.50154257666322));
#3991=CARTESIAN_POINT('',(14.8914882865219,-4.63079836735422,7.28760369380563));
#3992=CARTESIAN_POINT('',(15.986187359384,-4.23869667103223,7.86555170096767));
#3993=CARTESIAN_POINT('',(14.9185722747457,-4.27458195324978,8.48393913969685));
#3994=CARTESIAN_POINT('',(14.929790192058,-4.2573989854844,7.25979221806783));
#3995=CARTESIAN_POINT('',(15.9028213412975,-3.30121036416959,7.91211319685389));
#3996=CARTESIAN_POINT('',(14.8840617942044,-3.71930245500788,8.51528909732589));
#3997=CARTESIAN_POINT('',(14.8587167943782,-3.5022016820243,7.30906979944198));
#3998=CARTESIAN_POINT('',(15.3093457221114,-2.08825698088992,8.27446877097042));
#3999=CARTESIAN_POINT('',(14.6221385068846,-2.92088636729218,8.746366295894));
#4000=CARTESIAN_POINT('',(14.3527513564106,-2.52510034579185,7.6925627827602));
#4001=CARTESIAN_POINT('',(14.4351828910749,-1.25952952282039,8.90938841264414));
#4002=CARTESIAN_POINT('',(14.1240990237551,-2.20912731655969,9.17583956316737));
#4003=CARTESIAN_POINT('',(13.6074870715904,-1.85751433777331,8.3645194033408));
#4004=CARTESIAN_POINT('',(13.1873828717144,-0.685654979458796,10.0258563693822));
#4005=CARTESIAN_POINT('',(13.2234953504302,-1.53651778399454,10.0192870406457));
#4006=CARTESIAN_POINT('',(12.5436797870092,-1.39522651146742,9.54611465761823));
#4007=CARTESIAN_POINT('',(11.8007159635025,-0.71924048729678,11.7488592914371));
#4008=CARTESIAN_POINT('',(11.9326236285231,-1.28204014561385,11.5527853266431));
#4009=CARTESIAN_POINT('',(11.3614820487776,-1.42228150185113,11.369626083413));
#4010=CARTESIAN_POINT('',(11.0456506321056,-1.08919906480513,13.2788859079));
#4011=CARTESIAN_POINT('',(11.0939125282324,-1.53080665134,13.1670449304948));
#4012=CARTESIAN_POINT('',(10.7177539006706,-1.72030369488813,12.9889042525503));
#4013=CARTESIAN_POINT('',(10.752090514981,-1.28375461636655,14.0685490293716));
#4014=CARTESIAN_POINT('',(10.7822144228502,-1.67993749141146,13.9875171121211));
#4015=CARTESIAN_POINT('',(10.4674803076376,-1.87702899652102,13.8246310560805));
#4016=CARTESIAN_POINT('',(27.1255769571233,16.16512,2.89999999999316));
#4017=CARTESIAN_POINT('',(29.4135714465913,15.9304261224406,2.89999999998355));
#4018=CARTESIAN_POINT('',(32.5000000000122,10.7906969572116,2.89999999997059));
#4019=CARTESIAN_POINT('',(32.2653061224099,13.0786914466753,2.89999999997158));
#4020=CARTESIAN_POINT('',(31.999999999903,15.665119999982,2.89999999997269));
#4021=CARTESIAN_POINT('',(11.5000000000122,10.791381144527,2.90000000005878));
#4022=CARTESIAN_POINT('',(11.7378038856179,13.0790544848426,2.90000000005778));
#4023=CARTESIAN_POINT('',(16.8810487121258,16.16512,2.90000000003618));
#4024=CARTESIAN_POINT('',(14.5930542226577,15.9304261224406,2.90000000004579));
#4025=CARTESIAN_POINT('',(12.006625669346,15.665119999982,2.90000000005666));
#4026=CARTESIAN_POINT('',(16.8810487121294,-4.83488,2.90000000003619));
#4027=CARTESIAN_POINT('',(14.5930542226596,-4.60018612245735,2.9000000000458));
#4028=CARTESIAN_POINT('',(11.5000000000122,0.538858855437201,2.90000000005879));
#4029=CARTESIAN_POINT('',(11.7378038856179,-1.74881448487842,2.90000000005779));
#4030=CARTESIAN_POINT('',(12.006625669346,-4.33488000001782,2.90000000005666));
#4031=CARTESIAN_POINT('',(32.5000000000122,0.539543042752551,2.89999999997059));
#4032=CARTESIAN_POINT('',(32.2653061224099,-1.74845144671109,2.89999999997158));
#4033=CARTESIAN_POINT('',(27.1255769571196,-4.83488,2.89999999999317));
#4034=CARTESIAN_POINT('',(29.4135714465894,-4.60018612245735,2.89999999998356));
#4035=CARTESIAN_POINT('',(31.999999999903,-4.33488000001783,2.8999999999727));
#4036=CARTESIAN_POINT('',(31.999999999903,15.665119999982,2.89999999997269));
#4037=CARTESIAN_POINT('',(28.9449144001912,14.4419282047034,2.37737407695566));
#4038=CARTESIAN_POINT('',(29.1934195305238,14.2134421515396,2.24871714433021));
#4039=CARTESIAN_POINT('',(29.4803034677395,13.9156351296689,2.18260340338037));
#4040=CARTESIAN_POINT('',(29.7717522257183,13.6135302579307,2.16068289035663));
#4041=CARTESIAN_POINT('',(30.0696216906228,13.3186628034564,2.16584385203893));
#4042=CARTESIAN_POINT('',(30.3718356302468,13.0297483761273,2.20240210963558));
#4043=CARTESIAN_POINT('',(30.6169365973611,12.7878344006988,2.27907157901909));
#4044=CARTESIAN_POINT('',(30.7751728760799,12.5963742592382,2.41309007431778));
#4045=CARTESIAN_POINT('',(30.8371494444555,12.4701690391937,2.58578964431089));
#4046=CARTESIAN_POINT('',(30.7775664539765,12.4366159680896,2.79978364407054));
#4047=CARTESIAN_POINT('',(30.6094594936431,12.503844205924,3.01934448067844));
#4048=CARTESIAN_POINT('',(30.3493856581121,12.678990405231,3.18785480588074));
#4049=CARTESIAN_POINT('',(30.0332952446968,12.9354664130342,3.29083399061562));
#4050=CARTESIAN_POINT('',(29.7270406717059,13.2160640142378,3.33104248998279));
#4051=CARTESIAN_POINT('',(29.4331016239917,13.5165676034863,3.32101393468497));
#4052=CARTESIAN_POINT('',(29.1600843159119,13.8290927401019,3.25703025567594));
#4053=CARTESIAN_POINT('',(28.9211393010954,14.1427584880111,3.12052035850367));
#4054=CARTESIAN_POINT('',(28.772386374824,14.3968441840964,2.90089104730044));
#4055=CARTESIAN_POINT('',(28.7905170680124,14.5010076765049,2.62354521496059));
#4056=CARTESIAN_POINT('',(28.9449144001912,14.4419282047034,2.37737407695566));
#4057=CARTESIAN_POINT('',(29.1934195305238,14.2134421515396,2.24871714433021));
#4058=CARTESIAN_POINT('',(29.4803034677395,13.9156351296689,2.18260340338037));
#4059=CARTESIAN_POINT('',(29.1915324939933,14.2095048585273,2.26342957403032));
#4060=CARTESIAN_POINT('',(31.999999999903,-4.33488000001783,2.8999999999727));
#4061=CARTESIAN_POINT('',(30.5090828408313,-1.23446992364618,3.1009819585714));
#4062=CARTESIAN_POINT('',(30.7597757504333,-1.09513842162717,2.86664868818962));
#4063=CARTESIAN_POINT('',(30.8375222017085,-1.14224001051802,2.57936989185414));
#4064=CARTESIAN_POINT('',(30.74942716765,-1.31321581983065,2.3541757620931));
#4065=CARTESIAN_POINT('',(30.5166376293063,-1.55943605367184,2.23860968087229));
#4066=CARTESIAN_POINT('',(30.2177941045134,-1.84637329953124,2.1786112852027));
#4067=CARTESIAN_POINT('',(29.9161564791876,-2.1384827130016,2.16000980240276));
#4068=CARTESIAN_POINT('',(29.6223098249727,-2.43687295378118,2.1680214601009));
#4069=CARTESIAN_POINT('',(29.3337209248463,-2.73901938022304,2.20897844907571));
#4070=CARTESIAN_POINT('',(29.0917403353137,-2.98141290720516,2.29298497331826));
#4071=CARTESIAN_POINT('',(28.901099194617,-3.13071570657354,2.44239829476121));
#4072=CARTESIAN_POINT('',(28.7879410211848,-3.16960653867996,2.63234986030124));
#4073=CARTESIAN_POINT('',(28.7775599796736,-3.088370655954,2.83959330908218));
#4074=CARTESIAN_POINT('',(28.85835386464,-2.9122743335359,3.04501895313276));
#4075=CARTESIAN_POINT('',(29.0392114759253,-2.65092951600781,3.20240101860787));
#4076=CARTESIAN_POINT('',(29.2987104145066,-2.33559563345975,3.29761765335633));
#4077=CARTESIAN_POINT('',(29.5817123366213,-2.03034354824257,3.33226928044901));
#4078=CARTESIAN_POINT('',(29.8824897649823,-1.73944246818866,3.31713138441785));
#4079=CARTESIAN_POINT('',(30.1957973632712,-1.4689844766116,3.24709321105174));
#4080=CARTESIAN_POINT('',(30.5090828408313,-1.23446992364618,3.1009819585714));
#4081=CARTESIAN_POINT('',(30.7597757504333,-1.09513842162717,2.86664868818962));
#4082=CARTESIAN_POINT('',(30.8375222017085,-1.14224001051802,2.57936989185414));
#4083=CARTESIAN_POINT('',(30.7689783735483,-1.12012771806429,2.78651130743201));
#4084=CARTESIAN_POINT('',(12.006625669346,15.665119999982,2.90000000005666));
#4085=CARTESIAN_POINT('',(13.4918842235162,12.5622680407931,3.10298061163228));
#4086=CARTESIAN_POINT('',(13.2395794435413,12.4224526085213,2.86657887622155));
#4087=CARTESIAN_POINT('',(13.1620889422544,12.470194734834,2.5786529776166));
#4088=CARTESIAN_POINT('',(13.2504871893886,12.6416590256057,2.35292509905057));
#4089=CARTESIAN_POINT('',(13.484166563845,12.8884417223876,2.2371958052955));
#4090=CARTESIAN_POINT('',(13.7841013591626,13.1759117942756,2.17720470548954));
#4091=CARTESIAN_POINT('',(14.0867386274189,13.4685989069055,2.15858338509442));
#4092=CARTESIAN_POINT('',(14.3814966277295,13.767740294312,2.16645506717512));
#4093=CARTESIAN_POINT('',(14.6708581986668,14.0707699051974,2.20713850840456));
#4094=CARTESIAN_POINT('',(14.9134100568583,14.3140852291787,2.29058236909862));
#4095=CARTESIAN_POINT('',(15.1048435424419,14.4645018316663,2.43945459512576));
#4096=CARTESIAN_POINT('',(15.2189743171181,14.5050347131452,2.62796334272813));
#4097=CARTESIAN_POINT('',(15.2318575442816,14.4260128622304,2.83606361379533));
#4098=CARTESIAN_POINT('',(15.1509525977394,14.2478660578027,3.04591583055657));
#4099=CARTESIAN_POINT('',(14.9694292733528,13.985736534529,3.20366784715244));
#4100=CARTESIAN_POINT('',(14.7090405118011,13.6690577719168,3.2998762211274));
#4101=CARTESIAN_POINT('',(14.4237040474164,13.3613976347189,3.33480872098474));
#4102=CARTESIAN_POINT('',(14.1223893188856,13.0701131584177,3.31980437701336));
#4103=CARTESIAN_POINT('',(13.8069243670331,12.7979470590739,3.24955925024359));
#4104=CARTESIAN_POINT('',(13.4918842235162,12.5622680407931,3.10298061163228));
#4105=CARTESIAN_POINT('',(13.2395794435413,12.4224526085213,2.86657887622155));
#4106=CARTESIAN_POINT('',(13.1620889422544,12.470194734834,2.5786529776166));
#4107=CARTESIAN_POINT('',(13.2305695951139,12.447687679449,2.78636369237622));
#4108=CARTESIAN_POINT('',(12.006625669346,-4.33488000001782,2.90000000005666));
#4109=CARTESIAN_POINT('',(15.1084925377854,-2.84756524386784,3.10298061161975));
#4110=CARTESIAN_POINT('',(15.248475163531,-3.09977730064775,2.86657887621858));
#4111=CARTESIAN_POINT('',(15.2007844073644,-3.17729942775216,2.57865297761994));
#4112=CARTESIAN_POINT('',(15.0292615651005,-3.08901484424543,2.3529250990547));
#4113=CARTESIAN_POINT('',(14.7823240430079,-2.85549908534395,2.23719580530026));
#4114=CARTESIAN_POINT('',(14.4946552415531,-2.55575488717517,2.17720470549536));
#4115=CARTESIAN_POINT('',(14.2017676093398,-2.2533116744433,2.15858338510186));
#4116=CARTESIAN_POINT('',(13.9024309260417,-1.95875200573303,2.16645506718462));
#4117=CARTESIAN_POINT('',(13.5992095967985,-1.66959134227084,2.20713850841619));
#4118=CARTESIAN_POINT('',(13.3557335661855,-1.4272008034545,2.29058236911037));
#4119=CARTESIAN_POINT('',(13.2051901172213,-1.23586705400474,2.43945459513452));
#4120=CARTESIAN_POINT('',(13.1645816003141,-1.12176316904169,2.62796334273076));
#4121=CARTESIAN_POINT('',(13.2435948950404,-1.10882757009554,2.83606361379488));
#4122=CARTESIAN_POINT('',(13.4217952830356,-1.18961442558037,3.04591583055143));
#4123=CARTESIAN_POINT('',(13.6840450599257,-1.37096397420178,3.20366784714408));
#4124=CARTESIAN_POINT('',(14.0008963351115,-1.63114278816753,3.29987622111577));
#4125=CARTESIAN_POINT('',(14.3087455218646,-1.91627527690969,3.33480872097128));
#4126=CARTESIAN_POINT('',(14.6002296414942,-2.21739687985298,3.31980437699848));
#4127=CARTESIAN_POINT('',(14.8726047669421,-2.53268137441001,3.24955925022899));
#4128=CARTESIAN_POINT('',(15.1084925377854,-2.84756524386784,3.10298061161975));
#4129=CARTESIAN_POINT('',(15.248475163531,-3.09977730064775,2.86657887621858));
#4130=CARTESIAN_POINT('',(15.2007844073644,-3.17729942775216,2.57865297761994));
#4131=CARTESIAN_POINT('',(15.2232460697536,-3.10880387256069,2.78636369237471));
#4132=CARTESIAN_POINT('',(28.8092197630939,14.2924302901894,3.7666790595636));
#4133=CARTESIAN_POINT('',(29.0191823208244,14.2286024537639,3.46819617222957));
#4134=CARTESIAN_POINT('',(29.0340208670789,13.9971685980287,3.17928703366285));
#4135=CARTESIAN_POINT('',(29.070691304414,14.0094307151936,3.99034866664291));
#4136=CARTESIAN_POINT('',(29.2428002107376,13.9897020132515,3.62401656293734));
#4137=CARTESIAN_POINT('',(29.1972186637299,13.7794810346913,3.28205415042884));
#4138=CARTESIAN_POINT('',(29.7308957938716,13.365500115587,4.18341312265692));
#4139=CARTESIAN_POINT('',(29.8040190134744,13.443295812339,3.74847983236068));
#4140=CARTESIAN_POINT('',(29.6365595724043,13.2790822112411,3.37075944102936));
#4141=CARTESIAN_POINT('',(30.5327990192947,12.5431932619584,3.92540715670163));
#4142=CARTESIAN_POINT('',(30.4820210195279,12.746723391403,3.58224167652462));
#4143=CARTESIAN_POINT('',(30.2608755009442,12.7356191088361,3.25221615937307));
#4144=CARTESIAN_POINT('',(31.0504505850312,12.1040734849679,3.33850479443101));
#4145=CARTESIAN_POINT('',(30.9152348828512,12.370237716954,3.17202511414202));
#4146=CARTESIAN_POINT('',(30.6559209296132,12.4752578012382,2.9825583172481));
#4147=CARTESIAN_POINT('',(31.2953124094326,12.0341935759325,2.7304911536402));
#4148=CARTESIAN_POINT('',(31.1145513097468,12.2938285271427,2.73973803368849));
#4149=CARTESIAN_POINT('',(30.8342316437792,12.4237218247867,2.70320069850606));
#4150=CARTESIAN_POINT('',(31.2913915028251,12.3246678693245,2.13105900800951));
#4151=CARTESIAN_POINT('',(31.1013345822159,12.5035905336208,2.314284702876));
#4152=CARTESIAN_POINT('',(30.8131570883198,12.5577329420369,2.4277859288922));
#4153=CARTESIAN_POINT('',(31.0344435916123,12.8387253307644,1.75343395679745));
#4154=CARTESIAN_POINT('',(30.8698652937348,12.9093335147342,2.06330516149147));
#4155=CARTESIAN_POINT('',(30.5805640211078,12.8287979865974,2.25428252698383));
#4156=CARTESIAN_POINT('',(30.64215673723,13.375363293363,1.58569616792312));
#4157=CARTESIAN_POINT('',(30.5176506778418,13.3579267888427,1.96992258658484));
#4158=CARTESIAN_POINT('',(30.2313901216618,13.1632140585616,2.17721381317565));
#4159=CARTESIAN_POINT('',(30.1854662184176,13.875753019293,1.5409043813368));
#4160=CARTESIAN_POINT('',(30.108467655017,13.7959701833787,1.94950871086454));
#4161=CARTESIAN_POINT('',(29.8488531428907,13.5340400772668,2.15663380312604));
#4162=CARTESIAN_POINT('',(29.6783230195535,14.3336093570176,1.59164557376547));
#4163=CARTESIAN_POINT('',(29.6654408711907,14.2064360198401,1.97282843777056));
#4164=CARTESIAN_POINT('',(29.4763394423556,13.9194886415564,2.17994732397147));
#4165=CARTESIAN_POINT('',(29.1417148603981,14.719333959222,1.76883593347339));
#4166=CARTESIAN_POINT('',(29.2183304021898,14.5527098520917,2.07276427440253));
#4167=CARTESIAN_POINT('',(29.1457011411918,14.2634822002143,2.26135911086486));
#4168=CARTESIAN_POINT('',(28.6341674676053,14.9644025970581,2.16129046205697));
#4169=CARTESIAN_POINT('',(28.8192108892939,14.773788742894,2.33538568388597));
#4170=CARTESIAN_POINT('',(28.8802078249026,14.4857526593989,2.44167605643036));
#4171=CARTESIAN_POINT('',(28.3641239827916,14.9523864794722,2.76562233373463));
#4172=CARTESIAN_POINT('',(28.6260327284382,14.7733384075547,2.76484240083519));
#4173=CARTESIAN_POINT('',(28.7569211537086,14.4938701721418,2.71934205152552));
#4174=CARTESIAN_POINT('',(28.4513278028181,14.6974467902794,3.3676059594085));
#4175=CARTESIAN_POINT('',(28.7159720955128,14.565373670487,3.19253531613505));
#4176=CARTESIAN_POINT('',(28.8174605009455,14.3074440188409,2.99592912278099));
#4177=CARTESIAN_POINT('',(28.6784839924338,14.4339300776873,3.65484425602395));
#4178=CARTESIAN_POINT('',(28.9087286922191,14.3466047322947,3.39123038218903));
#4179=CARTESIAN_POINT('',(28.9524219687534,14.1060123796974,3.12790347527985));
#4180=CARTESIAN_POINT('',(28.8092197630939,14.2924302901894,3.7666790595636));
#4181=CARTESIAN_POINT('',(29.0191823208244,14.2286024537639,3.46819617222957));
#4182=CARTESIAN_POINT('',(29.0340208670789,13.9971685980287,3.17928703366285));
#4183=CARTESIAN_POINT('',(15.5958556203773,-3.56571737690061,2.8556501963989));
#4184=CARTESIAN_POINT('',(15.3399695839833,-3.39714749445575,2.82818177250242));
#4185=CARTESIAN_POINT('',(15.2235485367522,-3.12048674424339,2.76070620467373));
#4186=CARTESIAN_POINT('',(15.6099756070718,-3.50967910305125,3.0571266029969));
#4187=CARTESIAN_POINT('',(15.3442716917692,-3.35271264889503,2.97122353149725));
#4188=CARTESIAN_POINT('',(15.2254321568063,-3.08145541905667,2.85327644554312));
#4189=CARTESIAN_POINT('',(15.5199682145804,-3.321237925138,3.44675789526933));
#4190=CARTESIAN_POINT('',(15.2590891576317,-3.19773241654292,3.24823202632487));
#4191=CARTESIAN_POINT('',(15.1683831526517,-2.94218549147952,3.03229622847931));
#4192=CARTESIAN_POINT('',(15.0313993082398,-2.77520759850823,3.98403059320735));
#4193=CARTESIAN_POINT('',(14.8421756773966,-2.73964283233632,3.62132456315993));
#4194=CARTESIAN_POINT('',(14.8763282474045,-2.52306911549366,3.27915125185667));
#4195=CARTESIAN_POINT('',(14.2015182530298,-1.96561422392153,4.18686001161778));
#4196=CARTESIAN_POINT('',(14.13896520459,-2.05467828764022,3.75069796651522));
#4197=CARTESIAN_POINT('',(14.3151234282314,-1.89670108734132,3.37234314680234));
#4198=CARTESIAN_POINT('',(13.4018517692958,-1.14545058112907,3.88928844022421));
#4199=CARTESIAN_POINT('',(13.4632592964813,-1.36023856923189,3.55807833902095));
#4200=CARTESIAN_POINT('',(13.690008354907,-1.36355665213024,3.23562107346055));
#4201=CARTESIAN_POINT('',(12.9014867164361,-0.740408302539754,3.26218359694716));
#4202=CARTESIAN_POINT('',(13.0453636065708,-1.0112417179005,3.11826879871753));
#4203=CARTESIAN_POINT('',(13.3097444268503,-1.12468288722172,2.94749182114469));
#4204=CARTESIAN_POINT('',(12.6854955804445,-0.719630727445033,2.63875233568278));
#4205=CARTESIAN_POINT('',(12.8708109760216,-0.973138795738829,2.67440704764606));
#4206=CARTESIAN_POINT('',(13.1545811520826,-1.09858572891705,2.66105043083426));
#4207=CARTESIAN_POINT('',(12.7291929876052,-1.05645538840486,2.06038313179672));
#4208=CARTESIAN_POINT('',(12.9180511676124,-1.22092324943917,2.26561599446119));
#4209=CARTESIAN_POINT('',(13.2078551872363,-1.2572408537061,2.39531322904864));
#4210=CARTESIAN_POINT('',(13.013683766272,-1.5849762984246,1.71631907192631));
#4211=CARTESIAN_POINT('',(13.1736911406917,-1.64156003442817,2.04118238004927));
#4212=CARTESIAN_POINT('',(13.4644986442789,-1.54135662718155,2.2372297420806));
#4213=CARTESIAN_POINT('',(13.4201387298935,-2.12084873859681,1.56986534320401));
#4214=CARTESIAN_POINT('',(13.5388333496747,-2.09279495537978,1.96257897049558));
#4215=CARTESIAN_POINT('',(13.8249293966695,-1.88374392197615,2.16994019104541));
#4216=CARTESIAN_POINT('',(13.8870459903111,-2.61794936535533,1.53900796828424));
#4217=CARTESIAN_POINT('',(13.9564947386547,-2.53029299698442,1.94888733761997));
#4218=CARTESIAN_POINT('',(14.2106888588181,-2.2605884780529,2.15576247824329));
#4219=CARTESIAN_POINT('',(14.4015577364575,-3.06893327445514,1.60451513756623));
#4220=CARTESIAN_POINT('',(14.403458312442,-2.93521541135924,1.97941823890438));
#4221=CARTESIAN_POINT('',(14.5799559632815,-2.6455043663859,2.18586036683218));
#4222=CARTESIAN_POINT('',(14.9435769033293,-3.44254639287972,1.8067722309197));
#4223=CARTESIAN_POINT('',(14.8515334931714,-3.27049268133276,2.09672003933273));
#4224=CARTESIAN_POINT('',(14.9052227934564,-2.98001596316558,2.27878930161577));
#4225=CARTESIAN_POINT('',(15.4352482944134,-3.6574675682342,2.23789945568134));
#4226=CARTESIAN_POINT('',(15.2343357062518,-3.4653209370779,2.38938441533956));
#4227=CARTESIAN_POINT('',(15.1570814323269,-3.17637344259985,2.47687478326295));
#4228=CARTESIAN_POINT('',(15.5817356336828,-3.62175565074998,2.6541737898009));
#4229=CARTESIAN_POINT('',(15.3356840125759,-3.44141154201148,2.68568983531427));
#4230=CARTESIAN_POINT('',(15.2216649166981,-3.15951806943011,2.66813596380433));
#4231=CARTESIAN_POINT('',(15.5958556203773,-3.56571737690061,2.8556501963989));
#4232=CARTESIAN_POINT('',(15.3399695839833,-3.39714749445575,2.82818177250242));
#4233=CARTESIAN_POINT('',(15.2235485367522,-3.12048674424339,2.76070620467373));
#4234=CARTESIAN_POINT('',(31.2234764548874,-0.748734924290561,2.85753888274827));
#4235=CARTESIAN_POINT('',(31.0555689562111,-1.00342756403519,2.82934474796026));
#4236=CARTESIAN_POINT('',(30.7803860703664,-1.11977910189211,2.76157397944772));
#4237=CARTESIAN_POINT('',(31.1673157008101,-0.735188610654343,3.05807505578509));
#4238=CARTESIAN_POINT('',(31.0110082180186,-0.999532709263169,2.97175827727813));
#4239=CARTESIAN_POINT('',(30.7412584649572,-1.1181877493405,2.85371222111337));
#4240=CARTESIAN_POINT('',(30.9789530542956,-0.825603966332698,3.44572255878795));
#4241=CARTESIAN_POINT('',(30.8560516007892,-1.08498666516446,3.24742480260019));
#4242=CARTESIAN_POINT('',(30.6020593759213,-1.17553359103714,3.03182053330425));
#4243=CARTESIAN_POINT('',(30.434809863721,-1.31192991754824,3.97966855776428));
#4244=CARTESIAN_POINT('',(30.3994904537626,-1.50005087765443,3.61836991052923));
#4245=CARTESIAN_POINT('',(30.1845377292774,-1.46659178260592,3.27714707337524));
#4246=CARTESIAN_POINT('',(29.6242018198214,-2.14170618258269,4.18097862905105));
#4247=CARTESIAN_POINT('',(29.7135977111512,-2.20321249765905,3.74699775157913));
#4248=CARTESIAN_POINT('',(29.5581224112732,-2.02819109466498,3.36964088991312));
#4249=CARTESIAN_POINT('',(28.8092758112889,-2.93616480116681,3.88251943356024));
#4250=CARTESIAN_POINT('',(29.0236405168081,-2.87449406871258,3.55347763125481));
#4251=CARTESIAN_POINT('',(29.028725994469,-2.64906370253402,3.23251098928296));
#4252=CARTESIAN_POINT('',(28.4075743553016,-3.43456426390678,3.25411056459569));
#4253=CARTESIAN_POINT('',(28.6772767754725,-3.29072308116117,3.1124507336717));
#4254=CARTESIAN_POINT('',(28.7914103621519,-3.02759399763059,2.94378259002919));
#4255=CARTESIAN_POINT('',(28.3897373841645,-3.64755429484612,2.63391803487127));
#4256=CARTESIAN_POINT('',(28.6416375348367,-3.46278951213161,2.67070516182747));
#4257=CARTESIAN_POINT('',(28.7668174505217,-3.18039483766298,2.65882926556128));
#4258=CARTESIAN_POINT('',(28.7293617016732,-3.60118938482507,2.05696373627446));
#4259=CARTESIAN_POINT('',(28.8919289372805,-3.41321493763825,2.26298644192565));
#4260=CARTESIAN_POINT('',(28.9271858293316,-3.12476279882601,2.39374215539516));
#4261=CARTESIAN_POINT('',(29.2554556635509,-3.31638173418801,1.71753516278854));
#4262=CARTESIAN_POINT('',(29.3110849218954,-3.15729473045189,2.04172622027877));
#4263=CARTESIAN_POINT('',(29.2108452017608,-2.8678805912066,2.23778848649602));
#4264=CARTESIAN_POINT('',(29.7886885096563,-2.91129335041173,1.57234527720082));
#4265=CARTESIAN_POINT('',(29.7603292542716,-2.79341267728608,1.9635457509657));
#4266=CARTESIAN_POINT('',(29.5523020395206,-2.50906729269152,2.17107962014464));
#4267=CARTESIAN_POINT('',(30.2831669040037,-2.44636808149008,1.54234130779387));
#4268=CARTESIAN_POINT('',(30.1955324227134,-2.37771359519829,1.95012127113638));
#4269=CARTESIAN_POINT('',(29.9274304436265,-2.1256700750558,2.15729401257813));
#4270=CARTESIAN_POINT('',(30.7318411057521,-1.93407468033812,1.60865825716497));
#4271=CARTESIAN_POINT('',(30.5982757130156,-1.93289912408497,1.98134242019581));
#4272=CARTESIAN_POINT('',(30.3101694873052,-1.75856922903823,2.18776396228897));
#4273=CARTESIAN_POINT('',(31.1030946333133,-1.3949294988507,1.81168973641952));
#4274=CARTESIAN_POINT('',(30.9313966766454,-1.48729856612471,2.09961212836663));
#4275=CARTESIAN_POINT('',(30.6423233187642,-1.43518271964304,2.28104869599969));
#4276=CARTESIAN_POINT('',(31.3159175787595,-0.906881848150008,2.24250552056706));
#4277=CARTESIAN_POINT('',(31.1243860685226,-1.10730443302923,2.39236327959268));
#4278=CARTESIAN_POINT('',(30.8368250083766,-1.18508170634681,2.47899108331037));
#4279=CARTESIAN_POINT('',(31.2796372089647,-0.762281237926779,2.65700270971146));
#4280=CARTESIAN_POINT('',(31.0999590382736,-1.00730750251837,2.687476625715));
#4281=CARTESIAN_POINT('',(30.8195136757756,-1.12137045444372,2.66943573778208));
#4282=CARTESIAN_POINT('',(31.2234764548874,-0.748734924290561,2.85753888274827));
#4283=CARTESIAN_POINT('',(31.0555689562111,-1.00342756403519,2.82934474796026));
#4284=CARTESIAN_POINT('',(30.7803860703664,-1.11977910189211,2.76157397944772));
#4285=CARTESIAN_POINT('',(12.7734092305519,12.0753810467356,2.85565019634584));
#4286=CARTESIAN_POINT('',(12.9421486737714,12.3311553010987,2.82818177246744));
#4287=CARTESIAN_POINT('',(13.2188865255169,12.4473929557666,2.76070620465232));
#4288=CARTESIAN_POINT('',(12.8294381335506,12.0612239217227,3.057126602949));
#4289=CARTESIAN_POINT('',(12.9865806581877,12.3268237434355,2.97122353146562));
#4290=CARTESIAN_POINT('',(13.2579165936872,12.4454834666871,2.85327644552402));
#4291=CARTESIAN_POINT('',(13.0179389257443,12.1511063981694,3.44675789523952));
#4292=CARTESIAN_POINT('',(13.1416173143198,12.4119035400531,3.24823202630592));
#4293=CARTESIAN_POINT('',(13.3972243019734,12.5024401520822,3.03229622846822));
#4294=CARTESIAN_POINT('',(13.5642929492836,12.6393132956994,3.9840305932147));
#4295=CARTESIAN_POINT('',(13.5999831225063,12.8285133131481,3.62132456316631));
#4296=CARTESIAN_POINT('',(13.8165341559303,12.7942172085253,3.27915125186166));
#4297=CARTESIAN_POINT('',(14.3744361799644,13.4686575811461,4.1868600116509));
#4298=CARTESIAN_POINT('',(14.2854135951246,13.5312696463081,3.75069796653577));
#4299=CARTESIAN_POINT('',(14.4432740054597,13.355006756208,3.37234314681735));
#4300=CARTESIAN_POINT('',(15.1951296507324,14.2677802959249,3.88928844027857));
#4301=CARTESIAN_POINT('',(14.980301009732,14.2065151407972,3.55807833905664));
#4302=CARTESIAN_POINT('',(14.9768326413793,13.9797683313496,3.23562107348358));
#4303=CARTESIAN_POINT('',(15.6005034755628,14.7678767823797,3.26218359701402));
#4304=CARTESIAN_POINT('',(15.3295747600326,14.6241794285624,3.11826879876383));
#4305=CARTESIAN_POINT('',(15.215958387614,14.3598738536143,2.94749182117261));
#4306=CARTESIAN_POINT('',(15.6214242021274,14.9838540998616,2.63875233574662));
#4307=CARTESIAN_POINT('',(15.3677933649719,14.7987067666949,2.67440704769121));
#4308=CARTESIAN_POINT('',(15.2421583803198,14.5150197974809,2.66105043086049));
#4309=CARTESIAN_POINT('',(15.2845706531251,14.9403799451437,2.06038313182814));
#4310=CARTESIAN_POINT('',(15.1199776555604,14.75163081368,2.26561599448244));
#4311=CARTESIAN_POINT('',(15.0834679810859,14.461850928518,2.39531322906013));
#4312=CARTESIAN_POINT('',(14.7558613025583,14.6562395254644,1.71631907192865));
#4313=CARTESIAN_POINT('',(14.6991715282558,14.4962696891159,2.04118238004974));
#4314=CARTESIAN_POINT('',(14.7991821702176,14.205395835937,2.23722974207943));
#4315=CARTESIAN_POINT('',(14.2197195872373,14.2501398201011,1.56986534319263));
#4316=CARTESIAN_POINT('',(14.2476946951039,14.1314266327176,1.96257897048982));
#4317=CARTESIAN_POINT('',(14.456556062013,13.8451920923635,2.16994019103907));
#4318=CARTESIAN_POINT('',(13.7223096098481,13.7835621337793,1.53900796826624));
#4319=CARTESIAN_POINT('',(13.8099199292761,13.7140553032315,1.94888733761372));
#4320=CARTESIAN_POINT('',(14.0794559125617,13.4596824823899,2.15576247823525));
#4321=CARTESIAN_POINT('',(13.2709847883879,13.2693494066555,1.60451513753913));
#4322=CARTESIAN_POINT('',(13.4047013624366,13.2673602046942,1.97941823889345));
#4323=CARTESIAN_POINT('',(13.6942953635376,13.0906705760522,2.18586036682127));
#4324=CARTESIAN_POINT('',(12.8970125090546,12.7275779845268,1.8067722308776));
#4325=CARTESIAN_POINT('',(13.0691271879351,12.8195073395932,2.09672003930938));
#4326=CARTESIAN_POINT('',(13.3595682577698,12.7656255270539,2.27878930159897));
#4327=CARTESIAN_POINT('',(12.681765507752,12.2360491482468,2.23789945562052));
#4328=CARTESIAN_POINT('',(12.8740452588458,12.4368343400938,2.38938441529998));
#4329=CARTESIAN_POINT('',(13.1630438929513,12.5138970865595,2.47687478323806));
#4330=CARTESIAN_POINT('',(12.7173803275531,12.0895381717485,2.65417378974267));
#4331=CARTESIAN_POINT('',(12.8978874763624,12.3354702091844,2.6856898352759));
#4332=CARTESIAN_POINT('',(13.1798564573465,12.4493024448462,2.66813596378063));
#4333=CARTESIAN_POINT('',(12.7734092305519,12.0753810467356,2.85565019634584));
#4334=CARTESIAN_POINT('',(12.9421486737714,12.3311553010987,2.82818177246744));
#4335=CARTESIAN_POINT('',(13.2188865255169,12.4473929557666,2.76070620465232));
#4336=CARTESIAN_POINT('',(12.0937786173839,6.95454067761455,5.84999999999318));
#4337=CARTESIAN_POINT('',(12.1099685092932,6.76948936631551,5.84999999999315));
#4338=CARTESIAN_POINT('',(12.1111623127528,6.7558441303284,5.66474751611861));
#4339=CARTESIAN_POINT('',(11.686800352167,6.91893458695396,5.84999999999403));
#4340=CARTESIAN_POINT('',(11.7746830156199,6.71629107379848,5.84999999999111));
#4341=CARTESIAN_POINT('',(11.7993623522184,6.72678143141902,5.64071483190246));
#4342=CARTESIAN_POINT('',(11.3334271837406,6.56192031201548,5.84999999999477));
#4343=CARTESIAN_POINT('',(11.570695930714,6.40705547918814,5.84999999999413));
#4344=CARTESIAN_POINT('',(11.5263193321571,6.4554151113605,5.61149206536406));
#4345=CARTESIAN_POINT('',(11.3182339069056,6.15756913555829,5.8499999999948));
#4346=CARTESIAN_POINT('',(11.5790353555347,6.14776963323986,5.84999999999426));
#4347=CARTESIAN_POINT('',(11.5112174861947,6.15031786052662,5.5979927203601));
#4348=CARTESIAN_POINT('',(12.0937786173835,6.95454067761455,5.64999999999318));
#4349=CARTESIAN_POINT('',(18.2899753576324,7.4966376493626,5.64999999998016));
#4350=CARTESIAN_POINT('',(18.2899753576322,7.49663764936259,5.64999999998016));
#4351=CARTESIAN_POINT('',(18.3073590530015,7.29794110207644,5.66474751610558));
#4352=CARTESIAN_POINT('',(18.3061652495419,7.31158633806353,5.84999999998013));
#4353=CARTESIAN_POINT('',(18.2899753576326,7.49663764936259,5.84999999998016));
#4354=CARTESIAN_POINT('',(18.466046799624,7.31324110323676,5.68383398161658));
#4355=CARTESIAN_POINT('',(18.4576311311024,7.34196893863925,5.84999999998094));
#4356=CARTESIAN_POINT('',(18.4624688060668,7.51172886026732,5.8499999999798));
#4357=CARTESIAN_POINT('',(18.7831957681378,7.31675655620973,5.72137784095331));
#4358=CARTESIAN_POINT('',(18.7707799198784,7.37045144159488,5.84999999997865));
#4359=CARTESIAN_POINT('',(18.804806217992,7.50670952628253,5.84999999997909));
#4360=CARTESIAN_POINT('',(19.2643596988079,7.25022896898286,5.77655388911928));
#4361=CARTESIAN_POINT('',(19.2695355530774,7.31440781047268,5.84999999997828));
#4362=CARTESIAN_POINT('',(19.3136934710015,7.40267642350026,5.84999999997802));
#4363=CARTESIAN_POINT('',(19.6487630827652,7.12988028717369,5.81662571687015));
#4364=CARTESIAN_POINT('',(19.6751239159727,7.17969575458439,5.8499999999771));
#4365=CARTESIAN_POINT('',(19.7154668261399,7.2297777109115,5.84999999997717));
#4366=CARTESIAN_POINT('',(19.8643905837543,6.92080122796741,5.83645251431478));
#4367=CARTESIAN_POINT('',(19.9021597046155,6.93282103214186,5.84999999997701));
#4368=CARTESIAN_POINT('',(19.9429324209043,6.9444019279423,5.84999999997669));
#4369=CARTESIAN_POINT('',(19.8344462979973,6.78059266147395,5.83181079361698));
#4370=CARTESIAN_POINT('',(19.8736228377938,6.76976009678665,5.84999999997632));
#4371=CARTESIAN_POINT('',(19.9172012521396,6.75901540821724,5.84999999997675));
#4372=CARTESIAN_POINT('',(19.79549191322,6.72017588116683,5.82705321031826));
#4373=CARTESIAN_POINT('',(19.834890344838,6.70132017941873,5.84999999997692));
#4374=CARTESIAN_POINT('',(19.8793949675354,6.68002070485766,5.84999999997683));
#4375=CARTESIAN_POINT('',(19.879394967535,6.68002070485764,5.64999999997683));
#4376=CARTESIAN_POINT('',(22.0000000000119,5.66512,5.64999999997237));
#4377=CARTESIAN_POINT('',(20.5997440830551,3.66205180741459,5.82705321031613));
#4378=CARTESIAN_POINT('',(20.6204471292943,3.68277087201743,5.84220617308291));
#4379=CARTESIAN_POINT('',(20.6435155124326,3.70593120445653,5.84999999997522));
#4380=CARTESIAN_POINT('',(20.6664160302408,3.72900457470755,5.84999999997517));
#4381=CARTESIAN_POINT('',(25.6080996324864,-3.32845101179025,5.6499999999648));
#4382=CARTESIAN_POINT('',(25.6080996324864,-3.32845101179025,5.6499999999648));
#4383=CARTESIAN_POINT('',(25.4442729596753,-3.44316368305236,5.6513506766733));
#4384=CARTESIAN_POINT('',(25.4453719223153,-3.44239418112797,5.84999999996514));
#4385=CARTESIAN_POINT('',(25.6080996324868,-3.32845101179025,5.8499999999648));
#4386=CARTESIAN_POINT('',(25.5509574797309,-3.5955649560151,5.6479544796939));
#4387=CARTESIAN_POINT('',(25.5504355342219,-3.59837220568004,5.84999999996425));
#4388=CARTESIAN_POINT('',(25.7502366802713,-3.53144386820354,5.8499999999645));
#4389=CARTESIAN_POINT('',(25.6116405598919,-3.99687052733717,5.63480771065914));
#4390=CARTESIAN_POINT('',(25.5872659640989,-4.00792739994737,5.84999999996505));
#4391=CARTESIAN_POINT('',(25.8305408663585,-4.06550468231326,5.84999999996433));
#4392=CARTESIAN_POINT('',(25.3294552711422,-4.29423366401659,5.62644896716485));
#4393=CARTESIAN_POINT('',(25.3155619306227,-4.27107175707212,5.84999999996571));
#4394=CARTESIAN_POINT('',(25.4535236781696,-4.46091867350105,5.84999999996512));
#4395=CARTESIAN_POINT('',(25.1565938870582,-4.35540355022653,5.62965039009444));
#4396=CARTESIAN_POINT('',(25.1490376743733,-4.33417091499402,5.84999999996576));
#4397=CARTESIAN_POINT('',(25.2233016306179,-4.54284946329835,5.84999999996561));
#4398=CARTESIAN_POINT('',(28.0697817543098,13.5994490340706,5.84999999995963));
#4399=CARTESIAN_POINT('',(27.9014276717666,13.6779538320421,5.84999999995999));
#4400=CARTESIAN_POINT('',(27.8890136490307,13.6837425859122,5.66474751608548));
#4401=CARTESIAN_POINT('',(28.2424351078729,13.9697055958683,5.84999999995927));
#4402=CARTESIAN_POINT('',(28.0229993458369,13.9949187333395,5.8499999999556));
#4403=CARTESIAN_POINT('',(28.0197445937396,13.9683006220878,5.64071483187032));
#4404=CARTESIAN_POINT('',(28.1099382604782,14.4542428742069,5.84999999995954));
#4405=CARTESIAN_POINT('',(27.8571870076047,14.3261945282218,5.84999999996046));
#4406=CARTESIAN_POINT('',(27.9212559768671,14.3404459738163,5.61149206533104));
#4407=CARTESIAN_POINT('',(27.7673565080346,14.6695762261428,5.84999999996026));
#4408=CARTESIAN_POINT('',(27.6284691657684,14.4486152974461,5.84999999996055));
#4409=CARTESIAN_POINT('',(27.664584930002,14.5060731814803,5.5979927203268));
#4410=CARTESIAN_POINT('',(28.0697817543094,13.5994490340706,5.64999999995963));
#4411=CARTESIAN_POINT('',(25.4411531330292,7.96233676428566,5.64999999996515));
#4412=CARTESIAN_POINT('',(25.4411531330292,7.96233676428569,5.64999999996515));
#4413=CARTESIAN_POINT('',(25.2603850277505,8.04663031612721,5.66474751609122));
#4414=CARTESIAN_POINT('',(25.2727990504865,8.04084156225708,5.8499999999655));
#4415=CARTESIAN_POINT('',(25.4411531330296,7.96233676428569,5.84999999996515));
#4416=CARTESIAN_POINT('',(25.1942913441309,7.90155269573181,5.68383398154328));
#4417=CARTESIAN_POINT('',(25.2233782135974,7.89447696075839,5.84999999996543));
#4418=CARTESIAN_POINT('',(25.3679757808312,7.80540745050175,5.8499999999653));
#4419=CARTESIAN_POINT('',(25.0387613314416,7.62513590568595,5.72137784096771));
#4420=CARTESIAN_POINT('',(25.0914703903975,7.60904090301363,5.84999999996596));
#4421=CARTESIAN_POINT('',(25.1924602041258,7.51144422210287,5.84999999996567));
#4422=CARTESIAN_POINT('',(24.7405647855211,7.24169951197162,5.77655388910023));
#4423=CARTESIAN_POINT('',(24.7935573654906,7.20512766993267,5.84999999996646));
#4424=CARTESIAN_POINT('',(24.8479212677779,7.12275148472504,5.84999999996639));
#4425=CARTESIAN_POINT('',(24.4441380777825,6.96897075706445,5.81662571686104));
#4426=CARTESIAN_POINT('',(24.4740991214602,6.9212338721385,5.84999999996725));
#4427=CARTESIAN_POINT('',(24.497299912825,6.8612549089062,5.84999999996713));
#4428=CARTESIAN_POINT('',(24.1552565506164,6.88677139305697,5.83645251430555));
#4429=CARTESIAN_POINT('',(24.1467814459483,6.84805247282462,5.84999999996775));
#4430=CARTESIAN_POINT('',(24.1364244377666,6.80695181683749,5.84999999996789));
#4431=CARTESIAN_POINT('',(24.048804513083,6.98280818846753,5.83181079360819));
#4432=CARTESIAN_POINT('',(24.0198349669788,6.95429659211596,5.84999999996838));
#4433=CARTESIAN_POINT('',(23.988740586548,6.92192892251993,5.8499999999682));
#4434=CARTESIAN_POINT('',(24.015959238911,7.04675206542685,5.8270532103094));
#4435=CARTESIAN_POINT('',(23.979930506382,7.02205987365048,5.84999999996821));
#4436=CARTESIAN_POINT('',(23.9392323089762,6.99416747708928,5.8499999999683));
#4437=CARTESIAN_POINT('',(23.9392323089758,6.99416747708924,5.6499999999683));
#4438=CARTESIAN_POINT('',(22.0000000000119,5.66512,5.64999999997237));
#4439=CARTESIAN_POINT('',(20.9654200181993,7.87931129217704,5.82705321031536));
#4440=CARTESIAN_POINT('',(20.9730117313685,7.85102239589686,5.84220617308218));
#4441=CARTESIAN_POINT('',(20.9815349760557,7.8194644238564,5.84999999997451));
#4442=CARTESIAN_POINT('',(20.9900668419358,7.78809530854799,5.84999999997449));
#4443=CARTESIAN_POINT('',(12.4485057081066,7.04080554052433,5.64999999999243));
#4444=CARTESIAN_POINT('',(12.4485057081066,7.04080554052433,5.64999999999243));
#4445=CARTESIAN_POINT('',(12.4310749570626,7.24003993662719,5.65135067670082));
#4446=CARTESIAN_POINT('',(12.4311918839581,7.23870345610119,5.84999999999247));
#4447=CARTESIAN_POINT('',(12.448505708107,7.04080554052433,5.84999999999243));
#4448=CARTESIAN_POINT('',(12.2339925055731,7.22291719367281,5.63368857091475));
#4449=CARTESIAN_POINT('',(12.2230658167871,7.23891377338124,5.84999999999312));
#4450=CARTESIAN_POINT('',(12.1922916474154,7.01838977385517,5.84999999999297));
#4451=CARTESIAN_POINT('',(11.82807220625,7.36616974060744,5.59789416132663));
#4452=CARTESIAN_POINT('',(11.8579627871732,7.4503715812366,5.84999999999358));
#4453=CARTESIAN_POINT('',(11.6644793397163,7.21076398352012,5.84999999999408));
#4454=CARTESIAN_POINT('',(11.7098156379962,7.7799044128935,5.59265359014566));
#4455=CARTESIAN_POINT('',(11.7889006748204,7.7802269414481,5.84999999999376));
#4456=CARTESIAN_POINT('',(11.5087939179272,7.76273329824745,5.8499999999944));
#4457=CARTESIAN_POINT('',(11.7552121484836,7.96544316744047,5.59844014664166));
#4458=CARTESIAN_POINT('',(11.8205365144745,7.95001853725594,5.84999999999375));
#4459=CARTESIAN_POINT('',(11.5671441491234,8.0098504769597,5.84999999999428));
#4460=CARTESIAN_POINT('',(28.1483831955369,13.1645922057995,5.65135067666781));
#4461=CARTESIAN_POINT('',(28.1471673060026,13.165159184401,5.84999999995946));
#4462=CARTESIAN_POINT('',(27.9671257716826,13.2491139306398,5.84999999995984));
#4463=CARTESIAN_POINT('',(28.2320956907819,13.3438319866525,5.63368857090823));
#4464=CARTESIAN_POINT('',(28.2514124795354,13.3452964868571,5.84999999995803));
#4465=CARTESIAN_POINT('',(28.075820178487,13.4822096990125,5.84999999995961));
#4466=CARTESIAN_POINT('',(28.5591161854235,13.62374300469,5.59789416127894));
#4467=CARTESIAN_POINT('',(28.6170918280351,13.5557560819917,5.84999999995946));
#4468=CARTESIAN_POINT('',(28.5063272851784,13.8431214615665,5.84999999995871));
#4469=CARTESIAN_POINT('',(28.9765492061151,13.5192888606947,5.59265359010985));
#4470=CARTESIAN_POINT('',(28.9372860056279,13.4506379454712,5.84999999995719));
#4471=CARTESIAN_POINT('',(29.062189444659,13.7019643343117,5.84999999995754));
#4472=CARTESIAN_POINT('',(29.1145322256973,13.3872049520945,5.59844014660587));
#4473=CARTESIAN_POINT('',(29.0685119211196,13.3383447067537,5.84999999995753));
#4474=CARTESIAN_POINT('',(29.2470240835356,13.5278729624204,5.84999999995715));
#4475=CARTESIAN_POINT('',(27.9671257716818,13.2491139306389,5.64999999995734));
#4476=CARTESIAN_POINT('',(27.9671257716822,13.2491139306398,5.64999999995984));
#4477=CARTESIAN_POINT('',(24.4348358987823,5.45399690040834,5.82705321030807));
#4478=CARTESIAN_POINT('',(24.4065411393741,5.4615667320857,5.84220617307497));
#4479=CARTESIAN_POINT('',(24.3749495115519,5.46996437168521,5.84999999996738));
#4480=CARTESIAN_POINT('',(24.3435171278602,5.47826011674446,5.84999999996745));
#4481=CARTESIAN_POINT('',(22.0000000000119,5.66512,5.64999999997237));
#4482=CARTESIAN_POINT('',(22.1813727235232,3.32117181805298,5.64999999997199));
#4483=CARTESIAN_POINT('',(22.4322559192835,1.65078858179632,5.66474751609716));
#4484=CARTESIAN_POINT('',(22.4210357000082,1.64293209967916,5.84999999997149));
#4485=CARTESIAN_POINT('',(22.2688715093745,1.53638558635171,5.84999999997181));
#4486=CARTESIAN_POINT('',(22.3396618563152,1.78056620103158,5.68383398154746));
#4487=CARTESIAN_POINT('',(22.3189906553424,1.75891410064528,5.8499999999728));
#4488=CARTESIAN_POINT('',(22.1695554131391,1.67822368922159,5.84999999997202));
#4489=CARTESIAN_POINT('',(22.1780429004406,2.05346753810422,5.72137784097456));
#4490=CARTESIAN_POINT('',(22.1377496897767,2.01586765537363,5.84999999997162));
#4491=CARTESIAN_POINT('',(22.0027335779188,1.9772062516189,5.84999999997237));
#4492=CARTESIAN_POINT('',(21.9950755157118,2.50343151904548,5.77655388910576));
#4493=CARTESIAN_POINT('',(21.9369070814576,2.47582451960022,5.84999999997259));
#4494=CARTESIAN_POINT('',(21.8383852612575,2.46993209177343,5.84999999997271));
#4495=CARTESIAN_POINT('',(21.9070988394883,2.89650895576198,5.81662571686642));
#4496=CARTESIAN_POINT('',(21.8507769626064,2.89443037327633,5.84999999997277));
#4497=CARTESIAN_POINT('',(21.7872332610719,2.90432738018264,5.84999999997282));
#4498=CARTESIAN_POINT('',(21.9803528656662,3.18778737897544,5.83645251431008));
#4499=CARTESIAN_POINT('',(21.9510588494717,3.2144864950335,5.84999999997232));
#4500=CARTESIAN_POINT('',(21.9206431413658,3.24400625521986,5.84999999997254));
#4501=CARTESIAN_POINT('',(22.1167491889564,3.23195915005894,5.83181079361234));
#4502=CARTESIAN_POINT('',(22.1065421952661,3.27130331109805,5.8499999999725));
#4503=CARTESIAN_POINT('',(22.0940581613494,3.31441566926356,5.84999999997217));
#4504=CARTESIAN_POINT('',(22.1885488479057,3.22843205340631,5.82705321031323));
#4505=CARTESIAN_POINT('',(22.1851791488168,3.27197994693077,5.84999999997198));
#4506=CARTESIAN_POINT('',(22.1813727235253,3.32117181805304,5.84999999997199));
#4507=CARTESIAN_POINT('',(22.2688715093741,1.53638558635168,5.64999999997186));
#4508=CARTESIAN_POINT('',(22.268871509374,1.53638558635174,5.64999999997181));
#4509=CARTESIAN_POINT('',(25.8364396283523,-3.55862971168377,5.64999999996432));
#4510=CARTESIAN_POINT('',(25.8364396283527,-3.55862971168377,5.84999999996432));
#4511=CARTESIAN_POINT('',(25.9886038189867,-3.45208319835629,5.849999999964));
#4512=CARTESIAN_POINT('',(25.9998240382618,-3.44422671623924,5.66474751608945));
#4513=CARTESIAN_POINT('',(26.0707645399984,-3.89328018282221,5.84999999996383));
#4514=CARTESIAN_POINT('',(26.2023176385738,-3.71584980714217,5.84999999996321));
#4515=CARTESIAN_POINT('',(26.1808930540869,-3.69972205350666,5.64071483187578));
#4516=CARTESIAN_POINT('',(26.5566345558253,-4.02080318621908,5.84999999996281));
#4517=CARTESIAN_POINT('',(26.5721170617197,-3.73789000740401,5.84999999996255));
#4518=CARTESIAN_POINT('',(26.5524246910212,-3.80050108517376,5.61149206533393));
#4519=CARTESIAN_POINT('',(26.9144095851048,-3.83178536170019,5.84999999996206));
#4520=CARTESIAN_POINT('',(26.7924954787429,-3.60102493068507,5.84999999996231));
#4521=CARTESIAN_POINT('',(26.8241975838467,-3.66103104200606,5.59799272032854));
#4522=MECHANICAL_DESIGN_GEOMETRIC_PRESENTATION_REPRESENTATION('',(#1824),
#4523);
#4523=(
GEOMETRIC_REPRESENTATION_CONTEXT(3)
GLOBAL_UNCERTAINTY_ASSIGNED_CONTEXT((#4524))
GLOBAL_UNIT_ASSIGNED_CONTEXT((#4527,#4526,#4525))
REPRESENTATION_CONTEXT('Duct-HEF-Dragon','TOP_LEVEL_ASSEMBLY_PART')
);
#4524=UNCERTAINTY_MEASURE_WITH_UNIT(LENGTH_MEASURE(1.E-5),#4527,
'DISTANCE_ACCURACY_VALUE','Maximum Tolerance applied to model');
#4525=(
NAMED_UNIT(*)
SI_UNIT($,.STERADIAN.)
SOLID_ANGLE_UNIT()
);
#4526=(
NAMED_UNIT(*)
PLANE_ANGLE_UNIT()
SI_UNIT($,.RADIAN.)
);
#4527=(
LENGTH_UNIT()
NAMED_UNIT(*)
SI_UNIT(.MILLI.,.METRE.)
);
#4528=PRODUCT_DEFINITION_SHAPE('','',#4529);
#4529=PRODUCT_DEFINITION('','',#4531,#4530);
#4530=PRODUCT_DEFINITION_CONTEXT('',#4537,'design');
#4531=PRODUCT_DEFINITION_FORMATION_WITH_SPECIFIED_SOURCE('','',#4533,
 .NOT_KNOWN.);
#4532=PRODUCT_RELATED_PRODUCT_CATEGORY('','',(#4533));
#4533=PRODUCT('Duct-HEF-Dragon','Duct-HEF-Dragon','Duct-HEF-Dragon',(#4535));
#4534=PRODUCT_CATEGORY('','');
#4535=PRODUCT_CONTEXT('',#4537,'mechanical');
#4536=APPLICATION_PROTOCOL_DEFINITION('international standard',
'ap242_managed_model_based_3d_engineering',2020,#4537);
#4537=APPLICATION_CONTEXT('managed model based 3d engineering');
ENDSEC;
END-ISO-10303-21;
