ISO-10303-21;
HEADER;
/* Generated by software containing ST-Developer
 * from STEP Tools, Inc. (www.steptools.com) 
 */
/* OPTION: using custom renumber hook */

FILE_DESCRIPTION(
/* description */ ('STEP AP242 Edition 2',
'CAx-IF Rec.Pracs.---Representation and Presentation of Product Manufa
cturing Information (PMI)---4.0---2014-10-13',
'CAx-IF Rec.Pracs.---3D Tessellated Geometry---0.4---2014-09-14','2;1',
'CAx-IF Rec.Pracs.---User Defined Attributes---1.5---2016-08-15'),
/* implementation_level */ '2;1');

FILE_NAME(
/* name */ 'HEF Duct Parts - Duct-HEF-Rapido',
/* time_stamp */ '2026-09-27T02:50:08Z',
/* author */ (''),
/* organization */ (''),
/* preprocessor_version */ 'ST-DEVELOPER v20',
/* originating_system */ 'ONSHAPE BY PTC INC, 1.221',
/* authorisation */ '  ');

FILE_SCHEMA (('AP242_MANAGED_MODEL_BASED_3D_ENGINEERING_MIM_LF { 1 0 10303 442 3 1 4 }'));
ENDSEC;

DATA;
#10=SHAPE_REPRESENTATION_RELATIONSHIP('','',#1854,#11);
#11=ADVANCED_BREP_SHAPE_REPRESENTATION('',(#1852),#4686);
#12=TOROIDAL_SURFACE('',#1946,2.3,0.3);
#13=TOROIDAL_SURFACE('',#1948,2.3,0.3);
#14=TOROIDAL_SURFACE('',#1950,2.6,0.3);
#15=TOROIDAL_SURFACE('',#1951,2.3,0.3);
#16=TOROIDAL_SURFACE('',#1953,2.3,0.3);
#17=TOROIDAL_SURFACE('',#1955,2.6,0.3);
#18=TOROIDAL_SURFACE('',#1956,2.3,0.3);
#19=TOROIDAL_SURFACE('',#1958,2.3,0.3);
#20=TOROIDAL_SURFACE('',#1960,2.6,0.3);
#21=TOROIDAL_SURFACE('',#1961,2.3,0.3);
#22=TOROIDAL_SURFACE('',#1963,2.3,0.3);
#23=TOROIDAL_SURFACE('',#1965,2.6,0.3);
#24=TOROIDAL_SURFACE('',#1966,2.6,0.85);
#25=TOROIDAL_SURFACE('',#1967,2.6,0.85);
#26=TOROIDAL_SURFACE('',#1968,2.6,0.85);
#27=TOROIDAL_SURFACE('',#1969,2.6,0.85);
#28=TOROIDAL_SURFACE('',#1996,14.1,0.3);
#29=TOROIDAL_SURFACE('',#2003,14.1,0.3);
#30=B_SPLINE_SURFACE_WITH_KNOTS('',3,1,((#3095,#3096),(#3097,#3098),(#3099,
#3100),(#3101,#3102)),.SURF_OF_LINEAR_EXTRUSION.,.F.,.F.,.F.,(4,4),(2,2),
(0.132965592310382,1.),(0.,1.),.PIECEWISE_BEZIER_KNOTS.);
#31=B_SPLINE_SURFACE_WITH_KNOTS('',3,1,((#3115,#3116),(#3117,#3118),(#3119,
#3120),(#3121,#3122)),.SURF_OF_LINEAR_EXTRUSION.,.F.,.F.,.F.,(4,4),(2,2),
(0.141262237892852,1.),(0.,1.),.PIECEWISE_BEZIER_KNOTS.);
#32=B_SPLINE_SURFACE_WITH_KNOTS('',3,1,((#3139,#3140),(#3141,#3142),(#3143,
#3144),(#3145,#3146),(#3147,#3148),(#3149,#3150),(#3151,#3152),(#3153,#3154)),
 .SURF_OF_LINEAR_EXTRUSION.,.F.,.F.,.F.,(4,1,1,1,1,4),(2,2),(-0.255482475356529,
-0.0985471659369627,0.0583881434826034,0.372258762321736,0.686129381160868,
1.),(0.,1.),.UNSPECIFIED.);
#33=B_SPLINE_SURFACE_WITH_KNOTS('',3,1,((#3182,#3183),(#3184,#3185),(#3186,
#3187),(#3188,#3189),(#3190,#3191),(#3192,#3193),(#3194,#3195)),
 .SURF_OF_LINEAR_EXTRUSION.,.F.,.F.,.F.,(4,1,1,1,4),(2,2),(-0.18379146251989,
0.112156403110083,0.408104268740056,0.704052134370029,1.),(0.,1.),
 .UNSPECIFIED.);
#34=B_SPLINE_SURFACE_WITH_KNOTS('',3,1,((#3210,#3211),(#3212,#3213),(#3214,
#3215),(#3216,#3217)),.SURF_OF_LINEAR_EXTRUSION.,.F.,.F.,.F.,(4,4),(2,2),
(0.0285898820763462,1.),(0.,1.),.PIECEWISE_BEZIER_KNOTS.);
#35=B_SPLINE_SURFACE_WITH_KNOTS('',3,1,((#3235,#3236),(#3237,#3238),(#3239,
#3240),(#3241,#3242)),.SURF_OF_LINEAR_EXTRUSION.,.F.,.F.,.F.,(4,4),(2,2),
(0.0403641359686623,1.),(0.,1.),.PIECEWISE_BEZIER_KNOTS.);
#36=DEGENERATE_TOROIDAL_SURFACE('',#1941,1.74179268297095,9.,.F.);
#37=DEGENERATE_TOROIDAL_SURFACE('',#1942,1.74179268297095,9.,.F.);
#38=DEGENERATE_TOROIDAL_SURFACE('',#1943,1.74179268297095,9.,.F.);
#39=PLANE('',#1887);
#40=PLANE('',#1888);
#41=PLANE('',#1890);
#42=PLANE('',#1891);
#43=PLANE('',#1893);
#44=PLANE('',#1897);
#45=PLANE('',#1903);
#46=PLANE('',#1909);
#47=PLANE('',#1917);
#48=PLANE('',#1945);
#49=PLANE('',#1973);
#50=PLANE('',#1974);
#51=LINE('',#2647,#100);
#52=LINE('',#2660,#101);
#53=LINE('',#2664,#102);
#54=LINE('',#2669,#103);
#55=LINE('',#2673,#104);
#56=LINE('',#2678,#105);
#57=LINE('',#2682,#106);
#58=LINE('',#2702,#107);
#59=LINE('',#2706,#108);
#60=LINE('',#2708,#109);
#61=LINE('',#2711,#110);
#62=LINE('',#2713,#111);
#63=LINE('',#2720,#112);
#64=LINE('',#2721,#113);
#65=LINE('',#2722,#114);
#66=LINE('',#2729,#115);
#67=LINE('',#2734,#116);
#68=LINE('',#2741,#117);
#69=LINE('',#2742,#118);
#70=LINE('',#2743,#119);
#71=LINE('',#2750,#120);
#72=LINE('',#2753,#121);
#73=LINE('',#2760,#122);
#74=LINE('',#2761,#123);
#75=LINE('',#2762,#124);
#76=LINE('',#2769,#125);
#77=LINE('',#2771,#126);
#78=LINE('',#2776,#127);
#79=LINE('',#2783,#128);
#80=LINE('',#2784,#129);
#81=LINE('',#2785,#130);
#82=LINE('',#2801,#131);
#83=LINE('',#2817,#132);
#84=LINE('',#2827,#133);
#85=LINE('',#2843,#134);
#86=LINE('',#2844,#135);
#87=LINE('',#2846,#136);
#88=LINE('',#2847,#137);
#89=LINE('',#2857,#138);
#90=LINE('',#2873,#139);
#91=LINE('',#2884,#140);
#92=LINE('',#2894,#141);
#93=LINE('',#2905,#142);
#94=LINE('',#2915,#143);
#95=LINE('',#2926,#144);
#96=LINE('',#2930,#145);
#97=LINE('',#2941,#146);
#98=LINE('',#3924,#147);
#99=LINE('',#3966,#148);
#100=VECTOR('',#2027,1000.);
#101=VECTOR('',#2034,1000.);
#102=VECTOR('',#2037,1000.);
#103=VECTOR('',#2042,1000.);
#104=VECTOR('',#2045,1000.);
#105=VECTOR('',#2050,1000.);
#106=VECTOR('',#2053,1000.);
#107=VECTOR('',#2076,1000.);
#108=VECTOR('',#2079,1000.);
#109=VECTOR('',#2082,1000.);
#110=VECTOR('',#2083,1000.);
#111=VECTOR('',#2084,1000.);
#112=VECTOR('',#2085,1000.);
#113=VECTOR('',#2086,1000.);
#114=VECTOR('',#2087,1000.);
#115=VECTOR('',#2090,1000.);
#116=VECTOR('',#2093,1000.);
#117=VECTOR('',#2094,1000.);
#118=VECTOR('',#2095,1000.);
#119=VECTOR('',#2096,1000.);
#120=VECTOR('',#2099,1000.);
#121=VECTOR('',#2100,1000.);
#122=VECTOR('',#2101,1000.);
#123=VECTOR('',#2102,1000.);
#124=VECTOR('',#2103,1000.);
#125=VECTOR('',#2104,1000.);
#126=VECTOR('',#2107,1000.);
#127=VECTOR('',#2110,1000.);
#128=VECTOR('',#2111,1000.);
#129=VECTOR('',#2112,1000.);
#130=VECTOR('',#2113,1000.);
#131=VECTOR('',#2118,1000.);
#132=VECTOR('',#2119,1000.);
#133=VECTOR('',#2122,1000.);
#134=VECTOR('',#2123,1000.);
#135=VECTOR('',#2124,1000.);
#136=VECTOR('',#2125,1000.);
#137=VECTOR('',#2126,1000.);
#138=VECTOR('',#2127,1000.);
#139=VECTOR('',#2140,1000.);
#140=VECTOR('',#2141,1000.);
#141=VECTOR('',#2154,1000.);
#142=VECTOR('',#2155,1000.);
#143=VECTOR('',#2168,1000.);
#144=VECTOR('',#2169,1000.);
#145=VECTOR('',#2174,1000.);
#146=VECTOR('',#2175,1000.);
#147=VECTOR('',#2286,1000.);
#148=VECTOR('',#2289,1000.);
#149=(
BOUNDED_SURFACE()
B_SPLINE_SURFACE(3,2,((#2537,#2538,#2539),(#2540,#2541,#2542),(#2543,#2544,
#2545),(#2546,#2547,#2548),(#2549,#2550,#2551),(#2552,#2553,#2554),(#2555,
#2556,#2557),(#2558,#2559,#2560),(#2561,#2562,#2563),(#2564,#2565,#2566)),
 .UNSPECIFIED.,.F.,.F.,.F.)
B_SPLINE_SURFACE_WITH_KNOTS((4,1,1,1,1,1,1,4),(3,3),(0.00486419329233146,
0.00537386797131188,0.0058835426502923,0.00690289200825315,0.00894159072417484,
0.0109802894400965,0.0119996387980574,0.0130189881560182),(0.,1.),
 .UNSPECIFIED.)
GEOMETRIC_REPRESENTATION_ITEM()
RATIONAL_B_SPLINE_SURFACE(((1.,0.790874444042023,1.),(1.,0.789216325489609,
1.),(1.,0.783280587272414,1.),(1.,0.769565697414291,1.),(1.,0.735398039619365,
1.),(1.,0.672221207925973,1.),(1.,0.624804677625966,1.),(1.,0.602153499371693,
1.),(1.,0.591670253373489,1.),(1.,0.590844912626459,1.)))
REPRESENTATION_ITEM('')
SURFACE()
);
#150=(
BOUNDED_SURFACE()
B_SPLINE_SURFACE(3,2,((#3252,#3253,#3254),(#3255,#3256,#3257),(#3258,#3259,
#3260),(#3261,#3262,#3263),(#3264,#3265,#3266),(#3267,#3268,#3269),(#3270,
#3271,#3272),(#3273,#3274,#3275),(#3276,#3277,#3278)),.UNSPECIFIED.,.F.,
 .F.,.F.)
B_SPLINE_SURFACE_WITH_KNOTS((4,1,1,1,1,1,4),(3,3),(0.0110682371432686,0.0130893482820147,
0.0151104594207608,0.017131570559507,0.0176368483441935,0.01814212612888,
0.0191526816982531),(0.,1.),.UNSPECIFIED.)
GEOMETRIC_REPRESENTATION_ITEM()
RATIONAL_B_SPLINE_SURFACE(((1.,0.745648885170751,1.),(1.,0.735369135062145,
1.),(1.,0.705228949788468,1.),(1.,0.640251227100646,1.),(1.,0.603473303090132,
1.),(1.,0.58721416149278,1.),(1.,0.577033742179353,1.),(1.,0.569107714457591,
1.),(1.,0.563898886752754,1.)))
REPRESENTATION_ITEM('')
SURFACE()
);
#151=(
BOUNDED_SURFACE()
B_SPLINE_SURFACE(3,2,((#3284,#3285,#3286),(#3287,#3288,#3289),(#3290,#3291,
#3292),(#3293,#3294,#3295),(#3296,#3297,#3298),(#3299,#3300,#3301),(#3302,
#3303,#3304),(#3305,#3306,#3307),(#3308,#3309,#3310)),.UNSPECIFIED.,.F.,
 .F.,.F.)
B_SPLINE_SURFACE_WITH_KNOTS((4,1,1,1,1,1,4),(3,3),(0.000670048003642332,
0.00236010666635713,0.00405016532907192,0.00574022399178671,0.00658525332314411,
0.00700776798882281,0.00743028265450151),(0.,1.),.UNSPECIFIED.)
GEOMETRIC_REPRESENTATION_ITEM()
RATIONAL_B_SPLINE_SURFACE(((1.,0.607711110129398,1.),(1.,0.617123092532853,
1.),(1.,0.64118427050447,1.),(1.,0.69686124316243,1.),(1.,0.747819608556006,
1.),(1.,0.773539849605176,1.),(1.,0.784524076791814,1.),(1.,0.789414701942078,
1.),(1.,0.790795543549473,1.)))
REPRESENTATION_ITEM('')
SURFACE()
);
#152=(
BOUNDED_SURFACE()
B_SPLINE_SURFACE(3,2,((#3316,#3317,#3318),(#3319,#3320,#3321),(#3322,#3323,
#3324),(#3325,#3326,#3327),(#3328,#3329,#3330),(#3331,#3332,#3333),(#3334,
#3335,#3336),(#3337,#3338,#3339),(#3340,#3341,#3342)),.UNSPECIFIED.,.F.,
 .F.,.F.)
B_SPLINE_SURFACE_WITH_KNOTS((4,1,1,1,1,1,4),(3,3),(0.0118635965310589,0.0136846818992981,
0.0155057672675373,0.0173268526357764,0.0177821239778362,0.018237395319896,
0.0191479380040156),(0.,1.),.UNSPECIFIED.)
GEOMETRIC_REPRESENTATION_ITEM()
RATIONAL_B_SPLINE_SURFACE(((1.,0.731472357824194,1.),(1.,0.719096509133534,
1.),(1.,0.685993190941494,1.),(1.,0.629364535723151,1.),(1.,0.598859488946609,
1.),(1.,0.585180008976448,1.),(1.,0.575683716489356,1.),(1.,0.568665611622034,
1.),(1.,0.563972240134544,1.)))
REPRESENTATION_ITEM('')
SURFACE()
);
#153=(
BOUNDED_SURFACE()
B_SPLINE_SURFACE(3,2,((#3351,#3352,#3353),(#3354,#3355,#3356),(#3357,#3358,
#3359),(#3360,#3361,#3362),(#3363,#3364,#3365),(#3366,#3367,#3368),(#3369,
#3370,#3371),(#3372,#3373,#3374)),.UNSPECIFIED.,.F.,.F.,.F.)
B_SPLINE_SURFACE_WITH_KNOTS((4,1,1,1,1,4),(3,3),(0.00949525868784666,0.0114316912116442,
0.0133681237354416,0.0153045562592391,0.0162727725211379,0.0172409887830366),
(0.,1.),.UNSPECIFIED.)
GEOMETRIC_REPRESENTATION_ITEM()
RATIONAL_B_SPLINE_SURFACE(((1.,0.680603801815706,1.),(1.,0.700423447189295,
1.),(1.,0.743181498413573,1.),(1.,0.802447478594783,1.),(1.,0.825981221077757,
1.),(1.,0.82913561942703,1.),(1.,0.830670337739171,1.),(1.,0.831606348026959,
1.)))
REPRESENTATION_ITEM('')
SURFACE()
);
#154=(
BOUNDED_SURFACE()
B_SPLINE_SURFACE(3,2,((#3382,#3383,#3384),(#3385,#3386,#3387),(#3388,#3389,
#3390),(#3391,#3392,#3393),(#3394,#3395,#3396),(#3397,#3398,#3399),(#3400,
#3401,#3402),(#3403,#3404,#3405)),.UNSPECIFIED.,.F.,.F.,.F.)
B_SPLINE_SURFACE_WITH_KNOTS((4,1,1,1,1,4),(3,3),(0.00993229028204036,0.0117588132697235,
0.0135853362574067,0.0154118592450899,0.0163251207389315,0.0172383822327731),
(0.,1.),.UNSPECIFIED.)
GEOMETRIC_REPRESENTATION_ITEM()
RATIONAL_B_SPLINE_SURFACE(((1.,0.694175430852218,1.),(1.,0.713289342722622,
1.),(1.,0.754268043347833,1.),(1.,0.806736660525317,1.),(1.,0.82670411016594,
1.),(1.,0.829052531091184,1.),(1.,0.830715780855318,1.),(1.,0.831598787953646,
1.)))
REPRESENTATION_ITEM('')
SURFACE()
);
#155=(
BOUNDED_SURFACE()
B_SPLINE_SURFACE(3,2,((#3412,#3413,#3414),(#3415,#3416,#3417),(#3418,#3419,
#3420),(#3421,#3422,#3423),(#3424,#3425,#3426),(#3427,#3428,#3429),(#3430,
#3431,#3432),(#3433,#3434,#3435)),.UNSPECIFIED.,.F.,.F.,.F.)
B_SPLINE_SURFACE_WITH_KNOTS((4,1,1,1,1,4),(3,3),(0.00389798512729805,0.00490103103019342,
0.00590407693308879,0.00791016873887952,0.00991626054467026,0.011922352350461),
(0.,1.),.UNSPECIFIED.)
GEOMETRIC_REPRESENTATION_ITEM()
RATIONAL_B_SPLINE_SURFACE(((1.,0.831611384333811,1.),(1.,0.830640037697759,
1.),(1.,0.82919337519365,1.),(1.,0.8254339430885,1.),(1.,0.799226885898226,
1.),(1.,0.73515357499816,1.),(1.,0.691503747706081,1.),(1.,0.671206363877223,
1.)))
REPRESENTATION_ITEM('')
SURFACE()
);
#156=(
BOUNDED_SURFACE()
B_SPLINE_SURFACE(3,2,((#3442,#3443,#3444),(#3445,#3446,#3447),(#3448,#3449,
#3450),(#3451,#3452,#3453),(#3454,#3455,#3456),(#3457,#3458,#3459),(#3460,
#3461,#3462),(#3463,#3464,#3465),(#3466,#3467,#3468),(#3469,#3470,#3471),
(#3472,#3473,#3474),(#3475,#3476,#3477)),.UNSPECIFIED.,.F.,.F.,.F.)
B_SPLINE_SURFACE_WITH_KNOTS((4,1,1,1,1,1,1,1,1,4),(3,3),(0.00485180410183954,
0.0054920814973107,0.00613235889278186,0.00741291368372418,0.0086934684746665,
0.00997402326560883,0.0112545780565511,0.0125351328474935,0.0138156876384358,
0.0150962424293781),(0.,1.),.UNSPECIFIED.)
GEOMETRIC_REPRESENTATION_ITEM()
RATIONAL_B_SPLINE_SURFACE(((1.,0.79099533748498,1.),(1.,0.788913220391971,
1.),(1.,0.781276213174549,1.),(1.,0.762448468708796,1.),(1.,0.728317082410588,
1.),(1.,0.68248579195043,1.),(1.,0.642840379678408,1.),(1.,0.613654184434807,
1.),(1.,0.592217650030589,1.),(1.,0.588854637952129,1.),(1.,0.586651793107257,
1.),(1.,0.585479298670701,1.)))
REPRESENTATION_ITEM('')
SURFACE()
);
#157=(
BOUNDED_SURFACE()
B_SPLINE_SURFACE(3,2,((#3483,#3484,#3485),(#3486,#3487,#3488),(#3489,#3490,
#3491),(#3492,#3493,#3494),(#3495,#3496,#3497),(#3498,#3499,#3500),(#3501,
#3502,#3503),(#3504,#3505,#3506),(#3507,#3508,#3509),(#3510,#3511,#3512),
(#3513,#3514,#3515),(#3516,#3517,#3518)),.UNSPECIFIED.,.F.,.F.,.F.)
B_SPLINE_SURFACE_WITH_KNOTS((4,1,1,1,1,1,1,1,1,4),(3,3),(0.0084743263727827,
0.00981105461858209,0.0104794187414818,0.0111477828643815,0.0124845111101809,
0.0138212393559803,0.0164946958475791,0.0171630599704788,0.0178314240933784,
0.0191681523391778),(0.,1.),.UNSPECIFIED.)
GEOMETRIC_REPRESENTATION_ITEM()
RATIONAL_B_SPLINE_SURFACE(((1.,0.755663394905657,1.),(1.,0.754262534604947,
1.),(1.,0.751883507069388,1.),(1.,0.750243540892718,1.),(1.,0.744016622524274,
1.),(1.,0.718855046651544,1.),(1.,0.668603919844504,1.),(1.,0.620591615220115,
1.),(1.,0.594593815892812,1.),(1.,0.580995277608001,1.),(1.,0.570549474348245,
1.),(1.,0.563659664542362,1.)))
REPRESENTATION_ITEM('')
SURFACE()
);
#158=(
BOUNDED_SURFACE()
B_SPLINE_SURFACE(3,2,((#3640,#3641,#3642),(#3643,#3644,#3645),(#3646,#3647,
#3648),(#3649,#3650,#3651),(#3652,#3653,#3654),(#3655,#3656,#3657),(#3658,
#3659,#3660),(#3661,#3662,#3663),(#3664,#3665,#3666),(#3667,#3668,#3669),
(#3670,#3671,#3672),(#3673,#3674,#3675),(#3676,#3677,#3678),(#3679,#3680,
#3681),(#3682,#3683,#3684),(#3685,#3686,#3687),(#3688,#3689,#3690)),
 .UNSPECIFIED.,.T.,.F.,.F.)
B_SPLINE_SURFACE_WITH_KNOTS((1,3,1,1,1,1,1,1,1,1,1,1,1,1,1,3,1),(3,3),(0.000531083292167204,
0.00115661442568359,0.00240767669271636,0.00365873895974914,0.00428427009326552,
0.00490980122678191,0.00553533236029829,0.00616086349381468,0.00678639462733107,
0.00741192576084745,0.00803745689436384,0.00866298802788023,0.00928851916139661,
0.009914050294913,0.0105395814284294,0.0111651125619458,0.0124161748289785),
(0.,1.),.UNSPECIFIED.)
GEOMETRIC_REPRESENTATION_ITEM()
RATIONAL_B_SPLINE_SURFACE(((1.,0.937717388755498,1.),(1.,0.930108816103021,
1.),(1.,0.917388070052901,1.),(1.,0.934084411801243,1.),(1.,0.950343895521769,
1.),(1.,0.958639682870059,1.),(1.,0.957772580265717,1.),(1.,0.944484555836787,
1.),(1.,0.928290583936308,1.),(1.,0.921519255483267,1.),(1.,0.929084791932706,
1.),(1.,0.945488878490116,1.),(1.,0.958177151938822,1.),(1.,0.958351599773521,
1.),(1.,0.949754347547922,1.),(1.,0.941521675081736,1.),(1.,0.937717388755498,
1.)))
REPRESENTATION_ITEM('')
SURFACE()
);
#159=(
BOUNDED_SURFACE()
B_SPLINE_SURFACE(3,2,((#3691,#3692,#3693),(#3694,#3695,#3696),(#3697,#3698,
#3699),(#3700,#3701,#3702),(#3703,#3704,#3705),(#3706,#3707,#3708),(#3709,
#3710,#3711),(#3712,#3713,#3714),(#3715,#3716,#3717),(#3718,#3719,#3720),
(#3721,#3722,#3723),(#3724,#3725,#3726),(#3727,#3728,#3729),(#3730,#3731,
#3732),(#3733,#3734,#3735),(#3736,#3737,#3738),(#3739,#3740,#3741)),
 .UNSPECIFIED.,.T.,.F.,.F.)
B_SPLINE_SURFACE_WITH_KNOTS((1,3,1,1,1,1,1,1,1,1,1,1,1,1,1,3,1),(3,3),(-0.000628134751962143,
0.,0.000628134751962141,0.00125626950392428,0.00251253900784856,0.00376880851177285,
0.00439694326373499,0.00502507801569713,0.00565321276765927,0.00628134751962141,
0.00690948227158355,0.00753761702354569,0.00816575177550783,0.00879388652746997,
0.00942202127943212,0.0100501560313943,0.0106782907833564),(0.,1.),
 .UNSPECIFIED.)
GEOMETRIC_REPRESENTATION_ITEM()
RATIONAL_B_SPLINE_SURFACE(((1.,0.955790609608288,1.),(1.,0.953950145499102,
1.),(1.,0.947645060312037,1.),(1.,0.93081004947671,1.),(1.,0.916859664681476,
1.),(1.,0.935468730608341,1.),(1.,0.951449084455821,1.),(1.,0.958883886026086,
1.),(1.,0.956244209496551,1.),(1.,0.941603843254805,1.),(1.,0.925900129819207,
1.),(1.,0.921044556594413,1.),(1.,0.930564889473785,1.),(1.,0.947482463538905,
1.),(1.,0.95868784496715,1.),(1.,0.957631073717473,1.),(1.,0.955790609608288,
1.)))
REPRESENTATION_ITEM('')
SURFACE()
);
#160=(
BOUNDED_SURFACE()
B_SPLINE_SURFACE(3,2,((#3742,#3743,#3744),(#3745,#3746,#3747),(#3748,#3749,
#3750),(#3751,#3752,#3753),(#3754,#3755,#3756),(#3757,#3758,#3759),(#3760,
#3761,#3762),(#3763,#3764,#3765),(#3766,#3767,#3768),(#3769,#3770,#3771),
(#3772,#3773,#3774),(#3775,#3776,#3777),(#3778,#3779,#3780),(#3781,#3782,
#3783),(#3784,#3785,#3786),(#3787,#3788,#3789),(#3790,#3791,#3792)),
 .UNSPECIFIED.,.T.,.F.,.F.)
B_SPLINE_SURFACE_WITH_KNOTS((1,3,1,1,1,1,1,1,1,1,1,1,1,1,1,3,1),(3,3),(-0.000625535637705286,
0.,0.000625535637705285,0.00125107127541057,0.00250214255082114,0.00375321382623171,
0.00437874946393699,0.00500428510164228,0.00562982073934756,0.00625535637705285,
0.00688089201475813,0.00750642765246342,0.0081319632901687,0.00875749892787398,
0.00938303456557927,0.0100085702032846,0.0106341058409898),(0.,1.),
 .UNSPECIFIED.)
GEOMETRIC_REPRESENTATION_ITEM()
RATIONAL_B_SPLINE_SURFACE(((1.,0.956136479111051,1.),(1.,0.954302088480454,
1.),(1.,0.948029563552764,1.),(1.,0.931335968221235,1.),(1.,0.917596246470065,
1.),(1.,0.936100073250888,1.),(1.,0.951955478465623,1.),(1.,0.959263751122569,
1.),(1.,0.956474418267614,1.),(1.,0.94188671122674,1.),(1.,0.926429673198073,
1.),(1.,0.921759112013903,1.),(1.,0.931246923347509,1.),(1.,0.947978007188884,
1.),(1.,0.959035907336344,1.),(1.,0.957970869741648,1.),(1.,0.956136479111051,
1.)))
REPRESENTATION_ITEM('')
SURFACE()
);
#161=(
BOUNDED_SURFACE()
B_SPLINE_SURFACE(3,2,((#3793,#3794,#3795),(#3796,#3797,#3798),(#3799,#3800,
#3801),(#3802,#3803,#3804),(#3805,#3806,#3807),(#3808,#3809,#3810),(#3811,
#3812,#3813),(#3814,#3815,#3816),(#3817,#3818,#3819),(#3820,#3821,#3822),
(#3823,#3824,#3825),(#3826,#3827,#3828),(#3829,#3830,#3831),(#3832,#3833,
#3834),(#3835,#3836,#3837),(#3838,#3839,#3840),(#3841,#3842,#3843)),
 .UNSPECIFIED.,.T.,.F.,.F.)
B_SPLINE_SURFACE_WITH_KNOTS((1,3,1,1,1,1,1,1,1,1,1,1,1,1,1,3,1),(3,3),(-0.000628134751975311,
0.,0.000628134751975311,0.00125626950395062,0.00251253900790124,0.00376880851185186,
0.00439694326382718,0.00502507801580249,0.0056532127677778,0.00628134751975311,
0.00690948227172842,0.00753761702370373,0.00816575177567904,0.00879388652765435,
0.00942202127962966,0.010050156031605,0.0106782907835803),(0.,1.),
 .UNSPECIFIED.)
GEOMETRIC_REPRESENTATION_ITEM()
RATIONAL_B_SPLINE_SURFACE(((1.,0.955790609606919,1.),(1.,0.953950145497949,
1.),(1.,0.947645060311018,1.),(1.,0.930810049475065,1.),(1.,0.916859664677257,
1.),(1.,0.935468730603891,1.),(1.,0.951449084452417,1.),(1.,0.958883886023789,
1.),(1.,0.956244209495834,1.),(1.,0.941603843254407,1.),(1.,0.925900129817167,
1.),(1.,0.921044556590391,1.),(1.,0.930564889468901,1.),(1.,0.947482463534889,
1.),(1.,0.958687844964841,1.),(1.,0.957631073715889,1.),(1.,0.955790609606919,
1.)))
REPRESENTATION_ITEM('')
SURFACE()
);
#162=(
BOUNDED_SURFACE()
B_SPLINE_SURFACE(3,2,((#4016,#4017,#4018),(#4019,#4020,#4021),(#4022,#4023,
#4024),(#4025,#4026,#4027),(#4028,#4029,#4030)),.UNSPECIFIED.,.F.,.F.,.F.)
B_SPLINE_SURFACE_WITH_KNOTS((4,1,4),(3,3),(-3.85433872318597E-17,0.000799044601142615,
0.00159808920228527),(0.,1.),.UNSPECIFIED.)
GEOMETRIC_REPRESENTATION_ITEM()
RATIONAL_B_SPLINE_SURFACE(((1.,0.92299365942328,1.),(1.,0.936169479206881,
1.),(1.,0.902612700606177,1.),(1.,0.817952654945841,1.),(1.,0.771247748824863,
1.)))
REPRESENTATION_ITEM('')
SURFACE()
);
#163=(
BOUNDED_SURFACE()
B_SPLINE_SURFACE(3,2,((#4033,#4034,#4035),(#4036,#4037,#4038),(#4039,#4040,
#4041),(#4042,#4043,#4044),(#4045,#4046,#4047)),.UNSPECIFIED.,.F.,.F.,.F.)
B_SPLINE_SURFACE_WITH_KNOTS((4,1,4),(3,3),(2.36898174688083E-17,0.000674635726512257,
0.00134927145302449),(0.,1.),.UNSPECIFIED.)
GEOMETRIC_REPRESENTATION_ITEM()
RATIONAL_B_SPLINE_SURFACE(((1.,0.691401409415901,1.),(1.,0.679191287270804,
1.),(1.,0.656515747464622,1.),(1.,0.666988526576479,1.),(1.,0.679457285641607,
1.)))
REPRESENTATION_ITEM('')
SURFACE()
);
#164=(
BOUNDED_SURFACE()
B_SPLINE_SURFACE(3,2,((#4055,#4056,#4057),(#4058,#4059,#4060),(#4061,#4062,
#4063),(#4064,#4065,#4066),(#4067,#4068,#4069),(#4070,#4071,#4072),(#4073,
#4074,#4075),(#4076,#4077,#4078),(#4079,#4080,#4081),(#4082,#4083,#4084)),
 .UNSPECIFIED.,.F.,.F.,.F.)
B_SPLINE_SURFACE_WITH_KNOTS((4,1,1,1,1,1,1,4),(3,3),(-3.64291929955129E-17,
0.00255948244132766,0.00511896488265536,0.00767844732398306,0.0102379297653108,
0.0127974122066385,0.0153568946479662,0.0204758595306215),(0.,1.),
 .UNSPECIFIED.)
GEOMETRIC_REPRESENTATION_ITEM()
RATIONAL_B_SPLINE_SURFACE(((1.,0.679457285641609,1.),(1.,0.698075706722452,
1.),(1.,0.737308592605278,1.),(1.,0.794505706701399,1.),(1.,0.840254779118947,
1.),(1.,0.868157682401263,1.),(1.,0.870583174204814,1.),(1.,0.838976705455909,
1.),(1.,0.78570203035733,1.),(1.,0.746846404473609,1.)))
REPRESENTATION_ITEM('')
SURFACE()
);
#165=(
BOUNDED_SURFACE()
B_SPLINE_SURFACE(3,2,((#4086,#4087,#4088),(#4089,#4090,#4091),(#4092,#4093,
#4094),(#4095,#4096,#4097),(#4098,#4099,#4100)),.UNSPECIFIED.,.F.,.F.,.F.)
B_SPLINE_SURFACE_WITH_KNOTS((4,1,4),(3,3),(0.0128443165844179,0.0163353985174133,
0.0198264804504086),(0.,1.),.UNSPECIFIED.)
GEOMETRIC_REPRESENTATION_ITEM()
RATIONAL_B_SPLINE_SURFACE(((1.,0.922993659423224,1.),(1.,0.91526634560473,
1.),(1.,0.886134757778325,1.),(1.,0.891438443050029,1.),(1.,0.900845667651361,
1.)))
REPRESENTATION_ITEM('')
SURFACE()
);
#166=(
BOUNDED_SURFACE()
B_SPLINE_SURFACE(3,2,((#4105,#4106,#4107),(#4108,#4109,#4110),(#4111,#4112,
#4113),(#4114,#4115,#4116)),.UNSPECIFIED.,.F.,.F.,.F.)
B_SPLINE_SURFACE_WITH_KNOTS((4,4),(3,3),(-1.90819582357449E-17,0.00490079055417042),
(0.,1.),.PIECEWISE_BEZIER_KNOTS.)
GEOMETRIC_REPRESENTATION_ITEM()
RATIONAL_B_SPLINE_SURFACE(((1.,0.771247748826833,1.),(1.,0.750085420533749,
1.),(1.,0.723751974477473,1.),(1.,0.691401409415996,1.)))
REPRESENTATION_ITEM('')
SURFACE()
);
#167=(
BOUNDED_SURFACE()
B_SPLINE_SURFACE(3,2,((#4126,#4127,#4128),(#4129,#4130,#4131),(#4132,#4133,
#4134),(#4135,#4136,#4137),(#4138,#4139,#4140)),.UNSPECIFIED.,.F.,.F.,.F.)
B_SPLINE_SURFACE_WITH_KNOTS((4,1,4),(3,3),(-2.47198095326695E-17,0.000829399347233478,
0.00165879869446698),(0.,1.),.UNSPECIFIED.)
GEOMETRIC_REPRESENTATION_ITEM()
RATIONAL_B_SPLINE_SURFACE(((1.,0.641799335309274,1.),(1.,0.650646021206285,
1.),(1.,0.702003002388974,1.),(1.,0.744339994837796,1.),(1.,0.756174448236345,
1.)))
REPRESENTATION_ITEM('')
SURFACE()
);
#168=(
BOUNDED_SURFACE()
B_SPLINE_SURFACE(3,2,((#4143,#4144,#4145),(#4146,#4147,#4148),(#4149,#4150,
#4151),(#4152,#4153,#4154),(#4155,#4156,#4157),(#4158,#4159,#4160)),
 .UNSPECIFIED.,.F.,.F.,.F.)
B_SPLINE_SURFACE_WITH_KNOTS((4,1,1,4),(3,3),(-1.0245710529988E-17,0.000883447215787277,
0.00132517082368092,0.00176689443157456),(0.,1.),.UNSPECIFIED.)
GEOMETRIC_REPRESENTATION_ITEM()
RATIONAL_B_SPLINE_SURFACE(((1.,0.746846404467499,1.),(1.,0.700140496182798,
1.),(1.,0.614127349323491,1.),(1.,0.544014365295182,1.),(1.,0.5446773013543,
1.),(1.,0.552698853771756,1.)))
REPRESENTATION_ITEM('')
SURFACE()
);
#169=(
BOUNDED_SURFACE()
B_SPLINE_SURFACE(3,2,((#4172,#4173,#4174),(#4175,#4176,#4177),(#4178,#4179,
#4180),(#4181,#4182,#4183)),.UNSPECIFIED.,.F.,.F.,.F.)
B_SPLINE_SURFACE_WITH_KNOTS((4,4),(3,3),(6.76542155630955E-17,0.00519730560583606),
(0.077385144993347,1.),.PIECEWISE_BEZIER_KNOTS.)
GEOMETRIC_REPRESENTATION_ITEM()
RATIONAL_B_SPLINE_SURFACE(((0.978067096320727,0.858287377498879,1.),(0.978826964284629,
0.863197027561356,1.),(0.979286918216581,0.8661688765641,1.),(0.979593549906108,
0.868150081674939,1.)))
REPRESENTATION_ITEM('')
SURFACE()
);
#170=(
BOUNDED_SURFACE()
B_SPLINE_SURFACE(3,2,((#4191,#4192,#4193),(#4194,#4195,#4196),(#4197,#4198,
#4199),(#4200,#4201,#4202)),.UNSPECIFIED.,.F.,.F.,.F.)
B_SPLINE_SURFACE_WITH_KNOTS((4,4),(3,3),(-5.16947595841089E-16,0.00630620437162944),
(0.,1.),.PIECEWISE_BEZIER_KNOTS.)
GEOMETRIC_REPRESENTATION_ITEM()
RATIONAL_B_SPLINE_SURFACE(((1.,0.552698853771773,1.),(1.,0.563614149907013,
1.),(1.,0.575122431795317,1.),(1.,0.589376664857957,1.)))
REPRESENTATION_ITEM('')
SURFACE()
);
#171=(
BOUNDED_SURFACE()
B_SPLINE_SURFACE(3,2,((#4207,#4208,#4209),(#4210,#4211,#4212),(#4213,#4214,
#4215),(#4216,#4217,#4218)),.UNSPECIFIED.,.F.,.F.,.F.)
B_SPLINE_SURFACE_WITH_KNOTS((4,4),(3,3),(-2.25514051876985E-17,0.00599756715634758),
(0.,1.),.PIECEWISE_BEZIER_KNOTS.)
GEOMETRIC_REPRESENTATION_ITEM()
RATIONAL_B_SPLINE_SURFACE(((1.,0.756174448236396,1.),(1.,0.723102330866655,
1.),(1.,0.691222160997948,1.),(1.,0.66450429516867,1.)))
REPRESENTATION_ITEM('')
SURFACE()
);
#172=(
BOUNDED_SURFACE()
B_SPLINE_SURFACE(3,2,((#4223,#4224,#4225),(#4226,#4227,#4228),(#4229,#4230,
#4231),(#4232,#4233,#4234),(#4235,#4236,#4237),(#4238,#4239,#4240),(#4241,
#4242,#4243),(#4244,#4245,#4246),(#4247,#4248,#4249),(#4250,#4251,#4252),
(#4253,#4254,#4255)),.UNSPECIFIED.,.F.,.F.,.F.)
B_SPLINE_SURFACE_WITH_KNOTS((4,1,1,1,1,1,1,1,4),(3,3),(-1.64365049348802E-16,
0.00269760674224443,0.00539521348448903,0.00809282022673363,0.0107904269689782,
0.0134880337112228,0.0161856404534674,0.018883247195712,0.0215808539379566),
(0.,1.),.UNSPECIFIED.)
GEOMETRIC_REPRESENTATION_ITEM()
RATIONAL_B_SPLINE_SURFACE(((1.,0.867353154126471,1.),(1.,0.869998183029794,
1.),(1.,0.865449746344935,1.),(1.,0.831773984815909,1.),(1.,0.779727547748103,
1.),(1.,0.717800983232649,1.),(1.,0.65663528341327,1.),(1.,0.611776014270837,
1.),(1.,0.60397131449316,1.),(1.,0.626339559895591,1.),(1.,0.641799335309272,
1.)))
REPRESENTATION_ITEM('')
SURFACE()
);
#173=(
BOUNDED_SURFACE()
B_SPLINE_SURFACE(3,2,((#4257,#4258,#4259),(#4260,#4261,#4262),(#4263,#4264,
#4265),(#4266,#4267,#4268),(#4269,#4270,#4271)),.UNSPECIFIED.,.F.,.F.,.F.)
B_SPLINE_SURFACE_WITH_KNOTS((4,1,4),(3,3),(-2.83735708539457E-16,0.000712282998058839,
0.00142456599611796),(0.,1.),.UNSPECIFIED.)
GEOMETRIC_REPRESENTATION_ITEM()
RATIONAL_B_SPLINE_SURFACE(((1.,0.857091052014794,1.),(1.,0.855036938036224,
1.),(1.,0.821859433179616,1.),(1.,0.743956984902118,1.),(1.,0.6993402884585,
1.)))
REPRESENTATION_ITEM('')
SURFACE()
);
#174=(
BOUNDED_SURFACE()
B_SPLINE_SURFACE(3,2,((#4273,#4274,#4275),(#4276,#4277,#4278),(#4279,#4280,
#4281),(#4282,#4283,#4284),(#4285,#4286,#4287),(#4288,#4289,#4290)),
 .UNSPECIFIED.,.F.,.F.,.F.)
B_SPLINE_SURFACE_WITH_KNOTS((4,1,1,4),(3,3),(-2.65629532258949E-18,0.000399301441036679,
0.00079860288207336,0.00159720576414672),(0.,1.),.UNSPECIFIED.)
GEOMETRIC_REPRESENTATION_ITEM()
RATIONAL_B_SPLINE_SURFACE(((1.,0.910325227966163,1.),(1.,0.923900149807953,
1.),(1.,0.942461759714384,1.),(1.,0.927953950931031,1.),(1.,0.881414064557671,
1.),(1.,0.846401104716559,1.)))
REPRESENTATION_ITEM('')
SURFACE()
);
#175=(
BOUNDED_SURFACE()
B_SPLINE_SURFACE(3,2,((#4292,#4293,#4294),(#4295,#4296,#4297),(#4298,#4299,
#4300),(#4301,#4302,#4303),(#4304,#4305,#4306),(#4307,#4308,#4309),(#4310,
#4311,#4312)),.UNSPECIFIED.,.F.,.F.,.F.)
B_SPLINE_SURFACE_WITH_KNOTS((4,1,1,1,4),(3,3),(0.013006716604816,0.0149168582190695,
0.0168269998333231,0.0187371414475766,0.0206472830618301),(0.,1.),
 .UNSPECIFIED.)
GEOMETRIC_REPRESENTATION_ITEM()
RATIONAL_B_SPLINE_SURFACE(((1.,0.892617373764659,1.),(1.,0.890304582866444,
1.),(1.,0.89120784098024,1.),(1.,0.907496561622557,1.),(1.,0.926088486441043,
1.),(1.,0.929159403143243,1.),(1.,0.927409783777318,1.)))
REPRESENTATION_ITEM('')
SURFACE()
);
#176=(
BOUNDED_SURFACE()
B_SPLINE_SURFACE(3,2,((#4314,#4315,#4316),(#4317,#4318,#4319),(#4320,#4321,
#4322),(#4323,#4324,#4325),(#4326,#4327,#4328)),.UNSPECIFIED.,.F.,.F.,.F.)
B_SPLINE_SURFACE_WITH_KNOTS((4,1,4),(3,3),(-7.09886793445746E-15,0.000675697642893932,
0.00135139528579496),(0.,1.),.UNSPECIFIED.)
GEOMETRIC_REPRESENTATION_ITEM()
RATIONAL_B_SPLINE_SURFACE(((1.,0.740216657746727,1.),(1.,0.77402738762711,
1.),(1.,0.838470279999829,1.),(1.,0.868973520979068,1.),(1.,0.867353154126469,
1.)))
REPRESENTATION_ITEM('')
SURFACE()
);
#177=(
BOUNDED_SURFACE()
B_SPLINE_SURFACE(3,2,((#4335,#4336,#4337),(#4338,#4339,#4340),(#4341,#4342,
#4343),(#4344,#4345,#4346),(#4347,#4348,#4349),(#4350,#4351,#4352),(#4353,
#4354,#4355),(#4356,#4357,#4358),(#4359,#4360,#4361),(#4362,#4363,#4364)),
 .UNSPECIFIED.,.F.,.F.,.F.)
B_SPLINE_SURFACE_WITH_KNOTS((4,1,1,1,1,1,1,4),(3,3),(-6.07153216591882E-18,
0.00266344708794501,0.00532689417589003,0.00799034126383505,0.0106537883517801,
0.0133172354397251,0.0159806825276701,0.0213075767035601),(0.,1.),
 .UNSPECIFIED.)
GEOMETRIC_REPRESENTATION_ITEM()
RATIONAL_B_SPLINE_SURFACE(((1.,0.699340288458576,1.),(1.,0.679257020569307,
1.),(1.,0.641145521588204,1.),(1.,0.605515473282193,1.),(1.,0.609312082169543,
1.),(1.,0.650629929354214,1.),(1.,0.710203797362734,1.),(1.,0.79218241860912,
1.),(1.,0.841068240228501,1.),(1.,0.857306152674682,1.)))
REPRESENTATION_ITEM('')
SURFACE()
);
#178=(
BOUNDED_SURFACE()
B_SPLINE_SURFACE(3,2,((#4366,#4367,#4368),(#4369,#4370,#4371),(#4372,#4373,
#4374),(#4375,#4376,#4377),(#4378,#4379,#4380),(#4381,#4382,#4383),(#4384,
#4385,#4386)),.UNSPECIFIED.,.F.,.F.,.F.)
B_SPLINE_SURFACE_WITH_KNOTS((4,1,1,1,4),(3,3),(0.0134471360250453,0.0153110911425352,
0.017175046260025,0.0190390013775149,0.0209029564950047),(0.,1.),
 .UNSPECIFIED.)
GEOMETRIC_REPRESENTATION_ITEM()
RATIONAL_B_SPLINE_SURFACE(((1.,0.910325227966129,1.),(1.,0.916140148911134,
1.),(1.,0.927615972773816,1.),(1.,0.92971510130546,1.),(1.,0.914290284880757,
1.),(1.,0.901949321423105,1.),(1.,0.897622586463416,1.)))
REPRESENTATION_ITEM('')
SURFACE()
);
#179=(
BOUNDED_SURFACE()
B_SPLINE_SURFACE(3,2,((#4391,#4392,#4393),(#4394,#4395,#4396),(#4397,#4398,
#4399),(#4400,#4401,#4402),(#4403,#4404,#4405)),.UNSPECIFIED.,.F.,.F.,.F.)
B_SPLINE_SURFACE_WITH_KNOTS((4,1,4),(3,3),(-2.21177243187043E-17,0.000784252750510129,
0.00156850550102028),(0.,1.),.UNSPECIFIED.)
GEOMETRIC_REPRESENTATION_ITEM()
RATIONAL_B_SPLINE_SURFACE(((1.,0.892617373764692,1.),(1.,0.911072284456899,
1.),(1.,0.887907166170153,1.),(1.,0.808808050833708,1.),(1.,0.769562381120153,
1.)))
REPRESENTATION_ITEM('')
SURFACE()
);
#180=(
BOUNDED_SURFACE()
B_SPLINE_SURFACE(3,2,((#4412,#4413,#4414),(#4415,#4416,#4417),(#4418,#4419,
#4420),(#4421,#4422,#4423),(#4424,#4425,#4426)),.UNSPECIFIED.,.F.,.F.,.F.)
B_SPLINE_SURFACE_WITH_KNOTS((4,1,4),(3,3),(2.25514051876985E-17,0.00276382781138828,
0.00552765562277653),(0.0930257032860948,1.),.UNSPECIFIED.)
GEOMETRIC_REPRESENTATION_ITEM()
RATIONAL_B_SPLINE_SURFACE(((0.961115070457897,0.790999002595471,1.),(0.959134462943309,
0.780353517290744,1.),(0.953822299931584,0.751801392318425,1.),(0.956044897065568,
0.763747537606619,1.),(0.956163160317585,0.764383185862099,1.)))
REPRESENTATION_ITEM('')
SURFACE()
);
#181=(
BOUNDED_SURFACE()
B_SPLINE_SURFACE(3,2,((#4436,#4437,#4438),(#4439,#4440,#4441),(#4442,#4443,
#4444),(#4445,#4446,#4447),(#4448,#4449,#4450)),.UNSPECIFIED.,.F.,.F.,.F.)
B_SPLINE_SURFACE_WITH_KNOTS((4,1,4),(3,3),(-1.90277481271206E-17,0.000892733494626626,
0.00178546698925327),(0.,1.),.UNSPECIFIED.)
GEOMETRIC_REPRESENTATION_ITEM()
RATIONAL_B_SPLINE_SURFACE(((1.,0.693294852148478,1.),(1.,0.738134364047135,
1.),(1.,0.833718315527222,1.),(1.,0.869227135826734,1.),(1.,0.857306152674691,
1.)))
REPRESENTATION_ITEM('')
SURFACE()
);
#182=(
BOUNDED_SURFACE()
B_SPLINE_SURFACE(3,2,((#4452,#4453,#4454),(#4455,#4456,#4457),(#4458,#4459,
#4460),(#4461,#4462,#4463),(#4464,#4465,#4466)),.UNSPECIFIED.,.F.,.F.,.F.)
B_SPLINE_SURFACE_WITH_KNOTS((4,1,4),(3,3),(3.46944695195361E-18,0.00322121006158128,
0.00644242012316256),(0.,1.),.UNSPECIFIED.)
GEOMETRIC_REPRESENTATION_ITEM()
RATIONAL_B_SPLINE_SURFACE(((1.,0.693294852148397,1.),(1.,0.695548624240315,
1.),(1.,0.707084978783565,1.),(1.,0.67311992333152,1.),(1.,0.664563278260663,
1.)))
REPRESENTATION_ITEM('')
SURFACE()
);
#183=(
BOUNDED_SURFACE()
B_SPLINE_SURFACE(3,2,((#4467,#4468,#4469),(#4470,#4471,#4472),(#4473,#4474,
#4475),(#4476,#4477,#4478)),.UNSPECIFIED.,.F.,.F.,.F.)
B_SPLINE_SURFACE_WITH_KNOTS((4,4),(3,3),(-6.07153216591882E-18,0.00178531086733107),
(0.,1.),.PIECEWISE_BEZIER_KNOTS.)
GEOMETRIC_REPRESENTATION_ITEM()
RATIONAL_B_SPLINE_SURFACE(((1.,0.733052677123315,1.),(1.,0.673814207446001,
1.),(1.,0.60467268471182,1.),(1.,0.52498695559203,1.)))
REPRESENTATION_ITEM('')
SURFACE()
);
#184=(
BOUNDED_SURFACE()
B_SPLINE_SURFACE(3,2,((#4480,#4481,#4482),(#4483,#4484,#4485),(#4486,#4487,
#4488),(#4489,#4490,#4491),(#4492,#4493,#4494),(#4495,#4496,#4497),(#4498,
#4499,#4500)),.UNSPECIFIED.,.F.,.F.,.F.)
B_SPLINE_SURFACE_WITH_KNOTS((4,1,1,1,4),(3,3),(-6.72205346941013E-18,0.00162533144920527,
0.00325066289841054,0.00487599434761581,0.00650132579682109),(0.,1.),
 .UNSPECIFIED.)
GEOMETRIC_REPRESENTATION_ITEM()
RATIONAL_B_SPLINE_SURFACE(((1.,0.509445478730996,1.),(1.,0.507232181627987,
1.),(1.,0.513130599962537,1.),(1.,0.560359189355964,1.),(1.,0.641760206967853,
1.),(1.,0.703159330724281,1.),(1.,0.733052677123327,1.)))
REPRESENTATION_ITEM('')
SURFACE()
);
#185=(
BOUNDED_SURFACE()
B_SPLINE_SURFACE(3,2,((#4502,#4503,#4504),(#4505,#4506,#4507),(#4508,#4509,
#4510),(#4511,#4512,#4513),(#4514,#4515,#4516),(#4517,#4518,#4519)),
 .UNSPECIFIED.,.F.,.F.,.F.)
B_SPLINE_SURFACE_WITH_KNOTS((4,1,1,4),(3,3),(2.4611389315421E-17,0.00148198189579532,
0.00222297284369297,0.00296396379159062),(0.,1.),.UNSPECIFIED.)
GEOMETRIC_REPRESENTATION_ITEM()
RATIONAL_B_SPLINE_SURFACE(((1.,0.707106781186549,1.),(1.,0.671808044210453,
1.),(1.,0.59910878565217,1.),(1.,0.516622253715367,1.),(1.,0.504984781518386,
1.),(1.,0.509445478730997,1.)))
REPRESENTATION_ITEM('')
SURFACE()
);
#186=(
BOUNDED_SURFACE()
B_SPLINE_SURFACE(3,2,((#4523,#4524,#4525),(#4526,#4527,#4528),(#4529,#4530,
#4531),(#4532,#4533,#4534),(#4535,#4536,#4537),(#4538,#4539,#4540)),
 .UNSPECIFIED.,.F.,.F.,.F.)
B_SPLINE_SURFACE_WITH_KNOTS((4,1,1,4),(3,3),(-1.85398571495021E-17,0.000740950804423491,
0.001481901608847,0.00296380321769402),(0.,1.),.UNSPECIFIED.)
GEOMETRIC_REPRESENTATION_ITEM()
RATIONAL_B_SPLINE_SURFACE(((1.,0.509674820076601,1.),(1.,0.50523150376723,
1.),(1.,0.516675999801077,1.),(1.,0.599200809234011,1.),(1.,0.671910647871005,
1.),(1.,0.707106781186551,1.)))
REPRESENTATION_ITEM('')
SURFACE()
);
#187=(
BOUNDED_SURFACE()
B_SPLINE_SURFACE(3,2,((#4542,#4543,#4544),(#4545,#4546,#4547),(#4548,#4549,
#4550),(#4551,#4552,#4553),(#4554,#4555,#4556),(#4557,#4558,#4559),(#4560,
#4561,#4562)),.UNSPECIFIED.,.F.,.F.,.F.)
B_SPLINE_SURFACE_WITH_KNOTS((4,1,1,1,4),(3,3),(1.0842021724855E-17,0.00162526139798005,
0.00325052279596009,0.00487578419394013,0.00650104559192017),(0.,1.),
 .UNSPECIFIED.)
GEOMETRIC_REPRESENTATION_ITEM()
RATIONAL_B_SPLINE_SURFACE(((1.,0.733384586667223,1.),(1.,0.703460860087417,
1.),(1.,0.642387043422257,1.),(1.,0.560440186126835,1.),(1.,0.513550381982456,
1.),(1.,0.507461122181152,1.),(1.,0.5096748200766,1.)))
REPRESENTATION_ITEM('')
SURFACE()
);
#188=(
BOUNDED_SURFACE()
B_SPLINE_SURFACE(3,2,((#4564,#4565,#4566),(#4567,#4568,#4569),(#4570,#4571,
#4572),(#4573,#4574,#4575)),.UNSPECIFIED.,.F.,.F.,.F.)
B_SPLINE_SURFACE_WITH_KNOTS((4,4),(3,3),(1.00830802041152E-17,0.00178871772013044),
(0.,1.),.PIECEWISE_BEZIER_KNOTS.)
GEOMETRIC_REPRESENTATION_ITEM()
RATIONAL_B_SPLINE_SURFACE(((1.,0.73338458666722,1.),(1.,0.674075426594092,
1.),(1.,0.604821066894492,1.),(1.,0.524984258943871,1.)))
REPRESENTATION_ITEM('')
SURFACE()
);
#189=(
BOUNDED_SURFACE()
B_SPLINE_SURFACE(3,2,((#4576,#4577,#4578),(#4579,#4580,#4581),(#4582,#4583,
#4584),(#4585,#4586,#4587)),.UNSPECIFIED.,.F.,.F.,.F.)
B_SPLINE_SURFACE_WITH_KNOTS((4,4),(3,3),(1.73472347597681E-18,0.00178871772013563),
(0.,1.),.PIECEWISE_BEZIER_KNOTS.)
GEOMETRIC_REPRESENTATION_ITEM()
RATIONAL_B_SPLINE_SURFACE(((1.,0.733384586667222,1.),(1.,0.674075426593352,
1.),(1.,0.604821066895523,1.),(1.,0.524984258943181,1.)))
REPRESENTATION_ITEM('')
SURFACE()
);
#190=(
BOUNDED_SURFACE()
B_SPLINE_SURFACE(3,2,((#4589,#4590,#4591),(#4592,#4593,#4594),(#4595,#4596,
#4597),(#4598,#4599,#4600),(#4601,#4602,#4603),(#4604,#4605,#4606),(#4607,
#4608,#4609)),.UNSPECIFIED.,.F.,.F.,.F.)
B_SPLINE_SURFACE_WITH_KNOTS((4,1,1,1,4),(3,3),(1.25767452008319E-17,0.00162644098321153,
0.00325288196642304,0.00487932294963456,0.00650576393284607),(0.,1.),
 .UNSPECIFIED.)
GEOMETRIC_REPRESENTATION_ITEM()
RATIONAL_B_SPLINE_SURFACE(((1.,0.509674820076507,1.),(1.,0.507465039117407,
1.),(1.,0.513356415569957,1.),(1.,0.560581593689714,1.),(1.,0.642031894608798,
1.),(1.,0.703473000652174,1.),(1.,0.733384586667221,1.)))
REPRESENTATION_ITEM('')
SURFACE()
);
#191=(
BOUNDED_SURFACE()
B_SPLINE_SURFACE(3,2,((#4611,#4612,#4613),(#4614,#4615,#4616),(#4617,#4618,
#4619),(#4620,#4621,#4622),(#4623,#4624,#4625),(#4626,#4627,#4628)),
 .UNSPECIFIED.,.F.,.F.,.F.)
B_SPLINE_SURFACE_WITH_KNOTS((4,1,1,4),(3,3),(-2.74303149638833E-17,0.00148180431270179,
0.0022227064690527,0.00296360862540361),(0.,1.),.UNSPECIFIED.)
GEOMETRIC_REPRESENTATION_ITEM()
RATIONAL_B_SPLINE_SURFACE(((1.,0.707106781186548,1.),(1.,0.671850963209196,
1.),(1.,0.599219394875551,1.),(1.,0.516837553243262,1.),(1.,0.505220161560607,
1.),(1.,0.509674820076504,1.)))
REPRESENTATION_ITEM('')
SURFACE()
);
#192=(
BOUNDED_SURFACE()
B_SPLINE_SURFACE(3,2,((#4632,#4633,#4634),(#4635,#4636,#4637),(#4638,#4639,
#4640),(#4641,#4642,#4643),(#4644,#4645,#4646),(#4647,#4648,#4649)),
 .UNSPECIFIED.,.F.,.F.,.F.)
B_SPLINE_SURFACE_WITH_KNOTS((4,1,1,4),(3,3),(-9.75781955236954E-18,0.000741038720734092,
0.00148207744146819,0.0029641548829364),(0.,1.),.UNSPECIFIED.)
GEOMETRIC_REPRESENTATION_ITEM()
RATIONAL_B_SPLINE_SURFACE(((1.,0.509445478730904,1.),(1.,0.504996180411496,
1.),(1.,0.516460202048071,1.),(1.,0.599090441384547,1.),(1.,0.671867968952043,
1.),(1.,0.707106781186549,1.)))
REPRESENTATION_ITEM('')
SURFACE()
);
#193=(
BOUNDED_SURFACE()
B_SPLINE_SURFACE(3,2,((#4651,#4652,#4653),(#4654,#4655,#4656),(#4657,#4658,
#4659),(#4660,#4661,#4662),(#4663,#4664,#4665),(#4666,#4667,#4668),(#4669,
#4670,#4671)),.UNSPECIFIED.,.F.,.F.,.F.)
B_SPLINE_SURFACE_WITH_KNOTS((4,1,1,1,4),(3,3),(-3.03576608295941E-18,0.00162415825006499,
0.00324831650012998,0.00487247475019497,0.00649663300025996),(0.,1.),
 .UNSPECIFIED.)
GEOMETRIC_REPRESENTATION_ITEM()
RATIONAL_B_SPLINE_SURFACE(((1.,0.733052677123327,1.),(1.,0.703147135555922,
1.),(1.,0.64211562489485,1.),(1.,0.56021728926411,1.),(1.,0.513324185847792,
1.),(1.,0.50722824675271,1.),(1.,0.509445478730904,1.)))
REPRESENTATION_ITEM('')
SURFACE()
);
#194=(
BOUNDED_SURFACE()
B_SPLINE_SURFACE(3,2,((#4673,#4674,#4675),(#4676,#4677,#4678),(#4679,#4680,
#4681),(#4682,#4683,#4684)),.UNSPECIFIED.,.F.,.F.,.F.)
B_SPLINE_SURFACE_WITH_KNOTS((4,4),(3,3),(-4.87890977618477E-18,0.00178531086733108),
(0.,1.),.PIECEWISE_BEZIER_KNOTS.)
GEOMETRIC_REPRESENTATION_ITEM()
RATIONAL_B_SPLINE_SURFACE(((1.,0.733052677123315,1.),(1.,0.6738142074459,
1.),(1.,0.604672684721252,1.),(1.,0.524986955592024,1.)))
REPRESENTATION_ITEM('')
SURFACE()
);
#195=CIRCLE('',#1858,12.);
#196=CIRCLE('',#1860,12.);
#197=CIRCLE('',#1862,12.);
#198=CIRCLE('',#1864,1.6);
#199=CIRCLE('',#1865,1.6);
#200=CIRCLE('',#1867,2.);
#201=CIRCLE('',#1868,2.);
#202=CIRCLE('',#1870,2.);
#203=CIRCLE('',#1871,2.);
#204=CIRCLE('',#1873,2.);
#205=CIRCLE('',#1874,2.);
#206=CIRCLE('',#1876,1.6);
#207=CIRCLE('',#1877,1.6);
#208=CIRCLE('',#1879,1.6);
#209=CIRCLE('',#1880,1.6);
#210=CIRCLE('',#1882,1.6);
#211=CIRCLE('',#1883,1.6);
#212=CIRCLE('',#1885,2.);
#213=CIRCLE('',#1886,2.);
#214=CIRCLE('',#1889,14.1);
#215=CIRCLE('',#1892,14.1);
#216=CIRCLE('',#1894,7.);
#217=CIRCLE('',#1895,7.);
#218=CIRCLE('',#1896,7.);
#219=CIRCLE('',#1898,2.3);
#220=CIRCLE('',#1899,2.6);
#221=CIRCLE('',#1900,2.3);
#222=CIRCLE('',#1902,2.9);
#223=CIRCLE('',#1904,2.6);
#224=CIRCLE('',#1905,2.3);
#225=CIRCLE('',#1906,2.3);
#226=CIRCLE('',#1908,2.9);
#227=CIRCLE('',#1910,2.6);
#228=CIRCLE('',#1911,2.3);
#229=CIRCLE('',#1912,2.3);
#230=CIRCLE('',#1914,2.9);
#231=CIRCLE('',#1916,2.9);
#232=CIRCLE('',#1918,2.6);
#233=CIRCLE('',#1919,2.3);
#234=CIRCLE('',#1920,2.3);
#235=CIRCLE('',#1922,2.);
#236=CIRCLE('',#1923,2.);
#237=CIRCLE('',#1925,2.);
#238=CIRCLE('',#1926,2.);
#239=CIRCLE('',#1928,2.);
#240=CIRCLE('',#1929,2.);
#241=CIRCLE('',#1931,2.);
#242=CIRCLE('',#1933,2.);
#243=CIRCLE('',#1935,2.);
#244=CIRCLE('',#1937,2.);
#245=CIRCLE('',#1939,2.);
#246=CIRCLE('',#1940,2.);
#247=CIRCLE('',#1947,0.3);
#248=CIRCLE('',#1949,0.3);
#249=CIRCLE('',#1952,0.3);
#250=CIRCLE('',#1954,0.3);
#251=CIRCLE('',#1957,0.3);
#252=CIRCLE('',#1959,0.3);
#253=CIRCLE('',#1962,0.3);
#254=CIRCLE('',#1964,0.3);
#255=CIRCLE('',#1971,13.8);
#256=CIRCLE('',#1972,13.8);
#257=CIRCLE('',#1975,0.3);
#258=CIRCLE('',#1976,0.3);
#259=CIRCLE('',#1977,0.3);
#260=CIRCLE('',#1978,0.3);
#261=CIRCLE('',#1979,0.3);
#262=CIRCLE('',#1980,0.3);
#263=CIRCLE('',#1981,0.3);
#264=CIRCLE('',#1982,0.3);
#265=CIRCLE('',#1983,0.3);
#266=CIRCLE('',#1984,0.3);
#267=CIRCLE('',#1985,0.3);
#268=CIRCLE('',#1986,0.3);
#269=CIRCLE('',#1987,0.3);
#270=CIRCLE('',#1988,0.3);
#271=CIRCLE('',#1989,0.3);
#272=CIRCLE('',#1990,0.3);
#273=CIRCLE('',#1991,0.3);
#274=CIRCLE('',#1992,0.3);
#275=CIRCLE('',#1993,0.3);
#276=CIRCLE('',#1994,0.3);
#277=CIRCLE('',#1995,0.3);
#278=CIRCLE('',#1997,0.3);
#279=CIRCLE('',#1998,0.3);
#280=CIRCLE('',#1999,0.3);
#281=CIRCLE('',#2000,0.3);
#282=CIRCLE('',#2001,0.3);
#283=CIRCLE('',#2002,0.3);
#284=CIRCLE('',#2004,0.3);
#285=CIRCLE('',#2005,0.3);
#286=CIRCLE('',#2006,0.3);
#287=CONICAL_SURFACE('',#1857,12.,0.26179938779915);
#288=CONICAL_SURFACE('',#1859,12.,0.26179938779915);
#289=CONICAL_SURFACE('',#1861,12.,0.26179938779915);
#290=ORIENTED_EDGE('',*,*,#848,.T.);
#291=ORIENTED_EDGE('',*,*,#849,.T.);
#292=ORIENTED_EDGE('',*,*,#850,.T.);
#293=ORIENTED_EDGE('',*,*,#851,.T.);
#294=ORIENTED_EDGE('',*,*,#852,.T.);
#295=ORIENTED_EDGE('',*,*,#853,.T.);
#296=ORIENTED_EDGE('',*,*,#854,.T.);
#297=ORIENTED_EDGE('',*,*,#855,.T.);
#298=ORIENTED_EDGE('',*,*,#856,.T.);
#299=ORIENTED_EDGE('',*,*,#857,.T.);
#300=ORIENTED_EDGE('',*,*,#858,.T.);
#301=ORIENTED_EDGE('',*,*,#859,.T.);
#302=ORIENTED_EDGE('',*,*,#860,.T.);
#303=ORIENTED_EDGE('',*,*,#861,.T.);
#304=ORIENTED_EDGE('',*,*,#862,.F.);
#305=ORIENTED_EDGE('',*,*,#863,.T.);
#306=ORIENTED_EDGE('',*,*,#864,.T.);
#307=ORIENTED_EDGE('',*,*,#865,.T.);
#308=ORIENTED_EDGE('',*,*,#866,.T.);
#309=ORIENTED_EDGE('',*,*,#867,.T.);
#310=ORIENTED_EDGE('',*,*,#868,.F.);
#311=ORIENTED_EDGE('',*,*,#869,.T.);
#312=ORIENTED_EDGE('',*,*,#870,.T.);
#313=ORIENTED_EDGE('',*,*,#865,.F.);
#314=ORIENTED_EDGE('',*,*,#871,.T.);
#315=ORIENTED_EDGE('',*,*,#872,.F.);
#316=ORIENTED_EDGE('',*,*,#873,.F.);
#317=ORIENTED_EDGE('',*,*,#867,.F.);
#318=ORIENTED_EDGE('',*,*,#874,.T.);
#319=ORIENTED_EDGE('',*,*,#875,.T.);
#320=ORIENTED_EDGE('',*,*,#876,.T.);
#321=ORIENTED_EDGE('',*,*,#877,.T.);
#322=ORIENTED_EDGE('',*,*,#878,.F.);
#323=ORIENTED_EDGE('',*,*,#879,.T.);
#324=ORIENTED_EDGE('',*,*,#880,.T.);
#325=ORIENTED_EDGE('',*,*,#881,.F.);
#326=ORIENTED_EDGE('',*,*,#882,.T.);
#327=ORIENTED_EDGE('',*,*,#883,.F.);
#328=ORIENTED_EDGE('',*,*,#884,.F.);
#329=ORIENTED_EDGE('',*,*,#885,.T.);
#330=ORIENTED_EDGE('',*,*,#886,.T.);
#331=ORIENTED_EDGE('',*,*,#887,.F.);
#332=ORIENTED_EDGE('',*,*,#888,.F.);
#333=ORIENTED_EDGE('',*,*,#889,.T.);
#334=ORIENTED_EDGE('',*,*,#890,.T.);
#335=ORIENTED_EDGE('',*,*,#891,.F.);
#336=ORIENTED_EDGE('',*,*,#892,.F.);
#337=ORIENTED_EDGE('',*,*,#893,.T.);
#338=ORIENTED_EDGE('',*,*,#894,.T.);
#339=ORIENTED_EDGE('',*,*,#895,.F.);
#340=ORIENTED_EDGE('',*,*,#896,.F.);
#341=ORIENTED_EDGE('',*,*,#897,.T.);
#342=ORIENTED_EDGE('',*,*,#898,.F.);
#343=ORIENTED_EDGE('',*,*,#899,.T.);
#344=ORIENTED_EDGE('',*,*,#900,.F.);
#345=ORIENTED_EDGE('',*,*,#901,.T.);
#346=ORIENTED_EDGE('',*,*,#902,.F.);
#347=ORIENTED_EDGE('',*,*,#903,.T.);
#348=ORIENTED_EDGE('',*,*,#904,.T.);
#349=ORIENTED_EDGE('',*,*,#905,.F.);
#350=ORIENTED_EDGE('',*,*,#906,.T.);
#351=ORIENTED_EDGE('',*,*,#907,.T.);
#352=ORIENTED_EDGE('',*,*,#908,.T.);
#353=ORIENTED_EDGE('',*,*,#909,.T.);
#354=ORIENTED_EDGE('',*,*,#910,.F.);
#355=ORIENTED_EDGE('',*,*,#905,.T.);
#356=ORIENTED_EDGE('',*,*,#911,.T.);
#357=ORIENTED_EDGE('',*,*,#885,.F.);
#358=ORIENTED_EDGE('',*,*,#912,.F.);
#359=ORIENTED_EDGE('',*,*,#913,.T.);
#360=ORIENTED_EDGE('',*,*,#914,.T.);
#361=ORIENTED_EDGE('',*,*,#915,.T.);
#362=ORIENTED_EDGE('',*,*,#916,.T.);
#363=ORIENTED_EDGE('',*,*,#917,.T.);
#364=ORIENTED_EDGE('',*,*,#918,.F.);
#365=ORIENTED_EDGE('',*,*,#887,.T.);
#366=ORIENTED_EDGE('',*,*,#919,.T.);
#367=ORIENTED_EDGE('',*,*,#889,.F.);
#368=ORIENTED_EDGE('',*,*,#920,.F.);
#369=ORIENTED_EDGE('',*,*,#921,.T.);
#370=ORIENTED_EDGE('',*,*,#922,.F.);
#371=ORIENTED_EDGE('',*,*,#923,.T.);
#372=ORIENTED_EDGE('',*,*,#924,.T.);
#373=ORIENTED_EDGE('',*,*,#925,.T.);
#374=ORIENTED_EDGE('',*,*,#891,.T.);
#375=ORIENTED_EDGE('',*,*,#926,.F.);
#376=ORIENTED_EDGE('',*,*,#893,.F.);
#377=ORIENTED_EDGE('',*,*,#927,.T.);
#378=ORIENTED_EDGE('',*,*,#928,.T.);
#379=ORIENTED_EDGE('',*,*,#929,.T.);
#380=ORIENTED_EDGE('',*,*,#930,.T.);
#381=ORIENTED_EDGE('',*,*,#931,.T.);
#382=ORIENTED_EDGE('',*,*,#932,.T.);
#383=ORIENTED_EDGE('',*,*,#933,.T.);
#384=ORIENTED_EDGE('',*,*,#934,.T.);
#385=ORIENTED_EDGE('',*,*,#895,.T.);
#386=ORIENTED_EDGE('',*,*,#935,.F.);
#387=ORIENTED_EDGE('',*,*,#903,.F.);
#388=ORIENTED_EDGE('',*,*,#936,.T.);
#389=ORIENTED_EDGE('',*,*,#937,.T.);
#390=ORIENTED_EDGE('',*,*,#938,.T.);
#391=ORIENTED_EDGE('',*,*,#939,.T.);
#392=ORIENTED_EDGE('',*,*,#940,.T.);
#393=ORIENTED_EDGE('',*,*,#941,.T.);
#394=ORIENTED_EDGE('',*,*,#862,.T.);
#395=ORIENTED_EDGE('',*,*,#942,.T.);
#396=ORIENTED_EDGE('',*,*,#943,.F.);
#397=ORIENTED_EDGE('',*,*,#944,.T.);
#398=ORIENTED_EDGE('',*,*,#945,.T.);
#399=ORIENTED_EDGE('',*,*,#946,.T.);
#400=ORIENTED_EDGE('',*,*,#947,.T.);
#401=ORIENTED_EDGE('',*,*,#878,.T.);
#402=ORIENTED_EDGE('',*,*,#948,.T.);
#403=ORIENTED_EDGE('',*,*,#949,.F.);
#404=ORIENTED_EDGE('',*,*,#883,.T.);
#405=ORIENTED_EDGE('',*,*,#950,.T.);
#406=ORIENTED_EDGE('',*,*,#951,.F.);
#407=ORIENTED_EDGE('',*,*,#952,.T.);
#408=ORIENTED_EDGE('',*,*,#953,.T.);
#409=ORIENTED_EDGE('',*,*,#868,.T.);
#410=ORIENTED_EDGE('',*,*,#873,.T.);
#411=ORIENTED_EDGE('',*,*,#954,.F.);
#412=ORIENTED_EDGE('',*,*,#955,.T.);
#413=ORIENTED_EDGE('',*,*,#956,.T.);
#414=ORIENTED_EDGE('',*,*,#911,.F.);
#415=ORIENTED_EDGE('',*,*,#904,.F.);
#416=ORIENTED_EDGE('',*,*,#935,.T.);
#417=ORIENTED_EDGE('',*,*,#894,.F.);
#418=ORIENTED_EDGE('',*,*,#926,.T.);
#419=ORIENTED_EDGE('',*,*,#890,.F.);
#420=ORIENTED_EDGE('',*,*,#919,.F.);
#421=ORIENTED_EDGE('',*,*,#886,.F.);
#422=ORIENTED_EDGE('',*,*,#896,.T.);
#423=ORIENTED_EDGE('',*,*,#898,.T.);
#424=ORIENTED_EDGE('',*,*,#900,.T.);
#425=ORIENTED_EDGE('',*,*,#880,.F.);
#426=ORIENTED_EDGE('',*,*,#910,.T.);
#427=ORIENTED_EDGE('',*,*,#957,.T.);
#428=ORIENTED_EDGE('',*,*,#958,.T.);
#429=ORIENTED_EDGE('',*,*,#959,.T.);
#430=ORIENTED_EDGE('',*,*,#936,.F.);
#431=ORIENTED_EDGE('',*,*,#902,.T.);
#432=ORIENTED_EDGE('',*,*,#960,.T.);
#433=ORIENTED_EDGE('',*,*,#961,.T.);
#434=ORIENTED_EDGE('',*,*,#962,.T.);
#435=ORIENTED_EDGE('',*,*,#963,.T.);
#436=ORIENTED_EDGE('',*,*,#901,.F.);
#437=ORIENTED_EDGE('',*,*,#964,.T.);
#438=ORIENTED_EDGE('',*,*,#965,.T.);
#439=ORIENTED_EDGE('',*,*,#920,.T.);
#440=ORIENTED_EDGE('',*,*,#888,.T.);
#441=ORIENTED_EDGE('',*,*,#925,.F.);
#442=ORIENTED_EDGE('',*,*,#966,.T.);
#443=ORIENTED_EDGE('',*,*,#967,.T.);
#444=ORIENTED_EDGE('',*,*,#968,.T.);
#445=ORIENTED_EDGE('',*,*,#969,.T.);
#446=ORIENTED_EDGE('',*,*,#970,.T.);
#447=ORIENTED_EDGE('',*,*,#971,.T.);
#448=ORIENTED_EDGE('',*,*,#972,.T.);
#449=ORIENTED_EDGE('',*,*,#912,.T.);
#450=ORIENTED_EDGE('',*,*,#884,.T.);
#451=ORIENTED_EDGE('',*,*,#918,.T.);
#452=ORIENTED_EDGE('',*,*,#973,.T.);
#453=ORIENTED_EDGE('',*,*,#899,.F.);
#454=ORIENTED_EDGE('',*,*,#974,.T.);
#455=ORIENTED_EDGE('',*,*,#975,.T.);
#456=ORIENTED_EDGE('',*,*,#976,.T.);
#457=ORIENTED_EDGE('',*,*,#977,.T.);
#458=ORIENTED_EDGE('',*,*,#978,.T.);
#459=ORIENTED_EDGE('',*,*,#979,.T.);
#460=ORIENTED_EDGE('',*,*,#980,.T.);
#461=ORIENTED_EDGE('',*,*,#981,.T.);
#462=ORIENTED_EDGE('',*,*,#897,.F.);
#463=ORIENTED_EDGE('',*,*,#982,.T.);
#464=ORIENTED_EDGE('',*,*,#983,.T.);
#465=ORIENTED_EDGE('',*,*,#927,.F.);
#466=ORIENTED_EDGE('',*,*,#892,.T.);
#467=ORIENTED_EDGE('',*,*,#934,.F.);
#468=ORIENTED_EDGE('',*,*,#984,.T.);
#469=ORIENTED_EDGE('',*,*,#985,.F.);
#470=ORIENTED_EDGE('',*,*,#986,.T.);
#471=ORIENTED_EDGE('',*,*,#967,.F.);
#472=ORIENTED_EDGE('',*,*,#987,.T.);
#473=ORIENTED_EDGE('',*,*,#923,.F.);
#474=ORIENTED_EDGE('',*,*,#988,.F.);
#475=ORIENTED_EDGE('',*,*,#989,.T.);
#476=ORIENTED_EDGE('',*,*,#960,.F.);
#477=ORIENTED_EDGE('',*,*,#990,.T.);
#478=ORIENTED_EDGE('',*,*,#908,.F.);
#479=ORIENTED_EDGE('',*,*,#976,.F.);
#480=ORIENTED_EDGE('',*,*,#991,.T.);
#481=ORIENTED_EDGE('',*,*,#992,.F.);
#482=ORIENTED_EDGE('',*,*,#906,.F.);
#483=ORIENTED_EDGE('',*,*,#993,.T.);
#484=ORIENTED_EDGE('',*,*,#916,.F.);
#485=ORIENTED_EDGE('',*,*,#994,.T.);
#486=ORIENTED_EDGE('',*,*,#974,.F.);
#487=ORIENTED_EDGE('',*,*,#995,.T.);
#488=ORIENTED_EDGE('',*,*,#969,.F.);
#489=ORIENTED_EDGE('',*,*,#996,.T.);
#490=ORIENTED_EDGE('',*,*,#914,.F.);
#491=ORIENTED_EDGE('',*,*,#997,.T.);
#492=ORIENTED_EDGE('',*,*,#932,.F.);
#493=ORIENTED_EDGE('',*,*,#998,.T.);
#494=ORIENTED_EDGE('',*,*,#978,.F.);
#495=ORIENTED_EDGE('',*,*,#999,.T.);
#496=ORIENTED_EDGE('',*,*,#962,.F.);
#497=ORIENTED_EDGE('',*,*,#1000,.T.);
#498=ORIENTED_EDGE('',*,*,#930,.F.);
#499=ORIENTED_EDGE('',*,*,#1001,.T.);
#500=ORIENTED_EDGE('',*,*,#980,.F.);
#501=ORIENTED_EDGE('',*,*,#1002,.T.);
#502=ORIENTED_EDGE('',*,*,#1003,.F.);
#503=ORIENTED_EDGE('',*,*,#929,.F.);
#504=ORIENTED_EDGE('',*,*,#1004,.T.);
#505=ORIENTED_EDGE('',*,*,#1005,.T.);
#506=ORIENTED_EDGE('',*,*,#1006,.T.);
#507=ORIENTED_EDGE('',*,*,#1007,.T.);
#508=ORIENTED_EDGE('',*,*,#938,.F.);
#509=ORIENTED_EDGE('',*,*,#1008,.F.);
#510=ORIENTED_EDGE('',*,*,#1009,.T.);
#511=ORIENTED_EDGE('',*,*,#1010,.T.);
#512=ORIENTED_EDGE('',*,*,#1011,.T.);
#513=ORIENTED_EDGE('',*,*,#955,.F.);
#514=ORIENTED_EDGE('',*,*,#1012,.F.);
#515=ORIENTED_EDGE('',*,*,#1013,.T.);
#516=ORIENTED_EDGE('',*,*,#1014,.T.);
#517=ORIENTED_EDGE('',*,*,#1015,.T.);
#518=ORIENTED_EDGE('',*,*,#944,.F.);
#519=ORIENTED_EDGE('',*,*,#1016,.F.);
#520=ORIENTED_EDGE('',*,*,#1017,.T.);
#521=ORIENTED_EDGE('',*,*,#1018,.T.);
#522=ORIENTED_EDGE('',*,*,#1016,.T.);
#523=ORIENTED_EDGE('',*,*,#949,.T.);
#524=ORIENTED_EDGE('',*,*,#1019,.T.);
#525=ORIENTED_EDGE('',*,*,#1020,.T.);
#526=ORIENTED_EDGE('',*,*,#1021,.T.);
#527=ORIENTED_EDGE('',*,*,#952,.F.);
#528=ORIENTED_EDGE('',*,*,#1022,.T.);
#529=ORIENTED_EDGE('',*,*,#1023,.T.);
#530=ORIENTED_EDGE('',*,*,#1024,.T.);
#531=ORIENTED_EDGE('',*,*,#1025,.T.);
#532=ORIENTED_EDGE('',*,*,#946,.F.);
#533=ORIENTED_EDGE('',*,*,#1026,.T.);
#534=ORIENTED_EDGE('',*,*,#1027,.T.);
#535=ORIENTED_EDGE('',*,*,#1008,.T.);
#536=ORIENTED_EDGE('',*,*,#943,.T.);
#537=ORIENTED_EDGE('',*,*,#1028,.T.);
#538=ORIENTED_EDGE('',*,*,#1029,.T.);
#539=ORIENTED_EDGE('',*,*,#1030,.T.);
#540=ORIENTED_EDGE('',*,*,#940,.F.);
#541=ORIENTED_EDGE('',*,*,#872,.T.);
#542=ORIENTED_EDGE('',*,*,#1031,.T.);
#543=ORIENTED_EDGE('',*,*,#1012,.T.);
#544=ORIENTED_EDGE('',*,*,#954,.T.);
#545=ORIENTED_EDGE('',*,*,#882,.F.);
#546=ORIENTED_EDGE('',*,*,#1032,.T.);
#547=ORIENTED_EDGE('',*,*,#950,.F.);
#548=ORIENTED_EDGE('',*,*,#1032,.F.);
#549=ORIENTED_EDGE('',*,*,#881,.T.);
#550=ORIENTED_EDGE('',*,*,#951,.T.);
#551=ORIENTED_EDGE('',*,*,#1030,.F.);
#552=ORIENTED_EDGE('',*,*,#1033,.T.);
#553=ORIENTED_EDGE('',*,*,#859,.F.);
#554=ORIENTED_EDGE('',*,*,#941,.F.);
#555=ORIENTED_EDGE('',*,*,#877,.F.);
#556=ORIENTED_EDGE('',*,*,#1034,.T.);
#557=ORIENTED_EDGE('',*,*,#1017,.F.);
#558=ORIENTED_EDGE('',*,*,#948,.F.);
#559=ORIENTED_EDGE('',*,*,#1021,.F.);
#560=ORIENTED_EDGE('',*,*,#1035,.T.);
#561=ORIENTED_EDGE('',*,*,#863,.F.);
#562=ORIENTED_EDGE('',*,*,#1036,.T.);
#563=ORIENTED_EDGE('',*,*,#869,.F.);
#564=ORIENTED_EDGE('',*,*,#953,.F.);
#565=ORIENTED_EDGE('',*,*,#1007,.F.);
#566=ORIENTED_EDGE('',*,*,#1037,.T.);
#567=ORIENTED_EDGE('',*,*,#1028,.F.);
#568=ORIENTED_EDGE('',*,*,#939,.F.);
#569=ORIENTED_EDGE('',*,*,#1011,.F.);
#570=ORIENTED_EDGE('',*,*,#1038,.T.);
#571=ORIENTED_EDGE('',*,*,#1019,.F.);
#572=ORIENTED_EDGE('',*,*,#956,.F.);
#573=ORIENTED_EDGE('',*,*,#1015,.F.);
#574=ORIENTED_EDGE('',*,*,#1039,.T.);
#575=ORIENTED_EDGE('',*,*,#1022,.F.);
#576=ORIENTED_EDGE('',*,*,#945,.F.);
#577=ORIENTED_EDGE('',*,*,#861,.F.);
#578=ORIENTED_EDGE('',*,*,#1040,.T.);
#579=ORIENTED_EDGE('',*,*,#1026,.F.);
#580=ORIENTED_EDGE('',*,*,#942,.F.);
#581=ORIENTED_EDGE('',*,*,#1025,.F.);
#582=ORIENTED_EDGE('',*,*,#1041,.T.);
#583=ORIENTED_EDGE('',*,*,#875,.F.);
#584=ORIENTED_EDGE('',*,*,#947,.F.);
#585=ORIENTED_EDGE('',*,*,#917,.F.);
#586=ORIENTED_EDGE('',*,*,#995,.F.);
#587=ORIENTED_EDGE('',*,*,#1042,.F.);
#588=ORIENTED_EDGE('',*,*,#973,.F.);
#589=ORIENTED_EDGE('',*,*,#913,.F.);
#590=ORIENTED_EDGE('',*,*,#972,.F.);
#591=ORIENTED_EDGE('',*,*,#1043,.F.);
#592=ORIENTED_EDGE('',*,*,#993,.F.);
#593=ORIENTED_EDGE('',*,*,#1042,.T.);
#594=ORIENTED_EDGE('',*,*,#977,.F.);
#595=ORIENTED_EDGE('',*,*,#1043,.T.);
#596=ORIENTED_EDGE('',*,*,#971,.F.);
#597=ORIENTED_EDGE('',*,*,#924,.F.);
#598=ORIENTED_EDGE('',*,*,#987,.F.);
#599=ORIENTED_EDGE('',*,*,#1044,.F.);
#600=ORIENTED_EDGE('',*,*,#966,.F.);
#601=ORIENTED_EDGE('',*,*,#921,.F.);
#602=ORIENTED_EDGE('',*,*,#965,.F.);
#603=ORIENTED_EDGE('',*,*,#1045,.F.);
#604=ORIENTED_EDGE('',*,*,#997,.F.);
#605=ORIENTED_EDGE('',*,*,#1044,.T.);
#606=ORIENTED_EDGE('',*,*,#970,.F.);
#607=ORIENTED_EDGE('',*,*,#1045,.T.);
#608=ORIENTED_EDGE('',*,*,#964,.F.);
#609=ORIENTED_EDGE('',*,*,#933,.F.);
#610=ORIENTED_EDGE('',*,*,#999,.F.);
#611=ORIENTED_EDGE('',*,*,#1046,.F.);
#612=ORIENTED_EDGE('',*,*,#984,.F.);
#613=ORIENTED_EDGE('',*,*,#928,.F.);
#614=ORIENTED_EDGE('',*,*,#983,.F.);
#615=ORIENTED_EDGE('',*,*,#1047,.F.);
#616=ORIENTED_EDGE('',*,*,#1004,.F.);
#617=ORIENTED_EDGE('',*,*,#1046,.T.);
#618=ORIENTED_EDGE('',*,*,#981,.F.);
#619=ORIENTED_EDGE('',*,*,#1047,.T.);
#620=ORIENTED_EDGE('',*,*,#982,.F.);
#621=ORIENTED_EDGE('',*,*,#909,.F.);
#622=ORIENTED_EDGE('',*,*,#990,.F.);
#623=ORIENTED_EDGE('',*,*,#1048,.F.);
#624=ORIENTED_EDGE('',*,*,#957,.F.);
#625=ORIENTED_EDGE('',*,*,#937,.F.);
#626=ORIENTED_EDGE('',*,*,#959,.F.);
#627=ORIENTED_EDGE('',*,*,#1049,.F.);
#628=ORIENTED_EDGE('',*,*,#1001,.F.);
#629=ORIENTED_EDGE('',*,*,#1048,.T.);
#630=ORIENTED_EDGE('',*,*,#963,.F.);
#631=ORIENTED_EDGE('',*,*,#1049,.T.);
#632=ORIENTED_EDGE('',*,*,#958,.F.);
#633=ORIENTED_EDGE('',*,*,#1050,.T.);
#634=ORIENTED_EDGE('',*,*,#1051,.T.);
#635=ORIENTED_EDGE('',*,*,#1052,.T.);
#636=ORIENTED_EDGE('',*,*,#1053,.T.);
#637=ORIENTED_EDGE('',*,*,#1050,.F.);
#638=ORIENTED_EDGE('',*,*,#866,.F.);
#639=ORIENTED_EDGE('',*,*,#874,.F.);
#640=ORIENTED_EDGE('',*,*,#879,.F.);
#641=ORIENTED_EDGE('',*,*,#1053,.F.);
#642=ORIENTED_EDGE('',*,*,#1036,.F.);
#643=ORIENTED_EDGE('',*,*,#870,.F.);
#644=ORIENTED_EDGE('',*,*,#1051,.F.);
#645=ORIENTED_EDGE('',*,*,#858,.F.);
#646=ORIENTED_EDGE('',*,*,#1052,.F.);
#647=ORIENTED_EDGE('',*,*,#1054,.T.);
#648=ORIENTED_EDGE('',*,*,#1055,.T.);
#649=ORIENTED_EDGE('',*,*,#1056,.T.);
#650=ORIENTED_EDGE('',*,*,#1057,.T.);
#651=ORIENTED_EDGE('',*,*,#1058,.T.);
#652=ORIENTED_EDGE('',*,*,#1059,.T.);
#653=ORIENTED_EDGE('',*,*,#1060,.T.);
#654=ORIENTED_EDGE('',*,*,#1061,.T.);
#655=ORIENTED_EDGE('',*,*,#1062,.T.);
#656=ORIENTED_EDGE('',*,*,#1063,.T.);
#657=ORIENTED_EDGE('',*,*,#1064,.T.);
#658=ORIENTED_EDGE('',*,*,#1065,.T.);
#659=ORIENTED_EDGE('',*,*,#1066,.T.);
#660=ORIENTED_EDGE('',*,*,#1067,.T.);
#661=ORIENTED_EDGE('',*,*,#1068,.T.);
#662=ORIENTED_EDGE('',*,*,#1069,.T.);
#663=ORIENTED_EDGE('',*,*,#1070,.T.);
#664=ORIENTED_EDGE('',*,*,#1071,.T.);
#665=ORIENTED_EDGE('',*,*,#1072,.T.);
#666=ORIENTED_EDGE('',*,*,#1073,.T.);
#667=ORIENTED_EDGE('',*,*,#1074,.T.);
#668=ORIENTED_EDGE('',*,*,#1075,.T.);
#669=ORIENTED_EDGE('',*,*,#1076,.T.);
#670=ORIENTED_EDGE('',*,*,#1077,.T.);
#671=ORIENTED_EDGE('',*,*,#1078,.T.);
#672=ORIENTED_EDGE('',*,*,#992,.T.);
#673=ORIENTED_EDGE('',*,*,#1079,.T.);
#674=ORIENTED_EDGE('',*,*,#1073,.F.);
#675=ORIENTED_EDGE('',*,*,#1080,.T.);
#676=ORIENTED_EDGE('',*,*,#988,.T.);
#677=ORIENTED_EDGE('',*,*,#907,.F.);
#678=ORIENTED_EDGE('',*,*,#1065,.F.);
#679=ORIENTED_EDGE('',*,*,#1081,.T.);
#680=ORIENTED_EDGE('',*,*,#985,.T.);
#681=ORIENTED_EDGE('',*,*,#922,.T.);
#682=ORIENTED_EDGE('',*,*,#1003,.T.);
#683=ORIENTED_EDGE('',*,*,#1082,.T.);
#684=ORIENTED_EDGE('',*,*,#1083,.F.);
#685=ORIENTED_EDGE('',*,*,#1038,.F.);
#686=ORIENTED_EDGE('',*,*,#1084,.F.);
#687=ORIENTED_EDGE('',*,*,#854,.F.);
#688=ORIENTED_EDGE('',*,*,#1085,.F.);
#689=ORIENTED_EDGE('',*,*,#1058,.F.);
#690=ORIENTED_EDGE('',*,*,#1086,.F.);
#691=ORIENTED_EDGE('',*,*,#1035,.F.);
#692=ORIENTED_EDGE('',*,*,#1087,.F.);
#693=ORIENTED_EDGE('',*,*,#1086,.T.);
#694=ORIENTED_EDGE('',*,*,#1057,.F.);
#695=ORIENTED_EDGE('',*,*,#1088,.F.);
#696=ORIENTED_EDGE('',*,*,#864,.F.);
#697=ORIENTED_EDGE('',*,*,#1010,.F.);
#698=ORIENTED_EDGE('',*,*,#1089,.F.);
#699=ORIENTED_EDGE('',*,*,#855,.F.);
#700=ORIENTED_EDGE('',*,*,#1084,.T.);
#701=ORIENTED_EDGE('',*,*,#1090,.F.);
#702=ORIENTED_EDGE('',*,*,#1087,.T.);
#703=ORIENTED_EDGE('',*,*,#1020,.F.);
#704=ORIENTED_EDGE('',*,*,#1083,.T.);
#705=ORIENTED_EDGE('',*,*,#853,.F.);
#706=ORIENTED_EDGE('',*,*,#1091,.F.);
#707=ORIENTED_EDGE('',*,*,#1085,.T.);
#708=ORIENTED_EDGE('',*,*,#1090,.T.);
#709=ORIENTED_EDGE('',*,*,#1092,.F.);
#710=ORIENTED_EDGE('',*,*,#1034,.F.);
#711=ORIENTED_EDGE('',*,*,#1093,.F.);
#712=ORIENTED_EDGE('',*,*,#1059,.F.);
#713=ORIENTED_EDGE('',*,*,#1094,.F.);
#714=ORIENTED_EDGE('',*,*,#1095,.F.);
#715=ORIENTED_EDGE('',*,*,#871,.F.);
#716=ORIENTED_EDGE('',*,*,#1088,.T.);
#717=ORIENTED_EDGE('',*,*,#1056,.F.);
#718=ORIENTED_EDGE('',*,*,#1096,.F.);
#719=ORIENTED_EDGE('',*,*,#1097,.F.);
#720=ORIENTED_EDGE('',*,*,#1094,.T.);
#721=ORIENTED_EDGE('',*,*,#1098,.F.);
#722=ORIENTED_EDGE('',*,*,#1029,.F.);
#723=ORIENTED_EDGE('',*,*,#1099,.F.);
#724=ORIENTED_EDGE('',*,*,#1095,.T.);
#725=ORIENTED_EDGE('',*,*,#1097,.T.);
#726=ORIENTED_EDGE('',*,*,#1100,.F.);
#727=ORIENTED_EDGE('',*,*,#856,.F.);
#728=ORIENTED_EDGE('',*,*,#1089,.T.);
#729=ORIENTED_EDGE('',*,*,#1009,.F.);
#730=ORIENTED_EDGE('',*,*,#1031,.F.);
#731=ORIENTED_EDGE('',*,*,#1091,.T.);
#732=ORIENTED_EDGE('',*,*,#852,.F.);
#733=ORIENTED_EDGE('',*,*,#1101,.F.);
#734=ORIENTED_EDGE('',*,*,#1013,.F.);
#735=ORIENTED_EDGE('',*,*,#1018,.F.);
#736=ORIENTED_EDGE('',*,*,#1092,.T.);
#737=ORIENTED_EDGE('',*,*,#1093,.T.);
#738=ORIENTED_EDGE('',*,*,#876,.F.);
#739=ORIENTED_EDGE('',*,*,#1102,.F.);
#740=ORIENTED_EDGE('',*,*,#1060,.F.);
#741=ORIENTED_EDGE('',*,*,#1096,.T.);
#742=ORIENTED_EDGE('',*,*,#1055,.F.);
#743=ORIENTED_EDGE('',*,*,#1103,.F.);
#744=ORIENTED_EDGE('',*,*,#1033,.F.);
#745=ORIENTED_EDGE('',*,*,#1098,.T.);
#746=ORIENTED_EDGE('',*,*,#1099,.T.);
#747=ORIENTED_EDGE('',*,*,#1037,.F.);
#748=ORIENTED_EDGE('',*,*,#1104,.F.);
#749=ORIENTED_EDGE('',*,*,#857,.F.);
#750=ORIENTED_EDGE('',*,*,#1100,.T.);
#751=ORIENTED_EDGE('',*,*,#1101,.T.);
#752=ORIENTED_EDGE('',*,*,#851,.F.);
#753=ORIENTED_EDGE('',*,*,#1105,.F.);
#754=ORIENTED_EDGE('',*,*,#1014,.F.);
#755=ORIENTED_EDGE('',*,*,#1102,.T.);
#756=ORIENTED_EDGE('',*,*,#1041,.F.);
#757=ORIENTED_EDGE('',*,*,#1106,.F.);
#758=ORIENTED_EDGE('',*,*,#1107,.F.);
#759=ORIENTED_EDGE('',*,*,#1061,.F.);
#760=ORIENTED_EDGE('',*,*,#1103,.T.);
#761=ORIENTED_EDGE('',*,*,#1054,.F.);
#762=ORIENTED_EDGE('',*,*,#1108,.F.);
#763=ORIENTED_EDGE('',*,*,#860,.F.);
#764=ORIENTED_EDGE('',*,*,#1006,.F.);
#765=ORIENTED_EDGE('',*,*,#1109,.F.);
#766=ORIENTED_EDGE('',*,*,#848,.F.);
#767=ORIENTED_EDGE('',*,*,#1104,.T.);
#768=ORIENTED_EDGE('',*,*,#1110,.F.);
#769=ORIENTED_EDGE('',*,*,#1039,.F.);
#770=ORIENTED_EDGE('',*,*,#1105,.T.);
#771=ORIENTED_EDGE('',*,*,#850,.F.);
#772=ORIENTED_EDGE('',*,*,#1111,.F.);
#773=ORIENTED_EDGE('',*,*,#1112,.F.);
#774=ORIENTED_EDGE('',*,*,#1106,.T.);
#775=ORIENTED_EDGE('',*,*,#1024,.F.);
#776=ORIENTED_EDGE('',*,*,#1023,.F.);
#777=ORIENTED_EDGE('',*,*,#1110,.T.);
#778=ORIENTED_EDGE('',*,*,#1113,.F.);
#779=ORIENTED_EDGE('',*,*,#1107,.T.);
#780=ORIENTED_EDGE('',*,*,#1112,.T.);
#781=ORIENTED_EDGE('',*,*,#1114,.F.);
#782=ORIENTED_EDGE('',*,*,#1040,.F.);
#783=ORIENTED_EDGE('',*,*,#1108,.T.);
#784=ORIENTED_EDGE('',*,*,#1062,.F.);
#785=ORIENTED_EDGE('',*,*,#1005,.F.);
#786=ORIENTED_EDGE('',*,*,#1027,.F.);
#787=ORIENTED_EDGE('',*,*,#1114,.T.);
#788=ORIENTED_EDGE('',*,*,#1113,.T.);
#789=ORIENTED_EDGE('',*,*,#1111,.T.);
#790=ORIENTED_EDGE('',*,*,#849,.F.);
#791=ORIENTED_EDGE('',*,*,#1109,.T.);
#792=ORIENTED_EDGE('',*,*,#1079,.F.);
#793=ORIENTED_EDGE('',*,*,#991,.F.);
#794=ORIENTED_EDGE('',*,*,#1115,.F.);
#795=ORIENTED_EDGE('',*,*,#1074,.F.);
#796=ORIENTED_EDGE('',*,*,#1115,.T.);
#797=ORIENTED_EDGE('',*,*,#975,.F.);
#798=ORIENTED_EDGE('',*,*,#1116,.F.);
#799=ORIENTED_EDGE('',*,*,#1075,.F.);
#800=ORIENTED_EDGE('',*,*,#1116,.T.);
#801=ORIENTED_EDGE('',*,*,#994,.F.);
#802=ORIENTED_EDGE('',*,*,#1117,.F.);
#803=ORIENTED_EDGE('',*,*,#1076,.F.);
#804=ORIENTED_EDGE('',*,*,#1117,.T.);
#805=ORIENTED_EDGE('',*,*,#915,.F.);
#806=ORIENTED_EDGE('',*,*,#1118,.F.);
#807=ORIENTED_EDGE('',*,*,#1077,.F.);
#808=ORIENTED_EDGE('',*,*,#1118,.T.);
#809=ORIENTED_EDGE('',*,*,#996,.F.);
#810=ORIENTED_EDGE('',*,*,#1119,.F.);
#811=ORIENTED_EDGE('',*,*,#1078,.F.);
#812=ORIENTED_EDGE('',*,*,#1119,.T.);
#813=ORIENTED_EDGE('',*,*,#968,.F.);
#814=ORIENTED_EDGE('',*,*,#1120,.F.);
#815=ORIENTED_EDGE('',*,*,#1063,.F.);
#816=ORIENTED_EDGE('',*,*,#1120,.T.);
#817=ORIENTED_EDGE('',*,*,#986,.F.);
#818=ORIENTED_EDGE('',*,*,#1081,.F.);
#819=ORIENTED_EDGE('',*,*,#1064,.F.);
#820=ORIENTED_EDGE('',*,*,#1082,.F.);
#821=ORIENTED_EDGE('',*,*,#1002,.F.);
#822=ORIENTED_EDGE('',*,*,#1121,.F.);
#823=ORIENTED_EDGE('',*,*,#1066,.F.);
#824=ORIENTED_EDGE('',*,*,#1121,.T.);
#825=ORIENTED_EDGE('',*,*,#979,.F.);
#826=ORIENTED_EDGE('',*,*,#1122,.F.);
#827=ORIENTED_EDGE('',*,*,#1067,.F.);
#828=ORIENTED_EDGE('',*,*,#1122,.T.);
#829=ORIENTED_EDGE('',*,*,#998,.F.);
#830=ORIENTED_EDGE('',*,*,#1123,.F.);
#831=ORIENTED_EDGE('',*,*,#1068,.F.);
#832=ORIENTED_EDGE('',*,*,#1123,.T.);
#833=ORIENTED_EDGE('',*,*,#931,.F.);
#834=ORIENTED_EDGE('',*,*,#1124,.F.);
#835=ORIENTED_EDGE('',*,*,#1069,.F.);
#836=ORIENTED_EDGE('',*,*,#1124,.T.);
#837=ORIENTED_EDGE('',*,*,#1000,.F.);
#838=ORIENTED_EDGE('',*,*,#1125,.F.);
#839=ORIENTED_EDGE('',*,*,#1070,.F.);
#840=ORIENTED_EDGE('',*,*,#1125,.T.);
#841=ORIENTED_EDGE('',*,*,#961,.F.);
#842=ORIENTED_EDGE('',*,*,#1126,.F.);
#843=ORIENTED_EDGE('',*,*,#1071,.F.);
#844=ORIENTED_EDGE('',*,*,#1126,.T.);
#845=ORIENTED_EDGE('',*,*,#989,.F.);
#846=ORIENTED_EDGE('',*,*,#1080,.F.);
#847=ORIENTED_EDGE('',*,*,#1072,.F.);
#848=EDGE_CURVE('',#1127,#1128,#1305,.T.);
#849=EDGE_CURVE('',#1128,#1129,#1306,.T.);
#850=EDGE_CURVE('',#1129,#1130,#1307,.T.);
#851=EDGE_CURVE('',#1130,#1131,#1308,.T.);
#852=EDGE_CURVE('',#1131,#1132,#1309,.T.);
#853=EDGE_CURVE('',#1132,#1133,#1310,.T.);
#854=EDGE_CURVE('',#1133,#1134,#1311,.T.);
#855=EDGE_CURVE('',#1134,#1135,#1312,.T.);
#856=EDGE_CURVE('',#1135,#1136,#1313,.T.);
#857=EDGE_CURVE('',#1136,#1127,#1314,.T.);
#858=EDGE_CURVE('',#1137,#1137,#1315,.T.);
#859=EDGE_CURVE('',#1138,#1139,#1316,.T.);
#860=EDGE_CURVE('',#1139,#1140,#1317,.T.);
#861=EDGE_CURVE('',#1140,#1141,#1318,.T.);
#862=EDGE_CURVE('',#1138,#1141,#195,.T.);
#863=EDGE_CURVE('',#1142,#1143,#1319,.T.);
#864=EDGE_CURVE('',#1143,#1144,#1320,.T.);
#865=EDGE_CURVE('',#1144,#1145,#1321,.T.);
#866=EDGE_CURVE('',#1145,#1146,#1322,.T.);
#867=EDGE_CURVE('',#1146,#1147,#1323,.T.);
#868=EDGE_CURVE('',#1148,#1147,#196,.T.);
#869=EDGE_CURVE('',#1148,#1149,#1324,.T.);
#870=EDGE_CURVE('',#1149,#1142,#1325,.T.);
#871=EDGE_CURVE('',#1144,#1150,#1326,.T.);
#872=EDGE_CURVE('',#1151,#1150,#1327,.T.);
#873=EDGE_CURVE('',#1147,#1151,#1328,.T.);
#874=EDGE_CURVE('',#1146,#1145,#1329,.T.);
#875=EDGE_CURVE('',#1152,#1153,#1330,.T.);
#876=EDGE_CURVE('',#1153,#1154,#1331,.T.);
#877=EDGE_CURVE('',#1154,#1155,#1332,.T.);
#878=EDGE_CURVE('',#1152,#1155,#197,.T.);
#879=EDGE_CURVE('',#1156,#1156,#1333,.T.);
#880=EDGE_CURVE('',#1157,#1157,#198,.T.);
#881=EDGE_CURVE('',#1158,#1159,#51,.T.);
#882=EDGE_CURVE('',#1158,#1160,#1334,.T.);
#883=EDGE_CURVE('',#1159,#1160,#199,.T.);
#884=EDGE_CURVE('',#1161,#1162,#200,.T.);
#885=EDGE_CURVE('',#1161,#1163,#52,.T.);
#886=EDGE_CURVE('',#1163,#1164,#201,.T.);
#887=EDGE_CURVE('',#1162,#1164,#53,.T.);
#888=EDGE_CURVE('',#1165,#1166,#202,.T.);
#889=EDGE_CURVE('',#1165,#1167,#54,.T.);
#890=EDGE_CURVE('',#1167,#1168,#203,.T.);
#891=EDGE_CURVE('',#1166,#1168,#55,.T.);
#892=EDGE_CURVE('',#1169,#1170,#204,.T.);
#893=EDGE_CURVE('',#1169,#1171,#56,.T.);
#894=EDGE_CURVE('',#1171,#1172,#205,.T.);
#895=EDGE_CURVE('',#1170,#1172,#57,.T.);
#896=EDGE_CURVE('',#1173,#1173,#206,.T.);
#897=EDGE_CURVE('',#1174,#1174,#207,.T.);
#898=EDGE_CURVE('',#1175,#1175,#208,.T.);
#899=EDGE_CURVE('',#1176,#1176,#209,.T.);
#900=EDGE_CURVE('',#1177,#1177,#210,.T.);
#901=EDGE_CURVE('',#1178,#1178,#211,.T.);
#902=EDGE_CURVE('',#1179,#1180,#212,.T.);
#903=EDGE_CURVE('',#1179,#1181,#58,.T.);
#904=EDGE_CURVE('',#1181,#1182,#213,.T.);
#905=EDGE_CURVE('',#1180,#1182,#59,.T.);
#906=EDGE_CURVE('',#1183,#1184,#60,.T.);
#907=EDGE_CURVE('',#1184,#1185,#61,.T.);
#908=EDGE_CURVE('',#1185,#1186,#62,.F.);
#909=EDGE_CURVE('',#1186,#1187,#1335,.F.);
#910=EDGE_CURVE('',#1180,#1187,#63,.T.);
#911=EDGE_CURVE('',#1182,#1163,#64,.T.);
#912=EDGE_CURVE('',#1188,#1161,#65,.T.);
#913=EDGE_CURVE('',#1188,#1183,#1336,.T.);
#914=EDGE_CURVE('',#1189,#1190,#66,.T.);
#915=EDGE_CURVE('',#1190,#1191,#214,.T.);
#916=EDGE_CURVE('',#1191,#1192,#67,.F.);
#917=EDGE_CURVE('',#1192,#1193,#1337,.F.);
#918=EDGE_CURVE('',#1162,#1193,#68,.T.);
#919=EDGE_CURVE('',#1164,#1167,#69,.T.);
#920=EDGE_CURVE('',#1194,#1165,#70,.T.);
#921=EDGE_CURVE('',#1194,#1189,#1338,.T.);
#922=EDGE_CURVE('',#1195,#1196,#71,.T.);
#923=EDGE_CURVE('',#1195,#1197,#72,.T.);
#924=EDGE_CURVE('',#1197,#1198,#1339,.F.);
#925=EDGE_CURVE('',#1198,#1166,#73,.T.);
#926=EDGE_CURVE('',#1171,#1168,#74,.T.);
#927=EDGE_CURVE('',#1169,#1199,#75,.T.);
#928=EDGE_CURVE('',#1199,#1200,#1340,.T.);
#929=EDGE_CURVE('',#1200,#1196,#76,.F.);
#930=EDGE_CURVE('',#1201,#1202,#77,.F.);
#931=EDGE_CURVE('',#1202,#1203,#215,.F.);
#932=EDGE_CURVE('',#1203,#1204,#78,.T.);
#933=EDGE_CURVE('',#1204,#1205,#1341,.F.);
#934=EDGE_CURVE('',#1205,#1170,#79,.T.);
#935=EDGE_CURVE('',#1181,#1172,#80,.T.);
#936=EDGE_CURVE('',#1179,#1206,#81,.T.);
#937=EDGE_CURVE('',#1206,#1201,#1342,.T.);
#938=EDGE_CURVE('',#1207,#1208,#216,.T.);
#939=EDGE_CURVE('',#1208,#1209,#1343,.T.);
#940=EDGE_CURVE('',#1209,#1210,#82,.T.);
#941=EDGE_CURVE('',#1210,#1138,#1344,.T.);
#942=EDGE_CURVE('',#1141,#1211,#1345,.T.);
#943=EDGE_CURVE('',#1207,#1211,#83,.T.);
#944=EDGE_CURVE('',#1212,#1213,#217,.T.);
#945=EDGE_CURVE('',#1213,#1214,#1346,.T.);
#946=EDGE_CURVE('',#1214,#1215,#84,.T.);
#947=EDGE_CURVE('',#1215,#1152,#1347,.T.);
#948=EDGE_CURVE('',#1155,#1216,#1348,.T.);
#949=EDGE_CURVE('',#1212,#1216,#85,.T.);
#950=EDGE_CURVE('',#1160,#1217,#86,.T.);
#951=EDGE_CURVE('',#1159,#1217,#87,.T.);
#952=EDGE_CURVE('',#1218,#1219,#88,.T.);
#953=EDGE_CURVE('',#1219,#1148,#1349,.T.);
#954=EDGE_CURVE('',#1220,#1151,#89,.T.);
#955=EDGE_CURVE('',#1220,#1221,#218,.T.);
#956=EDGE_CURVE('',#1221,#1218,#1350,.T.);
#957=EDGE_CURVE('',#1187,#1222,#219,.F.);
#958=EDGE_CURVE('',#1222,#1223,#220,.T.);
#959=EDGE_CURVE('',#1223,#1206,#221,.F.);
#960=EDGE_CURVE('',#1224,#1225,#90,.T.);
#961=EDGE_CURVE('',#1225,#1226,#1351,.T.);
#962=EDGE_CURVE('',#1226,#1227,#91,.F.);
#963=EDGE_CURVE('',#1227,#1224,#222,.F.);
#964=EDGE_CURVE('',#1228,#1229,#223,.T.);
#965=EDGE_CURVE('',#1229,#1194,#224,.F.);
#966=EDGE_CURVE('',#1198,#1228,#225,.F.);
#967=EDGE_CURVE('',#1230,#1231,#92,.T.);
#968=EDGE_CURVE('',#1231,#1232,#1352,.T.);
#969=EDGE_CURVE('',#1232,#1233,#93,.F.);
#970=EDGE_CURVE('',#1233,#1230,#226,.F.);
#971=EDGE_CURVE('',#1234,#1235,#227,.T.);
#972=EDGE_CURVE('',#1235,#1188,#228,.F.);
#973=EDGE_CURVE('',#1193,#1234,#229,.F.);
#974=EDGE_CURVE('',#1236,#1237,#94,.T.);
#975=EDGE_CURVE('',#1237,#1238,#1353,.T.);
#976=EDGE_CURVE('',#1238,#1239,#95,.F.);
#977=EDGE_CURVE('',#1239,#1236,#230,.F.);
#978=EDGE_CURVE('',#1240,#1241,#96,.T.);
#979=EDGE_CURVE('',#1241,#1242,#1354,.T.);
#980=EDGE_CURVE('',#1242,#1243,#97,.F.);
#981=EDGE_CURVE('',#1243,#1240,#231,.F.);
#982=EDGE_CURVE('',#1244,#1245,#232,.T.);
#983=EDGE_CURVE('',#1245,#1199,#233,.F.);
#984=EDGE_CURVE('',#1205,#1244,#234,.F.);
#985=EDGE_CURVE('',#1246,#1195,#235,.F.);
#986=EDGE_CURVE('',#1246,#1231,#1355,.T.);
#987=EDGE_CURVE('',#1230,#1197,#236,.T.);
#988=EDGE_CURVE('',#1247,#1185,#237,.F.);
#989=EDGE_CURVE('',#1247,#1225,#1356,.T.);
#990=EDGE_CURVE('',#1224,#1186,#238,.T.);
#991=EDGE_CURVE('',#1238,#1248,#1357,.T.);
#992=EDGE_CURVE('',#1184,#1248,#239,.F.);
#993=EDGE_CURVE('',#1183,#1239,#240,.T.);
#994=EDGE_CURVE('',#1191,#1237,#1358,.T.);
#995=EDGE_CURVE('',#1236,#1192,#241,.T.);
#996=EDGE_CURVE('',#1232,#1190,#1359,.T.);
#997=EDGE_CURVE('',#1189,#1233,#242,.T.);
#998=EDGE_CURVE('',#1203,#1241,#1360,.T.);
#999=EDGE_CURVE('',#1240,#1204,#243,.T.);
#1000=EDGE_CURVE('',#1226,#1202,#1361,.T.);
#1001=EDGE_CURVE('',#1201,#1227,#244,.T.);
#1002=EDGE_CURVE('',#1242,#1249,#1362,.T.);
#1003=EDGE_CURVE('',#1196,#1249,#245,.F.);
#1004=EDGE_CURVE('',#1200,#1243,#246,.T.);
#1005=EDGE_CURVE('',#1250,#1251,#1363,.T.);
#1006=EDGE_CURVE('',#1251,#1252,#1364,.T.);
#1007=EDGE_CURVE('',#1252,#1208,#1365,.T.);
#1008=EDGE_CURVE('',#1250,#1207,#1366,.T.);
#1009=EDGE_CURVE('',#1253,#1254,#1367,.T.);
#1010=EDGE_CURVE('',#1254,#1255,#1368,.T.);
#1011=EDGE_CURVE('',#1255,#1221,#1369,.T.);
#1012=EDGE_CURVE('',#1253,#1220,#1370,.T.);
#1013=EDGE_CURVE('',#1256,#1257,#1371,.T.);
#1014=EDGE_CURVE('',#1257,#1258,#1372,.T.);
#1015=EDGE_CURVE('',#1258,#1213,#1373,.T.);
#1016=EDGE_CURVE('',#1256,#1212,#1374,.T.);
#1017=EDGE_CURVE('',#1216,#1259,#1375,.T.);
#1018=EDGE_CURVE('',#1259,#1256,#1376,.T.);
#1019=EDGE_CURVE('',#1218,#1260,#1377,.T.);
#1020=EDGE_CURVE('',#1260,#1261,#1378,.T.);
#1021=EDGE_CURVE('',#1261,#1219,#1379,.T.);
#1022=EDGE_CURVE('',#1214,#1262,#1380,.T.);
#1023=EDGE_CURVE('',#1262,#1263,#1381,.T.);
#1024=EDGE_CURVE('',#1263,#1264,#1382,.T.);
#1025=EDGE_CURVE('',#1264,#1215,#1383,.T.);
#1026=EDGE_CURVE('',#1211,#1265,#1384,.T.);
#1027=EDGE_CURVE('',#1265,#1250,#1385,.T.);
#1028=EDGE_CURVE('',#1209,#1266,#1386,.T.);
#1029=EDGE_CURVE('',#1266,#1267,#1387,.T.);
#1030=EDGE_CURVE('',#1267,#1210,#1388,.T.);
#1031=EDGE_CURVE('',#1150,#1253,#1389,.T.);
#1032=EDGE_CURVE('',#1158,#1217,#1390,.T.);
#1033=EDGE_CURVE('',#1267,#1139,#1391,.T.);
#1034=EDGE_CURVE('',#1154,#1259,#1392,.T.);
#1035=EDGE_CURVE('',#1261,#1143,#1393,.T.);
#1036=EDGE_CURVE('',#1142,#1149,#1394,.T.);
#1037=EDGE_CURVE('',#1252,#1266,#1395,.T.);
#1038=EDGE_CURVE('',#1255,#1260,#1396,.T.);
#1039=EDGE_CURVE('',#1258,#1262,#1397,.T.);
#1040=EDGE_CURVE('',#1140,#1265,#1398,.T.);
#1041=EDGE_CURVE('',#1264,#1153,#1399,.T.);
#1042=EDGE_CURVE('',#1234,#1236,#247,.T.);
#1043=EDGE_CURVE('',#1239,#1235,#248,.T.);
#1044=EDGE_CURVE('',#1228,#1230,#249,.T.);
#1045=EDGE_CURVE('',#1233,#1229,#250,.T.);
#1046=EDGE_CURVE('',#1244,#1240,#251,.T.);
#1047=EDGE_CURVE('',#1243,#1245,#252,.T.);
#1048=EDGE_CURVE('',#1222,#1224,#253,.T.);
#1049=EDGE_CURVE('',#1227,#1223,#254,.T.);
#1050=EDGE_CURVE('',#1268,#1268,#1400,.T.);
#1051=EDGE_CURVE('',#1269,#1269,#1401,.T.);
#1052=EDGE_CURVE('',#1270,#1270,#1402,.T.);
#1053=EDGE_CURVE('',#1271,#1271,#1403,.T.);
#1054=EDGE_CURVE('',#1272,#1273,#1404,.T.);
#1055=EDGE_CURVE('',#1273,#1274,#1405,.T.);
#1056=EDGE_CURVE('',#1274,#1275,#1406,.T.);
#1057=EDGE_CURVE('',#1275,#1276,#1407,.T.);
#1058=EDGE_CURVE('',#1276,#1277,#1408,.T.);
#1059=EDGE_CURVE('',#1277,#1278,#1409,.T.);
#1060=EDGE_CURVE('',#1278,#1279,#1410,.T.);
#1061=EDGE_CURVE('',#1279,#1280,#1411,.T.);
#1062=EDGE_CURVE('',#1280,#1272,#1412,.T.);
#1063=EDGE_CURVE('',#1281,#1282,#1413,.T.);
#1064=EDGE_CURVE('',#1282,#1283,#1414,.T.);
#1065=EDGE_CURVE('',#1283,#1284,#98,.F.);
#1066=EDGE_CURVE('',#1284,#1285,#1415,.T.);
#1067=EDGE_CURVE('',#1285,#1286,#1416,.T.);
#1068=EDGE_CURVE('',#1286,#1287,#1417,.T.);
#1069=EDGE_CURVE('',#1287,#1288,#255,.T.);
#1070=EDGE_CURVE('',#1288,#1289,#1418,.T.);
#1071=EDGE_CURVE('',#1289,#1290,#1419,.T.);
#1072=EDGE_CURVE('',#1290,#1291,#1420,.T.);
#1073=EDGE_CURVE('',#1291,#1292,#99,.T.);
#1074=EDGE_CURVE('',#1292,#1293,#1421,.T.);
#1075=EDGE_CURVE('',#1293,#1294,#1422,.T.);
#1076=EDGE_CURVE('',#1294,#1295,#1423,.T.);
#1077=EDGE_CURVE('',#1295,#1296,#256,.F.);
#1078=EDGE_CURVE('',#1296,#1281,#1424,.T.);
#1079=EDGE_CURVE('',#1248,#1292,#1425,.T.);
#1080=EDGE_CURVE('',#1291,#1247,#1426,.T.);
#1081=EDGE_CURVE('',#1283,#1246,#1427,.T.);
#1082=EDGE_CURVE('',#1249,#1284,#1428,.T.);
#1083=EDGE_CURVE('',#1260,#1133,#257,.T.);
#1084=EDGE_CURVE('',#1134,#1255,#258,.T.);
#1085=EDGE_CURVE('',#1277,#1297,#1429,.T.);
#1086=EDGE_CURVE('',#1143,#1276,#259,.T.);
#1087=EDGE_CURVE('',#1297,#1261,#260,.T.);
#1088=EDGE_CURVE('',#1144,#1275,#261,.T.);
#1089=EDGE_CURVE('',#1135,#1254,#1430,.F.);
#1090=EDGE_CURVE('',#1297,#1298,#1431,.F.);
#1091=EDGE_CURVE('',#1298,#1132,#1432,.F.);
#1092=EDGE_CURVE('',#1259,#1298,#262,.T.);
#1093=EDGE_CURVE('',#1278,#1154,#263,.T.);
#1094=EDGE_CURVE('',#1299,#1300,#1433,.T.);
#1095=EDGE_CURVE('',#1150,#1299,#264,.T.);
#1096=EDGE_CURVE('',#1300,#1274,#1434,.T.);
#1097=EDGE_CURVE('',#1299,#1301,#1435,.F.);
#1098=EDGE_CURVE('',#1267,#1300,#265,.T.);
#1099=EDGE_CURVE('',#1301,#1266,#266,.T.);
#1100=EDGE_CURVE('',#1136,#1301,#1436,.T.);
#1101=EDGE_CURVE('',#1257,#1131,#1437,.T.);
#1102=EDGE_CURVE('',#1279,#1153,#267,.T.);
#1103=EDGE_CURVE('',#1139,#1273,#268,.T.);
#1104=EDGE_CURVE('',#1127,#1252,#269,.T.);
#1105=EDGE_CURVE('',#1258,#1130,#270,.T.);
#1106=EDGE_CURVE('',#1302,#1264,#271,.T.);
#1107=EDGE_CURVE('',#1280,#1302,#1438,.T.);
#1108=EDGE_CURVE('',#1140,#1272,#272,.T.);
#1109=EDGE_CURVE('',#1128,#1251,#1439,.F.);
#1110=EDGE_CURVE('',#1262,#1303,#273,.T.);
#1111=EDGE_CURVE('',#1303,#1129,#1440,.T.);
#1112=EDGE_CURVE('',#1302,#1304,#1441,.T.);
#1113=EDGE_CURVE('',#1304,#1303,#1442,.T.);
#1114=EDGE_CURVE('',#1265,#1304,#274,.T.);
#1115=EDGE_CURVE('',#1293,#1238,#275,.T.);
#1116=EDGE_CURVE('',#1294,#1237,#276,.T.);
#1117=EDGE_CURVE('',#1295,#1191,#277,.T.);
#1118=EDGE_CURVE('',#1296,#1190,#278,.T.);
#1119=EDGE_CURVE('',#1281,#1232,#279,.T.);
#1120=EDGE_CURVE('',#1282,#1231,#280,.T.);
#1121=EDGE_CURVE('',#1285,#1242,#281,.T.);
#1122=EDGE_CURVE('',#1286,#1241,#282,.T.);
#1123=EDGE_CURVE('',#1287,#1203,#283,.T.);
#1124=EDGE_CURVE('',#1288,#1202,#284,.T.);
#1125=EDGE_CURVE('',#1289,#1226,#285,.T.);
#1126=EDGE_CURVE('',#1290,#1225,#286,.T.);
#1127=VERTEX_POINT('',#2369);
#1128=VERTEX_POINT('',#2370);
#1129=VERTEX_POINT('',#2375);
#1130=VERTEX_POINT('',#2381);
#1131=VERTEX_POINT('',#2389);
#1132=VERTEX_POINT('',#2394);
#1133=VERTEX_POINT('',#2399);
#1134=VERTEX_POINT('',#2405);
#1135=VERTEX_POINT('',#2411);
#1136=VERTEX_POINT('',#2416);
#1137=VERTEX_POINT('',#2441);
#1138=VERTEX_POINT('',#2449);
#1139=VERTEX_POINT('',#2450);
#1140=VERTEX_POINT('',#2461);
#1141=VERTEX_POINT('',#2470);
#1142=VERTEX_POINT('',#2477);
#1143=VERTEX_POINT('',#2478);
#1144=VERTEX_POINT('',#2489);
#1145=VERTEX_POINT('',#2494);
#1146=VERTEX_POINT('',#2508);
#1147=VERTEX_POINT('',#2513);
#1148=VERTEX_POINT('',#2515);
#1149=VERTEX_POINT('',#2520);
#1150=VERTEX_POINT('',#2572);
#1151=VERTEX_POINT('',#2580);
#1152=VERTEX_POINT('',#2604);
#1153=VERTEX_POINT('',#2605);
#1154=VERTEX_POINT('',#2617);
#1155=VERTEX_POINT('',#2623);
#1156=VERTEX_POINT('',#2643);
#1157=VERTEX_POINT('',#2646);
#1158=VERTEX_POINT('',#2648);
#1159=VERTEX_POINT('',#2649);
#1160=VERTEX_POINT('',#2654);
#1161=VERTEX_POINT('',#2658);
#1162=VERTEX_POINT('',#2659);
#1163=VERTEX_POINT('',#2661);
#1164=VERTEX_POINT('',#2663);
#1165=VERTEX_POINT('',#2667);
#1166=VERTEX_POINT('',#2668);
#1167=VERTEX_POINT('',#2670);
#1168=VERTEX_POINT('',#2672);
#1169=VERTEX_POINT('',#2676);
#1170=VERTEX_POINT('',#2677);
#1171=VERTEX_POINT('',#2679);
#1172=VERTEX_POINT('',#2681);
#1173=VERTEX_POINT('',#2685);
#1174=VERTEX_POINT('',#2687);
#1175=VERTEX_POINT('',#2690);
#1176=VERTEX_POINT('',#2692);
#1177=VERTEX_POINT('',#2695);
#1178=VERTEX_POINT('',#2697);
#1179=VERTEX_POINT('',#2700);
#1180=VERTEX_POINT('',#2701);
#1181=VERTEX_POINT('',#2703);
#1182=VERTEX_POINT('',#2705);
#1183=VERTEX_POINT('',#2709);
#1184=VERTEX_POINT('',#2710);
#1185=VERTEX_POINT('',#2712);
#1186=VERTEX_POINT('',#2714);
#1187=VERTEX_POINT('',#2719);
#1188=VERTEX_POINT('',#2723);
#1189=VERTEX_POINT('',#2730);
#1190=VERTEX_POINT('',#2731);
#1191=VERTEX_POINT('',#2733);
#1192=VERTEX_POINT('',#2735);
#1193=VERTEX_POINT('',#2740);
#1194=VERTEX_POINT('',#2744);
#1195=VERTEX_POINT('',#2751);
#1196=VERTEX_POINT('',#2752);
#1197=VERTEX_POINT('',#2754);
#1198=VERTEX_POINT('',#2759);
#1199=VERTEX_POINT('',#2763);
#1200=VERTEX_POINT('',#2768);
#1201=VERTEX_POINT('',#2772);
#1202=VERTEX_POINT('',#2773);
#1203=VERTEX_POINT('',#2775);
#1204=VERTEX_POINT('',#2777);
#1205=VERTEX_POINT('',#2782);
#1206=VERTEX_POINT('',#2786);
#1207=VERTEX_POINT('',#2793);
#1208=VERTEX_POINT('',#2794);
#1209=VERTEX_POINT('',#2800);
#1210=VERTEX_POINT('',#2802);
#1211=VERTEX_POINT('',#2816);
#1212=VERTEX_POINT('',#2819);
#1213=VERTEX_POINT('',#2820);
#1214=VERTEX_POINT('',#2826);
#1215=VERTEX_POINT('',#2828);
#1216=VERTEX_POINT('',#2842);
#1217=VERTEX_POINT('',#2845);
#1218=VERTEX_POINT('',#2848);
#1219=VERTEX_POINT('',#2849);
#1220=VERTEX_POINT('',#2858);
#1221=VERTEX_POINT('',#2860);
#1222=VERTEX_POINT('',#2868);
#1223=VERTEX_POINT('',#2870);
#1224=VERTEX_POINT('',#2874);
#1225=VERTEX_POINT('',#2875);
#1226=VERTEX_POINT('',#2883);
#1227=VERTEX_POINT('',#2885);
#1228=VERTEX_POINT('',#2889);
#1229=VERTEX_POINT('',#2890);
#1230=VERTEX_POINT('',#2895);
#1231=VERTEX_POINT('',#2896);
#1232=VERTEX_POINT('',#2904);
#1233=VERTEX_POINT('',#2906);
#1234=VERTEX_POINT('',#2910);
#1235=VERTEX_POINT('',#2911);
#1236=VERTEX_POINT('',#2916);
#1237=VERTEX_POINT('',#2917);
#1238=VERTEX_POINT('',#2925);
#1239=VERTEX_POINT('',#2927);
#1240=VERTEX_POINT('',#2931);
#1241=VERTEX_POINT('',#2932);
#1242=VERTEX_POINT('',#2940);
#1243=VERTEX_POINT('',#2942);
#1244=VERTEX_POINT('',#2946);
#1245=VERTEX_POINT('',#2947);
#1246=VERTEX_POINT('',#2952);
#1247=VERTEX_POINT('',#2960);
#1248=VERTEX_POINT('',#2971);
#1249=VERTEX_POINT('',#3007);
#1250=VERTEX_POINT('',#3015);
#1251=VERTEX_POINT('',#3016);
#1252=VERTEX_POINT('',#3024);
#1253=VERTEX_POINT('',#3044);
#1254=VERTEX_POINT('',#3045);
#1255=VERTEX_POINT('',#3051);
#1256=VERTEX_POINT('',#3071);
#1257=VERTEX_POINT('',#3072);
#1258=VERTEX_POINT('',#3080);
#1259=VERTEX_POINT('',#3110);
#1260=VERTEX_POINT('',#3128);
#1261=VERTEX_POINT('',#3133);
#1262=VERTEX_POINT('',#3161);
#1263=VERTEX_POINT('',#3166);
#1264=VERTEX_POINT('',#3171);
#1265=VERTEX_POINT('',#3204);
#1266=VERTEX_POINT('',#3223);
#1267=VERTEX_POINT('',#3228);
#1268=VERTEX_POINT('',#3567);
#1269=VERTEX_POINT('',#3591);
#1270=VERTEX_POINT('',#3615);
#1271=VERTEX_POINT('',#3639);
#1272=VERTEX_POINT('',#3855);
#1273=VERTEX_POINT('',#3856);
#1274=VERTEX_POINT('',#3861);
#1275=VERTEX_POINT('',#3866);
#1276=VERTEX_POINT('',#3877);
#1277=VERTEX_POINT('',#3883);
#1278=VERTEX_POINT('',#3888);
#1279=VERTEX_POINT('',#3900);
#1280=VERTEX_POINT('',#3905);
#1281=VERTEX_POINT('',#3917);
#1282=VERTEX_POINT('',#3918);
#1283=VERTEX_POINT('',#3923);
#1284=VERTEX_POINT('',#3925);
#1285=VERTEX_POINT('',#3930);
#1286=VERTEX_POINT('',#3938);
#1287=VERTEX_POINT('',#3944);
#1288=VERTEX_POINT('',#3946);
#1289=VERTEX_POINT('',#3952);
#1290=VERTEX_POINT('',#3960);
#1291=VERTEX_POINT('',#3965);
#1292=VERTEX_POINT('',#3967);
#1293=VERTEX_POINT('',#3972);
#1294=VERTEX_POINT('',#3980);
#1295=VERTEX_POINT('',#3986);
#1296=VERTEX_POINT('',#3988);
#1297=VERTEX_POINT('',#4052);
#1298=VERTEX_POINT('',#4121);
#1299=VERTEX_POINT('',#4165);
#1300=VERTEX_POINT('',#4166);
#1301=VERTEX_POINT('',#4188);
#1302=VERTEX_POINT('',#4330);
#1303=VERTEX_POINT('',#4407);
#1304=VERTEX_POINT('',#4431);
#1305=B_SPLINE_CURVE_WITH_KNOTS('',3,(#2362,#2363,#2364,#2365,#2366,#2367,
#2368),.UNSPECIFIED.,.F.,.F.,(4,1,1,1,4),(3.94911618608891E-17,0.00184162764947067,
0.00368325529894131,0.00552488294841194,0.00736651059788258),
 .UNSPECIFIED.);
#1306=B_SPLINE_CURVE_WITH_KNOTS('',3,(#2371,#2372,#2373,#2374),
 .UNSPECIFIED.,.F.,.F.,(4,4),(0.,0.000867654735037335),.UNSPECIFIED.);
#1307=B_SPLINE_CURVE_WITH_KNOTS('',3,(#2376,#2377,#2378,#2379,#2380),
 .UNSPECIFIED.,.F.,.F.,(4,1,4),(0.000381810966216681,0.000969481461455289,
0.0015571519566939),.UNSPECIFIED.);
#1308=B_SPLINE_CURVE_WITH_KNOTS('',3,(#2382,#2383,#2384,#2385,#2386,#2387,
#2388),.UNSPECIFIED.,.F.,.F.,(4,1,1,1,4),(0.,0.00188019848740984,0.00376039697481968,
0.00564059546222952,0.00752079394963936),.UNSPECIFIED.);
#1309=B_SPLINE_CURVE_WITH_KNOTS('',3,(#2390,#2391,#2392,#2393),
 .UNSPECIFIED.,.F.,.F.,(4,4),(0.,0.00239663176227566),.UNSPECIFIED.);
#1310=B_SPLINE_CURVE_WITH_KNOTS('',3,(#2395,#2396,#2397,#2398),
 .UNSPECIFIED.,.F.,.F.,(4,4),(0.00382315413205105,0.00486832169467515),
 .UNSPECIFIED.);
#1311=B_SPLINE_CURVE_WITH_KNOTS('',3,(#2400,#2401,#2402,#2403,#2404),
 .UNSPECIFIED.,.F.,.F.,(4,1,4),(0.,0.000800704633730354,0.00160140926746071),
 .UNSPECIFIED.);
#1312=B_SPLINE_CURVE_WITH_KNOTS('',3,(#2406,#2407,#2408,#2409,#2410),
 .UNSPECIFIED.,.F.,.F.,(4,1,4),(0.,0.00344964520376794,0.00689929040753587),
 .UNSPECIFIED.);
#1313=B_SPLINE_CURVE_WITH_KNOTS('',3,(#2412,#2413,#2414,#2415),
 .UNSPECIFIED.,.F.,.F.,(4,4),(4.48667539746731E-16,0.00105207621053023),
 .UNSPECIFIED.);
#1314=B_SPLINE_CURVE_WITH_KNOTS('',3,(#2417,#2418,#2419,#2420,#2421),
 .UNSPECIFIED.,.F.,.F.,(4,1,4),(0.000353224586771612,0.000961501353249271,
0.00156977811972693),.UNSPECIFIED.);
#1315=B_SPLINE_CURVE_WITH_KNOTS('',3,(#2423,#2424,#2425,#2426,#2427,#2428,
#2429,#2430,#2431,#2432,#2433,#2434,#2435,#2436,#2437,#2438,#2439,#2440),
 .UNSPECIFIED.,.T.,.F.,(1,1,1,1,1,1,1,1,1,1,1,1,1,1,1,1,1,1,1,1,1,1),(-0.00200080609267743,
-0.00133387072845096,-0.000666935364224493,1.97768614242864E-15,0.000666935364228448,
0.00133387072845492,0.00266774145690786,0.00333467682113433,0.0040016121853608,
0.00466854754958727,0.00533548291381374,0.00600241827804021,0.00666935364226668,
0.00733628900649315,0.00800322437071962,0.00867015973494609,0.00933709509917256,
0.010004030463399,0.0106709658276255,0.011337901191852,0.0120048365560784,
0.0133387072845314),.UNSPECIFIED.);
#1316=B_SPLINE_CURVE_WITH_KNOTS('',3,(#2442,#2443,#2444,#2445,#2446,#2447,
#2448),.UNSPECIFIED.,.F.,.F.,(4,1,1,1,4),(0.,0.00191426544655342,0.00382853089310684,
0.00574279633966025,0.00765706178621367),.UNSPECIFIED.);
#1317=B_SPLINE_CURVE_WITH_KNOTS('',3,(#2451,#2452,#2453,#2454,#2455,#2456,
#2457,#2458,#2459,#2460),.UNSPECIFIED.,.F.,.F.,(4,1,1,1,1,1,1,4),(2.92345943272216E-16,
0.00259754008516945,0.00519508017033861,0.00779262025550776,0.0103901603406769,
0.0129877004258461,0.0155852405110152,0.0207803206813535),.UNSPECIFIED.);
#1318=B_SPLINE_CURVE_WITH_KNOTS('',3,(#2462,#2463,#2464,#2465,#2466,#2467,
#2468,#2469),.UNSPECIFIED.,.F.,.F.,(4,1,1,1,1,4),(-0.00229544915309312,
-0.00112281756159784,4.98140298974324E-5,0.00239507721288799,0.00474034039587854,
0.0070856035788691),.UNSPECIFIED.);
#1319=B_SPLINE_CURVE_WITH_KNOTS('',3,(#2473,#2474,#2475,#2476),
 .UNSPECIFIED.,.F.,.F.,(4,4),(0.00414236264537022,0.00734386895396232),
 .UNSPECIFIED.);
#1320=B_SPLINE_CURVE_WITH_KNOTS('',3,(#2479,#2480,#2481,#2482,#2483,#2484,
#2485,#2486,#2487,#2488),.UNSPECIFIED.,.F.,.F.,(4,1,1,1,1,1,1,4),(0.,0.00249429505664546,
0.00498859011329092,0.00748288516993638,0.00997718022658184,0.0124714752832273,
0.0149657703398728,0.0199543604531637),.UNSPECIFIED.);
#1321=B_SPLINE_CURVE_WITH_KNOTS('',3,(#2490,#2491,#2492,#2493),
 .UNSPECIFIED.,.F.,.F.,(4,4),(-0.000235102195430488,0.00195394306719146),
 .UNSPECIFIED.);
#1322=B_SPLINE_CURVE_WITH_KNOTS('',3,(#2495,#2496,#2497,#2498,#2499,#2500,
#2501,#2502,#2503,#2504,#2505,#2506,#2507),.UNSPECIFIED.,.F.,.F.,(4,1,1,
1,1,1,1,1,1,1,4),(3.5762240613455E-18,0.000979748695343603,0.0019594973906872,
0.0029392460860308,0.0034291204337026,0.0039189947813744,0.0044088691290462,
0.004898743476718,0.0058784921720616,0.0068582408674052,0.0078379895627488),
 .UNSPECIFIED.);
#1323=B_SPLINE_CURVE_WITH_KNOTS('',3,(#2509,#2510,#2511,#2512),
 .UNSPECIFIED.,.F.,.F.,(4,4),(0.00418573587316183,0.00708560357893318),
 .UNSPECIFIED.);
#1324=B_SPLINE_CURVE_WITH_KNOTS('',3,(#2516,#2517,#2518,#2519),
 .UNSPECIFIED.,.F.,.F.,(4,4),(1.17861634063218E-17,0.00353361855790141),
 .UNSPECIFIED.);
#1325=B_SPLINE_CURVE_WITH_KNOTS('',3,(#2521,#2522,#2523,#2524,#2525,#2526,
#2527,#2528,#2529,#2530,#2531,#2532,#2533,#2534,#2535,#2536),
 .UNSPECIFIED.,.F.,.F.,(4,1,1,1,1,1,1,1,1,1,1,1,1,4),(0.00620046166377925,
0.00745112962796194,0.00870179759214464,0.00932713157423598,0.00995246555632733,
0.0105777995384187,0.01120313352051,0.0118284675026014,0.0124538014846927,
0.0137044694488754,0.0143298034309668,0.0149551374130581,0.0155804713951494,
0.0162058053772408),.UNSPECIFIED.);
#1326=B_SPLINE_CURVE_WITH_KNOTS('',3,(#2567,#2568,#2569,#2570,#2571),
 .UNSPECIFIED.,.F.,.F.,(4,1,4),(9.57051237619243E-15,0.000626647171094775,
0.00125329434217998),.UNSPECIFIED.);
#1327=B_SPLINE_CURVE_WITH_KNOTS('',3,(#2573,#2574,#2575,#2576,#2577,#2578,
#2579),.UNSPECIFIED.,.F.,.F.,(4,1,1,1,4),(-5.99999999890188E-8,0.00172744368627315,
0.00345494737254629,0.00518245105881943,0.00690995474509258),
 .UNSPECIFIED.);
#1328=B_SPLINE_CURVE_WITH_KNOTS('',3,(#2581,#2582,#2583,#2584,#2585,#2586),
 .UNSPECIFIED.,.F.,.F.,(4,1,1,4),(0.,0.000598150499914092,0.000897225749871138,
0.00119630099982818),.UNSPECIFIED.);
#1329=B_SPLINE_CURVE_WITH_KNOTS('',3,(#2587,#2588,#2589,#2590,#2591,#2592,
#2593),.UNSPECIFIED.,.F.,.F.,(4,1,1,1,4),(-6.48824218208585E-6,0.00057050639402037,
0.00114750103022283,0.00172449566642528,0.00230149030262774),
 .UNSPECIFIED.);
#1330=B_SPLINE_CURVE_WITH_KNOTS('',3,(#2595,#2596,#2597,#2598,#2599,#2600,
#2601,#2602,#2603),.UNSPECIFIED.,.F.,.F.,(4,1,1,1,1,1,4),(0.,0.0026799752324655,
0.00535995046493099,0.00669993808116374,0.00803992569739649,0.00937991331362924,
0.010719900929862),.UNSPECIFIED.);
#1331=B_SPLINE_CURVE_WITH_KNOTS('',3,(#2606,#2607,#2608,#2609,#2610,#2611,
#2612,#2613,#2614,#2615,#2616),.UNSPECIFIED.,.F.,.F.,(4,1,1,1,1,1,1,1,4),
(6.2642495653422E-17,0.00262886488213828,0.0052577297642765,0.00788659464641472,
0.0105154595285529,0.0131443244106912,0.0157731892928294,0.0184020541749676,
0.0210309190571058),.UNSPECIFIED.);
#1332=B_SPLINE_CURVE_WITH_KNOTS('',3,(#2618,#2619,#2620,#2621,#2622),
 .UNSPECIFIED.,.F.,.F.,(4,1,4),(0.000986883468261044,0.00380361675794121,
0.00662035004762138),.UNSPECIFIED.);
#1333=B_SPLINE_CURVE_WITH_KNOTS('',3,(#2625,#2626,#2627,#2628,#2629,#2630,
#2631,#2632,#2633,#2634,#2635,#2636,#2637,#2638,#2639,#2640,#2641,#2642),
 .UNSPECIFIED.,.T.,.F.,(1,1,1,1,1,1,1,1,1,1,1,1,1,1,1,1,1,1,1,1,1,1),(-0.00200080609262839,
-0.00133387072841827,-0.000666935364208145,1.97993304372127E-15,0.000666935364212104,
0.00133387072842223,0.00266774145684248,0.0033346768210526,0.00400161218526273,
0.00466854754947285,0.00533548291368297,0.0060024182778931,0.00666935364210322,
0.00733628900631334,0.00800322437052347,0.00867015973473359,0.00933709509894372,
0.0100040304631538,0.010670965827364,0.0113379011915741,0.0120048365557842,
0.0133387072842045),.UNSPECIFIED.);
#1334=B_SPLINE_CURVE_WITH_KNOTS('',3,(#2650,#2651,#2652,#2653),
 .UNSPECIFIED.,.F.,.F.,(4,4),(5.14931677068955E-14,8.44931021727188E-5),
 .UNSPECIFIED.);
#1335=B_SPLINE_CURVE_WITH_KNOTS('',3,(#2715,#2716,#2717,#2718),
 .UNSPECIFIED.,.F.,.F.,(4,4),(0.,0.00117625093483783),.UNSPECIFIED.);
#1336=B_SPLINE_CURVE_WITH_KNOTS('',3,(#2724,#2725,#2726,#2727),
 .UNSPECIFIED.,.F.,.F.,(4,4),(0.,0.00117625093483784),.UNSPECIFIED.);
#1337=B_SPLINE_CURVE_WITH_KNOTS('',3,(#2736,#2737,#2738,#2739),
 .UNSPECIFIED.,.F.,.F.,(4,4),(0.,0.00117625093483783),.UNSPECIFIED.);
#1338=B_SPLINE_CURVE_WITH_KNOTS('',3,(#2745,#2746,#2747,#2748),
 .UNSPECIFIED.,.F.,.F.,(4,4),(0.,0.00117625093483786),.UNSPECIFIED.);
#1339=B_SPLINE_CURVE_WITH_KNOTS('',3,(#2755,#2756,#2757,#2758),
 .UNSPECIFIED.,.F.,.F.,(4,4),(0.,0.00117625093483782),.UNSPECIFIED.);
#1340=B_SPLINE_CURVE_WITH_KNOTS('',3,(#2764,#2765,#2766,#2767),
 .UNSPECIFIED.,.F.,.F.,(4,4),(0.,0.00117625093483782),.UNSPECIFIED.);
#1341=B_SPLINE_CURVE_WITH_KNOTS('',3,(#2778,#2779,#2780,#2781),
 .UNSPECIFIED.,.F.,.F.,(4,4),(0.,0.00117625093483782),.UNSPECIFIED.);
#1342=B_SPLINE_CURVE_WITH_KNOTS('',3,(#2787,#2788,#2789,#2790),
 .UNSPECIFIED.,.F.,.F.,(4,4),(0.,0.00117625093483784),.UNSPECIFIED.);
#1343=B_SPLINE_CURVE_WITH_KNOTS('',3,(#2795,#2796,#2797,#2798,#2799),
 .UNSPECIFIED.,.F.,.F.,(4,1,4),(0.,0.000513385522168008,0.00102677104433602),
 .UNSPECIFIED.);
#1344=B_SPLINE_CURVE_WITH_KNOTS('',3,(#2803,#2804,#2805,#2806,#2807,#2808,
#2809),.UNSPECIFIED.,.F.,.F.,(4,1,1,1,4),(0.,0.00046929760148337,0.000938595202966739,
0.00140789280445011,0.00187719040593348),.UNSPECIFIED.);
#1345=B_SPLINE_CURVE_WITH_KNOTS('',3,(#2810,#2811,#2812,#2813,#2814,#2815),
 .UNSPECIFIED.,.F.,.F.,(4,1,1,4),(0.,0.000598150499903724,0.000897225749855585,
0.00119630099980745),.UNSPECIFIED.);
#1346=B_SPLINE_CURVE_WITH_KNOTS('',3,(#2821,#2822,#2823,#2824,#2825),
 .UNSPECIFIED.,.F.,.F.,(4,1,4),(0.,0.000513385522178194,0.00102677104435639),
 .UNSPECIFIED.);
#1347=B_SPLINE_CURVE_WITH_KNOTS('',3,(#2829,#2830,#2831,#2832,#2833,#2834,
#2835),.UNSPECIFIED.,.F.,.F.,(4,1,1,1,4),(0.,0.000469297601448126,0.000938595202896252,
0.00140789280434438,0.0018771904057925),.UNSPECIFIED.);
#1348=B_SPLINE_CURVE_WITH_KNOTS('',3,(#2836,#2837,#2838,#2839,#2840,#2841),
 .UNSPECIFIED.,.F.,.F.,(4,1,1,4),(0.,0.000598150499918379,0.000897225749877568,
0.00119630099983676),.UNSPECIFIED.);
#1349=B_SPLINE_CURVE_WITH_KNOTS('',3,(#2850,#2851,#2852,#2853,#2854,#2855,
#2856),.UNSPECIFIED.,.F.,.F.,(4,1,1,1,4),(0.,0.000469297601498394,0.000938595202996788,
0.00140789280449518,0.00187719040599358),.UNSPECIFIED.);
#1350=B_SPLINE_CURVE_WITH_KNOTS('',3,(#2861,#2862,#2863,#2864,#2865),
 .UNSPECIFIED.,.F.,.F.,(4,1,4),(0.,0.000513385522162737,0.00102677104432547),
 .UNSPECIFIED.);
#1351=B_SPLINE_CURVE_WITH_KNOTS('',3,(#2876,#2877,#2878,#2879,#2880,#2881,
#2882),.UNSPECIFIED.,.F.,.F.,(4,1,1,1,4),(0.,0.00150896488493193,0.00301792976986387,
0.0045268946547958,0.00603585953972773),.UNSPECIFIED.);
#1352=B_SPLINE_CURVE_WITH_KNOTS('',3,(#2897,#2898,#2899,#2900,#2901,#2902,
#2903),.UNSPECIFIED.,.F.,.F.,(4,1,1,1,4),(0.,0.0015099715459074,0.00301994309181479,
0.00452991463772219,0.00603988618362959),.UNSPECIFIED.);
#1353=B_SPLINE_CURVE_WITH_KNOTS('',3,(#2918,#2919,#2920,#2921,#2922,#2923,
#2924),.UNSPECIFIED.,.F.,.F.,(4,1,1,1,4),(0.,0.00150899366488514,0.00301798732977028,
0.00452698099465542,0.00603597465954056),.UNSPECIFIED.);
#1354=B_SPLINE_CURVE_WITH_KNOTS('',3,(#2933,#2934,#2935,#2936,#2937,#2938,
#2939),.UNSPECIFIED.,.F.,.F.,(4,1,1,1,4),(0.,0.00151000671542133,0.00302001343084266,
0.00453002014626399,0.00604002686168532),.UNSPECIFIED.);
#1355=B_SPLINE_CURVE_WITH_KNOTS('',3,(#2953,#2954,#2955,#2956),
 .UNSPECIFIED.,.F.,.F.,(4,4),(0.,0.00193671680658281),.UNSPECIFIED.);
#1356=B_SPLINE_CURVE_WITH_KNOTS('',3,(#2961,#2962,#2963,#2964),
 .UNSPECIFIED.,.F.,.F.,(4,4),(0.,0.00193312242366901),.UNSPECIFIED.);
#1357=B_SPLINE_CURVE_WITH_KNOTS('',3,(#2967,#2968,#2969,#2970),
 .UNSPECIFIED.,.F.,.F.,(4,4),(0.,0.00190831997620202),.UNSPECIFIED.);
#1358=B_SPLINE_CURVE_WITH_KNOTS('',3,(#2975,#2976,#2977,#2978,#2979),
 .UNSPECIFIED.,.F.,.F.,(4,1,4),(0.,0.00172150089107713,0.00344300178215426),
 .UNSPECIFIED.);
#1359=B_SPLINE_CURVE_WITH_KNOTS('',3,(#2982,#2983,#2984,#2985,#2986),
 .UNSPECIFIED.,.F.,.F.,(4,1,4),(0.,0.00172283568303257,0.00344567136606515),
 .UNSPECIFIED.);
#1360=B_SPLINE_CURVE_WITH_KNOTS('',3,(#2989,#2990,#2991,#2992,#2993),
 .UNSPECIFIED.,.F.,.F.,(4,1,4),(0.,0.0017213485709849,0.00344269714196979),
 .UNSPECIFIED.);
#1361=B_SPLINE_CURVE_WITH_KNOTS('',3,(#2996,#2997,#2998,#2999,#3000),
 .UNSPECIFIED.,.F.,.F.,(4,1,4),(0.,0.00172298901011446,0.00344597802022893),
 .UNSPECIFIED.);
#1362=B_SPLINE_CURVE_WITH_KNOTS('',3,(#3003,#3004,#3005,#3006),
 .UNSPECIFIED.,.F.,.F.,(4,4),(7.35980840008019E-18,0.00191195837052652),
 .UNSPECIFIED.);
#1363=B_SPLINE_CURVE_WITH_KNOTS('',3,(#3011,#3012,#3013,#3014),
 .UNSPECIFIED.,.F.,.F.,(4,4),(7.29718811934332E-15,0.000272081815669504),
 .UNSPECIFIED.);
#1364=B_SPLINE_CURVE_WITH_KNOTS('',3,(#3017,#3018,#3019,#3020,#3021,#3022,
#3023),.UNSPECIFIED.,.F.,.F.,(4,1,1,1,4),(-9.40669864146748E-5,0.00184861333767907,
0.00379129366177281,0.00573397398586655,0.00767665430996029),
 .UNSPECIFIED.);
#1365=B_SPLINE_CURVE_WITH_KNOTS('',3,(#3025,#3026,#3027,#3028,#3029,#3030,
#3031),.UNSPECIFIED.,.F.,.F.,(4,1,1,1,4),(0.00233720151611751,0.00408966522451182,
0.00584212893290612,0.00759459264130043,0.00934705634969474),
 .UNSPECIFIED.);
#1366=B_SPLINE_CURVE_WITH_KNOTS('',3,(#3032,#3033,#3034,#3035,#3036,#3037,
#3038),.UNSPECIFIED.,.F.,.F.,(4,1,1,1,4),(0.00375547648956294,0.00549417708800225,
0.00723287768644156,0.00897157828488088,0.0107102788833202),
 .UNSPECIFIED.);
#1367=B_SPLINE_CURVE_WITH_KNOTS('',3,(#3040,#3041,#3042,#3043),
 .UNSPECIFIED.,.F.,.F.,(4,4),(7.93039082527058E-15,0.000371872668490555),
 .UNSPECIFIED.);
#1368=B_SPLINE_CURVE_WITH_KNOTS('',3,(#3046,#3047,#3048,#3049,#3050),
 .UNSPECIFIED.,.F.,.F.,(4,1,4),(-0.000174545214762688,0.00341536012136741,
0.00700526545749751),.UNSPECIFIED.);
#1369=B_SPLINE_CURVE_WITH_KNOTS('',3,(#3052,#3053,#3054,#3055,#3056,#3057,
#3058),.UNSPECIFIED.,.F.,.F.,(4,1,1,1,4),(0.00262115017022473,0.00430262671509224,
0.00598410325995974,0.00766557980482724,0.00934705634969474),
 .UNSPECIFIED.);
#1370=B_SPLINE_CURVE_WITH_KNOTS('',3,(#3059,#3060,#3061,#3062,#3063,#3064,
#3065),.UNSPECIFIED.,.F.,.F.,(4,1,1,1,4),(0.00388160884017855,0.00558877635096397,
0.00729594386174938,0.0090031113725348,0.0107102788833202),
 .UNSPECIFIED.);
#1371=B_SPLINE_CURVE_WITH_KNOTS('',3,(#3067,#3068,#3069,#3070),
 .UNSPECIFIED.,.F.,.F.,(4,4),(1.001897424189E-14,0.000360795745357116),
 .UNSPECIFIED.);
#1372=B_SPLINE_CURVE_WITH_KNOTS('',3,(#3073,#3074,#3075,#3076,#3077,#3078,
#3079),.UNSPECIFIED.,.F.,.F.,(4,1,1,1,4),(-0.000132894048570011,0.00186615136368418,
0.00386519677593838,0.00586424218819257,0.00786328760044677),
 .UNSPECIFIED.);
#1373=B_SPLINE_CURVE_WITH_KNOTS('',3,(#3081,#3082,#3083,#3084,#3085,#3086,
#3087),.UNSPECIFIED.,.F.,.F.,(4,1,1,1,4),(0.0019483148195359,0.00379750945554863,
0.00564670409156135,0.00749589872757408,0.00934509336358681),
 .UNSPECIFIED.);
#1374=B_SPLINE_CURVE_WITH_KNOTS('',3,(#3088,#3089,#3090,#3091,#3092,#3093,
#3094),.UNSPECIFIED.,.F.,.F.,(4,1,1,1,4),(0.00454266348124662,0.00608456733176501,
0.0076264711822834,0.00916837503280178,0.0107102788833202),
 .UNSPECIFIED.);
#1375=B_SPLINE_CURVE_WITH_KNOTS('',3,(#3103,#3104,#3105,#3106,#3107,#3108,
#3109),.UNSPECIFIED.,.F.,.F.,(4,1,1,1,4),(-5.99999999922511E-8,0.00155427878327243,
0.00310861756654485,0.00466295634981727,0.00621729513308969),
 .UNSPECIFIED.);
#1376=B_SPLINE_CURVE_WITH_KNOTS('',3,(#3111,#3112,#3113,#3114),
 .UNSPECIFIED.,.F.,.F.,(4,4),(0.,0.00560759791947651),.UNSPECIFIED.);
#1377=B_SPLINE_CURVE_WITH_KNOTS('',3,(#3123,#3124,#3125,#3126,#3127),
 .UNSPECIFIED.,.F.,.F.,(4,1,4),(-5.99999999673928E-8,0.00314350798906833,
0.00628707597813662),.UNSPECIFIED.);
#1378=B_SPLINE_CURVE_WITH_KNOTS('',3,(#3129,#3130,#3131,#3132),
 .UNSPECIFIED.,.F.,.F.,(4,4),(9.85960483297855E-15,0.00489844364564392),
 .UNSPECIFIED.);
#1379=B_SPLINE_CURVE_WITH_KNOTS('',3,(#3134,#3135,#3136,#3137,#3138),
 .UNSPECIFIED.,.F.,.F.,(4,1,4),(0.00112160853112634,0.00430340267267973,
0.00748519681423312),.UNSPECIFIED.);
#1380=B_SPLINE_CURVE_WITH_KNOTS('',3,(#3155,#3156,#3157,#3158,#3159,#3160),
 .UNSPECIFIED.,.F.,.F.,(4,1,1,4),(-5.99999999560121E-8,0.00182097563657231,
0.00364201127314458,0.00728408254628911),.UNSPECIFIED.);
#1381=B_SPLINE_CURVE_WITH_KNOTS('',3,(#3162,#3163,#3164,#3165),
 .UNSPECIFIED.,.F.,.F.,(4,4),(8.31363044159381E-13,0.00227222685783321),
 .UNSPECIFIED.);
#1382=B_SPLINE_CURVE_WITH_KNOTS('',3,(#3167,#3168,#3169,#3170),
 .UNSPECIFIED.,.F.,.F.,(4,4),(-5.99934311727769E-8,0.00326676101276072),
 .UNSPECIFIED.);
#1383=B_SPLINE_CURVE_WITH_KNOTS('',3,(#3172,#3173,#3174,#3175,#3176,#3177,
#3178,#3179,#3180,#3181),.UNSPECIFIED.,.F.,.F.,(4,1,1,1,1,1,1,4),(0.00892609194970365,
0.0100309351748571,0.0105833567874338,0.0111357784000106,0.012240621625164,
0.0133454648503175,0.0155551513006244,0.0177648377509313),.UNSPECIFIED.);
#1384=B_SPLINE_CURVE_WITH_KNOTS('',3,(#3196,#3197,#3198,#3199,#3200,#3201,
#3202,#3203),.UNSPECIFIED.,.F.,.F.,(4,1,1,1,1,4),(0.00491352629283027,0.00732108839016635,
0.00972865048750243,0.0121362125848385,0.0133399936335066,0.0145437746821746),
 .UNSPECIFIED.);
#1385=B_SPLINE_CURVE_WITH_KNOTS('',3,(#3205,#3206,#3207,#3208,#3209),
 .UNSPECIFIED.,.F.,.F.,(4,1,4),(8.18267427085042E-18,0.00305784608995495,
0.00611569217990989),.UNSPECIFIED.);
#1386=B_SPLINE_CURVE_WITH_KNOTS('',3,(#3218,#3219,#3220,#3221,#3222),
 .UNSPECIFIED.,.F.,.F.,(4,1,4),(-5.99999999641151E-8,0.0034830846781171,
0.00696622935623417),.UNSPECIFIED.);
#1387=B_SPLINE_CURVE_WITH_KNOTS('',3,(#3224,#3225,#3226,#3227),
 .UNSPECIFIED.,.F.,.F.,(4,4),(0.,0.00519164338210456),.UNSPECIFIED.);
#1388=B_SPLINE_CURVE_WITH_KNOTS('',3,(#3229,#3230,#3231,#3232,#3233,#3234),
 .UNSPECIFIED.,.F.,.F.,(4,1,1,4),(0.000266699368040095,0.00207132372958858,
0.00387594809113706,0.00748519681423402),.UNSPECIFIED.);
#1389=B_SPLINE_CURVE_WITH_KNOTS('',3,(#3243,#3244,#3245,#3246),
 .UNSPECIFIED.,.F.,.F.,(4,4),(9.42555260176858E-17,0.00593253339186282),
 .UNSPECIFIED.);
#1390=B_SPLINE_CURVE_WITH_KNOTS('',2,(#3248,#3249,#3250),.UNSPECIFIED.,
 .F.,.F.,(3,3),(0.,1.),.PIECEWISE_BEZIER_KNOTS.);
#1391=B_SPLINE_CURVE_WITH_KNOTS('',3,(#3279,#3280,#3281,#3282,#3283),
 .UNSPECIFIED.,.F.,.F.,(4,1,4),(9.21535416699642E-16,0.000513404527439685,
0.00102680905487845),.UNSPECIFIED.);
#1392=B_SPLINE_CURVE_WITH_KNOTS('',3,(#3311,#3312,#3313,#3314,#3315),
 .UNSPECIFIED.,.F.,.F.,(4,1,4),(0.,0.000562232522625485,0.00112446504525097),
 .UNSPECIFIED.);
#1393=B_SPLINE_CURVE_WITH_KNOTS('',3,(#3343,#3344,#3345,#3346),
 .UNSPECIFIED.,.F.,.F.,(4,4),(2.82334173103685E-15,0.000902180220802401),
 .UNSPECIFIED.);
#1394=B_SPLINE_CURVE_WITH_KNOTS('',3,(#3347,#3348,#3349,#3350),
 .UNSPECIFIED.,.F.,.F.,(4,4),(-1.99983267894118E-5,0.000588466780388651),
 .UNSPECIFIED.);
#1395=B_SPLINE_CURVE_WITH_KNOTS('',3,(#3375,#3376,#3377,#3378,#3379,#3380,
#3381),.UNSPECIFIED.,.F.,.F.,(4,1,1,1,4),(4.58390626211079E-17,0.000293361380337595,
0.000586722760675145,0.000880084141012694,0.00117344552135024),
 .UNSPECIFIED.);
#1396=B_SPLINE_CURVE_WITH_KNOTS('',3,(#3406,#3407,#3408,#3409,#3410,#3411),
 .UNSPECIFIED.,.F.,.F.,(4,1,1,4),(1.79315370993823E-16,0.000301512858155835,
0.00060302571631149,0.0012060514326228),.UNSPECIFIED.);
#1397=B_SPLINE_CURVE_WITH_KNOTS('',3,(#3436,#3437,#3438,#3439,#3440,#3441),
 .UNSPECIFIED.,.F.,.F.,(4,1,1,4),(4.81573804701101E-15,0.000281893883602201,
0.000563787767199586,0.00112757553439436),.UNSPECIFIED.);
#1398=B_SPLINE_CURVE_WITH_KNOTS('',3,(#3478,#3479,#3480,#3481,#3482),
 .UNSPECIFIED.,.F.,.F.,(4,1,4),(2.97457784719696E-15,0.000641630370418881,
0.00128326074083479),.UNSPECIFIED.);
#1399=B_SPLINE_CURVE_WITH_KNOTS('',3,(#3519,#3520,#3521,#3522,#3523),
 .UNSPECIFIED.,.F.,.F.,(4,1,4),(5.00000662830748E-15,0.000477163971303829,
0.000954327942602659),.UNSPECIFIED.);
#1400=B_SPLINE_CURVE_WITH_KNOTS('',3,(#3545,#3546,#3547,#3548,#3549,#3550,
#3551,#3552,#3553,#3554,#3555,#3556,#3557,#3558,#3559,#3560,#3561,#3562,
#3563,#3564,#3565,#3566),.UNSPECIFIED.,.T.,.F.,(1,1,1,1,1,1,1,1,1,1,1,1,
1,1,1,1,1,1,1,1,1,1,1,1,1,1),(-0.000841499881683747,-0.00063112491126281,
-0.000420749940841874,0.,0.000420749940841873,0.000841499881683747,0.00126224982252562,
0.00168299976336749,0.00210374970420937,0.0023141246746303,0.00252449964505124,
0.00273487461547218,0.00294524958589311,0.00336599952673499,0.00378674946757686,
0.00420749940841873,0.00462824934926061,0.00504899929010248,0.00546974923094435,
0.00589049917178623,0.00610087414220716,0.0063112491126281,0.00673199905346997,
0.00715274899431185,0.00757349893515372,0.00799424887599559),
 .UNSPECIFIED.);
#1401=B_SPLINE_CURVE_WITH_KNOTS('',3,(#3569,#3570,#3571,#3572,#3573,#3574,
#3575,#3576,#3577,#3578,#3579,#3580,#3581,#3582,#3583,#3584,#3585,#3586,
#3587,#3588,#3589,#3590),.UNSPECIFIED.,.T.,.F.,(1,1,1,1,1,1,1,1,1,1,1,1,
1,1,1,1,1,1,1,1,1,1,1,1,1,1),(-0.00127866526142886,-0.000852443507618336,
-0.000426221753807813,2.70854740079474E-15,0.00021311087690797,0.000426221753813231,
0.000852443507623753,0.00127866526143428,0.0017048870152448,0.00213110876905532,
0.00255733052286584,0.00298355227667637,0.00319666315358163,0.00340977403048689,
0.00362288490739215,0.00383599578429741,0.00426221753810793,0.00468843929191846,
0.00511466104572898,0.0055408827995395,0.00596710455335002,0.00639332630716054,
0.00681954806097107,0.00703265893787633,0.00724576981478159,0.00767199156859211),
 .UNSPECIFIED.);
#1402=B_SPLINE_CURVE_WITH_KNOTS('',3,(#3593,#3594,#3595,#3596,#3597,#3598,
#3599,#3600,#3601,#3602,#3603,#3604,#3605,#3606,#3607,#3608,#3609,#3610,
#3611,#3612,#3613,#3614),.UNSPECIFIED.,.T.,.F.,(1,1,1,1,1,1,1,1,1,1,1,1,
1,1,1,1,1,1,1,1,1,1,1,1,1,1),(-0.00128209138968646,-0.000854727593123434,
-0.000427363796560407,2.62135290071837E-15,0.000213681898284135,0.000427363796565649,
0.000854727593128677,0.0012820913896917,0.00170945518625473,0.00213681898281776,
0.00256418277938079,0.00299154657594382,0.00320522847422533,0.00341891037250684,
0.00363259227078836,0.00384627416906987,0.0042736379656329,0.00470100176219593,
0.00512836555875896,0.00555572935532198,0.00598309315188501,0.00641045694844804,
0.00683782074501107,0.00705150264329258,0.0072651845415741,0.00769254833813712),
 .UNSPECIFIED.);
#1403=B_SPLINE_CURVE_WITH_KNOTS('',3,(#3617,#3618,#3619,#3620,#3621,#3622,
#3623,#3624,#3625,#3626,#3627,#3628,#3629,#3630,#3631,#3632,#3633,#3634,
#3635,#3636,#3637,#3638),.UNSPECIFIED.,.T.,.F.,(1,1,1,1,1,1,1,1,1,1,1,1,
1,1,1,1,1,1,1,1,1,1,1,1,1,1),(-0.00128209138966324,-0.000854727593107955,
-0.000427363796552668,2.61977423731657E-15,0.000213681898280263,0.000427363796557907,
0.000854727593113194,0.00128209138966848,0.00170945518622377,0.00213681898277906,
0.00256418277933434,0.00299154657588963,0.00320522847416727,0.00341891037244492,
0.00363259227072256,0.0038462741690002,0.00427363796555549,0.00470100176211078,
0.00512836555866607,0.00555572935522135,0.00598309315177664,0.00641045694833193,
0.00683782074488722,0.00705150264316486,0.0072651845414425,0.00769254833799779),
 .UNSPECIFIED.);
#1404=B_SPLINE_CURVE_WITH_KNOTS('',3,(#3845,#3846,#3847,#3848,#3849,#3850,
#3851,#3852,#3853,#3854),.UNSPECIFIED.,.F.,.F.,(4,1,1,1,1,1,1,4),(0.,0.00528662216486528,
0.00792993324729792,0.0105732443297306,0.0132165554121632,0.0158598664945958,
0.0185031775770285,0.0211464886594611),.UNSPECIFIED.);
#1405=B_SPLINE_CURVE_WITH_KNOTS('',3,(#3857,#3858,#3859,#3860),
 .UNSPECIFIED.,.F.,.F.,(4,4),(0.,0.00130062993828877),.UNSPECIFIED.);
#1406=B_SPLINE_CURVE_WITH_KNOTS('',3,(#3862,#3863,#3864,#3865),
 .UNSPECIFIED.,.F.,.F.,(4,4),(0.000491645652063186,0.00176841083795828),
 .UNSPECIFIED.);
#1407=B_SPLINE_CURVE_WITH_KNOTS('',3,(#3867,#3868,#3869,#3870,#3871,#3872,
#3873,#3874,#3875,#3876),.UNSPECIFIED.,.F.,.F.,(4,1,1,1,1,1,1,4),(0.,0.00514879929448961,
0.00772319894173441,0.0102975985889792,0.012871998236224,0.0154463978834688,
0.0180207975307136,0.0205951971779584),.UNSPECIFIED.);
#1408=B_SPLINE_CURVE_WITH_KNOTS('',3,(#3878,#3879,#3880,#3881,#3882),
 .UNSPECIFIED.,.F.,.F.,(4,1,4),(0.,0.000660052004166631,0.00132010400833326),
 .UNSPECIFIED.);
#1409=B_SPLINE_CURVE_WITH_KNOTS('',3,(#3884,#3885,#3886,#3887),
 .UNSPECIFIED.,.F.,.F.,(4,4),(0.000320942326585808,0.00166868818501314),
 .UNSPECIFIED.);
#1410=B_SPLINE_CURVE_WITH_KNOTS('',3,(#3889,#3890,#3891,#3892,#3893,#3894,
#3895,#3896,#3897,#3898,#3899),.UNSPECIFIED.,.F.,.F.,(4,1,1,1,1,1,1,1,4),
(0.,0.00268081934562936,0.00536163869125872,0.00804245803688808,0.0107232773825174,
0.0134040967281468,0.0160849160737762,0.0187657354194055,0.0214465547650349),
 .UNSPECIFIED.);
#1411=B_SPLINE_CURVE_WITH_KNOTS('',3,(#3901,#3902,#3903,#3904),
 .UNSPECIFIED.,.F.,.F.,(4,4),(0.,0.001017114806312),.UNSPECIFIED.);
#1412=B_SPLINE_CURVE_WITH_KNOTS('',3,(#3906,#3907,#3908,#3909),
 .UNSPECIFIED.,.F.,.F.,(4,4),(0.000758393108202082,0.00176582039415972),
 .UNSPECIFIED.);
#1413=B_SPLINE_CURVE_WITH_KNOTS('',3,(#3910,#3911,#3912,#3913,#3914,#3915,
#3916),.UNSPECIFIED.,.F.,.F.,(4,1,1,1,4),(0.,0.0016298932119709,0.00325978642394181,
0.00488967963591271,0.00651957284788362),.UNSPECIFIED.);
#1414=B_SPLINE_CURVE_WITH_KNOTS('',3,(#3919,#3920,#3921,#3922),
 .UNSPECIFIED.,.F.,.F.,(4,4),(0.,0.00150895370246111),.UNSPECIFIED.);
#1415=B_SPLINE_CURVE_WITH_KNOTS('',3,(#3926,#3927,#3928,#3929),
 .UNSPECIFIED.,.F.,.F.,(4,4),(1.16368788433466E-17,0.00152816427845668),
 .UNSPECIFIED.);
#1416=B_SPLINE_CURVE_WITH_KNOTS('',3,(#3931,#3932,#3933,#3934,#3935,#3936,
#3937),.UNSPECIFIED.,.F.,.F.,(4,1,1,1,4),(0.,0.00161332583660675,0.00322665167321351,
0.00483997750982026,0.00645330334642701),.UNSPECIFIED.);
#1417=B_SPLINE_CURVE_WITH_KNOTS('',3,(#3939,#3940,#3941,#3942,#3943),
 .UNSPECIFIED.,.F.,.F.,(4,1,4),(0.,0.00147957123505443,0.00295914247010887),
 .UNSPECIFIED.);
#1418=B_SPLINE_CURVE_WITH_KNOTS('',3,(#3947,#3948,#3949,#3950,#3951),
 .UNSPECIFIED.,.F.,.F.,(4,1,4),(0.,0.00148373529633421,0.00296747059266842),
 .UNSPECIFIED.);
#1419=B_SPLINE_CURVE_WITH_KNOTS('',3,(#3953,#3954,#3955,#3956,#3957,#3958,
#3959),.UNSPECIFIED.,.F.,.F.,(4,1,1,1,4),(0.,0.00162883989987582,0.00325767979975164,
0.00488651969962746,0.00651535959950328),.UNSPECIFIED.);
#1420=B_SPLINE_CURVE_WITH_KNOTS('',3,(#3961,#3962,#3963,#3964),
 .UNSPECIFIED.,.F.,.F.,(4,4),(0.,0.00150568421595353),.UNSPECIFIED.);
#1421=B_SPLINE_CURVE_WITH_KNOTS('',3,(#3968,#3969,#3970,#3971),
 .UNSPECIFIED.,.F.,.F.,(4,4),(0.,0.00152489089768212),.UNSPECIFIED.);
#1422=B_SPLINE_CURVE_WITH_KNOTS('',3,(#3973,#3974,#3975,#3976,#3977,#3978,
#3979),.UNSPECIFIED.,.F.,.F.,(4,1,1,1,4),(0.,0.00161229585805768,0.00322459171611536,
0.00483688757417304,0.00644918343223072),.UNSPECIFIED.);
#1423=B_SPLINE_CURVE_WITH_KNOTS('',3,(#3981,#3982,#3983,#3984,#3985),
 .UNSPECIFIED.,.F.,.F.,(4,1,4),(0.,0.00147977938872803,0.00295955877745607),
 .UNSPECIFIED.);
#1424=B_SPLINE_CURVE_WITH_KNOTS('',3,(#3989,#3990,#3991,#3992,#3993),
 .UNSPECIFIED.,.F.,.F.,(4,1,4),(0.,0.00148357582228386,0.00296715164456772),
 .UNSPECIFIED.);
#1425=B_SPLINE_CURVE_WITH_KNOTS('',3,(#3995,#3996,#3997,#3998,#3999),
 .UNSPECIFIED.,.F.,.F.,(4,1,4),(0.,0.000343599420575149,0.000687198841150298),
 .UNSPECIFIED.);
#1426=B_SPLINE_CURVE_WITH_KNOTS('',3,(#4000,#4001,#4002,#4003,#4004),
 .UNSPECIFIED.,.F.,.F.,(4,1,4),(2.07616761288237E-16,0.000344756964060393,
0.000689513928120577),.UNSPECIFIED.);
#1427=B_SPLINE_CURVE_WITH_KNOTS('',3,(#4006,#4007,#4008,#4009,#4010),
 .UNSPECIFIED.,.F.,.F.,(4,1,4),(0.,0.000344756964111066,0.000689513928222131),
 .UNSPECIFIED.);
#1428=B_SPLINE_CURVE_WITH_KNOTS('',3,(#4011,#4012,#4013,#4014,#4015),
 .UNSPECIFIED.,.F.,.F.,(4,1,4),(0.,0.000343599420625848,0.000687198841251696),
 .UNSPECIFIED.);
#1429=B_SPLINE_CURVE_WITH_KNOTS('',3,(#4048,#4049,#4050,#4051),
 .UNSPECIFIED.,.F.,.F.,(4,4),(-5.88572689029448E-6,1.54599365617333E-5),
 .UNSPECIFIED.);
#1430=B_SPLINE_CURVE_WITH_KNOTS('',3,(#4101,#4102,#4103,#4104),
 .UNSPECIFIED.,.F.,.F.,(4,4),(0.,0.000291801413257304),.UNSPECIFIED.);
#1431=B_SPLINE_CURVE_WITH_KNOTS('',3,(#4117,#4118,#4119,#4120),
 .UNSPECIFIED.,.F.,.F.,(4,4),(1.91681791872332E-5,0.000312200548492785),
 .UNSPECIFIED.);
#1432=B_SPLINE_CURVE_WITH_KNOTS('',3,(#4122,#4123,#4124,#4125),
 .UNSPECIFIED.,.F.,.F.,(4,4),(-3.52754816800589E-5,0.00349751739540752),
 .UNSPECIFIED.);
#1433=B_SPLINE_CURVE_WITH_KNOTS('',3,(#4161,#4162,#4163,#4164),
 .UNSPECIFIED.,.F.,.F.,(4,4),(0.000160268357564009,0.000495796752264018),
 .UNSPECIFIED.);
#1434=B_SPLINE_CURVE_WITH_KNOTS('',3,(#4168,#4169,#4170,#4171),
 .UNSPECIFIED.,.F.,.F.,(4,4),(2.52455466232646E-5,0.000155045686459253),
 .UNSPECIFIED.);
#1435=B_SPLINE_CURVE_WITH_KNOTS('',3,(#4184,#4185,#4186,#4187),
 .UNSPECIFIED.,.F.,.F.,(4,4),(3.83731625749071E-5,0.00488094592879382),
 .UNSPECIFIED.);
#1436=B_SPLINE_CURVE_WITH_KNOTS('',3,(#4203,#4204,#4205,#4206),
 .UNSPECIFIED.,.F.,.F.,(4,4),(-6.34106750798683E-6,0.000344479506956536),
 .UNSPECIFIED.);
#1437=B_SPLINE_CURVE_WITH_KNOTS('',3,(#4219,#4220,#4221,#4222),
 .UNSPECIFIED.,.F.,.F.,(4,4),(0.,0.000261321292671654),.UNSPECIFIED.);
#1438=B_SPLINE_CURVE_WITH_KNOTS('',3,(#4331,#4332,#4333,#4334),
 .UNSPECIFIED.,.F.,.F.,(4,4),(-3.79234603681093E-6,0.000318460876982437),
 .UNSPECIFIED.);
#1439=B_SPLINE_CURVE_WITH_KNOTS('',3,(#4387,#4388,#4389,#4390),
 .UNSPECIFIED.,.F.,.F.,(4,4),(0.,0.000307793979677473),.UNSPECIFIED.);
#1440=B_SPLINE_CURVE_WITH_KNOTS('',3,(#4408,#4409,#4410,#4411),
 .UNSPECIFIED.,.F.,.F.,(4,4),(0.000106522732511194,0.000482640097732663),
 .UNSPECIFIED.);
#1441=B_SPLINE_CURVE_WITH_KNOTS('',3,(#4427,#4428,#4429,#4430),
 .UNSPECIFIED.,.F.,.F.,(4,4),(2.81199830837555E-5,0.000417217945553777),
 .UNSPECIFIED.);
#1442=B_SPLINE_CURVE_WITH_KNOTS('',3,(#4432,#4433,#4434,#4435),
 .UNSPECIFIED.,.F.,.F.,(4,4),(5.23499141371353E-5,0.0051246082735179),
 .UNSPECIFIED.);
#1443=EDGE_LOOP('',(#290,#291,#292,#293,#294,#295,#296,#297,#298,#299));
#1444=EDGE_LOOP('',(#300));
#1445=EDGE_LOOP('',(#301,#302,#303,#304));
#1446=EDGE_LOOP('',(#305,#306,#307,#308,#309,#310,#311,#312));
#1447=EDGE_LOOP('',(#313,#314,#315,#316,#317,#318));
#1448=EDGE_LOOP('',(#319,#320,#321,#322));
#1449=EDGE_LOOP('',(#323));
#1450=EDGE_LOOP('',(#324));
#1451=EDGE_LOOP('',(#325,#326,#327));
#1452=EDGE_LOOP('',(#328,#329,#330,#331));
#1453=EDGE_LOOP('',(#332,#333,#334,#335));
#1454=EDGE_LOOP('',(#336,#337,#338,#339));
#1455=EDGE_LOOP('',(#340));
#1456=EDGE_LOOP('',(#341));
#1457=EDGE_LOOP('',(#342));
#1458=EDGE_LOOP('',(#343));
#1459=EDGE_LOOP('',(#344));
#1460=EDGE_LOOP('',(#345));
#1461=EDGE_LOOP('',(#346,#347,#348,#349));
#1462=EDGE_LOOP('',(#350,#351,#352,#353,#354,#355,#356,#357,#358,#359));
#1463=EDGE_LOOP('',(#360,#361,#362,#363,#364,#365,#366,#367,#368,#369));
#1464=EDGE_LOOP('',(#370,#371,#372,#373,#374,#375,#376,#377,#378,#379));
#1465=EDGE_LOOP('',(#380,#381,#382,#383,#384,#385,#386,#387,#388,#389));
#1466=EDGE_LOOP('',(#390,#391,#392,#393,#394,#395,#396));
#1467=EDGE_LOOP('',(#397,#398,#399,#400,#401,#402,#403));
#1468=EDGE_LOOP('',(#404,#405,#406));
#1469=EDGE_LOOP('',(#407,#408,#409,#410,#411,#412,#413));
#1470=EDGE_LOOP('',(#414,#415,#416,#417,#418,#419,#420,#421));
#1471=EDGE_LOOP('',(#422));
#1472=EDGE_LOOP('',(#423));
#1473=EDGE_LOOP('',(#424));
#1474=EDGE_LOOP('',(#425));
#1475=EDGE_LOOP('',(#426,#427,#428,#429,#430,#431));
#1476=EDGE_LOOP('',(#432,#433,#434,#435));
#1477=EDGE_LOOP('',(#436));
#1478=EDGE_LOOP('',(#437,#438,#439,#440,#441,#442));
#1479=EDGE_LOOP('',(#443,#444,#445,#446));
#1480=EDGE_LOOP('',(#447,#448,#449,#450,#451,#452));
#1481=EDGE_LOOP('',(#453));
#1482=EDGE_LOOP('',(#454,#455,#456,#457));
#1483=EDGE_LOOP('',(#458,#459,#460,#461));
#1484=EDGE_LOOP('',(#462));
#1485=EDGE_LOOP('',(#463,#464,#465,#466,#467,#468));
#1486=EDGE_LOOP('',(#469,#470,#471,#472,#473));
#1487=EDGE_LOOP('',(#474,#475,#476,#477,#478));
#1488=EDGE_LOOP('',(#479,#480,#481,#482,#483));
#1489=EDGE_LOOP('',(#484,#485,#486,#487));
#1490=EDGE_LOOP('',(#488,#489,#490,#491));
#1491=EDGE_LOOP('',(#492,#493,#494,#495));
#1492=EDGE_LOOP('',(#496,#497,#498,#499));
#1493=EDGE_LOOP('',(#500,#501,#502,#503,#504));
#1494=EDGE_LOOP('',(#505,#506,#507,#508,#509));
#1495=EDGE_LOOP('',(#510,#511,#512,#513,#514));
#1496=EDGE_LOOP('',(#515,#516,#517,#518,#519));
#1497=EDGE_LOOP('',(#520,#521,#522,#523));
#1498=EDGE_LOOP('',(#524,#525,#526,#527));
#1499=EDGE_LOOP('',(#528,#529,#530,#531,#532));
#1500=EDGE_LOOP('',(#533,#534,#535,#536));
#1501=EDGE_LOOP('',(#537,#538,#539,#540));
#1502=EDGE_LOOP('',(#541,#542,#543,#544));
#1503=EDGE_LOOP('',(#545,#546,#547));
#1504=EDGE_LOOP('',(#548,#549,#550));
#1505=EDGE_LOOP('',(#551,#552,#553,#554));
#1506=EDGE_LOOP('',(#555,#556,#557,#558));
#1507=EDGE_LOOP('',(#559,#560,#561,#562,#563,#564));
#1508=EDGE_LOOP('',(#565,#566,#567,#568));
#1509=EDGE_LOOP('',(#569,#570,#571,#572));
#1510=EDGE_LOOP('',(#573,#574,#575,#576));
#1511=EDGE_LOOP('',(#577,#578,#579,#580));
#1512=EDGE_LOOP('',(#581,#582,#583,#584));
#1513=EDGE_LOOP('',(#585,#586,#587,#588));
#1514=EDGE_LOOP('',(#589,#590,#591,#592));
#1515=EDGE_LOOP('',(#593,#594,#595,#596));
#1516=EDGE_LOOP('',(#597,#598,#599,#600));
#1517=EDGE_LOOP('',(#601,#602,#603,#604));
#1518=EDGE_LOOP('',(#605,#606,#607,#608));
#1519=EDGE_LOOP('',(#609,#610,#611,#612));
#1520=EDGE_LOOP('',(#613,#614,#615,#616));
#1521=EDGE_LOOP('',(#617,#618,#619,#620));
#1522=EDGE_LOOP('',(#621,#622,#623,#624));
#1523=EDGE_LOOP('',(#625,#626,#627,#628));
#1524=EDGE_LOOP('',(#629,#630,#631,#632));
#1525=EDGE_LOOP('',(#633));
#1526=EDGE_LOOP('',(#634));
#1527=EDGE_LOOP('',(#635));
#1528=EDGE_LOOP('',(#636));
#1529=EDGE_LOOP('',(#637));
#1530=EDGE_LOOP('',(#638,#639));
#1531=EDGE_LOOP('',(#640));
#1532=EDGE_LOOP('',(#641));
#1533=EDGE_LOOP('',(#642,#643));
#1534=EDGE_LOOP('',(#644));
#1535=EDGE_LOOP('',(#645));
#1536=EDGE_LOOP('',(#646));
#1537=EDGE_LOOP('',(#647,#648,#649,#650,#651,#652,#653,#654,#655));
#1538=EDGE_LOOP('',(#656,#657,#658,#659,#660,#661,#662,#663,#664,#665,#666,
#667,#668,#669,#670,#671));
#1539=EDGE_LOOP('',(#672,#673,#674,#675,#676,#677));
#1540=EDGE_LOOP('',(#678,#679,#680,#681,#682,#683));
#1541=EDGE_LOOP('',(#684,#685,#686,#687));
#1542=EDGE_LOOP('',(#688,#689,#690,#691,#692));
#1543=EDGE_LOOP('',(#693,#694,#695,#696));
#1544=EDGE_LOOP('',(#697,#698,#699,#700));
#1545=EDGE_LOOP('',(#701,#702,#703,#704,#705,#706));
#1546=EDGE_LOOP('',(#707,#708,#709,#710,#711,#712));
#1547=EDGE_LOOP('',(#713,#714,#715,#716,#717,#718));
#1548=EDGE_LOOP('',(#719,#720,#721,#722,#723));
#1549=EDGE_LOOP('',(#724,#725,#726,#727,#728,#729,#730));
#1550=EDGE_LOOP('',(#731,#732,#733,#734,#735,#736));
#1551=EDGE_LOOP('',(#737,#738,#739,#740));
#1552=EDGE_LOOP('',(#741,#742,#743,#744,#745));
#1553=EDGE_LOOP('',(#746,#747,#748,#749,#750));
#1554=EDGE_LOOP('',(#751,#752,#753,#754));
#1555=EDGE_LOOP('',(#755,#756,#757,#758,#759));
#1556=EDGE_LOOP('',(#760,#761,#762,#763));
#1557=EDGE_LOOP('',(#764,#765,#766,#767));
#1558=EDGE_LOOP('',(#768,#769,#770,#771,#772));
#1559=EDGE_LOOP('',(#773,#774,#775,#776,#777,#778));
#1560=EDGE_LOOP('',(#779,#780,#781,#782,#783,#784));
#1561=EDGE_LOOP('',(#785,#786,#787,#788,#789,#790,#791));
#1562=EDGE_LOOP('',(#792,#793,#794,#795));
#1563=EDGE_LOOP('',(#796,#797,#798,#799));
#1564=EDGE_LOOP('',(#800,#801,#802,#803));
#1565=EDGE_LOOP('',(#804,#805,#806,#807));
#1566=EDGE_LOOP('',(#808,#809,#810,#811));
#1567=EDGE_LOOP('',(#812,#813,#814,#815));
#1568=EDGE_LOOP('',(#816,#817,#818,#819));
#1569=EDGE_LOOP('',(#820,#821,#822,#823));
#1570=EDGE_LOOP('',(#824,#825,#826,#827));
#1571=EDGE_LOOP('',(#828,#829,#830,#831));
#1572=EDGE_LOOP('',(#832,#833,#834,#835));
#1573=EDGE_LOOP('',(#836,#837,#838,#839));
#1574=EDGE_LOOP('',(#840,#841,#842,#843));
#1575=EDGE_LOOP('',(#844,#845,#846,#847));
#1576=FACE_BOUND('',#1443,.T.);
#1577=FACE_BOUND('',#1444,.T.);
#1578=FACE_BOUND('',#1445,.T.);
#1579=FACE_BOUND('',#1446,.T.);
#1580=FACE_BOUND('',#1447,.T.);
#1581=FACE_BOUND('',#1448,.T.);
#1582=FACE_BOUND('',#1449,.T.);
#1583=FACE_BOUND('',#1450,.T.);
#1584=FACE_BOUND('',#1451,.T.);
#1585=FACE_BOUND('',#1452,.T.);
#1586=FACE_BOUND('',#1453,.T.);
#1587=FACE_BOUND('',#1454,.T.);
#1588=FACE_BOUND('',#1455,.T.);
#1589=FACE_BOUND('',#1456,.T.);
#1590=FACE_BOUND('',#1457,.T.);
#1591=FACE_BOUND('',#1458,.T.);
#1592=FACE_BOUND('',#1459,.T.);
#1593=FACE_BOUND('',#1460,.T.);
#1594=FACE_BOUND('',#1461,.T.);
#1595=FACE_BOUND('',#1462,.T.);
#1596=FACE_BOUND('',#1463,.T.);
#1597=FACE_BOUND('',#1464,.T.);
#1598=FACE_BOUND('',#1465,.T.);
#1599=FACE_BOUND('',#1466,.T.);
#1600=FACE_BOUND('',#1467,.T.);
#1601=FACE_BOUND('',#1468,.T.);
#1602=FACE_BOUND('',#1469,.T.);
#1603=FACE_BOUND('',#1470,.T.);
#1604=FACE_BOUND('',#1471,.T.);
#1605=FACE_BOUND('',#1472,.T.);
#1606=FACE_BOUND('',#1473,.T.);
#1607=FACE_BOUND('',#1474,.T.);
#1608=FACE_BOUND('',#1475,.T.);
#1609=FACE_BOUND('',#1476,.T.);
#1610=FACE_BOUND('',#1477,.T.);
#1611=FACE_BOUND('',#1478,.T.);
#1612=FACE_BOUND('',#1479,.T.);
#1613=FACE_BOUND('',#1480,.T.);
#1614=FACE_BOUND('',#1481,.T.);
#1615=FACE_BOUND('',#1482,.T.);
#1616=FACE_BOUND('',#1483,.T.);
#1617=FACE_BOUND('',#1484,.T.);
#1618=FACE_BOUND('',#1485,.T.);
#1619=FACE_BOUND('',#1486,.T.);
#1620=FACE_BOUND('',#1487,.T.);
#1621=FACE_BOUND('',#1488,.T.);
#1622=FACE_BOUND('',#1489,.T.);
#1623=FACE_BOUND('',#1490,.T.);
#1624=FACE_BOUND('',#1491,.T.);
#1625=FACE_BOUND('',#1492,.T.);
#1626=FACE_BOUND('',#1493,.T.);
#1627=FACE_BOUND('',#1494,.T.);
#1628=FACE_BOUND('',#1495,.T.);
#1629=FACE_BOUND('',#1496,.T.);
#1630=FACE_BOUND('',#1497,.T.);
#1631=FACE_BOUND('',#1498,.T.);
#1632=FACE_BOUND('',#1499,.T.);
#1633=FACE_BOUND('',#1500,.T.);
#1634=FACE_BOUND('',#1501,.T.);
#1635=FACE_BOUND('',#1502,.T.);
#1636=FACE_BOUND('',#1503,.T.);
#1637=FACE_BOUND('',#1504,.T.);
#1638=FACE_BOUND('',#1505,.T.);
#1639=FACE_BOUND('',#1506,.T.);
#1640=FACE_BOUND('',#1507,.T.);
#1641=FACE_BOUND('',#1508,.T.);
#1642=FACE_BOUND('',#1509,.T.);
#1643=FACE_BOUND('',#1510,.T.);
#1644=FACE_BOUND('',#1511,.T.);
#1645=FACE_BOUND('',#1512,.T.);
#1646=FACE_BOUND('',#1513,.T.);
#1647=FACE_BOUND('',#1514,.T.);
#1648=FACE_BOUND('',#1515,.T.);
#1649=FACE_BOUND('',#1516,.T.);
#1650=FACE_BOUND('',#1517,.T.);
#1651=FACE_BOUND('',#1518,.T.);
#1652=FACE_BOUND('',#1519,.T.);
#1653=FACE_BOUND('',#1520,.T.);
#1654=FACE_BOUND('',#1521,.T.);
#1655=FACE_BOUND('',#1522,.T.);
#1656=FACE_BOUND('',#1523,.T.);
#1657=FACE_BOUND('',#1524,.T.);
#1658=FACE_BOUND('',#1525,.T.);
#1659=FACE_BOUND('',#1526,.T.);
#1660=FACE_BOUND('',#1527,.T.);
#1661=FACE_BOUND('',#1528,.T.);
#1662=FACE_BOUND('',#1529,.T.);
#1663=FACE_BOUND('',#1530,.T.);
#1664=FACE_BOUND('',#1531,.T.);
#1665=FACE_BOUND('',#1532,.T.);
#1666=FACE_BOUND('',#1533,.T.);
#1667=FACE_BOUND('',#1534,.T.);
#1668=FACE_BOUND('',#1535,.T.);
#1669=FACE_BOUND('',#1536,.T.);
#1670=FACE_BOUND('',#1537,.T.);
#1671=FACE_BOUND('',#1538,.T.);
#1672=FACE_BOUND('',#1539,.T.);
#1673=FACE_BOUND('',#1540,.T.);
#1674=FACE_BOUND('',#1541,.T.);
#1675=FACE_BOUND('',#1542,.T.);
#1676=FACE_BOUND('',#1543,.T.);
#1677=FACE_BOUND('',#1544,.T.);
#1678=FACE_BOUND('',#1545,.T.);
#1679=FACE_BOUND('',#1546,.T.);
#1680=FACE_BOUND('',#1547,.T.);
#1681=FACE_BOUND('',#1548,.T.);
#1682=FACE_BOUND('',#1549,.T.);
#1683=FACE_BOUND('',#1550,.T.);
#1684=FACE_BOUND('',#1551,.T.);
#1685=FACE_BOUND('',#1552,.T.);
#1686=FACE_BOUND('',#1553,.T.);
#1687=FACE_BOUND('',#1554,.T.);
#1688=FACE_BOUND('',#1555,.T.);
#1689=FACE_BOUND('',#1556,.T.);
#1690=FACE_BOUND('',#1557,.T.);
#1691=FACE_BOUND('',#1558,.T.);
#1692=FACE_BOUND('',#1559,.T.);
#1693=FACE_BOUND('',#1560,.T.);
#1694=FACE_BOUND('',#1561,.T.);
#1695=FACE_BOUND('',#1562,.T.);
#1696=FACE_BOUND('',#1563,.T.);
#1697=FACE_BOUND('',#1564,.T.);
#1698=FACE_BOUND('',#1565,.T.);
#1699=FACE_BOUND('',#1566,.T.);
#1700=FACE_BOUND('',#1567,.T.);
#1701=FACE_BOUND('',#1568,.T.);
#1702=FACE_BOUND('',#1569,.T.);
#1703=FACE_BOUND('',#1570,.T.);
#1704=FACE_BOUND('',#1571,.T.);
#1705=FACE_BOUND('',#1572,.T.);
#1706=FACE_BOUND('',#1573,.T.);
#1707=FACE_BOUND('',#1574,.T.);
#1708=FACE_BOUND('',#1575,.T.);
#1709=CYLINDRICAL_SURFACE('',#1856,13.8);
#1710=CYLINDRICAL_SURFACE('',#1863,1.6);
#1711=CYLINDRICAL_SURFACE('',#1866,2.);
#1712=CYLINDRICAL_SURFACE('',#1869,2.);
#1713=CYLINDRICAL_SURFACE('',#1872,2.);
#1714=CYLINDRICAL_SURFACE('',#1875,1.6);
#1715=CYLINDRICAL_SURFACE('',#1878,1.6);
#1716=CYLINDRICAL_SURFACE('',#1881,1.6);
#1717=CYLINDRICAL_SURFACE('',#1884,2.);
#1718=CYLINDRICAL_SURFACE('',#1901,2.9);
#1719=CYLINDRICAL_SURFACE('',#1907,2.9);
#1720=CYLINDRICAL_SURFACE('',#1913,2.9);
#1721=CYLINDRICAL_SURFACE('',#1915,2.9);
#1722=CYLINDRICAL_SURFACE('',#1921,2.);
#1723=CYLINDRICAL_SURFACE('',#1924,2.);
#1724=CYLINDRICAL_SURFACE('',#1927,2.);
#1725=CYLINDRICAL_SURFACE('',#1930,2.);
#1726=CYLINDRICAL_SURFACE('',#1932,2.);
#1727=CYLINDRICAL_SURFACE('',#1934,2.);
#1728=CYLINDRICAL_SURFACE('',#1936,2.);
#1729=CYLINDRICAL_SURFACE('',#1938,2.);
#1730=CYLINDRICAL_SURFACE('',#1944,10.7126451419739);
#1731=CYLINDRICAL_SURFACE('',#1970,13.8);
#1732=ADVANCED_FACE('',(#1576),#1709,.F.);
#1733=ADVANCED_FACE('',(#1577,#1578),#287,.F.);
#1734=ADVANCED_FACE('',(#1579),#288,.F.);
#1735=ADVANCED_FACE('',(#1580),#149,.F.);
#1736=ADVANCED_FACE('',(#1581,#1582),#289,.F.);
#1737=ADVANCED_FACE('',(#1583,#1584),#1710,.F.);
#1738=ADVANCED_FACE('',(#1585),#1711,.T.);
#1739=ADVANCED_FACE('',(#1586),#1712,.T.);
#1740=ADVANCED_FACE('',(#1587),#1713,.T.);
#1741=ADVANCED_FACE('',(#1588,#1589),#1714,.F.);
#1742=ADVANCED_FACE('',(#1590,#1591),#1715,.F.);
#1743=ADVANCED_FACE('',(#1592,#1593),#1716,.F.);
#1744=ADVANCED_FACE('',(#1594),#1717,.T.);
#1745=ADVANCED_FACE('',(#1595),#39,.F.);
#1746=ADVANCED_FACE('',(#1596),#40,.F.);
#1747=ADVANCED_FACE('',(#1597),#41,.T.);
#1748=ADVANCED_FACE('',(#1598),#42,.T.);
#1749=ADVANCED_FACE('',(#1599,#1600,#1601,#1602,#1603,#1604,#1605,#1606),
#43,.F.);
#1750=ADVANCED_FACE('',(#1607,#1608),#44,.T.);
#1751=ADVANCED_FACE('',(#1609),#1718,.F.);
#1752=ADVANCED_FACE('',(#1610,#1611),#45,.T.);
#1753=ADVANCED_FACE('',(#1612),#1719,.F.);
#1754=ADVANCED_FACE('',(#1613,#1614),#46,.T.);
#1755=ADVANCED_FACE('',(#1615),#1720,.F.);
#1756=ADVANCED_FACE('',(#1616),#1721,.F.);
#1757=ADVANCED_FACE('',(#1617,#1618),#47,.T.);
#1758=ADVANCED_FACE('',(#1619),#1722,.T.);
#1759=ADVANCED_FACE('',(#1620),#1723,.T.);
#1760=ADVANCED_FACE('',(#1621),#1724,.T.);
#1761=ADVANCED_FACE('',(#1622),#1725,.T.);
#1762=ADVANCED_FACE('',(#1623),#1726,.T.);
#1763=ADVANCED_FACE('',(#1624),#1727,.T.);
#1764=ADVANCED_FACE('',(#1625),#1728,.T.);
#1765=ADVANCED_FACE('',(#1626),#1729,.T.);
#1766=ADVANCED_FACE('',(#1627),#36,.F.);
#1767=ADVANCED_FACE('',(#1628),#37,.F.);
#1768=ADVANCED_FACE('',(#1629),#38,.F.);
#1769=ADVANCED_FACE('',(#1630),#30,.T.);
#1770=ADVANCED_FACE('',(#1631),#31,.F.);
#1771=ADVANCED_FACE('',(#1632),#32,.F.);
#1772=ADVANCED_FACE('',(#1633),#33,.T.);
#1773=ADVANCED_FACE('',(#1634),#34,.F.);
#1774=ADVANCED_FACE('',(#1635),#35,.T.);
#1775=ADVANCED_FACE('',(#1636),#1730,.F.);
#1776=ADVANCED_FACE('',(#1637),#48,.T.);
#1777=ADVANCED_FACE('',(#1638),#150,.F.);
#1778=ADVANCED_FACE('',(#1639),#151,.F.);
#1779=ADVANCED_FACE('',(#1640),#152,.F.);
#1780=ADVANCED_FACE('',(#1641),#153,.F.);
#1781=ADVANCED_FACE('',(#1642),#154,.F.);
#1782=ADVANCED_FACE('',(#1643),#155,.F.);
#1783=ADVANCED_FACE('',(#1644),#156,.F.);
#1784=ADVANCED_FACE('',(#1645),#157,.F.);
#1785=ADVANCED_FACE('',(#1646),#12,.F.);
#1786=ADVANCED_FACE('',(#1647),#13,.F.);
#1787=ADVANCED_FACE('',(#1648),#14,.F.);
#1788=ADVANCED_FACE('',(#1649),#15,.F.);
#1789=ADVANCED_FACE('',(#1650),#16,.F.);
#1790=ADVANCED_FACE('',(#1651),#17,.F.);
#1791=ADVANCED_FACE('',(#1652),#18,.F.);
#1792=ADVANCED_FACE('',(#1653),#19,.F.);
#1793=ADVANCED_FACE('',(#1654),#20,.F.);
#1794=ADVANCED_FACE('',(#1655),#21,.F.);
#1795=ADVANCED_FACE('',(#1656),#22,.F.);
#1796=ADVANCED_FACE('',(#1657),#23,.F.);
#1797=ADVANCED_FACE('',(#1658),#24,.T.);
#1798=ADVANCED_FACE('',(#1659),#25,.T.);
#1799=ADVANCED_FACE('',(#1660),#26,.T.);
#1800=ADVANCED_FACE('',(#1661),#27,.T.);
#1801=ADVANCED_FACE('',(#1662,#1663),#158,.F.);
#1802=ADVANCED_FACE('',(#1664,#1665),#159,.F.);
#1803=ADVANCED_FACE('',(#1666,#1667),#160,.F.);
#1804=ADVANCED_FACE('',(#1668,#1669),#161,.F.);
#1805=ADVANCED_FACE('',(#1670,#1671),#1731,.F.);
#1806=ADVANCED_FACE('',(#1672),#49,.F.);
#1807=ADVANCED_FACE('',(#1673),#50,.F.);
#1808=ADVANCED_FACE('',(#1674),#162,.T.);
#1809=ADVANCED_FACE('',(#1675),#163,.T.);
#1810=ADVANCED_FACE('',(#1676),#164,.T.);
#1811=ADVANCED_FACE('',(#1677),#165,.T.);
#1812=ADVANCED_FACE('',(#1678),#166,.T.);
#1813=ADVANCED_FACE('',(#1679),#167,.T.);
#1814=ADVANCED_FACE('',(#1680),#168,.T.);
#1815=ADVANCED_FACE('',(#1681),#169,.T.);
#1816=ADVANCED_FACE('',(#1682),#170,.T.);
#1817=ADVANCED_FACE('',(#1683),#171,.T.);
#1818=ADVANCED_FACE('',(#1684),#172,.T.);
#1819=ADVANCED_FACE('',(#1685),#173,.T.);
#1820=ADVANCED_FACE('',(#1686),#174,.T.);
#1821=ADVANCED_FACE('',(#1687),#175,.T.);
#1822=ADVANCED_FACE('',(#1688),#176,.T.);
#1823=ADVANCED_FACE('',(#1689),#177,.T.);
#1824=ADVANCED_FACE('',(#1690),#178,.T.);
#1825=ADVANCED_FACE('',(#1691),#179,.T.);
#1826=ADVANCED_FACE('',(#1692),#180,.T.);
#1827=ADVANCED_FACE('',(#1693),#181,.T.);
#1828=ADVANCED_FACE('',(#1694),#182,.T.);
#1829=ADVANCED_FACE('',(#1695),#183,.T.);
#1830=ADVANCED_FACE('',(#1696),#184,.T.);
#1831=ADVANCED_FACE('',(#1697),#185,.T.);
#1832=ADVANCED_FACE('',(#1698),#28,.T.);
#1833=ADVANCED_FACE('',(#1699),#186,.T.);
#1834=ADVANCED_FACE('',(#1700),#187,.T.);
#1835=ADVANCED_FACE('',(#1701),#188,.T.);
#1836=ADVANCED_FACE('',(#1702),#189,.T.);
#1837=ADVANCED_FACE('',(#1703),#190,.T.);
#1838=ADVANCED_FACE('',(#1704),#191,.T.);
#1839=ADVANCED_FACE('',(#1705),#29,.T.);
#1840=ADVANCED_FACE('',(#1706),#192,.T.);
#1841=ADVANCED_FACE('',(#1707),#193,.T.);
#1842=ADVANCED_FACE('',(#1708),#194,.T.);
#1843=CLOSED_SHELL('',(#1732,#1733,#1734,#1735,#1736,#1737,#1738,#1739,
#1740,#1741,#1742,#1743,#1744,#1745,#1746,#1747,#1748,#1749,#1750,#1751,
#1752,#1753,#1754,#1755,#1756,#1757,#1758,#1759,#1760,#1761,#1762,#1763,
#1764,#1765,#1766,#1767,#1768,#1769,#1770,#1771,#1772,#1773,#1774,#1775,
#1776,#1777,#1778,#1779,#1780,#1781,#1782,#1783,#1784,#1785,#1786,#1787,
#1788,#1789,#1790,#1791,#1792,#1793,#1794,#1795,#1796,#1797,#1798,#1799,
#1800,#1801,#1802,#1803,#1804,#1805,#1806,#1807,#1808,#1809,#1810,#1811,
#1812,#1813,#1814,#1815,#1816,#1817,#1818,#1819,#1820,#1821,#1822,#1823,
#1824,#1825,#1826,#1827,#1828,#1829,#1830,#1831,#1832,#1833,#1834,#1835,
#1836,#1837,#1838,#1839,#1840,#1841,#1842));
#1844=STYLED_ITEM('',(#1845),#1852);
#1845=PRESENTATION_STYLE_ASSIGNMENT((#1846));
#1846=SURFACE_STYLE_USAGE(.BOTH.,#1847);
#1847=SURFACE_SIDE_STYLE('',(#1848));
#1848=SURFACE_STYLE_FILL_AREA(#1849);
#1849=FILL_AREA_STYLE('',(#1850));
#1850=FILL_AREA_STYLE_COLOUR('',#1851);
#1851=COLOUR_RGB('',0.188235294117647,0.188235294117647,0.188235294117647);
#1852=MANIFOLD_SOLID_BREP('Duct-HEF-Rapido',#1843);
#1853=SHAPE_DEFINITION_REPRESENTATION(#4691,#1854);
#1854=SHAPE_REPRESENTATION('Duct-HEF-Rapido',(#1855),#4686);
#1855=AXIS2_PLACEMENT_3D('',#2360,#2007,#2008);
#1856=AXIS2_PLACEMENT_3D('',#2361,#2009,#2010);
#1857=AXIS2_PLACEMENT_3D('',#2422,#2011,#2012);
#1858=AXIS2_PLACEMENT_3D('',#2471,#2013,#2014);
#1859=AXIS2_PLACEMENT_3D('',#2472,#2015,#2016);
#1860=AXIS2_PLACEMENT_3D('',#2514,#2017,#2018);
#1861=AXIS2_PLACEMENT_3D('',#2594,#2019,#2020);
#1862=AXIS2_PLACEMENT_3D('',#2624,#2021,#2022);
#1863=AXIS2_PLACEMENT_3D('',#2644,#2023,#2024);
#1864=AXIS2_PLACEMENT_3D('',#2645,#2025,#2026);
#1865=AXIS2_PLACEMENT_3D('',#2655,#2028,#2029);
#1866=AXIS2_PLACEMENT_3D('',#2656,#2030,#2031);
#1867=AXIS2_PLACEMENT_3D('',#2657,#2032,#2033);
#1868=AXIS2_PLACEMENT_3D('',#2662,#2035,#2036);
#1869=AXIS2_PLACEMENT_3D('',#2665,#2038,#2039);
#1870=AXIS2_PLACEMENT_3D('',#2666,#2040,#2041);
#1871=AXIS2_PLACEMENT_3D('',#2671,#2043,#2044);
#1872=AXIS2_PLACEMENT_3D('',#2674,#2046,#2047);
#1873=AXIS2_PLACEMENT_3D('',#2675,#2048,#2049);
#1874=AXIS2_PLACEMENT_3D('',#2680,#2051,#2052);
#1875=AXIS2_PLACEMENT_3D('',#2683,#2054,#2055);
#1876=AXIS2_PLACEMENT_3D('',#2684,#2056,#2057);
#1877=AXIS2_PLACEMENT_3D('',#2686,#2058,#2059);
#1878=AXIS2_PLACEMENT_3D('',#2688,#2060,#2061);
#1879=AXIS2_PLACEMENT_3D('',#2689,#2062,#2063);
#1880=AXIS2_PLACEMENT_3D('',#2691,#2064,#2065);
#1881=AXIS2_PLACEMENT_3D('',#2693,#2066,#2067);
#1882=AXIS2_PLACEMENT_3D('',#2694,#2068,#2069);
#1883=AXIS2_PLACEMENT_3D('',#2696,#2070,#2071);
#1884=AXIS2_PLACEMENT_3D('',#2698,#2072,#2073);
#1885=AXIS2_PLACEMENT_3D('',#2699,#2074,#2075);
#1886=AXIS2_PLACEMENT_3D('',#2704,#2077,#2078);
#1887=AXIS2_PLACEMENT_3D('',#2707,#2080,#2081);
#1888=AXIS2_PLACEMENT_3D('',#2728,#2088,#2089);
#1889=AXIS2_PLACEMENT_3D('',#2732,#2091,#2092);
#1890=AXIS2_PLACEMENT_3D('',#2749,#2097,#2098);
#1891=AXIS2_PLACEMENT_3D('',#2770,#2105,#2106);
#1892=AXIS2_PLACEMENT_3D('',#2774,#2108,#2109);
#1893=AXIS2_PLACEMENT_3D('',#2791,#2114,#2115);
#1894=AXIS2_PLACEMENT_3D('',#2792,#2116,#2117);
#1895=AXIS2_PLACEMENT_3D('',#2818,#2120,#2121);
#1896=AXIS2_PLACEMENT_3D('',#2859,#2128,#2129);
#1897=AXIS2_PLACEMENT_3D('',#2866,#2130,#2131);
#1898=AXIS2_PLACEMENT_3D('',#2867,#2132,#2133);
#1899=AXIS2_PLACEMENT_3D('',#2869,#2134,#2135);
#1900=AXIS2_PLACEMENT_3D('',#2871,#2136,#2137);
#1901=AXIS2_PLACEMENT_3D('',#2872,#2138,#2139);
#1902=AXIS2_PLACEMENT_3D('',#2886,#2142,#2143);
#1903=AXIS2_PLACEMENT_3D('',#2887,#2144,#2145);
#1904=AXIS2_PLACEMENT_3D('',#2888,#2146,#2147);
#1905=AXIS2_PLACEMENT_3D('',#2891,#2148,#2149);
#1906=AXIS2_PLACEMENT_3D('',#2892,#2150,#2151);
#1907=AXIS2_PLACEMENT_3D('',#2893,#2152,#2153);
#1908=AXIS2_PLACEMENT_3D('',#2907,#2156,#2157);
#1909=AXIS2_PLACEMENT_3D('',#2908,#2158,#2159);
#1910=AXIS2_PLACEMENT_3D('',#2909,#2160,#2161);
#1911=AXIS2_PLACEMENT_3D('',#2912,#2162,#2163);
#1912=AXIS2_PLACEMENT_3D('',#2913,#2164,#2165);
#1913=AXIS2_PLACEMENT_3D('',#2914,#2166,#2167);
#1914=AXIS2_PLACEMENT_3D('',#2928,#2170,#2171);
#1915=AXIS2_PLACEMENT_3D('',#2929,#2172,#2173);
#1916=AXIS2_PLACEMENT_3D('',#2943,#2176,#2177);
#1917=AXIS2_PLACEMENT_3D('',#2944,#2178,#2179);
#1918=AXIS2_PLACEMENT_3D('',#2945,#2180,#2181);
#1919=AXIS2_PLACEMENT_3D('',#2948,#2182,#2183);
#1920=AXIS2_PLACEMENT_3D('',#2949,#2184,#2185);
#1921=AXIS2_PLACEMENT_3D('',#2950,#2186,#2187);
#1922=AXIS2_PLACEMENT_3D('',#2951,#2188,#2189);
#1923=AXIS2_PLACEMENT_3D('',#2957,#2190,#2191);
#1924=AXIS2_PLACEMENT_3D('',#2958,#2192,#2193);
#1925=AXIS2_PLACEMENT_3D('',#2959,#2194,#2195);
#1926=AXIS2_PLACEMENT_3D('',#2965,#2196,#2197);
#1927=AXIS2_PLACEMENT_3D('',#2966,#2198,#2199);
#1928=AXIS2_PLACEMENT_3D('',#2972,#2200,#2201);
#1929=AXIS2_PLACEMENT_3D('',#2973,#2202,#2203);
#1930=AXIS2_PLACEMENT_3D('',#2974,#2204,#2205);
#1931=AXIS2_PLACEMENT_3D('',#2980,#2206,#2207);
#1932=AXIS2_PLACEMENT_3D('',#2981,#2208,#2209);
#1933=AXIS2_PLACEMENT_3D('',#2987,#2210,#2211);
#1934=AXIS2_PLACEMENT_3D('',#2988,#2212,#2213);
#1935=AXIS2_PLACEMENT_3D('',#2994,#2214,#2215);
#1936=AXIS2_PLACEMENT_3D('',#2995,#2216,#2217);
#1937=AXIS2_PLACEMENT_3D('',#3001,#2218,#2219);
#1938=AXIS2_PLACEMENT_3D('',#3002,#2220,#2221);
#1939=AXIS2_PLACEMENT_3D('',#3008,#2222,#2223);
#1940=AXIS2_PLACEMENT_3D('',#3009,#2224,#2225);
#1941=AXIS2_PLACEMENT_3D('',#3010,#2226,#2227);
#1942=AXIS2_PLACEMENT_3D('',#3039,#2228,#2229);
#1943=AXIS2_PLACEMENT_3D('',#3066,#2230,#2231);
#1944=AXIS2_PLACEMENT_3D('',#3247,#2232,#2233);
#1945=AXIS2_PLACEMENT_3D('',#3251,#2234,#2235);
#1946=AXIS2_PLACEMENT_3D('',#3524,#2236,#2237);
#1947=AXIS2_PLACEMENT_3D('',#3525,#2238,#2239);
#1948=AXIS2_PLACEMENT_3D('',#3526,#2240,#2241);
#1949=AXIS2_PLACEMENT_3D('',#3527,#2242,#2243);
#1950=AXIS2_PLACEMENT_3D('',#3528,#2244,#2245);
#1951=AXIS2_PLACEMENT_3D('',#3529,#2246,#2247);
#1952=AXIS2_PLACEMENT_3D('',#3530,#2248,#2249);
#1953=AXIS2_PLACEMENT_3D('',#3531,#2250,#2251);
#1954=AXIS2_PLACEMENT_3D('',#3532,#2252,#2253);
#1955=AXIS2_PLACEMENT_3D('',#3533,#2254,#2255);
#1956=AXIS2_PLACEMENT_3D('',#3534,#2256,#2257);
#1957=AXIS2_PLACEMENT_3D('',#3535,#2258,#2259);
#1958=AXIS2_PLACEMENT_3D('',#3536,#2260,#2261);
#1959=AXIS2_PLACEMENT_3D('',#3537,#2262,#2263);
#1960=AXIS2_PLACEMENT_3D('',#3538,#2264,#2265);
#1961=AXIS2_PLACEMENT_3D('',#3539,#2266,#2267);
#1962=AXIS2_PLACEMENT_3D('',#3540,#2268,#2269);
#1963=AXIS2_PLACEMENT_3D('',#3541,#2270,#2271);
#1964=AXIS2_PLACEMENT_3D('',#3542,#2272,#2273);
#1965=AXIS2_PLACEMENT_3D('',#3543,#2274,#2275);
#1966=AXIS2_PLACEMENT_3D('',#3544,#2276,#2277);
#1967=AXIS2_PLACEMENT_3D('',#3568,#2278,#2279);
#1968=AXIS2_PLACEMENT_3D('',#3592,#2280,#2281);
#1969=AXIS2_PLACEMENT_3D('',#3616,#2282,#2283);
#1970=AXIS2_PLACEMENT_3D('',#3844,#2284,#2285);
#1971=AXIS2_PLACEMENT_3D('',#3945,#2287,#2288);
#1972=AXIS2_PLACEMENT_3D('',#3987,#2290,#2291);
#1973=AXIS2_PLACEMENT_3D('',#3994,#2292,#2293);
#1974=AXIS2_PLACEMENT_3D('',#4005,#2294,#2295);
#1975=AXIS2_PLACEMENT_3D('',#4031,#2296,#2297);
#1976=AXIS2_PLACEMENT_3D('',#4032,#2298,#2299);
#1977=AXIS2_PLACEMENT_3D('',#4053,#2300,#2301);
#1978=AXIS2_PLACEMENT_3D('',#4054,#2302,#2303);
#1979=AXIS2_PLACEMENT_3D('',#4085,#2304,#2305);
#1980=AXIS2_PLACEMENT_3D('',#4141,#2306,#2307);
#1981=AXIS2_PLACEMENT_3D('',#4142,#2308,#2309);
#1982=AXIS2_PLACEMENT_3D('',#4167,#2310,#2311);
#1983=AXIS2_PLACEMENT_3D('',#4189,#2312,#2313);
#1984=AXIS2_PLACEMENT_3D('',#4190,#2314,#2315);
#1985=AXIS2_PLACEMENT_3D('',#4256,#2316,#2317);
#1986=AXIS2_PLACEMENT_3D('',#4272,#2318,#2319);
#1987=AXIS2_PLACEMENT_3D('',#4291,#2320,#2321);
#1988=AXIS2_PLACEMENT_3D('',#4313,#2322,#2323);
#1989=AXIS2_PLACEMENT_3D('',#4329,#2324,#2325);
#1990=AXIS2_PLACEMENT_3D('',#4365,#2326,#2327);
#1991=AXIS2_PLACEMENT_3D('',#4406,#2328,#2329);
#1992=AXIS2_PLACEMENT_3D('',#4451,#2330,#2331);
#1993=AXIS2_PLACEMENT_3D('',#4479,#2332,#2333);
#1994=AXIS2_PLACEMENT_3D('',#4501,#2334,#2335);
#1995=AXIS2_PLACEMENT_3D('',#4520,#2336,#2337);
#1996=AXIS2_PLACEMENT_3D('',#4521,#2338,#2339);
#1997=AXIS2_PLACEMENT_3D('',#4522,#2340,#2341);
#1998=AXIS2_PLACEMENT_3D('',#4541,#2342,#2343);
#1999=AXIS2_PLACEMENT_3D('',#4563,#2344,#2345);
#2000=AXIS2_PLACEMENT_3D('',#4588,#2346,#2347);
#2001=AXIS2_PLACEMENT_3D('',#4610,#2348,#2349);
#2002=AXIS2_PLACEMENT_3D('',#4629,#2350,#2351);
#2003=AXIS2_PLACEMENT_3D('',#4630,#2352,#2353);
#2004=AXIS2_PLACEMENT_3D('',#4631,#2354,#2355);
#2005=AXIS2_PLACEMENT_3D('',#4650,#2356,#2357);
#2006=AXIS2_PLACEMENT_3D('',#4672,#2358,#2359);
#2007=DIRECTION('',(0.,0.,1.));
#2008=DIRECTION('',(1.,0.,0.));
#2009=DIRECTION('',(2.05070561253676E-16,1.,-2.23619204543663E-16));
#2010=DIRECTION('',(-1.,2.05070561254616E-16,4.19962208960515E-12));
#2011=DIRECTION('',(-4.19962208960515E-12,-2.23619204542802E-16,-1.));
#2012=DIRECTION('',(1.,-1.22464681446415E-16,-4.19962208960515E-12));
#2013=DIRECTION('',(4.19962208960515E-12,2.23619204542802E-16,1.));
#2014=DIRECTION('',(1.,-1.22464681446415E-16,-4.19962208960515E-12));
#2015=DIRECTION('',(-4.19962208960515E-12,-2.23619204542802E-16,-1.));
#2016=DIRECTION('',(1.,-1.22464681446415E-16,-4.19962208960515E-12));
#2017=DIRECTION('',(4.19962208960515E-12,2.23619204542802E-16,1.));
#2018=DIRECTION('',(1.,-1.22464681446415E-16,-4.19962208960515E-12));
#2019=DIRECTION('',(-4.19962208960515E-12,-2.23619204542802E-16,-1.));
#2020=DIRECTION('',(1.,-1.22464681446415E-16,-4.19962208960515E-12));
#2021=DIRECTION('',(4.19962208960515E-12,2.23619204542802E-16,1.));
#2022=DIRECTION('',(1.,-1.22464681446415E-16,-4.19962208960515E-12));
#2023=DIRECTION('',(-4.19962208960515E-12,-2.23619204542802E-16,-1.));
#2024=DIRECTION('',(-1.,1.22464681446415E-16,4.19962208960515E-12));
#2025=DIRECTION('',(4.19962208960515E-12,2.23619204542802E-16,1.));
#2026=DIRECTION('',(1.,0.,-4.19962208960515E-12));
#2027=DIRECTION('',(-4.19962208960515E-12,-2.23619204542802E-16,-1.));
#2028=DIRECTION('',(4.19962208960515E-12,2.23619204542802E-16,1.));
#2029=DIRECTION('',(1.,-1.22464681446415E-16,-4.19962208960515E-12));
#2030=DIRECTION('',(-4.19962208960515E-12,-2.23619204542802E-16,-1.));
#2031=DIRECTION('',(-1.,1.22464681446415E-16,4.19962208960515E-12));
#2032=DIRECTION('',(4.19962208960515E-12,2.23619204542802E-16,1.));
#2033=DIRECTION('',(1.,0.,-4.19962208960515E-12));
#2034=DIRECTION('',(-4.19962208960515E-12,-2.23619204542802E-16,-1.));
#2035=DIRECTION('',(4.19962208960515E-12,2.23619204542802E-16,1.));
#2036=DIRECTION('',(1.,-1.22464681446415E-16,-4.19962208960515E-12));
#2037=DIRECTION('',(-4.19962208960515E-12,-2.23619204542802E-16,-1.));
#2038=DIRECTION('',(-4.19962208960515E-12,-2.23619204542802E-16,-1.));
#2039=DIRECTION('',(-1.,1.22464681446415E-16,4.19962208960515E-12));
#2040=DIRECTION('',(4.19962208960515E-12,2.23619204542802E-16,1.));
#2041=DIRECTION('',(1.,0.,-4.19962208960515E-12));
#2042=DIRECTION('',(-4.19962208960515E-12,-2.23619204542802E-16,-1.));
#2043=DIRECTION('',(4.19962208960515E-12,2.23619204542802E-16,1.));
#2044=DIRECTION('',(1.,-1.22464681446415E-16,-4.19962208960515E-12));
#2045=DIRECTION('',(-4.19962208960515E-12,-2.23619204542802E-16,-1.));
#2046=DIRECTION('',(-4.19962208960515E-12,-2.23619204542802E-16,-1.));
#2047=DIRECTION('',(-1.,1.22464681446415E-16,4.19962208960515E-12));
#2048=DIRECTION('',(4.19962208960515E-12,2.23619204542802E-16,1.));
#2049=DIRECTION('',(1.,0.,-4.19962208960515E-12));
#2050=DIRECTION('',(-4.19962208960515E-12,-2.23619204542802E-16,-1.));
#2051=DIRECTION('',(4.19962208960515E-12,2.23619204542802E-16,1.));
#2052=DIRECTION('',(1.,-1.22464681446415E-16,-4.19962208960515E-12));
#2053=DIRECTION('',(-4.19962208960515E-12,-2.23619204542802E-16,-1.));
#2054=DIRECTION('',(-4.19962208960515E-12,-2.23619204542802E-16,-1.));
#2055=DIRECTION('',(-1.,1.22464681446415E-16,4.19962208960515E-12));
#2056=DIRECTION('',(4.19962208960515E-12,2.23619204542802E-16,1.));
#2057=DIRECTION('',(1.,-1.22464681446415E-16,-4.19962208960515E-12));
#2058=DIRECTION('',(4.19962208960515E-12,2.23619204542802E-16,1.));
#2059=DIRECTION('',(1.,0.,-4.19962208960515E-12));
#2060=DIRECTION('',(-4.19962208960515E-12,-2.23619204542802E-16,-1.));
#2061=DIRECTION('',(-1.,1.22464681446415E-16,4.19962208960515E-12));
#2062=DIRECTION('',(4.19962208960515E-12,2.23619204542802E-16,1.));
#2063=DIRECTION('',(1.,-1.22464681446415E-16,-4.19962208960515E-12));
#2064=DIRECTION('',(4.19962208960515E-12,2.23619204542802E-16,1.));
#2065=DIRECTION('',(1.,0.,-4.19962208960515E-12));
#2066=DIRECTION('',(-4.19962208960515E-12,-2.23619204542802E-16,-1.));
#2067=DIRECTION('',(-1.,1.22464681446415E-16,4.19962208960515E-12));
#2068=DIRECTION('',(4.19962208960515E-12,2.23619204542802E-16,1.));
#2069=DIRECTION('',(1.,-1.22464681446415E-16,-4.19962208960515E-12));
#2070=DIRECTION('',(4.19962208960515E-12,2.23619204542802E-16,1.));
#2071=DIRECTION('',(1.,0.,-4.19962208960515E-12));
#2072=DIRECTION('',(-4.19962208960515E-12,-2.23619204542802E-16,-1.));
#2073=DIRECTION('',(-1.,1.22464681446415E-16,4.19962208960515E-12));
#2074=DIRECTION('',(4.19962208960515E-12,2.23619204542802E-16,1.));
#2075=DIRECTION('',(1.,0.,-4.19962208960515E-12));
#2076=DIRECTION('',(-4.19962208960515E-12,-2.23619204542802E-16,-1.));
#2077=DIRECTION('',(4.19962208960515E-12,2.23619204542802E-16,1.));
#2078=DIRECTION('',(1.,-1.22464681446415E-16,-4.19962208960515E-12));
#2079=DIRECTION('',(-4.19962208960515E-12,-2.23619204542802E-16,-1.));
#2080=DIRECTION('',(-1.,4.52888199148817E-16,4.19962208960515E-12));
#2081=DIRECTION('',(4.19962208960515E-12,7.294370043366E-13,1.));
#2082=DIRECTION('',(4.19962208960515E-12,2.23619204542802E-16,1.));
#2083=DIRECTION('',(-4.52888199147878E-16,-1.,2.23619204544704E-16));
#2084=DIRECTION('',(4.19962208960515E-12,2.23619204542802E-16,1.));
#2085=DIRECTION('',(4.52888199147878E-16,1.,-2.23619204544704E-16));
#2086=DIRECTION('',(4.52888199147878E-16,1.,-2.23619204544704E-16));
#2087=DIRECTION('',(4.52888199147878E-16,1.,-2.23619204544704E-16));
#2088=DIRECTION('',(-2.05070561253676E-16,-1.,2.23619204543663E-16));
#2089=DIRECTION('',(2.09981104480257E-12,2.23619204543261E-16,1.));
#2090=DIRECTION('',(4.19962208960515E-12,2.23619204542802E-16,1.));
#2091=DIRECTION('',(-2.05070561253676E-16,-1.,2.23619204543663E-16));
#2092=DIRECTION('',(0.,-2.23619204543663E-16,-1.));
#2093=DIRECTION('',(4.19962208960515E-12,2.23619204542802E-16,1.));
#2094=DIRECTION('',(-1.,2.05070561254616E-16,4.19962208960515E-12));
#2095=DIRECTION('',(-1.,2.05070561254616E-16,4.19962208960515E-12));
#2096=DIRECTION('',(-1.,2.05070561254616E-16,4.19962208960515E-12));
#2097=DIRECTION('',(-1.,4.52888199148817E-16,4.19962208960515E-12));
#2098=DIRECTION('',(4.19962208960515E-12,7.294370043366E-13,1.));
#2099=DIRECTION('',(-4.52888199147877E-16,-1.,2.23619204544704E-16));
#2100=DIRECTION('',(-4.19962208960515E-12,-2.23619204542802E-16,-1.));
#2101=DIRECTION('',(4.52888199147877E-16,1.,-2.23619204544704E-16));
#2102=DIRECTION('',(4.52888199147877E-16,1.,-2.23619204544704E-16));
#2103=DIRECTION('',(4.52888199147877E-16,1.,-2.23619204544704E-16));
#2104=DIRECTION('',(-4.19962208960515E-12,-2.23619204542802E-16,-1.));
#2105=DIRECTION('',(-1.22464681445498E-16,-1.,2.23619204543316E-16));
#2106=DIRECTION('',(2.09981104480257E-12,2.23619204543059E-16,1.));
#2107=DIRECTION('',(-4.19962208960515E-12,-2.23619204542802E-16,-1.));
#2108=DIRECTION('',(-1.22464681445498E-16,-1.,2.23619204543316E-16));
#2109=DIRECTION('',(0.,-2.23619204543316E-16,-1.));
#2110=DIRECTION('',(-4.19962208960515E-12,-2.23619204542802E-16,-1.));
#2111=DIRECTION('',(-1.,1.22464681446437E-16,4.19962208960515E-12));
#2112=DIRECTION('',(-1.,1.22464681446437E-16,4.19962208960515E-12));
#2113=DIRECTION('',(-1.,1.22464681446437E-16,4.19962208960515E-12));
#2114=DIRECTION('',(4.19962208960515E-12,2.23619204542802E-16,1.));
#2115=DIRECTION('',(1.,-1.22464679915205E-16,-4.19962208960515E-12));
#2116=DIRECTION('',(-2.09981104480257E-12,-1.11809602271529E-16,-1.));
#2117=DIRECTION('',(0.573576436351045,-0.819152044288992,-1.20431054702416E-12));
#2118=DIRECTION('',(0.422618261740699,0.90630778703665,-8.8740801804932E-13));
#2119=DIRECTION('',(-0.996194698091746,-0.0871557427476575,2.09194218427802E-12));
#2120=DIRECTION('',(-2.09981104480257E-12,-1.11809602271529E-16,-1.));
#2121=DIRECTION('',(0.573576436351045,-0.819152044288992,-1.20431054702416E-12));
#2122=DIRECTION('',(-0.996194698091746,-0.0871557427476575,2.09194218427802E-12));
#2123=DIRECTION('',(0.573576436351045,-0.819152044288992,-1.20419873742188E-12));
#2124=DIRECTION('',(0.573576436351045,-0.819152044288992,-1.20419873742188E-12));
#2125=DIRECTION('',(0.819152044288992,0.573576436351045,-3.81914404725579E-12));
#2126=DIRECTION('',(0.573576436351045,-0.819152044288992,-1.20419873742188E-12));
#2127=DIRECTION('',(0.422618261740699,0.90630778703665,-8.8740801804932E-13));
#2128=DIRECTION('',(-2.09981104480257E-12,-1.11809602271529E-16,-1.));
#2129=DIRECTION('',(0.573576436351045,-0.819152044288992,-1.20431054702416E-12));
#2130=DIRECTION('',(4.19962208960515E-12,2.23619204542802E-16,1.));
#2131=DIRECTION('',(1.,-1.22464679915205E-16,-4.19962208960515E-12));
#2132=DIRECTION('',(4.19962208960515E-12,2.23619204542802E-16,1.));
#2133=DIRECTION('',(1.,0.,-4.19962208960515E-12));
#2134=DIRECTION('',(4.19962208960515E-12,2.23619204542802E-16,1.));
#2135=DIRECTION('',(1.,0.,-4.19962208960515E-12));
#2136=DIRECTION('',(4.19962208960515E-12,2.23619204542802E-16,1.));
#2137=DIRECTION('',(1.,0.,-4.19962208960515E-12));
#2138=DIRECTION('',(4.19962208960515E-12,2.23619204542802E-16,1.));
#2139=DIRECTION('',(1.,-1.22464681446415E-16,-4.19962208960515E-12));
#2140=DIRECTION('',(4.19962208960515E-12,2.23619204542802E-16,1.));
#2141=DIRECTION('',(4.19962208960515E-12,2.23619204542802E-16,1.));
#2142=DIRECTION('',(4.19962208960515E-12,2.23619204542802E-16,1.));
#2143=DIRECTION('',(1.,0.,-4.19962208960515E-12));
#2144=DIRECTION('',(4.19962208960515E-12,2.23619204542802E-16,1.));
#2145=DIRECTION('',(1.,-1.22464679915205E-16,-4.19962208960515E-12));
#2146=DIRECTION('',(4.19962208960515E-12,2.23619204542802E-16,1.));
#2147=DIRECTION('',(1.,0.,-4.19962208960515E-12));
#2148=DIRECTION('',(4.19962208960515E-12,2.23619204542802E-16,1.));
#2149=DIRECTION('',(1.,0.,-4.19962208960515E-12));
#2150=DIRECTION('',(4.19962208960515E-12,2.23619204542802E-16,1.));
#2151=DIRECTION('',(1.,0.,-4.19962208960515E-12));
#2152=DIRECTION('',(4.19962208960515E-12,2.23619204542802E-16,1.));
#2153=DIRECTION('',(1.,-1.22464681446415E-16,-4.19962208960515E-12));
#2154=DIRECTION('',(4.19962208960515E-12,2.23619204542802E-16,1.));
#2155=DIRECTION('',(4.19962208960515E-12,2.23619204542802E-16,1.));
#2156=DIRECTION('',(4.19962208960515E-12,2.23619204542802E-16,1.));
#2157=DIRECTION('',(1.,0.,-4.19962208960515E-12));
#2158=DIRECTION('',(4.19962208960515E-12,2.23619204542802E-16,1.));
#2159=DIRECTION('',(1.,-1.22464679915205E-16,-4.19962208960515E-12));
#2160=DIRECTION('',(4.19962208960515E-12,2.23619204542802E-16,1.));
#2161=DIRECTION('',(1.,0.,-4.19962208960515E-12));
#2162=DIRECTION('',(4.19962208960515E-12,2.23619204542802E-16,1.));
#2163=DIRECTION('',(1.,0.,-4.19962208960515E-12));
#2164=DIRECTION('',(4.19962208960515E-12,2.23619204542802E-16,1.));
#2165=DIRECTION('',(1.,0.,-4.19962208960515E-12));
#2166=DIRECTION('',(4.19962208960515E-12,2.23619204542802E-16,1.));
#2167=DIRECTION('',(1.,-1.22464681446415E-16,-4.19962208960515E-12));
#2168=DIRECTION('',(4.19962208960515E-12,2.23619204542802E-16,1.));
#2169=DIRECTION('',(4.19962208960515E-12,2.23619204542802E-16,1.));
#2170=DIRECTION('',(4.19962208960515E-12,2.23619204542802E-16,1.));
#2171=DIRECTION('',(1.,0.,-4.19962208960515E-12));
#2172=DIRECTION('',(4.19962208960515E-12,2.23619204542802E-16,1.));
#2173=DIRECTION('',(1.,-1.22464681446415E-16,-4.19962208960515E-12));
#2174=DIRECTION('',(4.19962208960515E-12,2.23619204542802E-16,1.));
#2175=DIRECTION('',(4.19962208960515E-12,2.23619204542802E-16,1.));
#2176=DIRECTION('',(4.19962208960515E-12,2.23619204542802E-16,1.));
#2177=DIRECTION('',(1.,0.,-4.19962208960515E-12));
#2178=DIRECTION('',(4.19962208960515E-12,2.23619204542802E-16,1.));
#2179=DIRECTION('',(1.,-1.22464679915205E-16,-4.19962208960515E-12));
#2180=DIRECTION('',(4.19962208960515E-12,2.23619204542802E-16,1.));
#2181=DIRECTION('',(1.,0.,-4.19962208960515E-12));
#2182=DIRECTION('',(4.19962208960515E-12,2.23619204542802E-16,1.));
#2183=DIRECTION('',(1.,0.,-4.19962208960515E-12));
#2184=DIRECTION('',(4.19962208960515E-12,2.23619204542802E-16,1.));
#2185=DIRECTION('',(1.,0.,-4.19962208960515E-12));
#2186=DIRECTION('',(4.19962208960515E-12,2.23619204542802E-16,1.));
#2187=DIRECTION('',(1.,-1.22464681446415E-16,-4.19962208960515E-12));
#2188=DIRECTION('',(-4.19962208960515E-12,-2.23619204542802E-16,-1.));
#2189=DIRECTION('',(-1.,0.,4.19962208960515E-12));
#2190=DIRECTION('',(4.19962208960515E-12,2.23619204542802E-16,1.));
#2191=DIRECTION('',(1.,0.,-4.19962208960515E-12));
#2192=DIRECTION('',(4.19962208960515E-12,2.23619204542802E-16,1.));
#2193=DIRECTION('',(1.,-1.22464681446415E-16,-4.19962208960515E-12));
#2194=DIRECTION('',(-4.19962208960515E-12,-2.23619204542802E-16,-1.));
#2195=DIRECTION('',(-1.,0.,4.19962208960515E-12));
#2196=DIRECTION('',(4.19962208960515E-12,2.23619204542802E-16,1.));
#2197=DIRECTION('',(1.,0.,-4.19962208960515E-12));
#2198=DIRECTION('',(4.19962208960515E-12,2.23619204542802E-16,1.));
#2199=DIRECTION('',(1.,-1.22464681446415E-16,-4.19962208960515E-12));
#2200=DIRECTION('',(-4.19962208960515E-12,-2.23619204542802E-16,-1.));
#2201=DIRECTION('',(-1.,0.,4.19962208960515E-12));
#2202=DIRECTION('',(4.19962208960515E-12,2.23619204542802E-16,1.));
#2203=DIRECTION('',(1.,0.,-4.19962208960515E-12));
#2204=DIRECTION('',(4.19962208960515E-12,2.23619204542802E-16,1.));
#2205=DIRECTION('',(1.,-1.22464681446415E-16,-4.19962208960515E-12));
#2206=DIRECTION('',(4.19962208960515E-12,2.23619204542802E-16,1.));
#2207=DIRECTION('',(1.,0.,-4.19962208960515E-12));
#2208=DIRECTION('',(4.19962208960515E-12,2.23619204542802E-16,1.));
#2209=DIRECTION('',(1.,-1.22464681446415E-16,-4.19962208960515E-12));
#2210=DIRECTION('',(4.19962208960515E-12,2.23619204542802E-16,1.));
#2211=DIRECTION('',(1.,0.,-4.19962208960515E-12));
#2212=DIRECTION('',(4.19962208960515E-12,2.23619204542802E-16,1.));
#2213=DIRECTION('',(1.,-1.22464681446415E-16,-4.19962208960515E-12));
#2214=DIRECTION('',(4.19962208960515E-12,2.23619204542802E-16,1.));
#2215=DIRECTION('',(1.,0.,-4.19962208960515E-12));
#2216=DIRECTION('',(4.19962208960515E-12,2.23619204542802E-16,1.));
#2217=DIRECTION('',(1.,-1.22464681446415E-16,-4.19962208960515E-12));
#2218=DIRECTION('',(4.19962208960515E-12,2.23619204542802E-16,1.));
#2219=DIRECTION('',(1.,0.,-4.19962208960515E-12));
#2220=DIRECTION('',(4.19962208960515E-12,2.23619204542802E-16,1.));
#2221=DIRECTION('',(1.,-1.22464681446415E-16,-4.19962208960515E-12));
#2222=DIRECTION('',(-4.19962208960515E-12,-2.23619204542802E-16,-1.));
#2223=DIRECTION('',(-1.,0.,4.19962208960515E-12));
#2224=DIRECTION('',(4.19962208960515E-12,2.23619204542802E-16,1.));
#2225=DIRECTION('',(1.,0.,-4.19962208960515E-12));
#2226=DIRECTION('',(-2.09981104480257E-12,-1.11809602271529E-16,-1.));
#2227=DIRECTION('',(0.573576436351045,-0.819152044288992,-1.20431054702416E-12));
#2228=DIRECTION('',(-2.09981104480257E-12,-1.11809602271529E-16,-1.));
#2229=DIRECTION('',(0.573576436351045,-0.819152044288992,-1.20431054702416E-12));
#2230=DIRECTION('',(-2.09981104480257E-12,-1.11809602271529E-16,-1.));
#2231=DIRECTION('',(0.573576436351045,-0.819152044288992,-1.20431054702416E-12));
#2232=DIRECTION('',(0.573576436351028,-0.819152044289005,-1.18545311426611E-12));
#2233=DIRECTION('',(0.819152044289005,0.573576436351028,0.));
#2234=DIRECTION('',(0.573576436351045,-0.819152044288992,-1.20419873742188E-12));
#2235=DIRECTION('',(-0.819152044288992,-0.573576436351045,1.72012864132385E-12));
#2236=DIRECTION('',(4.19962208960515E-12,2.23619204542802E-16,1.));
#2237=DIRECTION('',(1.,0.,-4.19962208960515E-12));
#2238=DIRECTION('',(0.102040816330207,0.994780212812189,-4.28370491021953E-13));
#2239=DIRECTION('',(-0.99478021281219,0.102040816330207,0.));
#2240=DIRECTION('',(4.19962208960515E-12,2.23619204542802E-16,1.));
#2241=DIRECTION('',(1.,0.,-4.19962208960515E-12));
#2242=DIRECTION('',(0.994780212810281,0.102040816348815,-4.18762244166739E-12));
#2243=DIRECTION('',(-0.102040816348815,0.994780212810281,0.));
#2244=DIRECTION('',(4.19962208960515E-12,2.23619204542802E-16,1.));
#2245=DIRECTION('',(1.,0.,-4.19962208960515E-12));
#2246=DIRECTION('',(4.19962208960515E-12,2.23619204542802E-16,1.));
#2247=DIRECTION('',(1.,0.,-4.19962208960515E-12));
#2248=DIRECTION('',(-0.994640582745924,0.103392993741596,4.17553181309762E-12));
#2249=DIRECTION('',(-0.103392993741596,-0.994640582745924,0.));
#2250=DIRECTION('',(4.19962208960515E-12,2.23619204542802E-16,1.));
#2251=DIRECTION('',(1.,0.,-4.19962208960515E-12));
#2252=DIRECTION('',(-0.102040816330207,0.994780212812189,4.28960533020605E-13));
#2253=DIRECTION('',(-0.99478021281219,-0.102040816330207,0.));
#2254=DIRECTION('',(4.19962208960515E-12,2.23619204542802E-16,1.));
#2255=DIRECTION('',(1.,0.,-4.19962208960515E-12));
#2256=DIRECTION('',(4.19962208960515E-12,2.23619204542802E-16,1.));
#2257=DIRECTION('',(1.,0.,-4.19962208960515E-12));
#2258=DIRECTION('',(-0.102040816322895,-0.994780212812939,4.28370490991254E-13));
#2259=DIRECTION('',(0.99478021281294,-0.102040816322895,0.));
#2260=DIRECTION('',(4.19962208960515E-12,2.23619204542802E-16,1.));
#2261=DIRECTION('',(1.,0.,-4.19962208960515E-12));
#2262=DIRECTION('',(-0.994640582745923,-0.103392993741601,4.18135796693342E-12));
#2263=DIRECTION('',(0.103392993741601,-0.994640582745923,0.));
#2264=DIRECTION('',(4.19962208960515E-12,2.23619204542802E-16,1.));
#2265=DIRECTION('',(1.,0.,-4.19962208960515E-12));
#2266=DIRECTION('',(4.19962208960515E-12,2.23619204542802E-16,1.));
#2267=DIRECTION('',(1.,0.,-4.19962208960515E-12));
#2268=DIRECTION('',(0.994780212810281,-0.102040816348815,-4.18762244166739E-12));
#2269=DIRECTION('',(0.102040816348815,0.994780212810281,0.));
#2270=DIRECTION('',(4.19962208960515E-12,2.23619204542802E-16,1.));
#2271=DIRECTION('',(1.,0.,-4.19962208960515E-12));
#2272=DIRECTION('',(0.102040816322892,-0.99478021281294,-4.28370490991245E-13));
#2273=DIRECTION('',(0.99478021281294,0.102040816322892,0.));
#2274=DIRECTION('',(4.19962208960515E-12,2.23619204542802E-16,1.));
#2275=DIRECTION('',(1.,0.,-4.19962208960515E-12));
#2276=DIRECTION('',(4.19962208960515E-12,2.23619204542802E-16,1.));
#2277=DIRECTION('',(1.,0.,-4.19962208960515E-12));
#2278=DIRECTION('',(4.19962208960515E-12,2.23619204542802E-16,1.));
#2279=DIRECTION('',(1.,0.,-4.19962208960515E-12));
#2280=DIRECTION('',(4.19962208960515E-12,2.23619204542802E-16,1.));
#2281=DIRECTION('',(1.,0.,-4.19962208960515E-12));
#2282=DIRECTION('',(4.19962208960515E-12,2.23619204542802E-16,1.));
#2283=DIRECTION('',(1.,0.,-4.19962208960515E-12));
#2284=DIRECTION('',(2.05070561253676E-16,1.,-2.23619204543663E-16));
#2285=DIRECTION('',(-1.,2.05070561254616E-16,4.19962208960515E-12));
#2286=DIRECTION('',(2.05070561253676E-16,1.,-2.23619204543663E-16));
#2287=DIRECTION('',(-1.22464681445498E-16,-1.,2.23619204543316E-16));
#2288=DIRECTION('',(0.,-2.23619204543316E-16,-1.));
#2289=DIRECTION('',(2.05070561253676E-16,1.,-2.23619204543663E-16));
#2290=DIRECTION('',(-2.05070561253676E-16,-1.,2.23619204543663E-16));
#2291=DIRECTION('',(0.,-2.23619204543663E-16,-1.));
#2292=DIRECTION('',(-4.19962208960515E-12,-2.23619204542802E-16,-1.));
#2293=DIRECTION('',(1.,-1.22464679915205E-16,-4.19962208960515E-12));
#2294=DIRECTION('',(-4.19962208960515E-12,-2.23619204542802E-16,-1.));
#2295=DIRECTION('',(1.,-1.22464679915205E-16,-4.19962208960515E-12));
#2296=DIRECTION('',(0.561208973184231,-0.826060397675785,0.0516595374468841));
#2297=DIRECTION('',(0.827164865712008,0.561959326759184,0.));
#2298=DIRECTION('',(0.897030612873338,0.432312097598826,0.0918821519000604));
#2299=DIRECTION('',(-0.434148594710494,0.900841272206654,0.));
#2300=DIRECTION('',(0.797389671442636,0.517105035782977,0.311082133598977));
#2301=DIRECTION('',(-0.544101713478099,0.839019264016147,0.));
#2302=DIRECTION('',(-0.540513585120261,0.826097898280039,-0.159396758931115));
#2303=DIRECTION('',(-0.836796675619166,-0.547513765738097,0.));
#2304=DIRECTION('',(-0.611706334919859,0.701020820955721,-0.366585826792962));
#2305=DIRECTION('',(-0.753474523543212,-0.65747710406624,0.));
#2306=DIRECTION('',(-0.555383289539448,0.816352423332816,-0.158486979335782));
#2307=DIRECTION('',(-0.826802322171441,-0.562492595552966,0.));
#2308=DIRECTION('',(-0.903043207347799,-0.3630107036497,-0.229643625425896));
#2309=DIRECTION('',(0.372978638296457,-0.927839929823308,0.));
#2310=DIRECTION('',(-0.416607587494187,-0.888573387806114,-0.192029821967939));
#2311=DIRECTION('',(0.905424154564785,-0.424508068628435,0.));
#2312=DIRECTION('',(0.428960420662814,0.878942706609221,0.208453054674763));
#2313=DIRECTION('',(-0.898684675731122,0.438595318723363,0.));
#2314=DIRECTION('',(-0.441949308956489,-0.888036978979037,-0.126771969609482));
#2315=DIRECTION('',(0.895260038461372,-0.445544008526816,0.));
#2316=DIRECTION('',(0.0578214778578463,0.996600062762931,-0.0586940507995252));
#2317=DIRECTION('',(0.,0.0587924141074665,0.998270229969529));
#2318=DIRECTION('',(-0.742766949797533,0.578663290683858,-0.336817538592333));
#2319=DIRECTION('',(-0.614572819425562,-0.788860095088677,0.));
#2320=DIRECTION('',(-0.648128094590422,0.751532057189056,-0.123002195182751));
#2321=DIRECTION('',(-0.757282559090725,-0.6530873798329,0.));
#2322=DIRECTION('',(0.167076044422787,0.984936272827137,-0.0445660616323873));
#2323=DIRECTION('',(-0.985915839867821,0.167242209677251,0.));
#2324=DIRECTION('',(0.747631198592562,0.0314725500182785,-0.663367974420228));
#2325=DIRECTION('',(-0.663696758780272,0.,-0.748001746244327));
#2326=DIRECTION('',(-0.184363879216322,-0.966290212313148,0.179703048466409));
#2327=DIRECTION('',(0.982280857994858,-0.187414823364868,0.));
#2328=DIRECTION('',(-0.945137553756272,-0.0278654061770516,0.325481986626292));
#2329=DIRECTION('',(0.325608425530775,0.,0.945504708197357));
#2330=DIRECTION('',(0.764490779334996,0.0813006599770772,-0.63948733451028));
#2331=DIRECTION('',(-0.641611310449652,0.,-0.767029938335577));
#2332=DIRECTION('',(-0.679243495112366,-0.069674245474557,-0.730598230127263));
#2333=DIRECTION('',(-0.732378057615493,0.,0.680898216125845));
#2334=DIRECTION('',(0.101879162369337,0.993204273226424,0.0562664013394553));
#2335=DIRECTION('',(-0.994780212812167,0.102040816330429,0.));
#2336=DIRECTION('',(-0.931587917353914,-1.49776489083203E-14,-0.363516096260121));
#2337=DIRECTION('',(-0.363516096260121,0.,0.931587917353914));
#2338=DIRECTION('',(-2.05070561253676E-16,-1.,2.23619204543663E-16));
#2339=DIRECTION('',(0.,-2.23619204543663E-16,-1.));
#2340=DIRECTION('',(-0.931771143294818,-2.09928249910317E-15,0.363046190619138));
#2341=DIRECTION('',(0.363046190619138,0.,0.931771143294818));
#2342=DIRECTION('',(0.101879571055287,-0.993208257447439,-0.0561952875231832));
#2343=DIRECTION('',(0.994780212812215,0.102040816329962,0.));
#2344=DIRECTION('',(-0.679373042670568,0.0706208996172791,0.730386854639226));
#2345=DIRECTION('',(0.732215029111196,0.,0.681073528441453));
#2346=DIRECTION('',(0.679373042670568,0.0706208996172751,-0.730386854639226));
#2347=DIRECTION('',(-0.732215029111196,0.,-0.681073528441453));
#2348=DIRECTION('',(-0.101879571048024,-0.993208257448412,0.0561952875191519));
#2349=DIRECTION('',(0.994780212812963,-0.102040816322665,0.));
#2350=DIRECTION('',(0.931771143294918,1.07757685100762E-14,-0.363046190618882));
#2351=DIRECTION('',(-0.363046190618882,0.,-0.931771143294918));
#2352=DIRECTION('',(-1.22464681445498E-16,-1.,2.23619204543316E-16));
#2353=DIRECTION('',(0.,-2.23619204543316E-16,-1.));
#2354=DIRECTION('',(0.931587917354017,0.,0.363516096259857));
#2355=DIRECTION('',(0.363516096259857,0.,-0.931587917354017));
#2356=DIRECTION('',(-0.101879162362064,0.993204273227399,-0.0562664013354126));
#2357=DIRECTION('',(-0.994780212812916,-0.102040816323121,0.));
#2358=DIRECTION('',(0.679243495112366,-0.069674245474557,0.730598230127263));
#2359=DIRECTION('',(0.732378057615493,0.,-0.680898216125845));
#2360=CARTESIAN_POINT('',(0.,0.,0.));
#2361=CARTESIAN_POINT('',(21.9999999998649,-6.83488,18.2499999999723));
#2362=CARTESIAN_POINT('',(24.5730470123027,36.677699778231,4.69199760021653));
#2363=CARTESIAN_POINT('',(24.175659011633,37.1485051816992,4.61658103236577));
#2364=CARTESIAN_POINT('',(23.1681514200946,37.9005965516897,4.45991247145903));
#2365=CARTESIAN_POINT('',(21.2355563812819,38.0323475827142,4.42790480824879));
#2366=CARTESIAN_POINT('',(19.586773766827,37.0687118826058,4.64034648812024));
#2367=CARTESIAN_POINT('',(18.9206881864344,36.0107970249248,4.79600518927119));
#2368=CARTESIAN_POINT('',(18.6989803516773,35.4337540817539,4.850624295027));
#2369=CARTESIAN_POINT('',(24.5730470123028,36.677699778231,4.69199760021653));
#2370=CARTESIAN_POINT('',(18.6989803516773,35.4337540817538,4.85062429502699));
#2371=CARTESIAN_POINT('',(18.6989803516773,35.4337540817538,4.85062429502699));
#2372=CARTESIAN_POINT('',(18.4181562971372,35.4156377534158,4.9198070496667));
#2373=CARTESIAN_POINT('',(18.1400425457229,35.397798459812,4.99767774520325));
#2374=CARTESIAN_POINT('',(17.8646608758413,35.3796175207661,5.08417414933464));
#2375=CARTESIAN_POINT('',(17.8646608758419,35.3796175207572,5.08417414933446));
#2376=CARTESIAN_POINT('',(17.8646608758419,35.3796175207574,5.08417414933435));
#2377=CARTESIAN_POINT('',(18.0420201911381,35.3197855179999,5.02846621852355));
#2378=CARTESIAN_POINT('',(18.3789709103871,35.0932733001408,4.93201071056633));
#2379=CARTESIAN_POINT('',(18.475673110277,34.6850349328829,4.90757740763178));
#2380=CARTESIAN_POINT('',(18.4433278174902,34.490209764603,4.91620522927327));
#2381=CARTESIAN_POINT('',(18.4433278174902,34.490209764603,4.91620522927327));
#2382=CARTESIAN_POINT('',(18.4433278174902,34.490209764603,4.91620522927327));
#2383=CARTESIAN_POINT('',(18.3393626257367,33.8639969764602,4.94393702744505));
#2384=CARTESIAN_POINT('',(18.3702103801138,32.5877466146017,4.9349599050987));
#2385=CARTESIAN_POINT('',(19.1147534677072,30.8216902941958,4.74017965320372));
#2386=CARTESIAN_POINT('',(20.565272028072,29.5389227932477,4.48652290356124));
#2387=CARTESIAN_POINT('',(21.8697344577399,29.3348596884466,4.43623590859223));
#2388=CARTESIAN_POINT('',(22.4994386974532,29.4371538822613,4.45904060668316));
#2389=CARTESIAN_POINT('',(22.4994386974532,29.4371538822613,4.45904060668316));
#2390=CARTESIAN_POINT('',(22.4994386974532,29.4371538822613,4.45904060668316));
#2391=CARTESIAN_POINT('',(22.9500076852529,28.7754255958159,4.47535793327538));
#2392=CARTESIAN_POINT('',(23.3967735649191,28.1134723936463,4.51356800294681));
#2393=CARTESIAN_POINT('',(23.8405899141758,27.4518267955058,4.57329612925341));
#2394=CARTESIAN_POINT('',(23.8405899141758,27.4518267955058,4.57329612925346));
#2395=CARTESIAN_POINT('',(23.8405899141758,27.4518267955058,4.57329612925346));
#2396=CARTESIAN_POINT('',(23.6497224533067,27.7423418423923,4.54760947793991));
#2397=CARTESIAN_POINT('',(23.4578823544132,28.0327145232172,4.52585638463475));
#2398=CARTESIAN_POINT('',(23.2649483539124,28.3228734869129,4.5080967234392));
#2399=CARTESIAN_POINT('',(23.2649483539124,28.3228734869129,4.5080967234392));
#2400=CARTESIAN_POINT('',(23.2649483539124,28.3228734869129,4.5080967234392));
#2401=CARTESIAN_POINT('',(23.1171685321549,28.5451237892107,4.49449352462955));
#2402=CARTESIAN_POINT('',(22.9174203459874,29.0651691385648,4.48105077456383));
#2403=CARTESIAN_POINT('',(23.1658549347778,29.6102065554277,4.49721346146819));
#2404=CARTESIAN_POINT('',(23.4061660055722,29.7285390252653,4.52182833858958));
#2405=CARTESIAN_POINT('',(23.4061660055722,29.7285390252653,4.52182833858958));
#2406=CARTESIAN_POINT('',(23.4061660055722,29.7285390252653,4.52182833858958));
#2407=CARTESIAN_POINT('',(24.449051315065,30.2420700665999,4.62865027425823));
#2408=CARTESIAN_POINT('',(25.8552649816636,32.2717093544754,4.99735802507928));
#2409=CARTESIAN_POINT('',(25.6615076063548,34.6998588958154,4.93491306296819));
#2410=CARTESIAN_POINT('',(25.1669562724346,35.7475794975312,4.81830658597445));
#2411=CARTESIAN_POINT('',(25.1669562724343,35.7475794975311,4.8183065859745));
#2412=CARTESIAN_POINT('',(25.1669562724348,35.7475794975314,4.81830658597462));
#2413=CARTESIAN_POINT('',(25.3152370896623,36.0638427283851,4.85326858590614));
#2414=CARTESIAN_POINT('',(25.4634081379658,36.3797451753773,4.8907967358996));
#2415=CARTESIAN_POINT('',(25.6113874328115,36.6953203281469,4.93092042181996));
#2416=CARTESIAN_POINT('',(25.6113874328116,36.6953203281469,4.93092042181962));
#2417=CARTESIAN_POINT('',(25.6113874328123,36.6953203281463,4.93092042182019));
#2418=CARTESIAN_POINT('',(25.476056255141,36.5460047978852,4.8942261959572));
#2419=CARTESIAN_POINT('',(25.0995422283356,36.3161828856492,4.79746226642458));
#2420=CARTESIAN_POINT('',(24.7045787181654,36.5218675997478,4.71695977774327));
#2421=CARTESIAN_POINT('',(24.5730470123028,36.677699778231,4.69199760021653));
#2422=CARTESIAN_POINT('',(22.,33.66512,1.46874228910239E-11));
#2423=CARTESIAN_POINT('',(12.6754152031078,40.2211550688389,2.25035114798253));
#2424=CARTESIAN_POINT('',(12.7487296050154,40.0064541218072,2.9252982198779));
#2425=CARTESIAN_POINT('',(13.069900233312,40.1915553945705,3.51741375503239));
#2426=CARTESIAN_POINT('',(13.627072462737,40.7041945171741,4.01041806200264));
#2427=CARTESIAN_POINT('',(14.2574247736828,41.3458624724808,4.14339578951313));
#2428=CARTESIAN_POINT('',(14.8785692873586,41.9625714180065,3.99958983059603));
#2429=CARTESIAN_POINT('',(15.3055186277079,42.4022942679032,3.72399725409979));
#2430=CARTESIAN_POINT('',(15.6120591480993,42.7817913508785,3.24434232302468));
#2431=CARTESIAN_POINT('',(15.6094713614353,42.9992809930953,2.56689379815548));
#2432=CARTESIAN_POINT('',(15.2123058182947,42.9111879430295,1.99226407267953));
#2433=CARTESIAN_POINT('',(14.6843661232292,42.606942577933,1.69032631627888));
#2434=CARTESIAN_POINT('',(14.1663484467875,42.2034841217077,1.56294281022258));
#2435=CARTESIAN_POINT('',(13.6871568965466,41.7461009961751,1.54136335252665));
#2436=CARTESIAN_POINT('',(13.2530704244518,41.2452266197084,1.61141818422482));
#2437=CARTESIAN_POINT('',(12.8915228322574,40.7170323958816,1.81441237103131));
#2438=CARTESIAN_POINT('',(12.6754152031078,40.2211550688389,2.25035114798253));
#2439=CARTESIAN_POINT('',(12.7487296050154,40.0064541218072,2.9252982198779));
#2440=CARTESIAN_POINT('',(13.069900233312,40.1915553945705,3.51741375503239));
#2441=CARTESIAN_POINT('',(12.7900389760857,40.0730878251146,2.91149296375345));
#2442=CARTESIAN_POINT('',(23.7601023063971,45.535336504808,7.29994285064485E-12));
#2443=CARTESIAN_POINT('',(24.2953012975363,45.3724400076491,0.308395440409036));
#2444=CARTESIAN_POINT('',(25.3668588584354,44.9731207074767,0.89195098002148));
#2445=CARTESIAN_POINT('',(26.6582228473868,44.1532542451758,2.05078365616553));
#2446=CARTESIAN_POINT('',(27.4719439265745,43.2744779817131,3.55695658222157));
#2447=CARTESIAN_POINT('',(27.6535453974161,42.7897088250956,4.7269262489027));
#2448=CARTESIAN_POINT('',(27.6677434230463,42.5889571093232,5.33095709614461));
#2449=CARTESIAN_POINT('',(23.7601023063971,45.535336504808,7.29994285064485E-12));
#2450=CARTESIAN_POINT('',(27.6677434230463,42.5889571093232,5.3309570961446));
#2451=CARTESIAN_POINT('',(27.667743423046,42.5889571093233,5.33095709614476));
#2452=CARTESIAN_POINT('',(27.0201090440463,43.0962326028545,5.02868891954084));
#2453=CARTESIAN_POINT('',(25.5975093057376,43.9490486560264,4.489402800221));
#2454=CARTESIAN_POINT('',(23.0914518549511,44.6362808312205,4.03065140701416));
#2455=CARTESIAN_POINT('',(20.440496318194,44.5665439970985,4.07793426306787));
#2456=CARTESIAN_POINT('',(17.9759171382441,43.7533097190157,4.61723468991234));
#2457=CARTESIAN_POINT('',(15.9072281643481,42.3694914903776,5.47896298350032));
#2458=CARTESIAN_POINT('',(13.7376020158738,39.9701773786541,6.8061941281619));
#2459=CARTESIAN_POINT('',(12.7605118425418,37.6730205789101,7.75118326861688));
#2460=CARTESIAN_POINT('',(12.4398843206612,35.9792970887421,8.07533623007362));
#2461=CARTESIAN_POINT('',(12.4398843206607,35.9792970887391,8.07533623007417));
#2462=CARTESIAN_POINT('',(12.4398843206606,35.9792970887391,8.07533623007419));
#2463=CARTESIAN_POINT('',(12.3349099467585,35.9771534236207,7.6964458108513));
#2464=CARTESIAN_POINT('',(12.1244239341219,35.9691959513311,6.93902174659765));
#2465=CARTESIAN_POINT('',(11.7104819810051,35.9840432073248,5.42055556679523));
#2466=CARTESIAN_POINT('',(11.1479687233639,35.7756422912389,3.54626905385566));
#2467=CARTESIAN_POINT('',(10.4283549775339,34.8674596502425,1.46570617482995));
#2468=CARTESIAN_POINT('',(10.088066840164,33.7094442960531,0.399690859728589));
#2469=CARTESIAN_POINT('',(10.0168081855906,33.0302074555727,6.50193808113354E-11));
#2470=CARTESIAN_POINT('',(10.0168081855906,33.0302074555727,6.50124419174316E-11));
#2471=CARTESIAN_POINT('',(22.,33.66512,1.46874228910239E-11));
#2472=CARTESIAN_POINT('',(22.,33.66512,1.46874228910239E-11));
#2473=CARTESIAN_POINT('',(28.5804079725895,24.3866229776849,2.33226090241262));
#2474=CARTESIAN_POINT('',(27.8955903794459,24.1549561704454,3.10552356531726));
#2475=CARTESIAN_POINT('',(27.3300759946872,24.1342539374863,4.04072798075437));
#2476=CARTESIAN_POINT('',(26.9888634248155,24.2553719580028,5.03658368643789));
#2477=CARTESIAN_POINT('',(28.5804079725895,24.3866229776849,2.33226090241262));
#2478=CARTESIAN_POINT('',(26.9888634248154,24.2553719580027,5.03658368643788));
#2479=CARTESIAN_POINT('',(26.9888634248154,24.2553719580027,5.03658368643788));
#2480=CARTESIAN_POINT('',(27.6623897231986,24.6944293296466,5.30685279009371));
#2481=CARTESIAN_POINT('',(28.8444585498355,25.6989624120371,5.90412606574281));
#2482=CARTESIAN_POINT('',(30.2473584067903,27.5836132531134,6.8736697130677));
#2483=CARTESIAN_POINT('',(31.2244424998476,29.7383319578778,7.72919736978829));
#2484=CARTESIAN_POINT('',(31.7716061039303,32.1610563442655,8.29172954858844));
#2485=CARTESIAN_POINT('',(31.8184178791959,34.710651662981,8.34348972378303));
#2486=CARTESIAN_POINT('',(31.2048983294594,37.9854913205072,7.69906215779216));
#2487=CARTESIAN_POINT('',(30.0792202687177,40.085699338714,6.71322550391494));
#2488=CARTESIAN_POINT('',(29.0510165794547,41.2710282389604,6.07788534723927));
#2489=CARTESIAN_POINT('',(29.0510165794605,41.2710282389537,6.07788534724285));
#2490=CARTESIAN_POINT('',(29.0510165794605,41.2710282389537,6.07788534724285));
#2491=CARTESIAN_POINT('',(29.1454950829903,41.4419465027172,5.37038424976556));
#2492=CARTESIAN_POINT('',(29.2005364650598,41.6474431184423,4.67044873680479));
#2493=CARTESIAN_POINT('',(29.1825390283632,41.9063188462376,3.98623970501994));
#2494=CARTESIAN_POINT('',(29.1825390283631,41.9063188462375,3.98623970501989));
#2495=CARTESIAN_POINT('',(29.1825390283631,41.9063188462375,3.98623970501991));
#2496=CARTESIAN_POINT('',(29.4044613338399,41.6824333276035,4.07196967022354));
#2497=CARTESIAN_POINT('',(29.8698887037306,41.2201419813678,4.12576380032573));
#2498=CARTESIAN_POINT('',(30.5436780907688,40.5399134215458,3.90586575417499));
#2499=CARTESIAN_POINT('',(31.0454476651513,40.0947175609886,3.37294103700147));
#2500=CARTESIAN_POINT('',(31.2767051712968,40.0557181520831,2.74290713139772));
#2501=CARTESIAN_POINT('',(31.2993626417312,40.2460672466853,2.27101075463599));
#2502=CARTESIAN_POINT('',(31.1691602153926,40.5839729241619,1.92475286299341));
#2503=CARTESIAN_POINT('',(30.8640444126716,41.0960707562966,1.64374858010632));
#2504=CARTESIAN_POINT('',(30.3474800986619,41.7253967971887,1.53025298549503));
#2505=CARTESIAN_POINT('',(29.6317216601121,42.3885293604076,1.58013717159676));
#2506=CARTESIAN_POINT('',(29.1013418522577,42.7384060380576,1.79481173201122));
#2507=CARTESIAN_POINT('',(28.8658111726417,42.846969936566,1.99672753336394));
#2508=CARTESIAN_POINT('',(28.8658111726417,42.846969936566,1.99672753336396));
#2509=CARTESIAN_POINT('',(28.8658111726417,42.846969936566,1.99672753336395));
#2510=CARTESIAN_POINT('',(28.5985136198303,43.3153072710487,1.19433067575292));
#2511=CARTESIAN_POINT('',(28.1250322760941,43.8640885721453,0.494209189225995));
#2512=CARTESIAN_POINT('',(27.4417455144976,44.3603248019403,-8.16824343085992E-12));
#2513=CARTESIAN_POINT('',(27.4417455144975,44.3603248019403,-8.16824343085992E-12));
#2514=CARTESIAN_POINT('',(22.,33.66512,1.46874228910239E-11));
#2515=CARTESIAN_POINT('',(31.3998578884047,26.2057184370195,-2.47798209769218E-11));
#2516=CARTESIAN_POINT('',(31.3998578884047,26.2057184370195,-2.48075765525375E-11));
#2517=CARTESIAN_POINT('',(30.645474024383,25.5004814738425,0.569279382489529));
#2518=CARTESIAN_POINT('',(29.7823035434632,24.8848252101191,1.11051979367732));
#2519=CARTESIAN_POINT('',(28.9833452460754,24.541552890437,1.90554043523513));
#2520=CARTESIAN_POINT('',(28.9833452460754,24.541552890437,1.90554043523514));
#2521=CARTESIAN_POINT('',(28.9833452460754,24.541552890437,1.90554043523512));
#2522=CARTESIAN_POINT('',(29.2959061059965,24.7067656923886,1.68615662745313));
#2523=CARTESIAN_POINT('',(29.9694671038641,25.2125953760058,1.51837122598741));
#2524=CARTESIAN_POINT('',(30.6782026199198,25.9784059471245,1.56497229932414));
#2525=CARTESIAN_POINT('',(31.1206089639654,26.6406017475664,1.83816536105725));
#2526=CARTESIAN_POINT('',(31.3157577624993,27.0987587576759,2.25443753476164));
#2527=CARTESIAN_POINT('',(31.257515162096,27.3114168156038,2.87977854278054));
#2528=CARTESIAN_POINT('',(30.9726705371715,27.1677010263872,3.44988741205231));
#2529=CARTESIAN_POINT('',(30.5897975585425,26.8276556378558,3.82841556710297));
#2530=CARTESIAN_POINT('',(30.0297413994711,26.27368719919,4.10382134456121));
#2531=CARTESIAN_POINT('',(29.4287976076978,25.6721700282052,4.11071092465933));
#2532=CARTESIAN_POINT('',(28.8688374029252,25.1079533903866,3.85083130572573));
#2533=CARTESIAN_POINT('',(28.5209202694477,24.7219785421222,3.4882695933031));
#2534=CARTESIAN_POINT('',(28.353600318406,24.425642717837,2.93624935401262));
#2535=CARTESIAN_POINT('',(28.4741927950487,24.3696533486953,2.50991737883707));
#2536=CARTESIAN_POINT('',(28.5804079725895,24.386622977685,2.33226090241265));
#2537=CARTESIAN_POINT('',(26.2851348055777,44.3827514217561,-0.0199015488800698));
#2538=CARTESIAN_POINT('',(26.509459952762,44.7890092225828,-0.00616825681884871));
#2539=CARTESIAN_POINT('',(26.7280386354429,44.8152927585782,-0.414932627716942));
#2540=CARTESIAN_POINT('',(26.4227596300986,44.3044410002227,0.0486552531990082));
#2541=CARTESIAN_POINT('',(26.6532356124211,44.7101939730816,0.0649027077416939));
#2542=CARTESIAN_POINT('',(26.8729406116162,44.7338965863443,-0.34637582562199));
#2543=CARTESIAN_POINT('',(26.6452072096493,44.162599223896,0.172144393614019));
#2544=CARTESIAN_POINT('',(26.8968494596977,44.5661921448177,0.201957008995035));
#2545=CARTESIAN_POINT('',(27.1526702860271,44.5655876145282,-0.201162159459901));
#2546=CARTESIAN_POINT('',(27.0729398423249,43.8461602153599,0.480065362601335));
#2547=CARTESIAN_POINT('',(27.3567733921429,44.2520086954993,0.537320950642663));
#2548=CARTESIAN_POINT('',(27.6575416421276,44.2123784613462,0.141049127116655));
#2549=CARTESIAN_POINT('',(27.6852181612615,43.2564008376152,1.12935326282628));
#2550=CARTESIAN_POINT('',(28.0298982868299,43.6708050826091,1.26904714236794));
#2551=CARTESIAN_POINT('',(28.4166213393629,43.5497857584772,0.881206131974876));
#2552=CARTESIAN_POINT('',(28.1824857077601,42.4147366258004,2.34064620967696));
#2553=CARTESIAN_POINT('',(28.5403647520593,42.9085682480957,2.60821537627504));
#2554=CARTESIAN_POINT('',(29.0502459055435,42.6336135700737,2.25683948859416));
#2555=CARTESIAN_POINT('',(28.2940424725212,41.7499440628412,3.78196760909561));
#2556=CARTESIAN_POINT('',(28.629875646106,42.3720652961038,4.03419258039631));
#2557=CARTESIAN_POINT('',(29.2123520957904,41.9363089882454,3.83427626877262));
#2558=CARTESIAN_POINT('',(28.2296948828382,41.3362920125738,5.01119163665778));
#2559=CARTESIAN_POINT('',(28.5616511434246,42.0197611482432,5.24772134122403));
#2560=CARTESIAN_POINT('',(29.164503238056,41.5106211713452,5.13427821438787));
#2561=CARTESIAN_POINT('',(28.1520477258071,41.1673990076169,5.62519478200684));
#2562=CARTESIAN_POINT('',(28.4808040752112,41.8839235310819,5.84168497709121));
#2563=CARTESIAN_POINT('',(29.0889323944054,41.3396274385804,5.79395753554094));
#2564=CARTESIAN_POINT('',(28.1069401036169,41.0882563478175,5.95622596440169));
#2565=CARTESIAN_POINT('',(28.4364515753666,41.8064058119114,6.17282108144796));
#2566=CARTESIAN_POINT('',(29.0447264308695,41.2596483952402,6.12498871793481));
#2567=CARTESIAN_POINT('',(29.0510165794554,41.2710282389603,6.07788534723787));
#2568=CARTESIAN_POINT('',(28.9401895194339,41.4137704699422,5.96840750372444));
#2569=CARTESIAN_POINT('',(28.6368909505055,41.6077189598263,5.69860665286389));
#2570=CARTESIAN_POINT('',(28.2633956705477,41.4113757092151,5.47312479586153));
#2571=CARTESIAN_POINT('',(28.1742464133395,41.2209886687955,5.44164514126394));
#2572=CARTESIAN_POINT('',(28.1742464133395,41.2209886687956,5.44164514126247));
#2573=CARTESIAN_POINT('',(26.3250480741545,44.3599364764524,4.34159732355073E-12));
#2574=CARTESIAN_POINT('',(26.7809343585397,44.092524988769,0.228569978053896));
#2575=CARTESIAN_POINT('',(27.5569007797076,43.4523708985622,0.861206424400335));
#2576=CARTESIAN_POINT('',(28.144488841537,42.4900002457113,2.22361569694582));
#2577=CARTESIAN_POINT('',(28.3090968932675,41.7356381682328,3.78784059647733));
#2578=CARTESIAN_POINT('',(28.2389826418645,41.3738074325349,4.88703709925472));
#2579=CARTESIAN_POINT('',(28.1742464133395,41.2209886687954,5.44164514126285));
#2580=CARTESIAN_POINT('',(26.3250480741545,44.3599364764524,4.34159732355073E-12));
#2581=CARTESIAN_POINT('',(27.4417455144975,44.3603248019403,-8.16824343085992E-12));
#2582=CARTESIAN_POINT('',(27.2613289407669,44.4521211816282,-7.41058252992323E-12));
#2583=CARTESIAN_POINT('',(26.9742503715756,44.5446169086218,-6.20498171311617E-12));
#2584=CARTESIAN_POINT('',(26.5660982660218,44.5508062500168,-4.49089849876893E-12));
#2585=CARTESIAN_POINT('',(26.3684605006659,44.4530347255848,-3.66087271005003E-12));
#2586=CARTESIAN_POINT('',(26.3250480741392,44.3599364764621,-3.47853610608834E-12));
#2587=CARTESIAN_POINT('',(28.8658111726417,42.846969936566,1.99672753336396));
#2588=CARTESIAN_POINT('',(28.8262639505101,42.8145105406081,2.18212961047992));
#2589=CARTESIAN_POINT('',(28.7135139572771,42.690706312049,2.53677455235695));
#2590=CARTESIAN_POINT('',(28.7336575663075,42.4290552225456,3.0622188720148));
#2591=CARTESIAN_POINT('',(28.958010669956,42.2076961190611,3.5475463112994));
#2592=CARTESIAN_POINT('',(29.1131179443544,42.0169918884694,3.84508848682231));
#2593=CARTESIAN_POINT('',(29.1825390283631,41.9063188462375,3.9862397050199));
#2594=CARTESIAN_POINT('',(22.,33.66512,1.46874228910239E-11));
#2595=CARTESIAN_POINT('',(10.8400398051987,29.2543050582403,6.15629634810582E-11));
#2596=CARTESIAN_POINT('',(10.6629017795936,30.017227924527,0.431754197774456));
#2597=CARTESIAN_POINT('',(10.4478681083607,31.6118247514201,1.24880614781849));
#2598=CARTESIAN_POINT('',(10.7616996113858,33.1778151384929,2.85783528357169));
#2599=CARTESIAN_POINT('',(11.1880136663913,33.9248997816467,4.43190210630435));
#2600=CARTESIAN_POINT('',(11.5379357555196,34.204198987517,5.68908783450807));
#2601=CARTESIAN_POINT('',(11.8906160909767,34.2733539457768,6.98821368571592));
#2602=CARTESIAN_POINT('',(12.1262499423794,34.3505998656462,7.84693393737343));
#2603=CARTESIAN_POINT('',(12.244401122916,34.385496638277,8.27709200441088));
#2604=CARTESIAN_POINT('',(10.8400398051987,29.2543050582403,6.15629634810582E-11));
#2605=CARTESIAN_POINT('',(12.244401122916,34.3854966382771,8.27709200441089));
#2606=CARTESIAN_POINT('',(12.2444011229161,34.3854966382771,8.2770920044112));
#2607=CARTESIAN_POINT('',(12.1933490069155,33.4984136700023,8.33088190415787));
#2608=CARTESIAN_POINT('',(12.2795650596258,31.7401479165501,8.23536469421383));
#2609=CARTESIAN_POINT('',(12.9472074562122,29.2338257637299,7.56335685754695));
#2610=CARTESIAN_POINT('',(14.0902098024848,27.0289243659133,6.61115640266903));
#2611=CARTESIAN_POINT('',(15.6881665669603,25.1541261069581,5.59355643656728));
#2612=CARTESIAN_POINT('',(17.7261878134774,23.7024001507861,4.69854635230924));
#2613=CARTESIAN_POINT('',(20.1879238439323,22.8089847989012,4.10863312842014));
#2614=CARTESIAN_POINT('',(22.8646093739567,22.6659449720329,4.01156603512085));
#2615=CARTESIAN_POINT('',(24.581341572074,23.0928561329028,4.2975237748596));
#2616=CARTESIAN_POINT('',(25.3841577523409,23.4171577625233,4.50728171824455));
#2617=CARTESIAN_POINT('',(25.3841577523409,23.4171577625233,4.50728171824455));
#2618=CARTESIAN_POINT('',(25.3841577523409,23.4171577625233,4.50728171824455));
#2619=CARTESIAN_POINT('',(25.6349370035321,23.2481162758872,3.61474995700847));
#2620=CARTESIAN_POINT('',(26.387999308732,22.9991325751875,1.85594545276281));
#2621=CARTESIAN_POINT('',(27.7818617005816,23.2664639095203,0.486641641196049));
#2622=CARTESIAN_POINT('',(28.5414462999124,23.6048277425473,-1.27888687074059E-11));
#2623=CARTESIAN_POINT('',(28.5414462999124,23.6048277425473,-1.2781929813502E-11));
#2624=CARTESIAN_POINT('',(22.,33.66512,1.46874228910239E-11));
#2625=CARTESIAN_POINT('',(15.4501465794141,24.3361920001174,2.25035114799914));
#2626=CARTESIAN_POINT('',(15.6647988874807,24.4096486868025,2.92529821988207));
#2627=CARTESIAN_POINT('',(15.4794847878376,24.7306965619399,3.51741375501791));
#2628=CARTESIAN_POINT('',(14.9664764916472,25.2875288987229,4.01041806197533));
#2629=CARTESIAN_POINT('',(14.3243908883363,25.9174557823883,4.14339578948267));
#2630=CARTESIAN_POINT('',(13.707270392122,26.5381914133007,3.99958983056631));
#2631=CARTESIAN_POINT('',(13.2672646625873,26.9648492175227,3.72399725407282));
#2632=CARTESIAN_POINT('',(12.8875644920767,27.2711381450556,3.24434232300489));
#2633=CARTESIAN_POINT('',(12.670076612789,27.2684062097647,2.56689379814511));
#2634=CARTESIAN_POINT('',(12.7584328794449,26.8712991407406,1.9922640726896));
#2635=CARTESIAN_POINT('',(13.0630280889798,26.3435612113448,1.69032631629569));
#2636=CARTESIAN_POINT('',(13.4668297916699,25.8258110554838,1.56294281024056));
#2637=CARTESIAN_POINT('',(13.9245304183863,25.346922757839,1.54136335254325));
#2638=CARTESIAN_POINT('',(14.4256923914592,24.9131683538343,1.61141818424197));
#2639=CARTESIAN_POINT('',(14.9541261280967,24.5519709210279,1.81441237104846));
#2640=CARTESIAN_POINT('',(15.4501465794141,24.3361920001174,2.25035114799914));
#2641=CARTESIAN_POINT('',(15.6647988874807,24.4096486868025,2.92529821988207));
#2642=CARTESIAN_POINT('',(15.4794847878376,24.7306965619399,3.51741375501791));
#2643=CARTESIAN_POINT('',(15.5981378195208,24.4509138848833,2.91149296375658));
#2644=CARTESIAN_POINT('',(31.999999999937,23.6651199999821,10.9999999999727));
#2645=CARTESIAN_POINT('',(31.9999999999017,23.6651199999821,2.59999999997269));
#2646=CARTESIAN_POINT('',(33.5999999999017,23.6651199999821,2.59999999996597));
#2647=CARTESIAN_POINT('',(30.5890230194776,24.4195363045606,10.9999999999769));
#2648=CARTESIAN_POINT('',(30.5890230194316,24.4195363045606,0.0396352765786427));
#2649=CARTESIAN_POINT('',(30.5890230194176,24.4195363045348,-6.97601667486651E-12));
#2650=CARTESIAN_POINT('',(30.5890230130486,24.4195363000911,0.0396352634506848));
#2651=CARTESIAN_POINT('',(30.6007616708186,24.4414909900515,0.0264532587391883));
#2652=CARTESIAN_POINT('',(30.6129982262975,24.4631452872771,0.0132400184891369));
#2653=CARTESIAN_POINT('',(30.6257320539383,24.4845024581344,3.17496092523498E-7));
#2654=CARTESIAN_POINT('',(30.6257319684278,24.4845023147161,-2.32908788178633E-11));
#2655=CARTESIAN_POINT('',(31.9999999998908,23.6651199999821,-2.73065618125236E-11));
#2656=CARTESIAN_POINT('',(32.5000000000462,44.16512,10.9999999999706));
#2657=CARTESIAN_POINT('',(32.5000000000109,44.16512,2.59999999997058));
#2658=CARTESIAN_POINT('',(34.5000000000109,44.16512,2.59999999996219));
#2659=CARTESIAN_POINT('',(32.5000000000109,46.16512,2.59999999997058));
#2660=CARTESIAN_POINT('',(34.5000000000462,44.16512,10.9999999999622));
#2661=CARTESIAN_POINT('',(34.5,44.16512,-3.78032623367843E-11));
#2662=CARTESIAN_POINT('',(32.5,44.16512,-2.9410957051478E-11));
#2663=CARTESIAN_POINT('',(32.5,46.16512,-2.94183431837909E-11));
#2664=CARTESIAN_POINT('',(32.5000000000462,46.16512,10.9999999999706));
#2665=CARTESIAN_POINT('',(11.5000000000462,44.16512,11.0000000000588));
#2666=CARTESIAN_POINT('',(11.5000000000109,44.16512,2.60000000005877));
#2667=CARTESIAN_POINT('',(11.5000000000109,46.16512,2.60000000005877));
#2668=CARTESIAN_POINT('',(9.50000000001091,44.16512,2.60000000006717));
#2669=CARTESIAN_POINT('',(11.5000000000462,46.16512,11.0000000000588));
#2670=CARTESIAN_POINT('',(11.5,46.16512,5.87806595918212E-11));
#2671=CARTESIAN_POINT('',(11.5,44.16512,5.87880457241342E-11));
#2672=CARTESIAN_POINT('',(9.5,44.16512,6.71803510094406E-11));
#2673=CARTESIAN_POINT('',(9.50000000004619,44.16512,11.0000000000672));
#2674=CARTESIAN_POINT('',(11.5000000000462,23.16512,11.0000000000588));
#2675=CARTESIAN_POINT('',(11.5000000000109,23.16512,2.60000000005878));
#2676=CARTESIAN_POINT('',(9.50000000001091,23.16512,2.60000000006718));
#2677=CARTESIAN_POINT('',(11.5000000000109,21.16512,2.60000000005878));
#2678=CARTESIAN_POINT('',(9.50000000004619,23.16512,11.0000000000672));
#2679=CARTESIAN_POINT('',(9.5,23.16512,6.71781081188322E-11));
#2680=CARTESIAN_POINT('',(11.5,23.16512,5.87858028335257E-11));
#2681=CARTESIAN_POINT('',(11.5,21.16512,5.87931889658387E-11));
#2682=CARTESIAN_POINT('',(11.5000000000462,21.16512,11.0000000000588));
#2683=CARTESIAN_POINT('',(12.00662566938,23.6651199999822,11.0000000000567));
#2684=CARTESIAN_POINT('',(12.0066256693338,23.6651199999821,5.66580546718281E-11));
#2685=CARTESIAN_POINT('',(13.6066256693338,23.6651199999821,4.99386593284599E-11));
#2686=CARTESIAN_POINT('',(12.0066256693447,23.6651199999821,2.60000000005665));
#2687=CARTESIAN_POINT('',(13.6066256693447,23.6651199999821,2.60000000004993));
#2688=CARTESIAN_POINT('',(31.999999999937,43.665119999982,10.9999999999727));
#2689=CARTESIAN_POINT('',(31.9999999998908,43.665119999982,-2.73110341966145E-11));
#2690=CARTESIAN_POINT('',(33.5999999998908,43.665119999982,-3.40304295399827E-11));
#2691=CARTESIAN_POINT('',(31.9999999999017,43.665119999982,2.59999999997269));
#2692=CARTESIAN_POINT('',(33.5999999999017,43.665119999982,2.59999999996597));
#2693=CARTESIAN_POINT('',(12.00662566938,43.665119999982,11.0000000000567));
#2694=CARTESIAN_POINT('',(12.0066256693338,43.665119999982,5.66535822877372E-11));
#2695=CARTESIAN_POINT('',(13.6066256693338,43.665119999982,4.9934186944369E-11));
#2696=CARTESIAN_POINT('',(12.0066256693447,43.665119999982,2.60000000005665));
#2697=CARTESIAN_POINT('',(13.6066256693447,43.665119999982,2.60000000004993));
#2698=CARTESIAN_POINT('',(32.5000000000462,23.16512,10.9999999999706));
#2699=CARTESIAN_POINT('',(32.5000000000109,23.16512,2.59999999997059));
#2700=CARTESIAN_POINT('',(32.5000000000109,21.16512,2.59999999997059));
#2701=CARTESIAN_POINT('',(34.5000000000109,23.16512,2.59999999996219));
#2702=CARTESIAN_POINT('',(32.5000000000462,21.16512,10.9999999999706));
#2703=CARTESIAN_POINT('',(32.5,21.16512,-2.94058138097734E-11));
#2704=CARTESIAN_POINT('',(32.5,23.16512,-2.94131999420863E-11));
#2705=CARTESIAN_POINT('',(34.5,23.16512,-3.78055052273928E-11));
#2706=CARTESIAN_POINT('',(34.5000000000462,23.16512,10.9999999999622));
#2707=CARTESIAN_POINT('',(34.5000000000462,33.66512,10.9999999999622));
#2708=CARTESIAN_POINT('',(34.5000000000462,38.7906969572117,10.9999999999622));
#2709=CARTESIAN_POINT('',(34.5000000000122,38.7906969572117,2.89999999996218));
#2710=CARTESIAN_POINT('',(34.500000000042,38.7906969572117,9.9999999999622));
#2711=CARTESIAN_POINT('',(34.500000000042,33.66512,9.9999999999622));
#2712=CARTESIAN_POINT('',(34.500000000042,28.5395430427526,9.9999999999622));
#2713=CARTESIAN_POINT('',(34.5000000000462,28.5395430427526,10.9999999999622));
#2714=CARTESIAN_POINT('',(34.5000000000122,28.5395430427526,2.89999999996218));
#2715=CARTESIAN_POINT('',(34.5000000000109,27.4037613735925,2.59999999996219));
#2716=CARTESIAN_POINT('',(34.5000000000109,27.8010197552032,2.59999999996218));
#2717=CARTESIAN_POINT('',(34.5000000000116,28.1739223637901,2.75839807995698));
#2718=CARTESIAN_POINT('',(34.5000000000122,28.5395430427526,2.89999999996219));
#2719=CARTESIAN_POINT('',(34.5000000000109,27.4037613735925,2.59999999996219));
#2720=CARTESIAN_POINT('',(34.5000000000109,33.66512,2.59999999996219));
#2721=CARTESIAN_POINT('',(34.5,33.66512,-3.78078532290405E-11));
#2722=CARTESIAN_POINT('',(34.5000000000109,33.66512,2.59999999996219));
#2723=CARTESIAN_POINT('',(34.5000000000109,39.9264786263717,2.59999999996219));
#2724=CARTESIAN_POINT('',(34.5000000000109,39.9264786263717,2.59999999996219));
#2725=CARTESIAN_POINT('',(34.5000000000109,39.529220244761,2.59999999996221));
#2726=CARTESIAN_POINT('',(34.5000000000116,39.1563176361776,2.75839807996612));
#2727=CARTESIAN_POINT('',(34.5000000000122,38.7906969572117,2.89999999996218));
#2728=CARTESIAN_POINT('',(22.0000000000462,46.16512,11.0000000000147));
#2729=CARTESIAN_POINT('',(16.8810487121597,46.16512,11.0000000000362));
#2730=CARTESIAN_POINT('',(16.8810487121258,46.16512,2.90000000003617));
#2731=CARTESIAN_POINT('',(16.881048712135,46.16512,5.11202687951541));
#2732=CARTESIAN_POINT('',(21.9999999998649,46.16512,18.2499999999723));
#2733=CARTESIAN_POINT('',(27.1255769571325,46.16512,5.11461036528215));
#2734=CARTESIAN_POINT('',(27.1255769571573,46.16512,10.9999999999931));
#2735=CARTESIAN_POINT('',(27.1255769571233,46.16512,2.89999999999316));
#2736=CARTESIAN_POINT('',(28.261358626282,46.16512,2.59999999998838));
#2737=CARTESIAN_POINT('',(27.8641002446713,46.16512,2.59999999999005));
#2738=CARTESIAN_POINT('',(27.4911976360827,46.16512,2.7583980799803));
#2739=CARTESIAN_POINT('',(27.1255769571233,46.16512,2.89999999999316));
#2740=CARTESIAN_POINT('',(28.261358626282,46.16512,2.59999999998838));
#2741=CARTESIAN_POINT('',(22.0000000000109,46.16512,2.60000000001468));
#2742=CARTESIAN_POINT('',(22.,46.16512,1.46846276509671E-11));
#2743=CARTESIAN_POINT('',(22.0000000000109,46.16512,2.60000000001468));
#2744=CARTESIAN_POINT('',(15.7452670429644,46.16512,2.60000000004095));
#2745=CARTESIAN_POINT('',(15.7452670429644,46.16512,2.60000000004095));
#2746=CARTESIAN_POINT('',(16.1425254245751,46.16512,2.60000000003927));
#2747=CARTESIAN_POINT('',(16.5154280331627,46.16512,2.75839808003262));
#2748=CARTESIAN_POINT('',(16.8810487121258,46.16512,2.90000000003617));
#2749=CARTESIAN_POINT('',(9.50000000004619,33.66512,11.0000000000672));
#2750=CARTESIAN_POINT('',(9.50000000004199,33.66512,10.0000000000672));
#2751=CARTESIAN_POINT('',(9.50000000004199,38.791381144527,10.0000000000672));
#2752=CARTESIAN_POINT('',(9.50000000004199,28.5388588554372,10.0000000000672));
#2753=CARTESIAN_POINT('',(9.50000000002771,38.791381144527,6.60000000006718));
#2754=CARTESIAN_POINT('',(9.50000000001218,38.791381144527,2.90000000006717));
#2755=CARTESIAN_POINT('',(9.50000000001092,39.927162813687,2.60000000006717));
#2756=CARTESIAN_POINT('',(9.50000000001092,39.5299044320763,2.60000000006718));
#2757=CARTESIAN_POINT('',(9.50000000001158,39.1570018234855,2.75839808005198));
#2758=CARTESIAN_POINT('',(9.50000000001218,38.791381144527,2.90000000006717));
#2759=CARTESIAN_POINT('',(9.50000000001092,39.927162813687,2.60000000006717));
#2760=CARTESIAN_POINT('',(9.50000000001091,33.66512,2.60000000006717));
#2761=CARTESIAN_POINT('',(9.5,33.66512,6.71826990110883E-11));
#2762=CARTESIAN_POINT('',(9.50000000001091,33.66512,2.60000000006717));
#2763=CARTESIAN_POINT('',(9.50000000001091,27.4030771862771,2.60000000006718));
#2764=CARTESIAN_POINT('',(9.50000000001091,27.4030771862771,2.60000000006718));
#2765=CARTESIAN_POINT('',(9.50000000001091,27.8003355678879,2.60000000006719));
#2766=CARTESIAN_POINT('',(9.50000000001157,28.1732381764756,2.75839808006));
#2767=CARTESIAN_POINT('',(9.50000000001217,28.5388588554372,2.90000000006718));
#2768=CARTESIAN_POINT('',(9.50000000001217,28.5388588554372,2.90000000006718));
#2769=CARTESIAN_POINT('',(9.50000000004619,28.5388588554372,11.0000000000672));
#2770=CARTESIAN_POINT('',(22.0000000000462,21.16512,11.0000000000147));
#2771=CARTESIAN_POINT('',(27.1255769571536,21.16512,10.9999999999932));
#2772=CARTESIAN_POINT('',(27.1255769571195,21.16512,2.89999999999316));
#2773=CARTESIAN_POINT('',(27.1255769571288,21.16512,5.11461036528072));
#2774=CARTESIAN_POINT('',(21.9999999998649,21.16512,18.2499999999723));
#2775=CARTESIAN_POINT('',(16.8810487121387,21.16512,5.11202687951398));
#2776=CARTESIAN_POINT('',(16.8810487121449,21.16512,6.60000000003618));
#2777=CARTESIAN_POINT('',(16.8810487121294,21.16512,2.90000000003618));
#2778=CARTESIAN_POINT('',(15.7452670429681,21.16512,2.60000000004095));
#2779=CARTESIAN_POINT('',(16.1425254245788,21.16512,2.60000000003929));
#2780=CARTESIAN_POINT('',(16.5154280331633,21.16512,2.7583980800404));
#2781=CARTESIAN_POINT('',(16.8810487121294,21.16512,2.90000000003618));
#2782=CARTESIAN_POINT('',(15.7452670429681,21.16512,2.60000000004095));
#2783=CARTESIAN_POINT('',(22.0000000000109,21.16512,2.60000000001468));
#2784=CARTESIAN_POINT('',(22.,21.16512,1.46902181310807E-11));
#2785=CARTESIAN_POINT('',(22.0000000000109,21.16512,2.60000000001468));
#2786=CARTESIAN_POINT('',(28.2613586262784,21.16512,2.59999999998839));
#2787=CARTESIAN_POINT('',(28.2613586262784,21.16512,2.59999999998839));
#2788=CARTESIAN_POINT('',(27.8641002446676,21.16512,2.59999999999005));
#2789=CARTESIAN_POINT('',(27.4911976360832,21.16512,2.75839807999114));
#2790=CARTESIAN_POINT('',(27.1255769571195,21.16512,2.89999999999316));
#2791=CARTESIAN_POINT('',(22.,33.66512,1.46874228910239E-11));
#2792=CARTESIAN_POINT('',(22.,33.66512,-9.15439745157677E-15));
#2793=CARTESIAN_POINT('',(15.1045942183351,32.4595582611672,2.79222573289982E-11));
#2794=CARTESIAN_POINT('',(22.4603899214944,40.6499636718502,-9.7967377413364E-13));
#2795=CARTESIAN_POINT('',(22.4603899214944,40.6499636718502,-9.7967377413364E-13));
#2796=CARTESIAN_POINT('',(22.6328325252937,40.6385975138438,-1.70386500054708E-12));
#2797=CARTESIAN_POINT('',(22.9659603461134,40.6400257199863,1.74952302788506E-11));
#2798=CARTESIAN_POINT('',(23.3290729201857,40.7744889248754,9.10422910529211E-12));
#2799=CARTESIAN_POINT('',(23.4035980364417,40.934308552434,8.79121604209503E-12));
#2800=CARTESIAN_POINT('',(23.4035980364406,40.934308552435,7.95854877363095E-12));
#2801=CARTESIAN_POINT('',(20.368645983334,34.4258328711333,1.43288123792137E-11));
#2802=CARTESIAN_POINT('',(25.0350278961226,44.432921176849,4.52725223492316E-12));
#2803=CARTESIAN_POINT('',(25.0350278961226,44.432921176849,4.52725223492316E-12));
#2804=CARTESIAN_POINT('',(25.1021643718796,44.576895813729,4.24527221282215E-12));
#2805=CARTESIAN_POINT('',(24.9827947856718,44.907307844138,9.56382500042125E-13));
#2806=CARTESIAN_POINT('',(24.6317051534116,45.2141237367131,3.95706650640759E-12));
#2807=CARTESIAN_POINT('',(24.2140581049159,45.4323871129831,5.29092657022012E-12));
#2808=CARTESIAN_POINT('',(23.9149032844361,45.5123827904955,6.64984237667119E-12));
#2809=CARTESIAN_POINT('',(23.7601023063971,45.535336504808,7.29994285064483E-12));
#2810=CARTESIAN_POINT('',(10.0168081855906,33.0302074555727,6.50193808113354E-11));
#2811=CARTESIAN_POINT('',(10.0275184756695,32.8280639296177,6.49744468437084E-11));
#2812=CARTESIAN_POINT('',(10.0909541109464,32.5331987323236,6.46995911708065E-11));
#2813=CARTESIAN_POINT('',(10.289670036837,32.1766339696155,6.38670315392187E-11));
#2814=CARTESIAN_POINT('',(10.4731615434455,32.0543604062887,6.30961484932594E-11));
#2815=CARTESIAN_POINT('',(10.5754932054947,32.0633132666382,6.26663921828201E-11));
#2816=CARTESIAN_POINT('',(10.5754932054921,32.0633132665796,3.74226961604165E-11));
#2817=CARTESIAN_POINT('',(22.0522934456486,33.0674031811449,1.33230263483514E-11));
#2818=CARTESIAN_POINT('',(22.,33.66512,-9.15439745157677E-15));
#2819=CARTESIAN_POINT('',(26.4917499824921,28.2963042930925,4.00592692657057E-12));
#2820=CARTESIAN_POINT('',(15.7207529779675,30.5714075317354,1.31781034984609E-11));
#2821=CARTESIAN_POINT('',(15.7207529779675,30.5714075317354,1.31781034984609E-11));
#2822=CARTESIAN_POINT('',(15.6443750576438,30.7264302863261,1.34988272337455E-11));
#2823=CARTESIAN_POINT('',(15.4765742844373,31.0142133388052,5.60241762725879E-11));
#2824=CARTESIAN_POINT('',(15.1785694460985,31.2614464499488,4.33353908354631E-11));
#2825=CARTESIAN_POINT('',(15.0028990304773,31.2460772800743,4.40731436302378E-11));
#2826=CARTESIAN_POINT('',(15.002899030472,31.246077280042,2.56018080580591E-11));
#2827=CARTESIAN_POINT('',(22.1568803369458,31.8719695434349,1.05734165812946E-11));
#2828=CARTESIAN_POINT('',(11.1572966898811,30.9096306708116,3.36820262211209E-11));
#2829=CARTESIAN_POINT('',(11.1572966898811,30.9096306708116,3.36820262211209E-11));
#2830=CARTESIAN_POINT('',(10.9990427589887,30.8957852459006,3.43466360211666E-11));
#2831=CARTESIAN_POINT('',(10.7725823399963,30.6272021366708,7.41614977447563E-11));
#2832=CARTESIAN_POINT('',(10.682416798888,30.169741649811,5.89009856510168E-11));
#2833=CARTESIAN_POINT('',(10.7022186945639,29.6989170078691,6.30794025855088E-11));
#2834=CARTESIAN_POINT('',(10.7825178158854,29.3998434949097,6.18045015528269E-11));
#2835=CARTESIAN_POINT('',(10.8400398051987,29.2543050582403,6.15629634810583E-11));
#2836=CARTESIAN_POINT('',(28.5414462999124,23.6048277425473,-1.2781929813502E-11));
#2837=CARTESIAN_POINT('',(28.7111525835642,23.7151748888186,-1.34946567468117E-11));
#2838=CARTESIAN_POINT('',(28.9347955174794,23.9175443591247,-1.44339178059664E-11));
#2839=CARTESIAN_POINT('',(29.1442316971395,24.2679197804471,-1.53135489631027E-11));
#2840=CARTESIAN_POINT('',(29.1583779558951,24.4879648682088,-1.53730071101649E-11));
#2841=CARTESIAN_POINT('',(29.09945872037,24.5721102569829,-1.51255874036764E-11));
#2842=CARTESIAN_POINT('',(29.0994587203419,24.5721102569684,-1.48372198847683E-12));
#2843=CARTESIAN_POINT('',(22.4914912265734,34.0092658618106,1.23942850226064E-11));
#2844=CARTESIAN_POINT('',(23.4744736797202,34.6975575854319,7.80800928577126E-12));
#2845=CARTESIAN_POINT('',(30.6441791341082,24.4581570318195,-7.24235461835395E-12));
#2846=CARTESIAN_POINT('',(30.1526879075349,24.1140111700088,-4.94227785603249E-12));
#2847=CARTESIAN_POINT('',(23.4744736797202,34.6975575854319,7.80800928577126E-12));
#2848=CARTESIAN_POINT('',(27.5935029330874,28.814974167523,-8.36240797602687E-13));
#2849=CARTESIAN_POINT('',(29.8076754139884,25.652808152341,-5.48516242192369E-12));
#2850=CARTESIAN_POINT('',(29.8076754139884,25.652808152341,-5.48516242192369E-12));
#2851=CARTESIAN_POINT('',(29.8987928691542,25.5226789403671,-5.86779219999565E-12));
#2852=CARTESIAN_POINT('',(30.2446228743245,25.4608500192856,-2.57922127279421E-11));
#2853=CARTESIAN_POINT('',(30.6858780477048,25.6114946135338,-2.02104504790303E-11));
#2854=CARTESIAN_POINT('',(31.0837232005207,25.8640558792175,-2.39127913477762E-11));
#2855=CARTESIAN_POINT('',(31.3025788996792,26.0831337146624,-2.43712585747177E-11));
#2856=CARTESIAN_POINT('',(31.3998578884047,26.2057184370195,-2.47798209769218E-11));
#2857=CARTESIAN_POINT('',(21.456215327778,33.9186909570444,1.45563212305806E-11));
#2858=CARTESIAN_POINT('',(24.4036557991727,40.2394974457403,8.38014281548929E-12));
#2859=CARTESIAN_POINT('',(22.,33.66512,-9.15439745157677E-15));
#2860=CARTESIAN_POINT('',(27.8188571005381,29.7739887964144,-1.2225892916682E-11));
#2861=CARTESIAN_POINT('',(27.8188571005381,29.7739887964144,-1.2225892916682E-11));
#2862=CARTESIAN_POINT('',(27.7227924170621,29.6303321998339,-1.18224254255512E-11));
#2863=CARTESIAN_POINT('',(27.5574653694631,29.3411209412256,-7.41574139266334E-12));
#2864=CARTESIAN_POINT('',(27.4923576337377,28.9594246252015,-8.3704123738723E-12));
#2865=CARTESIAN_POINT('',(27.5935029331006,28.814974167528,-8.79515210543959E-12));
#2866=CARTESIAN_POINT('',(22.0033128346232,33.6651199999821,2.60000000001467));
#2867=CARTESIAN_POINT('',(32.5000000000109,28.5395430427526,2.59999999997058));
#2868=CARTESIAN_POINT('',(32.2653061224087,26.2515485532889,2.59999999997158));
#2869=CARTESIAN_POINT('',(31.9999999999017,23.6651199999821,2.59999999997269));
#2870=CARTESIAN_POINT('',(29.4135714465881,23.3998138775426,2.59999999998355));
#2871=CARTESIAN_POINT('',(27.1255769571183,23.16512,2.59999999999316));
#2872=CARTESIAN_POINT('',(31.9999999999185,23.6651199999821,6.59999999997269));
#2873=CARTESIAN_POINT('',(32.2959183673301,26.549982617132,6.59999999997145));
#2874=CARTESIAN_POINT('',(32.2959183673145,26.549982617132,2.89999999997144));
#2875=CARTESIAN_POINT('',(32.2959183673387,26.549982617132,8.64933515259808));
#2876=CARTESIAN_POINT('',(32.2959183673387,26.549982617132,8.64933515259808));
#2877=CARTESIAN_POINT('',(31.9695838689774,26.5834567837736,8.26201678237517));
#2878=CARTESIAN_POINT('',(31.2752198113709,26.5462084657593,7.52520682978901));
#2879=CARTESIAN_POINT('',(30.1560895220256,26.031406781671,6.58617062534668));
#2880=CARTESIAN_POINT('',(29.2414067379467,24.9145375865304,5.97764179903824));
#2881=CARTESIAN_POINT('',(29.0630200677821,23.8772853147567,5.87552607310146));
#2882=CARTESIAN_POINT('',(29.1151373827581,23.3692016326458,5.90728733783471));
#2883=CARTESIAN_POINT('',(29.1151373827581,23.3692016326458,5.90728733783471));
#2884=CARTESIAN_POINT('',(29.115137382761,23.3692016326458,6.5999999999848));
#2885=CARTESIAN_POINT('',(29.1151373827454,23.3692016326458,2.8999999999848));
#2886=CARTESIAN_POINT('',(31.999999999903,23.6651199999821,2.89999999997269));
#2887=CARTESIAN_POINT('',(22.0033128346232,33.6651199999821,2.60000000001467));
#2888=CARTESIAN_POINT('',(12.0066256693447,43.665119999982,2.60000000005665));
#2889=CARTESIAN_POINT('',(11.7378038856166,41.0790544848426,2.60000000005778));
#2890=CARTESIAN_POINT('',(14.5930542226564,43.9304261224406,2.60000000004578));
#2891=CARTESIAN_POINT('',(16.8810487121244,44.16512,2.60000000003618));
#2892=CARTESIAN_POINT('',(11.5000000000109,38.791381144527,2.60000000005877));
#2893=CARTESIAN_POINT('',(12.0066256693615,43.665119999982,6.60000000005665));
#2894=CARTESIAN_POINT('',(11.7067859875109,40.7806623100188,6.60000000005791));
#2895=CARTESIAN_POINT('',(11.7067859874954,40.7806623100188,2.90000000005791));
#2896=CARTESIAN_POINT('',(11.7067859875195,40.7806623100188,8.64686324894771));
#2897=CARTESIAN_POINT('',(11.7067859875195,40.7806623100188,8.64686324894771));
#2898=CARTESIAN_POINT('',(12.0334104290549,40.7467096647865,8.25938681098459));
#2899=CARTESIAN_POINT('',(12.7284742383318,40.783171002597,7.52223130978744));
#2900=CARTESIAN_POINT('',(13.84896247869,41.2974192620481,6.58277284497406));
#2901=CARTESIAN_POINT('',(14.7649316019746,42.4146255712087,5.97404858498134));
#2902=CARTESIAN_POINT('',(14.9436404273438,43.4526151733743,5.87188820383832));
#2903=CARTESIAN_POINT('',(14.891488286514,43.9610383673396,5.90363039560479));
#2904=CARTESIAN_POINT('',(14.891488286514,43.9610383673396,5.90363039560479));
#2905=CARTESIAN_POINT('',(14.8914882865169,43.9610383673396,6.60000000004453));
#2906=CARTESIAN_POINT('',(14.8914882865014,43.9610383673396,2.90000000004453));
#2907=CARTESIAN_POINT('',(12.006625669346,43.665119999982,2.90000000005665));
#2908=CARTESIAN_POINT('',(22.0033128346232,33.6651199999821,2.60000000001467));
#2909=CARTESIAN_POINT('',(31.9999999999017,43.665119999982,2.59999999997269));
#2910=CARTESIAN_POINT('',(29.41357144659,43.9304261224406,2.59999999998354));
#2911=CARTESIAN_POINT('',(32.2653061224087,41.0786914466753,2.59999999997157));
#2912=CARTESIAN_POINT('',(32.5000000000109,38.7906969572117,2.59999999997058));
#2913=CARTESIAN_POINT('',(27.125576957122,44.16512,2.59999999999315));
#2914=CARTESIAN_POINT('',(31.9999999999185,43.665119999982,6.59999999997268));
#2915=CARTESIAN_POINT('',(29.1151373827632,43.9610383673396,6.5999999999848));
#2916=CARTESIAN_POINT('',(29.1151373827476,43.9610383673396,2.8999999999848));
#2917=CARTESIAN_POINT('',(29.1151373827602,43.9610383673396,5.90728733783603));
#2918=CARTESIAN_POINT('',(29.1151373827602,43.9610383673396,5.90728733783603));
#2919=CARTESIAN_POINT('',(29.0631172595163,43.4539021925023,5.87558530355879));
#2920=CARTESIAN_POINT('',(29.2374776150678,42.4233349628115,5.97502021407632));
#2921=CARTESIAN_POINT('',(30.1582781401055,41.296484398947,6.58795043235282));
#2922=CARTESIAN_POINT('',(31.2703972390013,40.7857920441315,7.52071129925823));
#2923=CARTESIAN_POINT('',(31.9696893462059,40.7467940356483,8.26214197069718));
#2924=CARTESIAN_POINT('',(32.2959183673387,40.7802573828322,8.64933515259808));
#2925=CARTESIAN_POINT('',(32.2959183673387,40.7802573828322,8.64933515259807));
#2926=CARTESIAN_POINT('',(32.2959183673301,40.7802573828322,6.59999999997144));
#2927=CARTESIAN_POINT('',(32.2959183673145,40.7802573828322,2.89999999997144));
#2928=CARTESIAN_POINT('',(31.999999999903,43.665119999982,2.89999999997268));
#2929=CARTESIAN_POINT('',(12.0066256693615,23.6651199999821,6.60000000005665));
#2930=CARTESIAN_POINT('',(14.8914882865191,23.3692016326458,6.60000000004454));
#2931=CARTESIAN_POINT('',(14.8914882865035,23.3692016326458,2.90000000004453));
#2932=CARTESIAN_POINT('',(14.8914882865161,23.3692016326458,5.90363039560347));
#2933=CARTESIAN_POINT('',(14.8914882865161,23.3692016326458,5.90363039560347));
#2934=CARTESIAN_POINT('',(14.9435434545164,23.8766794534576,5.8719472259616));
#2935=CARTESIAN_POINT('',(14.768878107367,24.9079459117968,5.97141906121219));
#2936=CARTESIAN_POINT('',(13.8467770514742,26.0351716685908,6.58454811971071));
#2937=CARTESIAN_POINT('',(12.7332964147032,26.5453122788854,7.51773923463446));
#2938=CARTESIAN_POINT('',(12.0333055282394,26.5835194307269,8.25951125542028));
#2939=CARTESIAN_POINT('',(11.7067859875195,26.5495776899453,8.64686324894771));
#2940=CARTESIAN_POINT('',(11.7067859875195,26.5495776899453,8.6468632489477));
#2941=CARTESIAN_POINT('',(11.7067859875109,26.5495776899453,6.60000000005791));
#2942=CARTESIAN_POINT('',(11.7067859874954,26.5495776899453,2.90000000005791));
#2943=CARTESIAN_POINT('',(12.006625669346,23.6651199999821,2.90000000005666));
#2944=CARTESIAN_POINT('',(22.0033128346232,33.6651199999821,2.60000000001467));
#2945=CARTESIAN_POINT('',(12.0066256693447,23.6651199999821,2.60000000005666));
#2946=CARTESIAN_POINT('',(14.5930542226584,23.3998138775426,2.60000000004579));
#2947=CARTESIAN_POINT('',(11.7378038856166,26.2511855151215,2.60000000005778));
#2948=CARTESIAN_POINT('',(11.5000000000109,28.5388588554372,2.60000000005878));
#2949=CARTESIAN_POINT('',(16.8810487121281,23.16512,2.60000000003618));
#2950=CARTESIAN_POINT('',(11.5000000000277,38.791381144527,6.60000000005878));
#2951=CARTESIAN_POINT('',(11.500000000042,38.791381144527,10.0000000000588));
#2952=CARTESIAN_POINT('',(10.4006031666518,40.462107514323,10.0000000000634));
#2953=CARTESIAN_POINT('',(10.4006031666518,40.462107514323,10.0000000000634));
#2954=CARTESIAN_POINT('',(10.7859017411646,40.7156475555824,9.54608025325667));
#2955=CARTESIAN_POINT('',(11.2297121369997,40.8302541872225,9.08282579108913));
#2956=CARTESIAN_POINT('',(11.7067859875195,40.7806623100189,8.6468632489477));
#2957=CARTESIAN_POINT('',(11.5000000000122,38.791381144527,2.90000000005877));
#2958=CARTESIAN_POINT('',(32.5000000000277,28.5395430427526,6.59999999997059));
#2959=CARTESIAN_POINT('',(32.500000000042,28.5395430427526,9.9999999999706));
#2960=CARTESIAN_POINT('',(33.5993968329339,26.8688166726287,9.99999999996599));
#2961=CARTESIAN_POINT('',(33.5993968329339,26.8688166726287,9.99999999996599));
#2962=CARTESIAN_POINT('',(33.2148283215279,26.6157570387903,9.54694033955847));
#2963=CARTESIAN_POINT('',(32.7720181067716,26.5011460948033,9.08461643990104));
#2964=CARTESIAN_POINT('',(32.2959183673387,26.5499826171319,8.64933515259808));
#2965=CARTESIAN_POINT('',(32.5000000000122,28.5395430427526,2.89999999997058));
#2966=CARTESIAN_POINT('',(32.5000000000277,38.7906969572117,6.59999999997058));
#2967=CARTESIAN_POINT('',(32.2959183673387,40.7802573828322,8.64933515259807));
#2968=CARTESIAN_POINT('',(32.7720181067716,40.8290939051608,9.08461643990102));
#2969=CARTESIAN_POINT('',(33.2148283215279,40.7144829611739,9.54694033955846));
#2970=CARTESIAN_POINT('',(33.5993968329339,40.4614233273355,9.99999999996598));
#2971=CARTESIAN_POINT('',(33.5993968329339,40.4614233273355,9.99999999996598));
#2972=CARTESIAN_POINT('',(32.500000000042,38.7906969572117,9.9999999999706));
#2973=CARTESIAN_POINT('',(32.5000000000122,38.7906969572117,2.89999999997058));
#2974=CARTESIAN_POINT('',(27.1255769571388,44.16512,6.59999999999316));
#2975=CARTESIAN_POINT('',(27.1255769571325,46.16512,5.11461036528215));
#2976=CARTESIAN_POINT('',(27.6784703851506,46.16512,5.29799382091542));
#2977=CARTESIAN_POINT('',(28.7477192647874,45.7075503448694,5.72312182237452));
#2978=CARTESIAN_POINT('',(29.1746439201945,44.5411584418488,5.93522225449384));
#2979=CARTESIAN_POINT('',(29.1151373827602,43.9610383673396,5.90728733783603));
#2980=CARTESIAN_POINT('',(27.1255769571233,44.16512,2.89999999999316));
#2981=CARTESIAN_POINT('',(16.8810487121412,44.16512,6.60000000003618));
#2982=CARTESIAN_POINT('',(14.891488286514,43.9610383673396,5.90363039560479));
#2983=CARTESIAN_POINT('',(14.8321310241626,44.5397031820432,5.93145990677561));
#2984=CARTESIAN_POINT('',(15.2572873506775,45.7071384567079,5.72034432118848));
#2985=CARTESIAN_POINT('',(16.3291161310404,46.16512,5.29481904807974));
#2986=CARTESIAN_POINT('',(16.881048712135,46.16512,5.11202687951541));
#2987=CARTESIAN_POINT('',(16.8810487121258,44.16512,2.90000000003617));
#2988=CARTESIAN_POINT('',(16.8810487121449,23.16512,6.60000000003618));
#2989=CARTESIAN_POINT('',(16.8810487121387,21.16512,5.11202687951398));
#2990=CARTESIAN_POINT('',(16.3281234700533,21.16512,5.29514780318589));
#2991=CARTESIAN_POINT('',(15.2587981253245,21.6227922755088,5.71974120754181));
#2992=CARTESIAN_POINT('',(14.8319873565564,22.7891362244982,5.93152726499053));
#2993=CARTESIAN_POINT('',(14.8914882865161,23.3692016326458,5.90363039560347));
#2994=CARTESIAN_POINT('',(16.8810487121294,23.16512,2.90000000003618));
#2995=CARTESIAN_POINT('',(27.1255769571351,23.16512,6.59999999999315));
#2996=CARTESIAN_POINT('',(29.1151373827581,23.3692016326458,5.90728733783471));
#2997=CARTESIAN_POINT('',(29.1744997328232,22.7904872185636,5.93515456676754));
#2998=CARTESIAN_POINT('',(28.7492307327022,21.6229952472727,5.7237259185827));
#2999=CARTESIAN_POINT('',(27.6774748930721,21.16512,5.29766363652842));
#3000=CARTESIAN_POINT('',(27.1255769571288,21.16512,5.11461036528072));
#3001=CARTESIAN_POINT('',(27.1255769571195,23.16512,2.89999999999316));
#3002=CARTESIAN_POINT('',(11.5000000000277,28.5388588554372,6.60000000005878));
#3003=CARTESIAN_POINT('',(11.7067859875195,26.5495776899453,8.64686324894771));
#3004=CARTESIAN_POINT('',(11.229712136999,26.4999858127417,9.08282579108976));
#3005=CARTESIAN_POINT('',(10.7859017411615,26.6145924443828,9.54608025326004));
#3006=CARTESIAN_POINT('',(10.4006031666485,26.8681324856434,10.0000000000673));
#3007=CARTESIAN_POINT('',(10.4006031666485,26.8681324856434,10.0000000000634));
#3008=CARTESIAN_POINT('',(11.500000000042,28.5388588554372,10.0000000000588));
#3009=CARTESIAN_POINT('',(11.5000000000122,28.5388588554372,2.90000000005878));
#3010=CARTESIAN_POINT('',(21.9999999999955,33.66512,-2.14034125502344));
#3011=CARTESIAN_POINT('',(18.315644514355,35.7133843570903,4.605878483078));
#3012=CARTESIAN_POINT('',(18.3901977137098,35.7246819326317,4.65857095826779));
#3013=CARTESIAN_POINT('',(18.4640935134429,35.7129215813724,4.71856052527864));
#3014=CARTESIAN_POINT('',(18.515143488766,35.6617891523222,4.77659554196223));
#3015=CARTESIAN_POINT('',(18.3156445143526,35.7133843570893,4.60587848306913));
#3016=CARTESIAN_POINT('',(18.5151434887658,35.6617891523221,4.77659554196225));
#3017=CARTESIAN_POINT('',(18.5151434887658,35.6617891523221,4.77659554196225));
#3018=CARTESIAN_POINT('',(18.7704770979092,36.2540392968631,4.71592192479754));
#3019=CARTESIAN_POINT('',(19.514432616935,37.3256658875684,4.5499707434681));
#3020=CARTESIAN_POINT('',(21.2754372177688,38.2546702851616,4.3406995323833));
#3021=CARTESIAN_POINT('',(23.279995241947,38.0849302569368,4.38237411931661));
#3022=CARTESIAN_POINT('',(24.3381458566258,37.3130123614829,4.54410188259998));
#3023=CARTESIAN_POINT('',(24.7591285827778,36.8268352156781,4.62269288908329));
#3024=CARTESIAN_POINT('',(24.7591285827775,36.8268352156779,4.62269288908355));
#3025=CARTESIAN_POINT('',(24.7591285827775,36.8268352156779,4.62269288908356));
#3026=CARTESIAN_POINT('',(24.8974769752269,37.2568022416943,4.25837958124044));
#3027=CARTESIAN_POINT('',(25.0750227566401,38.0903040040311,3.44883007156375));
#3028=CARTESIAN_POINT('',(24.8303731383231,39.2471585021774,2.11834066482568));
#3029=CARTESIAN_POINT('',(23.9266222755371,40.1907030803793,0.889272115943805));
#3030=CARTESIAN_POINT('',(22.9597783935875,40.5448022251529,0.294432908280699));
#3031=CARTESIAN_POINT('',(22.4603899214944,40.6499636718502,-9.7967377413364E-13));
#3032=CARTESIAN_POINT('',(18.3156445143526,35.7133843570893,4.6058784830693));
#3033=CARTESIAN_POINT('',(17.8437740316538,35.6418784731005,4.27237135101261));
#3034=CARTESIAN_POINT('',(16.9769722024348,35.4630580449026,3.51557656876872));
#3035=CARTESIAN_POINT('',(15.9231996410502,34.953208282779,2.20166775164508));
#3036=CARTESIAN_POINT('',(15.2028813374906,33.9921520972656,0.88092055183291));
#3037=CARTESIAN_POINT('',(15.0686867881807,32.9982910970647,0.234485060239714));
#3038=CARTESIAN_POINT('',(15.1045942183352,32.4595582611672,2.790837954119E-11));
#3039=CARTESIAN_POINT('',(21.9999999999955,33.66512,-2.14034125502344));
#3040=CARTESIAN_POINT('',(25.6533801430496,35.9281993168332,4.53248807637839));
#3041=CARTESIAN_POINT('',(25.6169235662091,35.8329548538138,4.60593196075529));
#3042=CARTESIAN_POINT('',(25.5509061137094,35.7453194088898,4.69421455875474));
#3043=CARTESIAN_POINT('',(25.4474640106993,35.746259784789,4.76775972246417));
#3044=CARTESIAN_POINT('',(25.6533801430491,35.9281993168348,4.53248807636704));
#3045=CARTESIAN_POINT('',(25.4474640106967,35.7462597847943,4.76775972246373));
#3046=CARTESIAN_POINT('',(25.4474640106967,35.7462597847943,4.76775972246373));
#3047=CARTESIAN_POINT('',(25.9446737304336,34.6519041065794,4.8845911236497));
#3048=CARTESIAN_POINT('',(26.1083016340815,32.117300176482,4.93445786597439));
#3049=CARTESIAN_POINT('',(24.5936672622654,30.0583395422043,4.55257093408838));
#3050=CARTESIAN_POINT('',(23.5068695761394,29.5363733631037,4.44282882694387));
#3051=CARTESIAN_POINT('',(23.5068695761376,29.5363733631067,4.44282882694705));
#3052=CARTESIAN_POINT('',(23.5068695761376,29.5363733631067,4.44282882694705));
#3053=CARTESIAN_POINT('',(23.8016509175621,29.2323393742395,4.08236735096921));
#3054=CARTESIAN_POINT('',(24.423881166925,28.7204735015648,3.28748758752734));
#3055=CARTESIAN_POINT('',(25.5202239338571,28.4309212025465,2.01367249579754));
#3056=CARTESIAN_POINT('',(26.7379264795953,28.7705170099937,0.850620907376602));
#3057=CARTESIAN_POINT('',(27.4918938402704,29.4094751474405,0.282506294950856));
#3058=CARTESIAN_POINT('',(27.8188571005381,29.7739887964144,-1.2225892916682E-11));
#3059=CARTESIAN_POINT('',(25.6533801430491,35.9281993168348,4.53248807636709));
#3060=CARTESIAN_POINT('',(25.8195414392349,36.3623032509242,4.19774652675739));
#3061=CARTESIAN_POINT('',(26.0809498473871,37.1801473973315,3.44756209540764));
#3062=CARTESIAN_POINT('',(26.1448952201892,38.3246606282249,2.15224320802753));
#3063=CARTESIAN_POINT('',(25.6620681621951,39.4060112709478,0.861237888129405));
#3064=CARTESIAN_POINT('',(24.879378758173,40.0055490351119,0.230232437332892));
#3065=CARTESIAN_POINT('',(24.4036557991726,40.2394974457402,8.3662650276816E-12));
#3066=CARTESIAN_POINT('',(21.9999999999955,33.66512,-2.14034125502344));
#3067=CARTESIAN_POINT('',(22.4735769401051,28.9697152806347,4.12505806188844));
#3068=CARTESIAN_POINT('',(22.4109088312339,29.0394345150537,4.20307629757445));
#3069=CARTESIAN_POINT('',(22.3691109723151,29.1269388865132,4.29311225008779));
#3070=CARTESIAN_POINT('',(22.4051764236971,29.2136822569228,4.37238663493488));
#3071=CARTESIAN_POINT('',(22.4735769401072,28.9697152806355,4.12505806187392));
#3072=CARTESIAN_POINT('',(22.4051764236971,29.2136822569228,4.37238663493488));
#3073=CARTESIAN_POINT('',(22.4051764236971,29.2136822569228,4.37238663493488));
#3074=CARTESIAN_POINT('',(21.7437705772442,29.134647268533,4.35449840788439));
#3075=CARTESIAN_POINT('',(20.4009197841653,29.3806597328976,4.41509625164553));
#3076=CARTESIAN_POINT('',(18.8913498811359,30.7073553750362,4.67730496627673));
#3077=CARTESIAN_POINT('',(18.1018067090164,32.547468375244,4.87992779910498));
#3078=CARTESIAN_POINT('',(18.070788919859,33.8789514896893,4.88877329799318));
#3079=CARTESIAN_POINT('',(18.1821277212915,34.5319595754881,4.85967396627231));
#3080=CARTESIAN_POINT('',(18.1821277212941,34.5319595754929,4.85967396627307));
#3081=CARTESIAN_POINT('',(18.1821277212941,34.5319595754929,4.85967396627307));
#3082=CARTESIAN_POINT('',(17.6963956704023,34.4471721706654,4.49205860970323));
#3083=CARTESIAN_POINT('',(16.8103079506607,34.2120000262605,3.6693344556957));
#3084=CARTESIAN_POINT('',(15.8148944095004,33.4448000307267,2.26160269158837));
#3085=CARTESIAN_POINT('',(15.3773723949285,32.1553111575184,0.943118001959743));
#3086=CARTESIAN_POINT('',(15.5534730962129,31.0829478386193,0.310504086320488));
#3087=CARTESIAN_POINT('',(15.7207529779675,30.5714075317354,1.31781034984609E-11));
#3088=CARTESIAN_POINT('',(22.4735769401071,28.9697152806355,4.12505806187393));
#3089=CARTESIAN_POINT('',(22.7381157404551,28.6754117989043,3.795722282554));
#3090=CARTESIAN_POINT('',(23.2701775236782,28.1639378735303,3.08121433094901));
#3091=CARTESIAN_POINT('',(24.1768524653582,27.6922785634273,1.89613500125469));
#3092=CARTESIAN_POINT('',(25.2744150072548,27.6685721198891,0.760122021066985));
#3093=CARTESIAN_POINT('',(26.093922957422,28.0298493836476,0.207944609648398));
#3094=CARTESIAN_POINT('',(26.4917499824922,28.2963042930926,3.99204913876293E-12));
#3095=CARTESIAN_POINT('',(22.3948268893069,28.9687964857913,4.70832678981362));
#3096=CARTESIAN_POINT('',(26.6918263186993,22.8320453157325,4.7083267898046));
#3097=CARTESIAN_POINT('',(22.548551261232,29.0764354498233,2.34808255998199));
#3098=CARTESIAN_POINT('',(26.8455506906245,22.9396842797645,2.34808255997297));
#3099=CARTESIAN_POINT('',(23.3595874888469,29.6443291301627,0.778640296713279));
#3100=CARTESIAN_POINT('',(27.6565869182393,23.5075779601038,0.778640296704257));
#3101=CARTESIAN_POINT('',(24.8279355721514,30.6724775268095,7.48902191783062E-12));
#3102=CARTESIAN_POINT('',(29.1249350015439,24.5357263567506,-1.53234116412499E-12));
#3103=CARTESIAN_POINT('',(29.0994587203419,24.5721102569684,-1.48372198847683E-12));
#3104=CARTESIAN_POINT('',(28.685993534052,24.3371798880726,0.205658132364412));
#3105=CARTESIAN_POINT('',(27.8621657912536,24.0111492416109,0.742781358687938));
#3106=CARTESIAN_POINT('',(26.8087363141716,23.9173360576956,1.89325017433976));
#3107=CARTESIAN_POINT('',(26.0592376728043,24.0728559011605,3.24333734265738));
#3108=CARTESIAN_POINT('',(25.7472249767432,24.2575731712371,4.18425705141788));
#3109=CARTESIAN_POINT('',(25.6243046470879,24.362627674982,4.66618017084284));
#3110=CARTESIAN_POINT('',(25.6243046470879,24.362627674982,4.66618017084286));
#3111=CARTESIAN_POINT('',(25.6243046470879,24.362627674982,4.66618017084287));
#3112=CARTESIAN_POINT('',(24.5853192452257,25.8912429433505,4.35997646946228));
#3113=CARTESIAN_POINT('',(23.5408980381306,27.4311333817704,4.18141944378489));
#3114=CARTESIAN_POINT('',(22.4735769401051,28.9697152806347,4.12505806188903));
#3115=CARTESIAN_POINT('',(23.4088602828793,28.4479225073001,4.81930814325578));
#3116=CARTESIAN_POINT('',(26.8589536987954,23.5206784722854,4.81930814324854));
#3117=CARTESIAN_POINT('',(23.7225418055903,28.6675646741024,2.79887423461561));
#3118=CARTESIAN_POINT('',(27.1726352215064,23.7403206390877,2.79887423460837));
#3119=CARTESIAN_POINT('',(24.7160068832155,29.363196410406,1.19243818686425));
#3120=CARTESIAN_POINT('',(28.1661002991315,24.4359523753913,1.19243818685701));
#3121=CARTESIAN_POINT('',(26.3892555157548,30.5348177162109,1.68855181791782E-12));
#3122=CARTESIAN_POINT('',(29.8393489316709,25.6075736811962,-5.55476898839748E-12));
#3123=CARTESIAN_POINT('',(27.5935029330874,28.814974167523,-8.36240797602687E-13));
#3124=CARTESIAN_POINT('',(26.912919798303,28.2164171106153,0.525869028732269));
#3125=CARTESIAN_POINT('',(25.37363934177,27.5302566924061,1.87726237486248));
#3126=CARTESIAN_POINT('',(24.0916892501425,28.0379668287404,3.54838458529625));
#3127=CARTESIAN_POINT('',(23.5295286552169,28.4888796872093,4.28831753150651));
#3128=CARTESIAN_POINT('',(23.5295286552169,28.4888796872092,4.28831753150652));
#3129=CARTESIAN_POINT('',(23.5295286552191,28.4888796872003,4.28831753151872));
#3130=CARTESIAN_POINT('',(24.4480709493442,27.1386036067324,4.36918203662142));
#3131=CARTESIAN_POINT('',(25.343055448641,25.782757563405,4.53290797275998));
#3132=CARTESIAN_POINT('',(26.2294731266791,24.4317698859782,4.78320141834218));
#3133=CARTESIAN_POINT('',(26.2294731266774,24.4317698859805,4.78320141834261));
#3134=CARTESIAN_POINT('',(26.2294731266774,24.4317698859805,4.78320141834262));
#3135=CARTESIAN_POINT('',(26.5407543347788,24.3239445289328,3.79226240554386));
#3136=CARTESIAN_POINT('',(27.5585136147521,24.3561713056037,1.8782830294931));
#3137=CARTESIAN_POINT('',(29.0730843841471,25.1055206705242,0.534528435929891));
#3138=CARTESIAN_POINT('',(29.8076754139884,25.652808152341,-5.48516242192369E-12));
#3139=CARTESIAN_POINT('',(17.457585866896,35.3336695222097,7.77486059055554));
#3140=CARTESIAN_POINT('',(10.7594869457364,34.747661799433,7.7748605905696));
#3141=CARTESIAN_POINT('',(17.4593364912942,35.3136597937668,7.38073232800753));
#3142=CARTESIAN_POINT('',(10.7612375701346,34.7276520709901,7.38073232802159));
#3143=CARTESIAN_POINT('',(17.4632391837265,35.2690518151246,6.59477364686117));
#3144=CARTESIAN_POINT('',(10.7651402625669,34.6830440923479,6.59477364687523));
#3145=CARTESIAN_POINT('',(17.4678330195031,35.21654403189,5.00447353297107));
#3146=CARTESIAN_POINT('',(10.7697340983435,34.6305363091134,5.00447353298514));
#3147=CARTESIAN_POINT('',(17.5096978607519,34.7380267067268,3.2233620992326));
#3148=CARTESIAN_POINT('',(10.8115989395923,34.1520189839501,3.22336209924666));
#3149=CARTESIAN_POINT('',(17.6179576296334,33.500611886083,1.4181432670012));
#3150=CARTESIAN_POINT('',(10.9198587084738,32.9146041633063,1.41814326701527));
#3151=CARTESIAN_POINT('',(17.7287710451543,32.2340087508078,0.435838888388405));
#3152=CARTESIAN_POINT('',(11.0306721239947,31.6480010280311,0.43583888840247));
#3153=CARTESIAN_POINT('',(17.7938412344804,31.4902530834488,1.97355066502192E-11));
#3154=CARTESIAN_POINT('',(11.0957423133208,30.9042453606721,3.38010660378385E-11));
#3155=CARTESIAN_POINT('',(15.002899030472,31.2460772800421,2.56087469519629E-11));
#3156=CARTESIAN_POINT('',(14.8997426198588,31.7608806610463,0.304630357890353));
#3157=CARTESIAN_POINT('',(14.8674798312013,32.7562110918974,1.00356883136133));
#3158=CARTESIAN_POINT('',(15.4760233704159,34.3709344580999,2.74608656257671));
#3159=CARTESIAN_POINT('',(16.5595636015048,34.9284554682605,4.17981093965461));
#3160=CARTESIAN_POINT('',(17.4347074265634,35.137786141232,4.96802857361835));
#3161=CARTESIAN_POINT('',(17.4347074265634,35.137786141232,4.96802857361833));
#3162=CARTESIAN_POINT('',(17.4347074272004,35.1377861411806,4.96802857298237));
#3163=CARTESIAN_POINT('',(16.7136345401718,35.1148708992694,5.20651719869573));
#3164=CARTESIAN_POINT('',(16.0136268844179,35.091031700368,5.50136768444832));
#3165=CARTESIAN_POINT('',(15.342469386137,35.0501484257941,5.84999999998635));
#3166=CARTESIAN_POINT('',(15.342469386137,35.0501484257941,5.84999999998635));
#3167=CARTESIAN_POINT('',(15.342469386137,35.0501484257941,5.84999999998635));
#3168=CARTESIAN_POINT('',(14.3849745747861,34.9927485333133,6.36546095159612));
#3169=CARTESIAN_POINT('',(13.4852243258957,34.9461505635316,6.99331697018227));
#3170=CARTESIAN_POINT('',(12.6679885347071,34.9117479137182,7.71844461660079));
#3171=CARTESIAN_POINT('',(12.6679885347011,34.9117479137177,7.71844461660246));
#3172=CARTESIAN_POINT('',(12.6679885347011,34.9117479137177,7.71844461660246));
#3173=CARTESIAN_POINT('',(12.5709651555088,34.8851353716287,7.3641690531115));
#3174=CARTESIAN_POINT('',(12.4256742872702,34.8454800695704,6.82988530872317));
#3175=CARTESIAN_POINT('',(12.2324396061002,34.7916594414576,6.12858066764738));
#3176=CARTESIAN_POINT('',(12.0394003669545,34.7411281767462,5.38985721835614));
#3177=CARTESIAN_POINT('',(11.8022637329025,34.5681426353955,4.43862218874118));
#3178=CARTESIAN_POINT('',(11.4401539236129,34.0409453997765,2.97482774233484));
#3179=CARTESIAN_POINT('',(11.0909795325637,32.8609138084146,1.32943378156929));
#3180=CARTESIAN_POINT('',(11.0787501982433,31.579562040505,0.393592313154916));
#3181=CARTESIAN_POINT('',(11.1572966898811,30.9096306708116,3.36717416102306E-11));
#3182=CARTESIAN_POINT('',(18.3635256325678,35.7188231039658,7.50519831288908));
#3183=CARTESIAN_POINT('',(10.2692761291839,35.0106680326694,7.50519831290608));
#3184=CARTESIAN_POINT('',(18.3617866978813,35.7386992183613,6.61677763366999));
#3185=CARTESIAN_POINT('',(10.2675371944974,35.0305441470648,6.61677763368699));
#3186=CARTESIAN_POINT('',(18.3533497143724,35.8351343811021,4.7838613258723));
#3187=CARTESIAN_POINT('',(10.2591002109885,35.1269793098057,4.78386132588929));
#3188=CARTESIAN_POINT('',(18.3915134135188,35.3989213037398,2.60912228358774));
#3189=CARTESIAN_POINT('',(10.2972639101349,34.6907662324434,2.60912228360474));
#3190=CARTESIAN_POINT('',(18.4780465660779,34.4098428440281,0.981318556000989));
#3191=CARTESIAN_POINT('',(10.3837970626939,33.7016877727317,0.981318556017986));
#3192=CARTESIAN_POINT('',(18.5684270405433,33.3767892937223,0.265775996750339));
#3193=CARTESIAN_POINT('',(10.4741775371594,32.6686342224259,0.265775996767336));
#3194=CARTESIAN_POINT('',(18.6217530873144,32.7672697900225,2.05269314727356E-11));
#3195=CARTESIAN_POINT('',(10.5275035839305,32.0591147187261,3.7524313629693E-11));
#3196=CARTESIAN_POINT('',(10.5754932054921,32.0633132665797,3.74230811270304E-11));
#3197=CARTESIAN_POINT('',(10.5801402291777,32.737866290906,0.291723127308112));
#3198=CARTESIAN_POINT('',(10.8414894277436,33.9128131814988,1.12334722132831));
#3199=CARTESIAN_POINT('',(11.5756075119797,34.9251712541165,2.96953439625579));
#3200=CARTESIAN_POINT('',(12.173881923926,35.2378283602217,4.75197836648749));
#3201=CARTESIAN_POINT('',(12.6038686462365,35.2433057194502,6.25963465155298));
#3202=CARTESIAN_POINT('',(12.8193226451301,35.2440129956432,7.05075557725323));
#3203=CARTESIAN_POINT('',(12.9271403908358,35.2446344582592,7.44161353267804));
#3204=CARTESIAN_POINT('',(12.9271403908358,35.2446344582593,7.44161353267804));
#3205=CARTESIAN_POINT('',(12.9271403908358,35.2446344582593,7.44161353267806));
#3206=CARTESIAN_POINT('',(13.716523027413,35.3285822717097,6.78130445921538));
#3207=CARTESIAN_POINT('',(15.4091017377378,35.5187759504938,5.66241834930626));
#3208=CARTESIAN_POINT('',(17.3226615603002,35.6514716611594,4.88133568792883));
#3209=CARTESIAN_POINT('',(18.3156445143551,35.7133843570903,4.60587848307801));
#3210=CARTESIAN_POINT('',(25.7139170662004,37.0243906549799,5.63597425223962));
#3211=CARTESIAN_POINT('',(28.4548113050568,42.9022573185924,5.63597425223387));
#3212=CARTESIAN_POINT('',(25.5445842877528,37.1033518263443,3.22755243906105));
#3213=CARTESIAN_POINT('',(28.2854785266092,42.9812184899568,3.22755243905529));
#3214=CARTESIAN_POINT('',(24.4128285619339,37.6310981884526,1.34889435498458));
#3215=CARTESIAN_POINT('',(27.1537228007903,43.5089648520651,1.34889435497883));
#3216=CARTESIAN_POINT('',(22.3186498887436,38.6076297413048,1.02342209771278E-11));
#3217=CARTESIAN_POINT('',(25.0595441276,44.4854964049172,4.47892892190952E-12));
#3218=CARTESIAN_POINT('',(23.4035980364406,40.934308552435,7.95854877363098E-12));
#3219=CARTESIAN_POINT('',(24.3550096847318,40.6128448467131,0.58267481892326));
#3220=CARTESIAN_POINT('',(25.8143309031276,39.4646702032073,2.13033795469706));
#3221=CARTESIAN_POINT('',(25.8289750271271,37.9213041449605,3.97951781267248));
#3222=CARTESIAN_POINT('',(25.6211051866538,37.1100962248477,4.75515894458682));
#3223=CARTESIAN_POINT('',(25.6211051866538,37.1100962248477,4.75515894458679));
#3224=CARTESIAN_POINT('',(25.6211051866538,37.1100962248477,4.75515894458679));
#3225=CARTESIAN_POINT('',(26.385429843526,38.6499070834559,4.96590368152052));
#3226=CARTESIAN_POINT('',(27.1486682922162,40.1778696863646,5.24454814816892));
#3227=CARTESIAN_POINT('',(27.8917987917143,41.7030515075594,5.59293775184346));
#3228=CARTESIAN_POINT('',(27.8917987917147,41.7030515075602,5.59293775184337));
#3229=CARTESIAN_POINT('',(27.8917987917147,41.7030515075602,5.59293775184339));
#3230=CARTESIAN_POINT('',(27.911904429952,41.8596324425828,5.01558000676044));
#3231=CARTESIAN_POINT('',(27.842881329702,42.2280930700191,3.8931147437896));
#3232=CARTESIAN_POINT('',(27.1460954966178,43.2054212224774,1.78202061189717));
#3233=CARTESIAN_POINT('',(25.9893064597115,44.0216866355713,0.606339061869607));
#3234=CARTESIAN_POINT('',(25.0350278961226,44.432921176849,4.52725223492316E-12));
#3235=CARTESIAN_POINT('',(25.677038009402,35.8646978262205,5.4916283634669));
#3236=CARTESIAN_POINT('',(29.066738842495,43.1339347212455,5.49162836345978));
#3237=CARTESIAN_POINT('',(25.6607277391326,35.8723034301511,2.69234382740311));
#3238=CARTESIAN_POINT('',(29.0504285722256,43.141540325176,2.69234382739599));
#3239=CARTESIAN_POINT('',(24.7535298298565,36.2953367627069,0.86180103958461));
#3240=CARTESIAN_POINT('',(28.1432306629495,43.5645736577318,0.861801039577492));
#3241=CARTESIAN_POINT('',(22.9554442815739,37.133797823888,1.14082608769879E-11));
#3242=CARTESIAN_POINT('',(26.3451451146669,44.403034718913,4.29061365160414E-12));
#3243=CARTESIAN_POINT('',(28.1742464133395,41.2209886687957,5.4416451412621));
#3244=CARTESIAN_POINT('',(27.3502870095278,39.4638334908709,5.05193565733517));
#3245=CARTESIAN_POINT('',(26.5041467625297,37.702237696022,4.74957982491343));
#3246=CARTESIAN_POINT('',(25.6533801430496,35.9281993168332,4.53248807637841));
#3247=CARTESIAN_POINT('',(35.0532307579808,27.5770063753003,9.25172881002356));
#3248=CARTESIAN_POINT('',(27.5641674475939,22.3015096311396,5.84999999996069));
#3249=CARTESIAN_POINT('',(27.721432447564,22.4116277696207,2.08289114467105));
#3250=CARTESIAN_POINT('',(30.6441791341082,24.4581570318195,-7.24235461835395E-12));
#3251=CARTESIAN_POINT('',(29.1282866238734,23.396717669033,2.92499999997667));
#3252=CARTESIAN_POINT('',(27.8899379119206,41.6896943456729,5.64248112789475));
#3253=CARTESIAN_POINT('',(28.1181664778163,42.1529297156541,5.78675774339744));
#3254=CARTESIAN_POINT('',(27.6622514233433,42.4293195096187,5.84368904384294));
#3255=CARTESIAN_POINT('',(27.9180073233513,41.8764191783077,4.94577736061141));
#3256=CARTESIAN_POINT('',(28.1652177908603,42.3501202054274,5.08842227919705));
#3257=CARTESIAN_POINT('',(27.6903267556891,42.6166965699749,5.19945171853819));
#3258=CARTESIAN_POINT('',(27.8169337500927,42.3390374023746,3.57156480474649));
#3259=CARTESIAN_POINT('',(28.1071384289621,42.8601010067112,3.68122160552348));
#3260=CARTESIAN_POINT('',(27.5948729298698,43.0794786849146,3.94764417688197));
#3261=CARTESIAN_POINT('',(27.0045443947632,43.2937395294093,1.69788040772583));
#3262=CARTESIAN_POINT('',(27.3662047001874,43.9193156646707,1.75635529024226));
#3263=CARTESIAN_POINT('',(26.8363107802785,44.0132028533323,2.257757314097));
#3264=CARTESIAN_POINT('',(25.9660478603916,43.9952369880517,0.642543248763375));
#3265=CARTESIAN_POINT('',(26.3404348142127,44.6953244746149,0.670184206127522));
#3266=CARTESIAN_POINT('',(25.8218327687973,44.6995664713903,1.27506059527309));
#3267=CARTESIAN_POINT('',(25.1412400614512,44.390681590082,0.0631221987160685));
#3268=CARTESIAN_POINT('',(25.4782553072941,45.1462536109253,0.054368363184584));
#3269=CARTESIAN_POINT('',(25.0136778342669,45.0796508430923,0.735919464646369));
#3270=CARTESIAN_POINT('',(24.5978502102822,44.6163401252747,-0.27445470813974));
#3271=CARTESIAN_POINT('',(24.9095770144299,45.4062101202469,-0.303963016045628));
#3272=CARTESIAN_POINT('',(24.4434894673222,45.3113530546096,0.399404251024254));
#3273=CARTESIAN_POINT('',(24.1881529833973,44.7605975585398,-0.528899985258576));
#3274=CARTESIAN_POINT('',(24.4852037868246,45.5740405006869,-0.572423580610007));
#3275=CARTESIAN_POINT('',(24.0114070421959,45.4599339327569,0.144560838967406));
#3276=CARTESIAN_POINT('',(23.9096417217456,44.8465066579015,-0.697447487071819));
#3277=CARTESIAN_POINT('',(24.1970011958249,45.6752501539884,-0.749873315488333));
#3278=CARTESIAN_POINT('',(23.7184422243584,45.5479332442299,-0.0239866628675421));
#3279=CARTESIAN_POINT('',(27.8917987917143,41.7030515075594,5.59293775184349));
#3280=CARTESIAN_POINT('',(27.9666330291921,41.8573360995244,5.62447573184446));
#3281=CARTESIAN_POINT('',(27.9628144407935,42.2271657738707,5.57796093796474));
#3282=CARTESIAN_POINT('',(27.7801224864809,42.489929801413,5.41807280744669));
#3283=CARTESIAN_POINT('',(27.6677434230461,42.5889571093234,5.33095709614473));
#3284=CARTESIAN_POINT('',(25.3039877258213,23.4761994569321,4.80975710314671));
#3285=CARTESIAN_POINT('',(26.0305356983623,23.7455538939213,4.92958900195212));
#3286=CARTESIAN_POINT('',(25.6151390091666,24.370540666049,4.70238737702154));
#3287=CARTESIAN_POINT('',(25.4388816782539,23.367636164435,4.26906183330636));
#3288=CARTESIAN_POINT('',(26.1347112100853,23.6458742112341,4.43060380808958));
#3289=CARTESIAN_POINT('',(25.7430916603477,24.258951856457,4.19308664011029));
#3290=CARTESIAN_POINT('',(25.7884381631533,23.1851551424567,3.21247007160479));
#3291=CARTESIAN_POINT('',(26.3979589133007,23.4816198144703,3.47231319110896));
#3292=CARTESIAN_POINT('',(26.0706154860032,24.0661322698402,3.20925272998113));
#3293=CARTESIAN_POINT('',(26.645492418138,23.0801971585577,1.69376707430598));
#3294=CARTESIAN_POINT('',(27.0652399873361,23.3756651752793,2.0576546004318));
#3295=CARTESIAN_POINT('',(26.8445967516746,23.9143267738582,1.84217885952242));
#3296=CARTESIAN_POINT('',(27.6574562851974,23.2534852177888,0.619788156518646));
#3297=CARTESIAN_POINT('',(27.9193681093684,23.5184054842675,1.00814451436245));
#3298=CARTESIAN_POINT('',(27.7264935715003,24.0057658858059,0.900400985688901));
#3299=CARTESIAN_POINT('',(28.4521506764666,23.5564380069845,0.0464170618845008));
#3300=CARTESIAN_POINT('',(28.6211369306958,23.7917600806096,0.444588085613202));
#3301=CARTESIAN_POINT('',(28.4074044715686,24.2322484359895,0.395836406944626));
#3302=CARTESIAN_POINT('',(28.92641525503,23.786530123468,-0.233868280041776));
#3303=CARTESIAN_POINT('',(29.0482230879902,24.0048308744001,0.170177132996054));
#3304=CARTESIAN_POINT('',(28.821984338883,24.4210442858931,0.14317125832071));
#3305=CARTESIAN_POINT('',(29.1664501987416,23.9208785410805,-0.354592685087421));
#3306=CARTESIAN_POINT('',(29.2554948960224,24.1230687897067,0.0563577709229334));
#3307=CARTESIAN_POINT('',(29.0188681897577,24.5249010897422,0.0404383937611472));
#3308=CARTESIAN_POINT('',(29.2855111074929,23.9913999217778,-0.411670806862841));
#3309=CARTESIAN_POINT('',(29.3721853517833,24.1938298148378,-0.0027938746318207));
#3310=CARTESIAN_POINT('',(29.1326715923654,24.591462916241,-0.01663972802632));
#3311=CARTESIAN_POINT('',(25.3841577523409,23.4171577625233,4.50728171824455));
#3312=CARTESIAN_POINT('',(25.554458047438,23.4870435540834,4.55564770397797));
#3313=CARTESIAN_POINT('',(25.80044641774,23.8011805928931,4.66240552499213));
#3314=CARTESIAN_POINT('',(25.7318196626106,24.2066585289099,4.6827364504829));
#3315=CARTESIAN_POINT('',(25.6243046470879,24.362627674982,4.66618017084272));
#3316=CARTESIAN_POINT('',(26.2158219522392,24.4366155746591,4.82704930362752));
#3317=CARTESIAN_POINT('',(26.5005371214464,23.9799481659289,4.97944414721295));
#3318=CARTESIAN_POINT('',(26.9696325450428,24.2624224416469,5.0934169739873));
#3319=CARTESIAN_POINT('',(26.4060790453315,24.3674260564223,4.21041303491953));
#3320=CARTESIAN_POINT('',(26.6928194892367,23.8850633937116,4.35708312287422));
#3321=CARTESIAN_POINT('',(27.1582928828769,24.1910112803925,4.52878545772269));
#3322=CARTESIAN_POINT('',(26.9343613137097,24.3187013708534,2.98472546354995));
#3323=CARTESIAN_POINT('',(27.2454419482464,23.771277861575,3.09414988366911));
#3324=CARTESIAN_POINT('',(27.676296479855,24.131841448026,3.41946913769311));
#3325=CARTESIAN_POINT('',(28.1292930180855,24.6393928738529,1.40010168492603));
#3326=CARTESIAN_POINT('',(28.5015181737711,23.9967282037055,1.45364363021271));
#3327=CARTESIAN_POINT('',(28.8267106677949,24.4189306596578,1.9838145762754));
#3328=CARTESIAN_POINT('',(29.1436469774899,25.1764065602844,0.49311321993804));
#3329=CARTESIAN_POINT('',(29.5767863172416,24.4994094861315,0.512263366619702));
#3330=CARTESIAN_POINT('',(29.8222377375949,24.9482668947903,1.13500012652235));
#3331=CARTESIAN_POINT('',(29.8255888401661,25.6625344311603,-0.0136905346415565));
#3332=CARTESIAN_POINT('',(30.322292335442,24.995626931627,-0.0279023348630321));
#3333=CARTESIAN_POINT('',(30.4843195119681,25.4287929408185,0.663441675330411));
#3334=CARTESIAN_POINT('',(30.2326611328088,25.980503539828,-0.31182910517178));
#3335=CARTESIAN_POINT('',(30.7630719319597,25.3138260821445,-0.342225879158407));
#3336=CARTESIAN_POINT('',(30.9176771032872,25.7718661056657,0.359428887563803));
#3337=CARTESIAN_POINT('',(30.5329638439728,26.2392871863535,-0.543202699841431));
#3338=CARTESIAN_POINT('',(31.0902201598167,25.5751931517771,-0.587317403364955));
#3339=CARTESIAN_POINT('',(31.2277430114505,26.0436618428366,0.130258124380258));
#3340=CARTESIAN_POINT('',(30.7255347746647,26.4178372537616,-0.695073892513145));
#3341=CARTESIAN_POINT('',(31.2992829910416,25.754568614207,-0.747351300975696));
#3342=CARTESIAN_POINT('',(31.4284604728421,26.2325460480814,-0.0216130683115297));
#3343=CARTESIAN_POINT('',(26.2294731266792,24.4317698859782,4.78320141834206));
#3344=CARTESIAN_POINT('',(26.397992018297,24.1797662338846,4.8165546354318));
#3345=CARTESIAN_POINT('',(26.7523348534359,24.0967800223902,4.92714938135674));
#3346=CARTESIAN_POINT('',(26.9888634248154,24.2553719580027,5.03658368643788));
#3347=CARTESIAN_POINT('',(28.5804079725979,24.3866229776889,2.33226090240667));
#3348=CARTESIAN_POINT('',(28.7011429422654,24.4198377862106,2.17270998800061));
#3349=CARTESIAN_POINT('',(28.8389864600865,24.4732454678412,2.0305656270776));
#3350=CARTESIAN_POINT('',(28.9833452460769,24.5415528904374,1.9055404352332));
#3351=CARTESIAN_POINT('',(24.7136483422107,36.6902120704903,4.7367393739494));
#3352=CARTESIAN_POINT('',(25.2737624144814,36.3965827626417,4.60551439066539));
#3353=CARTESIAN_POINT('',(25.5100214274825,36.7274843467067,5.10736273534748));
#3354=CARTESIAN_POINT('',(24.8683008699115,37.1401888215195,4.36678705847868));
#3355=CARTESIAN_POINT('',(25.4015581265095,36.8664549301654,4.24465004548705));
#3356=CARTESIAN_POINT('',(25.666353647516,37.2131821344215,4.67779815198447));
#3357=CARTESIAN_POINT('',(25.0763829152249,38.0075194796084,3.5402502996652));
#3358=CARTESIAN_POINT('',(25.5669802291161,37.7853482361185,3.42967815817495));
#3359=CARTESIAN_POINT('',(25.8653217740876,38.1512938883817,3.7108656935506));
#3360=CARTESIAN_POINT('',(24.8570125136176,39.2153936753256,2.15795630459651));
#3361=CARTESIAN_POINT('',(25.2642510010636,39.1398929896762,1.96304062738697));
#3362=CARTESIAN_POINT('',(25.5386060601998,39.4850091833122,2.07541757022337));
#3363=CARTESIAN_POINT('',(24.084058306756,40.0305496954232,1.10192578958));
#3364=CARTESIAN_POINT('',(24.3921508722456,40.0519387306562,0.822244857535592));
#3365=CARTESIAN_POINT('',(24.611001719615,40.4016830527198,0.854805943458508));
#3366=CARTESIAN_POINT('',(23.1860121442416,40.4665118868144,0.423090309278099));
#3367=CARTESIAN_POINT('',(23.4107113625523,40.5292115189495,0.0912287534597507));
#3368=CARTESIAN_POINT('',(23.5563240376143,40.9080508617147,0.0732152316525753));
#3369=CARTESIAN_POINT('',(22.6779932990949,40.6058457576949,0.127867450103838));
#3370=CARTESIAN_POINT('',(22.8925269352791,40.6724143219901,-0.205781801415496));
#3371=CARTESIAN_POINT('',(23.0086171680602,41.0563717355709,-0.239088033347718));
#3372=CARTESIAN_POINT('',(22.4243245182604,40.6574277299713,-0.0212308542218823));
#3373=CARTESIAN_POINT('',(22.6323172279084,40.7262361119902,-0.356730158340521));
#3374=CARTESIAN_POINT('',(22.7337959873491,41.1116498777585,-0.398126224644905));
#3375=CARTESIAN_POINT('',(24.7591285827776,36.826835215678,4.62269288908341));
#3376=CARTESIAN_POINT('',(24.8092737843016,36.7453312541081,4.64766219954118));
#3377=CARTESIAN_POINT('',(24.9511388884164,36.5946414926054,4.70143558074212));
#3378=CARTESIAN_POINT('',(25.2656628302943,36.6409962355135,4.75558962660577));
#3379=CARTESIAN_POINT('',(25.4810768940276,36.8520951600932,4.76691843237692));
#3380=CARTESIAN_POINT('',(25.5806516751932,37.0205282422919,4.76113422399266));
#3381=CARTESIAN_POINT('',(25.6211051866538,37.1100962248477,4.75515894458679));
#3382=CARTESIAN_POINT('',(23.4761451376988,29.56829916579,4.48034075690207));
#3383=CARTESIAN_POINT('',(22.9700502972739,29.2319337232021,4.34692039725298));
#3384=CARTESIAN_POINT('',(23.1311566977222,28.847900814123,4.80913046131446));
#3385=CARTESIAN_POINT('',(23.7758237259425,29.2545987818348,4.11504084336372));
#3386=CARTESIAN_POINT('',(23.3009981226481,28.9288620003019,3.98677980374734));
#3387=CARTESIAN_POINT('',(23.4608486864434,28.518816246744,4.38350330919626));
#3388=CARTESIAN_POINT('',(24.4075643039531,28.7260768099845,3.30741005789195));
#3389=CARTESIAN_POINT('',(24.0008156148475,28.4084117741312,3.18122304175874));
#3390=CARTESIAN_POINT('',(24.1610077937984,27.9712947454019,3.43563854062767));
#3391=CARTESIAN_POINT('',(25.5231709814952,28.4268672802385,2.00809668237055));
#3392=CARTESIAN_POINT('',(25.2759349166129,28.1153799788251,1.79855683967354));
#3393=CARTESIAN_POINT('',(25.4387915579753,27.7117773901847,1.89989391698212));
#3394=CARTESIAN_POINT('',(26.5529426469823,28.7223939378537,1.03111679563083));
#3395=CARTESIAN_POINT('',(26.4251934440562,28.4493123556635,0.746601124876381));
#3396=CARTESIAN_POINT('',(26.623383799743,28.0886761576715,0.774053459860949));
#3397=CARTESIAN_POINT('',(27.328782172137,29.2675641666449,0.39926287229352));
#3398=CARTESIAN_POINT('',(27.2731023350747,29.0435793658583,0.0656792025538355));
#3399=CARTESIAN_POINT('',(27.5309616074824,28.7303666056143,0.0462054408807669));
#3400=CARTESIAN_POINT('',(27.6801273691087,29.6171033131092,0.120620533161297));
#3401=CARTESIAN_POINT('',(27.6307750035941,29.3982643596363,-0.213129430947533));
#3402=CARTESIAN_POINT('',(27.9056473841472,29.1063185129539,-0.246818078087504));
#3403=CARTESIAN_POINT('',(27.8419684276761,29.7999246618634,-0.0200266353077271));
#3404=CARTESIAN_POINT('',(27.7975214005955,29.5853586076364,-0.355512370794622));
#3405=CARTESIAN_POINT('',(28.080489318516,29.3046704345498,-0.396841724468896));
#3406=CARTESIAN_POINT('',(23.5068695761387,29.5363733631054,4.4428288269456));
#3407=CARTESIAN_POINT('',(23.4120167731825,29.498911463174,4.44033877862919));
#3408=CARTESIAN_POINT('',(23.2690347421229,29.3346487874238,4.42205651738764));
#3409=CARTESIAN_POINT('',(23.2733930407608,28.9201772830681,4.36046256784153));
#3410=CARTESIAN_POINT('',(23.4088215096762,28.6487138265835,4.31471090691574));
#3411=CARTESIAN_POINT('',(23.5295286552204,28.4888796872015,4.2883175315124));
#3412=CARTESIAN_POINT('',(15.1846999442887,30.5759117055266,-0.39898196377737));
#3413=CARTESIAN_POINT('',(15.5691843965741,30.6808089357264,-0.357541454836057));
#3414=CARTESIAN_POINT('',(15.7327638990801,30.5351211345529,-0.0220331096593785));
#3415=CARTESIAN_POINT('',(15.0916998450036,30.8515852744966,-0.233933353592801));
#3416=CARTESIAN_POINT('',(15.4824573854544,30.942606573037,-0.200881505004073));
#3417=CARTESIAN_POINT('',(15.6474234309546,30.7898665839585,0.132699962386031));
#3418=CARTESIAN_POINT('',(14.941861610307,31.4223681981272,0.0901672003139761));
#3419=CARTESIAN_POINT('',(15.3432032415173,31.4835421670847,0.107276514461134));
#3420=CARTESIAN_POINT('',(15.5101792724401,31.318378374115,0.438043594560009));
#3421=CARTESIAN_POINT('',(14.8627171067847,32.6342104212466,0.912351339111047));
#3422=CARTESIAN_POINT('',(15.2756377216207,32.6154788167144,0.876167549781107));
#3423=CARTESIAN_POINT('',(15.4481157126281,32.3528930225033,1.15234025356253));
#3424=CARTESIAN_POINT('',(15.2399774014597,33.9233409938584,2.19815489593271));
#3425=CARTESIAN_POINT('',(15.680205986525,33.8560075797488,2.07826677518665));
#3426=CARTESIAN_POINT('',(15.8120336039634,33.4511600793356,2.26245288751892));
#3427=CARTESIAN_POINT('',(16.3266555353391,34.8517710250294,3.90398405950234));
#3428=CARTESIAN_POINT('',(16.7979869159797,34.7805272478413,3.60361061285439));
#3429=CARTESIAN_POINT('',(16.836994616268,34.2275664240196,3.70381547986455));
#3430=CARTESIAN_POINT('',(17.299796146337,35.1231836752722,4.87833483893016));
#3431=CARTESIAN_POINT('',(17.7299229922745,35.0754946702515,4.41977519021075));
#3432=CARTESIAN_POINT('',(17.7491510698849,34.4600872552758,4.53880140381735));
#3433=CARTESIAN_POINT('',(17.8350188966091,35.2220157079751,5.30892710916938));
#3434=CARTESIAN_POINT('',(18.2322518971979,35.1928099215088,4.77936770217955));
#3435=CARTESIAN_POINT('',(18.2499972222144,34.5435345465409,4.91054236113391));
#3436=CARTESIAN_POINT('',(18.1821277212918,34.5319595754884,4.85967396627204));
#3437=CARTESIAN_POINT('',(18.2073006949589,34.6236260848446,4.86311013975787));
#3438=CARTESIAN_POINT('',(18.1924794330658,34.823185923697,4.87311667878436));
#3439=CARTESIAN_POINT('',(17.9093139845979,35.0973884751494,4.90411239939744));
#3440=CARTESIAN_POINT('',(17.6213696646211,35.1493599109879,4.93978631077165));
#3441=CARTESIAN_POINT('',(17.4347074272548,35.1377861412137,4.96802857315039));
#3442=CARTESIAN_POINT('',(10.5757696596661,32.0057934604216,-0.0249009887836037));
#3443=CARTESIAN_POINT('',(10.1119694921719,31.9965542216441,-0.0113401008620028));
#3444=CARTESIAN_POINT('',(9.97979669829109,32.1725167569846,-0.419932067616613));
#3445=CARTESIAN_POINT('',(10.5743256577231,32.20468441218,0.0612196810696162));
#3446=CARTESIAN_POINT('',(10.1072033111756,32.2025580317261,0.0779842874673989));
#3447=CARTESIAN_POINT('',(9.97712935539311,32.3812594958773,-0.333811397822688));
#3448=CARTESIAN_POINT('',(10.5915547555999,32.5335788322315,0.218424180890048));
#3449=CARTESIAN_POINT('',(10.1134023617597,32.5561966911369,0.252908498901806));
#3450=CARTESIAN_POINT('',(9.9872568765851,32.789153352141,-0.148917641204081));
#3451=CARTESIAN_POINT('',(10.6846052622293,33.183223464157,0.625246204722548));
#3452=CARTESIAN_POINT('',(10.1826487556571,33.2385826574667,0.698404578997176));
#3453=CARTESIAN_POINT('',(10.0723883131944,33.5454687690058,0.30472731496958));
#3454=CARTESIAN_POINT('',(10.9048521258129,33.8746403667038,1.25452721257365));
#3455=CARTESIAN_POINT('',(10.363594708751,33.9534764639387,1.40054980034441));
#3456=CARTESIAN_POINT('',(10.2849108930495,34.3767435862427,1.02445420393493));
#3457=CARTESIAN_POINT('',(11.2627831346806,34.4978614343567,2.17830246412151));
#3458=CARTESIAN_POINT('',(10.6574501915143,34.5497483955428,2.3904002664943));
#3459=CARTESIAN_POINT('',(10.6401836351069,35.1121256744376,2.06870170336116));
#3460=CARTESIAN_POINT('',(11.6463069530424,34.9141092738865,3.20626298426109));
#3461=CARTESIAN_POINT('',(10.9733490209831,34.9202200675129,3.44929007405931));
#3462=CARTESIAN_POINT('',(11.0245722158981,35.5943350891755,3.20608703974475));
#3463=CARTESIAN_POINT('',(12.0310093639592,35.1605474195654,4.33560313389027));
#3464=CARTESIAN_POINT('',(11.3003775342217,35.1248056739755,4.58408929587806));
#3465=CARTESIAN_POINT('',(11.4114810168942,35.8743937944304,4.42041620470446));
#3466=CARTESIAN_POINT('',(12.3904575455136,35.254356517293,5.48660885265804));
#3467=CARTESIAN_POINT('',(11.6092495427835,35.1822426553822,5.71282471941834));
#3468=CARTESIAN_POINT('',(11.7728404763595,35.9805985485976,5.65085223639325));
#3469=CARTESIAN_POINT('',(12.7308423897492,35.2398593955802,6.73189826122785));
#3470=CARTESIAN_POINT('',(11.9401762046762,35.1653682924088,6.9498425067222));
#3471=CARTESIAN_POINT('',(12.1141325672761,35.9686916862876,6.90195226328076));
#3472=CARTESIAN_POINT('',(12.9608564164642,35.2448255659916,7.56398330763289));
#3473=CARTESIAN_POINT('',(12.1659193931111,35.1703103349537,7.78432258930267));
#3474=CARTESIAN_POINT('',(12.3449507512413,35.9773509777909,7.73274606117311));
#3475=CARTESIAN_POINT('',(13.0756530481694,35.2454962757447,7.97974078404448));
#3476=CARTESIAN_POINT('',(12.2781045090406,35.1707526581168,8.20007600927019));
#3477=CARTESIAN_POINT('',(12.4601574453995,35.979711804579,8.14850353758296));
#3478=CARTESIAN_POINT('',(12.4398843206612,35.979297088742,8.07533623007345));
#3479=CARTESIAN_POINT('',(12.4042117527043,35.774198180091,8.12602713590281));
#3480=CARTESIAN_POINT('',(12.5212887354434,35.3366367915584,7.95214267047374));
#3481=CARTESIAN_POINT('',(12.7899959970889,35.2289820569894,7.6036911174555));
#3482=CARTESIAN_POINT('',(12.9271403908358,35.2446344582593,7.44161353267805));
#3483=CARTESIAN_POINT('',(12.7870911259796,34.9443994158901,8.15300604222061));
#3484=CARTESIAN_POINT('',(12.2875215812521,34.9078433309635,8.2927800840534));
#3485=CARTESIAN_POINT('',(12.2613623478547,34.3905064850257,8.33883594663145));
#3486=CARTESIAN_POINT('',(12.6695350903867,34.9121890202275,7.72442216241546));
#3487=CARTESIAN_POINT('',(12.1675296101306,34.8753998549131,7.86380597070402));
#3488=CARTESIAN_POINT('',(12.1436148583881,34.3557257356735,7.91025206682896));
#3489=CARTESIAN_POINT('',(12.493560614152,34.8645431521618,7.07864358024975));
#3490=CARTESIAN_POINT('',(11.9877864093952,34.82804408739,7.21888663132682));
#3491=CARTESIAN_POINT('',(11.9673858780218,34.3044775448393,7.26703572821774));
#3492=CARTESIAN_POINT('',(12.2597025546543,34.7984984703716,6.22859964447089));
#3493=CARTESIAN_POINT('',(11.7513626748284,34.7602412365722,6.36897756838962));
#3494=CARTESIAN_POINT('',(11.733264658122,34.2334624011313,6.41015914295226));
#3495=CARTESIAN_POINT('',(12.0259669863433,34.7410413514478,5.34115456630192));
#3496=CARTESIAN_POINT('',(11.5067570489973,34.7081170118236,5.48166380805874));
#3497=CARTESIAN_POINT('',(11.4992500354195,34.172629275932,5.55004466273239));
#3498=CARTESIAN_POINT('',(11.7399402487447,34.5144911110006,4.19092006954695));
#3499=CARTESIAN_POINT('',(11.1755978201236,34.505096492288,4.32828282652511));
#3500=CARTESIAN_POINT('',(11.2111538895118,33.9500891429214,4.51466167053928));
#3501=CARTESIAN_POINT('',(11.3114211497081,33.7638506429519,2.43436159534145));
#3502=CARTESIAN_POINT('',(10.6448857630333,33.7715488842034,2.52122767074238));
#3503=CARTESIAN_POINT('',(10.7763858640743,33.228157546107,2.91997820627956));
#3504=CARTESIAN_POINT('',(11.0866647086507,32.5999424502272,1.16189110958852));
#3505=CARTESIAN_POINT('',(10.3286072615738,32.5945398085421,1.21169274406231));
#3506=CARTESIAN_POINT('',(10.5465775582131,32.1142219625392,1.76266036901378));
#3507=CARTESIAN_POINT('',(11.1036480289608,31.4543597086496,0.330730529627704));
#3508=CARTESIAN_POINT('',(10.2934332018243,31.4026814395383,0.341823231917401));
#3509=CARTESIAN_POINT('',(10.5682956382135,30.9889095919401,0.984858574411482));
#3510=CARTESIAN_POINT('',(11.177744050987,30.6436208712806,-0.162466841922089));
#3511=CARTESIAN_POINT('',(10.3451141290119,30.5208517277788,-0.191610066941905));
#3512=CARTESIAN_POINT('',(10.6477360083865,30.1914947000688,0.522593649931465));
#3513=CARTESIAN_POINT('',(11.2785608990735,30.0909662066604,-0.482260884567029));
#3514=CARTESIAN_POINT('',(10.4281267393203,29.9446685583078,-0.524070733993067));
#3515=CARTESIAN_POINT('',(10.7597716678362,29.5919759850019,0.191199939670856));
#3516=CARTESIAN_POINT('',(11.3648007189894,29.7151759419963,-0.705188013795096));
#3517=CARTESIAN_POINT('',(10.5030464034348,29.5488001466931,-0.758098276433666));
#3518=CARTESIAN_POINT('',(10.8531963405102,29.198256330182,-0.0317271895888428));
#3519=CARTESIAN_POINT('',(12.6679885347072,34.9117479137182,7.71844461660092));
#3520=CARTESIAN_POINT('',(12.5683837024659,34.909493235126,7.84471208537247));
#3521=CARTESIAN_POINT('',(12.3764175370495,34.8284381191659,8.10035758787617));
#3522=CARTESIAN_POINT('',(12.2544097260676,34.5468561664224,8.26999591430004));
#3523=CARTESIAN_POINT('',(12.2444011229161,34.385496638277,8.27709200441121));
#3524=CARTESIAN_POINT('',(27.1255769571233,44.16512,2.89999999999316));
#3525=CARTESIAN_POINT('',(29.4135714465913,43.9304261224406,2.89999999998354));
#3526=CARTESIAN_POINT('',(32.5000000000122,38.7906969572117,2.89999999997058));
#3527=CARTESIAN_POINT('',(32.2653061224099,41.0786914466753,2.89999999997157));
#3528=CARTESIAN_POINT('',(31.999999999903,43.665119999982,2.89999999997268));
#3529=CARTESIAN_POINT('',(11.5000000000122,38.791381144527,2.90000000005877));
#3530=CARTESIAN_POINT('',(11.7378038856178,41.0790544848426,2.90000000005778));
#3531=CARTESIAN_POINT('',(16.8810487121258,44.16512,2.90000000003617));
#3532=CARTESIAN_POINT('',(14.5930542226577,43.9304261224406,2.90000000004578));
#3533=CARTESIAN_POINT('',(12.006625669346,43.665119999982,2.90000000005665));
#3534=CARTESIAN_POINT('',(16.8810487121294,23.16512,2.90000000003618));
#3535=CARTESIAN_POINT('',(14.5930542226596,23.3998138775426,2.90000000004579));
#3536=CARTESIAN_POINT('',(11.5000000000122,28.5388588554372,2.90000000005878));
#3537=CARTESIAN_POINT('',(11.7378038856178,26.2511855151215,2.90000000005778));
#3538=CARTESIAN_POINT('',(12.006625669346,23.6651199999821,2.90000000005666));
#3539=CARTESIAN_POINT('',(32.5000000000122,28.5395430427526,2.89999999997058));
#3540=CARTESIAN_POINT('',(32.2653061224099,26.2515485532889,2.89999999997158));
#3541=CARTESIAN_POINT('',(27.1255769571195,23.16512,2.89999999999316));
#3542=CARTESIAN_POINT('',(29.4135714465894,23.3998138775426,2.89999999998355));
#3543=CARTESIAN_POINT('',(31.999999999903,23.6651199999821,2.89999999997269));
#3544=CARTESIAN_POINT('',(31.999999999903,43.665119999982,2.89999999997268));
#3545=CARTESIAN_POINT('',(28.9449144001912,42.4419282047035,2.37737407695567));
#3546=CARTESIAN_POINT('',(29.1934195305238,42.2134421515396,2.24871714433019));
#3547=CARTESIAN_POINT('',(29.4803034677395,41.9156351296689,2.18260340338037));
#3548=CARTESIAN_POINT('',(29.7717522257182,41.6135302579307,2.16068289035662));
#3549=CARTESIAN_POINT('',(30.0696216906228,41.3186628034565,2.16584385203892));
#3550=CARTESIAN_POINT('',(30.3718356302467,41.0297483761274,2.20240210963556));
#3551=CARTESIAN_POINT('',(30.616936597361,40.7878344006989,2.27907157901906));
#3552=CARTESIAN_POINT('',(30.7751728760798,40.5963742592383,2.41309007431771));
#3553=CARTESIAN_POINT('',(30.8371494444555,40.4701690391937,2.58578964431079));
#3554=CARTESIAN_POINT('',(30.7775664539766,40.4366159680896,2.79978364407045));
#3555=CARTESIAN_POINT('',(30.6094594936432,40.503844205924,3.01934448067839));
#3556=CARTESIAN_POINT('',(30.3493856581121,40.6789904052309,3.18785480588071));
#3557=CARTESIAN_POINT('',(30.0332952446968,40.9354664130341,3.2908339906156));
#3558=CARTESIAN_POINT('',(29.727040671706,41.2160640142378,3.33104248998278));
#3559=CARTESIAN_POINT('',(29.4331016239917,41.5165676034863,3.32101393468496));
#3560=CARTESIAN_POINT('',(29.160084315912,41.8290927401019,3.25703025567594));
#3561=CARTESIAN_POINT('',(28.9211393010955,42.142758488011,3.12052035850368));
#3562=CARTESIAN_POINT('',(28.772386374824,42.3968441840964,2.90089104730046));
#3563=CARTESIAN_POINT('',(28.7905170680123,42.5010076765049,2.62354521496062));
#3564=CARTESIAN_POINT('',(28.9449144001912,42.4419282047035,2.37737407695567));
#3565=CARTESIAN_POINT('',(29.1934195305238,42.2134421515396,2.24871714433019));
#3566=CARTESIAN_POINT('',(29.4803034677395,41.9156351296689,2.18260340338037));
#3567=CARTESIAN_POINT('',(29.1915324939932,42.2095048585273,2.26342957403032));
#3568=CARTESIAN_POINT('',(31.999999999903,23.6651199999821,2.89999999997269));
#3569=CARTESIAN_POINT('',(30.5090828408313,26.7655300763538,3.10098195857141));
#3570=CARTESIAN_POINT('',(30.7597757504333,26.9048615783728,2.86664868818959));
#3571=CARTESIAN_POINT('',(30.8375222017085,26.857759989482,2.57936989185414));
#3572=CARTESIAN_POINT('',(30.74942716765,26.6867841801693,2.35417576209309));
#3573=CARTESIAN_POINT('',(30.5166376293063,26.4405639463282,2.23860968087229));
#3574=CARTESIAN_POINT('',(30.2177941045134,26.1536267004687,2.1786112852027));
#3575=CARTESIAN_POINT('',(29.9161564791876,25.8615172869984,2.16000980240276));
#3576=CARTESIAN_POINT('',(29.6223098249727,25.5631270462188,2.16802146010089));
#3577=CARTESIAN_POINT('',(29.3337209248463,25.260980619777,2.20897844907571));
#3578=CARTESIAN_POINT('',(29.0917403353137,25.0185870927948,2.29298497331825));
#3579=CARTESIAN_POINT('',(28.901099194617,24.8692842934265,2.4423982947612));
#3580=CARTESIAN_POINT('',(28.7879410211848,24.83039346132,2.63234986030121));
#3581=CARTESIAN_POINT('',(28.7775599796736,24.911629344046,2.83959330908214));
#3582=CARTESIAN_POINT('',(28.85835386464,25.0877256664641,3.04501895313274));
#3583=CARTESIAN_POINT('',(29.0392114759253,25.3490704839922,3.20240101860784));
#3584=CARTESIAN_POINT('',(29.2987104145066,25.6644043665402,3.2976176533563));
#3585=CARTESIAN_POINT('',(29.5817123366213,25.9696564517574,3.33226928044899));
#3586=CARTESIAN_POINT('',(29.8824897649822,26.2605575318113,3.31713138441784));
#3587=CARTESIAN_POINT('',(30.1957973632711,26.5310155233884,3.24709321105172));
#3588=CARTESIAN_POINT('',(30.5090828408313,26.7655300763538,3.10098195857141));
#3589=CARTESIAN_POINT('',(30.7597757504333,26.9048615783728,2.86664868818959));
#3590=CARTESIAN_POINT('',(30.8375222017085,26.857759989482,2.57936989185414));
#3591=CARTESIAN_POINT('',(30.7689783735483,26.8798722819357,2.786511307432));
#3592=CARTESIAN_POINT('',(12.006625669346,43.665119999982,2.90000000005665));
#3593=CARTESIAN_POINT('',(13.4918842235162,40.5622680407931,3.10298061163226));
#3594=CARTESIAN_POINT('',(13.2395794435413,40.4224526085212,2.86657887622155));
#3595=CARTESIAN_POINT('',(13.1620889422544,40.470194734834,2.57865297761658));
#3596=CARTESIAN_POINT('',(13.2504871893886,40.6416590256056,2.35292509905058));
#3597=CARTESIAN_POINT('',(13.484166563845,40.8884417223876,2.2371958052955));
#3598=CARTESIAN_POINT('',(13.7841013591626,41.1759117942757,2.17720470548954));
#3599=CARTESIAN_POINT('',(14.0867386274189,41.4685989069055,2.15858338509442));
#3600=CARTESIAN_POINT('',(14.3814966277295,41.7677402943121,2.16645506717512));
#3601=CARTESIAN_POINT('',(14.6708581986668,42.0707699051975,2.20713850840457));
#3602=CARTESIAN_POINT('',(14.9134100568583,42.3140852291787,2.29058236909863));
#3603=CARTESIAN_POINT('',(15.1048435424419,42.4645018316663,2.43945459512578));
#3604=CARTESIAN_POINT('',(15.2189743171181,42.5050347131452,2.62796334272813));
#3605=CARTESIAN_POINT('',(15.2318575442816,42.4260128622304,2.83606361379533));
#3606=CARTESIAN_POINT('',(15.1509525977394,42.2478660578027,3.04591583055655));
#3607=CARTESIAN_POINT('',(14.9694292733528,41.985736534529,3.20366784715243));
#3608=CARTESIAN_POINT('',(14.7090405118011,41.6690577719168,3.29987622112739));
#3609=CARTESIAN_POINT('',(14.4237040474163,41.3613976347189,3.33480872098472));
#3610=CARTESIAN_POINT('',(14.1223893188856,41.0701131584177,3.31980437701335));
#3611=CARTESIAN_POINT('',(13.8069243670331,40.7979470590739,3.24955925024357));
#3612=CARTESIAN_POINT('',(13.4918842235162,40.5622680407931,3.10298061163226));
#3613=CARTESIAN_POINT('',(13.2395794435413,40.4224526085212,2.86657887622155));
#3614=CARTESIAN_POINT('',(13.1620889422544,40.470194734834,2.57865297761658));
#3615=CARTESIAN_POINT('',(13.2305695951138,40.447687679449,2.78636369237621));
#3616=CARTESIAN_POINT('',(12.006625669346,23.6651199999821,2.90000000005666));
#3617=CARTESIAN_POINT('',(15.1084925377853,25.1524347561322,3.10298061161972));
#3618=CARTESIAN_POINT('',(15.248475163531,24.9002226993522,2.86657887621856));
#3619=CARTESIAN_POINT('',(15.2007844073643,24.8227005722479,2.57865297761995));
#3620=CARTESIAN_POINT('',(15.0292615651005,24.9109851557546,2.35292509905472));
#3621=CARTESIAN_POINT('',(14.7823240430079,25.144500914656,2.23719580530028));
#3622=CARTESIAN_POINT('',(14.4946552415531,25.4442451128248,2.17720470549537));
#3623=CARTESIAN_POINT('',(14.2017676093398,25.7466883255567,2.15858338510187));
#3624=CARTESIAN_POINT('',(13.9024309260417,26.0412479942669,2.16645506718462));
#3625=CARTESIAN_POINT('',(13.5992095967985,26.3304086577291,2.20713850841619));
#3626=CARTESIAN_POINT('',(13.3557335661856,26.5727991965455,2.29058236911037));
#3627=CARTESIAN_POINT('',(13.2051901172214,26.7641329459952,2.4394545951345));
#3628=CARTESIAN_POINT('',(13.1645816003141,26.8782368309583,2.62796334273071));
#3629=CARTESIAN_POINT('',(13.2435948950404,26.8911724299044,2.83606361379482));
#3630=CARTESIAN_POINT('',(13.4217952830356,26.8103855744196,3.04591583055137));
#3631=CARTESIAN_POINT('',(13.6840450599256,26.6290360257982,3.20366784714405));
#3632=CARTESIAN_POINT('',(14.0008963351114,26.3688572118325,3.29987622111574));
#3633=CARTESIAN_POINT('',(14.3087455218645,26.0837247230903,3.33480872097126));
#3634=CARTESIAN_POINT('',(14.6002296414942,25.782603120147,3.31980437699846));
#3635=CARTESIAN_POINT('',(14.8726047669421,25.46731862559,3.24955925022897));
#3636=CARTESIAN_POINT('',(15.1084925377853,25.1524347561322,3.10298061161972));
#3637=CARTESIAN_POINT('',(15.248475163531,24.9002226993522,2.86657887621856));
#3638=CARTESIAN_POINT('',(15.2007844073643,24.8227005722479,2.57865297761995));
#3639=CARTESIAN_POINT('',(15.2232460697536,24.8911961274393,2.7863636923747));
#3640=CARTESIAN_POINT('',(28.8092197630939,42.2924302901894,3.76667905956359));
#3641=CARTESIAN_POINT('',(29.0191823208244,42.2286024537639,3.46819617222956));
#3642=CARTESIAN_POINT('',(29.0340208670789,41.9971685980287,3.17928703366284));
#3643=CARTESIAN_POINT('',(29.070691304414,42.0094307151936,3.99034866664288));
#3644=CARTESIAN_POINT('',(29.2428002107376,41.9897020132515,3.62401656293732));
#3645=CARTESIAN_POINT('',(29.1972186637299,41.7794810346913,3.28205415042883));
#3646=CARTESIAN_POINT('',(29.7308957938716,41.365500115587,4.18341312265692));
#3647=CARTESIAN_POINT('',(29.8040190134744,41.443295812339,3.74847983236067));
#3648=CARTESIAN_POINT('',(29.6365595724043,41.2790822112411,3.37075944102935));
#3649=CARTESIAN_POINT('',(30.5327990192947,40.5431932619584,3.92540715670161));
#3650=CARTESIAN_POINT('',(30.4820210195279,40.746723391403,3.58224167652461));
#3651=CARTESIAN_POINT('',(30.2608755009442,40.7356191088361,3.25221615937306));
#3652=CARTESIAN_POINT('',(31.0504505850312,40.1040734849679,3.33850479443099));
#3653=CARTESIAN_POINT('',(30.9152348828512,40.370237716954,3.17202511414201));
#3654=CARTESIAN_POINT('',(30.6559209296132,40.4752578012382,2.98255831724809));
#3655=CARTESIAN_POINT('',(31.2953124094326,40.0341935759325,2.73049115364018));
#3656=CARTESIAN_POINT('',(31.1145513097468,40.2938285271427,2.73973803368847));
#3657=CARTESIAN_POINT('',(30.8342316437792,40.4237218247867,2.70320069850604));
#3658=CARTESIAN_POINT('',(31.2913915028251,40.3246678693245,2.13105900800949));
#3659=CARTESIAN_POINT('',(31.1013345822159,40.5035905336208,2.31428470287598));
#3660=CARTESIAN_POINT('',(30.8131570883198,40.5577329420369,2.42778592889218));
#3661=CARTESIAN_POINT('',(31.0344435916123,40.8387253307644,1.75343395679743));
#3662=CARTESIAN_POINT('',(30.8698652937348,40.9093335147343,2.06330516149146));
#3663=CARTESIAN_POINT('',(30.5805640211078,40.8287979865974,2.25428252698381));
#3664=CARTESIAN_POINT('',(30.64215673723,41.375363293363,1.58569616792311));
#3665=CARTESIAN_POINT('',(30.5176506778418,41.3579267888427,1.96992258658483));
#3666=CARTESIAN_POINT('',(30.2313901216618,41.1632140585616,2.17721381317564));
#3667=CARTESIAN_POINT('',(30.1854662184176,41.875753019293,1.54090438133679));
#3668=CARTESIAN_POINT('',(30.108467655017,41.7959701833787,1.94950871086453));
#3669=CARTESIAN_POINT('',(29.8488531428907,41.5340400772668,2.15663380312603));
#3670=CARTESIAN_POINT('',(29.6783230195535,42.3336093570176,1.59164557376547));
#3671=CARTESIAN_POINT('',(29.6654408711907,42.2064360198401,1.97282843777056));
#3672=CARTESIAN_POINT('',(29.4763394423556,41.9194886415564,2.17994732397147));
#3673=CARTESIAN_POINT('',(29.1417148603981,42.719333959222,1.76883593347338));
#3674=CARTESIAN_POINT('',(29.2183304021897,42.5527098520917,2.07276427440252));
#3675=CARTESIAN_POINT('',(29.1457011411918,42.2634822002143,2.26135911086485));
#3676=CARTESIAN_POINT('',(28.6341674676053,42.9644025970581,2.16129046205699));
#3677=CARTESIAN_POINT('',(28.8192108892939,42.773788742894,2.33538568388598));
#3678=CARTESIAN_POINT('',(28.8802078249026,42.4857526593989,2.44167605643037));
#3679=CARTESIAN_POINT('',(28.3641239827916,42.9523864794722,2.76562233373462));
#3680=CARTESIAN_POINT('',(28.6260327284382,42.7733384075546,2.76484240083518));
#3681=CARTESIAN_POINT('',(28.7569211537086,42.4938701721418,2.71934205152551));
#3682=CARTESIAN_POINT('',(28.4513278028181,42.6974467902794,3.36760595940852));
#3683=CARTESIAN_POINT('',(28.7159720955128,42.565373670487,3.19253531613506));
#3684=CARTESIAN_POINT('',(28.8174605009455,42.3074440188409,2.995929122781));
#3685=CARTESIAN_POINT('',(28.6784839924338,42.4339300776873,3.65484425602395));
#3686=CARTESIAN_POINT('',(28.9087286922191,42.3466047322947,3.39123038218902));
#3687=CARTESIAN_POINT('',(28.9524219687534,42.1060123796974,3.12790347527985));
#3688=CARTESIAN_POINT('',(28.8092197630939,42.2924302901894,3.76667905956359));
#3689=CARTESIAN_POINT('',(29.0191823208244,42.2286024537639,3.46819617222956));
#3690=CARTESIAN_POINT('',(29.0340208670789,41.9971685980287,3.17928703366284));
#3691=CARTESIAN_POINT('',(15.5958556203773,24.4342826230994,2.85565019639889));
#3692=CARTESIAN_POINT('',(15.3399695839833,24.6028525055443,2.82818177250241));
#3693=CARTESIAN_POINT('',(15.2235485367522,24.8795132557566,2.76070620467372));
#3694=CARTESIAN_POINT('',(15.6099756070718,24.4903208969488,3.05712660299688));
#3695=CARTESIAN_POINT('',(15.3442716917692,24.647287351105,2.97122353149724));
#3696=CARTESIAN_POINT('',(15.2254321568063,24.9185445809433,2.85327644554311));
#3697=CARTESIAN_POINT('',(15.5199682145804,24.678762074862,3.44675789526929));
#3698=CARTESIAN_POINT('',(15.2590891576317,24.8022675834571,3.24823202632484));
#3699=CARTESIAN_POINT('',(15.1683831526517,25.0578145085205,3.03229622847929));
#3700=CARTESIAN_POINT('',(15.0313993082397,25.2247924014918,3.9840305932073));
#3701=CARTESIAN_POINT('',(14.8421756773966,25.2603571676637,3.62132456315989));
#3702=CARTESIAN_POINT('',(14.8763282474045,25.4769308845063,3.27915125185665));
#3703=CARTESIAN_POINT('',(14.2015182530298,26.0343857760785,4.18686001161773));
#3704=CARTESIAN_POINT('',(14.13896520459,25.9453217123598,3.75069796651519));
#3705=CARTESIAN_POINT('',(14.3151234282314,26.1032989126587,3.37234314680231));
#3706=CARTESIAN_POINT('',(13.4018517692958,26.8545494188709,3.88928844022417));
#3707=CARTESIAN_POINT('',(13.4632592964813,26.6397614307681,3.55807833902093));
#3708=CARTESIAN_POINT('',(13.6900083549069,26.6364433478697,3.23562107346053));
#3709=CARTESIAN_POINT('',(12.9014867164361,27.2595916974602,3.2621835969471));
#3710=CARTESIAN_POINT('',(13.0453636065708,26.9887582820995,3.11826879871749));
#3711=CARTESIAN_POINT('',(13.3097444268503,26.8753171127783,2.94749182114466));
#3712=CARTESIAN_POINT('',(12.6854955804446,27.2803692725549,2.63875233568278));
#3713=CARTESIAN_POINT('',(12.8708109760217,27.0268612042611,2.67440704764606));
#3714=CARTESIAN_POINT('',(13.1545811520826,26.9014142710829,2.66105043083426));
#3715=CARTESIAN_POINT('',(12.7291929876052,26.9435446115951,2.06038313179672));
#3716=CARTESIAN_POINT('',(12.9180511676124,26.7790767505608,2.26561599446119));
#3717=CARTESIAN_POINT('',(13.2078551872363,26.7427591462939,2.39531322904864));
#3718=CARTESIAN_POINT('',(13.0136837662721,26.4150237015754,1.71631907192635));
#3719=CARTESIAN_POINT('',(13.1736911406917,26.3584399655718,2.04118238004929));
#3720=CARTESIAN_POINT('',(13.4644986442789,26.4586433728184,2.23722974208061));
#3721=CARTESIAN_POINT('',(13.4201387298935,25.8791512614032,1.56986534320403));
#3722=CARTESIAN_POINT('',(13.5388333496747,25.9072050446202,1.96257897049559));
#3723=CARTESIAN_POINT('',(13.8249293966695,26.1162560780238,2.16994019104542));
#3724=CARTESIAN_POINT('',(13.8870459903111,25.3820506346447,1.53900796828426));
#3725=CARTESIAN_POINT('',(13.9564947386548,25.4697070030156,1.94888733761998));
#3726=CARTESIAN_POINT('',(14.2106888588181,25.7394115219471,2.1557624782433));
#3727=CARTESIAN_POINT('',(14.4015577364574,24.9310667255449,1.60451513756625));
#3728=CARTESIAN_POINT('',(14.403458312442,25.0647845886408,1.97941823890438));
#3729=CARTESIAN_POINT('',(14.5799559632814,25.3544956336141,2.18586036683219));
#3730=CARTESIAN_POINT('',(14.9435769033293,24.5574536071203,1.80677223091973));
#3731=CARTESIAN_POINT('',(14.8515334931714,24.7295073186673,2.09672003933274));
#3732=CARTESIAN_POINT('',(14.9052227934564,25.0199840368344,2.27878930161578));
#3733=CARTESIAN_POINT('',(15.4352482944133,24.3425324317658,2.23789945568134));
#3734=CARTESIAN_POINT('',(15.2343357062517,24.5346790629221,2.38938441533955));
#3735=CARTESIAN_POINT('',(15.1570814323268,24.8236265574002,2.47687478326294));
#3736=CARTESIAN_POINT('',(15.5817356336827,24.37824434925,2.6541737898009));
#3737=CARTESIAN_POINT('',(15.3356840125759,24.5585884579885,2.68568983531426));
#3738=CARTESIAN_POINT('',(15.221664916698,24.8404819305699,2.66813596380433));
#3739=CARTESIAN_POINT('',(15.5958556203773,24.4342826230994,2.85565019639889));
#3740=CARTESIAN_POINT('',(15.3399695839833,24.6028525055443,2.82818177250241));
#3741=CARTESIAN_POINT('',(15.2235485367522,24.8795132557566,2.76070620467372));
#3742=CARTESIAN_POINT('',(31.2234764548874,27.2512650757095,2.85753888274826));
#3743=CARTESIAN_POINT('',(31.0555689562111,26.9965724359648,2.82934474796025));
#3744=CARTESIAN_POINT('',(30.7803860703664,26.8802208981079,2.76157397944771));
#3745=CARTESIAN_POINT('',(31.1673157008101,27.2648113893457,3.05807505578507));
#3746=CARTESIAN_POINT('',(31.0110082180186,27.0004672907368,2.97175827727812));
#3747=CARTESIAN_POINT('',(30.7412584649572,26.8818122506595,2.85371222111336));
#3748=CARTESIAN_POINT('',(30.9789530542955,27.1743960336673,3.44572255878792));
#3749=CARTESIAN_POINT('',(30.8560516007891,26.9150133348355,3.24742480260016));
#3750=CARTESIAN_POINT('',(30.6020593759213,26.8244664089628,3.03182053330424));
#3751=CARTESIAN_POINT('',(30.434809863721,26.6880700824518,3.97966855776425));
#3752=CARTESIAN_POINT('',(30.3994904537626,26.4999491223456,3.61836991052921));
#3753=CARTESIAN_POINT('',(30.1845377292774,26.5334082173941,3.27714707337522));
#3754=CARTESIAN_POINT('',(29.6242018198214,25.8582938174173,4.18097862905103));
#3755=CARTESIAN_POINT('',(29.7135977111512,25.7967875023409,3.74699775157911));
#3756=CARTESIAN_POINT('',(29.5581224112732,25.971808905335,3.3696408899131));
#3757=CARTESIAN_POINT('',(28.8092758112889,25.0638351988332,3.88251943356021));
#3758=CARTESIAN_POINT('',(29.0236405168081,25.1255059312874,3.55347763125479));
#3759=CARTESIAN_POINT('',(29.028725994469,25.350936297466,3.23251098928294));
#3760=CARTESIAN_POINT('',(28.4075743553016,24.5654357360932,3.25411056459567));
#3761=CARTESIAN_POINT('',(28.6772767754725,24.7092769188388,3.11245073367169));
#3762=CARTESIAN_POINT('',(28.791410362152,24.9724060023694,2.94378259002918));
#3763=CARTESIAN_POINT('',(28.3897373841645,24.3524457051539,2.63391803487128));
#3764=CARTESIAN_POINT('',(28.6416375348367,24.5372104878684,2.67070516182747));
#3765=CARTESIAN_POINT('',(28.7668174505217,24.819605162337,2.65882926556128));
#3766=CARTESIAN_POINT('',(28.7293617016732,24.3988106151749,2.05696373627446));
#3767=CARTESIAN_POINT('',(28.8919289372805,24.5867850623617,2.26298644192564));
#3768=CARTESIAN_POINT('',(28.9271858293316,24.875237201174,2.39374215539516));
#3769=CARTESIAN_POINT('',(29.2554556635509,24.683618265812,1.71753516278854));
#3770=CARTESIAN_POINT('',(29.3110849218954,24.8427052695481,2.04172622027878));
#3771=CARTESIAN_POINT('',(29.2108452017608,25.1321194087934,2.23778848649601));
#3772=CARTESIAN_POINT('',(29.7886885096563,25.0887066495883,1.57234527720082));
#3773=CARTESIAN_POINT('',(29.7603292542716,25.2065873227139,1.9635457509657));
#3774=CARTESIAN_POINT('',(29.5523020395206,25.4909327073085,2.17107962014464));
#3775=CARTESIAN_POINT('',(30.2831669040037,25.5536319185099,1.54234130779387));
#3776=CARTESIAN_POINT('',(30.1955324227134,25.6222864048017,1.95012127113637));
#3777=CARTESIAN_POINT('',(29.9274304436265,25.8743299249442,2.15729401257812));
#3778=CARTESIAN_POINT('',(30.7318411057521,26.0659253196619,1.60865825716497));
#3779=CARTESIAN_POINT('',(30.5982757130155,26.067100875915,1.98134242019581));
#3780=CARTESIAN_POINT('',(30.3101694873052,26.2414307709618,2.18776396228897));
#3781=CARTESIAN_POINT('',(31.1030946333133,26.6050705011493,1.81168973641952));
#3782=CARTESIAN_POINT('',(30.9313966766454,26.5127014338753,2.09961212836663));
#3783=CARTESIAN_POINT('',(30.6423233187642,26.5648172803569,2.28104869599969));
#3784=CARTESIAN_POINT('',(31.3159175787595,27.0931181518499,2.24250552056706));
#3785=CARTESIAN_POINT('',(31.1243860685226,26.8926955669707,2.39236327959267));
#3786=CARTESIAN_POINT('',(30.8368250083766,26.8149182936532,2.47899108331037));
#3787=CARTESIAN_POINT('',(31.2796372089647,27.2377187620732,2.65700270971145));
#3788=CARTESIAN_POINT('',(31.0999590382736,26.9926924974817,2.68747662571499));
#3789=CARTESIAN_POINT('',(30.8195136757756,26.8786295455563,2.66943573778207));
#3790=CARTESIAN_POINT('',(31.2234764548874,27.2512650757095,2.85753888274826));
#3791=CARTESIAN_POINT('',(31.0555689562111,26.9965724359648,2.82934474796025));
#3792=CARTESIAN_POINT('',(30.7803860703664,26.8802208981079,2.76157397944771));
#3793=CARTESIAN_POINT('',(12.7734092305519,40.0753810467356,2.85565019634583));
#3794=CARTESIAN_POINT('',(12.9421486737714,40.3311553010987,2.82818177246743));
#3795=CARTESIAN_POINT('',(13.2188865255169,40.4473929557666,2.76070620465231));
#3796=CARTESIAN_POINT('',(12.8294381335506,40.0612239217227,3.05712660294899));
#3797=CARTESIAN_POINT('',(12.9865806581877,40.3268237434355,2.9712235314656));
#3798=CARTESIAN_POINT('',(13.2579165936872,40.445483466687,2.853276445524));
#3799=CARTESIAN_POINT('',(13.0179389257443,40.1511063981694,3.4467578952395));
#3800=CARTESIAN_POINT('',(13.1416173143198,40.4119035400531,3.24823202630591));
#3801=CARTESIAN_POINT('',(13.3972243019734,40.5024401520822,3.03229622846821));
#3802=CARTESIAN_POINT('',(13.5642929492836,40.6393132956994,3.98403059321467));
#3803=CARTESIAN_POINT('',(13.5999831225063,40.8285133131481,3.62132456316629));
#3804=CARTESIAN_POINT('',(13.8165341559303,40.7942172085253,3.27915125186165));
#3805=CARTESIAN_POINT('',(14.3744361799644,41.4686575811462,4.18686001165088));
#3806=CARTESIAN_POINT('',(14.2854135951246,41.5312696463081,3.75069796653575));
#3807=CARTESIAN_POINT('',(14.4432740054597,41.355006756208,3.37234314681734));
#3808=CARTESIAN_POINT('',(15.1951296507324,42.2677802959249,3.88928844027854));
#3809=CARTESIAN_POINT('',(14.980301009732,42.2065151407972,3.55807833905663));
#3810=CARTESIAN_POINT('',(14.9768326413793,41.9797683313496,3.23562107348357));
#3811=CARTESIAN_POINT('',(15.6005034755628,42.7678767823797,3.26218359701399));
#3812=CARTESIAN_POINT('',(15.3295747600326,42.6241794285624,3.1182687987638));
#3813=CARTESIAN_POINT('',(15.215958387614,42.3598738536143,2.94749182117259));
#3814=CARTESIAN_POINT('',(15.6214242021274,42.9838540998616,2.63875233574661));
#3815=CARTESIAN_POINT('',(15.3677933649718,42.7987067666949,2.67440704769121));
#3816=CARTESIAN_POINT('',(15.2421583803198,42.5150197974809,2.66105043086048));
#3817=CARTESIAN_POINT('',(15.2845706531251,42.9403799451437,2.06038313182814));
#3818=CARTESIAN_POINT('',(15.1199776555604,42.7516308136799,2.26561599448244));
#3819=CARTESIAN_POINT('',(15.0834679810858,42.461850928518,2.39531322906013));
#3820=CARTESIAN_POINT('',(14.7558613025583,42.6562395254644,1.71631907192866));
#3821=CARTESIAN_POINT('',(14.6991715282558,42.4962696891158,2.04118238004974));
#3822=CARTESIAN_POINT('',(14.7991821702176,42.205395835937,2.23722974207943));
#3823=CARTESIAN_POINT('',(14.2197195872373,42.2501398201011,1.56986534319264));
#3824=CARTESIAN_POINT('',(14.2476946951039,42.1314266327176,1.96257897048982));
#3825=CARTESIAN_POINT('',(14.456556062013,41.8451920923635,2.16994019103907));
#3826=CARTESIAN_POINT('',(13.7223096098481,41.7835621337793,1.53900796826624));
#3827=CARTESIAN_POINT('',(13.8099199292761,41.7140553032315,1.94888733761372));
#3828=CARTESIAN_POINT('',(14.0794559125617,41.4596824823899,2.15576247823525));
#3829=CARTESIAN_POINT('',(13.2709847883879,41.2693494066554,1.60451513753914));
#3830=CARTESIAN_POINT('',(13.4047013624366,41.2673602046942,1.97941823889345));
#3831=CARTESIAN_POINT('',(13.6942953635376,41.0906705760522,2.18586036682127));
#3832=CARTESIAN_POINT('',(12.8970125090547,40.7275779845268,1.8067722308776));
#3833=CARTESIAN_POINT('',(13.0691271879352,40.8195073395932,2.09672003930938));
#3834=CARTESIAN_POINT('',(13.3595682577698,40.7656255270538,2.27878930159897));
#3835=CARTESIAN_POINT('',(12.681765507752,40.2360491482468,2.23789945562054));
#3836=CARTESIAN_POINT('',(12.8740452588458,40.4368343400938,2.38938441529999));
#3837=CARTESIAN_POINT('',(13.1630438929513,40.5138970865595,2.47687478323807));
#3838=CARTESIAN_POINT('',(12.7173803275531,40.0895381717485,2.65417378974267));
#3839=CARTESIAN_POINT('',(12.8978874763624,40.3354702091844,2.68568983527589));
#3840=CARTESIAN_POINT('',(13.1798564573465,40.4493024448461,2.66813596378062));
#3841=CARTESIAN_POINT('',(12.7734092305519,40.0753810467356,2.85565019634583));
#3842=CARTESIAN_POINT('',(12.9421486737714,40.3311553010987,2.82818177246743));
#3843=CARTESIAN_POINT('',(13.2188865255169,40.4473929557666,2.76070620465231));
#3844=CARTESIAN_POINT('',(21.9999999998649,-6.83488,18.2499999999723));
#3845=CARTESIAN_POINT('',(12.3676398214632,36.0474733813425,8.36781211501783));
#3846=CARTESIAN_POINT('',(12.6879183901902,37.7626136685285,8.0556303828633));
#3847=CARTESIAN_POINT('',(13.6592193746895,40.1064790188734,7.14625535605847));
#3848=CARTESIAN_POINT('',(15.8328705184739,42.5735329056566,5.84697144714296));
#3849=CARTESIAN_POINT('',(17.9106789906321,44.003186873661,4.99695965563561));
#3850=CARTESIAN_POINT('',(20.3956626703554,44.8509702068479,4.45885569782053));
#3851=CARTESIAN_POINT('',(23.0758507839724,44.9316322291684,4.40645027002215));
#3852=CARTESIAN_POINT('',(25.6097973599166,44.2286670621207,4.85604183473763));
#3853=CARTESIAN_POINT('',(27.0459601868944,43.3535529875542,5.38560089041495));
#3854=CARTESIAN_POINT('',(27.6992063217639,42.8335686812746,5.68182402648969));
#3855=CARTESIAN_POINT('',(12.3676398214632,36.0474733813424,8.36781211501784));
#3856=CARTESIAN_POINT('',(27.6992063217639,42.8335686812746,5.68182402648969));
#3857=CARTESIAN_POINT('',(27.6992063217639,42.8335686812746,5.68182402648969));
#3858=CARTESIAN_POINT('',(28.020364766183,42.5779263712588,5.82745758864116));
#3859=CARTESIAN_POINT('',(28.2032037418479,42.1007896848229,5.92198634434047));
#3860=CARTESIAN_POINT('',(28.0773267646307,41.6937879717859,5.86024215753409));
#3861=CARTESIAN_POINT('',(28.0773267646307,41.6937879717859,5.86024215753409));
#3862=CARTESIAN_POINT('',(28.0773267646308,41.6937879717858,5.86024215753411));
#3863=CARTESIAN_POINT('',(28.4060290317923,41.8957996510417,6.02147461350816));
#3864=CARTESIAN_POINT('',(28.8369413437983,41.7843087673249,6.25892372201475));
#3865=CARTESIAN_POINT('',(29.0938086420076,41.4835371972291,6.41286018713491));
#3866=CARTESIAN_POINT('',(29.0938086420075,41.4835371972289,6.41286018713487));
#3867=CARTESIAN_POINT('',(29.0938086420075,41.4835371972289,6.41286018713487));
#3868=CARTESIAN_POINT('',(30.139081167433,40.2596046030558,7.03927530020261));
#3869=CARTESIAN_POINT('',(31.2763235841351,38.0937265644092,8.00468784295107));
#3870=CARTESIAN_POINT('',(31.89272172836,34.7458519346718,8.62818014267646));
#3871=CARTESIAN_POINT('',(31.8491341193294,32.1464302591646,8.58184557891112));
#3872=CARTESIAN_POINT('',(31.3047470376623,29.6650093800605,8.04159530758007));
#3873=CARTESIAN_POINT('',(30.3227006553068,27.4446782613779,7.20750671865687));
#3874=CARTESIAN_POINT('',(28.9031128240807,25.4948796638879,6.25276172017152));
#3875=CARTESIAN_POINT('',(27.7017317195963,24.4540009843199,5.66140451075557));
#3876=CARTESIAN_POINT('',(27.0155664905492,23.9993512997395,5.39371388081896));
#3877=CARTESIAN_POINT('',(27.0155664905487,23.9993512997397,5.39371388081923));
#3878=CARTESIAN_POINT('',(27.0155664905488,23.9993512997397,5.39371388081923));
#3879=CARTESIAN_POINT('',(26.8405435843905,23.883381988398,5.32543296243476));
#3880=CARTESIAN_POINT('',(26.4067397407352,23.8039190739587,5.16656721944269));
#3881=CARTESIAN_POINT('',(26.0359243686845,24.0654989087759,5.05275543282047));
#3882=CARTESIAN_POINT('',(25.9148206431775,24.2454926131902,5.01692857529194));
#3883=CARTESIAN_POINT('',(25.9148206431775,24.2454926131902,5.01692857529193));
#3884=CARTESIAN_POINT('',(25.9148206431775,24.2454926131902,5.01692857529193));
#3885=CARTESIAN_POINT('',(26.0249020608962,23.816328469708,5.04949463593652));
#3886=CARTESIAN_POINT('',(25.806869160715,23.3086598078292,4.97886386454473));
#3887=CARTESIAN_POINT('',(25.401087305681,23.1419951365965,4.87567365663019));
#3888=CARTESIAN_POINT('',(25.401087305681,23.1419951365965,4.87567365663019));
#3889=CARTESIAN_POINT('',(25.401087305681,23.1419951365965,4.87567365663019));
#3890=CARTESIAN_POINT('',(24.5877601890647,22.807941519329,4.66884480702783));
#3891=CARTESIAN_POINT('',(22.8465983020593,22.3694905894681,4.38744003858725));
#3892=CARTESIAN_POINT('',(20.1324377435047,22.5278562934282,4.49041886137465));
#3893=CARTESIAN_POINT('',(17.645244615002,23.4641521047577,5.08192205535496));
#3894=CARTESIAN_POINT('',(15.5967281870056,24.9708625546374,5.96803569478399));
#3895=CARTESIAN_POINT('',(13.9969212900108,26.906118503162,6.96571274026354));
#3896=CARTESIAN_POINT('',(12.8592740419997,29.1704468858674,7.88831126164689));
#3897=CARTESIAN_POINT('',(12.2011437466919,31.7250387504722,8.52862590384921));
#3898=CARTESIAN_POINT('',(12.1180713485312,33.5077582365831,8.61709917441548));
#3899=CARTESIAN_POINT('',(12.1691248706345,34.4068364162398,8.56527521330548));
#3900=CARTESIAN_POINT('',(12.1691248706345,34.4068364162398,8.56527521330549));
#3901=CARTESIAN_POINT('',(12.1691248706345,34.4068364162398,8.56527521330549));
#3902=CARTESIAN_POINT('',(12.1886287599811,34.7503097087282,8.54547699446862));
#3903=CARTESIAN_POINT('',(12.3720095198065,35.0396068579182,8.35829428404091));
#3904=CARTESIAN_POINT('',(12.6083457559655,35.1520850221094,8.13877699961046));
#3905=CARTESIAN_POINT('',(12.6083457559655,35.1520850221095,8.13877699961047));
#3906=CARTESIAN_POINT('',(12.6083457559655,35.1520850221095,8.13877699961044));
#3907=CARTESIAN_POINT('',(12.410551506338,35.356809511947,8.3224951515953));
#3908=CARTESIAN_POINT('',(12.3058654997619,35.7166625241449,8.42802474437993));
#3909=CARTESIAN_POINT('',(12.3676398214632,36.0474733813424,8.36781211501783));
#3910=CARTESIAN_POINT('',(15.3348176194961,43.9916506122387,6.16631911059011));
#3911=CARTESIAN_POINT('',(15.3890839352976,43.4511159136084,6.1363866011802));
#3912=CARTESIAN_POINT('',(15.2176943225485,42.3487950655577,6.22544604090274));
#3913=CARTESIAN_POINT('',(14.2714767848225,41.1005520727748,6.7896243166616));
#3914=CARTESIAN_POINT('',(13.0428568602887,40.4906651313739,7.71074221316957));
#3915=CARTESIAN_POINT('',(12.2625579826763,40.4432777882515,8.45649264522416));
#3916=CARTESIAN_POINT('',(11.8954325981304,40.4822701351951,8.85118530748027));
#3917=CARTESIAN_POINT('',(15.3348176194961,43.9916506122387,6.16631911059011));
#3918=CARTESIAN_POINT('',(11.8954325981304,40.4822701351951,8.85118530748027));
#3919=CARTESIAN_POINT('',(11.8954325981304,40.4822701351951,8.85118530748027));
#3920=CARTESIAN_POINT('',(11.5485972976824,40.5191074745256,9.22406431247621));
#3921=CARTESIAN_POINT('',(11.2271494319865,40.4483632654213,9.61169390179729));
#3922=CARTESIAN_POINT('',(10.9375635593033,40.2898179119625,10.0000000000612));
#3923=CARTESIAN_POINT('',(10.9375635593033,40.2898179119625,10.0000000000612));
#3924=CARTESIAN_POINT('',(10.9375635593032,-6.83488,10.0000000000612));
#3925=CARTESIAN_POINT('',(10.9375635593033,27.0404220880017,10.0000000000612));
#3926=CARTESIAN_POINT('',(10.9375635593032,27.0404220880017,10.0000000000612));
#3927=CARTESIAN_POINT('',(11.2271494319864,26.8818767345429,9.61169390179729));
#3928=CARTESIAN_POINT('',(11.5485972976824,26.8111325254386,9.22406431247621));
#3929=CARTESIAN_POINT('',(11.8954325981304,26.8479698647691,8.85118530748027));
#3930=CARTESIAN_POINT('',(11.8954325981304,26.8479698647691,8.85118530748027));
#3931=CARTESIAN_POINT('',(11.8954325981304,26.8479698647691,8.85118530748027));
#3932=CARTESIAN_POINT('',(12.262398284597,26.8869452501972,8.45666433495932));
#3933=CARTESIAN_POINT('',(13.0477260461976,26.8376567266696,7.70666328385795));
#3934=CARTESIAN_POINT('',(14.2691267675968,26.2323446455761,6.79133772755399));
#3935=CARTESIAN_POINT('',(15.2216586358884,24.9732186524585,6.22305773983992));
#3936=CARTESIAN_POINT('',(15.3889919678747,23.8782080193555,6.13643732907122));
#3937=CARTESIAN_POINT('',(15.3348176194985,23.3385893877489,6.16631911058882));
#3938=CARTESIAN_POINT('',(15.3348176194984,23.3385893877489,6.16631911058882));
#3939=CARTESIAN_POINT('',(15.3348176194984,23.3385893877489,6.16631911058882));
#3940=CARTESIAN_POINT('',(15.2852385661577,22.8447434676419,6.19366619429506));
#3941=CARTESIAN_POINT('',(15.6414010990669,21.8546197102991,5.98595016158821));
#3942=CARTESIAN_POINT('',(16.5278773106901,21.46512,5.57160060103659));
#3943=CARTESIAN_POINT('',(16.9899625693243,21.46512,5.39155822250246));
#3944=CARTESIAN_POINT('',(16.9899625693243,21.46512,5.39155822250246));
#3945=CARTESIAN_POINT('',(21.9999999998649,21.46512,18.2499999999723));
#3946=CARTESIAN_POINT('',(27.0165221282509,21.46512,5.39408674048692));
#3947=CARTESIAN_POINT('',(27.0165221282509,21.46512,5.39408674048692));
#3948=CARTESIAN_POINT('',(27.4777361836814,21.46512,5.57405765879433));
#3949=CARTESIAN_POINT('',(28.3662782792686,21.8548090406154,5.98986240675996));
#3950=CARTESIAN_POINT('',(28.7211301009349,22.845899221532,6.197215964204));
#3951=CARTESIAN_POINT('',(28.6716670780833,23.3385893877489,6.169898245541));
#3952=CARTESIAN_POINT('',(28.6716670780833,23.3385893877489,6.169898245541));
#3953=CARTESIAN_POINT('',(28.6716670780833,23.3385893877489,6.169898245541));
#3954=CARTESIAN_POINT('',(28.6174373752457,23.8787593928285,6.13994795783329));
#3955=CARTESIAN_POINT('',(28.7885124439797,24.9802946430557,6.22896563428726));
#3956=CARTESIAN_POINT('',(29.733372649877,26.2281034895886,6.792954097676));
#3957=CARTESIAN_POINT('',(30.9604895964968,26.8385777722215,7.71365750450597));
#3958=CARTESIAN_POINT('',(31.740008233929,26.8868605199351,8.45906277838751));
#3959=CARTESIAN_POINT('',(32.1068171949587,26.8484166809751,8.85360461743571));
#3960=CARTESIAN_POINT('',(32.1068171949587,26.848416680975,8.85360461743571));
#3961=CARTESIAN_POINT('',(32.1068171949587,26.848416680975,8.85360461743571));
#3962=CARTESIAN_POINT('',(32.4528356136412,26.8121518189398,9.22578402894269));
#3963=CARTESIAN_POINT('',(32.7734759588743,26.8829033171339,9.61253248963875));
#3964=CARTESIAN_POINT('',(33.0624364403585,27.0411062750908,9.99999999996997));
#3965=CARTESIAN_POINT('',(33.0624364403572,27.0411062750908,9.99999999996824));
#3966=CARTESIAN_POINT('',(33.0624364403572,-6.83488,9.99999999996825));
#3967=CARTESIAN_POINT('',(33.0624364403572,40.2891337248742,9.99999999996824));
#3968=CARTESIAN_POINT('',(33.0624364403572,40.2891337248742,9.99999999996824));
#3969=CARTESIAN_POINT('',(32.7734759588729,40.4473366828308,9.61253248963704));
#3970=CARTESIAN_POINT('',(32.4528356136411,40.5180881810243,9.22578402894263));
#3971=CARTESIAN_POINT('',(32.1068171949587,40.4818233189891,8.8536046174357));
#3972=CARTESIAN_POINT('',(32.1068171949587,40.4818233189891,8.8536046174357));
#3973=CARTESIAN_POINT('',(32.1068171949587,40.4818233189891,8.8536046174357));
#3974=CARTESIAN_POINT('',(31.7401684922362,40.443396276087,8.45923515314929));
#3975=CARTESIAN_POINT('',(30.955620053766,40.4935847433365,7.70957555768097));
#3976=CARTESIAN_POINT('',(29.7357273849495,41.0994797481706,6.79467263831137));
#3977=CARTESIAN_POINT('',(28.7845633423199,42.3581380053027,6.22658320643912));
#3978=CARTESIAN_POINT('',(28.6175295623701,43.4523988626112,6.13999887146092));
#3979=CARTESIAN_POINT('',(28.6716670780857,43.9916506122387,6.16989824554228));
#3980=CARTESIAN_POINT('',(28.6716670780857,43.9916506122387,6.16989824554228));
#3981=CARTESIAN_POINT('',(28.6716670780857,43.9916506122387,6.16989824554228));
#3982=CARTESIAN_POINT('',(28.7212522486654,44.4855574647646,6.19728342464504));
#3983=CARTESIAN_POINT('',(28.3649660248034,45.4757350027463,5.98924373421035));
#3984=CARTESIAN_POINT('',(27.478570993645,45.86512,5.5743834110433));
#3985=CARTESIAN_POINT('',(27.0165221282545,45.86512,5.39408674048832));
#3986=CARTESIAN_POINT('',(27.0165221282545,45.86512,5.39408674048832));
#3987=CARTESIAN_POINT('',(21.9999999998649,45.86512,18.2499999999723));
#3988=CARTESIAN_POINT('',(16.9899625693207,45.86512,5.39155822250385));
#3989=CARTESIAN_POINT('',(16.9899625693207,45.86512,5.39155822250385));
#3990=CARTESIAN_POINT('',(16.5287098727198,45.86512,5.57127620971436));
#3991=CARTESIAN_POINT('',(15.6400894903525,45.4753130870372,5.9865677963578));
#3992=CARTESIAN_POINT('',(15.2853602563939,44.484284402918,6.19359907173325));
#3993=CARTESIAN_POINT('',(15.3348176194961,43.9916506122387,6.16631911059011));
#3994=CARTESIAN_POINT('',(36.1020912490854,-6.83488,9.99999999995548));
#3995=CARTESIAN_POINT('',(33.5993968329339,40.4614233273355,9.99999999996598));
#3996=CARTESIAN_POINT('',(33.502550580324,40.5251515747019,9.99999999996639));
#3997=CARTESIAN_POINT('',(33.2582881774084,40.5971493808598,9.99999999996741));
#3998=CARTESIAN_POINT('',(33.0624364403572,40.4058163295733,9.99999999996824));
#3999=CARTESIAN_POINT('',(33.0624364403572,40.2891337248742,9.99999999996824));
#4000=CARTESIAN_POINT('',(33.0624364403585,27.0411062750908,9.99999999996997));
#4001=CARTESIAN_POINT('',(33.0624364403585,26.9247077841296,9.99999999996997));
#4002=CARTESIAN_POINT('',(33.2578415485035,26.7330364933252,9.99999999996655));
#4003=CARTESIAN_POINT('',(33.5025755916312,26.8051048835839,9.99999999996639));
#4004=CARTESIAN_POINT('',(33.5993968329339,26.8688166726287,9.99999999996599));
#4005=CARTESIAN_POINT('',(36.1020912490854,-6.83488,9.99999999995548));
#4006=CARTESIAN_POINT('',(10.9375635593033,40.2898179119625,10.0000000000612));
#4007=CARTESIAN_POINT('',(10.9375635593033,40.4062164029409,10.0000000000612));
#4008=CARTESIAN_POINT('',(10.7421584510942,40.5978876937551,10.000000000062));
#4009=CARTESIAN_POINT('',(10.4974244079492,40.5258193034057,10.000000000063));
#4010=CARTESIAN_POINT('',(10.4006031666518,40.462107514323,10.0000000000634));
#4011=CARTESIAN_POINT('',(10.4006031666485,26.8681324856434,10.0000000000673));
#4012=CARTESIAN_POINT('',(10.4974494192531,26.8044042382388,10.0000000000669));
#4013=CARTESIAN_POINT('',(10.7417118221902,26.7324064319868,10.00000000006));
#4014=CARTESIAN_POINT('',(10.9375635593033,26.9237394832856,10.0000000000612));
#4015=CARTESIAN_POINT('',(10.9375635593033,27.0404220880017,10.0000000000612));
#4016=CARTESIAN_POINT('',(23.4061660055722,29.7285390252653,4.52182833858957));
#4017=CARTESIAN_POINT('',(23.4599565214719,29.6157548012487,4.52733805953081));
#4018=CARTESIAN_POINT('',(23.5068695761396,29.5363733631039,4.44282882694397));
#4019=CARTESIAN_POINT('',(23.1689516565217,29.6117314229775,4.49753065628137));
#4020=CARTESIAN_POINT('',(23.2642978797086,29.5321473634645,4.50637090624259));
#4021=CARTESIAN_POINT('',(23.3353028764592,29.4686134876345,4.43832491149102));
#4022=CARTESIAN_POINT('',(22.9157636714788,29.0676125290532,4.48088127491426));
#4023=CARTESIAN_POINT('',(23.0765270731408,29.0351471098997,4.49134915249354));
#4024=CARTESIAN_POINT('',(23.1966091410469,29.0706706042152,4.38644343937533));
#4025=CARTESIAN_POINT('',(23.1174932585597,28.5446354227309,4.49452341584065));
#4026=CARTESIAN_POINT('',(23.3243531458727,28.6175807793971,4.5114868354242));
#4027=CARTESIAN_POINT('',(23.3982599769539,28.6626988589106,4.31702025517689));
#4028=CARTESIAN_POINT('',(23.2649483539098,28.3228734869168,4.50809672343896));
#4029=CARTESIAN_POINT('',(23.4686193992347,28.4624159854019,4.52684473442157));
#4030=CARTESIAN_POINT('',(23.5295286552158,28.4888796872061,4.28831753151658));
#4031=CARTESIAN_POINT('',(23.2924472311734,28.3228734869125,4.20935969569191));
#4032=CARTESIAN_POINT('',(23.4367348317833,29.7285390252653,4.22338982421169));
#4033=CARTESIAN_POINT('',(25.9034096296035,24.2628750901623,5.01355813433249));
#4034=CARTESIAN_POINT('',(26.1518001371101,24.4395300157206,5.08680817454562));
#4035=CARTESIAN_POINT('',(26.2294731266786,24.4317698859791,4.78320141834192));
#4036=CARTESIAN_POINT('',(26.0240675574824,24.0744578616362,5.04914000160223));
#4037=CARTESIAN_POINT('',(26.2392470644224,24.3199196587423,5.11510153781458));
#4038=CARTESIAN_POINT('',(26.3141183954678,24.3051911005109,4.79995438471935));
#4039=CARTESIAN_POINT('',(26.3983327328434,23.8041174386354,5.16360814646584));
#4040=CARTESIAN_POINT('',(26.4803299218474,24.1742167978694,5.19596282076485));
#4041=CARTESIAN_POINT('',(26.572996867904,24.1234906288989,4.86616412357615));
#4042=CARTESIAN_POINT('',(26.8375432706905,23.8813940165189,5.32426246321628));
#4043=CARTESIAN_POINT('',(26.7382456647076,24.2091413112783,5.28806041767964));
#4044=CARTESIAN_POINT('',(26.8701250516976,24.175758114377,4.98164718483481));
#4045=CARTESIAN_POINT('',(27.0155664905487,23.9993512997397,5.39371388081922));
#4046=CARTESIAN_POINT('',(26.8595028472572,24.2766326719129,5.33282945646431));
#4047=CARTESIAN_POINT('',(26.9888634248155,24.2553719580027,5.03658368643788));
#4048=CARTESIAN_POINT('',(25.9148206431771,24.2454926131903,5.01692857529183));
#4049=CARTESIAN_POINT('',(25.9119373202317,24.2519412743129,5.01607558418901));
#4050=CARTESIAN_POINT('',(25.9090563636036,24.2583901810679,5.0152161862068));
#4051=CARTESIAN_POINT('',(25.906177692207,24.2648396568254,5.01435331329941));
#4052=CARTESIAN_POINT('',(25.9061776922071,24.2648396568254,5.01435331329941));
#4053=CARTESIAN_POINT('',(27.124600544694,23.9993512997397,5.11422939996807));
#4054=CARTESIAN_POINT('',(25.988266360685,24.262875090162,4.72580939812299));
#4055=CARTESIAN_POINT('',(27.0155664905487,23.9993512997397,5.39371388081922));
#4056=CARTESIAN_POINT('',(26.8595028472572,24.2766326719129,5.33282945646431));
#4057=CARTESIAN_POINT('',(26.9888634248154,24.2553719580027,5.03658368643788));
#4058=CARTESIAN_POINT('',(27.6948228262512,24.4494231886699,5.65870917451128));
#4059=CARTESIAN_POINT('',(27.5132627640025,24.6891327705331,5.578630822002));
#4060=CARTESIAN_POINT('',(27.6636032488977,24.6952204021452,5.30733975089059));
#4061=CARTESIAN_POINT('',(28.8885793019114,25.4804985913755,6.24477172154138));
#4062=CARTESIAN_POINT('',(28.6803506997966,25.6357143698632,6.12570806097068));
#4063=CARTESIAN_POINT('',(28.8482402477315,25.7023416838003,5.90614278294108));
#4064=CARTESIAN_POINT('',(30.3075664315904,27.4190104260203,7.19599347476617));
#4065=CARTESIAN_POINT('',(30.1310572111545,27.5089789846535,7.0630959682671));
#4066=CARTESIAN_POINT('',(30.2530406870653,27.5927017854138,6.87804327199008));
#4067=CARTESIAN_POINT('',(31.2955821746781,29.6359071975868,8.03290412785487));
#4068=CARTESIAN_POINT('',(31.152382934049,29.6804081544479,7.90215504502255));
#4069=CARTESIAN_POINT('',(31.2284757317878,29.750603992768,7.73314763439448));
#4070=CARTESIAN_POINT('',(31.847632288993,32.1253879674679,8.58019847097835));
#4071=CARTESIAN_POINT('',(31.7263857179358,32.1386910314345,8.45653105564815));
#4072=CARTESIAN_POINT('',(31.7721327465842,32.169923877871,8.29233968070795));
#4073=CARTESIAN_POINT('',(31.8941393467487,34.7409842319006,8.62968699302276));
#4074=CARTESIAN_POINT('',(31.7750435415897,34.7312443406412,8.50754847650418));
#4075=CARTESIAN_POINT('',(31.8178667429662,34.7098273230322,8.34290404040821));
#4076=CARTESIAN_POINT('',(31.2739752203025,38.1042438293157,8.00206599677918));
#4077=CARTESIAN_POINT('',(31.1231268433065,38.0926191974356,7.86173982276082));
#4078=CARTESIAN_POINT('',(31.2073875032051,37.9775117630726,7.70163910818512));
#4079=CARTESIAN_POINT('',(30.1338659847105,40.2657111738805,7.03614992457564));
#4080=CARTESIAN_POINT('',(29.9278760791953,40.1795892733172,6.89447053829572));
#4081=CARTESIAN_POINT('',(30.0816467548185,40.0829020463906,6.71472486640111));
#4082=CARTESIAN_POINT('',(29.0938086420097,41.4835371972265,6.41286018713615));
#4083=CARTESIAN_POINT('',(28.9331855513095,41.2930417249979,6.31660133686041));
#4084=CARTESIAN_POINT('',(29.0510165794562,41.2710282389587,6.07788534724021));
#4085=CARTESIAN_POINT('',(29.2480218733591,41.4835371972283,6.1555310607692));
#4086=CARTESIAN_POINT('',(23.5068695761394,29.5363733631037,4.44282882694389));
#4087=CARTESIAN_POINT('',(23.4599565214717,29.6157548012486,4.52733805953079));
#4088=CARTESIAN_POINT('',(23.4061660055722,29.7285390252653,4.52182833858957));
#4089=CARTESIAN_POINT('',(24.6178923752062,30.0699743804989,4.55501714599791));
#4090=CARTESIAN_POINT('',(24.5456499947073,30.142232667572,4.64268231040618));
#4091=CARTESIAN_POINT('',(24.4424060802083,30.2387978915092,4.62796960799137));
#4092=CARTESIAN_POINT('',(26.1508780145751,32.1998113894286,4.94813234621426));
#4093=CARTESIAN_POINT('',(26.033257678772,32.2567914002813,5.04875816226347));
#4094=CARTESIAN_POINT('',(25.865965889217,32.2725271280448,4.99989565611449));
#4095=CARTESIAN_POINT('',(25.9244235994148,34.7910710849743,4.87733845174956));
#4096=CARTESIAN_POINT('',(25.8097137538135,34.7599852891327,4.97398831721928));
#4097=CARTESIAN_POINT('',(25.6560242822064,34.7362014446224,4.93291757351566));
#4098=CARTESIAN_POINT('',(25.3785530757611,35.8913292440287,4.75173555488751));
#4099=CARTESIAN_POINT('',(25.2745332730251,35.850580053934,4.84350691405078));
#4100=CARTESIAN_POINT('',(25.1489969929353,35.7851768558374,4.81408477481431));
#4101=CARTESIAN_POINT('',(25.4474640106967,35.7462597847943,4.76775972246373));
#4102=CARTESIAN_POINT('',(25.3669832701643,35.7469914225572,4.82497983947253));
#4103=CARTESIAN_POINT('',(25.2616286620085,35.7477007838471,4.8406286647145));
#4104=CARTESIAN_POINT('',(25.1669562724351,35.7475794975305,4.81830658597468));
#4105=CARTESIAN_POINT('',(23.2649483539098,28.3228734869168,4.50809672343896));
#4106=CARTESIAN_POINT('',(23.4686193992351,28.4624159853985,4.52684473442161));
#4107=CARTESIAN_POINT('',(23.5295286552174,28.4888796872029,4.28831753151855));
#4108=CARTESIAN_POINT('',(24.1635863440527,26.9713861007581,4.59081675309123));
#4109=CARTESIAN_POINT('',(24.406452003682,27.0811615921466,4.62698331669756));
#4110=CARTESIAN_POINT('',(24.448510139262,27.1379579885267,4.36922070097947));
#4111=CARTESIAN_POINT('',(25.0379105775694,25.6144232532354,4.75832358047482));
#4112=CARTESIAN_POINT('',(25.3095020776682,25.7136890581888,4.82155055646922));
#4113=CARTESIAN_POINT('',(25.34346562216,25.7821324186353,4.53302379147866));
#4114=CARTESIAN_POINT('',(25.9034096296035,24.2628750901623,5.01355813433249));
#4115=CARTESIAN_POINT('',(26.1518001371105,24.4395300157199,5.08680817454574));
#4116=CARTESIAN_POINT('',(26.229473126679,24.4317698859785,4.78320141834213));
#4117=CARTESIAN_POINT('',(25.7677151826229,24.5198014048882,4.97321700451301));
#4118=CARTESIAN_POINT('',(25.8206841697238,24.4387547912181,4.98817085090083));
#4119=CARTESIAN_POINT('',(25.8665209003802,24.3536881158104,5.00246631178116));
#4120=CARTESIAN_POINT('',(25.906177692207,24.2648396568254,5.01435331329941));
#4121=CARTESIAN_POINT('',(25.7677151826222,24.5198014048877,4.97321700451272));
#4122=CARTESIAN_POINT('',(23.8405899141755,27.4518267955057,4.57329612925363));
#4123=CARTESIAN_POINT('',(24.490083384169,26.4734329658423,4.66070396825355));
#4124=CARTESIAN_POINT('',(25.1310085426255,25.4940114077687,4.79346628981021));
#4125=CARTESIAN_POINT('',(25.7677151826226,24.519801404888,4.97321700451289));
#4126=CARTESIAN_POINT('',(25.401087305681,23.1419951365965,4.87567365663018));
#4127=CARTESIAN_POINT('',(25.2749749948421,23.4760062550719,4.84360333260113));
#4128=CARTESIAN_POINT('',(25.3841577523409,23.4171577625233,4.50728171824455));
#4129=CARTESIAN_POINT('',(25.6490402839988,23.2438356470091,4.93872802702212));
#4130=CARTESIAN_POINT('',(25.4212363409209,23.5278084343883,4.87834214192361));
#4131=CARTESIAN_POINT('',(25.5517934427224,23.4859500915146,4.55489096630709));
#4132=CARTESIAN_POINT('',(26.0272612835678,23.7019793931499,5.05044317358845));
#4133=CARTESIAN_POINT('',(25.694444681449,23.7550150257986,4.94892733363029));
#4134=CARTESIAN_POINT('',(25.8010314310057,23.7973914166067,4.66210662091228));
#4135=CARTESIAN_POINT('',(25.9393010155743,24.3051654628024,5.02324544952756));
#4136=CARTESIAN_POINT('',(25.6859832739131,24.2122443183794,4.94838552269687));
#4137=CARTESIAN_POINT('',(25.7313464554986,24.2073449968394,4.68266358743585));
#4138=CARTESIAN_POINT('',(25.7868666712854,24.5340981469152,4.97974601548191));
#4139=CARTESIAN_POINT('',(25.5830683856265,24.3841588910051,4.92158910781786));
#4140=CARTESIAN_POINT('',(25.6243046470879,24.362627674982,4.66618017084286));
#4141=CARTESIAN_POINT('',(25.8691898597946,24.5340981469152,4.69126223321032));
#4142=CARTESIAN_POINT('',(25.4750239862422,23.1419951365965,4.58492743177492));
#4143=CARTESIAN_POINT('',(29.0938086420097,41.4835371972265,6.41286018713614));
#4144=CARTESIAN_POINT('',(28.9331855513063,41.2930417249947,6.31660133685848));
#4145=CARTESIAN_POINT('',(29.0510165794584,41.2710282389586,6.07788534723512));
#4146=CARTESIAN_POINT('',(28.9149792325169,41.6929324148957,6.30569058108366));
#4147=CARTESIAN_POINT('',(28.7636654222958,41.4337834584886,6.2185287542578));
#4148=CARTESIAN_POINT('',(28.9348890604616,41.4205973217033,5.9631715588292));
#4149=CARTESIAN_POINT('',(28.5372785041112,41.8747062854245,6.09001569524296));
#4150=CARTESIAN_POINT('',(28.4474283942414,41.4527721397581,6.04795196000139));
#4151=CARTESIAN_POINT('',(28.6864930610651,41.5587125327338,5.74736895794403));
#4152=CARTESIAN_POINT('',(28.0240948253994,41.7053571842019,5.83233551217562));
#4153=CARTESIAN_POINT('',(28.2422666481262,41.2826341235278,5.94068946860322));
#4154=CARTESIAN_POINT('',(28.3428606715867,41.4597441500673,5.51861352714028));
#4155=CARTESIAN_POINT('',(27.8378959492696,41.4809379149014,5.74546088175717));
#4156=CARTESIAN_POINT('',(28.1762522870519,41.1974322388324,5.90361165074409));
#4157=CARTESIAN_POINT('',(28.216348861426,41.3109026036023,5.4565120057483));
#4158=CARTESIAN_POINT('',(27.77678719869,41.3477669419927,5.71729360193163));
#4159=CARTESIAN_POINT('',(28.1418229441551,41.1402575735518,5.88555205741147));
#4160=CARTESIAN_POINT('',(28.1742464133397,41.2209886687959,5.44164514126214));
#4161=CARTESIAN_POINT('',(27.8375853339312,41.31522941731,5.73595223554562));
#4162=CARTESIAN_POINT('',(27.8844461667511,41.4148334763748,5.75751362928577));
#4163=CARTESIAN_POINT('',(27.9391644397561,41.5078389471091,5.7873073247572));
#4164=CARTESIAN_POINT('',(28.0033328144045,41.5943822637004,5.82162405296279));
#4165=CARTESIAN_POINT('',(27.8375853339333,41.3152294173087,5.73595223554593));
#4166=CARTESIAN_POINT('',(28.0033328143976,41.5943822637055,5.82162405295805));
#4167=CARTESIAN_POINT('',(27.9023695290992,41.3477669419926,5.44484346284476));
#4168=CARTESIAN_POINT('',(28.0033328144035,41.5943822636995,5.8216240529622));
#4169=CARTESIAN_POINT('',(28.0278873025672,41.6274986836546,5.83475559480306));
#4170=CARTESIAN_POINT('',(28.0523668783754,41.6606349972035,5.84799903004813));
#4171=CARTESIAN_POINT('',(28.0773267646307,41.6937879717859,5.86024215753409));
#4172=CARTESIAN_POINT('',(25.7840082230462,36.9972369940229,4.97782872023214));
#4173=CARTESIAN_POINT('',(25.6418627188866,37.0759230386932,4.92217753737214));
#4174=CARTESIAN_POINT('',(25.6211051866538,37.1100962248477,4.75515894458678));
#4175=CARTESIAN_POINT('',(26.534255285804,38.5358212620035,5.19176648289021));
#4176=CARTESIAN_POINT('',(26.3951335847316,38.6064890082203,5.12866013467185));
#4177=CARTESIAN_POINT('',(26.3857922079341,38.6506371039492,4.96600359503907));
#4178=CARTESIAN_POINT('',(27.2839985771181,40.0636781238065,5.47490747644486));
#4179=CARTESIAN_POINT('',(27.1531158351833,40.1388320813549,5.4057733603069));
#4180=CARTESIAN_POINT('',(27.1489934247354,40.1785369799733,5.24470057456049));
#4181=CARTESIAN_POINT('',(28.0129711811348,41.5882178648402,5.82778215470718));
#4182=CARTESIAN_POINT('',(27.8893278406083,41.6662968109647,5.7529987897139));
#4183=CARTESIAN_POINT('',(27.8917987915195,41.7030515071596,5.59293775175213));
#4184=CARTESIAN_POINT('',(25.7824391590717,36.9981064846745,4.97720797486955));
#4185=CARTESIAN_POINT('',(26.47364717013,38.4436351771932,5.17298552532864));
#4186=CARTESIAN_POINT('',(27.1632220969791,39.8818508014653,5.42566728325495));
#4187=CARTESIAN_POINT('',(27.8375853339312,41.3152294173098,5.73595223554559));
#4188=CARTESIAN_POINT('',(25.7824391590717,36.9981064846745,4.97720797486955));
#4189=CARTESIAN_POINT('',(28.1627581917886,41.5767010642556,5.56810694460097));
#4190=CARTESIAN_POINT('',(25.8877631439387,36.9857515772577,4.69657616185746));
#4191=CARTESIAN_POINT('',(27.7767871986899,41.3477669419924,5.71729360193157));
#4192=CARTESIAN_POINT('',(28.1418229441551,41.1402575735517,5.88555205741143));
#4193=CARTESIAN_POINT('',(28.1742464133396,41.2209886687957,5.44164514126211));
#4194=CARTESIAN_POINT('',(26.9175979302135,39.4753826163683,5.32126153911407));
#4195=CARTESIAN_POINT('',(27.3014974770208,39.3122492532233,5.46846039076512));
#4196=CARTESIAN_POINT('',(27.296276562682,39.3486521653262,5.02639024365913));
#4197=CARTESIAN_POINT('',(26.0356501882282,37.6004419080702,5.02203944169261));
#4198=CARTESIAN_POINT('',(26.4235218035222,37.4562033103744,5.13857890289591));
#4199=CARTESIAN_POINT('',(26.3945168012336,37.4740095405268,4.71097923721856));
#4200=CARTESIAN_POINT('',(25.1511302082001,35.7138241276432,4.81458491854977));
#4201=CARTESIAN_POINT('',(25.5103484382262,35.5322817098,4.89883564018062));
#4202=CARTESIAN_POINT('',(25.4901044934399,35.5877012170398,4.49188056738818));
#4203=CARTESIAN_POINT('',(25.6113874328116,36.6953203281472,4.93092042182));
#4204=CARTESIAN_POINT('',(25.6752528013574,36.7917379361676,4.94823712812937));
#4205=CARTESIAN_POINT('',(25.7322885236415,36.8932260705279,4.96300332387981));
#4206=CARTESIAN_POINT('',(25.7824391590711,36.9981064846748,4.97720797486951));
#4207=CARTESIAN_POINT('',(25.786866671286,24.5340981469143,4.97974601548209));
#4208=CARTESIAN_POINT('',(25.5830683856271,24.3841588910042,4.92158910781803));
#4209=CARTESIAN_POINT('',(25.6243046470885,24.3626276749811,4.66618017084306));
#4210=CARTESIAN_POINT('',(24.6933626194084,26.176370950991,4.66769817872183));
#4211=CARTESIAN_POINT('',(24.4109009396017,26.088278546781,4.60608518016878));
#4212=CARTESIAN_POINT('',(24.507732408719,26.0053931735547,4.33711053136922));
#4213=CARTESIAN_POINT('',(23.5972761409027,27.8252281631135,4.49719020877145));
#4214=CARTESIAN_POINT('',(23.2962795039513,27.7106551698017,4.46514052261724));
#4215=CARTESIAN_POINT('',(23.3886771136926,27.6548519693016,4.15616380042249));
#4216=CARTESIAN_POINT('',(22.4794397597113,29.4665215965056,4.45833086543035));
#4217=CARTESIAN_POINT('',(22.202739906607,29.2737400427133,4.44871194912459));
#4218=CARTESIAN_POINT('',(22.2467179612848,29.2962700534208,4.1149779396714));
#4219=CARTESIAN_POINT('',(22.4051764236971,29.2136822569228,4.37238663493488));
#4220=CARTESIAN_POINT('',(22.4310807835132,29.2759865229904,4.42932622977124));
#4221=CARTESIAN_POINT('',(22.4654994702583,29.3569391272907,4.45781149978248));
#4222=CARTESIAN_POINT('',(22.4994386974739,29.4371538822757,4.45904060668278));
#4223=CARTESIAN_POINT('',(12.1691248706345,34.4068364162395,8.5652752133055));
#4224=CARTESIAN_POINT('',(12.2895219893516,34.3926534203706,8.44306120453398));
#4225=CARTESIAN_POINT('',(12.2444011229161,34.3854966382771,8.27709200441121));
#4226=CARTESIAN_POINT('',(12.1174490329604,33.4967989329499,8.61773088123233));
#4227=CARTESIAN_POINT('',(12.2368756526287,33.5027974728873,8.49520161615374));
#4228=CARTESIAN_POINT('',(12.1935330287312,33.5016112384176,8.33068801367965));
#4229=CARTESIAN_POINT('',(12.2039652247659,31.692709876533,8.52550155479589));
#4230=CARTESIAN_POINT('',(12.327758281367,31.7082445214872,8.40058499321148));
#4231=CARTESIAN_POINT('',(12.2786176878846,31.7496935401516,8.2364537008107));
#4232=CARTESIAN_POINT('',(12.8778116862025,29.1172675900828,7.87110141274958));
#4233=CARTESIAN_POINT('',(13.0292767355218,29.1658100546074,7.73738048241491));
#4234=CARTESIAN_POINT('',(12.9424601369966,29.2461858185024,7.56782746915137));
#4235=CARTESIAN_POINT('',(14.0336527177021,26.8487490409001,6.93887923771707));
#4236=CARTESIAN_POINT('',(14.2231121875997,26.9493145360477,6.80520068322202));
#4237=CARTESIAN_POINT('',(14.0843485247327,27.0370186609125,6.61533959454916));
#4238=CARTESIAN_POINT('',(15.6487970266775,24.921695510541,5.94047452358768));
#4239=CARTESIAN_POINT('',(15.8706525596497,25.0970605101367,5.82690113127982));
#4240=CARTESIAN_POINT('',(15.6845465878423,25.1568278907727,5.59523043013199));
#4241=CARTESIAN_POINT('',(17.704807403623,23.4330276645572,5.06262426336689));
#4242=CARTESIAN_POINT('',(17.9236227334095,23.7089925992514,4.99551049467249));
#4243=CARTESIAN_POINT('',(17.7263185189187,23.7019855500909,4.69829646863823));
#4244=CARTESIAN_POINT('',(20.1811105328187,22.5200731676298,4.48534065052449));
#4245=CARTESIAN_POINT('',(20.3039996371814,22.8990903971297,4.47770549075568));
#4246=CARTESIAN_POINT('',(20.1894948276756,22.8087383346183,4.10846321187581));
#4247=CARTESIAN_POINT('',(22.8683358032062,22.3743596234233,4.39060332221247));
#4248=CARTESIAN_POINT('',(22.8071304989415,22.7748406490157,4.39618567504133));
#4249=CARTESIAN_POINT('',(22.8643882942189,22.6660953471128,4.01166637704237));
#4250=CARTESIAN_POINT('',(24.5933489370034,22.810236956781,4.67026602400593));
#4251=CARTESIAN_POINT('',(24.4686876548907,23.1616013846586,4.64687391267957));
#4252=CARTESIAN_POINT('',(24.5809011499297,23.0926782218455,4.29740870125527));
#4253=CARTESIAN_POINT('',(25.401087305681,23.1419951365965,4.87567365663018));
#4254=CARTESIAN_POINT('',(25.2749749948421,23.4760062550719,4.84360333260113));
#4255=CARTESIAN_POINT('',(25.3841577523409,23.4171577625233,4.50728171824454));
#4256=CARTESIAN_POINT('',(11.9554101939121,34.4068364162398,8.35473771794316));
#4257=CARTESIAN_POINT('',(28.0316356770669,41.5767010642559,5.83793445641743));
#4258=CARTESIAN_POINT('',(27.8890860307691,41.6626999555074,5.76866254278103));
#4259=CARTESIAN_POINT('',(27.8917987917145,41.7030515075598,5.59293775184357));
#4260=CARTESIAN_POINT('',(28.1328532367647,41.7886052504949,5.88712106779088));
#4261=CARTESIAN_POINT('',(27.966547190272,41.8282001126833,5.8048643292829));
#4262=CARTESIAN_POINT('',(27.9609356772555,41.845589961374,5.62207462986976));
#4263=CARTESIAN_POINT('',(28.1480915343403,42.3007794759475,5.8948410342175));
#4264=CARTESIAN_POINT('',(27.9477282174363,42.2564011803059,5.79489757795427));
#4265=CARTESIAN_POINT('',(27.9731432061175,42.1981694160839,5.58874367526495));
#4266=CARTESIAN_POINT('',(27.8739033893739,42.6945096943109,5.76104273207123));
#4267=CARTESIAN_POINT('',(27.6793486006967,42.5151668064675,5.67027363649488));
#4268=CARTESIAN_POINT('',(27.7872952098456,42.4836092668726,5.42363307569879));
#4269=CARTESIAN_POINT('',(27.6992063217641,42.8335686812747,5.68182402648979));
#4270=CARTESIAN_POINT('',(27.5376106960882,42.58349389505,5.60854634376266));
#4271=CARTESIAN_POINT('',(27.6677434230462,42.5889571093233,5.33095709614481));
#4272=CARTESIAN_POINT('',(27.8231021113703,42.8335686812746,5.408602809675));
#4273=CARTESIAN_POINT('',(24.5730470123028,36.677699778231,4.69199760021653));
#4274=CARTESIAN_POINT('',(24.6737581733787,36.767682204589,4.71111063357388));
#4275=CARTESIAN_POINT('',(24.7591285827777,36.8268352156781,4.62269288908331));
#4276=CARTESIAN_POINT('',(24.6583549481619,36.5766311515888,4.70818739890719));
#4277=CARTESIAN_POINT('',(24.7366217642995,36.6747990444003,4.72368778471288));
#4278=CARTESIAN_POINT('',(24.8116399489408,36.7414853571846,4.6488404275612));
#4279=CARTESIAN_POINT('',(24.8722368263768,36.4114508622732,4.75028783893571));
#4280=CARTESIAN_POINT('',(24.905894843364,36.520364099338,4.75813269766141));
#4281=CARTESIAN_POINT('',(24.9486367727137,36.6049147236267,4.69925335119233));
#4282=CARTESIAN_POINT('',(25.4114399650373,36.4259970706787,4.87366315846875));
#4283=CARTESIAN_POINT('',(25.3572788275559,36.5481787224253,4.86142893862762));
#4284=CARTESIAN_POINT('',(25.3223693549501,36.6338628725299,4.76762899451385));
#4285=CARTESIAN_POINT('',(25.6890368426086,36.7475819544187,4.95167031749124));
#4286=CARTESIAN_POINT('',(25.5701724084908,36.8627615557423,4.91903883318535));
#4287=CARTESIAN_POINT('',(25.5309411276291,36.9104642879587,4.76847683431108));
#4288=CARTESIAN_POINT('',(25.8050447791712,36.9857515772577,4.98494688181735));
#4289=CARTESIAN_POINT('',(25.6439197300907,37.0725365751189,4.93872859521432));
#4290=CARTESIAN_POINT('',(25.6211051866538,37.1100962248477,4.75515894458679));
#4291=CARTESIAN_POINT('',(24.628982816921,36.677699778231,4.39725841761315));
#4292=CARTESIAN_POINT('',(18.1821277212922,34.5319595754883,4.8596739662724));
#4293=CARTESIAN_POINT('',(18.2991371498835,34.5164093154281,4.9546668184348));
#4294=CARTESIAN_POINT('',(18.4433278174902,34.4902097646029,4.91620522927327));
#4295=CARTESIAN_POINT('',(18.0681436825801,33.8634370069053,4.88946465714869));
#4296=CARTESIAN_POINT('',(18.18820396481,33.8582648106406,4.98548439172804));
#4297=CARTESIAN_POINT('',(18.3376637920481,33.8537643700213,4.94439017635176));
#4298=CARTESIAN_POINT('',(18.105967261368,32.4983120012493,4.87855331967847));
#4299=CARTESIAN_POINT('',(18.224285708187,32.5263573537322,4.97442642906475));
#4300=CARTESIAN_POINT('',(18.3726155466484,32.555022200388,4.93406697402438));
#4301=CARTESIAN_POINT('',(18.9420124702458,30.6268638099429,4.66528176960028));
#4302=CARTESIAN_POINT('',(19.027798706776,30.6950830052435,4.75644561217244));
#4303=CARTESIAN_POINT('',(19.1481762728803,30.7711395959862,4.73229090992439));
#4304=CARTESIAN_POINT('',(20.5208363937555,29.3110977596182,4.39896370256462));
#4305=CARTESIAN_POINT('',(20.5579716939145,29.3986509768266,4.48339503385443));
#4306=CARTESIAN_POINT('',(20.6190784794564,29.5132188716507,4.48032757341794));
#4307=CARTESIAN_POINT('',(21.9199512414001,29.125056681495,4.35245873806757));
#4308=CARTESIAN_POINT('',(21.9236427640733,29.2136534847954,4.43533715166972));
#4309=CARTESIAN_POINT('',(21.9253299670204,29.3350959424321,4.43632926647351));
#4310=CARTESIAN_POINT('',(22.582598768874,29.2396033525058,4.37823672240538));
#4311=CARTESIAN_POINT('',(22.5644235746691,29.3254632539999,4.46153188836928));
#4312=CARTESIAN_POINT('',(22.5437795987915,29.4446836740323,4.46071779429567));
#4313=CARTESIAN_POINT('',(18.3660088570037,34.4902097646029,4.62634012556243));
#4314=CARTESIAN_POINT('',(12.8409847286919,35.2102189680421,7.92757590180531));
#4315=CARTESIAN_POINT('',(12.8473998408752,34.937851950239,7.92188381728187));
#4316=CARTESIAN_POINT('',(12.6679885347017,34.9117479137179,7.71844461660525));
#4317=CARTESIAN_POINT('',(12.6738908803278,35.2030319828747,8.07583711393256));
#4318=CARTESIAN_POINT('',(12.7266897606683,34.9589711981735,8.02881153660766));
#4319=CARTESIAN_POINT('',(12.5629723767547,34.9093707430862,7.85157193756581));
#4320=CARTESIAN_POINT('',(12.3535827666359,35.051477555198,8.37663100153176));
#4321=CARTESIAN_POINT('',(12.4623343587973,34.9008070942061,8.2718539503682));
#4322=CARTESIAN_POINT('',(12.3622195409098,34.8131127870148,8.1200594072474));
#4323=CARTESIAN_POINT('',(12.1821030322568,34.6353875736529,8.55210120071075));
#4324=CARTESIAN_POINT('',(12.2988042510362,34.5704049479753,8.43396583992619));
#4325=CARTESIAN_POINT('',(12.2538625272961,34.5380343261476,8.27038383824337));
#4326=CARTESIAN_POINT('',(12.1691248706344,34.406836416239,8.56527521330553));
#4327=CARTESIAN_POINT('',(12.2895219893516,34.3926534203702,8.443061204534));
#4328=CARTESIAN_POINT('',(12.2444011229161,34.3854966382767,8.27709200441123));
#4329=CARTESIAN_POINT('',(12.641875701063,35.2102189680423,7.70317537792733));
#4330=CARTESIAN_POINT('',(12.8302785248187,35.102708149375,7.91040906213524));
#4331=CARTESIAN_POINT('',(12.6083457559655,35.1520850221095,8.13877699961047));
#4332=CARTESIAN_POINT('',(12.686078184819,35.1352524165592,8.06657642650906));
#4333=CARTESIAN_POINT('',(12.7560073715277,35.1188657324217,7.98631375902174));
#4334=CARTESIAN_POINT('',(12.8302785248189,35.1027081493757,7.91040906213536));
#4335=CARTESIAN_POINT('',(27.6992063217639,42.8335686812746,5.68182402648974));
#4336=CARTESIAN_POINT('',(27.537610696088,42.58349389505,5.60854634376261));
#4337=CARTESIAN_POINT('',(27.667743423046,42.5889571093233,5.3309570961448));
#4338=CARTESIAN_POINT('',(27.0459621694149,43.3535514091069,5.38560178941521));
#4339=CARTESIAN_POINT('',(26.8684611482038,43.0913832782128,5.31553719120675));
#4340=CARTESIAN_POINT('',(27.0192655653738,43.0968932788074,5.02829524367902));
#4341=CARTESIAN_POINT('',(25.6126121622369,44.22633986899,4.85743891349337));
#4342=CARTESIAN_POINT('',(25.4127930109252,43.9170074165069,4.80878583968939));
#4343=CARTESIAN_POINT('',(25.5950187115625,43.950193296188,4.48865056836349));
#4344=CARTESIAN_POINT('',(23.0949876411016,44.9272763414796,4.40927438180847));
#4345=CARTESIAN_POINT('',(23.018678679315,44.5310296209771,4.41227795233808));
#4346=CARTESIAN_POINT('',(23.0899940794601,44.636141537035,4.03074332856183));
#4347=CARTESIAN_POINT('',(20.4356984766795,44.8563053666773,4.45537296017751));
#4348=CARTESIAN_POINT('',(20.5420603972661,44.4702474029941,4.45204617539316));
#4349=CARTESIAN_POINT('',(20.4428823005934,44.5666682435635,4.0778440501769));
#4350=CARTESIAN_POINT('',(17.9587861560618,44.0266489401129,4.98231602008217));
#4351=CARTESIAN_POINT('',(18.1708370935522,43.7382567542317,4.92206003421778));
#4352=CARTESIAN_POINT('',(17.9788071772195,43.7548490128768,4.61624239394496));
#4353=CARTESIAN_POINT('',(15.8733622594223,42.6098433843406,5.82639107704474));
#4354=CARTESIAN_POINT('',(16.0961516413916,42.4212940261529,5.71816309923425));
#4355=CARTESIAN_POINT('',(15.9073623395503,42.3700402761951,5.47866690861821));
#4356=CARTESIAN_POINT('',(13.6808008471478,40.1467056068776,7.12794532778118));
#4357=CARTESIAN_POINT('',(13.9215108654597,40.1277187237366,6.9541576094811));
#4358=CARTESIAN_POINT('',(13.7343396072517,39.9661789385941,6.80851581730414));
#4359=CARTESIAN_POINT('',(12.6921173548271,37.785099736521,8.05153757060044));
#4360=CARTESIAN_POINT('',(12.829985725204,37.7363986682875,7.92529037734255));
#4361=CARTESIAN_POINT('',(12.7595198604654,37.6677804150779,7.75218615084744));
#4362=CARTESIAN_POINT('',(12.3676398214632,36.0474733813425,8.36781211501781));
#4363=CARTESIAN_POINT('',(12.4922952762329,36.0010933002121,8.24630802578953));
#4364=CARTESIAN_POINT('',(12.439884320661,35.979297088741,8.07533623007382));
#4365=CARTESIAN_POINT('',(12.1582406871503,36.0474733813436,8.15298194360556));
#4366=CARTESIAN_POINT('',(24.7591285827778,36.8268352156781,4.62269288908329));
#4367=CARTESIAN_POINT('',(24.6737581733788,36.767682204589,4.71111063357389));
#4368=CARTESIAN_POINT('',(24.5730470123028,36.677699778231,4.69199760021653));
#4369=CARTESIAN_POINT('',(24.3271260078108,37.3257387745527,4.54204464391055));
#4370=CARTESIAN_POINT('',(24.2575296567946,37.2533794113652,4.62904407631696));
#4371=CARTESIAN_POINT('',(24.1709974305976,37.1540279880595,4.61569635431344));
#4372=CARTESIAN_POINT('',(23.2356940406704,38.1126202647745,4.37591103053499));
#4373=CARTESIAN_POINT('',(23.204733987638,38.024430185497,4.45956962369381));
#4374=CARTESIAN_POINT('',(23.1537019303803,37.9065056248202,4.45851745796717));
#4375=CARTESIAN_POINT('',(21.1694072245155,38.2403017819729,4.34435343232381));
#4376=CARTESIAN_POINT('',(21.1898329644504,38.1507163669113,4.42720199743783));
#4377=CARTESIAN_POINT('',(21.2244327703162,38.0287547652274,4.42866083824167));
#4378=CARTESIAN_POINT('',(19.3980981343274,37.2274351783654,4.57043751677936));
#4379=CARTESIAN_POINT('',(19.4685732837,37.1507698029978,4.65924571361754));
#4380=CARTESIAN_POINT('',(19.5725206936885,37.0597641186998,4.64255882779355));
#4381=CARTESIAN_POINT('',(18.675301114295,36.0909480956114,4.73749505132817));
#4382=CARTESIAN_POINT('',(18.7766522580682,36.0436602387242,4.8290976496844));
#4383=CARTESIAN_POINT('',(18.9009244364994,35.9752849895231,4.80061184813073));
#4384=CARTESIAN_POINT('',(18.4407210666394,35.4789071868248,4.7944767300054));
#4385=CARTESIAN_POINT('',(18.5501126112358,35.445963676054,4.88747498833605));
#4386=CARTESIAN_POINT('',(18.6831982701518,35.3920862210592,4.85452217028025));
#4387=CARTESIAN_POINT('',(18.5151434887659,35.6617891523221,4.77659554196225));
#4388=CARTESIAN_POINT('',(18.572863177698,35.6039762370278,4.84221287260648));
#4389=CARTESIAN_POINT('',(18.6410248439692,35.5172037753597,4.86490199526304));
#4390=CARTESIAN_POINT('',(18.6989803516773,35.4337540817539,4.850624295027));
#4391=CARTESIAN_POINT('',(18.4433278174902,34.4902097646029,4.91620522927327));
#4392=CARTESIAN_POINT('',(18.2991371498837,34.5164093154291,4.95466681843475));
#4393=CARTESIAN_POINT('',(18.1821277212925,34.5319595754899,4.85967396627235));
#4394=CARTESIAN_POINT('',(18.4866539229071,34.7511755453193,4.90464837268764));
#4395=CARTESIAN_POINT('',(18.3473958895785,34.7197300882313,4.94130253379386));
#4396=CARTESIAN_POINT('',(18.2308805026041,34.7094911160913,4.8663288455875));
#4397=CARTESIAN_POINT('',(18.2623153203392,35.2886982152104,4.96115023499335));
#4398=CARTESIAN_POINT('',(18.1324332134747,35.1707068709753,4.99887055318162));
#4399=CARTESIAN_POINT('',(18.0554164407011,35.0639715982429,4.88828642068718));
#4400=CARTESIAN_POINT('',(17.7509813022694,35.4398856483714,5.11787743708112));
#4401=CARTESIAN_POINT('',(17.695934357428,35.2188551297084,5.1369649771562));
#4402=CARTESIAN_POINT('',(17.6340820114491,35.150148124773,4.93786291321117));
#4403=CARTESIAN_POINT('',(17.5066037268705,35.4325240731728,5.20203502707943));
#4404=CARTESIAN_POINT('',(17.5131624022229,35.1836851135786,5.19977638157836));
#4405=CARTESIAN_POINT('',(17.4347074268089,35.137786141186,4.96802857321786));
#4406=CARTESIAN_POINT('',(17.4089211997552,35.4325240731893,4.91838361443291));
#4407=CARTESIAN_POINT('',(17.506812196559,35.3941561672631,5.19935559976169));
#4408=CARTESIAN_POINT('',(17.506812196559,35.3941561672631,5.19935559976169));
#4409=CARTESIAN_POINT('',(17.625542044874,35.399981175649,5.1587853990879));
#4410=CARTESIAN_POINT('',(17.7459536880534,35.3950008671163,5.1214596552751));
#4411=CARTESIAN_POINT('',(17.8646608758194,35.3796175207647,5.08417414934152));
#4412=CARTESIAN_POINT('',(17.5068425417182,35.3962489633731,5.19962288479889));
#4413=CARTESIAN_POINT('',(17.5039356796292,35.1782871494862,5.17252160236451));
#4414=CARTESIAN_POINT('',(17.4347074279548,35.1377861412046,4.96802857273284));
#4415=CARTESIAN_POINT('',(16.6404830867063,35.3693164794499,5.49779639769912));
#4416=CARTESIAN_POINT('',(16.6257102694715,35.1432599599966,5.4726755727392));
#4417=CARTESIAN_POINT('',(16.5516441598149,35.1097229440856,5.26009411831747));
#4418=CARTESIAN_POINT('',(15.0031274075561,35.2850823291952,6.25009918830915));
#4419=CARTESIAN_POINT('',(14.9901706116017,35.0381271000633,6.21898217746487));
#4420=CARTESIAN_POINT('',(14.8781164738635,35.0250119107419,5.99603870474499));
#4421=CARTESIAN_POINT('',(13.5244412341842,35.2013114887494,7.31796651665534));
#4422=CARTESIAN_POINT('',(13.5131568707238,34.963652449172,7.28766094265213));
#4423=CARTESIAN_POINT('',(13.3665978143822,34.9411568195341,7.09857345083055));
#4424=CARTESIAN_POINT('',(12.8402570507815,35.1719373724252,7.92493957594153));
#4425=CARTESIAN_POINT('',(12.825565421648,34.934675079789,7.89712519481029));
#4426=CARTESIAN_POINT('',(12.6679885347071,34.9117479137181,7.71844461660078));
#4427=CARTESIAN_POINT('',(12.8302785248193,35.1027081493773,7.91040906213583));
#4428=CARTESIAN_POINT('',(12.9205988679941,35.0830590880546,7.81810218432976));
#4429=CARTESIAN_POINT('',(13.0142287878491,35.0766361447503,7.72854397941989));
#4430=CARTESIAN_POINT('',(13.1152159382438,35.0843217184977,7.64607182795694));
#4431=CARTESIAN_POINT('',(13.1152159382435,35.0843217184973,7.64607182795659));
#4432=CARTESIAN_POINT('',(13.115215938239,35.0843217185095,7.64607182795204));
#4433=CARTESIAN_POINT('',(14.4226820000202,35.1838257326424,6.57831678527354));
#4434=CARTESIAN_POINT('',(15.9085142901472,35.3157420282997,5.74549684171362));
#4435=CARTESIAN_POINT('',(17.506812196559,35.3941561672631,5.19935559976169));
#4436=CARTESIAN_POINT('',(12.9271403908358,35.2446344582593,7.44161353267811));
#4437=CARTESIAN_POINT('',(13.1263176375493,35.2566578496553,7.68125342850003));
#4438=CARTESIAN_POINT('',(13.1457639156596,34.9458513858538,7.66498685094144));
#4439=CARTESIAN_POINT('',(12.7843345837501,35.2283359152262,7.6103817920051));
#4440=CARTESIAN_POINT('',(12.9792869442878,35.2038998082194,7.80490530906445));
#4441=CARTESIAN_POINT('',(12.9198866849856,34.9213080673591,7.85393043544865));
#4442=CARTESIAN_POINT('',(12.5021866020721,35.3610298584373,7.97878285920122));
#4443=CARTESIAN_POINT('',(12.6085459774183,35.2531798796594,8.13178534268913));
#4444=CARTESIAN_POINT('',(12.4691895718241,35.1201328597075,8.26258058319758));
#4445=CARTESIAN_POINT('',(12.405939473436,35.784131670524,8.12357204859366));
#4446=CARTESIAN_POINT('',(12.4435401951842,35.7790977706694,8.2925041446125));
#4447=CARTESIAN_POINT('',(12.312967795252,35.7546964275116,8.42110199922972));
#4448=CARTESIAN_POINT('',(12.4398843206609,35.9792970887404,8.07533623007394));
#4449=CARTESIAN_POINT('',(12.4922952762328,36.0010933002117,8.24630802578961));
#4450=CARTESIAN_POINT('',(12.3676398214632,36.0474733813426,8.36781211501782));
#4451=CARTESIAN_POINT('',(12.9532805225247,34.9458513858538,7.43487786944076));
#4452=CARTESIAN_POINT('',(13.1457639156596,34.9458513858538,7.66498685094144));
#4453=CARTESIAN_POINT('',(13.1263176375493,35.2566578496553,7.68125342850003));
#4454=CARTESIAN_POINT('',(12.9271403908358,35.2446344582592,7.44161353267805));
#4455=CARTESIAN_POINT('',(13.9601127710582,35.0343369320326,6.98379383596049));
#4456=CARTESIAN_POINT('',(13.936196306795,35.3428424781615,7.00126500121447));
#4457=CARTESIAN_POINT('',(13.7591924828216,35.3331200044843,6.74561197457159));
#4458=CARTESIAN_POINT('',(15.7070944591439,35.2362092110302,5.8331477495617));
#4459=CARTESIAN_POINT('',(15.7090677271345,35.5370725028819,5.83383020738757));
#4460=CARTESIAN_POINT('',(15.5441164109646,35.5353994430766,5.5754079137971));
#4461=CARTESIAN_POINT('',(17.7160660090785,35.3703107825215,5.08988408516146));
#4462=CARTESIAN_POINT('',(17.7104604682724,35.7002106704132,5.09284533340046));
#4463=CARTESIAN_POINT('',(17.5968453065428,35.6685403088184,4.78256233505116));
#4464=CARTESIAN_POINT('',(18.7354492980179,35.4361073401978,4.84169254843058));
#4465=CARTESIAN_POINT('',(18.7153704299794,35.772792388236,4.84658119548645));
#4466=CARTESIAN_POINT('',(18.6384625421975,35.733497439136,4.52050610420168));
#4467=CARTESIAN_POINT('',(32.1068171949587,40.4818233189891,8.8536046174357));
#4468=CARTESIAN_POINT('',(32.0936115624336,40.7595055109517,8.8394005627484));
#4469=CARTESIAN_POINT('',(32.2959183673387,40.7802573828322,8.64933515259808));
#4470=CARTESIAN_POINT('',(32.5081734291809,40.5238879004958,9.28530570325144));
#4471=CARTESIAN_POINT('',(32.5632138732614,40.8616073348428,9.34318392867406));
#4472=CARTESIAN_POINT('',(32.7783670336046,40.8297451542193,9.09042104550466));
#4473=CARTESIAN_POINT('',(32.8797946104984,40.4220727834952,9.74327744719794));
#4474=CARTESIAN_POINT('',(32.9763037682372,40.7874226539137,9.86696397968393));
#4475=CARTESIAN_POINT('',(33.2250728146222,40.7099626432862,9.55834869373212));
#4476=CARTESIAN_POINT('',(33.1968798767981,40.206978756522,10.1834095788882));
#4477=CARTESIAN_POINT('',(33.299735754004,40.6603928201315,10.3261793045831));
#4478=CARTESIAN_POINT('',(33.6062238928224,40.4569108387532,10.0080489175596));
#4479=CARTESIAN_POINT('',(32.3265306122434,40.4818233189891,8.64933515259795));
#4480=CARTESIAN_POINT('',(28.6716670780857,43.9916506122387,6.16989824554228));
#4481=CARTESIAN_POINT('',(29.1122280127157,43.9326753665499,6.41321373603005));
#4482=CARTESIAN_POINT('',(29.1151373827603,43.9610383673396,5.90728733783603));
#4483=CARTESIAN_POINT('',(28.6168504220806,43.445634003304,6.13962379201187));
#4484=CARTESIAN_POINT('',(29.071020023731,43.4828088627001,6.38783482633585));
#4485=CARTESIAN_POINT('',(29.0643798318958,43.4662108163015,5.87635474544365));
#4486=CARTESIAN_POINT('',(28.7910704608129,42.3371415499236,6.22986368928398));
#4487=CARTESIAN_POINT('',(29.1910445095951,42.6074163725889,6.45928178540969));
#4488=CARTESIAN_POINT('',(29.2256990788183,42.4616395291147,5.96855637751088));
#4489=CARTESIAN_POINT('',(29.7546703496775,41.0852427473774,6.80727270143922));
#4490=CARTESIAN_POINT('',(29.9099287561088,41.5130344025891,6.92148988651487));
#4491=CARTESIAN_POINT('',(30.117945438124,41.3271062403524,6.55851776036252));
#4492=CARTESIAN_POINT('',(30.9666850417417,40.4924568247259,7.71970952000609));
#4493=CARTESIAN_POINT('',(30.9545837426027,40.8677304155772,7.71632916281189));
#4494=CARTESIAN_POINT('',(31.2402117613347,40.789893995735,7.49079016162926));
#4495=CARTESIAN_POINT('',(31.7434678777833,40.4437420680595,8.46278399131787));
#4496=CARTESIAN_POINT('',(31.7281995789205,40.7468785636647,8.44750958385226));
#4497=CARTESIAN_POINT('',(31.9594746716536,40.7457462527143,8.25001842605278));
#4498=CARTESIAN_POINT('',(32.1068171949587,40.4818233189891,8.85360461743569));
#4499=CARTESIAN_POINT('',(32.0936115624336,40.7595055109516,8.83940056274839));
#4500=CARTESIAN_POINT('',(32.2959183673387,40.7802573828322,8.64933515259807));
#4501=CARTESIAN_POINT('',(28.8167033189166,43.9916506122387,5.90728733783728));
#4502=CARTESIAN_POINT('',(27.0165221282545,45.86512,5.39408674048832));
#4503=CARTESIAN_POINT('',(27.0165221282545,46.16512,5.39408674048832));
#4504=CARTESIAN_POINT('',(27.1255769571325,46.16512,5.11461036528215));
#4505=CARTESIAN_POINT('',(27.4734939349177,45.8651199703906,5.57240228555353));
#4506=CARTESIAN_POINT('',(27.5727689028677,46.196645674562,5.61114050376676));
#4507=CARTESIAN_POINT('',(27.6748781044663,46.16512,5.29680233816061));
#4508=CARTESIAN_POINT('',(28.1305239344019,45.5776030755604,5.8775474996161));
#4509=CARTESIAN_POINT('',(28.3910912735133,45.8836941100174,6.00292358357325));
#4510=CARTESIAN_POINT('',(28.464658415356,45.8268647865345,5.60858114058073));
#4511=CARTESIAN_POINT('',(28.6355742290235,44.7469955360664,6.14926825487183));
#4512=CARTESIAN_POINT('',(29.0594952894857,44.9251828895566,6.38119418505582));
#4513=CARTESIAN_POINT('',(29.0717521116309,44.8496794563215,5.88620886868581));
#4514=CARTESIAN_POINT('',(28.6967321834079,44.241318640846,6.18374134400199));
#4515=CARTESIAN_POINT('',(29.1510098042663,44.2691375212231,6.43583585336415));
#4516=CARTESIAN_POINT('',(29.1452668041009,44.2547654586256,5.92143137443866));
#4517=CARTESIAN_POINT('',(28.6716670780857,43.9916506122387,6.16989824554228));
#4518=CARTESIAN_POINT('',(29.1122280127157,43.9326753665499,6.41321373603005));
#4519=CARTESIAN_POINT('',(29.1151373827603,43.9610383673396,5.90728733783603));
#4520=CARTESIAN_POINT('',(27.1255769571325,45.86512,5.11461036528215));
#4521=CARTESIAN_POINT('',(21.9999999998649,45.86512,18.2499999999723));
#4522=CARTESIAN_POINT('',(16.881048712135,45.86512,5.11202687951541));
#4523=CARTESIAN_POINT('',(15.3348176194961,43.9916506122387,6.16631911059011));
#4524=CARTESIAN_POINT('',(14.894392213567,43.9327284294779,6.40925134972635));
#4525=CARTESIAN_POINT('',(14.891488286514,43.9610383673396,5.90363039560479));
#4526=CARTESIAN_POINT('',(15.3098194715289,44.2406517371907,6.18010772491204));
#4527=CARTESIAN_POINT('',(14.8557310773575,44.2682048008378,6.43177506292829));
#4528=CARTESIAN_POINT('',(14.8614393457824,44.2539808655562,5.91771876362588));
#4529=CARTESIAN_POINT('',(15.3699835435126,44.7442021707374,6.14623078947149));
#4530=CARTESIAN_POINT('',(14.945730284309,44.9214623583975,6.37809357775674));
#4531=CARTESIAN_POINT('',(14.9337593533914,44.8463931435145,5.88310537133497));
#4532=CARTESIAN_POINT('',(15.875506849229,45.5783462112603,5.87452493179644));
#4533=CARTESIAN_POINT('',(15.6147067102445,45.8843346845377,5.99983786214506));
#4534=CARTESIAN_POINT('',(15.5414216272585,45.8277390681721,5.60549286526086));
#4535=CARTESIAN_POINT('',(16.5337292820389,45.86511998718,5.56932049618368));
#4536=CARTESIAN_POINT('',(16.4346699943738,46.1965492584863,5.60791699205102));
#4537=CARTESIAN_POINT('',(16.3326352980966,46.16512,5.29365355118872));
#4538=CARTESIAN_POINT('',(16.9899625693208,45.86512,5.39155822250386));
#4539=CARTESIAN_POINT('',(16.9899625693208,46.16512,5.39155822250385));
#4540=CARTESIAN_POINT('',(16.8810487121351,46.16512,5.11202687951541));
#4541=CARTESIAN_POINT('',(15.1899223503576,43.9916506122387,5.90363039560354));
#4542=CARTESIAN_POINT('',(11.8954325981304,40.4822701351951,8.85118530748027));
#4543=CARTESIAN_POINT('',(11.9088079992291,40.7596621005415,8.83680555361245));
#4544=CARTESIAN_POINT('',(11.7067859875195,40.7806623100188,8.6468632489477));
#4545=CARTESIAN_POINT('',(12.2592465978704,40.443629486694,8.46005268040499));
#4546=CARTESIAN_POINT('',(12.2747297080904,40.7464879579101,8.44457059187852));
#4547=CARTESIAN_POINT('',(12.0436599566558,40.7456442253086,8.24722773899817));
#4548=CARTESIAN_POINT('',(13.0316865870853,40.4895397878972,7.72096902792026));
#4549=CARTESIAN_POINT('',(13.0446012079692,40.8646186693362,7.71701407207675));
#4550=CARTESIAN_POINT('',(12.7589016032801,40.7872504313845,7.49207705006741));
#4551=CARTESIAN_POINT('',(14.2524936654062,41.0863036470897,6.80223644843986));
#4552=CARTESIAN_POINT('',(14.0974147976328,41.5136578612089,6.91612572515194));
#4553=CARTESIAN_POINT('',(13.8893092451416,41.3280676805672,6.55337202362257));
#4554=CARTESIAN_POINT('',(15.2110372484524,42.3275962434381,6.2288106635638));
#4555=CARTESIAN_POINT('',(14.8118922750948,42.5989298580171,6.4576828601022));
#4556=CARTESIAN_POINT('',(14.7768737163488,42.4529890954341,5.96748045993865));
#4557=CARTESIAN_POINT('',(15.3897690897032,43.4442912189446,6.13600867998934));
#4558=CARTESIAN_POINT('',(14.9357197321574,43.4816686563226,6.38383206394948));
#4559=CARTESIAN_POINT('',(14.9423706623027,43.4649939173242,5.87266104399841));
#4560=CARTESIAN_POINT('',(15.3348176194961,43.9916506122387,6.16631911059011));
#4561=CARTESIAN_POINT('',(14.894392213567,43.9327284294779,6.40925134972635));
#4562=CARTESIAN_POINT('',(14.891488286514,43.9610383673396,5.90363039560479));
#4563=CARTESIAN_POINT('',(11.675768089397,40.4822701351951,8.64686324894784));
#4564=CARTESIAN_POINT('',(11.7067859875195,40.7806623100188,8.64686324894771));
#4565=CARTESIAN_POINT('',(11.9088079992291,40.7596621005415,8.83680555361246));
#4566=CARTESIAN_POINT('',(11.8954325981304,40.4822701351951,8.85118530748028));
#4567=CARTESIAN_POINT('',(11.223323987458,40.8309182360427,9.08866345350685));
#4568=CARTESIAN_POINT('',(11.4382126950499,40.8625757586199,9.34139516809716));
#4569=CARTESIAN_POINT('',(11.4932333564116,40.524987648029,9.28358550685008));
#4570=CARTESIAN_POINT('',(10.7756342860829,40.7111205442351,9.55751315854061));
#4571=CARTESIAN_POINT('',(11.0242142317622,40.7883126812567,9.86622703192474));
#4572=CARTESIAN_POINT('',(11.1207936371455,40.4231596273406,9.74245968935055));
#4573=CARTESIAN_POINT('',(10.3937632087185,40.4575864624642,10.0080641354065));
#4574=CARTESIAN_POINT('',(10.7002516394365,40.6610720560605,10.3261972032752));
#4575=CARTESIAN_POINT('',(10.8031093927882,40.2076556647736,10.1834244729498));
#4576=CARTESIAN_POINT('',(11.8954325981304,26.8479698647692,8.85118530748028));
#4577=CARTESIAN_POINT('',(11.9088079992291,26.5705778994227,8.83680555361246));
#4578=CARTESIAN_POINT('',(11.7067859875195,26.5495776899454,8.64686324894771));
#4579=CARTESIAN_POINT('',(11.4932333564102,26.8052523519403,9.2835855068516));
#4580=CARTESIAN_POINT('',(11.438212695048,26.4676642413467,9.34139516809732));
#4581=CARTESIAN_POINT('',(11.2233239874564,26.4993217639213,9.08866345350761));
#4582=CARTESIAN_POINT('',(11.1207936371416,26.9070803726218,9.74245968935572));
#4583=CARTESIAN_POINT('',(11.0242142317565,26.5419273187065,9.86622703193225));
#4584=CARTESIAN_POINT('',(10.7756342860791,26.6191194557306,9.55751315854683));
#4585=CARTESIAN_POINT('',(10.8031093927855,27.1225843351925,10.1834244729536));
#4586=CARTESIAN_POINT('',(10.7002516394332,26.669167943905,10.3261972032798));
#4587=CARTESIAN_POINT('',(10.3937632087152,26.8726535375022,10.0080641354104));
#4588=CARTESIAN_POINT('',(11.675768089397,26.8479698647691,8.64686324894784));
#4589=CARTESIAN_POINT('',(15.3348176194985,23.3385893877489,6.16631911058882));
#4590=CARTESIAN_POINT('',(14.8943922135688,23.3975115705055,6.40925134972527));
#4591=CARTESIAN_POINT('',(14.8914882865162,23.3692016326458,5.90363039560347));
#4592=CARTESIAN_POINT('',(15.3896718581888,23.884980349837,6.1360623114765));
#4593=CARTESIAN_POINT('',(14.9356462885021,23.8477698174246,6.38387723689804));
#4594=CARTESIAN_POINT('',(14.9422806371402,23.8643684412224,5.87271584140338));
#4595=CARTESIAN_POINT('',(15.2151372978021,24.9942378150517,6.22634093136685));
#4596=CARTESIAN_POINT('',(14.8153277190515,24.7239820298719,6.45539877776092));
#4597=CARTESIAN_POINT('',(14.7806701585047,24.8696330203927,5.96495703791104));
#4598=CARTESIAN_POINT('',(14.2501570106615,26.2465785954036,6.80394422437597));
#4599=CARTESIAN_POINT('',(14.0951841445383,25.8188635192037,6.91788196691734));
#4600=CARTESIAN_POINT('',(13.8871456179314,26.0045668515433,6.55511692509967));
#4601=CARTESIAN_POINT('',(13.0366544770382,26.8387713827974,7.7167982817297));
#4602=CARTESIAN_POINT('',(13.0490716832615,26.4637379669551,7.71315948701309));
#4603=CARTESIAN_POINT('',(12.7635016262161,26.5412415673129,7.48781563557304));
#4604=CARTESIAN_POINT('',(12.2590989924206,26.8865948366546,8.46021136948076));
#4605=CARTESIAN_POINT('',(12.2745749352473,26.5837464704027,8.44473649395942));
#4606=CARTESIAN_POINT('',(12.0435232810889,26.5845815672159,8.24738987763787));
#4607=CARTESIAN_POINT('',(11.8954325981304,26.8479698647692,8.85118530748027));
#4608=CARTESIAN_POINT('',(11.9088079992291,26.5705778994227,8.83680555361245));
#4609=CARTESIAN_POINT('',(11.7067859875195,26.5495776899454,8.6468632489477));
#4610=CARTESIAN_POINT('',(15.18992235036,23.3385893877489,5.90363039560222));
#4611=CARTESIAN_POINT('',(16.9899625693244,21.46512,5.39155822250246));
#4612=CARTESIAN_POINT('',(16.9899625693244,21.16512,5.39155822250246));
#4613=CARTESIAN_POINT('',(16.8810487121387,21.16512,5.11202687951398));
#4614=CARTESIAN_POINT('',(16.5329556269074,21.4651200296154,5.56962193559853));
#4615=CARTESIAN_POINT('',(16.4336789531323,21.1336346683784,5.60830313506249));
#4616=CARTESIAN_POINT('',(16.3317053300048,21.16512,5.29396154581454));
#4617=CARTESIAN_POINT('',(15.8758618384384,21.7527092078555,5.87439119345275));
#4618=CARTESIAN_POINT('',(15.6152892905978,21.4467116291749,5.99960514422797));
#4619=CARTESIAN_POINT('',(15.5418483418171,21.5034602527811,5.60535621906786));
#4620=CARTESIAN_POINT('',(15.3708871723869,22.5833401403341,6.14572846399463));
#4621=CARTESIAN_POINT('',(14.9470716903615,22.4053216882132,6.37730373299053));
#4622=CARTESIAN_POINT('',(14.934845554587,22.4806731041472,5.88259212583566));
#4623=CARTESIAN_POINT('',(15.3097556601295,23.088952694987,6.1801429223505));
#4624=CARTESIAN_POINT('',(14.8556315190029,23.0611713550524,6.43183306494034));
#4625=CARTESIAN_POINT('',(14.8613626467233,23.0755114070648,5.91775472623154));
#4626=CARTESIAN_POINT('',(15.3348176194984,23.3385893877489,6.16631911058882));
#4627=CARTESIAN_POINT('',(14.8943922135687,23.3975115705055,6.40925134972528));
#4628=CARTESIAN_POINT('',(14.8914882865161,23.3692016326458,5.90363039560347));
#4629=CARTESIAN_POINT('',(16.8810487121387,21.46512,5.11202687951398));
#4630=CARTESIAN_POINT('',(21.9999999998649,21.46512,18.2499999999723));
#4631=CARTESIAN_POINT('',(27.1255769571288,21.46512,5.11461036528072));
#4632=CARTESIAN_POINT('',(28.6716670780834,23.3385893877489,6.169898245541));
#4633=CARTESIAN_POINT('',(29.112228012714,23.3975646334334,6.41321373602898));
#4634=CARTESIAN_POINT('',(29.1151373827581,23.3692016326458,5.90728733783472));
#4635=CARTESIAN_POINT('',(28.6966681318456,23.0895593186124,6.18370596924209));
#4636=CARTESIAN_POINT('',(29.1509098278041,23.0619697927415,6.43577753530182));
#4637=CARTESIAN_POINT('',(29.1451898164114,23.076225082453,5.92139523066235));
#4638=CARTESIAN_POINT('',(28.6364796268991,22.5859454516216,6.1497721839871));
#4639=CARTESIAN_POINT('',(29.0608398085135,22.4085176972936,6.3819868129461));
#4640=CARTESIAN_POINT('',(29.0728404392239,22.4837381769043,5.88672375268314));
#4641=CARTESIAN_POINT('',(28.1308775414687,21.751818628952,5.87768064049079));
#4642=CARTESIAN_POINT('',(28.3916725822327,21.445736920744,6.0031558061516));
#4643=CARTESIAN_POINT('',(28.4650834685307,21.5024125085546,5.60871717631553));
#4644=CARTESIAN_POINT('',(27.4727181717416,21.4651200128379,5.57209957402597));
#4645=CARTESIAN_POINT('',(27.5717750875112,21.1336506314139,5.61075270244345));
#4646=CARTESIAN_POINT('',(27.673945602415,21.16512,5.29649304377742));
#4647=CARTESIAN_POINT('',(27.0165221282509,21.46512,5.39408674048693));
#4648=CARTESIAN_POINT('',(27.0165221282509,21.16512,5.39408674048692));
#4649=CARTESIAN_POINT('',(27.1255769571288,21.16512,5.11461036528072));
#4650=CARTESIAN_POINT('',(28.8167033189142,23.3385893877489,5.90728733783597));
#4651=CARTESIAN_POINT('',(32.1068171949587,26.848416680975,8.8536046174357));
#4652=CARTESIAN_POINT('',(32.0936115624336,26.5707344890125,8.8394005627484));
#4653=CARTESIAN_POINT('',(32.2959183673387,26.549982617132,8.64933515259808));
#4654=CARTESIAN_POINT('',(31.7433196473528,26.8865134667868,8.46262455380988));
#4655=CARTESIAN_POINT('',(31.7280441671124,26.5833668060069,8.44734291077262));
#4656=CARTESIAN_POINT('',(31.959337417392,26.5845078262762,8.24985552270874));
#4657=CARTESIAN_POINT('',(30.9716540648313,26.8397165390384,7.723884026046));
#4658=CARTESIAN_POINT('',(30.959054483605,26.464397786596,7.72018669645434));
#4659=CARTESIAN_POINT('',(31.2448128334959,26.542098114899,7.49505541770993));
#4660=CARTESIAN_POINT('',(29.7523288314993,26.2423554957612,6.8055596097493));
#4661=CARTESIAN_POINT('',(29.9076936163337,25.8149225577468,6.91972865770906));
#4662=CARTESIAN_POINT('',(30.1157773076164,26.0007396676385,6.55676742757068));
#4663=CARTESIAN_POINT('',(28.7951540036377,25.0014682729351,6.23232690755611));
#4664=CARTESIAN_POINT('',(29.194466536919,24.7301210084367,6.46156013466705));
#4665=CARTESIAN_POINT('',(29.2294802367273,24.8761856225221,5.97107314400977));
#4666=CARTESIAN_POINT('',(28.6167529674668,23.885576649889,6.1395699692253));
#4667=CARTESIAN_POINT('',(29.0709464427228,23.8482343611159,6.38778950972886));
#4668=CARTESIAN_POINT('',(29.0642896001797,23.864908838811,5.87629975257396));
#4669=CARTESIAN_POINT('',(28.6716670780834,23.3385893877489,6.169898245541));
#4670=CARTESIAN_POINT('',(29.112228012714,23.3975646334335,6.41321373602898));
#4671=CARTESIAN_POINT('',(29.1151373827581,23.3692016326458,5.90728733783472));
#4672=CARTESIAN_POINT('',(32.3265306122434,26.848416680975,8.64933515259795));
#4673=CARTESIAN_POINT('',(32.2959183673387,26.549982617132,8.64933515259808));
#4674=CARTESIAN_POINT('',(32.0936115624336,26.5707344890125,8.8394005627484));
#4675=CARTESIAN_POINT('',(32.1068171949587,26.848416680975,8.8536046174357));
#4676=CARTESIAN_POINT('',(32.7783670335929,26.5004948457461,9.09042104550414));
#4677=CARTESIAN_POINT('',(32.5632138732569,26.4686326651764,9.34318392867507));
#4678=CARTESIAN_POINT('',(32.508173429178,26.8063520995186,9.28530570324831));
#4679=CARTESIAN_POINT('',(33.2250728146207,26.620277356677,9.5583486937311));
#4680=CARTESIAN_POINT('',(32.9763037682512,26.5428173460543,9.86696397968342));
#4681=CARTESIAN_POINT('',(32.8797946104976,26.9081672164659,9.74327744719688));
#4682=CARTESIAN_POINT('',(33.6062238928224,26.873329161211,10.0080489175596));
#4683=CARTESIAN_POINT('',(33.299735754004,26.6698471798327,10.3261793045831));
#4684=CARTESIAN_POINT('',(33.1968798767981,27.1232612434422,10.1834095788882));
#4685=MECHANICAL_DESIGN_GEOMETRIC_PRESENTATION_REPRESENTATION('',(#1844),
#4686);
#4686=(
GEOMETRIC_REPRESENTATION_CONTEXT(3)
GLOBAL_UNCERTAINTY_ASSIGNED_CONTEXT((#4687))
GLOBAL_UNIT_ASSIGNED_CONTEXT((#4690,#4689,#4688))
REPRESENTATION_CONTEXT('Duct-HEF-Rapido','TOP_LEVEL_ASSEMBLY_PART')
);
#4687=UNCERTAINTY_MEASURE_WITH_UNIT(LENGTH_MEASURE(1.E-5),#4690,
'DISTANCE_ACCURACY_VALUE','Maximum Tolerance applied to model');
#4688=(
NAMED_UNIT(*)
SI_UNIT($,.STERADIAN.)
SOLID_ANGLE_UNIT()
);
#4689=(
NAMED_UNIT(*)
PLANE_ANGLE_UNIT()
SI_UNIT($,.RADIAN.)
);
#4690=(
LENGTH_UNIT()
NAMED_UNIT(*)
SI_UNIT(.MILLI.,.METRE.)
);
#4691=PRODUCT_DEFINITION_SHAPE('','',#4692);
#4692=PRODUCT_DEFINITION('','',#4694,#4693);
#4693=PRODUCT_DEFINITION_CONTEXT('',#4700,'design');
#4694=PRODUCT_DEFINITION_FORMATION_WITH_SPECIFIED_SOURCE('','',#4696,
 .NOT_KNOWN.);
#4695=PRODUCT_RELATED_PRODUCT_CATEGORY('','',(#4696));
#4696=PRODUCT('Duct-HEF-Rapido','Duct-HEF-Rapido','Duct-HEF-Rapido',(#4698));
#4697=PRODUCT_CATEGORY('','');
#4698=PRODUCT_CONTEXT('',#4700,'mechanical');
#4699=APPLICATION_PROTOCOL_DEFINITION('international standard',
'ap242_managed_model_based_3d_engineering',2020,#4700);
#4700=APPLICATION_CONTEXT('managed model based 3d engineering');
ENDSEC;
END-ISO-10303-21;
