ISO-10303-21;
HEADER;
/* Generated by software containing ST-Developer
 * from STEP Tools, Inc. (www.steptools.com) 
 */
/* OPTION: using custom renumber hook */

FILE_DESCRIPTION(
/* description */ ('STEP AP242 Edition 2',
'CAx-IF Rec.Pracs.---Representation and Presentation of Product Manufa
cturing Information (PMI)---4.0---2014-10-13',
'CAx-IF Rec.Pracs.---3D Tessellated Geometry---0.4---2014-09-14','2;1',
'CAx-IF Rec.Pracs.---User Defined Attributes---1.5---2016-08-15'),
/* implementation_level */ '2;1');

FILE_NAME(
/* name */ 'HEF Duct Parts - Duct-HEF-Rapido-UHF',
/* time_stamp */ '2026-09-27T02:50:08Z',
/* author */ (''),
/* organization */ (''),
/* preprocessor_version */ 'ST-DEVELOPER v20',
/* originating_system */ 'ONSHAPE BY PTC INC, 1.221',
/* authorisation */ '  ');

FILE_SCHEMA (('AP242_MANAGED_MODEL_BASED_3D_ENGINEERING_MIM_LF { 1 0 10303 442 3 1 4 }'));
ENDSEC;

DATA;
#10=SHAPE_REPRESENTATION_RELATIONSHIP('','',#2119,#11);
#11=ADVANCED_BREP_SHAPE_REPRESENTATION('',(#2117),#5330);
#12=SPHERICAL_SURFACE('',#2256,0.2);
#13=SPHERICAL_SURFACE('',#2263,0.2);
#14=SPHERICAL_SURFACE('',#2267,0.2);
#15=SPHERICAL_SURFACE('',#2271,0.2);
#16=DEGENERATE_TOROIDAL_SURFACE('',#2215,1.74179268297095,9.,.F.);
#17=DEGENERATE_TOROIDAL_SURFACE('',#2216,1.74179268297095,9.,.F.);
#18=DEGENERATE_TOROIDAL_SURFACE('',#2217,1.74179268297095,9.,.F.);
#19=TOROIDAL_SURFACE('',#2139,2.3,0.3);
#20=TOROIDAL_SURFACE('',#2142,2.3,0.3);
#21=TOROIDAL_SURFACE('',#2220,2.3,0.3);
#22=TOROIDAL_SURFACE('',#2222,2.3,0.3);
#23=TOROIDAL_SURFACE('',#2224,2.6,0.3);
#24=TOROIDAL_SURFACE('',#2225,2.3,0.3);
#25=TOROIDAL_SURFACE('',#2227,2.3,0.3);
#26=TOROIDAL_SURFACE('',#2229,2.6,0.3);
#27=TOROIDAL_SURFACE('',#2230,2.3,0.3);
#28=TOROIDAL_SURFACE('',#2232,2.6,0.3);
#29=TOROIDAL_SURFACE('',#2233,2.3,0.3);
#30=TOROIDAL_SURFACE('',#2235,2.6,0.3);
#31=TOROIDAL_SURFACE('',#2236,2.6,0.85);
#32=TOROIDAL_SURFACE('',#2237,2.6,0.85);
#33=TOROIDAL_SURFACE('',#2238,2.6,0.85);
#34=TOROIDAL_SURFACE('',#2239,2.6,0.85);
#35=TOROIDAL_SURFACE('',#2286,14.,0.2);
#36=(
BOUNDED_SURFACE()
B_SPLINE_SURFACE(3,2,((#2944,#2945,#2946),(#2947,#2948,#2949),(#2950,#2951,
#2952),(#2953,#2954,#2955),(#2956,#2957,#2958),(#2959,#2960,#2961),(#2962,
#2963,#2964),(#2965,#2966,#2967),(#2968,#2969,#2970)),.UNSPECIFIED.,.F.,
 .F.,.F.)
B_SPLINE_SURFACE_WITH_KNOTS((4,1,1,1,1,1,4),(3,3),(0.000575503683746918,
0.00228933939709147,0.00400317511043603,0.00571701082378058,0.00657392868045286,
0.007002387608789,0.00743084653712514),(0.228866872052954,1.),
 .UNSPECIFIED.)
GEOMETRIC_REPRESENTATION_ITEM()
RATIONAL_B_SPLINE_SURFACE(((0.860983697837278,0.696294398320442,1.),(0.864245456076169,
0.703420283796205,1.),(0.872643503245286,0.721767297266929,1.),(0.892372820030002,
0.764869465369597,1.),(0.910696457858304,0.804900680162585,1.),(0.919963171026222,
0.825145447534978,1.),(0.923910929269735,0.833770020869031,1.),(0.9256640401577,
0.837600000438027,1.),(0.926158290023366,0.838679776338385,1.)))
REPRESENTATION_ITEM('')
SURFACE()
);
#37=(
BOUNDED_SURFACE()
B_SPLINE_SURFACE(3,2,((#3011,#3012,#3013),(#3014,#3015,#3016),(#3017,#3018,
#3019),(#3020,#3021,#3022),(#3023,#3024,#3025),(#3026,#3027,#3028),(#3029,
#3030,#3031),(#3032,#3033,#3034),(#3035,#3036,#3037)),.UNSPECIFIED.,.F.,
 .F.,.F.)
B_SPLINE_SURFACE_WITH_KNOTS((4,1,1,1,1,1,4),(3,3),(0.0119169427614408,0.0137246120299915,
0.0155322812985422,0.0173399505670929,0.0177918678842305,0.0182437852013682,
0.0191476198356435),(0.,1.),.UNSPECIFIED.)
GEOMETRIC_REPRESENTATION_ITEM()
RATIONAL_B_SPLINE_SURFACE(((1.,0.730375673866307,1.),(1.,0.71788594490387,
1.),(1.,0.684687105970047,1.),(1.,0.628660881296908,1.),(1.,0.598579714800304,
1.),(1.,0.585031493062691,1.),(1.,0.575600446681477,1.),(1.,0.568635958591205,
1.),(1.,0.563977160111225,1.)))
REPRESENTATION_ITEM('')
SURFACE()
);
#38=(
BOUNDED_SURFACE()
B_SPLINE_SURFACE(3,2,((#3347,#3348,#3349),(#3350,#3351,#3352),(#3353,#3354,
#3355),(#3356,#3357,#3358),(#3359,#3360,#3361),(#3362,#3363,#3364),(#3365,
#3366,#3367),(#3368,#3369,#3370),(#3371,#3372,#3373),(#3374,#3375,#3376)),
 .UNSPECIFIED.,.F.,.F.,.F.)
B_SPLINE_SURFACE_WITH_KNOTS((4,1,1,1,1,1,1,4),(3,3),(0.00486360479888341,
0.00537948317962875,0.00589536156037408,0.00692711832186475,0.00899063184484608,
0.0110541453678274,0.0120859021293181,0.0131176588908088),(0.,1.),
 .UNSPECIFIED.)
GEOMETRIC_REPRESENTATION_ITEM()
RATIONAL_B_SPLINE_SURFACE(((1.,0.79088018762588,1.),(1.,0.789201905421899,
1.),(1.,0.783186781894251,1.),(1.,0.769245408349704,1.),(1.,0.734454684949584,
1.),(1.,0.670376238919439,1.),(1.,0.623383517230381,1.),(1.,0.60052369600641,
1.),(1.,0.59144469646184,1.),(1.,0.59060455863687,1.)))
REPRESENTATION_ITEM('')
SURFACE()
);
#39=(
BOUNDED_SURFACE()
B_SPLINE_SURFACE(3,2,((#3899,#3900,#3901),(#3902,#3903,#3904),(#3905,#3906,
#3907),(#3908,#3909,#3910),(#3911,#3912,#3913),(#3914,#3915,#3916),(#3917,
#3918,#3919),(#3920,#3921,#3922),(#3923,#3924,#3925)),.UNSPECIFIED.,.F.,
 .F.,.F.)
B_SPLINE_SURFACE_WITH_KNOTS((4,1,1,1,1,1,4),(3,3),(0.0110130504944028,0.0130480405816211,
0.0150830306688395,0.0171180207560578,0.0176267682778624,0.018135515799667,
0.0191530108432762),(0.,1.),.UNSPECIFIED.)
GEOMETRIC_REPRESENTATION_ITEM()
RATIONAL_B_SPLINE_SURFACE(((1.,0.746481199298627,1.),(1.,0.736370553894155,
1.),(1.,0.706511884885508,1.),(1.,0.641047493565672,1.),(1.,0.603805666161857,
1.),(1.,0.587357789450357,1.),(1.,0.57712595426662,1.),(1.,0.569138389730107,
1.),(1.,0.563893797099774,1.)))
REPRESENTATION_ITEM('')
SURFACE()
);
#40=(
BOUNDED_SURFACE()
B_SPLINE_SURFACE(3,2,((#3931,#3932,#3933),(#3934,#3935,#3936),(#3937,#3938,
#3939),(#3940,#3941,#3942),(#3943,#3944,#3945),(#3946,#3947,#3948),(#3949,
#3950,#3951),(#3952,#3953,#3954)),.UNSPECIFIED.,.F.,.F.,.F.)
B_SPLINE_SURFACE_WITH_KNOTS((4,1,1,1,1,4),(3,3),(0.00945562080137592,0.0114020218990075,
0.0133484229966391,0.0152948240942707,0.0162680246430865,0.0172412251919023),
(0.,1.),.UNSPECIFIED.)
GEOMETRIC_REPRESENTATION_ITEM()
RATIONAL_B_SPLINE_SURFACE(((1.,0.679387975579363,1.),(1.,0.699268045281149,
1.),(1.,0.742154730667105,1.),(1.,0.802034372462842,1.),(1.,0.825911905350257,
1.),(1.,0.829142835701613,1.),(1.,0.830666216818387,1.),(1.,0.831607033658059,
1.)))
REPRESENTATION_ITEM('')
SURFACE()
);
#41=(
BOUNDED_SURFACE()
B_SPLINE_SURFACE(3,2,((#3962,#3963,#3964),(#3965,#3966,#3967),(#3968,#3969,
#3970),(#3971,#3972,#3973),(#3974,#3975,#3976),(#3977,#3978,#3979),(#3980,
#3981,#3982),(#3983,#3984,#3985)),.UNSPECIFIED.,.F.,.F.,.F.)
B_SPLINE_SURFACE_WITH_KNOTS((4,1,1,1,1,4),(3,3),(0.00988739080978427,0.0117252056130547,
0.0135630204163251,0.0154008352195956,0.0163197426212308,0.017238650022866),
(0.,1.),.UNSPECIFIED.)
GEOMETRIC_REPRESENTATION_ITEM()
RATIONAL_B_SPLINE_SURFACE(((1.,0.692767375456231,1.),(1.,0.711957992371513,
1.),(1.,0.753150710281031,1.),(1.,0.806318036234173,1.),(1.,0.826633307607645,
1.),(1.,0.829061361715667,1.),(1.,0.830711111517142,1.),(1.,0.831599564704405,
1.)))
REPRESENTATION_ITEM('')
SURFACE()
);
#42=(
BOUNDED_SURFACE()
B_SPLINE_SURFACE(3,2,((#3992,#3993,#3994),(#3995,#3996,#3997),(#3998,#3999,
#4000),(#4001,#4002,#4003),(#4004,#4005,#4006),(#4007,#4008,#4009),(#4010,
#4011,#4012),(#4013,#4014,#4015)),.UNSPECIFIED.,.F.,.F.,.F.)
B_SPLINE_SURFACE_WITH_KNOTS((4,1,1,1,1,4),(3,3),(0.00389767685810115,0.00490722210323095,
0.00591676734836076,0.00793585783862037,0.00995494832887998,0.0119740388191396),
(0.,1.),.UNSPECIFIED.)
GEOMETRIC_REPRESENTATION_ITEM()
RATIONAL_B_SPLINE_SURFACE(((1.,0.831612279907465,1.),(1.,0.830634655126224,
1.),(1.,0.829202349131188,1.),(1.,0.825337027220742,1.),(1.,0.798642673568474,
1.),(1.,0.733797490470233,1.),(1.,0.690014158679392,1.),(1.,0.669639583067497,
1.)))
REPRESENTATION_ITEM('')
SURFACE()
);
#43=(
BOUNDED_SURFACE()
B_SPLINE_SURFACE(3,2,((#4021,#4022,#4023),(#4024,#4025,#4026),(#4027,#4028,
#4029),(#4030,#4031,#4032),(#4033,#4034,#4035),(#4036,#4037,#4038),(#4039,
#4040,#4041),(#4042,#4043,#4044),(#4045,#4046,#4047),(#4048,#4049,#4050),
(#4051,#4052,#4053),(#4054,#4055,#4056)),.UNSPECIFIED.,.F.,.F.,.F.)
B_SPLINE_SURFACE_WITH_KNOTS((4,1,1,1,1,1,1,1,1,4),(3,3),(0.0048514511951933,
0.00549544881489361,0.00613944643459392,0.00742744167399455,0.00871543691339518,
0.0100034321527958,0.0112914273921964,0.0125794226315971,0.0138674178709977,
0.0151554131103983),(0.,1.),.UNSPECIFIED.)
GEOMETRIC_REPRESENTATION_ITEM()
RATIONAL_B_SPLINE_SURFACE(((1.,0.790998780311277,1.),(1.,0.788904593977426,
1.),(1.,0.781218081743891,1.),(1.,0.762234862441959,1.),(1.,0.727810767432077,
1.),(1.,0.681723554205056,1.),(1.,0.642012115463651,1.),(1.,0.612966375786797,
1.),(1.,0.591600886224984,1.),(1.,0.588869938695118,1.),(1.,0.586500052273363,
1.),(1.,0.585316471873234,1.)))
REPRESENTATION_ITEM('')
SURFACE()
);
#44=(
BOUNDED_SURFACE()
B_SPLINE_SURFACE(3,2,((#4062,#4063,#4064),(#4065,#4066,#4067),(#4068,#4069,
#4070),(#4071,#4072,#4073),(#4074,#4075,#4076),(#4077,#4078,#4079),(#4080,
#4081,#4082),(#4083,#4084,#4085),(#4086,#4087,#4088),(#4089,#4090,#4091),
(#4092,#4093,#4094)),.UNSPECIFIED.,.F.,.F.,.F.)
B_SPLINE_SURFACE_WITH_KNOTS((4,1,1,1,1,1,1,1,4),(3,3),(0.00841463074852801,
0.0097588654520493,0.0111031001555706,0.0124473348590919,0.0137915695626132,
0.0164800389696557,0.0171521563214164,0.017824273673177,0.0191685083766983),
(0.,1.),.UNSPECIFIED.)
GEOMETRIC_REPRESENTATION_ITEM()
RATIONAL_B_SPLINE_SURFACE(((1.,0.755851363894285,1.),(1.,0.754438278832172,
1.),(1.,0.751118733163334,1.),(1.,0.749955152684016,1.),(1.,0.719738819930024,
1.),(1.,0.669559464679195,1.),(1.,0.621020556448716,1.),(1.,0.594779267492153,
1.),(1.,0.581077190876301,1.),(1.,0.570582653348379,1.),(1.,0.563654159242857,
1.)))
REPRESENTATION_ITEM('')
SURFACE()
);
#45=(
BOUNDED_SURFACE()
B_SPLINE_SURFACE(3,2,((#4212,#4213,#4214),(#4215,#4216,#4217),(#4218,#4219,
#4220),(#4221,#4222,#4223),(#4224,#4225,#4226),(#4227,#4228,#4229),(#4230,
#4231,#4232),(#4233,#4234,#4235),(#4236,#4237,#4238),(#4239,#4240,#4241),
(#4242,#4243,#4244),(#4245,#4246,#4247),(#4248,#4249,#4250),(#4251,#4252,
#4253),(#4254,#4255,#4256),(#4257,#4258,#4259),(#4260,#4261,#4262)),
 .UNSPECIFIED.,.T.,.F.,.F.)
B_SPLINE_SURFACE_WITH_KNOTS((1,3,1,1,1,1,1,1,1,1,1,1,1,1,1,3,1),(3,3),(0.000531083292167205,
0.00115661442568359,0.00240767669271636,0.00365873895974912,0.00428427009326551,
0.00490980122678189,0.00553533236029827,0.00616086349381466,0.00678639462733104,
0.00741192576084743,0.00803745689436381,0.00866298802788019,0.00928851916139658,
0.00991405029491296,0.0105395814284293,0.0111651125619457,0.0124161748289785),
(0.,1.),.UNSPECIFIED.)
GEOMETRIC_REPRESENTATION_ITEM()
RATIONAL_B_SPLINE_SURFACE(((1.,0.937717388755498,1.),(1.,0.930108816103022,
1.),(1.,0.917388070052901,1.),(1.,0.934084411801241,1.),(1.,0.95034389552177,
1.),(1.,0.958639682870058,1.),(1.,0.957772580265718,1.),(1.,0.944484555836787,
1.),(1.,0.928290583936307,1.),(1.,0.921519255483268,1.),(1.,0.929084791932705,
1.),(1.,0.945488878490115,1.),(1.,0.958177151938823,1.),(1.,0.958351599773521,
1.),(1.,0.949754347547919,1.),(1.,0.941521675081735,1.),(1.,0.937717388755498,
1.)))
REPRESENTATION_ITEM('')
SURFACE()
);
#46=(
BOUNDED_SURFACE()
B_SPLINE_SURFACE(3,2,((#4263,#4264,#4265),(#4266,#4267,#4268),(#4269,#4270,
#4271),(#4272,#4273,#4274),(#4275,#4276,#4277),(#4278,#4279,#4280),(#4281,
#4282,#4283),(#4284,#4285,#4286),(#4287,#4288,#4289),(#4290,#4291,#4292),
(#4293,#4294,#4295),(#4296,#4297,#4298),(#4299,#4300,#4301),(#4302,#4303,
#4304),(#4305,#4306,#4307),(#4308,#4309,#4310),(#4311,#4312,#4313)),
 .UNSPECIFIED.,.T.,.F.,.F.)
B_SPLINE_SURFACE_WITH_KNOTS((1,3,1,1,1,1,1,1,1,1,1,1,1,1,1,3,1),(3,3),(-0.000628134751962156,
0.,0.000628134751962155,0.00125626950392431,0.00251253900784862,0.00376880851177293,
0.00439694326373509,0.00502507801569724,0.0056532127676594,0.00628134751962155,
0.00690948227158371,0.00753761702354586,0.00816575177550802,0.00879388652747017,
0.00942202127943233,0.0100501560313945,0.0106782907833566),(0.,1.),
 .UNSPECIFIED.)
GEOMETRIC_REPRESENTATION_ITEM()
RATIONAL_B_SPLINE_SURFACE(((1.,0.955790609608284,1.),(1.,0.953950145499098,
1.),(1.,0.947645060312031,1.),(1.,0.930810049476705,1.),(1.,0.916859664681467,
1.),(1.,0.935468730608334,1.),(1.,0.951449084455813,1.),(1.,0.958883886026083,
1.),(1.,0.956244209496548,1.),(1.,0.9416038432548,1.),(1.,0.925900129819201,
1.),(1.,0.921044556594404,1.),(1.,0.930564889473776,1.),(1.,0.9474824635389,
1.),(1.,0.958687844967145,1.),(1.,0.957631073717469,1.),(1.,0.955790609608284,
1.)))
REPRESENTATION_ITEM('')
SURFACE()
);
#47=(
BOUNDED_SURFACE()
B_SPLINE_SURFACE(3,2,((#4314,#4315,#4316),(#4317,#4318,#4319),(#4320,#4321,
#4322),(#4323,#4324,#4325),(#4326,#4327,#4328),(#4329,#4330,#4331),(#4332,
#4333,#4334),(#4335,#4336,#4337),(#4338,#4339,#4340),(#4341,#4342,#4343),
(#4344,#4345,#4346),(#4347,#4348,#4349),(#4350,#4351,#4352),(#4353,#4354,
#4355),(#4356,#4357,#4358),(#4359,#4360,#4361),(#4362,#4363,#4364)),
 .UNSPECIFIED.,.T.,.F.,.F.)
B_SPLINE_SURFACE_WITH_KNOTS((1,3,1,1,1,1,1,1,1,1,1,1,1,1,1,3,1),(3,3),(-0.000625535637705271,
0.,0.00062553563770527,0.00125107127541054,0.00250214255082108,0.00375321382623162,
0.00437874946393689,0.00500428510164216,0.00562982073934743,0.0062553563770527,
0.00688089201475797,0.00750642765246324,0.00813196329016851,0.00875749892787378,
0.00938303456557904,0.0100085702032843,0.0106341058409896),(0.,1.),
 .UNSPECIFIED.)
GEOMETRIC_REPRESENTATION_ITEM()
RATIONAL_B_SPLINE_SURFACE(((1.,0.956136479111053,1.),(1.,0.954302088480455,
1.),(1.,0.948029563552756,1.),(1.,0.931335968221231,1.),(1.,0.917596246470059,
1.),(1.,0.936100073250883,1.),(1.,0.951955478465619,1.),(1.,0.959263751122566,
1.),(1.,0.956474418267611,1.),(1.,0.941886711226736,1.),(1.,0.926429673198069,
1.),(1.,0.921759112013898,1.),(1.,0.931246923347505,1.),(1.,0.947978007188879,
1.),(1.,0.95903590733634,1.),(1.,0.95797086974165,1.),(1.,0.956136479111053,
1.)))
REPRESENTATION_ITEM('')
SURFACE()
);
#48=(
BOUNDED_SURFACE()
B_SPLINE_SURFACE(3,2,((#4365,#4366,#4367),(#4368,#4369,#4370),(#4371,#4372,
#4373),(#4374,#4375,#4376),(#4377,#4378,#4379),(#4380,#4381,#4382),(#4383,
#4384,#4385),(#4386,#4387,#4388),(#4389,#4390,#4391),(#4392,#4393,#4394),
(#4395,#4396,#4397),(#4398,#4399,#4400),(#4401,#4402,#4403),(#4404,#4405,
#4406),(#4407,#4408,#4409),(#4410,#4411,#4412),(#4413,#4414,#4415)),
 .UNSPECIFIED.,.T.,.F.,.F.)
B_SPLINE_SURFACE_WITH_KNOTS((1,3,1,1,1,1,1,1,1,1,1,1,1,1,1,3,1),(3,3),(-0.000628134751975304,
0.,0.000628134751975304,0.00125626950395061,0.00251253900790122,0.00376880851185182,
0.00439694326382713,0.00502507801580243,0.00565321276777773,0.00628134751975304,
0.00690948227172834,0.00753761702370364,0.00816575177567895,0.00879388652765425,
0.00942202127962956,0.0100501560316049,0.0106782907835802),(0.,1.),
 .UNSPECIFIED.)
GEOMETRIC_REPRESENTATION_ITEM()
RATIONAL_B_SPLINE_SURFACE(((1.,0.955790609606921,1.),(1.,0.95395014549795,
1.),(1.,0.947645060311016,1.),(1.,0.930810049475065,1.),(1.,0.916859664677253,
1.),(1.,0.935468730603887,1.),(1.,0.951449084452416,1.),(1.,0.958883886023788,
1.),(1.,0.956244209495832,1.),(1.,0.941603843254408,1.),(1.,0.925900129817165,
1.),(1.,0.921044556590389,1.),(1.,0.930564889468899,1.),(1.,0.947482463534888,
1.),(1.,0.958687844964839,1.),(1.,0.957631073715891,1.),(1.,0.955790609606921,
1.)))
REPRESENTATION_ITEM('')
SURFACE()
);
#49=(
BOUNDED_SURFACE()
B_SPLINE_SURFACE(3,2,((#4496,#4497,#4498),(#4499,#4500,#4501),(#4502,#4503,
#4504),(#4505,#4506,#4507)),.UNSPECIFIED.,.F.,.F.,.F.)
B_SPLINE_SURFACE_WITH_KNOTS((4,4),(3,3),(0.000374257763275837,0.00276624359209682),
(0.,1.),.PIECEWISE_BEZIER_KNOTS.)
GEOMETRIC_REPRESENTATION_ITEM()
RATIONAL_B_SPLINE_SURFACE(((1.,0.385379346486177,1.),(1.,0.368216683736516,
1.),(1.,0.355300428665341,1.),(1.,0.353549596688071,1.)))
REPRESENTATION_ITEM('')
SURFACE()
);
#50=(
BOUNDED_SURFACE()
B_SPLINE_SURFACE(3,2,((#4510,#4511,#4512),(#4513,#4514,#4515),(#4516,#4517,
#4518),(#4519,#4520,#4521)),.UNSPECIFIED.,.F.,.F.,.F.)
B_SPLINE_SURFACE_WITH_KNOTS((4,4),(3,3),(0.633198212691622,0.647850548855296),
(0.,1.),.PIECEWISE_BEZIER_KNOTS.)
GEOMETRIC_REPRESENTATION_ITEM()
RATIONAL_B_SPLINE_SURFACE(((1.,0.383035648882713,1.),(1.,0.383810390332842,
1.),(1.,0.384591665442858,1.),(1.,0.385379346486197,1.)))
REPRESENTATION_ITEM('')
SURFACE()
);
#51=(
BOUNDED_SURFACE()
B_SPLINE_SURFACE(3,2,((#4527,#4528,#4529),(#4530,#4531,#4532),(#4533,#4534,
#4535),(#4536,#4537,#4538)),.UNSPECIFIED.,.F.,.F.,.F.)
B_SPLINE_SURFACE_WITH_KNOTS((4,4),(3,3),(-4.52112305926455E-17,0.000866635640899547),
(0.,1.),.PIECEWISE_BEZIER_KNOTS.)
GEOMETRIC_REPRESENTATION_ITEM()
RATIONAL_B_SPLINE_SURFACE(((1.,0.615155487795456,1.),(1.,0.550544682363919,
1.),(1.,0.472996307399035,1.),(1.,0.417103709212798,1.)))
REPRESENTATION_ITEM('')
SURFACE()
);
#52=(
BOUNDED_SURFACE()
B_SPLINE_SURFACE(3,2,((#4545,#4546,#4547),(#4548,#4549,#4550),(#4551,#4552,
#4553),(#4554,#4555,#4556)),.UNSPECIFIED.,.F.,.F.,.F.)
B_SPLINE_SURFACE_WITH_KNOTS((4,4),(3,3),(2.73218947466347E-17,0.000123948926925862),
(0.,1.),.PIECEWISE_BEZIER_KNOTS.)
GEOMETRIC_REPRESENTATION_ITEM()
RATIONAL_B_SPLINE_SURFACE(((1.,0.638584128273539,1.),(1.,0.630804004309517,
1.),(1.,0.62300464477791,1.),(1.,0.615155487795679,1.)))
REPRESENTATION_ITEM('')
SURFACE()
);
#53=(
BOUNDED_SURFACE()
B_SPLINE_SURFACE(3,2,((#4558,#4559,#4560),(#4561,#4562,#4563),(#4564,#4565,
#4566),(#4567,#4568,#4569)),.UNSPECIFIED.,.F.,.F.,.F.)
B_SPLINE_SURFACE_WITH_KNOTS((4,4),(3,3),(4.77048955893622E-18,0.000246741111050341),
(0.,1.),.PIECEWISE_BEZIER_KNOTS.)
GEOMETRIC_REPRESENTATION_ITEM()
RATIONAL_B_SPLINE_SURFACE(((1.,0.638584128273621,1.),(1.,0.634210233173293,
1.),(1.,0.629810246132746,1.),(1.,0.625390505827581,1.)))
REPRESENTATION_ITEM('')
SURFACE()
);
#54=(
BOUNDED_SURFACE()
B_SPLINE_SURFACE(3,2,((#4571,#4572,#4573),(#4574,#4575,#4576),(#4577,#4578,
#4579),(#4580,#4581,#4582)),.UNSPECIFIED.,.F.,.F.,.F.)
B_SPLINE_SURFACE_WITH_KNOTS((4,4),(3,3),(0.000147812038468,0.00238944028171876),
(0.,1.),.PIECEWISE_BEZIER_KNOTS.)
GEOMETRIC_REPRESENTATION_ITEM()
RATIONAL_B_SPLINE_SURFACE(((1.,0.382219126103012,1.),(1.,0.366497187118794,
1.),(1.,0.355178818127876,1.),(1.,0.353549596688918,1.)))
REPRESENTATION_ITEM('')
SURFACE()
);
#55=(
BOUNDED_SURFACE()
B_SPLINE_SURFACE(3,2,((#4589,#4590,#4591),(#4592,#4593,#4594),(#4595,#4596,
#4597),(#4598,#4599,#4600)),.UNSPECIFIED.,.F.,.F.,.F.)
B_SPLINE_SURFACE_WITH_KNOTS((4,4),(3,3),(0.00784775580323273,0.00809539835713387),
(0.,1.),.PIECEWISE_BEZIER_KNOTS.)
GEOMETRIC_REPRESENTATION_ITEM()
RATIONAL_B_SPLINE_SURFACE(((1.,0.357850613946159,1.),(1.,0.357633701605285,
1.),(1.,0.357407326748008,1.),(1.,0.357171462439693,1.)))
REPRESENTATION_ITEM('')
SURFACE()
);
#56=(
BOUNDED_SURFACE()
B_SPLINE_SURFACE(3,2,((#4607,#4608,#4609),(#4610,#4611,#4612),(#4613,#4614,
#4615),(#4616,#4617,#4618)),.UNSPECIFIED.,.F.,.F.,.F.)
B_SPLINE_SURFACE_WITH_KNOTS((4,4),(3,3),(0.00102460656493957,0.00153582527908511),
(0.,1.),.PIECEWISE_BEZIER_KNOTS.)
GEOMETRIC_REPRESENTATION_ITEM()
RATIONAL_B_SPLINE_SURFACE(((1.,0.589908238923821,1.),(1.,0.635951660047,
1.),(1.,0.679421055965385,1.),(1.,0.71926206941895,1.)))
REPRESENTATION_ITEM('')
SURFACE()
);
#57=(
BOUNDED_SURFACE()
B_SPLINE_SURFACE(3,2,((#4624,#4625,#4626),(#4627,#4628,#4629),(#4630,#4631,
#4632),(#4633,#4634,#4635)),.UNSPECIFIED.,.F.,.F.,.F.)
B_SPLINE_SURFACE_WITH_KNOTS((4,4),(3,3),(4.60785923306339E-19,0.000262845466729501),
(0.,1.),.PIECEWISE_BEZIER_KNOTS.)
GEOMETRIC_REPRESENTATION_ITEM()
RATIONAL_B_SPLINE_SURFACE(((1.,0.719262069418947,1.),(1.,0.741532029921029,
1.),(1.,0.762550477920367,1.),(1.,0.782402425940635,1.)))
REPRESENTATION_ITEM('')
SURFACE()
);
#58=(
BOUNDED_SURFACE()
B_SPLINE_SURFACE(3,2,((#4637,#4638,#4639),(#4640,#4641,#4642),(#4643,#4644,
#4645),(#4646,#4647,#4648),(#4649,#4650,#4651),(#4652,#4653,#4654),(#4655,
#4656,#4657)),.UNSPECIFIED.,.F.,.F.,.F.)
B_SPLINE_SURFACE_WITH_KNOTS((4,1,1,1,4),(3,3),(0.00323286753328657,0.00571434173742481,
0.00819581594156305,0.0106772901457013,0.0131587643498395),(0.,1.),
 .UNSPECIFIED.)
GEOMETRIC_REPRESENTATION_ITEM()
RATIONAL_B_SPLINE_SURFACE(((1.,0.357171462439726,1.),(1.,0.329827395169022,
1.),(1.,0.281629638985101,1.),(1.,0.246469841345122,1.),(1.,0.259415647568166,
1.),(1.,0.297282830989278,1.),(1.,0.320735975137665,1.)))
REPRESENTATION_ITEM('')
SURFACE()
);
#59=(
BOUNDED_SURFACE()
B_SPLINE_SURFACE(3,2,((#4735,#4736,#4737),(#4738,#4739,#4740),(#4741,#4742,
#4743),(#4744,#4745,#4746)),.UNSPECIFIED.,.F.,.F.,.F.)
B_SPLINE_SURFACE_WITH_KNOTS((4,4),(3,3),(0.0135168848885987,0.0141776350589876),
(0.,1.),.PIECEWISE_BEZIER_KNOTS.)
GEOMETRIC_REPRESENTATION_ITEM()
RATIONAL_B_SPLINE_SURFACE(((1.,0.359245896356668,1.),(1.,0.3660152266387,
1.),(1.,0.373010881280135,1.),(1.,0.380175406642171,1.)))
REPRESENTATION_ITEM('')
SURFACE()
);
#60=(
BOUNDED_SURFACE()
B_SPLINE_SURFACE(3,2,((#4763,#4764,#4765),(#4766,#4767,#4768),(#4769,#4770,
#4771),(#4772,#4773,#4774),(#4775,#4776,#4777)),.UNSPECIFIED.,.F.,.F.,.F.)
B_SPLINE_SURFACE_WITH_KNOTS((4,1,4),(3,3),(4.33680868994202E-19,0.00299367958947733,
0.00598735917895465),(0.,1.),.UNSPECIFIED.)
GEOMETRIC_REPRESENTATION_ITEM()
RATIONAL_B_SPLINE_SURFACE(((1.,0.865725201343909,1.),(1.,0.841093319183803,
1.),(1.,0.785501963411412,1.),(1.,0.722923675243053,1.),(1.,0.696139543253379,
1.)))
REPRESENTATION_ITEM('')
SURFACE()
);
#61=(
BOUNDED_SURFACE()
B_SPLINE_SURFACE(3,2,((#4781,#4782,#4783),(#4784,#4785,#4786),(#4787,#4788,
#4789),(#4790,#4791,#4792),(#4793,#4794,#4795),(#4796,#4797,#4798),(#4799,
#4800,#4801),(#4802,#4803,#4804),(#4805,#4806,#4807)),.UNSPECIFIED.,.F.,
 .F.,.F.)
B_SPLINE_SURFACE_WITH_KNOTS((4,1,1,1,1,1,4),(3,3),(2.12503625807159E-17,
0.0044466022362806,0.00666990335442089,0.00889320447256118,0.0133398067088418,
0.0155631078269821,0.0177864089451223),(0.,1.),.UNSPECIFIED.)
GEOMETRIC_REPRESENTATION_ITEM()
RATIONAL_B_SPLINE_SURFACE(((1.,0.735864042654605,1.),(1.,0.770157744455719,
1.),(1.,0.818505462244739,1.),(1.,0.858312203859153,1.),(1.,0.874953723316102,
1.),(1.,0.849751986129902,1.),(1.,0.795685738282672,1.),(1.,0.763375722460875,
1.),(1.,0.74639802800303,1.)))
REPRESENTATION_ITEM('')
SURFACE()
);
#62=(
BOUNDED_SURFACE()
B_SPLINE_SURFACE(3,2,((#4809,#4810,#4811),(#4812,#4813,#4814),(#4815,#4816,
#4817),(#4818,#4819,#4820),(#4821,#4822,#4823)),.UNSPECIFIED.,.F.,.F.,.F.)
B_SPLINE_SURFACE_WITH_KNOTS((4,1,4),(3,3),(-3.48028897367847E-17,0.000785988019600775,
0.00157197603920158),(0.,1.),.UNSPECIFIED.)
GEOMETRIC_REPRESENTATION_ITEM()
RATIONAL_B_SPLINE_SURFACE(((1.,0.746398028003345,1.),(1.,0.70010098029689,
1.),(1.,0.586347221824741,1.),(1.,0.539897678351626,1.),(1.,0.554409053232912,
1.)))
REPRESENTATION_ITEM('')
SURFACE()
);
#63=(
BOUNDED_SURFACE()
B_SPLINE_SURFACE(3,2,((#4825,#4826,#4827),(#4828,#4829,#4830),(#4831,#4832,
#4833),(#4834,#4835,#4836)),.UNSPECIFIED.,.F.,.F.,.F.)
B_SPLINE_SURFACE_WITH_KNOTS((4,4),(3,3),(-1.1055913129443E-13,0.00632564404635608),
(0.,1.),.PIECEWISE_BEZIER_KNOTS.)
GEOMETRIC_REPRESENTATION_ITEM()
RATIONAL_B_SPLINE_SURFACE(((1.,0.554409053233496,1.),(1.,0.565903438810623,
1.),(1.,0.577918294844111,1.),(1.,0.592509556239709,1.)))
REPRESENTATION_ITEM('')
SURFACE()
);
#64=(
BOUNDED_SURFACE()
B_SPLINE_SURFACE(3,2,((#4841,#4842,#4843),(#4844,#4845,#4846),(#4847,#4848,
#4849),(#4850,#4851,#4852),(#4853,#4854,#4855)),.UNSPECIFIED.,.F.,.F.,.F.)
B_SPLINE_SURFACE_WITH_KNOTS((4,1,4),(3,3),(0.0131530958817408,0.0166116599116983,
0.0200702239416557),(0.,1.),.UNSPECIFIED.)
GEOMETRIC_REPRESENTATION_ITEM()
RATIONAL_B_SPLINE_SURFACE(((1.,0.923854551328702,1.),(1.,0.916219380364614,
1.),(1.,0.887497912708656,1.),(1.,0.891444900286788,1.),(1.,0.90038034480511,
1.)))
REPRESENTATION_ITEM('')
SURFACE()
);
#65=(
BOUNDED_SURFACE()
B_SPLINE_SURFACE(3,2,((#4857,#4858,#4859),(#4860,#4861,#4862),(#4863,#4864,
#4865),(#4866,#4867,#4868),(#4869,#4870,#4871)),.UNSPECIFIED.,.F.,.F.,.F.)
B_SPLINE_SURFACE_WITH_KNOTS((4,1,4),(3,3),(-1.62630325872826E-19,0.000717973095677098,
0.0014359461913542),(0.,1.),.UNSPECIFIED.)
GEOMETRIC_REPRESENTATION_ITEM()
RATIONAL_B_SPLINE_SURFACE(((1.,0.923854551328703,1.),(1.,0.936661085311942,
1.),(1.,0.901178194407149,1.),(1.,0.814828906108949,1.),(1.,0.767024687187597,
1.)))
REPRESENTATION_ITEM('')
SURFACE()
);
#66=(
BOUNDED_SURFACE()
B_SPLINE_SURFACE(3,2,((#4873,#4874,#4875),(#4876,#4877,#4878),(#4879,#4880,
#4881),(#4882,#4883,#4884)),.UNSPECIFIED.,.F.,.F.,.F.)
B_SPLINE_SURFACE_WITH_KNOTS((4,4),(3,3),(-1.90819582357449E-17,0.00477154609141812),
(0.,1.),.PIECEWISE_BEZIER_KNOTS.)
GEOMETRIC_REPRESENTATION_ITEM()
RATIONAL_B_SPLINE_SURFACE(((1.,0.767024687187569,1.),(1.,0.746015585901398,
1.),(1.,0.719995153592532,1.),(1.,0.688182890885254,1.)))
REPRESENTATION_ITEM('')
SURFACE()
);
#67=(
BOUNDED_SURFACE()
B_SPLINE_SURFACE(3,2,((#4888,#4889,#4890),(#4891,#4892,#4893),(#4894,#4895,
#4896),(#4897,#4898,#4899)),.UNSPECIFIED.,.F.,.F.,.F.)
B_SPLINE_SURFACE_WITH_KNOTS((4,4),(3,3),(-3.90312782094782E-18,0.000148162741202864),
(0.,1.),.PIECEWISE_BEZIER_KNOTS.)
GEOMETRIC_REPRESENTATION_ITEM()
RATIONAL_B_SPLINE_SURFACE(((1.,0.935320492424268,1.),(1.,0.934603103994782,
1.),(1.,0.933874252390451,1.),(1.,0.933134014781244,1.)))
REPRESENTATION_ITEM('')
SURFACE()
);
#68=(
BOUNDED_SURFACE()
B_SPLINE_SURFACE(3,2,((#4901,#4902,#4903),(#4904,#4905,#4906),(#4907,#4908,
#4909),(#4910,#4911,#4912)),.UNSPECIFIED.,.F.,.F.,.F.)
B_SPLINE_SURFACE_WITH_KNOTS((4,4),(3,3),(1.62630325872826E-18,0.00159467029693852),
(0.,1.),.PIECEWISE_BEZIER_KNOTS.)
GEOMETRIC_REPRESENTATION_ITEM()
RATIONAL_B_SPLINE_SURFACE(((1.,0.733542876198076,1.),(1.,0.683719952512968,
1.),(1.,0.627221676842886,1.),(1.,0.562766396996413,1.)))
REPRESENTATION_ITEM('')
SURFACE()
);
#69=(
BOUNDED_SURFACE()
B_SPLINE_SURFACE(3,2,((#4916,#4917,#4918),(#4919,#4920,#4921),(#4922,#4923,
#4924),(#4925,#4926,#4927),(#4928,#4929,#4930)),.UNSPECIFIED.,.F.,.F.,.F.)
B_SPLINE_SURFACE_WITH_KNOTS((4,1,4),(3,3),(-3.46944695195361E-18,0.0017217114990682,
0.00344342299813639),(0.,1.),.UNSPECIFIED.)
GEOMETRIC_REPRESENTATION_ITEM()
RATIONAL_B_SPLINE_SURFACE(((1.,0.733542876198081,1.),(1.,0.700902762226916,
1.),(1.,0.633654872324947,1.),(1.,0.574949685678006,1.),(1.,0.552892262313219,
1.)))
REPRESENTATION_ITEM('')
SURFACE()
);
#70=(
BOUNDED_SURFACE()
B_SPLINE_SURFACE(3,2,((#4935,#4936,#4937),(#4938,#4939,#4940),(#4941,#4942,
#4943),(#4944,#4945,#4946)),.UNSPECIFIED.,.F.,.F.,.F.)
B_SPLINE_SURFACE_WITH_KNOTS((4,4),(3,3),(0.00262477086908954,0.00270652366635788),
(0.,1.),.PIECEWISE_BEZIER_KNOTS.)
GEOMETRIC_REPRESENTATION_ITEM()
RATIONAL_B_SPLINE_SURFACE(((1.,0.753230193821367,1.),(1.,0.754761099037857,
1.),(1.,0.756181752988872,1.),(1.,0.757504631193365,1.)))
REPRESENTATION_ITEM('')
SURFACE()
);
#71=(
BOUNDED_SURFACE()
B_SPLINE_SURFACE(3,2,((#4948,#4949,#4950),(#4951,#4952,#4953),(#4954,#4955,
#4956),(#4957,#4958,#4959)),.UNSPECIFIED.,.F.,.F.,.F.)
B_SPLINE_SURFACE_WITH_KNOTS((4,4),(3,3),(3.17671236538253E-17,0.00143901834688123),
(0.,1.),.PIECEWISE_BEZIER_KNOTS.)
GEOMETRIC_REPRESENTATION_ITEM()
RATIONAL_B_SPLINE_SURFACE(((1.,0.865725201359433,1.),(1.,0.853885012957977,
1.),(1.,0.841303377361876,1.),(1.,0.828145786771828,1.)))
REPRESENTATION_ITEM('')
SURFACE()
);
#72=(
BOUNDED_SURFACE()
B_SPLINE_SURFACE(3,2,((#4961,#4962,#4963),(#4964,#4965,#4966),(#4967,#4968,
#4969),(#4970,#4971,#4972)),.UNSPECIFIED.,.F.,.F.,.F.)
B_SPLINE_SURFACE_WITH_KNOTS((4,4),(3,3),(0.00673607831522448,0.0127011975431244),
(0.,1.),.PIECEWISE_BEZIER_KNOTS.)
GEOMETRIC_REPRESENTATION_ITEM()
RATIONAL_B_SPLINE_SURFACE(((1.,0.757504631193167,1.),(1.,0.725229373836448,
1.),(1.,0.693715279357276,1.),(1.,0.667434864488615,1.)))
REPRESENTATION_ITEM('')
SURFACE()
);
#73=(
BOUNDED_SURFACE()
B_SPLINE_SURFACE(3,2,((#4979,#4980,#4981),(#4982,#4983,#4984),(#4985,#4986,
#4987),(#4988,#4989,#4990)),.UNSPECIFIED.,.F.,.F.,.F.)
B_SPLINE_SURFACE_WITH_KNOTS((4,4),(3,3),(-2.08166817117217E-17,0.00523769685950414),
(0.,1.),.PIECEWISE_BEZIER_KNOTS.)
GEOMETRIC_REPRESENTATION_ITEM()
RATIONAL_B_SPLINE_SURFACE(((1.,0.84301557085249,1.),(1.,0.848629998727137,
1.),(1.,0.852065944946384,1.),(1.,0.854399951828039,1.)))
REPRESENTATION_ITEM('')
SURFACE()
);
#74=(
BOUNDED_SURFACE()
B_SPLINE_SURFACE(3,2,((#4993,#4994,#4995),(#4996,#4997,#4998),(#4999,#5000,
#5001),(#5002,#5003,#5004),(#5005,#5006,#5007),(#5008,#5009,#5010),(#5011,
#5012,#5013)),.UNSPECIFIED.,.F.,.F.,.F.)
B_SPLINE_SURFACE_WITH_KNOTS((4,1,1,1,4),(3,3),(0.0134017849556362,0.015303881904288,
0.0172059788529399,0.0191080758015918,0.0210101727502437),(0.,1.),
 .UNSPECIFIED.)
GEOMETRIC_REPRESENTATION_ITEM()
RATIONAL_B_SPLINE_SURFACE(((1.,0.893178763652896,1.),(1.,0.890838634817104,
1.),(1.,0.891571776284204,1.),(1.,0.907475569077211,1.),(1.,0.926229311060574,
1.),(1.,0.929934185828363,1.),(1.,0.928514766271996,1.)))
REPRESENTATION_ITEM('')
SURFACE()
);
#75=(
BOUNDED_SURFACE()
B_SPLINE_SURFACE(3,2,((#5015,#5016,#5017),(#5018,#5019,#5020),(#5021,#5022,
#5023),(#5024,#5025,#5026),(#5027,#5028,#5029),(#5030,#5031,#5032),(#5033,
#5034,#5035)),.UNSPECIFIED.,.F.,.F.,.F.)
B_SPLINE_SURFACE_WITH_KNOTS((4,1,1,1,4),(3,3),(7.11236625150491E-17,0.00246782397220536,
0.00493564794441064,0.00740347191661593,0.00987129588882121),(0.,1.),
 .UNSPECIFIED.)
GEOMETRIC_REPRESENTATION_ITEM()
RATIONAL_B_SPLINE_SURFACE(((1.,0.866327903673594,1.),(1.,0.868786570977758,
1.),(1.,0.865339087993901,1.),(1.,0.836916745890067,1.),(1.,0.791421679648496,
1.),(1.,0.754852633250242,1.),(1.,0.735864042641565,1.)))
REPRESENTATION_ITEM('')
SURFACE()
);
#76=(
BOUNDED_SURFACE()
B_SPLINE_SURFACE(3,2,((#5037,#5038,#5039),(#5040,#5041,#5042),(#5043,#5044,
#5045),(#5046,#5047,#5048),(#5049,#5050,#5051)),.UNSPECIFIED.,.F.,.F.,.F.)
B_SPLINE_SURFACE_WITH_KNOTS((4,1,4),(3,3),(1.96240593219876E-17,0.00062875820415894,
0.00125751640831786),(0.,1.),.UNSPECIFIED.)
GEOMETRIC_REPRESENTATION_ITEM()
RATIONAL_B_SPLINE_SURFACE(((1.,0.854399951828203,1.),(1.,0.851960689586029,
1.),(1.,0.81882046120408,1.),(1.,0.742709152442524,1.),(1.,0.699448002567722,
1.)))
REPRESENTATION_ITEM('')
SURFACE()
);
#77=(
BOUNDED_SURFACE()
B_SPLINE_SURFACE(3,2,((#5053,#5054,#5055),(#5056,#5057,#5058),(#5059,#5060,
#5061),(#5062,#5063,#5064),(#5065,#5066,#5067),(#5068,#5069,#5070)),
 .UNSPECIFIED.,.F.,.F.,.F.)
B_SPLINE_SURFACE_WITH_KNOTS((4,1,1,4),(3,3),(-2.90582445258702E-15,0.00035801063866449,
0.000716021277331885,0.00143204255466668),(0.,1.),.UNSPECIFIED.)
GEOMETRIC_REPRESENTATION_ITEM()
RATIONAL_B_SPLINE_SURFACE(((1.,0.910807848147693,1.),(1.,0.924454062382245,
1.),(1.,0.94319340426557,1.),(1.,0.927575207659164,1.),(1.,0.879292381679949,
1.),(1.,0.843015570852495,1.)))
REPRESENTATION_ITEM('')
SURFACE()
);
#78=(
BOUNDED_SURFACE()
B_SPLINE_SURFACE(3,2,((#5072,#5073,#5074),(#5075,#5076,#5077),(#5078,#5079,
#5080),(#5081,#5082,#5083),(#5084,#5085,#5086)),.UNSPECIFIED.,.F.,.F.,.F.)
B_SPLINE_SURFACE_WITH_KNOTS((4,1,4),(3,3),(-2.12503625807159E-17,0.000702610075588917,
0.00140522015117786),(0.,1.),.UNSPECIFIED.)
GEOMETRIC_REPRESENTATION_ITEM()
RATIONAL_B_SPLINE_SURFACE(((1.,0.893178763648213,1.),(1.,0.911362577489504,
1.),(1.,0.887984365151909,1.),(1.,0.807533143768706,1.),(1.,0.766956405488866,
1.)))
REPRESENTATION_ITEM('')
SURFACE()
);
#79=(
BOUNDED_SURFACE()
B_SPLINE_SURFACE(3,2,((#5088,#5089,#5090),(#5091,#5092,#5093),(#5094,#5095,
#5096),(#5097,#5098,#5099),(#5100,#5101,#5102)),.UNSPECIFIED.,.F.,.F.,.F.)
B_SPLINE_SURFACE_WITH_KNOTS((4,1,4),(3,3),(-3.79470760369927E-19,0.000600392445458069,
0.00120078489091614),(0.,1.),.UNSPECIFIED.)
GEOMETRIC_REPRESENTATION_ITEM()
RATIONAL_B_SPLINE_SURFACE(((1.,0.740247888923235,1.),(1.,0.774174641580702,
1.),(1.,0.838181109725842,1.),(1.,0.867991789342823,1.),(1.,0.86632790367451,
1.)))
REPRESENTATION_ITEM('')
SURFACE()
);
#80=(
BOUNDED_SURFACE()
B_SPLINE_SURFACE(3,2,((#5109,#5110,#5111),(#5112,#5113,#5114),(#5115,#5116,
#5117),(#5118,#5119,#5120),(#5121,#5122,#5123),(#5124,#5125,#5126),(#5127,
#5128,#5129),(#5130,#5131,#5132),(#5133,#5134,#5135),(#5136,#5137,#5138)),
 .UNSPECIFIED.,.F.,.F.,.F.)
B_SPLINE_SURFACE_WITH_KNOTS((4,1,1,1,1,1,1,4),(3,3),(1.99493199737333E-17,
0.00263415546431195,0.00526831092862388,0.0079024663929358,0.0105366218572477,
0.0131707773215597,0.0158049327858716,0.0210732437144954),(0.,1.),
 .UNSPECIFIED.)
GEOMETRIC_REPRESENTATION_ITEM()
RATIONAL_B_SPLINE_SURFACE(((1.,0.69944800256767,1.),(1.,0.679411693650058,
1.),(1.,0.641364603303057,1.),(1.,0.605647191746558,1.),(1.,0.609142736117591,
1.),(1.,0.650119213551206,1.),(1.,0.709461030980674,1.),(1.,0.791244060229746,
1.),(1.,0.840065334061796,1.),(1.,0.856287718347595,1.)))
REPRESENTATION_ITEM('')
SURFACE()
);
#81=(
BOUNDED_SURFACE()
B_SPLINE_SURFACE(3,2,((#5140,#5141,#5142),(#5143,#5144,#5145),(#5146,#5147,
#5148),(#5149,#5150,#5151),(#5152,#5153,#5154),(#5155,#5156,#5157),(#5158,
#5159,#5160)),.UNSPECIFIED.,.F.,.F.,.F.)
B_SPLINE_SURFACE_WITH_KNOTS((4,1,1,1,4),(3,3),(0.0135682073393772,0.0154271852172266,
0.017286163095076,0.0191451409729253,0.0210041188507747),(0.,1.),
 .UNSPECIFIED.)
GEOMETRIC_REPRESENTATION_ITEM()
RATIONAL_B_SPLINE_SURFACE(((1.,0.910807848152563,1.),(1.,0.916609485419924,
1.),(1.,0.92812870282744,1.),(1.,0.930773577556964,1.),(1.,0.915846991235041,
1.),(1.,0.903418693360446,1.),(1.,0.898918002845732,1.)))
REPRESENTATION_ITEM('')
SURFACE()
);
#82=(
BOUNDED_SURFACE()
B_SPLINE_SURFACE(3,2,((#5165,#5166,#5167),(#5168,#5169,#5170),(#5171,#5172,
#5173),(#5174,#5175,#5176),(#5177,#5178,#5179)),.UNSPECIFIED.,.F.,.F.,.F.)
B_SPLINE_SURFACE_WITH_KNOTS((4,1,4),(3,3),(2.34187669256869E-17,0.00278810258522477,
0.00557620517044953),(0.,1.),.UNSPECIFIED.)
GEOMETRIC_REPRESENTATION_ITEM()
RATIONAL_B_SPLINE_SURFACE(((1.,0.766956405496146,1.),(1.,0.755190199047807,
1.),(1.,0.727640209945302,1.),(1.,0.739542292832529,1.),(1.,0.740247888924035,
1.)))
REPRESENTATION_ITEM('')
SURFACE()
);
#83=(
BOUNDED_SURFACE()
B_SPLINE_SURFACE(3,2,((#5189,#5190,#5191),(#5192,#5193,#5194),(#5195,#5196,
#5197),(#5198,#5199,#5200),(#5201,#5202,#5203)),.UNSPECIFIED.,.F.,.F.,.F.)
B_SPLINE_SURFACE_WITH_KNOTS((4,1,4),(3,3),(1.65340831304039E-17,0.000793750682457428,
0.00158750136491484),(0.,1.),.UNSPECIFIED.)
GEOMETRIC_REPRESENTATION_ITEM()
RATIONAL_B_SPLINE_SURFACE(((1.,0.693178848236788,1.),(1.,0.738411827648838,
1.),(1.,0.833292521567621,1.),(1.,0.868024758802773,1.),(1.,0.856287718347619,
1.)))
REPRESENTATION_ITEM('')
SURFACE()
);
#84=(
BOUNDED_SURFACE()
B_SPLINE_SURFACE(3,2,((#5205,#5206,#5207),(#5208,#5209,#5210),(#5211,#5212,
#5213),(#5214,#5215,#5216),(#5217,#5218,#5219)),.UNSPECIFIED.,.F.,.F.,.F.)
B_SPLINE_SURFACE_WITH_KNOTS((4,1,4),(3,3),(1.73472347597681E-18,0.00322168125034415,
0.00644336250068829),(0.,1.),.UNSPECIFIED.)
GEOMETRIC_REPRESENTATION_ITEM()
RATIONAL_B_SPLINE_SURFACE(((1.,0.693178848242298,1.),(1.,0.695447333707212,
1.),(1.,0.710439973588467,1.),(1.,0.676862814042732,1.),(1.,0.668832931762296,
1.)))
REPRESENTATION_ITEM('')
SURFACE()
);
#85=(
BOUNDED_SURFACE()
B_SPLINE_SURFACE(3,2,((#5220,#5221,#5222),(#5223,#5224,#5225),(#5226,#5227,
#5228),(#5229,#5230,#5231)),.UNSPECIFIED.,.F.,.F.,.F.)
B_SPLINE_SURFACE_WITH_KNOTS((4,4),(3,3),(9.43255890062389E-18,0.00159106011814725),
(0.,1.),.PIECEWISE_BEZIER_KNOTS.)
GEOMETRIC_REPRESENTATION_ITEM()
RATIONAL_B_SPLINE_SURFACE(((1.,0.733209344031963,1.),(1.,0.683463420929599,
1.),(1.,0.627085170010003,1.),(1.,0.562768879450962,1.)))
REPRESENTATION_ITEM('')
SURFACE()
);
#86=(
BOUNDED_SURFACE()
B_SPLINE_SURFACE(3,2,((#5233,#5234,#5235),(#5236,#5237,#5238),(#5239,#5240,
#5241),(#5242,#5243,#5244),(#5245,#5246,#5247),(#5248,#5249,#5250),(#5251,
#5252,#5253)),.UNSPECIFIED.,.F.,.F.,.F.)
B_SPLINE_SURFACE_WITH_KNOTS((4,1,1,1,4),(3,3),(3.38271077815477E-17,0.00158131083332741,
0.00316262166665478,0.00474393249998215,0.00632524333330953),(0.,1.),
 .UNSPECIFIED.)
GEOMETRIC_REPRESENTATION_ITEM()
RATIONAL_B_SPLINE_SURFACE(((1.,0.504264657495179,1.),(1.,0.501879268821531,
1.),(1.,0.50843709632083,1.),(1.,0.558468609154307,1.),(1.,0.641564336960903,
1.),(1.,0.703256200229739,1.),(1.,0.733209344031972,1.)))
REPRESENTATION_ITEM('')
SURFACE()
);
#87=(
BOUNDED_SURFACE()
B_SPLINE_SURFACE(3,2,((#5255,#5256,#5257),(#5258,#5259,#5260),(#5261,#5262,
#5263),(#5264,#5265,#5266),(#5267,#5268,#5269),(#5270,#5271,#5272)),
 .UNSPECIFIED.,.F.,.F.,.F.)
B_SPLINE_SURFACE_WITH_KNOTS((4,1,1,4),(3,3),(-1.99493199737333E-17,0.0015717372962985,
0.00235760594444776,0.00314347459259702),(0.,1.),.UNSPECIFIED.)
GEOMETRIC_REPRESENTATION_ITEM()
RATIONAL_B_SPLINE_SURFACE(((1.,0.707106781186548,1.),(1.,0.671535056727982,
1.),(1.,0.597416097753592,1.),(1.,0.511850277342823,1.),(1.,0.499611820271916,
1.),(1.,0.504264657495174,1.)))
REPRESENTATION_ITEM('')
SURFACE()
);
#88=(
BOUNDED_SURFACE()
B_SPLINE_SURFACE(3,2,((#5276,#5277,#5278),(#5279,#5280,#5281),(#5282,#5283,
#5284),(#5285,#5286,#5287),(#5288,#5289,#5290),(#5291,#5292,#5293)),
 .UNSPECIFIED.,.F.,.F.,.F.)
B_SPLINE_SURFACE_WITH_KNOTS((4,1,1,4),(3,3),(-6.27753057869107E-17,0.000785801756935495,
0.00157160351387105,0.00314320702774217),(0.,1.),.UNSPECIFIED.)
GEOMETRIC_REPRESENTATION_ITEM()
RATIONAL_B_SPLINE_SURFACE(((1.,0.504498008612347,1.),(1.,0.499863985832984,
1.),(1.,0.511895596996626,1.),(1.,0.597524223307773,1.),(1.,0.671641087064768,
1.),(1.,0.707106781186548,1.)))
REPRESENTATION_ITEM('')
SURFACE()
);
#89=(
BOUNDED_SURFACE()
B_SPLINE_SURFACE(3,2,((#5295,#5296,#5297),(#5298,#5299,#5300),(#5301,#5302,
#5303),(#5304,#5305,#5306),(#5307,#5308,#5309),(#5310,#5311,#5312),(#5313,
#5314,#5315)),.UNSPECIFIED.,.F.,.F.,.F.)
B_SPLINE_SURFACE_WITH_KNOTS((4,1,1,1,4),(3,3),(-3.03576608295941E-17,0.00158163467730632,
0.00316326935461267,0.00474490403191901,0.00632653870922536),(0.,1.),
 .UNSPECIFIED.)
GEOMETRIC_REPRESENTATION_ITEM()
RATIONAL_B_SPLINE_SURFACE(((1.,0.733542876198068,1.),(1.,0.703558331089188,
1.),(1.,0.642172854486391,1.),(1.,0.558538742549292,1.),(1.,0.508873568511114,
1.),(1.,0.502111894643921,1.),(1.,0.504498008612347,1.)))
REPRESENTATION_ITEM('')
SURFACE()
);
#90=(
BOUNDED_SURFACE()
B_SPLINE_SURFACE(3,2,((#5317,#5318,#5319),(#5320,#5321,#5322),(#5323,#5324,
#5325),(#5326,#5327,#5328)),.UNSPECIFIED.,.F.,.F.,.F.)
B_SPLINE_SURFACE_WITH_KNOTS((4,4),(3,3),(9.43255890062389E-18,0.00159467029693446),
(0.,1.),.PIECEWISE_BEZIER_KNOTS.)
GEOMETRIC_REPRESENTATION_ITEM()
RATIONAL_B_SPLINE_SURFACE(((1.,0.733542876198064,1.),(1.,0.683719952522302,
1.),(1.,0.627221676859148,1.),(1.,0.562766396996881,1.)))
REPRESENTATION_ITEM('')
SURFACE()
);
#91=B_SPLINE_SURFACE_WITH_KNOTS('',3,1,((#2912,#2913),(#2914,#2915),(#2916,
#2917),(#2918,#2919)),.SURF_OF_LINEAR_EXTRUSION.,.F.,.F.,.F.,(4,4),(2,2),
(0.131283029718948,1.),(0.,1.),.PIECEWISE_BEZIER_KNOTS.);
#92=B_SPLINE_SURFACE_WITH_KNOTS('',3,1,((#3778,#3779),(#3780,#3781),(#3782,
#3783),(#3784,#3785)),.SURF_OF_LINEAR_EXTRUSION.,.F.,.F.,.F.,(4,4),(2,2),
(0.122496966379941,1.),(0.,1.),.PIECEWISE_BEZIER_KNOTS.);
#93=B_SPLINE_SURFACE_WITH_KNOTS('',3,1,((#3790,#3791),(#3792,#3793),(#3794,
#3795),(#3796,#3797),(#3798,#3799),(#3800,#3801),(#3802,#3803),(#3804,#3805)),
 .SURF_OF_LINEAR_EXTRUSION.,.F.,.F.,.F.,(4,1,1,1,1,4),(2,2),(-0.268475566935786,
-0.109916121068813,0.0486433247981602,0.365762216532107,0.682881108266053,
1.),(0.,1.),.UNSPECIFIED.);
#94=B_SPLINE_SURFACE_WITH_KNOTS('',3,1,((#3827,#3828),(#3829,#3830),(#3831,
#3832),(#3833,#3834),(#3835,#3836),(#3837,#3838),(#3839,#3840),(#3841,#3842)),
 .SURF_OF_LINEAR_EXTRUSION.,.F.,.F.,.F.,(4,1,1,1,1,4),(2,2),(-0.196094955551069,
-0.046583086107185,0.102928783336699,0.401952522224466,0.700976261112234,
1.),(0.,1.),.UNSPECIFIED.);
#95=B_SPLINE_SURFACE_WITH_KNOTS('',3,1,((#3857,#3858),(#3859,#3860),(#3861,
#3862),(#3863,#3864)),.SURF_OF_LINEAR_EXTRUSION.,.F.,.F.,.F.,(4,4),(2,2),
(0.0209133021796732,1.),(0.,1.),.PIECEWISE_BEZIER_KNOTS.);
#96=B_SPLINE_SURFACE_WITH_KNOTS('',3,1,((#3882,#3883),(#3884,#3885),(#3886,
#3887),(#3888,#3889)),.SURF_OF_LINEAR_EXTRUSION.,.F.,.F.,.F.,(4,4),(2,2),
(0.0234091114330723,1.),(0.,1.),.PIECEWISE_BEZIER_KNOTS.);
#97=B_SPLINE_SURFACE_WITH_KNOTS('',3,1,((#4665,#4666),(#4667,#4668),(#4669,
#4670),(#4671,#4672),(#4673,#4674),(#4675,#4676),(#4677,#4678),(#4679,#4680),
(#4681,#4682),(#4683,#4684),(#4685,#4686),(#4687,#4688),(#4689,#4690),(#4691,
#4692),(#4693,#4694),(#4695,#4696),(#4697,#4698),(#4699,#4700),(#4701,#4702),
(#4703,#4704),(#4705,#4706),(#4707,#4708),(#4709,#4710),(#4711,#4712),(#4713,
#4714),(#4715,#4716),(#4717,#4718),(#4719,#4720),(#4721,#4722),(#4723,#4724),
(#4725,#4726),(#4727,#4728),(#4729,#4730),(#4731,#4732),(#4733,#4734)),
 .RULED_SURF.,.F.,.F.,.F.,(4,3,2,2,2,2,2,2,2,2,2,2,2,2,2,2,4),(2,2),(-0.0507454528997768,
0.,0.0625,0.125,0.1875,0.25,0.3125,0.375,0.4375,0.5,0.5625,0.625,0.6875,
0.75,0.8125,0.875,0.931246246507899),(0.038161780490368,1.),
 .UNSPECIFIED.);
#98=B_SPLINE_SURFACE_WITH_KNOTS('',3,1,((#4751,#4752),(#4753,#4754),(#4755,
#4756),(#4757,#4758),(#4759,#4760),(#4761,#4762)),.RULED_SURF.,.F.,.F.,
 .F.,(4,2,4),(2,2),(0.889794559626029,0.9375,0.942458876054327),(0.0901971356148011,
0.416728716414854),.UNSPECIFIED.);
#99=ELLIPSE('',#2128,3.61200065907208,2.9);
#100=ELLIPSE('',#2132,3.61200065907208,2.9);
#101=ELLIPSE('',#2135,2.49103493729109,2.);
#102=ELLIPSE('',#2137,2.49103493729109,2.);
#103=ELLIPSE('',#2243,11.788644959115,9.27564431723608);
#104=PLANE('',#2126);
#105=PLANE('',#2173);
#106=PLANE('',#2174);
#107=PLANE('',#2176);
#108=PLANE('',#2177);
#109=PLANE('',#2181);
#110=PLANE('',#2184);
#111=PLANE('',#2190);
#112=PLANE('',#2196);
#113=PLANE('',#2219);
#114=PLANE('',#2240);
#115=PLANE('',#2241);
#116=PLANE('',#2242);
#117=CIRCLE('',#2123,12.);
#118=CIRCLE('',#2125,12.);
#119=CIRCLE('',#2129,2.9);
#120=CIRCLE('',#2131,2.9);
#121=CIRCLE('',#2134,2.);
#122=CIRCLE('',#2138,2.);
#123=CIRCLE('',#2140,0.3);
#124=CIRCLE('',#2141,2.3);
#125=CIRCLE('',#2143,2.3);
#126=CIRCLE('',#2144,0.3);
#127=CIRCLE('',#2146,13.8);
#128=CIRCLE('',#2148,12.);
#129=CIRCLE('',#2150,1.6);
#130=CIRCLE('',#2151,1.6);
#131=CIRCLE('',#2153,2.);
#132=CIRCLE('',#2154,2.);
#133=CIRCLE('',#2156,2.);
#134=CIRCLE('',#2157,2.);
#135=CIRCLE('',#2159,2.);
#136=CIRCLE('',#2160,2.);
#137=CIRCLE('',#2162,1.6);
#138=CIRCLE('',#2163,1.6);
#139=CIRCLE('',#2165,1.6);
#140=CIRCLE('',#2166,1.6);
#141=CIRCLE('',#2168,1.6);
#142=CIRCLE('',#2169,1.6);
#143=CIRCLE('',#2171,2.);
#144=CIRCLE('',#2172,2.);
#145=CIRCLE('',#2175,14.);
#146=CIRCLE('',#2178,7.);
#147=CIRCLE('',#2179,7.);
#148=CIRCLE('',#2180,7.);
#149=CIRCLE('',#2182,2.3);
#150=CIRCLE('',#2183,2.6);
#151=CIRCLE('',#2185,2.6);
#152=CIRCLE('',#2186,2.3);
#153=CIRCLE('',#2187,2.3);
#154=CIRCLE('',#2189,2.9);
#155=CIRCLE('',#2191,2.6);
#156=CIRCLE('',#2192,2.3);
#157=CIRCLE('',#2193,2.3);
#158=CIRCLE('',#2195,2.9);
#159=CIRCLE('',#2197,2.6);
#160=CIRCLE('',#2198,2.3);
#161=CIRCLE('',#2200,2.);
#162=CIRCLE('',#2201,2.);
#163=CIRCLE('',#2203,2.);
#164=CIRCLE('',#2204,2.);
#165=CIRCLE('',#2206,2.);
#166=CIRCLE('',#2207,2.);
#167=CIRCLE('',#2209,2.);
#168=CIRCLE('',#2211,2.);
#169=CIRCLE('',#2213,2.);
#170=CIRCLE('',#2214,2.);
#171=CIRCLE('',#2221,0.3);
#172=CIRCLE('',#2223,0.3);
#173=CIRCLE('',#2226,0.3);
#174=CIRCLE('',#2228,0.3);
#175=CIRCLE('',#2231,0.3);
#176=CIRCLE('',#2234,0.3);
#177=CIRCLE('',#2246,0.2);
#178=CIRCLE('',#2247,0.2);
#179=CIRCLE('',#2248,0.2);
#180=CIRCLE('',#2249,0.2);
#181=CIRCLE('',#2250,0.2);
#182=CIRCLE('',#2251,0.2);
#183=CIRCLE('',#2252,0.2);
#184=CIRCLE('',#2253,0.2);
#185=CIRCLE('',#2254,0.2);
#186=CIRCLE('',#2255,0.2);
#187=CIRCLE('',#2257,0.2);
#188=CIRCLE('',#2258,0.2);
#189=CIRCLE('',#2259,0.2);
#190=CIRCLE('',#2260,0.2);
#191=CIRCLE('',#2261,0.2);
#192=CIRCLE('',#2262,0.2);
#193=CIRCLE('',#2264,0.2);
#194=CIRCLE('',#2265,0.2);
#195=CIRCLE('',#2266,0.2);
#196=CIRCLE('',#2268,0.2);
#197=CIRCLE('',#2269,0.2);
#198=CIRCLE('',#2270,0.2);
#199=CIRCLE('',#2272,0.2);
#200=CIRCLE('',#2273,0.2);
#201=CIRCLE('',#2274,0.2);
#202=CIRCLE('',#2275,0.2);
#203=CIRCLE('',#2276,0.2);
#204=CIRCLE('',#2277,0.2);
#205=CIRCLE('',#2278,0.2);
#206=CIRCLE('',#2279,0.2);
#207=CIRCLE('',#2280,0.2);
#208=CIRCLE('',#2281,0.2);
#209=CIRCLE('',#2282,0.2);
#210=CIRCLE('',#2283,0.2);
#211=CIRCLE('',#2284,0.2);
#212=CIRCLE('',#2285,0.2);
#213=CIRCLE('',#2287,0.2);
#214=CIRCLE('',#2288,0.2);
#215=CIRCLE('',#2289,0.2);
#216=CONICAL_SURFACE('',#2122,12.,0.26179938779915);
#217=CONICAL_SURFACE('',#2124,12.,0.26179938779915);
#218=CONICAL_SURFACE('',#2147,12.,0.26179938779915);
#219=LINE('',#2699,#270);
#220=LINE('',#2850,#271);
#221=LINE('',#2853,#272);
#222=LINE('',#2855,#273);
#223=LINE('',#2857,#274);
#224=LINE('',#2859,#275);
#225=LINE('',#2861,#276);
#226=LINE('',#2863,#277);
#227=LINE('',#2881,#278);
#228=LINE('',#2897,#279);
#229=LINE('',#2901,#280);
#230=LINE('',#2943,#281);
#231=LINE('',#3116,#282);
#232=LINE('',#3269,#283);
#233=LINE('',#3407,#284);
#234=LINE('',#3420,#285);
#235=LINE('',#3424,#286);
#236=LINE('',#3429,#287);
#237=LINE('',#3433,#288);
#238=LINE('',#3437,#289);
#239=LINE('',#3460,#290);
#240=LINE('',#3462,#291);
#241=LINE('',#3465,#292);
#242=LINE('',#3467,#293);
#243=LINE('',#3474,#294);
#244=LINE('',#3475,#295);
#245=LINE('',#3476,#296);
#246=LINE('',#3483,#297);
#247=LINE('',#3488,#298);
#248=LINE('',#3495,#299);
#249=LINE('',#3496,#300);
#250=LINE('',#3497,#301);
#251=LINE('',#3504,#302);
#252=LINE('',#3507,#303);
#253=LINE('',#3514,#304);
#254=LINE('',#3515,#305);
#255=LINE('',#3516,#306);
#256=LINE('',#3523,#307);
#257=LINE('',#3539,#308);
#258=LINE('',#3549,#309);
#259=LINE('',#3558,#310);
#260=LINE('',#3567,#311);
#261=LINE('',#3569,#312);
#262=LINE('',#3579,#313);
#263=LINE('',#3595,#314);
#264=LINE('',#3607,#315);
#265=LINE('',#3618,#316);
#266=LINE('',#3628,#317);
#267=LINE('',#3639,#318);
#268=LINE('',#4438,#319);
#269=LINE('',#4440,#320);
#270=VECTOR('',#2294,1000.);
#271=VECTOR('',#2305,1000.);
#272=VECTOR('',#2306,1000.);
#273=VECTOR('',#2307,1000.);
#274=VECTOR('',#2308,1000.);
#275=VECTOR('',#2309,1000.);
#276=VECTOR('',#2310,1000.);
#277=VECTOR('',#2313,1000.);
#278=VECTOR('',#2316,1000.);
#279=VECTOR('',#2321,1000.);
#280=VECTOR('',#2324,1000.);
#281=VECTOR('',#2339,1000.);
#282=VECTOR('',#2354,1000.);
#283=VECTOR('',#2355,1000.);
#284=VECTOR('',#2366,1000.);
#285=VECTOR('',#2373,1000.);
#286=VECTOR('',#2376,1000.);
#287=VECTOR('',#2381,1000.);
#288=VECTOR('',#2384,1000.);
#289=VECTOR('',#2389,1000.);
#290=VECTOR('',#2416,1000.);
#291=VECTOR('',#2419,1000.);
#292=VECTOR('',#2420,1000.);
#293=VECTOR('',#2421,1000.);
#294=VECTOR('',#2422,1000.);
#295=VECTOR('',#2423,1000.);
#296=VECTOR('',#2424,1000.);
#297=VECTOR('',#2427,1000.);
#298=VECTOR('',#2430,1000.);
#299=VECTOR('',#2431,1000.);
#300=VECTOR('',#2432,1000.);
#301=VECTOR('',#2433,1000.);
#302=VECTOR('',#2436,1000.);
#303=VECTOR('',#2437,1000.);
#304=VECTOR('',#2438,1000.);
#305=VECTOR('',#2439,1000.);
#306=VECTOR('',#2440,1000.);
#307=VECTOR('',#2441,1000.);
#308=VECTOR('',#2444,1000.);
#309=VECTOR('',#2447,1000.);
#310=VECTOR('',#2448,1000.);
#311=VECTOR('',#2451,1000.);
#312=VECTOR('',#2452,1000.);
#313=VECTOR('',#2455,1000.);
#314=VECTOR('',#2456,1000.);
#315=VECTOR('',#2473,1000.);
#316=VECTOR('',#2474,1000.);
#317=VECTOR('',#2487,1000.);
#318=VECTOR('',#2488,1000.);
#319=VECTOR('',#2585,1000.);
#320=VECTOR('',#2586,1000.);
#321=ORIENTED_EDGE('',*,*,#965,.T.);
#322=ORIENTED_EDGE('',*,*,#966,.T.);
#323=ORIENTED_EDGE('',*,*,#967,.T.);
#324=ORIENTED_EDGE('',*,*,#968,.F.);
#325=ORIENTED_EDGE('',*,*,#969,.T.);
#326=ORIENTED_EDGE('',*,*,#970,.T.);
#327=ORIENTED_EDGE('',*,*,#971,.T.);
#328=ORIENTED_EDGE('',*,*,#972,.T.);
#329=ORIENTED_EDGE('',*,*,#973,.T.);
#330=ORIENTED_EDGE('',*,*,#974,.T.);
#331=ORIENTED_EDGE('',*,*,#975,.F.);
#332=ORIENTED_EDGE('',*,*,#976,.T.);
#333=ORIENTED_EDGE('',*,*,#977,.T.);
#334=ORIENTED_EDGE('',*,*,#978,.T.);
#335=ORIENTED_EDGE('',*,*,#979,.F.);
#336=ORIENTED_EDGE('',*,*,#980,.F.);
#337=ORIENTED_EDGE('',*,*,#981,.T.);
#338=ORIENTED_EDGE('',*,*,#982,.T.);
#339=ORIENTED_EDGE('',*,*,#983,.T.);
#340=ORIENTED_EDGE('',*,*,#984,.T.);
#341=ORIENTED_EDGE('',*,*,#985,.F.);
#342=ORIENTED_EDGE('',*,*,#986,.F.);
#343=ORIENTED_EDGE('',*,*,#987,.F.);
#344=ORIENTED_EDGE('',*,*,#988,.T.);
#345=ORIENTED_EDGE('',*,*,#989,.T.);
#346=ORIENTED_EDGE('',*,*,#990,.T.);
#347=ORIENTED_EDGE('',*,*,#991,.T.);
#348=ORIENTED_EDGE('',*,*,#992,.T.);
#349=ORIENTED_EDGE('',*,*,#993,.F.);
#350=ORIENTED_EDGE('',*,*,#994,.F.);
#351=ORIENTED_EDGE('',*,*,#995,.T.);
#352=ORIENTED_EDGE('',*,*,#996,.T.);
#353=ORIENTED_EDGE('',*,*,#997,.T.);
#354=ORIENTED_EDGE('',*,*,#998,.F.);
#355=ORIENTED_EDGE('',*,*,#999,.T.);
#356=ORIENTED_EDGE('',*,*,#1000,.T.);
#357=ORIENTED_EDGE('',*,*,#1001,.T.);
#358=ORIENTED_EDGE('',*,*,#1002,.T.);
#359=ORIENTED_EDGE('',*,*,#1003,.T.);
#360=ORIENTED_EDGE('',*,*,#1004,.T.);
#361=ORIENTED_EDGE('',*,*,#1005,.T.);
#362=ORIENTED_EDGE('',*,*,#1006,.F.);
#363=ORIENTED_EDGE('',*,*,#1007,.T.);
#364=ORIENTED_EDGE('',*,*,#1008,.T.);
#365=ORIENTED_EDGE('',*,*,#1005,.F.);
#366=ORIENTED_EDGE('',*,*,#999,.F.);
#367=ORIENTED_EDGE('',*,*,#1009,.T.);
#368=ORIENTED_EDGE('',*,*,#1010,.T.);
#369=ORIENTED_EDGE('',*,*,#1011,.T.);
#370=ORIENTED_EDGE('',*,*,#1012,.T.);
#371=ORIENTED_EDGE('',*,*,#1013,.T.);
#372=ORIENTED_EDGE('',*,*,#1014,.T.);
#373=ORIENTED_EDGE('',*,*,#1015,.F.);
#374=ORIENTED_EDGE('',*,*,#1016,.T.);
#375=ORIENTED_EDGE('',*,*,#1017,.T.);
#376=ORIENTED_EDGE('',*,*,#1018,.F.);
#377=ORIENTED_EDGE('',*,*,#1019,.F.);
#378=ORIENTED_EDGE('',*,*,#1020,.T.);
#379=ORIENTED_EDGE('',*,*,#1021,.T.);
#380=ORIENTED_EDGE('',*,*,#1022,.T.);
#381=ORIENTED_EDGE('',*,*,#1023,.T.);
#382=ORIENTED_EDGE('',*,*,#1024,.T.);
#383=ORIENTED_EDGE('',*,*,#978,.F.);
#384=ORIENTED_EDGE('',*,*,#1025,.T.);
#385=ORIENTED_EDGE('',*,*,#976,.F.);
#386=ORIENTED_EDGE('',*,*,#1026,.F.);
#387=ORIENTED_EDGE('',*,*,#1014,.F.);
#388=ORIENTED_EDGE('',*,*,#1027,.T.);
#389=ORIENTED_EDGE('',*,*,#1028,.T.);
#390=ORIENTED_EDGE('',*,*,#1029,.F.);
#391=ORIENTED_EDGE('',*,*,#1007,.F.);
#392=ORIENTED_EDGE('',*,*,#1030,.F.);
#393=ORIENTED_EDGE('',*,*,#1031,.F.);
#394=ORIENTED_EDGE('',*,*,#1032,.F.);
#395=ORIENTED_EDGE('',*,*,#1033,.F.);
#396=ORIENTED_EDGE('',*,*,#1034,.F.);
#397=ORIENTED_EDGE('',*,*,#1010,.F.);
#398=ORIENTED_EDGE('',*,*,#1035,.T.);
#399=ORIENTED_EDGE('',*,*,#1036,.T.);
#400=ORIENTED_EDGE('',*,*,#1037,.T.);
#401=ORIENTED_EDGE('',*,*,#1038,.T.);
#402=ORIENTED_EDGE('',*,*,#1039,.T.);
#403=ORIENTED_EDGE('',*,*,#1040,.T.);
#404=ORIENTED_EDGE('',*,*,#1041,.T.);
#405=ORIENTED_EDGE('',*,*,#1042,.T.);
#406=ORIENTED_EDGE('',*,*,#1043,.T.);
#407=ORIENTED_EDGE('',*,*,#1044,.T.);
#408=ORIENTED_EDGE('',*,*,#1045,.T.);
#409=ORIENTED_EDGE('',*,*,#1046,.T.);
#410=ORIENTED_EDGE('',*,*,#1047,.T.);
#411=ORIENTED_EDGE('',*,*,#1048,.T.);
#412=ORIENTED_EDGE('',*,*,#1049,.T.);
#413=ORIENTED_EDGE('',*,*,#1050,.T.);
#414=ORIENTED_EDGE('',*,*,#1051,.T.);
#415=ORIENTED_EDGE('',*,*,#1052,.T.);
#416=ORIENTED_EDGE('',*,*,#1053,.T.);
#417=ORIENTED_EDGE('',*,*,#1054,.T.);
#418=ORIENTED_EDGE('',*,*,#1055,.T.);
#419=ORIENTED_EDGE('',*,*,#1056,.T.);
#420=ORIENTED_EDGE('',*,*,#1057,.T.);
#421=ORIENTED_EDGE('',*,*,#1058,.T.);
#422=ORIENTED_EDGE('',*,*,#1059,.T.);
#423=ORIENTED_EDGE('',*,*,#1060,.T.);
#424=ORIENTED_EDGE('',*,*,#1061,.T.);
#425=ORIENTED_EDGE('',*,*,#1062,.T.);
#426=ORIENTED_EDGE('',*,*,#1063,.T.);
#427=ORIENTED_EDGE('',*,*,#1064,.T.);
#428=ORIENTED_EDGE('',*,*,#1065,.T.);
#429=ORIENTED_EDGE('',*,*,#1066,.T.);
#430=ORIENTED_EDGE('',*,*,#1067,.T.);
#431=ORIENTED_EDGE('',*,*,#1068,.T.);
#432=ORIENTED_EDGE('',*,*,#1069,.T.);
#433=ORIENTED_EDGE('',*,*,#1070,.T.);
#434=ORIENTED_EDGE('',*,*,#1071,.T.);
#435=ORIENTED_EDGE('',*,*,#1072,.T.);
#436=ORIENTED_EDGE('',*,*,#1073,.F.);
#437=ORIENTED_EDGE('',*,*,#972,.F.);
#438=ORIENTED_EDGE('',*,*,#1074,.T.);
#439=ORIENTED_EDGE('',*,*,#1075,.F.);
#440=ORIENTED_EDGE('',*,*,#1076,.F.);
#441=ORIENTED_EDGE('',*,*,#974,.F.);
#442=ORIENTED_EDGE('',*,*,#1077,.T.);
#443=ORIENTED_EDGE('',*,*,#1078,.T.);
#444=ORIENTED_EDGE('',*,*,#1079,.F.);
#445=ORIENTED_EDGE('',*,*,#1080,.T.);
#446=ORIENTED_EDGE('',*,*,#1081,.F.);
#447=ORIENTED_EDGE('',*,*,#1082,.F.);
#448=ORIENTED_EDGE('',*,*,#1083,.T.);
#449=ORIENTED_EDGE('',*,*,#1084,.T.);
#450=ORIENTED_EDGE('',*,*,#1085,.F.);
#451=ORIENTED_EDGE('',*,*,#1086,.F.);
#452=ORIENTED_EDGE('',*,*,#1087,.T.);
#453=ORIENTED_EDGE('',*,*,#1088,.T.);
#454=ORIENTED_EDGE('',*,*,#1089,.F.);
#455=ORIENTED_EDGE('',*,*,#1090,.F.);
#456=ORIENTED_EDGE('',*,*,#1091,.T.);
#457=ORIENTED_EDGE('',*,*,#1092,.T.);
#458=ORIENTED_EDGE('',*,*,#992,.F.);
#459=ORIENTED_EDGE('',*,*,#1093,.F.);
#460=ORIENTED_EDGE('',*,*,#1094,.T.);
#461=ORIENTED_EDGE('',*,*,#1095,.F.);
#462=ORIENTED_EDGE('',*,*,#1096,.T.);
#463=ORIENTED_EDGE('',*,*,#1097,.F.);
#464=ORIENTED_EDGE('',*,*,#1098,.T.);
#465=ORIENTED_EDGE('',*,*,#1099,.F.);
#466=ORIENTED_EDGE('',*,*,#994,.T.);
#467=ORIENTED_EDGE('',*,*,#1100,.T.);
#468=ORIENTED_EDGE('',*,*,#1101,.F.);
#469=ORIENTED_EDGE('',*,*,#1102,.T.);
#470=ORIENTED_EDGE('',*,*,#1103,.T.);
#471=ORIENTED_EDGE('',*,*,#1104,.T.);
#472=ORIENTED_EDGE('',*,*,#1105,.T.);
#473=ORIENTED_EDGE('',*,*,#1106,.F.);
#474=ORIENTED_EDGE('',*,*,#1101,.T.);
#475=ORIENTED_EDGE('',*,*,#1107,.T.);
#476=ORIENTED_EDGE('',*,*,#1083,.F.);
#477=ORIENTED_EDGE('',*,*,#1108,.F.);
#478=ORIENTED_EDGE('',*,*,#1109,.T.);
#479=ORIENTED_EDGE('',*,*,#1110,.T.);
#480=ORIENTED_EDGE('',*,*,#1111,.T.);
#481=ORIENTED_EDGE('',*,*,#1112,.T.);
#482=ORIENTED_EDGE('',*,*,#1113,.T.);
#483=ORIENTED_EDGE('',*,*,#1114,.F.);
#484=ORIENTED_EDGE('',*,*,#1085,.T.);
#485=ORIENTED_EDGE('',*,*,#1115,.T.);
#486=ORIENTED_EDGE('',*,*,#1087,.F.);
#487=ORIENTED_EDGE('',*,*,#1116,.F.);
#488=ORIENTED_EDGE('',*,*,#1117,.T.);
#489=ORIENTED_EDGE('',*,*,#1118,.F.);
#490=ORIENTED_EDGE('',*,*,#1119,.T.);
#491=ORIENTED_EDGE('',*,*,#1120,.T.);
#492=ORIENTED_EDGE('',*,*,#1121,.T.);
#493=ORIENTED_EDGE('',*,*,#1089,.T.);
#494=ORIENTED_EDGE('',*,*,#1122,.F.);
#495=ORIENTED_EDGE('',*,*,#1091,.F.);
#496=ORIENTED_EDGE('',*,*,#1123,.T.);
#497=ORIENTED_EDGE('',*,*,#1124,.T.);
#498=ORIENTED_EDGE('',*,*,#1125,.T.);
#499=ORIENTED_EDGE('',*,*,#987,.T.);
#500=ORIENTED_EDGE('',*,*,#1126,.T.);
#501=ORIENTED_EDGE('',*,*,#1127,.T.);
#502=ORIENTED_EDGE('',*,*,#1019,.T.);
#503=ORIENTED_EDGE('',*,*,#1128,.F.);
#504=ORIENTED_EDGE('',*,*,#1129,.T.);
#505=ORIENTED_EDGE('',*,*,#1130,.T.);
#506=ORIENTED_EDGE('',*,*,#1131,.T.);
#507=ORIENTED_EDGE('',*,*,#1132,.T.);
#508=ORIENTED_EDGE('',*,*,#1097,.T.);
#509=ORIENTED_EDGE('',*,*,#1095,.T.);
#510=ORIENTED_EDGE('',*,*,#1093,.T.);
#511=ORIENTED_EDGE('',*,*,#1107,.F.);
#512=ORIENTED_EDGE('',*,*,#1100,.F.);
#513=ORIENTED_EDGE('',*,*,#993,.T.);
#514=ORIENTED_EDGE('',*,*,#1092,.F.);
#515=ORIENTED_EDGE('',*,*,#1122,.T.);
#516=ORIENTED_EDGE('',*,*,#1088,.F.);
#517=ORIENTED_EDGE('',*,*,#1115,.F.);
#518=ORIENTED_EDGE('',*,*,#1084,.F.);
#519=ORIENTED_EDGE('',*,*,#1015,.T.);
#520=ORIENTED_EDGE('',*,*,#1026,.T.);
#521=ORIENTED_EDGE('',*,*,#975,.T.);
#522=ORIENTED_EDGE('',*,*,#1076,.T.);
#523=ORIENTED_EDGE('',*,*,#1133,.F.);
#524=ORIENTED_EDGE('',*,*,#1134,.T.);
#525=ORIENTED_EDGE('',*,*,#1135,.T.);
#526=ORIENTED_EDGE('',*,*,#1081,.T.);
#527=ORIENTED_EDGE('',*,*,#1136,.T.);
#528=ORIENTED_EDGE('',*,*,#1137,.F.);
#529=ORIENTED_EDGE('',*,*,#1138,.T.);
#530=ORIENTED_EDGE('',*,*,#1139,.T.);
#531=ORIENTED_EDGE('',*,*,#1140,.T.);
#532=ORIENTED_EDGE('',*,*,#1141,.T.);
#533=ORIENTED_EDGE('',*,*,#1073,.T.);
#534=ORIENTED_EDGE('',*,*,#1142,.T.);
#535=ORIENTED_EDGE('',*,*,#1143,.F.);
#536=ORIENTED_EDGE('',*,*,#1078,.F.);
#537=ORIENTED_EDGE('',*,*,#1106,.T.);
#538=ORIENTED_EDGE('',*,*,#1144,.T.);
#539=ORIENTED_EDGE('',*,*,#1145,.T.);
#540=ORIENTED_EDGE('',*,*,#1033,.T.);
#541=ORIENTED_EDGE('',*,*,#989,.F.);
#542=ORIENTED_EDGE('',*,*,#1099,.T.);
#543=ORIENTED_EDGE('',*,*,#1098,.F.);
#544=ORIENTED_EDGE('',*,*,#1146,.T.);
#545=ORIENTED_EDGE('',*,*,#1147,.T.);
#546=ORIENTED_EDGE('',*,*,#1116,.T.);
#547=ORIENTED_EDGE('',*,*,#1086,.T.);
#548=ORIENTED_EDGE('',*,*,#1121,.F.);
#549=ORIENTED_EDGE('',*,*,#1148,.T.);
#550=ORIENTED_EDGE('',*,*,#1149,.T.);
#551=ORIENTED_EDGE('',*,*,#1150,.T.);
#552=ORIENTED_EDGE('',*,*,#1151,.T.);
#553=ORIENTED_EDGE('',*,*,#1152,.T.);
#554=ORIENTED_EDGE('',*,*,#1153,.T.);
#555=ORIENTED_EDGE('',*,*,#1154,.T.);
#556=ORIENTED_EDGE('',*,*,#1108,.T.);
#557=ORIENTED_EDGE('',*,*,#1082,.T.);
#558=ORIENTED_EDGE('',*,*,#1114,.T.);
#559=ORIENTED_EDGE('',*,*,#1155,.T.);
#560=ORIENTED_EDGE('',*,*,#1096,.F.);
#561=ORIENTED_EDGE('',*,*,#1156,.T.);
#562=ORIENTED_EDGE('',*,*,#1157,.T.);
#563=ORIENTED_EDGE('',*,*,#1158,.T.);
#564=ORIENTED_EDGE('',*,*,#1159,.T.);
#565=ORIENTED_EDGE('',*,*,#1094,.F.);
#566=ORIENTED_EDGE('',*,*,#1160,.T.);
#567=ORIENTED_EDGE('',*,*,#1161,.T.);
#568=ORIENTED_EDGE('',*,*,#1123,.F.);
#569=ORIENTED_EDGE('',*,*,#1090,.T.);
#570=ORIENTED_EDGE('',*,*,#991,.F.);
#571=ORIENTED_EDGE('',*,*,#1031,.T.);
#572=ORIENTED_EDGE('',*,*,#1162,.F.);
#573=ORIENTED_EDGE('',*,*,#1163,.T.);
#574=ORIENTED_EDGE('',*,*,#1149,.F.);
#575=ORIENTED_EDGE('',*,*,#1164,.T.);
#576=ORIENTED_EDGE('',*,*,#1119,.F.);
#577=ORIENTED_EDGE('',*,*,#1165,.F.);
#578=ORIENTED_EDGE('',*,*,#1166,.T.);
#579=ORIENTED_EDGE('',*,*,#995,.F.);
#580=ORIENTED_EDGE('',*,*,#1167,.T.);
#581=ORIENTED_EDGE('',*,*,#1104,.F.);
#582=ORIENTED_EDGE('',*,*,#1158,.F.);
#583=ORIENTED_EDGE('',*,*,#1168,.T.);
#584=ORIENTED_EDGE('',*,*,#1169,.F.);
#585=ORIENTED_EDGE('',*,*,#1102,.F.);
#586=ORIENTED_EDGE('',*,*,#1170,.T.);
#587=ORIENTED_EDGE('',*,*,#1112,.F.);
#588=ORIENTED_EDGE('',*,*,#1171,.T.);
#589=ORIENTED_EDGE('',*,*,#1156,.F.);
#590=ORIENTED_EDGE('',*,*,#1172,.T.);
#591=ORIENTED_EDGE('',*,*,#1151,.F.);
#592=ORIENTED_EDGE('',*,*,#1173,.T.);
#593=ORIENTED_EDGE('',*,*,#1110,.F.);
#594=ORIENTED_EDGE('',*,*,#1174,.T.);
#595=ORIENTED_EDGE('',*,*,#1003,.F.);
#596=ORIENTED_EDGE('',*,*,#1175,.T.);
#597=ORIENTED_EDGE('',*,*,#1176,.F.);
#598=ORIENTED_EDGE('',*,*,#1125,.F.);
#599=ORIENTED_EDGE('',*,*,#1177,.T.);
#600=ORIENTED_EDGE('',*,*,#1178,.T.);
#601=ORIENTED_EDGE('',*,*,#1179,.T.);
#602=ORIENTED_EDGE('',*,*,#1180,.T.);
#603=ORIENTED_EDGE('',*,*,#1138,.F.);
#604=ORIENTED_EDGE('',*,*,#1181,.F.);
#605=ORIENTED_EDGE('',*,*,#1182,.F.);
#606=ORIENTED_EDGE('',*,*,#1183,.T.);
#607=ORIENTED_EDGE('',*,*,#1184,.T.);
#608=ORIENTED_EDGE('',*,*,#1185,.T.);
#609=ORIENTED_EDGE('',*,*,#1134,.F.);
#610=ORIENTED_EDGE('',*,*,#1186,.T.);
#611=ORIENTED_EDGE('',*,*,#1187,.T.);
#612=ORIENTED_EDGE('',*,*,#1188,.T.);
#613=ORIENTED_EDGE('',*,*,#1129,.F.);
#614=ORIENTED_EDGE('',*,*,#1189,.F.);
#615=ORIENTED_EDGE('',*,*,#1018,.T.);
#616=ORIENTED_EDGE('',*,*,#1190,.T.);
#617=ORIENTED_EDGE('',*,*,#1189,.T.);
#618=ORIENTED_EDGE('',*,*,#1128,.T.);
#619=ORIENTED_EDGE('',*,*,#1191,.T.);
#620=ORIENTED_EDGE('',*,*,#1192,.T.);
#621=ORIENTED_EDGE('',*,*,#1193,.T.);
#622=ORIENTED_EDGE('',*,*,#1131,.F.);
#623=ORIENTED_EDGE('',*,*,#1194,.T.);
#624=ORIENTED_EDGE('',*,*,#1195,.T.);
#625=ORIENTED_EDGE('',*,*,#1181,.T.);
#626=ORIENTED_EDGE('',*,*,#1143,.T.);
#627=ORIENTED_EDGE('',*,*,#1196,.T.);
#628=ORIENTED_EDGE('',*,*,#1197,.T.);
#629=ORIENTED_EDGE('',*,*,#1198,.T.);
#630=ORIENTED_EDGE('',*,*,#1140,.F.);
#631=ORIENTED_EDGE('',*,*,#1075,.T.);
#632=ORIENTED_EDGE('',*,*,#1199,.T.);
#633=ORIENTED_EDGE('',*,*,#1182,.T.);
#634=ORIENTED_EDGE('',*,*,#1133,.T.);
#635=ORIENTED_EDGE('',*,*,#1080,.F.);
#636=ORIENTED_EDGE('',*,*,#1200,.T.);
#637=ORIENTED_EDGE('',*,*,#1136,.F.);
#638=ORIENTED_EDGE('',*,*,#1200,.F.);
#639=ORIENTED_EDGE('',*,*,#1079,.T.);
#640=ORIENTED_EDGE('',*,*,#1137,.T.);
#641=ORIENTED_EDGE('',*,*,#1198,.F.);
#642=ORIENTED_EDGE('',*,*,#1201,.T.);
#643=ORIENTED_EDGE('',*,*,#1070,.F.);
#644=ORIENTED_EDGE('',*,*,#1141,.F.);
#645=ORIENTED_EDGE('',*,*,#1180,.F.);
#646=ORIENTED_EDGE('',*,*,#1202,.T.);
#647=ORIENTED_EDGE('',*,*,#1196,.F.);
#648=ORIENTED_EDGE('',*,*,#1139,.F.);
#649=ORIENTED_EDGE('',*,*,#1185,.F.);
#650=ORIENTED_EDGE('',*,*,#1203,.T.);
#651=ORIENTED_EDGE('',*,*,#1011,.F.);
#652=ORIENTED_EDGE('',*,*,#1135,.F.);
#653=ORIENTED_EDGE('',*,*,#1188,.F.);
#654=ORIENTED_EDGE('',*,*,#1204,.T.);
#655=ORIENTED_EDGE('',*,*,#1191,.F.);
#656=ORIENTED_EDGE('',*,*,#1130,.F.);
#657=ORIENTED_EDGE('',*,*,#1072,.F.);
#658=ORIENTED_EDGE('',*,*,#1205,.T.);
#659=ORIENTED_EDGE('',*,*,#1194,.F.);
#660=ORIENTED_EDGE('',*,*,#1142,.F.);
#661=ORIENTED_EDGE('',*,*,#1193,.F.);
#662=ORIENTED_EDGE('',*,*,#1206,.T.);
#663=ORIENTED_EDGE('',*,*,#982,.F.);
#664=ORIENTED_EDGE('',*,*,#1132,.F.);
#665=ORIENTED_EDGE('',*,*,#1113,.F.);
#666=ORIENTED_EDGE('',*,*,#1172,.F.);
#667=ORIENTED_EDGE('',*,*,#1207,.F.);
#668=ORIENTED_EDGE('',*,*,#1155,.F.);
#669=ORIENTED_EDGE('',*,*,#1109,.F.);
#670=ORIENTED_EDGE('',*,*,#1154,.F.);
#671=ORIENTED_EDGE('',*,*,#1208,.F.);
#672=ORIENTED_EDGE('',*,*,#1170,.F.);
#673=ORIENTED_EDGE('',*,*,#1207,.T.);
#674=ORIENTED_EDGE('',*,*,#1159,.F.);
#675=ORIENTED_EDGE('',*,*,#1208,.T.);
#676=ORIENTED_EDGE('',*,*,#1153,.F.);
#677=ORIENTED_EDGE('',*,*,#1120,.F.);
#678=ORIENTED_EDGE('',*,*,#1164,.F.);
#679=ORIENTED_EDGE('',*,*,#1209,.F.);
#680=ORIENTED_EDGE('',*,*,#1148,.F.);
#681=ORIENTED_EDGE('',*,*,#1117,.F.);
#682=ORIENTED_EDGE('',*,*,#1147,.F.);
#683=ORIENTED_EDGE('',*,*,#1210,.F.);
#684=ORIENTED_EDGE('',*,*,#1174,.F.);
#685=ORIENTED_EDGE('',*,*,#1209,.T.);
#686=ORIENTED_EDGE('',*,*,#1152,.F.);
#687=ORIENTED_EDGE('',*,*,#1210,.T.);
#688=ORIENTED_EDGE('',*,*,#1146,.F.);
#689=ORIENTED_EDGE('',*,*,#1124,.F.);
#690=ORIENTED_EDGE('',*,*,#1161,.F.);
#691=ORIENTED_EDGE('',*,*,#1211,.F.);
#692=ORIENTED_EDGE('',*,*,#1177,.F.);
#693=ORIENTED_EDGE('',*,*,#1030,.T.);
#694=ORIENTED_EDGE('',*,*,#1004,.F.);
#695=ORIENTED_EDGE('',*,*,#1211,.T.);
#696=ORIENTED_EDGE('',*,*,#1160,.F.);
#697=ORIENTED_EDGE('',*,*,#1105,.F.);
#698=ORIENTED_EDGE('',*,*,#1167,.F.);
#699=ORIENTED_EDGE('',*,*,#1212,.F.);
#700=ORIENTED_EDGE('',*,*,#1144,.F.);
#701=ORIENTED_EDGE('',*,*,#1212,.T.);
#702=ORIENTED_EDGE('',*,*,#1000,.F.);
#703=ORIENTED_EDGE('',*,*,#1034,.T.);
#704=ORIENTED_EDGE('',*,*,#1145,.F.);
#705=ORIENTED_EDGE('',*,*,#1213,.T.);
#706=ORIENTED_EDGE('',*,*,#1214,.T.);
#707=ORIENTED_EDGE('',*,*,#1215,.T.);
#708=ORIENTED_EDGE('',*,*,#1216,.T.);
#709=ORIENTED_EDGE('',*,*,#1213,.F.);
#710=ORIENTED_EDGE('',*,*,#973,.F.);
#711=ORIENTED_EDGE('',*,*,#1077,.F.);
#712=ORIENTED_EDGE('',*,*,#988,.F.);
#713=ORIENTED_EDGE('',*,*,#1216,.F.);
#714=ORIENTED_EDGE('',*,*,#1025,.F.);
#715=ORIENTED_EDGE('',*,*,#977,.F.);
#716=ORIENTED_EDGE('',*,*,#1214,.F.);
#717=ORIENTED_EDGE('',*,*,#1069,.F.);
#718=ORIENTED_EDGE('',*,*,#1215,.F.);
#719=ORIENTED_EDGE('',*,*,#1169,.T.);
#720=ORIENTED_EDGE('',*,*,#1217,.T.);
#721=ORIENTED_EDGE('',*,*,#1063,.F.);
#722=ORIENTED_EDGE('',*,*,#1218,.T.);
#723=ORIENTED_EDGE('',*,*,#1165,.T.);
#724=ORIENTED_EDGE('',*,*,#1103,.F.);
#725=ORIENTED_EDGE('',*,*,#1037,.F.);
#726=ORIENTED_EDGE('',*,*,#1219,.T.);
#727=ORIENTED_EDGE('',*,*,#1162,.T.);
#728=ORIENTED_EDGE('',*,*,#1118,.T.);
#729=ORIENTED_EDGE('',*,*,#1176,.T.);
#730=ORIENTED_EDGE('',*,*,#1220,.T.);
#731=ORIENTED_EDGE('',*,*,#1221,.T.);
#732=ORIENTED_EDGE('',*,*,#1006,.T.);
#733=ORIENTED_EDGE('',*,*,#1008,.F.);
#734=ORIENTED_EDGE('',*,*,#1029,.T.);
#735=ORIENTED_EDGE('',*,*,#990,.F.);
#736=ORIENTED_EDGE('',*,*,#1032,.T.);
#737=ORIENTED_EDGE('',*,*,#1009,.F.);
#738=ORIENTED_EDGE('',*,*,#998,.T.);
#739=ORIENTED_EDGE('',*,*,#1222,.T.);
#740=ORIENTED_EDGE('',*,*,#1223,.T.);
#741=ORIENTED_EDGE('',*,*,#1224,.T.);
#742=ORIENTED_EDGE('',*,*,#1225,.T.);
#743=ORIENTED_EDGE('',*,*,#968,.T.);
#744=ORIENTED_EDGE('',*,*,#1226,.T.);
#745=ORIENTED_EDGE('',*,*,#1227,.T.);
#746=ORIENTED_EDGE('',*,*,#997,.F.);
#747=ORIENTED_EDGE('',*,*,#1228,.T.);
#748=ORIENTED_EDGE('',*,*,#1229,.T.);
#749=ORIENTED_EDGE('',*,*,#1222,.F.);
#750=ORIENTED_EDGE('',*,*,#1230,.T.);
#751=ORIENTED_EDGE('',*,*,#1231,.T.);
#752=ORIENTED_EDGE('',*,*,#1232,.T.);
#753=ORIENTED_EDGE('',*,*,#1001,.F.);
#754=ORIENTED_EDGE('',*,*,#1221,.F.);
#755=ORIENTED_EDGE('',*,*,#1233,.T.);
#756=ORIENTED_EDGE('',*,*,#1229,.F.);
#757=ORIENTED_EDGE('',*,*,#1234,.T.);
#758=ORIENTED_EDGE('',*,*,#970,.F.);
#759=ORIENTED_EDGE('',*,*,#1235,.F.);
#760=ORIENTED_EDGE('',*,*,#1236,.F.);
#761=ORIENTED_EDGE('',*,*,#1223,.F.);
#762=ORIENTED_EDGE('',*,*,#1235,.T.);
#763=ORIENTED_EDGE('',*,*,#981,.F.);
#764=ORIENTED_EDGE('',*,*,#1237,.F.);
#765=ORIENTED_EDGE('',*,*,#1028,.F.);
#766=ORIENTED_EDGE('',*,*,#1238,.F.);
#767=ORIENTED_EDGE('',*,*,#1225,.F.);
#768=ORIENTED_EDGE('',*,*,#1238,.T.);
#769=ORIENTED_EDGE('',*,*,#1027,.F.);
#770=ORIENTED_EDGE('',*,*,#1239,.F.);
#771=ORIENTED_EDGE('',*,*,#969,.F.);
#772=ORIENTED_EDGE('',*,*,#1013,.F.);
#773=ORIENTED_EDGE('',*,*,#1240,.T.);
#774=ORIENTED_EDGE('',*,*,#965,.F.);
#775=ORIENTED_EDGE('',*,*,#1239,.T.);
#776=ORIENTED_EDGE('',*,*,#984,.F.);
#777=ORIENTED_EDGE('',*,*,#1241,.T.);
#778=ORIENTED_EDGE('',*,*,#1230,.F.);
#779=ORIENTED_EDGE('',*,*,#1242,.F.);
#780=ORIENTED_EDGE('',*,*,#1243,.F.);
#781=ORIENTED_EDGE('',*,*,#1244,.F.);
#782=ORIENTED_EDGE('',*,*,#985,.T.);
#783=ORIENTED_EDGE('',*,*,#1242,.T.);
#784=ORIENTED_EDGE('',*,*,#1233,.F.);
#785=ORIENTED_EDGE('',*,*,#1245,.F.);
#786=ORIENTED_EDGE('',*,*,#1226,.F.);
#787=ORIENTED_EDGE('',*,*,#1246,.F.);
#788=ORIENTED_EDGE('',*,*,#1022,.F.);
#789=ORIENTED_EDGE('',*,*,#967,.F.);
#790=ORIENTED_EDGE('',*,*,#1247,.T.);
#791=ORIENTED_EDGE('',*,*,#1016,.F.);
#792=ORIENTED_EDGE('',*,*,#1246,.T.);
#793=ORIENTED_EDGE('',*,*,#1248,.F.);
#794=ORIENTED_EDGE('',*,*,#1243,.T.);
#795=ORIENTED_EDGE('',*,*,#1227,.F.);
#796=ORIENTED_EDGE('',*,*,#1245,.T.);
#797=ORIENTED_EDGE('',*,*,#1021,.F.);
#798=ORIENTED_EDGE('',*,*,#1126,.F.);
#799=ORIENTED_EDGE('',*,*,#986,.T.);
#800=ORIENTED_EDGE('',*,*,#1244,.T.);
#801=ORIENTED_EDGE('',*,*,#1248,.T.);
#802=ORIENTED_EDGE('',*,*,#1020,.F.);
#803=ORIENTED_EDGE('',*,*,#1127,.F.);
#804=ORIENTED_EDGE('',*,*,#1236,.T.);
#805=ORIENTED_EDGE('',*,*,#980,.T.);
#806=ORIENTED_EDGE('',*,*,#1249,.F.);
#807=ORIENTED_EDGE('',*,*,#1023,.F.);
#808=ORIENTED_EDGE('',*,*,#1237,.T.);
#809=ORIENTED_EDGE('',*,*,#1224,.F.);
#810=ORIENTED_EDGE('',*,*,#1249,.T.);
#811=ORIENTED_EDGE('',*,*,#979,.T.);
#812=ORIENTED_EDGE('',*,*,#1024,.F.);
#813=ORIENTED_EDGE('',*,*,#1250,.F.);
#814=ORIENTED_EDGE('',*,*,#1228,.F.);
#815=ORIENTED_EDGE('',*,*,#996,.F.);
#816=ORIENTED_EDGE('',*,*,#1166,.F.);
#817=ORIENTED_EDGE('',*,*,#1218,.F.);
#818=ORIENTED_EDGE('',*,*,#1062,.F.);
#819=ORIENTED_EDGE('',*,*,#1234,.F.);
#820=ORIENTED_EDGE('',*,*,#1250,.T.);
#821=ORIENTED_EDGE('',*,*,#1251,.F.);
#822=ORIENTED_EDGE('',*,*,#1251,.T.);
#823=ORIENTED_EDGE('',*,*,#1061,.F.);
#824=ORIENTED_EDGE('',*,*,#1252,.F.);
#825=ORIENTED_EDGE('',*,*,#971,.F.);
#826=ORIENTED_EDGE('',*,*,#1252,.T.);
#827=ORIENTED_EDGE('',*,*,#1060,.F.);
#828=ORIENTED_EDGE('',*,*,#1253,.F.);
#829=ORIENTED_EDGE('',*,*,#1074,.F.);
#830=ORIENTED_EDGE('',*,*,#1253,.T.);
#831=ORIENTED_EDGE('',*,*,#1059,.F.);
#832=ORIENTED_EDGE('',*,*,#1254,.F.);
#833=ORIENTED_EDGE('',*,*,#1183,.F.);
#834=ORIENTED_EDGE('',*,*,#1199,.F.);
#835=ORIENTED_EDGE('',*,*,#1254,.T.);
#836=ORIENTED_EDGE('',*,*,#1058,.F.);
#837=ORIENTED_EDGE('',*,*,#1255,.F.);
#838=ORIENTED_EDGE('',*,*,#1184,.F.);
#839=ORIENTED_EDGE('',*,*,#1255,.T.);
#840=ORIENTED_EDGE('',*,*,#1057,.F.);
#841=ORIENTED_EDGE('',*,*,#1256,.F.);
#842=ORIENTED_EDGE('',*,*,#1203,.F.);
#843=ORIENTED_EDGE('',*,*,#1257,.F.);
#844=ORIENTED_EDGE('',*,*,#1012,.F.);
#845=ORIENTED_EDGE('',*,*,#1256,.T.);
#846=ORIENTED_EDGE('',*,*,#1056,.F.);
#847=ORIENTED_EDGE('',*,*,#1240,.F.);
#848=ORIENTED_EDGE('',*,*,#1257,.T.);
#849=ORIENTED_EDGE('',*,*,#1258,.F.);
#850=ORIENTED_EDGE('',*,*,#1258,.T.);
#851=ORIENTED_EDGE('',*,*,#1055,.F.);
#852=ORIENTED_EDGE('',*,*,#1259,.F.);
#853=ORIENTED_EDGE('',*,*,#966,.F.);
#854=ORIENTED_EDGE('',*,*,#1220,.F.);
#855=ORIENTED_EDGE('',*,*,#1175,.F.);
#856=ORIENTED_EDGE('',*,*,#1260,.F.);
#857=ORIENTED_EDGE('',*,*,#1038,.F.);
#858=ORIENTED_EDGE('',*,*,#1247,.F.);
#859=ORIENTED_EDGE('',*,*,#1259,.T.);
#860=ORIENTED_EDGE('',*,*,#1261,.F.);
#861=ORIENTED_EDGE('',*,*,#1002,.F.);
#862=ORIENTED_EDGE('',*,*,#1232,.F.);
#863=ORIENTED_EDGE('',*,*,#1262,.F.);
#864=ORIENTED_EDGE('',*,*,#1039,.F.);
#865=ORIENTED_EDGE('',*,*,#1260,.T.);
#866=ORIENTED_EDGE('',*,*,#1261,.T.);
#867=ORIENTED_EDGE('',*,*,#1054,.F.);
#868=ORIENTED_EDGE('',*,*,#1263,.F.);
#869=ORIENTED_EDGE('',*,*,#1017,.F.);
#870=ORIENTED_EDGE('',*,*,#1262,.T.);
#871=ORIENTED_EDGE('',*,*,#1231,.F.);
#872=ORIENTED_EDGE('',*,*,#1264,.F.);
#873=ORIENTED_EDGE('',*,*,#1040,.F.);
#874=ORIENTED_EDGE('',*,*,#1263,.T.);
#875=ORIENTED_EDGE('',*,*,#1053,.F.);
#876=ORIENTED_EDGE('',*,*,#1265,.F.);
#877=ORIENTED_EDGE('',*,*,#1186,.F.);
#878=ORIENTED_EDGE('',*,*,#1190,.F.);
#879=ORIENTED_EDGE('',*,*,#1264,.T.);
#880=ORIENTED_EDGE('',*,*,#1241,.F.);
#881=ORIENTED_EDGE('',*,*,#1266,.F.);
#882=ORIENTED_EDGE('',*,*,#1267,.F.);
#883=ORIENTED_EDGE('',*,*,#1046,.F.);
#884=ORIENTED_EDGE('',*,*,#1268,.F.);
#885=ORIENTED_EDGE('',*,*,#1197,.F.);
#886=ORIENTED_EDGE('',*,*,#1265,.T.);
#887=ORIENTED_EDGE('',*,*,#1052,.F.);
#888=ORIENTED_EDGE('',*,*,#1269,.F.);
#889=ORIENTED_EDGE('',*,*,#1187,.F.);
#890=ORIENTED_EDGE('',*,*,#1266,.T.);
#891=ORIENTED_EDGE('',*,*,#983,.F.);
#892=ORIENTED_EDGE('',*,*,#1270,.F.);
#893=ORIENTED_EDGE('',*,*,#1041,.F.);
#894=ORIENTED_EDGE('',*,*,#1268,.T.);
#895=ORIENTED_EDGE('',*,*,#1045,.F.);
#896=ORIENTED_EDGE('',*,*,#1271,.F.);
#897=ORIENTED_EDGE('',*,*,#1201,.F.);
#898=ORIENTED_EDGE('',*,*,#1267,.T.);
#899=ORIENTED_EDGE('',*,*,#1202,.F.);
#900=ORIENTED_EDGE('',*,*,#1272,.F.);
#901=ORIENTED_EDGE('',*,*,#1047,.F.);
#902=ORIENTED_EDGE('',*,*,#1269,.T.);
#903=ORIENTED_EDGE('',*,*,#1051,.F.);
#904=ORIENTED_EDGE('',*,*,#1273,.F.);
#905=ORIENTED_EDGE('',*,*,#1204,.F.);
#906=ORIENTED_EDGE('',*,*,#1270,.T.);
#907=ORIENTED_EDGE('',*,*,#1206,.F.);
#908=ORIENTED_EDGE('',*,*,#1274,.F.);
#909=ORIENTED_EDGE('',*,*,#1275,.F.);
#910=ORIENTED_EDGE('',*,*,#1042,.F.);
#911=ORIENTED_EDGE('',*,*,#1271,.T.);
#912=ORIENTED_EDGE('',*,*,#1044,.F.);
#913=ORIENTED_EDGE('',*,*,#1276,.F.);
#914=ORIENTED_EDGE('',*,*,#1071,.F.);
#915=ORIENTED_EDGE('',*,*,#1179,.F.);
#916=ORIENTED_EDGE('',*,*,#1277,.F.);
#917=ORIENTED_EDGE('',*,*,#1048,.F.);
#918=ORIENTED_EDGE('',*,*,#1272,.T.);
#919=ORIENTED_EDGE('',*,*,#1278,.F.);
#920=ORIENTED_EDGE('',*,*,#1274,.T.);
#921=ORIENTED_EDGE('',*,*,#1192,.F.);
#922=ORIENTED_EDGE('',*,*,#1273,.T.);
#923=ORIENTED_EDGE('',*,*,#1050,.F.);
#924=ORIENTED_EDGE('',*,*,#1279,.F.);
#925=ORIENTED_EDGE('',*,*,#1275,.T.);
#926=ORIENTED_EDGE('',*,*,#1278,.T.);
#927=ORIENTED_EDGE('',*,*,#1280,.F.);
#928=ORIENTED_EDGE('',*,*,#1205,.F.);
#929=ORIENTED_EDGE('',*,*,#1276,.T.);
#930=ORIENTED_EDGE('',*,*,#1043,.F.);
#931=ORIENTED_EDGE('',*,*,#1178,.F.);
#932=ORIENTED_EDGE('',*,*,#1195,.F.);
#933=ORIENTED_EDGE('',*,*,#1280,.T.);
#934=ORIENTED_EDGE('',*,*,#1279,.T.);
#935=ORIENTED_EDGE('',*,*,#1049,.F.);
#936=ORIENTED_EDGE('',*,*,#1277,.T.);
#937=ORIENTED_EDGE('',*,*,#1217,.F.);
#938=ORIENTED_EDGE('',*,*,#1168,.F.);
#939=ORIENTED_EDGE('',*,*,#1281,.F.);
#940=ORIENTED_EDGE('',*,*,#1064,.F.);
#941=ORIENTED_EDGE('',*,*,#1281,.T.);
#942=ORIENTED_EDGE('',*,*,#1157,.F.);
#943=ORIENTED_EDGE('',*,*,#1282,.F.);
#944=ORIENTED_EDGE('',*,*,#1065,.F.);
#945=ORIENTED_EDGE('',*,*,#1282,.T.);
#946=ORIENTED_EDGE('',*,*,#1171,.F.);
#947=ORIENTED_EDGE('',*,*,#1283,.F.);
#948=ORIENTED_EDGE('',*,*,#1066,.F.);
#949=ORIENTED_EDGE('',*,*,#1283,.T.);
#950=ORIENTED_EDGE('',*,*,#1111,.F.);
#951=ORIENTED_EDGE('',*,*,#1284,.F.);
#952=ORIENTED_EDGE('',*,*,#1067,.F.);
#953=ORIENTED_EDGE('',*,*,#1284,.T.);
#954=ORIENTED_EDGE('',*,*,#1173,.F.);
#955=ORIENTED_EDGE('',*,*,#1285,.F.);
#956=ORIENTED_EDGE('',*,*,#1068,.F.);
#957=ORIENTED_EDGE('',*,*,#1285,.T.);
#958=ORIENTED_EDGE('',*,*,#1150,.F.);
#959=ORIENTED_EDGE('',*,*,#1286,.F.);
#960=ORIENTED_EDGE('',*,*,#1035,.F.);
#961=ORIENTED_EDGE('',*,*,#1286,.T.);
#962=ORIENTED_EDGE('',*,*,#1163,.F.);
#963=ORIENTED_EDGE('',*,*,#1219,.F.);
#964=ORIENTED_EDGE('',*,*,#1036,.F.);
#965=EDGE_CURVE('',#1287,#1288,#1490,.T.);
#966=EDGE_CURVE('',#1288,#1289,#1491,.T.);
#967=EDGE_CURVE('',#1289,#1290,#1492,.T.);
#968=EDGE_CURVE('',#1291,#1290,#219,.T.);
#969=EDGE_CURVE('',#1291,#1287,#1493,.T.);
#970=EDGE_CURVE('',#1292,#1293,#1494,.T.);
#971=EDGE_CURVE('',#1293,#1294,#1495,.T.);
#972=EDGE_CURVE('',#1294,#1295,#1496,.T.);
#973=EDGE_CURVE('',#1295,#1296,#1497,.T.);
#974=EDGE_CURVE('',#1296,#1297,#1498,.T.);
#975=EDGE_CURVE('',#1298,#1297,#117,.T.);
#976=EDGE_CURVE('',#1298,#1299,#1499,.T.);
#977=EDGE_CURVE('',#1299,#1300,#1500,.T.);
#978=EDGE_CURVE('',#1300,#1301,#1501,.T.);
#979=EDGE_CURVE('',#1302,#1301,#1502,.T.);
#980=EDGE_CURVE('',#1303,#1302,#1503,.T.);
#981=EDGE_CURVE('',#1303,#1292,#1504,.T.);
#982=EDGE_CURVE('',#1304,#1305,#1505,.T.);
#983=EDGE_CURVE('',#1305,#1306,#1506,.T.);
#984=EDGE_CURVE('',#1306,#1307,#1507,.T.);
#985=EDGE_CURVE('',#1308,#1307,#1508,.T.);
#986=EDGE_CURVE('',#1309,#1308,#1509,.T.);
#987=EDGE_CURVE('',#1304,#1309,#118,.T.);
#988=EDGE_CURVE('',#1310,#1310,#1510,.T.);
#989=EDGE_CURVE('',#1311,#1312,#220,.T.);
#990=EDGE_CURVE('',#1312,#1313,#221,.T.);
#991=EDGE_CURVE('',#1313,#1314,#222,.T.);
#992=EDGE_CURVE('',#1314,#1315,#223,.T.);
#993=EDGE_CURVE('',#1316,#1315,#224,.T.);
#994=EDGE_CURVE('',#1311,#1316,#225,.T.);
#995=EDGE_CURVE('',#1317,#1318,#226,.T.);
#996=EDGE_CURVE('',#1318,#1319,#1511,.T.);
#997=EDGE_CURVE('',#1319,#1320,#1512,.T.);
#998=EDGE_CURVE('',#1321,#1320,#99,.F.);
#999=EDGE_CURVE('',#1321,#1322,#227,.F.);
#1000=EDGE_CURVE('',#1322,#1317,#119,.F.);
#1001=EDGE_CURVE('',#1323,#1324,#1513,.T.);
#1002=EDGE_CURVE('',#1324,#1325,#1514,.T.);
#1003=EDGE_CURVE('',#1325,#1326,#228,.F.);
#1004=EDGE_CURVE('',#1326,#1327,#120,.F.);
#1005=EDGE_CURVE('',#1327,#1328,#229,.T.);
#1006=EDGE_CURVE('',#1323,#1328,#100,.F.);
#1007=EDGE_CURVE('',#1327,#1329,#121,.T.);
#1008=EDGE_CURVE('',#1329,#1328,#101,.F.);
#1009=EDGE_CURVE('',#1321,#1330,#102,.F.);
#1010=EDGE_CURVE('',#1330,#1322,#122,.T.);
#1011=EDGE_CURVE('',#1331,#1332,#1515,.T.);
#1012=EDGE_CURVE('',#1332,#1333,#1516,.T.);
#1013=EDGE_CURVE('',#1333,#1334,#1517,.T.);
#1014=EDGE_CURVE('',#1334,#1335,#1518,.T.);
#1015=EDGE_CURVE('',#1331,#1335,#230,.T.);
#1016=EDGE_CURVE('',#1336,#1337,#1519,.T.);
#1017=EDGE_CURVE('',#1337,#1338,#1520,.T.);
#1018=EDGE_CURVE('',#1339,#1338,#1521,.T.);
#1019=EDGE_CURVE('',#1340,#1339,#1522,.T.);
#1020=EDGE_CURVE('',#1340,#1341,#1523,.T.);
#1021=EDGE_CURVE('',#1341,#1342,#1524,.T.);
#1022=EDGE_CURVE('',#1342,#1336,#1525,.T.);
#1023=EDGE_CURVE('',#1343,#1344,#1526,.T.);
#1024=EDGE_CURVE('',#1344,#1301,#1527,.T.);
#1025=EDGE_CURVE('',#1300,#1299,#1528,.T.);
#1026=EDGE_CURVE('',#1335,#1298,#1529,.T.);
#1027=EDGE_CURVE('',#1334,#1345,#1530,.T.);
#1028=EDGE_CURVE('',#1345,#1343,#1531,.T.);
#1029=EDGE_CURVE('',#1329,#1313,#1532,.T.);
#1030=EDGE_CURVE('',#1346,#1327,#123,.T.);
#1031=EDGE_CURVE('',#1313,#1346,#124,.F.);
#1032=EDGE_CURVE('',#1312,#1330,#1533,.T.);
#1033=EDGE_CURVE('',#1347,#1312,#125,.F.);
#1034=EDGE_CURVE('',#1322,#1347,#126,.T.);
#1035=EDGE_CURVE('',#1348,#1349,#1534,.T.);
#1036=EDGE_CURVE('',#1349,#1350,#1535,.T.);
#1037=EDGE_CURVE('',#1350,#1351,#231,.F.);
#1038=EDGE_CURVE('',#1351,#1352,#1536,.T.);
#1039=EDGE_CURVE('',#1352,#1353,#1537,.T.);
#1040=EDGE_CURVE('',#1353,#1354,#1538,.T.);
#1041=EDGE_CURVE('',#1354,#1355,#1539,.T.);
#1042=EDGE_CURVE('',#1355,#1356,#1540,.T.);
#1043=EDGE_CURVE('',#1356,#1357,#1541,.T.);
#1044=EDGE_CURVE('',#1357,#1358,#1542,.T.);
#1045=EDGE_CURVE('',#1358,#1359,#1543,.T.);
#1046=EDGE_CURVE('',#1359,#1360,#1544,.T.);
#1047=EDGE_CURVE('',#1360,#1361,#1545,.T.);
#1048=EDGE_CURVE('',#1361,#1362,#1546,.T.);
#1049=EDGE_CURVE('',#1362,#1363,#1547,.T.);
#1050=EDGE_CURVE('',#1363,#1364,#1548,.T.);
#1051=EDGE_CURVE('',#1364,#1365,#1549,.T.);
#1052=EDGE_CURVE('',#1365,#1366,#1550,.T.);
#1053=EDGE_CURVE('',#1366,#1367,#1551,.T.);
#1054=EDGE_CURVE('',#1367,#1368,#1552,.T.);
#1055=EDGE_CURVE('',#1368,#1369,#1553,.T.);
#1056=EDGE_CURVE('',#1369,#1370,#1554,.T.);
#1057=EDGE_CURVE('',#1370,#1371,#1555,.T.);
#1058=EDGE_CURVE('',#1371,#1372,#1556,.T.);
#1059=EDGE_CURVE('',#1372,#1373,#1557,.T.);
#1060=EDGE_CURVE('',#1373,#1374,#1558,.T.);
#1061=EDGE_CURVE('',#1374,#1375,#1559,.T.);
#1062=EDGE_CURVE('',#1375,#1376,#1560,.T.);
#1063=EDGE_CURVE('',#1376,#1377,#232,.T.);
#1064=EDGE_CURVE('',#1377,#1378,#1561,.T.);
#1065=EDGE_CURVE('',#1378,#1379,#1562,.T.);
#1066=EDGE_CURVE('',#1379,#1380,#1563,.T.);
#1067=EDGE_CURVE('',#1380,#1381,#127,.F.);
#1068=EDGE_CURVE('',#1381,#1348,#1564,.T.);
#1069=EDGE_CURVE('',#1382,#1382,#1565,.T.);
#1070=EDGE_CURVE('',#1383,#1384,#1566,.T.);
#1071=EDGE_CURVE('',#1384,#1385,#1567,.T.);
#1072=EDGE_CURVE('',#1385,#1386,#1568,.T.);
#1073=EDGE_CURVE('',#1383,#1386,#128,.T.);
#1074=EDGE_CURVE('',#1294,#1387,#1569,.T.);
#1075=EDGE_CURVE('',#1388,#1387,#1570,.T.);
#1076=EDGE_CURVE('',#1297,#1388,#1571,.T.);
#1077=EDGE_CURVE('',#1296,#1295,#1572,.T.);
#1078=EDGE_CURVE('',#1389,#1389,#129,.T.);
#1079=EDGE_CURVE('',#1390,#1391,#233,.T.);
#1080=EDGE_CURVE('',#1390,#1392,#1573,.T.);
#1081=EDGE_CURVE('',#1391,#1392,#130,.T.);
#1082=EDGE_CURVE('',#1393,#1394,#131,.T.);
#1083=EDGE_CURVE('',#1393,#1395,#234,.T.);
#1084=EDGE_CURVE('',#1395,#1396,#132,.T.);
#1085=EDGE_CURVE('',#1394,#1396,#235,.T.);
#1086=EDGE_CURVE('',#1397,#1398,#133,.T.);
#1087=EDGE_CURVE('',#1397,#1399,#236,.T.);
#1088=EDGE_CURVE('',#1399,#1400,#134,.T.);
#1089=EDGE_CURVE('',#1398,#1400,#237,.T.);
#1090=EDGE_CURVE('',#1401,#1314,#135,.T.);
#1091=EDGE_CURVE('',#1401,#1402,#238,.T.);
#1092=EDGE_CURVE('',#1402,#1315,#136,.T.);
#1093=EDGE_CURVE('',#1403,#1403,#137,.T.);
#1094=EDGE_CURVE('',#1404,#1404,#138,.T.);
#1095=EDGE_CURVE('',#1405,#1405,#139,.T.);
#1096=EDGE_CURVE('',#1406,#1406,#140,.T.);
#1097=EDGE_CURVE('',#1407,#1407,#141,.T.);
#1098=EDGE_CURVE('',#1408,#1408,#142,.T.);
#1099=EDGE_CURVE('',#1311,#1409,#143,.T.);
#1100=EDGE_CURVE('',#1316,#1410,#144,.T.);
#1101=EDGE_CURVE('',#1409,#1410,#239,.T.);
#1102=EDGE_CURVE('',#1411,#1412,#240,.T.);
#1103=EDGE_CURVE('',#1412,#1413,#241,.T.);
#1104=EDGE_CURVE('',#1413,#1414,#242,.F.);
#1105=EDGE_CURVE('',#1414,#1415,#1574,.F.);
#1106=EDGE_CURVE('',#1409,#1415,#243,.T.);
#1107=EDGE_CURVE('',#1410,#1395,#244,.T.);
#1108=EDGE_CURVE('',#1416,#1393,#245,.T.);
#1109=EDGE_CURVE('',#1416,#1411,#1575,.T.);
#1110=EDGE_CURVE('',#1417,#1418,#246,.T.);
#1111=EDGE_CURVE('',#1418,#1419,#145,.T.);
#1112=EDGE_CURVE('',#1419,#1420,#247,.F.);
#1113=EDGE_CURVE('',#1420,#1421,#1576,.F.);
#1114=EDGE_CURVE('',#1394,#1421,#248,.T.);
#1115=EDGE_CURVE('',#1396,#1399,#249,.T.);
#1116=EDGE_CURVE('',#1422,#1397,#250,.T.);
#1117=EDGE_CURVE('',#1422,#1417,#1577,.T.);
#1118=EDGE_CURVE('',#1423,#1424,#251,.T.);
#1119=EDGE_CURVE('',#1423,#1425,#252,.T.);
#1120=EDGE_CURVE('',#1425,#1426,#1578,.F.);
#1121=EDGE_CURVE('',#1426,#1398,#253,.T.);
#1122=EDGE_CURVE('',#1402,#1400,#254,.T.);
#1123=EDGE_CURVE('',#1401,#1427,#255,.T.);
#1124=EDGE_CURVE('',#1427,#1428,#1579,.T.);
#1125=EDGE_CURVE('',#1428,#1424,#256,.F.);
#1126=EDGE_CURVE('',#1309,#1429,#1580,.T.);
#1127=EDGE_CURVE('',#1429,#1340,#1581,.T.);
#1128=EDGE_CURVE('',#1430,#1339,#257,.T.);
#1129=EDGE_CURVE('',#1430,#1431,#146,.T.);
#1130=EDGE_CURVE('',#1431,#1432,#1582,.T.);
#1131=EDGE_CURVE('',#1432,#1433,#258,.T.);
#1132=EDGE_CURVE('',#1433,#1304,#1583,.T.);
#1133=EDGE_CURVE('',#1434,#1388,#259,.T.);
#1134=EDGE_CURVE('',#1434,#1435,#147,.T.);
#1135=EDGE_CURVE('',#1435,#1331,#1584,.T.);
#1136=EDGE_CURVE('',#1392,#1436,#260,.T.);
#1137=EDGE_CURVE('',#1391,#1436,#261,.T.);
#1138=EDGE_CURVE('',#1437,#1438,#148,.T.);
#1139=EDGE_CURVE('',#1438,#1439,#1585,.T.);
#1140=EDGE_CURVE('',#1439,#1440,#262,.T.);
#1141=EDGE_CURVE('',#1440,#1383,#1586,.T.);
#1142=EDGE_CURVE('',#1386,#1441,#1587,.T.);
#1143=EDGE_CURVE('',#1437,#1441,#263,.T.);
#1144=EDGE_CURVE('',#1415,#1442,#149,.F.);
#1145=EDGE_CURVE('',#1442,#1347,#150,.T.);
#1146=EDGE_CURVE('',#1443,#1444,#151,.T.);
#1147=EDGE_CURVE('',#1444,#1422,#152,.F.);
#1148=EDGE_CURVE('',#1426,#1443,#153,.F.);
#1149=EDGE_CURVE('',#1445,#1446,#264,.T.);
#1150=EDGE_CURVE('',#1446,#1447,#1588,.T.);
#1151=EDGE_CURVE('',#1447,#1448,#265,.F.);
#1152=EDGE_CURVE('',#1448,#1445,#154,.F.);
#1153=EDGE_CURVE('',#1449,#1450,#155,.T.);
#1154=EDGE_CURVE('',#1450,#1416,#156,.F.);
#1155=EDGE_CURVE('',#1421,#1449,#157,.F.);
#1156=EDGE_CURVE('',#1451,#1452,#266,.T.);
#1157=EDGE_CURVE('',#1452,#1453,#1589,.T.);
#1158=EDGE_CURVE('',#1453,#1454,#267,.F.);
#1159=EDGE_CURVE('',#1454,#1451,#158,.F.);
#1160=EDGE_CURVE('',#1346,#1455,#159,.T.);
#1161=EDGE_CURVE('',#1455,#1427,#160,.F.);
#1162=EDGE_CURVE('',#1456,#1423,#161,.F.);
#1163=EDGE_CURVE('',#1456,#1446,#1590,.T.);
#1164=EDGE_CURVE('',#1445,#1425,#162,.T.);
#1165=EDGE_CURVE('',#1457,#1413,#163,.F.);
#1166=EDGE_CURVE('',#1457,#1318,#1591,.T.);
#1167=EDGE_CURVE('',#1317,#1414,#164,.T.);
#1168=EDGE_CURVE('',#1453,#1458,#1592,.T.);
#1169=EDGE_CURVE('',#1412,#1458,#165,.F.);
#1170=EDGE_CURVE('',#1411,#1454,#166,.T.);
#1171=EDGE_CURVE('',#1419,#1452,#1593,.T.);
#1172=EDGE_CURVE('',#1451,#1420,#167,.T.);
#1173=EDGE_CURVE('',#1447,#1418,#1594,.T.);
#1174=EDGE_CURVE('',#1417,#1448,#168,.T.);
#1175=EDGE_CURVE('',#1325,#1459,#1595,.T.);
#1176=EDGE_CURVE('',#1424,#1459,#169,.F.);
#1177=EDGE_CURVE('',#1428,#1326,#170,.T.);
#1178=EDGE_CURVE('',#1460,#1461,#1596,.T.);
#1179=EDGE_CURVE('',#1461,#1462,#1597,.T.);
#1180=EDGE_CURVE('',#1462,#1438,#1598,.T.);
#1181=EDGE_CURVE('',#1460,#1437,#1599,.T.);
#1182=EDGE_CURVE('',#1463,#1434,#1600,.T.);
#1183=EDGE_CURVE('',#1463,#1464,#1601,.T.);
#1184=EDGE_CURVE('',#1464,#1465,#1602,.T.);
#1185=EDGE_CURVE('',#1465,#1435,#1603,.T.);
#1186=EDGE_CURVE('',#1466,#1467,#1604,.T.);
#1187=EDGE_CURVE('',#1467,#1468,#1605,.T.);
#1188=EDGE_CURVE('',#1468,#1431,#1606,.T.);
#1189=EDGE_CURVE('',#1466,#1430,#1607,.T.);
#1190=EDGE_CURVE('',#1338,#1466,#1608,.T.);
#1191=EDGE_CURVE('',#1432,#1469,#1609,.T.);
#1192=EDGE_CURVE('',#1469,#1470,#1610,.T.);
#1193=EDGE_CURVE('',#1470,#1433,#1611,.T.);
#1194=EDGE_CURVE('',#1441,#1471,#1612,.T.);
#1195=EDGE_CURVE('',#1471,#1460,#1613,.T.);
#1196=EDGE_CURVE('',#1439,#1472,#1614,.T.);
#1197=EDGE_CURVE('',#1472,#1473,#1615,.T.);
#1198=EDGE_CURVE('',#1473,#1440,#1616,.T.);
#1199=EDGE_CURVE('',#1387,#1463,#1617,.T.);
#1200=EDGE_CURVE('',#1390,#1436,#1618,.T.);
#1201=EDGE_CURVE('',#1473,#1384,#1619,.T.);
#1202=EDGE_CURVE('',#1462,#1472,#1620,.T.);
#1203=EDGE_CURVE('',#1465,#1332,#1621,.T.);
#1204=EDGE_CURVE('',#1468,#1469,#1622,.T.);
#1205=EDGE_CURVE('',#1385,#1471,#1623,.T.);
#1206=EDGE_CURVE('',#1470,#1305,#1624,.T.);
#1207=EDGE_CURVE('',#1449,#1451,#171,.T.);
#1208=EDGE_CURVE('',#1454,#1450,#172,.T.);
#1209=EDGE_CURVE('',#1443,#1445,#173,.T.);
#1210=EDGE_CURVE('',#1448,#1444,#174,.T.);
#1211=EDGE_CURVE('',#1326,#1455,#175,.T.);
#1212=EDGE_CURVE('',#1442,#1317,#176,.T.);
#1213=EDGE_CURVE('',#1474,#1474,#1625,.T.);
#1214=EDGE_CURVE('',#1475,#1475,#1626,.T.);
#1215=EDGE_CURVE('',#1476,#1476,#1627,.T.);
#1216=EDGE_CURVE('',#1477,#1477,#1628,.T.);
#1217=EDGE_CURVE('',#1458,#1377,#1629,.T.);
#1218=EDGE_CURVE('',#1376,#1457,#1630,.T.);
#1219=EDGE_CURVE('',#1350,#1456,#1631,.T.);
#1220=EDGE_CURVE('',#1459,#1351,#1632,.T.);
#1221=EDGE_CURVE('',#1478,#1323,#268,.T.);
#1222=EDGE_CURVE('',#1320,#1479,#269,.T.);
#1223=EDGE_CURVE('',#1479,#1480,#103,.F.);
#1224=EDGE_CURVE('',#1480,#1481,#1633,.T.);
#1225=EDGE_CURVE('',#1481,#1291,#1634,.T.);
#1226=EDGE_CURVE('',#1290,#1482,#1635,.T.);
#1227=EDGE_CURVE('',#1482,#1478,#1636,.T.);
#1228=EDGE_CURVE('',#1319,#1483,#1637,.T.);
#1229=EDGE_CURVE('',#1483,#1479,#1638,.T.);
#1230=EDGE_CURVE('',#1484,#1485,#1639,.T.);
#1231=EDGE_CURVE('',#1485,#1486,#1640,.T.);
#1232=EDGE_CURVE('',#1486,#1324,#1641,.T.);
#1233=EDGE_CURVE('',#1478,#1484,#1642,.T.);
#1234=EDGE_CURVE('',#1483,#1293,#177,.F.);
#1235=EDGE_CURVE('',#1479,#1292,#178,.T.);
#1236=EDGE_CURVE('',#1480,#1303,#1643,.T.);
#1237=EDGE_CURVE('',#1343,#1481,#1644,.T.);
#1238=EDGE_CURVE('',#1291,#1345,#179,.T.);
#1239=EDGE_CURVE('',#1287,#1334,#180,.T.);
#1240=EDGE_CURVE('',#1333,#1288,#181,.T.);
#1241=EDGE_CURVE('',#1306,#1485,#182,.T.);
#1242=EDGE_CURVE('',#1307,#1484,#1645,.T.);
#1243=EDGE_CURVE('',#1487,#1478,#183,.T.);
#1244=EDGE_CURVE('',#1308,#1487,#1646,.T.);
#1245=EDGE_CURVE('',#1482,#1342,#1647,.F.);
#1246=EDGE_CURVE('',#1336,#1290,#184,.T.);
#1247=EDGE_CURVE('',#1289,#1337,#185,.F.);
#1248=EDGE_CURVE('',#1487,#1341,#1648,.T.);
#1249=EDGE_CURVE('',#1344,#1302,#1649,.T.);
#1250=EDGE_CURVE('',#1483,#1375,#186,.T.);
#1251=EDGE_CURVE('',#1293,#1375,#187,.T.);
#1252=EDGE_CURVE('',#1294,#1374,#188,.T.);
#1253=EDGE_CURVE('',#1387,#1373,#189,.T.);
#1254=EDGE_CURVE('',#1464,#1372,#1650,.T.);
#1255=EDGE_CURVE('',#1465,#1371,#190,.T.);
#1256=EDGE_CURVE('',#1332,#1370,#191,.T.);
#1257=EDGE_CURVE('',#1333,#1369,#192,.T.);
#1258=EDGE_CURVE('',#1288,#1369,#193,.T.);
#1259=EDGE_CURVE('',#1289,#1368,#194,.T.);
#1260=EDGE_CURVE('',#1352,#1325,#195,.T.);
#1261=EDGE_CURVE('',#1337,#1368,#196,.T.);
#1262=EDGE_CURVE('',#1353,#1486,#1651,.F.);
#1263=EDGE_CURVE('',#1338,#1367,#197,.T.);
#1264=EDGE_CURVE('',#1354,#1485,#198,.T.);
#1265=EDGE_CURVE('',#1467,#1366,#1652,.T.);
#1266=EDGE_CURVE('',#1354,#1306,#199,.T.);
#1267=EDGE_CURVE('',#1360,#1472,#200,.T.);
#1268=EDGE_CURVE('',#1473,#1359,#201,.T.);
#1269=EDGE_CURVE('',#1468,#1365,#202,.T.);
#1270=EDGE_CURVE('',#1355,#1305,#203,.T.);
#1271=EDGE_CURVE('',#1384,#1358,#204,.T.);
#1272=EDGE_CURVE('',#1361,#1462,#205,.T.);
#1273=EDGE_CURVE('',#1469,#1364,#206,.T.);
#1274=EDGE_CURVE('',#1488,#1470,#207,.T.);
#1275=EDGE_CURVE('',#1356,#1488,#1653,.T.);
#1276=EDGE_CURVE('',#1385,#1357,#208,.T.);
#1277=EDGE_CURVE('',#1362,#1461,#1654,.F.);
#1278=EDGE_CURVE('',#1488,#1489,#1655,.T.);
#1279=EDGE_CURVE('',#1489,#1363,#1656,.T.);
#1280=EDGE_CURVE('',#1471,#1489,#209,.T.);
#1281=EDGE_CURVE('',#1378,#1453,#210,.T.);
#1282=EDGE_CURVE('',#1379,#1452,#211,.T.);
#1283=EDGE_CURVE('',#1380,#1419,#212,.T.);
#1284=EDGE_CURVE('',#1381,#1418,#213,.T.);
#1285=EDGE_CURVE('',#1348,#1447,#214,.T.);
#1286=EDGE_CURVE('',#1349,#1446,#215,.T.);
#1287=VERTEX_POINT('',#2687);
#1288=VERTEX_POINT('',#2688);
#1289=VERTEX_POINT('',#2693);
#1290=VERTEX_POINT('',#2698);
#1291=VERTEX_POINT('',#2700);
#1292=VERTEX_POINT('',#2710);
#1293=VERTEX_POINT('',#2711);
#1294=VERTEX_POINT('',#2721);
#1295=VERTEX_POINT('',#2726);
#1296=VERTEX_POINT('',#2740);
#1297=VERTEX_POINT('',#2745);
#1298=VERTEX_POINT('',#2747);
#1299=VERTEX_POINT('',#2752);
#1300=VERTEX_POINT('',#2769);
#1301=VERTEX_POINT('',#2774);
#1302=VERTEX_POINT('',#2779);
#1303=VERTEX_POINT('',#2784);
#1304=VERTEX_POINT('',#2799);
#1305=VERTEX_POINT('',#2800);
#1306=VERTEX_POINT('',#2808);
#1307=VERTEX_POINT('',#2813);
#1308=VERTEX_POINT('',#2818);
#1309=VERTEX_POINT('',#2828);
#1310=VERTEX_POINT('',#2848);
#1311=VERTEX_POINT('',#2851);
#1312=VERTEX_POINT('',#2852);
#1313=VERTEX_POINT('',#2854);
#1314=VERTEX_POINT('',#2856);
#1315=VERTEX_POINT('',#2858);
#1316=VERTEX_POINT('',#2860);
#1317=VERTEX_POINT('',#2864);
#1318=VERTEX_POINT('',#2865);
#1319=VERTEX_POINT('',#2873);
#1320=VERTEX_POINT('',#2878);
#1321=VERTEX_POINT('',#2880);
#1322=VERTEX_POINT('',#2882);
#1323=VERTEX_POINT('',#2889);
#1324=VERTEX_POINT('',#2890);
#1325=VERTEX_POINT('',#2896);
#1326=VERTEX_POINT('',#2898);
#1327=VERTEX_POINT('',#2900);
#1328=VERTEX_POINT('',#2902);
#1329=VERTEX_POINT('',#2906);
#1330=VERTEX_POINT('',#2910);
#1331=VERTEX_POINT('',#2925);
#1332=VERTEX_POINT('',#2926);
#1333=VERTEX_POINT('',#2931);
#1334=VERTEX_POINT('',#2936);
#1335=VERTEX_POINT('',#2942);
#1336=VERTEX_POINT('',#2975);
#1337=VERTEX_POINT('',#2976);
#1338=VERTEX_POINT('',#2981);
#1339=VERTEX_POINT('',#2989);
#1340=VERTEX_POINT('',#2995);
#1341=VERTEX_POINT('',#3001);
#1342=VERTEX_POINT('',#3006);
#1343=VERTEX_POINT('',#3042);
#1344=VERTEX_POINT('',#3043);
#1345=VERTEX_POINT('',#3072);
#1346=VERTEX_POINT('',#3087);
#1347=VERTEX_POINT('',#3099);
#1348=VERTEX_POINT('',#3109);
#1349=VERTEX_POINT('',#3110);
#1350=VERTEX_POINT('',#3115);
#1351=VERTEX_POINT('',#3117);
#1352=VERTEX_POINT('',#3122);
#1353=VERTEX_POINT('',#3127);
#1354=VERTEX_POINT('',#3132);
#1355=VERTEX_POINT('',#3140);
#1356=VERTEX_POINT('',#3145);
#1357=VERTEX_POINT('',#3151);
#1358=VERTEX_POINT('',#3162);
#1359=VERTEX_POINT('',#3167);
#1360=VERTEX_POINT('',#3172);
#1361=VERTEX_POINT('',#3179);
#1362=VERTEX_POINT('',#3187);
#1363=VERTEX_POINT('',#3192);
#1364=VERTEX_POINT('',#3197);
#1365=VERTEX_POINT('',#3203);
#1366=VERTEX_POINT('',#3211);
#1367=VERTEX_POINT('',#3216);
#1368=VERTEX_POINT('',#3221);
#1369=VERTEX_POINT('',#3226);
#1370=VERTEX_POINT('',#3231);
#1371=VERTEX_POINT('',#3237);
#1372=VERTEX_POINT('',#3243);
#1373=VERTEX_POINT('',#3248);
#1374=VERTEX_POINT('',#3254);
#1375=VERTEX_POINT('',#3262);
#1376=VERTEX_POINT('',#3268);
#1377=VERTEX_POINT('',#3270);
#1378=VERTEX_POINT('',#3275);
#1379=VERTEX_POINT('',#3283);
#1380=VERTEX_POINT('',#3289);
#1381=VERTEX_POINT('',#3291);
#1382=VERTEX_POINT('',#3316);
#1383=VERTEX_POINT('',#3324);
#1384=VERTEX_POINT('',#3325);
#1385=VERTEX_POINT('',#3336);
#1386=VERTEX_POINT('',#3345);
#1387=VERTEX_POINT('',#3382);
#1388=VERTEX_POINT('',#3390);
#1389=VERTEX_POINT('',#3406);
#1390=VERTEX_POINT('',#3408);
#1391=VERTEX_POINT('',#3409);
#1392=VERTEX_POINT('',#3414);
#1393=VERTEX_POINT('',#3418);
#1394=VERTEX_POINT('',#3419);
#1395=VERTEX_POINT('',#3421);
#1396=VERTEX_POINT('',#3423);
#1397=VERTEX_POINT('',#3427);
#1398=VERTEX_POINT('',#3428);
#1399=VERTEX_POINT('',#3430);
#1400=VERTEX_POINT('',#3432);
#1401=VERTEX_POINT('',#3436);
#1402=VERTEX_POINT('',#3438);
#1403=VERTEX_POINT('',#3442);
#1404=VERTEX_POINT('',#3444);
#1405=VERTEX_POINT('',#3447);
#1406=VERTEX_POINT('',#3449);
#1407=VERTEX_POINT('',#3452);
#1408=VERTEX_POINT('',#3454);
#1409=VERTEX_POINT('',#3457);
#1410=VERTEX_POINT('',#3459);
#1411=VERTEX_POINT('',#3463);
#1412=VERTEX_POINT('',#3464);
#1413=VERTEX_POINT('',#3466);
#1414=VERTEX_POINT('',#3468);
#1415=VERTEX_POINT('',#3473);
#1416=VERTEX_POINT('',#3477);
#1417=VERTEX_POINT('',#3484);
#1418=VERTEX_POINT('',#3485);
#1419=VERTEX_POINT('',#3487);
#1420=VERTEX_POINT('',#3489);
#1421=VERTEX_POINT('',#3494);
#1422=VERTEX_POINT('',#3498);
#1423=VERTEX_POINT('',#3505);
#1424=VERTEX_POINT('',#3506);
#1425=VERTEX_POINT('',#3508);
#1426=VERTEX_POINT('',#3513);
#1427=VERTEX_POINT('',#3517);
#1428=VERTEX_POINT('',#3522);
#1429=VERTEX_POINT('',#3534);
#1430=VERTEX_POINT('',#3540);
#1431=VERTEX_POINT('',#3542);
#1432=VERTEX_POINT('',#3548);
#1433=VERTEX_POINT('',#3550);
#1434=VERTEX_POINT('',#3559);
#1435=VERTEX_POINT('',#3561);
#1436=VERTEX_POINT('',#3568);
#1437=VERTEX_POINT('',#3571);
#1438=VERTEX_POINT('',#3572);
#1439=VERTEX_POINT('',#3578);
#1440=VERTEX_POINT('',#3580);
#1441=VERTEX_POINT('',#3594);
#1442=VERTEX_POINT('',#3598);
#1443=VERTEX_POINT('',#3602);
#1444=VERTEX_POINT('',#3603);
#1445=VERTEX_POINT('',#3608);
#1446=VERTEX_POINT('',#3609);
#1447=VERTEX_POINT('',#3617);
#1448=VERTEX_POINT('',#3619);
#1449=VERTEX_POINT('',#3623);
#1450=VERTEX_POINT('',#3624);
#1451=VERTEX_POINT('',#3629);
#1452=VERTEX_POINT('',#3630);
#1453=VERTEX_POINT('',#3638);
#1454=VERTEX_POINT('',#3640);
#1455=VERTEX_POINT('',#3644);
#1456=VERTEX_POINT('',#3648);
#1457=VERTEX_POINT('',#3656);
#1458=VERTEX_POINT('',#3668);
#1459=VERTEX_POINT('',#3690);
#1460=VERTEX_POINT('',#3698);
#1461=VERTEX_POINT('',#3699);
#1462=VERTEX_POINT('',#3707);
#1463=VERTEX_POINT('',#3730);
#1464=VERTEX_POINT('',#3735);
#1465=VERTEX_POINT('',#3741);
#1466=VERTEX_POINT('',#3754);
#1467=VERTEX_POINT('',#3755);
#1468=VERTEX_POINT('',#3763);
#1469=VERTEX_POINT('',#3812);
#1470=VERTEX_POINT('',#3817);
#1471=VERTEX_POINT('',#3851);
#1472=VERTEX_POINT('',#3870);
#1473=VERTEX_POINT('',#3875);
#1474=VERTEX_POINT('',#4139);
#1475=VERTEX_POINT('',#4163);
#1476=VERTEX_POINT('',#4187);
#1477=VERTEX_POINT('',#4211);
#1478=VERTEX_POINT('',#4439);
#1479=VERTEX_POINT('',#4441);
#1480=VERTEX_POINT('',#4443);
#1481=VERTEX_POINT('',#4448);
#1482=VERTEX_POINT('',#4457);
#1483=VERTEX_POINT('',#4470);
#1484=VERTEX_POINT('',#4480);
#1485=VERTEX_POINT('',#4481);
#1486=VERTEX_POINT('',#4486);
#1487=VERTEX_POINT('',#4602);
#1488=VERTEX_POINT('',#5104);
#1489=VERTEX_POINT('',#5184);
#1490=B_SPLINE_CURVE_WITH_KNOTS('',3,(#2683,#2684,#2685,#2686),
 .UNSPECIFIED.,.F.,.F.,(4,4),(0.,0.000243915388724677),.UNSPECIFIED.);
#1491=B_SPLINE_CURVE_WITH_KNOTS('',3,(#2689,#2690,#2691,#2692),
 .UNSPECIFIED.,.F.,.F.,(4,4),(5.21644358047846E-17,0.000147348789641654),
 .UNSPECIFIED.);
#1492=B_SPLINE_CURVE_WITH_KNOTS('',3,(#2694,#2695,#2696,#2697),
 .UNSPECIFIED.,.F.,.F.,(4,4),(7.53751222042134E-5,0.000332623807287122),
 .UNSPECIFIED.);
#1493=B_SPLINE_CURVE_WITH_KNOTS('',3,(#2701,#2702,#2703,#2704),
 .UNSPECIFIED.,.F.,.F.,(4,4),(0.00129670217305466,0.00141855318691084),
 .UNSPECIFIED.);
#1494=B_SPLINE_CURVE_WITH_KNOTS('',3,(#2706,#2707,#2708,#2709),
 .UNSPECIFIED.,.F.,.F.,(4,4),(0.000368707133900097,0.0027313610258425),
 .UNSPECIFIED.);
#1495=B_SPLINE_CURVE_WITH_KNOTS('',3,(#2712,#2713,#2714,#2715,#2716,#2717,
#2718,#2719,#2720),.UNSPECIFIED.,.F.,.F.,(4,1,1,1,1,1,4),(0.,0.00436937054696974,
0.00655405582045461,0.00873874109393948,0.0131081116409092,0.0152927969143941,
0.017477482187879),.UNSPECIFIED.);
#1496=B_SPLINE_CURVE_WITH_KNOTS('',3,(#2722,#2723,#2724,#2725),
 .UNSPECIFIED.,.F.,.F.,(4,4),(-0.000333654427116657,0.00195394306719147),
 .UNSPECIFIED.);
#1497=B_SPLINE_CURVE_WITH_KNOTS('',3,(#2727,#2728,#2729,#2730,#2731,#2732,
#2733,#2734,#2735,#2736,#2737,#2738,#2739),.UNSPECIFIED.,.F.,.F.,(4,1,1,
1,1,1,1,1,1,1,4),(0.,0.000979748695343596,0.00195949739068719,0.00293924608603079,
0.00342912043370259,0.00391899478137438,0.00440886912904618,0.00489874347671798,
0.00587849217206158,0.00685824086740517,0.00783798956274877),
 .UNSPECIFIED.);
#1498=B_SPLINE_CURVE_WITH_KNOTS('',3,(#2741,#2742,#2743,#2744),
 .UNSPECIFIED.,.F.,.F.,(4,4),(0.00418573587316185,0.00708560357893326),
 .UNSPECIFIED.);
#1499=B_SPLINE_CURVE_WITH_KNOTS('',3,(#2748,#2749,#2750,#2751),
 .UNSPECIFIED.,.F.,.F.,(4,4),(1.17861634063271E-17,0.00353361855790141),
 .UNSPECIFIED.);
#1500=B_SPLINE_CURVE_WITH_KNOTS('',3,(#2753,#2754,#2755,#2756,#2757,#2758,
#2759,#2760,#2761,#2762,#2763,#2764,#2765,#2766,#2767,#2768),
 .UNSPECIFIED.,.F.,.F.,(4,1,1,1,1,1,1,1,1,1,1,1,1,4),(0.00620046166377934,
0.00745112962796205,0.00870179759214476,0.00932713157423612,0.00995246555632747,
0.0105777995384188,0.0112031335205102,0.0118284675026015,0.0124538014846929,
0.0137044694488756,0.014329803430967,0.0149551374130583,0.0155804713951497,
0.016205805377241),.UNSPECIFIED.);
#1501=B_SPLINE_CURVE_WITH_KNOTS('',3,(#2770,#2771,#2772,#2773),
 .UNSPECIFIED.,.F.,.F.,(4,4),(0.00414236264537025,0.00508380798068449),
 .UNSPECIFIED.);
#1502=B_SPLINE_CURVE_WITH_KNOTS('',3,(#2775,#2776,#2777,#2778),
 .UNSPECIFIED.,.F.,.F.,(4,4),(0.,0.00159433037756982),.UNSPECIFIED.);
#1503=B_SPLINE_CURVE_WITH_KNOTS('',3,(#2780,#2781,#2782,#2783),
 .UNSPECIFIED.,.F.,.F.,(4,4),(0.000376461102583067,0.000378121666641138),
 .UNSPECIFIED.);
#1504=B_SPLINE_CURVE_WITH_KNOTS('',3,(#2785,#2786,#2787,#2788),
 .UNSPECIFIED.,.F.,.F.,(4,4),(0.00024293016710707,0.000371770154155226),
 .UNSPECIFIED.);
#1505=B_SPLINE_CURVE_WITH_KNOTS('',3,(#2790,#2791,#2792,#2793,#2794,#2795,
#2796,#2797,#2798),.UNSPECIFIED.,.F.,.F.,(4,1,1,1,1,1,4),(0.,0.00269433668670255,
0.0053886733734051,0.00673584171675637,0.00808301006010765,0.00943017840345892,
0.0107773467468102),.UNSPECIFIED.);
#1506=B_SPLINE_CURVE_WITH_KNOTS('',3,(#2801,#2802,#2803,#2804,#2805,#2806,
#2807),.UNSPECIFIED.,.F.,.F.,(4,1,1,1,4),(0.,0.00242427687765386,0.00484855375530771,
0.00727283063296157,0.00969710751061543),.UNSPECIFIED.);
#1507=B_SPLINE_CURVE_WITH_KNOTS('',3,(#2809,#2810,#2811,#2812),
 .UNSPECIFIED.,.F.,.F.,(4,4),(0.000322296840346029,0.00250302149510523),
 .UNSPECIFIED.);
#1508=B_SPLINE_CURVE_WITH_KNOTS('',3,(#2814,#2815,#2816,#2817),
 .UNSPECIFIED.,.F.,.F.,(4,4),(0.,1.08634888758739E-5),.UNSPECIFIED.);
#1509=B_SPLINE_CURVE_WITH_KNOTS('',3,(#2819,#2820,#2821,#2822,#2823,#2824,
#2825,#2826,#2827),.UNSPECIFIED.,.F.,.F.,(4,1,1,1,1,1,4),(0.0304416376024036,
0.031171942879496,0.0319022481565884,0.0326325534336807,0.0333628587107731,
0.0348234692649579,0.0362840798191426),.UNSPECIFIED.);
#1510=B_SPLINE_CURVE_WITH_KNOTS('',3,(#2830,#2831,#2832,#2833,#2834,#2835,
#2836,#2837,#2838,#2839,#2840,#2841,#2842,#2843,#2844,#2845,#2846,#2847),
 .UNSPECIFIED.,.T.,.F.,(1,1,1,1,1,1,1,1,1,1,1,1,1,1,1,1,1,1,1,1,1,1),(-0.0020008060926284,
-0.00133387072841828,-0.000666935364208164,1.95570050413384E-15,0.000666935364212074,
0.00133387072842219,0.00266774145684243,0.00333467682105255,0.00400161218526267,
0.00466854754947279,0.0053354829136829,0.00600241827789302,0.00666935364210314,
0.00733628900631326,0.00800322437052338,0.0086701597347335,0.00933709509894362,
0.0100040304631537,0.0106709658273639,0.011337901191574,0.0120048365557841,
0.0133387072842043),.UNSPECIFIED.);
#1511=B_SPLINE_CURVE_WITH_KNOTS('',3,(#2866,#2867,#2868,#2869,#2870,#2871,
#2872),.UNSPECIFIED.,.F.,.F.,(4,1,1,1,4),(0.,0.000750787049697925,0.00150157409939585,
0.00225236114909378,0.0030031481987917),.UNSPECIFIED.);
#1512=B_SPLINE_CURVE_WITH_KNOTS('',3,(#2874,#2875,#2876,#2877),
 .UNSPECIFIED.,.F.,.F.,(4,4),(0.000373098367606153,0.00343689077967841),
 .UNSPECIFIED.);
#1513=B_SPLINE_CURVE_WITH_KNOTS('',3,(#2885,#2886,#2887,#2888),
 .UNSPECIFIED.,.F.,.F.,(4,4),(0.,0.0026621163984673),.UNSPECIFIED.);
#1514=B_SPLINE_CURVE_WITH_KNOTS('',3,(#2891,#2892,#2893,#2894,#2895),
 .UNSPECIFIED.,.F.,.F.,(4,1,4),(4.98940368821506E-17,0.00166050216109335,
0.00332100432218664),.UNSPECIFIED.);
#1515=B_SPLINE_CURVE_WITH_KNOTS('',3,(#2920,#2921,#2922,#2923,#2924),
 .UNSPECIFIED.,.F.,.F.,(4,1,4),(-5.99999999693746E-8,0.0031961140388098,
0.00639228807761957),.UNSPECIFIED.);
#1516=B_SPLINE_CURVE_WITH_KNOTS('',3,(#2927,#2928,#2929,#2930),
 .UNSPECIFIED.,.F.,.F.,(4,4),(9.09738014275177E-17,0.00476999616866407),
 .UNSPECIFIED.);
#1517=B_SPLINE_CURVE_WITH_KNOTS('',3,(#2932,#2933,#2934,#2935),
 .UNSPECIFIED.,.F.,.F.,(4,4),(0.000315904942253523,0.000563331918011592),
 .UNSPECIFIED.);
#1518=B_SPLINE_CURVE_WITH_KNOTS('',3,(#2937,#2938,#2939,#2940,#2941),
 .UNSPECIFIED.,.F.,.F.,(4,1,4),(0.00117921670359082,0.00433220675891199,
0.00748519681423316),.UNSPECIFIED.);
#1519=B_SPLINE_CURVE_WITH_KNOTS('',3,(#2971,#2972,#2973,#2974),
 .UNSPECIFIED.,.F.,.F.,(4,4),(0.,0.000242742042400126),.UNSPECIFIED.);
#1520=B_SPLINE_CURVE_WITH_KNOTS('',3,(#2977,#2978,#2979,#2980),
 .UNSPECIFIED.,.F.,.F.,(4,4),(1.03292878137005E-15,6.22980238488719E-5),
 .UNSPECIFIED.);
#1521=B_SPLINE_CURVE_WITH_KNOTS('',3,(#2982,#2983,#2984,#2985,#2986,#2987,
#2988),.UNSPECIFIED.,.F.,.F.,(4,1,1,1,4),(-6.00000000410191E-8,0.00157709226636207,
0.00315424453272418,0.00473139679908628,0.00630854906544839),
 .UNSPECIFIED.);
#1522=B_SPLINE_CURVE_WITH_KNOTS('',3,(#2990,#2991,#2992,#2993,#2994),
 .UNSPECIFIED.,.F.,.F.,(4,1,4),(0.000341155755025487,0.000768728377431163,
0.00119630099983684),.UNSPECIFIED.);
#1523=B_SPLINE_CURVE_WITH_KNOTS('',3,(#2996,#2997,#2998,#2999,#3000),
 .UNSPECIFIED.,.F.,.F.,(4,1,4),(0.00199369996622286,0.00468453679519549,
0.00737537362416811),.UNSPECIFIED.);
#1524=B_SPLINE_CURVE_WITH_KNOTS('',3,(#3002,#3003,#3004,#3005),
 .UNSPECIFIED.,.F.,.F.,(4,4),(0.,0.000146586043740187),.UNSPECIFIED.);
#1525=B_SPLINE_CURVE_WITH_KNOTS('',3,(#3007,#3008,#3009,#3010),
 .UNSPECIFIED.,.F.,.F.,(4,4),(0.00101476167628448,0.00133013532238521),
 .UNSPECIFIED.);
#1526=B_SPLINE_CURVE_WITH_KNOTS('',3,(#3038,#3039,#3040,#3041),
 .UNSPECIFIED.,.F.,.F.,(4,4),(0.00125765817747114,0.00128655280286787),
 .UNSPECIFIED.);
#1527=B_SPLINE_CURVE_WITH_KNOTS('',3,(#3044,#3045,#3046,#3047,#3048,#3049,
#3050,#3051,#3052,#3053,#3054,#3055,#3056),.UNSPECIFIED.,.F.,.F.,(4,1,1,
1,1,1,1,1,1,1,4),(0.,0.000500335202868472,0.00100067040573694,0.00125083800717118,
0.00150100560860542,0.00162608940932253,0.00175117321003965,0.00181371511039821,
0.00187625701075677,0.00193879891111533,0.00200134081147389),
 .UNSPECIFIED.);
#1528=B_SPLINE_CURVE_WITH_KNOTS('',3,(#3057,#3058,#3059,#3060),
 .UNSPECIFIED.,.F.,.F.,(4,4),(-1.99983267893744E-5,0.000588466780388644),
 .UNSPECIFIED.);
#1529=B_SPLINE_CURVE_WITH_KNOTS('',3,(#3061,#3062,#3063,#3064,#3065,#3066,
#3067),.UNSPECIFIED.,.F.,.F.,(4,1,1,1,4),(0.,0.00046929760149838,0.00093859520299676,
0.00140789280449514,0.00187719040599352),.UNSPECIFIED.);
#1530=B_SPLINE_CURVE_WITH_KNOTS('',3,(#3068,#3069,#3070,#3071),
 .UNSPECIFIED.,.F.,.F.,(4,4),(0.,0.000108255004601489),.UNSPECIFIED.);
#1531=B_SPLINE_CURVE_WITH_KNOTS('',3,(#3073,#3074,#3075,#3076),
 .UNSPECIFIED.,.F.,.F.,(4,4),(0.,0.000688498719921803),.UNSPECIFIED.);
#1532=B_SPLINE_CURVE_WITH_KNOTS('',3,(#3078,#3079,#3080,#3081,#3082,#3083,
#3084,#3085),.UNSPECIFIED.,.F.,.F.,(4,1,1,1,1,4),(0.000216670905439485,
0.00041307312198469,0.000609475338529896,0.000707676446802499,0.000805877555075102,
0.00100227977162031),.UNSPECIFIED.);
#1533=B_SPLINE_CURVE_WITH_KNOTS('',3,(#3090,#3091,#3092,#3093,#3094,#3095,
#3096,#3097),.UNSPECIFIED.,.F.,.F.,(4,1,1,1,1,4),(0.00124622160366282,0.00144273115765649,
0.00154098593465332,0.00163924071165016,0.00183575026564382,0.00203225981963749),
 .UNSPECIFIED.);
#1534=B_SPLINE_CURVE_WITH_KNOTS('',3,(#3102,#3103,#3104,#3105,#3106,#3107,
#3108),.UNSPECIFIED.,.F.,.F.,(4,1,1,1,4),(0.,0.00159242076680884,0.00318484153361767,
0.00477726230042651,0.00636968306723535),.UNSPECIFIED.);
#1535=B_SPLINE_CURVE_WITH_KNOTS('',3,(#3111,#3112,#3113,#3114),
 .UNSPECIFIED.,.F.,.F.,(4,4),(0.,0.00141169141111018),.UNSPECIFIED.);
#1536=B_SPLINE_CURVE_WITH_KNOTS('',3,(#3118,#3119,#3120,#3121),
 .UNSPECIFIED.,.F.,.F.,(4,4),(4.32290862633394E-17,0.00142987238318778),
 .UNSPECIFIED.);
#1537=B_SPLINE_CURVE_WITH_KNOTS('',3,(#3123,#3124,#3125,#3126),
 .UNSPECIFIED.,.F.,.F.,(4,4),(0.,0.0031404196077593),.UNSPECIFIED.);
#1538=B_SPLINE_CURVE_WITH_KNOTS('',3,(#3128,#3129,#3130,#3131),
 .UNSPECIFIED.,.F.,.F.,(4,4),(0.,0.00139219100148874),.UNSPECIFIED.);
#1539=B_SPLINE_CURVE_WITH_KNOTS('',3,(#3133,#3134,#3135,#3136,#3137,#3138,
#3139),.UNSPECIFIED.,.F.,.F.,(4,1,1,1,4),(1.39038150718282E-14,0.00246522090067586,
0.00493044180133781,0.00739566270199976,0.00986088360266171),
 .UNSPECIFIED.);
#1540=B_SPLINE_CURVE_WITH_KNOTS('',3,(#3141,#3142,#3143,#3144),
 .UNSPECIFIED.,.F.,.F.,(4,4),(0.,0.00113980806619776),.UNSPECIFIED.);
#1541=B_SPLINE_CURVE_WITH_KNOTS('',3,(#3146,#3147,#3148,#3149,#3150),
 .UNSPECIFIED.,.F.,.F.,(4,1,4),(0.000449119549836488,0.0010124448261216,
0.00157577010240672),.UNSPECIFIED.);
#1542=B_SPLINE_CURVE_WITH_KNOTS('',3,(#3152,#3153,#3154,#3155,#3156,#3157,
#3158,#3159,#3160,#3161),.UNSPECIFIED.,.F.,.F.,(4,1,1,1,1,1,1,4),(1.57085891831385E-17,
0.00525354522922397,0.00788031784383595,0.0105070904584479,0.0131338630730599,
0.0157606356876719,0.0183874083022839,0.0210141809168958),.UNSPECIFIED.);
#1543=B_SPLINE_CURVE_WITH_KNOTS('',3,(#3163,#3164,#3165,#3166),
 .UNSPECIFIED.,.F.,.F.,(4,4),(0.,0.0012637267177792),.UNSPECIFIED.);
#1544=B_SPLINE_CURVE_WITH_KNOTS('',3,(#3168,#3169,#3170,#3171),
 .UNSPECIFIED.,.F.,.F.,(4,4),(0.,0.00522150225237202),.UNSPECIFIED.);
#1545=B_SPLINE_CURVE_WITH_KNOTS('',3,(#3173,#3174,#3175,#3176,#3177,#3178),
 .UNSPECIFIED.,.F.,.F.,(4,1,1,4),(0.,0.000706352417579265,0.0010595286263689,
0.00141270483515853),.UNSPECIFIED.);
#1546=B_SPLINE_CURVE_WITH_KNOTS('',3,(#3180,#3181,#3182,#3183,#3184,#3185,
#3186),.UNSPECIFIED.,.F.,.F.,(4,1,1,1,4),(0.,0.00184425775683357,0.00368851551366714,
0.0055327732705007,0.00737703102733427),.UNSPECIFIED.);
#1547=B_SPLINE_CURVE_WITH_KNOTS('',3,(#3188,#3189,#3190,#3191),
 .UNSPECIFIED.,.F.,.F.,(4,4),(0.,0.0044287606332422),.UNSPECIFIED.);
#1548=B_SPLINE_CURVE_WITH_KNOTS('',3,(#3193,#3194,#3195,#3196),
 .UNSPECIFIED.,.F.,.F.,(4,4),(0.00232831780165405,0.00553970516562057),
 .UNSPECIFIED.);
#1549=B_SPLINE_CURVE_WITH_KNOTS('',3,(#3198,#3199,#3200,#3201,#3202),
 .UNSPECIFIED.,.F.,.F.,(4,1,4),(0.,0.000699739228787034,0.00139947845757407),
 .UNSPECIFIED.);
#1550=B_SPLINE_CURVE_WITH_KNOTS('',3,(#3204,#3205,#3206,#3207,#3208,#3209,
#3210),.UNSPECIFIED.,.F.,.F.,(4,1,1,1,4),(0.,0.00187896980768358,0.00375793961536716,
0.00563690942305074,0.00751587923073432),.UNSPECIFIED.);
#1551=B_SPLINE_CURVE_WITH_KNOTS('',3,(#3212,#3213,#3214,#3215),
 .UNSPECIFIED.,.F.,.F.,(4,4),(0.,0.00592727329168911),.UNSPECIFIED.);
#1552=B_SPLINE_CURVE_WITH_KNOTS('',3,(#3217,#3218,#3219,#3220),
 .UNSPECIFIED.,.F.,.F.,(4,4),(6.20975277541965E-16,8.2015881691997E-5),
 .UNSPECIFIED.);
#1553=B_SPLINE_CURVE_WITH_KNOTS('',3,(#3222,#3223,#3224,#3225),
 .UNSPECIFIED.,.F.,.F.,(4,4),(3.52537468538791E-17,0.000146267522405667),
 .UNSPECIFIED.);
#1554=B_SPLINE_CURVE_WITH_KNOTS('',3,(#3227,#3228,#3229,#3230),
 .UNSPECIFIED.,.F.,.F.,(4,4),(3.07698333886041E-16,0.00475019652570506),
 .UNSPECIFIED.);
#1555=B_SPLINE_CURVE_WITH_KNOTS('',3,(#3232,#3233,#3234,#3235,#3236),
 .UNSPECIFIED.,.F.,.F.,(4,1,4),(0.,0.000720390853793574,0.00144078170758715),
 .UNSPECIFIED.);
#1556=B_SPLINE_CURVE_WITH_KNOTS('',3,(#3238,#3239,#3240,#3241,#3242),
 .UNSPECIFIED.,.F.,.F.,(4,1,4),(0.,0.00342189755110756,0.00684379510221513),
 .UNSPECIFIED.);
#1557=B_SPLINE_CURVE_WITH_KNOTS('',3,(#3244,#3245,#3246,#3247),
 .UNSPECIFIED.,.F.,.F.,(4,4),(0.,0.00627179105467407),.UNSPECIFIED.);
#1558=B_SPLINE_CURVE_WITH_KNOTS('',3,(#3249,#3250,#3251,#3252,#3253),
 .UNSPECIFIED.,.F.,.F.,(4,1,4),(0.,0.000790676976615368,0.00158135395323074),
 .UNSPECIFIED.);
#1559=B_SPLINE_CURVE_WITH_KNOTS('',3,(#3255,#3256,#3257,#3258,#3259,#3260,
#3261),.UNSPECIFIED.,.F.,.F.,(4,1,1,1,4),(0.,0.00445030801927778,0.00890061603855557,
0.0133509240578334,0.0178012320771111),.UNSPECIFIED.);
#1560=B_SPLINE_CURVE_WITH_KNOTS('',3,(#3263,#3264,#3265,#3266,#3267),
 .UNSPECIFIED.,.F.,.F.,(4,1,4),(1.42236041475671E-14,0.00291877125602827,
0.00583754251204231),.UNSPECIFIED.);
#1561=B_SPLINE_CURVE_WITH_KNOTS('',3,(#3271,#3272,#3273,#3274),
 .UNSPECIFIED.,.F.,.F.,(4,4),(0.,0.00142633623191455),.UNSPECIFIED.);
#1562=B_SPLINE_CURVE_WITH_KNOTS('',3,(#3276,#3277,#3278,#3279,#3280,#3281,
#3282),.UNSPECIFIED.,.F.,.F.,(4,1,1,1,4),(0.,0.00157467805160535,0.0031493561032107,
0.00472403415481605,0.0062987122064214),.UNSPECIFIED.);
#1563=B_SPLINE_CURVE_WITH_KNOTS('',3,(#3284,#3285,#3286,#3287,#3288),
 .UNSPECIFIED.,.F.,.F.,(4,1,4),(0.,0.00157543164286525,0.00315086328573051),
 .UNSPECIFIED.);
#1564=B_SPLINE_CURVE_WITH_KNOTS('',3,(#3292,#3293,#3294,#3295,#3296),
 .UNSPECIFIED.,.F.,.F.,(4,1,4),(0.,0.00157868108294925,0.00315736216589851),
 .UNSPECIFIED.);
#1565=B_SPLINE_CURVE_WITH_KNOTS('',3,(#3298,#3299,#3300,#3301,#3302,#3303,
#3304,#3305,#3306,#3307,#3308,#3309,#3310,#3311,#3312,#3313,#3314,#3315),
 .UNSPECIFIED.,.T.,.F.,(1,1,1,1,1,1,1,1,1,1,1,1,1,1,1,1,1,1,1,1,1,1),(-0.00200080609267743,
-0.00133387072845096,-0.00066693536422449,1.97963992218715E-15,0.000666935364228449,
0.00133387072845492,0.00266774145690786,0.00333467682113433,0.0040016121853608,
0.00466854754958727,0.00533548291381374,0.00600241827804021,0.00666935364226668,
0.00733628900649315,0.00800322437071962,0.00867015973494609,0.00933709509917256,
0.010004030463399,0.0106709658276255,0.011337901191852,0.0120048365560784,
0.0133387072845314),.UNSPECIFIED.);
#1566=B_SPLINE_CURVE_WITH_KNOTS('',3,(#3317,#3318,#3319,#3320,#3321,#3322,
#3323),.UNSPECIFIED.,.F.,.F.,(4,1,1,1,4),(0.,0.00194407026056849,0.00388814052113699,
0.00583221078170548,0.00777628104227398),.UNSPECIFIED.);
#1567=B_SPLINE_CURVE_WITH_KNOTS('',3,(#3326,#3327,#3328,#3329,#3330,#3331,
#3332,#3333,#3334,#3335),.UNSPECIFIED.,.F.,.F.,(4,1,1,1,1,1,1,4),(3.27306970834017E-17,
0.00259015113666484,0.00518030227332966,0.00777045340999447,0.0103606045466593,
0.0129507556833241,0.0155409068199889,0.0207212090933185),.UNSPECIFIED.);
#1568=B_SPLINE_CURVE_WITH_KNOTS('',3,(#3337,#3338,#3339,#3340,#3341,#3342,
#3343,#3344),.UNSPECIFIED.,.F.,.F.,(4,1,1,1,1,4),(-0.00235568538400663,
-0.00117552426364717,4.63685671229044E-6,0.00236495909743121,0.00472528133815012,
0.00708560357886904),.UNSPECIFIED.);
#1569=B_SPLINE_CURVE_WITH_KNOTS('',3,(#3377,#3378,#3379,#3380,#3381),
 .UNSPECIFIED.,.F.,.F.,(4,1,4),(1.42687877136782E-14,0.000612935391443921,
0.00122587078287357),.UNSPECIFIED.);
#1570=B_SPLINE_CURVE_WITH_KNOTS('',3,(#3383,#3384,#3385,#3386,#3387,#3388,
#3389),.UNSPECIFIED.,.F.,.F.,(4,1,1,1,4),(-5.99999999922412E-8,0.00176575755228174,
0.00353157510456348,0.00529739265684522,0.00706321020912696),
 .UNSPECIFIED.);
#1571=B_SPLINE_CURVE_WITH_KNOTS('',3,(#3391,#3392,#3393,#3394,#3395,#3396),
 .UNSPECIFIED.,.F.,.F.,(4,1,1,4),(0.,0.000598150499914108,0.000897225749871162,
0.00119630099982822),.UNSPECIFIED.);
#1572=B_SPLINE_CURVE_WITH_KNOTS('',3,(#3397,#3398,#3399,#3400,#3401,#3402,
#3403),.UNSPECIFIED.,.F.,.F.,(4,1,1,1,4),(-6.48824218213475E-6,0.000570506394013506,
0.00114750103020915,0.00172449566640479,0.00230149030260043),
 .UNSPECIFIED.);
#1573=B_SPLINE_CURVE_WITH_KNOTS('',3,(#3410,#3411,#3412,#3413),
 .UNSPECIFIED.,.F.,.F.,(4,4),(5.14590107927334E-14,8.4493102172675E-5),
 .UNSPECIFIED.);
#1574=B_SPLINE_CURVE_WITH_KNOTS('',3,(#3469,#3470,#3471,#3472),
 .UNSPECIFIED.,.F.,.F.,(4,4),(0.,0.00117625093483778),.UNSPECIFIED.);
#1575=B_SPLINE_CURVE_WITH_KNOTS('',3,(#3478,#3479,#3480,#3481),
 .UNSPECIFIED.,.F.,.F.,(4,4),(0.,0.00117625093483788),.UNSPECIFIED.);
#1576=B_SPLINE_CURVE_WITH_KNOTS('',3,(#3490,#3491,#3492,#3493),
 .UNSPECIFIED.,.F.,.F.,(4,4),(0.,0.00117625093483783),.UNSPECIFIED.);
#1577=B_SPLINE_CURVE_WITH_KNOTS('',3,(#3499,#3500,#3501,#3502),
 .UNSPECIFIED.,.F.,.F.,(4,4),(0.,0.00117625093483786),.UNSPECIFIED.);
#1578=B_SPLINE_CURVE_WITH_KNOTS('',3,(#3509,#3510,#3511,#3512),
 .UNSPECIFIED.,.F.,.F.,(4,4),(0.,0.00117625093483777),.UNSPECIFIED.);
#1579=B_SPLINE_CURVE_WITH_KNOTS('',3,(#3518,#3519,#3520,#3521),
 .UNSPECIFIED.,.F.,.F.,(4,4),(0.,0.00117625093483787),.UNSPECIFIED.);
#1580=B_SPLINE_CURVE_WITH_KNOTS('',3,(#3525,#3526,#3527,#3528,#3529,#3530,
#3531,#3532,#3533),.UNSPECIFIED.,.F.,.F.,(4,1,1,1,1,1,4),(0.0552769043059746,
0.0572679190798735,0.0592589338537724,0.0612499486276713,0.0632409634015702,
0.067222992949368,0.0712050224971658),.UNSPECIFIED.);
#1581=B_SPLINE_CURVE_WITH_KNOTS('',3,(#3535,#3536,#3537,#3538),
 .UNSPECIFIED.,.F.,.F.,(4,4),(0.00188749308771512,0.00222807050856898),
 .UNSPECIFIED.);
#1582=B_SPLINE_CURVE_WITH_KNOTS('',3,(#3543,#3544,#3545,#3546,#3547),
 .UNSPECIFIED.,.F.,.F.,(4,1,4),(0.,0.00051338552217822,0.00102677104435644),
 .UNSPECIFIED.);
#1583=B_SPLINE_CURVE_WITH_KNOTS('',3,(#3551,#3552,#3553,#3554,#3555,#3556,
#3557),.UNSPECIFIED.,.F.,.F.,(4,1,1,1,4),(0.,0.000469297601448168,0.000938595202896335,
0.0014078928043445,0.00187719040579267),.UNSPECIFIED.);
#1584=B_SPLINE_CURVE_WITH_KNOTS('',3,(#3562,#3563,#3564,#3565,#3566),
 .UNSPECIFIED.,.F.,.F.,(4,1,4),(0.,0.00051338552216273,0.00102677104432546),
 .UNSPECIFIED.);
#1585=B_SPLINE_CURVE_WITH_KNOTS('',3,(#3573,#3574,#3575,#3576,#3577),
 .UNSPECIFIED.,.F.,.F.,(4,1,4),(0.,0.000513385522168032,0.00102677104433606),
 .UNSPECIFIED.);
#1586=B_SPLINE_CURVE_WITH_KNOTS('',3,(#3581,#3582,#3583,#3584,#3585,#3586,
#3587),.UNSPECIFIED.,.F.,.F.,(4,1,1,1,4),(0.,0.000469297601483305,0.00093859520296661,
0.00140789280444991,0.00187719040593322),.UNSPECIFIED.);
#1587=B_SPLINE_CURVE_WITH_KNOTS('',3,(#3588,#3589,#3590,#3591,#3592,#3593),
 .UNSPECIFIED.,.F.,.F.,(4,1,1,4),(0.,0.000598150499903753,0.00089722574985563,
0.00119630099980751),.UNSPECIFIED.);
#1588=B_SPLINE_CURVE_WITH_KNOTS('',3,(#3610,#3611,#3612,#3613,#3614,#3615,
#3616),.UNSPECIFIED.,.F.,.F.,(4,1,1,1,4),(1.47196168001604E-17,0.00150479573261315,
0.00300959146522629,0.00451438719783942,0.00601918293045256),
 .UNSPECIFIED.);
#1589=B_SPLINE_CURVE_WITH_KNOTS('',3,(#3631,#3632,#3633,#3634,#3635,#3636,
#3637),.UNSPECIFIED.,.F.,.F.,(4,1,1,1,4),(0.,0.00150378773509433,0.00300757547018867,
0.004511363205283,0.00601515094037734),.UNSPECIFIED.);
#1590=B_SPLINE_CURVE_WITH_KNOTS('',3,(#3649,#3650,#3651,#3652),
 .UNSPECIFIED.,.F.,.F.,(4,4),(0.,0.00168176506663258),.UNSPECIFIED.);
#1591=B_SPLINE_CURVE_WITH_KNOTS('',3,(#3657,#3658,#3659,#3660,#3661),
 .UNSPECIFIED.,.F.,.F.,(4,1,4),(0.,0.000662162832499518,0.00132432566499904),
 .UNSPECIFIED.);
#1592=B_SPLINE_CURVE_WITH_KNOTS('',3,(#3664,#3665,#3666,#3667),
 .UNSPECIFIED.,.F.,.F.,(4,4),(0.,0.00165508938118651),.UNSPECIFIED.);
#1593=B_SPLINE_CURVE_WITH_KNOTS('',3,(#3672,#3673,#3674,#3675,#3676),
 .UNSPECIFIED.,.F.,.F.,(4,1,4),(0.,0.00173082805308011,0.00346165610616023),
 .UNSPECIFIED.);
#1594=B_SPLINE_CURVE_WITH_KNOTS('',3,(#3679,#3680,#3681,#3682,#3683),
 .UNSPECIFIED.,.F.,.F.,(4,1,4),(0.,0.00173169569359847,0.00346339138719694),
 .UNSPECIFIED.);
#1595=B_SPLINE_CURVE_WITH_KNOTS('',3,(#3686,#3687,#3688,#3689),
 .UNSPECIFIED.,.F.,.F.,(4,4),(0.,0.00165883234961059),.UNSPECIFIED.);
#1596=B_SPLINE_CURVE_WITH_KNOTS('',3,(#3694,#3695,#3696,#3697),
 .UNSPECIFIED.,.F.,.F.,(4,4),(4.94590928270042E-16,0.000182871286991697),
 .UNSPECIFIED.);
#1597=B_SPLINE_CURVE_WITH_KNOTS('',3,(#3700,#3701,#3702,#3703,#3704,#3705,
#3706),.UNSPECIFIED.,.F.,.F.,(4,1,1,1,4),(-6.29853787923654E-5,0.00185499085042597,
0.0037729670796443,0.00569094330886263,0.00760891953808097),
 .UNSPECIFIED.);
#1598=B_SPLINE_CURVE_WITH_KNOTS('',3,(#3708,#3709,#3710,#3711,#3712,#3713,
#3714),.UNSPECIFIED.,.F.,.F.,(4,1,1,1,4),(0.00228364241287799,0.00404949589708216,
0.00581534938128634,0.00758120286549052,0.00934705634969469),
 .UNSPECIFIED.);
#1599=B_SPLINE_CURVE_WITH_KNOTS('',3,(#3715,#3716,#3717,#3718,#3719,#3720,
#3721),.UNSPECIFIED.,.F.,.F.,(4,1,1,1,4),(0.00360705611340493,0.00538286180588376,
0.00715866749836258,0.0089344731908414,0.0107102788833202),
 .UNSPECIFIED.);
#1600=B_SPLINE_CURVE_WITH_KNOTS('',3,(#3723,#3724,#3725,#3726,#3727,#3728,
#3729),.UNSPECIFIED.,.F.,.F.,(4,1,1,1,4),(0.00367021056122532,0.00543022764174905,
0.00719024472227277,0.0089502618027965,0.0107102788833202),
 .UNSPECIFIED.);
#1601=B_SPLINE_CURVE_WITH_KNOTS('',3,(#3731,#3732,#3733,#3734),
 .UNSPECIFIED.,.F.,.F.,(4,4),(7.85183451901279E-15,0.000248583614636852),
 .UNSPECIFIED.);
#1602=B_SPLINE_CURVE_WITH_KNOTS('',3,(#3736,#3737,#3738,#3739,#3740),
 .UNSPECIFIED.,.F.,.F.,(4,1,4),(-0.000117072444402294,0.00340265405993567,
0.00692238056427363),.UNSPECIFIED.);
#1603=B_SPLINE_CURVE_WITH_KNOTS('',3,(#3742,#3743,#3744,#3745,#3746,#3747,
#3748),.UNSPECIFIED.,.F.,.F.,(4,1,1,1,4),(0.00257734441529694,0.00426977239889638,
0.00596220038249582,0.00765462836609526,0.0093470563496947),
 .UNSPECIFIED.);
#1604=B_SPLINE_CURVE_WITH_KNOTS('',3,(#3750,#3751,#3752,#3753),
 .UNSPECIFIED.,.F.,.F.,(4,4),(7.15557432151636E-15,0.000243191955388947),
 .UNSPECIFIED.);
#1605=B_SPLINE_CURVE_WITH_KNOTS('',3,(#3756,#3757,#3758,#3759,#3760,#3761,
#3762),.UNSPECIFIED.,.F.,.F.,(4,1,1,1,4),(-8.95781035372475E-5,0.00187709327831217,
0.00384376466016158,0.005810436042011,0.00777710742386041),
 .UNSPECIFIED.);
#1606=B_SPLINE_CURVE_WITH_KNOTS('',3,(#3764,#3765,#3766,#3767,#3768,#3769,
#3770),.UNSPECIFIED.,.F.,.F.,(4,1,1,1,4),(0.00189476524153216,0.00375734727204585,
0.00561992930255955,0.00748251133307324,0.00934509336358694),
 .UNSPECIFIED.);
#1607=B_SPLINE_CURVE_WITH_KNOTS('',3,(#3771,#3772,#3773,#3774,#3775,#3776,
#3777),.UNSPECIFIED.,.F.,.F.,(4,1,1,1,4),(0.00437023390445528,0.00595524514917152,
0.00754025639388774,0.00912526763860397,0.0107102788833202),
 .UNSPECIFIED.);
#1608=B_SPLINE_CURVE_WITH_KNOTS('',3,(#3786,#3787,#3788,#3789),
 .UNSPECIFIED.,.F.,.F.,(4,4),(4.19047186641374E-15,0.00571315045198741),
 .UNSPECIFIED.);
#1609=B_SPLINE_CURVE_WITH_KNOTS('',3,(#3806,#3807,#3808,#3809,#3810,#3811),
 .UNSPECIFIED.,.F.,.F.,(4,1,1,4),(-6.00000000528337E-8,0.00184460211334972,
0.0036892642266995,0.00737858845339905),.UNSPECIFIED.);
#1610=B_SPLINE_CURVE_WITH_KNOTS('',3,(#3813,#3814,#3815,#3816),
 .UNSPECIFIED.,.F.,.F.,(4,4),(4.33680868994202E-18,0.00556545587122801),
 .UNSPECIFIED.);
#1611=B_SPLINE_CURVE_WITH_KNOTS('',3,(#3818,#3819,#3820,#3821,#3822,#3823,
#3824,#3825,#3826),.UNSPECIFIED.,.F.,.F.,(4,1,1,1,1,1,4),(0.00882493489998909,
0.00994242275635687,0.0110599106127246,0.0121773984690924,0.0132948863254602,
0.0155298620381958,0.0177648377509313),.UNSPECIFIED.);
#1612=B_SPLINE_CURVE_WITH_KNOTS('',3,(#3843,#3844,#3845,#3846,#3847,#3848,
#3849,#3850),.UNSPECIFIED.,.F.,.F.,(4,1,1,1,1,4),(0.00491352629283027,0.00734935706220358,
0.00978518783157688,0.0122210186009502,0.0134389339856368,0.0146568493703235),
 .UNSPECIFIED.);
#1613=B_SPLINE_CURVE_WITH_KNOTS('',3,(#3852,#3853,#3854,#3855,#3856),
 .UNSPECIFIED.,.F.,.F.,(4,1,4),(0.,0.00310469723658901,0.00620939447317802),
 .UNSPECIFIED.);
#1614=B_SPLINE_CURVE_WITH_KNOTS('',3,(#3865,#3866,#3867,#3868,#3869),
 .UNSPECIFIED.,.F.,.F.,(4,1,4),(-5.99999999641151E-8,0.00352332488123857,
0.0070467097624771),.UNSPECIFIED.);
#1615=B_SPLINE_CURVE_WITH_KNOTS('',3,(#3871,#3872,#3873,#3874),
 .UNSPECIFIED.,.F.,.F.,(4,4),(0.,0.00523398483209538),.UNSPECIFIED.);
#1616=B_SPLINE_CURVE_WITH_KNOTS('',3,(#3876,#3877,#3878,#3879,#3880,#3881),
 .UNSPECIFIED.,.F.,.F.,(4,1,1,4),(0.000207670478621161,0.00202705206252437,
0.00384643364642758,0.007485196814234),.UNSPECIFIED.);
#1617=B_SPLINE_CURVE_WITH_KNOTS('',3,(#3890,#3891,#3892,#3893),
 .UNSPECIFIED.,.F.,.F.,(4,4),(8.67361737988404E-19,0.00606449782209582),
 .UNSPECIFIED.);
#1618=B_SPLINE_CURVE_WITH_KNOTS('',2,(#3895,#3896,#3897),.UNSPECIFIED.,
 .F.,.F.,(3,3),(0.,1.),.PIECEWISE_BEZIER_KNOTS.);
#1619=B_SPLINE_CURVE_WITH_KNOTS('',3,(#3926,#3927,#3928,#3929,#3930),
 .UNSPECIFIED.,.F.,.F.,(4,1,4),(0.,0.000494959519302697,0.000989919038605395),
 .UNSPECIFIED.);
#1620=B_SPLINE_CURVE_WITH_KNOTS('',3,(#3955,#3956,#3957,#3958,#3959,#3960,
#3961),.UNSPECIFIED.,.F.,.F.,(4,1,1,1,4),(1.1963452788486E-14,0.00028641813564352,
0.000572836271275077,0.000859254406906633,0.00114567254253819),
 .UNSPECIFIED.);
#1621=B_SPLINE_CURVE_WITH_KNOTS('',3,(#3986,#3987,#3988,#3989,#3990,#3991),
 .UNSPECIFIED.,.F.,.F.,(4,1,1,4),(1.25393031850254E-17,0.000293193482757855,
0.000586386965515697,0.00117277393103138),.UNSPECIFIED.);
#1622=B_SPLINE_CURVE_WITH_KNOTS('',3,(#4016,#4017,#4018,#4019,#4020),
 .UNSPECIFIED.,.F.,.F.,(4,1,4),(3.17017096262941E-15,0.000552247870921881,
0.00110449574184059),.UNSPECIFIED.);
#1623=B_SPLINE_CURVE_WITH_KNOTS('',3,(#4057,#4058,#4059,#4060,#4061),
 .UNSPECIFIED.,.F.,.F.,(4,1,4),(2.43363156392549E-15,0.000628507325940482,
0.00125701465187853),.UNSPECIFIED.);
#1624=B_SPLINE_CURVE_WITH_KNOTS('',3,(#4095,#4096,#4097,#4098,#4099),
 .UNSPECIFIED.,.F.,.F.,(4,1,4),(6.2546344413855E-18,0.00046736602207992,
0.000934732044159833),.UNSPECIFIED.);
#1625=B_SPLINE_CURVE_WITH_KNOTS('',3,(#4117,#4118,#4119,#4120,#4121,#4122,
#4123,#4124,#4125,#4126,#4127,#4128,#4129,#4130,#4131,#4132,#4133,#4134,
#4135,#4136,#4137,#4138),.UNSPECIFIED.,.T.,.F.,(1,1,1,1,1,1,1,1,1,1,1,1,
1,1,1,1,1,1,1,1,1,1,1,1,1,1),(-0.000841499881683794,-0.000631124911262845,
-0.000420749940841896,0.,0.000420749940841897,0.000841499881683794,0.00126224982252569,
0.00168299976336759,0.00210374970420948,0.00231412467463043,0.00252449964505138,
0.00273487461547233,0.00294524958589328,0.00336599952673517,0.00378674946757707,
0.00420749940841897,0.00462824934926087,0.00504899929010276,0.00546974923094466,
0.00589049917178656,0.0061008741422075,0.00631124911262845,0.00673199905347035,
0.00715274899431225,0.00757349893515414,0.00799424887599604),
 .UNSPECIFIED.);
#1626=B_SPLINE_CURVE_WITH_KNOTS('',3,(#4141,#4142,#4143,#4144,#4145,#4146,
#4147,#4148,#4149,#4150,#4151,#4152,#4153,#4154,#4155,#4156,#4157,#4158,
#4159,#4160,#4161,#4162),.UNSPECIFIED.,.T.,.F.,(1,1,1,1,1,1,1,1,1,1,1,1,
1,1,1,1,1,1,1,1,1,1,1,1,1,1),(-0.00127866526142873,-0.000852443507618241,
-0.000426221753807757,2.72760158146342E-15,0.00021311087690797,0.000426221753813212,
0.000852443507623697,0.00127866526143418,0.00170488701524467,0.00213110876905515,
0.00255733052286564,0.00298355227667612,0.00319666315358136,0.00340977403048661,
0.00362288490739185,0.00383599578429709,0.00426221753810758,0.00468843929191806,
0.00511466104572855,0.00554088279953903,0.00596710455334952,0.00639332630716,
0.00681954806097049,0.00703265893787573,0.00724576981478097,0.00767199156859145),
 .UNSPECIFIED.);
#1627=B_SPLINE_CURVE_WITH_KNOTS('',3,(#4165,#4166,#4167,#4168,#4169,#4170,
#4171,#4172,#4173,#4174,#4175,#4176,#4177,#4178,#4179,#4180,#4181,#4182,
#4183,#4184,#4185,#4186),.UNSPECIFIED.,.T.,.F.,(1,1,1,1,1,1,1,1,1,1,1,1,
1,1,1,1,1,1,1,1,1,1,1,1,1,1),(-0.00128209138968648,-0.000854727593123448,
-0.000427363796560413,2.62135290071837E-15,0.000213681898284139,0.000427363796565656,
0.000854727593128691,0.00128209138969173,0.00170945518625476,0.00213681898281779,
0.00256418277938083,0.00299154657594386,0.00320522847422538,0.0034189103725069,
0.00363259227078842,0.00384627416906993,0.00427363796563297,0.004701001762196,
0.00512836555875904,0.00555572935532207,0.00598309315188511,0.00641045694844814,
0.00683782074501118,0.00705150264329269,0.00726518454157421,0.00769254833813725),
 .UNSPECIFIED.);
#1628=B_SPLINE_CURVE_WITH_KNOTS('',3,(#4189,#4190,#4191,#4192,#4193,#4194,
#4195,#4196,#4197,#4198,#4199,#4200,#4201,#4202,#4203,#4204,#4205,#4206,
#4207,#4208,#4209,#4210),.UNSPECIFIED.,.T.,.F.,(1,1,1,1,1,1,1,1,1,1,1,1,
1,1,1,1,1,1,1,1,1,1,1,1,1,1),(-0.0012820913896632,-0.000854727593107926,
-0.000427363796552652,2.62239760714077E-15,0.000213681898280259,0.000427363796557896,
0.000854727593113171,0.00128209138966844,0.00170945518622372,0.00213681898277899,
0.00256418277933427,0.00299154657588954,0.00320522847416718,0.00341891037244481,
0.00363259227072245,0.00384627416900009,0.00427363796555536,0.00470100176211064,
0.00512836555866591,0.00555572935522119,0.00598309315177646,0.00641045694833173,
0.00683782074488701,0.00705150264316465,0.00726518454144228,0.00769254833799756),
 .UNSPECIFIED.);
#1629=B_SPLINE_CURVE_WITH_KNOTS('',3,(#4417,#4418,#4419,#4420,#4421),
 .UNSPECIFIED.,.F.,.F.,(4,1,4),(0.,0.000217392695862195,0.000434785391724391),
 .UNSPECIFIED.);
#1630=B_SPLINE_CURVE_WITH_KNOTS('',3,(#4422,#4423,#4424,#4425),
 .UNSPECIFIED.,.F.,.F.,(4,4),(0.,0.000108954300160273),.UNSPECIFIED.);
#1631=B_SPLINE_CURVE_WITH_KNOTS('',3,(#4427,#4428,#4429,#4430,#4431),
 .UNSPECIFIED.,.F.,.F.,(4,1,4),(0.,0.000217817663112769,0.000435635326225538),
 .UNSPECIFIED.);
#1632=B_SPLINE_CURVE_WITH_KNOTS('',3,(#4432,#4433,#4434,#4435,#4436),
 .UNSPECIFIED.,.F.,.F.,(4,1,4),(0.,0.00021739269589082,0.00043478539178164),
 .UNSPECIFIED.);
#1633=B_SPLINE_CURVE_WITH_KNOTS('',3,(#4444,#4445,#4446,#4447),
 .UNSPECIFIED.,.F.,.F.,(4,4),(0.000516107096451881,0.0011738813401189),
 .UNSPECIFIED.);
#1634=B_SPLINE_CURVE_WITH_KNOTS('',3,(#4449,#4450,#4451,#4452),
 .UNSPECIFIED.,.F.,.F.,(4,4),(0.000452579203271648,0.00132184630421419),
 .UNSPECIFIED.);
#1635=B_SPLINE_CURVE_WITH_KNOTS('',3,(#4453,#4454,#4455,#4456),
 .UNSPECIFIED.,.F.,.F.,(4,4),(1.71947765068006E-17,0.000511009725115903),
 .UNSPECIFIED.);
#1636=B_SPLINE_CURVE_WITH_KNOTS('',3,(#4458,#4459,#4460,#4461,#4462,#4463,
#4464),.UNSPECIFIED.,.F.,.F.,(4,1,1,1,4),(0.,0.00247419413152301,0.00494838826304601,
0.00742258239456902,0.00989677652609203),.UNSPECIFIED.);
#1637=B_SPLINE_CURVE_WITH_KNOTS('',3,(#4466,#4467,#4468,#4469),
 .UNSPECIFIED.,.F.,.F.,(4,4),(3.30167600042548E-17,0.00162368445881607),
 .UNSPECIFIED.);
#1638=B_SPLINE_CURVE_WITH_KNOTS('',3,(#4471,#4472,#4473,#4474),
 .UNSPECIFIED.,.F.,.F.,(4,4),(0.000189355035659974,0.00256102592388127),
 .UNSPECIFIED.);
#1639=B_SPLINE_CURVE_WITH_KNOTS('',3,(#4476,#4477,#4478,#4479),
 .UNSPECIFIED.,.F.,.F.,(4,4),(0.000158629892826854,0.00233181675084517),
 .UNSPECIFIED.);
#1640=B_SPLINE_CURVE_WITH_KNOTS('',3,(#4482,#4483,#4484,#4485),
 .UNSPECIFIED.,.F.,.F.,(4,4),(4.08520601697272E-15,0.00142397794624618),
 .UNSPECIFIED.);
#1641=B_SPLINE_CURVE_WITH_KNOTS('',3,(#4487,#4488,#4489,#4490,#4491),
 .UNSPECIFIED.,.F.,.F.,(4,1,4),(0.,0.000130664730922318,0.000261329461844635),
 .UNSPECIFIED.);
#1642=B_SPLINE_CURVE_WITH_KNOTS('',3,(#4492,#4493,#4494,#4495),
 .UNSPECIFIED.,.F.,.F.,(4,4),(0.,0.000246958060234137),.UNSPECIFIED.);
#1643=B_SPLINE_CURVE_WITH_KNOTS('',3,(#4522,#4523,#4524,#4525,#4526),
 .UNSPECIFIED.,.F.,.F.,(4,1,4),(-5.62193115532541E-6,0.000229538693093619,
0.000464699317342564),.UNSPECIFIED.);
#1644=B_SPLINE_CURVE_WITH_KNOTS('',3,(#4539,#4540,#4541,#4542,#4543),
 .UNSPECIFIED.,.F.,.F.,(4,1,4),(6.9274209394528E-5,0.000297007890226148,
0.000524741571057768),.UNSPECIFIED.);
#1645=B_SPLINE_CURVE_WITH_KNOTS('',3,(#4584,#4585,#4586,#4587,#4588),
 .UNSPECIFIED.,.F.,.F.,(4,1,4),(0.000152344367543609,0.000387971713895127,
0.000623599060246646),.UNSPECIFIED.);
#1646=B_SPLINE_CURVE_WITH_KNOTS('',3,(#4603,#4604,#4605,#4606),
 .UNSPECIFIED.,.F.,.F.,(4,4),(0.0621064945842409,0.0623318303195304),
 .UNSPECIFIED.);
#1647=B_SPLINE_CURVE_WITH_KNOTS('',3,(#4619,#4620,#4621,#4622),
 .UNSPECIFIED.,.F.,.F.,(4,4),(0.000315087523083665,0.000709948599708156),
 .UNSPECIFIED.);
#1648=B_SPLINE_CURVE_WITH_KNOTS('',3,(#4658,#4659,#4660,#4661,#4662,#4663,
#4664),.UNSPECIFIED.,.F.,.F.,(4,1,1,1,4),(0.052955364324551,0.0553735799272871,
0.0577917955300232,0.0602100111327593,0.0626282267354954),.UNSPECIFIED.);
#1649=B_SPLINE_CURVE_WITH_KNOTS('',3,(#4747,#4748,#4749,#4750),
 .UNSPECIFIED.,.F.,.F.,(4,4),(0.,1.),.UNSPECIFIED.);
#1650=B_SPLINE_CURVE_WITH_KNOTS('',3,(#4837,#4838,#4839,#4840),
 .UNSPECIFIED.,.F.,.F.,(4,4),(0.,0.000193914258282694),.UNSPECIFIED.);
#1651=B_SPLINE_CURVE_WITH_KNOTS('',3,(#4931,#4932,#4933,#4934),
 .UNSPECIFIED.,.F.,.F.,(4,4),(0.,0.000238261420056891),.UNSPECIFIED.);
#1652=B_SPLINE_CURVE_WITH_KNOTS('',3,(#4973,#4974,#4975,#4976),
 .UNSPECIFIED.,.F.,.F.,(4,4),(0.,0.000171942787040337),.UNSPECIFIED.);
#1653=B_SPLINE_CURVE_WITH_KNOTS('',3,(#5105,#5106,#5107,#5108),
 .UNSPECIFIED.,.F.,.F.,(4,4),(-4.16390326674556E-6,5.01073209708777E-5),
 .UNSPECIFIED.);
#1654=B_SPLINE_CURVE_WITH_KNOTS('',3,(#5161,#5162,#5163,#5164),
 .UNSPECIFIED.,.F.,.F.,(4,4),(0.,0.000203026026389985),.UNSPECIFIED.);
#1655=B_SPLINE_CURVE_WITH_KNOTS('',3,(#5180,#5181,#5182,#5183),
 .UNSPECIFIED.,.F.,.F.,(4,4),(4.38643382102706E-6,0.00038963549437871),
 .UNSPECIFIED.);
#1656=B_SPLINE_CURVE_WITH_KNOTS('',3,(#5185,#5186,#5187,#5188),
 .UNSPECIFIED.,.F.,.F.,(4,4),(0.000215204492421656,0.00215970804658599),
 .UNSPECIFIED.);
#1657=EDGE_LOOP('',(#321,#322,#323,#324,#325));
#1658=EDGE_LOOP('',(#326,#327,#328,#329,#330,#331,#332,#333,#334,#335,#336,
#337));
#1659=EDGE_LOOP('',(#338,#339,#340,#341,#342,#343));
#1660=EDGE_LOOP('',(#344));
#1661=EDGE_LOOP('',(#345,#346,#347,#348,#349,#350));
#1662=EDGE_LOOP('',(#351,#352,#353,#354,#355,#356));
#1663=EDGE_LOOP('',(#357,#358,#359,#360,#361,#362));
#1664=EDGE_LOOP('',(#363,#364,#365));
#1665=EDGE_LOOP('',(#366,#367,#368));
#1666=EDGE_LOOP('',(#369,#370,#371,#372,#373));
#1667=EDGE_LOOP('',(#374,#375,#376,#377,#378,#379,#380));
#1668=EDGE_LOOP('',(#381,#382,#383,#384,#385,#386,#387,#388,#389));
#1669=EDGE_LOOP('',(#390,#391,#392,#393));
#1670=EDGE_LOOP('',(#394,#395,#396,#397));
#1671=EDGE_LOOP('',(#398,#399,#400,#401,#402,#403,#404,#405,#406,#407,#408,
#409,#410,#411,#412,#413,#414,#415,#416,#417,#418,#419,#420,#421,#422,#423,
#424,#425,#426,#427,#428,#429,#430,#431));
#1672=EDGE_LOOP('',(#432));
#1673=EDGE_LOOP('',(#433,#434,#435,#436));
#1674=EDGE_LOOP('',(#437,#438,#439,#440,#441,#442));
#1675=EDGE_LOOP('',(#443));
#1676=EDGE_LOOP('',(#444,#445,#446));
#1677=EDGE_LOOP('',(#447,#448,#449,#450));
#1678=EDGE_LOOP('',(#451,#452,#453,#454));
#1679=EDGE_LOOP('',(#455,#456,#457,#458));
#1680=EDGE_LOOP('',(#459));
#1681=EDGE_LOOP('',(#460));
#1682=EDGE_LOOP('',(#461));
#1683=EDGE_LOOP('',(#462));
#1684=EDGE_LOOP('',(#463));
#1685=EDGE_LOOP('',(#464));
#1686=EDGE_LOOP('',(#465,#466,#467,#468));
#1687=EDGE_LOOP('',(#469,#470,#471,#472,#473,#474,#475,#476,#477,#478));
#1688=EDGE_LOOP('',(#479,#480,#481,#482,#483,#484,#485,#486,#487,#488));
#1689=EDGE_LOOP('',(#489,#490,#491,#492,#493,#494,#495,#496,#497,#498));
#1690=EDGE_LOOP('',(#499,#500,#501,#502,#503,#504,#505,#506,#507));
#1691=EDGE_LOOP('',(#508));
#1692=EDGE_LOOP('',(#509));
#1693=EDGE_LOOP('',(#510));
#1694=EDGE_LOOP('',(#511,#512,#513,#514,#515,#516,#517,#518));
#1695=EDGE_LOOP('',(#519,#520,#521,#522,#523,#524,#525));
#1696=EDGE_LOOP('',(#526,#527,#528));
#1697=EDGE_LOOP('',(#529,#530,#531,#532,#533,#534,#535));
#1698=EDGE_LOOP('',(#536));
#1699=EDGE_LOOP('',(#537,#538,#539,#540,#541,#542));
#1700=EDGE_LOOP('',(#543));
#1701=EDGE_LOOP('',(#544,#545,#546,#547,#548,#549));
#1702=EDGE_LOOP('',(#550,#551,#552,#553));
#1703=EDGE_LOOP('',(#554,#555,#556,#557,#558,#559));
#1704=EDGE_LOOP('',(#560));
#1705=EDGE_LOOP('',(#561,#562,#563,#564));
#1706=EDGE_LOOP('',(#565));
#1707=EDGE_LOOP('',(#566,#567,#568,#569,#570,#571));
#1708=EDGE_LOOP('',(#572,#573,#574,#575,#576));
#1709=EDGE_LOOP('',(#577,#578,#579,#580,#581));
#1710=EDGE_LOOP('',(#582,#583,#584,#585,#586));
#1711=EDGE_LOOP('',(#587,#588,#589,#590));
#1712=EDGE_LOOP('',(#591,#592,#593,#594));
#1713=EDGE_LOOP('',(#595,#596,#597,#598,#599));
#1714=EDGE_LOOP('',(#600,#601,#602,#603,#604));
#1715=EDGE_LOOP('',(#605,#606,#607,#608,#609));
#1716=EDGE_LOOP('',(#610,#611,#612,#613,#614));
#1717=EDGE_LOOP('',(#615,#616,#617,#618));
#1718=EDGE_LOOP('',(#619,#620,#621,#622));
#1719=EDGE_LOOP('',(#623,#624,#625,#626));
#1720=EDGE_LOOP('',(#627,#628,#629,#630));
#1721=EDGE_LOOP('',(#631,#632,#633,#634));
#1722=EDGE_LOOP('',(#635,#636,#637));
#1723=EDGE_LOOP('',(#638,#639,#640));
#1724=EDGE_LOOP('',(#641,#642,#643,#644));
#1725=EDGE_LOOP('',(#645,#646,#647,#648));
#1726=EDGE_LOOP('',(#649,#650,#651,#652));
#1727=EDGE_LOOP('',(#653,#654,#655,#656));
#1728=EDGE_LOOP('',(#657,#658,#659,#660));
#1729=EDGE_LOOP('',(#661,#662,#663,#664));
#1730=EDGE_LOOP('',(#665,#666,#667,#668));
#1731=EDGE_LOOP('',(#669,#670,#671,#672));
#1732=EDGE_LOOP('',(#673,#674,#675,#676));
#1733=EDGE_LOOP('',(#677,#678,#679,#680));
#1734=EDGE_LOOP('',(#681,#682,#683,#684));
#1735=EDGE_LOOP('',(#685,#686,#687,#688));
#1736=EDGE_LOOP('',(#689,#690,#691,#692));
#1737=EDGE_LOOP('',(#693,#694,#695,#696));
#1738=EDGE_LOOP('',(#697,#698,#699,#700));
#1739=EDGE_LOOP('',(#701,#702,#703,#704));
#1740=EDGE_LOOP('',(#705));
#1741=EDGE_LOOP('',(#706));
#1742=EDGE_LOOP('',(#707));
#1743=EDGE_LOOP('',(#708));
#1744=EDGE_LOOP('',(#709));
#1745=EDGE_LOOP('',(#710,#711));
#1746=EDGE_LOOP('',(#712));
#1747=EDGE_LOOP('',(#713));
#1748=EDGE_LOOP('',(#714,#715));
#1749=EDGE_LOOP('',(#716));
#1750=EDGE_LOOP('',(#717));
#1751=EDGE_LOOP('',(#718));
#1752=EDGE_LOOP('',(#719,#720,#721,#722,#723,#724));
#1753=EDGE_LOOP('',(#725,#726,#727,#728,#729,#730));
#1754=EDGE_LOOP('',(#731,#732,#733,#734,#735,#736,#737,#738,#739,#740,#741,
#742,#743,#744,#745));
#1755=EDGE_LOOP('',(#746,#747,#748,#749));
#1756=EDGE_LOOP('',(#750,#751,#752,#753,#754,#755));
#1757=EDGE_LOOP('',(#756,#757,#758,#759));
#1758=EDGE_LOOP('',(#760,#761,#762,#763));
#1759=EDGE_LOOP('',(#764,#765,#766,#767));
#1760=EDGE_LOOP('',(#768,#769,#770,#771));
#1761=EDGE_LOOP('',(#772,#773,#774,#775));
#1762=EDGE_LOOP('',(#776,#777,#778,#779));
#1763=EDGE_LOOP('',(#780,#781,#782,#783,#784));
#1764=EDGE_LOOP('',(#785,#786,#787,#788));
#1765=EDGE_LOOP('',(#789,#790,#791,#792));
#1766=EDGE_LOOP('',(#793,#794,#795,#796,#797));
#1767=EDGE_LOOP('',(#798,#799,#800,#801,#802,#803));
#1768=EDGE_LOOP('',(#804,#805,#806,#807,#808,#809));
#1769=EDGE_LOOP('',(#810,#811,#812));
#1770=EDGE_LOOP('',(#813,#814,#815,#816,#817,#818));
#1771=EDGE_LOOP('',(#819,#820,#821));
#1772=EDGE_LOOP('',(#822,#823,#824,#825));
#1773=EDGE_LOOP('',(#826,#827,#828,#829));
#1774=EDGE_LOOP('',(#830,#831,#832,#833,#834));
#1775=EDGE_LOOP('',(#835,#836,#837,#838));
#1776=EDGE_LOOP('',(#839,#840,#841,#842));
#1777=EDGE_LOOP('',(#843,#844,#845,#846));
#1778=EDGE_LOOP('',(#847,#848,#849));
#1779=EDGE_LOOP('',(#850,#851,#852,#853));
#1780=EDGE_LOOP('',(#854,#855,#856,#857));
#1781=EDGE_LOOP('',(#858,#859,#860));
#1782=EDGE_LOOP('',(#861,#862,#863,#864,#865));
#1783=EDGE_LOOP('',(#866,#867,#868,#869));
#1784=EDGE_LOOP('',(#870,#871,#872,#873));
#1785=EDGE_LOOP('',(#874,#875,#876,#877,#878));
#1786=EDGE_LOOP('',(#879,#880,#881));
#1787=EDGE_LOOP('',(#882,#883,#884,#885));
#1788=EDGE_LOOP('',(#886,#887,#888,#889));
#1789=EDGE_LOOP('',(#890,#891,#892,#893));
#1790=EDGE_LOOP('',(#894,#895,#896,#897));
#1791=EDGE_LOOP('',(#898,#899,#900,#901));
#1792=EDGE_LOOP('',(#902,#903,#904,#905));
#1793=EDGE_LOOP('',(#906,#907,#908,#909,#910));
#1794=EDGE_LOOP('',(#911,#912,#913,#914));
#1795=EDGE_LOOP('',(#915,#916,#917,#918));
#1796=EDGE_LOOP('',(#919,#920,#921,#922,#923,#924));
#1797=EDGE_LOOP('',(#925,#926,#927,#928,#929,#930));
#1798=EDGE_LOOP('',(#931,#932,#933,#934,#935,#936));
#1799=EDGE_LOOP('',(#937,#938,#939,#940));
#1800=EDGE_LOOP('',(#941,#942,#943,#944));
#1801=EDGE_LOOP('',(#945,#946,#947,#948));
#1802=EDGE_LOOP('',(#949,#950,#951,#952));
#1803=EDGE_LOOP('',(#953,#954,#955,#956));
#1804=EDGE_LOOP('',(#957,#958,#959,#960));
#1805=EDGE_LOOP('',(#961,#962,#963,#964));
#1806=FACE_BOUND('',#1657,.T.);
#1807=FACE_BOUND('',#1658,.T.);
#1808=FACE_BOUND('',#1659,.T.);
#1809=FACE_BOUND('',#1660,.T.);
#1810=FACE_BOUND('',#1661,.T.);
#1811=FACE_BOUND('',#1662,.T.);
#1812=FACE_BOUND('',#1663,.T.);
#1813=FACE_BOUND('',#1664,.T.);
#1814=FACE_BOUND('',#1665,.T.);
#1815=FACE_BOUND('',#1666,.T.);
#1816=FACE_BOUND('',#1667,.T.);
#1817=FACE_BOUND('',#1668,.T.);
#1818=FACE_BOUND('',#1669,.T.);
#1819=FACE_BOUND('',#1670,.T.);
#1820=FACE_BOUND('',#1671,.T.);
#1821=FACE_BOUND('',#1672,.T.);
#1822=FACE_BOUND('',#1673,.T.);
#1823=FACE_BOUND('',#1674,.T.);
#1824=FACE_BOUND('',#1675,.T.);
#1825=FACE_BOUND('',#1676,.T.);
#1826=FACE_BOUND('',#1677,.T.);
#1827=FACE_BOUND('',#1678,.T.);
#1828=FACE_BOUND('',#1679,.T.);
#1829=FACE_BOUND('',#1680,.T.);
#1830=FACE_BOUND('',#1681,.T.);
#1831=FACE_BOUND('',#1682,.T.);
#1832=FACE_BOUND('',#1683,.T.);
#1833=FACE_BOUND('',#1684,.T.);
#1834=FACE_BOUND('',#1685,.T.);
#1835=FACE_BOUND('',#1686,.T.);
#1836=FACE_BOUND('',#1687,.T.);
#1837=FACE_BOUND('',#1688,.T.);
#1838=FACE_BOUND('',#1689,.T.);
#1839=FACE_BOUND('',#1690,.T.);
#1840=FACE_BOUND('',#1691,.T.);
#1841=FACE_BOUND('',#1692,.T.);
#1842=FACE_BOUND('',#1693,.T.);
#1843=FACE_BOUND('',#1694,.T.);
#1844=FACE_BOUND('',#1695,.T.);
#1845=FACE_BOUND('',#1696,.T.);
#1846=FACE_BOUND('',#1697,.T.);
#1847=FACE_BOUND('',#1698,.T.);
#1848=FACE_BOUND('',#1699,.T.);
#1849=FACE_BOUND('',#1700,.T.);
#1850=FACE_BOUND('',#1701,.T.);
#1851=FACE_BOUND('',#1702,.T.);
#1852=FACE_BOUND('',#1703,.T.);
#1853=FACE_BOUND('',#1704,.T.);
#1854=FACE_BOUND('',#1705,.T.);
#1855=FACE_BOUND('',#1706,.T.);
#1856=FACE_BOUND('',#1707,.T.);
#1857=FACE_BOUND('',#1708,.T.);
#1858=FACE_BOUND('',#1709,.T.);
#1859=FACE_BOUND('',#1710,.T.);
#1860=FACE_BOUND('',#1711,.T.);
#1861=FACE_BOUND('',#1712,.T.);
#1862=FACE_BOUND('',#1713,.T.);
#1863=FACE_BOUND('',#1714,.T.);
#1864=FACE_BOUND('',#1715,.T.);
#1865=FACE_BOUND('',#1716,.T.);
#1866=FACE_BOUND('',#1717,.T.);
#1867=FACE_BOUND('',#1718,.T.);
#1868=FACE_BOUND('',#1719,.T.);
#1869=FACE_BOUND('',#1720,.T.);
#1870=FACE_BOUND('',#1721,.T.);
#1871=FACE_BOUND('',#1722,.T.);
#1872=FACE_BOUND('',#1723,.T.);
#1873=FACE_BOUND('',#1724,.T.);
#1874=FACE_BOUND('',#1725,.T.);
#1875=FACE_BOUND('',#1726,.T.);
#1876=FACE_BOUND('',#1727,.T.);
#1877=FACE_BOUND('',#1728,.T.);
#1878=FACE_BOUND('',#1729,.T.);
#1879=FACE_BOUND('',#1730,.T.);
#1880=FACE_BOUND('',#1731,.T.);
#1881=FACE_BOUND('',#1732,.T.);
#1882=FACE_BOUND('',#1733,.T.);
#1883=FACE_BOUND('',#1734,.T.);
#1884=FACE_BOUND('',#1735,.T.);
#1885=FACE_BOUND('',#1736,.T.);
#1886=FACE_BOUND('',#1737,.T.);
#1887=FACE_BOUND('',#1738,.T.);
#1888=FACE_BOUND('',#1739,.T.);
#1889=FACE_BOUND('',#1740,.T.);
#1890=FACE_BOUND('',#1741,.T.);
#1891=FACE_BOUND('',#1742,.T.);
#1892=FACE_BOUND('',#1743,.T.);
#1893=FACE_BOUND('',#1744,.T.);
#1894=FACE_BOUND('',#1745,.T.);
#1895=FACE_BOUND('',#1746,.T.);
#1896=FACE_BOUND('',#1747,.T.);
#1897=FACE_BOUND('',#1748,.T.);
#1898=FACE_BOUND('',#1749,.T.);
#1899=FACE_BOUND('',#1750,.T.);
#1900=FACE_BOUND('',#1751,.T.);
#1901=FACE_BOUND('',#1752,.T.);
#1902=FACE_BOUND('',#1753,.T.);
#1903=FACE_BOUND('',#1754,.T.);
#1904=FACE_BOUND('',#1755,.T.);
#1905=FACE_BOUND('',#1756,.T.);
#1906=FACE_BOUND('',#1757,.T.);
#1907=FACE_BOUND('',#1758,.T.);
#1908=FACE_BOUND('',#1759,.T.);
#1909=FACE_BOUND('',#1760,.T.);
#1910=FACE_BOUND('',#1761,.T.);
#1911=FACE_BOUND('',#1762,.T.);
#1912=FACE_BOUND('',#1763,.T.);
#1913=FACE_BOUND('',#1764,.T.);
#1914=FACE_BOUND('',#1765,.T.);
#1915=FACE_BOUND('',#1766,.T.);
#1916=FACE_BOUND('',#1767,.T.);
#1917=FACE_BOUND('',#1768,.T.);
#1918=FACE_BOUND('',#1769,.T.);
#1919=FACE_BOUND('',#1770,.T.);
#1920=FACE_BOUND('',#1771,.T.);
#1921=FACE_BOUND('',#1772,.T.);
#1922=FACE_BOUND('',#1773,.T.);
#1923=FACE_BOUND('',#1774,.T.);
#1924=FACE_BOUND('',#1775,.T.);
#1925=FACE_BOUND('',#1776,.T.);
#1926=FACE_BOUND('',#1777,.T.);
#1927=FACE_BOUND('',#1778,.T.);
#1928=FACE_BOUND('',#1779,.T.);
#1929=FACE_BOUND('',#1780,.T.);
#1930=FACE_BOUND('',#1781,.T.);
#1931=FACE_BOUND('',#1782,.T.);
#1932=FACE_BOUND('',#1783,.T.);
#1933=FACE_BOUND('',#1784,.T.);
#1934=FACE_BOUND('',#1785,.T.);
#1935=FACE_BOUND('',#1786,.T.);
#1936=FACE_BOUND('',#1787,.T.);
#1937=FACE_BOUND('',#1788,.T.);
#1938=FACE_BOUND('',#1789,.T.);
#1939=FACE_BOUND('',#1790,.T.);
#1940=FACE_BOUND('',#1791,.T.);
#1941=FACE_BOUND('',#1792,.T.);
#1942=FACE_BOUND('',#1793,.T.);
#1943=FACE_BOUND('',#1794,.T.);
#1944=FACE_BOUND('',#1795,.T.);
#1945=FACE_BOUND('',#1796,.T.);
#1946=FACE_BOUND('',#1797,.T.);
#1947=FACE_BOUND('',#1798,.T.);
#1948=FACE_BOUND('',#1799,.T.);
#1949=FACE_BOUND('',#1800,.T.);
#1950=FACE_BOUND('',#1801,.T.);
#1951=FACE_BOUND('',#1802,.T.);
#1952=FACE_BOUND('',#1803,.T.);
#1953=FACE_BOUND('',#1804,.T.);
#1954=FACE_BOUND('',#1805,.T.);
#1955=CYLINDRICAL_SURFACE('',#2121,6.);
#1956=CYLINDRICAL_SURFACE('',#2127,2.9);
#1957=CYLINDRICAL_SURFACE('',#2130,2.9);
#1958=CYLINDRICAL_SURFACE('',#2133,2.);
#1959=CYLINDRICAL_SURFACE('',#2136,2.);
#1960=CYLINDRICAL_SURFACE('',#2145,13.8);
#1961=CYLINDRICAL_SURFACE('',#2149,1.6);
#1962=CYLINDRICAL_SURFACE('',#2152,2.);
#1963=CYLINDRICAL_SURFACE('',#2155,2.);
#1964=CYLINDRICAL_SURFACE('',#2158,2.);
#1965=CYLINDRICAL_SURFACE('',#2161,1.6);
#1966=CYLINDRICAL_SURFACE('',#2164,1.6);
#1967=CYLINDRICAL_SURFACE('',#2167,1.6);
#1968=CYLINDRICAL_SURFACE('',#2170,2.);
#1969=CYLINDRICAL_SURFACE('',#2188,2.9);
#1970=CYLINDRICAL_SURFACE('',#2194,2.9);
#1971=CYLINDRICAL_SURFACE('',#2199,2.);
#1972=CYLINDRICAL_SURFACE('',#2202,2.);
#1973=CYLINDRICAL_SURFACE('',#2205,2.);
#1974=CYLINDRICAL_SURFACE('',#2208,2.);
#1975=CYLINDRICAL_SURFACE('',#2210,2.);
#1976=CYLINDRICAL_SURFACE('',#2212,2.);
#1977=CYLINDRICAL_SURFACE('',#2218,10.7126451419696);
#1978=CYLINDRICAL_SURFACE('',#2244,6.);
#1979=CYLINDRICAL_SURFACE('',#2245,6.);
#1980=ADVANCED_FACE('',(#1806),#1955,.F.);
#1981=ADVANCED_FACE('',(#1807),#216,.F.);
#1982=ADVANCED_FACE('',(#1808,#1809),#217,.F.);
#1983=ADVANCED_FACE('',(#1810),#104,.T.);
#1984=ADVANCED_FACE('',(#1811),#1956,.F.);
#1985=ADVANCED_FACE('',(#1812),#1957,.F.);
#1986=ADVANCED_FACE('',(#1813),#1958,.T.);
#1987=ADVANCED_FACE('',(#1814),#1959,.T.);
#1988=ADVANCED_FACE('',(#1815),#91,.F.);
#1989=ADVANCED_FACE('',(#1816),#36,.F.);
#1990=ADVANCED_FACE('',(#1817),#37,.F.);
#1991=ADVANCED_FACE('',(#1818),#19,.F.);
#1992=ADVANCED_FACE('',(#1819),#20,.F.);
#1993=ADVANCED_FACE('',(#1820),#1960,.F.);
#1994=ADVANCED_FACE('',(#1821,#1822),#218,.F.);
#1995=ADVANCED_FACE('',(#1823),#38,.F.);
#1996=ADVANCED_FACE('',(#1824,#1825),#1961,.F.);
#1997=ADVANCED_FACE('',(#1826),#1962,.T.);
#1998=ADVANCED_FACE('',(#1827),#1963,.T.);
#1999=ADVANCED_FACE('',(#1828),#1964,.T.);
#2000=ADVANCED_FACE('',(#1829,#1830),#1965,.F.);
#2001=ADVANCED_FACE('',(#1831,#1832),#1966,.F.);
#2002=ADVANCED_FACE('',(#1833,#1834),#1967,.F.);
#2003=ADVANCED_FACE('',(#1835),#1968,.T.);
#2004=ADVANCED_FACE('',(#1836),#105,.F.);
#2005=ADVANCED_FACE('',(#1837),#106,.F.);
#2006=ADVANCED_FACE('',(#1838),#107,.T.);
#2007=ADVANCED_FACE('',(#1839,#1840,#1841,#1842,#1843,#1844,#1845,#1846),
#108,.F.);
#2008=ADVANCED_FACE('',(#1847,#1848),#109,.T.);
#2009=ADVANCED_FACE('',(#1849,#1850),#110,.T.);
#2010=ADVANCED_FACE('',(#1851),#1969,.F.);
#2011=ADVANCED_FACE('',(#1852,#1853),#111,.T.);
#2012=ADVANCED_FACE('',(#1854),#1970,.F.);
#2013=ADVANCED_FACE('',(#1855,#1856),#112,.T.);
#2014=ADVANCED_FACE('',(#1857),#1971,.T.);
#2015=ADVANCED_FACE('',(#1858),#1972,.T.);
#2016=ADVANCED_FACE('',(#1859),#1973,.T.);
#2017=ADVANCED_FACE('',(#1860),#1974,.T.);
#2018=ADVANCED_FACE('',(#1861),#1975,.T.);
#2019=ADVANCED_FACE('',(#1862),#1976,.T.);
#2020=ADVANCED_FACE('',(#1863),#16,.F.);
#2021=ADVANCED_FACE('',(#1864),#17,.F.);
#2022=ADVANCED_FACE('',(#1865),#18,.F.);
#2023=ADVANCED_FACE('',(#1866),#92,.T.);
#2024=ADVANCED_FACE('',(#1867),#93,.F.);
#2025=ADVANCED_FACE('',(#1868),#94,.T.);
#2026=ADVANCED_FACE('',(#1869),#95,.F.);
#2027=ADVANCED_FACE('',(#1870),#96,.T.);
#2028=ADVANCED_FACE('',(#1871),#1977,.F.);
#2029=ADVANCED_FACE('',(#1872),#113,.T.);
#2030=ADVANCED_FACE('',(#1873),#39,.F.);
#2031=ADVANCED_FACE('',(#1874),#40,.F.);
#2032=ADVANCED_FACE('',(#1875),#41,.F.);
#2033=ADVANCED_FACE('',(#1876),#42,.F.);
#2034=ADVANCED_FACE('',(#1877),#43,.F.);
#2035=ADVANCED_FACE('',(#1878),#44,.F.);
#2036=ADVANCED_FACE('',(#1879),#21,.F.);
#2037=ADVANCED_FACE('',(#1880),#22,.F.);
#2038=ADVANCED_FACE('',(#1881),#23,.F.);
#2039=ADVANCED_FACE('',(#1882),#24,.F.);
#2040=ADVANCED_FACE('',(#1883),#25,.F.);
#2041=ADVANCED_FACE('',(#1884),#26,.F.);
#2042=ADVANCED_FACE('',(#1885),#27,.F.);
#2043=ADVANCED_FACE('',(#1886),#28,.F.);
#2044=ADVANCED_FACE('',(#1887),#29,.F.);
#2045=ADVANCED_FACE('',(#1888),#30,.F.);
#2046=ADVANCED_FACE('',(#1889),#31,.T.);
#2047=ADVANCED_FACE('',(#1890),#32,.T.);
#2048=ADVANCED_FACE('',(#1891),#33,.T.);
#2049=ADVANCED_FACE('',(#1892),#34,.T.);
#2050=ADVANCED_FACE('',(#1893,#1894),#45,.F.);
#2051=ADVANCED_FACE('',(#1895,#1896),#46,.F.);
#2052=ADVANCED_FACE('',(#1897,#1898),#47,.F.);
#2053=ADVANCED_FACE('',(#1899,#1900),#48,.F.);
#2054=ADVANCED_FACE('',(#1901),#114,.F.);
#2055=ADVANCED_FACE('',(#1902),#115,.F.);
#2056=ADVANCED_FACE('',(#1903),#116,.T.);
#2057=ADVANCED_FACE('',(#1904),#1978,.F.);
#2058=ADVANCED_FACE('',(#1905),#1979,.F.);
#2059=ADVANCED_FACE('',(#1906),#49,.T.);
#2060=ADVANCED_FACE('',(#1907),#50,.T.);
#2061=ADVANCED_FACE('',(#1908),#51,.T.);
#2062=ADVANCED_FACE('',(#1909),#52,.T.);
#2063=ADVANCED_FACE('',(#1910),#53,.T.);
#2064=ADVANCED_FACE('',(#1911),#54,.T.);
#2065=ADVANCED_FACE('',(#1912),#55,.T.);
#2066=ADVANCED_FACE('',(#1913),#56,.T.);
#2067=ADVANCED_FACE('',(#1914),#57,.T.);
#2068=ADVANCED_FACE('',(#1915),#58,.T.);
#2069=ADVANCED_FACE('',(#1916),#97,.T.);
#2070=ADVANCED_FACE('',(#1917),#59,.T.);
#2071=ADVANCED_FACE('',(#1918),#98,.T.);
#2072=ADVANCED_FACE('',(#1919),#60,.T.);
#2073=ADVANCED_FACE('',(#1920),#12,.T.);
#2074=ADVANCED_FACE('',(#1921),#61,.T.);
#2075=ADVANCED_FACE('',(#1922),#62,.T.);
#2076=ADVANCED_FACE('',(#1923),#63,.T.);
#2077=ADVANCED_FACE('',(#1924),#64,.T.);
#2078=ADVANCED_FACE('',(#1925),#65,.T.);
#2079=ADVANCED_FACE('',(#1926),#66,.T.);
#2080=ADVANCED_FACE('',(#1927),#13,.T.);
#2081=ADVANCED_FACE('',(#1928),#67,.T.);
#2082=ADVANCED_FACE('',(#1929),#68,.T.);
#2083=ADVANCED_FACE('',(#1930),#14,.T.);
#2084=ADVANCED_FACE('',(#1931),#69,.T.);
#2085=ADVANCED_FACE('',(#1932),#70,.T.);
#2086=ADVANCED_FACE('',(#1933),#71,.T.);
#2087=ADVANCED_FACE('',(#1934),#72,.T.);
#2088=ADVANCED_FACE('',(#1935),#15,.T.);
#2089=ADVANCED_FACE('',(#1936),#73,.T.);
#2090=ADVANCED_FACE('',(#1937),#74,.T.);
#2091=ADVANCED_FACE('',(#1938),#75,.T.);
#2092=ADVANCED_FACE('',(#1939),#76,.T.);
#2093=ADVANCED_FACE('',(#1940),#77,.T.);
#2094=ADVANCED_FACE('',(#1941),#78,.T.);
#2095=ADVANCED_FACE('',(#1942),#79,.T.);
#2096=ADVANCED_FACE('',(#1943),#80,.T.);
#2097=ADVANCED_FACE('',(#1944),#81,.T.);
#2098=ADVANCED_FACE('',(#1945),#82,.T.);
#2099=ADVANCED_FACE('',(#1946),#83,.T.);
#2100=ADVANCED_FACE('',(#1947),#84,.T.);
#2101=ADVANCED_FACE('',(#1948),#85,.T.);
#2102=ADVANCED_FACE('',(#1949),#86,.T.);
#2103=ADVANCED_FACE('',(#1950),#87,.T.);
#2104=ADVANCED_FACE('',(#1951),#35,.T.);
#2105=ADVANCED_FACE('',(#1952),#88,.T.);
#2106=ADVANCED_FACE('',(#1953),#89,.T.);
#2107=ADVANCED_FACE('',(#1954),#90,.T.);
#2108=CLOSED_SHELL('',(#1980,#1981,#1982,#1983,#1984,#1985,#1986,#1987,
#1988,#1989,#1990,#1991,#1992,#1993,#1994,#1995,#1996,#1997,#1998,#1999,
#2000,#2001,#2002,#2003,#2004,#2005,#2006,#2007,#2008,#2009,#2010,#2011,
#2012,#2013,#2014,#2015,#2016,#2017,#2018,#2019,#2020,#2021,#2022,#2023,
#2024,#2025,#2026,#2027,#2028,#2029,#2030,#2031,#2032,#2033,#2034,#2035,
#2036,#2037,#2038,#2039,#2040,#2041,#2042,#2043,#2044,#2045,#2046,#2047,
#2048,#2049,#2050,#2051,#2052,#2053,#2054,#2055,#2056,#2057,#2058,#2059,
#2060,#2061,#2062,#2063,#2064,#2065,#2066,#2067,#2068,#2069,#2070,#2071,
#2072,#2073,#2074,#2075,#2076,#2077,#2078,#2079,#2080,#2081,#2082,#2083,
#2084,#2085,#2086,#2087,#2088,#2089,#2090,#2091,#2092,#2093,#2094,#2095,
#2096,#2097,#2098,#2099,#2100,#2101,#2102,#2103,#2104,#2105,#2106,#2107));
#2109=STYLED_ITEM('',(#2110),#2117);
#2110=PRESENTATION_STYLE_ASSIGNMENT((#2111));
#2111=SURFACE_STYLE_USAGE(.BOTH.,#2112);
#2112=SURFACE_SIDE_STYLE('',(#2113));
#2113=SURFACE_STYLE_FILL_AREA(#2114);
#2114=FILL_AREA_STYLE('',(#2115));
#2115=FILL_AREA_STYLE_COLOUR('',#2116);
#2116=COLOUR_RGB('',0.188235294117647,0.188235294117647,0.188235294117647);
#2117=MANIFOLD_SOLID_BREP('Duct-HEF-Rapido-UHF',#2108);
#2118=SHAPE_DEFINITION_REPRESENTATION(#5335,#2119);
#2119=SHAPE_REPRESENTATION('Duct-HEF-Rapido-UHF',(#2120),#5330);
#2120=AXIS2_PLACEMENT_3D('',#2681,#2290,#2291);
#2121=AXIS2_PLACEMENT_3D('',#2682,#2292,#2293);
#2122=AXIS2_PLACEMENT_3D('',#2705,#2295,#2296);
#2123=AXIS2_PLACEMENT_3D('',#2746,#2297,#2298);
#2124=AXIS2_PLACEMENT_3D('',#2789,#2299,#2300);
#2125=AXIS2_PLACEMENT_3D('',#2829,#2301,#2302);
#2126=AXIS2_PLACEMENT_3D('',#2849,#2303,#2304);
#2127=AXIS2_PLACEMENT_3D('',#2862,#2311,#2312);
#2128=AXIS2_PLACEMENT_3D('',#2879,#2314,#2315);
#2129=AXIS2_PLACEMENT_3D('',#2883,#2317,#2318);
#2130=AXIS2_PLACEMENT_3D('',#2884,#2319,#2320);
#2131=AXIS2_PLACEMENT_3D('',#2899,#2322,#2323);
#2132=AXIS2_PLACEMENT_3D('',#2903,#2325,#2326);
#2133=AXIS2_PLACEMENT_3D('',#2904,#2327,#2328);
#2134=AXIS2_PLACEMENT_3D('',#2905,#2329,#2330);
#2135=AXIS2_PLACEMENT_3D('',#2907,#2331,#2332);
#2136=AXIS2_PLACEMENT_3D('',#2908,#2333,#2334);
#2137=AXIS2_PLACEMENT_3D('',#2909,#2335,#2336);
#2138=AXIS2_PLACEMENT_3D('',#2911,#2337,#2338);
#2139=AXIS2_PLACEMENT_3D('',#3077,#2340,#2341);
#2140=AXIS2_PLACEMENT_3D('',#3086,#2342,#2343);
#2141=AXIS2_PLACEMENT_3D('',#3088,#2344,#2345);
#2142=AXIS2_PLACEMENT_3D('',#3089,#2346,#2347);
#2143=AXIS2_PLACEMENT_3D('',#3098,#2348,#2349);
#2144=AXIS2_PLACEMENT_3D('',#3100,#2350,#2351);
#2145=AXIS2_PLACEMENT_3D('',#3101,#2352,#2353);
#2146=AXIS2_PLACEMENT_3D('',#3290,#2356,#2357);
#2147=AXIS2_PLACEMENT_3D('',#3297,#2358,#2359);
#2148=AXIS2_PLACEMENT_3D('',#3346,#2360,#2361);
#2149=AXIS2_PLACEMENT_3D('',#3404,#2362,#2363);
#2150=AXIS2_PLACEMENT_3D('',#3405,#2364,#2365);
#2151=AXIS2_PLACEMENT_3D('',#3415,#2367,#2368);
#2152=AXIS2_PLACEMENT_3D('',#3416,#2369,#2370);
#2153=AXIS2_PLACEMENT_3D('',#3417,#2371,#2372);
#2154=AXIS2_PLACEMENT_3D('',#3422,#2374,#2375);
#2155=AXIS2_PLACEMENT_3D('',#3425,#2377,#2378);
#2156=AXIS2_PLACEMENT_3D('',#3426,#2379,#2380);
#2157=AXIS2_PLACEMENT_3D('',#3431,#2382,#2383);
#2158=AXIS2_PLACEMENT_3D('',#3434,#2385,#2386);
#2159=AXIS2_PLACEMENT_3D('',#3435,#2387,#2388);
#2160=AXIS2_PLACEMENT_3D('',#3439,#2390,#2391);
#2161=AXIS2_PLACEMENT_3D('',#3440,#2392,#2393);
#2162=AXIS2_PLACEMENT_3D('',#3441,#2394,#2395);
#2163=AXIS2_PLACEMENT_3D('',#3443,#2396,#2397);
#2164=AXIS2_PLACEMENT_3D('',#3445,#2398,#2399);
#2165=AXIS2_PLACEMENT_3D('',#3446,#2400,#2401);
#2166=AXIS2_PLACEMENT_3D('',#3448,#2402,#2403);
#2167=AXIS2_PLACEMENT_3D('',#3450,#2404,#2405);
#2168=AXIS2_PLACEMENT_3D('',#3451,#2406,#2407);
#2169=AXIS2_PLACEMENT_3D('',#3453,#2408,#2409);
#2170=AXIS2_PLACEMENT_3D('',#3455,#2410,#2411);
#2171=AXIS2_PLACEMENT_3D('',#3456,#2412,#2413);
#2172=AXIS2_PLACEMENT_3D('',#3458,#2414,#2415);
#2173=AXIS2_PLACEMENT_3D('',#3461,#2417,#2418);
#2174=AXIS2_PLACEMENT_3D('',#3482,#2425,#2426);
#2175=AXIS2_PLACEMENT_3D('',#3486,#2428,#2429);
#2176=AXIS2_PLACEMENT_3D('',#3503,#2434,#2435);
#2177=AXIS2_PLACEMENT_3D('',#3524,#2442,#2443);
#2178=AXIS2_PLACEMENT_3D('',#3541,#2445,#2446);
#2179=AXIS2_PLACEMENT_3D('',#3560,#2449,#2450);
#2180=AXIS2_PLACEMENT_3D('',#3570,#2453,#2454);
#2181=AXIS2_PLACEMENT_3D('',#3596,#2457,#2458);
#2182=AXIS2_PLACEMENT_3D('',#3597,#2459,#2460);
#2183=AXIS2_PLACEMENT_3D('',#3599,#2461,#2462);
#2184=AXIS2_PLACEMENT_3D('',#3600,#2463,#2464);
#2185=AXIS2_PLACEMENT_3D('',#3601,#2465,#2466);
#2186=AXIS2_PLACEMENT_3D('',#3604,#2467,#2468);
#2187=AXIS2_PLACEMENT_3D('',#3605,#2469,#2470);
#2188=AXIS2_PLACEMENT_3D('',#3606,#2471,#2472);
#2189=AXIS2_PLACEMENT_3D('',#3620,#2475,#2476);
#2190=AXIS2_PLACEMENT_3D('',#3621,#2477,#2478);
#2191=AXIS2_PLACEMENT_3D('',#3622,#2479,#2480);
#2192=AXIS2_PLACEMENT_3D('',#3625,#2481,#2482);
#2193=AXIS2_PLACEMENT_3D('',#3626,#2483,#2484);
#2194=AXIS2_PLACEMENT_3D('',#3627,#2485,#2486);
#2195=AXIS2_PLACEMENT_3D('',#3641,#2489,#2490);
#2196=AXIS2_PLACEMENT_3D('',#3642,#2491,#2492);
#2197=AXIS2_PLACEMENT_3D('',#3643,#2493,#2494);
#2198=AXIS2_PLACEMENT_3D('',#3645,#2495,#2496);
#2199=AXIS2_PLACEMENT_3D('',#3646,#2497,#2498);
#2200=AXIS2_PLACEMENT_3D('',#3647,#2499,#2500);
#2201=AXIS2_PLACEMENT_3D('',#3653,#2501,#2502);
#2202=AXIS2_PLACEMENT_3D('',#3654,#2503,#2504);
#2203=AXIS2_PLACEMENT_3D('',#3655,#2505,#2506);
#2204=AXIS2_PLACEMENT_3D('',#3662,#2507,#2508);
#2205=AXIS2_PLACEMENT_3D('',#3663,#2509,#2510);
#2206=AXIS2_PLACEMENT_3D('',#3669,#2511,#2512);
#2207=AXIS2_PLACEMENT_3D('',#3670,#2513,#2514);
#2208=AXIS2_PLACEMENT_3D('',#3671,#2515,#2516);
#2209=AXIS2_PLACEMENT_3D('',#3677,#2517,#2518);
#2210=AXIS2_PLACEMENT_3D('',#3678,#2519,#2520);
#2211=AXIS2_PLACEMENT_3D('',#3684,#2521,#2522);
#2212=AXIS2_PLACEMENT_3D('',#3685,#2523,#2524);
#2213=AXIS2_PLACEMENT_3D('',#3691,#2525,#2526);
#2214=AXIS2_PLACEMENT_3D('',#3692,#2527,#2528);
#2215=AXIS2_PLACEMENT_3D('',#3693,#2529,#2530);
#2216=AXIS2_PLACEMENT_3D('',#3722,#2531,#2532);
#2217=AXIS2_PLACEMENT_3D('',#3749,#2533,#2534);
#2218=AXIS2_PLACEMENT_3D('',#3894,#2535,#2536);
#2219=AXIS2_PLACEMENT_3D('',#3898,#2537,#2538);
#2220=AXIS2_PLACEMENT_3D('',#4100,#2539,#2540);
#2221=AXIS2_PLACEMENT_3D('',#4101,#2541,#2542);
#2222=AXIS2_PLACEMENT_3D('',#4102,#2543,#2544);
#2223=AXIS2_PLACEMENT_3D('',#4103,#2545,#2546);
#2224=AXIS2_PLACEMENT_3D('',#4104,#2547,#2548);
#2225=AXIS2_PLACEMENT_3D('',#4105,#2549,#2550);
#2226=AXIS2_PLACEMENT_3D('',#4106,#2551,#2552);
#2227=AXIS2_PLACEMENT_3D('',#4107,#2553,#2554);
#2228=AXIS2_PLACEMENT_3D('',#4108,#2555,#2556);
#2229=AXIS2_PLACEMENT_3D('',#4109,#2557,#2558);
#2230=AXIS2_PLACEMENT_3D('',#4110,#2559,#2560);
#2231=AXIS2_PLACEMENT_3D('',#4111,#2561,#2562);
#2232=AXIS2_PLACEMENT_3D('',#4112,#2563,#2564);
#2233=AXIS2_PLACEMENT_3D('',#4113,#2565,#2566);
#2234=AXIS2_PLACEMENT_3D('',#4114,#2567,#2568);
#2235=AXIS2_PLACEMENT_3D('',#4115,#2569,#2570);
#2236=AXIS2_PLACEMENT_3D('',#4116,#2571,#2572);
#2237=AXIS2_PLACEMENT_3D('',#4140,#2573,#2574);
#2238=AXIS2_PLACEMENT_3D('',#4164,#2575,#2576);
#2239=AXIS2_PLACEMENT_3D('',#4188,#2577,#2578);
#2240=AXIS2_PLACEMENT_3D('',#4416,#2579,#2580);
#2241=AXIS2_PLACEMENT_3D('',#4426,#2581,#2582);
#2242=AXIS2_PLACEMENT_3D('',#4437,#2583,#2584);
#2243=AXIS2_PLACEMENT_3D('',#4442,#2587,#2588);
#2244=AXIS2_PLACEMENT_3D('',#4465,#2589,#2590);
#2245=AXIS2_PLACEMENT_3D('',#4475,#2591,#2592);
#2246=AXIS2_PLACEMENT_3D('',#4508,#2593,#2594);
#2247=AXIS2_PLACEMENT_3D('',#4509,#2595,#2596);
#2248=AXIS2_PLACEMENT_3D('',#4544,#2597,#2598);
#2249=AXIS2_PLACEMENT_3D('',#4557,#2599,#2600);
#2250=AXIS2_PLACEMENT_3D('',#4570,#2601,#2602);
#2251=AXIS2_PLACEMENT_3D('',#4583,#2603,#2604);
#2252=AXIS2_PLACEMENT_3D('',#4601,#2605,#2606);
#2253=AXIS2_PLACEMENT_3D('',#4623,#2607,#2608);
#2254=AXIS2_PLACEMENT_3D('',#4636,#2609,#2610);
#2255=AXIS2_PLACEMENT_3D('',#4778,#2611,#2612);
#2256=AXIS2_PLACEMENT_3D('',#4779,#2613,#2614);
#2257=AXIS2_PLACEMENT_3D('',#4780,#2615,#2616);
#2258=AXIS2_PLACEMENT_3D('',#4808,#2617,#2618);
#2259=AXIS2_PLACEMENT_3D('',#4824,#2619,#2620);
#2260=AXIS2_PLACEMENT_3D('',#4856,#2621,#2622);
#2261=AXIS2_PLACEMENT_3D('',#4872,#2623,#2624);
#2262=AXIS2_PLACEMENT_3D('',#4885,#2625,#2626);
#2263=AXIS2_PLACEMENT_3D('',#4886,#2627,#2628);
#2264=AXIS2_PLACEMENT_3D('',#4887,#2629,#2630);
#2265=AXIS2_PLACEMENT_3D('',#4900,#2631,#2632);
#2266=AXIS2_PLACEMENT_3D('',#4913,#2633,#2634);
#2267=AXIS2_PLACEMENT_3D('',#4914,#2635,#2636);
#2268=AXIS2_PLACEMENT_3D('',#4915,#2637,#2638);
#2269=AXIS2_PLACEMENT_3D('',#4947,#2639,#2640);
#2270=AXIS2_PLACEMENT_3D('',#4960,#2641,#2642);
#2271=AXIS2_PLACEMENT_3D('',#4977,#2643,#2644);
#2272=AXIS2_PLACEMENT_3D('',#4978,#2645,#2646);
#2273=AXIS2_PLACEMENT_3D('',#4991,#2647,#2648);
#2274=AXIS2_PLACEMENT_3D('',#4992,#2649,#2650);
#2275=AXIS2_PLACEMENT_3D('',#5014,#2651,#2652);
#2276=AXIS2_PLACEMENT_3D('',#5036,#2653,#2654);
#2277=AXIS2_PLACEMENT_3D('',#5052,#2655,#2656);
#2278=AXIS2_PLACEMENT_3D('',#5071,#2657,#2658);
#2279=AXIS2_PLACEMENT_3D('',#5087,#2659,#2660);
#2280=AXIS2_PLACEMENT_3D('',#5103,#2661,#2662);
#2281=AXIS2_PLACEMENT_3D('',#5139,#2663,#2664);
#2282=AXIS2_PLACEMENT_3D('',#5204,#2665,#2666);
#2283=AXIS2_PLACEMENT_3D('',#5232,#2667,#2668);
#2284=AXIS2_PLACEMENT_3D('',#5254,#2669,#2670);
#2285=AXIS2_PLACEMENT_3D('',#5273,#2671,#2672);
#2286=AXIS2_PLACEMENT_3D('',#5274,#2673,#2674);
#2287=AXIS2_PLACEMENT_3D('',#5275,#2675,#2676);
#2288=AXIS2_PLACEMENT_3D('',#5294,#2677,#2678);
#2289=AXIS2_PLACEMENT_3D('',#5316,#2679,#2680);
#2290=DIRECTION('',(0.,0.,1.));
#2291=DIRECTION('',(1.,0.,0.));
#2292=DIRECTION('',(1.,-4.52888199148817E-16,-4.19962208960515E-12));
#2293=DIRECTION('',(-4.19962208960515E-12,0.,-1.));
#2294=DIRECTION('',(-1.,4.52888199148354E-16,4.19962208960515E-12));
#2295=DIRECTION('',(-4.19962208960515E-12,-2.23619204542802E-16,-1.));
#2296=DIRECTION('',(1.,-1.22464681446415E-16,-4.19962208960515E-12));
#2297=DIRECTION('',(4.19962208960515E-12,2.23619204542802E-16,1.));
#2298=DIRECTION('',(1.,-1.22464681446415E-16,-4.19962208960515E-12));
#2299=DIRECTION('',(-4.19962208960515E-12,-2.23619204542802E-16,-1.));
#2300=DIRECTION('',(1.,-1.22464681446415E-16,-4.19962208960515E-12));
#2301=DIRECTION('',(4.19962208960515E-12,2.23619204542802E-16,1.));
#2302=DIRECTION('',(1.,-1.22464681446415E-16,-4.19962208960515E-12));
#2303=DIRECTION('',(-1.22464681445498E-16,-1.,2.23619204543316E-16));
#2304=DIRECTION('',(2.09981104480257E-12,2.23619204543059E-16,1.));
#2305=DIRECTION('',(-1.,1.22464681446437E-16,4.19962208960515E-12));
#2306=DIRECTION('',(-1.,4.52888199148817E-16,4.19962208960515E-12));
#2307=DIRECTION('',(-1.,1.22464681446437E-16,4.19962208960515E-12));
#2308=DIRECTION('',(-4.19962208960515E-12,-2.23619204542802E-16,-1.));
#2309=DIRECTION('',(-1.,1.22464681446437E-16,4.19962208960515E-12));
#2310=DIRECTION('',(-4.19962208960515E-12,-2.23619204542802E-16,-1.));
#2311=DIRECTION('',(4.19962208960515E-12,2.23619204542802E-16,1.));
#2312=DIRECTION('',(1.,-1.22464681446415E-16,-4.19962208960515E-12));
#2313=DIRECTION('',(4.19962208960515E-12,2.23619204542802E-16,1.));
#2314=DIRECTION('',(3.37151900598558E-12,-0.596141827858148,0.802879144752152));
#2315=DIRECTION('',(2.50393400330067E-12,0.802879144752152,0.596141827858148));
#2316=DIRECTION('',(4.19962208960515E-12,2.23619204542802E-16,1.));
#2317=DIRECTION('',(4.19962208960515E-12,2.23619204542802E-16,1.));
#2318=DIRECTION('',(1.,0.,-4.19962208960515E-12));
#2319=DIRECTION('',(4.19962208960515E-12,2.23619204542802E-16,1.));
#2320=DIRECTION('',(1.,-1.22464681446415E-16,-4.19962208960515E-12));
#2321=DIRECTION('',(4.19962208960515E-12,2.23619204542802E-16,1.));
#2322=DIRECTION('',(4.19962208960515E-12,2.23619204542802E-16,1.));
#2323=DIRECTION('',(1.,0.,-4.19962208960515E-12));
#2324=DIRECTION('',(4.19962208960515E-12,2.23619204542802E-16,1.));
#2325=DIRECTION('',(3.37151900598558E-12,-0.596141827858148,0.802879144752152));
#2326=DIRECTION('',(2.50393400330067E-12,0.802879144752152,0.596141827858148));
#2327=DIRECTION('',(4.19962208960515E-12,2.23619204542802E-16,1.));
#2328=DIRECTION('',(1.,-1.22464681446415E-16,-4.19962208960515E-12));
#2329=DIRECTION('',(4.19962208960515E-12,2.23619204542802E-16,1.));
#2330=DIRECTION('',(1.,0.,-4.19962208960515E-12));
#2331=DIRECTION('',(3.37151900598558E-12,-0.596141827858148,0.802879144752152));
#2332=DIRECTION('',(2.50393400330067E-12,0.802879144752152,0.596141827858148));
#2333=DIRECTION('',(4.19962208960515E-12,2.23619204542802E-16,1.));
#2334=DIRECTION('',(1.,-1.22464681446415E-16,-4.19962208960515E-12));
#2335=DIRECTION('',(3.37151900598558E-12,-0.596141827858148,0.802879144752152));
#2336=DIRECTION('',(2.50393400330067E-12,0.802879144752152,0.596141827858148));
#2337=DIRECTION('',(4.19962208960515E-12,2.23619204542802E-16,1.));
#2338=DIRECTION('',(1.,0.,-4.19962208960515E-12));
#2339=DIRECTION('',(0.573576436351045,-0.819152044288992,-1.20419873742188E-12));
#2340=DIRECTION('',(4.19962208960515E-12,2.23619204542802E-16,1.));
#2341=DIRECTION('',(1.,0.,-4.19962208960515E-12));
#2342=DIRECTION('',(-0.102040816322895,-0.994780212812939,4.28370490991254E-13));
#2343=DIRECTION('',(0.99478021281294,-0.102040816322895,0.));
#2344=DIRECTION('',(4.19962208960515E-12,2.23619204542802E-16,1.));
#2345=DIRECTION('',(1.,0.,-4.19962208960515E-12));
#2346=DIRECTION('',(4.19962208960515E-12,2.23619204542802E-16,1.));
#2347=DIRECTION('',(1.,0.,-4.19962208960515E-12));
#2348=DIRECTION('',(4.19962208960515E-12,2.23619204542802E-16,1.));
#2349=DIRECTION('',(1.,0.,-4.19962208960515E-12));
#2350=DIRECTION('',(0.102040816322892,-0.99478021281294,-4.28370490991245E-13));
#2351=DIRECTION('',(0.99478021281294,0.102040816322892,0.));
#2352=DIRECTION('',(2.05070561253676E-16,1.,-2.23619204543663E-16));
#2353=DIRECTION('',(-1.,2.05070561254616E-16,4.19962208960515E-12));
#2354=DIRECTION('',(2.05070561253676E-16,1.,-2.23619204543663E-16));
#2355=DIRECTION('',(2.05070561253676E-16,1.,-2.23619204543663E-16));
#2356=DIRECTION('',(-2.05070561253676E-16,-1.,2.23619204543663E-16));
#2357=DIRECTION('',(0.,-2.23619204543663E-16,-1.));
#2358=DIRECTION('',(-4.19962208960515E-12,-2.23619204542802E-16,-1.));
#2359=DIRECTION('',(1.,-1.22464681446415E-16,-4.19962208960515E-12));
#2360=DIRECTION('',(4.19962208960515E-12,2.23619204542802E-16,1.));
#2361=DIRECTION('',(1.,-1.22464681446415E-16,-4.19962208960515E-12));
#2362=DIRECTION('',(-4.19962208960515E-12,-2.23619204542802E-16,-1.));
#2363=DIRECTION('',(-1.,1.22464681446415E-16,4.19962208960515E-12));
#2364=DIRECTION('',(4.19962208960515E-12,2.23619204542802E-16,1.));
#2365=DIRECTION('',(1.,0.,-4.19962208960515E-12));
#2366=DIRECTION('',(-4.19962208960515E-12,-2.23619204542802E-16,-1.));
#2367=DIRECTION('',(4.19962208960515E-12,2.23619204542802E-16,1.));
#2368=DIRECTION('',(1.,-1.22464681446415E-16,-4.19962208960515E-12));
#2369=DIRECTION('',(-4.19962208960515E-12,-2.23619204542802E-16,-1.));
#2370=DIRECTION('',(-1.,1.22464681446415E-16,4.19962208960515E-12));
#2371=DIRECTION('',(4.19962208960515E-12,2.23619204542802E-16,1.));
#2372=DIRECTION('',(1.,0.,-4.19962208960515E-12));
#2373=DIRECTION('',(-4.19962208960515E-12,-2.23619204542802E-16,-1.));
#2374=DIRECTION('',(4.19962208960515E-12,2.23619204542802E-16,1.));
#2375=DIRECTION('',(1.,-1.22464681446415E-16,-4.19962208960515E-12));
#2376=DIRECTION('',(-4.19962208960515E-12,-2.23619204542802E-16,-1.));
#2377=DIRECTION('',(-4.19962208960515E-12,-2.23619204542802E-16,-1.));
#2378=DIRECTION('',(-1.,1.22464681446415E-16,4.19962208960515E-12));
#2379=DIRECTION('',(4.19962208960515E-12,2.23619204542802E-16,1.));
#2380=DIRECTION('',(1.,0.,-4.19962208960515E-12));
#2381=DIRECTION('',(-4.19962208960515E-12,-2.23619204542802E-16,-1.));
#2382=DIRECTION('',(4.19962208960515E-12,2.23619204542802E-16,1.));
#2383=DIRECTION('',(1.,-1.22464681446415E-16,-4.19962208960515E-12));
#2384=DIRECTION('',(-4.19962208960515E-12,-2.23619204542802E-16,-1.));
#2385=DIRECTION('',(-4.19962208960515E-12,-2.23619204542802E-16,-1.));
#2386=DIRECTION('',(-1.,1.22464681446415E-16,4.19962208960515E-12));
#2387=DIRECTION('',(4.19962208960515E-12,2.23619204542802E-16,1.));
#2388=DIRECTION('',(1.,0.,-4.19962208960515E-12));
#2389=DIRECTION('',(-4.19962208960515E-12,-2.23619204542802E-16,-1.));
#2390=DIRECTION('',(4.19962208960515E-12,2.23619204542802E-16,1.));
#2391=DIRECTION('',(1.,-1.22464681446415E-16,-4.19962208960515E-12));
#2392=DIRECTION('',(-4.19962208960515E-12,-2.23619204542802E-16,-1.));
#2393=DIRECTION('',(-1.,1.22464681446415E-16,4.19962208960515E-12));
#2394=DIRECTION('',(4.19962208960515E-12,2.23619204542802E-16,1.));
#2395=DIRECTION('',(1.,-1.22464681446415E-16,-4.19962208960515E-12));
#2396=DIRECTION('',(4.19962208960515E-12,2.23619204542802E-16,1.));
#2397=DIRECTION('',(1.,0.,-4.19962208960515E-12));
#2398=DIRECTION('',(-4.19962208960515E-12,-2.23619204542802E-16,-1.));
#2399=DIRECTION('',(-1.,1.22464681446415E-16,4.19962208960515E-12));
#2400=DIRECTION('',(4.19962208960515E-12,2.23619204542802E-16,1.));
#2401=DIRECTION('',(1.,-1.22464681446415E-16,-4.19962208960515E-12));
#2402=DIRECTION('',(4.19962208960515E-12,2.23619204542802E-16,1.));
#2403=DIRECTION('',(1.,0.,-4.19962208960515E-12));
#2404=DIRECTION('',(-4.19962208960515E-12,-2.23619204542802E-16,-1.));
#2405=DIRECTION('',(-1.,1.22464681446415E-16,4.19962208960515E-12));
#2406=DIRECTION('',(4.19962208960515E-12,2.23619204542802E-16,1.));
#2407=DIRECTION('',(1.,-1.22464681446415E-16,-4.19962208960515E-12));
#2408=DIRECTION('',(4.19962208960515E-12,2.23619204542802E-16,1.));
#2409=DIRECTION('',(1.,0.,-4.19962208960515E-12));
#2410=DIRECTION('',(-4.19962208960515E-12,-2.23619204542802E-16,-1.));
#2411=DIRECTION('',(-1.,1.22464681446415E-16,4.19962208960515E-12));
#2412=DIRECTION('',(4.19962208960515E-12,2.23619204542802E-16,1.));
#2413=DIRECTION('',(1.,0.,-4.19962208960515E-12));
#2414=DIRECTION('',(4.19962208960515E-12,2.23619204542802E-16,1.));
#2415=DIRECTION('',(1.,-1.22464681446415E-16,-4.19962208960515E-12));
#2416=DIRECTION('',(-4.19962208960515E-12,-2.23619204542802E-16,-1.));
#2417=DIRECTION('',(-1.,4.52888199148817E-16,4.19962208960515E-12));
#2418=DIRECTION('',(4.19962208960515E-12,7.294370043366E-13,1.));
#2419=DIRECTION('',(4.19962208960515E-12,2.23619204542802E-16,1.));
#2420=DIRECTION('',(-4.52888199147878E-16,-1.,2.23619204544704E-16));
#2421=DIRECTION('',(4.19962208960515E-12,2.23619204542802E-16,1.));
#2422=DIRECTION('',(4.52888199147878E-16,1.,-2.23619204544704E-16));
#2423=DIRECTION('',(4.52888199147878E-16,1.,-2.23619204544704E-16));
#2424=DIRECTION('',(4.52888199147878E-16,1.,-2.23619204544704E-16));
#2425=DIRECTION('',(-2.05070561253676E-16,-1.,2.23619204543663E-16));
#2426=DIRECTION('',(2.09981104480257E-12,2.23619204543261E-16,1.));
#2427=DIRECTION('',(4.19962208960515E-12,2.23619204542802E-16,1.));
#2428=DIRECTION('',(-2.05070561253676E-16,-1.,2.23619204543663E-16));
#2429=DIRECTION('',(0.,-2.23619204543663E-16,-1.));
#2430=DIRECTION('',(4.19962208960515E-12,2.23619204542802E-16,1.));
#2431=DIRECTION('',(-1.,2.05070561254616E-16,4.19962208960515E-12));
#2432=DIRECTION('',(-1.,2.05070561254616E-16,4.19962208960515E-12));
#2433=DIRECTION('',(-1.,2.05070561254616E-16,4.19962208960515E-12));
#2434=DIRECTION('',(-1.,4.52888199148817E-16,4.19962208960515E-12));
#2435=DIRECTION('',(4.19962208960515E-12,7.294370043366E-13,1.));
#2436=DIRECTION('',(-4.52888199147877E-16,-1.,2.23619204544704E-16));
#2437=DIRECTION('',(-4.19962208960515E-12,-2.23619204542802E-16,-1.));
#2438=DIRECTION('',(4.52888199147877E-16,1.,-2.23619204544704E-16));
#2439=DIRECTION('',(4.52888199147877E-16,1.,-2.23619204544704E-16));
#2440=DIRECTION('',(4.52888199147877E-16,1.,-2.23619204544704E-16));
#2441=DIRECTION('',(-4.19962208960515E-12,-2.23619204542802E-16,-1.));
#2442=DIRECTION('',(4.19962208960515E-12,2.23619204542802E-16,1.));
#2443=DIRECTION('',(1.,-1.22464679915205E-16,-4.19962208960515E-12));
#2444=DIRECTION('',(0.573576436351045,-0.819152044288992,-1.20419873742188E-12));
#2445=DIRECTION('',(-2.09981104480257E-12,-1.11809602271529E-16,-1.));
#2446=DIRECTION('',(0.573576436351045,-0.819152044288992,-1.20431054702416E-12));
#2447=DIRECTION('',(-0.996194698091746,-0.0871557427476575,2.09194218427802E-12));
#2448=DIRECTION('',(0.422618261740699,0.90630778703665,-8.8740801804932E-13));
#2449=DIRECTION('',(-2.09981104480257E-12,-1.11809602271529E-16,-1.));
#2450=DIRECTION('',(0.573576436351045,-0.819152044288992,-1.20431054702416E-12));
#2451=DIRECTION('',(0.573576436351045,-0.819152044288992,-1.20419873742188E-12));
#2452=DIRECTION('',(0.819152044288992,0.573576436351045,-3.81914404725579E-12));
#2453=DIRECTION('',(-2.09981104480257E-12,-1.11809602271529E-16,-1.));
#2454=DIRECTION('',(0.573576436351045,-0.819152044288992,-1.20431054702416E-12));
#2455=DIRECTION('',(0.422618261740699,0.90630778703665,-8.8740801804932E-13));
#2456=DIRECTION('',(-0.996194698091746,-0.0871557427476575,2.09194218427802E-12));
#2457=DIRECTION('',(4.19962208960515E-12,2.23619204542802E-16,1.));
#2458=DIRECTION('',(1.,-1.22464679915205E-16,-4.19962208960515E-12));
#2459=DIRECTION('',(4.19962208960515E-12,2.23619204542802E-16,1.));
#2460=DIRECTION('',(1.,0.,-4.19962208960515E-12));
#2461=DIRECTION('',(4.19962208960515E-12,2.23619204542802E-16,1.));
#2462=DIRECTION('',(1.,0.,-4.19962208960515E-12));
#2463=DIRECTION('',(4.19962208960515E-12,2.23619204542802E-16,1.));
#2464=DIRECTION('',(1.,-1.22464679915205E-16,-4.19962208960515E-12));
#2465=DIRECTION('',(4.19962208960515E-12,2.23619204542802E-16,1.));
#2466=DIRECTION('',(1.,0.,-4.19962208960515E-12));
#2467=DIRECTION('',(4.19962208960515E-12,2.23619204542802E-16,1.));
#2468=DIRECTION('',(1.,0.,-4.19962208960515E-12));
#2469=DIRECTION('',(4.19962208960515E-12,2.23619204542802E-16,1.));
#2470=DIRECTION('',(1.,0.,-4.19962208960515E-12));
#2471=DIRECTION('',(4.19962208960515E-12,2.23619204542802E-16,1.));
#2472=DIRECTION('',(1.,-1.22464681446415E-16,-4.19962208960515E-12));
#2473=DIRECTION('',(4.19962208960515E-12,2.23619204542802E-16,1.));
#2474=DIRECTION('',(4.19962208960515E-12,2.23619204542802E-16,1.));
#2475=DIRECTION('',(4.19962208960515E-12,2.23619204542802E-16,1.));
#2476=DIRECTION('',(1.,0.,-4.19962208960515E-12));
#2477=DIRECTION('',(4.19962208960515E-12,2.23619204542802E-16,1.));
#2478=DIRECTION('',(1.,-1.22464679915205E-16,-4.19962208960515E-12));
#2479=DIRECTION('',(4.19962208960515E-12,2.23619204542802E-16,1.));
#2480=DIRECTION('',(1.,0.,-4.19962208960515E-12));
#2481=DIRECTION('',(4.19962208960515E-12,2.23619204542802E-16,1.));
#2482=DIRECTION('',(1.,0.,-4.19962208960515E-12));
#2483=DIRECTION('',(4.19962208960515E-12,2.23619204542802E-16,1.));
#2484=DIRECTION('',(1.,0.,-4.19962208960515E-12));
#2485=DIRECTION('',(4.19962208960515E-12,2.23619204542802E-16,1.));
#2486=DIRECTION('',(1.,-1.22464681446415E-16,-4.19962208960515E-12));
#2487=DIRECTION('',(4.19962208960515E-12,2.23619204542802E-16,1.));
#2488=DIRECTION('',(4.19962208960515E-12,2.23619204542802E-16,1.));
#2489=DIRECTION('',(4.19962208960515E-12,2.23619204542802E-16,1.));
#2490=DIRECTION('',(1.,0.,-4.19962208960515E-12));
#2491=DIRECTION('',(4.19962208960515E-12,2.23619204542802E-16,1.));
#2492=DIRECTION('',(1.,-1.22464679915205E-16,-4.19962208960515E-12));
#2493=DIRECTION('',(4.19962208960515E-12,2.23619204542802E-16,1.));
#2494=DIRECTION('',(1.,0.,-4.19962208960515E-12));
#2495=DIRECTION('',(4.19962208960515E-12,2.23619204542802E-16,1.));
#2496=DIRECTION('',(1.,0.,-4.19962208960515E-12));
#2497=DIRECTION('',(4.19962208960515E-12,2.23619204542802E-16,1.));
#2498=DIRECTION('',(1.,-1.22464681446415E-16,-4.19962208960515E-12));
#2499=DIRECTION('',(-4.19962208960515E-12,-2.23619204542802E-16,-1.));
#2500=DIRECTION('',(-1.,0.,4.19962208960515E-12));
#2501=DIRECTION('',(4.19962208960515E-12,2.23619204542802E-16,1.));
#2502=DIRECTION('',(1.,0.,-4.19962208960515E-12));
#2503=DIRECTION('',(4.19962208960515E-12,2.23619204542802E-16,1.));
#2504=DIRECTION('',(1.,-1.22464681446415E-16,-4.19962208960515E-12));
#2505=DIRECTION('',(-4.19962208960515E-12,-2.23619204542802E-16,-1.));
#2506=DIRECTION('',(-1.,0.,4.19962208960515E-12));
#2507=DIRECTION('',(4.19962208960515E-12,2.23619204542802E-16,1.));
#2508=DIRECTION('',(1.,0.,-4.19962208960515E-12));
#2509=DIRECTION('',(4.19962208960515E-12,2.23619204542802E-16,1.));
#2510=DIRECTION('',(1.,-1.22464681446415E-16,-4.19962208960515E-12));
#2511=DIRECTION('',(-4.19962208960515E-12,-2.23619204542802E-16,-1.));
#2512=DIRECTION('',(-1.,0.,4.19962208960515E-12));
#2513=DIRECTION('',(4.19962208960515E-12,2.23619204542802E-16,1.));
#2514=DIRECTION('',(1.,0.,-4.19962208960515E-12));
#2515=DIRECTION('',(4.19962208960515E-12,2.23619204542802E-16,1.));
#2516=DIRECTION('',(1.,-1.22464681446415E-16,-4.19962208960515E-12));
#2517=DIRECTION('',(4.19962208960515E-12,2.23619204542802E-16,1.));
#2518=DIRECTION('',(1.,0.,-4.19962208960515E-12));
#2519=DIRECTION('',(4.19962208960515E-12,2.23619204542802E-16,1.));
#2520=DIRECTION('',(1.,-1.22464681446415E-16,-4.19962208960515E-12));
#2521=DIRECTION('',(4.19962208960515E-12,2.23619204542802E-16,1.));
#2522=DIRECTION('',(1.,0.,-4.19962208960515E-12));
#2523=DIRECTION('',(4.19962208960515E-12,2.23619204542802E-16,1.));
#2524=DIRECTION('',(1.,-1.22464681446415E-16,-4.19962208960515E-12));
#2525=DIRECTION('',(-4.19962208960515E-12,-2.23619204542802E-16,-1.));
#2526=DIRECTION('',(-1.,0.,4.19962208960515E-12));
#2527=DIRECTION('',(4.19962208960515E-12,2.23619204542802E-16,1.));
#2528=DIRECTION('',(1.,0.,-4.19962208960515E-12));
#2529=DIRECTION('',(-2.09981104480257E-12,-1.11809602271529E-16,-1.));
#2530=DIRECTION('',(0.573576436351045,-0.819152044288992,-1.20431054702416E-12));
#2531=DIRECTION('',(-2.09981104480257E-12,-1.11809602271529E-16,-1.));
#2532=DIRECTION('',(0.573576436351045,-0.819152044288992,-1.20431054702416E-12));
#2533=DIRECTION('',(-2.09981104480257E-12,-1.11809602271529E-16,-1.));
#2534=DIRECTION('',(0.573576436351045,-0.819152044288992,-1.20431054702416E-12));
#2535=DIRECTION('',(0.573576436351046,-0.819152044288992,-1.20674867919135E-12));
#2536=DIRECTION('',(0.819152044288992,0.573576436351046,0.));
#2537=DIRECTION('',(0.573576436351045,-0.819152044288992,-1.20419873742188E-12));
#2538=DIRECTION('',(-0.819152044288992,-0.573576436351045,1.72012864132385E-12));
#2539=DIRECTION('',(4.19962208960515E-12,2.23619204542802E-16,1.));
#2540=DIRECTION('',(1.,0.,-4.19962208960515E-12));
#2541=DIRECTION('',(0.102040816330207,0.994780212812189,-4.28370491021953E-13));
#2542=DIRECTION('',(-0.99478021281219,0.102040816330207,0.));
#2543=DIRECTION('',(4.19962208960515E-12,2.23619204542802E-16,1.));
#2544=DIRECTION('',(1.,0.,-4.19962208960515E-12));
#2545=DIRECTION('',(0.994780212810281,0.102040816348815,-4.18762244166739E-12));
#2546=DIRECTION('',(-0.102040816348815,0.994780212810281,0.));
#2547=DIRECTION('',(4.19962208960515E-12,2.23619204542802E-16,1.));
#2548=DIRECTION('',(1.,0.,-4.19962208960515E-12));
#2549=DIRECTION('',(4.19962208960515E-12,2.23619204542802E-16,1.));
#2550=DIRECTION('',(1.,0.,-4.19962208960515E-12));
#2551=DIRECTION('',(-0.994640582745924,0.103392993741596,4.17553181309762E-12));
#2552=DIRECTION('',(-0.103392993741596,-0.994640582745924,0.));
#2553=DIRECTION('',(4.19962208960515E-12,2.23619204542802E-16,1.));
#2554=DIRECTION('',(1.,0.,-4.19962208960515E-12));
#2555=DIRECTION('',(-0.102040816330207,0.994780212812189,4.28960533020605E-13));
#2556=DIRECTION('',(-0.99478021281219,-0.102040816330207,0.));
#2557=DIRECTION('',(4.19962208960515E-12,2.23619204542802E-16,1.));
#2558=DIRECTION('',(1.,0.,-4.19962208960515E-12));
#2559=DIRECTION('',(4.19962208960515E-12,2.23619204542802E-16,1.));
#2560=DIRECTION('',(1.,0.,-4.19962208960515E-12));
#2561=DIRECTION('',(-0.994640582745923,-0.103392993741601,4.18135796693342E-12));
#2562=DIRECTION('',(0.103392993741601,-0.994640582745923,0.));
#2563=DIRECTION('',(4.19962208960515E-12,2.23619204542802E-16,1.));
#2564=DIRECTION('',(1.,0.,-4.19962208960515E-12));
#2565=DIRECTION('',(4.19962208960515E-12,2.23619204542802E-16,1.));
#2566=DIRECTION('',(1.,0.,-4.19962208960515E-12));
#2567=DIRECTION('',(0.994780212810281,-0.102040816348815,-4.18762244166739E-12));
#2568=DIRECTION('',(0.102040816348815,0.994780212810281,0.));
#2569=DIRECTION('',(4.19962208960515E-12,2.23619204542802E-16,1.));
#2570=DIRECTION('',(1.,0.,-4.19962208960515E-12));
#2571=DIRECTION('',(4.19962208960515E-12,2.23619204542802E-16,1.));
#2572=DIRECTION('',(1.,0.,-4.19962208960515E-12));
#2573=DIRECTION('',(4.19962208960515E-12,2.23619204542802E-16,1.));
#2574=DIRECTION('',(1.,0.,-4.19962208960515E-12));
#2575=DIRECTION('',(4.19962208960515E-12,2.23619204542802E-16,1.));
#2576=DIRECTION('',(1.,0.,-4.19962208960515E-12));
#2577=DIRECTION('',(4.19962208960515E-12,2.23619204542802E-16,1.));
#2578=DIRECTION('',(1.,0.,-4.19962208960515E-12));
#2579=DIRECTION('',(-4.19962208960515E-12,-2.23619204542802E-16,-1.));
#2580=DIRECTION('',(1.,-1.22464679915205E-16,-4.19962208960515E-12));
#2581=DIRECTION('',(-4.19962208960515E-12,-2.23619204542802E-16,-1.));
#2582=DIRECTION('',(1.,-1.22464679915205E-16,-4.19962208960515E-12));
#2583=DIRECTION('',(3.37151900598558E-12,-0.596141827858148,0.802879144752152));
#2584=DIRECTION('',(0.,-0.802879144752152,-0.596141827858148));
#2585=DIRECTION('',(-1.,4.52888199148354E-16,4.19962208960515E-12));
#2586=DIRECTION('',(-1.,4.52888199148354E-16,4.19962208960515E-12));
#2587=DIRECTION('',(3.37151900598558E-12,-0.596141827858148,0.802879144752152));
#2588=DIRECTION('',(-2.50393400330067E-12,-0.802879144752152,-0.596141827858148));
#2589=DIRECTION('',(1.,-4.52888199148817E-16,-4.19962208960515E-12));
#2590=DIRECTION('',(-4.19962208960515E-12,0.,-1.));
#2591=DIRECTION('',(1.,-4.52888199148817E-16,-4.19962208960515E-12));
#2592=DIRECTION('',(-4.19962208960515E-12,0.,-1.));
#2593=DIRECTION('',(0.315119698165292,0.543686008213813,0.777885017403437));
#2594=DIRECTION('',(0.,-0.819644308703829,0.572872767034201));
#2595=DIRECTION('',(-0.720717631271998,-0.556578903687899,-0.413262652490225));
#2596=DIRECTION('',(0.611214197027163,-0.791465226875092,0.));
#2597=DIRECTION('',(-0.647155913870221,0.612081077314079,0.454473297275907));
#2598=DIRECTION('',(-0.687144493174663,-0.726520781189179,0.));
#2599=DIRECTION('',(-0.57693458316363,0.647959936093318,0.49728704785843));
#2600=DIRECTION('',(-0.746853778700107,-0.664988295567202,0.));
#2601=DIRECTION('',(0.564602895921039,-0.637816433118945,-0.523845175181563));
#2602=DIRECTION('',(0.748774744597167,0.662824548318367,0.));
#2603=DIRECTION('',(0.31511969823981,-0.543686008246089,-0.777885017350691));
#2604=DIRECTION('',(0.,0.81964430866962,-0.572872767083146));
#2605=DIRECTION('',(0.893970042115605,-0.359791603624371,-0.267147086379822));
#2606=DIRECTION('',(0.37336112804277,0.927686082716902,0.));
#2607=DIRECTION('',(-0.350223154199069,0.752029831307217,0.558385955309492));
#2608=DIRECTION('',(0.,-0.596141827859142,0.802879144751414));
#2609=DIRECTION('',(-0.457784991418846,0.692610712648955,0.557425602529659));
#2610=DIRECTION('',(0.,-0.626981039083974,0.779034515685397));
#2611=DIRECTION('',(-0.823762557338443,-0.324781599395346,-0.464685013553728));
#2612=DIRECTION('',(-0.491319937882,0.,0.870979172334004));
#2613=DIRECTION('',(0.491319937881087,0.,-0.87097917233452));
#2614=DIRECTION('',(-0.87097917233452,0.,-0.491319937881087));
#2615=DIRECTION('',(0.641635535472827,0.676238257887451,0.361947037821619));
#2616=DIRECTION('',(-0.725422902716967,0.688303430337006,0.));
#2617=DIRECTION('',(-0.612083173795009,0.701545586908588,-0.364949281196873));
#2618=DIRECTION('',(-0.753517657863969,-0.657427668483156,0.));
#2619=DIRECTION('',(-0.41416523819306,-0.888967945273953,-0.195456255330682));
#2620=DIRECTION('',(0.906451194506328,-0.422310587101544,0.));
#2621=DIRECTION('',(-0.897526474657631,-0.431115026072496,-0.0926610035730083));
#2622=DIRECTION('',(0.432977820323677,-0.901404574598863,0.));
#2623=DIRECTION('',(0.561410602720841,-0.825841208386008,0.0529569040273341));
#2624=DIRECTION('',(0.82700165821195,0.562199481780875,0.));
#2625=DIRECTION('',(0.541969768867044,-0.825198562380264,0.159110346237284));
#2626=DIRECTION('',(0.835846574617282,0.548963116885421,0.));
#2627=DIRECTION('',(0.281689631554359,0.,-0.959505576573044));
#2628=DIRECTION('',(-0.959505576573044,0.,-0.281689631554359));
#2629=DIRECTION('',(-0.907607334485244,-0.324424849366162,-0.266453454663912));
#2630=DIRECTION('',(0.336593447371173,-0.941650068330475,0.));
#2631=DIRECTION('',(-0.911602147349386,-0.320240542154233,-0.257735368369867));
#2632=DIRECTION('',(0.33143799406572,-0.943477003476869,0.));
#2633=DIRECTION('',(0.674548090349071,0.0701193453133054,-0.734893292403227));
#2634=DIRECTION('',(-0.736706615078078,0.,-0.676212513415864));
#2635=DIRECTION('',(0.272063235031844,0.,-0.962279375308443));
#2636=DIRECTION('',(-0.962279375308443,0.,-0.272063235031844));
#2637=DIRECTION('',(-0.474086076538513,0.870216281662243,-0.134037364798999));
#2638=DIRECTION('',(-0.878140375723056,-0.478403052378401,0.));
#2639=DIRECTION('',(-0.55698159518792,0.8158227122902,-0.155578934092578));
#2640=DIRECTION('',(-0.825879058698773,-0.563847302381442,0.));
#2641=DIRECTION('',(0.823762557352255,-0.324781599406209,-0.464685013521652));
#2642=DIRECTION('',(-0.491319937850024,0.,-0.870979172352042));
#2643=DIRECTION('',(-0.49131993784909,0.,-0.870979172352569));
#2644=DIRECTION('',(-0.870979172352569,0.,0.49131993784909));
#2645=DIRECTION('',(-0.641635535496345,0.676238257874667,0.361947037803813));
#2646=DIRECTION('',(-0.725422902697873,-0.68830343035713,0.));
#2647=DIRECTION('',(-0.440681224048147,-0.88909573708384,-0.123728853024546));
#2648=DIRECTION('',(0.895980393055702,-0.444093610919758,0.));
#2649=DIRECTION('',(0.427666070784473,0.880200847562798,0.205786782494654));
#2650=DIRECTION('',(-0.899451950123959,0.437019667083996,0.));
#2651=DIRECTION('',(0.16916770128312,0.984525459239145,-0.0457373911863714));
#2652=DIRECTION('',(-0.985556846508818,0.169344921091817,0.));
#2653=DIRECTION('',(0.0583718652381405,0.99656352195026,-0.0587696525999113));
#2654=DIRECTION('',(0.,0.058870031360161,0.998265655728801));
#2655=DIRECTION('',(-0.742024737155816,0.580150813510215,-0.335893320910492));
#2656=DIRECTION('',(-0.615936714740538,-0.787795635577295,0.));
#2657=DIRECTION('',(-0.642628101099501,0.756019897041777,-0.124350468250793));
#2658=DIRECTION('',(-0.761933753310432,-0.647654966449172,0.));
#2659=DIRECTION('',(-0.946128755942039,-0.0313206715233758,0.322272233856557));
#2660=DIRECTION('',(0.322430422278769,0.,0.946593166460193));
#2661=DIRECTION('',(0.745667527009784,0.0311871818665059,-0.665587934724135));
#2662=DIRECTION('',(-0.665911859868791,0.,-0.746030424906442));
#2663=DIRECTION('',(-0.185016681785372,-0.966314776949847,0.17889823730126));
#2664=DIRECTION('',(0.982159381750424,-0.188050389097245,0.));
#2665=DIRECTION('',(0.761959839541688,0.0811476044022618,-0.642520248105365));
#2666=DIRECTION('',(-0.644646230091236,0.,-0.764481025290463));
#2667=DIRECTION('',(-0.67440354414459,-0.0691777814903706,-0.735115157096687));
#2668=DIRECTION('',(-0.73688046648173,0.,0.676023060344592));
#2669=DIRECTION('',(0.10186974333255,0.993112448486437,0.0578810854652418));
#2670=DIRECTION('',(-0.994780212812166,0.102040816330437,0.));
#2671=DIRECTION('',(-0.930570542718341,-1.77305861428627E-14,-0.366112639804873));
#2672=DIRECTION('',(-0.366112639804873,0.,0.930570542718341));
#2673=DIRECTION('',(-2.05070561253676E-16,-1.,2.23619204543663E-16));
#2674=DIRECTION('',(0.,-2.23619204543663E-16,-1.));
#2675=DIRECTION('',(-0.930756598407363,-4.75712409171729E-15,0.365639377694955));
#2676=DIRECTION('',(0.365639377694955,0.,0.930756598407363));
#2677=DIRECTION('',(0.101870175362611,-0.993116660285745,-0.0578080135835714));
#2678=DIRECTION('',(0.994780212812215,0.102040816329955,0.));
#2679=DIRECTION('',(-0.674548090349066,0.0701193453133141,0.734893292403231));
#2680=DIRECTION('',(0.736706615078083,0.,0.676212513415859));
#2681=CARTESIAN_POINT('',(0.,0.,0.));
#2682=CARTESIAN_POINT('',(34.5000000000404,48.5388588554372,9.60810274287344));
#2683=CARTESIAN_POINT('',(26.0859944462137,52.1918430793258,4.84830166933219));
#2684=CARTESIAN_POINT('',(26.0380509403296,52.2439518623977,4.88829337477242));
#2685=CARTESIAN_POINT('',(25.9905884461107,52.2956585129514,4.9293352952991));
#2686=CARTESIAN_POINT('',(25.9436548416264,52.3469678109957,4.97147614778707));
#2687=CARTESIAN_POINT('',(26.0859944462137,52.1918430793258,4.84830166933219));
#2688=CARTESIAN_POINT('',(25.9436548416264,52.3469678109957,4.97147614778708));
#2689=CARTESIAN_POINT('',(25.9436548416265,52.3469678109957,4.97147614778711));
#2690=CARTESIAN_POINT('',(25.8988245069498,52.3314601015009,4.95873950699992));
#2691=CARTESIAN_POINT('',(25.8539024533603,52.3160492202916,4.94621268912897));
#2692=CARTESIAN_POINT('',(25.8088852903113,52.3007450899334,4.9338956487914));
#2693=CARTESIAN_POINT('',(25.8088852903114,52.3007450899332,4.93389564879122));
#2694=CARTESIAN_POINT('',(25.8088852903114,52.3007450899332,4.93389564879123));
#2695=CARTESIAN_POINT('',(25.8492021155609,52.2417149868642,4.88638715640194));
#2696=CARTESIAN_POINT('',(25.8850781165967,52.1801444191729,4.83867088842646));
#2697=CARTESIAN_POINT('',(25.9160858013195,52.1157098225861,4.7908278743966));
#2698=CARTESIAN_POINT('',(25.9160858013195,52.1157098225861,4.79082787439657));
#2699=CARTESIAN_POINT('',(29.38139958264,52.1157098225861,4.79082787438202));
#2700=CARTESIAN_POINT('',(26.1623258812354,52.1157098225861,4.79082787439554));
#2701=CARTESIAN_POINT('',(26.1623258812355,52.1157098225862,4.7908278743956));
#2702=CARTESIAN_POINT('',(26.1355755646183,52.1401941690727,4.80900762556227));
#2703=CARTESIAN_POINT('',(26.1101448743533,52.1655944894947,4.82815677607496));
#2704=CARTESIAN_POINT('',(26.0859944462137,52.1918430793258,4.84830166933219));
#2705=CARTESIAN_POINT('',(22.,61.66512,1.46779477090233E-11));
#2706=CARTESIAN_POINT('',(27.4990007590191,52.4010614433587,4.57848823641899));
#2707=CARTESIAN_POINT('',(28.065556099139,52.8405478400058,4.90964475451201));
#2708=CARTESIAN_POINT('',(28.5069123581803,53.33727809054,5.38094339595912));
#2709=CARTESIAN_POINT('',(28.7529325148685,53.767481889065,6.00452777826909));
#2710=CARTESIAN_POINT('',(27.4990007590191,52.4010614433587,4.57848823641899));
#2711=CARTESIAN_POINT('',(28.7529325148685,53.767481889065,6.00452777826908));
#2712=CARTESIAN_POINT('',(28.7529325148685,53.767481889065,6.00452777826908));
#2713=CARTESIAN_POINT('',(29.6977265323314,54.7670709902388,6.54838839308838));
#2714=CARTESIAN_POINT('',(30.7811660344771,56.5062029508132,7.39831178842506));
#2715=CARTESIAN_POINT('',(31.58685429398,59.2312144793224,8.17005398038289));
#2716=CARTESIAN_POINT('',(31.9042181165905,62.1660298106738,8.50776607121455));
#2717=CARTESIAN_POINT('',(31.4345708603748,65.0848596072082,7.98886144542865));
#2718=CARTESIAN_POINT('',(30.2718062942373,67.622374307195,6.99424599414532));
#2719=CARTESIAN_POINT('',(29.488904732151,68.7293878503414,6.44771052017922));
#2720=CARTESIAN_POINT('',(29.0382560261955,69.247941348228,6.17344123569292));
#2721=CARTESIAN_POINT('',(29.0382560262033,69.2479413482183,6.17344123569959));
#2722=CARTESIAN_POINT('',(29.0382560262033,69.2479413482183,6.17344123569958));
#2723=CARTESIAN_POINT('',(29.1369896186933,69.4265907070871,5.43409698186794));
#2724=CARTESIAN_POINT('',(29.2013467212849,69.6357883659622,4.70125226936467));
#2725=CARTESIAN_POINT('',(29.1825390283632,69.9063188462376,3.98623970501994));
#2726=CARTESIAN_POINT('',(29.1825390283631,69.9063188462375,3.9862397050199));
#2727=CARTESIAN_POINT('',(29.1825390283631,69.9063188462375,3.9862397050199));
#2728=CARTESIAN_POINT('',(29.4044613338399,69.6824333276035,4.07196967022353));
#2729=CARTESIAN_POINT('',(29.8698887037306,69.2201419813678,4.12576380032572));
#2730=CARTESIAN_POINT('',(30.5436780907688,68.5399134215458,3.905865754175));
#2731=CARTESIAN_POINT('',(31.0454476651513,68.0947175609886,3.37294103700147));
#2732=CARTESIAN_POINT('',(31.2767051712968,68.0557181520831,2.74290713139773));
#2733=CARTESIAN_POINT('',(31.2993626417312,68.2460672466853,2.27101075463598));
#2734=CARTESIAN_POINT('',(31.1691602153926,68.5839729241619,1.92475286299342));
#2735=CARTESIAN_POINT('',(30.8640444126716,69.0960707562967,1.6437485801063));
#2736=CARTESIAN_POINT('',(30.3474800986619,69.7253967971887,1.53025298549502));
#2737=CARTESIAN_POINT('',(29.6317216601122,70.3885293604076,1.58013717159675));
#2738=CARTESIAN_POINT('',(29.1013418522576,70.7384060380576,1.79481173201122));
#2739=CARTESIAN_POINT('',(28.8658111726417,70.846969936566,1.99672753336393));
#2740=CARTESIAN_POINT('',(28.8658111726417,70.846969936566,1.99672753336394));
#2741=CARTESIAN_POINT('',(28.8658111726417,70.846969936566,1.99672753336395));
#2742=CARTESIAN_POINT('',(28.5985136198303,71.3153072710487,1.19433067575291));
#2743=CARTESIAN_POINT('',(28.1250322760941,71.8640885721453,0.494209189225989));
#2744=CARTESIAN_POINT('',(27.4417455144975,72.3603248019403,-8.17771861286055E-12));
#2745=CARTESIAN_POINT('',(27.4417455144975,72.3603248019403,-8.17771861286055E-12));
#2746=CARTESIAN_POINT('',(22.,61.66512,1.46779477090233E-11));
#2747=CARTESIAN_POINT('',(31.3998578884047,54.2057184370195,-2.47892961589225E-11));
#2748=CARTESIAN_POINT('',(31.3998578884047,54.2057184370195,-2.48170517345381E-11));
#2749=CARTESIAN_POINT('',(30.645474024383,53.5004814738425,0.569279382489514));
#2750=CARTESIAN_POINT('',(29.7823035434632,52.8848252101191,1.11051979367731));
#2751=CARTESIAN_POINT('',(28.9833452460755,52.541552890437,1.90554043523513));
#2752=CARTESIAN_POINT('',(28.9833452460754,52.541552890437,1.90554043523513));
#2753=CARTESIAN_POINT('',(28.9833452460754,52.5415528904369,1.90554043523508));
#2754=CARTESIAN_POINT('',(29.2959061059965,52.7067656923886,1.6861566274531));
#2755=CARTESIAN_POINT('',(29.9694671038641,53.2125953760058,1.51837122598738));
#2756=CARTESIAN_POINT('',(30.6782026199199,53.9784059471245,1.5649722993241));
#2757=CARTESIAN_POINT('',(31.1206089639654,54.6406017475664,1.83816536105719));
#2758=CARTESIAN_POINT('',(31.3157577624994,55.098758757676,2.2544375347616));
#2759=CARTESIAN_POINT('',(31.257515162096,55.3114168156039,2.87977854278053));
#2760=CARTESIAN_POINT('',(30.9726705371716,55.1677010263873,3.44988741205233));
#2761=CARTESIAN_POINT('',(30.5897975585425,54.8276556378558,3.82841556710302));
#2762=CARTESIAN_POINT('',(30.0297413994711,54.2736871991901,4.10382134456124));
#2763=CARTESIAN_POINT('',(29.4287976076978,53.6721700282052,4.11071092465936));
#2764=CARTESIAN_POINT('',(28.8688374029252,53.1079533903866,3.85083130572577));
#2765=CARTESIAN_POINT('',(28.5209202694477,52.7219785421222,3.48826959330313));
#2766=CARTESIAN_POINT('',(28.3536003184059,52.425642717837,2.93624935401265));
#2767=CARTESIAN_POINT('',(28.4741927950487,52.3696533486953,2.50991737883704));
#2768=CARTESIAN_POINT('',(28.5804079725895,52.386622977685,2.33226090241262));
#2769=CARTESIAN_POINT('',(28.5804079725895,52.3866229776849,2.33226090241261));
#2770=CARTESIAN_POINT('',(28.5804079725895,52.3866229776849,2.33226090241262));
#2771=CARTESIAN_POINT('',(28.3790282886339,52.3184982844936,2.55964903062292));
#2772=CARTESIAN_POINT('',(28.1879980953123,52.2681838119095,2.79858908888134));
#2773=CARTESIAN_POINT('',(28.0093156423241,52.2343204118161,3.05035929864021));
#2774=CARTESIAN_POINT('',(28.0093156423242,52.2343204118161,3.05035929864022));
#2775=CARTESIAN_POINT('',(27.4066431847108,52.3297635159436,4.52329276374164));
#2776=CARTESIAN_POINT('',(27.607431093169,52.2940900389575,4.03253055117019));
#2777=CARTESIAN_POINT('',(27.8083387387973,52.2623178257275,3.54154182745201));
#2778=CARTESIAN_POINT('',(28.0093156423274,52.2343204118186,3.05035929864142));
#2779=CARTESIAN_POINT('',(27.4066431847228,52.3297635159489,4.52329276374618));
#2780=CARTESIAN_POINT('',(27.4059771163699,52.329855271554,4.52483485687291));
#2781=CARTESIAN_POINT('',(27.40620829759,52.3298318242224,4.52432676610487));
#2782=CARTESIAN_POINT('',(27.4064304199133,52.3298013173241,4.52381279965256));
#2783=CARTESIAN_POINT('',(27.4066431847129,52.3297635159433,4.52329276373677));
#2784=CARTESIAN_POINT('',(27.40597711637,52.329855271554,4.52483485687294));
#2785=CARTESIAN_POINT('',(27.4059771163699,52.329855271554,4.52483485687294));
#2786=CARTESIAN_POINT('',(27.4371806902085,52.3534235703165,4.54259307005449));
#2787=CARTESIAN_POINT('',(27.4681879863136,52.3771594632906,4.56047790309523));
#2788=CARTESIAN_POINT('',(27.4990007590191,52.4010614433587,4.57848823641899));
#2789=CARTESIAN_POINT('',(22.,61.66512,1.46779477090233E-11));
#2790=CARTESIAN_POINT('',(10.8400398051987,57.2543050582403,6.15534882990576E-11));
#2791=CARTESIAN_POINT('',(10.6619525321462,58.0213162764259,0.434067882646233));
#2792=CARTESIAN_POINT('',(10.4468336776471,59.6247645637283,1.25560715361161));
#2793=CARTESIAN_POINT('',(10.766672572347,61.1941320796347,2.87871025442564));
#2794=CARTESIAN_POINT('',(11.197070323721,61.9368370014965,4.46431224006172));
#2795=CARTESIAN_POINT('',(11.5493733664843,62.208114645006,5.73085391832816));
#2796=CARTESIAN_POINT('',(11.9038114264885,62.2770866902888,7.03657061898369));
#2797=CARTESIAN_POINT('',(12.1407899850416,62.3548916525639,7.8999588658442));
#2798=CARTESIAN_POINT('',(12.2595982188012,62.3899853916608,8.3324146897199));
#2799=CARTESIAN_POINT('',(10.8400398051987,57.2543050582403,6.15534882990576E-11));
#2800=CARTESIAN_POINT('',(12.2595982188012,62.3899853916608,8.33241468971991));
#2801=CARTESIAN_POINT('',(12.2595982188012,62.3899853916608,8.33241468971989));
#2802=CARTESIAN_POINT('',(12.2119458427404,61.5720610415457,8.38160246003755));
#2803=CARTESIAN_POINT('',(12.277616493504,59.9524946374162,8.31089915998547));
#2804=CARTESIAN_POINT('',(12.839117633392,57.6156908730598,7.75027333888765));
#2805=CARTESIAN_POINT('',(13.8215158776681,55.5206324460264,6.91641048127034));
#2806=CARTESIAN_POINT('',(14.723976754439,54.3209102381042,6.30563938669663));
#2807=CARTESIAN_POINT('',(15.2470674853054,53.7674818888499,6.00452777801536));
#2808=CARTESIAN_POINT('',(15.247067485304,53.7674818888515,6.00452777801639));
#2809=CARTESIAN_POINT('',(15.247067485304,53.7674818888515,6.00452777801637));
#2810=CARTESIAN_POINT('',(15.4723389586653,53.373560330445,5.43353483818454));
#2811=CARTESIAN_POINT('',(15.8650906682477,52.9174518762156,4.98316694677767));
#2812=CARTESIAN_POINT('',(16.3726528518401,52.5031788970119,4.65713139423594));
#2813=CARTESIAN_POINT('',(16.3726528518403,52.503178897012,4.65713139423612));
#2814=CARTESIAN_POINT('',(16.3690750633676,52.5021669821606,4.64692400237855));
#2815=CARTESIAN_POINT('',(16.3699009582228,52.5027619125087,4.65042945882414));
#2816=CARTESIAN_POINT('',(16.3710918996875,52.503100260667,4.65383239934596));
#2817=CARTESIAN_POINT('',(16.372652851856,52.5031788970018,4.65713139423417));
#2818=CARTESIAN_POINT('',(16.3690750633676,52.5021669821606,4.64692400237855));
#2819=CARTESIAN_POINT('',(13.8305841342243,52.8753165657921,4.90177539577719E-11));
#2820=CARTESIAN_POINT('',(13.9974102292358,52.7745248225751,0.148327913887402));
#2821=CARTESIAN_POINT('',(14.3360861058849,52.5733157369337,0.432163012496629));
#2822=CARTESIAN_POINT('',(14.9412377025265,52.1657470120454,0.636481683047853));
#2823=CARTESIAN_POINT('',(15.3825188614203,52.0545754116843,1.24009987672901));
#2824=CARTESIAN_POINT('',(15.724367202878,52.1105005867666,2.12558846908011));
#2825=CARTESIAN_POINT('',(16.0388672022898,52.2733646271317,3.27122059889133));
#2826=CARTESIAN_POINT('',(16.2609162071466,52.4242551443544,4.18785084389221));
#2827=CARTESIAN_POINT('',(16.3690750633863,52.5021669821534,4.64692400237527));
#2828=CARTESIAN_POINT('',(13.8305841342243,52.8753165657921,4.8941338471526E-11));
#2829=CARTESIAN_POINT('',(22.,61.66512,1.46779477090233E-11));
#2830=CARTESIAN_POINT('',(15.4501465794142,52.3361920001173,2.25035114799905));
#2831=CARTESIAN_POINT('',(15.6647988874807,52.4096486868026,2.92529821988207));
#2832=CARTESIAN_POINT('',(15.4794847878377,52.7306965619398,3.51741375501793));
#2833=CARTESIAN_POINT('',(14.9664764916472,53.2875288987229,4.01041806197537));
#2834=CARTESIAN_POINT('',(14.3243908883364,53.9174557823883,4.14339578948273));
#2835=CARTESIAN_POINT('',(13.707270392122,54.5381914133007,3.99958983056638));
#2836=CARTESIAN_POINT('',(13.2672646625873,54.9648492175228,3.72399725407291));
#2837=CARTESIAN_POINT('',(12.8875644920767,55.2711381450556,3.24434232300503));
#2838=CARTESIAN_POINT('',(12.6700766127889,55.2684062097648,2.56689379814516));
#2839=CARTESIAN_POINT('',(12.7584328794449,54.8712991407406,1.99226407268957));
#2840=CARTESIAN_POINT('',(13.0630280889797,54.3435612113448,1.69032631629566));
#2841=CARTESIAN_POINT('',(13.4668297916698,53.8258110554838,1.56294281024051));
#2842=CARTESIAN_POINT('',(13.9245304183862,53.346922757839,1.54136335254321));
#2843=CARTESIAN_POINT('',(14.4256923914592,52.9131683538343,1.6114181842419));
#2844=CARTESIAN_POINT('',(14.9541261280966,52.5519709210279,1.81441237104838));
#2845=CARTESIAN_POINT('',(15.4501465794142,52.3361920001173,2.25035114799905));
#2846=CARTESIAN_POINT('',(15.6647988874807,52.4096486868026,2.92529821988207));
#2847=CARTESIAN_POINT('',(15.4794847878377,52.7306965619398,3.51741375501793));
#2848=CARTESIAN_POINT('',(15.5981378195208,52.4509138848833,2.91149296375657));
#2849=CARTESIAN_POINT('',(22.0000000000462,49.16512,11.0000000000147));
#2850=CARTESIAN_POINT('',(22.0000000000109,49.16512,2.60000000001467));
#2851=CARTESIAN_POINT('',(32.5000000000109,49.16512,2.59999999997058));
#2852=CARTESIAN_POINT('',(28.2613586262784,49.16512,2.59999999998838));
#2853=CARTESIAN_POINT('',(34.5000000000109,49.16512,2.59999999996218));
#2854=CARTESIAN_POINT('',(15.7452670429681,49.16512,2.60000000004095));
#2855=CARTESIAN_POINT('',(22.0000000000109,49.16512,2.60000000001467));
#2856=CARTESIAN_POINT('',(11.5000000000109,49.16512,2.60000000005877));
#2857=CARTESIAN_POINT('',(11.5000000000462,49.16512,11.0000000000588));
#2858=CARTESIAN_POINT('',(11.5,49.16512,5.87837137838381E-11));
#2859=CARTESIAN_POINT('',(22.,49.16512,1.46807429490801E-11));
#2860=CARTESIAN_POINT('',(32.5,49.16512,-2.9415288991774E-11));
#2861=CARTESIAN_POINT('',(32.5000000000462,49.16512,10.9999999999706));
#2862=CARTESIAN_POINT('',(31.9999999999186,51.6651199999822,6.59999999997268));
#2863=CARTESIAN_POINT('',(32.2959183673301,54.549982617132,6.59999999997144));
#2864=CARTESIAN_POINT('',(32.2959183673145,54.549982617132,2.89999999997143));
#2865=CARTESIAN_POINT('',(32.2959183673401,54.549982617132,8.9681251431903));
#2866=CARTESIAN_POINT('',(32.2959183673401,54.549982617132,8.9681251431903));
#2867=CARTESIAN_POINT('',(32.0980469498663,54.5702795236356,8.81513931969027));
#2868=CARTESIAN_POINT('',(31.7411804764932,54.5694900133393,8.45974723561507));
#2869=CARTESIAN_POINT('',(31.2033234091118,54.472420317906,7.95949726662658));
#2870=CARTESIAN_POINT('',(30.6554937768389,54.2592381066961,7.48707349170212));
#2871=CARTESIAN_POINT('',(30.3199376864667,54.0340902844613,7.18893899315058));
#2872=CARTESIAN_POINT('',(30.1970172814457,53.9365189778992,6.98793763313532));
#2873=CARTESIAN_POINT('',(30.1970172814457,53.9365189778992,6.98793763313533));
#2874=CARTESIAN_POINT('',(30.1970172814457,53.9365189778992,6.98793763313533));
#2875=CARTESIAN_POINT('',(29.7012457287733,53.5429872600179,6.17724427163031));
#2876=CARTESIAN_POINT('',(29.2658957806279,52.9465311716154,5.40771693031484));
#2877=CARTESIAN_POINT('',(29.1352192383577,52.1157098225861,4.79082787438306));
#2878=CARTESIAN_POINT('',(29.1352192383576,52.1157098225861,4.79082787438306));
#2879=CARTESIAN_POINT('',(31.9999999999096,51.6651199999822,4.45626265092847));
#2880=CARTESIAN_POINT('',(29.1151373827511,51.3692016326458,4.23654176573168));
#2881=CARTESIAN_POINT('',(29.115137382761,51.3692016326458,6.59999999998479));
#2882=CARTESIAN_POINT('',(29.1151373827454,51.3692016326458,2.89999999998479));
#2883=CARTESIAN_POINT('',(31.999999999903,51.6651199999822,2.89999999997268));
#2884=CARTESIAN_POINT('',(12.0066256693615,51.6651199999822,6.60000000005664));
#2885=CARTESIAN_POINT('',(14.8714064309072,52.1157098225861,4.79082787444296));
#2886=CARTESIAN_POINT('',(14.7584945705929,52.8335860571551,5.32385461134288));
#2887=CARTESIAN_POINT('',(14.4125337566899,53.3788045436616,5.97545339273937));
#2888=CARTESIAN_POINT('',(14.0059106280451,53.7658007596367,6.66207519215093));
#2889=CARTESIAN_POINT('',(14.8714064309072,52.1157098225861,4.79082787444296));
#2890=CARTESIAN_POINT('',(14.0059106280451,53.7658007596367,6.66207519215094));
#2891=CARTESIAN_POINT('',(14.0059106280451,53.7658007596367,6.66207519215104));
#2892=CARTESIAN_POINT('',(13.6497177535566,54.104800892372,6.92021572887923));
#2893=CARTESIAN_POINT('',(12.8377140446211,54.5350250445414,7.56948691985121));
#2894=CARTESIAN_POINT('',(12.0660618297021,54.5869244517273,8.36461382682638));
#2895=CARTESIAN_POINT('',(11.7067859875201,54.5495776899454,8.78302481215017));
#2896=CARTESIAN_POINT('',(11.7067859875201,54.5495776899454,8.78302481215016));
#2897=CARTESIAN_POINT('',(11.7067859875109,54.5495776899454,6.6000000000579));
#2898=CARTESIAN_POINT('',(11.7067859874954,54.5495776899454,2.9000000000579));
#2899=CARTESIAN_POINT('',(12.006625669346,51.6651199999822,2.90000000005664));
#2900=CARTESIAN_POINT('',(14.8914882865035,51.3692016326458,2.90000000004453));
#2901=CARTESIAN_POINT('',(14.8914882865191,51.3692016326458,6.60000000004453));
#2902=CARTESIAN_POINT('',(14.8914882865091,51.3692016326458,4.23654176579141));
#2903=CARTESIAN_POINT('',(12.0066256693525,51.6651199999822,4.45626265101243));
#2904=CARTESIAN_POINT('',(16.8810487121449,51.16512,6.60000000003617));
#2905=CARTESIAN_POINT('',(16.8810487121294,51.16512,2.90000000003617));
#2906=CARTESIAN_POINT('',(15.6756839629269,49.5691576503877,2.90000000004123));
#2907=CARTESIAN_POINT('',(16.8810487121344,51.16512,4.0850101208114));
#2908=CARTESIAN_POINT('',(27.1255769571351,51.16512,6.59999999999314));
#2909=CARTESIAN_POINT('',(27.1255769571246,51.16512,4.08501012076838));
#2910=CARTESIAN_POINT('',(28.330941706325,49.5691576503885,2.8999999999887));
#2911=CARTESIAN_POINT('',(27.1255769571196,51.16512,2.89999999999315));
#2912=CARTESIAN_POINT('',(23.3578912309603,56.4980249940994,4.88991295853045));
#2913=CARTESIAN_POINT('',(26.8485338303577,51.512870723521,4.88991295852312));
#2914=CARTESIAN_POINT('',(23.6592351409992,56.7090282715053,2.8362662425981));
#2915=CARTESIAN_POINT('',(27.1498777403966,51.7238740009269,2.83626624259077));
#2916=CARTESIAN_POINT('',(24.6562536448299,57.4071481436245,1.20629525642188));
#2917=CARTESIAN_POINT('',(28.1468962442272,52.4219938730461,1.20629525641455));
#2918=CARTESIAN_POINT('',(26.3489467424524,58.5923846104571,1.76370314921449E-12));
#2919=CARTESIAN_POINT('',(29.8395893418497,53.6072303398787,-5.56474890109373E-12));
#2920=CARTESIAN_POINT('',(27.5935029330874,56.814974167523,-8.45715979603322E-13));
#2921=CARTESIAN_POINT('',(26.9015305774332,56.2064005553721,0.534669185869649));
#2922=CARTESIAN_POINT('',(25.3339629876604,55.5184229062128,1.91526265156445));
#2923=CARTESIAN_POINT('',(24.0406520045325,56.0636185024628,3.61604656282107));
#2924=CARTESIAN_POINT('',(23.4732940264308,56.5347834990562,4.36231404308863));
#2925=CARTESIAN_POINT('',(27.5935029330874,56.814974167523,-8.45715979603322E-13));
#2926=CARTESIAN_POINT('',(23.4732940264308,56.5347834990562,4.36231404308862));
#2927=CARTESIAN_POINT('',(23.4732940264308,56.5347834990563,4.36231404308854));
#2928=CARTESIAN_POINT('',(24.3677609603336,55.2201358618286,4.44421594490669));
#2929=CARTESIAN_POINT('',(25.2401817065991,53.900801959237,4.60660736598186));
#2930=CARTESIAN_POINT('',(26.1047655315533,52.5867156957541,4.8532130014547));
#2931=CARTESIAN_POINT('',(26.1047655315535,52.5867156957539,4.8532130014544));
#2932=CARTESIAN_POINT('',(26.1047655315534,52.5867156957539,4.85321300145437));
#2933=CARTESIAN_POINT('',(26.151512055164,52.5335791823091,4.8108613822394));
#2934=CARTESIAN_POINT('',(26.1987896573819,52.4800189121883,4.76961568308336));
#2935=CARTESIAN_POINT('',(26.2465505037548,52.4260317819183,4.72942756052871));
#2936=CARTESIAN_POINT('',(26.2465505037549,52.426031781918,4.72942756052899));
#2937=CARTESIAN_POINT('',(26.2465505037549,52.426031781918,4.72942756052898));
#2938=CARTESIAN_POINT('',(26.5612065878564,52.3235166593134,3.74930894582876));
#2939=CARTESIAN_POINT('',(27.5795149451599,52.3646151799779,1.85811549048268));
#2940=CARTESIAN_POINT('',(29.0797344765071,53.1104751436974,0.529689466936054));
#2941=CARTESIAN_POINT('',(29.8076754139884,53.652808152341,-5.49463760392432E-12));
#2942=CARTESIAN_POINT('',(29.8076754139884,53.652808152341,-5.49463760392432E-12));
#2943=CARTESIAN_POINT('',(23.4744736797202,62.6975575854319,7.79853410377062E-12));
#2944=CARTESIAN_POINT('',(25.48247618811,51.615653532237,4.92211778637018));
#2945=CARTESIAN_POINT('',(25.875337938247,51.9687005103664,4.94021934306089));
#2946=CARTESIAN_POINT('',(25.5940101429062,52.3894119910475,4.78801319524316));
#2947=CARTESIAN_POINT('',(25.6086606804362,51.5062129397617,4.38537185147668));
#2948=CARTESIAN_POINT('',(25.9864570455792,51.859695673041,4.42995064007519));
#2949=CARTESIAN_POINT('',(25.7196051910495,52.2745188248473,4.26970519168008));
#2950=CARTESIAN_POINT('',(25.9353162155981,51.3226825227223,3.3431164055917));
#2951=CARTESIAN_POINT('',(26.2698665350222,51.6751019088479,3.44946836172294));
#2952=CARTESIAN_POINT('',(26.0435202139212,52.0754000596847,3.26865506761427));
#2953=CARTESIAN_POINT('',(26.7437696795502,51.2087095966805,1.840848474765));
#2954=CARTESIAN_POINT('',(26.9734983323125,51.5359971278477,2.03002846133784));
#2955=CARTESIAN_POINT('',(26.8177537396519,51.9145097310654,1.87633390012194));
#2956=CARTESIAN_POINT('',(27.7167366449331,51.3671176381999,0.765784529195764));
#2957=CARTESIAN_POINT('',(27.8457598674472,51.6513868651784,0.994396267576035));
#2958=CARTESIAN_POINT('',(27.7080707574789,52.0010887738906,0.915821515399069));
#2959=CARTESIAN_POINT('',(28.4891647958727,51.6599628146887,0.191320998937301));
#2960=CARTESIAN_POINT('',(28.5521151217813,51.9095670781532,0.437710912242579));
#2961=CARTESIAN_POINT('',(28.3978863965553,52.2283198074372,0.402041803764244));
#2962=CARTESIAN_POINT('',(28.9525514137578,51.885480188725,-0.0890495287639024));
#2963=CARTESIAN_POINT('',(28.9820268624273,52.1168308917587,0.165032240271573));
#2964=CARTESIAN_POINT('',(28.8180269132262,52.4189826338848,0.145292040864438));
#2965=CARTESIAN_POINT('',(29.1837169537023,52.0152059590894,-0.207956093867364));
#2966=CARTESIAN_POINT('',(29.189672928435,52.2321585686568,0.0525990033644546));
#2967=CARTESIAN_POINT('',(29.0177260447404,52.5242261051077,0.0410129714198558));
#2968=CARTESIAN_POINT('',(29.3034619433638,52.0866285534184,-0.266330095949575));
#2969=CARTESIAN_POINT('',(29.3072880174511,52.3026180701328,-0.00680652504688974));
#2970=CARTESIAN_POINT('',(29.1331272275229,52.5917294238739,-0.0168682553714986));
#2971=CARTESIAN_POINT('',(25.7288652029413,52.1746002905383,4.59408872626769));
#2972=CARTESIAN_POINT('',(25.7011422596436,52.2280137735385,4.64849326680515));
#2973=CARTESIAN_POINT('',(25.6699494259849,52.2792102562487,4.70286282321601));
#2974=CARTESIAN_POINT('',(25.635603633684,52.3285054692577,4.75709559269012));
#2975=CARTESIAN_POINT('',(25.7288652029413,52.1746002905383,4.59408872626769));
#2976=CARTESIAN_POINT('',(25.635603633684,52.3285054692577,4.75709559269013));
#2977=CARTESIAN_POINT('',(25.6356036336845,52.3285054692568,4.75709559269028));
#2978=CARTESIAN_POINT('',(25.6255884502761,52.3466470170069,4.75538944248449));
#2979=CARTESIAN_POINT('',(25.6147271023605,52.3642351214108,4.75341034847948));
#2980=CARTESIAN_POINT('',(25.6030090828605,52.3812641062119,4.7511655623785));
#2981=CARTESIAN_POINT('',(25.6030090828644,52.3812641062066,4.75116556237752));
#2982=CARTESIAN_POINT('',(29.0994587203419,52.5721102569684,-1.49319717047747E-12));
#2983=CARTESIAN_POINT('',(28.6799249849955,52.3337317464356,0.208676636318367));
#2984=CARTESIAN_POINT('',(27.8440074119181,52.0052085682178,0.755680456008707));
#2985=CARTESIAN_POINT('',(26.7807507200883,51.9179610242372,1.92982103058868));
#2986=CARTESIAN_POINT('',(26.0320419450504,52.0824924127503,3.30407998093639));
#2987=CARTESIAN_POINT('',(25.7236639102279,52.273136153977,4.26095640635751));
#2988=CARTESIAN_POINT('',(25.6030090828644,52.3812641062066,4.75116556237752));
#2989=CARTESIAN_POINT('',(29.0994587203419,52.5721102569684,-1.49319717047747E-12));
#2990=CARTESIAN_POINT('',(28.8093959059347,51.81770342388,-1.39167396829453E-11));
#2991=CARTESIAN_POINT('',(28.9118727269597,51.9167920323435,-1.43471257623105E-11));
#2992=CARTESIAN_POINT('',(29.0951062800007,52.1335234043268,-1.51166859045151E-11));
#2993=CARTESIAN_POINT('',(29.1836925446233,52.4518118887749,-1.54887859136777E-11));
#2994=CARTESIAN_POINT('',(29.09945872037,52.572110256983,-1.51350625856771E-11));
#2995=CARTESIAN_POINT('',(28.8093959059346,51.81770342388,-1.36419670590353E-11));
#2996=CARTESIAN_POINT('',(28.8093959059336,51.8177034238783,-1.63436020435881E-11));
#2997=CARTESIAN_POINT('',(28.1044739632354,51.5048879369933,0.465186844904074));
#2998=CARTESIAN_POINT('',(26.8399015423592,51.3775806147867,1.79312927057394));
#2999=CARTESIAN_POINT('',(26.1096157396036,51.7613447537219,3.41259138707442));
#3000=CARTESIAN_POINT('',(25.8540905509263,51.9805461046478,4.24168263456179));
#3001=CARTESIAN_POINT('',(25.8540905509263,51.9805461046478,4.24168263456179));
#3002=CARTESIAN_POINT('',(25.8540905509263,51.9805461046478,4.24168263456179));
#3003=CARTESIAN_POINT('',(25.8399372804201,51.992687436119,4.28760512369376));
#3004=CARTESIAN_POINT('',(25.8278852854722,51.9863913879694,4.33752978522672));
#3005=CARTESIAN_POINT('',(25.8170285991835,51.9626454303355,4.37966408276493));
#3006=CARTESIAN_POINT('',(25.8170285991837,51.9626454303355,4.37966408276498));
#3007=CARTESIAN_POINT('',(25.817028599184,51.9626454303371,4.37966408276347));
#3008=CARTESIAN_POINT('',(25.794418931738,52.034641993351,4.45194663437441));
#3009=CARTESIAN_POINT('',(25.7647105179847,52.105537525263,4.52374453970654));
#3010=CARTESIAN_POINT('',(25.7288652029413,52.1746002905383,4.5940887262677));
#3011=CARTESIAN_POINT('',(26.2327175904708,52.4306525229684,4.7728945677973));
#3012=CARTESIAN_POINT('',(26.5173292697746,51.9718491536828,4.92570090237567));
#3013=CARTESIAN_POINT('',(26.9863796219074,52.2562572938444,5.04384442748463));
#3014=CARTESIAN_POINT('',(26.4255447840536,52.3646292717764,4.16161242962792));
#3015=CARTESIAN_POINT('',(26.7123738479997,51.8799140426742,4.30838659526304));
#3016=CARTESIAN_POINT('',(27.1774348107828,52.1878733755545,4.48445292526352));
#3017=CARTESIAN_POINT('',(26.9581328421054,52.3222101700761,2.94650554902821));
#3018=CARTESIAN_POINT('',(27.2696913443734,51.7723838625037,3.055694326647));
#3019=CARTESIAN_POINT('',(27.6991833697423,52.134627699176,3.38508470309161));
#3020=CARTESIAN_POINT('',(28.1489141663772,52.6480872662173,1.38076286296313));
#3021=CARTESIAN_POINT('',(28.521902730736,52.0043088701474,1.43393450478628));
#3022=CARTESIAN_POINT('',(28.84599016135,52.4274332796128,1.96577804245069));
#3023=CARTESIAN_POINT('',(29.156489419915,53.18459938449,0.482785281249407));
#3024=CARTESIAN_POINT('',(29.5909213396526,52.507760995199,0.501158120458137));
#3025=CARTESIAN_POINT('',(29.834147234384,52.9559204740495,1.12578100824609));
#3026=CARTESIAN_POINT('',(29.8321945024031,53.6675916963847,-0.0183748259560407));
#3027=CARTESIAN_POINT('',(30.329375153642,53.0006525672349,-0.0327873047369075));
#3028=CARTESIAN_POINT('',(30.4913933763604,53.4342799302852,0.658628451409816));
#3029=CARTESIAN_POINT('',(30.2361925565101,53.9834785010448,-0.314614643911516));
#3030=CARTESIAN_POINT('',(30.7669107061081,53.3168173601673,-0.345175937309312));
#3031=CARTESIAN_POINT('',(30.9212551040047,53.7749432115083,0.356720708387845));
#3032=CARTESIAN_POINT('',(30.5341766060938,54.2404203009948,-0.544162042592717));
#3033=CARTESIAN_POINT('',(31.0915228742798,53.5763195115054,-0.588317499027405));
#3034=CARTESIAN_POINT('',(31.2290069869856,54.0448604258174,0.12929878162842));
#3035=CARTESIAN_POINT('',(30.7253329039659,54.4176500855975,-0.69491468858109));
#3036=CARTESIAN_POINT('',(31.2990620084554,53.7543790162149,-0.747182144254987));
#3037=CARTESIAN_POINT('',(31.4282500621465,54.2323480469202,-0.0214538643794725));
#3038=CARTESIAN_POINT('',(26.8716773753496,52.1141156281902,4.38231039265305));
#3039=CARTESIAN_POINT('',(26.8728019709004,52.1135413456671,4.37270825109542));
#3040=CARTESIAN_POINT('',(26.8757543842035,52.1128688116588,4.36325410512704));
#3041=CARTESIAN_POINT('',(26.8802143916794,52.1121388275904,4.35474866056989));
#3042=CARTESIAN_POINT('',(26.8716773753498,52.1141156281896,4.38231039265315));
#3043=CARTESIAN_POINT('',(26.8802143916794,52.1121388275904,4.3547486605698));
#3044=CARTESIAN_POINT('',(26.8802143917089,52.1121388276027,4.35474866058418));
#3045=CARTESIAN_POINT('',(26.9575867325031,52.0994750425269,4.20719595839675));
#3046=CARTESIAN_POINT('',(27.1252221312082,52.0820626030737,3.91904888196705));
#3047=CARTESIAN_POINT('',(27.3658644713289,52.0844496278947,3.57744533467278));
#3048=CARTESIAN_POINT('',(27.5765898640982,52.1043588868577,3.31874453171141));
#3049=CARTESIAN_POINT('',(27.716345902059,52.1258001853374,3.16549081394939));
#3050=CARTESIAN_POINT('',(27.8328285030416,52.1492589323923,3.05037926094544));
#3051=CARTESIAN_POINT('',(27.9132548458765,52.1698322580869,2.98286751850491));
#3052=CARTESIAN_POINT('',(27.974890395259,52.1873570984172,2.93567940599311));
#3053=CARTESIAN_POINT('',(28.0481589390625,52.2181185367135,2.91405608678558));
#3054=CARTESIAN_POINT('',(28.0312712570619,52.2311568698901,2.99614105400854));
#3055=CARTESIAN_POINT('',(28.0172878434633,52.2332098313936,3.030875438331));
#3056=CARTESIAN_POINT('',(28.0093156423275,52.2343204118187,3.05035929864153));
#3057=CARTESIAN_POINT('',(28.5804079725979,52.386622977689,2.33226090240666));
#3058=CARTESIAN_POINT('',(28.7011429422651,52.4198377862104,2.17270998800027));
#3059=CARTESIAN_POINT('',(28.8389864600865,52.4732454678412,2.0305656270776));
#3060=CARTESIAN_POINT('',(28.9833452460769,52.5415528904374,1.90554043523319));
#3061=CARTESIAN_POINT('',(29.8076754139884,53.652808152341,-5.49463760392432E-12));
#3062=CARTESIAN_POINT('',(29.8987928691542,53.5226789403671,-5.87726738199625E-12));
#3063=CARTESIAN_POINT('',(30.2446228743245,53.4608500192856,-2.58016879099428E-11));
#3064=CARTESIAN_POINT('',(30.6858780477048,53.6114946135339,-2.02199256610309E-11));
#3065=CARTESIAN_POINT('',(31.0837232005208,53.8640558792175,-2.39222665297769E-11));
#3066=CARTESIAN_POINT('',(31.3025788996792,54.0831337146625,-2.43807337567183E-11));
#3067=CARTESIAN_POINT('',(31.3998578884047,54.2057184370195,-2.47892961589225E-11));
#3068=CARTESIAN_POINT('',(26.2465505037549,52.426031781918,4.72942756052899));
#3069=CARTESIAN_POINT('',(26.2666894921977,52.4050190995552,4.70753195391902));
#3070=CARTESIAN_POINT('',(26.2878918411153,52.3845582091376,4.68640567819015));
#3071=CARTESIAN_POINT('',(26.3102208799805,52.3647290864667,4.66604858245903));
#3072=CARTESIAN_POINT('',(26.3102208799805,52.3647290864667,4.66604858245906));
#3073=CARTESIAN_POINT('',(26.3102208799805,52.3647290864667,4.66604858245906));
#3074=CARTESIAN_POINT('',(26.4533928539632,52.2375863709976,4.53552054683787));
#3075=CARTESIAN_POINT('',(26.6455102149329,52.1318948474417,4.42064366444416));
#3076=CARTESIAN_POINT('',(26.8716773753499,52.1141156281903,4.38231039265366));
#3077=CARTESIAN_POINT('',(16.8810487121294,51.16512,2.90000000003617));
#3078=CARTESIAN_POINT('',(15.6756839629269,49.5691576503877,2.90000000004122));
#3079=CARTESIAN_POINT('',(15.7233991273037,49.5331203484073,2.87324212095783));
#3080=CARTESIAN_POINT('',(15.8184129767974,49.4591691493218,2.81833298141474));
#3081=CARTESIAN_POINT('',(15.9252415479723,49.3649682194453,2.74838831428779));
#3082=CARTESIAN_POINT('',(15.9996778850148,49.2646827966808,2.67392588040171));
#3083=CARTESIAN_POINT('',(15.9248154257108,49.1637328528661,2.59897003627375));
#3084=CARTESIAN_POINT('',(15.8115503722833,49.16512,2.60000000004067));
#3085=CARTESIAN_POINT('',(15.7452670429681,49.16512,2.60000000004095));
#3086=CARTESIAN_POINT('',(14.5930542226596,51.3998138775427,2.90000000004578));
#3087=CARTESIAN_POINT('',(14.5930542226584,51.3998138775427,2.60000000004578));
#3088=CARTESIAN_POINT('',(16.8810487121281,51.16512,2.60000000003618));
#3089=CARTESIAN_POINT('',(27.1255769571196,51.16512,2.89999999999315));
#3090=CARTESIAN_POINT('',(28.2613586262784,49.1651199999995,2.59999999998801));
#3091=CARTESIAN_POINT('',(28.1953775854274,49.1651199999994,2.59999999998824));
#3092=CARTESIAN_POINT('',(28.0822170286603,49.1637383729182,2.5989741348893));
#3093=CARTESIAN_POINT('',(28.0069178237861,49.264288231173,2.67363291346508));
#3094=CARTESIAN_POINT('',(28.0808112337722,49.3644212920787,2.74798221789933));
#3095=CARTESIAN_POINT('',(28.1873828635918,49.4584988108109,2.81783525162631));
#3096=CARTESIAN_POINT('',(28.2830317822881,49.5329732544458,2.87313290289436));
#3097=CARTESIAN_POINT('',(28.3309417063239,49.5691576503894,2.89999999998937));
#3098=CARTESIAN_POINT('',(27.1255769571183,51.16512,2.59999999999315));
#3099=CARTESIAN_POINT('',(29.4135714465881,51.3998138775427,2.59999999998354));
#3100=CARTESIAN_POINT('',(29.4135714465894,51.3998138775427,2.89999999998354));
#3101=CARTESIAN_POINT('',(21.9999999998649,21.16512,18.2499999999723));
#3102=CARTESIAN_POINT('',(15.1891522672313,71.9814465306056,6.24781881641743));
#3103=CARTESIAN_POINT('',(15.2425430303135,71.4534047448614,6.21752129364876));
#3104=CARTESIAN_POINT('',(15.0705819624466,70.3761664496632,6.30957585665651));
#3105=CARTESIAN_POINT('',(14.1391219290487,69.1713387155429,6.88082643994942));
#3106=CARTESIAN_POINT('',(12.9459289289144,68.5892290122247,7.79577289061687));
#3107=CARTESIAN_POINT('',(12.189506207484,68.544185570242,8.53035684700901));
#3108=CARTESIAN_POINT('',(11.8334487117874,68.5817341934697,8.91826731483344));
#3109=CARTESIAN_POINT('',(15.1891522672313,71.9814465306056,6.24781881641743));
#3110=CARTESIAN_POINT('',(11.8334487117874,68.5817341934697,8.91826731483344));
#3111=CARTESIAN_POINT('',(11.8334487117874,68.5817341934697,8.91826731483344));
#3112=CARTESIAN_POINT('',(11.5108885557759,68.6157503001736,9.2696837645141));
#3113=CARTESIAN_POINT('',(11.2132638405679,68.5625276908265,9.63031311058622));
#3114=CARTESIAN_POINT('',(10.9375635593033,68.4399003770829,10.0000000000611));
#3115=CARTESIAN_POINT('',(10.9375635593033,68.4399003770829,10.0000000000611));
#3116=CARTESIAN_POINT('',(10.9375635593033,21.16512,10.0000000000612));
#3117=CARTESIAN_POINT('',(10.9375635593033,54.8903396228813,10.0000000000611));
#3118=CARTESIAN_POINT('',(10.9375635593032,54.8903396228813,10.0000000000612));
#3119=CARTESIAN_POINT('',(11.2129410582053,54.7678558778488,9.63074592990384));
#3120=CARTESIAN_POINT('',(11.5113284496434,54.714536089515,9.2692045176566));
#3121=CARTESIAN_POINT('',(11.8334487117874,54.7485058064945,8.91826731483342));
#3122=CARTESIAN_POINT('',(11.8334487117874,54.7485058064945,8.91826731483342));
#3123=CARTESIAN_POINT('',(11.8334487117874,54.7485058064945,8.91826731483342));
#3124=CARTESIAN_POINT('',(12.5464844485511,54.8237001516528,8.14144326375613));
#3125=CARTESIAN_POINT('',(13.3826608281865,54.6545145045913,7.43586169844179));
#3126=CARTESIAN_POINT('',(14.099366856794,54.0518687171317,6.93540783151068));
#3127=CARTESIAN_POINT('',(14.0993668567938,54.0518687171312,6.93540783151097));
#3128=CARTESIAN_POINT('',(14.0993668567938,54.0518687171312,6.93540783151097));
#3129=CARTESIAN_POINT('',(14.4644129127521,53.9188109172292,6.68050735206725));
#3130=CARTESIAN_POINT('',(14.8376201783476,53.7735118121497,6.44606677448484));
#3131=CARTESIAN_POINT('',(15.2197848575345,53.6206535691919,6.23048742151416));
#3132=CARTESIAN_POINT('',(15.2197848575345,53.6206535691919,6.23048742151416));
#3133=CARTESIAN_POINT('',(15.2197848575473,53.6206535691859,6.23048742150692));
#3134=CARTESIAN_POINT('',(14.6900991473111,54.186995262342,6.52928348746782));
#3135=CARTESIAN_POINT('',(13.7778263450748,55.4144340222654,7.13458613919847));
#3136=CARTESIAN_POINT('',(12.7885415126432,57.5535261099642,7.95662890314776));
#3137=CARTESIAN_POINT('',(12.2260917718277,59.9305120260132,8.50500212739764));
#3138=CARTESIAN_POINT('',(12.1609315733916,61.574430051642,8.57336031524917));
#3139=CARTESIAN_POINT('',(12.2088465560049,62.4043222832581,8.52511880590164));
#3140=CARTESIAN_POINT('',(12.2088465560049,62.404322283258,8.52511880590164));
#3141=CARTESIAN_POINT('',(12.2088465560049,62.404322283258,8.52511880590164));
#3142=CARTESIAN_POINT('',(12.2310711066042,62.789253694845,8.50274280142446));
#3143=CARTESIAN_POINT('',(12.4879696638255,63.0817505472425,8.24470446007239));
#3144=CARTESIAN_POINT('',(12.7707363131441,63.1148782141581,7.99033666236827));
#3145=CARTESIAN_POINT('',(12.7707363131441,63.1148782141581,7.99033666236828));
#3146=CARTESIAN_POINT('',(12.7707363131446,63.1148782141596,7.99033666236781));
#3147=CARTESIAN_POINT('',(12.6417613486921,63.1868490267454,8.10635839882717));
#3148=CARTESIAN_POINT('',(12.4165297730637,63.4412403892091,8.31908181599924));
#3149=CARTESIAN_POINT('',(12.3724458689928,63.8402532748948,8.36301067698465));
#3150=CARTESIAN_POINT('',(12.4073430712374,64.0251576948905,8.32926751443195));
#3151=CARTESIAN_POINT('',(12.407343071237,64.0251576948906,8.32926751443235));
#3152=CARTESIAN_POINT('',(12.4073430712374,64.0251576948904,8.32926751443195));
#3153=CARTESIAN_POINT('',(12.7288762046608,65.7288156881214,8.01836738234875));
#3154=CARTESIAN_POINT('',(13.7050368414781,68.0534537546067,7.11209263992633));
#3155=CARTESIAN_POINT('',(15.8815150052172,70.4907059545427,5.82308156201663));
#3156=CARTESIAN_POINT('',(17.9577934397825,71.8979122943933,4.98299375241442));
#3157=CARTESIAN_POINT('',(20.4329132944957,72.7257527382864,4.45555133247258));
#3158=CARTESIAN_POINT('',(23.0957085594906,72.7969222236548,4.40916040287026));
#3159=CARTESIAN_POINT('',(25.6126957396801,72.0976418981516,4.85773063504071));
#3160=CARTESIAN_POINT('',(27.0409253609582,71.2303303734164,5.38383584167684));
#3161=CARTESIAN_POINT('',(27.6909468164187,70.7147466923776,5.67808191516303));
#3162=CARTESIAN_POINT('',(27.6909468164187,70.7147466923776,5.67808191516303));
#3163=CARTESIAN_POINT('',(27.6909468164187,70.7147466923776,5.67808191516303));
#3164=CARTESIAN_POINT('',(28.003306814787,70.4669891508149,5.81947832948428));
#3165=CARTESIAN_POINT('',(28.1630968484368,69.9781358636303,5.90107754437866));
#3166=CARTESIAN_POINT('',(27.9836690964617,69.6034946504669,5.81473948229789));
#3167=CARTESIAN_POINT('',(27.9836690964617,69.6034946504669,5.81473948229789));
#3168=CARTESIAN_POINT('',(27.9836690964617,69.6034946504669,5.81473948229789));
#3169=CARTESIAN_POINT('',(27.2469553773226,68.0652525532769,5.46024340173845));
#3170=CARTESIAN_POINT('',(26.4892915943681,66.5241423962155,5.17683406559261));
#3171=CARTESIAN_POINT('',(25.7303447441395,64.9707388471091,4.96374664965332));
#3172=CARTESIAN_POINT('',(25.7303447441395,64.9707388471091,4.96374664965332));
#3173=CARTESIAN_POINT('',(25.7303447441395,64.9707388471091,4.96374664965332));
#3174=CARTESIAN_POINT('',(25.6266376433911,64.75847236452,4.93462909273037));
#3175=CARTESIAN_POINT('',(25.3808457808437,64.4670012183303,4.86673984378556));
#3176=CARTESIAN_POINT('',(24.8904436115198,64.4483859304983,4.7545073279972));
#3177=CARTESIAN_POINT('',(24.6978150111059,64.5980842634428,4.71604998281776));
#3178=CARTESIAN_POINT('',(24.6217096341208,64.688916038987,4.70132336372295));
#3179=CARTESIAN_POINT('',(24.6217096341208,64.688916038987,4.70132336372295));
#3180=CARTESIAN_POINT('',(24.6217096341208,64.688916038987,4.70132336372295));
#3181=CARTESIAN_POINT('',(24.2256036018677,65.1616686306866,4.6246756564357));
#3182=CARTESIAN_POINT('',(23.222729715346,65.9199272451567,4.46502765836788));
#3183=CARTESIAN_POINT('',(21.2937564745641,66.0845547105767,4.42437115235089));
#3184=CARTESIAN_POINT('',(19.6196366516859,65.1603732498159,4.63332317163748));
#3185=CARTESIAN_POINT('',(18.9280227258649,64.1175567694049,4.79408576157894));
#3186=CARTESIAN_POINT('',(18.6928573788732,63.545269007057,4.85213421155587));
#3187=CARTESIAN_POINT('',(18.6928573788732,63.545269007057,4.85213421155587));
#3188=CARTESIAN_POINT('',(18.6928573788732,63.545269007057,4.85213421155587));
#3189=CARTESIAN_POINT('',(17.2601756156293,63.4492898680361,5.20577881408935));
#3190=CARTESIAN_POINT('',(15.8966629940247,63.3372285515587,5.78809718206599));
#3191=CARTESIAN_POINT('',(14.6662514358507,63.2103677091391,6.55999863128889));
#3192=CARTESIAN_POINT('',(14.6662514358507,63.2103677091391,6.55999863128889));
#3193=CARTESIAN_POINT('',(14.6662514358507,63.2103677091391,6.55999863128889));
#3194=CARTESIAN_POINT('',(15.5703035009875,63.2611729735409,5.99283954161997));
#3195=CARTESIAN_POINT('',(16.5371456954224,63.3165322604717,5.53217146885176));
#3196=CARTESIAN_POINT('',(17.5504601724178,63.3505632062618,5.18701430282171));
#3197=CARTESIAN_POINT('',(17.5504601724178,63.3505632062618,5.18701430282171));
#3198=CARTESIAN_POINT('',(17.5504601724178,63.3505632062618,5.18701430282171));
#3199=CARTESIAN_POINT('',(17.7726784432769,63.3580261391428,5.11132187924431));
#3200=CARTESIAN_POINT('',(18.2376935062419,63.2226497759706,4.96894663961511));
#3201=CARTESIAN_POINT('',(18.4375442351743,62.7430685594636,4.91768716196399));
#3202=CARTESIAN_POINT('',(18.3982525809164,62.5110841674695,4.92831033498997));
#3203=CARTESIAN_POINT('',(18.3982525809164,62.5110841674695,4.92831033498997));
#3204=CARTESIAN_POINT('',(18.3982525809164,62.5110841674695,4.92831033498997));
#3205=CARTESIAN_POINT('',(18.2923032327991,61.8855417827,4.95695555948608));
#3206=CARTESIAN_POINT('',(18.3174768287846,60.6104286150904,4.94951446863999));
#3207=CARTESIAN_POINT('',(19.0495311503296,58.8399587381722,4.75474322400726));
#3208=CARTESIAN_POINT('',(20.4766960845907,57.5417129144743,4.49708750486078));
#3209=CARTESIAN_POINT('',(21.7700640177901,57.3013845083785,4.43739823131168));
#3210=CARTESIAN_POINT('',(22.4029119350069,57.3825997615329,4.45588306656481));
#3211=CARTESIAN_POINT('',(22.4029119350069,57.3825997615329,4.45588306656482));
#3212=CARTESIAN_POINT('',(22.4029119350069,57.3825997615329,4.45588306656482));
#3213=CARTESIAN_POINT('',(23.5221167061394,55.7533705152355,4.48857388413105));
#3214=CARTESIAN_POINT('',(24.6220072614031,54.1161837886152,4.65414737104869));
#3215=CARTESIAN_POINT('',(25.712574006544,52.4956572526474,4.95877002510056));
#3216=CARTESIAN_POINT('',(25.712574006544,52.4956572526474,4.95877002510056));
#3217=CARTESIAN_POINT('',(25.7125740065437,52.4956572526479,4.95877002510045));
#3218=CARTESIAN_POINT('',(25.7276745592188,52.4732186018945,4.96298798833291));
#3219=CARTESIAN_POINT('',(25.7416364483114,52.4500444544754,4.96691547015427));
#3220=CARTESIAN_POINT('',(25.7544726433044,52.4261412977497,4.97054462071583));
#3221=CARTESIAN_POINT('',(25.7544726433044,52.4261412977497,4.97054462071583));
#3222=CARTESIAN_POINT('',(25.7544726433043,52.4261412977499,4.9705446207158));
#3223=CARTESIAN_POINT('',(25.7988527960485,52.4419577368953,4.98309212847355));
#3224=CARTESIAN_POINT('',(25.8431329882415,52.4578823094856,4.99585161877046));
#3225=CARTESIAN_POINT('',(25.8873169153149,52.473904776181,5.0088230432643));
#3226=CARTESIAN_POINT('',(25.8873169153149,52.473904776181,5.0088230432643));
#3227=CARTESIAN_POINT('',(25.8873169153151,52.4739047761807,5.00882304326434));
#3228=CARTESIAN_POINT('',(25.0363477937885,53.7883610729795,4.75899731618197));
#3229=CARTESIAN_POINT('',(24.1774519819746,55.1083258103513,4.59413628981252));
#3230=CARTESIAN_POINT('',(23.2959775251219,56.4237766443145,4.51098830865958));
#3231=CARTESIAN_POINT('',(23.2959775251219,56.4237766443145,4.51098830865958));
#3232=CARTESIAN_POINT('',(23.2959775251219,56.4237766443145,4.51098830865958));
#3233=CARTESIAN_POINT('',(23.1623041848751,56.6232613889254,4.49837913060674));
#3234=CARTESIAN_POINT('',(22.9791315875751,57.0897067505838,4.48520860164578));
#3235=CARTESIAN_POINT('',(23.2004899639439,57.5822666929976,4.50058978972742));
#3236=CARTESIAN_POINT('',(23.4171851198686,57.687861860728,4.52296148703591));
#3237=CARTESIAN_POINT('',(23.4171851198686,57.687861860728,4.52296148703591));
#3238=CARTESIAN_POINT('',(23.4171851198686,57.687861860728,4.52296148703591));
#3239=CARTESIAN_POINT('',(24.4536739513369,58.1929410423205,4.62996902166347));
#3240=CARTESIAN_POINT('',(25.872605654843,60.181605196043,5.00061270561803));
#3241=CARTESIAN_POINT('',(25.7262376433553,62.5930956665374,4.95409830313872));
#3242=CARTESIAN_POINT('',(25.2644903628207,63.6456969635758,4.84167785772911));
#3243=CARTESIAN_POINT('',(25.2644903628206,63.6456969635758,4.84167785772912));
#3244=CARTESIAN_POINT('',(25.2644903628206,63.6456969635758,4.84167785772913));
#3245=CARTESIAN_POINT('',(26.1510564673507,65.5290438257667,5.05752787040475));
#3246=CARTESIAN_POINT('',(27.0327323495818,67.3994532010367,5.36553137676631));
#3247=CARTESIAN_POINT('',(27.8896864918475,69.2654847761533,5.76995220254153));
#3248=CARTESIAN_POINT('',(27.8896864918475,69.2654847761533,5.76995220254153));
#3249=CARTESIAN_POINT('',(27.8896864918475,69.2654847761533,5.76995220254153));
#3250=CARTESIAN_POINT('',(27.9976891980393,69.5006624245383,5.82092172526132));
#3251=CARTESIAN_POINT('',(28.451891085628,69.7977458030742,6.04124887102419));
#3252=CARTESIAN_POINT('',(28.9074943390409,69.5752994226252,6.30173153150148));
#3253=CARTESIAN_POINT('',(29.0672556548869,69.389533506244,6.3969878297871));
#3254=CARTESIAN_POINT('',(29.0672556548868,69.3895335062439,6.39698782978708));
#3255=CARTESIAN_POINT('',(29.0672556548868,69.3895335062439,6.39698782978708));
#3256=CARTESIAN_POINT('',(29.9794535761803,68.3288556952357,6.94087792499651));
#3257=CARTESIAN_POINT('',(31.3602072309104,65.8890431886247,8.0555507065655));
#3258=CARTESIAN_POINT('',(32.0764567668545,61.4205869282853,8.82894619775682));
#3259=CARTESIAN_POINT('',(31.1957363851031,57.0030129722559,7.89523808823339));
#3260=CARTESIAN_POINT('',(29.7367425221802,54.6433757709836,6.77006516096337));
#3261=CARTESIAN_POINT('',(28.780215142624,53.6206535694038,6.23048742175581));
#3262=CARTESIAN_POINT('',(28.7802151426238,53.6206535694038,6.23048742175597));
#3263=CARTESIAN_POINT('',(28.780215142612,53.620653569399,6.23048742174928));
#3264=CARTESIAN_POINT('',(29.5917360428068,53.9452457300031,6.68826690825904));
#3265=CARTESIAN_POINT('',(31.1135613380628,54.5193505003962,7.75557573243861));
#3266=CARTESIAN_POINT('',(32.4695809292941,54.7683334975696,9.20503922305583));
#3267=CARTESIAN_POINT('',(33.0624364403572,54.7328749403496,9.99999999996823));
#3268=CARTESIAN_POINT('',(33.0624364403572,54.7328749403496,9.99999999996823));
#3269=CARTESIAN_POINT('',(33.0624364403572,21.16512,9.99999999996824));
#3270=CARTESIAN_POINT('',(33.0624364403572,68.4392161899532,9.99999999996823));
#3271=CARTESIAN_POINT('',(33.0624364403572,68.4392161899532,9.99999999996823));
#3272=CARTESIAN_POINT('',(32.7877409948924,68.5613965678496,9.63166049621726));
#3273=CARTESIAN_POINT('',(32.490202085556,68.6147317038682,9.27105334907814));
#3274=CARTESIAN_POINT('',(32.1689504373127,68.5813013402701,8.9208817672169));
#3275=CARTESIAN_POINT('',(32.1689504373127,68.5813013402701,8.92088176721689));
#3276=CARTESIAN_POINT('',(32.1689504373127,68.5813013402701,8.92088176721689));
#3277=CARTESIAN_POINT('',(31.8133744459637,68.5442990875421,8.53329587297039));
#3278=CARTESIAN_POINT('',(31.0531047542586,68.591991437734,7.79507352957814));
#3279=CARTESIAN_POINT('',(29.8683146126741,69.1700800098981,6.88613416509061));
#3280=CARTESIAN_POINT('',(28.9317446037696,70.3852139499707,6.31079140917687));
#3281=CARTESIAN_POINT('',(28.7641179367173,71.4546899694923,6.22126519343453));
#3282=CARTESIAN_POINT('',(28.8173787496223,71.9814465306057,6.25152730623521));
#3283=CARTESIAN_POINT('',(28.8173787496223,71.9814465306056,6.25152730623521));
#3284=CARTESIAN_POINT('',(28.8173787496223,71.9814465306056,6.25152730623521));
#3285=CARTESIAN_POINT('',(28.870536357173,72.5071823769645,6.2817307790733));
#3286=CARTESIAN_POINT('',(28.4850843724942,73.5577883011479,6.04987825478192));
#3287=CARTESIAN_POINT('',(27.5435473216163,73.96512,5.60137561759387));
#3288=CARTESIAN_POINT('',(27.052354429172,73.96512,5.40812651045919));
#3289=CARTESIAN_POINT('',(27.052354429172,73.96512,5.40812651045919));
#3290=CARTESIAN_POINT('',(21.9999999998649,73.96512,18.2499999999723));
#3291=CARTESIAN_POINT('',(16.9541765876745,73.96512,5.40555894195072));
#3292=CARTESIAN_POINT('',(16.9541765876745,73.96512,5.40555894195072));
#3293=CARTESIAN_POINT('',(16.4638497843794,73.96512,5.59817942675925));
#3294=CARTESIAN_POINT('',(15.5200112753488,73.5575081081211,6.04711186524411));
#3295=CARTESIAN_POINT('',(15.1361411516328,72.5057335519717,6.27790090157812));
#3296=CARTESIAN_POINT('',(15.1891522672313,71.9814465306056,6.24781881641743));
#3297=CARTESIAN_POINT('',(22.,61.66512,1.46779477090233E-11));
#3298=CARTESIAN_POINT('',(12.6754152031078,68.2211550688389,2.25035114798253));
#3299=CARTESIAN_POINT('',(12.7487296050155,68.0064541218071,2.92529821987788));
#3300=CARTESIAN_POINT('',(13.069900233312,68.1915553945704,3.51741375503241));
#3301=CARTESIAN_POINT('',(13.627072462737,68.7041945171741,4.01041806200262));
#3302=CARTESIAN_POINT('',(14.2574247736828,69.3458624724808,4.14339578951314));
#3303=CARTESIAN_POINT('',(14.8785692873586,69.9625714180065,3.99958983059605));
#3304=CARTESIAN_POINT('',(15.3055186277079,70.4022942679032,3.7239972540998));
#3305=CARTESIAN_POINT('',(15.6120591480993,70.7817913508785,3.24434232302471));
#3306=CARTESIAN_POINT('',(15.6094713614353,70.9992809930953,2.56689379815549));
#3307=CARTESIAN_POINT('',(15.2123058182947,70.9111879430295,1.99226407267951));
#3308=CARTESIAN_POINT('',(14.6843661232292,70.606942577933,1.69032631627886));
#3309=CARTESIAN_POINT('',(14.1663484467875,70.2034841217077,1.56294281022256));
#3310=CARTESIAN_POINT('',(13.6871568965466,69.7461009961751,1.54136335252664));
#3311=CARTESIAN_POINT('',(13.2530704244518,69.2452266197084,1.6114181842248));
#3312=CARTESIAN_POINT('',(12.8915228322574,68.7170323958816,1.81441237103128));
#3313=CARTESIAN_POINT('',(12.6754152031078,68.2211550688389,2.25035114798253));
#3314=CARTESIAN_POINT('',(12.7487296050155,68.0064541218071,2.92529821987788));
#3315=CARTESIAN_POINT('',(13.069900233312,68.1915553945704,3.51741375503241));
#3316=CARTESIAN_POINT('',(12.7900389760857,68.0730878251147,2.91149296375344));
#3317=CARTESIAN_POINT('',(23.7601023063971,73.535336504808,7.29046766864422E-12));
#3318=CARTESIAN_POINT('',(24.303634262236,73.369903734631,0.313197109248019));
#3319=CARTESIAN_POINT('',(25.3916888770823,72.9630696794721,0.905440792050318));
#3320=CARTESIAN_POINT('',(26.6940914888906,72.1259474638466,2.09071520715416));
#3321=CARTESIAN_POINT('',(27.499881089495,71.2340430857803,3.63506323283804));
#3322=CARTESIAN_POINT('',(27.6645939682453,70.7510445209534,4.82738582252125));
#3323=CARTESIAN_POINT('',(27.6695213477247,70.5518826901223,5.4441163947689));
#3324=CARTESIAN_POINT('',(23.7601023063971,73.535336504808,7.29046766864422E-12));
#3325=CARTESIAN_POINT('',(27.6695213477247,70.5518826901223,5.4441163947689));
#3326=CARTESIAN_POINT('',(27.6695213477247,70.5518826901223,5.44411639476892));
#3327=CARTESIAN_POINT('',(27.023268197948,71.0589719764919,5.14585827616037));
#3328=CARTESIAN_POINT('',(25.6041436666803,71.9113775604063,4.61329766524689));
#3329=CARTESIAN_POINT('',(23.1058564519352,72.6000624078601,4.15865310317271));
#3330=CARTESIAN_POINT('',(20.4627185363346,72.535969728314,4.20164402000036));
#3331=CARTESIAN_POINT('',(18.0014679064293,71.7309877891681,4.72982101464328));
#3332=CARTESIAN_POINT('',(15.931504200348,70.3543210948337,5.57757848157389));
#3333=CARTESIAN_POINT('',(13.7578773155939,67.9623201914927,6.88502242380838));
#3334=CARTESIAN_POINT('',(12.7778290067155,65.6689212455701,7.81489957837507));
#3335=CARTESIAN_POINT('',(12.4560623597158,63.9796279172335,8.13372497373606));
#3336=CARTESIAN_POINT('',(12.456062359717,63.9796279172319,8.13372497374179));
#3337=CARTESIAN_POINT('',(12.456062359717,63.9796279172319,8.13372497374179));
#3338=CARTESIAN_POINT('',(12.3504017001971,63.9774642331562,7.75240510139479));
#3339=CARTESIAN_POINT('',(12.1385330045562,63.9694292718103,6.99011558558044));
#3340=CARTESIAN_POINT('',(11.7219567711076,63.9844461828803,5.46195683539595));
#3341=CARTESIAN_POINT('',(11.1575390979126,63.7846478841111,3.57443122515465));
#3342=CARTESIAN_POINT('',(10.4322862734572,62.8776200264224,1.47703274860439));
#3343=CARTESIAN_POINT('',(10.0885243957171,61.7138057113801,0.402257295671825));
#3344=CARTESIAN_POINT('',(10.0168081855906,61.0302074555728,6.50099056293348E-11));
#3345=CARTESIAN_POINT('',(10.0168081855906,61.0302074555728,6.50029667354309E-11));
#3346=CARTESIAN_POINT('',(22.,61.66512,1.46779477090233E-11));
#3347=CARTESIAN_POINT('',(26.2846580749035,72.3830226733113,-0.0201390260757396));
#3348=CARTESIAN_POINT('',(26.5089629602567,72.7892816499561,-0.00641392663348263));
#3349=CARTESIAN_POINT('',(26.7275366969596,72.8155746983681,-0.415170104912612));
#3350=CARTESIAN_POINT('',(26.4239622237474,72.3037653231071,0.0492527348809539));
#3351=CARTESIAN_POINT('',(26.6544964686389,72.7095115893421,0.0655243576709033));
#3352=CARTESIAN_POINT('',(26.8742067050282,72.7331943930922,-0.345778343939472));
#3353=CARTESIAN_POINT('',(26.6489943112448,72.1601486896038,0.174329369628494));
#3354=CARTESIAN_POINT('',(26.9009653817089,72.5637042496679,0.204359385394684));
#3355=CARTESIAN_POINT('',(27.1572194088763,72.5627840104758,-0.198697293151912));
#3356=CARTESIAN_POINT('',(27.0810991433785,71.8395759517904,0.48672443413266));
#3357=CARTESIAN_POINT('',(27.3656456825212,72.2454776295191,0.544664913247037));
#3358=CARTESIAN_POINT('',(27.6673776387784,72.2049837761494,0.148546886640875));
#3359=CARTESIAN_POINT('',(27.6976966353673,71.2419252134426,1.14673566358526));
#3360=CARTESIAN_POINT('',(28.0436759143334,71.6566240777719,1.28900494658523));
#3361=CARTESIAN_POINT('',(28.4322999094023,71.5336731244653,0.901022531199296));
#3362=CARTESIAN_POINT('',(28.1923063014077,70.3918661596679,2.3777785320944));
#3363=CARTESIAN_POINT('',(28.5499162513658,70.888785007644,2.64844913622218));
#3364=CARTESIAN_POINT('',(29.0629115911313,70.6090929453934,2.2990659732452));
#3365=CARTESIAN_POINT('',(28.2950250543439,69.7252108881986,3.84425851163515));
#3366=CARTESIAN_POINT('',(28.6304683436664,70.3505147116754,4.09775544407632));
#3367=CARTESIAN_POINT('',(29.2148209319005,69.9105747049609,3.90028428577984));
#3368=CARTESIAN_POINT('',(28.2231534356933,69.3120518103487,5.08779175802396));
#3369=CARTESIAN_POINT('',(28.5545926539872,70.0002094328147,5.32272636289614));
#3370=CARTESIAN_POINT('',(29.1586071688945,69.4858543268077,5.21723267978856));
#3371=CARTESIAN_POINT('',(28.1395023576402,69.1453897156812,5.71729772739589));
#3372=CARTESIAN_POINT('',(28.4684459216848,69.862324686299,5.9339566106706));
#3373=CARTESIAN_POINT('',(29.076634054254,69.317389906099,5.88606048093025));
#3374=CARTESIAN_POINT('',(28.0938403945638,69.0652721976983,6.05235469596515));
#3375=CARTESIAN_POINT('',(28.4235537818093,69.783863458242,6.26911517423996));
#3376=CARTESIAN_POINT('',(29.0318891984129,69.2364206194671,6.22111744949855));
#3377=CARTESIAN_POINT('',(29.0382560261995,69.2479413482291,6.17344123568852));
#3378=CARTESIAN_POINT('',(28.9236482094461,69.3899306635637,6.07602956742095));
#3379=CARTESIAN_POINT('',(28.6041240019377,69.5736417699117,5.82956963628674));
#3380=CARTESIAN_POINT('',(28.2429112412684,69.366829298672,5.62455067185188));
#3381=CARTESIAN_POINT('',(28.1563055615818,69.1809612464064,5.58942259044396));
#3382=CARTESIAN_POINT('',(28.1563055615818,69.1809612464063,5.58942259044405));
#3383=CARTESIAN_POINT('',(26.3250480741545,72.3599364764523,4.3321221415501E-12));
#3384=CARTESIAN_POINT('',(26.7910453447859,72.0865941372229,0.233639373614497));
#3385=CARTESIAN_POINT('',(27.5804587662664,71.429577506788,0.884896415889078));
#3386=CARTESIAN_POINT('',(28.1623347346839,70.4502558768699,2.28788756840684));
#3387=CARTESIAN_POINT('',(28.3111351437586,69.6913908347009,3.89621348834305));
#3388=CARTESIAN_POINT('',(28.2279159040847,69.3322400912215,5.02120357705491));
#3389=CARTESIAN_POINT('',(28.1563055615818,69.1809612464063,5.58942259044408));
#3390=CARTESIAN_POINT('',(26.3250480741545,72.3599364764523,4.3321221415501E-12));
#3391=CARTESIAN_POINT('',(27.4417455144975,72.3603248019403,-8.17771861286055E-12));
#3392=CARTESIAN_POINT('',(27.2613289407669,72.4521211816283,-7.42005771192383E-12));
#3393=CARTESIAN_POINT('',(26.9742503715756,72.5446169086219,-6.21445689511669E-12));
#3394=CARTESIAN_POINT('',(26.5660982660217,72.5508062500168,-4.50037368076933E-12));
#3395=CARTESIAN_POINT('',(26.368460500666,72.4530347255847,-3.67034789205072E-12));
#3396=CARTESIAN_POINT('',(26.3250480741392,72.3599364764621,-3.48801128808898E-12));
#3397=CARTESIAN_POINT('',(28.8658111726417,70.846969936566,1.99672753336394));
#3398=CARTESIAN_POINT('',(28.8262639504908,70.8145105406237,2.18212961047618));
#3399=CARTESIAN_POINT('',(28.7135139572877,70.6907063120458,2.53677455234912));
#3400=CARTESIAN_POINT('',(28.7336575663045,70.4290552225463,3.06221887201789));
#3401=CARTESIAN_POINT('',(28.9580106699578,70.2076961190609,3.54754631129623));
#3402=CARTESIAN_POINT('',(29.113117944352,70.0169918884698,3.84508848682695));
#3403=CARTESIAN_POINT('',(29.1825390283631,69.9063188462375,3.9862397050199));
#3404=CARTESIAN_POINT('',(31.999999999937,51.6651199999822,10.9999999999727));
#3405=CARTESIAN_POINT('',(31.9999999999017,51.6651199999822,2.59999999997268));
#3406=CARTESIAN_POINT('',(33.5999999999017,51.6651199999822,2.59999999996596));
#3407=CARTESIAN_POINT('',(30.5890230194776,52.4195363045606,10.9999999999769));
#3408=CARTESIAN_POINT('',(30.5890230194316,52.4195363045606,0.0396352765786332));
#3409=CARTESIAN_POINT('',(30.5890230194176,52.4195363045347,-6.98549185686715E-12));
#3410=CARTESIAN_POINT('',(30.5890230130486,52.4195363000912,0.0396352634506835));
#3411=CARTESIAN_POINT('',(30.6007616708186,52.4414909900516,0.0264532587391886));
#3412=CARTESIAN_POINT('',(30.6129982262975,52.4631452872771,0.0132400184891474));
#3413=CARTESIAN_POINT('',(30.6257320539383,52.4845024581344,3.17496104847453E-7));
#3414=CARTESIAN_POINT('',(30.6257319684278,52.4845023147161,-2.33003539998638E-11));
#3415=CARTESIAN_POINT('',(31.9999999998908,51.6651199999822,-2.73160369945243E-11));
#3416=CARTESIAN_POINT('',(32.5000000000462,72.16512,10.9999999999706));
#3417=CARTESIAN_POINT('',(32.5000000000109,72.16512,2.59999999997058));
#3418=CARTESIAN_POINT('',(34.5000000000109,72.16512,2.59999999996218));
#3419=CARTESIAN_POINT('',(32.5000000000109,74.16512,2.59999999997058));
#3420=CARTESIAN_POINT('',(34.5000000000462,72.16512,10.9999999999622));
#3421=CARTESIAN_POINT('',(34.5,72.16512,-3.7812737518785E-11));
#3422=CARTESIAN_POINT('',(32.5,72.16512,-2.94204322334785E-11));
#3423=CARTESIAN_POINT('',(32.5,74.16512,-2.94278183657915E-11));
#3424=CARTESIAN_POINT('',(32.5000000000462,74.16512,10.9999999999706));
#3425=CARTESIAN_POINT('',(11.5000000000462,72.16512,11.0000000000588));
#3426=CARTESIAN_POINT('',(11.5000000000109,72.16512,2.60000000005877));
#3427=CARTESIAN_POINT('',(11.5000000000109,74.16512,2.60000000005877));
#3428=CARTESIAN_POINT('',(9.50000000001092,72.16512,2.60000000006717));
#3429=CARTESIAN_POINT('',(11.5000000000462,74.16512,11.0000000000588));
#3430=CARTESIAN_POINT('',(11.5,74.16512,5.87711844098206E-11));
#3431=CARTESIAN_POINT('',(11.5,72.16512,5.87785705421336E-11));
#3432=CARTESIAN_POINT('',(9.5,72.16512,6.717087582744E-11));
#3433=CARTESIAN_POINT('',(9.5000000000462,72.16512,11.0000000000672));
#3434=CARTESIAN_POINT('',(11.5000000000462,51.16512,11.0000000000588));
#3435=CARTESIAN_POINT('',(11.5000000000109,51.16512,2.60000000005877));
#3436=CARTESIAN_POINT('',(9.50000000001092,51.16512,2.60000000006717));
#3437=CARTESIAN_POINT('',(9.50000000004619,51.16512,11.0000000000672));
#3438=CARTESIAN_POINT('',(9.5,51.16512,6.71686329368315E-11));
#3439=CARTESIAN_POINT('',(11.5,51.16512,5.87763276515251E-11));
#3440=CARTESIAN_POINT('',(12.00662566938,51.6651199999822,11.0000000000566));
#3441=CARTESIAN_POINT('',(12.0066256693338,51.6651199999822,5.66485794898275E-11));
#3442=CARTESIAN_POINT('',(13.6066256693338,51.6651199999822,4.99291841464593E-11));
#3443=CARTESIAN_POINT('',(12.0066256693447,51.6651199999822,2.60000000005664));
#3444=CARTESIAN_POINT('',(13.6066256693447,51.6651199999822,2.60000000004992));
#3445=CARTESIAN_POINT('',(31.999999999937,71.665119999982,10.9999999999727));
#3446=CARTESIAN_POINT('',(31.9999999998908,71.665119999982,-2.73205093786152E-11));
#3447=CARTESIAN_POINT('',(33.5999999998908,71.665119999982,-3.40399047219834E-11));
#3448=CARTESIAN_POINT('',(31.9999999999017,71.665119999982,2.59999999997267));
#3449=CARTESIAN_POINT('',(33.5999999999017,71.665119999982,2.59999999996596));
#3450=CARTESIAN_POINT('',(12.00662566938,71.665119999982,11.0000000000566));
#3451=CARTESIAN_POINT('',(12.0066256693338,71.665119999982,5.66441071057366E-11));
#3452=CARTESIAN_POINT('',(13.6066256693338,71.665119999982,4.99247117623684E-11));
#3453=CARTESIAN_POINT('',(12.0066256693447,71.665119999982,2.60000000005664));
#3454=CARTESIAN_POINT('',(13.6066256693447,71.665119999982,2.60000000004992));
#3455=CARTESIAN_POINT('',(32.5000000000462,51.16512,10.9999999999706));
#3456=CARTESIAN_POINT('',(32.5000000000109,51.16512,2.59999999997058));
#3457=CARTESIAN_POINT('',(34.5000000000109,51.16512,2.59999999996218));
#3458=CARTESIAN_POINT('',(32.5,51.16512,-2.9422675124087E-11));
#3459=CARTESIAN_POINT('',(34.5,51.16512,-3.78149804093934E-11));
#3460=CARTESIAN_POINT('',(34.5000000000462,51.16512,10.9999999999622));
#3461=CARTESIAN_POINT('',(34.5000000000462,61.66512,10.9999999999622));
#3462=CARTESIAN_POINT('',(34.5000000000462,66.7906969572116,10.9999999999622));
#3463=CARTESIAN_POINT('',(34.5000000000122,66.7906969572116,2.89999999996218));
#3464=CARTESIAN_POINT('',(34.500000000042,66.7906969572116,9.99999999996219));
#3465=CARTESIAN_POINT('',(34.500000000042,61.66512,9.99999999996219));
#3466=CARTESIAN_POINT('',(34.500000000042,56.5395430427525,9.9999999999622));
#3467=CARTESIAN_POINT('',(34.5000000000462,56.5395430427525,10.9999999999622));
#3468=CARTESIAN_POINT('',(34.5000000000122,56.5395430427525,2.89999999996218));
#3469=CARTESIAN_POINT('',(34.5000000000109,55.4037613735925,2.59999999996218));
#3470=CARTESIAN_POINT('',(34.5000000000109,55.8010197552032,2.59999999996222));
#3471=CARTESIAN_POINT('',(34.5000000000116,56.1739223637904,2.75839807995621));
#3472=CARTESIAN_POINT('',(34.5000000000122,56.5395430427525,2.89999999996218));
#3473=CARTESIAN_POINT('',(34.5000000000109,55.4037613735925,2.59999999996218));
#3474=CARTESIAN_POINT('',(34.5000000000109,61.66512,2.59999999996218));
#3475=CARTESIAN_POINT('',(34.5,61.66512,-3.78173284110411E-11));
#3476=CARTESIAN_POINT('',(34.5000000000109,61.66512,2.59999999996218));
#3477=CARTESIAN_POINT('',(34.5000000000109,67.9264786263717,2.59999999996218));
#3478=CARTESIAN_POINT('',(34.5000000000109,67.9264786263717,2.59999999996218));
#3479=CARTESIAN_POINT('',(34.5000000000109,67.529220244761,2.59999999996218));
#3480=CARTESIAN_POINT('',(34.5000000000116,67.1563176361782,2.75839807996763));
#3481=CARTESIAN_POINT('',(34.5000000000122,66.7906969572116,2.89999999996218));
#3482=CARTESIAN_POINT('',(22.0000000000462,74.16512,11.0000000000147));
#3483=CARTESIAN_POINT('',(16.8810487121597,74.16512,11.0000000000362));
#3484=CARTESIAN_POINT('',(16.8810487121258,74.16512,2.90000000003616));
#3485=CARTESIAN_POINT('',(16.8810487121355,74.16512,5.21940762226925));
#3486=CARTESIAN_POINT('',(21.9999999998649,74.16512,18.2499999999723));
#3487=CARTESIAN_POINT('',(27.125576957133,74.16512,5.22201240191552));
#3488=CARTESIAN_POINT('',(27.1255769571573,74.16512,10.9999999999931));
#3489=CARTESIAN_POINT('',(27.1255769571233,74.16512,2.89999999999314));
#3490=CARTESIAN_POINT('',(28.261358626282,74.16512,2.59999999998838));
#3491=CARTESIAN_POINT('',(27.8641002446713,74.16512,2.59999999999004));
#3492=CARTESIAN_POINT('',(27.4911976360827,74.16512,2.75839807998029));
#3493=CARTESIAN_POINT('',(27.1255769571233,74.16512,2.89999999999314));
#3494=CARTESIAN_POINT('',(28.261358626282,74.16512,2.59999999998838));
#3495=CARTESIAN_POINT('',(22.0000000000109,74.16512,2.60000000001467));
#3496=CARTESIAN_POINT('',(22.,74.16512,1.46751524689665E-11));
#3497=CARTESIAN_POINT('',(22.0000000000109,74.16512,2.60000000001467));
#3498=CARTESIAN_POINT('',(15.7452670429644,74.16512,2.60000000004093));
#3499=CARTESIAN_POINT('',(15.7452670429644,74.16512,2.60000000004093));
#3500=CARTESIAN_POINT('',(16.1425254245751,74.16512,2.60000000003925));
#3501=CARTESIAN_POINT('',(16.515428033163,74.16512,2.75839808003184));
#3502=CARTESIAN_POINT('',(16.8810487121258,74.16512,2.90000000003616));
#3503=CARTESIAN_POINT('',(9.5000000000462,61.66512,11.0000000000672));
#3504=CARTESIAN_POINT('',(9.500000000042,61.66512,10.0000000000672));
#3505=CARTESIAN_POINT('',(9.500000000042,66.791381144527,10.0000000000672));
#3506=CARTESIAN_POINT('',(9.500000000042,56.5388588554372,10.0000000000672));
#3507=CARTESIAN_POINT('',(9.50000000002772,66.791381144527,6.60000000006717));
#3508=CARTESIAN_POINT('',(9.50000000001218,66.791381144527,2.90000000006716));
#3509=CARTESIAN_POINT('',(9.50000000001093,67.927162813687,2.60000000006717));
#3510=CARTESIAN_POINT('',(9.50000000001093,67.5299044320763,2.60000000006718));
#3511=CARTESIAN_POINT('',(9.50000000001159,67.1570018234858,2.75839808005279));
#3512=CARTESIAN_POINT('',(9.50000000001219,66.791381144527,2.90000000006716));
#3513=CARTESIAN_POINT('',(9.50000000001093,67.927162813687,2.60000000006717));
#3514=CARTESIAN_POINT('',(9.50000000001092,61.66512,2.60000000006717));
#3515=CARTESIAN_POINT('',(9.5,61.66512,6.71732238290877E-11));
#3516=CARTESIAN_POINT('',(9.50000000001092,61.66512,2.60000000006717));
#3517=CARTESIAN_POINT('',(9.50000000001092,55.4030771862771,2.60000000006717));
#3518=CARTESIAN_POINT('',(9.50000000001092,55.4030771862771,2.60000000006717));
#3519=CARTESIAN_POINT('',(9.50000000001092,55.8003355678878,2.60000000006715));
#3520=CARTESIAN_POINT('',(9.50000000001158,56.1732381764757,2.75839808005957));
#3521=CARTESIAN_POINT('',(9.50000000001218,56.5388588554372,2.90000000006717));
#3522=CARTESIAN_POINT('',(9.50000000001218,56.5388588554372,2.90000000006717));
#3523=CARTESIAN_POINT('',(9.50000000004619,56.5388588554372,11.0000000000672));
#3524=CARTESIAN_POINT('',(22.,61.66512,1.46779477090233E-11));
#3525=CARTESIAN_POINT('',(13.8305841342244,52.8753165657921,4.89880946002779E-11));
#3526=CARTESIAN_POINT('',(14.344119829199,52.4548587503734,4.68315327743038E-11));
#3527=CARTESIAN_POINT('',(15.3711676844406,51.614178043006,4.25167283136502E-11));
#3528=CARTESIAN_POINT('',(17.1062965670197,50.6689274183461,3.52319272354192E-11));
#3529=CARTESIAN_POINT('',(19.0066940926693,49.9990441698278,2.71952522563761E-11));
#3530=CARTESIAN_POINT('',(21.5896180441636,49.5528542134691,1.6494882479906E-11));
#3531=CARTESIAN_POINT('',(24.9557520272873,49.8126976415052,2.0312458821236E-12));
#3532=CARTESIAN_POINT('',(27.4206193690269,50.9026345537572,-8.02580709986388E-12));
#3533=CARTESIAN_POINT('',(28.526258491728,51.6265383165612,-1.26692354614745E-11));
#3534=CARTESIAN_POINT('',(28.526258491728,51.6265383165612,-1.27273962905835E-11));
#3535=CARTESIAN_POINT('',(28.526258491728,51.6265383165612,-1.27279465973014E-11));
#3536=CARTESIAN_POINT('',(28.6214342887589,51.6888535116225,-1.31276629117824E-11));
#3537=CARTESIAN_POINT('',(28.7158150887102,51.7525722799967,-1.39132131579784E-11));
#3538=CARTESIAN_POINT('',(28.8093959059349,51.81770342388,-1.43062317897331E-11));
#3539=CARTESIAN_POINT('',(22.4914912265734,62.0092658618106,1.23848098406057E-11));
#3540=CARTESIAN_POINT('',(26.4917499824922,56.2963042930925,3.99645174456993E-12));
#3541=CARTESIAN_POINT('',(22.,61.66512,-1.86295794522126E-14));
#3542=CARTESIAN_POINT('',(15.7207529779675,58.5714075317353,1.31686283164602E-11));
#3543=CARTESIAN_POINT('',(15.7207529779675,58.5714075317353,1.31686283164602E-11));
#3544=CARTESIAN_POINT('',(15.6443750576438,58.7264302863261,1.34893520517449E-11));
#3545=CARTESIAN_POINT('',(15.4765742844374,59.0142133388052,5.60147010905871E-11));
#3546=CARTESIAN_POINT('',(15.1785694460985,59.2614464499488,4.33259156534625E-11));
#3547=CARTESIAN_POINT('',(15.0028990304773,59.2460772800743,4.40636684482372E-11));
#3548=CARTESIAN_POINT('',(15.002899030472,59.246077280042,2.55923328760585E-11));
#3549=CARTESIAN_POINT('',(22.1568803369458,59.8719695434349,1.0563941399294E-11));
#3550=CARTESIAN_POINT('',(11.1572966898811,58.9096306708116,3.36725510391203E-11));
#3551=CARTESIAN_POINT('',(11.1572966898811,58.9096306708116,3.36725510391203E-11));
#3552=CARTESIAN_POINT('',(10.9990427589886,58.8957852459007,3.4337160839166E-11));
#3553=CARTESIAN_POINT('',(10.7725823399962,58.6272021366708,7.41520225627558E-11));
#3554=CARTESIAN_POINT('',(10.682416798888,58.169741649811,5.88915104690162E-11));
#3555=CARTESIAN_POINT('',(10.7022186945639,57.6989170078691,6.30699274035083E-11));
#3556=CARTESIAN_POINT('',(10.7825178158854,57.3998434949097,6.17950263708263E-11));
#3557=CARTESIAN_POINT('',(10.8400398051987,57.2543050582403,6.15534882990577E-11));
#3558=CARTESIAN_POINT('',(21.456215327778,61.9186909570444,1.454684604858E-11));
#3559=CARTESIAN_POINT('',(24.4036557991727,68.2394974457403,8.37066763348866E-12));
#3560=CARTESIAN_POINT('',(22.,61.66512,-1.86295794522126E-14));
#3561=CARTESIAN_POINT('',(27.8188571005381,57.7739887964144,-1.22353680986826E-11));
#3562=CARTESIAN_POINT('',(27.8188571005381,57.7739887964144,-1.22353680986826E-11));
#3563=CARTESIAN_POINT('',(27.7227924170621,57.6303321998339,-1.18319006075519E-11));
#3564=CARTESIAN_POINT('',(27.557465369463,57.3411209412256,-7.425216574664E-12));
#3565=CARTESIAN_POINT('',(27.4923576337378,56.9594246252015,-8.37988755587301E-12));
#3566=CARTESIAN_POINT('',(27.5935029331006,56.814974167528,-8.80462728744022E-12));
#3567=CARTESIAN_POINT('',(23.4744736797202,62.6975575854319,7.79853410377062E-12));
#3568=CARTESIAN_POINT('',(30.6441791341082,52.4581570318195,-7.25182980035459E-12));
#3569=CARTESIAN_POINT('',(30.1526879075349,52.1140111700088,-4.95175303803312E-12));
#3570=CARTESIAN_POINT('',(22.,61.66512,-1.86295794522126E-14));
#3571=CARTESIAN_POINT('',(15.1045942183351,60.4595582611672,2.79127821469975E-11));
#3572=CARTESIAN_POINT('',(22.4603899214944,68.6499636718502,-9.89148956134275E-13));
#3573=CARTESIAN_POINT('',(22.4603899214944,68.6499636718502,-9.89148956134275E-13));
#3574=CARTESIAN_POINT('',(22.6328325252937,68.6385975138437,-1.71334018254776E-12));
#3575=CARTESIAN_POINT('',(22.9659603461135,68.6400257199864,1.74857550968499E-11));
#3576=CARTESIAN_POINT('',(23.3290729201857,68.7744889248754,9.09475392329149E-12));
#3577=CARTESIAN_POINT('',(23.4035980364417,68.934308552434,8.78174086009439E-12));
#3578=CARTESIAN_POINT('',(23.4035980364406,68.934308552435,7.94907359163032E-12));
#3579=CARTESIAN_POINT('',(20.368645983334,62.4258328711333,1.4319337197213E-11));
#3580=CARTESIAN_POINT('',(25.0350278961226,72.432921176849,4.51777705292252E-12));
#3581=CARTESIAN_POINT('',(25.0350278961226,72.432921176849,4.51777705292252E-12));
#3582=CARTESIAN_POINT('',(25.1021643718795,72.576895813729,4.23579703082165E-12));
#3583=CARTESIAN_POINT('',(24.9827947856718,72.9073078441381,9.46907318041414E-13));
#3584=CARTESIAN_POINT('',(24.6317051534116,73.2141237367131,3.94759132440696E-12));
#3585=CARTESIAN_POINT('',(24.2140581049159,73.4323871129831,5.28145138821951E-12));
#3586=CARTESIAN_POINT('',(23.9149032844361,73.5123827904955,6.64036719467055E-12));
#3587=CARTESIAN_POINT('',(23.7601023063971,73.535336504808,7.29046766864419E-12));
#3588=CARTESIAN_POINT('',(10.0168081855906,61.0302074555728,6.50099056293348E-11));
#3589=CARTESIAN_POINT('',(10.0275184756695,60.8280639296178,6.49649716617078E-11));
#3590=CARTESIAN_POINT('',(10.0909541109464,60.5331987323236,6.46901159888059E-11));
#3591=CARTESIAN_POINT('',(10.289670036837,60.1766339696155,6.3857556357218E-11));
#3592=CARTESIAN_POINT('',(10.4731615434455,60.0543604062887,6.30866733112588E-11));
#3593=CARTESIAN_POINT('',(10.5754932054947,60.0633132666382,6.26569170008195E-11));
#3594=CARTESIAN_POINT('',(10.5754932054921,60.0633132665797,3.74132209784159E-11));
#3595=CARTESIAN_POINT('',(22.0522934456486,61.067403181145,1.33135511663508E-11));
#3596=CARTESIAN_POINT('',(22.0033128346232,61.6651199999821,2.60000000001466));
#3597=CARTESIAN_POINT('',(32.5000000000109,56.5395430427525,2.59999999997058));
#3598=CARTESIAN_POINT('',(32.2653061224087,54.2515485532889,2.59999999997156));
#3599=CARTESIAN_POINT('',(31.9999999999017,51.6651199999822,2.59999999997268));
#3600=CARTESIAN_POINT('',(22.0033128346232,61.6651199999821,2.60000000001466));
#3601=CARTESIAN_POINT('',(12.0066256693448,71.665119999982,2.60000000005664));
#3602=CARTESIAN_POINT('',(11.7378038856166,69.0790544848426,2.60000000005777));
#3603=CARTESIAN_POINT('',(14.5930542226564,71.9304261224405,2.60000000004578));
#3604=CARTESIAN_POINT('',(16.8810487121245,72.16512,2.60000000003617));
#3605=CARTESIAN_POINT('',(11.5000000000109,66.791381144527,2.60000000005877));
#3606=CARTESIAN_POINT('',(12.0066256693615,71.665119999982,6.60000000005664));
#3607=CARTESIAN_POINT('',(11.7067859875109,68.7806623100188,6.6000000000579));
#3608=CARTESIAN_POINT('',(11.7067859874954,68.7806623100188,2.9000000000579));
#3609=CARTESIAN_POINT('',(11.7067859875201,68.7806623100188,8.78302481215018));
#3610=CARTESIAN_POINT('',(11.7067859875201,68.7806623100188,8.78302481215018));
#3611=CARTESIAN_POINT('',(12.0357626683341,68.7464651492647,8.39990009012054));
#3612=CARTESIAN_POINT('',(12.7352454093859,68.7842426612764,7.67106622332672));
#3613=CARTESIAN_POINT('',(13.8560029151342,69.3030486043493,6.74427998169382));
#3614=CARTESIAN_POINT('',(14.7665710124709,70.4202860365575,6.14338481015409));
#3615=CARTESIAN_POINT('',(14.9434517996494,71.4544540757418,6.04235292885495));
#3616=CARTESIAN_POINT('',(14.8914882865147,71.9610383673396,6.07387416158414));
#3617=CARTESIAN_POINT('',(14.8914882865147,71.9610383673396,6.07387416158414));
#3618=CARTESIAN_POINT('',(14.8914882865169,71.9610383673396,6.60000000004452));
#3619=CARTESIAN_POINT('',(14.8914882865014,71.9610383673396,2.90000000004452));
#3620=CARTESIAN_POINT('',(12.006625669346,71.665119999982,2.90000000005664));
#3621=CARTESIAN_POINT('',(22.0033128346232,61.6651199999821,2.60000000001466));
#3622=CARTESIAN_POINT('',(31.9999999999017,71.665119999982,2.59999999997267));
#3623=CARTESIAN_POINT('',(29.4135714465901,71.9304261224405,2.59999999998353));
#3624=CARTESIAN_POINT('',(32.2653061224087,69.0786914466753,2.59999999997156));
#3625=CARTESIAN_POINT('',(32.5000000000109,66.7906969572116,2.59999999997058));
#3626=CARTESIAN_POINT('',(27.125576957122,72.16512,2.59999999999315));
#3627=CARTESIAN_POINT('',(31.9999999999186,71.665119999982,6.59999999997267));
#3628=CARTESIAN_POINT('',(29.1151373827632,71.9610383673396,6.59999999998479));
#3629=CARTESIAN_POINT('',(29.1151373827476,71.9610383673396,2.89999999998479));
#3630=CARTESIAN_POINT('',(29.115137382761,71.9610383673396,6.07763639762949));
#3631=CARTESIAN_POINT('',(29.115137382761,71.9610383673396,6.07763639762949));
#3632=CARTESIAN_POINT('',(29.063306587214,71.4557479190797,6.04615579583758));
#3633=CARTESIAN_POINT('',(29.2358708891378,70.4288896014388,6.14449722101872));
#3634=CARTESIAN_POINT('',(30.1514323083384,69.3019203927809,6.74966804499288));
#3635=CARTESIAN_POINT('',(31.2640278188039,68.786810936017,7.67013282433792));
#3636=CARTESIAN_POINT('',(31.9673670682783,68.7465558251044,8.40285028030105));
#3637=CARTESIAN_POINT('',(32.2959183673393,68.7802573828322,8.78567715514806));
#3638=CARTESIAN_POINT('',(32.2959183673392,68.7802573828322,8.78567715514806));
#3639=CARTESIAN_POINT('',(32.2959183673301,68.7802573828322,6.59999999997143));
#3640=CARTESIAN_POINT('',(32.2959183673145,68.7802573828322,2.89999999997143));
#3641=CARTESIAN_POINT('',(31.999999999903,71.665119999982,2.89999999997267));
#3642=CARTESIAN_POINT('',(22.0033128346232,61.6651199999821,2.60000000001466));
#3643=CARTESIAN_POINT('',(12.0066256693448,51.6651199999822,2.60000000005664));
#3644=CARTESIAN_POINT('',(11.7378038856166,54.2511855151216,2.60000000005777));
#3645=CARTESIAN_POINT('',(11.5000000000109,56.5388588554372,2.60000000005877));
#3646=CARTESIAN_POINT('',(11.5000000000277,66.791381144527,6.60000000005877));
#3647=CARTESIAN_POINT('',(11.500000000042,66.791381144527,10.0000000000588));
#3648=CARTESIAN_POINT('',(10.5989488599239,68.5769081935777,10.0000000000626));
#3649=CARTESIAN_POINT('',(10.5989488599239,68.5769081935777,10.0000000000626));
#3650=CARTESIAN_POINT('',(10.9354507476348,68.7467210282455,9.5847831248376));
#3651=CARTESIAN_POINT('',(11.306706063069,68.8222506604669,9.17530884852916));
#3652=CARTESIAN_POINT('',(11.7067859875201,68.7806623100189,8.78302481215018));
#3653=CARTESIAN_POINT('',(11.5000000000122,66.791381144527,2.90000000005876));
#3654=CARTESIAN_POINT('',(32.5000000000277,56.5395430427526,6.59999999997058));
#3655=CARTESIAN_POINT('',(32.500000000042,56.5395430427526,9.99999999997059));
#3656=CARTESIAN_POINT('',(33.0968399755749,54.6306737325047,9.99999999996809));
#3657=CARTESIAN_POINT('',(33.0968399755749,54.6306737325047,9.99999999996809));
#3658=CARTESIAN_POINT('',(32.9875693556463,54.5965084422075,9.81119582056604));
#3659=CARTESIAN_POINT('',(32.7900515193767,54.5486340251615,9.41446245436967));
#3660=CARTESIAN_POINT('',(32.4706300831691,54.5320613458006,9.10320486345767));
#3661=CARTESIAN_POINT('',(32.29591836734,54.549982617132,8.9681251431904));
#3662=CARTESIAN_POINT('',(32.5000000000122,56.5395430427525,2.89999999997058));
#3663=CARTESIAN_POINT('',(32.5000000000277,66.7906969572116,6.59999999997058));
#3664=CARTESIAN_POINT('',(32.2959183673392,68.7802573828322,8.78567715514806));
#3665=CARTESIAN_POINT('',(32.695023904256,68.8211961291721,9.17720783261024));
#3666=CARTESIAN_POINT('',(33.0653058280362,68.7456550413394,9.58571668012564));
#3667=CARTESIAN_POINT('',(33.4010511396895,68.5762240064999,9.9999999999668));
#3668=CARTESIAN_POINT('',(33.4010511396895,68.5762240064999,9.99999999996681));
#3669=CARTESIAN_POINT('',(32.500000000042,66.7906969572116,9.99999999997059));
#3670=CARTESIAN_POINT('',(32.5000000000122,66.7906969572116,2.89999999997058));
#3671=CARTESIAN_POINT('',(27.1255769571388,72.16512,6.59999999999315));
#3672=CARTESIAN_POINT('',(27.125576957133,74.16512,5.22201240191552));
#3673=CARTESIAN_POINT('',(27.6775833159522,74.16512,5.41746975452334));
#3674=CARTESIAN_POINT('',(28.7418021413046,73.712593164664,5.87354729818043));
#3675=CARTESIAN_POINT('',(29.1749677106789,72.5443150254372,6.10823174212828));
#3676=CARTESIAN_POINT('',(29.115137382761,71.9610383673396,6.07763639762949));
#3677=CARTESIAN_POINT('',(27.1255769571233,72.16512,2.89999999999314));
#3678=CARTESIAN_POINT('',(16.8810487121413,72.16512,6.60000000003617));
#3679=CARTESIAN_POINT('',(14.8914882865147,71.9610383673396,6.07387416158414));
#3680=CARTESIAN_POINT('',(14.831819526459,72.5427399252193,6.10434823539019));
#3681=CARTESIAN_POINT('',(15.2632782090232,73.7123419192819,5.87070602210307));
#3682=CARTESIAN_POINT('',(16.3300226288933,74.16512,5.41422670930423));
#3683=CARTESIAN_POINT('',(16.8810487121355,74.16512,5.21940762226925));
#3684=CARTESIAN_POINT('',(16.8810487121258,72.16512,2.90000000003617));
#3685=CARTESIAN_POINT('',(11.5000000000277,56.5388588554372,6.60000000005877));
#3686=CARTESIAN_POINT('',(11.7067859875201,54.5495776899454,8.78302481215016));
#3687=CARTESIAN_POINT('',(11.3067060630686,54.5079893394973,9.17530884852958));
#3688=CARTESIAN_POINT('',(10.9354507476325,54.5835189717192,9.58478312484029));
#3689=CARTESIAN_POINT('',(10.5989488599214,54.7533318063877,10.0000000000657));
#3690=CARTESIAN_POINT('',(10.5989488599214,54.7533318063877,10.0000000000626));
#3691=CARTESIAN_POINT('',(11.500000000042,56.5388588554372,10.0000000000588));
#3692=CARTESIAN_POINT('',(11.5000000000122,56.5388588554372,2.90000000005877));
#3693=CARTESIAN_POINT('',(21.9999999999955,61.66512,-2.14034125502346));
#3694=CARTESIAN_POINT('',(18.437145415245,63.7312745759734,4.69015726276714));
#3695=CARTESIAN_POINT('',(18.4878691352359,63.7385331130204,4.72468036530294));
#3696=CARTESIAN_POINT('',(18.5381724145641,63.7309432365279,4.76434097298285));
#3697=CARTESIAN_POINT('',(18.5724224212822,63.6963269722605,4.80319261549067));
#3698=CARTESIAN_POINT('',(18.4371454152451,63.7312745759735,4.69015726276777));
#3699=CARTESIAN_POINT('',(18.5724224212822,63.6963269722604,4.8031926154907));
#3700=CARTESIAN_POINT('',(18.5724224212822,63.6963269722604,4.8031926154907));
#3701=CARTESIAN_POINT('',(18.8299522029641,64.2784780887891,4.74114706825379));
#3702=CARTESIAN_POINT('',(19.5730493077145,65.3297698364844,4.57371533154807));
#3703=CARTESIAN_POINT('',(21.3210662849575,66.2311479704973,4.36704951311942));
#3704=CARTESIAN_POINT('',(23.2977421841556,66.0421059063193,4.41404989081593));
#3705=CARTESIAN_POINT('',(24.3345250086994,65.2704600153248,4.57718509441779));
#3706=CARTESIAN_POINT('',(24.746298179767,64.7873625900702,4.65599543554852));
#3707=CARTESIAN_POINT('',(24.7462981797747,64.7873625900611,4.65599543555003));
#3708=CARTESIAN_POINT('',(24.7462981797747,64.7873625900611,4.65599543555004));
#3709=CARTESIAN_POINT('',(24.8888995465435,65.2217274365263,4.29110055360485));
#3710=CARTESIAN_POINT('',(25.074987757195,66.0624300090087,3.4792534957));
#3711=CARTESIAN_POINT('',(24.8407833091267,67.2311787837658,2.13824630958815));
#3712=CARTESIAN_POINT('',(23.9372952987913,68.1859392591188,0.896608855812921));
#3713=CARTESIAN_POINT('',(22.9635939931068,68.543998734508,0.296682535827355));
#3714=CARTESIAN_POINT('',(22.4603899214944,68.6499636718502,-9.89148956134275E-13));
#3715=CARTESIAN_POINT('',(18.4371454152451,63.7312745759735,4.69015726276779));
#3716=CARTESIAN_POINT('',(17.9499326385259,63.6615546896915,4.35855507250192));
#3717=CARTESIAN_POINT('',(17.0504224009619,63.4870862490368,3.59514458681039));
#3718=CARTESIAN_POINT('',(15.9601601417573,62.9856746784818,2.25994280389758));
#3719=CARTESIAN_POINT('',(15.2097555050652,62.0226307486083,0.904269148094546));
#3720=CARTESIAN_POINT('',(15.0679204983584,61.0097880348101,0.239489136397403));
#3721=CARTESIAN_POINT('',(15.1045942183352,60.4595582611672,2.78989043591894E-11));
#3722=CARTESIAN_POINT('',(21.9999999999955,61.66512,-2.14034125502346));
#3723=CARTESIAN_POINT('',(25.5901954947249,63.7662342956924,4.65457233067437));
#3724=CARTESIAN_POINT('',(25.7695024232301,64.2177225189063,4.32209858947659));
#3725=CARTESIAN_POINT('',(26.0596069961904,65.0728301387246,3.56135023622327));
#3726=CARTESIAN_POINT('',(26.1595818378624,66.2560369861053,2.2351311957686));
#3727=CARTESIAN_POINT('',(25.6949976783414,67.3759188869142,0.894309204954885));
#3728=CARTESIAN_POINT('',(24.8941059325943,67.9983065865738,0.237359848776416));
#3729=CARTESIAN_POINT('',(24.4036557991726,68.2394974457402,8.35678984568097E-12));
#3730=CARTESIAN_POINT('',(25.5901954947248,63.7662342956924,4.65457233067373));
#3731=CARTESIAN_POINT('',(25.5901954947251,63.7662342956908,4.65457233068514));
#3732=CARTESIAN_POINT('',(25.5646039293932,63.7017956794183,4.7020246156577));
#3733=CARTESIAN_POINT('',(25.5202876527649,63.6414112463137,4.75981760896748));
#3734=CARTESIAN_POINT('',(25.4509405701195,63.6426203519963,4.8088414541425));
#3735=CARTESIAN_POINT('',(25.4509405701183,63.6426203519989,4.80884145414231));
#3736=CARTESIAN_POINT('',(25.4509405701183,63.6426203519989,4.80884145414231));
#3737=CARTESIAN_POINT('',(25.9142397302908,62.5593798960594,4.92125916540214));
#3738=CARTESIAN_POINT('',(26.0395134118193,60.0786978022283,4.95926011374733));
#3739=CARTESIAN_POINT('',(24.5493357384897,58.0708380432585,4.57990144262798));
#3740=CARTESIAN_POINT('',(23.4838571669081,57.5602411412187,4.47093617613994));
#3741=CARTESIAN_POINT('',(23.4838571669078,57.5602411412191,4.47093617614025));
#3742=CARTESIAN_POINT('',(23.4838571669078,57.5602411412191,4.47093617614026));
#3743=CARTESIAN_POINT('',(23.7798809934593,57.2515067247807,4.10979815303294));
#3744=CARTESIAN_POINT('',(24.4038348700177,56.7305625901492,3.31237954240958));
#3745=CARTESIAN_POINT('',(25.5045798755287,56.4294071843365,2.02972583873036));
#3746=CARTESIAN_POINT('',(26.7302527279657,56.7648216100399,0.856556913153742));
#3747=CARTESIAN_POINT('',(27.4897643320573,57.4071010739478,0.28434625542494));
#3748=CARTESIAN_POINT('',(27.8188571005381,57.7739887964144,-1.22353680986826E-11));
#3749=CARTESIAN_POINT('',(21.9999999999955,61.66512,-2.14034125502346));
#3750=CARTESIAN_POINT('',(22.3848626855111,57.0699391662604,4.23450001380593));
#3751=CARTESIAN_POINT('',(22.3427284205102,57.1182518561183,4.28598422883325));
#3752=CARTESIAN_POINT('',(22.3133983817468,57.1780268818657,4.34594457281978));
#3753=CARTESIAN_POINT('',(22.3386651738029,57.2364135475533,4.39916968533361));
#3754=CARTESIAN_POINT('',(22.3848626855125,57.069939166261,4.23450001379531));
#3755=CARTESIAN_POINT('',(22.3386651738155,57.2364135475526,4.39916968533204));
#3756=CARTESIAN_POINT('',(22.3386651738155,57.2364135475526,4.39916968533204));
#3757=CARTESIAN_POINT('',(21.6862212149543,57.1704387225062,4.38400749661078));
#3758=CARTESIAN_POINT('',(20.3653197455323,57.4372298168238,4.45035207855161));
#3759=CARTESIAN_POINT('',(18.8982008179223,58.7675976511194,4.71421569964769));
#3760=CARTESIAN_POINT('',(18.1386684476827,60.5855316259585,4.91377113582501));
#3761=CARTESIAN_POINT('',(18.1136027783435,61.896420827791,4.92106751693574));
#3762=CARTESIAN_POINT('',(18.2244430179493,62.5392394710381,4.89150563300931));
#3763=CARTESIAN_POINT('',(18.2244430179507,62.5392394710421,4.8915056330093));
#3764=CARTESIAN_POINT('',(18.2244430179507,62.539239471042,4.89150563300931));
#3765=CARTESIAN_POINT('',(17.7324730724383,62.4558251214723,4.52366442005863));
#3766=CARTESIAN_POINT('',(16.8358412321293,62.224326602079,3.69940867496021));
#3767=CARTESIAN_POINT('',(15.8244286026031,61.461104528697,2.28185155122876));
#3768=CARTESIAN_POINT('',(15.3763326356064,60.1669459818905,0.950550852504164));
#3769=CARTESIAN_POINT('',(15.5522620599458,59.0866511761469,0.312752005829112));
#3770=CARTESIAN_POINT('',(15.7207529779675,58.5714075317353,1.31686283164603E-11));
#3771=CARTESIAN_POINT('',(22.3848626855125,57.069939166261,4.23450001379531));
#3772=CARTESIAN_POINT('',(22.6566471460751,56.7583011597355,3.90240428106192));
#3773=CARTESIAN_POINT('',(23.1991722757532,56.2160399176669,3.17828399696127));
#3774=CARTESIAN_POINT('',(24.1202208275892,55.704162977035,1.96244970535983));
#3775=CARTESIAN_POINT('',(25.2394473246614,55.6562702840526,0.786165948340391));
#3776=CARTESIAN_POINT('',(26.0828008071099,56.0224000366514,0.213758169460335));
#3777=CARTESIAN_POINT('',(26.4917499824921,56.2963042930926,3.9825739567623E-12));
#3778=CARTESIAN_POINT('',(22.3128125570963,57.0746857612281,4.79416584129056));
#3779=CARTESIAN_POINT('',(26.6870032166544,50.8276940896703,4.79416584128138));
#3780=CARTESIAN_POINT('',(22.4523285104068,57.1723758834401,2.38609692722394));
#3781=CARTESIAN_POINT('',(26.8265191699649,50.9253842118823,2.38609692721475));
#3782=CARTESIAN_POINT('',(23.2651249905416,57.7415021058631,0.788041646796296));
#3783=CARTESIAN_POINT('',(27.6393156500996,51.4945104343053,0.788041646787112));
#3784=CARTESIAN_POINT('',(24.7512019975006,58.7820644284972,7.64064553253122E-12));
#3785=CARTESIAN_POINT('',(29.1253926570587,52.5350727569393,-1.54277717393895E-12));
#3786=CARTESIAN_POINT('',(25.6030090828617,52.3812641062101,4.75116556237865));
#3787=CARTESIAN_POINT('',(24.5424974006657,53.9354353191418,4.44869564120693));
#3788=CARTESIAN_POINT('',(23.4728870375506,55.5060386605483,4.27808194576902));
#3789=CARTESIAN_POINT('',(22.3848626855111,57.0699391662604,4.23450001380593));
#3790=CARTESIAN_POINT('',(17.526918567102,63.3447433648872,7.87275337124699));
#3791=CARTESIAN_POINT('',(10.7586360207393,62.7525953705401,7.87275337126121));
#3792=CARTESIAN_POINT('',(17.5286873088563,63.3245265541159,7.47454624283683));
#3793=CARTESIAN_POINT('',(10.7604047624936,62.7323785597688,7.47454624285104));
#3794=CARTESIAN_POINT('',(17.5326981911006,63.278681960264,6.68084169747553));
#3795=CARTESIAN_POINT('',(10.764415644738,62.6865339659169,6.68084169748974));
#3796=CARTESIAN_POINT('',(17.5369327657035,63.2302805510349,5.07175491508069));
#3797=CARTESIAN_POINT('',(10.7686502193408,62.6381325566878,5.07175491509491));
#3798=CARTESIAN_POINT('',(17.5775227725038,62.7663346502935,3.26243354697893));
#3799=CARTESIAN_POINT('',(10.8092402261412,62.1741866559464,3.26243354699314));
#3800=CARTESIAN_POINT('',(17.6861393536034,61.5248414473346,1.43416167822753));
#3801=CARTESIAN_POINT('',(10.9178568072408,60.9326934529875,1.43416167824174));
#3802=CARTESIAN_POINT('',(17.7978651451569,60.2478098062872,0.440349420953642));
#3803=CARTESIAN_POINT('',(11.0295825987942,59.6556618119401,0.440349420967855));
#3804=CARTESIAN_POINT('',(17.8636087512336,59.4963569502471,1.95795243530254E-11));
#3805=CARTESIAN_POINT('',(11.095326204871,58.9042089559,3.37924646557298E-11));
#3806=CARTESIAN_POINT('',(15.0028990304721,59.246077280042,2.55992717699623E-11));
#3807=CARTESIAN_POINT('',(14.8984042478479,59.7675598219486,0.308582692431522));
#3808=CARTESIAN_POINT('',(14.8679808731402,60.7755501979542,1.01788435329245));
#3809=CARTESIAN_POINT('',(15.4977138346922,62.4017172761177,2.78943184107819));
#3810=CARTESIAN_POINT('',(16.6074306861804,62.9490956103839,4.23786040100045));
#3811=CARTESIAN_POINT('',(17.5031888424172,63.1537976624601,5.02911179598549));
#3812=CARTESIAN_POINT('',(17.5031888424172,63.1537976624601,5.02911179598548));
#3813=CARTESIAN_POINT('',(17.5031888424172,63.1537976624602,5.0291117959855));
#3814=CARTESIAN_POINT('',(15.7166952703532,63.0920780785235,5.62147507275475));
#3815=CARTESIAN_POINT('',(14.0987450627921,62.9777838900126,6.56244200818234));
#3816=CARTESIAN_POINT('',(12.6946425174644,62.9190579835541,7.81575354373115));
#3817=CARTESIAN_POINT('',(12.6946425174645,62.9190579835541,7.81575354373123));
#3818=CARTESIAN_POINT('',(12.6946425174645,62.919057983554,7.81575354373124));
#3819=CARTESIAN_POINT('',(12.5964775173157,62.8921385823612,7.45743209403331));
#3820=CARTESIAN_POINT('',(12.4006625796255,62.8328829765296,6.7403436534027));
#3821=CARTESIAN_POINT('',(12.1068688658577,62.7767214673428,5.66654262729765));
#3822=CARTESIAN_POINT('',(11.8181701639995,62.5873361681978,4.50004179952479));
#3823=CARTESIAN_POINT('',(11.4505452532421,62.0657056409756,3.02075097009463));
#3824=CARTESIAN_POINT('',(11.0922398170462,60.883499055538,1.34611154377598));
#3825=CARTESIAN_POINT('',(11.0778512549386,59.5872292234281,0.398096870484763));
#3826=CARTESIAN_POINT('',(11.1572966898811,58.9096306708116,3.36632848332852E-11));
#3827=CARTESIAN_POINT('',(18.4866065662845,63.7270933762263,7.61600172360705));
#3828=CARTESIAN_POINT('',(10.268760220701,63.0081249823898,7.6160017236243));
#3829=CARTESIAN_POINT('',(18.4857280623113,63.737134722577,7.16717457521758));
#3830=CARTESIAN_POINT('',(10.2678817167278,63.0181663287405,7.16717457523483));
#3831=CARTESIAN_POINT('',(18.4837879526634,63.7593102773042,6.26744986457797));
#3832=CARTESIAN_POINT('',(10.2659416070799,63.0403418834677,6.26744986459522));
#3833=CARTESIAN_POINT('',(18.4813725469802,63.7869184905522,4.4845637541841));
#3834=CARTESIAN_POINT('',(10.2635262013967,63.0679500967157,4.48456375420135));
#3835=CARTESIAN_POINT('',(18.5130927848119,63.4243545130362,2.6487713178223));
#3836=CARTESIAN_POINT('',(10.2952464392284,62.7053861191997,2.64877131783956));
#3837=CARTESIAN_POINT('',(18.5995404461789,62.4362532221206,0.99291313753521));
#3838=CARTESIAN_POINT('',(10.3816941005953,61.7172848282841,0.992913137552467));
#3839=CARTESIAN_POINT('',(18.6907368618443,61.3938734212233,0.268538284895535));
#3840=CARTESIAN_POINT('',(10.4728905162608,60.6749050273868,0.268538284912792));
#3841=CARTESIAN_POINT('',(18.7446171419121,60.7780190019547,2.02594500001609E-11));
#3842=CARTESIAN_POINT('',(10.5267707963285,60.0590506081182,3.75163772526063E-11));
#3843=CARTESIAN_POINT('',(10.5754932054921,60.0633132665797,3.74138654085643E-11));
#3844=CARTESIAN_POINT('',(10.58019479275,60.7457866341601,0.295148428536941));
#3845=CARTESIAN_POINT('',(10.847841368653,61.9321133536342,1.13947107740176));
#3846=CARTESIAN_POINT('',(11.59352747669,62.9432459896638,3.0173180988651));
#3847=CARTESIAN_POINT('',(12.1965389230261,63.2443249132712,4.82156766223497));
#3848=CARTESIAN_POINT('',(12.6301596108944,63.242178183324,6.35771427978833));
#3849=CARTESIAN_POINT('',(12.8484227515089,63.2441792470309,7.15631422641233));
#3850=CARTESIAN_POINT('',(12.9575260241285,63.2448098406667,7.55175608806389));
#3851=CARTESIAN_POINT('',(12.9575260241285,63.2448098406667,7.5517560880639));
#3852=CARTESIAN_POINT('',(12.9575260241285,63.2448098406667,7.5517560880639));
#3853=CARTESIAN_POINT('',(13.757299960098,63.3299845908298,6.87734922158599));
#3854=CARTESIAN_POINT('',(15.4740026242845,63.5204566462804,5.7378925003003));
#3855=CARTESIAN_POINT('',(17.4253328619138,63.6648492567248,4.96059615445494));
#3856=CARTESIAN_POINT('',(18.437145415245,63.7312745759734,4.69015726276714));
#3857=CARTESIAN_POINT('',(25.6933958293988,64.9703724560652,5.69317124820946));
#3858=CARTESIAN_POINT('',(28.4587907196121,70.9007809360693,5.69317124820365));
#3859=CARTESIAN_POINT('',(25.5380562200605,65.0428085055121,3.25727775790975));
#3860=CARTESIAN_POINT('',(28.3034511102738,70.9732169855162,3.25727775790394));
#3861=CARTESIAN_POINT('',(24.4050224429828,65.5711508327099,1.35955400851002));
#3862=CARTESIAN_POINT('',(27.170417333196,71.501559312714,1.35955400850421));
#3863=CARTESIAN_POINT('',(22.2942944981656,66.5553994376586,1.02758869095518E-11));
#3864=CARTESIAN_POINT('',(25.0596893883789,72.4858079176627,4.46914872332187E-12));
#3865=CARTESIAN_POINT('',(23.4035980364406,68.9343085524349,7.94907359163034E-12));
#3866=CARTESIAN_POINT('',(24.3660011885358,68.6091310288818,0.589406366198398));
#3867=CARTESIAN_POINT('',(25.8356255333093,67.441294279332,2.16154797880254));
#3868=CARTESIAN_POINT('',(25.8261936274108,65.8774375243865,4.02971437592998));
#3869=CARTESIAN_POINT('',(25.6063679782295,65.0537601381647,4.80873314600279));
#3870=CARTESIAN_POINT('',(25.6063679782295,65.0537601381647,4.80873314600278));
#3871=CARTESIAN_POINT('',(25.6063679782295,65.0537601381647,4.80873314600279));
#3872=CARTESIAN_POINT('',(26.3751497157883,66.6073624865824,5.01894718544926));
#3873=CARTESIAN_POINT('',(27.1427096369996,68.1489413622959,5.29873662104116));
#3874=CARTESIAN_POINT('',(27.8896465086333,69.6877762296399,5.64964410392309));
#3875=CARTESIAN_POINT('',(27.8896465086333,69.6877762296399,5.64964410392308));
#3876=CARTESIAN_POINT('',(27.8896465086333,69.6877762296399,5.64964410392309));
#3877=CARTESIAN_POINT('',(27.9135979021092,69.8437907901136,5.06652604375879));
#3878=CARTESIAN_POINT('',(27.8512220190434,70.211710604078,3.93340787676353));
#3879=CARTESIAN_POINT('',(27.1609500772086,71.1936190696703,1.79931397138508));
#3880=CARTESIAN_POINT('',(25.9971100230415,72.0183237858069,0.611297368187285));
#3881=CARTESIAN_POINT('',(25.0350278961226,72.432921176849,4.51777705292252E-12));
#3882=CARTESIAN_POINT('',(25.6033069167384,63.7065021218007,5.64091042066516));
#3883=CARTESIAN_POINT('',(29.067208978136,71.1348640644351,5.64091042065788));
#3884=CARTESIAN_POINT('',(25.6187454173527,63.699303030731,2.75733097383676));
#3885=CARTESIAN_POINT('',(29.0826474787502,71.1276649733654,2.75733097382949));
#3886=CARTESIAN_POINT('',(24.71153743894,64.1223410586023,0.877027500285564));
#3887=CARTESIAN_POINT('',(28.1754395003376,71.5507030012367,0.877027500278291));
#3888=CARTESIAN_POINT('',(22.8816829815004,64.9756162054146,1.15536686591956E-11));
#3889=CARTESIAN_POINT('',(26.3455850428979,72.403978148049,4.28021471434983E-12));
#3890=CARTESIAN_POINT('',(28.1563055615818,69.1809612464063,5.58942259044403));
#3891=CARTESIAN_POINT('',(27.3187481023858,67.3831938405488,5.18754679313416));
#3892=CARTESIAN_POINT('',(26.4573111273358,65.5810026403207,4.87684185847395));
#3893=CARTESIAN_POINT('',(25.5901954947251,63.7662342956908,4.65457233068516));
#3894=CARTESIAN_POINT('',(35.0532307579791,55.5770063752991,9.25172881001987));
#3895=CARTESIAN_POINT('',(27.5641674475939,50.3015096311395,5.84999999996068));
#3896=CARTESIAN_POINT('',(27.721432447564,50.4116277696207,2.08289114467104));
#3897=CARTESIAN_POINT('',(30.6441791341082,52.4581570318195,-7.25182980035459E-12));
#3898=CARTESIAN_POINT('',(29.1282866238734,51.3967176690331,2.92499999997667));
#3899=CARTESIAN_POINT('',(27.8874589729467,69.6744944506904,5.69958408711214));
#3900=CARTESIAN_POINT('',(28.1142012181096,70.1371064624358,5.84320174065319));
#3901=CARTESIAN_POINT('',(27.6597782585548,70.4140647358917,5.89651063442407));
#3902=CARTESIAN_POINT('',(27.9201312069698,69.8601498204674,4.99730445347336));
#3903=CARTESIAN_POINT('',(28.1656499499433,70.3329386534678,5.13953832465895));
#3904=CARTESIAN_POINT('',(27.6923038671287,70.6004118154194,5.24665314588479));
#3905=CARTESIAN_POINT('',(27.827756247288,70.321004810675,3.61280876199502));
#3906=CARTESIAN_POINT('',(28.1160444894173,70.8406819289912,3.72228598926228));
#3907=CARTESIAN_POINT('',(27.6049588295609,71.0616760290579,3.98476033795499));
#3908=CARTESIAN_POINT('',(27.0214254289844,71.28018938961,1.71923536133456));
#3909=CARTESIAN_POINT('',(27.3823431340442,71.9045295386595,1.7779782212785));
#3910=CARTESIAN_POINT('',(26.8523662390132,72.0000458042121,2.27730284782581));
#3911=CARTESIAN_POINT('',(25.9786740178503,71.9881898666746,0.65301300372138));
#3912=CARTESIAN_POINT('',(26.3532603848107,72.6873665881452,0.681200030656931));
#3913=CARTESIAN_POINT('',(25.8343784125319,72.6926478360446,1.28492827161091));
#3914=CARTESIAN_POINT('',(25.149837531998,72.3869140979631,0.0685904123502996));
#3915=CARTESIAN_POINT('',(25.4874192756278,73.1419059645627,0.0602440477819728));
#3916=CARTESIAN_POINT('',(25.02213363158,73.0760384577819,0.741019658316974));
#3917=CARTESIAN_POINT('',(24.6019243481402,72.6149191521114,-0.271942647884974));
#3918=CARTESIAN_POINT('',(24.9135983719249,73.4046100903357,-0.301412781609273));
#3919=CARTESIAN_POINT('',(24.4481403378367,73.309727733719,0.402137123256261));
#3920=CARTESIAN_POINT('',(24.1897959462886,72.7600984981344,-0.527907614299357));
#3921=CARTESIAN_POINT('',(24.4868835191919,73.5734586915406,-0.571391340900859));
#3922=CARTESIAN_POINT('',(24.0131351518622,73.4594229244307,0.145553209931285));
#3923=CARTESIAN_POINT('',(23.9093695812962,72.8465905981209,-0.697612178204746));
#3924=CARTESIAN_POINT('',(24.1967169842261,73.6753499581491,-0.750048306946644));
#3925=CARTESIAN_POINT('',(23.7181559610273,73.5480192266633,-0.0241513540004696));
#3926=CARTESIAN_POINT('',(27.8896465086333,69.6877762296399,5.64964410392308));
#3927=CARTESIAN_POINT('',(27.9614910147292,69.8362275731533,5.68095731030305));
#3928=CARTESIAN_POINT('',(27.9646923955557,70.1928618122055,5.654404178085));
#3929=CARTESIAN_POINT('',(27.7831092971237,70.4554292258294,5.51958752555985));
#3930=CARTESIAN_POINT('',(27.6695213477247,70.5518826901223,5.44411639476892));
#3931=CARTESIAN_POINT('',(24.7040841315423,64.6625538650146,4.75940803813667));
#3932=CARTESIAN_POINT('',(25.2656184886349,64.3668692231162,4.62826000937601));
#3933=CARTESIAN_POINT('',(25.5003454509179,64.6976318959812,5.13367998772518));
#3934=CARTESIAN_POINT('',(24.8617297544875,65.1156918957205,4.38917625989267));
#3935=CARTESIAN_POINT('',(25.396201896693,64.8397039441373,4.26749383226515));
#3936=CARTESIAN_POINT('',(25.6599606035131,65.1866972522038,4.70392580232739));
#3937=CARTESIAN_POINT('',(25.0757882247912,65.9880138542627,3.56135692265791));
#3938=CARTESIAN_POINT('',(25.5674176455455,65.763216062739,3.45214078052882));
#3939=CARTESIAN_POINT('',(25.8656740562817,66.1299853504134,3.73579862100414));
#3940=CARTESIAN_POINT('',(24.8640659106218,67.2043273115318,2.17170152665126));
#3941=CARTESIAN_POINT('',(25.2725435015716,67.1271954193444,1.97816264108635));
#3942=CARTESIAN_POINT('',(25.5474462807031,67.4725864126782,2.09154570772231));
#3943=CARTESIAN_POINT('',(24.0912281519322,68.0260339132939,1.10840476088458));
#3944=CARTESIAN_POINT('',(24.400031725931,68.0469998418118,0.829172770873949));
#3945=CARTESIAN_POINT('',(24.6193804255537,68.396548530766,0.862199296968412));
#3946=CARTESIAN_POINT('',(23.1898216557654,68.465386957947,0.425262480710678));
#3947=CARTESIAN_POINT('',(23.4147830794597,68.5279882628694,0.0935577098817723));
#3948=CARTESIAN_POINT('',(23.5606945433391,68.9067291730455,0.0756778809795262));
#3949=CARTESIAN_POINT('',(22.6791155109718,68.6056270411506,0.128524667309257));
#3950=CARTESIAN_POINT('',(22.8936798433046,68.6721855762638,-0.205115394825857));
#3951=CARTESIAN_POINT('',(23.0098329218267,69.0561374160837,-0.238387001662603));
#3952=CARTESIAN_POINT('',(22.4241387029456,68.6574655109075,-0.0213400695852436));
#3953=CARTESIAN_POINT('',(22.6321268358139,68.7262754891616,-0.356840604437598));
#3954=CARTESIAN_POINT('',(22.7335946776694,69.111690365909,-0.39824272103249));
#3955=CARTESIAN_POINT('',(24.7462981797681,64.7873625900709,4.65599543554741));
#3956=CARTESIAN_POINT('',(24.7990633426316,64.7092114066711,4.67668430417033));
#3957=CARTESIAN_POINT('',(24.9439293046075,64.5707328181597,4.72231547479622));
#3958=CARTESIAN_POINT('',(25.2483690758277,64.6062806938731,4.78058453808148));
#3959=CARTESIAN_POINT('',(25.4662499338012,64.8036222605226,4.80592571738779));
#3960=CARTESIAN_POINT('',(25.5659185011125,64.9665568670044,4.80974841331518));
#3961=CARTESIAN_POINT('',(25.6063679782295,65.0537601381647,4.80873314600278));
#3962=CARTESIAN_POINT('',(23.454068366367,57.5915301606525,4.50721959796261));
#3963=CARTESIAN_POINT('',(22.9450032949611,57.2549941221032,4.37413730827275));
#3964=CARTESIAN_POINT('',(23.1068739340346,56.8722777494207,4.84044270421385));
#3965=CARTESIAN_POINT('',(23.7549689429915,57.273249049495,4.14131352693491));
#3966=CARTESIAN_POINT('',(23.2771234565633,56.9475867992963,4.0137752122616));
#3967=CARTESIAN_POINT('',(23.4377735725923,56.5382064084171,4.41425891391559));
#3968=CARTESIAN_POINT('',(24.3883544021782,56.7359053088143,3.33133295512419));
#3969=CARTESIAN_POINT('',(23.9784131499729,56.4185727676048,3.20680101994546));
#3970=CARTESIAN_POINT('',(24.1393111038183,55.9809817865583,3.46392764040115));
#3971=CARTESIAN_POINT('',(25.5082374512666,56.4253200897225,2.02335140120947));
#3972=CARTESIAN_POINT('',(25.2588189314657,56.1134308985926,1.81526702488766));
#3973=CARTESIAN_POINT('',(25.4214940100952,55.7091694037733,1.9177341750912));
#3974=CARTESIAN_POINT('',(26.5445075994354,56.7176804312362,1.038338925731));
#3975=CARTESIAN_POINT('',(26.4159749704715,56.4441461718173,0.754310789326896));
#3976=CARTESIAN_POINT('',(26.6136701946019,56.0831152693758,0.782285608580004));
#3977=CARTESIAN_POINT('',(27.3255457960123,57.2644486691912,0.401700573884048));
#3978=CARTESIAN_POINT('',(27.2696236590347,57.0402625874437,0.0682932257337438));
#3979=CARTESIAN_POINT('',(27.5272182377267,56.7268123266998,0.0489683736870399));
#3980=CARTESIAN_POINT('',(27.6792764270857,57.6161270724228,0.121365121524335));
#3981=CARTESIAN_POINT('',(27.6298969501216,57.3972638560952,-0.212374546853737));
#3982=CARTESIAN_POINT('',(27.9047280917782,57.1052594036163,-0.246023850498891));
#3983=CARTESIAN_POINT('',(27.842110791518,57.8000854876176,-0.0201503581200016));
#3984=CARTESIAN_POINT('',(27.7976679237108,57.5855230174663,-0.355637487531939));
#3985=CARTESIAN_POINT('',(28.0806431186039,57.3048449223359,-0.396973695468657));
#3986=CARTESIAN_POINT('',(23.483857166908,57.5602411412189,4.47093617614006));
#3987=CARTESIAN_POINT('',(23.3925857913834,57.5216885555875,4.46610710295672));
#3988=CARTESIAN_POINT('',(23.2514919726974,57.3678924220043,4.45012814687438));
#3989=CARTESIAN_POINT('',(23.231161840509,56.9633057283568,4.40718852588687));
#3990=CARTESIAN_POINT('',(23.3577264978353,56.692845345219,4.37768737845603));
#3991=CARTESIAN_POINT('',(23.4732940264308,56.5347834990563,4.36231404308853));
#3992=CARTESIAN_POINT('',(15.1847856963036,58.5756575364346,-0.399134137769998));
#3993=CARTESIAN_POINT('',(15.5692642711135,58.6805678420459,-0.357685725835957));
#3994=CARTESIAN_POINT('',(15.7328425884876,58.5348862610313,-0.0221757727774686));
#3995=CARTESIAN_POINT('',(15.0911699127717,58.8531135682232,-0.233017618089524));
#3996=CARTESIAN_POINT('',(15.4819621918537,58.944060287628,-0.200010908163824));
#3997=CARTESIAN_POINT('',(15.6469370130138,58.7912788741625,0.133558464419728));
#3998=CARTESIAN_POINT('',(14.940525037932,59.4281706082402,0.0933924735539793));
#3999=CARTESIAN_POINT('',(15.3419492707291,59.4889425679861,0.110325313051544));
#4000=CARTESIAN_POINT('',(15.5089848774378,59.3234176805257,0.440888008178777));
#4001=CARTESIAN_POINT('',(14.8632524363936,60.6470169311838,0.92214324443235));
#4002=CARTESIAN_POINT('',(15.2762769175173,60.6276174990198,0.885351425977825));
#4003=CARTESIAN_POINT('',(15.4487274881302,60.3639191200648,1.1609142072178));
#4004=CARTESIAN_POINT('',(15.2489594333926,61.9409676477014,2.21962461187226));
#4005=CARTESIAN_POINT('',(15.6899351262409,61.8732761996087,2.09839164501905));
#4006=CARTESIAN_POINT('',(15.8205990501856,61.4659336585162,2.28070903990314));
#4007=CARTESIAN_POINT('',(16.3514518568955,62.8647422377343,3.93610545883429));
#4008=CARTESIAN_POINT('',(16.8236442170509,62.7942583560619,3.63248056579924));
#4009=CARTESIAN_POINT('',(16.8602957342443,62.2385282587951,3.73104011676051));
#4010=CARTESIAN_POINT('',(17.3350702140202,63.1321344724158,4.91156354604548));
#4011=CARTESIAN_POINT('',(17.7646859639105,63.0858919323462,4.44873810836718));
#4012=CARTESIAN_POINT('',(17.7822073600604,62.4677127160494,4.56734334607471));
#4013=CARTESIAN_POINT('',(17.8764934542628,63.2295765858334,5.34210026044478));
#4014=CARTESIAN_POINT('',(18.2723386799121,63.2020777457338,4.80789597220359));
#4015=CARTESIAN_POINT('',(18.2888060263716,62.5499157691861,4.93918737823365));
#4016=CARTESIAN_POINT('',(18.2244430179458,62.5392394710393,4.89150563300593));
#4017=CARTESIAN_POINT('',(18.2683934858131,62.7212325418496,4.89291838043925));
#4018=CARTESIAN_POINT('',(18.0714930149286,63.0936203191724,4.92541370659641));
#4019=CARTESIAN_POINT('',(17.6855704697727,63.1638642394643,4.99222311605057));
#4020=CARTESIAN_POINT('',(17.5031888424168,63.1537976624598,5.02911179598352));
#4021=CARTESIAN_POINT('',(10.5757720519793,60.0054645884687,-0.0250433919818704));
#4022=CARTESIAN_POINT('',(10.1119773571859,59.9962144851478,-0.0114874126603831));
#4023=CARTESIAN_POINT('',(9.97980111366189,60.1721715948703,-0.420074470814877));
#4024=CARTESIAN_POINT('',(10.5743140535256,60.2055101389865,0.0615774368206623));
#4025=CARTESIAN_POINT('',(10.1071776517393,60.2034171902458,0.0783570422274276));
#4026=CARTESIAN_POINT('',(9.97711239572915,60.3821260580497,-0.333453642071189));
#4027=CARTESIAN_POINT('',(10.5917186393533,60.5362517965704,0.219753888997344));
#4028=CARTESIAN_POINT('',(10.1134862460202,60.5590582393664,0.254376775394589));
#4029=CARTESIAN_POINT('',(9.98737658342896,60.7923273008592,-0.147415851133324));
#4030=CARTESIAN_POINT('',(10.6858044201244,61.189263724118,0.629521226913728));
#4031=CARTESIAN_POINT('',(10.1835970901232,61.2449753433877,0.703167039883035));
#4032=CARTESIAN_POINT('',(10.0735122228734,61.5526188014275,0.309555516319743));
#4033=CARTESIAN_POINT('',(10.9083353423106,61.8832586659461,1.26378914740675));
#4034=CARTESIAN_POINT('',(10.3665149983508,61.9622834483503,1.41094464924103));
#4035=CARTESIAN_POINT('',(10.2883196067204,62.3870461556812,1.03504011396626));
#4036=CARTESIAN_POINT('',(11.2692159261745,62.5070532085967,2.19491745940766));
#4037=CARTESIAN_POINT('',(10.6628131735825,62.5583967606046,2.40821210222392));
#4038=CARTESIAN_POINT('',(10.6466017375935,63.1228998038752,2.08734305893755));
#4039=CARTESIAN_POINT('',(11.6552484202451,62.9219016136891,3.23104345797551));
#4040=CARTESIAN_POINT('',(10.9808206065232,62.9269724323254,3.47465072727302));
#4041=CARTESIAN_POINT('',(11.0335546073317,63.6032650557063,3.23323460560769));
#4042=CARTESIAN_POINT('',(12.0417996326267,63.1657052034671,4.36865299459716));
#4043=CARTESIAN_POINT('',(11.3097763847429,63.1289332482218,4.6172643857862));
#4044=CARTESIAN_POINT('',(11.4223377623988,63.8802214246868,4.45551357547086));
#4045=CARTESIAN_POINT('',(12.4024117091049,63.2549019803532,5.52693473959992));
#4046=CARTESIAN_POINT('',(11.6196545840961,63.1816417599171,5.7521313171638));
#4047=CARTESIAN_POINT('',(11.7848406529878,63.9812676029006,5.69393958777097));
#4048=CARTESIAN_POINT('',(12.7446999620117,63.2398007445022,6.78309933572836));
#4049=CARTESIAN_POINT('',(11.9540825034126,63.1656111800891,7.00118552768291));
#4050=CARTESIAN_POINT('',(12.1280309745006,63.9688311023183,6.95236434793173));
#4051=CARTESIAN_POINT('',(12.9760920784325,63.2449136522671,7.61920333706056));
#4052=CARTESIAN_POINT('',(12.1808504878097,63.1703690799214,7.83966217143926));
#4053=CARTESIAN_POINT('',(12.3602388733457,63.9776581733556,7.78796609062572));
#4054=CARTESIAN_POINT('',(13.0915670772886,63.2455893236299,8.03737336901546));
#4055=CARTESIAN_POINT('',(12.2936870099204,63.1708141060558,8.2578237034952));
#4056=CARTESIAN_POINT('',(12.4761284657434,63.9800395346062,8.20613612255385));
#4057=CARTESIAN_POINT('',(12.456062359715,63.9796279172335,8.13372497373527));
#4058=CARTESIAN_POINT('',(12.4197106567844,63.778019682362,8.17920828365818));
#4059=CARTESIAN_POINT('',(12.5336127588915,63.3448383213934,8.03088920796371));
#4060=CARTESIAN_POINT('',(12.8154985983345,63.2289554277097,7.70384424402454));
#4061=CARTESIAN_POINT('',(12.9575260241285,63.2448098406667,7.55175608806391));
#4062=CARTESIAN_POINT('',(12.8028421136519,62.9487148846242,8.21042472568633));
#4063=CARTESIAN_POINT('',(12.3035695582221,62.912182003789,8.35014444375536));
#4064=CARTESIAN_POINT('',(12.2771391324069,62.3951668986793,8.39625463009715));
#4065=CARTESIAN_POINT('',(12.6846029241068,62.9163219248674,7.77944052894704));
#4066=CARTESIAN_POINT('',(12.1828722072202,62.8795536091895,7.918762000389));
#4067=CARTESIAN_POINT('',(12.1587052033636,62.3601803727507,7.96527043336008));
#4068=CARTESIAN_POINT('',(12.4489100155871,62.8437606917255,6.91734776465932));
#4069=CARTESIAN_POINT('',(11.9422806746373,62.8074282522146,7.05900335210473));
#4070=CARTESIAN_POINT('',(11.922590440144,62.2829251250859,7.10524325472589));
#4071=CARTESIAN_POINT('',(12.0951558363498,62.7819001016662,5.62370095323406));
#4072=CARTESIAN_POINT('',(11.584283191602,62.7414384035979,5.75668054388868));
#4073=CARTESIAN_POINT('',(11.5688196664191,62.2127830111281,5.80230130784653));
#4074=CARTESIAN_POINT('',(11.7491920541768,62.5287216745106,4.2264934840788));
#4075=CARTESIAN_POINT('',(11.1861704394686,62.518734871725,4.36309753379225));
#4076=CARTESIAN_POINT('',(11.2205298868649,61.9639719242602,4.54777354337479));
#4077=CARTESIAN_POINT('',(11.3167643014508,61.7804158167847,2.46005125311873));
#4078=CARTESIAN_POINT('',(10.652113294256,61.7875657260879,2.54777395273324));
#4079=CARTESIAN_POINT('',(10.7818416493716,61.2438425289062,2.94264508561489));
#4080=CARTESIAN_POINT('',(11.0876239964873,60.6149765034314,1.17443271424506));
#4081=CARTESIAN_POINT('',(10.3304312347227,60.609840003219,1.22459602795156));
#4082=CARTESIAN_POINT('',(10.5475119238694,60.1290024623116,1.77441854404847));
#4083=CARTESIAN_POINT('',(11.1030684515898,59.4641131052392,0.337161557487808));
#4084=CARTESIAN_POINT('',(10.2932010859864,59.4131572604189,0.348731327232404));
#4085=CARTESIAN_POINT('',(10.567671277405,58.9983953013718,0.990821141088281));
#4086=CARTESIAN_POINT('',(11.1768085179774,58.6484534931635,-0.160046544880319));
#4087=CARTESIAN_POINT('',(10.3443147709998,58.5257393986411,-0.189222004141096));
#4088=CARTESIAN_POINT('',(10.6466777028344,58.1970150545753,0.525295023683191));
#4089=CARTESIAN_POINT('',(11.2781351069999,58.0927744228467,-0.481187659765867));
#4090=CARTESIAN_POINT('',(10.4277609033298,57.9465432305011,-0.522961912449678));
#4091=CARTESIAN_POINT('',(10.7593108083123,57.5938703199708,0.192273164472155));
#4092=CARTESIAN_POINT('',(11.3648696330491,57.7148756675315,-0.705366143493986));
#4093=CARTESIAN_POINT('',(10.5031070040884,57.5484799620596,-0.758287561838129));
#4094=CARTESIAN_POINT('',(10.8532709958092,57.1979417293345,-0.0319053192877341));
#4095=CARTESIAN_POINT('',(12.6946425174645,62.9190579835541,7.81575354373117));
#4096=CARTESIAN_POINT('',(12.5907842380433,62.9160384060162,7.93434344336286));
#4097=CARTESIAN_POINT('',(12.3898464055012,62.8283660568488,8.17430549227823));
#4098=CARTESIAN_POINT('',(12.2692800950347,62.5480485058204,8.32466996060657));
#4099=CARTESIAN_POINT('',(12.259598218801,62.3899853916606,8.33241468971935));
#4100=CARTESIAN_POINT('',(27.1255769571233,72.16512,2.89999999999314));
#4101=CARTESIAN_POINT('',(29.4135714465913,71.9304261224405,2.89999999998353));
#4102=CARTESIAN_POINT('',(32.5000000000122,66.7906969572116,2.89999999997058));
#4103=CARTESIAN_POINT('',(32.2653061224099,69.0786914466753,2.89999999997156));
#4104=CARTESIAN_POINT('',(31.999999999903,71.665119999982,2.89999999997267));
#4105=CARTESIAN_POINT('',(11.5000000000122,66.791381144527,2.90000000005876));
#4106=CARTESIAN_POINT('',(11.7378038856179,69.0790544848426,2.90000000005777));
#4107=CARTESIAN_POINT('',(16.8810487121258,72.16512,2.90000000003617));
#4108=CARTESIAN_POINT('',(14.5930542226577,71.9304261224405,2.90000000004577));
#4109=CARTESIAN_POINT('',(12.006625669346,71.665119999982,2.90000000005664));
#4110=CARTESIAN_POINT('',(11.5000000000122,56.5388588554372,2.90000000005877));
#4111=CARTESIAN_POINT('',(11.7378038856179,54.2511855151216,2.90000000005777));
#4112=CARTESIAN_POINT('',(12.006625669346,51.6651199999822,2.90000000005664));
#4113=CARTESIAN_POINT('',(32.5000000000122,56.5395430427525,2.89999999997058));
#4114=CARTESIAN_POINT('',(32.2653061224099,54.2515485532889,2.89999999997156));
#4115=CARTESIAN_POINT('',(31.999999999903,51.6651199999822,2.89999999997268));
#4116=CARTESIAN_POINT('',(31.999999999903,71.665119999982,2.89999999997267));
#4117=CARTESIAN_POINT('',(28.9449144001912,70.4419282047034,2.37737407695565));
#4118=CARTESIAN_POINT('',(29.1934195305238,70.2134421515397,2.24871714433018));
#4119=CARTESIAN_POINT('',(29.4803034677395,69.9156351296689,2.18260340338035));
#4120=CARTESIAN_POINT('',(29.7717522257183,69.6135302579307,2.16068289035661));
#4121=CARTESIAN_POINT('',(30.0696216906228,69.3186628034564,2.16584385203891));
#4122=CARTESIAN_POINT('',(30.3718356302468,69.0297483761273,2.20240210963556));
#4123=CARTESIAN_POINT('',(30.6169365973611,68.7878344006988,2.27907157901907));
#4124=CARTESIAN_POINT('',(30.7751728760799,68.5963742592382,2.41309007431777));
#4125=CARTESIAN_POINT('',(30.8371494444555,68.4701690391936,2.58578964431089));
#4126=CARTESIAN_POINT('',(30.7775664539765,68.4366159680895,2.79978364407055));
#4127=CARTESIAN_POINT('',(30.6094594936431,68.5038442059241,3.01934448067844));
#4128=CARTESIAN_POINT('',(30.3493856581121,68.678990405231,3.18785480588073));
#4129=CARTESIAN_POINT('',(30.0332952446967,68.9354664130342,3.2908339906156));
#4130=CARTESIAN_POINT('',(29.7270406717059,69.2160640142378,3.33104248998277));
#4131=CARTESIAN_POINT('',(29.4331016239917,69.5165676034864,3.32101393468495));
#4132=CARTESIAN_POINT('',(29.1600843159119,69.8290927401019,3.25703025567591));
#4133=CARTESIAN_POINT('',(28.9211393010954,70.1427584880111,3.12052035850365));
#4134=CARTESIAN_POINT('',(28.772386374824,70.3968441840964,2.90089104730042));
#4135=CARTESIAN_POINT('',(28.7905170680124,70.5010076765049,2.62354521496057));
#4136=CARTESIAN_POINT('',(28.9449144001912,70.4419282047034,2.37737407695565));
#4137=CARTESIAN_POINT('',(29.1934195305238,70.2134421515397,2.24871714433018));
#4138=CARTESIAN_POINT('',(29.4803034677395,69.9156351296689,2.18260340338035));
#4139=CARTESIAN_POINT('',(29.1915324939933,70.2095048585273,2.2634295740303));
#4140=CARTESIAN_POINT('',(31.999999999903,51.6651199999822,2.89999999997268));
#4141=CARTESIAN_POINT('',(30.5090828408313,54.7655300763538,3.10098195857141));
#4142=CARTESIAN_POINT('',(30.7597757504333,54.9048615783729,2.8666486881896));
#4143=CARTESIAN_POINT('',(30.8375222017085,54.857759989482,2.5793698918541));
#4144=CARTESIAN_POINT('',(30.74942716765,54.6867841801694,2.35417576209306));
#4145=CARTESIAN_POINT('',(30.5166376293063,54.4405639463282,2.23860968087226));
#4146=CARTESIAN_POINT('',(30.2177941045134,54.1536267004688,2.17861128520267));
#4147=CARTESIAN_POINT('',(29.9161564791876,53.8615172869984,2.16000980240273));
#4148=CARTESIAN_POINT('',(29.6223098249727,53.5631270462189,2.16802146010088));
#4149=CARTESIAN_POINT('',(29.3337209248463,53.260980619777,2.20897844907568));
#4150=CARTESIAN_POINT('',(29.0917403353136,53.0185870927948,2.29298497331823));
#4151=CARTESIAN_POINT('',(28.901099194617,52.8692842934265,2.44239829476118));
#4152=CARTESIAN_POINT('',(28.7879410211847,52.83039346132,2.63234986030125));
#4153=CARTESIAN_POINT('',(28.7775599796736,52.911629344046,2.83959330908217));
#4154=CARTESIAN_POINT('',(28.85835386464,53.0877256664641,3.04501895313277));
#4155=CARTESIAN_POINT('',(29.0392114759253,53.3490704839922,3.20240101860786));
#4156=CARTESIAN_POINT('',(29.2987104145066,53.6644043665403,3.29761765335632));
#4157=CARTESIAN_POINT('',(29.5817123366213,53.9696564517575,3.332269280449));
#4158=CARTESIAN_POINT('',(29.8824897649823,54.2605575318114,3.31713138441785));
#4159=CARTESIAN_POINT('',(30.1957973632712,54.5310155233884,3.24709321105173));
#4160=CARTESIAN_POINT('',(30.5090828408313,54.7655300763538,3.10098195857141));
#4161=CARTESIAN_POINT('',(30.7597757504333,54.9048615783729,2.8666486881896));
#4162=CARTESIAN_POINT('',(30.8375222017085,54.857759989482,2.5793698918541));
#4163=CARTESIAN_POINT('',(30.7689783735483,54.8798722819357,2.78651130743199));
#4164=CARTESIAN_POINT('',(12.006625669346,71.665119999982,2.90000000005664));
#4165=CARTESIAN_POINT('',(13.4918842235162,68.562268040793,3.10298061163224));
#4166=CARTESIAN_POINT('',(13.2395794435413,68.4224526085213,2.86657887622155));
#4167=CARTESIAN_POINT('',(13.1620889422544,68.470194734834,2.57865297761657));
#4168=CARTESIAN_POINT('',(13.2504871893886,68.6416590256057,2.35292509905055));
#4169=CARTESIAN_POINT('',(13.484166563845,68.8884417223876,2.23719580529547));
#4170=CARTESIAN_POINT('',(13.7841013591626,69.1759117942757,2.17720470548953));
#4171=CARTESIAN_POINT('',(14.0867386274189,69.4685989069055,2.15858338509441));
#4172=CARTESIAN_POINT('',(14.3814966277295,69.7677402943121,2.16645506717511));
#4173=CARTESIAN_POINT('',(14.6708581986669,70.0707699051975,2.20713850840456));
#4174=CARTESIAN_POINT('',(14.9134100568583,70.3140852291788,2.29058236909864));
#4175=CARTESIAN_POINT('',(15.104843542442,70.4645018316664,2.43945459512582));
#4176=CARTESIAN_POINT('',(15.2189743171181,70.5050347131452,2.62796334272822));
#4177=CARTESIAN_POINT('',(15.2318575442816,70.4260128622304,2.83606361379539));
#4178=CARTESIAN_POINT('',(15.1509525977394,70.2478660578027,3.04591583055662));
#4179=CARTESIAN_POINT('',(14.9694292733528,69.9857365345289,3.20366784715244));
#4180=CARTESIAN_POINT('',(14.709040511801,69.6690577719168,3.2998762211274));
#4181=CARTESIAN_POINT('',(14.4237040474163,69.3613976347189,3.33480872098472));
#4182=CARTESIAN_POINT('',(14.1223893188856,69.0701131584176,3.31980437701333));
#4183=CARTESIAN_POINT('',(13.8069243670331,68.7979470590739,3.24955925024357));
#4184=CARTESIAN_POINT('',(13.4918842235162,68.562268040793,3.10298061163224));
#4185=CARTESIAN_POINT('',(13.2395794435413,68.4224526085213,2.86657887622155));
#4186=CARTESIAN_POINT('',(13.1620889422544,68.470194734834,2.57865297761657));
#4187=CARTESIAN_POINT('',(13.2305695951139,68.447687679449,2.7863636923762));
#4188=CARTESIAN_POINT('',(12.006625669346,51.6651199999822,2.90000000005664));
#4189=CARTESIAN_POINT('',(15.1084925377854,53.1524347561322,3.10298061161975));
#4190=CARTESIAN_POINT('',(15.248475163531,52.9002226993522,2.86657887621856));
#4191=CARTESIAN_POINT('',(15.2007844073644,52.8227005722479,2.57865297761991));
#4192=CARTESIAN_POINT('',(15.0292615651005,52.9109851557546,2.35292509905467));
#4193=CARTESIAN_POINT('',(14.7823240430079,53.1445009146561,2.23719580530024));
#4194=CARTESIAN_POINT('',(14.4946552415531,53.4442451128248,2.17720470549534));
#4195=CARTESIAN_POINT('',(14.2017676093398,53.7466883255567,2.15858338510184));
#4196=CARTESIAN_POINT('',(13.9024309260417,54.041247994267,2.1664550671846));
#4197=CARTESIAN_POINT('',(13.5992095967985,54.3304086577292,2.20713850841617));
#4198=CARTESIAN_POINT('',(13.3557335661855,54.5727991965455,2.29058236911036));
#4199=CARTESIAN_POINT('',(13.2051901172213,54.7641329459953,2.43945459513451));
#4200=CARTESIAN_POINT('',(13.1645816003141,54.8782368309584,2.62796334273077));
#4201=CARTESIAN_POINT('',(13.2435948950404,54.8911724299045,2.83606361379491));
#4202=CARTESIAN_POINT('',(13.4217952830356,54.8103855744197,3.04591583055145));
#4203=CARTESIAN_POINT('',(13.6840450599257,54.6290360257982,3.2036678471441));
#4204=CARTESIAN_POINT('',(14.0008963351115,54.3688572118325,3.29987622111577));
#4205=CARTESIAN_POINT('',(14.3087455218646,54.0837247230903,3.33480872097128));
#4206=CARTESIAN_POINT('',(14.6002296414942,53.782603120147,3.31980437699848));
#4207=CARTESIAN_POINT('',(14.8726047669421,53.46731862559,3.24955925022899));
#4208=CARTESIAN_POINT('',(15.1084925377854,53.1524347561322,3.10298061161975));
#4209=CARTESIAN_POINT('',(15.248475163531,52.9002226993522,2.86657887621856));
#4210=CARTESIAN_POINT('',(15.2007844073644,52.8227005722479,2.57865297761991));
#4211=CARTESIAN_POINT('',(15.2232460697536,52.8911961274393,2.78636369237469));
#4212=CARTESIAN_POINT('',(28.8092197630939,70.2924302901894,3.76667905956359));
#4213=CARTESIAN_POINT('',(29.0191823208244,70.2286024537639,3.46819617222955));
#4214=CARTESIAN_POINT('',(29.0340208670789,69.9971685980287,3.17928703366283));
#4215=CARTESIAN_POINT('',(29.070691304414,70.0094307151936,3.99034866664289));
#4216=CARTESIAN_POINT('',(29.2428002107376,69.9897020132515,3.62401656293732));
#4217=CARTESIAN_POINT('',(29.1972186637299,69.7794810346913,3.28205415042882));
#4218=CARTESIAN_POINT('',(29.7308957938716,69.365500115587,4.1834131226569));
#4219=CARTESIAN_POINT('',(29.8040190134744,69.443295812339,3.74847983236067));
#4220=CARTESIAN_POINT('',(29.6365595724044,69.2790822112411,3.37075944102934));
#4221=CARTESIAN_POINT('',(30.5327990192948,68.5431932619584,3.9254071567016));
#4222=CARTESIAN_POINT('',(30.4820210195279,68.7467233914029,3.58224167652459));
#4223=CARTESIAN_POINT('',(30.2608755009442,68.7356191088361,3.25221615937305));
#4224=CARTESIAN_POINT('',(31.0504505850312,68.1040734849679,3.33850479443099));
#4225=CARTESIAN_POINT('',(30.9152348828512,68.3702377169539,3.17202511414202));
#4226=CARTESIAN_POINT('',(30.6559209296132,68.4752578012381,2.98255831724808));
#4227=CARTESIAN_POINT('',(31.2953124094326,68.0341935759325,2.73049115364017));
#4228=CARTESIAN_POINT('',(31.1145513097468,68.2938285271427,2.73973803368846));
#4229=CARTESIAN_POINT('',(30.8342316437792,68.4237218247867,2.70320069850603));
#4230=CARTESIAN_POINT('',(31.2913915028251,68.3246678693245,2.13105900800949));
#4231=CARTESIAN_POINT('',(31.1013345822159,68.5035905336208,2.31428470287598));
#4232=CARTESIAN_POINT('',(30.8131570883198,68.5577329420369,2.42778592889218));
#4233=CARTESIAN_POINT('',(31.0344435916122,68.8387253307644,1.75343395679741));
#4234=CARTESIAN_POINT('',(30.8698652937348,68.9093335147342,2.06330516149144));
#4235=CARTESIAN_POINT('',(30.5805640211078,68.8287979865973,2.2542825269838));
#4236=CARTESIAN_POINT('',(30.64215673723,69.375363293363,1.5856961679231));
#4237=CARTESIAN_POINT('',(30.5176506778418,69.3579267888427,1.96992258658482));
#4238=CARTESIAN_POINT('',(30.2313901216618,69.1632140585616,2.17721381317563));
#4239=CARTESIAN_POINT('',(30.1854662184176,69.875753019293,1.54090438133678));
#4240=CARTESIAN_POINT('',(30.108467655017,69.7959701833787,1.94950871086452));
#4241=CARTESIAN_POINT('',(29.8488531428907,69.5340400772668,2.15663380312602));
#4242=CARTESIAN_POINT('',(29.6783230195535,70.3336093570176,1.59164557376546));
#4243=CARTESIAN_POINT('',(29.6654408711907,70.2064360198401,1.97282843777054));
#4244=CARTESIAN_POINT('',(29.4763394423556,69.9194886415565,2.17994732397146));
#4245=CARTESIAN_POINT('',(29.1417148603981,70.719333959222,1.76883593347338));
#4246=CARTESIAN_POINT('',(29.2183304021897,70.5527098520917,2.07276427440253));
#4247=CARTESIAN_POINT('',(29.1457011411918,70.2634822002143,2.26135911086484));
#4248=CARTESIAN_POINT('',(28.6341674676053,70.964402597058,2.16129046205696));
#4249=CARTESIAN_POINT('',(28.8192108892939,70.773788742894,2.33538568388596));
#4250=CARTESIAN_POINT('',(28.8802078249026,70.4857526593989,2.44167605643035));
#4251=CARTESIAN_POINT('',(28.3641239827916,70.9523864794722,2.76562233373464));
#4252=CARTESIAN_POINT('',(28.6260327284382,70.7733384075546,2.76484240083519));
#4253=CARTESIAN_POINT('',(28.7569211537086,70.4938701721418,2.71934205152551));
#4254=CARTESIAN_POINT('',(28.4513278028181,70.6974467902794,3.36760595940849));
#4255=CARTESIAN_POINT('',(28.7159720955128,70.565373670487,3.19253531613504));
#4256=CARTESIAN_POINT('',(28.8174605009455,70.3074440188409,2.99592912278098));
#4257=CARTESIAN_POINT('',(28.6784839924338,70.4339300776873,3.65484425602394));
#4258=CARTESIAN_POINT('',(28.9087286922191,70.3466047322947,3.39123038218901));
#4259=CARTESIAN_POINT('',(28.9524219687534,70.1060123796974,3.12790347527984));
#4260=CARTESIAN_POINT('',(28.8092197630939,70.2924302901894,3.76667905956359));
#4261=CARTESIAN_POINT('',(29.0191823208244,70.2286024537639,3.46819617222955));
#4262=CARTESIAN_POINT('',(29.0340208670789,69.9971685980287,3.17928703366283));
#4263=CARTESIAN_POINT('',(15.5958556203773,52.4342826230993,2.85565019639888));
#4264=CARTESIAN_POINT('',(15.3399695839833,52.6028525055442,2.8281817725024));
#4265=CARTESIAN_POINT('',(15.2235485367522,52.8795132557566,2.76070620467371));
#4266=CARTESIAN_POINT('',(15.6099756070718,52.4903208969487,3.05712660299688));
#4267=CARTESIAN_POINT('',(15.3442716917692,52.6472873511049,2.97122353149723));
#4268=CARTESIAN_POINT('',(15.2254321568063,52.9185445809433,2.85327644554311));
#4269=CARTESIAN_POINT('',(15.5199682145805,52.678762074862,3.4467578952693));
#4270=CARTESIAN_POINT('',(15.2590891576318,52.8022675834571,3.24823202632485));
#4271=CARTESIAN_POINT('',(15.1683831526517,53.0578145085205,3.03229622847929));
#4272=CARTESIAN_POINT('',(15.0313993082398,53.2247924014918,3.98403059320736));
#4273=CARTESIAN_POINT('',(14.8421756773966,53.2603571676637,3.62132456315993));
#4274=CARTESIAN_POINT('',(14.8763282474045,53.4769308845063,3.27915125185667));
#4275=CARTESIAN_POINT('',(14.2015182530298,54.0343857760785,4.18686001161778));
#4276=CARTESIAN_POINT('',(14.13896520459,53.9453217123598,3.75069796651522));
#4277=CARTESIAN_POINT('',(14.3151234282315,54.1032989126587,3.37234314680233));
#4278=CARTESIAN_POINT('',(13.4018517692958,54.8545494188709,3.88928844022425));
#4279=CARTESIAN_POINT('',(13.4632592964813,54.6397614307681,3.55807833902098));
#4280=CARTESIAN_POINT('',(13.690008354907,54.6364433478698,3.23562107346056));
#4281=CARTESIAN_POINT('',(12.9014867164361,55.2595916974603,3.26218359694723));
#4282=CARTESIAN_POINT('',(13.0453636065708,54.9887582820995,3.11826879871757));
#4283=CARTESIAN_POINT('',(13.3097444268503,54.8753171127783,2.94749182114471));
#4284=CARTESIAN_POINT('',(12.6854955804445,55.280369272555,2.63875233568282));
#4285=CARTESIAN_POINT('',(12.8708109760216,55.0268612042612,2.67440704764609));
#4286=CARTESIAN_POINT('',(13.1545811520826,54.901414271083,2.66105043083427));
#4287=CARTESIAN_POINT('',(12.7291929876052,54.9435446115952,2.06038313179673));
#4288=CARTESIAN_POINT('',(12.9180511676123,54.7790767505609,2.26561599446119));
#4289=CARTESIAN_POINT('',(13.2078551872363,54.742759146294,2.39531322904863));
#4290=CARTESIAN_POINT('',(13.013683766272,54.4150237015755,1.7163190719263));
#4291=CARTESIAN_POINT('',(13.1736911406916,54.3584399655719,2.04118238004926));
#4292=CARTESIAN_POINT('',(13.4644986442789,54.4586433728185,2.23722974208058));
#4293=CARTESIAN_POINT('',(13.4201387298935,53.8791512614032,1.56986534320399));
#4294=CARTESIAN_POINT('',(13.5388333496747,53.9072050446202,1.96257897049556));
#4295=CARTESIAN_POINT('',(13.8249293966694,54.1162560780239,2.16994019104539));
#4296=CARTESIAN_POINT('',(13.887045990311,53.3820506346447,1.53900796828421));
#4297=CARTESIAN_POINT('',(13.9564947386547,53.4697070030156,1.94888733761996));
#4298=CARTESIAN_POINT('',(14.210688858818,53.7394115219471,2.15576247824327));
#4299=CARTESIAN_POINT('',(14.4015577364574,52.9310667255449,1.6045151375662));
#4300=CARTESIAN_POINT('',(14.403458312442,53.0647845886408,1.97941823890435));
#4301=CARTESIAN_POINT('',(14.5799559632815,53.3544956336141,2.18586036683216));
#4302=CARTESIAN_POINT('',(14.9435769033293,52.5574536071203,1.80677223091965));
#4303=CARTESIAN_POINT('',(14.8515334931714,52.7295073186672,2.09672003933269));
#4304=CARTESIAN_POINT('',(14.9052227934564,53.0199840368344,2.27878930161574));
#4305=CARTESIAN_POINT('',(15.4352482944134,52.3425324317658,2.2378994556813));
#4306=CARTESIAN_POINT('',(15.2343357062518,52.5346790629221,2.38938441533953));
#4307=CARTESIAN_POINT('',(15.1570814323269,52.8236265574002,2.47687478326292));
#4308=CARTESIAN_POINT('',(15.5817356336828,52.37824434925,2.65417378980088));
#4309=CARTESIAN_POINT('',(15.3356840125759,52.5585884579885,2.68568983531425));
#4310=CARTESIAN_POINT('',(15.221664916698,52.8404819305699,2.66813596380432));
#4311=CARTESIAN_POINT('',(15.5958556203773,52.4342826230993,2.85565019639888));
#4312=CARTESIAN_POINT('',(15.3399695839833,52.6028525055442,2.8281817725024));
#4313=CARTESIAN_POINT('',(15.2235485367522,52.8795132557566,2.76070620467371));
#4314=CARTESIAN_POINT('',(31.2234764548874,55.2512650757094,2.85753888274825));
#4315=CARTESIAN_POINT('',(31.0555689562111,54.9965724359648,2.82934474796025));
#4316=CARTESIAN_POINT('',(30.7803860703664,54.8802208981079,2.76157397944771));
#4317=CARTESIAN_POINT('',(31.1673157008101,55.2648113893456,3.05807505578507));
#4318=CARTESIAN_POINT('',(31.0110082180186,55.0004672907368,2.97175827727811));
#4319=CARTESIAN_POINT('',(30.7412584649572,54.8818122506595,2.85371222111336));
#4320=CARTESIAN_POINT('',(30.9789530542956,55.1743960336674,3.44572255878795));
#4321=CARTESIAN_POINT('',(30.8560516007892,54.9150133348356,3.24742480260018));
#4322=CARTESIAN_POINT('',(30.6020593759213,54.8244664089629,3.03182053330424));
#4323=CARTESIAN_POINT('',(30.434809863721,54.6880700824518,3.97966855776429));
#4324=CARTESIAN_POINT('',(30.3994904537626,54.4999491223456,3.61836991052924));
#4325=CARTESIAN_POINT('',(30.1845377292774,54.5334082173941,3.27714707337523));
#4326=CARTESIAN_POINT('',(29.6242018198214,53.8582938174173,4.18097862905106));
#4327=CARTESIAN_POINT('',(29.7135977111512,53.796787502341,3.74699775157912));
#4328=CARTESIAN_POINT('',(29.5581224112732,53.971808905335,3.36964088991311));
#4329=CARTESIAN_POINT('',(28.8092758112889,53.0638351988332,3.88251943356025));
#4330=CARTESIAN_POINT('',(29.0236405168081,53.1255059312875,3.55347763125482));
#4331=CARTESIAN_POINT('',(29.028725994469,53.350936297466,3.23251098928295));
#4332=CARTESIAN_POINT('',(28.4075743553016,52.5654357360932,3.2541105645957));
#4333=CARTESIAN_POINT('',(28.6772767754724,52.7092769188388,3.11245073367171));
#4334=CARTESIAN_POINT('',(28.7914103621519,52.9724060023694,2.94378259002918));
#4335=CARTESIAN_POINT('',(28.3897373841645,52.3524457051539,2.63391803487127));
#4336=CARTESIAN_POINT('',(28.6416375348367,52.5372104878684,2.67070516182746));
#4337=CARTESIAN_POINT('',(28.7668174505216,52.819605162337,2.65882926556127));
#4338=CARTESIAN_POINT('',(28.7293617016732,52.3988106151749,2.05696373627444));
#4339=CARTESIAN_POINT('',(28.8919289372805,52.5867850623617,2.26298644192563));
#4340=CARTESIAN_POINT('',(28.9271858293316,52.875237201174,2.39374215539515));
#4341=CARTESIAN_POINT('',(29.2554556635509,52.683618265812,1.7175351627885));
#4342=CARTESIAN_POINT('',(29.3110849218954,52.8427052695481,2.04172622027875));
#4343=CARTESIAN_POINT('',(29.2108452017608,53.1321194087934,2.23778848649599));
#4344=CARTESIAN_POINT('',(29.7886885096563,53.0887066495883,1.57234527720078));
#4345=CARTESIAN_POINT('',(29.7603292542716,53.2065873227139,1.96354575096568));
#4346=CARTESIAN_POINT('',(29.5523020395206,53.4909327073085,2.17107962014461));
#4347=CARTESIAN_POINT('',(30.2831669040037,53.5536319185099,1.54234130779383));
#4348=CARTESIAN_POINT('',(30.1955324227134,53.6222864048017,1.95012127113635));
#4349=CARTESIAN_POINT('',(29.9274304436265,53.8743299249442,2.1572940125781));
#4350=CARTESIAN_POINT('',(30.7318411057521,54.0659253196619,1.60865825716493));
#4351=CARTESIAN_POINT('',(30.5982757130156,54.0671008759151,1.98134242019578));
#4352=CARTESIAN_POINT('',(30.3101694873052,54.2414307709618,2.18776396228894));
#4353=CARTESIAN_POINT('',(31.1030946333133,54.6050705011493,1.81168973641946));
#4354=CARTESIAN_POINT('',(30.9313966766454,54.5127014338753,2.09961212836659));
#4355=CARTESIAN_POINT('',(30.6423233187642,54.564817280357,2.28104869599966));
#4356=CARTESIAN_POINT('',(31.3159175787596,55.0931181518501,2.24250552056704));
#4357=CARTESIAN_POINT('',(31.1243860685226,54.8926955669708,2.39236327959266));
#4358=CARTESIAN_POINT('',(30.8368250083766,54.8149182936533,2.47899108331035));
#4359=CARTESIAN_POINT('',(31.2796372089647,55.2377187620732,2.65700270971143));
#4360=CARTESIAN_POINT('',(31.0999590382736,54.9926924974816,2.68747662571498));
#4361=CARTESIAN_POINT('',(30.8195136757756,54.8786295455563,2.66943573778206));
#4362=CARTESIAN_POINT('',(31.2234764548874,55.2512650757094,2.85753888274825));
#4363=CARTESIAN_POINT('',(31.0555689562111,54.9965724359648,2.82934474796025));
#4364=CARTESIAN_POINT('',(30.7803860703664,54.8802208981079,2.76157397944771));
#4365=CARTESIAN_POINT('',(12.7734092305519,68.0753810467357,2.85565019634582));
#4366=CARTESIAN_POINT('',(12.9421486737714,68.3311553010987,2.82818177246742));
#4367=CARTESIAN_POINT('',(13.2188865255169,68.4473929557666,2.76070620465231));
#4368=CARTESIAN_POINT('',(12.8294381335506,68.0612239217228,3.05712660294898));
#4369=CARTESIAN_POINT('',(12.9865806581877,68.3268237434355,2.9712235314656));
#4370=CARTESIAN_POINT('',(13.2579165936872,68.4454834666871,2.853276445524));
#4371=CARTESIAN_POINT('',(13.0179389257443,68.1511063981694,3.44675789523949));
#4372=CARTESIAN_POINT('',(13.1416173143197,68.4119035400531,3.2482320263059));
#4373=CARTESIAN_POINT('',(13.3972243019734,68.5024401520822,3.0322962284682));
#4374=CARTESIAN_POINT('',(13.5642929492836,68.6393132956994,3.98403059321467));
#4375=CARTESIAN_POINT('',(13.5999831225063,68.8285133131481,3.6213245631663));
#4376=CARTESIAN_POINT('',(13.8165341559303,68.7942172085253,3.27915125186165));
#4377=CARTESIAN_POINT('',(14.3744361799644,69.4686575811461,4.18686001165088));
#4378=CARTESIAN_POINT('',(14.2854135951246,69.5312696463081,3.75069796653575));
#4379=CARTESIAN_POINT('',(14.4432740054597,69.3550067562079,3.37234314681733));
#4380=CARTESIAN_POINT('',(15.1951296507324,70.2677802959249,3.88928844027857));
#4381=CARTESIAN_POINT('',(14.9803010097319,70.2065151407972,3.55807833905664));
#4382=CARTESIAN_POINT('',(14.9768326413793,69.9797683313495,3.23562107348357));
#4383=CARTESIAN_POINT('',(15.6005034755628,70.7678767823797,3.26218359701404));
#4384=CARTESIAN_POINT('',(15.3295747600326,70.6241794285625,3.11826879876383));
#4385=CARTESIAN_POINT('',(15.215958387614,70.3598738536143,2.94749182117261));
#4386=CARTESIAN_POINT('',(15.6214242021275,70.9838540998616,2.63875233574663));
#4387=CARTESIAN_POINT('',(15.3677933649719,70.7987067666949,2.67440704769122));
#4388=CARTESIAN_POINT('',(15.2421583803198,70.5150197974809,2.66105043086048));
#4389=CARTESIAN_POINT('',(15.2845706531252,70.9403799451437,2.06038313182814));
#4390=CARTESIAN_POINT('',(15.1199776555604,70.75163081368,2.26561599448243));
#4391=CARTESIAN_POINT('',(15.0834679810859,70.461850928518,2.39531322906012));
#4392=CARTESIAN_POINT('',(14.7558613025583,70.6562395254644,1.71631907192865));
#4393=CARTESIAN_POINT('',(14.6991715282558,70.4962696891159,2.04118238004974));
#4394=CARTESIAN_POINT('',(14.7991821702176,70.205395835937,2.23722974207942));
#4395=CARTESIAN_POINT('',(14.2197195872373,70.2501398201011,1.56986534319262));
#4396=CARTESIAN_POINT('',(14.247694695104,70.1314266327176,1.9625789704898));
#4397=CARTESIAN_POINT('',(14.4565560620131,69.8451920923635,2.16994019103906));
#4398=CARTESIAN_POINT('',(13.7223096098482,69.7835621337794,1.53900796826622));
#4399=CARTESIAN_POINT('',(13.8099199292761,69.7140553032315,1.94888733761371));
#4400=CARTESIAN_POINT('',(14.0794559125617,69.4596824823899,2.15576247823524));
#4401=CARTESIAN_POINT('',(13.2709847883879,69.2693494066555,1.60451513753912));
#4402=CARTESIAN_POINT('',(13.4047013624366,69.2673602046942,1.97941823889343));
#4403=CARTESIAN_POINT('',(13.6942953635376,69.0906705760522,2.18586036682125));
#4404=CARTESIAN_POINT('',(12.8970125090547,68.7275779845269,1.80677223087758));
#4405=CARTESIAN_POINT('',(13.0691271879352,68.8195073395932,2.09672003930936));
#4406=CARTESIAN_POINT('',(13.3595682577698,68.7656255270539,2.27878930159895));
#4407=CARTESIAN_POINT('',(12.681765507752,68.2360491482468,2.23789945562051));
#4408=CARTESIAN_POINT('',(12.8740452588458,68.4368343400937,2.38938441529996));
#4409=CARTESIAN_POINT('',(13.1630438929513,68.5138970865595,2.47687478323805));
#4410=CARTESIAN_POINT('',(12.7173803275531,68.0895381717486,2.65417378974265));
#4411=CARTESIAN_POINT('',(12.8978874763624,68.3354702091844,2.68568983527588));
#4412=CARTESIAN_POINT('',(13.1798564573465,68.4493024448462,2.66813596378062));
#4413=CARTESIAN_POINT('',(12.7734092305519,68.0753810467357,2.85565019634582));
#4414=CARTESIAN_POINT('',(12.9421486737714,68.3311553010987,2.82818177246742));
#4415=CARTESIAN_POINT('',(13.2188865255169,68.4473929557666,2.76070620465231));
#4416=CARTESIAN_POINT('',(36.1020912490854,21.16512,9.99999999995548));
#4417=CARTESIAN_POINT('',(33.4010511396895,68.5762240064999,9.9999999999668));
#4418=CARTESIAN_POINT('',(33.3355307009663,68.6092883423246,9.99999999996708));
#4419=CARTESIAN_POINT('',(33.1789251425514,68.6372262566172,9.99999999996775));
#4420=CARTESIAN_POINT('',(33.0624364403556,68.5130370149987,9.99999999996823));
#4421=CARTESIAN_POINT('',(33.0624364403573,68.4392161899532,9.99999999996823));
#4422=CARTESIAN_POINT('',(33.0624364403572,54.7328749403496,9.99999999996823));
#4423=CARTESIAN_POINT('',(33.0624364403572,54.6959966732434,9.99999999996823));
#4424=CARTESIAN_POINT('',(33.0753300386699,54.6605450478786,9.99999999996818));
#4425=CARTESIAN_POINT('',(33.096839975575,54.6306737325048,9.99999999996809));
#4426=CARTESIAN_POINT('',(36.1020912490854,21.16512,9.99999999995548));
#4427=CARTESIAN_POINT('',(10.9375635593033,68.4399003770829,10.0000000000611));
#4428=CARTESIAN_POINT('',(10.9375635593033,68.5134861053297,10.0000000000611));
#4429=CARTESIAN_POINT('',(10.8215565724241,68.6379190181746,10.0000000000616));
#4430=CARTESIAN_POINT('',(10.6643699276208,68.6099223826752,10.0000000000623));
#4431=CARTESIAN_POINT('',(10.5989488599239,68.5769081935777,10.0000000000626));
#4432=CARTESIAN_POINT('',(10.5989488599214,54.7533318063877,10.0000000000657));
#4433=CARTESIAN_POINT('',(10.6644692986442,54.7202674705414,10.0000000000654));
#4434=CARTESIAN_POINT('',(10.821074857077,54.6923295561999,10.0000000000601));
#4435=CARTESIAN_POINT('',(10.9375635593048,54.8165187978264,10.0000000000611));
#4436=CARTESIAN_POINT('',(10.9375635593032,54.8903396228813,10.0000000000611));
#4437=CARTESIAN_POINT('',(34.5000000000193,51.8519894277186,4.595014146644));
#4438=CARTESIAN_POINT('',(12.3960162067943,52.1157098225861,4.79082787445335));
#4439=CARTESIAN_POINT('',(16.5075724775009,52.1157098225861,4.79082787443609));
#4440=CARTESIAN_POINT('',(29.38139958264,52.1157098225861,4.79082787438202));
#4441=CARTESIAN_POINT('',(27.59760893392,52.1157098225861,4.79082787438951));
#4442=CARTESIAN_POINT('',(22.0000000000436,59.6628239281568,10.394598289122));
#4443=CARTESIAN_POINT('',(27.4892931957164,52.0333212900877,4.72965397209197));
#4444=CARTESIAN_POINT('',(27.4892931957165,52.0333212900877,4.72965397209197));
#4445=CARTESIAN_POINT('',(27.2959280326452,51.949546902934,4.66745106570033));
#4446=CARTESIAN_POINT('',(27.1003833848043,51.8695891029443,4.60808199459089));
#4447=CARTESIAN_POINT('',(26.902638571387,51.7934841051453,4.5515736486052));
#4448=CARTESIAN_POINT('',(26.9026385713869,51.7934841051452,4.55157364860557));
#4449=CARTESIAN_POINT('',(26.9026385713868,51.7934841051451,4.55157364860552));
#4450=CARTESIAN_POINT('',(26.6140916567338,51.8001263005071,4.55650551227508));
#4451=CARTESIAN_POINT('',(26.3504173705906,51.9378125972487,4.65873828435289));
#4452=CARTESIAN_POINT('',(26.1623258812353,52.1157098225861,4.79082787439558));
#4453=CARTESIAN_POINT('',(25.9160858013195,52.1157098225861,4.7908278743966));
#4454=CARTESIAN_POINT('',(25.9758433322205,51.9873932183184,4.69555214639581));
#4455=CARTESIAN_POINT('',(26.0167417863152,51.8534519307424,4.59610006257562));
#4456=CARTESIAN_POINT('',(26.0340427758394,51.718629866946,4.49599399795482));
#4457=CARTESIAN_POINT('',(26.0340427758395,51.718629866946,4.4959939979548));
#4458=CARTESIAN_POINT('',(26.0340427758395,51.718629866946,4.4959939979548));
#4459=CARTESIAN_POINT('',(25.266128576482,51.476554013775,4.31625145198092));
#4460=CARTESIAN_POINT('',(23.6887623981871,51.1099905277213,4.04407620863929));
#4461=CARTESIAN_POINT('',(21.2173586907231,50.985409461981,3.9515741369091));
#4462=CARTESIAN_POINT('',(18.7684337877235,51.3351074058392,4.21122662984123));
#4463=CARTESIAN_POINT('',(17.2449671257922,51.8189343261893,4.57047056655934));
#4464=CARTESIAN_POINT('',(16.5075724775009,52.1157098225861,4.79082787443613));
#4465=CARTESIAN_POINT('',(34.5000000000404,48.5388588554372,9.60810274287344));
#4466=CARTESIAN_POINT('',(30.1970172814456,53.9365189778992,6.98793763313535));
#4467=CARTESIAN_POINT('',(29.7688462376719,53.7912466549279,6.68866999474297));
#4468=CARTESIAN_POINT('',(29.3296823536428,53.6288802951333,6.41717973003076));
#4469=CARTESIAN_POINT('',(28.8784791301889,53.4567247076584,6.17086614068938));
#4470=CARTESIAN_POINT('',(28.8784791302002,53.4567247076623,6.17086614069487));
#4471=CARTESIAN_POINT('',(28.8784791302002,53.4567247076623,6.17086614069487));
#4472=CARTESIAN_POINT('',(28.6239546137611,53.0317512693324,5.56283049976096));
#4473=CARTESIAN_POINT('',(28.1697370566753,52.543286936207,5.1083060449566));
#4474=CARTESIAN_POINT('',(27.59760893392,52.1157098225861,4.79082787438951));
#4475=CARTESIAN_POINT('',(34.5000000000404,48.5388588554372,9.60810274287344));
#4476=CARTESIAN_POINT('',(16.2868363252456,52.2040093895161,4.85766365139828));
#4477=CARTESIAN_POINT('',(15.7676784508939,52.609676194614,5.17065154130036));
#4478=CARTESIAN_POINT('',(15.3583361501459,53.0613199533118,5.60513623500748));
#4479=CARTESIAN_POINT('',(15.1215208699726,53.4567247074597,6.17086614046258));
#4480=CARTESIAN_POINT('',(16.2868363252457,52.2040093895161,4.85766365139838));
#4481=CARTESIAN_POINT('',(15.1215208699726,53.4567247074597,6.17086614046262));
#4482=CARTESIAN_POINT('',(15.1215208699653,53.4567247074578,6.17086614046007));
#4483=CARTESIAN_POINT('',(14.7258260307805,53.6077011942415,6.38687748756328));
#4484=CARTESIAN_POINT('',(14.3393931118002,53.7511378005365,6.62228699827901));
#4485=CARTESIAN_POINT('',(13.9614802766361,53.8821484945745,6.87877025455015));
#4486=CARTESIAN_POINT('',(13.9614802766361,53.8821484945745,6.87877025455016));
#4487=CARTESIAN_POINT('',(13.9614802766361,53.8821484945745,6.87877025455016));
#4488=CARTESIAN_POINT('',(13.9320029816981,53.8670298585735,6.84917208303946));
#4489=CARTESIAN_POINT('',(13.9523508856184,53.8215024325045,6.76205137020639));
#4490=CARTESIAN_POINT('',(13.9859308186047,53.784816182297,6.69581299935571));
#4491=CARTESIAN_POINT('',(14.0059106280564,53.7658007596382,6.66207519215352));
#4492=CARTESIAN_POINT('',(16.5075724775009,52.1157098225861,4.79082787443609));
#4493=CARTESIAN_POINT('',(16.4335006684862,52.1445594740609,4.81224888664684));
#4494=CARTESIAN_POINT('',(16.3599193234067,52.1739994648104,4.83450981457516));
#4495=CARTESIAN_POINT('',(16.2868363252456,52.2040093895161,4.85766365139832));
#4496=CARTESIAN_POINT('',(27.5976089339199,52.1157098225862,4.79082787438957));
#4497=CARTESIAN_POINT('',(27.2656334190359,52.3928151100859,4.99657995261967));
#4498=CARTESIAN_POINT('',(27.499000759019,52.4010614433588,4.57848823641905));
#4499=CARTESIAN_POINT('',(28.1738772515905,52.5463810869131,5.11060346751348));
#4500=CARTESIAN_POINT('',(27.7992400715464,52.7998221008616,5.33900764567553));
#4501=CARTESIAN_POINT('',(28.0643213280741,52.8395900040466,4.90892300881592));
#4502=CARTESIAN_POINT('',(28.6256882908594,53.034645953131,5.56697210194105));
#4503=CARTESIAN_POINT('',(28.1559458899005,53.1973798984286,5.76423914370094));
#4504=CARTESIAN_POINT('',(28.5067389731619,53.3369749089983,5.38050394348139));
#4505=CARTESIAN_POINT('',(28.8784791302004,53.456724707663,6.17086614069595));
#4506=CARTESIAN_POINT('',(28.3762818909928,53.5522499330437,6.30753995699139));
#4507=CARTESIAN_POINT('',(28.7529325148684,53.7674818890651,6.00452777826927));
#4508=CARTESIAN_POINT('',(28.8784791301943,53.6206535693938,6.05629158727482));
#4509=CARTESIAN_POINT('',(27.5976089339193,52.2349381881577,4.63025204543909));
#4510=CARTESIAN_POINT('',(27.4886397638296,52.0328318261488,4.72929054264043));
#4511=CARTESIAN_POINT('',(27.1596258987506,52.315993165761,4.93953927021003));
#4512=CARTESIAN_POINT('',(27.3920963644908,52.3193918388167,4.51695090466991));
#4513=CARTESIAN_POINT('',(27.5251605174467,52.0601857936486,4.74960100193058));
#4514=CARTESIAN_POINT('',(27.1950536948793,52.3412756919437,4.95831167384054));
#4515=CARTESIAN_POINT('',(27.4279268912125,52.3463475741117,4.53726136396026));
#4516=CARTESIAN_POINT('',(27.5614848736223,52.0878127807979,4.77011417969206));
#4517=CARTESIAN_POINT('',(27.2303906833381,52.3668818619666,4.97732438465972));
#4518=CARTESIAN_POINT('',(27.4635629714362,52.3735717623568,4.55777454172153));
#4519=CARTESIAN_POINT('',(27.59760893392,52.1157098225861,4.79082787438949));
#4520=CARTESIAN_POINT('',(27.2656334190361,52.3928151100858,4.99657995261958));
#4521=CARTESIAN_POINT('',(27.4990007590191,52.4010614433587,4.57848823641897));
#4522=CARTESIAN_POINT('',(27.4892931957164,52.0333212900877,4.72965397209197));
#4523=CARTESIAN_POINT('',(27.4435639416199,52.0844446612145,4.76761333385788));
#4524=CARTESIAN_POINT('',(27.3530348898823,52.2470238055148,4.75996721826717));
#4525=CARTESIAN_POINT('',(27.3732443113671,52.3331751646223,4.59677511232885));
#4526=CARTESIAN_POINT('',(27.4059771163698,52.3298552715539,4.5248348568729));
#4527=CARTESIAN_POINT('',(26.1623258812354,52.1157098225863,4.79082787439569));
#4528=CARTESIAN_POINT('',(26.3577389869116,52.2488944229426,4.88971811412513));
#4529=CARTESIAN_POINT('',(26.3102208799805,52.3647290864667,4.66604858245891));
#4530=CARTESIAN_POINT('',(26.3515459165123,51.9367452110933,4.65794574473109));
#4531=CARTESIAN_POINT('',(26.5674068333992,52.1106315332002,4.78705721882546));
#4532=CARTESIAN_POINT('',(26.4671823227031,52.2253407441959,4.52294886821726));
#4533=CARTESIAN_POINT('',(26.6174022820741,51.7983611454078,4.55519487568144));
#4534=CARTESIAN_POINT('',(26.8169966434547,52.0948430473074,4.77533418815451));
#4535=CARTESIAN_POINT('',(26.6830498722266,52.117741471061,4.4040346780011));
#4536=CARTESIAN_POINT('',(26.9078337860285,51.7933797450524,4.55149616070854));
#4537=CARTESIAN_POINT('',(26.9171412023105,52.1431907860752,4.81123262884734));
#4538=CARTESIAN_POINT('',(26.911072310909,52.1120679506565,4.37659259045565));
#4539=CARTESIAN_POINT('',(26.8716773753506,52.1141156281906,4.38231039265333));
#4540=CARTESIAN_POINT('',(26.8627418824687,52.1186785996466,4.45860437005592));
#4541=CARTESIAN_POINT('',(26.8591908011943,52.0289391507662,4.61244477434204));
#4542=CARTESIAN_POINT('',(26.8868995989194,51.8531103037801,4.59584640282361));
#4543=CARTESIAN_POINT('',(26.9026385713868,51.7934841051452,4.55157364860558));
#4544=CARTESIAN_POINT('',(26.1623258812347,52.2349381881579,4.63025204544526));
#4545=CARTESIAN_POINT('',(26.0859944462138,52.1918430793258,4.84830166933219));
#4546=CARTESIAN_POINT('',(26.2828557964624,52.302152850264,4.93296063863469));
#4547=CARTESIAN_POINT('',(26.2465505037549,52.426031781918,4.72942756052898));
#4548=CARTESIAN_POINT('',(26.1101094045902,52.1656330380743,4.82818636078891));
#4549=CARTESIAN_POINT('',(26.3073118284183,52.2829444947992,4.91724178296564));
#4550=CARTESIAN_POINT('',(26.2667883845321,52.404915916168,4.70742443794706));
#4551=CARTESIAN_POINT('',(26.1355357650678,52.1402306023106,4.80903467742577));
#4552=CARTESIAN_POINT('',(26.3323210494929,52.2651849776216,4.90285236640134));
#4553=CARTESIAN_POINT('',(26.2879979915305,52.3844639435864,4.68630890053365));
#4554=CARTESIAN_POINT('',(26.1623258812354,52.1157098225861,4.79082787439557));
#4555=CARTESIAN_POINT('',(26.3577389869114,52.2488944229425,4.88971811412505));
#4556=CARTESIAN_POINT('',(26.3102208799805,52.3647290864666,4.66604858245897));
#4557=CARTESIAN_POINT('',(26.0859944462131,52.3136092201221,4.6896416335463));
#4558=CARTESIAN_POINT('',(26.2465505037549,52.426031781918,4.72942756052896));
#4559=CARTESIAN_POINT('',(26.2828557964624,52.3021528502639,4.93296063863461));
#4560=CARTESIAN_POINT('',(26.0859944462138,52.1918430793258,4.84830166933216));
#4561=CARTESIAN_POINT('',(26.1986834252669,52.4801389932197,4.76970507128357));
#4562=CARTESIAN_POINT('',(26.2374173148772,52.3543560504135,4.97496157559927));
#4563=CARTESIAN_POINT('',(26.037936887481,52.2440758233387,4.88838851054692));
#4564=CARTESIAN_POINT('',(26.1514070521567,52.5336985385215,4.81095651370154));
#4565=CARTESIAN_POINT('',(26.1929930612239,52.4055856066877,5.01762093919807));
#4566=CARTESIAN_POINT('',(25.9904753406362,52.2957821641823,4.92943685132262));
#4567=CARTESIAN_POINT('',(26.1047655315532,52.5867156957541,4.85321300145451));
#4568=CARTESIAN_POINT('',(26.1496190675904,52.4558460114166,5.06089892997095));
#4569=CARTESIAN_POINT('',(25.9436548416265,52.3469678109956,4.97147614778691));
#4570=CARTESIAN_POINT('',(25.9436548416168,52.473904776191,4.81692192795793));
#4571=CARTESIAN_POINT('',(16.3969078880298,52.4834786291296,4.64169214680419));
#4572=CARTESIAN_POINT('',(16.6406925409074,52.4656678016054,5.05888862331226));
#4573=CARTESIAN_POINT('',(16.2962749505269,52.1966477541431,4.85199294895817));
#4574=CARTESIAN_POINT('',(15.8787775159735,52.9022576982867,4.96851516846261));
#4575=CARTESIAN_POINT('',(16.1554653330011,52.8504917063485,5.39345387724747));
#4576=CARTESIAN_POINT('',(15.7680195284118,52.6078973121173,5.16827329842922));
#4577=CARTESIAN_POINT('',(15.4761607586254,53.3668773347457,5.42384778097602));
#4578=CARTESIAN_POINT('',(15.8288200727192,53.2219156199383,5.80180297034877));
#4579=CARTESIAN_POINT('',(15.3567532013487,53.063962963856,5.60891775278055));
#4580=CARTESIAN_POINT('',(15.2470674853002,53.7674818888577,6.00452777802528));
#4581=CARTESIAN_POINT('',(15.6237181091664,53.5522499328719,6.30753995678183));
#4582=CARTESIAN_POINT('',(15.1215208699728,53.4567247074597,6.17086614046271));
#4583=CARTESIAN_POINT('',(15.1215208699761,53.6206535691875,6.05629158703742));
#4584=CARTESIAN_POINT('',(16.372652851853,52.5031788970016,4.65713139422785));
#4585=CARTESIAN_POINT('',(16.4067235707903,52.5048952830178,4.72913816670935));
#4586=CARTESIAN_POINT('',(16.4276404364048,52.4152760019849,4.89056594719002));
#4587=CARTESIAN_POINT('',(16.3339948688158,52.2537441262784,4.89603595625038));
#4588=CARTESIAN_POINT('',(16.2868363252526,52.2040093895123,4.85766365139545));
#4589=CARTESIAN_POINT('',(16.2855218229672,52.2045492444543,4.85808021964882));
#4590=CARTESIAN_POINT('',(16.5321180937246,52.5686754962661,5.13908396123163));
#4591=CARTESIAN_POINT('',(16.3486786107842,52.5108919769214,4.65393267370971));
#4592=CARTESIAN_POINT('',(16.3589845761952,52.1743740477029,4.83479339770696));
#4593=CARTESIAN_POINT('',(16.6015439641266,52.5423266419467,5.11505699365261));
#4594=CARTESIAN_POINT('',(16.4210201179886,52.479871662482,4.62896995888103));
#4595=CARTESIAN_POINT('',(16.4330037659385,52.1447530086416,4.8123925870524));
#4596=CARTESIAN_POINT('',(16.6714945028769,52.516461652893,5.09189684270956));
#4597=CARTESIAN_POINT('',(16.4939200948213,52.4494080937404,4.60493028589974));
#4598=CARTESIAN_POINT('',(16.5075724775009,52.1157098225861,4.79082787443609));
#4599=CARTESIAN_POINT('',(16.7419516542662,52.4911072739577,5.06956238173511));
#4600=CARTESIAN_POINT('',(16.567372662038,52.4195262790056,4.58176313287251));
#4601=CARTESIAN_POINT('',(16.5075724775001,52.2349381881577,4.63025204548565));
#4602=CARTESIAN_POINT('',(16.567372662038,52.4195262790055,4.5817631328725));
#4603=CARTESIAN_POINT('',(16.3690750633676,52.5021669821607,4.64692400237853));
#4604=CARTESIAN_POINT('',(16.4346952868636,52.4741643959534,4.62447002416369));
#4605=CARTESIAN_POINT('',(16.5007959673852,52.4466108662325,4.60276161616711));
#4606=CARTESIAN_POINT('',(16.567372662038,52.4195262790055,4.58176313287253));
#4607=CARTESIAN_POINT('',(26.0343515866547,51.7162028726088,4.4941919423779));
#4608=CARTESIAN_POINT('',(25.7619838208538,51.6940535865493,4.47774598539596));
#4609=CARTESIAN_POINT('',(25.8447881264285,51.8562630965041,4.27335229155997));
#4610=CARTESIAN_POINT('',(26.0172382836109,51.8518559167883,4.59491501413828));
#4611=CARTESIAN_POINT('',(25.7788228053866,51.8027756393087,4.5584726597485));
#4612=CARTESIAN_POINT('',(25.8226282256759,51.9637186184695,4.38020256217115));
#4613=CARTESIAN_POINT('',(25.9762018745525,51.9866233179877,4.69498049150426));
#4614=CARTESIAN_POINT('',(25.7709804094893,51.9306249783537,4.6534014409532));
#4615=CARTESIAN_POINT('',(25.7825509530081,52.071164560375,4.48873380195134));
#4616=CARTESIAN_POINT('',(25.9160858013196,52.1157098225861,4.79082787439658));
#4617=CARTESIAN_POINT('',(25.7351396638826,52.0613898605699,4.7504950277203));
#4618=CARTESIAN_POINT('',(25.7288652029413,52.1746002905383,4.59408872626768));
#4619=CARTESIAN_POINT('',(25.8170285991837,51.9626454303355,4.37966408276498));
#4620=CARTESIAN_POINT('',(25.7876165285257,51.8983147713082,4.49381096915707));
#4621=CARTESIAN_POINT('',(25.9216110990407,51.7735751881151,4.53679117696796));
#4622=CARTESIAN_POINT('',(26.0340427758393,51.7186298669459,4.49599399795472));
#4623=CARTESIAN_POINT('',(25.9160858013189,52.2349381881577,4.63025204544616));
#4624=CARTESIAN_POINT('',(25.9160858013196,52.1157098225861,4.7908278743966));
#4625=CARTESIAN_POINT('',(25.7351396638826,52.0613898605699,4.75049502772032));
#4626=CARTESIAN_POINT('',(25.7288652029413,52.1746002905383,4.5940887262677));
#4627=CARTESIAN_POINT('',(25.8849482991963,52.1804141580154,4.83887117088205));
#4628=CARTESIAN_POINT('',(25.7189281156615,52.1221901633241,4.79454169298572));
#4629=CARTESIAN_POINT('',(25.7010583379717,52.2281754629193,4.648657960436));
#4630=CARTESIAN_POINT('',(25.8490401930217,52.2419520682455,4.8865779637767));
#4631=CARTESIAN_POINT('',(25.6962156430241,52.1835365984506,4.84077143809626));
#4632=CARTESIAN_POINT('',(25.669832717623,52.2793777639487,4.70304710545436));
#4633=CARTESIAN_POINT('',(25.8088852903114,52.3007450899332,4.93389564879123));
#4634=CARTESIAN_POINT('',(25.6673508216351,52.2439712898492,4.88820306976923));
#4635=CARTESIAN_POINT('',(25.635603633684,52.3285054692576,4.75709559269001));
#4636=CARTESIAN_POINT('',(25.8088852903107,52.4261412977497,4.77808874565393));
#4637=CARTESIAN_POINT('',(16.5075724775007,52.1157098225862,4.79082787443615));
#4638=CARTESIAN_POINT('',(16.741951654266,52.4911072739577,5.06956238173512));
#4639=CARTESIAN_POINT('',(16.5673726620379,52.4195262790056,4.58176313287257));
#4640=CARTESIAN_POINT('',(17.2482325350589,51.8176201127835,4.56949475645505));
#4641=CARTESIAN_POINT('',(17.5358243359963,52.2162380362981,4.86547058184301));
#4642=CARTESIAN_POINT('',(17.2969465203733,52.1227226163984,4.35165341348344));
#4643=CARTESIAN_POINT('',(18.7827442304675,51.3307050391681,4.20795785031024));
#4644=CARTESIAN_POINT('',(19.1355176944126,51.8258200552962,4.57558325524609));
#4645=CARTESIAN_POINT('',(18.811792529931,51.6348264693129,3.97458675825863));
#4646=CARTESIAN_POINT('',(21.2486738283361,50.9831686811202,3.94991034578056));
#4647=CARTESIAN_POINT('',(21.3342003216828,51.6227258451772,4.42478477650925));
#4648=CARTESIAN_POINT('',(21.2537836826479,51.2844361844915,3.70570141178537));
#4649=CARTESIAN_POINT('',(23.7322467740872,51.1151686094209,4.04792096050424));
#4650=CARTESIAN_POINT('',(23.4774183776131,51.6946137559198,4.47816191397412));
#4651=CARTESIAN_POINT('',(23.7147596346684,51.4175901282726,3.80761249582485));
#4652=CARTESIAN_POINT('',(25.3228048464609,51.4913562039932,4.32724215312256));
#4653=CARTESIAN_POINT('',(25.0617630471277,51.9632020397526,4.67759007394081));
#4654=CARTESIAN_POINT('',(25.2878350108923,51.7959027524364,4.09891855899251));
#4655=CARTESIAN_POINT('',(26.0889358746481,51.7360480764237,4.50892710663472));
#4656=CARTESIAN_POINT('',(25.8706249101852,52.1766632122899,4.83608607469967));
#4657=CARTESIAN_POINT('',(26.0440198931786,52.0406279281085,4.28812353321089));
#4658=CARTESIAN_POINT('',(16.5673726620372,52.4195262790058,4.58176313287097));
#4659=CARTESIAN_POINT('',(17.2786841114375,52.1301520903753,4.3574134311415));
#4660=CARTESIAN_POINT('',(18.7535483837294,51.6516404210124,3.98754955062529));
#4661=CARTESIAN_POINT('',(21.1490199788327,51.2925470425373,3.71191023325716));
#4662=CARTESIAN_POINT('',(23.5630920747384,51.3987916285578,3.79321591767427));
#4663=CARTESIAN_POINT('',(25.1071247096521,51.7496882107852,4.0632791997945));
#4664=CARTESIAN_POINT('',(25.8540905509263,51.9805461046478,4.24168263456182));
#4665=CARTESIAN_POINT('',(14.9443510576774,53.1659184236543,5.09428745143449));
#4666=CARTESIAN_POINT('',(13.7250033011257,52.9307124946173,-0.131497387454954));
#4667=CARTESIAN_POINT('',(15.1363916258065,53.0726614221395,5.0349479452589));
#4668=CARTESIAN_POINT('',(13.9443741934577,52.7506243141283,-0.125208569616831));
#4669=CARTESIAN_POINT('',(15.3284321939357,52.9794044206246,4.9756084390833));
#4670=CARTESIAN_POINT('',(14.1637450857897,52.5705361336393,-0.118919751778709));
#4671=CARTESIAN_POINT('',(15.5204727620647,52.8861474191098,4.91626893290771));
#4672=CARTESIAN_POINT('',(14.3831159781217,52.3904479531504,-0.112630933940587));
#4673=CARTESIAN_POINT('',(15.7569971169025,52.7712886039527,4.84318417508124));
#4674=CARTESIAN_POINT('',(14.6533013836561,52.168644606498,-0.104885390400776));
#4675=CARTESIAN_POINT('',(15.9980547902093,52.6628786708863,4.77422064947922));
#4676=CARTESIAN_POINT('',(14.9331926193322,51.9586508538052,-0.0975522469694587));
#4677=CARTESIAN_POINT('',(16.48820064199,52.459433726602,4.64482085509746));
#4678=CARTESIAN_POINT('',(15.5102512598546,51.5638846783206,-0.083766708354645));
#4679=CARTESIAN_POINT('',(16.7372886305264,52.3643988017986,4.58438463256111));
#4680=CARTESIAN_POINT('',(15.8074179827646,51.3791127385446,-0.0773143300384323));
#4681=CARTESIAN_POINT('',(17.2424228134735,52.1881225202134,4.47228916130802));
#4682=CARTESIAN_POINT('',(16.4167581683393,51.0362013897787,-0.0653396018746319));
#4683=CARTESIAN_POINT('',(17.4984688471607,52.1068812229303,4.42062994440355));
#4684=CARTESIAN_POINT('',(16.7289310382747,50.8780623143521,-0.0598172636753348));
#4685=CARTESIAN_POINT('',(18.0164160440298,51.9585500750486,4.32630191925392));
#4686=CARTESIAN_POINT('',(17.3658997354842,50.5896243262581,-0.0497447871831147));
#4687=CARTESIAN_POINT('',(18.2783170420929,51.8914602745134,4.2836331377788));
#4688=CARTESIAN_POINT('',(17.6906949431538,50.4593256941656,-0.0451946586880875));
#4689=CARTESIAN_POINT('',(18.8068451361235,51.7717276222955,4.20746227598158));
#4690=CARTESIAN_POINT('',(18.3504281421986,50.2275636321236,-0.0371013491453562));
#4691=CARTESIAN_POINT('',(19.0734720633437,51.719084810996,4.17396021727763));
#4692=CARTESIAN_POINT('',(18.6853654918253,50.1261004276182,-0.033558175970334));
#4693=CARTESIAN_POINT('',(19.6103020399163,51.6284779053076,4.11626122493711));
#4694=CARTESIAN_POINT('',(19.3628253489945,49.9527840692418,-0.0275058353731694));
#4695=CARTESIAN_POINT('',(19.8805049176778,51.5905138414242,4.09206430767822));
#4696=CARTESIAN_POINT('',(19.705347197545,49.8809310839626,-0.0249966738383777));
#4697=CARTESIAN_POINT('',(20.4233209835524,51.5294314004571,4.05307558329824));
#4698=CARTESIAN_POINT('',(20.3953605051149,49.7673839047528,-0.0210315189696523));
#4699=CARTESIAN_POINT('',(20.6959339980303,51.5063130438521,4.03828378724724));
#4700=CARTESIAN_POINT('',(20.7428512929311,49.7256898212741,-0.0195755294927812));
#4701=CARTESIAN_POINT('',(21.24239387109,51.4750234238547,4.01816643955056));
#4702=CARTESIAN_POINT('',(21.4401489827285,49.6727788883172,-0.0177278390023294));
#4703=CARTESIAN_POINT('',(21.5162405548016,51.466852170815,4.01284089362198));
#4704=CARTESIAN_POINT('',(21.7899552064206,49.6615620903076,-0.0173361397860701));
#4705=CARTESIAN_POINT('',(22.0639858763811,51.4654921380645,4.01167807766946));
#4706=CARTESIAN_POINT('',(22.4892125853933,49.6696914411922,-0.0176200229773658));
#4707=CARTESIAN_POINT('',(22.337884338959,51.4723033585306,4.0158408079862));
#4708=CARTESIAN_POINT('',(22.8386630604786,49.6890375821786,-0.0182956051087758));
#4709=CARTESIAN_POINT('',(22.8845511602308,51.5008774685176,4.03363738231746));
#4710=CARTESIAN_POINT('',(23.5345404710286,49.7581451396904,-0.0207088941977023));
#4711=CARTESIAN_POINT('',(23.1573193440325,51.5226403480397,4.04727122129479));
#4712=CARTESIAN_POINT('',(23.8809667295859,49.807906488992,-0.0224465988077167));
#4713=CARTESIAN_POINT('',(23.7005486375628,51.5810209348507,4.08395372749721));
#4714=CARTESIAN_POINT('',(24.5681503241739,49.9374645351464,-0.0269708654761648));
#4715=CARTESIAN_POINT('',(23.9710095736119,51.6176386220159,4.1070023843278));
#4716=CARTESIAN_POINT('',(24.9089069917541,50.0172611059731,-0.029757423133666));
#4717=CARTESIAN_POINT('',(24.5084577210745,51.7055663978961,4.16241934912088));
#4718=CARTESIAN_POINT('',(25.5821493104142,50.2062803117674,-0.0363581192515505));
#4719=CARTESIAN_POINT('',(24.7754447608303,51.7568764564623,4.19478764137407));
#4720=CARTESIAN_POINT('',(25.9146343066048,50.3155027628687,-0.0401722512911767));
#4721=CARTESIAN_POINT('',(25.3047939679965,51.8739617185333,4.26871019997555));
#4722=CARTESIAN_POINT('',(26.568794347511,50.562539742979,-0.0487989727322947));
#4723=CARTESIAN_POINT('',(25.56715596657,51.9397368820136,4.31026444536402));
#4724=CARTESIAN_POINT('',(26.8904687558992,50.7003540316855,-0.0536115537422344));
#4725=CARTESIAN_POINT('',(26.086124557058,52.0854613201395,4.40238728358849));
#4726=CARTESIAN_POINT('',(27.5205512329983,51.0035223664222,-0.0641984252794171));
#4727=CARTESIAN_POINT('',(26.342730983741,52.1654105450832,4.45295585029992));
#4728=CARTESIAN_POINT('',(27.8289586888029,51.1688761175486,-0.0699727055083928));
#4729=CARTESIAN_POINT('',(26.8237506919042,52.3304384706535,4.55739802962406));
#4730=CARTESIAN_POINT('',(28.4000744497384,51.5080008063729,-0.0818152005981859));
#4731=CARTESIAN_POINT('',(27.0488159436765,52.4142034149426,4.61043462066746));
#4732=CARTESIAN_POINT('',(28.6642671608042,51.6792737144743,-0.0877961823432856));
#4733=CARTESIAN_POINT('',(27.2707115913019,52.5034140015229,4.66694757510543));
#4734=CARTESIAN_POINT('',(28.9213192077128,51.860654157692,-0.0941301269922808));
#4735=CARTESIAN_POINT('',(26.8990752045038,51.7921132004741,4.55055574494998));
#4736=CARTESIAN_POINT('',(26.674627972852,52.1683222989767,4.8298929043529));
#4737=CARTESIAN_POINT('',(26.8411419561088,52.0969005721147,4.34295232838131));
#4738=CARTESIAN_POINT('',(27.0994302756635,51.8691655086346,4.60776747367281));
#4739=CARTESIAN_POINT('',(26.8685544735021,52.2330804489164,4.87797615838491));
#4740=CARTESIAN_POINT('',(27.0385976258646,52.1735942944935,4.4023209389121));
#4741=CARTESIAN_POINT('',(27.2973155633413,51.9500907711415,4.66785489059655));
#4742=CARTESIAN_POINT('',(27.0641778067569,52.3029593966062,4.92986163064632));
#4743=CARTESIAN_POINT('',(27.2335173946997,52.254050890562,4.46463334092439));
#4744=CARTESIAN_POINT('',(27.4927699132595,52.0348280726363,4.73077276575922));
#4745=CARTESIAN_POINT('',(27.2615815759692,52.3785735449876,4.98600551846635));
#4746=CARTESIAN_POINT('',(27.4259410682284,52.3381852183567,4.52981751392023));
#4747=CARTESIAN_POINT('',(26.8802143916802,52.1121388275896,4.35474866056866));
#4748=CARTESIAN_POINT('',(27.057994401884,52.181680945107,4.40834395593321));
#4749=CARTESIAN_POINT('',(27.2335200278496,52.254277887779,4.46452025793675));
#4750=CARTESIAN_POINT('',(27.4066431847229,52.3297635159489,4.52329276374617));
#4751=CARTESIAN_POINT('',(26.859865587778,52.1178677831442,4.40303787048218));
#4752=CARTESIAN_POINT('',(27.3916988638274,51.8881201219912,2.82277144963891));
#4753=CARTESIAN_POINT('',(27.0537203881286,52.1890867312196,4.44647238236511));
#4754=CARTESIAN_POINT('',(27.59729567293,51.9843992300187,2.85061715609826));
#4755=CARTESIAN_POINT('',(27.2453601851735,52.2644093067483,4.49244767372867));
#4756=CARTESIAN_POINT('',(27.7997838075004,52.0860218145241,2.88009174697531));
#4757=CARTESIAN_POINT('',(27.4541962193237,52.3519781446101,4.54594663414754));
#4758=CARTESIAN_POINT('',(28.0195125631004,52.2039050427188,2.91438973452313));
#4759=CARTESIAN_POINT('',(27.4738335701533,52.3602668613452,4.55101096384301));
#4760=CARTESIAN_POINT('',(28.0401649695597,52.215060697587,2.91763645773931));
#4761=CARTESIAN_POINT('',(27.4934439812169,52.3685986747037,4.55610208691919));
#4762=CARTESIAN_POINT('',(28.060779742613,52.2262718810532,2.92090035809371));
#4763=CARTESIAN_POINT('',(28.8784791301886,53.4567247076583,6.17086614068923));
#4764=CARTESIAN_POINT('',(28.8129243646932,53.5112918555667,6.248938715961));
#4765=CARTESIAN_POINT('',(28.7802151426121,53.620653569399,6.2304874217493));
#4766=CARTESIAN_POINT('',(29.7120523588308,53.7747727223887,6.62591700043885));
#4767=CARTESIAN_POINT('',(29.6588926790191,53.8358809600835,6.7291838952709));
#4768=CARTESIAN_POINT('',(29.6018801823873,53.9493031869432,6.69398922423033));
#4769=CARTESIAN_POINT('',(31.2736284886494,54.3368383629868,7.68787837890855));
#4770=CARTESIAN_POINT('',(31.2552241675468,54.4010557776878,7.87763350200692));
#4771=CARTESIAN_POINT('',(31.1411480815479,54.5301043486519,7.77567274551291));
#4772=CARTESIAN_POINT('',(32.6608913445878,54.5714187103497,9.13568987849887));
#4773=CARTESIAN_POINT('',(32.5378846094765,54.5787998308547,9.29100778148409));
#4774=CARTESIAN_POINT('',(32.5085928969295,54.7725040323638,9.25037217140023));
#4775=CARTESIAN_POINT('',(33.2589529456147,54.5308076794474,9.91882655986478));
#4776=CARTESIAN_POINT('',(33.0930029059709,54.5244648152705,10.0411413470436));
#4777=CARTESIAN_POINT('',(33.0981107606754,54.7305393069144,10.0480528201387));
#4778=CARTESIAN_POINT('',(28.8784791301884,53.6206535693991,6.05629158728245));
#4779=CARTESIAN_POINT('',(28.8784791302001,53.6206535694038,6.05629158728906));
#4780=CARTESIAN_POINT('',(28.8784791302001,53.6206535694038,6.05629158728906));
#4781=CARTESIAN_POINT('',(28.7802151426239,53.6206535694038,6.23048742175597));
#4782=CARTESIAN_POINT('',(28.6718195716126,53.756230147703,6.16934140712383));
#4783=CARTESIAN_POINT('',(28.7529325148685,53.767481889065,6.00452777826908));
#4784=CARTESIAN_POINT('',(29.7322848645465,54.6386096317143,6.76755059328932));
#4785=CARTESIAN_POINT('',(29.5838289136949,54.7021792336007,6.67299225990296));
#4786=CARTESIAN_POINT('',(29.699439550116,54.7688833595937,6.54937447898684));
#4787=CARTESIAN_POINT('',(30.8250217315624,56.4116457332738,7.60661870227683));
#4788=CARTESIAN_POINT('',(30.7067840103118,56.4163235016284,7.50548804486945));
#4789=CARTESIAN_POINT('',(30.7837625366736,56.5115575507349,7.40060298926555));
#4790=CARTESIAN_POINT('',(31.6367763379179,59.1882220391593,8.36593528293714));
#4791=CARTESIAN_POINT('',(31.5498486332622,59.2016472280125,8.28136974916618));
#4792=CARTESIAN_POINT('',(31.5876840180536,59.2362229150602,8.17092415940194));
#4793=CARTESIAN_POINT('',(31.9560929978084,62.1752895925344,8.6972764546292));
#4794=CARTESIAN_POINT('',(31.8796178058581,62.1606105542274,8.61680637003084));
#4795=CARTESIAN_POINT('',(31.9035448034066,62.1654129634593,8.50706737661787));
#4796=CARTESIAN_POINT('',(31.4833767598408,65.1467847251167,8.18805818297423));
#4797=CARTESIAN_POINT('',(31.374091681609,65.1708462573216,8.08610157137624));
#4798=CARTESIAN_POINT('',(31.4361557694222,65.0793146931246,7.99046913086324));
#4799=CARTESIAN_POINT('',(30.3108713652324,67.7333904623753,7.20741145129009));
#4800=CARTESIAN_POINT('',(30.1912220953588,67.6782281453081,7.11706150423));
#4801=CARTESIAN_POINT('',(30.2736317319549,67.6195664898975,6.99561012601824));
#4802=CARTESIAN_POINT('',(29.5214845392731,68.8613690712053,6.66781786064871));
#4803=CARTESIAN_POINT('',(29.4057079296328,68.7593185352987,6.5933295872261));
#4804=CARTESIAN_POINT('',(29.4897029756829,68.728469324654,6.44819634178229));
#4805=CARTESIAN_POINT('',(29.0672556548898,69.3895335062404,6.39698782978884));
#4806=CARTESIAN_POINT('',(28.9598040311697,69.262456130233,6.33292073152935));
#4807=CARTESIAN_POINT('',(29.0382560261969,69.2479413482264,6.17344123569377));
#4808=CARTESIAN_POINT('',(29.1696796498888,69.389533506242,6.22520504471288));
#4809=CARTESIAN_POINT('',(29.0672556548914,69.3895335062387,6.39698782978975));
#4810=CARTESIAN_POINT('',(28.9598040311724,69.2624561302301,6.33292073153097));
#4811=CARTESIAN_POINT('',(29.0382560261996,69.2479413482233,6.17344123569558));
#4812=CARTESIAN_POINT('',(28.90693137147,69.5759539439929,6.30139586697222));
#4813=CARTESIAN_POINT('',(28.8033894795907,69.4061493453975,6.24176027126049));
#4814=CARTESIAN_POINT('',(28.9200499848779,69.3943885635568,6.07297121503487));
#4815=CARTESIAN_POINT('',(28.4531942673758,69.7965853282694,6.04198142005886));
#4816=CARTESIAN_POINT('',(28.3846449578005,69.4653724845003,6.01230176833247));
#4817=CARTESIAN_POINT('',(28.5829586345123,69.5743139146324,5.81536656310981));
#4818=CARTESIAN_POINT('',(27.9985403259423,69.5025157717779,5.82132339652054));
#4819=CARTESIAN_POINT('',(28.2051362604112,69.2672338734993,5.9214651391706));
#4820=CARTESIAN_POINT('',(28.239758556857,69.3600631914478,5.6232719016949));
#4821=CARTESIAN_POINT('',(27.8896864918475,69.2654847761533,5.76995220254153));
#4822=CARTESIAN_POINT('',(28.1310512082049,69.1279897453978,5.88385901865677));
#4823=CARTESIAN_POINT('',(28.1563055615818,69.1809612464064,5.58942259044404));
#4824=CARTESIAN_POINT('',(27.9750442670936,69.2654847761533,5.58908194460772));
#4825=CARTESIAN_POINT('',(27.8896864918022,69.2654847760547,5.76995220252017));
#4826=CARTESIAN_POINT('',(28.1310512081597,69.1279897452995,5.8838590186344));
#4827=CARTESIAN_POINT('',(28.1563055615359,69.1809612463078,5.589422590422));
#4828=CARTESIAN_POINT('',(27.0266800233431,67.3862741634533,5.36267511334301));
#4829=CARTESIAN_POINT('',(27.2869324737701,67.2925264049671,5.4655022478055));
#4830=CARTESIAN_POINT('',(27.2808024095469,67.3017456644628,5.16933973649985));
#4831=CARTESIAN_POINT('',(26.1395963396116,65.5047147509873,5.05362595080654));
#4832=CARTESIAN_POINT('',(26.4038109521044,65.4262801150315,5.13472433223851));
#4833=CARTESIAN_POINT('',(26.3805263679778,65.4203429651693,4.84949965217706));
#4834=CARTESIAN_POINT('',(25.2485476289815,63.6118294148603,4.83780635756765));
#4835=CARTESIAN_POINT('',(25.4857352886783,63.4919135287154,4.89525523059374));
#4836=CARTESIAN_POINT('',(25.4761894185418,63.5276322563379,4.62586475649581));
#4837=CARTESIAN_POINT('',(25.4509405701183,63.6426203519989,4.80884145414231));
#4838=CARTESIAN_POINT('',(25.3973617933705,63.6435545283333,4.84671813987647));
#4839=CARTESIAN_POINT('',(25.3272892490343,63.6448066506076,4.8569673441148));
#4840=CARTESIAN_POINT('',(25.2644903628208,63.645696963576,4.84167785772917));
#4841=CARTESIAN_POINT('',(23.483857166908,57.5602411412188,4.47093617613995));
#4842=CARTESIAN_POINT('',(23.4527175909529,57.6130993310605,4.52662987401174));
#4843=CARTESIAN_POINT('',(23.4171851198686,57.687861860728,4.52296148703591));
#4844=CARTESIAN_POINT('',(24.5674979854242,58.0795417488579,4.58175889491708));
#4845=CARTESIAN_POINT('',(24.5225603288017,58.1291565813976,4.6398100431129));
#4846=CARTESIAN_POINT('',(24.4517797087224,58.1920180106844,4.62977345927436));
#4847=CARTESIAN_POINT('',(26.0724108703131,60.1386364620467,4.96983578522601));
#4848=CARTESIAN_POINT('',(25.9979562936183,60.1885572725049,5.03713994085077));
#4849=CARTESIAN_POINT('',(25.8844595724702,60.1892426077503,5.003805697324));
#4850=CARTESIAN_POINT('',(25.8993768050828,62.6655642890736,4.91600354755207));
#4851=CARTESIAN_POINT('',(25.823595341392,62.6431314415396,4.98025301812415));
#4852=CARTESIAN_POINT('',(25.7198111767536,62.6329030239711,4.95192164666118));
#4853=CARTESIAN_POINT('',(25.4034838447039,63.7498893661689,4.79740917250674));
#4854=CARTESIAN_POINT('',(25.3328185849798,63.7243864318527,4.85821233939396));
#4855=CARTESIAN_POINT('',(25.247775109022,63.6833433277747,4.8376192702009));
#4856=CARTESIAN_POINT('',(23.4377240346513,57.687861860728,4.3240188998919));
#4857=CARTESIAN_POINT('',(23.4171851198686,57.687861860728,4.52296148703591));
#4858=CARTESIAN_POINT('',(23.4527175909529,57.6130993310605,4.52662987401174));
#4859=CARTESIAN_POINT('',(23.483857166908,57.5602411412188,4.47093617613996));
#4860=CARTESIAN_POINT('',(23.2023688578656,57.5831822693954,4.50078376751114));
#4861=CARTESIAN_POINT('',(23.2668533542432,57.5308904729905,4.50688688939153));
#4862=CARTESIAN_POINT('',(23.3138619627776,57.4884359960279,4.46194191016716));
#4863=CARTESIAN_POINT('',(22.9781114657595,57.0911317471137,4.48510369130122));
#4864=CARTESIAN_POINT('',(23.0852791074322,57.062589850071,4.49254481779627));
#4865=CARTESIAN_POINT('',(23.1666537649436,57.0948109796119,4.42195331631098));
#4866=CARTESIAN_POINT('',(23.1625049515682,56.6229617780106,4.49839806858625));
#4867=CARTESIAN_POINT('',(23.3039105972615,56.669362573443,4.51046752275152));
#4868=CARTESIAN_POINT('',(23.350676472345,56.7024876718048,4.37862520959206));
#4869=CARTESIAN_POINT('',(23.2959775251219,56.4237766443145,4.51098830865958));
#4870=CARTESIAN_POINT('',(23.4335304629029,56.5181177837896,4.52396344252674));
#4871=CARTESIAN_POINT('',(23.4732940264308,56.5347834990562,4.36231404308856));
#4872=CARTESIAN_POINT('',(23.3147598080966,56.4237766443145,4.31187219719126));
#4873=CARTESIAN_POINT('',(23.2959775251219,56.4237766443145,4.51098830865958));
#4874=CARTESIAN_POINT('',(23.4335304629029,56.5181177837896,4.52396344252674));
#4875=CARTESIAN_POINT('',(23.4732940264308,56.5347834990562,4.36231404308854));
#4876=CARTESIAN_POINT('',(24.1774362691431,55.1083492585461,4.59413480764793));
#4877=CARTESIAN_POINT('',(24.3489262599206,55.1712758782682,4.61946546316742));
#4878=CARTESIAN_POINT('',(24.3680449754444,55.2197184290685,4.44424195077839));
#4879=CARTESIAN_POINT('',(25.0363758377211,53.7883177559358,4.75900554926123));
#4880=CARTESIAN_POINT('',(25.2307546359735,53.8380797231312,4.80493192391541));
#4881=CARTESIAN_POINT('',(25.2404477934916,53.9003975321093,4.60668326214929));
#4882=CARTESIAN_POINT('',(25.8873169153086,52.4739047761907,5.00882304326243));
#4883=CARTESIAN_POINT('',(26.054268985223,52.5930052258399,5.05783648123463));
#4884=CARTESIAN_POINT('',(26.1047655315468,52.586715695764,4.85321300145284));
#4885=CARTESIAN_POINT('',(25.9436548416259,52.4739047761808,4.81692192794971));
#4886=CARTESIAN_POINT('',(25.943654841626,52.4739047761807,4.81692192794945));
#4887=CARTESIAN_POINT('',(25.943654841626,52.4739047761807,4.81692192794945));
#4888=CARTESIAN_POINT('',(25.8088852903113,52.3007450899334,4.9338956487914));
#4889=CARTESIAN_POINT('',(25.77778610884,52.3544719407675,4.97713598806318));
#4890=CARTESIAN_POINT('',(25.7544726433042,52.4261412977499,4.9705446207158));
#4891=CARTESIAN_POINT('',(25.8539077350644,52.3160510161006,4.94621413442849));
#4892=CARTESIAN_POINT('',(25.8224274836348,52.3698983563056,4.9898415556151));
#4893=CARTESIAN_POINT('',(25.7988519102849,52.44195742158,4.98309187804346));
#4894=CARTESIAN_POINT('',(25.8988297024913,52.3314618985305,4.95874098291873));
#4895=CARTESIAN_POINT('',(25.8669333015771,52.385416457993,5.00275199105808));
#4896=CARTESIAN_POINT('',(25.8431321353024,52.4578819998436,4.99585136836638));
#4897=CARTESIAN_POINT('',(25.9436548416265,52.3469678109957,4.97147614778711));
#4898=CARTESIAN_POINT('',(25.9113042058344,52.4010144197528,5.01586518162535));
#4899=CARTESIAN_POINT('',(25.8873169153149,52.473904776181,5.00882304326431));
#4900=CARTESIAN_POINT('',(25.8088852903106,52.4261412977499,4.77808874565411));
#4901=CARTESIAN_POINT('',(11.8334487117874,54.7485058064945,8.91826731483342));
#4902=CARTESIAN_POINT('',(11.842235021529,54.5636576313518,8.90869498013037));
#4903=CARTESIAN_POINT('',(11.7067859875201,54.5495776899453,8.78302481215016));
#4904=CARTESIAN_POINT('',(11.4748969869607,54.710694170411,9.30889514600615));
#4905=CARTESIAN_POINT('',(11.4396225312972,54.4919623463153,9.34653317633812));
#4906=CARTESIAN_POINT('',(11.3026214055357,54.5075647389148,9.17931391696026));
#4907=CARTESIAN_POINT('',(11.1423771254505,54.7812659100028,9.71732178397635));
#4908=CARTESIAN_POINT('',(11.0843845719027,54.5493153329839,9.79224271969904));
#4909=CARTESIAN_POINT('',(10.9278002999029,54.5859778055161,9.59365977899745));
#4910=CARTESIAN_POINT('',(10.8453190981369,54.9346194101398,10.1251557565036));
#4911=CARTESIAN_POINT('',(10.7956809308475,54.6532088632032,10.193304498814));
#4912=CARTESIAN_POINT('',(10.5929522845319,54.7563705828845,10.0074043906566));
#4913=CARTESIAN_POINT('',(11.6861073887718,54.7485058064945,8.78302481215025));
#4914=CARTESIAN_POINT('',(25.8088852903107,52.4261412977497,4.77808874565393));
#4915=CARTESIAN_POINT('',(25.8088852903107,52.4261412977497,4.77808874565391));
#4916=CARTESIAN_POINT('',(11.7067859875201,54.5495776899453,8.78302481215017));
#4917=CARTESIAN_POINT('',(11.842235021529,54.5636576313518,8.90869498013037));
#4918=CARTESIAN_POINT('',(11.8334487117874,54.7485058064945,8.91826731483343));
#4919=CARTESIAN_POINT('',(12.0724226666501,54.5875856614005,8.35720602668181));
#4920=CARTESIAN_POINT('',(12.2358781073404,54.5864134793905,8.4806667665118));
#4921=CARTESIAN_POINT('',(12.2187180985568,54.7891350210737,8.49853165453576));
#4922=CARTESIAN_POINT('',(12.8551567386985,54.5331257072715,7.55275049656871));
#4923=CARTESIAN_POINT('',(13.0767604676868,54.4643890484666,7.68339328052743));
#4924=CARTESIAN_POINT('',(13.0434807523489,54.7309192067024,7.70556834434403));
#4925=CARTESIAN_POINT('',(13.6704597275073,54.0889609916817,6.90457070232553));
#4926=CARTESIAN_POINT('',(13.8052514204069,53.9884916303421,7.13945620927406));
#4927=CARTESIAN_POINT('',(13.9025610862769,54.2561224309188,7.06664826860203));
#4928=CARTESIAN_POINT('',(14.018386930118,53.7538556533669,6.65304454481321));
#4929=CARTESIAN_POINT('',(14.1134555022773,53.6622905621725,6.92402310395993));
#4930=CARTESIAN_POINT('',(14.269170099087,53.8979063880831,6.8187153370292));
#4931=CARTESIAN_POINT('',(13.9614802766361,53.8821484945745,6.87877025455016));
#4932=CARTESIAN_POINT('',(14.0149456827965,53.9095704142617,6.93245490454108));
#4933=CARTESIAN_POINT('',(14.0715350234613,53.9800613817315,6.95484194823256));
#4934=CARTESIAN_POINT('',(14.0993668567938,54.0518687171312,6.93540783151097));
#4935=CARTESIAN_POINT('',(25.754472643305,52.4261412977485,4.97054462071601));
#4936=CARTESIAN_POINT('',(25.608222554706,52.3400966663035,4.92919563907001));
#4937=CARTESIAN_POINT('',(25.6356036336845,52.3285054692567,4.75709559269035));
#4938=CARTESIAN_POINT('',(25.7415509577209,52.4502036395061,4.96689129957843));
#4939=CARTESIAN_POINT('',(25.5987801596587,52.3593601046036,4.9266793835834));
#4940=CARTESIAN_POINT('',(25.6255205667669,52.3467699818674,4.75537787637388));
#4941=CARTESIAN_POINT('',(25.7275750193772,52.473366516747,4.96296018435773));
#4942=CARTESIAN_POINT('',(25.5884095758649,52.3779931882938,4.92392271475957));
#4943=CARTESIAN_POINT('',(25.6146486364889,52.3643491502425,4.75339531834826));
#4944=CARTESIAN_POINT('',(25.712574006544,52.4956572526474,4.95877002510056));
#4945=CARTESIAN_POINT('',(25.5771403684968,52.3959792274428,4.92094001198705));
#4946=CARTESIAN_POINT('',(25.6030090828622,52.3812641062095,4.75116556237894));
#4947=CARTESIAN_POINT('',(25.7663794269285,52.4956572526506,4.76614350372511));
#4948=CARTESIAN_POINT('',(15.2197848575346,53.6206535691919,6.23048742151414));
#4949=CARTESIAN_POINT('',(15.1870756354537,53.511291855368,6.24893871572417));
#4950=CARTESIAN_POINT('',(15.121520869965,53.4567247074579,6.17086614046022));
#4951=CARTESIAN_POINT('',(14.8248223934788,53.7786306723457,6.4532860135504));
#4952=CARTESIAN_POINT('',(14.7865227137828,53.664979779549,6.47632738550652));
#4953=CARTESIAN_POINT('',(14.7208343122796,53.6096057739541,6.38960248692015));
#4954=CARTESIAN_POINT('',(14.4417451213344,53.9275714027729,6.69493630710811));
#4955=CARTESIAN_POINT('',(14.4036020693644,53.8069679952481,6.72021192844654));
#4956=CARTESIAN_POINT('',(14.3322051956845,53.7537419671334,6.6268468130286));
#4957=CARTESIAN_POINT('',(14.0696574618846,54.0626770227614,6.95621112155336));
#4958=CARTESIAN_POINT('',(14.0385163265653,53.9327695628258,6.9780779965908));
#4959=CARTESIAN_POINT('',(13.9547249613345,53.8844893399445,6.88335785157882));
#4960=CARTESIAN_POINT('',(15.1215208699645,53.6206535691919,6.05629158704375));
#4961=CARTESIAN_POINT('',(25.7125740065465,52.4956572526438,4.95877002510124));
#4962=CARTESIAN_POINT('',(25.5771403684987,52.3959792274399,4.92094001198754));
#4963=CARTESIAN_POINT('',(25.6030090828641,52.3812641062068,4.75116556237932));
#4964=CARTESIAN_POINT('',(24.6193420610586,54.1201441416113,4.65340291372287));
#4965=CARTESIAN_POINT('',(24.4166425598908,54.0841409786675,4.60932714757783));
#4966=CARTESIAN_POINT('',(24.4943278811699,54.0060273566724,4.43495715011108));
#4967=CARTESIAN_POINT('',(23.5059606802407,55.7772659536826,4.48647918995065));
#4968=CARTESIAN_POINT('',(23.2927253316425,55.7211612109379,4.4662183108446));
#4969=CARTESIAN_POINT('',(23.3652995245711,55.6634915605415,4.2614335508685));
#4970=CARTESIAN_POINT('',(22.3828172395731,57.4118482582761,4.45531076965686));
#4971=CARTESIAN_POINT('',(22.1998530976907,57.2842109328573,4.45023332089439));
#4972=CARTESIAN_POINT('',(22.2259605806489,57.2981312386848,4.22906015579514));
#4973=CARTESIAN_POINT('',(22.3386651738155,57.2364135475526,4.39916968533204));
#4974=CARTESIAN_POINT('',(22.3563585394204,57.2772994906554,4.43644119067053));
#4975=CARTESIAN_POINT('',(22.3797199749857,57.3301908198783,4.45520565332204));
#4976=CARTESIAN_POINT('',(22.4029119350125,57.3825997615313,4.45588306656474));
#4977=CARTESIAN_POINT('',(15.121520869977,53.620653569186,6.05629158703526));
#4978=CARTESIAN_POINT('',(15.1215208699773,53.620653569186,6.05629158703581));
#4979=CARTESIAN_POINT('',(25.7303447441394,64.9707388471091,4.96374664965332));
#4980=CARTESIAN_POINT('',(25.6211104109966,65.0291489934736,4.9330772269207));
#4981=CARTESIAN_POINT('',(25.6063679782295,65.0537601381647,4.80873314600278));
#4982=CARTESIAN_POINT('',(26.4893943406206,66.5243526951256,5.17686291337483));
#4983=CARTESIAN_POINT('',(26.3798213075942,66.5720458769695,5.13941038138545));
#4984=CARTESIAN_POINT('',(26.3753921789541,66.6078524713639,5.01901348403906));
#4985=CARTESIAN_POINT('',(27.2470208584171,68.0653892776948,5.46027491030583));
#4986=CARTESIAN_POINT('',(27.1445680987362,68.1190258209607,5.4180336049808));
#4987=CARTESIAN_POINT('',(27.1429268678078,68.1493888999221,5.29883867498676));
#4988=CARTESIAN_POINT('',(27.983669096415,69.6034946503694,5.81473948227542));
#4989=CARTESIAN_POINT('',(27.8871954202883,69.6612218165115,5.76831773231303));
#4990=CARTESIAN_POINT('',(27.889646508586,69.6877762295424,5.64964410390085));
#4991=CARTESIAN_POINT('',(25.7844077114477,64.9707388471091,4.77119225327189));
#4992=CARTESIAN_POINT('',(28.0703889384413,69.6034946504669,5.63451831537507));
#4993=CARTESIAN_POINT('',(18.2244430179499,62.5392394710383,4.8915056330094));
#4994=CARTESIAN_POINT('',(18.302550055903,62.5287304586503,4.95418515501074));
#4995=CARTESIAN_POINT('',(18.3982525809164,62.5110841674694,4.92831033498998));
#4996=CARTESIAN_POINT('',(18.1116320672906,61.8849916545191,4.92159312371701));
#4997=CARTESIAN_POINT('',(18.1916879862395,61.8807112579914,4.98498764212406));
#4998=CARTESIAN_POINT('',(18.2909961909222,61.8778247597214,4.95730894068808));
#4999=CARTESIAN_POINT('',(18.1415468864177,60.549288215013,4.91279466538662));
#5000=CARTESIAN_POINT('',(18.2204970184741,60.5695370333677,4.97618806287264));
#5001=CARTESIAN_POINT('',(18.3193738243268,60.5855718729726,4.94882890907169));
#5002=CARTESIAN_POINT('',(18.9346021678915,58.7078894891507,4.70536170253556));
#5003=CARTESIAN_POINT('',(18.990130426075,58.7564358612094,4.76627943823551));
#5004=CARTESIAN_POINT('',(19.0736878689501,58.8018366898439,4.74890304185657));
#5005=CARTESIAN_POINT('',(20.453273683909,57.3831431557856,4.4377771489671));
#5006=CARTESIAN_POINT('',(20.4765394192764,57.4422986001174,4.49392598927254));
#5007=CARTESIAN_POINT('',(20.5223729332342,57.5160208873964,4.49100249949615));
#5008=CARTESIAN_POINT('',(21.8176357791999,57.1607177226399,4.38183959073233));
#5009=CARTESIAN_POINT('',(21.8224369719164,57.2195648423729,4.43647806488872));
#5010=CARTESIAN_POINT('',(21.8258235795996,57.2999105108903,4.4370893527273));
#5011=CARTESIAN_POINT('',(22.4684399436082,57.2520793137719,4.40276375372524));
#5012=CARTESIAN_POINT('',(22.4585902066765,57.3094401003357,4.45761735431256));
#5013=CARTESIAN_POINT('',(22.4474595422995,57.3886371493309,4.45725625705142));
#5014=CARTESIAN_POINT('',(18.3460533429606,62.5110841674694,4.73524236883081));
#5015=CARTESIAN_POINT('',(12.2088465560049,62.404322283258,8.52511880590164));
#5016=CARTESIAN_POINT('',(12.2898255265021,62.3947710291366,8.44358798716558));
#5017=CARTESIAN_POINT('',(12.2595982188012,62.3899853916608,8.33241468971989));
#5018=CARTESIAN_POINT('',(12.1607826068773,61.5718499277464,8.57351029692709));
#5019=CARTESIAN_POINT('',(12.2412015120463,61.575422008523,8.49173971242724));
#5020=CARTESIAN_POINT('',(12.2120378316186,61.573639974842,8.38150750732846));
#5021=CARTESIAN_POINT('',(12.2266850953897,59.9232464763584,8.50435386794587));
#5022=CARTESIAN_POINT('',(12.3095551768165,59.9290526140671,8.42109987444771));
#5023=CARTESIAN_POINT('',(12.277215801184,59.9571620970576,8.31134881025288));
#5024=CARTESIAN_POINT('',(12.7921323856162,57.5428292789514,7.9532973892113));
#5025=CARTESIAN_POINT('',(12.8930822397691,57.5637700502282,7.86267698945404));
#5026=CARTESIAN_POINT('',(12.8369588775372,57.6218271646105,7.75230600651674));
#5027=CARTESIAN_POINT('',(13.7827141256154,55.4068595849411,7.13102222074532));
#5028=CARTESIAN_POINT('',(13.9088241264135,55.4565930355609,7.03745410913687));
#5029=CARTESIAN_POINT('',(13.8191798256508,55.5240587289499,6.91811380502679));
#5030=CARTESIAN_POINT('',(14.6926191905175,54.1843008248822,6.52786192939762));
#5031=CARTESIAN_POINT('',(14.8129575215202,54.2906266880393,6.45386969447068));
#5032=CARTESIAN_POINT('',(14.7229819053519,54.3219627863494,6.306212063922));
#5033=CARTESIAN_POINT('',(15.2197848575459,53.6206535691875,6.23048742150776));
#5034=CARTESIAN_POINT('',(15.3281804285616,53.7562301474941,6.16934140687838));
#5035=CARTESIAN_POINT('',(15.2470674853039,53.7674818888515,6.00452777801623));
#5036=CARTESIAN_POINT('',(12.0669457814562,62.404322283258,8.3841784987412));
#5037=CARTESIAN_POINT('',(27.9836690964616,69.6034946504669,5.81473948229788));
#5038=CARTESIAN_POINT('',(27.8871954203352,69.661221816609,5.76831773233516));
#5039=CARTESIAN_POINT('',(27.8896465086333,69.6877762296399,5.64964410392308));
#5040=CARTESIAN_POINT('',(28.0733828244283,69.7908151144363,5.85790844211271));
#5041=CARTESIAN_POINT('',(27.9610026687363,69.8178384149896,5.80297311681705));
#5042=CARTESIAN_POINT('',(27.9580584651721,69.8291349464933,5.67946121825273));
#5043=CARTESIAN_POINT('',(28.0884553328116,70.2423443357015,5.86543757708817));
#5044=CARTESIAN_POINT('',(27.9517525141374,70.2185093892105,5.79807348858621));
#5045=CARTESIAN_POINT('',(27.9708698121099,70.1750307940545,5.65975229211993));
#5046=CARTESIAN_POINT('',(27.8461235065536,70.5916637042153,5.74832595308698));
#5047=CARTESIAN_POINT('',(27.7133327975478,70.4737492636089,5.68670265361266));
#5048=CARTESIAN_POINT('',(27.7875812464893,70.4516318573735,5.52255882649446));
#5049=CARTESIAN_POINT('',(27.6909468164188,70.7147466923776,5.67808191516306));
#5050=CARTESIAN_POINT('',(27.5829398736849,70.5482965240065,5.62919026929242));
#5051=CARTESIAN_POINT('',(27.6695213477247,70.5518826901223,5.44411639476898));
#5052=CARTESIAN_POINT('',(27.7734243065137,70.7147466923776,5.49588020378898));
#5053=CARTESIAN_POINT('',(24.6217096341227,64.6889160389848,4.70132336372333));
#5054=CARTESIAN_POINT('',(24.6889958457801,64.7482518635564,4.71434344783125));
#5055=CARTESIAN_POINT('',(24.7462981797714,64.7873625900706,4.65599543554578));
#5056=CARTESIAN_POINT('',(24.6980853764111,64.5977615167658,4.71610229931659));
#5057=CARTESIAN_POINT('',(24.7500376998856,64.6630755832162,4.72654292145097));
#5058=CARTESIAN_POINT('',(24.8005837159569,64.7069595274384,4.67728045465376));
#5059=CARTESIAN_POINT('',(24.8909017536423,64.4486406078593,4.75462130634119));
#5060=CARTESIAN_POINT('',(24.9128379465515,64.5209869611829,4.75973430181916));
#5061=CARTESIAN_POINT('',(24.941391161667,64.5773918329445,4.72106240422782));
#5062=CARTESIAN_POINT('',(25.3782663169514,64.4662895318926,4.86611955062668));
#5063=CARTESIAN_POINT('',(25.3432323625676,64.5481220535531,4.85820588558394));
#5064=CARTESIAN_POINT('',(25.3169155469792,64.604530563846,4.79464467888543));
#5065=CARTESIAN_POINT('',(25.6259365319572,64.7570373075129,4.93443224360491));
#5066=CARTESIAN_POINT('',(25.5465580673029,64.8365197709411,4.91303323115682));
#5067=CARTESIAN_POINT('',(25.5189841109288,64.8653730534285,4.81092644949654));
#5068=CARTESIAN_POINT('',(25.7303447441395,64.9707388471091,4.96374664965333));
#5069=CARTESIAN_POINT('',(25.6211104109967,65.0291489934736,4.93307722692071));
#5070=CARTESIAN_POINT('',(25.6063679782295,65.0537601381647,4.80873314600279));
#5071=CARTESIAN_POINT('',(24.6597054259216,64.688916038987,4.50496573131354));
#5072=CARTESIAN_POINT('',(18.3982525809164,62.5110841674694,4.92831033498996));
#5073=CARTESIAN_POINT('',(18.3025500559005,62.5287304586507,4.9541851550114));
#5074=CARTESIAN_POINT('',(18.2244430179467,62.5392394710387,4.89150563300679));
#5075=CARTESIAN_POINT('',(18.4378358952597,62.7447905374249,4.91760830665461));
#5076=CARTESIAN_POINT('',(18.3449642426864,62.7225914827076,4.94241869275145));
#5077=CARTESIAN_POINT('',(18.2673265646265,62.7168145362446,4.89288408995514));
#5078=CARTESIAN_POINT('',(18.2333497520997,63.2261691686443,4.97015965647706));
#5079=CARTESIAN_POINT('',(18.1429675700287,63.1514240271204,4.99651816002829));
#5080=CARTESIAN_POINT('',(18.0961195326873,63.0752332883343,4.92157813801267));
#5081=CARTESIAN_POINT('',(17.7711684281351,63.3579754086083,5.11183622356568));
#5082=CARTESIAN_POINT('',(17.7318580173585,63.2096787232741,5.12531505597607));
#5083=CARTESIAN_POINT('',(17.6940748786206,63.1643336411529,4.99050300483116));
#5084=CARTESIAN_POINT('',(17.5504601724178,63.3505632062618,5.18701430282171));
#5085=CARTESIAN_POINT('',(17.5554213554422,63.1833087504516,5.18532441492238));
#5086=CARTESIAN_POINT('',(17.5031888424172,63.1537976624602,5.0291117959855));
#5087=CARTESIAN_POINT('',(17.485974087962,63.3505632062618,4.99769566952968));
#5088=CARTESIAN_POINT('',(12.8104163336755,63.1180386864369,7.95478013626347));
#5089=CARTESIAN_POINT('',(12.8146427336119,62.9364759958555,7.95100762277306));
#5090=CARTESIAN_POINT('',(12.6946425174643,62.919057983554,7.81575354373063));
#5091=CARTESIAN_POINT('',(12.661281575897,63.1117107678784,8.08789884108817));
#5092=CARTESIAN_POINT('',(12.6979689587952,62.9491309946371,8.05504624721883));
#5093=CARTESIAN_POINT('',(12.5870721661937,62.91593048117,7.93858204841137));
#5094=CARTESIAN_POINT('',(12.3745398294698,62.9773262636615,8.35717422096121));
#5095=CARTESIAN_POINT('',(12.4496227779414,62.8798114747065,8.28498925293359));
#5096=CARTESIAN_POINT('',(12.3805208383249,62.8183278540885,8.18586377093932));
#5097=CARTESIAN_POINT('',(12.2205707997711,62.6073864670833,8.51331466480866));
#5098=CARTESIAN_POINT('',(12.2990282684406,62.563802706087,8.43451874308914));
#5099=CARTESIAN_POINT('',(12.2689339294482,62.5423972820991,8.32494682079511));
#5100=CARTESIAN_POINT('',(12.2088465560049,62.4043222832579,8.52511880590165));
#5101=CARTESIAN_POINT('',(12.2898255265018,62.3947710291366,8.44358798716593));
#5102=CARTESIAN_POINT('',(12.2595982188013,62.3899853916608,8.3324146897206));
#5103=CARTESIAN_POINT('',(12.6772339617018,63.1180386864369,7.80557405128218));
#5104=CARTESIAN_POINT('',(12.8104645741101,63.1066126452997,7.95429879536069));
#5105=CARTESIAN_POINT('',(12.770736313149,63.114878214158,7.99033666236385));
#5106=CARTESIAN_POINT('',(12.784028021252,63.1121162396303,7.97837986856929));
#5107=CARTESIAN_POINT('',(12.7972517845117,63.1093608089733,7.96634621014773));
#5108=CARTESIAN_POINT('',(12.8104645741101,63.1066126452997,7.95429879536069));
#5109=CARTESIAN_POINT('',(27.6909468164188,70.7147466923776,5.67808191516303));
#5110=CARTESIAN_POINT('',(27.5829398736848,70.5482965240065,5.62919026929238));
#5111=CARTESIAN_POINT('',(27.6695213477246,70.5518826901223,5.44411639476891));
#5112=CARTESIAN_POINT('',(27.0409132513298,71.2303399779441,5.38383035999534));
#5113=CARTESIAN_POINT('',(26.9160165953806,71.0607914182134,5.33422051574897));
#5114=CARTESIAN_POINT('',(27.0227092797012,71.0594105381481,5.14560032282863));
#5115=CARTESIAN_POINT('',(25.6145225545523,72.09612716062,4.85864151269849));
#5116=CARTESIAN_POINT('',(25.4609227424098,71.8984303326166,4.8208478489631));
#5117=CARTESIAN_POINT('',(25.6024865508235,71.9121437423836,4.61280004512907));
#5118=CARTESIAN_POINT('',(23.1083072196474,72.7940408914763,4.41103442370484));
#5119=CARTESIAN_POINT('',(23.0480499601107,72.530366131458,4.41271245031452));
#5120=CARTESIAN_POINT('',(23.1048472420854,72.5999811549408,4.15870589600486));
#5121=CARTESIAN_POINT('',(20.4593888218587,72.729173046156,4.45331050396603));
#5122=CARTESIAN_POINT('',(20.5411521611711,72.4726417959686,4.45050906717061));
#5123=CARTESIAN_POINT('',(20.464228822139,72.5360375103616,4.2015946733092));
#5124=CARTESIAN_POINT('',(17.9897669465104,71.9132703172712,4.97337130583605));
#5125=CARTESIAN_POINT('',(18.151913283736,71.7303161956384,4.9273686548737));
#5126=CARTESIAN_POINT('',(18.0033288947795,71.7319731984217,4.72919258820735));
#5127=CARTESIAN_POINT('',(15.9085440974472,70.5146395602348,5.80946410082682));
#5128=CARTESIAN_POINT('',(16.0754789388287,70.4036374297788,5.72879947896656));
#5129=CARTESIAN_POINT('',(15.9315605240067,70.3546543565421,5.57740267002297));
#5130=CARTESIAN_POINT('',(13.7195189611479,68.0801130383192,7.09990934868834));
#5131=CARTESIAN_POINT('',(13.9092161832478,68.1062255491578,6.96481116481747));
#5132=CARTESIAN_POINT('',(13.7556971514192,67.9596493354364,6.8865500232963));
#5133=CARTESIAN_POINT('',(12.7316949296162,65.7437508093598,8.01564187175639));
#5134=CARTESIAN_POINT('',(12.8263687811618,65.7219156506451,7.92950282354022));
#5135=CARTESIAN_POINT('',(12.7771685103207,65.6654536093028,7.81555403048788));
#5136=CARTESIAN_POINT('',(12.4073430712375,64.0251576948905,8.32926751443193));
#5137=CARTESIAN_POINT('',(12.4911467612907,63.9941102329234,8.248235186506));
#5138=CARTESIAN_POINT('',(12.4560623597157,63.979627917233,8.13372497373614));
#5139=CARTESIAN_POINT('',(12.2683190577792,64.025157694891,8.18548878275735));
#5140=CARTESIAN_POINT('',(24.7462981797684,64.7873625900684,4.65599543554881));
#5141=CARTESIAN_POINT('',(24.688995845778,64.7482518635545,4.71434344783084));
#5142=CARTESIAN_POINT('',(24.6217096341227,64.6889160389847,4.70132336372333));
#5143=CARTESIAN_POINT('',(24.3266102118274,65.2797457573854,4.57567025848558));
#5144=CARTESIAN_POINT('',(24.2805146716743,65.2308938982486,4.63325281939175));
#5145=CARTESIAN_POINT('',(24.2216219500086,65.1664207314715,4.6239051948386));
#5146=CARTESIAN_POINT('',(23.2659578379797,66.0626020888973,4.40923298126803));
#5147=CARTESIAN_POINT('',(23.247092006375,66.0034187031001,4.46462818593688));
#5148=CARTESIAN_POINT('',(23.209473500569,65.9264313932052,4.46349135920229));
#5149=CARTESIAN_POINT('',(21.2437198638264,66.2216292911967,4.36947831977961));
#5150=CARTESIAN_POINT('',(21.254574379902,66.1619130542601,4.42406254806731));
#5151=CARTESIAN_POINT('',(21.2773962134189,66.0809468299041,4.42517543953775));
#5152=CARTESIAN_POINT('',(19.4880231186972,65.2602279423833,4.58861117207952));
#5153=CARTESIAN_POINT('',(19.5303484681783,65.2056217438814,4.64758256329769));
#5154=CARTESIAN_POINT('',(19.6011838143771,65.1472748661816,4.6363777668941));
#5155=CARTESIAN_POINT('',(18.7588481791894,64.1601025799873,4.75739618569472));
#5156=CARTESIAN_POINT('',(18.8250729538427,64.1265110308052,4.81772493601268));
#5157=CARTESIAN_POINT('',(18.9067030861958,64.0806570629394,4.79905437648302));
#5158=CARTESIAN_POINT('',(18.5165965970807,63.5648234154919,4.81675726457484));
#5159=CARTESIAN_POINT('',(18.5888691318845,63.5416645811417,4.87792929499506));
#5160=CARTESIAN_POINT('',(18.6761588144588,63.5040756093418,4.85626714560353));
#5161=CARTESIAN_POINT('',(18.5724224212822,63.6963269722604,4.8031926154907));
#5162=CARTESIAN_POINT('',(18.6104122254503,63.6579309184618,4.8462865133293));
#5163=CARTESIAN_POINT('',(18.6550735820817,63.6006358363863,4.86146080182968));
#5164=CARTESIAN_POINT('',(18.6928573788732,63.545269007057,4.85213421155587));
#5165=CARTESIAN_POINT('',(17.5504601729615,63.3505632062801,5.1870143026365));
#5166=CARTESIAN_POINT('',(17.5554213559858,63.1833087504738,5.18532441473746));
#5167=CARTESIAN_POINT('',(17.5031888429688,63.1537976624792,5.02911179580261));
#5168=CARTESIAN_POINT('',(16.6712562945857,63.3210362058317,5.48649045329925));
#5169=CARTESIAN_POINT('',(16.6628392471738,63.147001501353,5.48897902662342));
#5170=CARTESIAN_POINT('',(16.6113552126637,63.1229866895492,5.32482486305624));
#5171=CARTESIAN_POINT('',(15.0061055093127,63.2301355116561,6.24817280361186));
#5172=CARTESIAN_POINT('',(15.0052256886714,63.0410947015303,6.247786012489));
#5173=CARTESIAN_POINT('',(14.9221940093266,63.0306892155075,6.07784611315204));
#5174=CARTESIAN_POINT('',(13.503300362929,63.1474382175505,7.336307112658));
#5175=CARTESIAN_POINT('',(13.5093299050036,62.9655571196748,7.33143666248202));
#5176=CARTESIAN_POINT('',(13.3975683443476,62.9484575145989,7.18831714308455));
#5177=CARTESIAN_POINT('',(12.8104163336755,63.1180386864368,7.95478013626347));
#5178=CARTESIAN_POINT('',(12.8146427336118,62.9364759958558,7.95100762277321));
#5179=CARTESIAN_POINT('',(12.6946425174644,62.919057983554,7.81575354373115));
#5180=CARTESIAN_POINT('',(12.8104645741101,63.1066126452999,7.9542987953607));
#5181=CARTESIAN_POINT('',(12.9047950307515,63.0869925997128,7.86828833332002));
#5182=CARTESIAN_POINT('',(12.9992731105602,63.0805684065342,7.78151995157001));
#5183=CARTESIAN_POINT('',(13.0982761090861,63.0881030062613,7.6988791214984));
#5184=CARTESIAN_POINT('',(13.0982761090861,63.0881030062613,7.69887912149839));
#5185=CARTESIAN_POINT('',(13.0982761090865,63.0881030062617,7.69887912149886));
#5186=CARTESIAN_POINT('',(13.5950235129045,63.1259078496404,7.28422887455067));
#5187=CARTESIAN_POINT('',(14.1184308500785,63.166770045096,6.90367510381564));
#5188=CARTESIAN_POINT('',(14.6662514358828,63.2103677091417,6.55999863126881));
#5189=CARTESIAN_POINT('',(12.9575260241272,63.2448098406666,7.551756088061));
#5190=CARTESIAN_POINT('',(13.0909810900374,63.2528947922739,7.7110405236308));
#5191=CARTESIAN_POINT('',(13.103882024606,63.0456211257297,7.7001618509638));
#5192=CARTESIAN_POINT('',(12.8115761732187,63.2285175702666,7.70804452576251));
#5193=CARTESIAN_POINT('',(12.9448419584212,63.2124156400559,7.83466784948385));
#5194=CARTESIAN_POINT('',(12.9022907401618,63.0238408656862,7.87015307015304));
#5195=CARTESIAN_POINT('',(12.5208914196153,63.3609153854646,8.04657195760412));
#5196=CARTESIAN_POINT('',(12.5959840214324,63.2825128633222,8.14495005061611));
#5197=CARTESIAN_POINT('',(12.4984675409326,63.2002428390992,8.23616044998904));
#5198=CARTESIAN_POINT('',(12.4208616671293,63.7844032249175,8.17776815025098));
#5199=CARTESIAN_POINT('',(12.4462808766554,63.7819400672361,8.29082519905829));
#5200=CARTESIAN_POINT('',(12.3582132495585,63.764841124807,8.37677262809348));
#5201=CARTESIAN_POINT('',(12.4560623597157,63.9796279172328,8.13372497373622));
#5202=CARTESIAN_POINT('',(12.4911467612907,63.9941102329232,8.24823518650606));
#5203=CARTESIAN_POINT('',(12.4073430712375,64.0251576948905,8.32926751443194));
#5204=CARTESIAN_POINT('',(12.9749527785877,63.0456211257297,7.54726564590571));
#5205=CARTESIAN_POINT('',(13.103882024606,63.0456211257297,7.7001618509638));
#5206=CARTESIAN_POINT('',(13.090981090037,63.2528947922706,7.71104052363121));
#5207=CARTESIAN_POINT('',(12.9575260241285,63.2448098406667,7.5517560880639));
#5208=CARTESIAN_POINT('',(13.9222375669911,63.1340378864266,7.01008610307669));
#5209=CARTESIAN_POINT('',(13.9054304554289,63.3396709301792,7.02255191734015));
#5210=CARTESIAN_POINT('',(13.7877417923919,63.3332266012541,6.8516792431101));
#5211=CARTESIAN_POINT('',(15.6781132919541,63.3332941792131,5.8459452345191));
#5212=CARTESIAN_POINT('',(15.6830932899941,63.532189027235,5.84578109572508));
#5213=CARTESIAN_POINT('',(15.5690506893847,63.5326463592381,5.67654899681536));
#5214=CARTESIAN_POINT('',(17.7017880201488,63.4788635778884,5.09383439266579));
#5215=CARTESIAN_POINT('',(17.7010430561757,63.6967860921962,5.09512608985107));
#5216=CARTESIAN_POINT('',(17.622088894824,63.6778173316373,4.89115608627466));
#5217=CARTESIAN_POINT('',(18.7296291807944,63.547732625323,4.84311092361416));
#5218=CARTESIAN_POINT('',(18.7157999778428,63.7695778874958,4.84648431035037));
#5219=CARTESIAN_POINT('',(18.664867804309,63.7462120310911,4.63136132832738));
#5220=CARTESIAN_POINT('',(32.1689504373127,68.5813013402701,8.9208817672169));
#5221=CARTESIAN_POINT('',(32.1602760069695,68.7663436991808,8.91142644142588));
#5222=CARTESIAN_POINT('',(32.2959183673393,68.7802573828321,8.78567715514806));
#5223=CARTESIAN_POINT('',(32.5266133413415,68.6185207430886,9.31074244361104));
#5224=CARTESIAN_POINT('',(32.5618700412951,68.8373349693247,9.34839239184006));
#5225=CARTESIAN_POINT('',(32.699081057947,68.8216122967529,9.18118798701154));
#5226=CARTESIAN_POINT('',(32.858250125318,68.5479633510862,9.71818414742484));
#5227=CARTESIAN_POINT('',(32.9161600609162,68.78004240171,9.79300059703868));
#5228=CARTESIAN_POINT('',(33.0729067460335,68.7432151720311,9.59453464046789));
#5229=CARTESIAN_POINT('',(33.1546694608749,68.3949423088029,10.1251400494495));
#5230=CARTESIAN_POINT('',(33.2043066764043,68.676351409114,10.1932872834408));
#5231=CARTESIAN_POINT('',(33.4070348190191,68.573191792313,10.0073884559632));
#5232=CARTESIAN_POINT('',(32.316326530609,68.5813013402701,8.78567715514798));
#5233=CARTESIAN_POINT('',(28.8173787496224,71.9814465306056,6.25152730623521));
#5234=CARTESIAN_POINT('',(29.1131145074075,71.9413176668551,6.41956058198041));
#5235=CARTESIAN_POINT('',(29.115137382761,71.9610383673396,6.07763639762948));
#5236=CARTESIAN_POINT('',(28.7636691511155,71.4502513221758,6.22101019919461));
#5237=CARTESIAN_POINT('',(29.0687225473106,71.4749234638487,6.39257811496699));
#5238=CARTESIAN_POINT('',(29.0641647297308,71.4641138183946,6.04667701514804));
#5239=CARTESIAN_POINT('',(28.936121494255,70.3714621631749,6.3130756997913));
#5240=CARTESIAN_POINT('',(29.1994863808386,70.5670387288867,6.46867311907522));
#5241=CARTESIAN_POINT('',(29.2278291924223,70.4549239585607,6.14007679620042));
#5242=CARTESIAN_POINT('',(29.8806238806257,69.1610147519935,6.89453472722991));
#5243=CARTESIAN_POINT('',(29.9664155276442,69.4615147039154,6.96039841648645));
#5244=CARTESIAN_POINT('',(30.1242012506043,69.3225699298488,6.72996276695681));
#5245=CARTESIAN_POINT('',(31.0602153506152,68.5912770585087,7.80170190890546));
#5246=CARTESIAN_POINT('',(31.0334287124171,68.84602507431,7.78312274510886));
#5247=CARTESIAN_POINT('',(31.2436826381312,68.7895895046201,7.65027729877082));
#5248=CARTESIAN_POINT('',(31.815499182948,68.5445201897809,8.53561188446753));
#5249=CARTESIAN_POINT('',(31.8005363754048,68.7460596757338,8.52005184857422));
#5250=CARTESIAN_POINT('',(31.960478419952,68.7458492134431,8.3948236510524));
#5251=CARTESIAN_POINT('',(32.1689504373127,68.5813013402701,8.92088176721691));
#5252=CARTESIAN_POINT('',(32.1602760069695,68.7663436991808,8.91142644142589));
#5253=CARTESIAN_POINT('',(32.2959183673393,68.7802573828321,8.78567715514808));
#5254=CARTESIAN_POINT('',(28.9161813401985,71.9814465306056,6.07763639763033));
#5255=CARTESIAN_POINT('',(27.052354429172,73.96512,5.40812651045919));
#5256=CARTESIAN_POINT('',(27.052354429172,74.16512,5.40812651045919));
#5257=CARTESIAN_POINT('',(27.125576957133,74.16512,5.22201240191552));
#5258=CARTESIAN_POINT('',(27.5399488680193,73.9651199715433,5.59995988468042));
#5259=CARTESIAN_POINT('',(27.6158935526979,74.1863082484231,5.6298386686924));
#5260=CARTESIAN_POINT('',(27.6752003168549,74.16512,5.41662597292169));
#5261=CARTESIAN_POINT('',(28.2393953665125,73.6610384790023,5.93076271348059));
#5262=CARTESIAN_POINT('',(28.4317064376712,73.8450344143776,6.02596026098324));
#5263=CARTESIAN_POINT('',(28.4636263257683,73.8272516358631,5.75222304232826));
#5264=CARTESIAN_POINT('',(28.7784937872201,72.7826035566073,6.22861488699934));
#5265=CARTESIAN_POINT('',(29.0649503141625,72.8950757115382,6.38980813125293));
#5266=CARTESIAN_POINT('',(29.0713056977581,72.8512128425899,6.05439191391653));
#5267=CARTESIAN_POINT('',(28.8441537811946,72.2462552568297,6.26674053677913));
#5268=CARTESIAN_POINT('',(29.1494182986032,72.2662391033374,6.44106906423503));
#5269=CARTESIAN_POINT('',(29.145318587224,72.2552702843148,6.09307011101754));
#5270=CARTESIAN_POINT('',(28.8173787496224,71.9814465306056,6.25152730623522));
#5271=CARTESIAN_POINT('',(29.1131145074075,71.9413176668551,6.41956058198042));
#5272=CARTESIAN_POINT('',(29.115137382761,71.9610383673396,6.0776363976295));
#5273=CARTESIAN_POINT('',(27.125576957133,73.96512,5.22201240191552));
#5274=CARTESIAN_POINT('',(21.9999999998649,73.96512,18.2499999999723));
#5275=CARTESIAN_POINT('',(16.8810487121355,73.96512,5.21940762226925));
#5276=CARTESIAN_POINT('',(15.1891522672313,71.9814465306056,6.24781881641743));
#5277=CARTESIAN_POINT('',(14.8935073548645,71.9413547807758,6.41558769527894));
#5278=CARTESIAN_POINT('',(14.8914882865147,71.9610383673396,6.07387416158414));
#5279=CARTESIAN_POINT('',(15.1624528467273,72.2455074960263,6.26296986978191));
#5280=CARTESIAN_POINT('',(14.857318508505,72.2652932124745,6.43700121280448));
#5281=CARTESIAN_POINT('',(14.8613923070954,72.2544394384829,6.08924479667006));
#5282=CARTESIAN_POINT('',(15.2270148918701,72.7796120478933,6.22551949356662));
#5283=CARTESIAN_POINT('',(14.9403315073567,72.8914684036162,6.38667438544688));
#5284=CARTESIAN_POINT('',(14.9341675800529,72.8478889434557,6.0512516596146));
#5285=CARTESIAN_POINT('',(15.7667572006365,73.6619460051043,5.92760455157648));
#5286=CARTESIAN_POINT('',(15.574246862621,73.845764454344,6.02276616406831));
#5287=CARTESIAN_POINT('',(15.5425727485385,73.8282600020042,5.74901911045354));
#5288=CARTESIAN_POINT('',(16.4674062997718,73.9651199871478,5.59678228160115));
#5289=CARTESIAN_POINT('',(16.3916587819935,74.1862417746526,5.62653901895078));
#5290=CARTESIAN_POINT('',(16.3323543460856,74.16512,5.41340231546052));
#5291=CARTESIAN_POINT('',(16.9541765876745,73.96512,5.40555894195072));
#5292=CARTESIAN_POINT('',(16.9541765876745,74.16512,5.40555894195072));
#5293=CARTESIAN_POINT('',(16.8810487121355,74.16512,5.21940762226925));
#5294=CARTESIAN_POINT('',(15.0904443290772,71.9814465306056,6.0738741615833));
#5295=CARTESIAN_POINT('',(11.8334487117874,68.5817341934697,8.91826731483342));
#5296=CARTESIAN_POINT('',(11.842235021529,68.7665823686124,8.90869498013037));
#5297=CARTESIAN_POINT('',(11.7067859875201,68.7806623100189,8.78302481215016));
#5298=CARTESIAN_POINT('',(12.187372945045,68.5444105334227,8.53268095151666));
#5299=CARTESIAN_POINT('',(12.2024867616976,68.7457568183834,8.51697488046648));
#5300=CARTESIAN_POINT('',(12.042674811689,68.7457466312322,8.39185024098034));
#5301=CARTESIAN_POINT('',(12.938753780372,68.5885196259151,7.80245936226012));
#5302=CARTESIAN_POINT('',(12.9661214829874,68.8432100557114,7.78348262986848));
#5303=CARTESIAN_POINT('',(12.7557664870069,68.7870099711408,7.65104572963427));
#5304=CARTESIAN_POINT('',(14.126771759678,69.1622499886124,6.88924500115218));
#5305=CARTESIAN_POINT('',(14.0411376680762,69.4623802729598,6.95484587983063));
#5306=CARTESIAN_POINT('',(13.8832449814532,69.3237254736368,6.72459637819922));
#5307=CARTESIAN_POINT('',(15.0661138068915,70.3622971619634,6.31191221187686));
#5308=CARTESIAN_POINT('',(14.8032188149562,70.5584849459824,6.46719574944094));
#5309=CARTESIAN_POINT('',(14.7747196671175,70.4463502480957,6.13889644615701));
#5310=CARTESIAN_POINT('',(15.2429961477507,71.4489233279669,6.21726416423014));
#5311=CARTESIAN_POINT('',(14.9380230743043,71.4737335289983,6.38856472647956));
#5312=CARTESIAN_POINT('',(14.9425883718441,71.4628715005218,6.0428766897823));
#5313=CARTESIAN_POINT('',(15.1891522672313,71.9814465306057,6.24781881641743));
#5314=CARTESIAN_POINT('',(14.8935073548645,71.9413547807759,6.41558769527894));
#5315=CARTESIAN_POINT('',(14.8914882865147,71.9610383673397,6.07387416158414));
#5316=CARTESIAN_POINT('',(11.6861073887717,68.5817341934697,8.78302481215027));
#5317=CARTESIAN_POINT('',(11.7067859875201,68.7806623100189,8.78302481215018));
#5318=CARTESIAN_POINT('',(11.842235021529,68.7665823686124,8.90869498013039));
#5319=CARTESIAN_POINT('',(11.8334487117874,68.5817341934697,8.91826731483344));
#5320=CARTESIAN_POINT('',(11.3026214055359,68.8226752610494,9.17931391696113));
#5321=CARTESIAN_POINT('',(11.4396225313,68.8382776536532,9.3465331763296));
#5322=CARTESIAN_POINT('',(11.4748969869597,68.6195458295606,9.30889514600718));
#5323=CARTESIAN_POINT('',(10.9278002999141,68.7442621944532,9.59365977899027));
#5324=CARTESIAN_POINT('',(11.0843845718991,68.7809246669875,9.79224271969599));
#5325=CARTESIAN_POINT('',(11.1423771254555,68.5489740899696,9.71732178396972));
#5326=CARTESIAN_POINT('',(10.5929522845345,68.573869417081,10.0074043906535));
#5327=CARTESIAN_POINT('',(10.79568093085,68.6770311367619,10.1933044988106));
#5328=CARTESIAN_POINT('',(10.8453190981392,68.3956205898256,10.1251557565005));
#5329=MECHANICAL_DESIGN_GEOMETRIC_PRESENTATION_REPRESENTATION('',(#2109),
#5330);
#5330=(
GEOMETRIC_REPRESENTATION_CONTEXT(3)
GLOBAL_UNCERTAINTY_ASSIGNED_CONTEXT((#5331))
GLOBAL_UNIT_ASSIGNED_CONTEXT((#5334,#5333,#5332))
REPRESENTATION_CONTEXT('Duct-HEF-Rapido-UHF','TOP_LEVEL_ASSEMBLY_PART')
);
#5331=UNCERTAINTY_MEASURE_WITH_UNIT(LENGTH_MEASURE(1.E-5),#5334,
'DISTANCE_ACCURACY_VALUE','Maximum Tolerance applied to model');
#5332=(
NAMED_UNIT(*)
SI_UNIT($,.STERADIAN.)
SOLID_ANGLE_UNIT()
);
#5333=(
NAMED_UNIT(*)
PLANE_ANGLE_UNIT()
SI_UNIT($,.RADIAN.)
);
#5334=(
LENGTH_UNIT()
NAMED_UNIT(*)
SI_UNIT(.MILLI.,.METRE.)
);
#5335=PRODUCT_DEFINITION_SHAPE('','',#5336);
#5336=PRODUCT_DEFINITION('','',#5338,#5337);
#5337=PRODUCT_DEFINITION_CONTEXT('',#5344,'design');
#5338=PRODUCT_DEFINITION_FORMATION_WITH_SPECIFIED_SOURCE('','',#5340,
 .NOT_KNOWN.);
#5339=PRODUCT_RELATED_PRODUCT_CATEGORY('','',(#5340));
#5340=PRODUCT('Duct-HEF-Rapido-UHF','Duct-HEF-Rapido-UHF',
'Duct-HEF-Rapido-UHF',(#5342));
#5341=PRODUCT_CATEGORY('','');
#5342=PRODUCT_CONTEXT('',#5344,'mechanical');
#5343=APPLICATION_PROTOCOL_DEFINITION('international standard',
'ap242_managed_model_based_3d_engineering',2020,#5344);
#5344=APPLICATION_CONTEXT('managed model based 3d engineering');
ENDSEC;
END-ISO-10303-21;
