ISO-10303-21;
HEADER;
/* Generated by software containing ST-Developer
 * from STEP Tools, Inc. (www.steptools.com) 
 */
/* OPTION: using custom renumber hook */

FILE_DESCRIPTION(
/* description */ ('STEP AP242 Edition 2',
'CAx-IF Rec.Pracs.---Representation and Presentation of Product Manufa
cturing Information (PMI)---4.0---2014-10-13',
'CAx-IF Rec.Pracs.---3D Tessellated Geometry---0.4---2014-09-14','2;1',
'CAx-IF Rec.Pracs.---User Defined Attributes---1.5---2016-08-15'),
/* implementation_level */ '2;1');

FILE_NAME(
/* name */ 'HEF Duct Parts - Duct-HEF-Dragon-UHF',
/* time_stamp */ '2026-09-27T02:50:08Z',
/* author */ (''),
/* organization */ (''),
/* preprocessor_version */ 'ST-DEVELOPER v20',
/* originating_system */ 'ONSHAPE BY PTC INC, 1.221',
/* authorisation */ '  ');

FILE_SCHEMA (('AP242_MANAGED_MODEL_BASED_3D_ENGINEERING_MIM_LF { 1 0 10303 442 3 1 4 }'));
ENDSEC;

DATA;
#10=SHAPE_REPRESENTATION_RELATIONSHIP('','',#2347,#11);
#11=ADVANCED_BREP_SHAPE_REPRESENTATION('',(#2345),#5873);
#12=SPHERICAL_SURFACE('',#2513,0.2);
#13=SPHERICAL_SURFACE('',#2517,0.2);
#14=DEGENERATE_TOROIDAL_SURFACE('',#2464,1.74179268297095,9.,.F.);
#15=DEGENERATE_TOROIDAL_SURFACE('',#2466,1.74179268297095,9.,.F.);
#16=DEGENERATE_TOROIDAL_SURFACE('',#2468,1.74179268297095,9.,.F.);
#17=TOROIDAL_SURFACE('',#2372,2.3,0.3);
#18=TOROIDAL_SURFACE('',#2375,2.3,0.3);
#19=TOROIDAL_SURFACE('',#2474,12.7,0.7);
#20=TOROIDAL_SURFACE('',#2477,2.3,0.3);
#21=TOROIDAL_SURFACE('',#2479,2.3,0.3);
#22=TOROIDAL_SURFACE('',#2481,2.6,0.3);
#23=TOROIDAL_SURFACE('',#2482,2.3,0.3);
#24=TOROIDAL_SURFACE('',#2484,2.3,0.3);
#25=TOROIDAL_SURFACE('',#2486,2.6,0.3);
#26=TOROIDAL_SURFACE('',#2487,2.3,0.3);
#27=TOROIDAL_SURFACE('',#2489,2.6,0.3);
#28=TOROIDAL_SURFACE('',#2490,2.3,0.3);
#29=TOROIDAL_SURFACE('',#2492,2.6,0.3);
#30=TOROIDAL_SURFACE('',#2493,2.6,0.85);
#31=TOROIDAL_SURFACE('',#2494,2.6,0.85);
#32=TOROIDAL_SURFACE('',#2495,2.6,0.85);
#33=TOROIDAL_SURFACE('',#2496,2.6,0.85);
#34=TOROIDAL_SURFACE('',#2498,2.35095494310008,0.2);
#35=TOROIDAL_SURFACE('',#2500,2.35095494310008,0.2);
#36=TOROIDAL_SURFACE('',#2504,2.35095494310008,0.2);
#37=TOROIDAL_SURFACE('',#2526,12.4,0.4);
#38=TOROIDAL_SURFACE('',#2535,12.4,0.4);
#39=ELLIPSE('',#2368,2.49103493729109,2.);
#40=ELLIPSE('',#2370,2.49103493729109,2.);
#41=ELLIPSE('',#2432,3.61200065907208,2.9);
#42=ELLIPSE('',#2447,3.61200065907208,2.9);
#43=ELLIPSE('',#2507,12.1437255198512,9.55503189712986);
#44=ELLIPSE('',#2508,12.1437255198512,9.55503189712986);
#45=ELLIPSE('',#2509,0.498206987458218,0.4);
#46=ELLIPSE('',#2510,0.498206987458218,0.4);
#47=CYLINDRICAL_SURFACE('',#2357,0.2);
#48=CYLINDRICAL_SURFACE('',#2360,0.2);
#49=CYLINDRICAL_SURFACE('',#2366,2.);
#50=CYLINDRICAL_SURFACE('',#2369,2.);
#51=CYLINDRICAL_SURFACE('',#2378,0.2);
#52=CYLINDRICAL_SURFACE('',#2380,0.2);
#53=CYLINDRICAL_SURFACE('',#2383,12.);
#54=CYLINDRICAL_SURFACE('',#2385,12.);
#55=CYLINDRICAL_SURFACE('',#2387,12.);
#56=CYLINDRICAL_SURFACE('',#2389,1.6);
#57=CYLINDRICAL_SURFACE('',#2395,2.);
#58=CYLINDRICAL_SURFACE('',#2398,2.);
#59=CYLINDRICAL_SURFACE('',#2401,2.);
#60=CYLINDRICAL_SURFACE('',#2404,1.6);
#61=CYLINDRICAL_SURFACE('',#2407,1.6);
#62=CYLINDRICAL_SURFACE('',#2410,1.6);
#63=CYLINDRICAL_SURFACE('',#2413,2.);
#64=CYLINDRICAL_SURFACE('',#2431,2.9);
#65=CYLINDRICAL_SURFACE('',#2438,2.9);
#66=CYLINDRICAL_SURFACE('',#2444,2.9);
#67=CYLINDRICAL_SURFACE('',#2446,2.9);
#68=CYLINDRICAL_SURFACE('',#2452,2.);
#69=CYLINDRICAL_SURFACE('',#2454,2.);
#70=CYLINDRICAL_SURFACE('',#2456,2.);
#71=CYLINDRICAL_SURFACE('',#2458,2.);
#72=CYLINDRICAL_SURFACE('',#2460,2.);
#73=CYLINDRICAL_SURFACE('',#2462,2.);
#74=CYLINDRICAL_SURFACE('',#2470,10.7126451419745);
#75=CYLINDRICAL_SURFACE('',#2501,0.2);
#76=CYLINDRICAL_SURFACE('',#2503,0.2);
#77=CYLINDRICAL_SURFACE('',#2515,0.2);
#78=CYLINDRICAL_SURFACE('',#2519,13.8);
#79=CYLINDRICAL_SURFACE('',#2521,13.8);
#80=CYLINDRICAL_SURFACE('',#2522,13.8);
#81=CYLINDRICAL_SURFACE('',#2529,0.4);
#82=CYLINDRICAL_SURFACE('',#2530,0.4);
#83=CONICAL_SURFACE('',#2353,12.,0.26179938779915);
#84=CIRCLE('',#2350,2.35095494310008);
#85=CIRCLE('',#2351,2.35095494310008);
#86=CIRCLE('',#2352,2.35095494310008);
#87=CIRCLE('',#2354,12.);
#88=CIRCLE('',#2355,12.);
#89=CIRCLE('',#2356,12.);
#90=CIRCLE('',#2358,0.2);
#91=CIRCLE('',#2359,0.2);
#92=CIRCLE('',#2361,0.2);
#93=CIRCLE('',#2363,12.4);
#94=CIRCLE('',#2365,12.4);
#95=CIRCLE('',#2367,2.);
#96=CIRCLE('',#2371,2.);
#97=CIRCLE('',#2373,0.3);
#98=CIRCLE('',#2374,2.3);
#99=CIRCLE('',#2376,2.3);
#100=CIRCLE('',#2377,0.3);
#101=CIRCLE('',#2379,0.2);
#102=CIRCLE('',#2381,0.2);
#103=CIRCLE('',#2382,0.2);
#104=CIRCLE('',#2384,12.);
#105=CIRCLE('',#2386,12.);
#106=CIRCLE('',#2388,12.);
#107=CIRCLE('',#2390,1.6);
#108=CIRCLE('',#2391,1.6);
#109=CIRCLE('',#2393,2.);
#110=CIRCLE('',#2394,2.);
#111=CIRCLE('',#2396,2.);
#112=CIRCLE('',#2397,2.);
#113=CIRCLE('',#2399,2.);
#114=CIRCLE('',#2400,2.);
#115=CIRCLE('',#2402,2.);
#116=CIRCLE('',#2403,2.);
#117=CIRCLE('',#2405,1.6);
#118=CIRCLE('',#2406,1.6);
#119=CIRCLE('',#2408,1.6);
#120=CIRCLE('',#2409,1.6);
#121=CIRCLE('',#2411,1.6);
#122=CIRCLE('',#2412,1.6);
#123=CIRCLE('',#2414,2.);
#124=CIRCLE('',#2415,2.);
#125=CIRCLE('',#2418,12.7);
#126=CIRCLE('',#2422,2.);
#127=CIRCLE('',#2423,2.);
#128=CIRCLE('',#2425,7.);
#129=CIRCLE('',#2426,7.);
#130=CIRCLE('',#2427,7.);
#131=CIRCLE('',#2429,2.3);
#132=CIRCLE('',#2430,2.6);
#133=CIRCLE('',#2433,2.9);
#134=CIRCLE('',#2435,2.6);
#135=CIRCLE('',#2436,2.3);
#136=CIRCLE('',#2437,2.3);
#137=CIRCLE('',#2439,2.9);
#138=CIRCLE('',#2441,2.6);
#139=CIRCLE('',#2442,2.3);
#140=CIRCLE('',#2443,2.3);
#141=CIRCLE('',#2445,2.9);
#142=CIRCLE('',#2448,2.9);
#143=CIRCLE('',#2450,2.6);
#144=CIRCLE('',#2451,2.3);
#145=CIRCLE('',#2453,2.);
#146=CIRCLE('',#2455,2.);
#147=CIRCLE('',#2457,2.);
#148=CIRCLE('',#2459,2.);
#149=CIRCLE('',#2461,2.);
#150=CIRCLE('',#2463,2.);
#151=CIRCLE('',#2465,2.44397193460169);
#152=CIRCLE('',#2467,2.44397193460169);
#153=CIRCLE('',#2469,2.44397193460169);
#154=CIRCLE('',#2472,0.7);
#155=CIRCLE('',#2473,0.7);
#156=CIRCLE('',#2475,0.7);
#157=CIRCLE('',#2476,0.7);
#158=CIRCLE('',#2478,0.3);
#159=CIRCLE('',#2480,0.3);
#160=CIRCLE('',#2483,0.3);
#161=CIRCLE('',#2485,0.3);
#162=CIRCLE('',#2488,0.3);
#163=CIRCLE('',#2491,0.3);
#164=CIRCLE('',#2497,0.2);
#165=CIRCLE('',#2499,0.2);
#166=CIRCLE('',#2502,0.2);
#167=CIRCLE('',#2505,0.2);
#168=CIRCLE('',#2511,0.2);
#169=CIRCLE('',#2512,0.2);
#170=CIRCLE('',#2514,0.2);
#171=CIRCLE('',#2516,0.2);
#172=CIRCLE('',#2518,0.2);
#173=CIRCLE('',#2520,0.2);
#174=CIRCLE('',#2523,0.2);
#175=CIRCLE('',#2524,0.4);
#176=CIRCLE('',#2525,0.4);
#177=CIRCLE('',#2527,0.4);
#178=CIRCLE('',#2528,0.4);
#179=CIRCLE('',#2531,0.4);
#180=CIRCLE('',#2532,0.4);
#181=CIRCLE('',#2533,0.4);
#182=CIRCLE('',#2534,0.4);
#183=LINE('',#3247,#253);
#184=LINE('',#3250,#254);
#185=LINE('',#3263,#255);
#186=LINE('',#3270,#256);
#187=LINE('',#3272,#257);
#188=LINE('',#3285,#258);
#189=LINE('',#3287,#259);
#190=LINE('',#3289,#260);
#191=LINE('',#3302,#261);
#192=LINE('',#3518,#262);
#193=LINE('',#3555,#263);
#194=LINE('',#3571,#264);
#195=LINE('',#3573,#265);
#196=LINE('',#3598,#266);
#197=LINE('',#3600,#267);
#198=LINE('',#3620,#268);
#199=LINE('',#3622,#269);
#200=LINE('',#3645,#270);
#201=LINE('',#3660,#271);
#202=LINE('',#3678,#272);
#203=LINE('',#3691,#273);
#204=LINE('',#3921,#274);
#205=LINE('',#3940,#275);
#206=LINE('',#3983,#276);
#207=LINE('',#4075,#277);
#208=LINE('',#4087,#278);
#209=LINE('',#4091,#279);
#210=LINE('',#4096,#280);
#211=LINE('',#4100,#281);
#212=LINE('',#4105,#282);
#213=LINE('',#4109,#283);
#214=LINE('',#4129,#284);
#215=LINE('',#4133,#285);
#216=LINE('',#4135,#286);
#217=LINE('',#4138,#287);
#218=LINE('',#4140,#288);
#219=LINE('',#4147,#289);
#220=LINE('',#4148,#290);
#221=LINE('',#4149,#291);
#222=LINE('',#4156,#292);
#223=LINE('',#4161,#293);
#224=LINE('',#4168,#294);
#225=LINE('',#4169,#295);
#226=LINE('',#4170,#296);
#227=LINE('',#4177,#297);
#228=LINE('',#4179,#298);
#229=LINE('',#4186,#299);
#230=LINE('',#4187,#300);
#231=LINE('',#4188,#301);
#232=LINE('',#4195,#302);
#233=LINE('',#4196,#303);
#234=LINE('',#4197,#304);
#235=LINE('',#4198,#305);
#236=LINE('',#4222,#306);
#237=LINE('',#4238,#307);
#238=LINE('',#4247,#308);
#239=LINE('',#4256,#309);
#240=LINE('',#4258,#310);
#241=LINE('',#4259,#311);
#242=LINE('',#4279,#312);
#243=LINE('',#4284,#313);
#244=LINE('',#4292,#314);
#245=LINE('',#4303,#315);
#246=LINE('',#4313,#316);
#247=LINE('',#4324,#317);
#248=LINE('',#4330,#318);
#249=LINE('',#4337,#319);
#250=LINE('',#4474,#320);
#251=LINE('',#5193,#321);
#252=LINE('',#5266,#322);
#253=VECTOR('',#2540,1000.);
#254=VECTOR('',#2541,1000.);
#255=VECTOR('',#2544,1000.);
#256=VECTOR('',#2545,1000.);
#257=VECTOR('',#2546,1000.);
#258=VECTOR('',#2549,1000.);
#259=VECTOR('',#2550,1000.);
#260=VECTOR('',#2551,1000.);
#261=VECTOR('',#2554,1000.);
#262=VECTOR('',#2565,1000.);
#263=VECTOR('',#2572,1000.);
#264=VECTOR('',#2577,1000.);
#265=VECTOR('',#2578,1000.);
#266=VECTOR('',#2583,1000.);
#267=VECTOR('',#2584,1000.);
#268=VECTOR('',#2593,1000.);
#269=VECTOR('',#2596,1000.);
#270=VECTOR('',#2601,1000.);
#271=VECTOR('',#2602,1000.);
#272=VECTOR('',#2603,1000.);
#273=VECTOR('',#2604,1000.);
#274=VECTOR('',#2631,1000.);
#275=VECTOR('',#2636,1000.);
#276=VECTOR('',#2645,1000.);
#277=VECTOR('',#2652,1000.);
#278=VECTOR('',#2659,1000.);
#279=VECTOR('',#2662,1000.);
#280=VECTOR('',#2667,1000.);
#281=VECTOR('',#2670,1000.);
#282=VECTOR('',#2675,1000.);
#283=VECTOR('',#2678,1000.);
#284=VECTOR('',#2701,1000.);
#285=VECTOR('',#2704,1000.);
#286=VECTOR('',#2707,1000.);
#287=VECTOR('',#2708,1000.);
#288=VECTOR('',#2709,1000.);
#289=VECTOR('',#2710,1000.);
#290=VECTOR('',#2711,1000.);
#291=VECTOR('',#2712,1000.);
#292=VECTOR('',#2715,1000.);
#293=VECTOR('',#2718,1000.);
#294=VECTOR('',#2719,1000.);
#295=VECTOR('',#2720,1000.);
#296=VECTOR('',#2721,1000.);
#297=VECTOR('',#2724,1000.);
#298=VECTOR('',#2725,1000.);
#299=VECTOR('',#2726,1000.);
#300=VECTOR('',#2727,1000.);
#301=VECTOR('',#2728,1000.);
#302=VECTOR('',#2731,1000.);
#303=VECTOR('',#2732,1000.);
#304=VECTOR('',#2733,1000.);
#305=VECTOR('',#2734,1000.);
#306=VECTOR('',#2745,1000.);
#307=VECTOR('',#2746,1000.);
#308=VECTOR('',#2749,1000.);
#309=VECTOR('',#2750,1000.);
#310=VECTOR('',#2751,1000.);
#311=VECTOR('',#2752,1000.);
#312=VECTOR('',#2763,1000.);
#313=VECTOR('',#2768,1000.);
#314=VECTOR('',#2779,1000.);
#315=VECTOR('',#2780,1000.);
#316=VECTOR('',#2793,1000.);
#317=VECTOR('',#2794,1000.);
#318=VECTOR('',#2801,1000.);
#319=VECTOR('',#2802,1000.);
#320=VECTOR('',#2847,1000.);
#321=VECTOR('',#2912,1000.);
#322=VECTOR('',#2925,1000.);
#323=PLANE('',#2349);
#324=PLANE('',#2362);
#325=PLANE('',#2364);
#326=PLANE('',#2392);
#327=PLANE('',#2416);
#328=PLANE('',#2417);
#329=PLANE('',#2419);
#330=PLANE('',#2420);
#331=PLANE('',#2421);
#332=PLANE('',#2424);
#333=PLANE('',#2428);
#334=PLANE('',#2434);
#335=PLANE('',#2440);
#336=PLANE('',#2449);
#337=PLANE('',#2471);
#338=PLANE('',#2506);
#339=B_SPLINE_SURFACE_WITH_KNOTS('',3,1,((#3082,#3083,#3084),(#3085,#3086,
#3087),(#3088,#3089,#3090),(#3091,#3092,#3093),(#3094,#3095,#3096),(#3097,
#3098,#3099),(#3100,#3101,#3102),(#3103,#3104,#3105),(#3106,#3107,#3108),
(#3109,#3110,#3111),(#3112,#3113,#3114),(#3115,#3116,#3117),(#3118,#3119,
#3120),(#3121,#3122,#3123),(#3124,#3125,#3126),(#3127,#3128,#3129),(#3130,
#3131,#3132),(#3133,#3134,#3135),(#3136,#3137,#3138),(#3139,#3140,#3141),
(#3142,#3143,#3144),(#3145,#3146,#3147),(#3148,#3149,#3150),(#3151,#3152,
#3153),(#3154,#3155,#3156),(#3157,#3158,#3159),(#3160,#3161,#3162),(#3163,
#3164,#3165),(#3166,#3167,#3168),(#3169,#3170,#3171),(#3172,#3173,#3174),
(#3175,#3176,#3177),(#3178,#3179,#3180),(#3181,#3182,#3183),(#3184,#3185,
#3186),(#3187,#3188,#3189),(#3190,#3191,#3192),(#3193,#3194,#3195),(#3196,
#3197,#3198),(#3199,#3200,#3201)),.RULED_SURF.,.F.,.F.,.F.,(4,3,3,2,2,2,
2,2,2,2,2,2,2,2,2,2,2,2,4),(2,1,2),(-0.0721197533012626,-0.0229651411753148,
0.,0.0625,0.125,0.1875,0.25,0.3125,0.375,0.4375,0.5,0.5625,0.625,0.6875,
0.75,0.8125,0.875,0.9375,0.941716926025289),(-0.0241887708512656,0.,0.998354460118359),
 .UNSPECIFIED.);
#340=B_SPLINE_SURFACE_WITH_KNOTS('',3,1,((#3628,#3629),(#3630,#3631),(#3632,
#3633),(#3634,#3635)),.SURF_OF_LINEAR_EXTRUSION.,.F.,.F.,.F.,(4,4),(2,2),
(0.0222309932423862,1.),(0.,1.),.PIECEWISE_BEZIER_KNOTS.);
#341=B_SPLINE_SURFACE_WITH_KNOTS('',3,1,((#3661,#3662),(#3663,#3664),(#3665,
#3666),(#3667,#3668)),.SURF_OF_LINEAR_EXTRUSION.,.F.,.F.,.F.,(4,4),(2,2),
(0.0247248083553246,1.),(0.,1.),.PIECEWISE_BEZIER_KNOTS.);
#342=B_SPLINE_SURFACE_WITH_KNOTS('',3,1,((#4445,#4446),(#4447,#4448),(#4449,
#4450),(#4451,#4452)),.SURF_OF_LINEAR_EXTRUSION.,.F.,.F.,.F.,(4,4),(2,2),
(0.0247248083553193,1.),(0.,1.),.PIECEWISE_BEZIER_KNOTS.);
#343=B_SPLINE_SURFACE_WITH_KNOTS('',3,1,((#4466,#4467),(#4468,#4469),(#4470,
#4471),(#4472,#4473)),.SURF_OF_LINEAR_EXTRUSION.,.F.,.F.,.F.,(4,4),(2,2),
(0.0222309932422512,1.),(0.,1.),.PIECEWISE_BEZIER_KNOTS.);
#344=B_SPLINE_SURFACE_WITH_KNOTS('',3,3,((#5295,#5296,#5297,#5298,#5299,
#5300,#5301),(#5302,#5303,#5304,#5305,#5306,#5307,#5308),(#5309,#5310,#5311,
#5312,#5313,#5314,#5315),(#5316,#5317,#5318,#5319,#5320,#5321,#5322),(#5323,
#5324,#5325,#5326,#5327,#5328,#5329)),.UNSPECIFIED.,.F.,.F.,.F.,(4,1,4),
(4,1,1,1,4),(0.00132210375545269,0.00162141085819371,0.00192071796093472),
(0.,0.251552044336539,0.503104088673077,0.754656133009616,1.00620817734615),
 .UNSPECIFIED.);
#345=B_SPLINE_SURFACE_WITH_KNOTS('',3,1,((#5412,#5413),(#5414,#5415),(#5416,
#5417),(#5418,#5419),(#5420,#5421),(#5422,#5423)),.RULED_SURF.,.F.,.F.,
 .F.,(4,2,4),(2,2),(0.889471867443413,0.9375,0.996563598672929),(0.0796084221866054,
0.416811256245626),.UNSPECIFIED.);
#346=B_SPLINE_SURFACE_WITH_KNOTS('',3,1,((#5541,#5542),(#5543,#5544),(#5545,
#5546),(#5547,#5548),(#5549,#5550),(#5551,#5552),(#5553,#5554),(#5555,#5556)),
 .SURF_OF_LINEAR_EXTRUSION.,.F.,.F.,.F.,(4,1,1,1,1,4),(2,2),(-0.19609495555107,
-0.0465830861071866,0.102928783336697,0.401952522224465,0.700976261112232,
1.),(0.,1.),.UNSPECIFIED.);
#347=B_SPLINE_SURFACE_WITH_KNOTS('',3,1,((#5576,#5577),(#5578,#5579),(#5580,
#5581),(#5582,#5583),(#5584,#5585),(#5586,#5587),(#5588,#5589),(#5590,#5591)),
 .SURF_OF_LINEAR_EXTRUSION.,.F.,.F.,.F.,(4,1,1,1,1,4),(2,2),(-0.268475566935786,
-0.109916121068813,0.0486433247981602,0.365762216532107,0.682881108266053,
1.),(0.,1.),.UNSPECIFIED.);
#348=ORIENTED_EDGE('',*,*,#1066,.F.);
#349=ORIENTED_EDGE('',*,*,#1067,.F.);
#350=ORIENTED_EDGE('',*,*,#1068,.F.);
#351=ORIENTED_EDGE('',*,*,#1069,.T.);
#352=ORIENTED_EDGE('',*,*,#1067,.T.);
#353=ORIENTED_EDGE('',*,*,#1070,.T.);
#354=ORIENTED_EDGE('',*,*,#1071,.T.);
#355=ORIENTED_EDGE('',*,*,#1072,.T.);
#356=ORIENTED_EDGE('',*,*,#1073,.F.);
#357=ORIENTED_EDGE('',*,*,#1074,.F.);
#358=ORIENTED_EDGE('',*,*,#1075,.F.);
#359=ORIENTED_EDGE('',*,*,#1076,.F.);
#360=ORIENTED_EDGE('',*,*,#1077,.T.);
#361=ORIENTED_EDGE('',*,*,#1078,.T.);
#362=ORIENTED_EDGE('',*,*,#1079,.T.);
#363=ORIENTED_EDGE('',*,*,#1080,.T.);
#364=ORIENTED_EDGE('',*,*,#1081,.T.);
#365=ORIENTED_EDGE('',*,*,#1082,.F.);
#366=ORIENTED_EDGE('',*,*,#1083,.T.);
#367=ORIENTED_EDGE('',*,*,#1084,.T.);
#368=ORIENTED_EDGE('',*,*,#1085,.T.);
#369=ORIENTED_EDGE('',*,*,#1086,.T.);
#370=ORIENTED_EDGE('',*,*,#1087,.T.);
#371=ORIENTED_EDGE('',*,*,#1088,.T.);
#372=ORIENTED_EDGE('',*,*,#1089,.T.);
#373=ORIENTED_EDGE('',*,*,#1090,.T.);
#374=ORIENTED_EDGE('',*,*,#1091,.T.);
#375=ORIENTED_EDGE('',*,*,#1092,.T.);
#376=ORIENTED_EDGE('',*,*,#1093,.T.);
#377=ORIENTED_EDGE('',*,*,#1094,.F.);
#378=ORIENTED_EDGE('',*,*,#1095,.T.);
#379=ORIENTED_EDGE('',*,*,#1096,.T.);
#380=ORIENTED_EDGE('',*,*,#1097,.T.);
#381=ORIENTED_EDGE('',*,*,#1098,.T.);
#382=ORIENTED_EDGE('',*,*,#1099,.T.);
#383=ORIENTED_EDGE('',*,*,#1070,.F.);
#384=ORIENTED_EDGE('',*,*,#1068,.T.);
#385=ORIENTED_EDGE('',*,*,#1069,.F.);
#386=ORIENTED_EDGE('',*,*,#1100,.F.);
#387=ORIENTED_EDGE('',*,*,#1101,.T.);
#388=ORIENTED_EDGE('',*,*,#1102,.T.);
#389=ORIENTED_EDGE('',*,*,#1103,.F.);
#390=ORIENTED_EDGE('',*,*,#1104,.T.);
#391=ORIENTED_EDGE('',*,*,#1105,.F.);
#392=ORIENTED_EDGE('',*,*,#1106,.T.);
#393=ORIENTED_EDGE('',*,*,#1107,.T.);
#394=ORIENTED_EDGE('',*,*,#1108,.F.);
#395=ORIENTED_EDGE('',*,*,#1109,.T.);
#396=ORIENTED_EDGE('',*,*,#1110,.T.);
#397=ORIENTED_EDGE('',*,*,#1111,.F.);
#398=ORIENTED_EDGE('',*,*,#1112,.T.);
#399=ORIENTED_EDGE('',*,*,#1113,.F.);
#400=ORIENTED_EDGE('',*,*,#1114,.T.);
#401=ORIENTED_EDGE('',*,*,#1115,.T.);
#402=ORIENTED_EDGE('',*,*,#1116,.T.);
#403=ORIENTED_EDGE('',*,*,#1117,.T.);
#404=ORIENTED_EDGE('',*,*,#1118,.F.);
#405=ORIENTED_EDGE('',*,*,#1119,.T.);
#406=ORIENTED_EDGE('',*,*,#1120,.T.);
#407=ORIENTED_EDGE('',*,*,#1121,.T.);
#408=ORIENTED_EDGE('',*,*,#1122,.T.);
#409=ORIENTED_EDGE('',*,*,#1083,.F.);
#410=ORIENTED_EDGE('',*,*,#1123,.T.);
#411=ORIENTED_EDGE('',*,*,#1124,.F.);
#412=ORIENTED_EDGE('',*,*,#1125,.F.);
#413=ORIENTED_EDGE('',*,*,#1126,.F.);
#414=ORIENTED_EDGE('',*,*,#1127,.F.);
#415=ORIENTED_EDGE('',*,*,#1128,.T.);
#416=ORIENTED_EDGE('',*,*,#1129,.F.);
#417=ORIENTED_EDGE('',*,*,#1130,.F.);
#418=ORIENTED_EDGE('',*,*,#1077,.F.);
#419=ORIENTED_EDGE('',*,*,#1131,.T.);
#420=ORIENTED_EDGE('',*,*,#1127,.T.);
#421=ORIENTED_EDGE('',*,*,#1132,.F.);
#422=ORIENTED_EDGE('',*,*,#1133,.F.);
#423=ORIENTED_EDGE('',*,*,#1134,.T.);
#424=ORIENTED_EDGE('',*,*,#1135,.T.);
#425=ORIENTED_EDGE('',*,*,#1136,.F.);
#426=ORIENTED_EDGE('',*,*,#1137,.T.);
#427=ORIENTED_EDGE('',*,*,#1138,.T.);
#428=ORIENTED_EDGE('',*,*,#1139,.T.);
#429=ORIENTED_EDGE('',*,*,#1140,.T.);
#430=ORIENTED_EDGE('',*,*,#1141,.T.);
#431=ORIENTED_EDGE('',*,*,#1142,.F.);
#432=ORIENTED_EDGE('',*,*,#1143,.T.);
#433=ORIENTED_EDGE('',*,*,#1144,.T.);
#434=ORIENTED_EDGE('',*,*,#1145,.T.);
#435=ORIENTED_EDGE('',*,*,#1146,.T.);
#436=ORIENTED_EDGE('',*,*,#1147,.T.);
#437=ORIENTED_EDGE('',*,*,#1148,.F.);
#438=ORIENTED_EDGE('',*,*,#1149,.F.);
#439=ORIENTED_EDGE('',*,*,#1150,.T.);
#440=ORIENTED_EDGE('',*,*,#1151,.T.);
#441=ORIENTED_EDGE('',*,*,#1152,.T.);
#442=ORIENTED_EDGE('',*,*,#1153,.T.);
#443=ORIENTED_EDGE('',*,*,#1154,.T.);
#444=ORIENTED_EDGE('',*,*,#1155,.T.);
#445=ORIENTED_EDGE('',*,*,#1156,.T.);
#446=ORIENTED_EDGE('',*,*,#1157,.T.);
#447=ORIENTED_EDGE('',*,*,#1158,.T.);
#448=ORIENTED_EDGE('',*,*,#1159,.T.);
#449=ORIENTED_EDGE('',*,*,#1160,.T.);
#450=ORIENTED_EDGE('',*,*,#1161,.F.);
#451=ORIENTED_EDGE('',*,*,#1162,.T.);
#452=ORIENTED_EDGE('',*,*,#1154,.F.);
#453=ORIENTED_EDGE('',*,*,#1163,.F.);
#454=ORIENTED_EDGE('',*,*,#1073,.T.);
#455=ORIENTED_EDGE('',*,*,#1164,.T.);
#456=ORIENTED_EDGE('',*,*,#1165,.T.);
#457=ORIENTED_EDGE('',*,*,#1166,.T.);
#458=ORIENTED_EDGE('',*,*,#1167,.T.);
#459=ORIENTED_EDGE('',*,*,#1121,.F.);
#460=ORIENTED_EDGE('',*,*,#1168,.T.);
#461=ORIENTED_EDGE('',*,*,#1119,.F.);
#462=ORIENTED_EDGE('',*,*,#1169,.F.);
#463=ORIENTED_EDGE('',*,*,#1160,.F.);
#464=ORIENTED_EDGE('',*,*,#1170,.F.);
#465=ORIENTED_EDGE('',*,*,#1146,.F.);
#466=ORIENTED_EDGE('',*,*,#1171,.F.);
#467=ORIENTED_EDGE('',*,*,#1172,.F.);
#468=ORIENTED_EDGE('',*,*,#1173,.F.);
#469=ORIENTED_EDGE('',*,*,#1174,.F.);
#470=ORIENTED_EDGE('',*,*,#1175,.F.);
#471=ORIENTED_EDGE('',*,*,#1151,.F.);
#472=ORIENTED_EDGE('',*,*,#1156,.F.);
#473=ORIENTED_EDGE('',*,*,#1176,.T.);
#474=ORIENTED_EDGE('',*,*,#1086,.F.);
#475=ORIENTED_EDGE('',*,*,#1177,.T.);
#476=ORIENTED_EDGE('',*,*,#1178,.F.);
#477=ORIENTED_EDGE('',*,*,#1088,.F.);
#478=ORIENTED_EDGE('',*,*,#1179,.T.);
#479=ORIENTED_EDGE('',*,*,#1158,.F.);
#480=ORIENTED_EDGE('',*,*,#1180,.T.);
#481=ORIENTED_EDGE('',*,*,#1181,.T.);
#482=ORIENTED_EDGE('',*,*,#1182,.T.);
#483=ORIENTED_EDGE('',*,*,#1183,.F.);
#484=ORIENTED_EDGE('',*,*,#1184,.F.);
#485=ORIENTED_EDGE('',*,*,#1117,.F.);
#486=ORIENTED_EDGE('',*,*,#1185,.T.);
#487=ORIENTED_EDGE('',*,*,#1115,.F.);
#488=ORIENTED_EDGE('',*,*,#1186,.T.);
#489=ORIENTED_EDGE('',*,*,#1187,.T.);
#490=ORIENTED_EDGE('',*,*,#1188,.T.);
#491=ORIENTED_EDGE('',*,*,#1189,.T.);
#492=ORIENTED_EDGE('',*,*,#1190,.T.);
#493=ORIENTED_EDGE('',*,*,#1191,.T.);
#494=ORIENTED_EDGE('',*,*,#1192,.T.);
#495=ORIENTED_EDGE('',*,*,#1193,.T.);
#496=ORIENTED_EDGE('',*,*,#1194,.T.);
#497=ORIENTED_EDGE('',*,*,#1195,.T.);
#498=ORIENTED_EDGE('',*,*,#1196,.T.);
#499=ORIENTED_EDGE('',*,*,#1197,.T.);
#500=ORIENTED_EDGE('',*,*,#1198,.T.);
#501=ORIENTED_EDGE('',*,*,#1199,.T.);
#502=ORIENTED_EDGE('',*,*,#1200,.T.);
#503=ORIENTED_EDGE('',*,*,#1201,.T.);
#504=ORIENTED_EDGE('',*,*,#1202,.T.);
#505=ORIENTED_EDGE('',*,*,#1203,.F.);
#506=ORIENTED_EDGE('',*,*,#1204,.T.);
#507=ORIENTED_EDGE('',*,*,#1205,.F.);
#508=ORIENTED_EDGE('',*,*,#1188,.F.);
#509=ORIENTED_EDGE('',*,*,#1206,.T.);
#510=ORIENTED_EDGE('',*,*,#1097,.F.);
#511=ORIENTED_EDGE('',*,*,#1207,.T.);
#512=ORIENTED_EDGE('',*,*,#1191,.F.);
#513=ORIENTED_EDGE('',*,*,#1208,.T.);
#514=ORIENTED_EDGE('',*,*,#1198,.F.);
#515=ORIENTED_EDGE('',*,*,#1209,.T.);
#516=ORIENTED_EDGE('',*,*,#1190,.F.);
#517=ORIENTED_EDGE('',*,*,#1210,.T.);
#518=ORIENTED_EDGE('',*,*,#1211,.T.);
#519=ORIENTED_EDGE('',*,*,#1212,.F.);
#520=ORIENTED_EDGE('',*,*,#1213,.T.);
#521=ORIENTED_EDGE('',*,*,#1214,.T.);
#522=ORIENTED_EDGE('',*,*,#1215,.F.);
#523=ORIENTED_EDGE('',*,*,#1216,.T.);
#524=ORIENTED_EDGE('',*,*,#1217,.T.);
#525=ORIENTED_EDGE('',*,*,#1218,.F.);
#526=ORIENTED_EDGE('',*,*,#1219,.F.);
#527=ORIENTED_EDGE('',*,*,#1220,.T.);
#528=ORIENTED_EDGE('',*,*,#1221,.T.);
#529=ORIENTED_EDGE('',*,*,#1222,.F.);
#530=ORIENTED_EDGE('',*,*,#1223,.F.);
#531=ORIENTED_EDGE('',*,*,#1224,.T.);
#532=ORIENTED_EDGE('',*,*,#1225,.T.);
#533=ORIENTED_EDGE('',*,*,#1226,.F.);
#534=ORIENTED_EDGE('',*,*,#1227,.F.);
#535=ORIENTED_EDGE('',*,*,#1228,.T.);
#536=ORIENTED_EDGE('',*,*,#1229,.F.);
#537=ORIENTED_EDGE('',*,*,#1230,.T.);
#538=ORIENTED_EDGE('',*,*,#1231,.F.);
#539=ORIENTED_EDGE('',*,*,#1232,.T.);
#540=ORIENTED_EDGE('',*,*,#1233,.F.);
#541=ORIENTED_EDGE('',*,*,#1234,.T.);
#542=ORIENTED_EDGE('',*,*,#1235,.T.);
#543=ORIENTED_EDGE('',*,*,#1236,.F.);
#544=ORIENTED_EDGE('',*,*,#1237,.T.);
#545=ORIENTED_EDGE('',*,*,#1238,.F.);
#546=ORIENTED_EDGE('',*,*,#1239,.T.);
#547=ORIENTED_EDGE('',*,*,#1240,.T.);
#548=ORIENTED_EDGE('',*,*,#1241,.F.);
#549=ORIENTED_EDGE('',*,*,#1236,.T.);
#550=ORIENTED_EDGE('',*,*,#1242,.T.);
#551=ORIENTED_EDGE('',*,*,#1216,.F.);
#552=ORIENTED_EDGE('',*,*,#1243,.F.);
#553=ORIENTED_EDGE('',*,*,#1244,.T.);
#554=ORIENTED_EDGE('',*,*,#1245,.T.);
#555=ORIENTED_EDGE('',*,*,#1246,.T.);
#556=ORIENTED_EDGE('',*,*,#1247,.T.);
#557=ORIENTED_EDGE('',*,*,#1248,.T.);
#558=ORIENTED_EDGE('',*,*,#1249,.F.);
#559=ORIENTED_EDGE('',*,*,#1218,.T.);
#560=ORIENTED_EDGE('',*,*,#1250,.T.);
#561=ORIENTED_EDGE('',*,*,#1220,.F.);
#562=ORIENTED_EDGE('',*,*,#1251,.F.);
#563=ORIENTED_EDGE('',*,*,#1252,.T.);
#564=ORIENTED_EDGE('',*,*,#1253,.T.);
#565=ORIENTED_EDGE('',*,*,#1212,.T.);
#566=ORIENTED_EDGE('',*,*,#1254,.T.);
#567=ORIENTED_EDGE('',*,*,#1255,.T.);
#568=ORIENTED_EDGE('',*,*,#1256,.T.);
#569=ORIENTED_EDGE('',*,*,#1222,.T.);
#570=ORIENTED_EDGE('',*,*,#1257,.F.);
#571=ORIENTED_EDGE('',*,*,#1224,.F.);
#572=ORIENTED_EDGE('',*,*,#1258,.T.);
#573=ORIENTED_EDGE('',*,*,#1259,.T.);
#574=ORIENTED_EDGE('',*,*,#1260,.T.);
#575=ORIENTED_EDGE('',*,*,#1261,.T.);
#576=ORIENTED_EDGE('',*,*,#1226,.T.);
#577=ORIENTED_EDGE('',*,*,#1262,.F.);
#578=ORIENTED_EDGE('',*,*,#1234,.F.);
#579=ORIENTED_EDGE('',*,*,#1263,.T.);
#580=ORIENTED_EDGE('',*,*,#1264,.T.);
#581=ORIENTED_EDGE('',*,*,#1265,.T.);
#582=ORIENTED_EDGE('',*,*,#1194,.F.);
#583=ORIENTED_EDGE('',*,*,#1266,.T.);
#584=ORIENTED_EDGE('',*,*,#1267,.T.);
#585=ORIENTED_EDGE('',*,*,#1238,.T.);
#586=ORIENTED_EDGE('',*,*,#1268,.T.);
#587=ORIENTED_EDGE('',*,*,#1269,.T.);
#588=ORIENTED_EDGE('',*,*,#1270,.T.);
#589=ORIENTED_EDGE('',*,*,#1271,.T.);
#590=ORIENTED_EDGE('',*,*,#1108,.T.);
#591=ORIENTED_EDGE('',*,*,#1272,.T.);
#592=ORIENTED_EDGE('',*,*,#1273,.F.);
#593=ORIENTED_EDGE('',*,*,#1274,.T.);
#594=ORIENTED_EDGE('',*,*,#1275,.T.);
#595=ORIENTED_EDGE('',*,*,#1276,.T.);
#596=ORIENTED_EDGE('',*,*,#1277,.T.);
#597=ORIENTED_EDGE('',*,*,#1100,.T.);
#598=ORIENTED_EDGE('',*,*,#1075,.T.);
#599=ORIENTED_EDGE('',*,*,#1074,.T.);
#600=ORIENTED_EDGE('',*,*,#1163,.T.);
#601=ORIENTED_EDGE('',*,*,#1153,.F.);
#602=ORIENTED_EDGE('',*,*,#1205,.T.);
#603=ORIENTED_EDGE('',*,*,#1278,.T.);
#604=ORIENTED_EDGE('',*,*,#1279,.F.);
#605=ORIENTED_EDGE('',*,*,#1161,.T.);
#606=ORIENTED_EDGE('',*,*,#1169,.T.);
#607=ORIENTED_EDGE('',*,*,#1118,.T.);
#608=ORIENTED_EDGE('',*,*,#1184,.T.);
#609=ORIENTED_EDGE('',*,*,#1280,.F.);
#610=ORIENTED_EDGE('',*,*,#1281,.T.);
#611=ORIENTED_EDGE('',*,*,#1282,.T.);
#612=ORIENTED_EDGE('',*,*,#1242,.F.);
#613=ORIENTED_EDGE('',*,*,#1235,.F.);
#614=ORIENTED_EDGE('',*,*,#1262,.T.);
#615=ORIENTED_EDGE('',*,*,#1225,.F.);
#616=ORIENTED_EDGE('',*,*,#1257,.T.);
#617=ORIENTED_EDGE('',*,*,#1221,.F.);
#618=ORIENTED_EDGE('',*,*,#1250,.F.);
#619=ORIENTED_EDGE('',*,*,#1217,.F.);
#620=ORIENTED_EDGE('',*,*,#1227,.T.);
#621=ORIENTED_EDGE('',*,*,#1229,.T.);
#622=ORIENTED_EDGE('',*,*,#1231,.T.);
#623=ORIENTED_EDGE('',*,*,#1202,.F.);
#624=ORIENTED_EDGE('',*,*,#1241,.T.);
#625=ORIENTED_EDGE('',*,*,#1283,.T.);
#626=ORIENTED_EDGE('',*,*,#1284,.T.);
#627=ORIENTED_EDGE('',*,*,#1174,.T.);
#628=ORIENTED_EDGE('',*,*,#1263,.F.);
#629=ORIENTED_EDGE('',*,*,#1233,.T.);
#630=ORIENTED_EDGE('',*,*,#1285,.T.);
#631=ORIENTED_EDGE('',*,*,#1286,.T.);
#632=ORIENTED_EDGE('',*,*,#1287,.F.);
#633=ORIENTED_EDGE('',*,*,#1149,.T.);
#634=ORIENTED_EDGE('',*,*,#1288,.T.);
#635=ORIENTED_EDGE('',*,*,#1289,.T.);
#636=ORIENTED_EDGE('',*,*,#1232,.F.);
#637=ORIENTED_EDGE('',*,*,#1290,.T.);
#638=ORIENTED_EDGE('',*,*,#1291,.T.);
#639=ORIENTED_EDGE('',*,*,#1251,.T.);
#640=ORIENTED_EDGE('',*,*,#1219,.T.);
#641=ORIENTED_EDGE('',*,*,#1256,.F.);
#642=ORIENTED_EDGE('',*,*,#1292,.T.);
#643=ORIENTED_EDGE('',*,*,#1293,.T.);
#644=ORIENTED_EDGE('',*,*,#1294,.T.);
#645=ORIENTED_EDGE('',*,*,#1295,.T.);
#646=ORIENTED_EDGE('',*,*,#1296,.T.);
#647=ORIENTED_EDGE('',*,*,#1297,.T.);
#648=ORIENTED_EDGE('',*,*,#1298,.T.);
#649=ORIENTED_EDGE('',*,*,#1243,.T.);
#650=ORIENTED_EDGE('',*,*,#1215,.T.);
#651=ORIENTED_EDGE('',*,*,#1249,.T.);
#652=ORIENTED_EDGE('',*,*,#1299,.T.);
#653=ORIENTED_EDGE('',*,*,#1230,.F.);
#654=ORIENTED_EDGE('',*,*,#1300,.T.);
#655=ORIENTED_EDGE('',*,*,#1301,.T.);
#656=ORIENTED_EDGE('',*,*,#1302,.T.);
#657=ORIENTED_EDGE('',*,*,#1303,.T.);
#658=ORIENTED_EDGE('',*,*,#1304,.F.);
#659=ORIENTED_EDGE('',*,*,#1305,.T.);
#660=ORIENTED_EDGE('',*,*,#1306,.T.);
#661=ORIENTED_EDGE('',*,*,#1307,.T.);
#662=ORIENTED_EDGE('',*,*,#1308,.T.);
#663=ORIENTED_EDGE('',*,*,#1148,.T.);
#664=ORIENTED_EDGE('',*,*,#1228,.F.);
#665=ORIENTED_EDGE('',*,*,#1309,.T.);
#666=ORIENTED_EDGE('',*,*,#1310,.T.);
#667=ORIENTED_EDGE('',*,*,#1258,.F.);
#668=ORIENTED_EDGE('',*,*,#1223,.T.);
#669=ORIENTED_EDGE('',*,*,#1261,.F.);
#670=ORIENTED_EDGE('',*,*,#1172,.T.);
#671=ORIENTED_EDGE('',*,*,#1311,.T.);
#672=ORIENTED_EDGE('',*,*,#1254,.F.);
#673=ORIENTED_EDGE('',*,*,#1211,.F.);
#674=ORIENTED_EDGE('',*,*,#1312,.T.);
#675=ORIENTED_EDGE('',*,*,#1293,.F.);
#676=ORIENTED_EDGE('',*,*,#1313,.T.);
#677=ORIENTED_EDGE('',*,*,#1289,.F.);
#678=ORIENTED_EDGE('',*,*,#1314,.T.);
#679=ORIENTED_EDGE('',*,*,#1239,.F.);
#680=ORIENTED_EDGE('',*,*,#1267,.F.);
#681=ORIENTED_EDGE('',*,*,#1315,.T.);
#682=ORIENTED_EDGE('',*,*,#1302,.F.);
#683=ORIENTED_EDGE('',*,*,#1316,.T.);
#684=ORIENTED_EDGE('',*,*,#1264,.F.);
#685=ORIENTED_EDGE('',*,*,#1237,.F.);
#686=ORIENTED_EDGE('',*,*,#1317,.T.);
#687=ORIENTED_EDGE('',*,*,#1300,.F.);
#688=ORIENTED_EDGE('',*,*,#1318,.T.);
#689=ORIENTED_EDGE('',*,*,#1247,.F.);
#690=ORIENTED_EDGE('',*,*,#1319,.T.);
#691=ORIENTED_EDGE('',*,*,#1245,.F.);
#692=ORIENTED_EDGE('',*,*,#1320,.T.);
#693=ORIENTED_EDGE('',*,*,#1295,.F.);
#694=ORIENTED_EDGE('',*,*,#1307,.F.);
#695=ORIENTED_EDGE('',*,*,#1321,.T.);
#696=ORIENTED_EDGE('',*,*,#1213,.F.);
#697=ORIENTED_EDGE('',*,*,#1253,.F.);
#698=ORIENTED_EDGE('',*,*,#1322,.T.);
#699=ORIENTED_EDGE('',*,*,#1323,.T.);
#700=ORIENTED_EDGE('',*,*,#1268,.F.);
#701=ORIENTED_EDGE('',*,*,#1324,.F.);
#702=ORIENTED_EDGE('',*,*,#1325,.T.);
#703=ORIENTED_EDGE('',*,*,#1326,.T.);
#704=ORIENTED_EDGE('',*,*,#1327,.T.);
#705=ORIENTED_EDGE('',*,*,#1281,.F.);
#706=ORIENTED_EDGE('',*,*,#1328,.F.);
#707=ORIENTED_EDGE('',*,*,#1329,.T.);
#708=ORIENTED_EDGE('',*,*,#1330,.T.);
#709=ORIENTED_EDGE('',*,*,#1331,.T.);
#710=ORIENTED_EDGE('',*,*,#1274,.F.);
#711=ORIENTED_EDGE('',*,*,#1152,.F.);
#712=ORIENTED_EDGE('',*,*,#1178,.T.);
#713=ORIENTED_EDGE('',*,*,#1332,.T.);
#714=ORIENTED_EDGE('',*,*,#1333,.T.);
#715=ORIENTED_EDGE('',*,*,#1132,.T.);
#716=ORIENTED_EDGE('',*,*,#1334,.T.);
#717=ORIENTED_EDGE('',*,*,#1270,.F.);
#718=ORIENTED_EDGE('',*,*,#1328,.T.);
#719=ORIENTED_EDGE('',*,*,#1280,.T.);
#720=ORIENTED_EDGE('',*,*,#1183,.T.);
#721=ORIENTED_EDGE('',*,*,#1335,.T.);
#722=ORIENTED_EDGE('',*,*,#1204,.F.);
#723=ORIENTED_EDGE('',*,*,#1336,.T.);
#724=ORIENTED_EDGE('',*,*,#1278,.F.);
#725=ORIENTED_EDGE('',*,*,#1336,.F.);
#726=ORIENTED_EDGE('',*,*,#1203,.T.);
#727=ORIENTED_EDGE('',*,*,#1279,.T.);
#728=ORIENTED_EDGE('',*,*,#1271,.F.);
#729=ORIENTED_EDGE('',*,*,#1334,.F.);
#730=ORIENTED_EDGE('',*,*,#1130,.T.);
#731=ORIENTED_EDGE('',*,*,#1337,.T.);
#732=ORIENTED_EDGE('',*,*,#1338,.T.);
#733=ORIENTED_EDGE('',*,*,#1109,.F.);
#734=ORIENTED_EDGE('',*,*,#1269,.F.);
#735=ORIENTED_EDGE('',*,*,#1323,.F.);
#736=ORIENTED_EDGE('',*,*,#1339,.T.);
#737=ORIENTED_EDGE('',*,*,#1333,.F.);
#738=ORIENTED_EDGE('',*,*,#1282,.F.);
#739=ORIENTED_EDGE('',*,*,#1327,.F.);
#740=ORIENTED_EDGE('',*,*,#1340,.T.);
#741=ORIENTED_EDGE('',*,*,#1157,.F.);
#742=ORIENTED_EDGE('',*,*,#1275,.F.);
#743=ORIENTED_EDGE('',*,*,#1331,.F.);
#744=ORIENTED_EDGE('',*,*,#1341,.T.);
#745=ORIENTED_EDGE('',*,*,#1342,.F.);
#746=ORIENTED_EDGE('',*,*,#1107,.F.);
#747=ORIENTED_EDGE('',*,*,#1343,.T.);
#748=ORIENTED_EDGE('',*,*,#1344,.F.);
#749=ORIENTED_EDGE('',*,*,#1272,.F.);
#750=ORIENTED_EDGE('',*,*,#1345,.F.);
#751=ORIENTED_EDGE('',*,*,#1346,.T.);
#752=ORIENTED_EDGE('',*,*,#1101,.F.);
#753=ORIENTED_EDGE('',*,*,#1277,.F.);
#754=ORIENTED_EDGE('',*,*,#1316,.F.);
#755=ORIENTED_EDGE('',*,*,#1301,.F.);
#756=ORIENTED_EDGE('',*,*,#1347,.F.);
#757=ORIENTED_EDGE('',*,*,#1199,.F.);
#758=ORIENTED_EDGE('',*,*,#1208,.F.);
#759=ORIENTED_EDGE('',*,*,#1195,.F.);
#760=ORIENTED_EDGE('',*,*,#1265,.F.);
#761=ORIENTED_EDGE('',*,*,#1347,.T.);
#762=ORIENTED_EDGE('',*,*,#1317,.F.);
#763=ORIENTED_EDGE('',*,*,#1348,.F.);
#764=ORIENTED_EDGE('',*,*,#1200,.F.);
#765=ORIENTED_EDGE('',*,*,#1348,.T.);
#766=ORIENTED_EDGE('',*,*,#1246,.F.);
#767=ORIENTED_EDGE('',*,*,#1349,.F.);
#768=ORIENTED_EDGE('',*,*,#1201,.F.);
#769=ORIENTED_EDGE('',*,*,#1349,.T.);
#770=ORIENTED_EDGE('',*,*,#1319,.F.);
#771=ORIENTED_EDGE('',*,*,#1350,.F.);
#772=ORIENTED_EDGE('',*,*,#1196,.F.);
#773=ORIENTED_EDGE('',*,*,#1209,.F.);
#774=ORIENTED_EDGE('',*,*,#1197,.F.);
#775=ORIENTED_EDGE('',*,*,#1350,.T.);
#776=ORIENTED_EDGE('',*,*,#1294,.F.);
#777=ORIENTED_EDGE('',*,*,#1312,.F.);
#778=ORIENTED_EDGE('',*,*,#1210,.F.);
#779=ORIENTED_EDGE('',*,*,#1189,.F.);
#780=ORIENTED_EDGE('',*,*,#1193,.F.);
#781=ORIENTED_EDGE('',*,*,#1351,.T.);
#782=ORIENTED_EDGE('',*,*,#1285,.F.);
#783=ORIENTED_EDGE('',*,*,#1313,.F.);
#784=ORIENTED_EDGE('',*,*,#1266,.F.);
#785=ORIENTED_EDGE('',*,*,#1306,.F.);
#786=ORIENTED_EDGE('',*,*,#1352,.T.);
#787=ORIENTED_EDGE('',*,*,#1186,.F.);
#788=ORIENTED_EDGE('',*,*,#1214,.F.);
#789=ORIENTED_EDGE('',*,*,#1321,.F.);
#790=ORIENTED_EDGE('',*,*,#1248,.F.);
#791=ORIENTED_EDGE('',*,*,#1318,.F.);
#792=ORIENTED_EDGE('',*,*,#1353,.F.);
#793=ORIENTED_EDGE('',*,*,#1299,.F.);
#794=ORIENTED_EDGE('',*,*,#1244,.F.);
#795=ORIENTED_EDGE('',*,*,#1298,.F.);
#796=ORIENTED_EDGE('',*,*,#1354,.F.);
#797=ORIENTED_EDGE('',*,*,#1315,.F.);
#798=ORIENTED_EDGE('',*,*,#1353,.T.);
#799=ORIENTED_EDGE('',*,*,#1303,.F.);
#800=ORIENTED_EDGE('',*,*,#1354,.T.);
#801=ORIENTED_EDGE('',*,*,#1297,.F.);
#802=ORIENTED_EDGE('',*,*,#1255,.F.);
#803=ORIENTED_EDGE('',*,*,#1311,.F.);
#804=ORIENTED_EDGE('',*,*,#1355,.F.);
#805=ORIENTED_EDGE('',*,*,#1292,.F.);
#806=ORIENTED_EDGE('',*,*,#1252,.F.);
#807=ORIENTED_EDGE('',*,*,#1291,.F.);
#808=ORIENTED_EDGE('',*,*,#1356,.F.);
#809=ORIENTED_EDGE('',*,*,#1320,.F.);
#810=ORIENTED_EDGE('',*,*,#1355,.T.);
#811=ORIENTED_EDGE('',*,*,#1296,.F.);
#812=ORIENTED_EDGE('',*,*,#1356,.T.);
#813=ORIENTED_EDGE('',*,*,#1290,.F.);
#814=ORIENTED_EDGE('',*,*,#1259,.F.);
#815=ORIENTED_EDGE('',*,*,#1310,.F.);
#816=ORIENTED_EDGE('',*,*,#1357,.F.);
#817=ORIENTED_EDGE('',*,*,#1322,.F.);
#818=ORIENTED_EDGE('',*,*,#1171,.T.);
#819=ORIENTED_EDGE('',*,*,#1308,.F.);
#820=ORIENTED_EDGE('',*,*,#1357,.T.);
#821=ORIENTED_EDGE('',*,*,#1309,.F.);
#822=ORIENTED_EDGE('',*,*,#1240,.F.);
#823=ORIENTED_EDGE('',*,*,#1314,.F.);
#824=ORIENTED_EDGE('',*,*,#1358,.F.);
#825=ORIENTED_EDGE('',*,*,#1283,.F.);
#826=ORIENTED_EDGE('',*,*,#1358,.T.);
#827=ORIENTED_EDGE('',*,*,#1288,.F.);
#828=ORIENTED_EDGE('',*,*,#1175,.T.);
#829=ORIENTED_EDGE('',*,*,#1284,.F.);
#830=ORIENTED_EDGE('',*,*,#1359,.T.);
#831=ORIENTED_EDGE('',*,*,#1360,.T.);
#832=ORIENTED_EDGE('',*,*,#1361,.T.);
#833=ORIENTED_EDGE('',*,*,#1066,.T.);
#834=ORIENTED_EDGE('',*,*,#1359,.F.);
#835=ORIENTED_EDGE('',*,*,#1116,.F.);
#836=ORIENTED_EDGE('',*,*,#1185,.F.);
#837=ORIENTED_EDGE('',*,*,#1168,.F.);
#838=ORIENTED_EDGE('',*,*,#1120,.F.);
#839=ORIENTED_EDGE('',*,*,#1360,.F.);
#840=ORIENTED_EDGE('',*,*,#1122,.F.);
#841=ORIENTED_EDGE('',*,*,#1361,.F.);
#842=ORIENTED_EDGE('',*,*,#1126,.T.);
#843=ORIENTED_EDGE('',*,*,#1341,.F.);
#844=ORIENTED_EDGE('',*,*,#1362,.F.);
#845=ORIENTED_EDGE('',*,*,#1084,.F.);
#846=ORIENTED_EDGE('',*,*,#1332,.F.);
#847=ORIENTED_EDGE('',*,*,#1177,.F.);
#848=ORIENTED_EDGE('',*,*,#1085,.F.);
#849=ORIENTED_EDGE('',*,*,#1362,.T.);
#850=ORIENTED_EDGE('',*,*,#1363,.F.);
#851=ORIENTED_EDGE('',*,*,#1110,.F.);
#852=ORIENTED_EDGE('',*,*,#1338,.F.);
#853=ORIENTED_EDGE('',*,*,#1133,.T.);
#854=ORIENTED_EDGE('',*,*,#1339,.F.);
#855=ORIENTED_EDGE('',*,*,#1364,.F.);
#856=ORIENTED_EDGE('',*,*,#1078,.F.);
#857=ORIENTED_EDGE('',*,*,#1326,.F.);
#858=ORIENTED_EDGE('',*,*,#1365,.F.);
#859=ORIENTED_EDGE('',*,*,#1079,.F.);
#860=ORIENTED_EDGE('',*,*,#1364,.T.);
#861=ORIENTED_EDGE('',*,*,#1366,.F.);
#862=ORIENTED_EDGE('',*,*,#1080,.F.);
#863=ORIENTED_EDGE('',*,*,#1365,.T.);
#864=ORIENTED_EDGE('',*,*,#1325,.F.);
#865=ORIENTED_EDGE('',*,*,#1367,.F.);
#866=ORIENTED_EDGE('',*,*,#1368,.F.);
#867=ORIENTED_EDGE('',*,*,#1092,.F.);
#868=ORIENTED_EDGE('',*,*,#1369,.F.);
#869=ORIENTED_EDGE('',*,*,#1182,.F.);
#870=ORIENTED_EDGE('',*,*,#1369,.T.);
#871=ORIENTED_EDGE('',*,*,#1091,.F.);
#872=ORIENTED_EDGE('',*,*,#1370,.F.);
#873=ORIENTED_EDGE('',*,*,#1329,.F.);
#874=ORIENTED_EDGE('',*,*,#1335,.F.);
#875=ORIENTED_EDGE('',*,*,#1370,.T.);
#876=ORIENTED_EDGE('',*,*,#1090,.F.);
#877=ORIENTED_EDGE('',*,*,#1371,.F.);
#878=ORIENTED_EDGE('',*,*,#1330,.F.);
#879=ORIENTED_EDGE('',*,*,#1371,.T.);
#880=ORIENTED_EDGE('',*,*,#1089,.F.);
#881=ORIENTED_EDGE('',*,*,#1180,.F.);
#882=ORIENTED_EDGE('',*,*,#1340,.F.);
#883=ORIENTED_EDGE('',*,*,#1372,.T.);
#884=ORIENTED_EDGE('',*,*,#1373,.T.);
#885=ORIENTED_EDGE('',*,*,#1374,.T.);
#886=ORIENTED_EDGE('',*,*,#1375,.T.);
#887=ORIENTED_EDGE('',*,*,#1376,.T.);
#888=ORIENTED_EDGE('',*,*,#1377,.T.);
#889=ORIENTED_EDGE('',*,*,#1378,.T.);
#890=ORIENTED_EDGE('',*,*,#1379,.T.);
#891=ORIENTED_EDGE('',*,*,#1380,.T.);
#892=ORIENTED_EDGE('',*,*,#1381,.T.);
#893=ORIENTED_EDGE('',*,*,#1382,.T.);
#894=ORIENTED_EDGE('',*,*,#1136,.T.);
#895=ORIENTED_EDGE('',*,*,#1383,.T.);
#896=ORIENTED_EDGE('',*,*,#1304,.T.);
#897=ORIENTED_EDGE('',*,*,#1147,.F.);
#898=ORIENTED_EDGE('',*,*,#1170,.T.);
#899=ORIENTED_EDGE('',*,*,#1260,.F.);
#900=ORIENTED_EDGE('',*,*,#1173,.T.);
#901=ORIENTED_EDGE('',*,*,#1150,.F.);
#902=ORIENTED_EDGE('',*,*,#1287,.T.);
#903=ORIENTED_EDGE('',*,*,#1384,.T.);
#904=ORIENTED_EDGE('',*,*,#1142,.T.);
#905=ORIENTED_EDGE('',*,*,#1385,.F.);
#906=ORIENTED_EDGE('',*,*,#1162,.F.);
#907=ORIENTED_EDGE('',*,*,#1386,.F.);
#908=ORIENTED_EDGE('',*,*,#1379,.F.);
#909=ORIENTED_EDGE('',*,*,#1387,.F.);
#910=ORIENTED_EDGE('',*,*,#1155,.F.);
#911=ORIENTED_EDGE('',*,*,#1385,.T.);
#912=ORIENTED_EDGE('',*,*,#1378,.F.);
#913=ORIENTED_EDGE('',*,*,#1176,.F.);
#914=ORIENTED_EDGE('',*,*,#1387,.T.);
#915=ORIENTED_EDGE('',*,*,#1388,.F.);
#916=ORIENTED_EDGE('',*,*,#1389,.F.);
#917=ORIENTED_EDGE('',*,*,#1087,.F.);
#918=ORIENTED_EDGE('',*,*,#1388,.T.);
#919=ORIENTED_EDGE('',*,*,#1377,.F.);
#920=ORIENTED_EDGE('',*,*,#1179,.F.);
#921=ORIENTED_EDGE('',*,*,#1389,.T.);
#922=ORIENTED_EDGE('',*,*,#1390,.F.);
#923=ORIENTED_EDGE('',*,*,#1390,.T.);
#924=ORIENTED_EDGE('',*,*,#1376,.F.);
#925=ORIENTED_EDGE('',*,*,#1391,.F.);
#926=ORIENTED_EDGE('',*,*,#1159,.F.);
#927=ORIENTED_EDGE('',*,*,#1392,.F.);
#928=ORIENTED_EDGE('',*,*,#1165,.F.);
#929=ORIENTED_EDGE('',*,*,#1391,.T.);
#930=ORIENTED_EDGE('',*,*,#1375,.F.);
#931=ORIENTED_EDGE('',*,*,#1374,.F.);
#932=ORIENTED_EDGE('',*,*,#1393,.T.);
#933=ORIENTED_EDGE('',*,*,#1394,.F.);
#934=ORIENTED_EDGE('',*,*,#1166,.F.);
#935=ORIENTED_EDGE('',*,*,#1392,.T.);
#936=ORIENTED_EDGE('',*,*,#1394,.T.);
#937=ORIENTED_EDGE('',*,*,#1395,.T.);
#938=ORIENTED_EDGE('',*,*,#1094,.T.);
#939=ORIENTED_EDGE('',*,*,#1167,.F.);
#940=ORIENTED_EDGE('',*,*,#1072,.F.);
#941=ORIENTED_EDGE('',*,*,#1396,.T.);
#942=ORIENTED_EDGE('',*,*,#1380,.F.);
#943=ORIENTED_EDGE('',*,*,#1386,.T.);
#944=ORIENTED_EDGE('',*,*,#1164,.F.);
#945=ORIENTED_EDGE('',*,*,#1397,.F.);
#946=ORIENTED_EDGE('',*,*,#1113,.T.);
#947=ORIENTED_EDGE('',*,*,#1398,.F.);
#948=ORIENTED_EDGE('',*,*,#1093,.F.);
#949=ORIENTED_EDGE('',*,*,#1368,.T.);
#950=ORIENTED_EDGE('',*,*,#1112,.F.);
#951=ORIENTED_EDGE('',*,*,#1399,.T.);
#952=ORIENTED_EDGE('',*,*,#1128,.F.);
#953=ORIENTED_EDGE('',*,*,#1131,.F.);
#954=ORIENTED_EDGE('',*,*,#1076,.T.);
#955=ORIENTED_EDGE('',*,*,#1398,.T.);
#956=ORIENTED_EDGE('',*,*,#1337,.F.);
#957=ORIENTED_EDGE('',*,*,#1129,.T.);
#958=ORIENTED_EDGE('',*,*,#1399,.F.);
#959=ORIENTED_EDGE('',*,*,#1111,.T.);
#960=ORIENTED_EDGE('',*,*,#1363,.T.);
#961=ORIENTED_EDGE('',*,*,#1181,.F.);
#962=ORIENTED_EDGE('',*,*,#1114,.F.);
#963=ORIENTED_EDGE('',*,*,#1397,.T.);
#964=ORIENTED_EDGE('',*,*,#1081,.F.);
#965=ORIENTED_EDGE('',*,*,#1366,.T.);
#966=ORIENTED_EDGE('',*,*,#1400,.F.);
#967=ORIENTED_EDGE('',*,*,#1401,.T.);
#968=ORIENTED_EDGE('',*,*,#1402,.T.);
#969=ORIENTED_EDGE('',*,*,#1403,.F.);
#970=ORIENTED_EDGE('',*,*,#1400,.T.);
#971=ORIENTED_EDGE('',*,*,#1367,.T.);
#972=ORIENTED_EDGE('',*,*,#1324,.T.);
#973=ORIENTED_EDGE('',*,*,#1273,.T.);
#974=ORIENTED_EDGE('',*,*,#1344,.T.);
#975=ORIENTED_EDGE('',*,*,#1404,.T.);
#976=ORIENTED_EDGE('',*,*,#1104,.F.);
#977=ORIENTED_EDGE('',*,*,#1405,.T.);
#978=ORIENTED_EDGE('',*,*,#1406,.T.);
#979=ORIENTED_EDGE('',*,*,#1123,.F.);
#980=ORIENTED_EDGE('',*,*,#1082,.T.);
#981=ORIENTED_EDGE('',*,*,#1403,.T.);
#982=ORIENTED_EDGE('',*,*,#1407,.T.);
#983=ORIENTED_EDGE('',*,*,#1408,.T.);
#984=ORIENTED_EDGE('',*,*,#1345,.T.);
#985=ORIENTED_EDGE('',*,*,#1276,.F.);
#986=ORIENTED_EDGE('',*,*,#1342,.T.);
#987=ORIENTED_EDGE('',*,*,#1125,.T.);
#988=ORIENTED_EDGE('',*,*,#1409,.T.);
#989=ORIENTED_EDGE('',*,*,#1343,.F.);
#990=ORIENTED_EDGE('',*,*,#1106,.F.);
#991=ORIENTED_EDGE('',*,*,#1410,.T.);
#992=ORIENTED_EDGE('',*,*,#1404,.F.);
#993=ORIENTED_EDGE('',*,*,#1346,.F.);
#994=ORIENTED_EDGE('',*,*,#1408,.F.);
#995=ORIENTED_EDGE('',*,*,#1411,.T.);
#996=ORIENTED_EDGE('',*,*,#1102,.F.);
#997=ORIENTED_EDGE('',*,*,#1405,.F.);
#998=ORIENTED_EDGE('',*,*,#1103,.T.);
#999=ORIENTED_EDGE('',*,*,#1411,.F.);
#1000=ORIENTED_EDGE('',*,*,#1412,.F.);
#1001=ORIENTED_EDGE('',*,*,#1413,.F.);
#1002=ORIENTED_EDGE('',*,*,#1409,.F.);
#1003=ORIENTED_EDGE('',*,*,#1124,.T.);
#1004=ORIENTED_EDGE('',*,*,#1407,.F.);
#1005=ORIENTED_EDGE('',*,*,#1402,.F.);
#1006=ORIENTED_EDGE('',*,*,#1414,.F.);
#1007=ORIENTED_EDGE('',*,*,#1412,.T.);
#1008=ORIENTED_EDGE('',*,*,#1410,.F.);
#1009=ORIENTED_EDGE('',*,*,#1105,.T.);
#1010=ORIENTED_EDGE('',*,*,#1406,.F.);
#1011=ORIENTED_EDGE('',*,*,#1413,.T.);
#1012=ORIENTED_EDGE('',*,*,#1414,.T.);
#1013=ORIENTED_EDGE('',*,*,#1401,.F.);
#1014=ORIENTED_EDGE('',*,*,#1382,.F.);
#1015=ORIENTED_EDGE('',*,*,#1415,.T.);
#1016=ORIENTED_EDGE('',*,*,#1098,.F.);
#1017=ORIENTED_EDGE('',*,*,#1416,.F.);
#1018=ORIENTED_EDGE('',*,*,#1137,.F.);
#1019=ORIENTED_EDGE('',*,*,#1416,.T.);
#1020=ORIENTED_EDGE('',*,*,#1206,.F.);
#1021=ORIENTED_EDGE('',*,*,#1417,.F.);
#1022=ORIENTED_EDGE('',*,*,#1138,.F.);
#1023=ORIENTED_EDGE('',*,*,#1417,.T.);
#1024=ORIENTED_EDGE('',*,*,#1187,.F.);
#1025=ORIENTED_EDGE('',*,*,#1418,.F.);
#1026=ORIENTED_EDGE('',*,*,#1139,.F.);
#1027=ORIENTED_EDGE('',*,*,#1418,.T.);
#1028=ORIENTED_EDGE('',*,*,#1352,.F.);
#1029=ORIENTED_EDGE('',*,*,#1419,.F.);
#1030=ORIENTED_EDGE('',*,*,#1134,.F.);
#1031=ORIENTED_EDGE('',*,*,#1383,.F.);
#1032=ORIENTED_EDGE('',*,*,#1135,.F.);
#1033=ORIENTED_EDGE('',*,*,#1419,.T.);
#1034=ORIENTED_EDGE('',*,*,#1305,.F.);
#1035=ORIENTED_EDGE('',*,*,#1384,.F.);
#1036=ORIENTED_EDGE('',*,*,#1286,.F.);
#1037=ORIENTED_EDGE('',*,*,#1420,.F.);
#1038=ORIENTED_EDGE('',*,*,#1143,.F.);
#1039=ORIENTED_EDGE('',*,*,#1372,.F.);
#1040=ORIENTED_EDGE('',*,*,#1141,.F.);
#1041=ORIENTED_EDGE('',*,*,#1421,.F.);
#1042=ORIENTED_EDGE('',*,*,#1096,.F.);
#1043=ORIENTED_EDGE('',*,*,#1422,.T.);
#1044=ORIENTED_EDGE('',*,*,#1420,.T.);
#1045=ORIENTED_EDGE('',*,*,#1351,.F.);
#1046=ORIENTED_EDGE('',*,*,#1423,.F.);
#1047=ORIENTED_EDGE('',*,*,#1144,.F.);
#1048=ORIENTED_EDGE('',*,*,#1421,.T.);
#1049=ORIENTED_EDGE('',*,*,#1140,.F.);
#1050=ORIENTED_EDGE('',*,*,#1424,.F.);
#1051=ORIENTED_EDGE('',*,*,#1207,.F.);
#1052=ORIENTED_EDGE('',*,*,#1423,.T.);
#1053=ORIENTED_EDGE('',*,*,#1192,.F.);
#1054=ORIENTED_EDGE('',*,*,#1424,.T.);
#1055=ORIENTED_EDGE('',*,*,#1145,.F.);
#1056=ORIENTED_EDGE('',*,*,#1393,.F.);
#1057=ORIENTED_EDGE('',*,*,#1373,.F.);
#1058=ORIENTED_EDGE('',*,*,#1422,.F.);
#1059=ORIENTED_EDGE('',*,*,#1095,.F.);
#1060=ORIENTED_EDGE('',*,*,#1395,.F.);
#1061=ORIENTED_EDGE('',*,*,#1415,.F.);
#1062=ORIENTED_EDGE('',*,*,#1381,.F.);
#1063=ORIENTED_EDGE('',*,*,#1396,.F.);
#1064=ORIENTED_EDGE('',*,*,#1071,.F.);
#1065=ORIENTED_EDGE('',*,*,#1099,.F.);
#1066=EDGE_CURVE('',#1425,#1425,#1655,.T.);
#1067=EDGE_CURVE('',#1426,#1427,#1656,.T.);
#1068=EDGE_CURVE('',#1427,#1426,#1657,.T.);
#1069=EDGE_CURVE('',#1428,#1426,#1658,.T.);
#1070=EDGE_CURVE('',#1427,#1429,#1659,.T.);
#1071=EDGE_CURVE('',#1429,#1430,#1660,.T.);
#1072=EDGE_CURVE('',#1430,#1431,#1661,.T.);
#1073=EDGE_CURVE('',#1432,#1431,#1662,.T.);
#1074=EDGE_CURVE('',#1433,#1432,#1663,.T.);
#1075=EDGE_CURVE('',#1428,#1433,#1664,.T.);
#1076=EDGE_CURVE('',#1434,#1435,#183,.F.);
#1077=EDGE_CURVE('',#1434,#1436,#184,.F.);
#1078=EDGE_CURVE('',#1436,#1437,#1665,.T.);
#1079=EDGE_CURVE('',#1437,#1438,#84,.F.);
#1080=EDGE_CURVE('',#1438,#1439,#185,.F.);
#1081=EDGE_CURVE('',#1439,#1440,#1666,.T.);
#1082=EDGE_CURVE('',#1441,#1440,#186,.T.);
#1083=EDGE_CURVE('',#1441,#1442,#187,.F.);
#1084=EDGE_CURVE('',#1442,#1443,#1667,.T.);
#1085=EDGE_CURVE('',#1443,#1444,#85,.F.);
#1086=EDGE_CURVE('',#1444,#1445,#188,.F.);
#1087=EDGE_CURVE('',#1445,#1446,#189,.F.);
#1088=EDGE_CURVE('',#1446,#1447,#190,.F.);
#1089=EDGE_CURVE('',#1447,#1448,#1668,.T.);
#1090=EDGE_CURVE('',#1448,#1449,#86,.F.);
#1091=EDGE_CURVE('',#1449,#1450,#191,.F.);
#1092=EDGE_CURVE('',#1450,#1451,#1669,.T.);
#1093=EDGE_CURVE('',#1451,#1435,#1670,.T.);
#1094=EDGE_CURVE('',#1452,#1453,#1671,.F.);
#1095=EDGE_CURVE('',#1452,#1454,#1672,.T.);
#1096=EDGE_CURVE('',#1454,#1455,#1673,.T.);
#1097=EDGE_CURVE('',#1455,#1456,#1674,.T.);
#1098=EDGE_CURVE('',#1456,#1457,#1675,.T.);
#1099=EDGE_CURVE('',#1457,#1429,#1676,.T.);
#1100=EDGE_CURVE('',#1458,#1428,#87,.T.);
#1101=EDGE_CURVE('',#1458,#1459,#1677,.T.);
#1102=EDGE_CURVE('',#1459,#1460,#1678,.T.);
#1103=EDGE_CURVE('',#1461,#1460,#1679,.T.);
#1104=EDGE_CURVE('',#1461,#1462,#1680,.T.);
#1105=EDGE_CURVE('',#1463,#1462,#1681,.F.);
#1106=EDGE_CURVE('',#1463,#1464,#1682,.T.);
#1107=EDGE_CURVE('',#1464,#1465,#1683,.T.);
#1108=EDGE_CURVE('',#1466,#1465,#88,.T.);
#1109=EDGE_CURVE('',#1466,#1467,#1684,.T.);
#1110=EDGE_CURVE('',#1467,#1468,#1685,.F.);
#1111=EDGE_CURVE('',#1469,#1468,#1686,.T.);
#1112=EDGE_CURVE('',#1469,#1470,#1687,.T.);
#1113=EDGE_CURVE('',#1471,#1470,#1688,.F.);
#1114=EDGE_CURVE('',#1471,#1472,#1689,.T.);
#1115=EDGE_CURVE('',#1472,#1473,#1690,.T.);
#1116=EDGE_CURVE('',#1473,#1474,#1691,.T.);
#1117=EDGE_CURVE('',#1474,#1475,#1692,.T.);
#1118=EDGE_CURVE('',#1476,#1475,#89,.T.);
#1119=EDGE_CURVE('',#1476,#1477,#1693,.T.);
#1120=EDGE_CURVE('',#1477,#1478,#1694,.T.);
#1121=EDGE_CURVE('',#1478,#1453,#1695,.T.);
#1122=EDGE_CURVE('',#1479,#1479,#1696,.T.);
#1123=EDGE_CURVE('',#1441,#1480,#1697,.T.);
#1124=EDGE_CURVE('',#1481,#1480,#1698,.T.);
#1125=EDGE_CURVE('',#1482,#1481,#192,.T.);
#1126=EDGE_CURVE('',#1442,#1482,#90,.T.);
#1127=EDGE_CURVE('',#1483,#1484,#91,.T.);
#1128=EDGE_CURVE('',#1483,#1485,#1699,.T.);
#1129=EDGE_CURVE('',#1486,#1485,#1700,.T.);
#1130=EDGE_CURVE('',#1484,#1486,#1701,.T.);
#1131=EDGE_CURVE('',#1434,#1483,#1702,.T.);
#1132=EDGE_CURVE('',#1487,#1484,#193,.T.);
#1133=EDGE_CURVE('',#1436,#1487,#92,.T.);
#1134=EDGE_CURVE('',#1488,#1489,#1703,.T.);
#1135=EDGE_CURVE('',#1489,#1490,#194,.F.);
#1136=EDGE_CURVE('',#1491,#1490,#195,.T.);
#1137=EDGE_CURVE('',#1491,#1492,#1704,.T.);
#1138=EDGE_CURVE('',#1492,#1493,#1705,.T.);
#1139=EDGE_CURVE('',#1493,#1488,#93,.T.);
#1140=EDGE_CURVE('',#1494,#1495,#1706,.T.);
#1141=EDGE_CURVE('',#1495,#1496,#1707,.T.);
#1142=EDGE_CURVE('',#1497,#1496,#196,.T.);
#1143=EDGE_CURVE('',#1497,#1498,#197,.T.);
#1144=EDGE_CURVE('',#1498,#1499,#1708,.T.);
#1145=EDGE_CURVE('',#1499,#1494,#94,.T.);
#1146=EDGE_CURVE('',#1500,#1501,#95,.T.);
#1147=EDGE_CURVE('',#1501,#1502,#39,.F.);
#1148=EDGE_CURVE('',#1500,#1502,#198,.T.);
#1149=EDGE_CURVE('',#1503,#1504,#199,.F.);
#1150=EDGE_CURVE('',#1503,#1505,#40,.F.);
#1151=EDGE_CURVE('',#1505,#1504,#96,.T.);
#1152=EDGE_CURVE('',#1506,#1507,#1709,.T.);
#1153=EDGE_CURVE('',#1507,#1508,#200,.T.);
#1154=EDGE_CURVE('',#1508,#1509,#1710,.T.);
#1155=EDGE_CURVE('',#1509,#1510,#1711,.T.);
#1156=EDGE_CURVE('',#1510,#1506,#201,.F.);
#1157=EDGE_CURVE('',#1511,#1512,#1712,.T.);
#1158=EDGE_CURVE('',#1512,#1513,#202,.T.);
#1159=EDGE_CURVE('',#1513,#1514,#1713,.T.);
#1160=EDGE_CURVE('',#1514,#1515,#1714,.T.);
#1161=EDGE_CURVE('',#1511,#1515,#203,.T.);
#1162=EDGE_CURVE('',#1516,#1509,#1715,.T.);
#1163=EDGE_CURVE('',#1432,#1508,#1716,.T.);
#1164=EDGE_CURVE('',#1431,#1516,#1717,.T.);
#1165=EDGE_CURVE('',#1514,#1517,#1718,.T.);
#1166=EDGE_CURVE('',#1517,#1518,#1719,.T.);
#1167=EDGE_CURVE('',#1518,#1453,#1720,.T.);
#1168=EDGE_CURVE('',#1478,#1477,#1721,.T.);
#1169=EDGE_CURVE('',#1515,#1476,#1722,.T.);
#1170=EDGE_CURVE('',#1501,#1519,#1723,.T.);
#1171=EDGE_CURVE('',#1520,#1500,#97,.T.);
#1172=EDGE_CURVE('',#1519,#1520,#98,.F.);
#1173=EDGE_CURVE('',#1521,#1505,#1724,.T.);
#1174=EDGE_CURVE('',#1522,#1521,#99,.F.);
#1175=EDGE_CURVE('',#1504,#1522,#100,.T.);
#1176=EDGE_CURVE('',#1510,#1445,#101,.F.);
#1177=EDGE_CURVE('',#1444,#1523,#1725,.F.);
#1178=EDGE_CURVE('',#1506,#1523,#1726,.T.);
#1179=EDGE_CURVE('',#1446,#1513,#102,.F.);
#1180=EDGE_CURVE('',#1512,#1447,#103,.T.);
#1181=EDGE_CURVE('',#1472,#1524,#1727,.T.);
#1182=EDGE_CURVE('',#1524,#1525,#1728,.T.);
#1183=EDGE_CURVE('',#1526,#1525,#1729,.T.);
#1184=EDGE_CURVE('',#1475,#1526,#1730,.T.);
#1185=EDGE_CURVE('',#1474,#1473,#1731,.T.);
#1186=EDGE_CURVE('',#1527,#1528,#1732,.T.);
#1187=EDGE_CURVE('',#1528,#1529,#104,.F.);
#1188=EDGE_CURVE('',#1529,#1530,#1733,.T.);
#1189=EDGE_CURVE('',#1530,#1531,#1734,.T.);
#1190=EDGE_CURVE('',#1531,#1527,#204,.T.);
#1191=EDGE_CURVE('',#1532,#1533,#1735,.T.);
#1192=EDGE_CURVE('',#1533,#1534,#105,.F.);
#1193=EDGE_CURVE('',#1534,#1535,#1736,.T.);
#1194=EDGE_CURVE('',#1535,#1536,#205,.F.);
#1195=EDGE_CURVE('',#1536,#1532,#1737,.T.);
#1196=EDGE_CURVE('',#1537,#1538,#1738,.T.);
#1197=EDGE_CURVE('',#1538,#1539,#1739,.T.);
#1198=EDGE_CURVE('',#1539,#1540,#1740,.T.);
#1199=EDGE_CURVE('',#1540,#1541,#1741,.T.);
#1200=EDGE_CURVE('',#1541,#1542,#1742,.T.);
#1201=EDGE_CURVE('',#1542,#1537,#106,.F.);
#1202=EDGE_CURVE('',#1543,#1543,#107,.T.);
#1203=EDGE_CURVE('',#1544,#1545,#206,.T.);
#1204=EDGE_CURVE('',#1544,#1546,#1743,.T.);
#1205=EDGE_CURVE('',#1545,#1546,#108,.T.);
#1206=EDGE_CURVE('',#1529,#1456,#1744,.T.);
#1207=EDGE_CURVE('',#1455,#1533,#1745,.T.);
#1208=EDGE_CURVE('',#1532,#1540,#1746,.T.);
#1209=EDGE_CURVE('',#1539,#1530,#1747,.T.);
#1210=EDGE_CURVE('',#1531,#1547,#1748,.T.);
#1211=EDGE_CURVE('',#1547,#1548,#109,.T.);
#1212=EDGE_CURVE('',#1549,#1548,#207,.T.);
#1213=EDGE_CURVE('',#1549,#1550,#110,.T.);
#1214=EDGE_CURVE('',#1550,#1527,#1749,.T.);
#1215=EDGE_CURVE('',#1551,#1552,#111,.T.);
#1216=EDGE_CURVE('',#1551,#1553,#208,.T.);
#1217=EDGE_CURVE('',#1553,#1554,#112,.T.);
#1218=EDGE_CURVE('',#1552,#1554,#209,.T.);
#1219=EDGE_CURVE('',#1555,#1556,#113,.T.);
#1220=EDGE_CURVE('',#1555,#1557,#210,.T.);
#1221=EDGE_CURVE('',#1557,#1558,#114,.T.);
#1222=EDGE_CURVE('',#1556,#1558,#211,.T.);
#1223=EDGE_CURVE('',#1559,#1560,#115,.T.);
#1224=EDGE_CURVE('',#1559,#1561,#212,.T.);
#1225=EDGE_CURVE('',#1561,#1562,#116,.T.);
#1226=EDGE_CURVE('',#1560,#1562,#213,.T.);
#1227=EDGE_CURVE('',#1563,#1563,#117,.T.);
#1228=EDGE_CURVE('',#1564,#1564,#118,.T.);
#1229=EDGE_CURVE('',#1565,#1565,#119,.T.);
#1230=EDGE_CURVE('',#1566,#1566,#120,.T.);
#1231=EDGE_CURVE('',#1567,#1567,#121,.T.);
#1232=EDGE_CURVE('',#1568,#1568,#122,.T.);
#1233=EDGE_CURVE('',#1569,#1570,#123,.T.);
#1234=EDGE_CURVE('',#1569,#1571,#214,.T.);
#1235=EDGE_CURVE('',#1571,#1572,#124,.T.);
#1236=EDGE_CURVE('',#1570,#1572,#215,.T.);
#1237=EDGE_CURVE('',#1573,#1574,#216,.T.);
#1238=EDGE_CURVE('',#1575,#1574,#217,.T.);
#1239=EDGE_CURVE('',#1575,#1576,#218,.F.);
#1240=EDGE_CURVE('',#1576,#1577,#1750,.F.);
#1241=EDGE_CURVE('',#1570,#1577,#219,.T.);
#1242=EDGE_CURVE('',#1572,#1553,#220,.T.);
#1243=EDGE_CURVE('',#1578,#1551,#221,.T.);
#1244=EDGE_CURVE('',#1578,#1573,#1751,.T.);
#1245=EDGE_CURVE('',#1579,#1580,#222,.T.);
#1246=EDGE_CURVE('',#1580,#1581,#125,.T.);
#1247=EDGE_CURVE('',#1581,#1582,#223,.F.);
#1248=EDGE_CURVE('',#1582,#1583,#1752,.F.);
#1249=EDGE_CURVE('',#1552,#1583,#224,.T.);
#1250=EDGE_CURVE('',#1554,#1557,#225,.T.);
#1251=EDGE_CURVE('',#1584,#1555,#226,.T.);
#1252=EDGE_CURVE('',#1584,#1579,#1753,.T.);
#1253=EDGE_CURVE('',#1585,#1549,#227,.F.);
#1254=EDGE_CURVE('',#1548,#1586,#228,.T.);
#1255=EDGE_CURVE('',#1586,#1587,#1754,.F.);
#1256=EDGE_CURVE('',#1587,#1556,#229,.T.);
#1257=EDGE_CURVE('',#1561,#1558,#230,.T.);
#1258=EDGE_CURVE('',#1559,#1588,#231,.T.);
#1259=EDGE_CURVE('',#1588,#1585,#1755,.T.);
#1260=EDGE_CURVE('',#1521,#1519,#232,.T.);
#1261=EDGE_CURVE('',#1519,#1560,#233,.T.);
#1262=EDGE_CURVE('',#1571,#1562,#234,.T.);
#1263=EDGE_CURVE('',#1569,#1521,#235,.T.);
#1264=EDGE_CURVE('',#1574,#1589,#126,.T.);
#1265=EDGE_CURVE('',#1589,#1536,#1756,.T.);
#1266=EDGE_CURVE('',#1535,#1590,#1757,.T.);
#1267=EDGE_CURVE('',#1590,#1575,#127,.T.);
#1268=EDGE_CURVE('',#1591,#1592,#128,.T.);
#1269=EDGE_CURVE('',#1592,#1593,#1758,.T.);
#1270=EDGE_CURVE('',#1593,#1594,#236,.T.);
#1271=EDGE_CURVE('',#1594,#1466,#1759,.T.);
#1272=EDGE_CURVE('',#1465,#1595,#1760,.T.);
#1273=EDGE_CURVE('',#1591,#1595,#237,.T.);
#1274=EDGE_CURVE('',#1507,#1596,#129,.T.);
#1275=EDGE_CURVE('',#1596,#1597,#1761,.T.);
#1276=EDGE_CURVE('',#1597,#1598,#238,.T.);
#1277=EDGE_CURVE('',#1598,#1458,#1762,.T.);
#1278=EDGE_CURVE('',#1546,#1599,#239,.T.);
#1279=EDGE_CURVE('',#1545,#1599,#240,.T.);
#1280=EDGE_CURVE('',#1600,#1526,#241,.T.);
#1281=EDGE_CURVE('',#1600,#1601,#130,.T.);
#1282=EDGE_CURVE('',#1601,#1511,#1763,.T.);
#1283=EDGE_CURVE('',#1577,#1602,#131,.F.);
#1284=EDGE_CURVE('',#1602,#1522,#132,.T.);
#1285=EDGE_CURVE('',#1603,#1604,#1764,.T.);
#1286=EDGE_CURVE('',#1604,#1605,#242,.F.);
#1287=EDGE_CURVE('',#1503,#1605,#41,.F.);
#1288=EDGE_CURVE('',#1504,#1606,#133,.F.);
#1289=EDGE_CURVE('',#1606,#1603,#243,.T.);
#1290=EDGE_CURVE('',#1607,#1608,#134,.T.);
#1291=EDGE_CURVE('',#1608,#1584,#135,.F.);
#1292=EDGE_CURVE('',#1587,#1607,#136,.F.);
#1293=EDGE_CURVE('',#1609,#1610,#244,.T.);
#1294=EDGE_CURVE('',#1610,#1611,#1765,.T.);
#1295=EDGE_CURVE('',#1611,#1612,#245,.F.);
#1296=EDGE_CURVE('',#1612,#1609,#137,.F.);
#1297=EDGE_CURVE('',#1613,#1614,#138,.T.);
#1298=EDGE_CURVE('',#1614,#1578,#139,.F.);
#1299=EDGE_CURVE('',#1583,#1613,#140,.F.);
#1300=EDGE_CURVE('',#1615,#1616,#246,.T.);
#1301=EDGE_CURVE('',#1616,#1617,#1766,.T.);
#1302=EDGE_CURVE('',#1617,#1618,#247,.F.);
#1303=EDGE_CURVE('',#1618,#1615,#141,.F.);
#1304=EDGE_CURVE('',#1619,#1502,#42,.F.);
#1305=EDGE_CURVE('',#1619,#1620,#248,.T.);
#1306=EDGE_CURVE('',#1620,#1621,#1767,.T.);
#1307=EDGE_CURVE('',#1621,#1622,#249,.F.);
#1308=EDGE_CURVE('',#1622,#1500,#142,.F.);
#1309=EDGE_CURVE('',#1520,#1623,#143,.T.);
#1310=EDGE_CURVE('',#1623,#1588,#144,.F.);
#1311=EDGE_CURVE('',#1609,#1586,#145,.T.);
#1312=EDGE_CURVE('',#1547,#1610,#1768,.T.);
#1313=EDGE_CURVE('',#1590,#1603,#1769,.T.);
#1314=EDGE_CURVE('',#1606,#1576,#146,.T.);
#1315=EDGE_CURVE('',#1573,#1618,#147,.T.);
#1316=EDGE_CURVE('',#1617,#1589,#1770,.F.);
#1317=EDGE_CURVE('',#1581,#1616,#1771,.T.);
#1318=EDGE_CURVE('',#1615,#1582,#148,.T.);
#1319=EDGE_CURVE('',#1611,#1580,#1772,.T.);
#1320=EDGE_CURVE('',#1579,#1612,#149,.T.);
#1321=EDGE_CURVE('',#1621,#1550,#1773,.F.);
#1322=EDGE_CURVE('',#1585,#1622,#150,.T.);
#1323=EDGE_CURVE('',#1624,#1592,#1774,.T.);
#1324=EDGE_CURVE('',#1625,#1591,#1775,.T.);
#1325=EDGE_CURVE('',#1625,#1626,#1776,.T.);
#1326=EDGE_CURVE('',#1626,#1624,#151,.T.);
#1327=EDGE_CURVE('',#1627,#1601,#1777,.T.);
#1328=EDGE_CURVE('',#1628,#1600,#1778,.T.);
#1329=EDGE_CURVE('',#1628,#1629,#1779,.T.);
#1330=EDGE_CURVE('',#1629,#1627,#152,.T.);
#1331=EDGE_CURVE('',#1630,#1596,#1780,.T.);
#1332=EDGE_CURVE('',#1523,#1630,#153,.T.);
#1333=EDGE_CURVE('',#1593,#1487,#1781,.T.);
#1334=EDGE_CURVE('',#1484,#1594,#1782,.T.);
#1335=EDGE_CURVE('',#1525,#1628,#250,.F.);
#1336=EDGE_CURVE('',#1544,#1599,#1783,.T.);
#1337=EDGE_CURVE('',#1486,#1631,#1784,.T.);
#1338=EDGE_CURVE('',#1631,#1467,#1785,.T.);
#1339=EDGE_CURVE('',#1624,#1487,#1786,.T.);
#1340=EDGE_CURVE('',#1627,#1512,#1787,.T.);
#1341=EDGE_CURVE('',#1630,#1482,#1788,.T.);
#1342=EDGE_CURVE('',#1597,#1482,#1789,.T.);
#1343=EDGE_CURVE('',#1464,#1632,#1790,.T.);
#1344=EDGE_CURVE('',#1595,#1632,#1791,.T.);
#1345=EDGE_CURVE('',#1633,#1598,#1792,.T.);
#1346=EDGE_CURVE('',#1633,#1459,#1793,.T.);
#1347=EDGE_CURVE('',#1541,#1616,#154,.T.);
#1348=EDGE_CURVE('',#1542,#1581,#155,.T.);
#1349=EDGE_CURVE('',#1537,#1580,#156,.T.);
#1350=EDGE_CURVE('',#1538,#1611,#157,.T.);
#1351=EDGE_CURVE('',#1534,#1604,#1794,.T.);
#1352=EDGE_CURVE('',#1620,#1528,#1795,.T.);
#1353=EDGE_CURVE('',#1613,#1615,#158,.T.);
#1354=EDGE_CURVE('',#1618,#1614,#159,.T.);
#1355=EDGE_CURVE('',#1607,#1609,#160,.T.);
#1356=EDGE_CURVE('',#1612,#1608,#161,.T.);
#1357=EDGE_CURVE('',#1622,#1623,#162,.T.);
#1358=EDGE_CURVE('',#1602,#1606,#163,.T.);
#1359=EDGE_CURVE('',#1634,#1634,#1796,.T.);
#1360=EDGE_CURVE('',#1635,#1635,#1797,.T.);
#1361=EDGE_CURVE('',#1636,#1636,#1798,.T.);
#1362=EDGE_CURVE('',#1443,#1630,#164,.T.);
#1363=EDGE_CURVE('',#1468,#1631,#1799,.T.);
#1364=EDGE_CURVE('',#1437,#1624,#165,.T.);
#1365=EDGE_CURVE('',#1438,#1626,#1800,.F.);
#1366=EDGE_CURVE('',#1439,#1637,#1801,.T.);
#1367=EDGE_CURVE('',#1637,#1625,#251,.F.);
#1368=EDGE_CURVE('',#1451,#1524,#1802,.T.);
#1369=EDGE_CURVE('',#1525,#1450,#166,.T.);
#1370=EDGE_CURVE('',#1629,#1449,#1803,.T.);
#1371=EDGE_CURVE('',#1627,#1448,#167,.T.);
#1372=EDGE_CURVE('',#1496,#1638,#1804,.T.);
#1373=EDGE_CURVE('',#1638,#1639,#43,.F.);
#1374=EDGE_CURVE('',#1639,#1640,#1805,.T.);
#1375=EDGE_CURVE('',#1640,#1641,#1806,.T.);
#1376=EDGE_CURVE('',#1641,#1642,#1807,.T.);
#1377=EDGE_CURVE('',#1642,#1643,#252,.T.);
#1378=EDGE_CURVE('',#1643,#1644,#1808,.T.);
#1379=EDGE_CURVE('',#1644,#1645,#1809,.T.);
#1380=EDGE_CURVE('',#1645,#1646,#1810,.T.);
#1381=EDGE_CURVE('',#1646,#1647,#44,.F.);
#1382=EDGE_CURVE('',#1647,#1491,#1811,.T.);
#1383=EDGE_CURVE('',#1490,#1619,#45,.F.);
#1384=EDGE_CURVE('',#1605,#1497,#46,.F.);
#1385=EDGE_CURVE('',#1509,#1644,#168,.T.);
#1386=EDGE_CURVE('',#1645,#1516,#1812,.T.);
#1387=EDGE_CURVE('',#1510,#1643,#169,.T.);
#1388=EDGE_CURVE('',#1445,#1643,#170,.T.);
#1389=EDGE_CURVE('',#1446,#1642,#171,.T.);
#1390=EDGE_CURVE('',#1513,#1642,#172,.T.);
#1391=EDGE_CURVE('',#1514,#1641,#1813,.F.);
#1392=EDGE_CURVE('',#1517,#1640,#1814,.T.);
#1393=EDGE_CURVE('',#1639,#1648,#1815,.F.);
#1394=EDGE_CURVE('',#1518,#1648,#1816,.T.);
#1395=EDGE_CURVE('',#1648,#1452,#1817,.F.);
#1396=EDGE_CURVE('',#1430,#1646,#1818,.T.);
#1397=EDGE_CURVE('',#1471,#1524,#1819,.T.);
#1398=EDGE_CURVE('',#1435,#1470,#1820,.T.);
#1399=EDGE_CURVE('',#1469,#1485,#1821,.T.);
#1400=EDGE_CURVE('',#1649,#1637,#1822,.T.);
#1401=EDGE_CURVE('',#1649,#1650,#173,.T.);
#1402=EDGE_CURVE('',#1650,#1651,#1823,.T.);
#1403=EDGE_CURVE('',#1440,#1651,#1824,.T.);
#1404=EDGE_CURVE('',#1632,#1649,#1825,.T.);
#1405=EDGE_CURVE('',#1461,#1652,#1826,.T.);
#1406=EDGE_CURVE('',#1652,#1462,#1827,.T.);
#1407=EDGE_CURVE('',#1651,#1480,#1828,.T.);
#1408=EDGE_CURVE('',#1653,#1633,#1829,.T.);
#1409=EDGE_CURVE('',#1481,#1653,#1830,.T.);
#1410=EDGE_CURVE('',#1463,#1649,#1831,.T.);
#1411=EDGE_CURVE('',#1653,#1460,#1832,.T.);
#1412=EDGE_CURVE('',#1654,#1653,#174,.T.);
#1413=EDGE_CURVE('',#1652,#1654,#1833,.T.);
#1414=EDGE_CURVE('',#1654,#1650,#1834,.T.);
#1415=EDGE_CURVE('',#1647,#1457,#1835,.T.);
#1416=EDGE_CURVE('',#1492,#1456,#175,.T.);
#1417=EDGE_CURVE('',#1493,#1529,#176,.T.);
#1418=EDGE_CURVE('',#1488,#1528,#177,.T.);
#1419=EDGE_CURVE('',#1489,#1620,#178,.T.);
#1420=EDGE_CURVE('',#1498,#1604,#179,.T.);
#1421=EDGE_CURVE('',#1455,#1495,#180,.T.);
#1422=EDGE_CURVE('',#1454,#1638,#1836,.F.);
#1423=EDGE_CURVE('',#1499,#1534,#181,.T.);
#1424=EDGE_CURVE('',#1533,#1494,#182,.T.);
#1425=VERTEX_POINT('',#3056);
#1426=VERTEX_POINT('',#3066);
#1427=VERTEX_POINT('',#3067);
#1428=VERTEX_POINT('',#3206);
#1429=VERTEX_POINT('',#3211);
#1430=VERTEX_POINT('',#3218);
#1431=VERTEX_POINT('',#3226);
#1432=VERTEX_POINT('',#3232);
#1433=VERTEX_POINT('',#3237);
#1434=VERTEX_POINT('',#3248);
#1435=VERTEX_POINT('',#3249);
#1436=VERTEX_POINT('',#3251);
#1437=VERTEX_POINT('',#3260);
#1438=VERTEX_POINT('',#3262);
#1439=VERTEX_POINT('',#3264);
#1440=VERTEX_POINT('',#3269);
#1441=VERTEX_POINT('',#3271);
#1442=VERTEX_POINT('',#3273);
#1443=VERTEX_POINT('',#3282);
#1444=VERTEX_POINT('',#3284);
#1445=VERTEX_POINT('',#3286);
#1446=VERTEX_POINT('',#3288);
#1447=VERTEX_POINT('',#3290);
#1448=VERTEX_POINT('',#3299);
#1449=VERTEX_POINT('',#3301);
#1450=VERTEX_POINT('',#3303);
#1451=VERTEX_POINT('',#3308);
#1452=VERTEX_POINT('',#3318);
#1453=VERTEX_POINT('',#3319);
#1454=VERTEX_POINT('',#3324);
#1455=VERTEX_POINT('',#3329);
#1456=VERTEX_POINT('',#3349);
#1457=VERTEX_POINT('',#3354);
#1458=VERTEX_POINT('',#3360);
#1459=VERTEX_POINT('',#3368);
#1460=VERTEX_POINT('',#3374);
#1461=VERTEX_POINT('',#3379);
#1462=VERTEX_POINT('',#3384);
#1463=VERTEX_POINT('',#3389);
#1464=VERTEX_POINT('',#3394);
#1465=VERTEX_POINT('',#3400);
#1466=VERTEX_POINT('',#3402);
#1467=VERTEX_POINT('',#3410);
#1468=VERTEX_POINT('',#3415);
#1469=VERTEX_POINT('',#3420);
#1470=VERTEX_POINT('',#3425);
#1471=VERTEX_POINT('',#3430);
#1472=VERTEX_POINT('',#3435);
#1473=VERTEX_POINT('',#3440);
#1474=VERTEX_POINT('',#3454);
#1475=VERTEX_POINT('',#3459);
#1476=VERTEX_POINT('',#3461);
#1477=VERTEX_POINT('',#3466);
#1478=VERTEX_POINT('',#3483);
#1479=VERTEX_POINT('',#3506);
#1480=VERTEX_POINT('',#3512);
#1481=VERTEX_POINT('',#3517);
#1482=VERTEX_POINT('',#3519);
#1483=VERTEX_POINT('',#3534);
#1484=VERTEX_POINT('',#3535);
#1485=VERTEX_POINT('',#3540);
#1486=VERTEX_POINT('',#3545);
#1487=VERTEX_POINT('',#3556);
#1488=VERTEX_POINT('',#3569);
#1489=VERTEX_POINT('',#3570);
#1490=VERTEX_POINT('',#3572);
#1491=VERTEX_POINT('',#3574);
#1492=VERTEX_POINT('',#3579);
#1493=VERTEX_POINT('',#3584);
#1494=VERTEX_POINT('',#3591);
#1495=VERTEX_POINT('',#3592);
#1496=VERTEX_POINT('',#3597);
#1497=VERTEX_POINT('',#3599);
#1498=VERTEX_POINT('',#3601);
#1499=VERTEX_POINT('',#3612);
#1500=VERTEX_POINT('',#3616);
#1501=VERTEX_POINT('',#3617);
#1502=VERTEX_POINT('',#3619);
#1503=VERTEX_POINT('',#3623);
#1504=VERTEX_POINT('',#3624);
#1505=VERTEX_POINT('',#3626);
#1506=VERTEX_POINT('',#3643);
#1507=VERTEX_POINT('',#3644);
#1508=VERTEX_POINT('',#3646);
#1509=VERTEX_POINT('',#3654);
#1510=VERTEX_POINT('',#3659);
#1511=VERTEX_POINT('',#3676);
#1512=VERTEX_POINT('',#3677);
#1513=VERTEX_POINT('',#3679);
#1514=VERTEX_POINT('',#3684);
#1515=VERTEX_POINT('',#3690);
#1516=VERTEX_POINT('',#3723);
#1517=VERTEX_POINT('',#3766);
#1518=VERTEX_POINT('',#3771);
#1519=VERTEX_POINT('',#3805);
#1520=VERTEX_POINT('',#3807);
#1521=VERTEX_POINT('',#3818);
#1522=VERTEX_POINT('',#3820);
#1523=VERTEX_POINT('',#3828);
#1524=VERTEX_POINT('',#3870);
#1525=VERTEX_POINT('',#3875);
#1526=VERTEX_POINT('',#3883);
#1527=VERTEX_POINT('',#3903);
#1528=VERTEX_POINT('',#3904);
#1529=VERTEX_POINT('',#3906);
#1530=VERTEX_POINT('',#3914);
#1531=VERTEX_POINT('',#3920);
#1532=VERTEX_POINT('',#3930);
#1533=VERTEX_POINT('',#3931);
#1534=VERTEX_POINT('',#3933);
#1535=VERTEX_POINT('',#3939);
#1536=VERTEX_POINT('',#3941);
#1537=VERTEX_POINT('',#3953);
#1538=VERTEX_POINT('',#3954);
#1539=VERTEX_POINT('',#3959);
#1540=VERTEX_POINT('',#3967);
#1541=VERTEX_POINT('',#3972);
#1542=VERTEX_POINT('',#3978);
#1543=VERTEX_POINT('',#3982);
#1544=VERTEX_POINT('',#3984);
#1545=VERTEX_POINT('',#3985);
#1546=VERTEX_POINT('',#3990);
#1547=VERTEX_POINT('',#4072);
#1548=VERTEX_POINT('',#4074);
#1549=VERTEX_POINT('',#4076);
#1550=VERTEX_POINT('',#4078);
#1551=VERTEX_POINT('',#4085);
#1552=VERTEX_POINT('',#4086);
#1553=VERTEX_POINT('',#4088);
#1554=VERTEX_POINT('',#4090);
#1555=VERTEX_POINT('',#4094);
#1556=VERTEX_POINT('',#4095);
#1557=VERTEX_POINT('',#4097);
#1558=VERTEX_POINT('',#4099);
#1559=VERTEX_POINT('',#4103);
#1560=VERTEX_POINT('',#4104);
#1561=VERTEX_POINT('',#4106);
#1562=VERTEX_POINT('',#4108);
#1563=VERTEX_POINT('',#4112);
#1564=VERTEX_POINT('',#4114);
#1565=VERTEX_POINT('',#4117);
#1566=VERTEX_POINT('',#4119);
#1567=VERTEX_POINT('',#4122);
#1568=VERTEX_POINT('',#4124);
#1569=VERTEX_POINT('',#4127);
#1570=VERTEX_POINT('',#4128);
#1571=VERTEX_POINT('',#4130);
#1572=VERTEX_POINT('',#4132);
#1573=VERTEX_POINT('',#4136);
#1574=VERTEX_POINT('',#4137);
#1575=VERTEX_POINT('',#4139);
#1576=VERTEX_POINT('',#4141);
#1577=VERTEX_POINT('',#4146);
#1578=VERTEX_POINT('',#4150);
#1579=VERTEX_POINT('',#4157);
#1580=VERTEX_POINT('',#4158);
#1581=VERTEX_POINT('',#4160);
#1582=VERTEX_POINT('',#4162);
#1583=VERTEX_POINT('',#4167);
#1584=VERTEX_POINT('',#4171);
#1585=VERTEX_POINT('',#4178);
#1586=VERTEX_POINT('',#4180);
#1587=VERTEX_POINT('',#4185);
#1588=VERTEX_POINT('',#4189);
#1589=VERTEX_POINT('',#4201);
#1590=VERTEX_POINT('',#4210);
#1591=VERTEX_POINT('',#4214);
#1592=VERTEX_POINT('',#4215);
#1593=VERTEX_POINT('',#4221);
#1594=VERTEX_POINT('',#4223);
#1595=VERTEX_POINT('',#4237);
#1596=VERTEX_POINT('',#4240);
#1597=VERTEX_POINT('',#4246);
#1598=VERTEX_POINT('',#4248);
#1599=VERTEX_POINT('',#4257);
#1600=VERTEX_POINT('',#4260);
#1601=VERTEX_POINT('',#4262);
#1602=VERTEX_POINT('',#4270);
#1603=VERTEX_POINT('',#4277);
#1604=VERTEX_POINT('',#4278);
#1605=VERTEX_POINT('',#4280);
#1606=VERTEX_POINT('',#4283);
#1607=VERTEX_POINT('',#4287);
#1608=VERTEX_POINT('',#4288);
#1609=VERTEX_POINT('',#4293);
#1610=VERTEX_POINT('',#4294);
#1611=VERTEX_POINT('',#4302);
#1612=VERTEX_POINT('',#4304);
#1613=VERTEX_POINT('',#4308);
#1614=VERTEX_POINT('',#4309);
#1615=VERTEX_POINT('',#4314);
#1616=VERTEX_POINT('',#4315);
#1617=VERTEX_POINT('',#4323);
#1618=VERTEX_POINT('',#4325);
#1619=VERTEX_POINT('',#4329);
#1620=VERTEX_POINT('',#4331);
#1621=VERTEX_POINT('',#4336);
#1622=VERTEX_POINT('',#4338);
#1623=VERTEX_POINT('',#4342);
#1624=VERTEX_POINT('',#4391);
#1625=VERTEX_POINT('',#4399);
#1626=VERTEX_POINT('',#4406);
#1627=VERTEX_POINT('',#4417);
#1628=VERTEX_POINT('',#4425);
#1629=VERTEX_POINT('',#4432);
#1630=VERTEX_POINT('',#4443);
#1631=VERTEX_POINT('',#4511);
#1632=VERTEX_POINT('',#4678);
#1633=VERTEX_POINT('',#4719);
#1634=VERTEX_POINT('',#4912);
#1635=VERTEX_POINT('',#4936);
#1636=VERTEX_POINT('',#4960);
#1637=VERTEX_POINT('',#5192);
#1638=VERTEX_POINT('',#5247);
#1639=VERTEX_POINT('',#5249);
#1640=VERTEX_POINT('',#5254);
#1641=VERTEX_POINT('',#5260);
#1642=VERTEX_POINT('',#5265);
#1643=VERTEX_POINT('',#5267);
#1644=VERTEX_POINT('',#5272);
#1645=VERTEX_POINT('',#5277);
#1646=VERTEX_POINT('',#5286);
#1647=VERTEX_POINT('',#5288);
#1648=VERTEX_POINT('',#5407);
#1649=VERTEX_POINT('',#5529);
#1650=VERTEX_POINT('',#5531);
#1651=VERTEX_POINT('',#5536);
#1652=VERTEX_POINT('',#5566);
#1653=VERTEX_POINT('',#5597);
#1654=VERTEX_POINT('',#5658);
#1655=B_SPLINE_CURVE_WITH_KNOTS('',3,(#3034,#3035,#3036,#3037,#3038,#3039,
#3040,#3041,#3042,#3043,#3044,#3045,#3046,#3047,#3048,#3049,#3050,#3051,
#3052,#3053,#3054,#3055),.UNSPECIFIED.,.T.,.F.,(1,1,1,1,1,1,1,1,1,1,1,1,
1,1,1,1,1,1,1,1,1,1,1,1,1,1),(-0.00128209138966326,-0.000854727593107965,
-0.000427363796552675,2.61715348396413E-15,0.000213681898280263,0.000427363796557908,
0.0008547275931132,0.00128209138966849,0.00170945518622378,0.00213681898277907,
0.00256418277933436,0.00299154657588966,0.0032052284741673,0.00341891037244495,
0.00363259227072259,0.00384627416900024,0.00427363796555553,0.00470100176211082,
0.00512836555866611,0.0055557293552214,0.0059830931517767,0.00641045694833199,
0.00683782074488728,0.00705150264316492,0.00726518454144257,0.00769254833799786),
 .UNSPECIFIED.);
#1656=B_SPLINE_CURVE_WITH_KNOTS('',3,(#3057,#3058,#3059,#3060,#3061,#3062,
#3063,#3064,#3065),.UNSPECIFIED.,.F.,.F.,(4,1,1,1,1,1,4),(0.00124134371045832,
0.00151398740745235,0.00178663110444639,0.00233191849843446,0.00287720589242253,
0.00314984958941657,0.0034224932864106),.UNSPECIFIED.);
#1657=B_SPLINE_CURVE_WITH_KNOTS('',3,(#3068,#3069,#3070,#3071,#3072,#3073,
#3074,#3075,#3076,#3077,#3078,#3079,#3080,#3081),.UNSPECIFIED.,.F.,.F.,
(4,1,1,1,1,1,1,1,1,1,1,4),(0.000784860485144456,0.00181122738126039,0.00283759427737632,
0.00386396117349225,0.00437714462155022,0.00489032806960819,0.00540351151766615,
0.00591669496572412,0.00642987841378208,0.00694306186184005,0.00796942875795598,
0.00899579565407192),.UNSPECIFIED.);
#1658=B_SPLINE_CURVE_WITH_KNOTS('',3,(#3202,#3203,#3204,#3205),
 .UNSPECIFIED.,.F.,.F.,(4,4),(6.96893118170692E-19,0.00206694161914578),
 .UNSPECIFIED.);
#1659=B_SPLINE_CURVE_WITH_KNOTS('',3,(#3207,#3208,#3209,#3210),
 .UNSPECIFIED.,.F.,.F.,(4,4),(0.0040183927921173,0.00505237815654413),
 .UNSPECIFIED.);
#1660=B_SPLINE_CURVE_WITH_KNOTS('',3,(#3212,#3213,#3214,#3215,#3216,#3217),
 .UNSPECIFIED.,.F.,.F.,(4,1,1,4),(0.,0.000197705412985403,0.000395410825970806,
0.000790821651941612),.UNSPECIFIED.);
#1661=B_SPLINE_CURVE_WITH_KNOTS('',3,(#3219,#3220,#3221,#3222,#3223,#3224,
#3225),.UNSPECIFIED.,.F.,.F.,(4,1,1,1,4),(0.0525698486737169,0.0553114441317159,
0.0580530395897149,0.0607946350477139,0.0635362305057129),.UNSPECIFIED.);
#1662=B_SPLINE_CURVE_WITH_KNOTS('',3,(#3227,#3228,#3229,#3230,#3231),
 .UNSPECIFIED.,.F.,.F.,(4,1,4),(0.00213061233188434,0.00497210832200398,
0.00781360431212361),.UNSPECIFIED.);
#1663=B_SPLINE_CURVE_WITH_KNOTS('',3,(#3233,#3234,#3235,#3236),
 .UNSPECIFIED.,.F.,.F.,(4,4),(0.00273440175834872,0.00322629663054058),
 .UNSPECIFIED.);
#1664=B_SPLINE_CURVE_WITH_KNOTS('',3,(#3238,#3239,#3240,#3241,#3242,#3243,
#3244,#3245),.UNSPECIFIED.,.F.,.F.,(4,1,1,1,1,4),(0.057168304892346,0.0591874325715471,
0.0612065602507481,0.0652448156091501,0.0692830709675522,0.0733213263259542),
 .UNSPECIFIED.);
#1665=B_SPLINE_CURVE_WITH_KNOTS('',3,(#3252,#3253,#3254,#3255,#3256,#3257,
#3258,#3259),.UNSPECIFIED.,.F.,.F.,(4,1,1,1,1,4),(0.,0.000513322273386617,
0.00102664454677323,0.00153996682015985,0.00179662795685316,0.00205328909354647),
 .UNSPECIFIED.);
#1666=B_SPLINE_CURVE_WITH_KNOTS('',3,(#3265,#3266,#3267,#3268),
 .UNSPECIFIED.,.F.,.F.,(4,4),(0.000508270877075079,0.000515856907130076),
 .UNSPECIFIED.);
#1667=B_SPLINE_CURVE_WITH_KNOTS('',3,(#3274,#3275,#3276,#3277,#3278,#3279,
#3280,#3281),.UNSPECIFIED.,.F.,.F.,(4,1,1,1,1,4),(0.,0.000513322273386644,
0.00102664454677329,0.00153996682015993,0.00179662795685326,0.00205328909354658),
 .UNSPECIFIED.);
#1668=B_SPLINE_CURVE_WITH_KNOTS('',3,(#3291,#3292,#3293,#3294,#3295,#3296,
#3297,#3298),.UNSPECIFIED.,.F.,.F.,(4,1,1,1,1,4),(0.,0.00051332227338663,
0.00102664454677326,0.00153996682015989,0.0017966279568532,0.00205328909354652),
 .UNSPECIFIED.);
#1669=B_SPLINE_CURVE_WITH_KNOTS('',3,(#3304,#3305,#3306,#3307),
 .UNSPECIFIED.,.F.,.F.,(4,4),(0.,0.000214231175031586),.UNSPECIFIED.);
#1670=B_SPLINE_CURVE_WITH_KNOTS('',3,(#3309,#3310,#3311,#3312),
 .UNSPECIFIED.,.F.,.F.,(4,4),(0.00053768137117021,0.000609994883605628),
 .UNSPECIFIED.);
#1671=B_SPLINE_CURVE_WITH_KNOTS('',3,(#3314,#3315,#3316,#3317),
 .UNSPECIFIED.,.F.,.F.,(4,4),(0.00325442470367462,0.00436710150452913),
 .UNSPECIFIED.);
#1672=B_SPLINE_CURVE_WITH_KNOTS('',3,(#3320,#3321,#3322,#3323),
 .UNSPECIFIED.,.F.,.F.,(4,4),(0.0229827458122074,0.027417298339912),
 .UNSPECIFIED.);
#1673=B_SPLINE_CURVE_WITH_KNOTS('',3,(#3325,#3326,#3327,#3328),
 .UNSPECIFIED.,.F.,.F.,(4,4),(-0.000461483242719918,0.00124579246236536),
 .UNSPECIFIED.);
#1674=B_SPLINE_CURVE_WITH_KNOTS('',3,(#3330,#3331,#3332,#3333,#3334,#3335,
#3336,#3337,#3338,#3339,#3340,#3341,#3342,#3343,#3344,#3345,#3346,#3347,
#3348),.UNSPECIFIED.,.F.,.F.,(4,1,1,1,1,1,1,1,1,1,1,1,1,1,1,1,4),(0.000710729387572111,
0.00369243748821639,0.00667414558886067,0.00965585368950495,0.0126375617901492,
0.0156192698907935,0.0186009779914378,0.0215826860920821,0.0245643941927263,
0.0275461022933706,0.0305278103940149,0.0335095184946592,0.0364912265953034,
0.0394729346959477,0.042454642796592,0.0454363508972363,0.0484180589978806),
 .UNSPECIFIED.);
#1675=B_SPLINE_CURVE_WITH_KNOTS('',3,(#3350,#3351,#3352,#3353),
 .UNSPECIFIED.,.F.,.F.,(4,4),(3.33718102177868E-15,0.00170727527003769),
 .UNSPECIFIED.);
#1676=B_SPLINE_CURVE_WITH_KNOTS('',3,(#3355,#3356,#3357,#3358),
 .UNSPECIFIED.,.F.,.F.,(4,4),(0.00598929294160512,0.00934298405234411),
 .UNSPECIFIED.);
#1677=B_SPLINE_CURVE_WITH_KNOTS('',3,(#3361,#3362,#3363,#3364,#3365,#3366,
#3367),.UNSPECIFIED.,.F.,.F.,(4,1,1,1,4),(0.,0.00198443286225431,0.00396886572450863,
0.00595329858676294,0.00793773144901726),.UNSPECIFIED.);
#1678=B_SPLINE_CURVE_WITH_KNOTS('',3,(#3369,#3370,#3371,#3372,#3373),
 .UNSPECIFIED.,.F.,.F.,(4,1,4),(0.00793773144901796,0.00935753909791407,
0.0107773467468102),.UNSPECIFIED.);
#1679=B_SPLINE_CURVE_WITH_KNOTS('',3,(#3375,#3376,#3377,#3378),
 .UNSPECIFIED.,.F.,.F.,(4,4),(5.88426794779408E-16,0.000421604658475902),
 .UNSPECIFIED.);
#1680=B_SPLINE_CURVE_WITH_KNOTS('',3,(#3380,#3381,#3382,#3383),
 .UNSPECIFIED.,.F.,.F.,(4,4),(0.012280559206539,0.0130911668988347),
 .UNSPECIFIED.);
#1681=B_SPLINE_CURVE_WITH_KNOTS('',3,(#3385,#3386,#3387,#3388),
 .UNSPECIFIED.,.F.,.F.,(4,4),(8.73584420913882E-17,0.000427166997259726),
 .UNSPECIFIED.);
#1682=B_SPLINE_CURVE_WITH_KNOTS('',3,(#3390,#3391,#3392,#3393),
 .UNSPECIFIED.,.F.,.F.,(4,4),(-0.00235568538400102,0.000260374345725923),
 .UNSPECIFIED.);
#1683=B_SPLINE_CURVE_WITH_KNOTS('',3,(#3395,#3396,#3397,#3398,#3399),
 .UNSPECIFIED.,.F.,.F.,(4,1,4),(0.000260374345725927,0.00367298896229785,
0.00708560357886977),.UNSPECIFIED.);
#1684=B_SPLINE_CURVE_WITH_KNOTS('',3,(#3403,#3404,#3405,#3406,#3407,#3408,
#3409),.UNSPECIFIED.,.F.,.F.,(4,1,1,1,4),(0.,0.00198443286226741,0.00396886572453482,
0.00595329858680223,0.00793773144906964),.UNSPECIFIED.);
#1685=B_SPLINE_CURVE_WITH_KNOTS('',3,(#3411,#3412,#3413,#3414),
 .UNSPECIFIED.,.F.,.F.,(4,4),(0.000196079415397624,0.000676344271505703),
 .UNSPECIFIED.);
#1686=B_SPLINE_CURVE_WITH_KNOTS('',3,(#3416,#3417,#3418,#3419),
 .UNSPECIFIED.,.F.,.F.,(4,4),(8.67361737988404E-18,6.59065708536755E-5),
 .UNSPECIFIED.);
#1687=B_SPLINE_CURVE_WITH_KNOTS('',3,(#3421,#3422,#3423,#3424),
 .UNSPECIFIED.,.F.,.F.,(4,4),(0.0344365199375684,0.0352291241322238),
 .UNSPECIFIED.);
#1688=B_SPLINE_CURVE_WITH_KNOTS('',3,(#3426,#3427,#3428,#3429),
 .UNSPECIFIED.,.F.,.F.,(4,4),(1.86629578379342E-14,0.000618926494627525),
 .UNSPECIFIED.);
#1689=B_SPLINE_CURVE_WITH_KNOTS('',3,(#3431,#3432,#3433,#3434),
 .UNSPECIFIED.,.F.,.F.,(4,4),(-0.000333654427114175,0.000260374345728773),
 .UNSPECIFIED.);
#1690=B_SPLINE_CURVE_WITH_KNOTS('',3,(#3436,#3437,#3438,#3439),
 .UNSPECIFIED.,.F.,.F.,(4,4),(0.00026037434572876,0.00195394306719141),
 .UNSPECIFIED.);
#1691=B_SPLINE_CURVE_WITH_KNOTS('',3,(#3441,#3442,#3443,#3444,#3445,#3446,
#3447,#3448,#3449,#3450,#3451,#3452,#3453),.UNSPECIFIED.,.F.,.F.,(4,1,1,
1,1,1,1,1,1,1,4),(0.,0.000979748695343592,0.00195949739068718,0.00293924608603077,
0.00342912043370257,0.00391899478137437,0.00440886912904616,0.00489874347671796,
0.00587849217206155,0.00685824086740514,0.00783798956274873),
 .UNSPECIFIED.);
#1692=B_SPLINE_CURVE_WITH_KNOTS('',3,(#3455,#3456,#3457,#3458),
 .UNSPECIFIED.,.F.,.F.,(4,4),(0.00418573587316199,0.00708560357893369),
 .UNSPECIFIED.);
#1693=B_SPLINE_CURVE_WITH_KNOTS('',3,(#3462,#3463,#3464,#3465),
 .UNSPECIFIED.,.F.,.F.,(4,4),(1.68332526170542E-17,0.00353361855790141),
 .UNSPECIFIED.);
#1694=B_SPLINE_CURVE_WITH_KNOTS('',3,(#3467,#3468,#3469,#3470,#3471,#3472,
#3473,#3474,#3475,#3476,#3477,#3478,#3479,#3480,#3481,#3482),
 .UNSPECIFIED.,.F.,.F.,(4,1,1,1,1,1,1,1,1,1,1,1,1,4),(0.00620046166377934,
0.00745112962796205,0.00870179759214475,0.0093271315742361,0.00995246555632746,
0.0105777995384188,0.0112031335205102,0.0118284675026015,0.0124538014846929,
0.0137044694488756,0.0143298034309669,0.0149551374130583,0.0155804713951496,
0.016205805377241),.UNSPECIFIED.);
#1695=B_SPLINE_CURVE_WITH_KNOTS('',3,(#3484,#3485,#3486,#3487),
 .UNSPECIFIED.,.F.,.F.,(4,4),(0.00414236264537025,0.00508380798068449),
 .UNSPECIFIED.);
#1696=B_SPLINE_CURVE_WITH_KNOTS('',3,(#3488,#3489,#3490,#3491,#3492,#3493,
#3494,#3495,#3496,#3497,#3498,#3499,#3500,#3501,#3502,#3503,#3504,#3505),
 .UNSPECIFIED.,.T.,.F.,(1,1,1,1,1,1,1,1,1,1,1,1,1,1,1,1,1,1,1,1,1,1),(-0.00200080609267744,
-0.00133387072845097,-0.000666935364224496,1.97354440733437E-15,0.000666935364228444,
0.00133387072845492,0.00266774145690786,0.00333467682113433,0.0040016121853608,
0.00466854754958727,0.00533548291381374,0.00600241827804021,0.00666935364226668,
0.00733628900649315,0.00800322437071962,0.00867015973494609,0.00933709509917256,
0.010004030463399,0.0106709658276255,0.011337901191852,0.0120048365560784,
0.0133387072845314),.UNSPECIFIED.);
#1697=B_SPLINE_CURVE_WITH_KNOTS('',3,(#3508,#3509,#3510,#3511),
 .UNSPECIFIED.,.F.,.F.,(4,4),(1.39048664439199E-17,6.13256777784206E-6),
 .UNSPECIFIED.);
#1698=B_SPLINE_CURVE_WITH_KNOTS('',3,(#3513,#3514,#3515,#3516),
 .UNSPECIFIED.,.F.,.F.,(4,4),(-4.28720100950821E-6,0.000291636926747121),
 .UNSPECIFIED.);
#1699=B_SPLINE_CURVE_WITH_KNOTS('',3,(#3536,#3537,#3538,#3539),
 .UNSPECIFIED.,.F.,.F.,(4,4),(1.03778187465823E-14,9.96883164778285E-5),
 .UNSPECIFIED.);
#1700=B_SPLINE_CURVE_WITH_KNOTS('',3,(#3541,#3542,#3543,#3544),
 .UNSPECIFIED.,.F.,.F.,(4,4),(-6.33153965312756E-6,0.000212768050397096),
 .UNSPECIFIED.);
#1701=B_SPLINE_CURVE_WITH_KNOTS('',3,(#3546,#3547,#3548,#3549),
 .UNSPECIFIED.,.F.,.F.,(4,4),(0.,6.63969461390218E-5),.UNSPECIFIED.);
#1702=B_SPLINE_CURVE_WITH_KNOTS('',3,(#3551,#3552,#3553,#3554),
 .UNSPECIFIED.,.F.,.F.,(4,4),(0.,3.55972645735826E-5),.UNSPECIFIED.);
#1703=B_SPLINE_CURVE_WITH_KNOTS('',3,(#3559,#3560,#3561,#3562,#3563,#3564,
#3565,#3566,#3567,#3568),.UNSPECIFIED.,.F.,.F.,(4,1,1,1,1,1,1,4),(0.00021562299806171,
0.000638185799568324,0.00106074860107494,0.00127203000182824,0.00148331140258155,
0.00169459280333486,0.00180023350371151,0.00190587420408817),
 .UNSPECIFIED.);
#1704=B_SPLINE_CURVE_WITH_KNOTS('',3,(#3575,#3576,#3577,#3578),
 .UNSPECIFIED.,.F.,.F.,(4,4),(0.,0.00149720970668978),.UNSPECIFIED.);
#1705=B_SPLINE_CURVE_WITH_KNOTS('',3,(#3580,#3581,#3582,#3583),
 .UNSPECIFIED.,.F.,.F.,(4,4),(0.,0.000912255796078877),.UNSPECIFIED.);
#1706=B_SPLINE_CURVE_WITH_KNOTS('',3,(#3587,#3588,#3589,#3590),
 .UNSPECIFIED.,.F.,.F.,(4,4),(0.000134176292789377,0.00105640809368092),
 .UNSPECIFIED.);
#1707=B_SPLINE_CURVE_WITH_KNOTS('',3,(#3593,#3594,#3595,#3596),
 .UNSPECIFIED.,.F.,.F.,(4,4),(9.34177181294034E-18,0.00149720970698701),
 .UNSPECIFIED.);
#1708=B_SPLINE_CURVE_WITH_KNOTS('',3,(#3602,#3603,#3604,#3605,#3606,#3607,
#3608,#3609,#3610,#3611),.UNSPECIFIED.,.F.,.F.,(4,1,1,1,1,1,1,4),(0.,0.000106759210356471,
0.000213518420712942,0.000427036841425884,0.000640555262138826,0.000854073682851769,
0.00128111052427765,0.00170814736570354),.UNSPECIFIED.);
#1709=B_SPLINE_CURVE_WITH_KNOTS('',3,(#3636,#3637,#3638,#3639,#3640,#3641,
#3642),.UNSPECIFIED.,.F.,.F.,(4,1,1,1,4),(0.00137699950868353,0.0037103193523427,
0.00604363919600187,0.00837695903966103,0.0107102788833202),
 .UNSPECIFIED.);
#1710=B_SPLINE_CURVE_WITH_KNOTS('',3,(#3647,#3648,#3649,#3650,#3651,#3652,
#3653),.UNSPECIFIED.,.F.,.F.,(4,1,1,1,4),(-5.99999999978662E-8,0.00159605875093492,
0.00319217750186985,0.00478829625280477,0.00638441500373969),
 .UNSPECIFIED.);
#1711=B_SPLINE_CURVE_WITH_KNOTS('',3,(#3655,#3656,#3657,#3658),
 .UNSPECIFIED.,.F.,.F.,(4,4),(0.,0.00158968691536788),.UNSPECIFIED.);
#1712=B_SPLINE_CURVE_WITH_KNOTS('',3,(#3669,#3670,#3671,#3672,#3673,#3674,
#3675),.UNSPECIFIED.,.F.,.F.,(4,1,1,1,4),(-5.99999999614474E-8,0.00210730713311377,
0.0042146742662275,0.00632204139934123,0.00842940853245496),
 .UNSPECIFIED.);
#1713=B_SPLINE_CURVE_WITH_KNOTS('',3,(#3680,#3681,#3682,#3683),
 .UNSPECIFIED.,.F.,.F.,(4,4),(0.,1.),.UNSPECIFIED.);
#1714=B_SPLINE_CURVE_WITH_KNOTS('',3,(#3685,#3686,#3687,#3688,#3689),
 .UNSPECIFIED.,.F.,.F.,(4,1,4),(0.00118031454874888,0.00433275568149101,
0.00748519681423313),.UNSPECIFIED.);
#1715=B_SPLINE_CURVE_WITH_KNOTS('',3,(#3719,#3720,#3721,#3722),
 .UNSPECIFIED.,.F.,.F.,(4,4),(0.773498227780294,1.),.UNSPECIFIED.);
#1716=B_SPLINE_CURVE_WITH_KNOTS('',3,(#3724,#3725,#3726,#3727,#3728),
 .UNSPECIFIED.,.F.,.F.,(4,1,4),(0.000495844003501319,0.00084607250166908,
0.00119630099983684),.UNSPECIFIED.);
#1717=B_SPLINE_CURVE_WITH_KNOTS('',3,(#3729,#3730,#3731,#3732),
 .UNSPECIFIED.,.F.,.F.,(4,4),(0.,0.000197128690363317),.UNSPECIFIED.);
#1718=B_SPLINE_CURVE_WITH_KNOTS('',3,(#3760,#3761,#3762,#3763,#3764,#3765),
 .UNSPECIFIED.,.F.,.F.,(4,1,1,4),(0.,0.324263707339667,0.486395561009501,
0.648527414679334),.UNSPECIFIED.);
#1719=B_SPLINE_CURVE_WITH_KNOTS('',3,(#3767,#3768,#3769,#3770),
 .UNSPECIFIED.,.F.,.F.,(4,4),(0.00125721351503146,0.00128655280286762),
 .UNSPECIFIED.);
#1720=B_SPLINE_CURVE_WITH_KNOTS('',3,(#3772,#3773,#3774,#3775,#3776,#3777,
#3778,#3779,#3780,#3781,#3782,#3783,#3784),.UNSPECIFIED.,.F.,.F.,(4,1,1,
1,1,1,1,1,1,1,4),(0.,0.000501091530289219,0.00100218306057844,0.00125272882572305,
0.00150327459086766,0.00162854747343996,0.00175382035601227,0.00181645679729842,
0.00187909323858457,0.00194172967987073,0.00200436612115688),
 .UNSPECIFIED.);
#1721=B_SPLINE_CURVE_WITH_KNOTS('',3,(#3785,#3786,#3787,#3788),
 .UNSPECIFIED.,.F.,.F.,(4,4),(-1.99983267893758E-5,0.000588466780388656),
 .UNSPECIFIED.);
#1722=B_SPLINE_CURVE_WITH_KNOTS('',3,(#3789,#3790,#3791,#3792,#3793,#3794,
#3795),.UNSPECIFIED.,.F.,.F.,(4,1,1,1,4),(0.,0.000469297601498367,0.000938595202996734,
0.0014078928044951,0.00187719040599347),.UNSPECIFIED.);
#1723=B_SPLINE_CURVE_WITH_KNOTS('',3,(#3797,#3798,#3799,#3800,#3801,#3802,
#3803,#3804),.UNSPECIFIED.,.F.,.F.,(4,1,1,1,1,4),(0.000216670905439434,
0.000413073121984673,0.000609475338529912,0.000707676446802532,0.000805877555075151,
0.00100227977162039),.UNSPECIFIED.);
#1724=B_SPLINE_CURVE_WITH_KNOTS('',3,(#3810,#3811,#3812,#3813,#3814,#3815,
#3816,#3817),.UNSPECIFIED.,.F.,.F.,(4,1,1,1,1,4),(0.00124622160366282,0.00144273115765654,
0.0015409859346534,0.00163924071165026,0.00183575026564397,0.00203225981963769),
 .UNSPECIFIED.);
#1725=B_SPLINE_CURVE_WITH_KNOTS('',3,(#3824,#3825,#3826,#3827),
 .UNSPECIFIED.,.F.,.F.,(4,4),(0.,9.75194832230737E-5),.UNSPECIFIED.);
#1726=B_SPLINE_CURVE_WITH_KNOTS('',3,(#3829,#3830,#3831,#3832,#3833,#3834),
 .UNSPECIFIED.,.F.,.F.,(4,1,1,4),(8.67361737988404E-19,0.000288380687844223,
0.000432571031766334,0.000576761375688445),.UNSPECIFIED.);
#1727=B_SPLINE_CURVE_WITH_KNOTS('',3,(#3865,#3866,#3867,#3868,#3869),
 .UNSPECIFIED.,.F.,.F.,(4,1,4),(0.,0.000485001491142427,0.000970002982284854),
 .UNSPECIFIED.);
#1728=B_SPLINE_CURVE_WITH_KNOTS('',3,(#3871,#3872,#3873,#3874),
 .UNSPECIFIED.,.F.,.F.,(4,4),(0.000970002982284854,0.00116307288919679),
 .UNSPECIFIED.);
#1729=B_SPLINE_CURVE_WITH_KNOTS('',3,(#3876,#3877,#3878,#3879,#3880,#3881,
#3882),.UNSPECIFIED.,.F.,.F.,(4,1,1,1,4),(-5.99999999857965E-8,0.00178178743533541,
0.0035636348706708,0.0053454823060062,0.0071273297413416),.UNSPECIFIED.);
#1730=B_SPLINE_CURVE_WITH_KNOTS('',3,(#3884,#3885,#3886,#3887,#3888,#3889),
 .UNSPECIFIED.,.F.,.F.,(4,1,1,4),(0.,0.00059815049991414,0.00089722574987121,
0.00119630099982828),.UNSPECIFIED.);
#1731=B_SPLINE_CURVE_WITH_KNOTS('',3,(#3890,#3891,#3892,#3893,#3894,#3895,
#3896),.UNSPECIFIED.,.F.,.F.,(4,1,1,1,4),(-6.4882421821014E-6,0.000570506394020758,
0.00114750103022362,0.00172449566642648,0.00230149030262934),
 .UNSPECIFIED.);
#1732=B_SPLINE_CURVE_WITH_KNOTS('',3,(#3898,#3899,#3900,#3901,#3902),
 .UNSPECIFIED.,.F.,.F.,(4,1,4),(1.78600713055446E-17,0.00287929714694967,
0.00575859429389932),.UNSPECIFIED.);
#1733=B_SPLINE_CURVE_WITH_KNOTS('',3,(#3907,#3908,#3909,#3910,#3911,#3912,
#3913),.UNSPECIFIED.,.F.,.F.,(4,1,1,1,4),(0.0192112769039002,0.0229378046965321,
0.026664332489164,0.0303908602817959,0.0341173880744278),.UNSPECIFIED.);
#1734=B_SPLINE_CURVE_WITH_KNOTS('',3,(#3915,#3916,#3917,#3918,#3919),
 .UNSPECIFIED.,.F.,.F.,(4,1,4),(0.00422329283825477,0.00737439226515582,
0.0105254916920569),.UNSPECIFIED.);
#1735=B_SPLINE_CURVE_WITH_KNOTS('',3,(#3923,#3924,#3925,#3926,#3927,#3928,
#3929),.UNSPECIFIED.,.F.,.F.,(4,1,1,1,4),(0.05405492331844,0.0577903724337056,
0.0615258215489712,0.0652612706642368,0.0689967197795024),.UNSPECIFIED.);
#1736=B_SPLINE_CURVE_WITH_KNOTS('',3,(#3934,#3935,#3936,#3937,#3938),
 .UNSPECIFIED.,.F.,.F.,(4,1,4),(0.00475500121662595,0.00763614021470692,
0.0105172792127879),.UNSPECIFIED.);
#1737=B_SPLINE_CURVE_WITH_KNOTS('',3,(#3942,#3943,#3944,#3945,#3946),
 .UNSPECIFIED.,.F.,.F.,(4,1,4),(0.,0.00314716214092935,0.0062943242818587),
 .UNSPECIFIED.);
#1738=B_SPLINE_CURVE_WITH_KNOTS('',3,(#3948,#3949,#3950,#3951,#3952),
 .UNSPECIFIED.,.F.,.F.,(4,1,4),(0.,0.00112367418844192,0.00224734837688384),
 .UNSPECIFIED.);
#1739=B_SPLINE_CURVE_WITH_KNOTS('',3,(#3955,#3956,#3957,#3958),
 .UNSPECIFIED.,.F.,.F.,(4,4),(0.,0.0015330188522227),.UNSPECIFIED.);
#1740=B_SPLINE_CURVE_WITH_KNOTS('',3,(#3960,#3961,#3962,#3963,#3964,#3965,
#3966),.UNSPECIFIED.,.F.,.F.,(4,1,1,1,4),(0.036788470660875,0.0404440300706872,
0.0440995894804995,0.0477551488903117,0.051410708300124),.UNSPECIFIED.);
#1741=B_SPLINE_CURVE_WITH_KNOTS('',3,(#3968,#3969,#3970,#3971),
 .UNSPECIFIED.,.F.,.F.,(4,4),(0.00895428970956652,0.010494484113479),
 .UNSPECIFIED.);
#1742=B_SPLINE_CURVE_WITH_KNOTS('',3,(#3973,#3974,#3975,#3976,#3977),
 .UNSPECIFIED.,.F.,.F.,(4,1,4),(0.,0.0011230369279576,0.00224607385591521),
 .UNSPECIFIED.);
#1743=B_SPLINE_CURVE_WITH_KNOTS('',3,(#3986,#3987,#3988,#3989),
 .UNSPECIFIED.,.F.,.F.,(4,4),(5.14576820891276E-14,8.44931021726756E-5),
 .UNSPECIFIED.);
#1744=B_SPLINE_CURVE_WITH_KNOTS('',3,(#4049,#4050,#4051,#4052),
 .UNSPECIFIED.,.F.,.F.,(4,4),(5.72975172609133E-15,0.00137329237216036),
 .UNSPECIFIED.);
#1745=B_SPLINE_CURVE_WITH_KNOTS('',3,(#4053,#4054,#4055,#4056),
 .UNSPECIFIED.,.F.,.F.,(4,4),(0.,0.00137090085548004),.UNSPECIFIED.);
#1746=B_SPLINE_CURVE_WITH_KNOTS('',3,(#4057,#4058,#4059,#4060,#4061),
 .UNSPECIFIED.,.F.,.F.,(4,1,4),(-1.0345783644321E-5,0.00130050942262638,
0.00261136462889709),.UNSPECIFIED.);
#1747=B_SPLINE_CURVE_WITH_KNOTS('',3,(#4062,#4063,#4064,#4065,#4066),
 .UNSPECIFIED.,.F.,.F.,(4,1,4),(-1.00775582492031E-5,0.0013116317471614,
0.00263334105257199),.UNSPECIFIED.);
#1748=B_SPLINE_CURVE_WITH_KNOTS('',3,(#4068,#4069,#4070,#4071),
 .UNSPECIFIED.,.F.,.F.,(4,4),(0.,5.84198427553772E-5),.UNSPECIFIED.);
#1749=B_SPLINE_CURVE_WITH_KNOTS('',3,(#4079,#4080,#4081,#4082),
 .UNSPECIFIED.,.F.,.F.,(4,4),(0.,5.84198427549588E-5),.UNSPECIFIED.);
#1750=B_SPLINE_CURVE_WITH_KNOTS('',3,(#4142,#4143,#4144,#4145),
 .UNSPECIFIED.,.F.,.F.,(4,4),(0.,0.00117625093483786),.UNSPECIFIED.);
#1751=B_SPLINE_CURVE_WITH_KNOTS('',3,(#4151,#4152,#4153,#4154),
 .UNSPECIFIED.,.F.,.F.,(4,4),(0.,0.00117625093483788),.UNSPECIFIED.);
#1752=B_SPLINE_CURVE_WITH_KNOTS('',3,(#4163,#4164,#4165,#4166),
 .UNSPECIFIED.,.F.,.F.,(4,4),(0.,0.00117625093483783),.UNSPECIFIED.);
#1753=B_SPLINE_CURVE_WITH_KNOTS('',3,(#4172,#4173,#4174,#4175),
 .UNSPECIFIED.,.F.,.F.,(4,4),(0.,0.00117625093483786),.UNSPECIFIED.);
#1754=B_SPLINE_CURVE_WITH_KNOTS('',3,(#4181,#4182,#4183,#4184),
 .UNSPECIFIED.,.F.,.F.,(4,4),(0.,0.00117625093483777),.UNSPECIFIED.);
#1755=B_SPLINE_CURVE_WITH_KNOTS('',3,(#4190,#4191,#4192,#4193),
 .UNSPECIFIED.,.F.,.F.,(4,4),(0.,0.00117625093483787),.UNSPECIFIED.);
#1756=B_SPLINE_CURVE_WITH_KNOTS('',3,(#4202,#4203,#4204,#4205),
 .UNSPECIFIED.,.F.,.F.,(4,4),(0.,6.16920825268177E-5),.UNSPECIFIED.);
#1757=B_SPLINE_CURVE_WITH_KNOTS('',3,(#4206,#4207,#4208,#4209),
 .UNSPECIFIED.,.F.,.F.,(4,4),(0.,6.16920825295178E-5),.UNSPECIFIED.);
#1758=B_SPLINE_CURVE_WITH_KNOTS('',3,(#4216,#4217,#4218,#4219,#4220),
 .UNSPECIFIED.,.F.,.F.,(4,1,4),(0.,0.000513385522168031,0.00102677104433606),
 .UNSPECIFIED.);
#1759=B_SPLINE_CURVE_WITH_KNOTS('',3,(#4224,#4225,#4226,#4227,#4228,#4229,
#4230),.UNSPECIFIED.,.F.,.F.,(4,1,1,1,4),(0.,0.000469297601483343,0.000938595202966687,
0.00140789280445003,0.00187719040593337),.UNSPECIFIED.);
#1760=B_SPLINE_CURVE_WITH_KNOTS('',3,(#4231,#4232,#4233,#4234,#4235,#4236),
 .UNSPECIFIED.,.F.,.F.,(4,1,1,4),(0.,0.000598150499903758,0.000897225749855637,
0.00119630099980752),.UNSPECIFIED.);
#1761=B_SPLINE_CURVE_WITH_KNOTS('',3,(#4241,#4242,#4243,#4244,#4245),
 .UNSPECIFIED.,.F.,.F.,(4,1,4),(0.,0.000513385522178221,0.00102677104435644),
 .UNSPECIFIED.);
#1762=B_SPLINE_CURVE_WITH_KNOTS('',3,(#4249,#4250,#4251,#4252,#4253,#4254,
#4255),.UNSPECIFIED.,.F.,.F.,(4,1,1,1,4),(0.,0.00046929760144817,0.00093859520289634,
0.00140789280434451,0.00187719040579268),.UNSPECIFIED.);
#1763=B_SPLINE_CURVE_WITH_KNOTS('',3,(#4263,#4264,#4265,#4266,#4267),
 .UNSPECIFIED.,.F.,.F.,(4,1,4),(0.,0.000513385522162735,0.00102677104432547),
 .UNSPECIFIED.);
#1764=B_SPLINE_CURVE_WITH_KNOTS('',3,(#4273,#4274,#4275,#4276),
 .UNSPECIFIED.,.F.,.F.,(4,4),(0.,0.00108534350446022),.UNSPECIFIED.);
#1765=B_SPLINE_CURVE_WITH_KNOTS('',3,(#4295,#4296,#4297,#4298,#4299,#4300,
#4301),.UNSPECIFIED.,.F.,.F.,(4,1,1,1,4),(0.,0.00166263580753557,0.00332527161507115,
0.00498790742260672,0.0066505432301423),.UNSPECIFIED.);
#1766=B_SPLINE_CURVE_WITH_KNOTS('',3,(#4316,#4317,#4318,#4319,#4320,#4321,
#4322),.UNSPECIFIED.,.F.,.F.,(4,1,1,1,4),(0.,0.00165641737982406,0.00331283475964813,
0.00496925213947219,0.00662566951929625),.UNSPECIFIED.);
#1767=B_SPLINE_CURVE_WITH_KNOTS('',3,(#4332,#4333,#4334,#4335),
 .UNSPECIFIED.,.F.,.F.,(4,4),(0.00554130925023939,0.00662978305388043),
 .UNSPECIFIED.);
#1768=B_SPLINE_CURVE_WITH_KNOTS('',3,(#4346,#4347,#4348,#4349),
 .UNSPECIFIED.,.F.,.F.,(4,4),(0.,0.00322912228944864),.UNSPECIFIED.);
#1769=B_SPLINE_CURVE_WITH_KNOTS('',3,(#4351,#4352,#4353,#4354),
 .UNSPECIFIED.,.F.,.F.,(4,4),(0.,0.00322605726502081),.UNSPECIFIED.);
#1770=B_SPLINE_CURVE_WITH_KNOTS('',3,(#4358,#4359,#4360,#4361),
 .UNSPECIFIED.,.F.,.F.,(4,4),(0.,0.00322605726503086),.UNSPECIFIED.);
#1771=B_SPLINE_CURVE_WITH_KNOTS('',3,(#4363,#4364,#4365,#4366,#4367),
 .UNSPECIFIED.,.F.,.F.,(4,1,4),(4.91878998599906E-17,0.00170360505969814,
0.00340721011939624),.UNSPECIFIED.);
#1772=B_SPLINE_CURVE_WITH_KNOTS('',3,(#4370,#4371,#4372,#4373,#4374),
 .UNSPECIFIED.,.F.,.F.,(4,1,4),(0.,0.00170674941083555,0.0034134988216711),
 .UNSPECIFIED.);
#1773=B_SPLINE_CURVE_WITH_KNOTS('',3,(#4377,#4378,#4379,#4380),
 .UNSPECIFIED.,.F.,.F.,(4,4),(0.,0.00322912228944296),.UNSPECIFIED.);
#1774=B_SPLINE_CURVE_WITH_KNOTS('',3,(#4383,#4384,#4385,#4386,#4387,#4388,
#4389,#4390),.UNSPECIFIED.,.F.,.F.,(4,1,1,1,1,4),(5.59999187428749E-5,0.00237876402648085,
0.00470152813421883,0.0070242922419568,0.00818567429582579,0.00934705634969478),
 .UNSPECIFIED.);
#1775=B_SPLINE_CURVE_WITH_KNOTS('',3,(#4392,#4393,#4394,#4395,#4396,#4397,
#4398),.UNSPECIFIED.,.F.,.F.,(4,1,1,1,4),(0.00137699950868354,0.0037103193523427,
0.00604363919600187,0.00837695903966103,0.0107102788833202),
 .UNSPECIFIED.);
#1776=B_SPLINE_CURVE_WITH_KNOTS('',3,(#4400,#4401,#4402,#4403,#4404,#4405),
 .UNSPECIFIED.,.F.,.F.,(4,1,1,4),(0.,0.000288380687844244,0.000432571031766366,
0.000576761375688488),.UNSPECIFIED.);
#1777=B_SPLINE_CURVE_WITH_KNOTS('',3,(#4409,#4410,#4411,#4412,#4413,#4414,
#4415,#4416),.UNSPECIFIED.,.F.,.F.,(4,1,1,1,1,4),(5.5999918742822E-5,0.0023787640264808,
0.00470152813421877,0.00702429224195675,0.00818567429582574,0.00934705634969473),
 .UNSPECIFIED.);
#1778=B_SPLINE_CURVE_WITH_KNOTS('',3,(#4418,#4419,#4420,#4421,#4422,#4423,
#4424),.UNSPECIFIED.,.F.,.F.,(4,1,1,1,4),(0.00137699950868353,0.0037103193523427,
0.00604363919600188,0.00837695903966105,0.0107102788833202),
 .UNSPECIFIED.);
#1779=B_SPLINE_CURVE_WITH_KNOTS('',3,(#4426,#4427,#4428,#4429,#4430,#4431),
 .UNSPECIFIED.,.F.,.F.,(4,1,1,4),(8.67361737988403E-19,0.000288380687844211,
0.000432571031766317,0.000576761375688422),.UNSPECIFIED.);
#1780=B_SPLINE_CURVE_WITH_KNOTS('',3,(#4435,#4436,#4437,#4438,#4439,#4440,
#4441,#4442),.UNSPECIFIED.,.F.,.F.,(4,1,1,1,1,4),(5.59892342169758E-5,0.00237826526655956,
0.00470054129890215,0.00702281733124474,0.00818395534741604,0.00934509336358733),
 .UNSPECIFIED.);
#1781=B_SPLINE_CURVE_WITH_KNOTS('',3,(#4453,#4454,#4455,#4456,#4457,#4458,
#4459),.UNSPECIFIED.,.F.,.F.,(4,1,1,1,4),(-5.99999999641151E-8,0.00210730713311376,
0.00421467426622749,0.00632204139934121,0.00842940853245494),
 .UNSPECIFIED.);
#1782=B_SPLINE_CURVE_WITH_KNOTS('',3,(#4460,#4461,#4462,#4463,#4464,#4465),
 .UNSPECIFIED.,.F.,.F.,(4,1,1,4),(0.000191966184708214,0.00201527384208967,
0.00383858149947113,0.00748519681423404),.UNSPECIFIED.);
#1783=B_SPLINE_CURVE_WITH_KNOTS('',2,(#4476,#4477,#4478),.UNSPECIFIED.,
 .F.,.F.,(3,3),(0.,1.),.PIECEWISE_BEZIER_KNOTS.);
#1784=B_SPLINE_CURVE_WITH_KNOTS('',3,(#4507,#4508,#4509,#4510),
 .UNSPECIFIED.,.F.,.F.,(4,4),(6.29702781930671E-5,0.000506551068213932),
 .UNSPECIFIED.);
#1785=B_SPLINE_CURVE_WITH_KNOTS('',3,(#4512,#4513,#4514,#4515),
 .UNSPECIFIED.,.F.,.F.,(4,4),(0.000508194420588793,0.0009205628603934),
 .UNSPECIFIED.);
#1786=B_SPLINE_CURVE_WITH_KNOTS('',3,(#4549,#4550,#4551,#4552,#4553,#4554,
#4555,#4556),.UNSPECIFIED.,.F.,.F.,(4,1,1,1,1,4),(1.35208786836409E-15,
0.000233323126251056,0.000466646252500759,0.000933292505000166,0.00139993875749957,
0.00186658500999898),.UNSPECIFIED.);
#1787=B_SPLINE_CURVE_WITH_KNOTS('',3,(#4590,#4591,#4592,#4593,#4594,#4595,
#4596,#4597),.UNSPECIFIED.,.F.,.F.,(4,1,1,1,1,4),(5.97855779280843E-16,
0.000233323126249088,0.000466646252497578,0.000933292504994559,0.00139993875749154,
0.00186658500998852),.UNSPECIFIED.);
#1788=B_SPLINE_CURVE_WITH_KNOTS('',3,(#4631,#4632,#4633,#4634,#4635,#4636,
#4637,#4638),.UNSPECIFIED.,.F.,.F.,(4,1,1,1,1,4),(1.32792940452746E-15,
0.000233323126250992,0.000466646252500655,0.000933292504999983,0.00139993875749931,
0.00186658500999864),.UNSPECIFIED.);
#1789=B_SPLINE_CURVE_WITH_KNOTS('',3,(#4639,#4640,#4641,#4642,#4643,#4644,
#4645),.UNSPECIFIED.,.F.,.F.,(4,1,1,1,4),(-6.00000000528337E-8,0.00210566298303144,
0.00421138596606294,0.00631710894909444,0.00842283193212594),
 .UNSPECIFIED.);
#1790=B_SPLINE_CURVE_WITH_KNOTS('',3,(#4673,#4674,#4675,#4676,#4677),
 .UNSPECIFIED.,.F.,.F.,(4,1,4),(0.,0.000581536444598972,0.00116307288919794),
 .UNSPECIFIED.);
#1791=B_SPLINE_CURVE_WITH_KNOTS('',3,(#4679,#4680,#4681,#4682,#4683,#4684,
#4685),.UNSPECIFIED.,.F.,.F.,(4,1,1,1,4),(-5.99999999854708E-8,0.00178178743533539,
0.00356363487067077,0.00534548230600615,0.00712732974134153),
 .UNSPECIFIED.);
#1792=B_SPLINE_CURVE_WITH_KNOTS('',3,(#4713,#4714,#4715,#4716,#4717,#4718),
 .UNSPECIFIED.,.F.,.F.,(4,1,1,4),(0.000191966184708898,0.00201527384209139,
0.00383858149947389,0.00748519681423888),.UNSPECIFIED.);
#1793=B_SPLINE_CURVE_WITH_KNOTS('',3,(#4720,#4721,#4722,#4723),
 .UNSPECIFIED.,.F.,.F.,(4,4),(1.91606470571538E-17,0.000920562860394294),
 .UNSPECIFIED.);
#1794=B_SPLINE_CURVE_WITH_KNOTS('',3,(#4840,#4841,#4842,#4843,#4844,#4845,
#4846,#4847,#4848),.UNSPECIFIED.,.F.,.F.,(4,1,1,1,1,1,4),(7.28519775580653E-15,
0.000483451832044538,0.00096690366408179,0.00120862958010042,0.00145035549611904,
0.00169208141213767,0.0019338073281563),.UNSPECIFIED.);
#1795=B_SPLINE_CURVE_WITH_KNOTS('',3,(#4864,#4865,#4866,#4867,#4868,#4869,
#4870,#4871,#4872),.UNSPECIFIED.,.F.,.F.,(4,1,1,1,1,1,4),(1.01505191518938E-15,
0.000243960406650841,0.000487920813300666,0.000731881219950492,0.000975841626600318,
0.00146376243989997,0.00195168325319962),.UNSPECIFIED.);
#1796=B_SPLINE_CURVE_WITH_KNOTS('',3,(#4890,#4891,#4892,#4893,#4894,#4895,
#4896,#4897,#4898,#4899,#4900,#4901,#4902,#4903,#4904,#4905,#4906,#4907,
#4908,#4909,#4910,#4911),.UNSPECIFIED.,.T.,.F.,(1,1,1,1,1,1,1,1,1,1,1,1,
1,1,1,1,1,1,1,1,1,1,1,1,1,1),(-0.000841499881683759,-0.000631124911262819,
-0.000420749940841879,0.,0.000420749940841879,0.000841499881683759,0.00126224982252564,
0.00168299976336752,0.0021037497042094,0.00231412467463034,0.00252449964505128,
0.00273487461547222,0.00294524958589316,0.00336599952673504,0.00378674946757692,
0.0042074994084188,0.00462824934926068,0.00504899929010255,0.00546974923094443,
0.00589049917178631,0.00610087414220725,0.00631124911262819,0.00673199905347007,
0.00715274899431195,0.00757349893515383,0.00799424887599571),
 .UNSPECIFIED.);
#1797=B_SPLINE_CURVE_WITH_KNOTS('',3,(#4914,#4915,#4916,#4917,#4918,#4919,
#4920,#4921,#4922,#4923,#4924,#4925,#4926,#4927,#4928,#4929,#4930,#4931,
#4932,#4933,#4934,#4935),.UNSPECIFIED.,.T.,.F.,(1,1,1,1,1,1,1,1,1,1,1,1,
1,1,1,1,1,1,1,1,1,1,1,1,1,1),(-0.00127866526142873,-0.000852443507618247,
-0.00042622175380776,2.72712779171454E-15,0.000213110876907971,0.000426221753813214,
0.000852443507623701,0.00127866526143419,0.00170488701524467,0.00213110876905516,
0.00255733052286565,0.00298355227667614,0.00319666315358138,0.00340977403048662,
0.00362288490739187,0.00383599578429711,0.0042622175381076,0.00468843929191808,
0.00511466104572857,0.00554088279953906,0.00596710455334954,0.00639332630716003,
0.00681954806097052,0.00703265893787576,0.00724576981478101,0.00767199156859149),
 .UNSPECIFIED.);
#1798=B_SPLINE_CURVE_WITH_KNOTS('',3,(#4938,#4939,#4940,#4941,#4942,#4943,
#4944,#4945,#4946,#4947,#4948,#4949,#4950,#4951,#4952,#4953,#4954,#4955,
#4956,#4957,#4958,#4959),.UNSPECIFIED.,.T.,.F.,(1,1,1,1,1,1,1,1,1,1,1,1,
1,1,1,1,1,1,1,1,1,1,1,1,1,1),(-0.00128209138968647,-0.000854727593123439,
-0.000427363796560409,2.62135290071837E-15,0.000213681898284136,0.000427363796565651,
0.000854727593128681,0.00128209138969171,0.00170945518625474,0.00213681898281777,
0.0025641827793808,0.00299154657594383,0.00320522847422535,0.00341891037250686,
0.00363259227078837,0.00384627416906989,0.00427363796563292,0.00470100176219595,
0.00512836555875898,0.00555572935532201,0.00598309315188504,0.00641045694844807,
0.0068378207450111,0.00705150264329261,0.00726518454157413,0.00769254833813716),
 .UNSPECIFIED.);
#1799=B_SPLINE_CURVE_WITH_KNOTS('',3,(#5153,#5154,#5155,#5156),
 .UNSPECIFIED.,.F.,.F.,(4,4),(0.000127159454060105,0.000342747133983952),
 .UNSPECIFIED.);
#1800=B_SPLINE_CURVE_WITH_KNOTS('',3,(#5183,#5184,#5185,#5186),
 .UNSPECIFIED.,.F.,.F.,(4,4),(0.,9.75194832230907E-5),.UNSPECIFIED.);
#1801=B_SPLINE_CURVE_WITH_KNOTS('',3,(#5188,#5189,#5190,#5191),
 .UNSPECIFIED.,.F.,.F.,(4,4),(0.000313841514933452,0.000628945214646941),
 .UNSPECIFIED.);
#1802=B_SPLINE_CURVE_WITH_KNOTS('',3,(#5206,#5207,#5208,#5209),
 .UNSPECIFIED.,.F.,.F.,(4,4),(0.000218300461190952,0.000548392735895391),
 .UNSPECIFIED.);
#1803=B_SPLINE_CURVE_WITH_KNOTS('',3,(#5212,#5213,#5214,#5215),
 .UNSPECIFIED.,.F.,.F.,(4,4),(0.,9.75194832231432E-5),.UNSPECIFIED.);
#1804=B_SPLINE_CURVE_WITH_KNOTS('',3,(#5243,#5244,#5245,#5246),
 .UNSPECIFIED.,.F.,.F.,(4,4),(0.,2.10433601231617E-5),.UNSPECIFIED.);
#1805=B_SPLINE_CURVE_WITH_KNOTS('',3,(#5250,#5251,#5252,#5253),
 .UNSPECIFIED.,.F.,.F.,(4,4),(-0.00105140297705464,0.0011738813401189),
 .UNSPECIFIED.);
#1806=B_SPLINE_CURVE_WITH_KNOTS('',3,(#5255,#5256,#5257,#5258,#5259),
 .UNSPECIFIED.,.F.,.F.,(4,1,4),(0.316064613956817,0.658032306978408,1.),
 .UNSPECIFIED.);
#1807=B_SPLINE_CURVE_WITH_KNOTS('',3,(#5261,#5262,#5263,#5264),
 .UNSPECIFIED.,.F.,.F.,(4,4),(0.,1.),.UNSPECIFIED.);
#1808=B_SPLINE_CURVE_WITH_KNOTS('',3,(#5268,#5269,#5270,#5271),
 .UNSPECIFIED.,.F.,.F.,(4,4),(0.,0.00158177162623264),.UNSPECIFIED.);
#1809=B_SPLINE_CURVE_WITH_KNOTS('',3,(#5273,#5274,#5275,#5276),
 .UNSPECIFIED.,.F.,.F.,(4,4),(0.,0.308185182063704),.UNSPECIFIED.);
#1810=B_SPLINE_CURVE_WITH_KNOTS('',3,(#5278,#5279,#5280,#5281,#5282,#5283,
#5284,#5285),.UNSPECIFIED.,.F.,.F.,(4,1,1,1,1,4),(0.,0.00297838585965194,
0.00595677171930388,0.00893515757895582,0.0104243505087818,0.0119135434386078),
 .UNSPECIFIED.);
#1811=B_SPLINE_CURVE_WITH_KNOTS('',3,(#5289,#5290,#5291,#5292),
 .UNSPECIFIED.,.F.,.F.,(4,4),(0.00065623796616904,0.00067726051270354),
 .UNSPECIFIED.);
#1812=B_SPLINE_CURVE_WITH_KNOTS('',3,(#5331,#5332,#5333,#5334),
 .UNSPECIFIED.,.F.,.F.,(4,4),(-2.83659572444867E-6,0.000365539958405351),
 .UNSPECIFIED.);
#1813=B_SPLINE_CURVE_WITH_KNOTS('',3,(#5366,#5367,#5368,#5369),
 .UNSPECIFIED.,.F.,.F.,(4,4),(0.,1.),.UNSPECIFIED.);
#1814=B_SPLINE_CURVE_WITH_KNOTS('',3,(#5385,#5386,#5387,#5388,#5389),
 .UNSPECIFIED.,.F.,.F.,(4,1,4),(6.92742093944055E-5,0.000297007890224145,
0.000524741571053885),.UNSPECIFIED.);
#1815=B_SPLINE_CURVE_WITH_KNOTS('',3,(#5402,#5403,#5404,#5405,#5406),
 .UNSPECIFIED.,.F.,.F.,(4,1,4),(4.33680868994202E-18,0.000447929184830117,
0.000895858369660229),.UNSPECIFIED.);
#1816=B_SPLINE_CURVE_WITH_KNOTS('',3,(#5408,#5409,#5410,#5411),
 .UNSPECIFIED.,.F.,.F.,(4,4),(0.,1.),.UNSPECIFIED.);
#1817=B_SPLINE_CURVE_WITH_KNOTS('',3,(#5424,#5425,#5426,#5427,#5428,#5429,
#5430),.UNSPECIFIED.,.F.,.F.,(4,1,1,1,4),(0.00555138951544624,0.00567237517916384,
0.00579336084288144,0.00603533217031665,0.00651927482518706),
 .UNSPECIFIED.);
#1818=B_SPLINE_CURVE_WITH_KNOTS('',3,(#5455,#5456,#5457,#5458,#5459),
 .UNSPECIFIED.,.F.,.F.,(4,1,4),(0.,0.000394444384933773,0.000788888769867546),
 .UNSPECIFIED.);
#1819=B_SPLINE_CURVE_WITH_KNOTS('',3,(#5475,#5476,#5477,#5478,#5479),
 .UNSPECIFIED.,.F.,.F.,(4,1,4),(1.17688183176273E-14,0.000524293713771079,
0.00104858742753039),.UNSPECIFIED.);
#1820=B_SPLINE_CURVE_WITH_KNOTS('',3,(#5480,#5481,#5482,#5483),
 .UNSPECIFIED.,.F.,.F.,(4,4),(0.000300880188420506,0.000942285915006647),
 .UNSPECIFIED.);
#1821=B_SPLINE_CURVE_WITH_KNOTS('',3,(#5485,#5486,#5487,#5488),
 .UNSPECIFIED.,.F.,.F.,(4,4),(0.000670152240895642,0.0011646116510106),
 .UNSPECIFIED.);
#1822=B_SPLINE_CURVE_WITH_KNOTS('',3,(#5525,#5526,#5527,#5528),
 .UNSPECIFIED.,.F.,.F.,(4,4),(0.,0.00349533160905516),.UNSPECIFIED.);
#1823=B_SPLINE_CURVE_WITH_KNOTS('',3,(#5532,#5533,#5534,#5535),
 .UNSPECIFIED.,.F.,.F.,(4,4),(0.000215204492421673,0.00215970804658599),
 .UNSPECIFIED.);
#1824=B_SPLINE_CURVE_WITH_KNOTS('',3,(#5537,#5538,#5539,#5540),
 .UNSPECIFIED.,.F.,.F.,(4,4),(0.00294309738356696,0.00442876063324217),
 .UNSPECIFIED.);
#1825=B_SPLINE_CURVE_WITH_KNOTS('',3,(#5557,#5558,#5559,#5560),
 .UNSPECIFIED.,.F.,.F.,(4,4),(0.0126961880267658,0.0146568493703235),
 .UNSPECIFIED.);
#1826=B_SPLINE_CURVE_WITH_KNOTS('',3,(#5562,#5563,#5564,#5565),
 .UNSPECIFIED.,.F.,.F.,(4,4),(0.000426343101031589,0.00113980806619776),
 .UNSPECIFIED.);
#1827=B_SPLINE_CURVE_WITH_KNOTS('',3,(#5567,#5568,#5569,#5570),
 .UNSPECIFIED.,.F.,.F.,(4,4),(0.000449119549836476,0.00114582034158471),
 .UNSPECIFIED.);
#1828=B_SPLINE_CURVE_WITH_KNOTS('',3,(#5572,#5573,#5574,#5575),
 .UNSPECIFIED.,.F.,.F.,(4,4),(0.00232831780165405,0.00379449713361204),
 .UNSPECIFIED.);
#1829=B_SPLINE_CURVE_WITH_KNOTS('',3,(#5592,#5593,#5594,#5595,#5596),
 .UNSPECIFIED.,.F.,.F.,(4,1,4),(0.00882493489998911,0.00993582274161677,
0.0110467105832444),.UNSPECIFIED.);
#1830=B_SPLINE_CURVE_WITH_KNOTS('',3,(#5598,#5599,#5600,#5601),
 .UNSPECIFIED.,.F.,.F.,(4,4),(0.0017012539915967,0.005565455871228),
 .UNSPECIFIED.);
#1831=B_SPLINE_CURVE_WITH_KNOTS('',3,(#5614,#5615,#5616,#5617,#5618),
 .UNSPECIFIED.,.F.,.F.,(4,1,4),(1.69354683776757E-15,0.000628507325940117,
0.00125701465187854),.UNSPECIFIED.);
#1832=B_SPLINE_CURVE_WITH_KNOTS('',3,(#5637,#5638,#5639,#5640,#5641),
 .UNSPECIFIED.,.F.,.F.,(4,1,4),(1.97788907665131E-17,0.000467366022079876,
0.000934732044159732),.UNSPECIFIED.);
#1833=B_SPLINE_CURVE_WITH_KNOTS('',3,(#5659,#5660,#5661,#5662),
 .UNSPECIFIED.,.F.,.F.,(4,4),(-4.16390326675129E-6,5.01073209708874E-5),
 .UNSPECIFIED.);
#1834=B_SPLINE_CURVE_WITH_KNOTS('',3,(#5675,#5676,#5677,#5678),
 .UNSPECIFIED.,.F.,.F.,(4,4),(4.38643382103569E-6,0.000389635494378719),
 .UNSPECIFIED.);
#1835=B_SPLINE_CURVE_WITH_KNOTS('',3,(#5706,#5707,#5708,#5709,#5710),
 .UNSPECIFIED.,.F.,.F.,(4,1,4),(0.,0.000468436429964019,0.000936872859928038),
 .UNSPECIFIED.);
#1836=B_SPLINE_CURVE_WITH_KNOTS('',3,(#5786,#5787,#5788,#5789,#5790),
 .UNSPECIFIED.,.F.,.F.,(4,1,4),(0.,0.000468436429964018,0.000936872859928037),
 .UNSPECIFIED.);
#1837=EDGE_LOOP('',(#348));
#1838=EDGE_LOOP('',(#349,#350));
#1839=EDGE_LOOP('',(#351,#352,#353,#354,#355,#356,#357,#358));
#1840=EDGE_LOOP('',(#359,#360,#361,#362,#363,#364,#365,#366,#367,#368,#369,
#370,#371,#372,#373,#374,#375,#376));
#1841=EDGE_LOOP('',(#377,#378,#379,#380,#381,#382,#383,#384,#385,#386,#387,
#388,#389,#390,#391,#392,#393,#394,#395,#396,#397,#398,#399,#400,#401,#402,
#403,#404,#405,#406,#407));
#1842=EDGE_LOOP('',(#408));
#1843=EDGE_LOOP('',(#409,#410,#411,#412,#413));
#1844=EDGE_LOOP('',(#414,#415,#416,#417));
#1845=EDGE_LOOP('',(#418,#419,#420,#421,#422));
#1846=EDGE_LOOP('',(#423,#424,#425,#426,#427,#428));
#1847=EDGE_LOOP('',(#429,#430,#431,#432,#433,#434));
#1848=EDGE_LOOP('',(#435,#436,#437));
#1849=EDGE_LOOP('',(#438,#439,#440));
#1850=EDGE_LOOP('',(#441,#442,#443,#444,#445));
#1851=EDGE_LOOP('',(#446,#447,#448,#449,#450));
#1852=EDGE_LOOP('',(#451,#452,#453,#454,#455));
#1853=EDGE_LOOP('',(#456,#457,#458,#459,#460,#461,#462,#463));
#1854=EDGE_LOOP('',(#464,#465,#466,#467));
#1855=EDGE_LOOP('',(#468,#469,#470,#471));
#1856=EDGE_LOOP('',(#472,#473,#474,#475,#476));
#1857=EDGE_LOOP('',(#477,#478,#479,#480));
#1858=EDGE_LOOP('',(#481,#482,#483,#484,#485,#486,#487));
#1859=EDGE_LOOP('',(#488,#489,#490,#491,#492));
#1860=EDGE_LOOP('',(#493,#494,#495,#496,#497));
#1861=EDGE_LOOP('',(#498,#499,#500,#501,#502,#503));
#1862=EDGE_LOOP('',(#504));
#1863=EDGE_LOOP('',(#505,#506,#507));
#1864=EDGE_LOOP('',(#508,#509,#510,#511,#512,#513,#514,#515));
#1865=EDGE_LOOP('',(#516,#517,#518,#519,#520,#521));
#1866=EDGE_LOOP('',(#522,#523,#524,#525));
#1867=EDGE_LOOP('',(#526,#527,#528,#529));
#1868=EDGE_LOOP('',(#530,#531,#532,#533));
#1869=EDGE_LOOP('',(#534));
#1870=EDGE_LOOP('',(#535));
#1871=EDGE_LOOP('',(#536));
#1872=EDGE_LOOP('',(#537));
#1873=EDGE_LOOP('',(#538));
#1874=EDGE_LOOP('',(#539));
#1875=EDGE_LOOP('',(#540,#541,#542,#543));
#1876=EDGE_LOOP('',(#544,#545,#546,#547,#548,#549,#550,#551,#552,#553));
#1877=EDGE_LOOP('',(#554,#555,#556,#557,#558,#559,#560,#561,#562,#563));
#1878=EDGE_LOOP('',(#564,#565,#566,#567,#568,#569,#570,#571,#572,#573));
#1879=EDGE_LOOP('',(#574,#575,#576,#577,#578,#579));
#1880=EDGE_LOOP('',(#580,#581,#582,#583,#584,#585));
#1881=EDGE_LOOP('',(#586,#587,#588,#589,#590,#591,#592));
#1882=EDGE_LOOP('',(#593,#594,#595,#596,#597,#598,#599,#600,#601));
#1883=EDGE_LOOP('',(#602,#603,#604));
#1884=EDGE_LOOP('',(#605,#606,#607,#608,#609,#610,#611));
#1885=EDGE_LOOP('',(#612,#613,#614,#615,#616,#617,#618,#619));
#1886=EDGE_LOOP('',(#620));
#1887=EDGE_LOOP('',(#621));
#1888=EDGE_LOOP('',(#622));
#1889=EDGE_LOOP('',(#623));
#1890=EDGE_LOOP('',(#624,#625,#626,#627,#628,#629));
#1891=EDGE_LOOP('',(#630,#631,#632,#633,#634,#635));
#1892=EDGE_LOOP('',(#636));
#1893=EDGE_LOOP('',(#637,#638,#639,#640,#641,#642));
#1894=EDGE_LOOP('',(#643,#644,#645,#646));
#1895=EDGE_LOOP('',(#647,#648,#649,#650,#651,#652));
#1896=EDGE_LOOP('',(#653));
#1897=EDGE_LOOP('',(#654,#655,#656,#657));
#1898=EDGE_LOOP('',(#658,#659,#660,#661,#662,#663));
#1899=EDGE_LOOP('',(#664));
#1900=EDGE_LOOP('',(#665,#666,#667,#668,#669,#670));
#1901=EDGE_LOOP('',(#671,#672,#673,#674,#675));
#1902=EDGE_LOOP('',(#676,#677,#678,#679,#680));
#1903=EDGE_LOOP('',(#681,#682,#683,#684,#685));
#1904=EDGE_LOOP('',(#686,#687,#688,#689));
#1905=EDGE_LOOP('',(#690,#691,#692,#693));
#1906=EDGE_LOOP('',(#694,#695,#696,#697,#698));
#1907=EDGE_LOOP('',(#699,#700,#701,#702,#703));
#1908=EDGE_LOOP('',(#704,#705,#706,#707,#708));
#1909=EDGE_LOOP('',(#709,#710,#711,#712,#713));
#1910=EDGE_LOOP('',(#714,#715,#716,#717));
#1911=EDGE_LOOP('',(#718,#719,#720,#721));
#1912=EDGE_LOOP('',(#722,#723,#724));
#1913=EDGE_LOOP('',(#725,#726,#727));
#1914=EDGE_LOOP('',(#728,#729,#730,#731,#732,#733));
#1915=EDGE_LOOP('',(#734,#735,#736,#737));
#1916=EDGE_LOOP('',(#738,#739,#740,#741));
#1917=EDGE_LOOP('',(#742,#743,#744,#745));
#1918=EDGE_LOOP('',(#746,#747,#748,#749));
#1919=EDGE_LOOP('',(#750,#751,#752,#753));
#1920=EDGE_LOOP('',(#754,#755,#756,#757,#758,#759,#760));
#1921=EDGE_LOOP('',(#761,#762,#763,#764));
#1922=EDGE_LOOP('',(#765,#766,#767,#768));
#1923=EDGE_LOOP('',(#769,#770,#771,#772));
#1924=EDGE_LOOP('',(#773,#774,#775,#776,#777,#778,#779));
#1925=EDGE_LOOP('',(#780,#781,#782,#783,#784));
#1926=EDGE_LOOP('',(#785,#786,#787,#788,#789));
#1927=EDGE_LOOP('',(#790,#791,#792,#793));
#1928=EDGE_LOOP('',(#794,#795,#796,#797));
#1929=EDGE_LOOP('',(#798,#799,#800,#801));
#1930=EDGE_LOOP('',(#802,#803,#804,#805));
#1931=EDGE_LOOP('',(#806,#807,#808,#809));
#1932=EDGE_LOOP('',(#810,#811,#812,#813));
#1933=EDGE_LOOP('',(#814,#815,#816,#817));
#1934=EDGE_LOOP('',(#818,#819,#820,#821));
#1935=EDGE_LOOP('',(#822,#823,#824,#825));
#1936=EDGE_LOOP('',(#826,#827,#828,#829));
#1937=EDGE_LOOP('',(#830));
#1938=EDGE_LOOP('',(#831));
#1939=EDGE_LOOP('',(#832));
#1940=EDGE_LOOP('',(#833));
#1941=EDGE_LOOP('',(#834));
#1942=EDGE_LOOP('',(#835,#836));
#1943=EDGE_LOOP('',(#837,#838));
#1944=EDGE_LOOP('',(#839));
#1945=EDGE_LOOP('',(#840));
#1946=EDGE_LOOP('',(#841));
#1947=EDGE_LOOP('',(#842,#843,#844,#845));
#1948=EDGE_LOOP('',(#846,#847,#848,#849));
#1949=EDGE_LOOP('',(#850,#851,#852));
#1950=EDGE_LOOP('',(#853,#854,#855,#856));
#1951=EDGE_LOOP('',(#857,#858,#859,#860));
#1952=EDGE_LOOP('',(#861,#862,#863,#864,#865));
#1953=EDGE_LOOP('',(#866,#867,#868,#869));
#1954=EDGE_LOOP('',(#870,#871,#872,#873,#874));
#1955=EDGE_LOOP('',(#875,#876,#877,#878));
#1956=EDGE_LOOP('',(#879,#880,#881,#882));
#1957=EDGE_LOOP('',(#883,#884,#885,#886,#887,#888,#889,#890,#891,#892,#893,
#894,#895,#896,#897,#898,#899,#900,#901,#902,#903,#904));
#1958=EDGE_LOOP('',(#905,#906,#907,#908));
#1959=EDGE_LOOP('',(#909,#910,#911,#912));
#1960=EDGE_LOOP('',(#913,#914,#915));
#1961=EDGE_LOOP('',(#916,#917,#918,#919));
#1962=EDGE_LOOP('',(#920,#921,#922));
#1963=EDGE_LOOP('',(#923,#924,#925,#926));
#1964=EDGE_LOOP('',(#927,#928,#929,#930));
#1965=EDGE_LOOP('',(#931,#932,#933,#934,#935));
#1966=EDGE_LOOP('',(#936,#937,#938,#939));
#1967=EDGE_LOOP('',(#940,#941,#942,#943,#944));
#1968=EDGE_LOOP('',(#945,#946,#947,#948,#949));
#1969=EDGE_LOOP('',(#950,#951,#952,#953,#954,#955));
#1970=EDGE_LOOP('',(#956,#957,#958,#959,#960));
#1971=EDGE_LOOP('',(#961,#962,#963));
#1972=EDGE_LOOP('',(#964,#965,#966,#967,#968,#969));
#1973=EDGE_LOOP('',(#970,#971,#972,#973,#974,#975));
#1974=EDGE_LOOP('',(#976,#977,#978));
#1975=EDGE_LOOP('',(#979,#980,#981,#982));
#1976=EDGE_LOOP('',(#983,#984,#985,#986,#987,#988));
#1977=EDGE_LOOP('',(#989,#990,#991,#992));
#1978=EDGE_LOOP('',(#993,#994,#995,#996));
#1979=EDGE_LOOP('',(#997,#998,#999,#1000,#1001));
#1980=EDGE_LOOP('',(#1002,#1003,#1004,#1005,#1006,#1007));
#1981=EDGE_LOOP('',(#1008,#1009,#1010,#1011,#1012,#1013));
#1982=EDGE_LOOP('',(#1014,#1015,#1016,#1017,#1018));
#1983=EDGE_LOOP('',(#1019,#1020,#1021,#1022));
#1984=EDGE_LOOP('',(#1023,#1024,#1025,#1026));
#1985=EDGE_LOOP('',(#1027,#1028,#1029,#1030));
#1986=EDGE_LOOP('',(#1031,#1032,#1033,#1034));
#1987=EDGE_LOOP('',(#1035,#1036,#1037,#1038));
#1988=EDGE_LOOP('',(#1039,#1040,#1041,#1042,#1043));
#1989=EDGE_LOOP('',(#1044,#1045,#1046,#1047));
#1990=EDGE_LOOP('',(#1048,#1049,#1050,#1051));
#1991=EDGE_LOOP('',(#1052,#1053,#1054,#1055));
#1992=EDGE_LOOP('',(#1056,#1057,#1058,#1059,#1060));
#1993=EDGE_LOOP('',(#1061,#1062,#1063,#1064,#1065));
#1994=FACE_BOUND('',#1837,.T.);
#1995=FACE_BOUND('',#1838,.T.);
#1996=FACE_BOUND('',#1839,.T.);
#1997=FACE_BOUND('',#1840,.T.);
#1998=FACE_BOUND('',#1841,.T.);
#1999=FACE_BOUND('',#1842,.T.);
#2000=FACE_BOUND('',#1843,.T.);
#2001=FACE_BOUND('',#1844,.T.);
#2002=FACE_BOUND('',#1845,.T.);
#2003=FACE_BOUND('',#1846,.T.);
#2004=FACE_BOUND('',#1847,.T.);
#2005=FACE_BOUND('',#1848,.T.);
#2006=FACE_BOUND('',#1849,.T.);
#2007=FACE_BOUND('',#1850,.T.);
#2008=FACE_BOUND('',#1851,.T.);
#2009=FACE_BOUND('',#1852,.T.);
#2010=FACE_BOUND('',#1853,.T.);
#2011=FACE_BOUND('',#1854,.T.);
#2012=FACE_BOUND('',#1855,.T.);
#2013=FACE_BOUND('',#1856,.T.);
#2014=FACE_BOUND('',#1857,.T.);
#2015=FACE_BOUND('',#1858,.T.);
#2016=FACE_BOUND('',#1859,.T.);
#2017=FACE_BOUND('',#1860,.T.);
#2018=FACE_BOUND('',#1861,.T.);
#2019=FACE_BOUND('',#1862,.T.);
#2020=FACE_BOUND('',#1863,.T.);
#2021=FACE_BOUND('',#1864,.T.);
#2022=FACE_BOUND('',#1865,.T.);
#2023=FACE_BOUND('',#1866,.T.);
#2024=FACE_BOUND('',#1867,.T.);
#2025=FACE_BOUND('',#1868,.T.);
#2026=FACE_BOUND('',#1869,.T.);
#2027=FACE_BOUND('',#1870,.T.);
#2028=FACE_BOUND('',#1871,.T.);
#2029=FACE_BOUND('',#1872,.T.);
#2030=FACE_BOUND('',#1873,.T.);
#2031=FACE_BOUND('',#1874,.T.);
#2032=FACE_BOUND('',#1875,.T.);
#2033=FACE_BOUND('',#1876,.T.);
#2034=FACE_BOUND('',#1877,.T.);
#2035=FACE_BOUND('',#1878,.T.);
#2036=FACE_BOUND('',#1879,.T.);
#2037=FACE_BOUND('',#1880,.T.);
#2038=FACE_BOUND('',#1881,.T.);
#2039=FACE_BOUND('',#1882,.T.);
#2040=FACE_BOUND('',#1883,.T.);
#2041=FACE_BOUND('',#1884,.T.);
#2042=FACE_BOUND('',#1885,.T.);
#2043=FACE_BOUND('',#1886,.T.);
#2044=FACE_BOUND('',#1887,.T.);
#2045=FACE_BOUND('',#1888,.T.);
#2046=FACE_BOUND('',#1889,.T.);
#2047=FACE_BOUND('',#1890,.T.);
#2048=FACE_BOUND('',#1891,.T.);
#2049=FACE_BOUND('',#1892,.T.);
#2050=FACE_BOUND('',#1893,.T.);
#2051=FACE_BOUND('',#1894,.T.);
#2052=FACE_BOUND('',#1895,.T.);
#2053=FACE_BOUND('',#1896,.T.);
#2054=FACE_BOUND('',#1897,.T.);
#2055=FACE_BOUND('',#1898,.T.);
#2056=FACE_BOUND('',#1899,.T.);
#2057=FACE_BOUND('',#1900,.T.);
#2058=FACE_BOUND('',#1901,.T.);
#2059=FACE_BOUND('',#1902,.T.);
#2060=FACE_BOUND('',#1903,.T.);
#2061=FACE_BOUND('',#1904,.T.);
#2062=FACE_BOUND('',#1905,.T.);
#2063=FACE_BOUND('',#1906,.T.);
#2064=FACE_BOUND('',#1907,.T.);
#2065=FACE_BOUND('',#1908,.T.);
#2066=FACE_BOUND('',#1909,.T.);
#2067=FACE_BOUND('',#1910,.T.);
#2068=FACE_BOUND('',#1911,.T.);
#2069=FACE_BOUND('',#1912,.T.);
#2070=FACE_BOUND('',#1913,.T.);
#2071=FACE_BOUND('',#1914,.T.);
#2072=FACE_BOUND('',#1915,.T.);
#2073=FACE_BOUND('',#1916,.T.);
#2074=FACE_BOUND('',#1917,.T.);
#2075=FACE_BOUND('',#1918,.T.);
#2076=FACE_BOUND('',#1919,.T.);
#2077=FACE_BOUND('',#1920,.T.);
#2078=FACE_BOUND('',#1921,.T.);
#2079=FACE_BOUND('',#1922,.T.);
#2080=FACE_BOUND('',#1923,.T.);
#2081=FACE_BOUND('',#1924,.T.);
#2082=FACE_BOUND('',#1925,.T.);
#2083=FACE_BOUND('',#1926,.T.);
#2084=FACE_BOUND('',#1927,.T.);
#2085=FACE_BOUND('',#1928,.T.);
#2086=FACE_BOUND('',#1929,.T.);
#2087=FACE_BOUND('',#1930,.T.);
#2088=FACE_BOUND('',#1931,.T.);
#2089=FACE_BOUND('',#1932,.T.);
#2090=FACE_BOUND('',#1933,.T.);
#2091=FACE_BOUND('',#1934,.T.);
#2092=FACE_BOUND('',#1935,.T.);
#2093=FACE_BOUND('',#1936,.T.);
#2094=FACE_BOUND('',#1937,.T.);
#2095=FACE_BOUND('',#1938,.T.);
#2096=FACE_BOUND('',#1939,.T.);
#2097=FACE_BOUND('',#1940,.T.);
#2098=FACE_BOUND('',#1941,.T.);
#2099=FACE_BOUND('',#1942,.T.);
#2100=FACE_BOUND('',#1943,.T.);
#2101=FACE_BOUND('',#1944,.T.);
#2102=FACE_BOUND('',#1945,.T.);
#2103=FACE_BOUND('',#1946,.T.);
#2104=FACE_BOUND('',#1947,.T.);
#2105=FACE_BOUND('',#1948,.T.);
#2106=FACE_BOUND('',#1949,.T.);
#2107=FACE_BOUND('',#1950,.T.);
#2108=FACE_BOUND('',#1951,.T.);
#2109=FACE_BOUND('',#1952,.T.);
#2110=FACE_BOUND('',#1953,.T.);
#2111=FACE_BOUND('',#1954,.T.);
#2112=FACE_BOUND('',#1955,.T.);
#2113=FACE_BOUND('',#1956,.T.);
#2114=FACE_BOUND('',#1957,.T.);
#2115=FACE_BOUND('',#1958,.T.);
#2116=FACE_BOUND('',#1959,.T.);
#2117=FACE_BOUND('',#1960,.T.);
#2118=FACE_BOUND('',#1961,.T.);
#2119=FACE_BOUND('',#1962,.T.);
#2120=FACE_BOUND('',#1963,.T.);
#2121=FACE_BOUND('',#1964,.T.);
#2122=FACE_BOUND('',#1965,.T.);
#2123=FACE_BOUND('',#1966,.T.);
#2124=FACE_BOUND('',#1967,.T.);
#2125=FACE_BOUND('',#1968,.T.);
#2126=FACE_BOUND('',#1969,.T.);
#2127=FACE_BOUND('',#1970,.T.);
#2128=FACE_BOUND('',#1971,.T.);
#2129=FACE_BOUND('',#1972,.T.);
#2130=FACE_BOUND('',#1973,.T.);
#2131=FACE_BOUND('',#1974,.T.);
#2132=FACE_BOUND('',#1975,.T.);
#2133=FACE_BOUND('',#1976,.T.);
#2134=FACE_BOUND('',#1977,.T.);
#2135=FACE_BOUND('',#1978,.T.);
#2136=FACE_BOUND('',#1979,.T.);
#2137=FACE_BOUND('',#1980,.T.);
#2138=FACE_BOUND('',#1981,.T.);
#2139=FACE_BOUND('',#1982,.T.);
#2140=FACE_BOUND('',#1983,.T.);
#2141=FACE_BOUND('',#1984,.T.);
#2142=FACE_BOUND('',#1985,.T.);
#2143=FACE_BOUND('',#1986,.T.);
#2144=FACE_BOUND('',#1987,.T.);
#2145=FACE_BOUND('',#1988,.T.);
#2146=FACE_BOUND('',#1989,.T.);
#2147=FACE_BOUND('',#1990,.T.);
#2148=FACE_BOUND('',#1991,.T.);
#2149=FACE_BOUND('',#1992,.T.);
#2150=FACE_BOUND('',#1993,.T.);
#2151=(
BOUNDED_SURFACE()
B_SPLINE_SURFACE(3,2,((#2983,#2984,#2985),(#2986,#2987,#2988),(#2989,#2990,
#2991),(#2992,#2993,#2994),(#2995,#2996,#2997),(#2998,#2999,#3000),(#3001,
#3002,#3003),(#3004,#3005,#3006),(#3007,#3008,#3009),(#3010,#3011,#3012),
(#3013,#3014,#3015),(#3016,#3017,#3018),(#3019,#3020,#3021),(#3022,#3023,
#3024),(#3025,#3026,#3027),(#3028,#3029,#3030),(#3031,#3032,#3033)),
 .UNSPECIFIED.,.T.,.F.,.F.)
B_SPLINE_SURFACE_WITH_KNOTS((1,3,1,1,1,1,1,1,1,1,1,1,1,1,1,3,1),(3,3),(-0.000628134751962153,
0.,0.000628134751962152,0.0012562695039243,0.00251253900784861,0.00376880851177291,
0.00439694326373506,0.00502507801569721,0.00565321276765937,0.00628134751962152,
0.00690948227158367,0.00753761702354582,0.00816575177550797,0.00879388652747012,
0.00942202127943228,0.0100501560313944,0.0106782907833566),(0.,1.),
 .UNSPECIFIED.)
GEOMETRIC_REPRESENTATION_ITEM()
RATIONAL_B_SPLINE_SURFACE(((1.,0.955790609608282,1.),(1.,0.953950145499097,
1.),(1.,0.947645060312033,1.),(1.,0.930810049476705,1.),(1.,0.916859664681467,
1.),(1.,0.935468730608333,1.),(1.,0.951449084455812,1.),(1.,0.958883886026084,
1.),(1.,0.956244209496549,1.),(1.,0.941603843254801,1.),(1.,0.925900129819201,
1.),(1.,0.921044556594409,1.),(1.,0.930564889473776,1.),(1.,0.947482463538901,
1.),(1.,0.958687844967146,1.),(1.,0.957631073717468,1.),(1.,0.955790609608282,
1.)))
REPRESENTATION_ITEM('')
SURFACE()
);
#2152=(
BOUNDED_SURFACE()
B_SPLINE_SURFACE(3,2,((#3521,#3522,#3523),(#3524,#3525,#3526),(#3527,#3528,
#3529),(#3530,#3531,#3532)),.UNSPECIFIED.,.F.,.F.,.F.)
B_SPLINE_SURFACE_WITH_KNOTS((4,4),(3,3),(0.00263930394716288,0.002726162969262),
(0.0528987145924439,1.),.PIECEWISE_BEZIER_KNOTS.)
GEOMETRIC_REPRESENTATION_ITEM()
RATIONAL_B_SPLINE_SURFACE(((0.97321763783944,0.746852429525897,1.),(0.972922470271864,
0.744062498146187,1.),(0.972623909584682,0.741240494913385,1.),(0.972321437036688,
0.738381516672379,1.)))
REPRESENTATION_ITEM('')
SURFACE()
);
#2153=(
BOUNDED_SURFACE()
B_SPLINE_SURFACE(3,2,((#3692,#3693,#3694),(#3695,#3696,#3697),(#3698,#3699,
#3700),(#3701,#3702,#3703),(#3704,#3705,#3706),(#3707,#3708,#3709),(#3710,
#3711,#3712),(#3713,#3714,#3715),(#3716,#3717,#3718)),.UNSPECIFIED.,.F.,
 .F.,.F.)
B_SPLINE_SURFACE_WITH_KNOTS((4,1,1,1,1,1,4),(3,3),(0.000496979656049619,
0.0022305634598588,0.00396414726366799,0.00569773106747717,0.00656452296938176,
0.00699791892033406,0.00743131487128635),(0.333910510812044,1.),
 .UNSPECIFIED.)
GEOMETRIC_REPRESENTATION_ITEM()
RATIONAL_B_SPLINE_SURFACE(((0.824249891168055,0.736830523237297,1.),(0.828295509381659,
0.742888461041898,1.),(0.838776260972331,0.758582413839587,1.),(0.863707606544009,
0.795914789976903,1.),(0.887150607189638,0.831018507719446,1.),(0.899027459866639,
0.848802992322998,1.),(0.904076838695483,0.85636396849078,1.),(0.906314345932291,
0.85971442791682,1.),(0.906944383970891,0.860657851406346,1.)))
REPRESENTATION_ITEM('')
SURFACE()
);
#2154=(
BOUNDED_SURFACE()
B_SPLINE_SURFACE(3,2,((#3733,#3734,#3735),(#3736,#3737,#3738),(#3739,#3740,
#3741),(#3742,#3743,#3744),(#3745,#3746,#3747),(#3748,#3749,#3750),(#3751,
#3752,#3753),(#3754,#3755,#3756),(#3757,#3758,#3759)),.UNSPECIFIED.,.F.,
 .F.,.F.)
B_SPLINE_SURFACE_WITH_KNOTS((4,1,1,1,1,1,4),(3,3),(0.0119179591012787,0.0137253727694527,
0.0155327864376266,0.0173402001058006,0.0177920535228441,0.0182439069398876,
0.0191476137739746),(0.,1.),.UNSPECIFIED.)
GEOMETRIC_REPRESENTATION_ITEM()
RATIONAL_B_SPLINE_SURFACE(((1.,0.730354603988241,1.),(1.,0.71786274268458,
1.),(1.,0.684662240063516,1.),(1.,0.628647506290944,1.),(1.,0.598574405953045,
1.),(1.,0.585028661159053,1.),(1.,0.57559886172889,1.),(1.,0.568635393648303,
1.),(1.,0.5639772538455,1.)))
REPRESENTATION_ITEM('')
SURFACE()
);
#2155=(
BOUNDED_SURFACE()
B_SPLINE_SURFACE(3,2,((#3838,#3839,#3840),(#3841,#3842,#3843),(#3844,#3845,
#3846),(#3847,#3848,#3849),(#3850,#3851,#3852),(#3853,#3854,#3855),(#3856,
#3857,#3858),(#3859,#3860,#3861),(#3862,#3863,#3864)),.UNSPECIFIED.,.F.,
 .F.,.F.)
B_SPLINE_SURFACE_WITH_KNOTS((4,1,1,1,1,1,4),(3,3),(0.00486584000158972,
0.00535815562047268,0.00585047123935564,0.00683510247712157,0.00880436495265341,
0.0107736274281853,0.0127428899037171),(0.,1.),.UNSPECIFIED.)
GEOMETRIC_REPRESENTATION_ITEM()
RATIONAL_B_SPLINE_SURFACE(((1.,0.790858372131654,1.),(1.,0.789256677455285,
1.),(1.,0.783543029936326,1.),(1.,0.770449018680901,1.),(1.,0.738054814538728,
1.),(1.,0.677062959715629,1.),(1.,0.620578258461616,1.),(1.,0.600008945516418,
1.),(1.,0.592860318522646,1.)))
REPRESENTATION_ITEM('')
SURFACE()
);
#2156=(
BOUNDED_SURFACE()
B_SPLINE_SURFACE(3,2,((#3992,#3993,#3994),(#3995,#3996,#3997),(#3998,#3999,
#4000),(#4001,#4002,#4003),(#4004,#4005,#4006),(#4007,#4008,#4009),(#4010,
#4011,#4012),(#4013,#4014,#4015),(#4016,#4017,#4018),(#4019,#4020,#4021),
(#4022,#4023,#4024),(#4025,#4026,#4027),(#4028,#4029,#4030),(#4031,#4032,
#4033),(#4034,#4035,#4036),(#4037,#4038,#4039),(#4040,#4041,#4042),(#4043,
#4044,#4045),(#4046,#4047,#4048)),.UNSPECIFIED.,.F.,.F.,.F.)
B_SPLINE_SURFACE_WITH_KNOTS((4,1,1,1,1,1,1,1,1,1,1,1,1,1,1,1,4),(3,3),(0.00473098434559739,
0.00799759730044154,0.0112642102552857,0.0145308232101298,0.017797436164974,
0.0210640491198181,0.0243306620746623,0.0275972750295064,0.0308638879843506,
0.0341305009391947,0.0373971138940389,0.040663726848883,0.0439303398037272,
0.0471969527585713,0.0504635657134155,0.0537301786682596,0.0569967916231038),
(0.,1.),.UNSPECIFIED.)
GEOMETRIC_REPRESENTATION_ITEM()
RATIONAL_B_SPLINE_SURFACE(((1.,0.78694334494605,1.),(1.,0.811463538568322,
1.),(1.,0.85634996064604,1.),(1.,0.897768858930959,1.),(1.,0.897205485869027,
1.),(1.,0.854678577456496,1.),(1.,0.787093209488917,1.),(1.,0.707401150749588,
1.),(1.,0.632155634529747,1.),(1.,0.597401917936504,1.),(1.,0.630833093122699,
1.),(1.,0.706021494663843,1.),(1.,0.7863599102598,1.),(1.,0.854374281689591,
1.),(1.,0.897050290505675,1.),(1.,0.897925385365502,1.),(1.,0.856350790111456,
1.),(1.,0.811512960361428,1.),(1.,0.786903309621884,1.)))
REPRESENTATION_ITEM('')
SURFACE()
);
#2157=(
BOUNDED_SURFACE()
B_SPLINE_SURFACE(3,2,((#4480,#4481,#4482),(#4483,#4484,#4485),(#4486,#4487,
#4488),(#4489,#4490,#4491),(#4492,#4493,#4494),(#4495,#4496,#4497),(#4498,
#4499,#4500),(#4501,#4502,#4503),(#4504,#4505,#4506)),.UNSPECIFIED.,.F.,
 .F.,.F.)
B_SPLINE_SURFACE_WITH_KNOTS((4,1,1,1,1,1,4),(3,3),(0.0109983623452949,0.013037046370609,
0.015075730395923,0.0171144144212371,0.0176240854275656,0.0181337564338942,
0.0191530984465512),(0.,1.),.UNSPECIFIED.)
GEOMETRIC_REPRESENTATION_ITEM()
RATIONAL_B_SPLINE_SURFACE(((1.,0.746699439539049,1.),(1.,0.736634240747377,
1.),(1.,0.706851881816268,1.),(1.,0.641260358658592,1.),(1.,0.603894342355553,
1.),(1.,0.587396114085348,1.),(1.,0.577150439097264,1.),(1.,0.569146554062668,
1.),(1.,0.563892442468779,1.)))
REPRESENTATION_ITEM('')
SURFACE()
);
#2158=(
BOUNDED_SURFACE()
B_SPLINE_SURFACE(3,2,((#4516,#4517,#4518),(#4519,#4520,#4521),(#4522,#4523,
#4524),(#4525,#4526,#4527),(#4528,#4529,#4530),(#4531,#4532,#4533),(#4534,
#4535,#4536),(#4537,#4538,#4539),(#4540,#4541,#4542),(#4543,#4544,#4545),
(#4546,#4547,#4548)),.UNSPECIFIED.,.F.,.F.,.F.)
B_SPLINE_SURFACE_WITH_KNOTS((4,1,1,1,1,1,1,1,4),(3,3),(0.00712604038876745,
0.00839217525388043,0.00965831011899341,0.0109244449841064,0.0121905798492194,
0.0147228495794453,0.0159889844445583,0.0166220518771148,0.0172551193096713),
(0.,1.),.UNSPECIFIED.)
GEOMETRIC_REPRESENTATION_ITEM()
RATIONAL_B_SPLINE_SURFACE(((1.,0.634546579397432,1.),(1.,0.639422644603263,
1.),(1.,0.640023039499554,1.),(1.,0.687130565659664,1.),(1.,0.725245592370398,
1.),(1.,0.781494565572922,1.),(1.,0.820139693898269,1.),(1.,0.828800496719216,
1.),(1.,0.829473254278541,1.),(1.,0.83103576792035,1.),(1.,0.83164731399934,
1.)))
REPRESENTATION_ITEM('')
SURFACE()
);
#2159=(
BOUNDED_SURFACE()
B_SPLINE_SURFACE(3,2,((#4557,#4558,#4559),(#4560,#4561,#4562),(#4563,#4564,
#4565),(#4566,#4567,#4568),(#4569,#4570,#4571),(#4572,#4573,#4574),(#4575,
#4576,#4577),(#4578,#4579,#4580),(#4581,#4582,#4583),(#4584,#4585,#4586),
(#4587,#4588,#4589)),.UNSPECIFIED.,.F.,.F.,.F.)
B_SPLINE_SURFACE_WITH_KNOTS((4,1,1,1,1,1,1,1,4),(3,3),(0.00712604038876748,
0.00839217525388045,0.00965831011899343,0.0109244449841064,0.0121905798492194,
0.0147228495794453,0.0159889844445583,0.0166220518771148,0.0172551193096713),
(0.,1.),.UNSPECIFIED.)
GEOMETRIC_REPRESENTATION_ITEM()
RATIONAL_B_SPLINE_SURFACE(((1.,0.634546579397432,1.),(1.,0.639422644601581,
1.),(1.,0.640023039500334,1.),(1.,0.687130565659458,1.),(1.,0.725245592370465,
1.),(1.,0.781494565572902,1.),(1.,0.820139693898081,1.),(1.,0.828800496719459,
1.),(1.,0.829473254278133,1.),(1.,0.831035767921251,1.),(1.,0.83164731399934,
1.)))
REPRESENTATION_ITEM('')
SURFACE()
);
#2160=(
BOUNDED_SURFACE()
B_SPLINE_SURFACE(3,2,((#4598,#4599,#4600),(#4601,#4602,#4603),(#4604,#4605,
#4606),(#4607,#4608,#4609),(#4610,#4611,#4612),(#4613,#4614,#4615),(#4616,
#4617,#4618),(#4619,#4620,#4621),(#4622,#4623,#4624),(#4625,#4626,#4627),
(#4628,#4629,#4630)),.UNSPECIFIED.,.F.,.F.,.F.)
B_SPLINE_SURFACE_WITH_KNOTS((4,1,1,1,1,1,1,1,4),(3,3),(0.00388574460808698,
0.00451630303288461,0.00514686145768223,0.00640797830727749,0.00893021200646799,
0.0101913288560632,0.0114524457056585,0.0127135625552537,0.013974679404849),
(0.,1.),.UNSPECIFIED.)
GEOMETRIC_REPRESENTATION_ITEM()
RATIONAL_B_SPLINE_SURFACE(((1.,0.831646933982895,1.),(1.,0.831036694299356,
1.),(1.,0.82947964159215,1.),(1.,0.828802649484867,1.),(1.,0.820194119987065,
1.),(1.,0.781560540968929,1.),(1.,0.725276672897239,1.),(1.,0.687146381856717,
1.),(1.,0.640019901857741,1.),(1.,0.639424229920796,1.),(1.,0.634546337916965,
1.)))
REPRESENTATION_ITEM('')
SURFACE()
);
#2161=(
BOUNDED_SURFACE()
B_SPLINE_SURFACE(3,2,((#4646,#4647,#4648),(#4649,#4650,#4651),(#4652,#4653,
#4654),(#4655,#4656,#4657),(#4658,#4659,#4660),(#4661,#4662,#4663),(#4664,
#4665,#4666),(#4667,#4668,#4669),(#4670,#4671,#4672)),.UNSPECIFIED.,.F.,
 .F.,.F.)
B_SPLINE_SURFACE_WITH_KNOTS((4,1,1,1,1,1,4),(3,3),(0.0048658400015953,0.00535815562047454,
0.00585047123935378,0.00683510247711227,0.00880436495262924,0.0107736274281462,
0.0127428899036632),(0.,1.),.UNSPECIFIED.)
GEOMETRIC_REPRESENTATION_ITEM()
RATIONAL_B_SPLINE_SURFACE(((1.,0.790858372131742,1.),(1.,0.78925667745581,
1.),(1.,0.783543029935467,1.),(1.,0.770449018680218,1.),(1.,0.738054814537208,
1.),(1.,0.677062959715246,1.),(1.,0.620578258460053,1.),(1.,0.600008945519388,
1.),(1.,0.592860318522495,1.)))
REPRESENTATION_ITEM('')
SURFACE()
);
#2162=(
BOUNDED_SURFACE()
B_SPLINE_SURFACE(3,2,((#4686,#4687,#4688),(#4689,#4690,#4691),(#4692,#4693,
#4694),(#4695,#4696,#4697),(#4698,#4699,#4700),(#4701,#4702,#4703),(#4704,
#4705,#4706),(#4707,#4708,#4709),(#4710,#4711,#4712)),.UNSPECIFIED.,.F.,
 .F.,.F.)
B_SPLINE_SURFACE_WITH_KNOTS((4,1,1,1,1,1,4),(3,3),(0.0109983623454901,0.0130370463707917,
0.0150757303960933,0.0171144144213949,0.0176240854277204,0.0181337564340458,
0.0191530984466966),(0.,1.),.UNSPECIFIED.)
GEOMETRIC_REPRESENTATION_ITEM()
RATIONAL_B_SPLINE_SURFACE(((1.,0.746699439539157,1.),(1.,0.73663424074141,
1.),(1.,0.706851881819207,1.),(1.,0.641260358657769,1.),(1.,0.603894342355855,
1.),(1.,0.587396114084707,1.),(1.,0.577150439098528,1.),(1.,0.56914655405603,
1.),(1.,0.563892442468658,1.)))
REPRESENTATION_ITEM('')
SURFACE()
);
#2163=(
BOUNDED_SURFACE()
B_SPLINE_SURFACE(3,2,((#4724,#4725,#4726),(#4727,#4728,#4729),(#4730,#4731,
#4732),(#4733,#4734,#4735),(#4736,#4737,#4738),(#4739,#4740,#4741),(#4742,
#4743,#4744),(#4745,#4746,#4747),(#4748,#4749,#4750)),.UNSPECIFIED.,.F.,
 .F.,.F.)
B_SPLINE_SURFACE_WITH_KNOTS((4,1,1,1,1,1,4),(3,3),(1.21647483752874E-16,
0.00137909096247941,0.00275818192495871,0.004137272887438,0.00551636384991729,
0.00827454577487587,0.0110327276998345),(0.,1.),.UNSPECIFIED.)
GEOMETRIC_REPRESENTATION_ITEM()
RATIONAL_B_SPLINE_SURFACE(((1.,0.498608831984329,1.),(1.,0.497130282858736,
1.),(1.,0.499453836064849,1.),(1.,0.521741683635253,1.),(1.,0.568502699850731,
1.),(1.,0.653443670852055,1.),(1.,0.768817350634669,1.),(1.,0.837713399913547,
1.),(1.,0.864819963212965,1.)))
REPRESENTATION_ITEM('')
SURFACE()
);
#2164=(
BOUNDED_SURFACE()
B_SPLINE_SURFACE(3,2,((#4752,#4753,#4754),(#4755,#4756,#4757),(#4758,#4759,
#4760),(#4761,#4762,#4763),(#4764,#4765,#4766),(#4767,#4768,#4769),(#4770,
#4771,#4772)),.UNSPECIFIED.,.F.,.F.,.F.)
B_SPLINE_SURFACE_WITH_KNOTS((4,1,1,1,4),(3,3),(9.54097911787244E-18,0.000571519466299982,
0.00114303893259995,0.00171455839889993,0.0022860778651999),(0.,1.),
 .UNSPECIFIED.)
GEOMETRIC_REPRESENTATION_ITEM()
RATIONAL_B_SPLINE_SURFACE(((1.,0.707106781186749,1.),(1.,0.687698028843403,
1.),(1.,0.644201138886451,1.),(1.,0.57039466999271,1.),(1.,0.506387084458685,
1.),(1.,0.493980570281005,1.),(1.,0.498608831984333,1.)))
REPRESENTATION_ITEM('')
SURFACE()
);
#2165=(
BOUNDED_SURFACE()
B_SPLINE_SURFACE(3,2,((#4776,#4777,#4778),(#4779,#4780,#4781),(#4782,#4783,
#4784),(#4785,#4786,#4787),(#4788,#4789,#4790),(#4791,#4792,#4793),(#4794,
#4795,#4796)),.UNSPECIFIED.,.F.,.F.,.F.)
B_SPLINE_SURFACE_WITH_KNOTS((4,1,1,1,4),(3,3),(-7.93635990259389E-17,0.000571434474458708,
0.0011428689489175,0.00171430342337628,0.00228573789783507),(0.,1.),
 .UNSPECIFIED.)
GEOMETRIC_REPRESENTATION_ITEM()
RATIONAL_B_SPLINE_SURFACE(((1.,0.498868979664662,1.),(1.,0.494262531276682,
1.),(1.,0.50644067600217,1.),(1.,0.570482824780592,1.),(1.,0.644295270984704,
1.),(1.,0.687759936036392,1.),(1.,0.707106781186714,1.)))
REPRESENTATION_ITEM('')
SURFACE()
);
#2166=(
BOUNDED_SURFACE()
B_SPLINE_SURFACE(3,2,((#4798,#4799,#4800),(#4801,#4802,#4803),(#4804,#4805,
#4806),(#4807,#4808,#4809),(#4810,#4811,#4812),(#4813,#4814,#4815),(#4816,
#4817,#4818),(#4819,#4820,#4821),(#4822,#4823,#4824)),.UNSPECIFIED.,.F.,
 .F.,.F.)
B_SPLINE_SURFACE_WITH_KNOTS((4,1,1,1,1,1,4),(3,3),(1.10154940724527E-16,
0.00138007472472631,0.00276014944945251,0.00414022417417872,0.00552029889890492,
0.00828044834835732,0.0110405977978097),(0.,1.),.UNSPECIFIED.)
GEOMETRIC_REPRESENTATION_ITEM()
RATIONAL_B_SPLINE_SURFACE(((1.,0.498868979664659,1.),(1.,0.497393594945178,
1.),(1.,0.499714014657405,1.),(1.,0.521986510143749,1.),(1.,0.568765218205956,
1.),(1.,0.653769451193422,1.),(1.,0.769242776465441,1.),(1.,0.838173997049062,
1.),(1.,0.865296505167079,1.)))
REPRESENTATION_ITEM('')
SURFACE()
);
#2167=(
BOUNDED_SURFACE()
B_SPLINE_SURFACE(3,2,((#4825,#4826,#4827),(#4828,#4829,#4830),(#4831,#4832,
#4833),(#4834,#4835,#4836),(#4837,#4838,#4839)),.UNSPECIFIED.,.F.,.F.,.F.)
B_SPLINE_SURFACE_WITH_KNOTS((4,1,4),(3,3),(0.004818481483346,0.00791103913518898,
0.011003596787032),(0.,1.),.UNSPECIFIED.)
GEOMETRIC_REPRESENTATION_ITEM()
RATIONAL_B_SPLINE_SURFACE(((1.,0.600492197014745,1.),(1.,0.646681912907595,
1.),(1.,0.753575333816418,1.),(1.,0.833398538815506,1.),(1.,0.863958727371955,
1.)))
REPRESENTATION_ITEM('')
SURFACE()
);
#2168=(
BOUNDED_SURFACE()
B_SPLINE_SURFACE(3,2,((#4849,#4850,#4851),(#4852,#4853,#4854),(#4855,#4856,
#4857),(#4858,#4859,#4860),(#4861,#4862,#4863)),.UNSPECIFIED.,.F.,.F.,.F.)
B_SPLINE_SURFACE_WITH_KNOTS((4,1,4),(3,3),(0.0048174685672433,0.00791447060677443,
0.0110114726463056),(0.,1.),.UNSPECIFIED.)
GEOMETRIC_REPRESENTATION_ITEM()
RATIONAL_B_SPLINE_SURFACE(((1.,0.600579328667991,1.),(1.,0.64681179680594,
1.),(1.,0.753894870021723,1.),(1.,0.833835411650813,1.),(1.,0.864435549331785,
1.)))
REPRESENTATION_ITEM('')
SURFACE()
);
#2169=(
BOUNDED_SURFACE()
B_SPLINE_SURFACE(3,2,((#4962,#4963,#4964),(#4965,#4966,#4967),(#4968,#4969,
#4970),(#4971,#4972,#4973),(#4974,#4975,#4976),(#4977,#4978,#4979),(#4980,
#4981,#4982),(#4983,#4984,#4985),(#4986,#4987,#4988),(#4989,#4990,#4991),
(#4992,#4993,#4994),(#4995,#4996,#4997),(#4998,#4999,#5000),(#5001,#5002,
#5003),(#5004,#5005,#5006),(#5007,#5008,#5009),(#5010,#5011,#5012)),
 .UNSPECIFIED.,.T.,.F.,.F.)
B_SPLINE_SURFACE_WITH_KNOTS((1,3,1,1,1,1,1,1,1,1,1,1,1,1,1,3,1),(3,3),(0.000531083292167207,
0.00115661442568359,0.00240767669271635,0.00365873895974912,0.0042842700932655,
0.00490980122678189,0.00553533236029827,0.00616086349381465,0.00678639462733103,
0.00741192576084742,0.0080374568943638,0.00866298802788018,0.00928851916139656,
0.00991405029491295,0.0105395814284293,0.0111651125619457,0.0124161748289785),
(0.,1.),.UNSPECIFIED.)
GEOMETRIC_REPRESENTATION_ITEM()
RATIONAL_B_SPLINE_SURFACE(((1.,0.937717388755497,1.),(1.,0.930108816103021,
1.),(1.,0.9173880700529,1.),(1.,0.934084411801242,1.),(1.,0.950343895521769,
1.),(1.,0.958639682870057,1.),(1.,0.957772580265717,1.),(1.,0.944484555836787,
1.),(1.,0.928290583936306,1.),(1.,0.921519255483267,1.),(1.,0.929084791932705,
1.),(1.,0.945488878490114,1.),(1.,0.958177151938824,1.),(1.,0.958351599773521,
1.),(1.,0.949754347547919,1.),(1.,0.941521675081735,1.),(1.,0.937717388755497,
1.)))
REPRESENTATION_ITEM('')
SURFACE()
);
#2170=(
BOUNDED_SURFACE()
B_SPLINE_SURFACE(3,2,((#5013,#5014,#5015),(#5016,#5017,#5018),(#5019,#5020,
#5021),(#5022,#5023,#5024),(#5025,#5026,#5027),(#5028,#5029,#5030),(#5031,
#5032,#5033),(#5034,#5035,#5036),(#5037,#5038,#5039),(#5040,#5041,#5042),
(#5043,#5044,#5045),(#5046,#5047,#5048),(#5049,#5050,#5051),(#5052,#5053,
#5054),(#5055,#5056,#5057),(#5058,#5059,#5060),(#5061,#5062,#5063)),
 .UNSPECIFIED.,.T.,.F.,.F.)
B_SPLINE_SURFACE_WITH_KNOTS((1,3,1,1,1,1,1,1,1,1,1,1,1,1,1,3,1),(3,3),(-0.000625535637705271,
0.,0.000625535637705271,0.00125107127541054,0.00250214255082108,0.00375321382623163,
0.0043787494639369,0.00500428510164217,0.00562982073934744,0.00625535637705271,
0.00688089201475798,0.00750642765246325,0.00813196329016852,0.00875749892787379,
0.00938303456557906,0.0100085702032843,0.0106341058409896),(0.,1.),
 .UNSPECIFIED.)
GEOMETRIC_REPRESENTATION_ITEM()
RATIONAL_B_SPLINE_SURFACE(((1.,0.956136479111053,1.),(1.,0.954302088480457,
1.),(1.,0.948029563552758,1.),(1.,0.93133596822123,1.),(1.,0.917596246470061,
1.),(1.,0.936100073250882,1.),(1.,0.951955478465619,1.),(1.,0.959263751122567,
1.),(1.,0.956474418267611,1.),(1.,0.941886711226735,1.),(1.,0.92642967319807,
1.),(1.,0.921759112013897,1.),(1.,0.931246923347506,1.),(1.,0.94797800718888,
1.),(1.,0.959035907336339,1.),(1.,0.95797086974165,1.),(1.,0.956136479111053,
1.)))
REPRESENTATION_ITEM('')
SURFACE()
);
#2171=(
BOUNDED_SURFACE()
B_SPLINE_SURFACE(3,2,((#5064,#5065,#5066),(#5067,#5068,#5069),(#5070,#5071,
#5072),(#5073,#5074,#5075),(#5076,#5077,#5078),(#5079,#5080,#5081),(#5082,
#5083,#5084),(#5085,#5086,#5087),(#5088,#5089,#5090),(#5091,#5092,#5093),
(#5094,#5095,#5096),(#5097,#5098,#5099),(#5100,#5101,#5102),(#5103,#5104,
#5105),(#5106,#5107,#5108),(#5109,#5110,#5111),(#5112,#5113,#5114)),
 .UNSPECIFIED.,.T.,.F.,.F.)
B_SPLINE_SURFACE_WITH_KNOTS((1,3,1,1,1,1,1,1,1,1,1,1,1,1,1,3,1),(3,3),(-0.000628134751975309,
0.,0.000628134751975308,0.00125626950395062,0.00251253900790123,0.00376880851185185,
0.00439694326382716,0.00502507801580246,0.00565321276777777,0.00628134751975308,
0.00690948227172839,0.0075376170237037,0.00816575177567901,0.00879388652765431,
0.00942202127962962,0.0100501560316049,0.0106782907835802),(0.,1.),
 .UNSPECIFIED.)
GEOMETRIC_REPRESENTATION_ITEM()
RATIONAL_B_SPLINE_SURFACE(((1.,0.955790609606922,1.),(1.,0.953950145497951,
1.),(1.,0.947645060311015,1.),(1.,0.930810049475066,1.),(1.,0.916859664677253,
1.),(1.,0.935468730603887,1.),(1.,0.951449084452414,1.),(1.,0.958883886023789,
1.),(1.,0.956244209495832,1.),(1.,0.941603843254403,1.),(1.,0.925900129817166,
1.),(1.,0.921044556590388,1.),(1.,0.930564889468899,1.),(1.,0.947482463534889,
1.),(1.,0.958687844964839,1.),(1.,0.957631073715892,1.),(1.,0.955790609606922,
1.)))
REPRESENTATION_ITEM('')
SURFACE()
);
#2172=(
BOUNDED_SURFACE()
B_SPLINE_SURFACE(3,2,((#5115,#5116,#5117),(#5118,#5119,#5120),(#5121,#5122,
#5123),(#5124,#5125,#5126),(#5127,#5128,#5129),(#5130,#5131,#5132),(#5133,
#5134,#5135),(#5136,#5137,#5138)),.UNSPECIFIED.,.F.,.F.,.F.)
B_SPLINE_SURFACE_WITH_KNOTS((4,1,1,1,1,4),(3,3),(-2.90024081139872E-18,
0.000513322273386195,0.00102664454677239,0.00153996682015859,0.00179662795685169,
0.00205328909354479),(0.,1.),.UNSPECIFIED.)
GEOMETRIC_REPRESENTATION_ITEM()
RATIONAL_B_SPLINE_SURFACE(((1.,0.73271330704009,1.),(1.,0.765274583472251,
1.),(1.,0.825113872643417,1.),(1.,0.904524536419057,1.),(1.,0.957596829368554,
1.),(1.,0.98292350449214,1.),(1.,0.977018094162066,1.),(1.,0.970892901330079,
1.)))
REPRESENTATION_ITEM('')
SURFACE()
);
#2173=(
BOUNDED_SURFACE()
B_SPLINE_SURFACE(3,2,((#5141,#5142,#5143),(#5144,#5145,#5146),(#5147,#5148,
#5149),(#5150,#5151,#5152)),.UNSPECIFIED.,.F.,.F.,.F.)
B_SPLINE_SURFACE_WITH_KNOTS((4,4),(3,3),(0.00329640934159134,0.00384425730067262),
(0.367436666940539,1.),.PIECEWISE_BEZIER_KNOTS.)
GEOMETRIC_REPRESENTATION_ITEM()
RATIONAL_B_SPLINE_SURFACE(((0.842269014977401,0.785363030946331,1.),(0.83288532648473,
0.772593907261965,1.),(0.823918801066554,0.760392450215182,1.),(0.818026048053737,
0.75237371727015,1.)))
REPRESENTATION_ITEM('')
SURFACE()
);
#2174=(
BOUNDED_SURFACE()
B_SPLINE_SURFACE(3,2,((#5157,#5158,#5159),(#5160,#5161,#5162),(#5163,#5164,
#5165),(#5166,#5167,#5168),(#5169,#5170,#5171),(#5172,#5173,#5174),(#5175,
#5176,#5177),(#5178,#5179,#5180)),.UNSPECIFIED.,.F.,.F.,.F.)
B_SPLINE_SURFACE_WITH_KNOTS((4,1,1,1,1,4),(3,3),(-3.50468352255939E-17,
0.000513322273386187,0.00102664454677241,0.00153996682015863,0.00179662795685174,
0.00205328909354485),(0.,1.),.UNSPECIFIED.)
GEOMETRIC_REPRESENTATION_ITEM()
RATIONAL_B_SPLINE_SURFACE(((1.,0.732713307040485,1.),(1.,0.76527458337567,
1.),(1.,0.825113872688301,1.),(1.,0.904524536406822,1.),(1.,0.957596829369928,
1.),(1.,0.982923504492097,1.),(1.,0.977018094161485,1.),(1.,0.970892901330088,
1.)))
REPRESENTATION_ITEM('')
SURFACE()
);
#2175=(
BOUNDED_SURFACE()
B_SPLINE_SURFACE(3,2,((#5194,#5195,#5196),(#5197,#5198,#5199),(#5200,#5201,
#5202),(#5203,#5204,#5205)),.UNSPECIFIED.,.F.,.F.,.F.)
B_SPLINE_SURFACE_WITH_KNOTS((4,4),(3,3),(0.0026343248017897,0.0028828397384499),
(0.,1.),.PIECEWISE_BEZIER_KNOTS.)
GEOMETRIC_REPRESENTATION_ITEM()
RATIONAL_B_SPLINE_SURFACE(((1.,0.709490445158211,1.),(1.,0.699325112297719,
1.),(1.,0.68909117952282,1.),(1.,0.678872185850029,1.)))
REPRESENTATION_ITEM('')
SURFACE()
);
#2176=(
BOUNDED_SURFACE()
B_SPLINE_SURFACE(3,2,((#5218,#5219,#5220),(#5221,#5222,#5223),(#5224,#5225,
#5226),(#5227,#5228,#5229),(#5230,#5231,#5232),(#5233,#5234,#5235),(#5236,
#5237,#5238),(#5239,#5240,#5241)),.UNSPECIFIED.,.F.,.F.,.F.)
B_SPLINE_SURFACE_WITH_KNOTS((4,1,1,1,1,4),(3,3),(-4.24736201071196E-17,
0.000513322273386167,0.00102664454677238,0.00153996682015859,0.00179662795685169,
0.0020532890935448),(0.,1.),.UNSPECIFIED.)
GEOMETRIC_REPRESENTATION_ITEM()
RATIONAL_B_SPLINE_SURFACE(((1.,0.732713307040483,1.),(1.,0.765274583374803,
1.),(1.,0.825113872688694,1.),(1.,0.90452453640675,1.),(1.,0.957596829369807,
1.),(1.,0.982923504492334,1.),(1.,0.977018094160947,1.),(1.,0.97089290133009,
1.)))
REPRESENTATION_ITEM('')
SURFACE()
);
#2177=(
BOUNDED_SURFACE()
B_SPLINE_SURFACE(3,2,((#5335,#5336,#5337),(#5338,#5339,#5340),(#5341,#5342,
#5343),(#5344,#5345,#5346)),.UNSPECIFIED.,.F.,.F.,.F.)
B_SPLINE_SURFACE_WITH_KNOTS((4,4),(3,3),(-1.76334641333042E-15,0.00158177162613692),
(0.,1.),.PIECEWISE_BEZIER_KNOTS.)
GEOMETRIC_REPRESENTATION_ITEM()
RATIONAL_B_SPLINE_SURFACE(((1.,0.802101836984854,1.),(1.,0.809120376488777,
1.),(1.,0.81526716272019,1.),(1.,0.820776235773223,1.)))
REPRESENTATION_ITEM('')
SURFACE()
);
#2178=(
BOUNDED_SURFACE()
B_SPLINE_SURFACE(3,2,((#5354,#5355,#5356),(#5357,#5358,#5359),(#5360,#5361,
#5362),(#5363,#5364,#5365)),.UNSPECIFIED.,.F.,.F.,.F.)
B_SPLINE_SURFACE_WITH_KNOTS((4,4),(3,3),(-1.99659733191027E-13,0.00193374319971861),
(0.,1.),.PIECEWISE_BEZIER_KNOTS.)
GEOMETRIC_REPRESENTATION_ITEM()
RATIONAL_B_SPLINE_SURFACE(((1.,0.599249660658176,1.),(1.,0.613050750253186,
1.),(1.,0.627439153983933,1.),(1.,0.642162170528156,1.)))
REPRESENTATION_ITEM('')
SURFACE()
);
#2179=(
BOUNDED_SURFACE()
B_SPLINE_SURFACE(3,2,((#5370,#5371,#5372),(#5373,#5374,#5375),(#5376,#5377,
#5378),(#5379,#5380,#5381),(#5382,#5383,#5384)),.UNSPECIFIED.,.F.,.F.,.F.)
B_SPLINE_SURFACE_WITH_KNOTS((4,1,4),(3,3),(0.,0.000495804840779195,0.00099160968155839),
(0.,1.),.UNSPECIFIED.)
GEOMETRIC_REPRESENTATION_ITEM()
RATIONAL_B_SPLINE_SURFACE(((1.,0.642162170524922,1.),(1.,0.606282620678699,
1.),(1.,0.531200488410427,1.),(1.,0.449200767787788,1.),(1.,0.416948958178999,
1.)))
REPRESENTATION_ITEM('')
SURFACE()
);
#2180=(
BOUNDED_SURFACE()
B_SPLINE_SURFACE(3,2,((#5390,#5391,#5392),(#5393,#5394,#5395),(#5396,#5397,
#5398),(#5399,#5400,#5401)),.UNSPECIFIED.,.F.,.F.,.F.)
B_SPLINE_SURFACE_WITH_KNOTS((4,4),(3,3),(0.013507535210807,0.015745264368715),
(0.,1.),.PIECEWISE_BEZIER_KNOTS.)
GEOMETRIC_REPRESENTATION_ITEM()
RATIONAL_B_SPLINE_SURFACE(((1.,0.358958672762058,1.),(1.,0.381862242901445,
1.),(1.,0.408633810940481,1.),(1.,0.431799787770753,1.)))
REPRESENTATION_ITEM('')
SURFACE()
);
#2181=(
BOUNDED_SURFACE()
B_SPLINE_SURFACE(3,2,((#5431,#5432,#5433),(#5434,#5435,#5436),(#5437,#5438,
#5439),(#5440,#5441,#5442),(#5443,#5444,#5445),(#5446,#5447,#5448),(#5449,
#5450,#5451),(#5452,#5453,#5454)),.UNSPECIFIED.,.F.,.F.,.F.)
B_SPLINE_SURFACE_WITH_KNOTS((4,1,1,1,1,4),(3,3),(0.0237814866728947,0.0252838650779899,
0.026786243483085,0.0297910002932753,0.0327957571034656,0.0358005139136559),
(0.,1.),.UNSPECIFIED.)
GEOMETRIC_REPRESENTATION_ITEM()
RATIONAL_B_SPLINE_SURFACE(((1.,0.414642513578307,1.),(1.,0.40021434818312,
1.),(1.,0.366030925779593,1.),(1.,0.295544137357666,1.),(1.,0.235597940577479,
1.),(1.,0.231847465358872,1.),(1.,0.277289116568431,1.),(1.,0.306834585232456,
1.)))
REPRESENTATION_ITEM('')
SURFACE()
);
#2182=(
BOUNDED_SURFACE()
B_SPLINE_SURFACE(3,2,((#5460,#5461,#5462),(#5463,#5464,#5465),(#5466,#5467,
#5468),(#5469,#5470,#5471),(#5472,#5473,#5474)),.UNSPECIFIED.,.F.,.F.,.F.)
B_SPLINE_SURFACE_WITH_KNOTS((4,1,4),(3,3),(-8.01556936340893E-6,0.000667964113617411,
0.00134394379659823),(0.,1.),.UNSPECIFIED.)
GEOMETRIC_REPRESENTATION_ITEM()
RATIONAL_B_SPLINE_SURFACE(((1.,0.747811118063329,1.),(1.,0.708181231372784,
1.),(1.,0.615902464764018,1.),(1.,0.55269077225748,1.),(1.,0.54951644207399,
1.)))
REPRESENTATION_ITEM('')
SURFACE()
);
#2183=(
BOUNDED_SURFACE()
B_SPLINE_SURFACE(3,2,((#5489,#5490,#5491),(#5492,#5493,#5494),(#5495,#5496,
#5497),(#5498,#5499,#5500)),.UNSPECIFIED.,.F.,.F.,.F.)
B_SPLINE_SURFACE_WITH_KNOTS((4,4),(3,3),(8.03361814333481E-5,0.000662615719455761),
(0.,1.),.PIECEWISE_BEZIER_KNOTS.)
GEOMETRIC_REPRESENTATION_ITEM()
RATIONAL_B_SPLINE_SURFACE(((1.,0.852817914384583,1.),(1.,0.847437430131314,
1.),(1.,0.829964740664727,1.),(1.,0.803563082600397,1.)))
REPRESENTATION_ITEM('')
SURFACE()
);
#2184=(
BOUNDED_SURFACE()
B_SPLINE_SURFACE(3,2,((#5501,#5502,#5503),(#5504,#5505,#5506),(#5507,#5508,
#5509),(#5510,#5511,#5512)),.UNSPECIFIED.,.F.,.F.,.F.)
B_SPLINE_SURFACE_WITH_KNOTS((4,4),(3,3),(0.0124599613135374,0.0130723525895285),
(0.167962367313307,1.),.PIECEWISE_BEZIER_KNOTS.)
GEOMETRIC_REPRESENTATION_ITEM()
RATIONAL_B_SPLINE_SURFACE(((0.887120542007519,0.663973960958996,1.),(0.88641820527042,
0.661883204713021,1.),(0.885743053607119,0.659873374552547,1.),(0.885604040624347,
0.659459552739377,1.)))
REPRESENTATION_ITEM('')
SURFACE()
);
#2185=(
BOUNDED_SURFACE()
B_SPLINE_SURFACE(3,2,((#5513,#5514,#5515),(#5516,#5517,#5518),(#5519,#5520,
#5521),(#5522,#5523,#5524)),.UNSPECIFIED.,.F.,.F.,.F.)
B_SPLINE_SURFACE_WITH_KNOTS((4,4),(3,3),(-2.16840434497101E-17,0.00351436817134625),
(0.,1.),.PIECEWISE_BEZIER_KNOTS.)
GEOMETRIC_REPRESENTATION_ITEM()
RATIONAL_B_SPLINE_SURFACE(((1.,0.693178848242273,1.),(1.,0.695653423669485,
1.),(1.,0.706685056465289,1.),(1.,0.695533496157207,1.)))
REPRESENTATION_ITEM('')
SURFACE()
);
#2186=(
BOUNDED_SURFACE()
B_SPLINE_SURFACE(3,2,((#5602,#5603,#5604),(#5605,#5606,#5607),(#5608,#5609,
#5610),(#5611,#5612,#5613)),.UNSPECIFIED.,.F.,.F.,.F.)
B_SPLINE_SURFACE_WITH_KNOTS((4,4),(3,3),(0.0124478077098049,0.0151101068091183),
(0.,1.),.PIECEWISE_BEZIER_KNOTS.)
GEOMETRIC_REPRESENTATION_ITEM()
RATIONAL_B_SPLINE_SURFACE(((1.,0.596290804567109,1.),(1.,0.585311255227811,
1.),(1.,0.587880904048333,1.),(1.,0.585441199262328,1.)))
REPRESENTATION_ITEM('')
SURFACE()
);
#2187=(
BOUNDED_SURFACE()
B_SPLINE_SURFACE(3,2,((#5619,#5620,#5621),(#5622,#5623,#5624),(#5625,#5626,
#5627),(#5628,#5629,#5630),(#5631,#5632,#5633),(#5634,#5635,#5636)),
 .UNSPECIFIED.,.F.,.F.,.F.)
B_SPLINE_SURFACE_WITH_KNOTS((4,1,1,4),(3,3),(0.00846130303637493,0.00990221224203699,
0.010622666844868,0.0113431214476991),(0.,1.),.UNSPECIFIED.)
GEOMETRIC_REPRESENTATION_ITEM()
RATIONAL_B_SPLINE_SURFACE(((1.,0.755704353162115,1.),(1.,0.754193296308576,
1.),(1.,0.751296510339168,1.),(1.,0.750443470265254,1.),(1.,0.745301187974782,
1.),(1.,0.741211448721211,1.)))
REPRESENTATION_ITEM('')
SURFACE()
);
#2188=(
BOUNDED_SURFACE()
B_SPLINE_SURFACE(3,2,((#5642,#5643,#5644),(#5645,#5646,#5647),(#5648,#5649,
#5650),(#5651,#5652,#5653),(#5654,#5655,#5656)),.UNSPECIFIED.,.F.,.F.,.F.)
B_SPLINE_SURFACE_WITH_KNOTS((4,1,4),(3,3),(1.46367293285543E-18,0.000603994800130821,
0.00120798960026164),(0.,1.),.UNSPECIFIED.)
GEOMETRIC_REPRESENTATION_ITEM()
RATIONAL_B_SPLINE_SURFACE(((1.,0.740247888924034,1.),(1.,0.774378201859578,
1.),(1.,0.838775765038005,1.),(1.,0.868307835701759,1.),(1.,0.866261330436532,
1.)))
REPRESENTATION_ITEM('')
SURFACE()
);
#2189=(
BOUNDED_SURFACE()
B_SPLINE_SURFACE(3,2,((#5663,#5664,#5665),(#5666,#5667,#5668),(#5669,#5670,
#5671),(#5672,#5673,#5674)),.UNSPECIFIED.,.F.,.F.,.F.)
B_SPLINE_SURFACE_WITH_KNOTS((4,4),(3,3),(0.00168528058376118,0.00557620517044951),
(0.,1.),.PIECEWISE_BEZIER_KNOTS.)
GEOMETRIC_REPRESENTATION_ITEM()
RATIONAL_B_SPLINE_SURFACE(((1.,0.743398093964129,1.),(1.,0.724030919467962,
1.),(1.,0.739263197353254,1.),(1.,0.740247888924031,1.)))
REPRESENTATION_ITEM('')
SURFACE()
);
#2190=(
BOUNDED_SURFACE()
B_SPLINE_SURFACE(3,2,((#5679,#5680,#5681),(#5682,#5683,#5684),(#5685,#5686,
#5687),(#5688,#5689,#5690),(#5691,#5692,#5693)),.UNSPECIFIED.,.F.,.F.,.F.)
B_SPLINE_SURFACE_WITH_KNOTS((4,1,4),(3,3),(1.06251812903579E-17,0.00079851318655299,
0.00159702637310597),(0.,1.),.UNSPECIFIED.)
GEOMETRIC_REPRESENTATION_ITEM()
RATIONAL_B_SPLINE_SURFACE(((1.,0.693178848242285,1.),(1.,0.738683223290314,
1.),(1.,0.834232213562076,1.),(1.,0.868235694306901,1.),(1.,0.855854910672947,
1.)))
REPRESENTATION_ITEM('')
SURFACE()
);
#2191=(
BOUNDED_SURFACE()
B_SPLINE_SURFACE(3,2,((#5694,#5695,#5696),(#5697,#5698,#5699),(#5700,#5701,
#5702),(#5703,#5704,#5705)),.UNSPECIFIED.,.F.,.F.,.F.)
B_SPLINE_SURFACE_WITH_KNOTS((4,4),(3,3),(1.73472347597681E-18,0.00171979427420837),
(0.,1.),.PIECEWISE_BEZIER_KNOTS.)
GEOMETRIC_REPRESENTATION_ITEM()
RATIONAL_B_SPLINE_SURFACE(((1.,0.429084839869652,1.),(1.,0.434277771487321,
1.),(1.,0.439166178896995,1.),(1.,0.443800439710422,1.)))
REPRESENTATION_ITEM('')
SURFACE()
);
#2192=(
BOUNDED_SURFACE()
B_SPLINE_SURFACE(3,2,((#5712,#5713,#5714),(#5715,#5716,#5717),(#5718,#5719,
#5720),(#5721,#5722,#5723),(#5724,#5725,#5726),(#5727,#5728,#5729)),
 .UNSPECIFIED.,.F.,.F.,.F.)
B_SPLINE_SURFACE_WITH_KNOTS((4,1,1,4),(3,3),(0.00221075625712779,0.00243957148042289,
0.00266838670371799,0.0031260171503082),(0.,1.),.UNSPECIFIED.)
GEOMETRIC_REPRESENTATION_ITEM()
RATIONAL_B_SPLINE_SURFACE(((1.,0.429084839882535,1.),(1.,0.442147379096482,
1.),(1.,0.483516740090811,1.),(1.,0.587130764666949,1.),(1.,0.66231724969009,
1.),(1.,0.707106781186658,1.)))
REPRESENTATION_ITEM('')
SURFACE()
);
#2193=(
BOUNDED_SURFACE()
B_SPLINE_SURFACE(3,2,((#5733,#5734,#5735),(#5736,#5737,#5738),(#5739,#5740,
#5741),(#5742,#5743,#5744),(#5745,#5746,#5747),(#5748,#5749,#5750),(#5751,
#5752,#5753),(#5754,#5755,#5756),(#5757,#5758,#5759),(#5760,#5761,#5762),
(#5763,#5764,#5765),(#5766,#5767,#5768)),.UNSPECIFIED.,.F.,.F.,.F.)
B_SPLINE_SURFACE_WITH_KNOTS((4,1,1,1,1,1,1,1,1,4),(3,3),(0.0026408580813242,
0.00269455017919729,0.00274824227707037,0.00285562647281654,0.00296301066856271,
0.00307039486430888,0.00328516325580123,0.00349993164729357,0.00392946843027825,
0.00435900521326293),(0.,1.),.UNSPECIFIED.)
GEOMETRIC_REPRESENTATION_ITEM()
RATIONAL_B_SPLINE_SURFACE(((1.,0.99882185826096,1.),(1.,0.999564329522019,
1.),(1.,0.999220401726425,1.),(1.,0.995138491484596,1.),(1.,0.989782714400823,
1.),(1.,0.981663605282485,1.),(1.,0.96901908969685,1.),(1.,0.949427262019747,
1.),(1.,0.909143735414773,1.),(1.,0.839955505560221,1.),(1.,0.757871516447408,
1.),(1.,0.707106781186463,1.)))
REPRESENTATION_ITEM('')
SURFACE()
);
#2194=(
BOUNDED_SURFACE()
B_SPLINE_SURFACE(3,2,((#5773,#5774,#5775),(#5776,#5777,#5778),(#5779,#5780,
#5781),(#5782,#5783,#5784)),.UNSPECIFIED.,.F.,.F.,.F.)
B_SPLINE_SURFACE_WITH_KNOTS((4,4),(3,3),(3.46944695195361E-18,0.00171979427450732),
(0.,1.),.PIECEWISE_BEZIER_KNOTS.)
GEOMETRIC_REPRESENTATION_ITEM()
RATIONAL_B_SPLINE_SURFACE(((1.,0.429084839866953,1.),(1.,0.43427777149124,
1.),(1.,0.43916617891737,1.),(1.,0.443800439710421,1.)))
REPRESENTATION_ITEM('')
SURFACE()
);
#2195=(
BOUNDED_SURFACE()
B_SPLINE_SURFACE(3,2,((#5791,#5792,#5793),(#5794,#5795,#5796),(#5797,#5798,
#5799),(#5800,#5801,#5802),(#5803,#5804,#5805),(#5806,#5807,#5808),(#5809,
#5810,#5811),(#5812,#5813,#5814),(#5815,#5816,#5817),(#5818,#5819,#5820),
(#5821,#5822,#5823),(#5824,#5825,#5826)),.UNSPECIFIED.,.F.,.F.,.F.)
B_SPLINE_SURFACE_WITH_KNOTS((4,1,1,1,1,1,1,1,1,4),(3,3),(0.00263607164453039,
0.00268857946354565,0.00274108728256091,0.00284610292059143,0.00295111855862195,
0.00305613419665247,0.0032661654727135,0.00347619674877454,0.00389625930089661,
0.00431632185301868),(0.,1.),.UNSPECIFIED.)
GEOMETRIC_REPRESENTATION_ITEM()
RATIONAL_B_SPLINE_SURFACE(((1.,0.998821858261025,1.),(1.,0.999564634133156,
1.),(1.,0.999221610595437,1.),(1.,0.995139444713414,1.),(1.,0.989785073094796,
1.),(1.,0.981667567576102,1.),(1.,0.96902562198232,1.),(1.,0.949437432125421,
1.),(1.,0.90915947815754,1.),(1.,0.839971765996539,1.),(1.,0.757883309223139,
1.),(1.,0.70710678118158,1.)))
REPRESENTATION_ITEM('')
SURFACE()
);
#2196=(
BOUNDED_SURFACE()
B_SPLINE_SURFACE(3,2,((#5828,#5829,#5830),(#5831,#5832,#5833),(#5834,#5835,
#5836),(#5837,#5838,#5839),(#5840,#5841,#5842),(#5843,#5844,#5845)),
 .UNSPECIFIED.,.F.,.F.,.F.)
B_SPLINE_SURFACE_WITH_KNOTS((4,1,1,4),(3,3),(0.00221075625713636,0.00243957148042986,
0.00266838670372337,0.00312601715031037),(0.,1.),.UNSPECIFIED.)
GEOMETRIC_REPRESENTATION_ITEM()
RATIONAL_B_SPLINE_SURFACE(((1.,0.429084839866691,1.),(1.,0.442147380522776,
1.),(1.,0.483516739434344,1.),(1.,0.587130765085032,1.),(1.,0.662317249562108,
1.),(1.,0.707106781186376,1.)))
REPRESENTATION_ITEM('')
SURFACE()
);
#2197=(
BOUNDED_SURFACE()
B_SPLINE_SURFACE(3,2,((#5848,#5849,#5850),(#5851,#5852,#5853),(#5854,#5855,
#5856),(#5857,#5858,#5859)),.UNSPECIFIED.,.F.,.F.,.F.)
B_SPLINE_SURFACE_WITH_KNOTS((4,4),(3,3),(0.648081417157001,1.06135884007876),
(0.,1.),.PIECEWISE_BEZIER_KNOTS.)
GEOMETRIC_REPRESENTATION_ITEM()
RATIONAL_B_SPLINE_SURFACE(((1.,0.385416584346861,1.),(1.,0.407639266343938,
1.),(1.,0.434904925179922,1.),(1.,0.464641114121233,1.)))
REPRESENTATION_ITEM('')
SURFACE()
);
#2198=(
BOUNDED_SURFACE()
B_SPLINE_SURFACE(3,2,((#5860,#5861,#5862),(#5863,#5864,#5865),(#5866,#5867,
#5868),(#5869,#5870,#5871)),.UNSPECIFIED.,.F.,.F.,.F.)
B_SPLINE_SURFACE_WITH_KNOTS((4,4),(3,3),(5.22245037436208,5.53049543921926),
(0.,1.),.PIECEWISE_BEZIER_KNOTS.)
GEOMETRIC_REPRESENTATION_ITEM()
RATIONAL_B_SPLINE_SURFACE(((1.,0.464506457023816,1.),(1.,0.442347643311767,
1.),(1.,0.421576522588776,1.),(1.,0.403224828373946,1.)))
REPRESENTATION_ITEM('')
SURFACE()
);
#2199=ADVANCED_FACE('',(#1994,#1995),#2151,.F.);
#2200=ADVANCED_FACE('',(#1996),#339,.T.);
#2201=ADVANCED_FACE('',(#1997),#323,.F.);
#2202=ADVANCED_FACE('',(#1998,#1999),#83,.F.);
#2203=ADVANCED_FACE('',(#2000),#47,.T.);
#2204=ADVANCED_FACE('',(#2001),#2152,.T.);
#2205=ADVANCED_FACE('',(#2002),#48,.T.);
#2206=ADVANCED_FACE('',(#2003),#324,.F.);
#2207=ADVANCED_FACE('',(#2004),#325,.F.);
#2208=ADVANCED_FACE('',(#2005),#49,.T.);
#2209=ADVANCED_FACE('',(#2006),#50,.T.);
#2210=ADVANCED_FACE('',(#2007),#340,.T.);
#2211=ADVANCED_FACE('',(#2008),#341,.F.);
#2212=ADVANCED_FACE('',(#2009),#2153,.F.);
#2213=ADVANCED_FACE('',(#2010),#2154,.F.);
#2214=ADVANCED_FACE('',(#2011),#17,.F.);
#2215=ADVANCED_FACE('',(#2012),#18,.F.);
#2216=ADVANCED_FACE('',(#2013),#51,.T.);
#2217=ADVANCED_FACE('',(#2014),#52,.T.);
#2218=ADVANCED_FACE('',(#2015),#2155,.F.);
#2219=ADVANCED_FACE('',(#2016),#53,.F.);
#2220=ADVANCED_FACE('',(#2017),#54,.F.);
#2221=ADVANCED_FACE('',(#2018),#55,.F.);
#2222=ADVANCED_FACE('',(#2019,#2020),#56,.F.);
#2223=ADVANCED_FACE('',(#2021),#2156,.T.);
#2224=ADVANCED_FACE('',(#2022),#326,.T.);
#2225=ADVANCED_FACE('',(#2023),#57,.T.);
#2226=ADVANCED_FACE('',(#2024),#58,.T.);
#2227=ADVANCED_FACE('',(#2025),#59,.T.);
#2228=ADVANCED_FACE('',(#2026,#2027),#60,.F.);
#2229=ADVANCED_FACE('',(#2028,#2029),#61,.F.);
#2230=ADVANCED_FACE('',(#2030,#2031),#62,.F.);
#2231=ADVANCED_FACE('',(#2032),#63,.T.);
#2232=ADVANCED_FACE('',(#2033),#327,.F.);
#2233=ADVANCED_FACE('',(#2034),#328,.F.);
#2234=ADVANCED_FACE('',(#2035),#329,.T.);
#2235=ADVANCED_FACE('',(#2036),#330,.T.);
#2236=ADVANCED_FACE('',(#2037),#331,.T.);
#2237=ADVANCED_FACE('',(#2038,#2039,#2040,#2041,#2042,#2043,#2044,#2045),
#332,.F.);
#2238=ADVANCED_FACE('',(#2046,#2047),#333,.T.);
#2239=ADVANCED_FACE('',(#2048),#64,.F.);
#2240=ADVANCED_FACE('',(#2049,#2050),#334,.T.);
#2241=ADVANCED_FACE('',(#2051),#65,.F.);
#2242=ADVANCED_FACE('',(#2052,#2053),#335,.T.);
#2243=ADVANCED_FACE('',(#2054),#66,.F.);
#2244=ADVANCED_FACE('',(#2055),#67,.F.);
#2245=ADVANCED_FACE('',(#2056,#2057),#336,.T.);
#2246=ADVANCED_FACE('',(#2058),#68,.T.);
#2247=ADVANCED_FACE('',(#2059),#69,.T.);
#2248=ADVANCED_FACE('',(#2060),#70,.T.);
#2249=ADVANCED_FACE('',(#2061),#71,.T.);
#2250=ADVANCED_FACE('',(#2062),#72,.T.);
#2251=ADVANCED_FACE('',(#2063),#73,.T.);
#2252=ADVANCED_FACE('',(#2064),#14,.F.);
#2253=ADVANCED_FACE('',(#2065),#15,.F.);
#2254=ADVANCED_FACE('',(#2066),#16,.F.);
#2255=ADVANCED_FACE('',(#2067),#342,.F.);
#2256=ADVANCED_FACE('',(#2068),#343,.T.);
#2257=ADVANCED_FACE('',(#2069),#74,.F.);
#2258=ADVANCED_FACE('',(#2070),#337,.T.);
#2259=ADVANCED_FACE('',(#2071),#2157,.F.);
#2260=ADVANCED_FACE('',(#2072),#2158,.F.);
#2261=ADVANCED_FACE('',(#2073),#2159,.F.);
#2262=ADVANCED_FACE('',(#2074),#2160,.F.);
#2263=ADVANCED_FACE('',(#2075),#2161,.F.);
#2264=ADVANCED_FACE('',(#2076),#2162,.F.);
#2265=ADVANCED_FACE('',(#2077),#2163,.T.);
#2266=ADVANCED_FACE('',(#2078),#2164,.T.);
#2267=ADVANCED_FACE('',(#2079),#19,.T.);
#2268=ADVANCED_FACE('',(#2080),#2165,.T.);
#2269=ADVANCED_FACE('',(#2081),#2166,.T.);
#2270=ADVANCED_FACE('',(#2082),#2167,.T.);
#2271=ADVANCED_FACE('',(#2083),#2168,.T.);
#2272=ADVANCED_FACE('',(#2084),#20,.F.);
#2273=ADVANCED_FACE('',(#2085),#21,.F.);
#2274=ADVANCED_FACE('',(#2086),#22,.F.);
#2275=ADVANCED_FACE('',(#2087),#23,.F.);
#2276=ADVANCED_FACE('',(#2088),#24,.F.);
#2277=ADVANCED_FACE('',(#2089),#25,.F.);
#2278=ADVANCED_FACE('',(#2090),#26,.F.);
#2279=ADVANCED_FACE('',(#2091),#27,.F.);
#2280=ADVANCED_FACE('',(#2092),#28,.F.);
#2281=ADVANCED_FACE('',(#2093),#29,.F.);
#2282=ADVANCED_FACE('',(#2094),#30,.T.);
#2283=ADVANCED_FACE('',(#2095),#31,.T.);
#2284=ADVANCED_FACE('',(#2096),#32,.T.);
#2285=ADVANCED_FACE('',(#2097),#33,.T.);
#2286=ADVANCED_FACE('',(#2098,#2099),#2169,.F.);
#2287=ADVANCED_FACE('',(#2100,#2101),#2170,.F.);
#2288=ADVANCED_FACE('',(#2102,#2103),#2171,.F.);
#2289=ADVANCED_FACE('',(#2104),#2172,.T.);
#2290=ADVANCED_FACE('',(#2105),#34,.T.);
#2291=ADVANCED_FACE('',(#2106),#2173,.T.);
#2292=ADVANCED_FACE('',(#2107),#2174,.T.);
#2293=ADVANCED_FACE('',(#2108),#35,.T.);
#2294=ADVANCED_FACE('',(#2109),#75,.T.);
#2295=ADVANCED_FACE('',(#2110),#2175,.T.);
#2296=ADVANCED_FACE('',(#2111),#76,.T.);
#2297=ADVANCED_FACE('',(#2112),#36,.T.);
#2298=ADVANCED_FACE('',(#2113),#2176,.T.);
#2299=ADVANCED_FACE('',(#2114),#338,.T.);
#2300=ADVANCED_FACE('',(#2115),#344,.T.);
#2301=ADVANCED_FACE('',(#2116),#2177,.T.);
#2302=ADVANCED_FACE('',(#2117),#12,.T.);
#2303=ADVANCED_FACE('',(#2118),#77,.T.);
#2304=ADVANCED_FACE('',(#2119),#13,.T.);
#2305=ADVANCED_FACE('',(#2120),#2178,.T.);
#2306=ADVANCED_FACE('',(#2121),#2179,.T.);
#2307=ADVANCED_FACE('',(#2122),#2180,.T.);
#2308=ADVANCED_FACE('',(#2123),#345,.T.);
#2309=ADVANCED_FACE('',(#2124),#2181,.T.);
#2310=ADVANCED_FACE('',(#2125),#2182,.T.);
#2311=ADVANCED_FACE('',(#2126),#78,.F.);
#2312=ADVANCED_FACE('',(#2127),#2183,.T.);
#2313=ADVANCED_FACE('',(#2128),#2184,.F.);
#2314=ADVANCED_FACE('',(#2129),#2185,.T.);
#2315=ADVANCED_FACE('',(#2130),#346,.T.);
#2316=ADVANCED_FACE('',(#2131),#79,.F.);
#2317=ADVANCED_FACE('',(#2132),#80,.F.);
#2318=ADVANCED_FACE('',(#2133),#347,.F.);
#2319=ADVANCED_FACE('',(#2134),#2186,.F.);
#2320=ADVANCED_FACE('',(#2135),#2187,.F.);
#2321=ADVANCED_FACE('',(#2136),#2188,.T.);
#2322=ADVANCED_FACE('',(#2137),#2189,.T.);
#2323=ADVANCED_FACE('',(#2138),#2190,.T.);
#2324=ADVANCED_FACE('',(#2139),#2191,.T.);
#2325=ADVANCED_FACE('',(#2140),#2192,.T.);
#2326=ADVANCED_FACE('',(#2141),#37,.T.);
#2327=ADVANCED_FACE('',(#2142),#2193,.T.);
#2328=ADVANCED_FACE('',(#2143),#81,.T.);
#2329=ADVANCED_FACE('',(#2144),#82,.T.);
#2330=ADVANCED_FACE('',(#2145),#2194,.T.);
#2331=ADVANCED_FACE('',(#2146),#2195,.T.);
#2332=ADVANCED_FACE('',(#2147),#2196,.T.);
#2333=ADVANCED_FACE('',(#2148),#38,.T.);
#2334=ADVANCED_FACE('',(#2149),#2197,.T.);
#2335=ADVANCED_FACE('',(#2150),#2198,.T.);
#2336=CLOSED_SHELL('',(#2199,#2200,#2201,#2202,#2203,#2204,#2205,#2206,
#2207,#2208,#2209,#2210,#2211,#2212,#2213,#2214,#2215,#2216,#2217,#2218,
#2219,#2220,#2221,#2222,#2223,#2224,#2225,#2226,#2227,#2228,#2229,#2230,
#2231,#2232,#2233,#2234,#2235,#2236,#2237,#2238,#2239,#2240,#2241,#2242,
#2243,#2244,#2245,#2246,#2247,#2248,#2249,#2250,#2251,#2252,#2253,#2254,
#2255,#2256,#2257,#2258,#2259,#2260,#2261,#2262,#2263,#2264,#2265,#2266,
#2267,#2268,#2269,#2270,#2271,#2272,#2273,#2274,#2275,#2276,#2277,#2278,
#2279,#2280,#2281,#2282,#2283,#2284,#2285,#2286,#2287,#2288,#2289,#2290,
#2291,#2292,#2293,#2294,#2295,#2296,#2297,#2298,#2299,#2300,#2301,#2302,
#2303,#2304,#2305,#2306,#2307,#2308,#2309,#2310,#2311,#2312,#2313,#2314,
#2315,#2316,#2317,#2318,#2319,#2320,#2321,#2322,#2323,#2324,#2325,#2326,
#2327,#2328,#2329,#2330,#2331,#2332,#2333,#2334,#2335));
#2337=STYLED_ITEM('',(#2338),#2345);
#2338=PRESENTATION_STYLE_ASSIGNMENT((#2339));
#2339=SURFACE_STYLE_USAGE(.BOTH.,#2340);
#2340=SURFACE_SIDE_STYLE('',(#2341));
#2341=SURFACE_STYLE_FILL_AREA(#2342);
#2342=FILL_AREA_STYLE('',(#2343));
#2343=FILL_AREA_STYLE_COLOUR('',#2344);
#2344=COLOUR_RGB('',0.188235294117647,0.188235294117647,0.188235294117647);
#2345=MANIFOLD_SOLID_BREP('Duct-HEF-Dragon-UHF',#2336);
#2346=SHAPE_DEFINITION_REPRESENTATION(#5878,#2347);
#2347=SHAPE_REPRESENTATION('Duct-HEF-Dragon-UHF',(#2348),#5873);
#2348=AXIS2_PLACEMENT_3D('',#2982,#2536,#2537);
#2349=AXIS2_PLACEMENT_3D('',#3246,#2538,#2539);
#2350=AXIS2_PLACEMENT_3D('',#3261,#2542,#2543);
#2351=AXIS2_PLACEMENT_3D('',#3283,#2547,#2548);
#2352=AXIS2_PLACEMENT_3D('',#3300,#2552,#2553);
#2353=AXIS2_PLACEMENT_3D('',#3313,#2555,#2556);
#2354=AXIS2_PLACEMENT_3D('',#3359,#2557,#2558);
#2355=AXIS2_PLACEMENT_3D('',#3401,#2559,#2560);
#2356=AXIS2_PLACEMENT_3D('',#3460,#2561,#2562);
#2357=AXIS2_PLACEMENT_3D('',#3507,#2563,#2564);
#2358=AXIS2_PLACEMENT_3D('',#3520,#2566,#2567);
#2359=AXIS2_PLACEMENT_3D('',#3533,#2568,#2569);
#2360=AXIS2_PLACEMENT_3D('',#3550,#2570,#2571);
#2361=AXIS2_PLACEMENT_3D('',#3557,#2573,#2574);
#2362=AXIS2_PLACEMENT_3D('',#3558,#2575,#2576);
#2363=AXIS2_PLACEMENT_3D('',#3585,#2579,#2580);
#2364=AXIS2_PLACEMENT_3D('',#3586,#2581,#2582);
#2365=AXIS2_PLACEMENT_3D('',#3613,#2585,#2586);
#2366=AXIS2_PLACEMENT_3D('',#3614,#2587,#2588);
#2367=AXIS2_PLACEMENT_3D('',#3615,#2589,#2590);
#2368=AXIS2_PLACEMENT_3D('',#3618,#2591,#2592);
#2369=AXIS2_PLACEMENT_3D('',#3621,#2594,#2595);
#2370=AXIS2_PLACEMENT_3D('',#3625,#2597,#2598);
#2371=AXIS2_PLACEMENT_3D('',#3627,#2599,#2600);
#2372=AXIS2_PLACEMENT_3D('',#3796,#2605,#2606);
#2373=AXIS2_PLACEMENT_3D('',#3806,#2607,#2608);
#2374=AXIS2_PLACEMENT_3D('',#3808,#2609,#2610);
#2375=AXIS2_PLACEMENT_3D('',#3809,#2611,#2612);
#2376=AXIS2_PLACEMENT_3D('',#3819,#2613,#2614);
#2377=AXIS2_PLACEMENT_3D('',#3821,#2615,#2616);
#2378=AXIS2_PLACEMENT_3D('',#3822,#2617,#2618);
#2379=AXIS2_PLACEMENT_3D('',#3823,#2619,#2620);
#2380=AXIS2_PLACEMENT_3D('',#3835,#2621,#2622);
#2381=AXIS2_PLACEMENT_3D('',#3836,#2623,#2624);
#2382=AXIS2_PLACEMENT_3D('',#3837,#2625,#2626);
#2383=AXIS2_PLACEMENT_3D('',#3897,#2627,#2628);
#2384=AXIS2_PLACEMENT_3D('',#3905,#2629,#2630);
#2385=AXIS2_PLACEMENT_3D('',#3922,#2632,#2633);
#2386=AXIS2_PLACEMENT_3D('',#3932,#2634,#2635);
#2387=AXIS2_PLACEMENT_3D('',#3947,#2637,#2638);
#2388=AXIS2_PLACEMENT_3D('',#3979,#2639,#2640);
#2389=AXIS2_PLACEMENT_3D('',#3980,#2641,#2642);
#2390=AXIS2_PLACEMENT_3D('',#3981,#2643,#2644);
#2391=AXIS2_PLACEMENT_3D('',#3991,#2646,#2647);
#2392=AXIS2_PLACEMENT_3D('',#4067,#2648,#2649);
#2393=AXIS2_PLACEMENT_3D('',#4073,#2650,#2651);
#2394=AXIS2_PLACEMENT_3D('',#4077,#2653,#2654);
#2395=AXIS2_PLACEMENT_3D('',#4083,#2655,#2656);
#2396=AXIS2_PLACEMENT_3D('',#4084,#2657,#2658);
#2397=AXIS2_PLACEMENT_3D('',#4089,#2660,#2661);
#2398=AXIS2_PLACEMENT_3D('',#4092,#2663,#2664);
#2399=AXIS2_PLACEMENT_3D('',#4093,#2665,#2666);
#2400=AXIS2_PLACEMENT_3D('',#4098,#2668,#2669);
#2401=AXIS2_PLACEMENT_3D('',#4101,#2671,#2672);
#2402=AXIS2_PLACEMENT_3D('',#4102,#2673,#2674);
#2403=AXIS2_PLACEMENT_3D('',#4107,#2676,#2677);
#2404=AXIS2_PLACEMENT_3D('',#4110,#2679,#2680);
#2405=AXIS2_PLACEMENT_3D('',#4111,#2681,#2682);
#2406=AXIS2_PLACEMENT_3D('',#4113,#2683,#2684);
#2407=AXIS2_PLACEMENT_3D('',#4115,#2685,#2686);
#2408=AXIS2_PLACEMENT_3D('',#4116,#2687,#2688);
#2409=AXIS2_PLACEMENT_3D('',#4118,#2689,#2690);
#2410=AXIS2_PLACEMENT_3D('',#4120,#2691,#2692);
#2411=AXIS2_PLACEMENT_3D('',#4121,#2693,#2694);
#2412=AXIS2_PLACEMENT_3D('',#4123,#2695,#2696);
#2413=AXIS2_PLACEMENT_3D('',#4125,#2697,#2698);
#2414=AXIS2_PLACEMENT_3D('',#4126,#2699,#2700);
#2415=AXIS2_PLACEMENT_3D('',#4131,#2702,#2703);
#2416=AXIS2_PLACEMENT_3D('',#4134,#2705,#2706);
#2417=AXIS2_PLACEMENT_3D('',#4155,#2713,#2714);
#2418=AXIS2_PLACEMENT_3D('',#4159,#2716,#2717);
#2419=AXIS2_PLACEMENT_3D('',#4176,#2722,#2723);
#2420=AXIS2_PLACEMENT_3D('',#4194,#2729,#2730);
#2421=AXIS2_PLACEMENT_3D('',#4199,#2735,#2736);
#2422=AXIS2_PLACEMENT_3D('',#4200,#2737,#2738);
#2423=AXIS2_PLACEMENT_3D('',#4211,#2739,#2740);
#2424=AXIS2_PLACEMENT_3D('',#4212,#2741,#2742);
#2425=AXIS2_PLACEMENT_3D('',#4213,#2743,#2744);
#2426=AXIS2_PLACEMENT_3D('',#4239,#2747,#2748);
#2427=AXIS2_PLACEMENT_3D('',#4261,#2753,#2754);
#2428=AXIS2_PLACEMENT_3D('',#4268,#2755,#2756);
#2429=AXIS2_PLACEMENT_3D('',#4269,#2757,#2758);
#2430=AXIS2_PLACEMENT_3D('',#4271,#2759,#2760);
#2431=AXIS2_PLACEMENT_3D('',#4272,#2761,#2762);
#2432=AXIS2_PLACEMENT_3D('',#4281,#2764,#2765);
#2433=AXIS2_PLACEMENT_3D('',#4282,#2766,#2767);
#2434=AXIS2_PLACEMENT_3D('',#4285,#2769,#2770);
#2435=AXIS2_PLACEMENT_3D('',#4286,#2771,#2772);
#2436=AXIS2_PLACEMENT_3D('',#4289,#2773,#2774);
#2437=AXIS2_PLACEMENT_3D('',#4290,#2775,#2776);
#2438=AXIS2_PLACEMENT_3D('',#4291,#2777,#2778);
#2439=AXIS2_PLACEMENT_3D('',#4305,#2781,#2782);
#2440=AXIS2_PLACEMENT_3D('',#4306,#2783,#2784);
#2441=AXIS2_PLACEMENT_3D('',#4307,#2785,#2786);
#2442=AXIS2_PLACEMENT_3D('',#4310,#2787,#2788);
#2443=AXIS2_PLACEMENT_3D('',#4311,#2789,#2790);
#2444=AXIS2_PLACEMENT_3D('',#4312,#2791,#2792);
#2445=AXIS2_PLACEMENT_3D('',#4326,#2795,#2796);
#2446=AXIS2_PLACEMENT_3D('',#4327,#2797,#2798);
#2447=AXIS2_PLACEMENT_3D('',#4328,#2799,#2800);
#2448=AXIS2_PLACEMENT_3D('',#4339,#2803,#2804);
#2449=AXIS2_PLACEMENT_3D('',#4340,#2805,#2806);
#2450=AXIS2_PLACEMENT_3D('',#4341,#2807,#2808);
#2451=AXIS2_PLACEMENT_3D('',#4343,#2809,#2810);
#2452=AXIS2_PLACEMENT_3D('',#4344,#2811,#2812);
#2453=AXIS2_PLACEMENT_3D('',#4345,#2813,#2814);
#2454=AXIS2_PLACEMENT_3D('',#4350,#2815,#2816);
#2455=AXIS2_PLACEMENT_3D('',#4355,#2817,#2818);
#2456=AXIS2_PLACEMENT_3D('',#4356,#2819,#2820);
#2457=AXIS2_PLACEMENT_3D('',#4357,#2821,#2822);
#2458=AXIS2_PLACEMENT_3D('',#4362,#2823,#2824);
#2459=AXIS2_PLACEMENT_3D('',#4368,#2825,#2826);
#2460=AXIS2_PLACEMENT_3D('',#4369,#2827,#2828);
#2461=AXIS2_PLACEMENT_3D('',#4375,#2829,#2830);
#2462=AXIS2_PLACEMENT_3D('',#4376,#2831,#2832);
#2463=AXIS2_PLACEMENT_3D('',#4381,#2833,#2834);
#2464=AXIS2_PLACEMENT_3D('',#4382,#2835,#2836);
#2465=AXIS2_PLACEMENT_3D('',#4407,#2837,#2838);
#2466=AXIS2_PLACEMENT_3D('',#4408,#2839,#2840);
#2467=AXIS2_PLACEMENT_3D('',#4433,#2841,#2842);
#2468=AXIS2_PLACEMENT_3D('',#4434,#2843,#2844);
#2469=AXIS2_PLACEMENT_3D('',#4444,#2845,#2846);
#2470=AXIS2_PLACEMENT_3D('',#4475,#2848,#2849);
#2471=AXIS2_PLACEMENT_3D('',#4479,#2850,#2851);
#2472=AXIS2_PLACEMENT_3D('',#4751,#2852,#2853);
#2473=AXIS2_PLACEMENT_3D('',#4773,#2854,#2855);
#2474=AXIS2_PLACEMENT_3D('',#4774,#2856,#2857);
#2475=AXIS2_PLACEMENT_3D('',#4775,#2858,#2859);
#2476=AXIS2_PLACEMENT_3D('',#4797,#2860,#2861);
#2477=AXIS2_PLACEMENT_3D('',#4873,#2862,#2863);
#2478=AXIS2_PLACEMENT_3D('',#4874,#2864,#2865);
#2479=AXIS2_PLACEMENT_3D('',#4875,#2866,#2867);
#2480=AXIS2_PLACEMENT_3D('',#4876,#2868,#2869);
#2481=AXIS2_PLACEMENT_3D('',#4877,#2870,#2871);
#2482=AXIS2_PLACEMENT_3D('',#4878,#2872,#2873);
#2483=AXIS2_PLACEMENT_3D('',#4879,#2874,#2875);
#2484=AXIS2_PLACEMENT_3D('',#4880,#2876,#2877);
#2485=AXIS2_PLACEMENT_3D('',#4881,#2878,#2879);
#2486=AXIS2_PLACEMENT_3D('',#4882,#2880,#2881);
#2487=AXIS2_PLACEMENT_3D('',#4883,#2882,#2883);
#2488=AXIS2_PLACEMENT_3D('',#4884,#2884,#2885);
#2489=AXIS2_PLACEMENT_3D('',#4885,#2886,#2887);
#2490=AXIS2_PLACEMENT_3D('',#4886,#2888,#2889);
#2491=AXIS2_PLACEMENT_3D('',#4887,#2890,#2891);
#2492=AXIS2_PLACEMENT_3D('',#4888,#2892,#2893);
#2493=AXIS2_PLACEMENT_3D('',#4889,#2894,#2895);
#2494=AXIS2_PLACEMENT_3D('',#4913,#2896,#2897);
#2495=AXIS2_PLACEMENT_3D('',#4937,#2898,#2899);
#2496=AXIS2_PLACEMENT_3D('',#4961,#2900,#2901);
#2497=AXIS2_PLACEMENT_3D('',#5139,#2902,#2903);
#2498=AXIS2_PLACEMENT_3D('',#5140,#2904,#2905);
#2499=AXIS2_PLACEMENT_3D('',#5181,#2906,#2907);
#2500=AXIS2_PLACEMENT_3D('',#5182,#2908,#2909);
#2501=AXIS2_PLACEMENT_3D('',#5187,#2910,#2911);
#2502=AXIS2_PLACEMENT_3D('',#5210,#2913,#2914);
#2503=AXIS2_PLACEMENT_3D('',#5211,#2915,#2916);
#2504=AXIS2_PLACEMENT_3D('',#5216,#2917,#2918);
#2505=AXIS2_PLACEMENT_3D('',#5217,#2919,#2920);
#2506=AXIS2_PLACEMENT_3D('',#5242,#2921,#2922);
#2507=AXIS2_PLACEMENT_3D('',#5248,#2923,#2924);
#2508=AXIS2_PLACEMENT_3D('',#5287,#2926,#2927);
#2509=AXIS2_PLACEMENT_3D('',#5293,#2928,#2929);
#2510=AXIS2_PLACEMENT_3D('',#5294,#2930,#2931);
#2511=AXIS2_PLACEMENT_3D('',#5330,#2932,#2933);
#2512=AXIS2_PLACEMENT_3D('',#5347,#2934,#2935);
#2513=AXIS2_PLACEMENT_3D('',#5348,#2936,#2937);
#2514=AXIS2_PLACEMENT_3D('',#5349,#2938,#2939);
#2515=AXIS2_PLACEMENT_3D('',#5350,#2940,#2941);
#2516=AXIS2_PLACEMENT_3D('',#5351,#2942,#2943);
#2517=AXIS2_PLACEMENT_3D('',#5352,#2944,#2945);
#2518=AXIS2_PLACEMENT_3D('',#5353,#2946,#2947);
#2519=AXIS2_PLACEMENT_3D('',#5484,#2948,#2949);
#2520=AXIS2_PLACEMENT_3D('',#5530,#2950,#2951);
#2521=AXIS2_PLACEMENT_3D('',#5561,#2952,#2953);
#2522=AXIS2_PLACEMENT_3D('',#5571,#2954,#2955);
#2523=AXIS2_PLACEMENT_3D('',#5657,#2956,#2957);
#2524=AXIS2_PLACEMENT_3D('',#5711,#2958,#2959);
#2525=AXIS2_PLACEMENT_3D('',#5730,#2960,#2961);
#2526=AXIS2_PLACEMENT_3D('',#5731,#2962,#2963);
#2527=AXIS2_PLACEMENT_3D('',#5732,#2964,#2965);
#2528=AXIS2_PLACEMENT_3D('',#5769,#2966,#2967);
#2529=AXIS2_PLACEMENT_3D('',#5770,#2968,#2969);
#2530=AXIS2_PLACEMENT_3D('',#5771,#2970,#2971);
#2531=AXIS2_PLACEMENT_3D('',#5772,#2972,#2973);
#2532=AXIS2_PLACEMENT_3D('',#5785,#2974,#2975);
#2533=AXIS2_PLACEMENT_3D('',#5827,#2976,#2977);
#2534=AXIS2_PLACEMENT_3D('',#5846,#2978,#2979);
#2535=AXIS2_PLACEMENT_3D('',#5847,#2980,#2981);
#2536=DIRECTION('',(0.,0.,1.));
#2537=DIRECTION('',(1.,0.,0.));
#2538=DIRECTION('',(-2.09981104480257E-12,-1.11809602271529E-16,-1.));
#2539=DIRECTION('',(0.573576436351045,-0.819152044288992,-1.20431054702416E-12));
#2540=DIRECTION('',(2.05070561253676E-16,1.,-2.23619204543663E-16));
#2541=DIRECTION('',(0.422618261740699,0.90630778703665,-8.87519827651592E-13));
#2542=DIRECTION('',(-2.09981104480257E-12,-1.11809602271529E-16,-1.));
#2543=DIRECTION('',(-1.,0.,2.09981104480257E-12));
#2544=DIRECTION('',(0.996194698091746,0.0871557427476575,-2.09183037467575E-12));
#2545=DIRECTION('',(2.05070561253676E-16,1.,-2.23619204543663E-16));
#2546=DIRECTION('',(-0.996194698091746,-0.0871557427476575,2.09183037467575E-12));
#2547=DIRECTION('',(-2.09981104480257E-12,-1.11809602271529E-16,-1.));
#2548=DIRECTION('',(-1.,0.,2.09981104480257E-12));
#2549=DIRECTION('',(-0.573576436351045,0.819152044288992,1.20431054702416E-12));
#2550=DIRECTION('',(-1.,-2.8275561811349E-12,2.09981104480257E-12));
#2551=DIRECTION('',(0.573576436351045,-0.819152044288992,-1.20431054702416E-12));
#2552=DIRECTION('',(-2.09981104480257E-12,-1.11809602271529E-16,-1.));
#2553=DIRECTION('',(-1.,0.,2.09981104480257E-12));
#2554=DIRECTION('',(-0.422618261740699,-0.90630778703665,8.87519827651592E-13));
#2555=DIRECTION('',(-4.19962208960515E-12,-2.23619204542802E-16,-1.));
#2556=DIRECTION('',(1.,-1.22464681446415E-16,-4.19962208960515E-12));
#2557=DIRECTION('',(4.19962208960515E-12,2.23619204542802E-16,1.));
#2558=DIRECTION('',(1.,-1.22464681446415E-16,-4.19962208960515E-12));
#2559=DIRECTION('',(4.19962208960515E-12,2.23619204542802E-16,1.));
#2560=DIRECTION('',(1.,-1.22464681446415E-16,-4.19962208960515E-12));
#2561=DIRECTION('',(4.19962208960515E-12,2.23619204542802E-16,1.));
#2562=DIRECTION('',(1.,-1.22464681446415E-16,-4.19962208960515E-12));
#2563=DIRECTION('',(-0.996194698091746,-0.0871557427476575,2.09194218427802E-12));
#2564=DIRECTION('',(0.0871557427476575,-0.996194698091746,0.));
#2565=DIRECTION('',(-0.996194698091746,-0.0871557427476575,2.09194218427802E-12));
#2566=DIRECTION('',(0.996194698091685,0.0871557427483455,-2.09102801860216E-12));
#2567=DIRECTION('',(-0.0871557427483455,0.996194698091685,0.));
#2568=DIRECTION('',(-0.422618261740672,-0.906307787036663,8.87082242221848E-13));
#2569=DIRECTION('',(0.906307787036663,-0.422618261740672,0.));
#2570=DIRECTION('',(0.422618261740699,0.90630778703665,-8.8740801804932E-13));
#2571=DIRECTION('',(-0.90630778703665,0.422618261740699,0.));
#2572=DIRECTION('',(0.422618261740699,0.90630778703665,-8.8740801804932E-13));
#2573=DIRECTION('',(-0.422618261740602,-0.906307787036695,8.87082242221701E-13));
#2574=DIRECTION('',(0.906307787036695,-0.422618261740602,0.));
#2575=DIRECTION('',(4.52888199148817E-16,1.,-1.9019327099445E-27));
#2576=DIRECTION('',(-1.,4.52888199148817E-16,0.));
#2577=DIRECTION('',(4.19962208960515E-12,-2.65753223643419E-32,1.));
#2578=DIRECTION('',(-1.,4.52888199148817E-16,4.19962208960515E-12));
#2579=DIRECTION('',(4.52888199148817E-16,1.,-1.9019327099445E-27));
#2580=DIRECTION('',(-1.,4.52888199148817E-16,0.));
#2581=DIRECTION('',(4.52888199148817E-16,1.,-1.9019327099445E-27));
#2582=DIRECTION('',(-1.,4.52888199148817E-16,0.));
#2583=DIRECTION('',(-1.,4.52888199148817E-16,4.19962208960515E-12));
#2584=DIRECTION('',(4.19962208960515E-12,-2.65753223643419E-32,1.));
#2585=DIRECTION('',(4.52888199148817E-16,1.,-1.9019327099445E-27));
#2586=DIRECTION('',(-1.,4.52888199148817E-16,0.));
#2587=DIRECTION('',(4.19962208960515E-12,2.23619204542802E-16,1.));
#2588=DIRECTION('',(1.,-1.22464681446415E-16,-4.19962208960515E-12));
#2589=DIRECTION('',(4.19962208960515E-12,2.23619204542802E-16,1.));
#2590=DIRECTION('',(1.,0.,-4.19962208960515E-12));
#2591=DIRECTION('',(3.37151900598558E-12,-0.596141827858148,0.802879144752152));
#2592=DIRECTION('',(2.50393400330067E-12,0.802879144752152,0.596141827858148));
#2593=DIRECTION('',(4.19962208960515E-12,2.23619204542802E-16,1.));
#2594=DIRECTION('',(4.19962208960515E-12,2.23619204542802E-16,1.));
#2595=DIRECTION('',(1.,-1.22464681446415E-16,-4.19962208960515E-12));
#2596=DIRECTION('',(4.19962208960515E-12,2.23619204542802E-16,1.));
#2597=DIRECTION('',(3.37151900598558E-12,-0.596141827858148,0.802879144752152));
#2598=DIRECTION('',(2.50393400330067E-12,0.802879144752152,0.596141827858148));
#2599=DIRECTION('',(4.19962208960515E-12,2.23619204542802E-16,1.));
#2600=DIRECTION('',(1.,0.,-4.19962208960515E-12));
#2601=DIRECTION('',(0.573576436351045,-0.819152044288992,-1.20419873742188E-12));
#2602=DIRECTION('',(0.573576436351045,-0.819152044288992,-1.20419873742188E-12));
#2603=DIRECTION('',(0.573576436351045,-0.819152044288992,-1.20419873742188E-12));
#2604=DIRECTION('',(0.573576436351045,-0.819152044288992,-1.20419873742188E-12));
#2605=DIRECTION('',(4.19962208960515E-12,2.23619204542802E-16,1.));
#2606=DIRECTION('',(1.,0.,-4.19962208960515E-12));
#2607=DIRECTION('',(-0.102040816322895,-0.994780212812939,4.28370490991254E-13));
#2608=DIRECTION('',(0.99478021281294,-0.102040816322895,0.));
#2609=DIRECTION('',(4.19962208960515E-12,2.23619204542802E-16,1.));
#2610=DIRECTION('',(1.,0.,-4.19962208960515E-12));
#2611=DIRECTION('',(4.19962208960515E-12,2.23619204542802E-16,1.));
#2612=DIRECTION('',(1.,0.,-4.19962208960515E-12));
#2613=DIRECTION('',(4.19962208960515E-12,2.23619204542802E-16,1.));
#2614=DIRECTION('',(1.,0.,-4.19962208960515E-12));
#2615=DIRECTION('',(0.102040816322892,-0.99478021281294,-4.28370490991245E-13));
#2616=DIRECTION('',(0.99478021281294,0.102040816322892,0.));
#2617=DIRECTION('',(0.573576436351045,-0.819152044288992,-1.20419873742188E-12));
#2618=DIRECTION('',(0.819152044288992,0.573576436351045,0.));
#2619=DIRECTION('',(0.573576436351045,-0.819152044288992,-1.20419873742188E-12));
#2620=DIRECTION('',(0.819152044288992,0.573576436351045,0.));
#2621=DIRECTION('',(0.573576436351045,-0.819152044288992,-1.20419873742188E-12));
#2622=DIRECTION('',(0.819152044288992,0.573576436351045,0.));
#2623=DIRECTION('',(0.573576436351045,-0.819152044288992,-1.20419873742188E-12));
#2624=DIRECTION('',(0.819152044288992,0.573576436351045,0.));
#2625=DIRECTION('',(0.573576436351299,-0.819152044288815,-8.07450750336085E-13));
#2626=DIRECTION('',(0.819152044288815,0.573576436351299,0.));
#2627=DIRECTION('',(-1.06541408902998E-13,-1.,5.71723191225058E-13));
#2628=DIRECTION('',(2.09981104480257E-12,5.71723191224835E-13,1.));
#2629=DIRECTION('',(4.52888199148817E-16,1.,-1.9019327099445E-27));
#2630=DIRECTION('',(-1.,4.52888199148817E-16,0.));
#2631=DIRECTION('',(-1.06541408902998E-13,-1.,5.71723191225058E-13));
#2632=DIRECTION('',(-1.06541408902998E-13,-1.,5.71723191225058E-13));
#2633=DIRECTION('',(2.09981104480257E-12,5.71723191224835E-13,1.));
#2634=DIRECTION('',(4.52888199148817E-16,1.,-1.9019327099445E-27));
#2635=DIRECTION('',(-1.,4.52888199148817E-16,0.));
#2636=DIRECTION('',(-1.06541408902998E-13,-1.,5.71723191225058E-13));
#2637=DIRECTION('',(-1.06541408902998E-13,-1.,5.71723191225058E-13));
#2638=DIRECTION('',(2.09981104480257E-12,5.71723191224835E-13,1.));
#2639=DIRECTION('',(-2.05070561253676E-16,-1.,2.23619204543663E-16));
#2640=DIRECTION('',(2.09981104480257E-12,2.23619204543261E-16,1.));
#2641=DIRECTION('',(-4.19962208960515E-12,-2.23619204542802E-16,-1.));
#2642=DIRECTION('',(-1.,1.22464681446415E-16,4.19962208960515E-12));
#2643=DIRECTION('',(4.19962208960515E-12,2.23619204542802E-16,1.));
#2644=DIRECTION('',(1.,0.,-4.19962208960515E-12));
#2645=DIRECTION('',(-4.19962208960515E-12,-2.23619204542802E-16,-1.));
#2646=DIRECTION('',(4.19962208960515E-12,2.23619204542802E-16,1.));
#2647=DIRECTION('',(1.,-1.22464681446415E-16,-4.19962208960515E-12));
#2648=DIRECTION('',(4.19962208960515E-12,2.23619204542802E-16,1.));
#2649=DIRECTION('',(1.,-1.22464679915205E-16,-4.19962208960515E-12));
#2650=DIRECTION('',(4.19962208960515E-12,2.23619204542802E-16,1.));
#2651=DIRECTION('',(1.,-1.22464681446415E-16,-4.19962208960515E-12));
#2652=DIRECTION('',(4.52888199147877E-16,1.,-2.23619204544704E-16));
#2653=DIRECTION('',(4.19962208960515E-12,2.23619204542802E-16,1.));
#2654=DIRECTION('',(1.,-1.22464681446415E-16,-4.19962208960515E-12));
#2655=DIRECTION('',(-4.19962208960515E-12,-2.23619204542802E-16,-1.));
#2656=DIRECTION('',(-1.,1.22464681446415E-16,4.19962208960515E-12));
#2657=DIRECTION('',(4.19962208960515E-12,2.23619204542802E-16,1.));
#2658=DIRECTION('',(1.,0.,-4.19962208960515E-12));
#2659=DIRECTION('',(-4.19962208960515E-12,-2.23619204542802E-16,-1.));
#2660=DIRECTION('',(4.19962208960515E-12,2.23619204542802E-16,1.));
#2661=DIRECTION('',(1.,-1.22464681446415E-16,-4.19962208960515E-12));
#2662=DIRECTION('',(-4.19962208960515E-12,-2.23619204542802E-16,-1.));
#2663=DIRECTION('',(-4.19962208960515E-12,-2.23619204542802E-16,-1.));
#2664=DIRECTION('',(-1.,1.22464681446415E-16,4.19962208960515E-12));
#2665=DIRECTION('',(4.19962208960515E-12,2.23619204542802E-16,1.));
#2666=DIRECTION('',(1.,0.,-4.19962208960515E-12));
#2667=DIRECTION('',(-4.19962208960515E-12,-2.23619204542802E-16,-1.));
#2668=DIRECTION('',(4.19962208960515E-12,2.23619204542802E-16,1.));
#2669=DIRECTION('',(1.,-1.22464681446415E-16,-4.19962208960515E-12));
#2670=DIRECTION('',(-4.19962208960515E-12,-2.23619204542802E-16,-1.));
#2671=DIRECTION('',(-4.19962208960515E-12,-2.23619204542802E-16,-1.));
#2672=DIRECTION('',(-1.,1.22464681446415E-16,4.19962208960515E-12));
#2673=DIRECTION('',(4.19962208960515E-12,2.23619204542802E-16,1.));
#2674=DIRECTION('',(1.,0.,-4.19962208960515E-12));
#2675=DIRECTION('',(-4.19962208960515E-12,-2.23619204542802E-16,-1.));
#2676=DIRECTION('',(4.19962208960515E-12,2.23619204542802E-16,1.));
#2677=DIRECTION('',(1.,-1.22464681446415E-16,-4.19962208960515E-12));
#2678=DIRECTION('',(-4.19962208960515E-12,-2.23619204542802E-16,-1.));
#2679=DIRECTION('',(-4.19962208960515E-12,-2.23619204542802E-16,-1.));
#2680=DIRECTION('',(-1.,1.22464681446415E-16,4.19962208960515E-12));
#2681=DIRECTION('',(4.19962208960515E-12,2.23619204542802E-16,1.));
#2682=DIRECTION('',(1.,-1.22464681446415E-16,-4.19962208960515E-12));
#2683=DIRECTION('',(4.19962208960515E-12,2.23619204542802E-16,1.));
#2684=DIRECTION('',(1.,0.,-4.19962208960515E-12));
#2685=DIRECTION('',(-4.19962208960515E-12,-2.23619204542802E-16,-1.));
#2686=DIRECTION('',(-1.,1.22464681446415E-16,4.19962208960515E-12));
#2687=DIRECTION('',(4.19962208960515E-12,2.23619204542802E-16,1.));
#2688=DIRECTION('',(1.,-1.22464681446415E-16,-4.19962208960515E-12));
#2689=DIRECTION('',(4.19962208960515E-12,2.23619204542802E-16,1.));
#2690=DIRECTION('',(1.,0.,-4.19962208960515E-12));
#2691=DIRECTION('',(-4.19962208960515E-12,-2.23619204542802E-16,-1.));
#2692=DIRECTION('',(-1.,1.22464681446415E-16,4.19962208960515E-12));
#2693=DIRECTION('',(4.19962208960515E-12,2.23619204542802E-16,1.));
#2694=DIRECTION('',(1.,-1.22464681446415E-16,-4.19962208960515E-12));
#2695=DIRECTION('',(4.19962208960515E-12,2.23619204542802E-16,1.));
#2696=DIRECTION('',(1.,0.,-4.19962208960515E-12));
#2697=DIRECTION('',(-4.19962208960515E-12,-2.23619204542802E-16,-1.));
#2698=DIRECTION('',(-1.,1.22464681446415E-16,4.19962208960515E-12));
#2699=DIRECTION('',(4.19962208960515E-12,2.23619204542802E-16,1.));
#2700=DIRECTION('',(1.,0.,-4.19962208960515E-12));
#2701=DIRECTION('',(-4.19962208960515E-12,-2.23619204542802E-16,-1.));
#2702=DIRECTION('',(4.19962208960515E-12,2.23619204542802E-16,1.));
#2703=DIRECTION('',(1.,-1.22464681446415E-16,-4.19962208960515E-12));
#2704=DIRECTION('',(-4.19962208960515E-12,-2.23619204542802E-16,-1.));
#2705=DIRECTION('',(-1.,4.52888199148817E-16,4.19962208960515E-12));
#2706=DIRECTION('',(4.19962208960515E-12,7.294370043366E-13,1.));
#2707=DIRECTION('',(4.19962208960515E-12,2.23619204542802E-16,1.));
#2708=DIRECTION('',(4.52888199147878E-16,1.,-2.23619204544704E-16));
#2709=DIRECTION('',(4.19962208960515E-12,2.23619204542802E-16,1.));
#2710=DIRECTION('',(4.52888199147878E-16,1.,-2.23619204544704E-16));
#2711=DIRECTION('',(4.52888199147878E-16,1.,-2.23619204544704E-16));
#2712=DIRECTION('',(4.52888199147878E-16,1.,-2.23619204544704E-16));
#2713=DIRECTION('',(-2.05070561253676E-16,-1.,2.23619204543663E-16));
#2714=DIRECTION('',(2.09981104480257E-12,2.23619204543261E-16,1.));
#2715=DIRECTION('',(4.19962208960515E-12,2.23619204542802E-16,1.));
#2716=DIRECTION('',(-2.05070561253676E-16,-1.,2.23619204543663E-16));
#2717=DIRECTION('',(2.09981104480257E-12,2.23619204543261E-16,1.));
#2718=DIRECTION('',(4.19962208960515E-12,2.23619204542802E-16,1.));
#2719=DIRECTION('',(-1.,2.05070561254616E-16,4.19962208960515E-12));
#2720=DIRECTION('',(-1.,2.05070561254616E-16,4.19962208960515E-12));
#2721=DIRECTION('',(-1.,2.05070561254616E-16,4.19962208960515E-12));
#2722=DIRECTION('',(-1.,4.52888199148817E-16,4.19962208960515E-12));
#2723=DIRECTION('',(4.19962208960515E-12,7.294370043366E-13,1.));
#2724=DIRECTION('',(-4.19962208960515E-12,-2.23619204542802E-16,-1.));
#2725=DIRECTION('',(-4.19962208960515E-12,-2.23619204542802E-16,-1.));
#2726=DIRECTION('',(4.52888199147877E-16,1.,-2.23619204544704E-16));
#2727=DIRECTION('',(4.52888199147877E-16,1.,-2.23619204544704E-16));
#2728=DIRECTION('',(4.52888199147877E-16,1.,-2.23619204544704E-16));
#2729=DIRECTION('',(-1.22464681445498E-16,-1.,2.23619204543316E-16));
#2730=DIRECTION('',(2.09981104480257E-12,2.23619204543059E-16,1.));
#2731=DIRECTION('',(-1.,4.52888199148817E-16,4.19962208960515E-12));
#2732=DIRECTION('',(-1.,1.22464681446437E-16,4.19962208960515E-12));
#2733=DIRECTION('',(-1.,1.22464681446437E-16,4.19962208960515E-12));
#2734=DIRECTION('',(-1.,1.22464681446437E-16,4.19962208960515E-12));
#2735=DIRECTION('',(4.19962208960515E-12,2.23619204542802E-16,1.));
#2736=DIRECTION('',(1.,-1.22464679915205E-16,-4.19962208960515E-12));
#2737=DIRECTION('',(4.19962208960515E-12,2.23619204542802E-16,1.));
#2738=DIRECTION('',(1.,-1.22464681446415E-16,-4.19962208960515E-12));
#2739=DIRECTION('',(4.19962208960515E-12,2.23619204542802E-16,1.));
#2740=DIRECTION('',(1.,-1.22464681446415E-16,-4.19962208960515E-12));
#2741=DIRECTION('',(4.19962208960515E-12,2.23619204542802E-16,1.));
#2742=DIRECTION('',(1.,-1.22464679915205E-16,-4.19962208960515E-12));
#2743=DIRECTION('',(-2.09981104480257E-12,-1.11809602271529E-16,-1.));
#2744=DIRECTION('',(0.573576436351045,-0.819152044288992,-1.20431054702416E-12));
#2745=DIRECTION('',(0.422618261740699,0.90630778703665,-8.8740801804932E-13));
#2746=DIRECTION('',(-0.996194698091746,-0.0871557427476575,2.09194218427802E-12));
#2747=DIRECTION('',(-2.09981104480257E-12,-1.11809602271529E-16,-1.));
#2748=DIRECTION('',(0.573576436351045,-0.819152044288992,-1.20431054702416E-12));
#2749=DIRECTION('',(-0.996194698091746,-0.0871557427476575,2.09194218427802E-12));
#2750=DIRECTION('',(0.573576436351045,-0.819152044288992,-1.20419873742188E-12));
#2751=DIRECTION('',(0.819152044288992,0.573576436351045,-3.81914404725579E-12));
#2752=DIRECTION('',(0.422618261740699,0.90630778703665,-8.8740801804932E-13));
#2753=DIRECTION('',(-2.09981104480257E-12,-1.11809602271529E-16,-1.));
#2754=DIRECTION('',(0.573576436351045,-0.819152044288992,-1.20431054702416E-12));
#2755=DIRECTION('',(4.19962208960515E-12,2.23619204542802E-16,1.));
#2756=DIRECTION('',(1.,-1.22464679915205E-16,-4.19962208960515E-12));
#2757=DIRECTION('',(4.19962208960515E-12,2.23619204542802E-16,1.));
#2758=DIRECTION('',(1.,0.,-4.19962208960515E-12));
#2759=DIRECTION('',(4.19962208960515E-12,2.23619204542802E-16,1.));
#2760=DIRECTION('',(1.,0.,-4.19962208960515E-12));
#2761=DIRECTION('',(4.19962208960515E-12,2.23619204542802E-16,1.));
#2762=DIRECTION('',(1.,-1.22464681446415E-16,-4.19962208960515E-12));
#2763=DIRECTION('',(4.19962208960515E-12,2.23619204542802E-16,1.));
#2764=DIRECTION('',(3.37151900598558E-12,-0.596141827858148,0.802879144752152));
#2765=DIRECTION('',(2.50393400330067E-12,0.802879144752152,0.596141827858148));
#2766=DIRECTION('',(4.19962208960515E-12,2.23619204542802E-16,1.));
#2767=DIRECTION('',(1.,0.,-4.19962208960515E-12));
#2768=DIRECTION('',(4.19962208960515E-12,2.23619204542802E-16,1.));
#2769=DIRECTION('',(4.19962208960515E-12,2.23619204542802E-16,1.));
#2770=DIRECTION('',(1.,-1.22464679915205E-16,-4.19962208960515E-12));
#2771=DIRECTION('',(4.19962208960515E-12,2.23619204542802E-16,1.));
#2772=DIRECTION('',(1.,0.,-4.19962208960515E-12));
#2773=DIRECTION('',(4.19962208960515E-12,2.23619204542802E-16,1.));
#2774=DIRECTION('',(1.,0.,-4.19962208960515E-12));
#2775=DIRECTION('',(4.19962208960515E-12,2.23619204542802E-16,1.));
#2776=DIRECTION('',(1.,0.,-4.19962208960515E-12));
#2777=DIRECTION('',(4.19962208960515E-12,2.23619204542802E-16,1.));
#2778=DIRECTION('',(1.,-1.22464681446415E-16,-4.19962208960515E-12));
#2779=DIRECTION('',(4.19962208960515E-12,2.23619204542802E-16,1.));
#2780=DIRECTION('',(4.19962208960515E-12,2.23619204542802E-16,1.));
#2781=DIRECTION('',(4.19962208960515E-12,2.23619204542802E-16,1.));
#2782=DIRECTION('',(1.,0.,-4.19962208960515E-12));
#2783=DIRECTION('',(4.19962208960515E-12,2.23619204542802E-16,1.));
#2784=DIRECTION('',(1.,-1.22464679915205E-16,-4.19962208960515E-12));
#2785=DIRECTION('',(4.19962208960515E-12,2.23619204542802E-16,1.));
#2786=DIRECTION('',(1.,0.,-4.19962208960515E-12));
#2787=DIRECTION('',(4.19962208960515E-12,2.23619204542802E-16,1.));
#2788=DIRECTION('',(1.,0.,-4.19962208960515E-12));
#2789=DIRECTION('',(4.19962208960515E-12,2.23619204542802E-16,1.));
#2790=DIRECTION('',(1.,0.,-4.19962208960515E-12));
#2791=DIRECTION('',(4.19962208960515E-12,2.23619204542802E-16,1.));
#2792=DIRECTION('',(1.,-1.22464681446415E-16,-4.19962208960515E-12));
#2793=DIRECTION('',(4.19962208960515E-12,2.23619204542802E-16,1.));
#2794=DIRECTION('',(4.19962208960515E-12,2.23619204542802E-16,1.));
#2795=DIRECTION('',(4.19962208960515E-12,2.23619204542802E-16,1.));
#2796=DIRECTION('',(1.,0.,-4.19962208960515E-12));
#2797=DIRECTION('',(4.19962208960515E-12,2.23619204542802E-16,1.));
#2798=DIRECTION('',(1.,-1.22464681446415E-16,-4.19962208960515E-12));
#2799=DIRECTION('',(3.37151900598558E-12,-0.596141827858148,0.802879144752152));
#2800=DIRECTION('',(2.50393400330067E-12,0.802879144752152,0.596141827858148));
#2801=DIRECTION('',(4.19962208960515E-12,2.23619204542802E-16,1.));
#2802=DIRECTION('',(4.19962208960515E-12,2.23619204542802E-16,1.));
#2803=DIRECTION('',(4.19962208960515E-12,2.23619204542802E-16,1.));
#2804=DIRECTION('',(1.,0.,-4.19962208960515E-12));
#2805=DIRECTION('',(4.19962208960515E-12,2.23619204542802E-16,1.));
#2806=DIRECTION('',(1.,-1.22464679915205E-16,-4.19962208960515E-12));
#2807=DIRECTION('',(4.19962208960515E-12,2.23619204542802E-16,1.));
#2808=DIRECTION('',(1.,0.,-4.19962208960515E-12));
#2809=DIRECTION('',(4.19962208960515E-12,2.23619204542802E-16,1.));
#2810=DIRECTION('',(1.,0.,-4.19962208960515E-12));
#2811=DIRECTION('',(4.19962208960515E-12,2.23619204542802E-16,1.));
#2812=DIRECTION('',(1.,-1.22464681446415E-16,-4.19962208960515E-12));
#2813=DIRECTION('',(4.19962208960515E-12,2.23619204542802E-16,1.));
#2814=DIRECTION('',(1.,0.,-4.19962208960515E-12));
#2815=DIRECTION('',(4.19962208960515E-12,2.23619204542802E-16,1.));
#2816=DIRECTION('',(1.,-1.22464681446415E-16,-4.19962208960515E-12));
#2817=DIRECTION('',(4.19962208960515E-12,2.23619204542802E-16,1.));
#2818=DIRECTION('',(1.,0.,-4.19962208960515E-12));
#2819=DIRECTION('',(4.19962208960515E-12,2.23619204542802E-16,1.));
#2820=DIRECTION('',(1.,-1.22464681446415E-16,-4.19962208960515E-12));
#2821=DIRECTION('',(4.19962208960515E-12,2.23619204542802E-16,1.));
#2822=DIRECTION('',(1.,0.,-4.19962208960515E-12));
#2823=DIRECTION('',(4.19962208960515E-12,2.23619204542802E-16,1.));
#2824=DIRECTION('',(1.,-1.22464681446415E-16,-4.19962208960515E-12));
#2825=DIRECTION('',(4.19962208960515E-12,2.23619204542802E-16,1.));
#2826=DIRECTION('',(1.,0.,-4.19962208960515E-12));
#2827=DIRECTION('',(4.19962208960515E-12,2.23619204542802E-16,1.));
#2828=DIRECTION('',(1.,-1.22464681446415E-16,-4.19962208960515E-12));
#2829=DIRECTION('',(4.19962208960515E-12,2.23619204542802E-16,1.));
#2830=DIRECTION('',(1.,0.,-4.19962208960515E-12));
#2831=DIRECTION('',(4.19962208960515E-12,2.23619204542802E-16,1.));
#2832=DIRECTION('',(1.,-1.22464681446415E-16,-4.19962208960515E-12));
#2833=DIRECTION('',(4.19962208960515E-12,2.23619204542802E-16,1.));
#2834=DIRECTION('',(1.,0.,-4.19962208960515E-12));
#2835=DIRECTION('',(-2.09981104480257E-12,-1.11809602271529E-16,-1.));
#2836=DIRECTION('',(0.573576436351045,-0.819152044288992,-1.20431054702416E-12));
#2837=DIRECTION('',(-2.09981104480257E-12,-1.11809602271529E-16,-1.));
#2838=DIRECTION('',(-1.,0.,2.09981104480257E-12));
#2839=DIRECTION('',(-2.09981104480257E-12,-1.11809602271529E-16,-1.));
#2840=DIRECTION('',(0.573576436351045,-0.819152044288992,-1.20431054702416E-12));
#2841=DIRECTION('',(-2.09981104480257E-12,-1.11809602271529E-16,-1.));
#2842=DIRECTION('',(-1.,0.,2.09981104480257E-12));
#2843=DIRECTION('',(-2.09981104480257E-12,-1.11809602271529E-16,-1.));
#2844=DIRECTION('',(0.573576436351045,-0.819152044288992,-1.20431054702416E-12));
#2845=DIRECTION('',(-2.09981104480257E-12,-1.11809602271529E-16,-1.));
#2846=DIRECTION('',(-1.,0.,2.09981104480257E-12));
#2847=DIRECTION('',(0.422618261740699,0.90630778703665,-8.8740801804932E-13));
#2848=DIRECTION('',(0.573576436351029,-0.819152044289004,-1.1996501575492E-12));
#2849=DIRECTION('',(0.819152044289004,0.573576436351029,0.));
#2850=DIRECTION('',(0.573576436351045,-0.819152044288992,-1.20419873742188E-12));
#2851=DIRECTION('',(-0.819152044288992,-0.573576436351045,1.72012864132385E-12));
#2852=DIRECTION('',(0.101859041838016,0.993008121263217,0.0596624396177096));
#2853=DIRECTION('',(-0.994780212812177,0.10204081633033,2.01441813063001E-12));
#2854=DIRECTION('',(-0.914940507100251,6.90240488151708E-15,-0.403588736794196));
#2855=DIRECTION('',(-0.403588736794196,6.67440888010268E-13,0.914940507100251));
#2856=DIRECTION('',(-2.05070561253676E-16,-1.,2.23619204543663E-16));
#2857=DIRECTION('',(2.09981104480257E-12,2.23619204543261E-16,1.));
#2858=DIRECTION('',(-0.91517045893155,-1.54179195284736E-15,0.403067030528442));
#2859=DIRECTION('',(0.403067030528442,6.67509836546121E-13,0.91517045893155));
#2860=DIRECTION('',(0.101859543895159,-0.993013015745907,-0.0595800627449242));
#2861=DIRECTION('',(0.994780212812202,0.102040816330082,-2.16328282539799E-12));
#2862=DIRECTION('',(4.19962208960515E-12,2.23619204542802E-16,1.));
#2863=DIRECTION('',(1.,0.,-4.19962208960515E-12));
#2864=DIRECTION('',(0.102040816330207,0.994780212812189,-4.28370491021953E-13));
#2865=DIRECTION('',(-0.99478021281219,0.102040816330207,0.));
#2866=DIRECTION('',(4.19962208960515E-12,2.23619204542802E-16,1.));
#2867=DIRECTION('',(1.,0.,-4.19962208960515E-12));
#2868=DIRECTION('',(0.994780212810281,0.102040816348815,-4.18762244166739E-12));
#2869=DIRECTION('',(-0.102040816348815,0.994780212810281,0.));
#2870=DIRECTION('',(4.19962208960515E-12,2.23619204542802E-16,1.));
#2871=DIRECTION('',(1.,0.,-4.19962208960515E-12));
#2872=DIRECTION('',(4.19962208960515E-12,2.23619204542802E-16,1.));
#2873=DIRECTION('',(1.,0.,-4.19962208960515E-12));
#2874=DIRECTION('',(-0.994640582745924,0.103392993741596,4.17553181309762E-12));
#2875=DIRECTION('',(-0.103392993741596,-0.994640582745924,0.));
#2876=DIRECTION('',(4.19962208960515E-12,2.23619204542802E-16,1.));
#2877=DIRECTION('',(1.,0.,-4.19962208960515E-12));
#2878=DIRECTION('',(-0.102040816330207,0.994780212812189,4.28960533020605E-13));
#2879=DIRECTION('',(-0.99478021281219,-0.102040816330207,0.));
#2880=DIRECTION('',(4.19962208960515E-12,2.23619204542802E-16,1.));
#2881=DIRECTION('',(1.,0.,-4.19962208960515E-12));
#2882=DIRECTION('',(4.19962208960515E-12,2.23619204542802E-16,1.));
#2883=DIRECTION('',(1.,0.,-4.19962208960515E-12));
#2884=DIRECTION('',(-0.994640582745923,-0.103392993741601,4.18135796693342E-12));
#2885=DIRECTION('',(0.103392993741601,-0.994640582745923,0.));
#2886=DIRECTION('',(4.19962208960515E-12,2.23619204542802E-16,1.));
#2887=DIRECTION('',(1.,0.,-4.19962208960515E-12));
#2888=DIRECTION('',(4.19962208960515E-12,2.23619204542802E-16,1.));
#2889=DIRECTION('',(1.,0.,-4.19962208960515E-12));
#2890=DIRECTION('',(0.994780212810281,-0.102040816348815,-4.18762244166739E-12));
#2891=DIRECTION('',(0.102040816348815,0.994780212810281,0.));
#2892=DIRECTION('',(4.19962208960515E-12,2.23619204542802E-16,1.));
#2893=DIRECTION('',(1.,0.,-4.19962208960515E-12));
#2894=DIRECTION('',(4.19962208960515E-12,2.23619204542802E-16,1.));
#2895=DIRECTION('',(1.,0.,-4.19962208960515E-12));
#2896=DIRECTION('',(4.19962208960515E-12,2.23619204542802E-16,1.));
#2897=DIRECTION('',(1.,0.,-4.19962208960515E-12));
#2898=DIRECTION('',(4.19962208960515E-12,2.23619204542802E-16,1.));
#2899=DIRECTION('',(1.,0.,-4.19962208960515E-12));
#2900=DIRECTION('',(4.19962208960515E-12,2.23619204542802E-16,1.));
#2901=DIRECTION('',(1.,0.,-4.19962208960515E-12));
#2902=DIRECTION('',(-0.431697216411108,-0.902018577049775,9.0613910794485E-13));
#2903=DIRECTION('',(0.902018577049775,-0.431697216411108,0.));
#2904=DIRECTION('',(-2.09981104480257E-12,-1.11809602271529E-16,-1.));
#2905=DIRECTION('',(-1.,0.,2.09981104480257E-12));
#2906=DIRECTION('',(-0.565322394205058,0.824870044679925,1.18662041475475E-12));
#2907=DIRECTION('',(-0.824870044679925,-0.565322394205058,0.));
#2908=DIRECTION('',(-2.09981104480257E-12,-1.11809602271529E-16,-1.));
#2909=DIRECTION('',(-1.,0.,2.09981104480257E-12));
#2910=DIRECTION('',(-0.996194698091746,-0.0871557427476575,2.09194218427802E-12));
#2911=DIRECTION('',(0.0871557427476575,-0.996194698091746,0.));
#2912=DIRECTION('',(-0.996194698091746,-0.0871557427476575,2.09194218427802E-12));
#2913=DIRECTION('',(-0.42261826173965,-0.906307787037139,5.61561345500604E-12));
#2914=DIRECTION('',(0.90630778703714,-0.42261826173965,0.));
#2915=DIRECTION('',(0.422618261740699,0.90630778703665,-8.8740801804932E-13));
#2916=DIRECTION('',(-0.90630778703665,0.422618261740699,0.));
#2917=DIRECTION('',(-2.09981104480257E-12,-1.11809602271529E-16,-1.));
#2918=DIRECTION('',(-1.,0.,2.09981104480257E-12));
#2919=DIRECTION('',(-0.997019610617838,-0.0771485323480247,9.92275775195245E-12));
#2920=DIRECTION('',(0.0771485323480247,-0.997019610617838,0.));
#2921=DIRECTION('',(3.37151900598558E-12,-0.596141827858148,0.802879144752152));
#2922=DIRECTION('',(0.,-0.802879144752152,-0.596141827858148));
#2923=DIRECTION('',(3.37151900598558E-12,-0.596141827858148,0.802879144752152));
#2924=DIRECTION('',(-2.50393400330067E-12,-0.802879144752152,-0.596141827858148));
#2925=DIRECTION('',(-1.,-2.8275561811349E-12,2.09981104480258E-12));
#2926=DIRECTION('',(3.37151900598558E-12,-0.596141827858148,0.802879144752152));
#2927=DIRECTION('',(-2.50393400330067E-12,-0.802879144752152,-0.596141827858148));
#2928=DIRECTION('',(3.37151900598558E-12,-0.596141827858148,0.802879144752152));
#2929=DIRECTION('',(2.50393400330067E-12,0.802879144752152,0.596141827858148));
#2930=DIRECTION('',(3.37151900598558E-12,-0.596141827858148,0.802879144752152));
#2931=DIRECTION('',(2.50393400330067E-12,0.802879144752152,0.596141827858148));
#2932=DIRECTION('',(-0.521763866386884,0.684928131779463,0.50856260384549));
#2933=DIRECTION('',(-0.795479944424173,-0.605979915524364,0.));
#2934=DIRECTION('',(-0.486784983397587,0.701332456323054,0.520742897835854));
#2935=DIRECTION('',(0.,-0.596141827859562,0.802879144751102));
#2936=DIRECTION('',(3.37151900598558E-12,-0.596141827858148,0.802879144752152));
#2937=DIRECTION('',(0.,-0.802879144752152,-0.596141827858148));
#2938=DIRECTION('',(1.,2.84740141505805E-12,-2.09901540593194E-12));
#2939=DIRECTION('',(-2.84740141505805E-12,1.,0.));
#2940=DIRECTION('',(1.,2.8275561811349E-12,-2.09981104480257E-12));
#2941=DIRECTION('',(-2.8275561811349E-12,1.,0.));
#2942=DIRECTION('',(1.,2.78920306711734E-12,-2.09901540593194E-12));
#2943=DIRECTION('',(-2.78920306711734E-12,1.,0.));
#2944=DIRECTION('',(3.37151900598558E-12,-0.596141827858148,0.802879144752152));
#2945=DIRECTION('',(0.,-0.802879144752152,-0.596141827858148));
#2946=DIRECTION('',(0.524472096365974,-0.683593492580945,-0.507571627491594));
#2947=DIRECTION('',(0.793391252993312,0.608712017027513,0.));
#2948=DIRECTION('',(2.05070561253676E-16,1.,-2.23619204543663E-16));
#2949=DIRECTION('',(-1.,2.05070561254616E-16,4.19962208960515E-12));
#2950=DIRECTION('',(0.761959839541688,0.0811476044022618,-0.642520248105365));
#2951=DIRECTION('',(-0.644646230091236,0.,-0.764481025290463));
#2952=DIRECTION('',(2.05070561253676E-16,1.,-2.23619204543663E-16));
#2953=DIRECTION('',(-1.,2.05070561254616E-16,4.19962208960515E-12));
#2954=DIRECTION('',(2.05070561253676E-16,1.,-2.23619204543663E-16));
#2955=DIRECTION('',(-1.,2.05070561254616E-16,4.19962208960515E-12));
#2956=DIRECTION('',(0.745667527009784,0.0311871818665059,-0.665587934724135));
#2957=DIRECTION('',(-0.665911859868791,0.,-0.746030424906442));
#2958=DIRECTION('',(0.333893735190502,0.,0.942610722196886));
#2959=DIRECTION('',(0.942610722196886,0.,-0.333893735190502));
#2960=DIRECTION('',(-0.760015532203872,0.,0.649904909051213));
#2961=DIRECTION('',(0.649904909051213,0.,0.760015532203872));
#2962=DIRECTION('',(4.52888199148817E-16,1.,-1.9019327099445E-27));
#2963=DIRECTION('',(-1.,4.52888199148817E-16,0.));
#2964=DIRECTION('',(-0.741614855768281,0.,0.670825913112926));
#2965=DIRECTION('',(0.670825913112926,0.,0.741614855768281));
#2966=DIRECTION('',(-4.20527371184066E-12,0.,-1.));
#2967=DIRECTION('',(-1.,0.,4.20527371184066E-12));
#2968=DIRECTION('',(4.19962208960515E-12,2.23619204542802E-16,1.));
#2969=DIRECTION('',(1.,0.,-4.19962208960515E-12));
#2970=DIRECTION('',(4.19962208960515E-12,2.23619204542802E-16,1.));
#2971=DIRECTION('',(1.,0.,-4.19962208960515E-12));
#2972=DIRECTION('',(4.205273711848E-12,0.,1.));
#2973=DIRECTION('',(1.,0.,-4.205273711848E-12));
#2974=DIRECTION('',(-0.333893735180229,-9.86224916814601E-14,0.942610722200525));
#2975=DIRECTION('',(0.942610722200525,0.,0.333893735180229));
#2976=DIRECTION('',(-0.741142613769783,0.,-0.671347619385438));
#2977=DIRECTION('',(-0.671347619385438,0.,0.741142613769783));
#2978=DIRECTION('',(0.760015532180419,0.,0.64990490907864));
#2979=DIRECTION('',(0.64990490907864,0.,-0.760015532180419));
#2980=DIRECTION('',(4.52888199148817E-16,1.,-1.9019327099445E-27));
#2981=DIRECTION('',(-1.,4.52888199148817E-16,0.));
#2982=CARTESIAN_POINT('',(0.,0.,0.));
#2983=CARTESIAN_POINT('',(15.5958556203773,80.4342826230993,2.85565019639887));
#2984=CARTESIAN_POINT('',(15.3399695839833,80.6028525055442,2.82818177250239));
#2985=CARTESIAN_POINT('',(15.2235485367522,80.8795132557566,2.7607062046737));
#2986=CARTESIAN_POINT('',(15.6099756070718,80.4903208969487,3.05712660299687));
#2987=CARTESIAN_POINT('',(15.3442716917692,80.6472873511049,2.97122353149723));
#2988=CARTESIAN_POINT('',(15.2254321568063,80.9185445809433,2.8532764455431));
#2989=CARTESIAN_POINT('',(15.5199682145805,80.678762074862,3.44675789526928));
#2990=CARTESIAN_POINT('',(15.2590891576317,80.8022675834571,3.24823202632482));
#2991=CARTESIAN_POINT('',(15.1683831526517,81.0578145085205,3.03229622847928));
#2992=CARTESIAN_POINT('',(15.0313993082398,81.2247924014917,3.98403059320733));
#2993=CARTESIAN_POINT('',(14.8421756773966,81.2603571676637,3.62132456315991));
#2994=CARTESIAN_POINT('',(14.8763282474045,81.4769308845063,3.27915125185665));
#2995=CARTESIAN_POINT('',(14.2015182530298,82.0343857760785,4.18686001161777));
#2996=CARTESIAN_POINT('',(14.13896520459,81.9453217123598,3.75069796651522));
#2997=CARTESIAN_POINT('',(14.3151234282315,82.1032989126587,3.37234314680232));
#2998=CARTESIAN_POINT('',(13.4018517692958,82.8545494188709,3.88928844022424));
#2999=CARTESIAN_POINT('',(13.4632592964813,82.6397614307681,3.55807833902096));
#3000=CARTESIAN_POINT('',(13.690008354907,82.6364433478698,3.23562107346055));
#3001=CARTESIAN_POINT('',(12.9014867164361,83.2595916974603,3.26218359694722));
#3002=CARTESIAN_POINT('',(13.0453636065708,82.9887582820995,3.11826879871758));
#3003=CARTESIAN_POINT('',(13.3097444268503,82.8753171127783,2.9474918211447));
#3004=CARTESIAN_POINT('',(12.6854955804445,83.280369272555,2.63875233568282));
#3005=CARTESIAN_POINT('',(12.8708109760216,83.0268612042612,2.67440704764608));
#3006=CARTESIAN_POINT('',(13.1545811520826,82.901414271083,2.66105043083427));
#3007=CARTESIAN_POINT('',(12.7291929876052,82.9435446115952,2.06038313179672));
#3008=CARTESIAN_POINT('',(12.9180511676123,82.7790767505609,2.26561599446118));
#3009=CARTESIAN_POINT('',(13.2078551872363,82.7427591462939,2.39531322904862));
#3010=CARTESIAN_POINT('',(13.013683766272,82.4150237015755,1.7163190719263));
#3011=CARTESIAN_POINT('',(13.1736911406916,82.3584399655719,2.04118238004925));
#3012=CARTESIAN_POINT('',(13.4644986442789,82.4586433728185,2.23722974208058));
#3013=CARTESIAN_POINT('',(13.4201387298935,81.8791512614032,1.56986534320398));
#3014=CARTESIAN_POINT('',(13.5388333496747,81.9072050446203,1.96257897049557));
#3015=CARTESIAN_POINT('',(13.8249293966694,82.1162560780239,2.16994019104538));
#3016=CARTESIAN_POINT('',(13.887045990311,81.3820506346447,1.53900796828421));
#3017=CARTESIAN_POINT('',(13.9564947386547,81.4697070030157,1.94888733761995));
#3018=CARTESIAN_POINT('',(14.210688858818,81.7394115219471,2.15576247824326));
#3019=CARTESIAN_POINT('',(14.4015577364574,80.9310667255449,1.60451513756619));
#3020=CARTESIAN_POINT('',(14.4034583124419,81.0647845886408,1.97941823890435));
#3021=CARTESIAN_POINT('',(14.5799559632814,81.3544956336141,2.18586036683215));
#3022=CARTESIAN_POINT('',(14.9435769033293,80.5574536071203,1.80677223091965));
#3023=CARTESIAN_POINT('',(14.8515334931714,80.7295073186673,2.09672003933269));
#3024=CARTESIAN_POINT('',(14.9052227934564,81.0199840368344,2.27878930161573));
#3025=CARTESIAN_POINT('',(15.4352482944134,80.3425324317658,2.23789945568128));
#3026=CARTESIAN_POINT('',(15.2343357062518,80.5346790629221,2.3893844153395));
#3027=CARTESIAN_POINT('',(15.1570814323269,80.8236265574002,2.4768747832629));
#3028=CARTESIAN_POINT('',(15.5817356336828,80.37824434925,2.65417378980087));
#3029=CARTESIAN_POINT('',(15.3356840125759,80.5585884579885,2.68568983531424));
#3030=CARTESIAN_POINT('',(15.221664916698,80.8404819305699,2.66813596380431));
#3031=CARTESIAN_POINT('',(15.5958556203773,80.4342826230993,2.85565019639887));
#3032=CARTESIAN_POINT('',(15.3399695839833,80.6028525055442,2.82818177250239));
#3033=CARTESIAN_POINT('',(15.2235485367522,80.8795132557566,2.7607062046737));
#3034=CARTESIAN_POINT('',(15.1084925377854,81.1524347561322,3.10298061161973));
#3035=CARTESIAN_POINT('',(15.248475163531,80.9002226993523,2.86657887621855));
#3036=CARTESIAN_POINT('',(15.2007844073644,80.8227005722478,2.5786529776199));
#3037=CARTESIAN_POINT('',(15.0292615651005,80.9109851557546,2.35292509905467));
#3038=CARTESIAN_POINT('',(14.7823240430079,81.1445009146561,2.23719580530024));
#3039=CARTESIAN_POINT('',(14.4946552415532,81.4442451128248,2.17720470549533));
#3040=CARTESIAN_POINT('',(14.2017676093398,81.7466883255567,2.15858338510183));
#3041=CARTESIAN_POINT('',(13.9024309260417,82.041247994267,2.16645506718459));
#3042=CARTESIAN_POINT('',(13.5992095967985,82.3304086577292,2.20713850841616));
#3043=CARTESIAN_POINT('',(13.3557335661855,82.5727991965455,2.29058236911034));
#3044=CARTESIAN_POINT('',(13.2051901172213,82.7641329459953,2.43945459513449));
#3045=CARTESIAN_POINT('',(13.1645816003141,82.8782368309584,2.62796334273075));
#3046=CARTESIAN_POINT('',(13.2435948950404,82.8911724299045,2.83606361379488));
#3047=CARTESIAN_POINT('',(13.4217952830356,82.8103855744197,3.04591583055143));
#3048=CARTESIAN_POINT('',(13.6840450599257,82.6290360257982,3.20366784714407));
#3049=CARTESIAN_POINT('',(14.0008963351115,82.3688572118325,3.29987622111575));
#3050=CARTESIAN_POINT('',(14.3087455218646,82.0837247230903,3.33480872097126));
#3051=CARTESIAN_POINT('',(14.6002296414942,81.782603120147,3.31980437699847));
#3052=CARTESIAN_POINT('',(14.8726047669421,81.46731862559,3.24955925022897));
#3053=CARTESIAN_POINT('',(15.1084925377854,81.1524347561322,3.10298061161973));
#3054=CARTESIAN_POINT('',(15.248475163531,80.9002226993523,2.86657887621855));
#3055=CARTESIAN_POINT('',(15.2007844073644,80.8227005722478,2.5786529776199));
#3056=CARTESIAN_POINT('',(15.2232460697536,80.8911961274393,2.78636369237468));
#3057=CARTESIAN_POINT('',(14.68404063119,80.7411732611465,1.71860508999698));
#3058=CARTESIAN_POINT('',(14.726279448459,80.7353545850486,1.80175253956481));
#3059=CARTESIAN_POINT('',(14.8566031588144,80.6775992729704,1.91134751871838));
#3060=CARTESIAN_POINT('',(15.0989715039777,80.588228393937,2.15281985110417));
#3061=CARTESIAN_POINT('',(15.3634879385849,80.5395484094117,2.52175767881292));
#3062=CARTESIAN_POINT('',(15.4150984141976,80.6409507116409,2.96753619884013));
#3063=CARTESIAN_POINT('',(15.3814732586653,80.7508777914928,3.30264922734968));
#3064=CARTESIAN_POINT('',(15.366519946236,80.8045545660404,3.47628008872318));
#3065=CARTESIAN_POINT('',(15.3927265304233,80.8136392939203,3.56195476826016));
#3066=CARTESIAN_POINT('',(14.6840406311896,80.7411732611466,1.71860508999622));
#3067=CARTESIAN_POINT('',(15.3927265304231,80.8136392939204,3.56195476826017));
#3068=CARTESIAN_POINT('',(15.3927265304246,80.8136392939198,3.56195476826204));
#3069=CARTESIAN_POINT('',(15.2295857285864,81.0111595219149,3.78847811086398));
#3070=CARTESIAN_POINT('',(14.7793564310506,81.4670331334585,4.07309661454892));
#3071=CARTESIAN_POINT('',(14.0480649569118,82.1943685495597,4.12645492484498));
#3072=CARTESIAN_POINT('',(13.4612600920516,82.7862430780557,3.88860668049155));
#3073=CARTESIAN_POINT('',(13.0485374584071,83.1469403271809,3.46539271252388));
#3074=CARTESIAN_POINT('',(12.8034295423209,83.2903381645153,3.02379256175095));
#3075=CARTESIAN_POINT('',(12.6861788019687,83.2165049019257,2.50710758645992));
#3076=CARTESIAN_POINT('',(12.7474456748996,82.9250592725726,2.07047542080938));
#3077=CARTESIAN_POINT('',(12.9474038261236,82.5334155977625,1.78713275073118));
#3078=CARTESIAN_POINT('',(13.3176281173351,81.9953467750169,1.58036445208219));
#3079=CARTESIAN_POINT('',(13.8908433421453,81.3598680489577,1.52243673985205));
#3080=CARTESIAN_POINT('',(14.4157623887987,80.9229593416736,1.60849402314877));
#3081=CARTESIAN_POINT('',(14.6840406311896,80.7411732611466,1.71860508999613));
#3082=CARTESIAN_POINT('',(14.7829671721161,81.4817952638471,5.36602301313255));
#3083=CARTESIAN_POINT('',(14.7514339218653,81.4739821477273,5.23270837811143));
#3084=CARTESIAN_POINT('',(13.4499473261445,81.1515077494384,-0.269648946730526));
#3085=CARTESIAN_POINT('',(14.9672712488081,81.3948160244535,5.30742265619678));
#3086=CARTESIAN_POINT('',(14.9364037677487,81.3849447756658,5.17577957919924));
#3087=CARTESIAN_POINT('',(13.6623957754556,80.9775241045304,-0.257586749016875));
#3088=CARTESIAN_POINT('',(15.1515753255002,81.30783678506,5.24882229926102));
#3089=CARTESIAN_POINT('',(15.1213736136322,81.2959074036043,5.11885078028705));
#3090=CARTESIAN_POINT('',(13.8748442247666,80.8035404596226,-0.245524551303224));
#3091=CARTESIAN_POINT('',(15.3358794021922,81.2208575456664,5.19022194232525));
#3092=CARTESIAN_POINT('',(15.3063434595156,81.2068700315428,5.06192198137485));
#3093=CARTESIAN_POINT('',(14.0872926740777,80.6295568147147,-0.233462353589574));
#3094=CARTESIAN_POINT('',(15.4219866657298,81.1802206567642,5.16284372873045));
#3095=CARTESIAN_POINT('',(15.3927617718604,81.1652715786035,5.03532472330658));
#3096=CARTESIAN_POINT('',(14.1865490494185,80.5482712792442,-0.227826868710377));
#3097=CARTESIAN_POINT('',(15.5080939292674,81.139583767862,5.13546551513565));
#3098=CARTESIAN_POINT('',(15.4791800842052,81.1236731256642,5.00872746523831));
#3099=CARTESIAN_POINT('',(14.2858054247593,80.4669857437736,-0.222191383831181));
#3100=CARTESIAN_POINT('',(15.5942011928051,81.0989468789597,5.10808730154085));
#3101=CARTESIAN_POINT('',(15.56559839655,81.0820746727249,4.98213020717004));
#3102=CARTESIAN_POINT('',(14.3850618001001,80.3857002083031,-0.216555898951984));
#3103=CARTESIAN_POINT('',(15.8285434914226,80.9883529341196,5.03357705417889));
#3104=CARTESIAN_POINT('',(15.8007872194847,80.9688638159373,4.90974534279769));
#3105=CARTESIAN_POINT('',(14.6551896173621,80.1644803199459,-0.201218836477125));
#3106=CARTESIAN_POINT('',(16.0670838037272,80.8840107353734,4.9632663043045));
#3107=CARTESIAN_POINT('',(16.0403041369214,80.8620354578529,4.84144132646491));
#3108=CARTESIAN_POINT('',(14.9350144154874,79.9550395439266,-0.186698000160149));
#3109=CARTESIAN_POINT('',(16.5515955892099,80.6882445250765,4.83133638577298));
#3110=CARTESIAN_POINT('',(16.5270016470804,80.6615864094533,4.71327802487261));
#3111=CARTESIAN_POINT('',(15.5119243631662,79.5613135268677,-0.159399957976947));
#3112=CARTESIAN_POINT('',(16.7975669043441,80.5968205759505,4.76971726530113));
#3113=CARTESIAN_POINT('',(16.7741820693856,80.5679657914755,4.65341878586409));
#3114=CARTESIAN_POINT('',(15.809008831625,79.3770287672869,-0.14662278569315));
#3115=CARTESIAN_POINT('',(17.2959459993927,80.427254344936,4.65542717590184));
#3116=CARTESIAN_POINT('',(17.2751817871831,80.3943203869488,4.54239322336714));
#3117=CARTESIAN_POINT('',(16.4181707386392,79.035021725266,-0.122910001493826));
#3118=CARTESIAN_POINT('',(17.5483536465881,80.3491121059632,4.60275624012645));
#3119=CARTESIAN_POINT('',(17.5290009390922,80.3142956501657,4.49122693169789));
#3120=CARTESIAN_POINT('',(16.7302475852043,78.8772997753136,-0.111974412770013));
#3121=CARTESIAN_POINT('',(18.0585853503346,80.2064199317823,4.50658181700559));
#3122=CARTESIAN_POINT('',(18.0422258528606,80.1681737772053,4.39779939076856));
#3123=CARTESIAN_POINT('',(17.3670126570831,78.5896223394692,-0.0920285994184847));
#3124=CARTESIAN_POINT('',(18.3164092712285,80.1418700326903,4.46307835755721));
#3125=CARTESIAN_POINT('',(18.3016314676332,80.1020766829056,4.35553816828419));
#3126=CARTESIAN_POINT('',(17.6917002635698,78.4596671332473,-0.083018394298338));
#3127=CARTESIAN_POINT('',(18.836432077706,80.0266191709586,4.38542001410628));
#3128=CARTESIAN_POINT('',(18.8249538832917,79.9840841239585,4.28009597467478));
#3129=CARTESIAN_POINT('',(18.3512089932303,78.2285152219666,-0.0669923983009424));
#3130=CARTESIAN_POINT('',(19.0986308252044,79.9759182375096,4.35126515262857));
#3131=CARTESIAN_POINT('',(19.088870534197,79.9321886931271,4.24691502517098));
#3132=CARTESIAN_POINT('',(18.6860294754648,78.1273187416252,-0.0599766230979947));
#3133=CARTESIAN_POINT('',(19.6263445591361,79.8885669558387,4.29244620549694));
#3134=CARTESIAN_POINT('',(19.6201208961059,79.8428146139812,4.18977094216417));
#3135=CARTESIAN_POINT('',(19.3632487390785,77.9544567955881,-0.0479932552148474));
#3136=CARTESIAN_POINT('',(19.8918594055741,79.8519166297799,4.26778213690092));
#3137=CARTESIAN_POINT('',(19.8874544548567,79.8053359912807,4.16580782503829));
#3138=CARTESIAN_POINT('',(19.7056468622995,77.8827914979412,-0.0430256742558615));
#3139=CARTESIAN_POINT('',(20.4251335037981,79.7928124570698,4.22804745518148));
#3140=CARTESIAN_POINT('',(20.4244303402181,79.7449509131131,4.12719875681373));
#3141=CARTESIAN_POINT('',(20.3954083406879,77.7695390093372,-0.0351767698989588));
#3142=CARTESIAN_POINT('',(20.6928926142034,79.7703586254763,4.21297685357729));
#3143=CARTESIAN_POINT('',(20.6940725129351,79.7220444749518,4.11255281678015));
#3144=CARTESIAN_POINT('',(20.7427710255032,77.7279519284769,-0.0322954541795729));
#3145=CARTESIAN_POINT('',(21.2295745216489,79.7397370226895,4.19249183584483));
#3146=CARTESIAN_POINT('',(21.234547762453,79.6908987382466,4.09263882627267));
#3147=CARTESIAN_POINT('',(21.4398106577207,77.6751733672486,-0.0286411707800431));
#3148=CARTESIAN_POINT('',(21.4984971764529,79.7315692593957,4.18707742564874));
#3149=CARTESIAN_POINT('',(21.5053806843571,79.6826594486287,4.08737078150599));
#3150=CARTESIAN_POINT('',(21.7894869276952,77.6639819381849,-0.0278682066770499));
#3151=CARTESIAN_POINT('',(22.0364208251961,79.7295527164712,4.18592730915177));
#3152=CARTESIAN_POINT('',(22.0471146313015,79.6808821753319,4.08623442682722));
#3153=CARTESIAN_POINT('',(22.4884850955782,77.6720801522152,-0.02843656339263));
#3154=CARTESIAN_POINT('',(22.3054216765758,79.7357039375531,4.19019160317111));
#3155=CARTESIAN_POINT('',(22.3180155010842,79.6873441921623,4.09036611724081));
#3156=CARTESIAN_POINT('',(22.8378063141553,77.6913697874293,-0.0297778836596223));
#3157=CARTESIAN_POINT('',(22.8424160162194,79.7623014996457,4.20838110807981));
#3158=CARTESIAN_POINT('',(22.8587622605001,79.7149427503767,4.10801210941522));
#3159=CARTESIAN_POINT('',(23.5334284510319,77.7602829270622,-0.0345645469410394));
#3160=CARTESIAN_POINT('',(23.110409362134,79.7827478341785,4.22230631367613));
#3161=CARTESIAN_POINT('',(23.128607995159,79.7360792838511,4.12152640611883));
#3162=CARTESIAN_POINT('',(23.879728693283,77.8099063644776,-0.0380098852793621));
#3163=CARTESIAN_POINT('',(23.6443069095796,79.8378550589286,4.25975962387961));
#3164=CARTESIAN_POINT('',(23.6661257747088,79.7929392572897,4.15788158955305));
#3165=CARTESIAN_POINT('',(24.5666660068034,77.9391083548566,-0.0469782019350492));
#3166=CARTESIAN_POINT('',(23.9102109695044,79.8725159354988,4.2832877176028));
#3167=CARTESIAN_POINT('',(23.9337976655509,79.8286626809583,4.18072246586453));
#3168=CARTESIAN_POINT('',(24.9073024104688,78.0186867822046,-0.0525011714875309));
#3169=CARTESIAN_POINT('',(24.4388563461149,79.9559152815492,4.33984879813241));
#3170=CARTESIAN_POINT('',(24.4658580593891,79.9145483432843,4.235636121631));
#3171=CARTESIAN_POINT('',(25.580312408641,78.2071913398192,-0.0655824489943117));
#3172=CARTESIAN_POINT('',(24.701597522468,80.004653730259,4.37288176850984));
#3173=CARTESIAN_POINT('',(24.7302464099004,79.9647105573276,4.26770888534811));
#3174=CARTESIAN_POINT('',(25.9126853490853,78.3161172868169,-0.0731407441619347));
#3175=CARTESIAN_POINT('',(25.222855946653,80.1160153757471,4.44831501824899));
#3176=CARTESIAN_POINT('',(25.2546436370523,80.0792658494129,4.34095335602571));
#3177=CARTESIAN_POINT('',(26.5666318601062,78.5624854495903,-0.0902347760794019));
#3178=CARTESIAN_POINT('',(25.4813730559527,80.1786385447025,4.49071527570586));
#3179=CARTESIAN_POINT('',(25.5146523634042,80.1436588946242,4.38212504199481));
#3180=CARTESIAN_POINT('',(26.8882047951554,78.6999274258433,-0.0997704961185061));
#3181=CARTESIAN_POINT('',(25.9931387593528,80.3175216329729,4.58470651263556));
#3182=CARTESIAN_POINT('',(26.0292124123471,80.2864089006758,4.47339667547597));
#3183=CARTESIAN_POINT('',(27.5180971754916,79.0022785392658,-0.120746328591371));
#3184=CARTESIAN_POINT('',(26.246387217242,80.3937815175073,4.63629746481991));
#3185=CARTESIAN_POINT('',(26.2837635874687,80.3647658206048,4.52349659683018));
#3186=CARTESIAN_POINT('',(27.8264160086385,79.1671873824876,-0.132186420518055));
#3187=CARTESIAN_POINT('',(26.7465917529341,80.5596358258069,4.74845523965081));
#3188=CARTESIAN_POINT('',(26.7863532290062,80.5351187370396,4.63241700518187));
#3189=CARTESIAN_POINT('',(28.4274472400088,79.5232134579118,-0.156883354007882));
#3190=CARTESIAN_POINT('',(26.9935476973597,80.6492302079534,4.80902202974015));
#3191=CARTESIAN_POINT('',(27.0343915513834,80.6271146847232,4.69123746096348));
#3192=CARTESIAN_POINT('',(28.7201590541529,79.7143303439858,-0.170140171424362));
#3193=CARTESIAN_POINT('',(27.253274241332,80.7517970874627,4.87833143282194));
#3194=CARTESIAN_POINT('',(27.2951403158504,80.7323937745751,4.7585509047107));
#3195=CARTESIAN_POINT('',(29.0230984035124,79.9315517606722,-0.185206891437405));
#3196=CARTESIAN_POINT('',(27.2696739822933,80.7583094967847,4.88273207574747));
#3197=CARTESIAN_POINT('',(27.3116040994868,80.7390782462229,4.76282482849626));
#3198=CARTESIAN_POINT('',(29.0422054504553,79.9453378412181,-0.186163106022725));
#3199=CARTESIAN_POINT('',(27.2860569770361,80.7648513861691,4.88715253055658));
#3200=CARTESIAN_POINT('',(27.3280505647763,80.7457928271384,4.76711800357385));
#3201=CARTESIAN_POINT('',(29.0612715653179,79.9591800005211,-0.187123206873379));
#3202=CARTESIAN_POINT('',(13.5904211497714,81.104805545391,5.00506840446744E-11));
#3203=CARTESIAN_POINT('',(13.980386247949,80.9277605801907,0.548574666766031));
#3204=CARTESIAN_POINT('',(14.3709748928469,80.7843001346359,1.10233268054908));
#3205=CARTESIAN_POINT('',(14.6840406311897,80.7411732611465,1.71860508999614));
#3206=CARTESIAN_POINT('',(13.5904211497715,81.1048055453909,4.99883100679114E-11));
#3207=CARTESIAN_POINT('',(15.3927265304232,80.8136392939203,3.56195476826015));
#3208=CARTESIAN_POINT('',(15.4945649284763,80.8489424119239,3.89488530416673));
#3209=CARTESIAN_POINT('',(15.5897946637976,80.8902913561144,4.22939446258857));
#3210=CARTESIAN_POINT('',(15.6819257417993,80.9345023360524,4.56464129833948));
#3211=CARTESIAN_POINT('',(15.6819257417992,80.9345023360524,4.56464129833952));
#3212=CARTESIAN_POINT('',(15.6819257417992,80.9345023360524,4.56464129833952));
#3213=CARTESIAN_POINT('',(15.6996114121682,80.9429891662821,4.62899596733901));
#3214=CARTESIAN_POINT('',(15.6481801159344,80.9943157003597,4.75108580540741));
#3215=CARTESIAN_POINT('',(15.528839224202,81.0919108436979,4.95557214259226));
#3216=CARTESIAN_POINT('',(15.4144563706872,81.1702159949386,5.09838833269288));
#3217=CARTESIAN_POINT('',(15.3358794021922,81.2208575456662,5.19022194232507));
#3218=CARTESIAN_POINT('',(15.3358794021922,81.2208575456666,5.19022194232522));
#3219=CARTESIAN_POINT('',(15.3358794021924,81.2208575456663,5.1902219423252));
#3220=CARTESIAN_POINT('',(16.1159323692649,80.843988126953,4.89912570105539));
#3221=CARTESIAN_POINT('',(17.7369954837108,80.1619353797993,4.36832546727417));
#3222=CARTESIAN_POINT('',(20.3665658983378,79.6019489064229,3.93864685417044));
#3223=CARTESIAN_POINT('',(23.1454772424283,79.5850804125902,3.92567751043071));
#3224=CARTESIAN_POINT('',(24.9015196143765,79.948051149157,4.20490060734779));
#3225=CARTESIAN_POINT('',(25.7553348893985,80.2016350912299,4.40095062290041));
#3226=CARTESIAN_POINT('',(25.7553348893986,80.2016350912299,4.4009506229004));
#3227=CARTESIAN_POINT('',(28.9155863391093,79.9306492485555,-1.46272140251226E-11));
#3228=CARTESIAN_POINT('',(28.1639000510887,79.5851028036621,0.468919165610968));
#3229=CARTESIAN_POINT('',(26.7959935273275,79.4775478031575,1.86760127519351));
#3230=CARTESIAN_POINT('',(26.0354476273824,79.943270280311,3.54031477087082));
#3231=CARTESIAN_POINT('',(25.7553348893985,80.2016350912299,4.40095062290039));
#3232=CARTESIAN_POINT('',(28.9155863391094,79.9306492485557,-1.43578205960835E-11));
#3233=CARTESIAN_POINT('',(28.5079447139656,79.6496790293788,-1.26593251739001E-11));
#3234=CARTESIAN_POINT('',(28.6454171961468,79.740349574651,-1.32366779224563E-11));
#3235=CARTESIAN_POINT('',(28.7813043398403,79.8339939302496,-1.38080720859602E-11));
#3236=CARTESIAN_POINT('',(28.9155863391094,79.9306492485557,-1.43720273503122E-11));
#3237=CARTESIAN_POINT('',(28.5079447139656,79.6496790293788,-1.26592740342859E-11));
#3238=CARTESIAN_POINT('',(13.5904211497715,81.1048055453909,4.9949021291686E-11));
#3239=CARTESIAN_POINT('',(14.1121785053565,80.6794530396599,4.77579326927462E-11));
#3240=CARTESIAN_POINT('',(15.1414474490386,79.8034137676915,4.33981199128701E-11));
#3241=CARTESIAN_POINT('',(17.4378835473618,78.4664212036384,3.38722779244035E-11));
#3242=CARTESIAN_POINT('',(20.7507214647773,77.505053361469,1.99128514169133E-11));
#3243=CARTESIAN_POINT('',(24.8600782288588,77.7938573880084,2.62606300830855E-12));
#3244=CARTESIAN_POINT('',(27.3812723419275,78.9065775977688,-7.84703403376946E-12));
#3245=CARTESIAN_POINT('',(28.5079447139656,79.6496790293788,-1.25787983868795E-11));
#3246=CARTESIAN_POINT('',(22.982982453159,90.3534117236212,5.84999999997028));
#3247=CARTESIAN_POINT('',(28.0564015717296,49.16512,5.84999999995963));
#3248=CARTESIAN_POINT('',(28.0564015717296,97.5707551399295,5.84999999995963));
#3249=CARTESIAN_POINT('',(28.0564015717079,97.4971176506916,5.84999999994904));
#3250=CARTESIAN_POINT('',(24.3858545774542,89.6992417086503,5.84999999996734));
#3251=CARTESIAN_POINT('',(25.4411531330296,91.9623367642857,5.84999999996512));
#3252=CARTESIAN_POINT('',(25.4411531330296,91.9623367642857,5.84999999996512));
#3253=CARTESIAN_POINT('',(25.3679757895118,91.8054074446871,5.84999999996527));
#3254=CARTESIAN_POINT('',(25.1924602036893,91.5114442275524,5.84999999996564));
#3255=CARTESIAN_POINT('',(24.8479212562834,91.1227514743718,5.84999999996636));
#3256=CARTESIAN_POINT('',(24.4972999495854,90.8612549371477,5.8499999999671));
#3257=CARTESIAN_POINT('',(24.1364243738937,90.8069517680724,5.84999999996786));
#3258=CARTESIAN_POINT('',(23.9887407278472,90.9219290303126,5.84999999996817));
#3259=CARTESIAN_POINT('',(23.9392323089761,90.9941674770892,5.84999999996827));
#3260=CARTESIAN_POINT('',(23.9392323089761,90.9941674770892,5.84999999996827));
#3261=CARTESIAN_POINT('',(22.0000000000123,89.66512,5.84999999997235));
#3262=CARTESIAN_POINT('',(20.9900668419345,91.7880953085474,5.84999999997447));
#3263=CARTESIAN_POINT('',(12.5058531431497,91.0458227909728,5.84999999999228));
#3264=CARTESIAN_POINT('',(15.9432514958797,91.3465561788594,5.84999999998506));
#3265=CARTESIAN_POINT('',(15.9432514958798,91.3465561788594,5.84999999998506));
#3266=CARTESIAN_POINT('',(15.9434826203088,91.343966491909,5.84999999998506));
#3267=CARTESIAN_POINT('',(15.9435984279481,91.3413653765276,5.84999999998506));
#3268=CARTESIAN_POINT('',(15.9435984279481,91.3387527840669,5.84999999998506));
#3269=CARTESIAN_POINT('',(15.9435984279348,91.3387527840642,5.8499999999916));
#3270=CARTESIAN_POINT('',(15.9435984279481,49.16512,5.84999999998507));
#3271=CARTESIAN_POINT('',(15.9435984279481,91.2913562676564,5.84999999998506));
#3272=CARTESIAN_POINT('',(22.8480742423705,91.8954196290073,5.84999999997056));
#3273=CARTESIAN_POINT('',(18.2899753576326,91.4966376493626,5.84999999998014));
#3274=CARTESIAN_POINT('',(18.2899753576326,91.4966376493626,5.84999999998014));
#3275=CARTESIAN_POINT('',(18.4624688067625,91.5117288706941,5.84999999997978));
#3276=CARTESIAN_POINT('',(18.8048062134906,91.5067095231789,5.84999999997905));
#3277=CARTESIAN_POINT('',(19.313693485715,91.4026764187225,5.84999999997798));
#3278=CARTESIAN_POINT('',(19.7154667833017,91.229777728626,5.84999999997714));
#3279=CARTESIAN_POINT('',(19.9429324950728,90.9444018970093,5.84999999997666));
#3280=CARTESIAN_POINT('',(19.9172010881384,90.7590154766894,5.84999999997672));
#3281=CARTESIAN_POINT('',(19.8793949675355,90.6800207048576,5.8499999999768));
#3282=CARTESIAN_POINT('',(19.8793949675355,90.6800207048576,5.8499999999768));
#3283=CARTESIAN_POINT('',(22.0000000000123,89.66512,5.84999999997235));
#3284=CARTESIAN_POINT('',(20.666416030242,87.7290045747067,5.84999999997515));
#3285=CARTESIAN_POINT('',(25.6094904635756,80.6695626755626,5.84999999996477));
#3286=CARTESIAN_POINT('',(24.9521607844404,81.6083267465921,5.84999999996615));
#3287=CARTESIAN_POINT('',(25.0656341850053,81.6083267465924,5.84999999996591));
#3288=CARTESIAN_POINT('',(25.0193279195053,81.6083267465923,5.84999999996601));
#3289=CARTESIAN_POINT('',(20.2405448599325,88.4331362477743,5.84999999997604));
#3290=CARTESIAN_POINT('',(22.2688715093745,85.5363855863517,5.84999999997178));
#3291=CARTESIAN_POINT('',(22.2688715093745,85.5363855863517,5.84999999997178));
#3292=CARTESIAN_POINT('',(22.1695554037624,85.6782236846189,5.84999999997199));
#3293=CARTESIAN_POINT('',(22.0027335828568,85.9772062492687,5.84999999997234));
#3294=CARTESIAN_POINT('',(21.8383852580385,86.4699321069057,5.84999999997268));
#3295=CARTESIAN_POINT('',(21.7872332671497,86.9043273342263,5.84999999997279));
#3296=CARTESIAN_POINT('',(21.9206431310704,87.2440063349183,5.84999999997251));
#3297=CARTESIAN_POINT('',(22.0940581840513,87.3144154929979,5.84999999997214));
#3298=CARTESIAN_POINT('',(22.1813727235253,87.3211718180531,5.84999999997196));
#3299=CARTESIAN_POINT('',(22.1813727235253,87.3211718180531,5.84999999997196));
#3300=CARTESIAN_POINT('',(22.0000000000123,89.66512,5.84999999997235));
#3301=CARTESIAN_POINT('',(24.3435171278607,89.4782601167456,5.84999999996742));
#3302=CARTESIAN_POINT('',(27.9427971205072,97.1969409698275,5.84999999995987));
#3303=CARTESIAN_POINT('',(27.9671257716826,97.2491139306398,5.84999999995981));
#3304=CARTESIAN_POINT('',(27.9671257716826,97.2491139306398,5.84999999995981));
#3305=CARTESIAN_POINT('',(27.9977339268837,97.3147533312931,5.84999999995975));
#3306=CARTESIAN_POINT('',(28.0357953181219,97.3752506920356,5.84999999995967));
#3307=CARTESIAN_POINT('',(28.0811143718947,97.4307409404007,5.84999999995957));
#3308=CARTESIAN_POINT('',(28.0811143718947,97.4307409404007,5.84999999995958));
#3309=CARTESIAN_POINT('',(28.0811143718946,97.4307409404006,5.84999999995957));
#3310=CARTESIAN_POINT('',(28.0631290236066,97.4471029615127,5.84999999995961));
#3311=CARTESIAN_POINT('',(28.0564015717319,97.4726772486403,5.84999999995963));
#3312=CARTESIAN_POINT('',(28.0564015717296,97.4971176506974,5.84999999995963));
#3313=CARTESIAN_POINT('',(22.,89.66512,1.46684712622286E-11));
#3314=CARTESIAN_POINT('',(28.0093156423274,80.2343204118187,3.05035929864142));
#3315=CARTESIAN_POINT('',(27.8690550386751,80.253859642977,3.3931527081544));
#3316=CARTESIAN_POINT('',(27.7288270722908,80.2752381204332,3.73585469425814));
#3317=CARTESIAN_POINT('',(27.5886494578897,80.2984974585922,4.07845205732436));
#3318=CARTESIAN_POINT('',(27.5886494578897,80.2984974585921,4.07845205732435));
#3319=CARTESIAN_POINT('',(28.0093156423242,80.2343204118161,3.05035929864022));
#3320=CARTESIAN_POINT('',(27.5886494578897,80.2984974585921,4.07845205732431));
#3321=CARTESIAN_POINT('',(28.6377981561998,81.1204688579302,4.70658795832773));
#3322=CARTESIAN_POINT('',(29.4514040112798,82.1260324785812,5.47588761095856));
#3323=CARTESIAN_POINT('',(30.0294827487297,83.1920695188646,6.29325450086414));
#3324=CARTESIAN_POINT('',(30.0294827487297,83.1920695188646,6.29325450086419));
#3325=CARTESIAN_POINT('',(30.0294827487297,83.1920695188646,6.29325450086417));
#3326=CARTESIAN_POINT('',(29.8466412227571,83.1953420033481,6.83216393263238));
#3327=CARTESIAN_POINT('',(29.6617963470203,83.1987426753729,7.37039494212117));
#3328=CARTESIAN_POINT('',(29.4745085602477,83.2022866501024,7.90777524233632));
#3329=CARTESIAN_POINT('',(29.4745085602476,83.2022866501024,7.90777524233632));
#3330=CARTESIAN_POINT('',(29.4745085602477,83.2022866501024,7.9077752423363));
#3331=CARTESIAN_POINT('',(29.9628561292689,83.9487181963012,8.3511533727688));
#3332=CARTESIAN_POINT('',(30.7523288266939,85.5747563210969,9.22267843769364));
#3333=CARTESIAN_POINT('',(31.36683935431,88.4028278102246,10.1106342459499));
#3334=CARTESIAN_POINT('',(31.3049838927346,91.4507802066759,10.0119984143163));
#3335=CARTESIAN_POINT('',(30.5822734507601,94.2160864286884,9.00721455956941));
#3336=CARTESIAN_POINT('',(29.3052342412355,96.5768722460924,7.67695354173609));
#3337=CARTESIAN_POINT('',(27.4755011137923,98.5267370629616,6.3503200915154));
#3338=CARTESIAN_POINT('',(25.010919679559,99.9511781526983,5.285089602125));
#3339=CARTESIAN_POINT('',(22.0441394903934,100.509951127072,4.8489172351724));
#3340=CARTESIAN_POINT('',(19.045878785096,99.9749030591169,5.26674236944384));
#3341=CARTESIAN_POINT('',(16.5646399182378,98.5605056687941,6.32618920528417));
#3342=CARTESIAN_POINT('',(14.7077431967803,96.5984129628477,7.66394034440655));
#3343=CARTESIAN_POINT('',(13.4241865012024,94.2323512122973,8.99940581562856));
#3344=CARTESIAN_POINT('',(12.6975617532568,91.4699292907648,10.0080366800963));
#3345=CARTESIAN_POINT('',(12.6306386782995,88.4131346362783,10.1141784223887));
#3346=CARTESIAN_POINT('',(13.2501242026422,85.5680780900593,9.21985038884588));
#3347=CARTESIAN_POINT('',(14.0349143783234,83.9521259401828,8.35317756230854));
#3348=CARTESIAN_POINT('',(14.5254914397209,83.2022866500988,7.907775242114));
#3349=CARTESIAN_POINT('',(14.5254914397209,83.2022866500988,7.90777524211402));
#3350=CARTESIAN_POINT('',(14.5254914397207,83.2022866501006,7.90777524211763));
#3351=CARTESIAN_POINT('',(14.3382036644139,83.1987426755882,7.37039497481314));
#3352=CARTESIAN_POINT('',(14.1533589464169,83.1953420063749,6.83216443115468));
#3353=CARTESIAN_POINT('',(13.9705172513232,83.1920695188646,6.29325450093162));
#3354=CARTESIAN_POINT('',(13.9705172513231,83.1920695188646,6.29325450093164));
#3355=CARTESIAN_POINT('',(13.9705172513231,83.1920695188647,6.29325450093158));
#3356=CARTESIAN_POINT('',(14.4066044727164,82.3878795345456,5.67665466289482));
#3357=CARTESIAN_POINT('',(14.9770740606038,81.6172729772388,5.0867603043109));
#3358=CARTESIAN_POINT('',(15.6819257417992,80.9345023360525,4.56464129833947));
#3359=CARTESIAN_POINT('',(22.,89.66512,1.46684712622286E-11));
#3360=CARTESIAN_POINT('',(10.8400398051987,85.2543050582403,6.15440118522629E-11));
#3361=CARTESIAN_POINT('',(10.8400398051987,85.2543050582403,6.15440118522629E-11));
#3362=CARTESIAN_POINT('',(10.7088749664691,85.8192241622993,0.319699677871439));
#3363=CARTESIAN_POINT('',(10.5148977745811,86.9893492625223,0.923708717286229));
#3364=CARTESIAN_POINT('',(10.6018877845351,88.5600161697632,2.14546269361467));
#3365=CARTESIAN_POINT('',(10.9919171796283,89.701578486513,3.74074562990634));
#3366=CARTESIAN_POINT('',(11.3375237779746,90.0644380062542,4.96553747230402));
#3367=CARTESIAN_POINT('',(11.5115132697567,90.1557786558637,5.59823619097348));
#3368=CARTESIAN_POINT('',(11.5115132697567,90.1557786558638,5.59823619097347));
#3369=CARTESIAN_POINT('',(11.5115132697567,90.1557786558637,5.59823619097348));
#3370=CARTESIAN_POINT('',(11.6359980109432,90.2211304021674,6.05091488688715));
#3371=CARTESIAN_POINT('',(11.8845137892797,90.2717402265712,6.9658565675533));
#3372=CARTESIAN_POINT('',(12.134383846094,90.3529993984522,7.87664085152164));
#3373=CARTESIAN_POINT('',(12.2595982188012,90.3899853916608,8.33241468971988));
#3374=CARTESIAN_POINT('',(12.2595982188012,90.3899853916609,8.33241468971988));
#3375=CARTESIAN_POINT('',(12.3203537051525,90.7956465225973,8.41412446145212));
#3376=CARTESIAN_POINT('',(12.3073404263552,90.6546453658429,8.42693104236081));
#3377=CARTESIAN_POINT('',(12.2846621661215,90.515241315907,8.39100485126857));
#3378=CARTESIAN_POINT('',(12.2595982188012,90.3899853916609,8.33241468971988));
#3379=CARTESIAN_POINT('',(12.3203537051524,90.7956465225967,8.41412446145218));
#3380=CARTESIAN_POINT('',(12.3203537051524,90.7956465225967,8.41412446145221));
#3381=CARTESIAN_POINT('',(12.3452312464536,91.0651990431655,8.38964206539766));
#3382=CARTESIAN_POINT('',(12.378915138082,91.3327364959318,8.35665885909273));
#3383=CARTESIAN_POINT('',(12.4213378718214,91.5983329744665,8.31575459144814));
#3384=CARTESIAN_POINT('',(12.4213378718213,91.5983329744665,8.31575459144812));
#3385=CARTESIAN_POINT('',(12.4213378718211,91.5983329744665,8.31575459144831));
#3386=CARTESIAN_POINT('',(12.4438219125421,91.7390990569971,8.29407533746542));
#3387=CARTESIAN_POINT('',(12.4531538096455,91.8676681489853,8.22165209206288));
#3388=CARTESIAN_POINT('',(12.4560623597155,91.9796279172319,8.13372497373635));
#3389=CARTESIAN_POINT('',(12.4560623597155,91.9796279172319,8.13372497373635));
#3390=CARTESIAN_POINT('',(12.4560623597155,91.9796279172318,8.13372497373635));
#3391=CARTESIAN_POINT('',(12.2218446824696,91.9748316850221,7.28845431960078));
#3392=CARTESIAN_POINT('',(11.9922790943348,91.9926516265868,6.43978503651067));
#3393=CARTESIAN_POINT('',(11.7536271294774,91.9587945203473,5.59823619097296));
#3394=CARTESIAN_POINT('',(11.7536271294774,91.9587945203473,5.59823619097296));
#3395=CARTESIAN_POINT('',(11.7536271294774,91.9587945203473,5.59823619097296));
#3396=CARTESIAN_POINT('',(11.4423088616673,91.9146283821224,4.50044707774771));
#3397=CARTESIAN_POINT('',(10.7428151476028,91.529725260843,2.31928881475341));
#3398=CARTESIAN_POINT('',(10.1204973271412,90.0185713998621,0.581593946403527));
#3399=CARTESIAN_POINT('',(10.0168081855906,89.0302074555728,6.50004291825401E-11));
#3400=CARTESIAN_POINT('',(10.0168081855906,89.0302074555728,6.50004291825401E-11));
#3401=CARTESIAN_POINT('',(22.,89.66512,1.46684712622286E-11));
#3402=CARTESIAN_POINT('',(23.7601023063971,101.535336504808,7.28099122184951E-12));
#3403=CARTESIAN_POINT('',(23.7601023063971,101.535336504808,7.28099122184951E-12));
#3404=CARTESIAN_POINT('',(24.3149190209657,101.366469035204,0.319699677817648));
#3405=CARTESIAN_POINT('',(25.4252656793202,100.949395661025,0.923708717232394));
#3406=CARTESIAN_POINT('',(26.7420081169204,100.088726648911,2.14546269355849));
#3407=CARTESIAN_POINT('',(27.5356153857009,99.1801701261628,3.74074562985796));
#3408=CARTESIAN_POINT('',(27.6770576486362,98.6994362724108,4.96553747226558));
#3409=CARTESIAN_POINT('',(27.6691662257078,98.5030866277331,5.59823619094018));
#3410=CARTESIAN_POINT('',(27.6691662257079,98.503086627733,5.59823619094016));
#3411=CARTESIAN_POINT('',(27.9887036533275,98.2196033563501,5.81303533630478));
#3412=CARTESIAN_POINT('',(27.8731597399858,98.3177640048498,5.76022846448235));
#3413=CARTESIAN_POINT('',(27.7761684768105,98.4105813961157,5.67321325626153));
#3414=CARTESIAN_POINT('',(27.6691662257079,98.503086627733,5.59823619094015));
#3415=CARTESIAN_POINT('',(27.9887036533276,98.2196033563501,5.81303533630475));
#3416=CARTESIAN_POINT('',(28.0342312864607,98.1789594007643,5.83919612673883));
#3417=CARTESIAN_POINT('',(28.0184138732136,98.1926958477843,5.83150557495314));
#3418=CARTESIAN_POINT('',(28.0032921163985,98.2062292915782,5.82270006540624));
#3419=CARTESIAN_POINT('',(27.9887036533285,98.2196033563499,5.81303533630328));
#3420=CARTESIAN_POINT('',(28.0342312864607,98.1789594007643,5.83919612673881));
#3421=CARTESIAN_POINT('',(28.0342312864608,98.1789594007644,5.83919612673884));
#3422=CARTESIAN_POINT('',(28.2247092072515,98.0135410844743,5.93180800271251));
#3423=CARTESIAN_POINT('',(28.408530235592,97.8409563957857,6.02663215545108));
#3424=CARTESIAN_POINT('',(28.5842566498065,97.6631823047869,6.1220337909289));
#3425=CARTESIAN_POINT('',(28.5842566498066,97.6631823047869,6.12203379092891));
#3426=CARTESIAN_POINT('',(28.584256649819,97.6631823047743,6.12203379093567));
#3427=CARTESIAN_POINT('',(28.7218027856576,97.5240333932206,6.1967074042985));
#3428=CARTESIAN_POINT('',(28.8851105084141,97.3856438089154,6.18559935037803));
#3429=CARTESIAN_POINT('',(29.0382560262026,97.2479413482198,6.17344123569726));
#3430=CARTESIAN_POINT('',(29.0382560262026,97.2479413482198,6.17344123569726));
#3431=CARTESIAN_POINT('',(29.0382560262037,97.2479413482189,6.17344123569717));
#3432=CARTESIAN_POINT('',(29.0638945377561,97.2943318778824,5.98145302059164));
#3433=CARTESIAN_POINT('',(29.0891294293699,97.3411274438295,5.78932671625005));
#3434=CARTESIAN_POINT('',(29.1095668379169,97.3919019423659,5.5982361909372));
#3435=CARTESIAN_POINT('',(29.1095668379169,97.3919019423659,5.59823619093719));
#3436=CARTESIAN_POINT('',(29.1095668379169,97.3919019423659,5.5982361909372));
#3437=CARTESIAN_POINT('',(29.1678336381887,97.5366594128799,5.05343945476415));
#3438=CARTESIAN_POINT('',(29.1964628591657,97.7060380010554,4.51558235268414));
#3439=CARTESIAN_POINT('',(29.1825390283632,97.9063188462376,3.98623970501993));
#3440=CARTESIAN_POINT('',(29.1825390283631,97.9063188462375,3.98623970501989));
#3441=CARTESIAN_POINT('',(29.1825390283631,97.9063188462375,3.98623970501989));
#3442=CARTESIAN_POINT('',(29.4044613338399,97.6824333276035,4.07196967022352));
#3443=CARTESIAN_POINT('',(29.8698887037306,97.2201419813678,4.12576380032572));
#3444=CARTESIAN_POINT('',(30.5436780907688,96.5399134215458,3.90586575417499));
#3445=CARTESIAN_POINT('',(31.0454476651513,96.0947175609886,3.37294103700148));
#3446=CARTESIAN_POINT('',(31.2767051712968,96.0557181520831,2.74290713139772));
#3447=CARTESIAN_POINT('',(31.2993626417312,96.2460672466853,2.27101075463597));
#3448=CARTESIAN_POINT('',(31.1691602153926,96.5839729241619,1.92475286299341));
#3449=CARTESIAN_POINT('',(30.8640444126716,97.0960707562966,1.64374858010629));
#3450=CARTESIAN_POINT('',(30.3474800986619,97.7253967971887,1.530252985495));
#3451=CARTESIAN_POINT('',(29.6317216601122,98.3885293604076,1.58013717159673));
#3452=CARTESIAN_POINT('',(29.1013418522576,98.7384060380575,1.79481173201121));
#3453=CARTESIAN_POINT('',(28.8658111726417,98.846969936566,1.99672753336392));
#3454=CARTESIAN_POINT('',(28.8658111726417,98.846969936566,1.99672753336392));
#3455=CARTESIAN_POINT('',(28.8658111726418,98.846969936566,1.99672753336394));
#3456=CARTESIAN_POINT('',(28.5985136198303,99.3153072710487,1.19433067575291));
#3457=CARTESIAN_POINT('',(28.1250322760941,99.8640885721452,0.494209189225972));
#3458=CARTESIAN_POINT('',(27.4417455144975,100.36032480194,-8.18719505965526E-12));
#3459=CARTESIAN_POINT('',(27.4417455144975,100.36032480194,-8.18719505965526E-12));
#3460=CARTESIAN_POINT('',(22.,89.66512,1.46684712622286E-11));
#3461=CARTESIAN_POINT('',(31.3998578884047,82.2057184370195,-2.47987726057172E-11));
#3462=CARTESIAN_POINT('',(31.3998578884047,82.2057184370195,-2.48265281813328E-11));
#3463=CARTESIAN_POINT('',(30.645474024383,81.5004814738425,0.569279382489504));
#3464=CARTESIAN_POINT('',(29.7823035434632,80.8848252101191,1.1105197936773));
#3465=CARTESIAN_POINT('',(28.9833452460755,80.541552890437,1.90554043523512));
#3466=CARTESIAN_POINT('',(28.9833452460754,80.541552890437,1.90554043523512));
#3467=CARTESIAN_POINT('',(28.9833452460754,80.5415528904369,1.90554043523507));
#3468=CARTESIAN_POINT('',(29.2959061059965,80.7067656923886,1.68615662745309));
#3469=CARTESIAN_POINT('',(29.9694671038641,81.2125953760058,1.51837122598737));
#3470=CARTESIAN_POINT('',(30.6782026199199,81.9784059471245,1.56497229932409));
#3471=CARTESIAN_POINT('',(31.1206089639654,82.6406017475664,1.8381653610572));
#3472=CARTESIAN_POINT('',(31.3157577624994,83.098758757676,2.25443753476158));
#3473=CARTESIAN_POINT('',(31.257515162096,83.3114168156039,2.87977854278055));
#3474=CARTESIAN_POINT('',(30.9726705371716,83.1677010263872,3.44988741205232));
#3475=CARTESIAN_POINT('',(30.5897975585425,82.8276556378558,3.82841556710302));
#3476=CARTESIAN_POINT('',(30.0297413994711,82.2736871991901,4.10382134456122));
#3477=CARTESIAN_POINT('',(29.4287976076978,81.6721700282052,4.11071092465933));
#3478=CARTESIAN_POINT('',(28.8688374029252,81.1079533903866,3.85083130572575));
#3479=CARTESIAN_POINT('',(28.5209202694477,80.7219785421222,3.48826959330311));
#3480=CARTESIAN_POINT('',(28.3536003184059,80.425642717837,2.93624935401264));
#3481=CARTESIAN_POINT('',(28.4741927950487,80.3696533486953,2.50991737883703));
#3482=CARTESIAN_POINT('',(28.5804079725895,80.386622977685,2.33226090241261));
#3483=CARTESIAN_POINT('',(28.5804079725895,80.3866229776849,2.3322609024126));
#3484=CARTESIAN_POINT('',(28.5804079725895,80.386622977685,2.33226090241261));
#3485=CARTESIAN_POINT('',(28.3790282886339,80.3184982844937,2.55964903062291));
#3486=CARTESIAN_POINT('',(28.1879980953123,80.2681838119095,2.79858908888133));
#3487=CARTESIAN_POINT('',(28.0093156423241,80.2343204118161,3.0503592986402));
#3488=CARTESIAN_POINT('',(12.6754152031078,96.2211550688389,2.25035114798252));
#3489=CARTESIAN_POINT('',(12.7487296050155,96.0064541218071,2.92529821987787));
#3490=CARTESIAN_POINT('',(13.069900233312,96.1915553945704,3.5174137550324));
#3491=CARTESIAN_POINT('',(13.627072462737,96.7041945171741,4.01041806200262));
#3492=CARTESIAN_POINT('',(14.2574247736828,97.3458624724807,4.14339578951313));
#3493=CARTESIAN_POINT('',(14.8785692873586,97.9625714180065,3.99958983059605));
#3494=CARTESIAN_POINT('',(15.3055186277079,98.4022942679032,3.7239972540998));
#3495=CARTESIAN_POINT('',(15.6120591480993,98.7817913508785,3.24434232302473));
#3496=CARTESIAN_POINT('',(15.6094713614353,98.9992809930953,2.56689379815549));
#3497=CARTESIAN_POINT('',(15.2123058182947,98.9111879430296,1.9922640726795));
#3498=CARTESIAN_POINT('',(14.6843661232292,98.606942577933,1.69032631627885));
#3499=CARTESIAN_POINT('',(14.1663484467875,98.2034841217077,1.56294281022255));
#3500=CARTESIAN_POINT('',(13.6871568965466,97.7461009961751,1.54136335252662));
#3501=CARTESIAN_POINT('',(13.2530704244518,97.2452266197084,1.61141818422479));
#3502=CARTESIAN_POINT('',(12.8915228322574,96.7170323958816,1.81441237103125));
#3503=CARTESIAN_POINT('',(12.6754152031078,96.2211550688389,2.25035114798252));
#3504=CARTESIAN_POINT('',(12.7487296050155,96.0064541218071,2.92529821987787));
#3505=CARTESIAN_POINT('',(13.069900233312,96.1915553945704,3.5174137550324));
#3506=CARTESIAN_POINT('',(12.7900389760857,96.0730878251146,2.91149296375343));
#3507=CARTESIAN_POINT('',(18.2899753576324,91.4966376493626,5.64999999998013));
#3508=CARTESIAN_POINT('',(15.9435984279481,91.2913562676564,5.84999999998506));
#3509=CARTESIAN_POINT('',(15.9435984279481,91.2892807591718,5.84999999998506));
#3510=CARTESIAN_POINT('',(15.9436640533548,91.2872180842761,5.84996794662872));
#3511=CARTESIAN_POINT('',(15.9437940802374,91.2851680033275,5.84990444150712));
#3512=CARTESIAN_POINT('',(15.9437940802373,91.2851680033275,5.84990444150712));
#3513=CARTESIAN_POINT('',(15.9149251742507,91.0886302594504,5.66474751611057));
#3514=CARTESIAN_POINT('',(15.9363470418957,91.09762016451,5.76061938106496));
#3515=CARTESIAN_POINT('',(15.9500667386947,91.1862695498711,5.84684087549655));
#3516=CARTESIAN_POINT('',(15.9437940802374,91.2851680033275,5.84990444150712));
#3517=CARTESIAN_POINT('',(15.9149251742507,91.0886302594504,5.66474751611059));
#3518=CARTESIAN_POINT('',(18.3073590530017,91.2979411020764,5.66474751610557));
#3519=CARTESIAN_POINT('',(18.3073590530018,91.2979411020765,5.66474751610562));
#3520=CARTESIAN_POINT('',(18.2899753576322,91.4966376493626,5.64999999998014));
#3521=CARTESIAN_POINT('',(28.0565615396323,97.6056137214172,5.84946734704631));
#3522=CARTESIAN_POINT('',(27.9005484005485,97.6783638429447,5.83687877562622));
#3523=CARTESIAN_POINT('',(27.8890136490307,97.6837425859122,5.66474751608578));
#3524=CARTESIAN_POINT('',(28.0686947869847,97.6317994935613,5.8494622191449));
#3525=CARTESIAN_POINT('',(27.9089035655832,97.6998702672532,5.83670681634795));
#3526=CARTESIAN_POINT('',(27.8984064992787,97.704187714852,5.66302079861799));
#3527=CARTESIAN_POINT('',(28.0793705474711,97.6583697272896,5.8494570590511));
#3528=CARTESIAN_POINT('',(27.9159880001172,97.7215015521244,5.83653230564685));
#3529=CARTESIAN_POINT('',(27.9066908763142,97.7249399210899,5.66128463182593));
#3530=CARTESIAN_POINT('',(28.0886506090875,97.6853064493303,5.84945185995469));
#3531=CARTESIAN_POINT('',(27.9218855844799,97.7432185326234,5.83635494075695));
#3532=CARTESIAN_POINT('',(27.9139117236711,97.7459875958151,5.65953678006911));
#3533=CARTESIAN_POINT('',(28.0697817543094,97.5994490340706,5.6499999999596));
#3534=CARTESIAN_POINT('',(28.0550460100137,97.6063204244845,5.84933800896398));
#3535=CARTESIAN_POINT('',(27.8890136490308,97.6837425859122,5.66474751608549));
#3536=CARTESIAN_POINT('',(28.0550460099974,97.6063204244921,5.84933800896251));
#3537=CARTESIAN_POINT('',(28.0522795367027,97.6395749320093,5.84798718405517));
#3538=CARTESIAN_POINT('',(28.0483351201401,97.6826695742151,5.84602344400565));
#3539=CARTESIAN_POINT('',(28.0199920721438,97.6937730626581,5.83228300167918));
#3540=CARTESIAN_POINT('',(28.0199920721439,97.6937730626581,5.83228300167919));
#3541=CARTESIAN_POINT('',(27.9137824097778,97.7456110288838,5.65956805251155));
#3542=CARTESIAN_POINT('',(27.9151291003366,97.7388829231408,5.7322872443765));
#3543=CARTESIAN_POINT('',(27.9575842254635,97.718221555439,5.80202826626262));
#3544=CARTESIAN_POINT('',(28.0199920721439,97.6937730626581,5.83228300167919));
#3545=CARTESIAN_POINT('',(27.9137824097778,97.7456110288838,5.65956805251152));
#3546=CARTESIAN_POINT('',(27.8890136490308,97.6837425859122,5.66474751608549));
#3547=CARTESIAN_POINT('',(27.8983534808262,97.704072311183,5.66303054533983));
#3548=CARTESIAN_POINT('',(27.9065943688097,97.7246993509729,5.66130476387372));
#3549=CARTESIAN_POINT('',(27.913782409778,97.7456110288839,5.65956805251431));
#3550=CARTESIAN_POINT('',(25.4411531330292,91.9623367642857,5.64999999996512));
#3551=CARTESIAN_POINT('',(28.0564015717296,97.5707551399295,5.84999999995963));
#3552=CARTESIAN_POINT('',(28.0564015717295,97.5826315643793,5.84999999995963));
#3553=CARTESIAN_POINT('',(28.056030156108,97.5944904550517,5.84981855185876));
#3554=CARTESIAN_POINT('',(28.0550460099886,97.6063204244845,5.84933800896213));
#3555=CARTESIAN_POINT('',(25.2603850277505,92.0466303161273,5.66474751609097));
#3556=CARTESIAN_POINT('',(25.2603850277505,92.0466303161272,5.66474751609098));
#3557=CARTESIAN_POINT('',(25.4411531330292,91.9623367642857,5.64999999996512));
#3558=CARTESIAN_POINT('',(34.5000000000367,82.5495776899453,8.75505083078864));
#3559=CARTESIAN_POINT('',(13.6817586772503,82.5495776899453,9.05397578852222));
#3560=CARTESIAN_POINT('',(13.5772962791343,82.5495776899453,9.14846699653551));
#3561=CARTESIAN_POINT('',(13.3580694714183,82.5495776899454,9.32630405027852));
#3562=CARTESIAN_POINT('',(13.0761673696695,82.5495776899453,9.53673857254426));
#3563=CARTESIAN_POINT('',(12.8477763832557,82.5495776899453,9.70253255420886));
#3564=CARTESIAN_POINT('',(12.6781340778,82.5495776899453,9.82608090664558));
#3565=CARTESIAN_POINT('',(12.5270910883429,82.5495776899453,9.92560125743957));
#3566=CARTESIAN_POINT('',(12.4203406640536,82.5495776899453,10.0017891066484));
#3567=CARTESIAN_POINT('',(12.3265282842413,82.5495776899454,10.0228929003931));
#3568=CARTESIAN_POINT('',(12.3265282841587,82.5495776899454,9.98708598093709));
#3569=CARTESIAN_POINT('',(13.6817586772503,82.5495776899454,9.05397578852223));
#3570=CARTESIAN_POINT('',(12.3265282839974,82.5495776899454,9.98708598098164));
#3571=CARTESIAN_POINT('',(12.3265282839921,82.5495776899454,8.75505083088176));
#3572=CARTESIAN_POINT('',(12.326528283983,82.5495776899454,6.5979870822827));
#3573=CARTESIAN_POINT('',(34.5000000000277,82.5495776899453,6.59798708218958));
#3574=CARTESIAN_POINT('',(13.7390829818381,82.5495776899454,6.59798708227677));
#3575=CARTESIAN_POINT('',(13.7390829818381,82.5495776899454,6.59798708227677));
#3576=CARTESIAN_POINT('',(13.9019827347944,82.5495776899454,7.06972655531098));
#3577=CARTESIAN_POINT('',(14.0665863693571,82.5495776899454,7.54087029600496));
#3578=CARTESIAN_POINT('',(14.2332240728123,82.5495776899454,8.01130286016114));
#3579=CARTESIAN_POINT('',(14.2332240728124,82.5495776899454,8.01130286016113));
#3580=CARTESIAN_POINT('',(14.2332240728124,82.5495776899454,8.01130286016113));
#3581=CARTESIAN_POINT('',(14.3365781053682,82.5495776899454,8.30308018032805));
#3582=CARTESIAN_POINT('',(14.173148763142,82.5495776899453,8.62744539561256));
#3583=CARTESIAN_POINT('',(13.9411791275277,82.5495776899453,8.82580740079602));
#3584=CARTESIAN_POINT('',(13.9411791275277,82.5495776899454,8.82580740079601));
#3585=CARTESIAN_POINT('',(21.9999999998507,82.5495776899453,18.2500000000488));
#3586=CARTESIAN_POINT('',(34.5000000000367,82.5495776899453,8.75505083078864));
#3587=CARTESIAN_POINT('',(30.0588208724258,82.5495776899453,8.82580740101174));
#3588=CARTESIAN_POINT('',(29.82685123682,82.5495776899453,8.62744539582359));
#3589=CARTESIAN_POINT('',(29.663421894599,82.5495776899453,8.30308018054053));
#3590=CARTESIAN_POINT('',(29.7667759271556,82.5495776899453,8.01130286037607));
#3591=CARTESIAN_POINT('',(30.0588208724259,82.5495776899453,8.82580740101173));
#3592=CARTESIAN_POINT('',(29.7667759271556,82.5495776899453,8.01130286037606));
#3593=CARTESIAN_POINT('',(29.7667759271556,82.5495776899453,8.01130286037607));
#3594=CARTESIAN_POINT('',(29.9334136306409,82.5495776899453,7.54087029612538));
#3595=CARTESIAN_POINT('',(30.0980172652326,82.5495776899453,7.06972655533662));
#3596=CARTESIAN_POINT('',(30.2609170182173,82.5495776899453,6.59798708220739));
#3597=CARTESIAN_POINT('',(30.2609170182172,82.5495776899453,6.59798708220738));
#3598=CARTESIAN_POINT('',(34.5000000000277,82.5495776899453,6.59798708218958));
#3599=CARTESIAN_POINT('',(31.6800973852969,82.5495776899453,6.59798708220142));
#3600=CARTESIAN_POINT('',(31.680097385306,82.5495776899453,8.75505083080048));
#3601=CARTESIAN_POINT('',(31.6800973853111,82.5495776899453,9.99482567674773));
#3602=CARTESIAN_POINT('',(31.6800973853111,82.5495776899453,9.99482567674773));
#3603=CARTESIAN_POINT('',(31.6800973852969,82.5495776899453,10.0306585974307));
#3604=CARTESIAN_POINT('',(31.5862329530824,82.5495776899453,10.0094456068256));
#3605=CARTESIAN_POINT('',(31.4794899148415,82.5495776899453,9.93308023657405));
#3606=CARTESIAN_POINT('',(31.3284299262917,82.5495776899453,9.83334045375831));
#3607=CARTESIAN_POINT('',(31.1587789614773,82.5495776899453,9.70954060518458));
#3608=CARTESIAN_POINT('',(30.9303662229679,82.5495776899453,9.54341871518074));
#3609=CARTESIAN_POINT('',(30.6484258471413,82.5495776899453,9.33258850616971));
#3610=CARTESIAN_POINT('',(30.429173530375,82.5495776899453,9.1544571292809));
#3611=CARTESIAN_POINT('',(30.3247104801566,82.5495776899453,9.05983158923705));
#3612=CARTESIAN_POINT('',(30.3247104801567,82.5495776899453,9.05983158923704));
#3613=CARTESIAN_POINT('',(21.9999999998507,82.5495776899453,18.2500000000488));
#3614=CARTESIAN_POINT('',(16.8810487121449,79.16512,6.60000000003616));
#3615=CARTESIAN_POINT('',(16.8810487121294,79.16512,2.90000000003616));
#3616=CARTESIAN_POINT('',(14.8914882865035,79.3692016326458,2.90000000004452));
#3617=CARTESIAN_POINT('',(15.6756839629269,77.5691576503877,2.90000000004122));
#3618=CARTESIAN_POINT('',(16.8810487121344,79.16512,4.08501012081139));
#3619=CARTESIAN_POINT('',(14.8914882865091,79.3692016326458,4.2365417657914));
#3620=CARTESIAN_POINT('',(14.8914882865191,79.3692016326458,6.60000000004452));
#3621=CARTESIAN_POINT('',(27.1255769571351,79.16512,6.59999999999313));
#3622=CARTESIAN_POINT('',(29.115137382761,79.3692016326458,6.59999999998478));
#3623=CARTESIAN_POINT('',(29.1151373827511,79.3692016326458,4.23654176573168));
#3624=CARTESIAN_POINT('',(29.1151373827454,79.3692016326458,2.89999999998478));
#3625=CARTESIAN_POINT('',(27.1255769571246,79.16512,4.08501012076838));
#3626=CARTESIAN_POINT('',(28.330941706325,77.5691576503885,2.8999999999887));
#3627=CARTESIAN_POINT('',(27.1255769571196,79.16512,2.89999999999314));
#3628=CARTESIAN_POINT('',(20.7785152173665,87.2202289367,5.65135068792095));
#3629=CARTESIAN_POINT('',(26.6745727194991,78.7997861673924,5.65135068790857));
#3630=CARTESIAN_POINT('',(20.7625300998757,87.209036036938,2.76186907203369));
#3631=CARTESIAN_POINT('',(26.6585876020083,78.7885932676304,2.76186907202131));
#3632=CARTESIAN_POINT('',(21.5824777210436,87.7831695422197,0.878085509396976));
#3633=CARTESIAN_POINT('',(27.4785352231762,79.3627267729121,0.878085509384598));
#3634=CARTESIAN_POINT('',(23.2383580808702,88.9426294525449,1.08073189741671E-11));
#3635=CARTESIAN_POINT('',(29.1344155830028,80.5221866832373,-1.57119686062478E-12));
#3636=CARTESIAN_POINT('',(20.8134720799651,87.1703053629253,5.65135067668397));
#3637=CARTESIAN_POINT('',(21.2436807086307,86.5533691652238,5.436087478688));
#3638=CARTESIAN_POINT('',(22.0514750146991,85.4081405972786,4.71333713003902));
#3639=CARTESIAN_POINT('',(23.2250653387968,84.1176724037149,3.13974674535042));
#3640=CARTESIAN_POINT('',(24.6421375100348,83.4998359182362,1.28135493748001));
#3641=CARTESIAN_POINT('',(25.8897295052568,83.8930855531957,0.314676744537771));
#3642=CARTESIAN_POINT('',(26.4917499824921,84.2963042930926,3.97309750996759E-12));
#3643=CARTESIAN_POINT('',(20.8134720799651,87.1703053629254,5.651350676683));
#3644=CARTESIAN_POINT('',(26.4917499824922,84.2963042930925,3.98697529777523E-12));
#3645=CARTESIAN_POINT('',(22.4914912265734,90.0092658618106,1.2375333393811E-11));
#3646=CARTESIAN_POINT('',(29.0994587203419,80.5721102569684,-1.50267361727217E-12));
#3647=CARTESIAN_POINT('',(29.0994587203419,80.5721102569684,-1.50267361727217E-12));
#3648=CARTESIAN_POINT('',(28.6748797650247,80.3308650591661,0.211186135448598));
#3649=CARTESIAN_POINT('',(27.8289063888233,80.0003234213647,0.766453171778832));
#3650=CARTESIAN_POINT('',(26.7576486822726,79.918663075938,1.96040688980723));
#3651=CARTESIAN_POINT('',(26.0098572139331,80.0906858632163,3.35465822698808));
#3652=CARTESIAN_POINT('',(25.7045669964674,80.2862686077303,4.32486679893134));
#3653=CARTESIAN_POINT('',(25.5858387712955,80.3969581962941,4.82197934035956));
#3654=CARTESIAN_POINT('',(25.5858387712955,80.396958196294,4.82197934035946));
#3655=CARTESIAN_POINT('',(25.5858387712907,80.3969581963013,4.8219793403564));
#3656=CARTESIAN_POINT('',(25.3105145062534,80.7577706525995,5.09549091718773));
#3657=CARTESIAN_POINT('',(25.0451032652785,81.1236219691922,5.37212270477027));
#3658=CARTESIAN_POINT('',(24.7883341116288,81.49361407533,5.65135067667514));
#3659=CARTESIAN_POINT('',(24.7883341116289,81.4936140753299,5.65135067667465));
#3660=CARTESIAN_POINT('',(25.4442729596753,80.5568363169476,5.65135067667327));
#3661=CARTESIAN_POINT('',(22.4063593592117,85.6877727044608,5.66474750045374));
#3662=CARTESIAN_POINT('',(26.7742459844551,79.449784126944,5.66474750044457));
#3663=CARTESIAN_POINT('',(22.5530674086004,85.7904987865624,3.24251054035439));
#3664=CARTESIAN_POINT('',(26.9209540338437,79.5525102090455,3.24251054034522));
#3665=CARTESIAN_POINT('',(23.5765822115775,86.5071715670789,1.35426137353767));
#3666=CARTESIAN_POINT('',(27.9444688368208,80.2691829895621,1.3542613735285));
#3667=CARTESIAN_POINT('',(25.476903768143,87.8377910460105,3.58504293211281E-12));
#3668=CARTESIAN_POINT('',(29.8447903933863,81.5998024684936,-5.58514472898005E-12));
#3669=CARTESIAN_POINT('',(27.5935029330874,84.814974167523,-8.55192426398027E-13));
#3670=CARTESIAN_POINT('',(27.1372575028083,84.413716910425,0.35252907248699));
#3671=CARTESIAN_POINT('',(26.1435731148618,83.8351701853957,1.18240292375579));
#3672=CARTESIAN_POINT('',(24.6967046988171,83.7587678684895,2.74640507361476));
#3673=CARTESIAN_POINT('',(23.4829702269242,84.4193020044955,4.35268378534444));
#3674=CARTESIAN_POINT('',(22.7851079967059,85.1984328587187,5.26470193022469));
#3675=CARTESIAN_POINT('',(22.4322559192835,85.6507885817963,5.66474751609691));
#3676=CARTESIAN_POINT('',(27.5935029330874,84.814974167523,-8.55192426398027E-13));
#3677=CARTESIAN_POINT('',(22.4322559192835,85.6507885817963,5.66474751609689));
#3678=CARTESIAN_POINT('',(22.4322559192835,85.6507885817963,5.66474751609691));
#3679=CARTESIAN_POINT('',(25.1827123294144,81.7227297420368,5.66474751609113));
#3680=CARTESIAN_POINT('',(25.1827123303618,81.7227297427002,5.66474750044791));
#3681=CARTESIAN_POINT('',(25.5219858253002,81.2796440348655,5.34322437840302));
#3682=CARTESIAN_POINT('',(25.8767081310104,80.8473757007897,5.03110980201446));
#3683=CARTESIAN_POINT('',(26.2468792474925,80.4259247404726,4.72840377128224));
#3684=CARTESIAN_POINT('',(26.2468792474838,80.4259247404826,4.72840377128942));
#3685=CARTESIAN_POINT('',(26.2468792474838,80.4259247404826,4.72840377128943));
#3686=CARTESIAN_POINT('',(26.5615987835586,80.3235104104531,3.74849108811029));
#3687=CARTESIAN_POINT('',(27.5799151350399,80.3647768221789,1.85773199144646));
#3688=CARTESIAN_POINT('',(29.0798612081412,81.1105695614819,0.529597250179535));
#3689=CARTESIAN_POINT('',(29.8076754139884,81.652808152341,-5.50411405071903E-12));
#3690=CARTESIAN_POINT('',(29.8076754139884,81.652808152341,-5.50411405071903E-12));
#3691=CARTESIAN_POINT('',(23.4744736797202,90.6975575854319,7.78905765697592E-12));
#3692=CARTESIAN_POINT('',(25.5462068242843,79.7183932452616,4.99613092163424));
#3693=CARTESIAN_POINT('',(25.8077792792525,80.0618395634284,4.9831001490699));
#3694=CARTESIAN_POINT('',(25.5769819370089,80.4053018781157,4.85936030545807));
#3695=CARTESIAN_POINT('',(25.667645944989,79.6063048629304,4.4577749156311));
#3696=CARTESIAN_POINT('',(25.9200964604633,79.9483339046966,4.46428398350587));
#3697=CARTESIAN_POINT('',(25.7005675724711,80.2876543298065,4.33355137181725));
#3698=CARTESIAN_POINT('',(25.9831059366774,79.4174607555218,3.41518555351611));
#3699=CARTESIAN_POINT('',(26.2088579586653,79.7543735524628,3.46708994625913));
#3700=CARTESIAN_POINT('',(26.0214014743773,80.0832843291212,3.31812296307136));
#3701=CARTESIAN_POINT('',(26.7698152490496,79.2909193450959,1.91252074821912));
#3702=CARTESIAN_POINT('',(26.9253976471054,79.6005961116331,2.03403542224202));
#3703=CARTESIAN_POINT('',(26.7955877558028,79.9148269156686,1.90488138818956));
#3704=CARTESIAN_POINT('',(27.7273647638412,79.4359856164311,0.832055909831601));
#3705=CARTESIAN_POINT('',(27.8076409648933,79.7043291732321,0.99539835460443));
#3706=CARTESIAN_POINT('',(27.6927872821244,79.9972682199562,0.928689591316927));
#3707=CARTESIAN_POINT('',(28.4922562863837,79.721733396074,0.254530561547989));
#3708=CARTESIAN_POINT('',(28.5193002511619,79.957193089953,0.437458044800241));
#3709=CARTESIAN_POINT('',(28.3899881993295,80.2250751319201,0.407207858052513));
#3710=CARTESIAN_POINT('',(28.9525604083415,79.9446476374562,-0.0271670909259825));
#3711=CARTESIAN_POINT('',(28.9525520517813,80.1630581638325,0.163758989260293));
#3712=CARTESIAN_POINT('',(28.8147387246685,80.4172717326372,0.147055944326795));
#3713=CARTESIAN_POINT('',(29.1806329376331,80.0722198291638,-0.14570857759157));
#3714=CARTESIAN_POINT('',(29.1614626343109,80.2778536354786,0.051251942458184));
#3715=CARTESIAN_POINT('',(29.0167774928416,80.5236654035595,0.0414901899245168));
#3716=CARTESIAN_POINT('',(29.30120013828,80.1441986818787,-0.204941662741473));
#3717=CARTESIAN_POINT('',(29.2801069863002,80.3486061834324,-0.00859283681856507));
#3718=CARTESIAN_POINT('',(29.1335056465867,80.591950787627,-0.0170580596027642));
#3719=CARTESIAN_POINT('',(25.7326509797229,80.1672884680906,4.58655288394471));
#3720=CARTESIAN_POINT('',(25.6727316359507,80.2845768729788,4.7054631688672));
#3721=CARTESIAN_POINT('',(25.6158123846186,80.3588102726373,4.7826402930778));
#3722=CARTESIAN_POINT('',(25.5858387712955,80.3969581962941,4.82197934035953));
#3723=CARTESIAN_POINT('',(25.7326509910113,80.1672884721298,4.58655288565184));
#3724=CARTESIAN_POINT('',(28.9155863391092,79.9306492485558,-1.43722010754601E-11));
#3725=CARTESIAN_POINT('',(28.9917440103804,80.0201643181273,-1.4692054531312E-11));
#3726=CARTESIAN_POINT('',(29.1282385743901,80.2138969847236,-1.52653234397831E-11));
#3727=CARTESIAN_POINT('',(29.1684553871753,80.4735728048129,-1.54342769236294E-11));
#3728=CARTESIAN_POINT('',(29.09945872037,80.572110256983,-1.51445390324718E-11));
#3729=CARTESIAN_POINT('',(25.7553348893985,80.2016350912299,4.40095062290039));
#3730=CARTESIAN_POINT('',(25.7354954870593,80.2199341642068,4.46190644040035));
#3731=CARTESIAN_POINT('',(25.7303832910121,80.2078316569181,4.53368182915913));
#3732=CARTESIAN_POINT('',(25.7326509796617,80.1672884686065,4.58655288343684));
#3733=CARTESIAN_POINT('',(26.2330428986109,80.4305412035987,4.77186352330143));
#3734=CARTESIAN_POINT('',(26.5176526939101,79.97169677331,4.92467748481417));
#3735=CARTESIAN_POINT('',(26.9867019381398,80.2561419901857,5.04290091186832));
#3736=CARTESIAN_POINT('',(26.4259186807096,80.3645781671261,4.16068337439227));
#3737=CARTESIAN_POINT('',(26.712749560661,79.879817830014,4.30745927458045));
#3738=CARTESIAN_POINT('',(27.1778023497659,80.1878156308297,4.48360911335332));
#3739=CARTESIAN_POINT('',(26.9585870598034,80.3222789089073,2.94577961141809));
#3740=CARTESIAN_POINT('',(27.2701548409314,79.7724068703572,3.05496365257808));
#3741=CARTESIAN_POINT('',(27.6996206310218,80.1346826205109,3.38443154461376));
#3742=CARTESIAN_POINT('',(28.1492883956289,80.6482537211544,1.38039468688131));
#3743=CARTESIAN_POINT('',(28.5222916751734,80.004454214037,1.43355910096545));
#3744=CARTESIAN_POINT('',(28.8463579155434,80.4275961286015,1.96543459312563));
#3745=CARTESIAN_POINT('',(29.1567341300803,81.1847558411941,0.482588897852361));
#3746=CARTESIAN_POINT('',(29.5911907308217,80.507920585638,0.500946929201287));
#3747=CARTESIAN_POINT('',(29.8343741961306,80.9560666869216,1.12560570198113));
#3748=CARTESIAN_POINT('',(29.8323202983482,81.6676880624465,-0.0184641107448118));
#3749=CARTESIAN_POINT('',(30.3295100422655,81.0007483254158,-0.0328804219227403));
#3750=CARTESIAN_POINT('',(30.4915280860236,81.4343844820277,0.658536715791826));
#3751=CARTESIAN_POINT('',(30.2362598383702,81.9835352059048,-0.314667686631573));
#3752=CARTESIAN_POINT('',(30.7669838466369,81.316874383933,-0.345232111708879));
#3753=CARTESIAN_POINT('',(30.9213232750309,81.7750018644872,0.356669136164786));
#3754=CARTESIAN_POINT('',(30.534199711896,82.2404418881789,-0.544180319807588));
#3755=CARTESIAN_POINT('',(31.091547695604,81.5763409714905,-0.588336554003959));
#3756=CARTESIAN_POINT('',(31.2290310685295,82.0448832602633,0.129280504416205));
#3757=CARTESIAN_POINT('',(30.7253290579312,82.4176465197637,-0.694911655462112));
#3758=CARTESIAN_POINT('',(31.2990577983073,81.7543754040935,-0.747178921520279));
#3759=CARTESIAN_POINT('',(31.4282460534071,82.2323442747004,-0.0214508312604944));
#3760=CARTESIAN_POINT('',(26.2468792474896,80.4259247404807,4.72840377127109));
#3761=CARTESIAN_POINT('',(26.3365128049777,80.3316902699837,4.63303742703618));
#3762=CARTESIAN_POINT('',(26.5018442377954,80.2239641670092,4.5196632011193));
#3763=CARTESIAN_POINT('',(26.6398372400569,80.1600790879547,4.44650734056088));
#3764=CARTESIAN_POINT('',(26.8031503351821,80.11949538823,4.39439898359148));
#3765=CARTESIAN_POINT('',(26.871697130322,80.1141590360993,4.38317545286183));
#3766=CARTESIAN_POINT('',(26.8716242473837,80.1141422903455,4.38275360643255));
#3767=CARTESIAN_POINT('',(26.8716266878168,80.1141420857304,4.38275389063024));
#3768=CARTESIAN_POINT('',(26.8727144030981,80.1135614031651,4.372995498337));
#3769=CARTESIAN_POINT('',(26.8756857486779,80.1128800454607,4.36338499631093));
#3770=CARTESIAN_POINT('',(26.8802143916795,80.1121388275904,4.35474866056991));
#3771=CARTESIAN_POINT('',(26.8802143916794,80.1121388275904,4.3547486605698));
#3772=CARTESIAN_POINT('',(26.8802143917046,80.1121388276019,4.35474866058202));
#3773=CARTESIAN_POINT('',(26.9577036917346,80.0994558994238,4.20697291161698));
#3774=CARTESIAN_POINT('',(27.1256376523409,80.0820083752046,3.91831726974286));
#3775=CARTESIAN_POINT('',(27.3666189333932,80.0845349657684,3.57655142533168));
#3776=CARTESIAN_POINT('',(27.5752543934515,80.1042233164398,3.32036384105158));
#3777=CARTESIAN_POINT('',(27.7143552774191,80.1254553712436,3.16758438141003));
#3778=CARTESIAN_POINT('',(27.8308962747056,80.1488260054343,3.0521831297554));
#3779=CARTESIAN_POINT('',(27.9119873287147,80.1694668677097,2.98380523895252));
#3780=CARTESIAN_POINT('',(27.9742266612902,80.1871493693581,2.93613555333645));
#3781=CARTESIAN_POINT('',(28.0479858054784,80.2178997524113,2.91355479096529));
#3782=CARTESIAN_POINT('',(28.0313815411588,80.2311922913415,2.99606370629858));
#3783=CARTESIAN_POINT('',(28.0173096621593,80.2332067919051,3.03082211398458));
#3784=CARTESIAN_POINT('',(28.0093156423277,80.2343204118188,3.05035929864153));
#3785=CARTESIAN_POINT('',(28.5804079725979,80.386622977689,2.33226090240665));
#3786=CARTESIAN_POINT('',(28.7011429422651,80.4198377862104,2.17270998800028));
#3787=CARTESIAN_POINT('',(28.8389864600865,80.4732454678413,2.03056562707762));
#3788=CARTESIAN_POINT('',(28.9833452460769,80.5415528904374,1.90554043523318));
#3789=CARTESIAN_POINT('',(29.8076754139884,81.652808152341,-5.50411405071903E-12));
#3790=CARTESIAN_POINT('',(29.8987928691542,81.5226789403671,-5.88674382879093E-12));
#3791=CARTESIAN_POINT('',(30.2446228743245,81.4608500192856,-2.58111643567374E-11));
#3792=CARTESIAN_POINT('',(30.6858780477048,81.6114946135338,-2.02294021078256E-11));
#3793=CARTESIAN_POINT('',(31.0837232005208,81.8640558792175,-2.39317429765716E-11));
#3794=CARTESIAN_POINT('',(31.3025788996792,82.0831337146625,-2.4390210203513E-11));
#3795=CARTESIAN_POINT('',(31.3998578884047,82.2057184370195,-2.47987726057172E-11));
#3796=CARTESIAN_POINT('',(16.8810487121294,79.16512,2.90000000003616));
#3797=CARTESIAN_POINT('',(15.6756839629269,77.5691576503877,2.9000000000412));
#3798=CARTESIAN_POINT('',(15.7233991273038,77.5331203484073,2.8732421209578));
#3799=CARTESIAN_POINT('',(15.8184129767974,77.4591691493218,2.8183329814147));
#3800=CARTESIAN_POINT('',(15.9252415479724,77.3649682194453,2.74838831428774));
#3801=CARTESIAN_POINT('',(15.9996778850148,77.2646827966807,2.67392588040162));
#3802=CARTESIAN_POINT('',(15.9248154257108,77.1637328528662,2.59897003627379));
#3803=CARTESIAN_POINT('',(15.8115503722833,77.16512,2.60000000004066));
#3804=CARTESIAN_POINT('',(15.7452670429681,77.16512,2.60000000004094));
#3805=CARTESIAN_POINT('',(15.7452670429681,77.16512,2.60000000004093));
#3806=CARTESIAN_POINT('',(14.5930542226596,79.3998138775426,2.90000000004577));
#3807=CARTESIAN_POINT('',(14.5930542226584,79.3998138775426,2.60000000004577));
#3808=CARTESIAN_POINT('',(16.8810487121281,79.16512,2.60000000003616));
#3809=CARTESIAN_POINT('',(27.1255769571196,79.16512,2.89999999999314));
#3810=CARTESIAN_POINT('',(28.2613586262784,77.1651199999995,2.599999999988));
#3811=CARTESIAN_POINT('',(28.1953775854274,77.1651199999995,2.59999999998823));
#3812=CARTESIAN_POINT('',(28.0822170286602,77.1637383729182,2.59897413488934));
#3813=CARTESIAN_POINT('',(28.0069178237862,77.264288231173,2.67363291346506));
#3814=CARTESIAN_POINT('',(28.0808112337721,77.3644212920786,2.74798221789928));
#3815=CARTESIAN_POINT('',(28.1873828635918,77.458498810811,2.81783525162628));
#3816=CARTESIAN_POINT('',(28.2830317822881,77.5329732544458,2.87313290289432));
#3817=CARTESIAN_POINT('',(28.3309417063239,77.5691576503894,2.89999999998934));
#3818=CARTESIAN_POINT('',(28.2613586262784,77.16512,2.59999999998836));
#3819=CARTESIAN_POINT('',(27.1255769571183,79.16512,2.59999999999314));
#3820=CARTESIAN_POINT('',(29.4135714465881,79.3998138775426,2.59999999998353));
#3821=CARTESIAN_POINT('',(29.4135714465894,79.3998138775426,2.89999999998353));
#3822=CARTESIAN_POINT('',(25.6080996324864,80.6715489882098,5.64999999996477));
#3823=CARTESIAN_POINT('',(24.9521607844399,81.6083267465921,5.64999999996614));
#3824=CARTESIAN_POINT('',(20.5997440830551,87.6620518074146,5.8270532103161));
#3825=CARTESIAN_POINT('',(20.6204471292942,87.6827708720174,5.84220617308288));
#3826=CARTESIAN_POINT('',(20.6435155124323,87.7059312044568,5.84999999997518));
#3827=CARTESIAN_POINT('',(20.6664160302408,87.7290045747075,5.84999999997514));
#3828=CARTESIAN_POINT('',(20.5997440830551,87.6620518074146,5.8270532103161));
#3829=CARTESIAN_POINT('',(20.8134720799651,87.1703053629254,5.65135067668299));
#3830=CARTESIAN_POINT('',(20.7604081694293,87.2464011104764,5.67790222939256));
#3831=CARTESIAN_POINT('',(20.6832735513808,87.3670259391852,5.71738505517806));
#3832=CARTESIAN_POINT('',(20.6145236975464,87.5266818400809,5.77230714761363));
#3833=CARTESIAN_POINT('',(20.5688729383682,87.6311567771014,5.80445801825562));
#3834=CARTESIAN_POINT('',(20.5997440830551,87.6620518074146,5.8270532103161));
#3835=CARTESIAN_POINT('',(22.268871509374,85.5363855863517,5.64999999997178));
#3836=CARTESIAN_POINT('',(25.0193279195049,81.6083267465923,5.64999999996601));
#3837=CARTESIAN_POINT('',(22.2688715093741,85.5363855863517,5.64999999997183));
#3838=CARTESIAN_POINT('',(26.2864687069219,100.381992297889,-0.0192370544334857));
#3839=CARTESIAN_POINT('',(26.5108505515394,100.788246803379,-0.00548083653203476));
#3840=CARTESIAN_POINT('',(26.729443070338,100.814503720674,-0.414268133270358));
#3841=CARTESIAN_POINT('',(26.4193950167841,100.306332351055,0.046983447387498));
#3842=CARTESIAN_POINT('',(26.6497084400731,100.712103864423,0.0631635013642771));
#3843=CARTESIAN_POINT('',(26.8693983290271,100.735862172932,-0.348047631433521));
#3844=CARTESIAN_POINT('',(26.6345927737606,100.169452657927,0.166043797215373));
#3845=CARTESIAN_POINT('',(26.8853190696681,100.573144535586,0.195257548031967));
#3846=CARTESIAN_POINT('',(27.1399230974977,100.573428800382,-0.208048538551155));
#3847=CARTESIAN_POINT('',(27.0500014562752,99.8645357815161,0.461525041387209));
#3848=CARTESIAN_POINT('',(27.3318349682773,100.270262271864,0.5168639491387));
#3849=CARTESIAN_POINT('',(27.6299095409807,100.233019695313,0.120205122457496));
#3850=CARTESIAN_POINT('',(27.6496700000041,99.296917376118,1.08135145058927));
#3851=CARTESIAN_POINT('',(27.9907012261213,99.7103127617073,1.21426070476606));
#3852=CARTESIAN_POINT('',(28.3720321345326,99.5949152677975,0.826215042378755));
#3853=CARTESIAN_POINT('',(28.1537432748847,98.4791844633139,2.23551636319795));
#3854=CARTESIAN_POINT('',(28.5119467903863,98.9661218197145,2.49219248168158));
#3855=CARTESIAN_POINT('',(29.0131724125936,98.7028507004365,2.13935449396604));
#3856=CARTESIAN_POINT('',(28.3155812751742,97.6892365457912,3.89064912430701));
#3857=CARTESIAN_POINT('',(28.6507832754404,98.3130916826067,4.16713534928968));
#3858=CARTESIAN_POINT('',(29.2402320168293,97.8717557788824,3.95290482833408));
#3859=CARTESIAN_POINT('',(28.2233865382406,97.3115452639891,5.08546441194684));
#3860=CARTESIAN_POINT('',(28.5543223746134,98.0019711228162,5.31820205045468));
#3861=CARTESIAN_POINT('',(29.1587123039242,97.4853868948126,5.21762495549225));
#3862=CARTESIAN_POINT('',(28.1427025733819,97.1532814086747,5.6946700355478));
#3863=CARTESIAN_POINT('',(28.4725231025009,97.865874386568,5.91298228490167));
#3864=CARTESIAN_POINT('',(29.0798252592498,97.3253378293781,5.85610616918889));
#3865=CARTESIAN_POINT('',(29.1095668379169,97.3919019423659,5.59823619093719));
#3866=CARTESIAN_POINT('',(28.9911504278811,97.5025935687076,5.59347312290544));
#3867=CARTESIAN_POINT('',(28.6594845913914,97.610494584668,5.59563930204126));
#3868=CARTESIAN_POINT('',(28.3571372620302,97.4447295606035,5.62056751518054));
#3869=CARTESIAN_POINT('',(28.2519460965669,97.323923967733,5.63444629504394));
#3870=CARTESIAN_POINT('',(28.251946096567,97.323923967733,5.63444629504391));
#3871=CARTESIAN_POINT('',(28.2519460965669,97.323923967733,5.63444629504394));
#3872=CARTESIAN_POINT('',(28.2100714860866,97.2758335494644,5.63997117442104));
#3873=CARTESIAN_POINT('',(28.1755376037445,97.2227334685091,5.6456214970699));
#3874=CARTESIAN_POINT('',(28.1483831955364,97.1645922057984,5.65135067666787));
#3875=CARTESIAN_POINT('',(28.1483831955375,97.1645922058009,5.65135067666878));
#3876=CARTESIAN_POINT('',(26.3250480741545,100.359936476452,4.32264569475539E-12));
#3877=CARTESIAN_POINT('',(26.7952756129402,100.084112767772,0.235760324229916));
#3878=CARTESIAN_POINT('',(27.5902432396658,99.4200187597571,0.894858857214693));
#3879=CARTESIAN_POINT('',(28.1695447344819,98.4337304602073,2.31491608752197));
#3880=CARTESIAN_POINT('',(28.3116204333557,97.6731926822476,3.94160312127009));
#3881=CARTESIAN_POINT('',(28.222890251243,97.3152017170811,5.07742998872577));
#3882=CARTESIAN_POINT('',(28.1483831955375,97.1645922058009,5.65135067666878));
#3883=CARTESIAN_POINT('',(26.3250480741545,100.359936476452,4.32264569475539E-12));
#3884=CARTESIAN_POINT('',(27.4417455144976,100.36032480194,-8.18719505965526E-12));
#3885=CARTESIAN_POINT('',(27.2613289407669,100.452121181628,-7.42953415871852E-12));
#3886=CARTESIAN_POINT('',(26.9742503715756,100.544616908622,-6.22393334191147E-12));
#3887=CARTESIAN_POINT('',(26.5660982660217,100.550806250017,-4.50985012756384E-12));
#3888=CARTESIAN_POINT('',(26.3684605006659,100.453034725585,-3.67982433884526E-12));
#3889=CARTESIAN_POINT('',(26.3250480741392,100.359936476462,-3.49748773488369E-12));
#3890=CARTESIAN_POINT('',(28.8658111726417,98.846969936566,1.99672753336392));
#3891=CARTESIAN_POINT('',(28.8262639505103,98.8145105406078,2.18212961048003));
#3892=CARTESIAN_POINT('',(28.713513957277,98.6907063120488,2.53677455235735));
#3893=CARTESIAN_POINT('',(28.7336575663074,98.4290552225457,3.06221887201477));
#3894=CARTESIAN_POINT('',(28.9580106699565,98.2076961190608,3.54754631129902));
#3895=CARTESIAN_POINT('',(29.1131179443532,98.0169918884701,3.84508848682326));
#3896=CARTESIAN_POINT('',(29.1825390283631,97.9063188462375,3.98623970501989));
#3897=CARTESIAN_POINT('',(21.9999999998649,216.866442376868,18.2499999999723));
#3898=CARTESIAN_POINT('',(10.777812156085,82.733124152762,14.0000000001385));
#3899=CARTESIAN_POINT('',(11.1107011133571,82.9494049553422,13.121001786091));
#3900=CARTESIAN_POINT('',(11.9780502819074,83.3520334343522,11.437136411698));
#3901=CARTESIAN_POINT('',(13.2789845972184,83.268300089664,9.95766762371506));
#3902=CARTESIAN_POINT('',(13.9500890424954,82.9495776899455,9.35062173082956));
#3903=CARTESIAN_POINT('',(10.777812156085,82.733124152762,14.0000000001384));
#3904=CARTESIAN_POINT('',(13.9500890424954,82.9495776899455,9.35062173082955));
#3905=CARTESIAN_POINT('',(21.9999999998507,82.9495776899455,18.2500000000488));
#3906=CARTESIAN_POINT('',(14.2011410911522,82.9495776899469,9.12981361367413));
#3907=CARTESIAN_POINT('',(14.2011410911522,82.9495776899469,9.12981361367413));
#3908=CARTESIAN_POINT('',(13.6374978597709,83.9426341121645,9.61179653048688));
#3909=CARTESIAN_POINT('',(12.7946941179989,86.0837815098989,10.5167911876219));
#3910=CARTESIAN_POINT('',(12.3574042285163,89.8050714936576,11.1131212192679));
#3911=CARTESIAN_POINT('',(12.8544579171026,93.4776279416414,10.4402095843101));
#3912=CARTESIAN_POINT('',(13.7433539269819,95.6163969284012,9.50971040867453));
#3913=CARTESIAN_POINT('',(14.3208926447555,96.5866701924861,9.0287576635171));
#3914=CARTESIAN_POINT('',(14.3208926447555,96.5866701924861,9.0287576635171));
#3915=CARTESIAN_POINT('',(14.3208926447555,96.5866701924861,9.02875766351711));
#3916=CARTESIAN_POINT('',(13.5897302088977,96.1175434861382,9.63764252241833));
#3917=CARTESIAN_POINT('',(12.1089481318105,95.9229684664435,11.2056794604396));
#3918=CARTESIAN_POINT('',(11.1413181532282,96.3609428919653,13.0401570395787));
#3919=CARTESIAN_POINT('',(10.7778121560865,96.5971158472014,14.0000000001305));
#3920=CARTESIAN_POINT('',(10.7778121560865,96.5971158472014,14.0000000001305));
#3921=CARTESIAN_POINT('',(10.7778121560993,216.866442376869,14.0000000000618));
#3922=CARTESIAN_POINT('',(21.9999999998649,216.866442376868,18.2499999999723));
#3923=CARTESIAN_POINT('',(29.675209511067,96.5932136760969,9.02551307886361));
#3924=CARTESIAN_POINT('',(30.2569123160073,95.6174214063381,9.50951733181929));
#3925=CARTESIAN_POINT('',(31.1411434789065,93.4949067638631,10.4354282546302));
#3926=CARTESIAN_POINT('',(31.6423745784455,89.80006881873,11.1128696381394));
#3927=CARTESIAN_POINT('',(31.2104406555336,86.1032291173028,10.5223869975446));
#3928=CARTESIAN_POINT('',(30.3599375501965,83.9381156820487,9.60960349709823));
#3929=CARTESIAN_POINT('',(29.7988589087944,82.9495776899455,9.12981361388391));
#3930=CARTESIAN_POINT('',(29.6752095110667,96.593213676097,9.02551307886429));
#3931=CARTESIAN_POINT('',(29.7988589087944,82.9495776899455,9.12981361388391));
#3932=CARTESIAN_POINT('',(21.9999999998507,82.9495776899455,18.2500000000488));
#3933=CARTESIAN_POINT('',(30.0561714324051,82.9495776899403,9.35628863474727));
#3934=CARTESIAN_POINT('',(30.056171432405,82.9495776899403,9.35628863474729));
#3935=CARTESIAN_POINT('',(30.7258190004793,83.2676081863329,9.96287405069018));
#3936=CARTESIAN_POINT('',(32.0237732074257,83.3522057675742,11.4404707303717));
#3937=CARTESIAN_POINT('',(32.8897408980419,82.9521313038008,13.1221689245371));
#3938=CARTESIAN_POINT('',(33.2221878435805,82.7371817994325,14.0000000000442));
#3939=CARTESIAN_POINT('',(33.2221878435805,82.7371817994325,14.0000000000442));
#3940=CARTESIAN_POINT('',(33.2221878435948,216.866442376867,13.9999999999675));
#3941=CARTESIAN_POINT('',(33.222187843582,96.593058200533,14.0000000000363));
#3942=CARTESIAN_POINT('',(33.222187843582,96.593058200533,14.0000000000363));
#3943=CARTESIAN_POINT('',(32.8582564138288,96.3577518411294,13.0390336784075));
#3944=CARTESIAN_POINT('',(31.8894852143119,95.9213290404849,11.2027490087284));
#3945=CARTESIAN_POINT('',(30.4058030582704,96.1207474241954,9.63340147311849));
#3946=CARTESIAN_POINT('',(29.6752095110667,96.593213676097,9.0255130788643));
#3947=CARTESIAN_POINT('',(21.9999999998649,216.866442376868,18.2499999999723));
#3948=CARTESIAN_POINT('',(17.1631956335113,101.46512,7.26795449285966));
#3949=CARTESIAN_POINT('',(16.8199077845105,101.46512,7.41914819952147));
#3950=CARTESIAN_POINT('',(16.1600361682173,101.159890569083,7.75627099990375));
#3951=CARTESIAN_POINT('',(15.9050880699007,100.405680988213,7.91298859858352));
#3952=CARTESIAN_POINT('',(15.9412608839178,100.032466938771,7.89183026185445));
#3953=CARTESIAN_POINT('',(17.1631956335113,101.46512,7.26795449285966));
#3954=CARTESIAN_POINT('',(15.9412608839178,100.032466938771,7.89183026185445));
#3955=CARTESIAN_POINT('',(15.9412608839178,100.032466938771,7.89183026185445));
#3956=CARTESIAN_POINT('',(15.9911255789371,99.5179865131266,7.86266321923489));
#3957=CARTESIAN_POINT('',(15.9338971552335,98.9970577506832,7.89461099134922));
#3958=CARTESIAN_POINT('',(15.7816574674926,98.517844180264,7.98685154792028));
#3959=CARTESIAN_POINT('',(15.7816574674926,98.517844180264,7.98685154792012));
#3960=CARTESIAN_POINT('',(15.7816574674925,98.517844180264,7.98685154792014));
#3961=CARTESIAN_POINT('',(16.5560356062088,99.327361350489,7.51766331210949));
#3962=CARTESIAN_POINT('',(18.4004285275927,100.72377805935,6.63475924102538));
#3963=CARTESIAN_POINT('',(22.0217756581805,101.583332085716,6.05446487914034));
#3964=CARTESIAN_POINT('',(25.6369055875686,100.704709673254,6.64748877400468));
#3965=CARTESIAN_POINT('',(27.4649908764888,99.3075306404945,7.5294528700104));
#3966=CARTESIAN_POINT('',(28.2277446446412,98.5080021028827,7.99255408795724));
#3967=CARTESIAN_POINT('',(28.2277446446412,98.5080021028827,7.99255408795725));
#3968=CARTESIAN_POINT('',(28.2277446446413,98.5080021028827,7.99255408795726));
#3969=CARTESIAN_POINT('',(28.0731911252747,98.9898910600674,7.89871787757687));
#3970=CARTESIAN_POINT('',(28.0147928444164,99.5144573864604,7.86608683702968));
#3971=CARTESIAN_POINT('',(28.0649995909817,100.032466938771,7.89549470236298));
#3972=CARTESIAN_POINT('',(28.0649995909817,100.032466938771,7.89549470236298));
#3973=CARTESIAN_POINT('',(28.0649995909817,100.032466938771,7.89549470236298));
#3974=CARTESIAN_POINT('',(28.1012830551,100.406822623813,7.91674720923928));
#3975=CARTESIAN_POINT('',(27.8449343279445,101.160291644038,7.75908489092436));
#3976=CARTESIAN_POINT('',(27.1871230487644,101.46512,7.42248117863346));
#3977=CARTESIAN_POINT('',(26.843064841383,101.46512,7.27071391483526));
#3978=CARTESIAN_POINT('',(26.843064841383,101.46512,7.27071391483526));
#3979=CARTESIAN_POINT('',(21.9999999998526,101.46512,18.2500000000382));
#3980=CARTESIAN_POINT('',(31.999999999937,79.6651199999822,10.9999999999727));
#3981=CARTESIAN_POINT('',(31.9999999999017,79.6651199999822,2.59999999997267));
#3982=CARTESIAN_POINT('',(33.5999999999017,79.6651199999822,2.59999999996595));
#3983=CARTESIAN_POINT('',(30.5890230194776,80.4195363045606,10.9999999999769));
#3984=CARTESIAN_POINT('',(30.5890230194316,80.4195363045606,0.0396352765786237));
#3985=CARTESIAN_POINT('',(30.5890230194176,80.4195363045347,-6.99496830366185E-12));
#3986=CARTESIAN_POINT('',(30.5890230130486,80.4195363000912,0.0396352634506725));
#3987=CARTESIAN_POINT('',(30.6007616708186,80.4414909900516,0.0264532587391775));
#3988=CARTESIAN_POINT('',(30.6129982262975,80.4631452872771,0.0132400184891354));
#3989=CARTESIAN_POINT('',(30.6257320539383,80.4845024581344,3.17496092659815E-7));
#3990=CARTESIAN_POINT('',(30.6257319684278,80.4845023147161,-2.33098304466586E-11));
#3991=CARTESIAN_POINT('',(31.9999999998908,79.6651199999822,-2.7325513441319E-11));
#3992=CARTESIAN_POINT('',(29.4256103671675,82.337417935363,8.82342529484505));
#3993=CARTESIAN_POINT('',(28.9682558600289,82.8625935487554,8.46315271695137));
#3994=CARTESIAN_POINT('',(29.3303294685108,82.9878792625881,7.77905835764518));
#3995=CARTESIAN_POINT('',(29.9568549250312,83.1496117482427,9.24190339742355));
#3996=CARTESIAN_POINT('',(29.5105114406548,83.5677410769149,8.84979824291493));
#3997=CARTESIAN_POINT('',(29.8467858256343,83.7352380845387,8.23240963785688));
#3998=CARTESIAN_POINT('',(30.8232745735721,84.9313014048803,10.0716640952771));
#3999=CARTESIAN_POINT('',(30.4350877559009,85.1599465718018,9.65016096305577));
#4000=CARTESIAN_POINT('',(30.6821363897446,85.3686843559437,9.13131705699183));
#4001=CARTESIAN_POINT('',(31.5200547526071,88.0315526635136,10.9407994433049));
#4002=CARTESIAN_POINT('',(31.2180248857161,88.0988399266417,10.5468471544769));
#4003=CARTESIAN_POINT('',(31.3432026372355,88.1866678762428,10.0728803521121));
#4004=CARTESIAN_POINT('',(31.5111207186693,91.3838682409268,10.9282261576581));
#4005=CARTESIAN_POINT('',(31.2078071675981,91.3130776419146,10.5335644650912));
#4006=CARTESIAN_POINT('',(31.3348070524132,91.2207233027778,10.0592592922802));
#4007=CARTESIAN_POINT('',(30.7937558198085,94.4831031397652,10.0384533133319));
#4008=CARTESIAN_POINT('',(30.4021592317438,94.2490035390057,9.61645785371759));
#4009=CARTESIAN_POINT('',(30.6539288712203,94.0383929200078,9.09533871102879));
#4010=CARTESIAN_POINT('',(29.4818114492838,97.1324757744706,8.79433290680668));
#4011=CARTESIAN_POINT('',(28.9644163801558,96.6804679023182,8.38447310870089));
#4012=CARTESIAN_POINT('',(29.3884231702587,96.4679374511249,7.74754160393187));
#4013=CARTESIAN_POINT('',(27.5892106161832,99.3134511526743,7.53383980298291));
#4014=CARTESIAN_POINT('',(26.9686687129498,98.5679250527306,7.21817519544491));
#4015=CARTESIAN_POINT('',(27.5376431200854,98.4840828645117,6.3820074081294));
#4016=CARTESIAN_POINT('',(25.0589437627241,100.884339460547,6.52541685152688));
#4017=CARTESIAN_POINT('',(24.5295360456706,99.7491983841694,6.4180776932278));
#4018=CARTESIAN_POINT('',(25.0383750294883,99.9455288136395,5.28954921071577));
#4019=CARTESIAN_POINT('',(22.0414381868927,101.492082097486,6.11643978148003));
#4020=CARTESIAN_POINT('',(22.0331668979097,100.113575712761,6.16419423716929));
#4021=CARTESIAN_POINT('',(22.0411948230201,100.513018276678,4.84649071816452));
#4022=CARTESIAN_POINT('',(18.9953285694182,100.908804923238,6.5091602113188));
#4023=CARTESIAN_POINT('',(19.5198954690326,99.7654046822291,6.40683055313518));
#4024=CARTESIAN_POINT('',(19.015406720024,99.9683497163704,5.27193785048818));
#4025=CARTESIAN_POINT('',(16.4478043351644,99.346789754217,7.51341293767201));
#4026=CARTESIAN_POINT('',(17.070335617835,98.5962655818282,7.1996378085483));
#4027=CARTESIAN_POINT('',(16.4987206186253,98.5149984098784,6.35987830403783));
#4028=CARTESIAN_POINT('',(14.532740308167,97.1580069902533,8.78135473546082));
#4029=CARTESIAN_POINT('',(15.0522429640886,96.7045899769129,8.37127908980379));
#4030=CARTESIAN_POINT('',(14.6256616391423,96.4914094918018,7.73348191830278));
#4031=CARTESIAN_POINT('',(13.2116864055832,94.4988910468609,10.0323386117243));
#4032=CARTESIAN_POINT('',(13.6039293172188,94.2639250440508,9.61014555803404));
#4033=CARTESIAN_POINT('',(13.351269005004,94.0528004116499,9.08871445094058));
#4034=CARTESIAN_POINT('',(12.4913913659301,91.4048189179292,10.924871297994));
#4035=CARTESIAN_POINT('',(12.7949803384975,91.3331257419591,10.5301424002047));
#4036=CARTESIAN_POINT('',(12.6675645193505,91.2397028332889,10.0556248609916));
#4037=CARTESIAN_POINT('',(12.4773421765176,88.0449913316516,10.9441287670962));
#4038=CARTESIAN_POINT('',(12.779161283312,88.1114384033531,10.5501743498284));
#4039=CARTESIAN_POINT('',(12.6543324266751,88.1988575272986,10.0764871194613));
#4040=CARTESIAN_POINT('',(13.1767278626013,84.9303724582697,10.0716627839815));
#4041=CARTESIAN_POINT('',(13.5648902872656,85.1588703117509,9.65013908650594));
#4042=CARTESIAN_POINT('',(13.3178652087835,85.3678518501291,9.13131563672462));
#4043=CARTESIAN_POINT('',(14.0420150534328,83.1510870535751,9.24271410652834));
#4044=CARTESIAN_POINT('',(14.4884344790673,83.5688879878113,8.85047272558015));
#4045=CARTESIAN_POINT('',(14.1521119372364,83.73659886839,8.23328790537839));
#4046=CARTESIAN_POINT('',(14.5752570699503,82.3360919585311,8.82274205169035));
#4047=CARTESIAN_POINT('',(15.0326571356576,82.8614064797797,8.46250178642951));
#4048=CARTESIAN_POINT('',(14.670513824861,82.9866591318533,7.77831817755492));
#4049=CARTESIAN_POINT('',(14.2011410911482,82.949577689944,9.12981361367753));
#4050=CARTESIAN_POINT('',(14.5426915141471,83.0563159752923,8.8377468239982));
#4051=CARTESIAN_POINT('',(14.7045883226404,83.1695644244219,8.33350680632715));
#4052=CARTESIAN_POINT('',(14.5254914397246,83.2022866500952,7.90777524211575));
#4053=CARTESIAN_POINT('',(29.4745085602476,83.2022866501024,7.90777524233632));
#4054=CARTESIAN_POINT('',(29.2952282436446,83.1695309098371,8.33394284713387));
#4055=CARTESIAN_POINT('',(29.4570539944293,83.0563955066651,8.83752920338529));
#4056=CARTESIAN_POINT('',(29.7988589087944,82.9495776899455,9.1298136138839));
#4057=CARTESIAN_POINT('',(29.6752095110671,96.5932136760969,9.02551307886464));
#4058=CARTESIAN_POINT('',(29.411634693472,96.8640636322046,8.80620636140572));
#4059=CARTESIAN_POINT('',(28.9074181399947,97.4476169281173,8.38714855836707));
#4060=CARTESIAN_POINT('',(28.4316620711373,98.1419197497935,8.11636128828032));
#4061=CARTESIAN_POINT('',(28.2277446446412,98.5080021028827,7.99255408795724));
#4062=CARTESIAN_POINT('',(15.7816574674927,98.5178441802641,7.98685154792026));
#4063=CARTESIAN_POINT('',(15.5763625515209,98.148407040317,8.1112377549034));
#4064=CARTESIAN_POINT('',(15.0994120805575,97.451946323446,8.38074697693306));
#4065=CARTESIAN_POINT('',(14.5868725061829,96.8592413102951,8.80725953607846));
#4066=CARTESIAN_POINT('',(14.3208926447553,96.5866701924861,9.02875766351726));
#4067=CARTESIAN_POINT('',(22.0000000000588,89.66512,14.0000000000147));
#4068=CARTESIAN_POINT('',(10.7778121560865,96.5971158472014,14.0000000001305));
#4069=CARTESIAN_POINT('',(10.7778121560866,96.6166064868926,14.0000000001305));
#4070=CARTESIAN_POINT('',(10.7769845828461,96.6360621757015,14.0000000000618));
#4071=CARTESIAN_POINT('',(10.7753471095401,96.6554836600188,14.0000000000618));
#4072=CARTESIAN_POINT('',(10.77534710954,96.6554836600188,14.0000000000618));
#4073=CARTESIAN_POINT('',(11.5000000000588,94.791381144527,14.0000000000588));
#4074=CARTESIAN_POINT('',(9.50000000005879,94.791381144527,14.0000000000672));
#4075=CARTESIAN_POINT('',(9.50000000005879,89.66512,14.0000000000672));
#4076=CARTESIAN_POINT('',(9.50000000005879,84.5388588554372,14.0000000000672));
#4077=CARTESIAN_POINT('',(11.5000000000588,84.5388588554372,14.0000000000588));
#4078=CARTESIAN_POINT('',(10.7753471095415,82.6747563399449,14.0000000000618));
#4079=CARTESIAN_POINT('',(10.7753471095415,82.6747563399449,14.0000000000618));
#4080=CARTESIAN_POINT('',(10.7769845828475,82.6941778242617,14.0000000000618));
#4081=CARTESIAN_POINT('',(10.7778121561136,82.7136335130682,14.0000000000618));
#4082=CARTESIAN_POINT('',(10.777812156114,82.7331241527596,14.0000000000618));
#4083=CARTESIAN_POINT('',(32.5000000000462,100.16512,10.9999999999706));
#4084=CARTESIAN_POINT('',(32.5000000000109,100.16512,2.59999999997056));
#4085=CARTESIAN_POINT('',(34.5000000000109,100.16512,2.59999999996217));
#4086=CARTESIAN_POINT('',(32.5000000000109,102.16512,2.59999999997056));
#4087=CARTESIAN_POINT('',(34.5000000000462,100.16512,10.9999999999622));
#4088=CARTESIAN_POINT('',(34.5,100.16512,-3.78222139655796E-11));
#4089=CARTESIAN_POINT('',(32.5,100.16512,-2.94299086802732E-11));
#4090=CARTESIAN_POINT('',(32.5,102.16512,-2.94372948125863E-11));
#4091=CARTESIAN_POINT('',(32.5000000000462,102.16512,10.9999999999706));
#4092=CARTESIAN_POINT('',(11.5000000000462,100.16512,11.0000000000588));
#4093=CARTESIAN_POINT('',(11.5000000000109,100.16512,2.60000000005875));
#4094=CARTESIAN_POINT('',(11.5000000000109,102.16512,2.60000000005875));
#4095=CARTESIAN_POINT('',(9.50000000001092,100.16512,2.60000000006715));
#4096=CARTESIAN_POINT('',(11.5000000000462,102.16512,11.0000000000588));
#4097=CARTESIAN_POINT('',(11.5,102.16512,5.87617079630259E-11));
#4098=CARTESIAN_POINT('',(11.5,100.16512,5.87690940953389E-11));
#4099=CARTESIAN_POINT('',(9.5,100.16512,6.71613993806453E-11));
#4100=CARTESIAN_POINT('',(9.5000000000462,100.16512,11.0000000000672));
#4101=CARTESIAN_POINT('',(11.5000000000462,79.16512,11.0000000000588));
#4102=CARTESIAN_POINT('',(11.5000000000109,79.16512,2.60000000005876));
#4103=CARTESIAN_POINT('',(9.50000000001092,79.16512,2.60000000006716));
#4104=CARTESIAN_POINT('',(11.5000000000109,77.16512,2.60000000005876));
#4105=CARTESIAN_POINT('',(9.50000000004619,79.16512,11.0000000000672));
#4106=CARTESIAN_POINT('',(9.5,79.16512,6.71591564900368E-11));
#4107=CARTESIAN_POINT('',(11.5,79.16512,5.87668512047304E-11));
#4108=CARTESIAN_POINT('',(11.5,77.16512,5.87742373370434E-11));
#4109=CARTESIAN_POINT('',(11.5000000000462,77.16512,11.0000000000588));
#4110=CARTESIAN_POINT('',(12.00662566938,79.6651199999822,11.0000000000566));
#4111=CARTESIAN_POINT('',(12.0066256693338,79.6651199999822,5.66391030430328E-11));
#4112=CARTESIAN_POINT('',(13.6066256693338,79.6651199999822,4.99197076996646E-11));
#4113=CARTESIAN_POINT('',(12.0066256693447,79.6651199999822,2.60000000005663));
#4114=CARTESIAN_POINT('',(13.6066256693447,79.6651199999822,2.60000000004992));
#4115=CARTESIAN_POINT('',(31.999999999937,99.665119999982,10.9999999999727));
#4116=CARTESIAN_POINT('',(31.9999999998908,99.665119999982,-2.73299858254099E-11));
#4117=CARTESIAN_POINT('',(33.5999999998908,99.665119999982,-3.40493811687781E-11));
#4118=CARTESIAN_POINT('',(31.9999999999017,99.665119999982,2.59999999997267));
#4119=CARTESIAN_POINT('',(33.5999999999017,99.665119999982,2.59999999996595));
#4120=CARTESIAN_POINT('',(12.00662566938,99.665119999982,11.0000000000566));
#4121=CARTESIAN_POINT('',(12.0066256693338,99.665119999982,5.66346306589419E-11));
#4122=CARTESIAN_POINT('',(13.6066256693338,99.665119999982,4.99152353155737E-11));
#4123=CARTESIAN_POINT('',(12.0066256693447,99.665119999982,2.60000000005663));
#4124=CARTESIAN_POINT('',(13.6066256693447,99.665119999982,2.60000000004991));
#4125=CARTESIAN_POINT('',(32.5000000000462,79.16512,10.9999999999706));
#4126=CARTESIAN_POINT('',(32.5000000000109,79.16512,2.59999999997057));
#4127=CARTESIAN_POINT('',(32.5000000000109,77.16512,2.59999999997057));
#4128=CARTESIAN_POINT('',(34.5000000000109,79.16512,2.59999999996217));
#4129=CARTESIAN_POINT('',(32.5000000000462,77.16512,10.9999999999706));
#4130=CARTESIAN_POINT('',(32.5,77.16512,-2.94247654385687E-11));
#4131=CARTESIAN_POINT('',(32.5,79.16512,-2.94321515708817E-11));
#4132=CARTESIAN_POINT('',(34.5,79.16512,-3.78244568561882E-11));
#4133=CARTESIAN_POINT('',(34.5000000000462,79.16512,10.9999999999622));
#4134=CARTESIAN_POINT('',(34.5000000000462,89.66512,10.9999999999622));
#4135=CARTESIAN_POINT('',(34.5000000000462,94.7906969572116,10.9999999999622));
#4136=CARTESIAN_POINT('',(34.5000000000122,94.7906969572116,2.89999999996216));
#4137=CARTESIAN_POINT('',(34.5000000000588,94.7906969572116,13.9999999999622));
#4138=CARTESIAN_POINT('',(34.5000000000588,89.66512,13.9999999999622));
#4139=CARTESIAN_POINT('',(34.5000000000588,84.5395430427526,13.9999999999622));
#4140=CARTESIAN_POINT('',(34.5000000000462,84.5395430427526,10.9999999999622));
#4141=CARTESIAN_POINT('',(34.5000000000122,84.5395430427525,2.89999999996217));
#4142=CARTESIAN_POINT('',(34.5000000000109,83.4037613735925,2.59999999996217));
#4143=CARTESIAN_POINT('',(34.5000000000109,83.8010197552032,2.59999999996218));
#4144=CARTESIAN_POINT('',(34.5000000000116,84.17392236379,2.75839807995741));
#4145=CARTESIAN_POINT('',(34.5000000000122,84.5395430427526,2.89999999996217));
#4146=CARTESIAN_POINT('',(34.5000000000109,83.4037613735925,2.59999999996217));
#4147=CARTESIAN_POINT('',(34.5000000000109,89.66512,2.59999999996217));
#4148=CARTESIAN_POINT('',(34.5,89.66512,-3.78268048578359E-11));
#4149=CARTESIAN_POINT('',(34.5000000000109,89.66512,2.59999999996217));
#4150=CARTESIAN_POINT('',(34.5000000000109,95.9264786263717,2.59999999996217));
#4151=CARTESIAN_POINT('',(34.5000000000109,95.9264786263717,2.59999999996217));
#4152=CARTESIAN_POINT('',(34.5000000000109,95.529220244761,2.59999999996217));
#4153=CARTESIAN_POINT('',(34.5000000000116,95.1563176361782,2.75839807996762));
#4154=CARTESIAN_POINT('',(34.5000000000122,94.7906969572116,2.89999999996216));
#4155=CARTESIAN_POINT('',(22.0000000000462,102.16512,11.0000000000147));
#4156=CARTESIAN_POINT('',(16.8810487121597,102.16512,11.0000000000362));
#4157=CARTESIAN_POINT('',(16.8810487121258,102.16512,2.90000000003616));
#4158=CARTESIAN_POINT('',(16.8810487121414,102.16512,6.62733517160758));
#4159=CARTESIAN_POINT('',(21.9999999998526,102.16512,18.2500000000382));
#4160=CARTESIAN_POINT('',(27.1255769571389,102.16512,6.63025555986507));
#4161=CARTESIAN_POINT('',(27.1255769571573,102.16512,10.9999999999931));
#4162=CARTESIAN_POINT('',(27.1255769571233,102.16512,2.89999999999313));
#4163=CARTESIAN_POINT('',(28.261358626282,102.16512,2.59999999998836));
#4164=CARTESIAN_POINT('',(27.8641002446713,102.16512,2.59999999999003));
#4165=CARTESIAN_POINT('',(27.4911976360827,102.16512,2.75839807998029));
#4166=CARTESIAN_POINT('',(27.1255769571233,102.16512,2.89999999999313));
#4167=CARTESIAN_POINT('',(28.261358626282,102.16512,2.59999999998836));
#4168=CARTESIAN_POINT('',(22.0000000000109,102.16512,2.60000000001466));
#4169=CARTESIAN_POINT('',(22.,102.16512,1.46656760221718E-11));
#4170=CARTESIAN_POINT('',(22.0000000000109,102.16512,2.60000000001466));
#4171=CARTESIAN_POINT('',(15.7452670429644,102.16512,2.60000000004093));
#4172=CARTESIAN_POINT('',(15.7452670429644,102.16512,2.60000000004093));
#4173=CARTESIAN_POINT('',(16.1425254245751,102.16512,2.60000000003924));
#4174=CARTESIAN_POINT('',(16.5154280331631,102.16512,2.75839808003165));
#4175=CARTESIAN_POINT('',(16.8810487121258,102.16512,2.90000000003616));
#4176=CARTESIAN_POINT('',(9.5000000000462,89.66512,11.0000000000672));
#4177=CARTESIAN_POINT('',(9.50000000004619,84.5388588554372,11.0000000000672));
#4178=CARTESIAN_POINT('',(9.50000000001218,84.5388588554372,2.90000000006716));
#4179=CARTESIAN_POINT('',(9.50000000002772,94.791381144527,6.60000000006716));
#4180=CARTESIAN_POINT('',(9.50000000001218,94.791381144527,2.90000000006715));
#4181=CARTESIAN_POINT('',(9.50000000001093,95.927162813687,2.60000000006715));
#4182=CARTESIAN_POINT('',(9.50000000001093,95.5299044320763,2.60000000006717));
#4183=CARTESIAN_POINT('',(9.5000000000116,95.1570018234859,2.75839808005299));
#4184=CARTESIAN_POINT('',(9.50000000001219,94.791381144527,2.90000000006715));
#4185=CARTESIAN_POINT('',(9.50000000001093,95.927162813687,2.60000000006715));
#4186=CARTESIAN_POINT('',(9.50000000001092,89.66512,2.60000000006715));
#4187=CARTESIAN_POINT('',(9.5,89.66512,6.7163747382293E-11));
#4188=CARTESIAN_POINT('',(9.50000000001092,89.66512,2.60000000006715));
#4189=CARTESIAN_POINT('',(9.50000000001092,83.4030771862771,2.60000000006716));
#4190=CARTESIAN_POINT('',(9.50000000001092,83.4030771862771,2.60000000006716));
#4191=CARTESIAN_POINT('',(9.50000000001092,83.8003355678878,2.60000000006714));
#4192=CARTESIAN_POINT('',(9.50000000001158,84.1732381764757,2.75839808005945));
#4193=CARTESIAN_POINT('',(9.50000000001218,84.5388588554372,2.90000000006716));
#4194=CARTESIAN_POINT('',(22.0000000000462,77.16512,11.0000000000147));
#4195=CARTESIAN_POINT('',(34.5000000000109,77.16512,2.59999999996216));
#4196=CARTESIAN_POINT('',(22.0000000000109,77.16512,2.60000000001466));
#4197=CARTESIAN_POINT('',(22.,77.16512,1.46712665022854E-11));
#4198=CARTESIAN_POINT('',(22.0000000000109,77.16512,2.60000000001466));
#4199=CARTESIAN_POINT('',(22.0000000000588,89.66512,14.0000000000147));
#4200=CARTESIAN_POINT('',(32.5000000000588,94.7906969572116,13.9999999999706));
#4201=CARTESIAN_POINT('',(33.2249370142762,96.6546889972745,13.9999999999675));
#4202=CARTESIAN_POINT('',(33.2249370142762,96.6546889972745,13.9999999999675));
#4203=CARTESIAN_POINT('',(33.2231111548955,96.6341859671362,13.9999999999675));
#4204=CARTESIAN_POINT('',(33.2221878435564,96.6136426769539,13.9999999999675));
#4205=CARTESIAN_POINT('',(33.222187843556,96.5930582005353,13.9999999999675));
#4206=CARTESIAN_POINT('',(33.2221878435805,82.7371817994325,14.0000000000442));
#4207=CARTESIAN_POINT('',(33.2221878435804,82.7165973230133,14.0000000000442));
#4208=CARTESIAN_POINT('',(33.2231111548911,82.6960540328278,13.9999999999675));
#4209=CARTESIAN_POINT('',(33.2249370142721,82.6755510026882,13.9999999999675));
#4210=CARTESIAN_POINT('',(33.2249370142722,82.6755510026882,13.9999999999675));
#4211=CARTESIAN_POINT('',(32.5000000000588,84.5395430427526,13.9999999999706));
#4212=CARTESIAN_POINT('',(22.,89.66512,1.46684712622286E-11));
#4213=CARTESIAN_POINT('',(22.,89.66512,-2.81060262469174E-14));
#4214=CARTESIAN_POINT('',(15.1045942183351,88.4595582611672,2.79033057002028E-11));
#4215=CARTESIAN_POINT('',(22.4603899214944,96.6499636718502,-9.9862540292898E-13));
#4216=CARTESIAN_POINT('',(22.4603899214944,96.6499636718502,-9.9862540292898E-13));
#4217=CARTESIAN_POINT('',(22.6328325252937,96.6385975138437,-1.72281662934246E-12));
#4218=CARTESIAN_POINT('',(22.9659603461135,96.6400257199863,1.74762786500551E-11));
#4219=CARTESIAN_POINT('',(23.3290729201857,96.7744889248754,9.08527747649683E-12));
#4220=CARTESIAN_POINT('',(23.4035980364417,96.934308552434,8.77226441329968E-12));
#4221=CARTESIAN_POINT('',(23.4035980364406,96.934308552435,7.93959714483561E-12));
#4222=CARTESIAN_POINT('',(20.368645983334,90.4258328711332,1.43098607504183E-11));
#4223=CARTESIAN_POINT('',(25.0350278961226,100.432921176849,4.50830060612782E-12));
#4224=CARTESIAN_POINT('',(25.0350278961226,100.432921176849,4.50830060612782E-12));
#4225=CARTESIAN_POINT('',(25.1021643718796,100.576895813729,4.2263205840269E-12));
#4226=CARTESIAN_POINT('',(24.9827947856718,100.907307844138,9.37430871246561E-13));
#4227=CARTESIAN_POINT('',(24.6317051534116,101.214123736713,3.93811487761223E-12));
#4228=CARTESIAN_POINT('',(24.2140581049159,101.432387112983,5.27197494142478E-12));
#4229=CARTESIAN_POINT('',(23.9149032844361,101.512382790495,6.63089074787583E-12));
#4230=CARTESIAN_POINT('',(23.7601023063971,101.535336504808,7.28099122184948E-12));
#4231=CARTESIAN_POINT('',(10.0168081855906,89.0302074555728,6.50004291825401E-11));
#4232=CARTESIAN_POINT('',(10.0275184756695,88.8280639296178,6.49554952149131E-11));
#4233=CARTESIAN_POINT('',(10.0909541109464,88.5331987323236,6.46806395420113E-11));
#4234=CARTESIAN_POINT('',(10.289670036837,88.1766339696156,6.38480799104233E-11));
#4235=CARTESIAN_POINT('',(10.4731615434455,88.0543604062887,6.30771968644641E-11));
#4236=CARTESIAN_POINT('',(10.5754932054947,88.0633132666382,6.26474405540248E-11));
#4237=CARTESIAN_POINT('',(10.5754932054921,88.0633132665797,3.74037445316212E-11));
#4238=CARTESIAN_POINT('',(22.0522934456486,89.067403181145,1.33040747195561E-11));
#4239=CARTESIAN_POINT('',(22.,89.66512,-2.81060262469174E-14));
#4240=CARTESIAN_POINT('',(15.7207529779675,86.5714075317353,1.31591518696655E-11));
#4241=CARTESIAN_POINT('',(15.7207529779675,86.5714075317353,1.31591518696655E-11));
#4242=CARTESIAN_POINT('',(15.6443750576438,86.7264302863261,1.34798756049502E-11));
#4243=CARTESIAN_POINT('',(15.4765742844373,87.0142133388052,5.60052246437924E-11));
#4244=CARTESIAN_POINT('',(15.1785694460985,87.2614464499488,4.33164392066678E-11));
#4245=CARTESIAN_POINT('',(15.0028990304773,87.2460772800743,4.40541920014424E-11));
#4246=CARTESIAN_POINT('',(15.002899030472,87.246077280042,2.55828564292638E-11));
#4247=CARTESIAN_POINT('',(22.1568803369458,87.8719695434349,1.05544649524993E-11));
#4248=CARTESIAN_POINT('',(11.1572966898811,86.9096306708116,3.36630745923255E-11));
#4249=CARTESIAN_POINT('',(11.1572966898811,86.9096306708116,3.36630745923255E-11));
#4250=CARTESIAN_POINT('',(10.9990427589886,86.8957852459007,3.43276843923713E-11));
#4251=CARTESIAN_POINT('',(10.7725823399962,86.6272021366708,7.4142546115961E-11));
#4252=CARTESIAN_POINT('',(10.682416798888,86.169741649811,5.88820340222215E-11));
#4253=CARTESIAN_POINT('',(10.7022186945639,85.698917007869,6.30604509567136E-11));
#4254=CARTESIAN_POINT('',(10.7825178158854,85.3998434949098,6.17855499240315E-11));
#4255=CARTESIAN_POINT('',(10.8400398051987,85.2543050582403,6.15440118522629E-11));
#4256=CARTESIAN_POINT('',(23.4744736797202,90.6975575854319,7.78905765697592E-12));
#4257=CARTESIAN_POINT('',(30.6441791341082,80.4581570318195,-7.26130624714929E-12));
#4258=CARTESIAN_POINT('',(30.1526879075349,80.1140111700088,-4.96122948482783E-12));
#4259=CARTESIAN_POINT('',(21.456215327778,89.9186909570444,1.45373696017853E-11));
#4260=CARTESIAN_POINT('',(24.4036557991727,96.2394974457403,8.36119118669395E-12));
#4261=CARTESIAN_POINT('',(22.,89.66512,-2.81060262469174E-14));
#4262=CARTESIAN_POINT('',(27.8188571005381,85.7739887964144,-1.22448445454773E-11));
#4263=CARTESIAN_POINT('',(27.8188571005381,85.7739887964144,-1.22448445454773E-11));
#4264=CARTESIAN_POINT('',(27.7227924170621,85.6303321998339,-1.18413770543466E-11));
#4265=CARTESIAN_POINT('',(27.557465369463,85.3411209412256,-7.43469302145872E-12));
#4266=CARTESIAN_POINT('',(27.4923576337378,84.9594246252015,-8.38936400266768E-12));
#4267=CARTESIAN_POINT('',(27.5935029331006,84.814974167528,-8.81410373423493E-12));
#4268=CARTESIAN_POINT('',(22.0033128346232,89.6651199999821,2.60000000001465));
#4269=CARTESIAN_POINT('',(32.5000000000109,84.5395430427526,2.59999999997057));
#4270=CARTESIAN_POINT('',(32.2653061224087,82.2515485532889,2.59999999997155));
#4271=CARTESIAN_POINT('',(31.9999999999017,79.6651199999822,2.59999999997267));
#4272=CARTESIAN_POINT('',(31.9999999999186,79.6651199999822,6.59999999997267));
#4273=CARTESIAN_POINT('',(32.2959183673482,82.549982617132,10.9145983445419));
#4274=CARTESIAN_POINT('',(32.1162082548733,82.5684166052098,10.5993006812348));
#4275=CARTESIAN_POINT('',(31.9240141616627,82.571442088051,10.2925423083753));
#4276=CARTESIAN_POINT('',(31.7188734597972,82.5514616063126,9.99482567672647));
#4277=CARTESIAN_POINT('',(32.2959183673482,82.549982617132,10.9145983445419));
#4278=CARTESIAN_POINT('',(31.718873459797,82.5514616063121,9.99482567672662));
#4279=CARTESIAN_POINT('',(31.7188734597965,82.5514616063134,6.59999999997385));
#4280=CARTESIAN_POINT('',(31.7188734597965,82.5514616063134,6.59938589963792));
#4281=CARTESIAN_POINT('',(31.9999999999096,79.6651199999822,4.45626265092846));
#4282=CARTESIAN_POINT('',(31.999999999903,79.6651199999822,2.89999999997267));
#4283=CARTESIAN_POINT('',(32.2959183673145,82.549982617132,2.89999999997142));
#4284=CARTESIAN_POINT('',(32.2959183673301,82.549982617132,6.59999999997143));
#4285=CARTESIAN_POINT('',(22.0033128346232,89.6651199999821,2.60000000001465));
#4286=CARTESIAN_POINT('',(12.0066256693448,99.665119999982,2.60000000005663));
#4287=CARTESIAN_POINT('',(11.7378038856166,97.0790544848426,2.60000000005776));
#4288=CARTESIAN_POINT('',(14.5930542226564,99.9304261224405,2.60000000004576));
#4289=CARTESIAN_POINT('',(16.8810487121245,100.16512,2.60000000003616));
#4290=CARTESIAN_POINT('',(11.5000000000109,94.791381144527,2.60000000005876));
#4291=CARTESIAN_POINT('',(12.0066256693615,99.665119999982,6.60000000005663));
#4292=CARTESIAN_POINT('',(11.7067859875109,96.7806623100188,6.60000000005789));
#4293=CARTESIAN_POINT('',(11.7067859874954,96.7806623100188,2.90000000005789));
#4294=CARTESIAN_POINT('',(11.706785987529,96.7806623100188,10.912114579478));
#4295=CARTESIAN_POINT('',(11.706785987529,96.7806623100188,10.912114579478));
#4296=CARTESIAN_POINT('',(11.9821867659424,96.7520343699839,10.4291750777878));
#4297=CARTESIAN_POINT('',(12.59568297447,96.7669125686422,9.4970940845775));
#4298=CARTESIAN_POINT('',(13.6759112288761,97.1751823525014,8.27006384937706));
#4299=CARTESIAN_POINT('',(14.7160920493561,98.2666377435888,7.40037437948935));
#4300=CARTESIAN_POINT('',(14.9486518744966,99.4037593464738,7.24609651534383));
#4301=CARTESIAN_POINT('',(14.8914882865198,99.9610383673396,7.28760369379661));
#4302=CARTESIAN_POINT('',(14.8914882865198,99.9610383673396,7.28760369379661));
#4303=CARTESIAN_POINT('',(14.8914882865169,99.9610383673396,6.60000000004451));
#4304=CARTESIAN_POINT('',(14.8914882865014,99.9610383673396,2.90000000004451));
#4305=CARTESIAN_POINT('',(12.006625669346,99.665119999982,2.90000000005663));
#4306=CARTESIAN_POINT('',(22.0033128346232,89.6651199999821,2.60000000001465));
#4307=CARTESIAN_POINT('',(31.9999999999017,99.665119999982,2.59999999997267));
#4308=CARTESIAN_POINT('',(29.4135714465901,99.9304261224405,2.59999999998352));
#4309=CARTESIAN_POINT('',(32.2653061224087,97.0786914466753,2.59999999997155));
#4310=CARTESIAN_POINT('',(32.5000000000109,94.7906969572116,2.59999999997056));
#4311=CARTESIAN_POINT('',(27.125576957122,100.16512,2.59999999999313));
#4312=CARTESIAN_POINT('',(31.9999999999186,99.665119999982,6.59999999997266));
#4313=CARTESIAN_POINT('',(29.1151373827632,99.9610383673396,6.59999999998478));
#4314=CARTESIAN_POINT('',(29.1151373827476,99.9610383673396,2.89999999998478));
#4315=CARTESIAN_POINT('',(29.1151373827661,99.9610383673396,7.29148189332895));
#4316=CARTESIAN_POINT('',(29.1151373827661,99.9610383673396,7.29148189332895));
#4317=CARTESIAN_POINT('',(29.0580093808625,99.4041062696274,7.24994299648783));
#4318=CARTESIAN_POINT('',(29.2902129138234,98.2677019506661,7.40421949676883));
#4319=CARTESIAN_POINT('',(30.3289883793464,97.1765344240223,8.27372535950003));
#4320=CARTESIAN_POINT('',(31.4078846181449,96.767640950138,9.50018539966273));
#4321=CARTESIAN_POINT('',(32.0207819761864,96.7520349256505,10.4318772553887));
#4322=CARTESIAN_POINT('',(32.2959183673482,96.7802573828322,10.9145983445326));
#4323=CARTESIAN_POINT('',(32.2959183673482,96.7802573828322,10.9145983445326));
#4324=CARTESIAN_POINT('',(32.2959183673301,96.7802573828322,6.59999999997142));
#4325=CARTESIAN_POINT('',(32.2959183673145,96.7802573828322,2.89999999997142));
#4326=CARTESIAN_POINT('',(31.999999999903,99.665119999982,2.89999999997266));
#4327=CARTESIAN_POINT('',(12.0066256693615,79.6651199999822,6.60000000005663));
#4328=CARTESIAN_POINT('',(12.0066256693525,79.6651199999822,4.45626265101243));
#4329=CARTESIAN_POINT('',(12.2877522094835,82.5514616063135,6.59938589971952));
#4330=CARTESIAN_POINT('',(12.2877522094835,82.5514616063135,6.60000000005545));
#4331=CARTESIAN_POINT('',(12.2877522094965,82.5514616063136,9.98708598098364));
#4332=CARTESIAN_POINT('',(12.2877522094962,82.551461606314,9.98708598098349));
#4333=CARTESIAN_POINT('',(12.0811434326605,82.5715850769605,10.286446680217));
#4334=CARTESIAN_POINT('',(11.8876465257206,82.5683781620132,10.5949597090693));
#4335=CARTESIAN_POINT('',(11.706785987529,82.5495776899454,10.9121145794834));
#4336=CARTESIAN_POINT('',(11.70678598752,82.5495776899454,10.9121145794834));
#4337=CARTESIAN_POINT('',(11.7067859875109,82.5495776899454,6.60000000005789));
#4338=CARTESIAN_POINT('',(11.7067859874954,82.5495776899454,2.90000000005789));
#4339=CARTESIAN_POINT('',(12.006625669346,79.6651199999822,2.90000000005663));
#4340=CARTESIAN_POINT('',(22.0033128346232,89.6651199999821,2.60000000001465));
#4341=CARTESIAN_POINT('',(12.0066256693448,79.6651199999822,2.60000000005663));
#4342=CARTESIAN_POINT('',(11.7378038856166,82.2511855151216,2.60000000005776));
#4343=CARTESIAN_POINT('',(11.5000000000109,84.5388588554372,2.60000000005876));
#4344=CARTESIAN_POINT('',(11.5000000000277,94.791381144527,6.60000000005876));
#4345=CARTESIAN_POINT('',(11.5000000000122,94.791381144527,2.90000000005876));
#4346=CARTESIAN_POINT('',(10.77534710954,96.6554836600188,14.0000000000618));
#4347=CARTESIAN_POINT('',(11.1255266727745,96.7916127787731,12.9894343976739));
#4348=CARTESIAN_POINT('',(11.3851717228031,96.8140941468424,11.9387731640286));
#4349=CARTESIAN_POINT('',(11.706785987529,96.7806623100188,10.912114579478));
#4350=CARTESIAN_POINT('',(32.5000000000277,84.5395430427526,6.59999999997057));
#4351=CARTESIAN_POINT('',(33.2249370142722,82.6755510026882,13.9999999999675));
#4352=CARTESIAN_POINT('',(32.8765777259304,82.5400683735069,12.9898554493942));
#4353=CARTESIAN_POINT('',(32.6171071309665,82.5170362806255,11.9403347747391));
#4354=CARTESIAN_POINT('',(32.2959183673482,82.549982617132,10.9145983445419));
#4355=CARTESIAN_POINT('',(32.5000000000122,84.5395430427526,2.89999999997057));
#4356=CARTESIAN_POINT('',(32.5000000000277,94.7906969572116,6.59999999997057));
#4357=CARTESIAN_POINT('',(32.5000000000122,94.7906969572116,2.89999999997057));
#4358=CARTESIAN_POINT('',(33.2249370142762,96.6546889972745,13.9999999999675));
#4359=CARTESIAN_POINT('',(32.8765777259319,96.7901716264576,12.9898554493916));
#4360=CARTESIAN_POINT('',(32.6171071309768,96.8132037193352,11.9403347747302));
#4361=CARTESIAN_POINT('',(32.2959183673482,96.7802573828322,10.9145983445327));
#4362=CARTESIAN_POINT('',(27.1255769571388,100.16512,6.59999999999314));
#4363=CARTESIAN_POINT('',(27.125576957139,102.16512,6.63025555986508));
#4364=CARTESIAN_POINT('',(27.680187409362,102.16512,6.78927403653858));
#4365=CARTESIAN_POINT('',(28.7586687135472,101.697991400283,7.14758081783171));
#4366=CARTESIAN_POINT('',(29.1740644772959,100.535509542159,7.31391708613323));
#4367=CARTESIAN_POINT('',(29.1151373827661,99.9610383673396,7.29148189332895));
#4368=CARTESIAN_POINT('',(27.1255769571233,100.16512,2.89999999999313));
#4369=CARTESIAN_POINT('',(16.8810487121413,100.16512,6.60000000003617));
#4370=CARTESIAN_POINT('',(14.8914882865198,99.9610383673396,7.28760369379661));
#4371=CARTESIAN_POINT('',(14.8327315543502,100.533848705732,7.3099430277075));
#4372=CARTESIAN_POINT('',(15.2460818777552,101.697566673104,7.14452208028928));
#4373=CARTESIAN_POINT('',(16.3276940175051,102.16512,6.78574868946447));
#4374=CARTESIAN_POINT('',(16.8810487121414,102.16512,6.62733517160756));
#4375=CARTESIAN_POINT('',(16.8810487121258,100.16512,2.90000000003616));
#4376=CARTESIAN_POINT('',(11.5000000000277,84.5388588554372,6.60000000005876));
#4377=CARTESIAN_POINT('',(10.7753471095415,82.6747563399449,14.0000000000618));
#4378=CARTESIAN_POINT('',(11.1255266727753,82.5386272211912,12.9894343976756));
#4379=CARTESIAN_POINT('',(11.3851717228194,82.5161458531279,11.9387731640374));
#4380=CARTESIAN_POINT('',(11.706785987529,82.5495776899453,10.9121145794835));
#4381=CARTESIAN_POINT('',(11.5000000000122,84.5388588554372,2.90000000005876));
#4382=CARTESIAN_POINT('',(21.9999999999955,89.66512,-2.14034125502346));
#4383=CARTESIAN_POINT('',(24.0159592389032,91.0467520654199,5.82705321031477));
#4384=CARTESIAN_POINT('',(24.3131141491187,91.6896778855842,5.50733139644955));
#4385=CARTESIAN_POINT('',(24.8592119838134,92.8829087080027,4.66356097243439));
#4386=CARTESIAN_POINT('',(25.1363884874858,94.5196865458515,2.996811559668));
#4387=CARTESIAN_POINT('',(24.4969350272669,95.7215260536702,1.52632762555372));
#4388=CARTESIAN_POINT('',(23.4461382212775,96.3795728027392,0.579571654037096));
#4389=CARTESIAN_POINT('',(22.7913416020455,96.5802717196756,0.195124780106492));
#4390=CARTESIAN_POINT('',(22.4603899214944,96.6499636718502,-9.9862540292898E-13));
#4391=CARTESIAN_POINT('',(24.0159592389032,91.0467520654199,5.82705321031474));
#4392=CARTESIAN_POINT('',(20.4326911065953,91.9400906395974,5.65135067668475));
#4393=CARTESIAN_POINT('',(19.6833043725381,91.875987137096,5.43608747869126));
#4394=CARTESIAN_POINT('',(18.2876101865214,91.7490310309797,4.71333713004691));
#4395=CARTESIAN_POINT('',(16.5832367860656,91.3779060934544,3.13974674536436));
#4396=CARTESIAN_POINT('',(15.3396386086314,90.4596038369023,1.28135493749953));
#4397=CARTESIAN_POINT('',(15.0564067849212,89.1825326580005,0.314676744560525));
#4398=CARTESIAN_POINT('',(15.1045942183352,88.4595582611672,2.78894279123946E-11));
#4399=CARTESIAN_POINT('',(20.4326911065953,91.9400906395973,5.65135067668379));
#4400=CARTESIAN_POINT('',(20.4326911065953,91.9400906395973,5.65135067668379));
#4401=CARTESIAN_POINT('',(20.5251239123625,91.9479974603701,5.67790222939306));
#4402=CARTESIAN_POINT('',(20.6681553873759,91.9544855847569,5.71738505517809));
#4403=CARTESIAN_POINT('',(20.840796380333,91.9341967542362,5.77230714761316));
#4404=CARTESIAN_POINT('',(20.9540997094408,91.9214940028763,5.80445801825484));
#4405=CARTESIAN_POINT('',(20.9654200181993,91.879311292177,5.82705321031533));
#4406=CARTESIAN_POINT('',(20.9654200181993,91.879311292177,5.82705321031533));
#4407=CARTESIAN_POINT('',(22.0000000000122,89.66512,5.82705321031316));
#4408=CARTESIAN_POINT('',(21.9999999999955,89.66512,-2.14034125502346));
#4409=CARTESIAN_POINT('',(22.1885488479036,87.2284320534165,5.8270532103186));
#4410=CARTESIAN_POINT('',(22.5967614858061,86.6496254422279,5.50733139645315));
#4411=CARTESIAN_POINT('',(23.357080773249,85.5800754332198,4.66356097243753));
#4412=CARTESIAN_POINT('',(24.635983709336,84.52164462078,2.99681155966904));
#4413=CARTESIAN_POINT('',(25.9965339844836,84.4745078079553,1.52632762555058));
#4414=CARTESIAN_POINT('',(27.0918175890468,85.0555011616215,0.579571654029455));
#4415=CARTESIAN_POINT('',(27.5930262592406,85.5222222097197,0.195124780096413));
#4416=CARTESIAN_POINT('',(27.8188571005381,85.7739887964144,-1.22448445454773E-11));
#4417=CARTESIAN_POINT('',(22.1885488479035,87.2284320534165,5.82705321031858));
#4418=CARTESIAN_POINT('',(24.7538368134752,89.8849639974773,5.65135067667568));
#4419=CARTESIAN_POINT('',(25.0730149188654,90.5660036976801,5.43608747867995));
#4420=CARTESIAN_POINT('',(25.6609147988092,91.8381883717418,4.71333713003144));
#4421=CARTESIAN_POINT('',(26.1916978751573,93.4997815028307,3.13974674534418));
#4422=CARTESIAN_POINT('',(26.0182238813419,95.0359202448615,1.28135493747711));
#4423=CARTESIAN_POINT('',(25.053863709824,95.9197417888039,0.314676744539513));
#4424=CARTESIAN_POINT('',(24.4036557991726,96.2394974457402,8.34731339888626E-12));
#4425=CARTESIAN_POINT('',(24.7538368134751,89.8849639974773,5.65135067667471));
#4426=CARTESIAN_POINT('',(24.7538368134751,89.8849639974773,5.65135067667472));
#4427=CARTESIAN_POINT('',(24.714467918244,89.8009614291536,5.67790222938426));
#4428=CARTESIAN_POINT('',(24.6485710612795,89.6738484760579,5.71738505516971));
#4429=CARTESIAN_POINT('',(24.544679922157,89.5344814056828,5.77230714760534));
#4430=CARTESIAN_POINT('',(24.4770273522277,89.4427092200222,5.80445801824739));
#4431=CARTESIAN_POINT('',(24.4348358987823,89.4539969004083,5.82705321030805));
#4432=CARTESIAN_POINT('',(24.4348358987823,89.4539969004083,5.82705321030805));
#4433=CARTESIAN_POINT('',(22.0000000000122,89.66512,5.82705321031316));
#4434=CARTESIAN_POINT('',(21.9999999999955,89.66512,-2.14034125502346));
#4435=CARTESIAN_POINT('',(19.7954919132298,90.7201758811636,5.8270532103236));
#4436=CARTESIAN_POINT('',(19.090143446513,90.6560584067225,5.50734004548442));
#4437=CARTESIAN_POINT('',(17.7837056768258,90.5323214253183,4.66355165121923));
#4438=CARTESIAN_POINT('',(16.2270177748679,89.9540873582455,2.99634253488538));
#4439=CARTESIAN_POINT('',(15.5060950072939,88.7972974811885,1.52447197571193));
#4440=CARTESIAN_POINT('',(15.4621848623449,87.5599331656593,0.579428734409208));
#4441=CARTESIAN_POINT('',(15.6157153436032,86.8926116308385,0.194970335621163));
#4442=CARTESIAN_POINT('',(15.7207529779675,86.5714075317353,1.31591518696656E-11));
#4443=CARTESIAN_POINT('',(19.7954919132299,90.7201758811636,5.82705321032358));
#4444=CARTESIAN_POINT('',(22.0000000000122,89.66512,5.82705321031316));
#4445=CARTESIAN_POINT('',(25.2413041180222,92.0057111759022,5.66474750044783));
#4446=CARTESIAN_POINT('',(28.4596173820481,98.9074062429733,5.66474750044107));
#4447=CARTESIAN_POINT('',(25.0789866965891,92.0814010325661,3.2425105403491));
#4448=CARTESIAN_POINT('',(28.2972999606149,98.9830960996372,3.24251054034235));
#4449=CARTESIAN_POINT('',(23.9465724609665,92.6094544628388,1.3542613735369));
#4450=CARTESIAN_POINT('',(27.1648857249923,99.5111495299099,1.35426137353014));
#4451=CARTESIAN_POINT('',(21.8440614111543,93.5898714667203,1.1211803711405E-11));
#4452=CARTESIAN_POINT('',(25.0623746751801,100.491566533791,4.45403374820519E-12));
#4453=CARTESIAN_POINT('',(23.4035980364406,96.9343085524349,7.93959714483564E-12));
#4454=CARTESIAN_POINT('',(23.9792197297532,96.7398170481964,0.352529072483592));
#4455=CARTESIAN_POINT('',(24.9770980847751,96.1685344871179,1.1824029237629));
#4456=CARTESIAN_POINT('',(25.7666986401936,94.9537108414551,2.74640507361128));
#4457=CARTESIAN_POINT('',(25.8015265342855,93.5723188873097,4.35268378533997));
#4458=CARTESIAN_POINT('',(25.4757105367705,92.5783870404926,5.26470193021908));
#4459=CARTESIAN_POINT('',(25.2603850277505,92.0466303161272,5.66474751609101));
#4460=CARTESIAN_POINT('',(27.8890136490307,97.6837425859122,5.66474751608549));
#4461=CARTESIAN_POINT('',(27.9139947091509,97.8396021355954,5.08009474799369));
#4462=CARTESIAN_POINT('',(27.8533973622214,98.2073709724834,3.9441354660256));
#4463=CARTESIAN_POINT('',(27.1648950268212,99.1904725356203,1.80393029613627));
#4464=CARTESIAN_POINT('',(25.9991861167338,100.017429121154,0.612616496817453));
#4465=CARTESIAN_POINT('',(25.0350278961226,100.432921176849,4.50830060612782E-12));
#4466=CARTESIAN_POINT('',(24.7280801616379,89.8297286795429,5.65135068791384));
#4467=CARTESIAN_POINT('',(29.0723687599057,99.1460856432189,5.65135068790472));
#4468=CARTESIAN_POINT('',(24.7457660559103,89.8214816115995,2.76186907202584));
#4469=CARTESIAN_POINT('',(29.0900546541781,99.1378385752755,2.76186907201672));
#4470=CARTESIAN_POINT('',(23.8385780445827,90.2445103286661,0.878085509392351));
#4471=CARTESIAN_POINT('',(28.1828666428505,99.5608672923421,0.878085509383229));
#4472=CARTESIAN_POINT('',(22.0065161276551,91.0988148307428,1.33818555448714E-11));
#4473=CARTESIAN_POINT('',(26.3508047259229,100.415171794419,4.2597780488724E-12));
#4474=CARTESIAN_POINT('',(28.1483831955364,97.1645922057984,5.65135067666759));
#4475=CARTESIAN_POINT('',(35.053230757981,83.5770063753005,9.25172881002406));
#4476=CARTESIAN_POINT('',(27.5641674475939,78.3015096311395,5.84999999996067));
#4477=CARTESIAN_POINT('',(27.721432447564,78.4116277696207,2.08289114467103));
#4478=CARTESIAN_POINT('',(30.6441791341082,80.4581570318195,-7.26130624714929E-12));
#4479=CARTESIAN_POINT('',(29.1282866238734,79.3967176690331,2.92499999997665));
#4480=CARTESIAN_POINT('',(27.8867388575965,97.6704811417186,5.71479309453236));
#4481=CARTESIAN_POINT('',(28.1130907063795,98.1329310136921,5.85823407961041));
#4482=CARTESIAN_POINT('',(27.6590617448632,98.4100363549623,5.91058569543976));
#4483=CARTESIAN_POINT('',(27.9206405773594,97.8558480809499,5.01102889820512));
#4484=CARTESIAN_POINT('',(28.1657134463643,98.3283978657789,5.15315129201329));
#4485=CARTESIAN_POINT('',(27.6927771828945,98.5961049149153,5.25923040271288));
#4486=CARTESIAN_POINT('',(27.8305864126308,98.3162262830034,3.623793960471));
#4487=CARTESIAN_POINT('',(28.1183667716237,98.8355372787614,3.73321978970596));
#4488=CARTESIAN_POINT('',(27.6075964706805,99.0569569960651,3.99464646931672));
#4489=CARTESIAN_POINT('',(27.025902823894,99.276579158538,1.72493473947859));
#4490=CARTESIAN_POINT('',(27.3866196830514,99.9005908169645,1.78374723706847));
#4491=CARTESIAN_POINT('',(26.8566227516095,99.9965403488247,2.2825176105735));
#4492=CARTESIAN_POINT('',(25.9820305499669,99.9863118894925,0.655803541418982));
#4493=CARTESIAN_POINT('',(26.3566684973641,100.685246441977,0.684135514552376));
#4494=CARTESIAN_POINT('',(25.8377131373004,100.690804073545,1.28755805418));
#4495=CARTESIAN_POINT('',(25.1521239681147,100.385910285992,0.0700474209972319));
#4496=CARTESIAN_POINT('',(25.4898560003534,101.140747596062,0.0618096268116373));
#4497=CARTESIAN_POINT('',(25.0243821699809,101.075075942611,0.742378514145475));
#4498=CARTESIAN_POINT('',(24.6030094807826,100.6145407789,-0.271274984116944));
#4499=CARTESIAN_POINT('',(24.9146695725815,101.404184216425,-0.300735166919338));
#4500=CARTESIAN_POINT('',(24.4493790827628,101.309294919134,0.402863678716166));
#4501=CARTESIAN_POINT('',(24.1902332329793,100.759965686021,-0.527643491519055));
#4502=CARTESIAN_POINT('',(24.4873305517052,101.573303870089,-0.57111663193415));
#4503=CARTESIAN_POINT('',(24.0135951007425,101.459286933094,0.145817332707483));
#4504=CARTESIAN_POINT('',(23.9092971495981,100.846612938015,-0.697656011356315));
#4505=CARTESIAN_POINT('',(24.1966413396484,101.675376520277,-0.750094881616987));
#4506=CARTESIAN_POINT('',(23.7180797704645,101.548042110041,-0.0241951871520411));
#4507=CARTESIAN_POINT('',(27.913782409778,97.7456110288837,5.65956805251131));
#4508=CARTESIAN_POINT('',(27.9629177450947,97.8841131902739,5.67818731051659));
#4509=CARTESIAN_POINT('',(27.9579518865796,98.0431320916351,5.66227894732324));
#4510=CARTESIAN_POINT('',(27.9152212237587,98.1801166968659,5.62441329249518));
#4511=CARTESIAN_POINT('',(27.9152212237584,98.1801166968658,5.62441329249493));
#4512=CARTESIAN_POINT('',(27.9152212237585,98.1801166968658,5.62441329249486));
#4513=CARTESIAN_POINT('',(27.8711525415599,98.3102128235591,5.61396729051413));
#4514=CARTESIAN_POINT('',(27.7855761156945,98.4264249033468,5.60448713324617));
#4515=CARTESIAN_POINT('',(27.6691662257079,98.5030866277331,5.59823619094015));
#4516=CARTESIAN_POINT('',(23.9722813223064,90.952501984873,5.87303292265686));
#4517=CARTESIAN_POINT('',(24.5913648212677,90.6019358362373,5.70594864369062));
#4518=CARTESIAN_POINT('',(24.744084459136,90.8485559428476,6.37671939048718));
#4519=CARTESIAN_POINT('',(24.1231488620522,91.2771755373967,5.71770609915314));
#4520=CARTESIAN_POINT('',(24.7339398563443,90.9246875668298,5.56498680927326));
#4521=CARTESIAN_POINT('',(24.8999053537432,91.2026945081114,6.21103744346163));
#4522=CARTESIAN_POINT('',(24.414561042115,91.9080519422531,5.35112830660916));
#4523=CARTESIAN_POINT('',(25.0184393893212,91.5341823885364,5.2271273367461));
#4524=CARTESIAN_POINT('',(25.2039940819995,91.8839168490417,5.83158385311625));
#4525=CARTESIAN_POINT('',(24.7763586630482,92.8122425806683,4.65821020917233));
#4526=CARTESIAN_POINT('',(25.3223813036699,92.506033142375,4.54669622880002));
#4527=CARTESIAN_POINT('',(25.576159235223,92.8586601201754,5.0141625274022));
#4528=CARTESIAN_POINT('',(24.9893603207307,93.6636943930771,3.87076000677478));
#4529=CARTESIAN_POINT('',(25.4966624467442,93.4339279153806,3.74202991048345));
#4530=CARTESIAN_POINT('',(25.7806045079367,93.7798846860007,4.09865458242531));
#4531=CARTESIAN_POINT('',(25.01790808585,94.7572271746685,2.70675704483763));
#4532=CARTESIAN_POINT('',(25.4591375371031,94.618547155512,2.55516151223169));
#4533=CARTESIAN_POINT('',(25.7551991936175,94.9746839188185,2.7251042698231));
#4534=CARTESIAN_POINT('',(24.4879624048911,95.7349558312037,1.51081666945635));
#4535=CARTESIAN_POINT('',(24.8396105072504,95.7259020191561,1.26137151539333));
#4536=CARTESIAN_POINT('',(25.0836084181523,96.0679558891595,1.32113374194839));
#4537=CARTESIAN_POINT('',(23.5477917036214,96.3136282097025,0.672280567962123));
#4538=CARTESIAN_POINT('',(23.8043919580469,96.3618942460818,0.360319624930101));
#4539=CARTESIAN_POINT('',(23.9811135268512,96.7285226568903,0.361004568685511));
#4540=CARTESIAN_POINT('',(22.907378232853,96.5441328912372,0.265650790523248));
#4541=CARTESIAN_POINT('',(23.1232679210026,96.6099667871074,-0.0697052569402974));
#4542=CARTESIAN_POINT('',(23.2512462275359,96.9928935014167,-0.0959961921866124));
#4543=CARTESIAN_POINT('',(22.5791605407876,96.6262990931983,0.0696871852402161));
#4544=CARTESIAN_POINT('',(22.7910932973242,96.693760190981,-0.264713860694658));
#4545=CARTESIAN_POINT('',(22.9015418478465,97.0782932905962,-0.301146982544511));
#4546=CARTESIAN_POINT('',(22.4132152772638,96.6596743822211,-0.0277574040298868));
#4547=CARTESIAN_POINT('',(22.6209343166898,96.7285779081046,-0.363330296138157));
#4548=CARTESIAN_POINT('',(22.7217604374685,97.1140574262139,-0.40508787777344));
#4549=CARTESIAN_POINT('',(24.015959238909,91.0467520654246,5.82705321031084));
#4550=CARTESIAN_POINT('',(24.0514733721006,90.9776127090957,5.83219728072716));
#4551=CARTESIAN_POINT('',(24.1921028841874,90.8737806163034,5.83617311063356));
#4552=CARTESIAN_POINT('',(24.4972050612316,91.013463094673,5.81005953733246));
#4553=CARTESIAN_POINT('',(24.7676837038693,91.2737974574637,5.77188891742809));
#4554=CARTESIAN_POINT('',(25.0486908682735,91.6420516448789,5.71901926558432));
#4555=CARTESIAN_POINT('',(25.1968190443351,91.907101073473,5.68310403556117));
#4556=CARTESIAN_POINT('',(25.2603850277505,92.0466303161273,5.66474751609096));
#4557=CARTESIAN_POINT('',(22.1287648421397,87.3133832790473,5.87303292266071));
#4558=CARTESIAN_POINT('',(21.5156239022332,86.9525243162005,5.70594864369707));
#4559=CARTESIAN_POINT('',(21.6528433607097,86.696955176846,6.37671939049367));
#4560=CARTESIAN_POINT('',(22.3345066166902,87.0203913807642,5.71770609915958));
#4561=CARTESIAN_POINT('',(21.7238475825042,86.6676748485713,5.5649868092806));
#4562=CARTESIAN_POINT('',(21.8816259073873,86.384941041038,6.21103744347328));
#4563=CARTESIAN_POINT('',(22.7351555199095,86.4525828274209,5.35112830661144));
#4564=CARTESIAN_POINT('',(22.1094358150854,86.1165436148113,5.22712733675214));
#4565=CARTESIAN_POINT('',(22.319537396124,85.7809813069057,5.83158385311984));
#4566=CARTESIAN_POINT('',(23.3373087721731,85.6871615774582,4.65821020917567));
#4567=CARTESIAN_POINT('',(22.7991122994217,85.3673968187825,4.54669622880513));
#4568=CARTESIAN_POINT('',(22.9776072544815,84.9713051942393,5.01416252740831));
#4569=CARTESIAN_POINT('',(23.9681868429735,85.0769708246504,3.87076000677683));
#4570=CARTESIAN_POINT('',(23.5155521733429,84.7525175349775,3.74202991048774));
#4571=CARTESIAN_POINT('',(23.6731884947161,84.3336381114721,4.09865458242954));
#4572=CARTESIAN_POINT('',(24.9009401291395,84.5054813440382,2.7067570448379));
#4573=CARTESIAN_POINT('',(24.5602249839264,84.1927054399324,2.55516151223341));
#4574=CARTESIAN_POINT('',(24.7206176399141,83.7582401426519,2.72510426982543));
#4575=CARTESIAN_POINT('',(26.0126508241829,84.4755634381053,1.5108166694533));
#4576=CARTESIAN_POINT('',(25.8289859417644,84.1755541542949,1.26137151539109));
#4577=CARTESIAN_POINT('',(26.0032143272024,83.7932188299807,1.32113374194613));
#4578=CARTESIAN_POINT('',(26.9838811550627,85.0004389600462,0.672280567954719));
#4579=CARTESIAN_POINT('',(26.8973806414982,84.7540836029029,0.360319624924148));
#4580=CARTESIAN_POINT('',(27.1265293746015,84.4177240295195,0.361004568679371));
#4581=CARTESIAN_POINT('',(27.5037108003472,85.4398009538916,0.265650790514002));
#4582=CARTESIAN_POINT('',(27.452779782517,85.2199180516087,-0.0697052569504677));
#4583=CARTESIAN_POINT('',(27.7204148916363,84.9176222298593,-0.095996192196745));
#4584=CARTESIAN_POINT('',(27.7389776646075,85.6829627122062,0.0696871852285258));
#4585=CARTESIAN_POINT('',(27.6914343108026,85.4656930122471,-0.264713860702316));
#4586=CARTESIAN_POINT('',(27.9692254683901,85.1777752118842,-0.301146982553453));
#4587=CARTESIAN_POINT('',(27.8508541445233,85.8099878815472,-0.0277574040412817));
#4588=CARTESIAN_POINT('',(27.8066668286346,85.5956461536122,-0.363330296149022));
#4589=CARTESIAN_POINT('',(28.0900888235664,85.315588412598,-0.405087877784689));
#4590=CARTESIAN_POINT('',(22.1885488479027,87.2284320534063,5.82705321031331));
#4591=CARTESIAN_POINT('',(22.1109153423255,87.2322455900329,5.83219728072977));
#4592=CARTESIAN_POINT('',(21.9506793561969,87.1623729064441,5.8361731106389));
#4593=CARTESIAN_POINT('',(21.9190968424068,86.8283054311868,5.81005953733741));
#4594=CARTESIAN_POINT('',(22.0093136927426,86.4638968740874,5.77188891743397));
#4595=CARTESIAN_POINT('',(22.1877275918919,86.0364104373601,5.71901926559025));
#4596=CARTESIAN_POINT('',(22.343203042282,85.7756029595777,5.68310403556716));
#4597=CARTESIAN_POINT('',(22.4322559192835,85.6507885817963,5.6647475160969));
#4598=CARTESIAN_POINT('',(15.1881141283237,86.5658220225742,-0.405023288688578));
#4599=CARTESIAN_POINT('',(15.5723647494578,86.6712382520052,-0.363269060749468));
#4600=CARTESIAN_POINT('',(15.7358969808365,86.5257974094718,-0.0276968517636374));
#4601=CARTESIAN_POINT('',(15.1293258060744,86.7390283808441,-0.301304734939734));
#4602=CARTESIAN_POINT('',(15.517559383432,86.8356566760979,-0.264863743379575));
#4603=CARTESIAN_POINT('',(15.6819472871783,86.6858550470743,0.0695392923756989));
#4604=CARTESIAN_POINT('',(15.0287329078069,87.0834100996546,-0.096820152772014));
#4605=CARTESIAN_POINT('',(15.4243173485651,87.164104729645,-0.0704904741809641));
#4606=CARTESIAN_POINT('',(15.5892751609905,87.0100610190346,0.264853068234742));
#4607=CARTESIAN_POINT('',(14.8925883061795,87.8466859943572,0.359430595174721));
#4608=CARTESIAN_POINT('',(15.2984351769596,87.8771314069213,0.358848427802627));
#4609=CARTESIAN_POINT('',(15.4685165842863,87.6792507171149,0.670931263975559));
#4610=CARTESIAN_POINT('',(14.9124351428878,89.1312916068842,1.31834658606943));
#4611=CARTESIAN_POINT('',(15.3306196074123,89.0911283203817,1.25878028345393));
#4612=CARTESIAN_POINT('',(15.4986705592014,88.7823410849656,1.5083855280847));
#4613=CARTESIAN_POINT('',(15.5230515834655,90.2615760292781,2.7234067022725));
#4614=CARTESIAN_POINT('',(15.9795203261673,90.1832868986885,2.55371039285597));
#4615=CARTESIAN_POINT('',(16.0800849798482,89.7319396552402,2.70532844887249));
#4616=CARTESIAN_POINT('',(16.545562313581,90.8815814520709,4.09792956628558));
#4617=CARTESIAN_POINT('',(16.9871613199377,90.8086417637325,3.74141004164604));
#4618=CARTESIAN_POINT('',(17.0418479129494,90.2544755710747,3.87013988820819));
#4619=CARTESIAN_POINT('',(17.4458066907058,91.1653230646616,5.01382495911303));
#4620=CARTESIAN_POINT('',(17.8781114930568,91.1218467246,4.54641977860936));
#4621=CARTESIAN_POINT('',(17.8859332250921,90.4958958157467,4.65791856159056));
#4622=CARTESIAN_POINT('',(18.4765818295044,91.3304803011635,5.83166169225371));
#4623=CARTESIAN_POINT('',(18.8722404702532,91.3446558242381,5.22720013780364));
#4624=CARTESIAN_POINT('',(18.850389072057,90.6347402915841,5.35119698197203));
#4625=CARTESIAN_POINT('',(19.2183474891247,91.4077112313155,6.21098639499444));
#4626=CARTESIAN_POINT('',(19.5421032150338,91.4029858304634,5.56494404786017));
#4627=CARTESIAN_POINT('',(19.5422321753482,90.6977832283587,5.71765824123894));
#4628=CARTESIAN_POINT('',(19.6030912270586,91.4498509664492,6.37672759559927));
#4629=CARTESIAN_POINT('',(19.8930287827694,91.4409017390325,5.7059556782205));
#4630=CARTESIAN_POINT('',(19.8989714960889,90.7294763050591,5.87304061494786));
#4631=CARTESIAN_POINT('',(19.7954919132229,90.7201758811663,5.82705321031969));
#4632=CARTESIAN_POINT('',(19.8376112856093,90.785501700868,5.832197280736));
#4633=CARTESIAN_POINT('',(19.8572177596522,90.959206477253,5.83617311064267));
#4634=CARTESIAN_POINT('',(19.5836980963983,91.1535914741385,5.81005953734278));
#4635=CARTESIAN_POINT('',(19.2230026034246,91.2576656684487,5.77188891743974));
#4636=CARTESIAN_POINT('',(18.7635815398708,91.3168979177606,5.71901926559752));
#4637=CARTESIAN_POINT('',(18.4599779134188,91.3126559669492,5.68310403557533));
#4638=CARTESIAN_POINT('',(18.3073590530017,91.2979411020764,5.66474751610557));
#4639=CARTESIAN_POINT('',(15.0028990304721,87.246077280042,2.55897953231676E-11));
#4640=CARTESIAN_POINT('',(14.8836159033421,87.8413612433194,0.352254032274844));
#4641=CARTESIAN_POINT('',(14.8792003435948,88.9907106937431,1.18161093021156));
#4642=CARTESIAN_POINT('',(15.5359118078862,90.2822644764402,2.74529588998995));
#4643=CARTESIAN_POINT('',(16.7152891369998,91.0037791796815,4.35258549374654));
#4644=CARTESIAN_POINT('',(17.7393797556428,91.2185678110544,5.2648415427007));
#4645=CARTESIAN_POINT('',(18.3073590530017,91.2979411020764,5.66474751610565));
#4646=CARTESIAN_POINT('',(10.5756819874419,88.018874643852,-0.019237054367502));
#4647=CARTESIAN_POINT('',(10.1116643429777,88.0100677686968,-0.00548083646338473));
#4648=CARTESIAN_POINT('',(9.97962892617417,88.1862459844074,-0.414268133200508));
#4649=CARTESIAN_POINT('',(10.5747422685234,88.1718221784488,0.0469834474568865));
#4650=CARTESIAN_POINT('',(10.1081771181718,88.1683936971695,0.063163501433462));
#4651=CARTESIAN_POINT('',(9.97775687496743,88.3467715677068,-0.348047631361451));
#4652=CARTESIAN_POINT('',(10.585684681546,88.4266287493619,0.166043797279044));
#4653=CARTESIAN_POINT('',(10.1107141122373,88.4419181521892,0.195257548101949));
#4654=CARTESIAN_POINT('',(9.98316591778888,88.6622695758066,-0.208048538477468));
#4655=CARTESIAN_POINT('',(10.6420461013118,88.9388416595799,0.461525041459104));
#4656=CARTESIAN_POINT('',(10.1497598976808,88.9800533954399,0.516863949214731));
#4657=CARTESIAN_POINT('',(10.0329756287223,89.2568148359051,0.120205122537205));
#4658=CARTESIAN_POINT('',(10.8337837881855,89.7419790549731,1.08135145066303));
#4659=CARTESIAN_POINT('',(10.3052572693979,89.8306230674794,1.21426070484657));
#4660=CARTESIAN_POINT('',(10.2145289764531,90.2185640683748,0.826215042463524));
#4661=CARTESIAN_POINT('',(11.2899246267555,90.5873857727728,2.23551636326784));
#4662=CARTESIAN_POINT('',(10.6891227483131,90.6541304387228,2.49219248175661));
#4663=CARTESIAN_POINT('',(10.6665094145804,91.2198401202226,2.13935449404617));
#4664=CARTESIAN_POINT('',(11.8931205908382,91.1225155510647,3.89064912436414));
#4665=CARTESIAN_POINT('',(11.1852451939308,91.100881430274,4.1671353493468));
#4666=CARTESIAN_POINT('',(11.2727289274884,91.8320269664185,3.95290482839229));
#4667=CARTESIAN_POINT('',(12.2663082041846,91.2315182076864,5.08546441198263));
#4668=CARTESIAN_POINT('',(11.5029139528515,91.1729041196204,5.31820205049773));
#4669=CARTESIAN_POINT('',(11.648094052787,91.9546132661753,5.21762495554548));
#4670=CARTESIAN_POINT('',(12.4437107057874,91.240775772094,5.69467003558023));
#4671=CARTESIAN_POINT('',(11.6616768198151,91.1701122400537,5.91298228493941));
#4672=CARTESIAN_POINT('',(11.8261441316412,91.9663196141666,5.85610616922656));
#4673=CARTESIAN_POINT('',(11.7536271294774,91.9587945203473,5.59823619097296));
#4674=CARTESIAN_POINT('',(11.7096780310373,91.7694690993401,5.5925250793593));
#4675=CARTESIAN_POINT('',(11.8390639750903,91.3576391948465,5.598793294717));
#4676=CARTESIAN_POINT('',(12.2385174919296,91.2233103295015,5.63409409442407));
#4677=CARTESIAN_POINT('',(12.4310749570638,91.2400399366273,5.65135067670087));
#4678=CARTESIAN_POINT('',(12.4310749570611,91.240039936627,5.65135067670178));
#4679=CARTESIAN_POINT('',(10.5754932054921,88.0633132665797,3.74037445316212E-11));
#4680=CARTESIAN_POINT('',(10.5792497748054,88.608454115038,0.235760324330662));
#4681=CARTESIAN_POINT('',(10.7568882428566,89.6289632790173,0.894858857218943));
#4682=CARTESIAN_POINT('',(11.3213882183367,90.6237972397342,2.31491608756603));
#4683=CARTESIAN_POINT('',(11.9089954051585,91.1271072932011,3.94160312130099));
#4684=CARTESIAN_POINT('',(12.2633897663839,91.2292601839899,5.07742998875922));
#4685=CARTESIAN_POINT('',(12.4310749570611,91.2400399366271,5.65135067670178));
#4686=CARTESIAN_POINT('',(12.1237844560326,90.7605048252547,5.71479309456446));
#4687=CARTESIAN_POINT('',(11.6101151945363,90.7253063405074,5.85823407964571));
#4688=CARTESIAN_POINT('',(11.5971494102301,90.1935530551456,5.91058569547443));
#4689=CARTESIAN_POINT('',(11.9463011177737,90.697181106189,5.0110288982418));
#4690=CARTESIAN_POINT('',(11.4145245650269,90.6731455440496,5.1531512920509));
#4691=CARTESIAN_POINT('',(11.419151591447,90.1297172009865,5.25923040275821));
#4692=CARTESIAN_POINT('',(11.5926289817735,90.3890028107946,3.62379396052324));
#4693=CARTESIAN_POINT('',(10.9990022875032,90.3785724145447,3.73321978976889));
#4694=CARTESIAN_POINT('',(11.0626323378855,89.8255224997553,3.99464646936678));
#4695=CARTESIAN_POINT('',(11.1632807893331,89.2119499431922,1.72493473953593));
#4696=CARTESIAN_POINT('',(10.4425124112944,89.212334077574,1.78374723712673));
#4697=CARTESIAN_POINT('',(10.6244161449479,88.705368505091,2.28251761063184));
#4698=CARTESIAN_POINT('',(11.0705703513798,87.9530636702005,0.655803541475147));
#4699=CARTESIAN_POINT('',(10.277956299648,87.9280423736281,0.684135514613364));
#4700=CARTESIAN_POINT('',(10.532620929558,87.4758350325958,1.28755805423718));
#4701=CARTESIAN_POINT('',(11.1394612796183,87.0345442893083,0.0700474210502043));
#4702=CARTESIAN_POINT('',(10.3168869772517,86.9496101538677,0.0618096268692611));
#4703=CARTESIAN_POINT('',(10.6064972126392,86.5793338186867,0.742378514199182));
#4704=CARTESIAN_POINT('',(11.216018708342,86.4446819472394,-0.271274984065459));
#4705=CARTESIAN_POINT('',(10.3763373856168,86.3197657853231,-0.300735166863047));
#4706=CARTESIAN_POINT('',(10.6911591725256,85.9642570496473,0.40286367877016));
#4707=CARTESIAN_POINT('',(11.296465168331,86.0144947769985,-0.527643491470708));
#4708=CARTESIAN_POINT('',(10.4435449796797,85.8651195103719,-0.571116631889486));
#4709=CARTESIAN_POINT('',(10.7791542690844,85.5118610436627,0.145817332761107));
#4710=CARTESIAN_POINT('',(11.3618944886243,85.7278733659623,-0.697656011304015));
#4711=CARTESIAN_POINT('',(10.5004920776274,85.5623389430476,-0.750094881560465));
#4712=CARTESIAN_POINT('',(10.8500476962625,85.2115596719749,-0.0241951870977612));
#4713=CARTESIAN_POINT('',(12.1111623127529,90.7558441303284,5.66474751611863));
#4714=CARTESIAN_POINT('',(11.9636934532414,90.6995485881654,5.08009474802898));
#4715=CARTESIAN_POINT('',(11.6754949712893,90.4631853278872,3.94413546606353));
#4716=CARTESIAN_POINT('',(11.1683552104665,89.3753740332648,1.80393029616783));
#4717=CARTESIAN_POINT('',(11.0350442560989,87.9523622111091,0.612616496864959));
#4718=CARTESIAN_POINT('',(11.1572966898811,86.9096306708116,3.36630745923255E-11));
#4719=CARTESIAN_POINT('',(12.1111623127529,90.7558441303284,5.66474751611862));
#4720=CARTESIAN_POINT('',(12.1111623127528,90.7558441303284,5.66474751611862));
#4721=CARTESIAN_POINT('',(11.8023162597986,90.7270567636427,5.64094251313724));
#4722=CARTESIAN_POINT('',(11.5297876531396,90.4664026225966,5.61219066656899));
#4723=CARTESIAN_POINT('',(11.5115132697567,90.1557786558638,5.59823619097346));
#4724=CARTESIAN_POINT('',(28.0649995909817,100.032466938771,7.89549470236298));
#4725=CARTESIAN_POINT('',(29.1077286234122,99.8888115126661,8.50625793764471));
#4726=CARTESIAN_POINT('',(29.1151373827661,99.9610383673395,7.29148189332895));
#4727=CARTESIAN_POINT('',(28.0201053076216,99.5692688138235,7.86919853442526));
#4728=CARTESIAN_POINT('',(29.0880906635245,99.6050591797261,8.48866515921159));
#4729=CARTESIAN_POINT('',(29.0768629224738,99.5879065449563,7.2636517834897));
#4730=CARTESIAN_POINT('',(28.1032874267864,98.6324543780714,7.91572477834055));
#4731=CARTESIAN_POINT('',(29.1224413224583,99.0505955278122,8.51994271326982));
#4732=CARTESIAN_POINT('',(29.147779537831,98.8332504709892,7.31289205650189));
#4733=CARTESIAN_POINT('',(28.6958424454335,97.4201700260169,8.27798317987571));
#4734=CARTESIAN_POINT('',(29.3835211342222,98.2529649155404,8.75070537438599));
#4735=CARTESIAN_POINT('',(29.6529601212104,97.8566880765822,7.69628219884962));
#4736=CARTESIAN_POINT('',(29.568739225167,96.5914898844824,8.91261702182505));
#4737=CARTESIAN_POINT('',(29.8804197766907,97.541433947566,9.17975583863398));
#4738=CARTESIAN_POINT('',(30.3971450386849,97.1891401846599,8.36793634805383));
#4739=CARTESIAN_POINT('',(30.8149769091675,96.0168437420723,10.0285269347755));
#4740=CARTESIAN_POINT('',(30.779461460695,96.8683945685972,10.0225605574439));
#4741=CARTESIAN_POINT('',(31.4596203600422,96.7262307924546,9.54894100599282));
#4742=CARTESIAN_POINT('',(32.2001949729094,96.0484867969342,11.7504923209947));
#4743=CARTESIAN_POINT('',(32.0686020914918,96.6122768914983,11.5548688080028));
#4744=CARTESIAN_POINT('',(32.6405828912924,96.75172102905,11.3713543730269));
#4745=CARTESIAN_POINT('',(32.9547918320163,96.4164935515113,13.2799384543642));
#4746=CARTESIAN_POINT('',(32.9066532327841,96.859039680607,13.1683565654722));
#4747=CARTESIAN_POINT('',(33.2839116450806,97.0481709202867,12.9900181975673));
#4748=CARTESIAN_POINT('',(33.2481477799117,96.6100127007625,14.0691900883206));
#4749=CARTESIAN_POINT('',(33.2181004760296,97.0071499277889,13.9883501263045));
#4750=CARTESIAN_POINT('',(33.5340111743986,97.2040613422772,13.8253095101384));
#4751=CARTESIAN_POINT('',(28.4187912337976,100.032466938771,7.29148189333187));
#4752=CARTESIAN_POINT('',(26.843064841383,101.46512,7.27071391483526));
#4753=CARTESIAN_POINT('',(26.8430648413832,102.16512,7.27071391483489));
#4754=CARTESIAN_POINT('',(27.125576957139,102.16512,6.63025555986508));
#4755=CARTESIAN_POINT('',(27.0101448360032,101.465119981939,7.34441444885804));
#4756=CARTESIAN_POINT('',(27.0968151268801,102.204631856675,7.38264552179105));
#4757=CARTESIAN_POINT('',(27.3976174601489,102.16512,6.70825529325518));
#4758=CARTESIAN_POINT('',(27.3353845174928,101.394002062777,7.49721295417893));
#4759=CARTESIAN_POINT('',(27.6175633743578,102.185108307537,7.63231370439981));
#4760=CARTESIAN_POINT('',(27.9271743783909,102.055707776053,6.86996704240024));
#4761=CARTESIAN_POINT('',(27.7545315062484,101.091503231947,7.71711679387314));
#4762=CARTESIAN_POINT('',(28.3749014113431,101.850798339883,8.05144065517333));
#4763=CARTESIAN_POINT('',(28.6096316570064,101.590324975469,7.10269860721173));
#4764=CARTESIAN_POINT('',(28.036999227523,100.615380750081,7.87854671349421));
#4765=CARTESIAN_POINT('',(29.0276328909857,101.087834569095,8.45362093619301));
#4766=CARTESIAN_POINT('',(29.069547039708,100.857828846138,7.27354527107702));
#4767=CARTESIAN_POINT('',(28.0836717660278,100.225117748641,7.90643165499983));
#4768=CARTESIAN_POINT('',(29.1599747126255,100.291159584421,8.53940944807637));
#4769=CARTESIAN_POINT('',(29.1455395305602,100.257424226843,7.30305683625641));
#4770=CARTESIAN_POINT('',(28.0649995909817,100.032466938771,7.89549470236298));
#4771=CARTESIAN_POINT('',(29.1077286234121,99.8888115126659,8.50625793764469));
#4772=CARTESIAN_POINT('',(29.1151373827661,99.9610383673394,7.29148189332895));
#4773=CARTESIAN_POINT('',(27.1255769571389,101.46512,6.63025555986508));
#4774=CARTESIAN_POINT('',(21.9999999998526,101.46512,18.2500000000382));
#4775=CARTESIAN_POINT('',(16.8810487121414,101.46512,6.62733517160758));
#4776=CARTESIAN_POINT('',(15.9412608839179,100.032466938771,7.89183026185445));
#4777=CARTESIAN_POINT('',(14.8988816813631,99.8889612990153,8.5015425766541));
#4778=CARTESIAN_POINT('',(14.8914882865198,99.9610383673394,7.2876036937966));
#4779=CARTESIAN_POINT('',(15.9226510275093,100.224474845248,7.90271560818623));
#4780=CARTESIAN_POINT('',(14.8468568363953,100.289736085453,8.53451009325245));
#4781=CARTESIAN_POINT('',(14.8611875951724,100.256435143561,7.29912402004875));
#4782=CARTESIAN_POINT('',(15.9684675406759,100.613003157974,7.87536955121408));
#4783=CARTESIAN_POINT('',(14.97677903063,101.082858681671,8.45036591102545));
#4784=CARTESIAN_POINT('',(14.9357863174277,100.854171013187,7.27018277437619));
#4785=CARTESIAN_POINT('',(16.2512904262981,101.091390189089,7.7139327533602));
#4786=CARTESIAN_POINT('',(15.6304409904186,101.850343338468,8.04806362948496));
#4787=CARTESIAN_POINT('',(15.3962799738946,101.59015106138,7.09932883087062));
#4788=CARTESIAN_POINT('',(16.6709285543267,101.394062859205,7.49407354631236));
#4789=CARTESIAN_POINT('',(16.3886864171401,102.184979005437,7.6289887311171));
#4790=CARTESIAN_POINT('',(16.0795369302099,102.055801315959,6.86664450291426));
#4791=CARTESIAN_POINT('',(16.996432991412,101.465119991599,7.341401490955));
#4792=CARTESIAN_POINT('',(16.9099089977273,102.20450229707,7.37950911413238));
#4793=CARTESIAN_POINT('',(16.6095249233957,102.16512,6.7050665783904));
#4794=CARTESIAN_POINT('',(17.1631956335113,101.46512,7.26795449285967));
#4795=CARTESIAN_POINT('',(17.1631956335112,102.16512,7.26795449285936));
#4796=CARTESIAN_POINT('',(16.8810487121414,102.16512,6.62733517160758));
#4797=CARTESIAN_POINT('',(15.5878344354883,100.032466938771,7.28760369379368));
#4798=CARTESIAN_POINT('',(14.8914882865198,99.9610383673395,7.2876036937966));
#4799=CARTESIAN_POINT('',(14.898881681363,99.8889612990154,8.50154257665411));
#4800=CARTESIAN_POINT('',(15.9412608839179,100.032466938771,7.89183026185445));
#4801=CARTESIAN_POINT('',(14.9297901920572,99.5876389854836,7.25979221807816));
#4802=CARTESIAN_POINT('',(14.9185722747194,99.6048219532383,8.48393913971097));
#4803=CARTESIAN_POINT('',(15.986187359358,99.5689366710377,7.86555170097277));
#4804=CARTESIAN_POINT('',(14.8587167943845,98.8324416819989,7.30906979941921));
#4805=CARTESIAN_POINT('',(14.8840617942198,99.0495424549829,8.51528909730269));
#4806=CARTESIAN_POINT('',(15.9028213413166,98.6314503641486,7.91211319683369));
#4807=CARTESIAN_POINT('',(14.3527513564194,97.8553403457685,7.69256278274771));
#4808=CARTESIAN_POINT('',(14.6221385068872,98.251126367268,8.74636629588351));
#4809=CARTESIAN_POINT('',(15.3093457221185,97.4184969808698,8.27446877095762));
#4810=CARTESIAN_POINT('',(13.6074870715987,97.1877543377419,8.36451940332509));
#4811=CARTESIAN_POINT('',(14.1240990237625,97.5393673165299,9.1758395631534));
#4812=CARTESIAN_POINT('',(14.4351828910855,96.5897695227907,8.90938841262903));
#4813=CARTESIAN_POINT('',(12.5436797870146,96.7254665114319,9.54611465760515));
#4814=CARTESIAN_POINT('',(13.2234953504357,96.8667577839612,10.0192870406325));
#4815=CARTESIAN_POINT('',(13.1873828717202,96.0158949794235,10.0258563693691));
#4816=CARTESIAN_POINT('',(11.3614820487761,96.7525215018157,11.3696260834078));
#4817=CARTESIAN_POINT('',(11.9326236285227,96.6122801455734,11.5527853266398));
#4818=CARTESIAN_POINT('',(11.8007159635018,96.0494804872638,11.7488592914335));
#4819=CARTESIAN_POINT('',(10.7177539006735,97.0505436948503,12.9889042525431));
#4820=CARTESIAN_POINT('',(11.0939125282333,96.8610466513122,13.1670449304835));
#4821=CARTESIAN_POINT('',(11.0456506321075,96.4194390647628,13.2788859078893));
#4822=CARTESIAN_POINT('',(10.4674803076363,97.207268996486,13.8246310560807));
#4823=CARTESIAN_POINT('',(10.7822144228486,97.0101774913764,13.9875171121209));
#4824=CARTESIAN_POINT('',(10.7520905149796,96.6139946163318,14.0685490293713));
#4825=CARTESIAN_POINT('',(30.791946289405,82.3015202413135,8.81421180442356));
#4826=CARTESIAN_POINT('',(30.2550221409574,82.0554903708726,9.53536539522138));
#4827=CARTESIAN_POINT('',(30.0318240484007,82.9378927133594,9.33429461835682));
#4828=CARTESIAN_POINT('',(31.3756241897927,82.5689736583843,9.46694579905019));
#4829=CARTESIAN_POINT('',(30.7300554908678,82.406717020613,9.99213595295685));
#4830=CARTESIAN_POINT('',(30.7164530327004,83.2699038340561,9.95105115135331));
#4831=CARTESIAN_POINT('',(32.4998680349129,82.6361199216855,11.0540234069158));
#4832=CARTESIAN_POINT('',(31.8654579156217,82.758442662414,11.220268553123));
#4833=CARTESIAN_POINT('',(32.0351425183994,83.3532578400328,11.4506520367246));
#4834=CARTESIAN_POINT('',(33.2439764125134,82.3056823334757,12.8631067465494));
#4835=CARTESIAN_POINT('',(32.8558799083441,82.4937752732237,13.041004749033));
#4836=CARTESIAN_POINT('',(32.9079495285725,82.9430594537697,13.1600221227008));
#4837=CARTESIAN_POINT('',(33.5260632335459,82.1311149324715,13.7988547793148));
#4838=CARTESIAN_POINT('',(33.2085147185397,82.3276275478264,13.9631973571204));
#4839=CARTESIAN_POINT('',(33.2388251884146,82.7263550885899,14.0441934922672));
#4840=CARTESIAN_POINT('',(30.0561714324025,82.9495776899523,9.35628863474495));
#4841=CARTESIAN_POINT('',(30.1684094662003,82.893753640554,9.45795697143929));
#4842=CARTESIAN_POINT('',(30.4195874886965,82.7872886257168,9.63209635676441));
#4843=CARTESIAN_POINT('',(30.7634358512299,82.6842225258325,9.79991786527966));
#4844=CARTESIAN_POINT('',(31.050352688733,82.6216398889237,9.91969501801484));
#4845=CARTESIAN_POINT('',(31.2765527513343,82.5847334481769,10.0000371535102));
#4846=CARTESIAN_POINT('',(31.4939963688212,82.5586872398068,10.0748297603088));
#4847=CARTESIAN_POINT('',(31.6858820165879,82.5482482755478,10.0694518497231));
#4848=CARTESIAN_POINT('',(31.7188734598019,82.5514616063131,9.99482567674175));
#4849=CARTESIAN_POINT('',(13.9744859922199,82.9378686759372,9.3286141820651));
#4850=CARTESIAN_POINT('',(13.7510604236924,82.0557288306483,9.52960369944131));
#4851=CARTESIAN_POINT('',(13.2147216369554,82.3015008778346,8.8082000093506));
#4852=CARTESIAN_POINT('',(13.2884643450552,83.2705692498682,9.94574659301386));
#4853=CARTESIAN_POINT('',(13.2751486887356,82.4074884767436,9.98658724675538));
#4854=CARTESIAN_POINT('',(12.6298564270109,82.569509687811,9.46133180813896));
#4855=CARTESIAN_POINT('',(11.9669226092467,83.3530978463025,11.4470006326228));
#4856=CARTESIAN_POINT('',(12.1372862509879,82.7591099044449,11.2158446255657));
#4857=CARTESIAN_POINT('',(11.5031809066058,82.6359910378215,11.0501590042423));
#4858=CARTESIAN_POINT('',(11.0927549221698,82.9404233861098,13.1582912265737));
#4859=CARTESIAN_POINT('',(11.1449811998296,82.4920488628786,13.0389506332385));
#4860=CARTESIAN_POINT('',(10.7579124889766,82.3035588345569,12.8612748814786));
#4861=CARTESIAN_POINT('',(10.7614110787699,82.7224003883588,14.0435621884367));
#4862=CARTESIAN_POINT('',(10.7917991364167,82.3246271356253,13.9623726158584));
#4863=CARTESIAN_POINT('',(10.4754265197752,82.12792920173,13.7981866494244));
#4864=CARTESIAN_POINT('',(12.2877522094977,82.5514616063135,9.9870859809818));
#4865=CARTESIAN_POINT('',(12.320717619543,82.5482508111501,10.0616805788501));
#4866=CARTESIAN_POINT('',(12.5124526094163,82.5586863463154,10.0673067636372));
#4867=CARTESIAN_POINT('',(12.7298986835974,82.5847406304935,9.99282334169346));
#4868=CARTESIAN_POINT('',(12.9560815299386,82.6216613403066,9.91277233182736));
#4869=CARTESIAN_POINT('',(13.2429594140369,82.6842607000087,9.79336390323722));
#4870=CARTESIAN_POINT('',(13.5866804360062,82.7873169106311,9.62599134347905));
#4871=CARTESIAN_POINT('',(13.837820612794,82.8937537901994,9.452173865718));
#4872=CARTESIAN_POINT('',(13.9500890424954,82.9495776899455,9.35062173082954));
#4873=CARTESIAN_POINT('',(27.1255769571233,100.16512,2.89999999999313));
#4874=CARTESIAN_POINT('',(29.4135714465913,99.9304261224405,2.89999999998352));
#4875=CARTESIAN_POINT('',(32.5000000000122,94.7906969572116,2.89999999997057));
#4876=CARTESIAN_POINT('',(32.2653061224099,97.0786914466753,2.89999999997155));
#4877=CARTESIAN_POINT('',(31.999999999903,99.665119999982,2.89999999997266));
#4878=CARTESIAN_POINT('',(11.5000000000122,94.791381144527,2.90000000005876));
#4879=CARTESIAN_POINT('',(11.7378038856179,97.0790544848426,2.90000000005776));
#4880=CARTESIAN_POINT('',(16.8810487121258,100.16512,2.90000000003616));
#4881=CARTESIAN_POINT('',(14.5930542226577,99.9304261224405,2.90000000004576));
#4882=CARTESIAN_POINT('',(12.006625669346,99.665119999982,2.90000000005663));
#4883=CARTESIAN_POINT('',(11.5000000000122,84.5388588554372,2.90000000005876));
#4884=CARTESIAN_POINT('',(11.7378038856179,82.2511855151216,2.90000000005776));
#4885=CARTESIAN_POINT('',(12.006625669346,79.6651199999822,2.90000000005663));
#4886=CARTESIAN_POINT('',(32.5000000000122,84.5395430427526,2.89999999997057));
#4887=CARTESIAN_POINT('',(32.2653061224099,82.2515485532889,2.89999999997155));
#4888=CARTESIAN_POINT('',(31.999999999903,79.6651199999822,2.89999999997267));
#4889=CARTESIAN_POINT('',(31.999999999903,99.665119999982,2.89999999997266));
#4890=CARTESIAN_POINT('',(28.9449144001912,98.4419282047034,2.37737407695563));
#4891=CARTESIAN_POINT('',(29.1934195305238,98.2134421515396,2.24871714433018));
#4892=CARTESIAN_POINT('',(29.4803034677395,97.9156351296689,2.18260340338034));
#4893=CARTESIAN_POINT('',(29.7717522257182,97.6135302579306,2.1606828903566));
#4894=CARTESIAN_POINT('',(30.0696216906227,97.3186628034564,2.1658438520389));
#4895=CARTESIAN_POINT('',(30.3718356302467,97.0297483761273,2.20240210963553));
#4896=CARTESIAN_POINT('',(30.616936597361,96.7878344006989,2.27907157901904));
#4897=CARTESIAN_POINT('',(30.7751728760799,96.5963742592383,2.4130900743177));
#4898=CARTESIAN_POINT('',(30.8371494444555,96.4701690391937,2.58578964431079));
#4899=CARTESIAN_POINT('',(30.7775664539766,96.4366159680896,2.79978364407044));
#4900=CARTESIAN_POINT('',(30.6094594936432,96.503844205924,3.01934448067839));
#4901=CARTESIAN_POINT('',(30.3493856581121,96.678990405231,3.18785480588069));
#4902=CARTESIAN_POINT('',(30.0332952446968,96.9354664130341,3.29083399061558));
#4903=CARTESIAN_POINT('',(29.727040671706,97.2160640142378,3.33104248998276));
#4904=CARTESIAN_POINT('',(29.4331016239917,97.5165676034864,3.32101393468495));
#4905=CARTESIAN_POINT('',(29.160084315912,97.8290927401018,3.25703025567591));
#4906=CARTESIAN_POINT('',(28.9211393010954,98.1427584880111,3.12052035850366));
#4907=CARTESIAN_POINT('',(28.772386374824,98.3968441840964,2.90089104730043));
#4908=CARTESIAN_POINT('',(28.7905170680124,98.5010076765049,2.62354521496059));
#4909=CARTESIAN_POINT('',(28.9449144001912,98.4419282047034,2.37737407695563));
#4910=CARTESIAN_POINT('',(29.1934195305238,98.2134421515396,2.24871714433018));
#4911=CARTESIAN_POINT('',(29.4803034677395,97.9156351296689,2.18260340338034));
#4912=CARTESIAN_POINT('',(29.1915324939933,98.2095048585273,2.2634295740303));
#4913=CARTESIAN_POINT('',(31.999999999903,79.6651199999822,2.89999999997267));
#4914=CARTESIAN_POINT('',(30.5090828408313,82.7655300763539,3.1009819585714));
#4915=CARTESIAN_POINT('',(30.7597757504332,82.9048615783728,2.86664868818959));
#4916=CARTESIAN_POINT('',(30.8375222017085,82.857759989482,2.57936989185409));
#4917=CARTESIAN_POINT('',(30.7494271676501,82.6867841801694,2.35417576209306));
#4918=CARTESIAN_POINT('',(30.5166376293063,82.4405639463282,2.23860968087225));
#4919=CARTESIAN_POINT('',(30.2177941045134,82.1536267004688,2.17861128520267));
#4920=CARTESIAN_POINT('',(29.9161564791876,81.8615172869984,2.16000980240272));
#4921=CARTESIAN_POINT('',(29.6223098249727,81.5631270462188,2.16802146010087));
#4922=CARTESIAN_POINT('',(29.3337209248463,81.260980619777,2.20897844907568));
#4923=CARTESIAN_POINT('',(29.0917403353136,81.0185870927948,2.29298497331822));
#4924=CARTESIAN_POINT('',(28.901099194617,80.8692842934265,2.44239829476118));
#4925=CARTESIAN_POINT('',(28.7879410211847,80.83039346132,2.63234986030123));
#4926=CARTESIAN_POINT('',(28.7775599796736,80.911629344046,2.83959330908216));
#4927=CARTESIAN_POINT('',(28.85835386464,81.0877256664641,3.04501895313277));
#4928=CARTESIAN_POINT('',(29.0392114759253,81.3490704839922,3.20240101860784));
#4929=CARTESIAN_POINT('',(29.2987104145067,81.6644043665403,3.29761765335631));
#4930=CARTESIAN_POINT('',(29.5817123366213,81.9696564517574,3.33226928044899));
#4931=CARTESIAN_POINT('',(29.8824897649823,82.2605575318114,3.31713138441784));
#4932=CARTESIAN_POINT('',(30.1957973632712,82.5310155233884,3.24709321105171));
#4933=CARTESIAN_POINT('',(30.5090828408313,82.7655300763539,3.1009819585714));
#4934=CARTESIAN_POINT('',(30.7597757504332,82.9048615783728,2.86664868818959));
#4935=CARTESIAN_POINT('',(30.8375222017085,82.857759989482,2.57936989185409));
#4936=CARTESIAN_POINT('',(30.7689783735483,82.8798722819357,2.78651130743198));
#4937=CARTESIAN_POINT('',(12.006625669346,99.665119999982,2.90000000005663));
#4938=CARTESIAN_POINT('',(13.4918842235162,96.5622680407931,3.10298061163223));
#4939=CARTESIAN_POINT('',(13.2395794435413,96.4224526085212,2.86657887622153));
#4940=CARTESIAN_POINT('',(13.1620889422544,96.470194734834,2.57865297761656));
#4941=CARTESIAN_POINT('',(13.2504871893886,96.6416590256057,2.35292509905053));
#4942=CARTESIAN_POINT('',(13.484166563845,96.8884417223876,2.23719580529546));
#4943=CARTESIAN_POINT('',(13.7841013591627,97.1759117942757,2.17720470548951));
#4944=CARTESIAN_POINT('',(14.086738627419,97.4685989069055,2.1585833850944));
#4945=CARTESIAN_POINT('',(14.3814966277295,97.7677402943121,2.1664550671751));
#4946=CARTESIAN_POINT('',(14.6708581986669,98.0707699051976,2.20713850840456));
#4947=CARTESIAN_POINT('',(14.9134100568584,98.3140852291789,2.29058236909865));
#4948=CARTESIAN_POINT('',(15.104843542442,98.4645018316664,2.43945459512588));
#4949=CARTESIAN_POINT('',(15.2189743171182,98.5050347131452,2.62796334272831));
#4950=CARTESIAN_POINT('',(15.2318575442816,98.4260128622303,2.83606361379549));
#4951=CARTESIAN_POINT('',(15.1509525977393,98.2478660578026,3.04591583055665));
#4952=CARTESIAN_POINT('',(14.9694292733527,97.9857365345289,3.20366784715246));
#4953=CARTESIAN_POINT('',(14.709040511801,97.6690577719167,3.2998762211274));
#4954=CARTESIAN_POINT('',(14.4237040474163,97.3613976347188,3.33480872098472));
#4955=CARTESIAN_POINT('',(14.1223893188856,97.0701131584176,3.31980437701333));
#4956=CARTESIAN_POINT('',(13.806924367033,96.7979470590738,3.24955925024356));
#4957=CARTESIAN_POINT('',(13.4918842235162,96.5622680407931,3.10298061163223));
#4958=CARTESIAN_POINT('',(13.2395794435413,96.4224526085212,2.86657887622153));
#4959=CARTESIAN_POINT('',(13.1620889422544,96.470194734834,2.57865297761656));
#4960=CARTESIAN_POINT('',(13.2305695951139,96.447687679449,2.78636369237619));
#4961=CARTESIAN_POINT('',(12.006625669346,79.6651199999822,2.90000000005663));
#4962=CARTESIAN_POINT('',(28.8092197630939,98.2924302901894,3.76667905956358));
#4963=CARTESIAN_POINT('',(29.0191823208244,98.2286024537639,3.46819617222954));
#4964=CARTESIAN_POINT('',(29.0340208670789,97.9971685980287,3.17928703366282));
#4965=CARTESIAN_POINT('',(29.070691304414,98.0094307151935,3.99034866664287));
#4966=CARTESIAN_POINT('',(29.2428002107376,97.9897020132515,3.6240165629373));
#4967=CARTESIAN_POINT('',(29.1972186637299,97.7794810346913,3.28205415042881));
#4968=CARTESIAN_POINT('',(29.7308957938716,97.365500115587,4.1834131226569));
#4969=CARTESIAN_POINT('',(29.8040190134744,97.4432958123389,3.74847983236066));
#4970=CARTESIAN_POINT('',(29.6365595724043,97.279082211241,3.37075944102933));
#4971=CARTESIAN_POINT('',(30.5327990192947,96.5431932619585,3.9254071567016));
#4972=CARTESIAN_POINT('',(30.4820210195279,96.746723391403,3.58224167652459));
#4973=CARTESIAN_POINT('',(30.2608755009442,96.7356191088361,3.25221615937304));
#4974=CARTESIAN_POINT('',(31.0504505850312,96.1040734849679,3.33850479443099));
#4975=CARTESIAN_POINT('',(30.9152348828512,96.370237716954,3.17202511414201));
#4976=CARTESIAN_POINT('',(30.6559209296132,96.4752578012381,2.98255831724808));
#4977=CARTESIAN_POINT('',(31.2953124094326,96.0341935759325,2.73049115364016));
#4978=CARTESIAN_POINT('',(31.1145513097468,96.2938285271426,2.73973803368846));
#4979=CARTESIAN_POINT('',(30.8342316437792,96.4237218247867,2.70320069850602));
#4980=CARTESIAN_POINT('',(31.2913915028251,96.3246678693245,2.13105900800947));
#4981=CARTESIAN_POINT('',(31.1013345822159,96.5035905336208,2.31428470287597));
#4982=CARTESIAN_POINT('',(30.8131570883198,96.5577329420369,2.42778592889217));
#4983=CARTESIAN_POINT('',(31.0344435916123,96.8387253307644,1.75343395679741));
#4984=CARTESIAN_POINT('',(30.8698652937348,96.9093335147342,2.06330516149142));
#4985=CARTESIAN_POINT('',(30.5805640211078,96.8287979865973,2.25428252698379));
#4986=CARTESIAN_POINT('',(30.64215673723,97.375363293363,1.58569616792308));
#4987=CARTESIAN_POINT('',(30.5176506778418,97.3579267888427,1.96992258658481));
#4988=CARTESIAN_POINT('',(30.2313901216618,97.1632140585616,2.17721381317562));
#4989=CARTESIAN_POINT('',(30.1854662184176,97.875753019293,1.54090438133676));
#4990=CARTESIAN_POINT('',(30.108467655017,97.7959701833787,1.9495087108645));
#4991=CARTESIAN_POINT('',(29.8488531428907,97.5340400772667,2.15663380312601));
#4992=CARTESIAN_POINT('',(29.6783230195535,98.3336093570176,1.59164557376544));
#4993=CARTESIAN_POINT('',(29.6654408711907,98.2064360198401,1.97282843777053));
#4994=CARTESIAN_POINT('',(29.4763394423556,97.9194886415564,2.17994732397144));
#4995=CARTESIAN_POINT('',(29.1417148603981,98.719333959222,1.76883593347335));
#4996=CARTESIAN_POINT('',(29.2183304021897,98.5527098520917,2.07276427440251));
#4997=CARTESIAN_POINT('',(29.1457011411918,98.2634822002143,2.26135911086482));
#4998=CARTESIAN_POINT('',(28.6341674676053,98.9644025970581,2.16129046205695));
#4999=CARTESIAN_POINT('',(28.8192108892939,98.773788742894,2.33538568388595));
#5000=CARTESIAN_POINT('',(28.8802078249026,98.4857526593989,2.44167605643034));
#5001=CARTESIAN_POINT('',(28.3641239827916,98.9523864794722,2.76562233373462));
#5002=CARTESIAN_POINT('',(28.6260327284382,98.7733384075546,2.76484240083517));
#5003=CARTESIAN_POINT('',(28.7569211537086,98.4938701721419,2.7193420515255));
#5004=CARTESIAN_POINT('',(28.4513278028181,98.6974467902794,3.36760595940849));
#5005=CARTESIAN_POINT('',(28.7159720955128,98.565373670487,3.19253531613504));
#5006=CARTESIAN_POINT('',(28.8174605009455,98.3074440188409,2.99592912278097));
#5007=CARTESIAN_POINT('',(28.6784839924338,98.4339300776873,3.65484425602393));
#5008=CARTESIAN_POINT('',(28.9087286922191,98.3466047322947,3.391230382189));
#5009=CARTESIAN_POINT('',(28.9524219687534,98.1060123796974,3.12790347527983));
#5010=CARTESIAN_POINT('',(28.8092197630939,98.2924302901894,3.76667905956358));
#5011=CARTESIAN_POINT('',(29.0191823208244,98.2286024537639,3.46819617222954));
#5012=CARTESIAN_POINT('',(29.0340208670789,97.9971685980287,3.17928703366282));
#5013=CARTESIAN_POINT('',(31.2234764548874,83.2512650757094,2.85753888274824));
#5014=CARTESIAN_POINT('',(31.0555689562111,82.9965724359648,2.82934474796023));
#5015=CARTESIAN_POINT('',(30.7803860703664,82.8802208981079,2.7615739794477));
#5016=CARTESIAN_POINT('',(31.1673157008101,83.2648113893456,3.05807505578506));
#5017=CARTESIAN_POINT('',(31.0110082180186,83.0004672907368,2.9717582772781));
#5018=CARTESIAN_POINT('',(30.7412584649572,82.8818122506595,2.85371222111335));
#5019=CARTESIAN_POINT('',(30.9789530542956,83.1743960336674,3.44572255878793));
#5020=CARTESIAN_POINT('',(30.8560516007892,82.9150133348356,3.24742480260016));
#5021=CARTESIAN_POINT('',(30.6020593759214,82.824466408963,3.03182053330423));
#5022=CARTESIAN_POINT('',(30.434809863721,82.6880700824517,3.97966855776428));
#5023=CARTESIAN_POINT('',(30.3994904537626,82.4999491223455,3.61836991052922));
#5024=CARTESIAN_POINT('',(30.1845377292774,82.5334082173941,3.27714707337522));
#5025=CARTESIAN_POINT('',(29.6242018198214,81.8582938174173,4.18097862905104));
#5026=CARTESIAN_POINT('',(29.7135977111512,81.796787502341,3.74699775157911));
#5027=CARTESIAN_POINT('',(29.5581224112732,81.9718089053351,3.3696408899131));
#5028=CARTESIAN_POINT('',(28.8092758112889,81.0638351988332,3.88251943356024));
#5029=CARTESIAN_POINT('',(29.0236405168081,81.1255059312875,3.55347763125482));
#5030=CARTESIAN_POINT('',(29.028725994469,81.350936297466,3.23251098928294));
#5031=CARTESIAN_POINT('',(28.4075743553016,80.5654357360932,3.25411056459567));
#5032=CARTESIAN_POINT('',(28.6772767754724,80.7092769188388,3.11245073367168));
#5033=CARTESIAN_POINT('',(28.7914103621519,80.9724060023694,2.94378259002917));
#5034=CARTESIAN_POINT('',(28.3897373841645,80.3524457051539,2.63391803487126));
#5035=CARTESIAN_POINT('',(28.6416375348367,80.5372104878684,2.67070516182745));
#5036=CARTESIAN_POINT('',(28.7668174505217,80.8196051623371,2.65882926556126));
#5037=CARTESIAN_POINT('',(28.7293617016732,80.3988106151749,2.05696373627442));
#5038=CARTESIAN_POINT('',(28.8919289372805,80.5867850623617,2.26298644192562));
#5039=CARTESIAN_POINT('',(28.9271858293316,80.875237201174,2.39374215539513));
#5040=CARTESIAN_POINT('',(29.2554556635509,80.683618265812,1.71753516278849));
#5041=CARTESIAN_POINT('',(29.3110849218954,80.8427052695481,2.04172622027874));
#5042=CARTESIAN_POINT('',(29.2108452017608,81.1321194087934,2.23778848649598));
#5043=CARTESIAN_POINT('',(29.7886885096563,81.0887066495883,1.57234527720077));
#5044=CARTESIAN_POINT('',(29.7603292542716,81.2065873227139,1.96354575096567));
#5045=CARTESIAN_POINT('',(29.5523020395206,81.4909327073085,2.17107962014461));
#5046=CARTESIAN_POINT('',(30.2831669040037,81.5536319185099,1.54234130779383));
#5047=CARTESIAN_POINT('',(30.1955324227134,81.6222864048017,1.95012127113634));
#5048=CARTESIAN_POINT('',(29.9274304436265,81.8743299249442,2.15729401257809));
#5049=CARTESIAN_POINT('',(30.7318411057521,82.0659253196619,1.60865825716493));
#5050=CARTESIAN_POINT('',(30.5982757130156,82.067100875915,1.98134242019577));
#5051=CARTESIAN_POINT('',(30.3101694873052,82.2414307709618,2.18776396228893));
#5052=CARTESIAN_POINT('',(31.1030946333133,82.6050705011493,1.81168973641946));
#5053=CARTESIAN_POINT('',(30.9313966766454,82.5127014338753,2.09961212836658));
#5054=CARTESIAN_POINT('',(30.6423233187642,82.564817280357,2.28104869599965));
#5055=CARTESIAN_POINT('',(31.3159175787596,83.0931181518501,2.24250552056703));
#5056=CARTESIAN_POINT('',(31.1243860685226,82.8926955669709,2.39236327959265));
#5057=CARTESIAN_POINT('',(30.8368250083766,82.8149182936532,2.47899108331034));
#5058=CARTESIAN_POINT('',(31.2796372089647,83.2377187620732,2.65700270971142));
#5059=CARTESIAN_POINT('',(31.0999590382736,82.9926924974816,2.68747662571497));
#5060=CARTESIAN_POINT('',(30.8195136757756,82.8786295455562,2.66943573778205));
#5061=CARTESIAN_POINT('',(31.2234764548874,83.2512650757094,2.85753888274824));
#5062=CARTESIAN_POINT('',(31.0555689562111,82.9965724359648,2.82934474796023));
#5063=CARTESIAN_POINT('',(30.7803860703664,82.8802208981079,2.7615739794477));
#5064=CARTESIAN_POINT('',(12.7734092305519,96.0753810467357,2.85565019634581));
#5065=CARTESIAN_POINT('',(12.9421486737714,96.3311553010987,2.82818177246741));
#5066=CARTESIAN_POINT('',(13.2188865255169,96.4473929557666,2.7607062046523));
#5067=CARTESIAN_POINT('',(12.8294381335506,96.0612239217228,3.05712660294897));
#5068=CARTESIAN_POINT('',(12.9865806581877,96.3268237434356,2.97122353146559));
#5069=CARTESIAN_POINT('',(13.2579165936872,96.4454834666871,2.85327644552399));
#5070=CARTESIAN_POINT('',(13.0179389257443,96.1511063981694,3.44675789523948));
#5071=CARTESIAN_POINT('',(13.1416173143197,96.4119035400531,3.24823202630589));
#5072=CARTESIAN_POINT('',(13.3972243019734,96.5024401520821,3.03229622846819));
#5073=CARTESIAN_POINT('',(13.5642929492836,96.6393132956994,3.98403059321467));
#5074=CARTESIAN_POINT('',(13.5999831225063,96.8285133131481,3.62132456316628));
#5075=CARTESIAN_POINT('',(13.8165341559303,96.7942172085253,3.27915125186164));
#5076=CARTESIAN_POINT('',(14.3744361799644,97.4686575811461,4.18686001165088));
#5077=CARTESIAN_POINT('',(14.2854135951246,97.5312696463081,3.75069796653576));
#5078=CARTESIAN_POINT('',(14.4432740054597,97.3550067562079,3.37234314681733));
#5079=CARTESIAN_POINT('',(15.1951296507324,98.267780295925,3.88928844027855));
#5080=CARTESIAN_POINT('',(14.980301009732,98.2065151407972,3.55807833905661));
#5081=CARTESIAN_POINT('',(14.9768326413793,97.9797683313496,3.23562107348356));
#5082=CARTESIAN_POINT('',(15.6005034755628,98.7678767823797,3.26218359701401));
#5083=CARTESIAN_POINT('',(15.3295747600326,98.6241794285624,3.11826879876382));
#5084=CARTESIAN_POINT('',(15.215958387614,98.3598738536143,2.94749182117259));
#5085=CARTESIAN_POINT('',(15.6214242021275,98.9838540998616,2.63875233574659));
#5086=CARTESIAN_POINT('',(15.3677933649719,98.798706766695,2.67440704769119));
#5087=CARTESIAN_POINT('',(15.2421583803198,98.5150197974809,2.66105043086046));
#5088=CARTESIAN_POINT('',(15.2845706531252,98.9403799451437,2.06038313182812));
#5089=CARTESIAN_POINT('',(15.1199776555604,98.75163081368,2.26561599448241));
#5090=CARTESIAN_POINT('',(15.0834679810859,98.461850928518,2.3953132290601));
#5091=CARTESIAN_POINT('',(14.7558613025583,98.6562395254644,1.71631907192862));
#5092=CARTESIAN_POINT('',(14.6991715282558,98.4962696891159,2.04118238004972));
#5093=CARTESIAN_POINT('',(14.7991821702176,98.205395835937,2.2372297420794));
#5094=CARTESIAN_POINT('',(14.2197195872372,98.2501398201011,1.5698653431926));
#5095=CARTESIAN_POINT('',(14.2476946951039,98.1314266327176,1.96257897048978));
#5096=CARTESIAN_POINT('',(14.456556062013,97.8451920923635,2.16994019103904));
#5097=CARTESIAN_POINT('',(13.7223096098481,97.7835621337793,1.53900796826621));
#5098=CARTESIAN_POINT('',(13.8099199292761,97.7140553032315,1.9488873376137));
#5099=CARTESIAN_POINT('',(14.0794559125617,97.4596824823899,2.15576247823523));
#5100=CARTESIAN_POINT('',(13.2709847883879,97.2693494066554,1.60451513753911));
#5101=CARTESIAN_POINT('',(13.4047013624366,97.2673602046941,1.97941823889342));
#5102=CARTESIAN_POINT('',(13.6942953635376,97.0906705760522,2.18586036682124));
#5103=CARTESIAN_POINT('',(12.8970125090546,96.7275779845269,1.80677223087757));
#5104=CARTESIAN_POINT('',(13.0691271879351,96.8195073395932,2.09672003930935));
#5105=CARTESIAN_POINT('',(13.3595682577698,96.7656255270539,2.27878930159894));
#5106=CARTESIAN_POINT('',(12.681765507752,96.2360491482468,2.23789945562049));
#5107=CARTESIAN_POINT('',(12.8740452588458,96.4368343400937,2.38938441529995));
#5108=CARTESIAN_POINT('',(13.1630438929513,96.5138970865595,2.47687478323803));
#5109=CARTESIAN_POINT('',(12.7173803275531,96.0895381717486,2.65417378974264));
#5110=CARTESIAN_POINT('',(12.8978874763624,96.3354702091844,2.68568983527587));
#5111=CARTESIAN_POINT('',(13.1798564573465,96.4493024448462,2.66813596378061));
#5112=CARTESIAN_POINT('',(12.7734092305519,96.0753810467357,2.85565019634581));
#5113=CARTESIAN_POINT('',(12.9421486737714,96.3311553010987,2.82818177246741));
#5114=CARTESIAN_POINT('',(13.2188865255169,96.4473929557666,2.7607062046523));
#5115=CARTESIAN_POINT('',(18.3073590530015,91.2979411020765,5.66474751610555));
#5116=CARTESIAN_POINT('',(18.3061652495419,91.3115863380635,5.84999999998011));
#5117=CARTESIAN_POINT('',(18.2899753576326,91.4966376493626,5.84999999998014));
#5118=CARTESIAN_POINT('',(18.4660467996202,91.3132411032362,5.68383398161375));
#5119=CARTESIAN_POINT('',(18.4576311310991,91.3419689386298,5.84999999997825));
#5120=CARTESIAN_POINT('',(18.4624688060656,91.5117288602603,5.84999999997978));
#5121=CARTESIAN_POINT('',(18.7831957681395,91.3167565562099,5.72137784095453));
#5122=CARTESIAN_POINT('',(18.7707799198797,91.3704514415989,5.84999999997975));
#5123=CARTESIAN_POINT('',(18.8048062179925,91.5067095262858,5.84999999997905));
#5124=CARTESIAN_POINT('',(19.2643596988078,91.2502289689827,5.77655388911908));
#5125=CARTESIAN_POINT('',(19.2695355530775,91.3144078104715,5.84999999997796));
#5126=CARTESIAN_POINT('',(19.3136934710017,91.4026764234993,5.84999999997799));
#5127=CARTESIAN_POINT('',(19.6487630827642,91.1298802871738,5.81662571686961));
#5128=CARTESIAN_POINT('',(19.6751239159714,91.179695754585,5.84999999997713));
#5129=CARTESIAN_POINT('',(19.7154668261387,91.2297777109119,5.84999999997714));
#5130=CARTESIAN_POINT('',(19.8643905837562,90.9208012279671,5.8364525143157));
#5131=CARTESIAN_POINT('',(19.9021597046178,90.9328210321408,5.84999999997692));
#5132=CARTESIAN_POINT('',(19.9429324209064,90.9444019279417,5.84999999997666));
#5133=CARTESIAN_POINT('',(19.8344462979931,90.7805926614744,5.83181079361483));
#5134=CARTESIAN_POINT('',(19.8736228377886,90.7697600967887,5.84999999997642));
#5135=CARTESIAN_POINT('',(19.9172012521351,90.7590154082184,5.84999999997672));
#5136=CARTESIAN_POINT('',(19.79549191322,90.7201758811668,5.82705321031823));
#5137=CARTESIAN_POINT('',(19.834890344838,90.7013201794187,5.84999999997689));
#5138=CARTESIAN_POINT('',(19.8793949675354,90.6800207048576,5.8499999999768));
#5139=CARTESIAN_POINT('',(19.879394967535,90.6800207048576,5.6499999999768));
#5140=CARTESIAN_POINT('',(22.0000000000119,89.66512,5.64999999997235));
#5141=CARTESIAN_POINT('',(27.9951514798447,98.2050886913476,5.81387045858596));
#5142=CARTESIAN_POINT('',(27.901502254229,98.1727417528517,5.74454666324093));
#5143=CARTESIAN_POINT('',(27.9160162610876,98.1777549676872,5.62460291904622));
#5144=CARTESIAN_POINT('',(27.9400316379827,98.3553156760607,5.81173389792285));
#5145=CARTESIAN_POINT('',(27.8506255274908,98.3022958049075,5.73772949802611));
#5146=CARTESIAN_POINT('',(27.8715606708727,98.3106443603427,5.61393345145415));
#5147=CARTESIAN_POINT('',(27.8360725970337,98.4832856032626,5.80973845519009));
#5148=CARTESIAN_POINT('',(27.7592004715999,98.4087049816805,5.7312716155707));
#5149=CARTESIAN_POINT('',(27.7831091057959,98.4287385447328,5.60429733814444));
#5150=CARTESIAN_POINT('',(27.7052403610487,98.564433766897,5.80842989360329));
#5151=CARTESIAN_POINT('',(27.6485400866927,98.4752302365657,5.72699233913998));
#5152=CARTESIAN_POINT('',(27.6671051952633,98.5044377359001,5.59812603268651));
#5153=CARTESIAN_POINT('',(27.9887036533377,98.2196033563234,5.81303533630492));
#5154=CARTESIAN_POINT('',(27.9337778946063,98.1977378362153,5.77104258524841));
#5155=CARTESIAN_POINT('',(27.9047902190291,98.1821680002583,5.69549534145274));
#5156=CARTESIAN_POINT('',(27.9152212237578,98.1801166968659,5.6244132924992));
#5157=CARTESIAN_POINT('',(25.2603850277505,92.0466303161272,5.66474751609118));
#5158=CARTESIAN_POINT('',(25.2727990504865,92.0408415622571,5.84999999996548));
#5159=CARTESIAN_POINT('',(25.4411531330296,91.9623367642857,5.84999999996512));
#5160=CARTESIAN_POINT('',(25.1942913441309,91.9015526957317,5.683833981544));
#5161=CARTESIAN_POINT('',(25.2233782135999,91.8944769607632,5.8499999999648));
#5162=CARTESIAN_POINT('',(25.3679757808312,91.8054074504994,5.84999999996527));
#5163=CARTESIAN_POINT('',(25.0387613314416,91.625135905686,5.72137784096733));
#5164=CARTESIAN_POINT('',(25.0914703903962,91.609040903011,5.84999999996621));
#5165=CARTESIAN_POINT('',(25.1924602041258,91.511444222104,5.84999999996564));
#5166=CARTESIAN_POINT('',(24.7405647855211,91.2416995119715,5.7765538891003));
#5167=CARTESIAN_POINT('',(24.7935573654913,91.2051276699336,5.84999999996633));
#5168=CARTESIAN_POINT('',(24.847921267778,91.1227514847247,5.84999999996636));
#5169=CARTESIAN_POINT('',(24.4441380777825,90.9689707570645,5.81662571686099));
#5170=CARTESIAN_POINT('',(24.4740991214593,90.9212338721376,5.84999999996733));
#5171=CARTESIAN_POINT('',(24.4972999128247,90.8612549089061,5.8499999999671));
#5172=CARTESIAN_POINT('',(24.1552565506164,90.8867713930568,5.83645251430554));
#5173=CARTESIAN_POINT('',(24.1467814459498,90.8480524728259,5.84999999996754));
#5174=CARTESIAN_POINT('',(24.1364244377672,90.8069518168377,5.84999999996786));
#5175=CARTESIAN_POINT('',(24.0488045130828,90.9828081884679,5.83181079360814));
#5176=CARTESIAN_POINT('',(24.0198349669755,90.9542965921134,5.84999999996876));
#5177=CARTESIAN_POINT('',(23.9887405865466,90.9219289225194,5.84999999996817));
#5178=CARTESIAN_POINT('',(24.015959238911,91.0467520654269,5.82705321030937));
#5179=CARTESIAN_POINT('',(23.979930506382,91.0220598736505,5.84999999996818));
#5180=CARTESIAN_POINT('',(23.9392323089762,90.9941674770893,5.84999999996827));
#5181=CARTESIAN_POINT('',(23.9392323089758,90.9941674770892,5.64999999996827));
#5182=CARTESIAN_POINT('',(22.0000000000119,89.66512,5.64999999997235));
#5183=CARTESIAN_POINT('',(20.9654200181993,91.879311292177,5.82705321031533));
#5184=CARTESIAN_POINT('',(20.9730117313685,91.8510223958968,5.84220617308214));
#5185=CARTESIAN_POINT('',(20.9815349760558,91.8194644238564,5.84999999997448));
#5186=CARTESIAN_POINT('',(20.9900668419358,91.788095308548,5.84999999997447));
#5187=CARTESIAN_POINT('',(12.4485057081066,91.0408055405243,5.6499999999924));
#5188=CARTESIAN_POINT('',(15.9432514958798,91.3465561788594,5.84999999998506));
#5189=CARTESIAN_POINT('',(15.9339099526328,91.4512256538446,5.84999999998507));
#5190=CARTESIAN_POINT('',(15.9034715162693,91.5431410634361,5.75375119111483));
#5191=CARTESIAN_POINT('',(15.880110727838,91.5417914666654,5.65135067669338));
#5192=CARTESIAN_POINT('',(15.880110727838,91.5417914666654,5.65135067669335));
#5193=CARTESIAN_POINT('',(12.4310749570638,91.2400399366273,5.6513506767006));
#5194=CARTESIAN_POINT('',(28.1483831955369,97.1645922057995,5.65135067666776));
#5195=CARTESIAN_POINT('',(28.1471673060026,97.165159184401,5.84999999995945));
#5196=CARTESIAN_POINT('',(27.9671257716826,97.2491139306398,5.84999999995982));
#5197=CARTESIAN_POINT('',(28.1757299606022,97.2231453305512,5.64558091129224));
#5198=CARTESIAN_POINT('',(28.180201291039,97.2222424310627,5.84999999995824));
#5199=CARTESIAN_POINT('',(28.0026334984362,97.3252604509036,5.84999999995974));
#5200=CARTESIAN_POINT('',(28.2105332324802,97.2765280136421,5.63989689123685));
#5201=CARTESIAN_POINT('',(28.2201305326281,97.2714605559133,5.84999999995945));
#5202=CARTESIAN_POINT('',(28.0481134145119,97.3945270879884,5.84999999995964));
#5203=CARTESIAN_POINT('',(28.2526997635706,97.3247880261456,5.63434697784753));
#5204=CARTESIAN_POINT('',(28.2653728690009,97.3135622244507,5.84999999995919));
#5205=CARTESIAN_POINT('',(28.1034475188745,97.456995251182,5.84999999995953));
#5206=CARTESIAN_POINT('',(28.0811143718947,97.4307409404007,5.84999999995958));
#5207=CARTESIAN_POINT('',(28.1628820794461,97.3563534481031,5.84999999995938));
#5208=CARTESIAN_POINT('',(28.2466213936511,97.3051273036391,5.74273534449826));
#5209=CARTESIAN_POINT('',(28.251946096567,97.3239239677331,5.63444629504378));
#5210=CARTESIAN_POINT('',(27.9671257716818,97.2491139306389,5.64999999995732));
#5211=CARTESIAN_POINT('',(27.9671257716822,97.2491139306398,5.64999999995982));
#5212=CARTESIAN_POINT('',(24.4348358987823,89.4539969004083,5.82705321030805));
#5213=CARTESIAN_POINT('',(24.4065411393741,89.4615667320856,5.84220617307495));
#5214=CARTESIAN_POINT('',(24.3749495115518,89.469964371685,5.84999999996736));
#5215=CARTESIAN_POINT('',(24.3435171278602,89.4782601167445,5.84999999996742));
#5216=CARTESIAN_POINT('',(22.0000000000119,89.66512,5.64999999997235));
#5217=CARTESIAN_POINT('',(22.1813727235232,87.321171818053,5.64999999997197));
#5218=CARTESIAN_POINT('',(22.4322559192835,85.6507885817963,5.66474751609712));
#5219=CARTESIAN_POINT('',(22.4210357000082,85.6429320996791,5.84999999997147));
#5220=CARTESIAN_POINT('',(22.2688715093745,85.5363855863517,5.84999999997178));
#5221=CARTESIAN_POINT('',(22.3396618563141,85.7805662010329,5.68383398154866));
#5222=CARTESIAN_POINT('',(22.3189906553458,85.7589141006505,5.84999999997008));
#5223=CARTESIAN_POINT('',(22.1695554131415,85.6782236892284,5.84999999997199));
#5224=CARTESIAN_POINT('',(22.178042900441,86.0534675381037,5.72137784097399));
#5225=CARTESIAN_POINT('',(22.1377496897744,86.0158676553727,5.8499999999727));
#5226=CARTESIAN_POINT('',(22.0027335779177,85.977206251616,5.84999999997234));
#5227=CARTESIAN_POINT('',(21.9950755157117,86.5034315190454,5.77655388910577));
#5228=CARTESIAN_POINT('',(21.9369070814585,86.4758245195996,5.84999999997242));
#5229=CARTESIAN_POINT('',(21.8383852612578,86.4699320917738,5.84999999997268));
#5230=CARTESIAN_POINT('',(21.9070988394883,86.8965089557626,5.8166257168667));
#5231=CARTESIAN_POINT('',(21.8507769626061,86.8944303732777,5.84999999997238));
#5232=CARTESIAN_POINT('',(21.7872332610718,86.9043273801842,5.84999999997279));
#5233=CARTESIAN_POINT('',(21.9803528656664,87.1877873789744,5.83645251430948));
#5234=CARTESIAN_POINT('',(21.9510588494722,87.2144864950312,5.84999999997294));
#5235=CARTESIAN_POINT('',(21.9206431413661,87.2440062552172,5.84999999997251));
#5236=CARTESIAN_POINT('',(22.1167491889559,87.2319591500612,5.83181079361356));
#5237=CARTESIAN_POINT('',(22.1065421952654,87.2713033111031,5.849999999971));
#5238=CARTESIAN_POINT('',(22.094058161349,87.3144156692695,5.84999999997215));
#5239=CARTESIAN_POINT('',(22.1885488479057,87.2284320534063,5.82705321031322));
#5240=CARTESIAN_POINT('',(22.1851791488168,87.2719799469307,5.84999999997196));
#5241=CARTESIAN_POINT('',(22.1813727235253,87.321171818053,5.84999999997197));
#5242=CARTESIAN_POINT('',(34.5000000000193,79.8573488449727,4.59899354107588));
#5243=CARTESIAN_POINT('',(30.2609170182172,82.5495776899453,6.59798708220738));
#5244=CARTESIAN_POINT('',(30.2537794132733,82.5495776899453,6.59798708220741));
#5245=CARTESIAN_POINT('',(30.2466817727945,82.5497481757538,6.59811366878288));
#5246=CARTESIAN_POINT('',(30.2396215738024,82.5500783845097,6.59835885045521));
#5247=CARTESIAN_POINT('',(30.2396215738025,82.5500783845098,6.59835885045527));
#5248=CARTESIAN_POINT('',(22.0000000000431,87.486876513079,10.2639564430646));
#5249=CARTESIAN_POINT('',(28.8416349893652,80.6806808805152,5.21032174386923));
#5250=CARTESIAN_POINT('',(28.8416349893651,80.6806808805153,5.21032174386925));
#5251=CARTESIAN_POINT('',(28.2053883479846,80.3686530390793,4.97863949262387));
#5252=CARTESIAN_POINT('',(27.5716195117879,80.050951252409,4.74274430832958));
#5253=CARTESIAN_POINT('',(26.9026385713869,79.7934841051452,4.55157364860546));
#5254=CARTESIAN_POINT('',(26.9022529380278,79.7934304661113,4.55153382135149));
#5255=CARTESIAN_POINT('',(26.9022506625591,79.7933679195938,4.55148738024567));
#5256=CARTESIAN_POINT('',(26.7428808003117,79.7968359149445,4.55406238434364));
#5257=CARTESIAN_POINT('',(26.4218868964807,79.8925565462541,4.62513543747586));
#5258=CARTESIAN_POINT('',(26.1913917445082,80.0754727010357,4.76095160802877));
#5259=CARTESIAN_POINT('',(26.0863280337758,80.1942772047889,4.84916455326285));
#5260=CARTESIAN_POINT('',(26.0940527047162,80.1977668894126,4.85175566175509));
#5261=CARTESIAN_POINT('',(26.0863280337758,80.1942772047889,4.84916455326285));
#5262=CARTESIAN_POINT('',(25.7159329972244,80.6131144817492,5.16015335088635));
#5263=CARTESIAN_POINT('',(25.3602662924677,81.0447215404931,5.48062377610422));
#5264=CARTESIAN_POINT('',(25.0193279195056,81.4890983810207,5.81057582891645));
#5265=CARTESIAN_POINT('',(25.0193279195056,81.4890983810206,5.81057582891643));
#5266=CARTESIAN_POINT('',(24.9984670499405,81.4890983810206,5.81057582891648));
#5267=CARTESIAN_POINT('',(24.9521607844406,81.4890983810204,5.81057582891658));
#5268=CARTESIAN_POINT('',(24.9521607844406,81.4890983810204,5.81057582891658));
#5269=CARTESIAN_POINT('',(25.2088717863078,81.119243591647,5.53595677619712));
#5270=CARTESIAN_POINT('',(25.4741295046113,80.7533924511026,5.2643104529932));
#5271=CARTESIAN_POINT('',(25.7492925163471,80.3921813751662,4.99610940124125));
#5272=CARTESIAN_POINT('',(25.7492925163471,80.3921813751662,4.99610940124126));
#5273=CARTESIAN_POINT('',(25.7492925163471,80.3921813751663,4.99610940124126));
#5274=CARTESIAN_POINT('',(25.8560016878412,80.2521024655609,4.89210010200522));
#5275=CARTESIAN_POINT('',(25.933705349877,80.1062716953431,4.78382001715796));
#5276=CARTESIAN_POINT('',(25.9824035024545,79.9546890645129,4.67126914669949));
#5277=CARTESIAN_POINT('',(25.9824035024546,79.9546890645129,4.67126914669944));
#5278=CARTESIAN_POINT('',(25.9824035024545,79.9546890645129,4.67126914669953));
#5279=CARTESIAN_POINT('',(25.054670776246,79.6704380642639,4.46021134059834));
#5280=CARTESIAN_POINT('',(23.148989018823,79.2708599833995,4.16352259354453));
#5281=CARTESIAN_POINT('',(20.129332135239,79.3142143671922,4.19571344291327));
#5282=CARTESIAN_POINT('',(17.7720739468413,79.8696769925211,4.60814725308582));
#5283=CARTESIAN_POINT('',(15.9780678916001,80.5586119318421,5.11968493181728));
#5284=CARTESIAN_POINT('',(15.1375858867141,80.979762231259,5.43239116032164));
#5285=CARTESIAN_POINT('',(14.7113572920092,81.1823039927891,5.58277944319933));
#5286=CARTESIAN_POINT('',(14.7113572920091,81.1823039927891,5.58277944319932));
#5287=CARTESIAN_POINT('',(22.0000000000431,87.486876513079,10.2639564430646));
#5288=CARTESIAN_POINT('',(13.760378426253,82.5500783845098,6.59835885052448));
#5289=CARTESIAN_POINT('',(13.760378426253,82.5500783845098,6.59835885052442));
#5290=CARTESIAN_POINT('',(13.753304094574,82.5497475147615,6.59811317806205));
#5291=CARTESIAN_POINT('',(13.7462060441372,82.5495776899455,6.59798708227678));
#5292=CARTESIAN_POINT('',(13.7390829818381,82.5495776899454,6.59798708227677));
#5293=CARTESIAN_POINT('',(12.3265282839843,82.9495776899454,6.89498910643774));
#5294=CARTESIAN_POINT('',(31.6800973852981,82.9495776899453,6.89498910635646));
#5295=CARTESIAN_POINT('',(25.9810108788597,79.9511970484591,4.66867630710858));
#5296=CARTESIAN_POINT('',(25.9537231881635,79.9475569597575,4.66162331563529));
#5297=CARTESIAN_POINT('',(25.8991478067711,79.9402767823543,4.64751733268872));
#5298=CARTESIAN_POINT('',(25.8322911873443,79.9579553161881,4.59441642878767));
#5299=CARTESIAN_POINT('',(25.7891855675322,79.9935956762154,4.52753059775784));
#5300=CARTESIAN_POINT('',(25.7889842434025,80.0274361834919,4.48186626235364));
#5301=CARTESIAN_POINT('',(25.7888835813376,80.0443564371301,4.45903409465154));
#5302=CARTESIAN_POINT('',(25.9523877039034,80.0280104481987,4.72571064512093));
#5303=CARTESIAN_POINT('',(25.9265438104205,80.0234782594252,4.71833687647286));
#5304=CARTESIAN_POINT('',(25.8748560234548,80.0144138818781,4.70358933917671));
#5305=CARTESIAN_POINT('',(25.8105150523368,80.0276889567413,4.65207989889585));
#5306=CARTESIAN_POINT('',(25.7670791067286,80.0584632857171,4.58778666317605));
#5307=CARTESIAN_POINT('',(25.763744452909,80.0899291106623,4.54345224647254));
#5308=CARTESIAN_POINT('',(25.7620771259993,80.1056620231348,4.52128503812078));
#5309=CARTESIAN_POINT('',(25.8951413539908,80.1816372476779,4.83977932114563));
#5310=CARTESIAN_POINT('',(25.8721850549346,80.1753208587604,4.83176399814798));
#5311=CARTESIAN_POINT('',(25.8262724568223,80.1626880809255,4.81573335215269));
#5312=CARTESIAN_POINT('',(25.766962782322,80.1671562378477,4.7674068391122));
#5313=CARTESIAN_POINT('',(25.7228661851214,80.1881985047204,4.70829879401247));
#5314=CARTESIAN_POINT('',(25.7132648719222,80.214914965003,4.66662421471032));
#5315=CARTESIAN_POINT('',(25.7084642153226,80.2282731951443,4.64578692505925));
#5316=CARTESIAN_POINT('',(25.7979087955618,80.3219999993367,4.94399937454262));
#5317=CARTESIAN_POINT('',(25.778038139286,80.3146921150389,4.93579845475576));
#5318=CARTESIAN_POINT('',(25.7382968267345,80.3000763464433,4.91939661518204));
#5319=CARTESIAN_POINT('',(25.6858391831341,80.2980594776953,4.87447371303733));
#5320=CARTESIAN_POINT('',(25.6447777856027,80.3105611141745,4.82033359520212));
#5321=CARTESIAN_POINT('',(25.6325647249477,80.3309937706615,4.78167079437242));
#5322=CARTESIAN_POINT('',(25.6264581946202,80.341210098905,4.76233939395757));
#5323=CARTESIAN_POINT('',(25.7492925163472,80.3921813751661,4.99610940124112));
#5324=CARTESIAN_POINT('',(25.7309646814617,80.3843777431781,4.98781568305965));
#5325=CARTESIAN_POINT('',(25.6943090116905,80.3687704792022,4.97122824669671));
#5326=CARTESIAN_POINT('',(25.6452773835402,80.3635110976191,4.9280071499999));
#5327=CARTESIAN_POINT('',(25.6057335858434,80.3717424189015,4.87635099579694));
#5328=CARTESIAN_POINT('',(25.5922146514605,80.3890331734907,4.83919408420347));
#5329=CARTESIAN_POINT('',(25.585455184269,80.3976785507853,4.82061562840673));
#5330=CARTESIAN_POINT('',(25.749292516347,80.5114097407371,4.83553357229085));
#5331=CARTESIAN_POINT('',(25.9801010895365,79.9539838192934,4.67074549855522));
#5332=CARTESIAN_POINT('',(25.8708689608651,79.9990202209234,4.70418525466728));
#5333=CARTESIAN_POINT('',(25.7368050117387,80.0922205400371,4.68442015830637));
#5334=CARTESIAN_POINT('',(25.732650991006,80.1672884721281,4.58655288565085));
#5335=CARTESIAN_POINT('',(25.7492925163466,80.3921813751669,4.99610940124176));
#5336=CARTESIAN_POINT('',(25.622262645073,80.3298028348984,4.94979301943339));
#5337=CARTESIAN_POINT('',(25.5858387712902,80.3969581963019,4.82197934035692));
#5338=CARTESIAN_POINT('',(25.4741295057691,80.7533924503297,5.26431045241934));
#5339=CARTESIAN_POINT('',(25.3514565572972,80.6908676415809,5.21788546550529));
#5340=CARTESIAN_POINT('',(25.3103724133582,80.757956865333,5.09563207469456));
#5341=CARTESIAN_POINT('',(25.20887178602,81.1192435914455,5.53595677604749));
#5342=CARTESIAN_POINT('',(25.0873524967989,81.0599822061589,5.49195489756142));
#5343=CARTESIAN_POINT('',(25.0450201164001,81.1237417827614,5.37221312630702));
#5344=CARTESIAN_POINT('',(24.9521607844867,81.489098380954,5.81057582886724));
#5345=CARTESIAN_POINT('',(24.8305687659574,81.4346959060932,5.77018171598606));
#5346=CARTESIAN_POINT('',(24.788334111675,81.4936140752635,5.6513506766245));
#5347=CARTESIAN_POINT('',(24.95216078444,81.6083267465921,5.64999999996614));
#5348=CARTESIAN_POINT('',(24.9521607844399,81.6083267465921,5.64999999996614));
#5349=CARTESIAN_POINT('',(24.9521607844399,81.6083267465921,5.64999999996614));
#5350=CARTESIAN_POINT('',(34.5000000000166,81.6083267466191,5.6499999999461));
#5351=CARTESIAN_POINT('',(25.0193279195049,81.6083267465923,5.64999999996601));
#5352=CARTESIAN_POINT('',(25.0193279195049,81.6083267465923,5.64999999996601));
#5353=CARTESIAN_POINT('',(25.0193279195049,81.6083267465923,5.64999999996601));
#5354=CARTESIAN_POINT('',(25.0193279196104,81.4890983808841,5.81057582881507));
#5355=CARTESIAN_POINT('',(25.2468193412528,81.601608049667,5.894114827228));
#5356=CARTESIAN_POINT('',(25.182712329519,81.7227297419002,5.66474751599224));
#5357=CARTESIAN_POINT('',(25.357570140498,81.0482356870287,5.48323304768989));
#5358=CARTESIAN_POINT('',(25.5665457945106,81.1705114942814,5.57402345333685));
#5359=CARTESIAN_POINT('',(25.5204706751858,81.2815282348894,5.34539380508196));
#5360=CARTESIAN_POINT('',(25.7129569443424,80.6164797589774,5.16265208625795));
#5361=CARTESIAN_POINT('',(25.9097898255351,80.7382253081485,5.25304877258205));
#5362=CARTESIAN_POINT('',(25.8749509657387,80.8491375594282,5.03322077104349));
#5363=CARTESIAN_POINT('',(26.0863280337759,80.1942772047889,4.84916455326284));
#5364=CARTESIAN_POINT('',(26.2809958520498,80.3052494432753,4.93156200190073));
#5365=CARTESIAN_POINT('',(26.2468792474917,80.4259247404735,4.72840377128286));
#5366=CARTESIAN_POINT('',(26.0863280337759,80.1942772047889,4.84916455326281));
#5367=CARTESIAN_POINT('',(26.1812900301645,80.2484111926448,4.8893593131844));
#5368=CARTESIAN_POINT('',(26.2635218590315,80.367057449319,4.82750752316803));
#5369=CARTESIAN_POINT('',(26.2468792474917,80.4259247404735,4.72840377128286));
#5370=CARTESIAN_POINT('',(26.0863280337759,80.1942772047889,4.84916455326285));
#5371=CARTESIAN_POINT('',(26.2809958520502,80.3052494432776,4.93156200190246));
#5372=CARTESIAN_POINT('',(26.2468792474905,80.4259247404755,4.72840377128227));
#5373=CARTESIAN_POINT('',(26.1830370309769,80.0849200886381,4.76796634113107));
#5374=CARTESIAN_POINT('',(26.3863277167299,80.2194866061848,4.86788266136458));
#5375=CARTESIAN_POINT('',(26.3279051091028,80.3407398005913,4.64219565557401));
#5376=CARTESIAN_POINT('',(26.4205718651562,79.8939357556521,4.62615950743321));
#5377=CARTESIAN_POINT('',(26.6433315324168,80.0924946512065,4.77359049216885));
#5378=CARTESIAN_POINT('',(26.5234228909947,80.1920823748763,4.4874124405068));
#5379=CARTESIAN_POINT('',(26.7408486346062,79.7960913011829,4.55350950485765));
#5380=CARTESIAN_POINT('',(26.8567233988584,80.1139012237139,4.78948498057589));
#5381=CARTESIAN_POINT('',(26.7799783318315,80.1152133910708,4.39226298190516));
#5382=CARTESIAN_POINT('',(26.908638394362,79.7933663116222,4.55148618631862));
#5383=CARTESIAN_POINT('',(26.9174553897766,80.1433427819862,4.81134548658041));
#5384=CARTESIAN_POINT('',(26.9117040007789,80.1120525129801,4.37651682407157));
#5385=CARTESIAN_POINT('',(26.8716773753309,80.1141156281833,4.38231039265063));
#5386=CARTESIAN_POINT('',(26.8627418824559,80.1186785996407,4.4586043700536));
#5387=CARTESIAN_POINT('',(26.8591908012009,80.0289391507718,4.61244477434229));
#5388=CARTESIAN_POINT('',(26.8868995989187,79.8531103037795,4.59584640282311));
#5389=CARTESIAN_POINT('',(26.9026385713869,79.7934841051452,4.55157364860557));
#5390=CARTESIAN_POINT('',(26.8905685883508,79.7888446385283,4.54812882116504));
#5391=CARTESIAN_POINT('',(26.6662394797507,80.1655239643978,4.82781512676745));
#5392=CARTESIAN_POINT('',(26.8327583809083,80.0936471663168,4.34043388533604));
#5393=CARTESIAN_POINT('',(27.5693381134151,80.0494219126047,4.74160876578593));
#5394=CARTESIAN_POINT('',(27.2954125344576,80.3751976269315,4.98349888217879));
#5395=CARTESIAN_POINT('',(27.5017149469231,80.353020547767,4.54121188686838));
#5396=CARTESIAN_POINT('',(28.2093951261951,80.3707056386994,4.98016355822868));
#5397=CARTESIAN_POINT('',(27.9373701412453,80.6577383111279,5.19328677003396));
#5398=CARTESIAN_POINT('',(28.1306322292178,80.6713517705865,4.78811187220339));
#5399=CARTESIAN_POINT('',(28.8530836125231,80.6862947234109,5.2144900506273));
#5400=CARTESIAN_POINT('',(28.6353547243919,80.9725609905236,5.42704420257767));
#5401=CARTESIAN_POINT('',(28.7718920499814,80.987040241063,5.03247935119133));
#5402=CARTESIAN_POINT('',(28.1023831424961,80.6541655628085,4.77470347538881));
#5403=CARTESIAN_POINT('',(28.2034352435859,80.7145139836919,4.87031343846353));
#5404=CARTESIAN_POINT('',(28.3972530472695,80.7850262448028,5.10290918868667));
#5405=CARTESIAN_POINT('',(28.6929722346645,80.6918672217724,5.21862765886042));
#5406=CARTESIAN_POINT('',(28.8416349893652,80.6806808805152,5.21032174386917));
#5407=CARTESIAN_POINT('',(28.1023831424961,80.6541655628085,4.77470347538881));
#5408=CARTESIAN_POINT('',(26.8802143916802,80.1121388275896,4.35474866056865));
#5409=CARTESIAN_POINT('',(27.3365192993198,80.2908242174882,4.49307832631497));
#5410=CARTESIAN_POINT('',(27.7421203122618,80.4747921236127,4.63565966147301));
#5411=CARTESIAN_POINT('',(28.102383142496,80.6541655628085,4.77470347538878));
#5412=CARTESIAN_POINT('',(26.8386929559342,80.1238898206574,4.45339118217527));
#5413=CARTESIAN_POINT('',(27.3876606792824,79.8861088801337,2.82180723029404));
#5414=CARTESIAN_POINT('',(27.0335054599194,80.1947170201234,4.49759341642118));
#5415=CARTESIAN_POINT('',(27.5946935152891,79.9829728318982,2.84981514136373));
#5416=CARTESIAN_POINT('',(27.2261039803042,80.2696634868705,4.54440127013201));
#5417=CARTESIAN_POINT('',(27.7985775836013,80.0852543645887,2.87947405400609));
#5418=CARTESIAN_POINT('',(27.650049190632,80.4457338258703,4.65445636866651));
#5419=CARTESIAN_POINT('',(28.2453967830918,80.3249829031617,2.94920838904846));
#5420=CARTESIAN_POINT('',(27.8801307205937,80.5489156393596,4.71900966085494));
#5421=CARTESIAN_POINT('',(28.4865403833336,80.4651097712312,2.99011136369937));
#5422=CARTESIAN_POINT('',(28.1060205448047,80.6579554173771,4.78729842167777));
#5423=CARTESIAN_POINT('',(28.7217821371139,80.6127546928162,3.03338124751455));
#5424=CARTESIAN_POINT('',(27.5886494578864,80.2984974585928,4.07845205733312));
#5425=CARTESIAN_POINT('',(27.5733886832224,80.3010296426398,4.11574974699992));
#5426=CARTESIAN_POINT('',(27.6005904331043,80.3301879544819,4.19543380965199));
#5427=CARTESIAN_POINT('',(27.6757080344597,80.3876367809412,4.31949809828613));
#5428=CARTESIAN_POINT('',(27.8416273364707,80.4970283825914,4.52020487355114));
#5429=CARTESIAN_POINT('',(27.9961049976291,80.590696143094,4.67414891594243));
#5430=CARTESIAN_POINT('',(28.1023831424952,80.6541655628082,4.77470347538952));
#5431=CARTESIAN_POINT('',(14.6500201161623,81.2114377704949,5.60441142057428));
#5432=CARTESIAN_POINT('',(14.8734302386799,81.5147761869149,5.82964172977519));
#5433=CARTESIAN_POINT('',(14.7268412122629,81.5132019997503,5.41592183761241));
#5434=CARTESIAN_POINT('',(15.0811336150506,81.0067615416784,5.45243828493517));
#5435=CARTESIAN_POINT('',(15.3308973762069,81.3154121973109,5.68161295862831));
#5436=CARTESIAN_POINT('',(15.1561967341886,81.3083320473134,5.25784378413223));
#5437=CARTESIAN_POINT('',(15.930125411634,80.5802049694506,5.13571787151078));
#5438=CARTESIAN_POINT('',(16.2501968760248,80.9046550889719,5.37662372709994));
#5439=CARTESIAN_POINT('',(15.9980899674566,80.8821764712332,4.92798294790856));
#5440=CARTESIAN_POINT('',(17.742497876943,79.8766772575913,4.61334498532476));
#5441=CARTESIAN_POINT('',(18.1516077689144,80.3048311769077,4.93125143703752));
#5442=CARTESIAN_POINT('',(17.779871769726,80.1814290914854,4.38396442698683));
#5443=CARTESIAN_POINT('',(20.1293183598034,79.3119429449869,4.19402690043152));
#5444=CARTESIAN_POINT('',(20.4406582324671,79.96172535184,4.67649362568039));
#5445=CARTESIAN_POINT('',(20.1434894192385,79.6106094154639,3.94510074135391));
#5446=CARTESIAN_POINT('',(23.1833580403004,79.271236730646,4.16380233028138));
#5447=CARTESIAN_POINT('',(22.9202194200142,79.9421670058362,4.6619714547405));
#5448=CARTESIAN_POINT('',(23.1723354934004,79.5698101360953,3.91397236829791));
#5449=CARTESIAN_POINT('',(25.1171292230598,79.6851026527338,4.47109987174536));
#5450=CARTESIAN_POINT('',(24.8156591060126,80.1883043573449,4.8447296838839));
#5451=CARTESIAN_POINT('',(25.0867888101252,79.9878992404817,4.23559274355378));
#5452=CARTESIAN_POINT('',(26.0487752440049,79.975190008893,4.68649120164412));
#5453=CARTESIAN_POINT('',(25.8244608223028,80.4395766156297,5.03130060712334));
#5454=CARTESIAN_POINT('',(26.0065379767055,80.278638285304,4.46050101875317));
#5455=CARTESIAN_POINT('',(15.3358794021922,81.2208575456666,5.19022194232522));
#5456=CARTESIAN_POINT('',(15.2559757682874,81.2723541102097,5.28360603775114));
#5457=CARTESIAN_POINT('',(15.0978413115284,81.3053865033179,5.51075827481721));
#5458=CARTESIAN_POINT('',(14.8410168675307,81.1998354493902,5.59579663844088));
#5459=CARTESIAN_POINT('',(14.7113572920098,81.182303992789,5.58277944319923));
#5460=CARTESIAN_POINT('',(29.0721367410476,97.3838100587056,6.39989949769753));
#5461=CARTESIAN_POINT('',(28.9642749257317,97.2583106593855,6.33552759579509));
#5462=CARTESIAN_POINT('',(29.0418544135141,97.2434461419887,6.17650407116601));
#5463=CARTESIAN_POINT('',(28.9355954247001,97.5452657352249,6.31841167741742));
#5464=CARTESIAN_POINT('',(28.8320844491797,97.3820168854575,6.25841615138181));
#5465=CARTESIAN_POINT('',(28.9412061872972,97.3702260081787,6.09071263799021));
#5466=CARTESIAN_POINT('',(28.56768706086,97.7554897917577,6.10593800938596));
#5467=CARTESIAN_POINT('',(28.4844222246684,97.4754051478809,6.06525606978876));
#5468=CARTESIAN_POINT('',(28.668187473361,97.5398945320794,5.87866438251351));
#5469=CARTESIAN_POINT('',(28.152824222869,97.6093770601123,5.89654439880159));
#5470=CARTESIAN_POINT('',(28.2818521212248,97.3280782369768,5.96168316131748));
#5471=CARTESIAN_POINT('',(28.3562496934064,97.4383103161279,5.6879883161384));
#5472=CARTESIAN_POINT('',(28.0101772050414,97.450245720881,5.82752963525113));
#5473=CARTESIAN_POINT('',(28.2027415652791,97.2341360740487,5.92069515663701));
#5474=CARTESIAN_POINT('',(28.2480766050638,97.3197291868542,5.63245432005962));
#5475=CARTESIAN_POINT('',(29.0382560261996,97.2479413482291,6.17344123568852));
#5476=CARTESIAN_POINT('',(28.9402225976985,97.3693964093854,6.09011707781869));
#5477=CARTESIAN_POINT('',(28.6818470030519,97.5346501143099,5.888699448219));
#5478=CARTESIAN_POINT('',(28.3647577579833,97.4448627913908,5.69267826268855));
#5479=CARTESIAN_POINT('',(28.251946096567,97.323923967733,5.63444629504371));
#5480=CARTESIAN_POINT('',(28.0564015717081,97.4971176506914,5.84999999994915));
#5481=CARTESIAN_POINT('',(28.2040608837433,97.6331070550541,5.92211968458666));
#5482=CARTESIAN_POINT('',(28.3987964075,97.6882609384043,6.02134767318599));
#5483=CARTESIAN_POINT('',(28.584256649804,97.6631823047763,6.1220337909275));
#5484=CARTESIAN_POINT('',(21.9999999998649,49.16512,18.2499999999723));
#5485=CARTESIAN_POINT('',(28.0342312864608,98.1789594007643,5.83919612673883));
#5486=CARTESIAN_POINT('',(28.0731743717455,98.020686173889,5.85813056370375));
#5487=CARTESIAN_POINT('',(28.0707968924438,97.8473676151059,5.85691269935031));
#5488=CARTESIAN_POINT('',(28.0199920721435,97.6937730626583,5.83228300167854));
#5489=CARTESIAN_POINT('',(28.0141432529227,97.6767500973291,5.82944925003778));
#5490=CARTESIAN_POINT('',(27.9118683995151,97.7224167602758,5.779926838998));
#5491=CARTESIAN_POINT('',(27.9129127393586,97.7431766786701,5.65923717878644));
#5492=CARTESIAN_POINT('',(28.0784773219919,97.8571915286258,5.86060038940548));
#5493=CARTESIAN_POINT('',(27.9633776052647,97.8743506493652,5.80420996502954));
#5494=CARTESIAN_POINT('',(27.9621046005656,97.8799185469357,5.67802652666399));
#5495=CARTESIAN_POINT('',(28.0739650680939,98.0662527166492,5.85841599224295));
#5496=CARTESIAN_POINT('',(27.9488709394423,98.0543509733759,5.79712411395916));
#5497=CARTESIAN_POINT('',(27.9593117882534,98.0404549555156,5.66334289112447));
#5498=CARTESIAN_POINT('',(28.0142235463635,98.2488456108112,5.82948812917001));
#5499=CARTESIAN_POINT('',(27.8891235982574,98.1975857407456,5.76891260205875));
#5500=CARTESIAN_POINT('',(27.914427149012,98.1826472174984,5.62371089193628));
#5501=CARTESIAN_POINT('',(28.2671477455841,97.3609834286269,5.47924082115575));
#5502=CARTESIAN_POINT('',(28.6591333446225,97.7925406642768,5.63580810241194));
#5503=CARTESIAN_POINT('',(29.1113569255121,97.3963810414895,5.5814108854268));
#5504=CARTESIAN_POINT('',(28.2449828748693,97.3098299690965,5.66736605733373));
#5505=CARTESIAN_POINT('',(28.6374153949998,97.7450502115728,5.82547589451408));
#5506=CARTESIAN_POINT('',(29.0904206208536,97.3436183038109,5.77923493258698));
#5507=CARTESIAN_POINT('',(28.2182247521439,97.2626922222998,5.85511174137562));
#5508=CARTESIAN_POINT('',(28.6109474140333,97.7019174020347,6.01370068594245));
#5509=CARTESIAN_POINT('',(29.0643413948716,97.2951407551157,5.97810704067051));
#5510=CARTESIAN_POINT('',(28.1911859308814,97.2152131884167,6.05398892707728));
#5511=CARTESIAN_POINT('',(28.5844101704343,97.6548624699578,6.21269462865549));
#5512=CARTESIAN_POINT('',(29.0377836555038,97.247086633899,6.17697847534201));
#5513=CARTESIAN_POINT('',(13.103882024606,91.0456211257297,7.7001618509638));
#5514=CARTESIAN_POINT('',(13.090981090037,91.2528947922706,7.71104052363121));
#5515=CARTESIAN_POINT('',(12.9575260241285,91.2448098406667,7.55175608806389));
#5516=CARTESIAN_POINT('',(13.9965844515283,91.142070471702,6.94739332555786));
#5517=CARTESIAN_POINT('',(13.9791592631245,91.3475264229912,6.96022582788905));
#5518=CARTESIAN_POINT('',(13.8631661681119,91.3412591865455,6.78807787472941));
#5519=CARTESIAN_POINT('',(14.963394756435,91.2488992685275,6.32274682285549));
#5520=CARTESIAN_POINT('',(14.9629413031209,91.4497750488421,6.32449847338528));
#5521=CARTESIAN_POINT('',(14.8439885274364,91.4480844246168,6.15948276438039));
#5522=CARTESIAN_POINT('',(16.0033183913572,91.3442662452617,5.82100930538313));
#5523=CARTESIAN_POINT('',(15.9882189290784,91.5501870861231,5.8282944236981));
#5524=CARTESIAN_POINT('',(15.8989791276878,91.5435015959703,5.64207943643814));
#5525=CARTESIAN_POINT('',(12.9575260241285,91.2448098406667,7.55175608806389));
#5526=CARTESIAN_POINT('',(13.8579278686458,91.3407013153748,6.79249505288678));
#5527=CARTESIAN_POINT('',(14.835351347657,91.4469000626933,6.16567872077636));
#5528=CARTESIAN_POINT('',(15.880110727838,91.5417914666654,5.65135067669338));
#5529=CARTESIAN_POINT('',(12.9575260241285,91.2448098406667,7.55175608806389));
#5530=CARTESIAN_POINT('',(12.9749527785877,91.0456211257297,7.54726564590571));
#5531=CARTESIAN_POINT('',(13.0982761090861,91.0881030062613,7.69887912149839));
#5532=CARTESIAN_POINT('',(13.0982761090865,91.0881030062617,7.69887912149887));
#5533=CARTESIAN_POINT('',(13.5950235129045,91.1259078496404,7.28422887455069));
#5534=CARTESIAN_POINT('',(14.1184308500782,91.1667700451009,6.9036751038158));
#5535=CARTESIAN_POINT('',(14.6662514358828,91.2103677091416,6.5599986312688));
#5536=CARTESIAN_POINT('',(14.6662514358508,91.2103677091391,6.55999863128888));
#5537=CARTESIAN_POINT('',(15.9435984279348,91.3387527840642,5.84999999999162));
#5538=CARTESIAN_POINT('',(15.5045863314257,91.2979492524059,6.06442206058825));
#5539=CARTESIAN_POINT('',(15.0790028544382,91.2529241954823,6.30105810357698));
#5540=CARTESIAN_POINT('',(14.6662514358508,91.2103677091391,6.5599986312889));
#5541=CARTESIAN_POINT('',(20.4971152158472,91.9029900909839,7.61600172360283));
#5542=CARTESIAN_POINT('',(10.2567691154352,91.0070758966159,7.61600172362433));
#5543=CARTESIAN_POINT('',(20.4962367118741,91.9130314373346,7.16717457521336));
#5544=CARTESIAN_POINT('',(10.255890611462,91.0171172429666,7.16717457523486));
#5545=CARTESIAN_POINT('',(20.4942966022261,91.9352069920618,6.26744986457375));
#5546=CARTESIAN_POINT('',(10.2539505018141,91.0392927976938,6.26744986459525));
#5547=CARTESIAN_POINT('',(20.491881196543,91.9628152053098,4.48456375417988));
#5548=CARTESIAN_POINT('',(10.2515350961309,91.0669010109418,4.48456375420138));
#5549=CARTESIAN_POINT('',(20.5236014343746,91.6002512277938,2.64877131781808));
#5550=CARTESIAN_POINT('',(10.2832553339626,90.7043370334259,2.64877131783958));
#5551=CARTESIAN_POINT('',(20.6100490957416,90.6121499368782,0.992913137530989));
#5552=CARTESIAN_POINT('',(10.3697029953296,89.7162357425102,0.992913137552493));
#5553=CARTESIAN_POINT('',(20.701245511407,89.5697701359808,0.268538284891306));
#5554=CARTESIAN_POINT('',(10.460899410995,88.6738559416129,0.26853828491281));
#5555=CARTESIAN_POINT('',(20.7551257914748,88.9539157167123,1.60303468430581E-11));
#5556=CARTESIAN_POINT('',(10.5147796910628,88.0580015223443,3.75343882017343E-11));
#5557=CARTESIAN_POINT('',(12.4310749570611,91.2400399366271,5.65135067670177));
#5558=CARTESIAN_POINT('',(12.6081010167847,91.251420173167,6.25724149848523));
#5559=CARTESIAN_POINT('',(12.7818860972743,91.2437946793666,6.91515392217191));
#5560=CARTESIAN_POINT('',(12.9575260241285,91.2448098406668,7.55175608806389));
#5561=CARTESIAN_POINT('',(21.9999999998649,49.16512,18.2499999999723));
#5562=CARTESIAN_POINT('',(12.3203537051522,90.7956465225969,8.41412446145241));
#5563=CARTESIAN_POINT('',(12.4256703509345,90.9810058059364,8.31048062454888));
#5564=CARTESIAN_POINT('',(12.5937380065088,91.0941418898392,8.14955865536029));
#5565=CARTESIAN_POINT('',(12.7707363131441,91.1148782141581,7.99033666236828));
#5566=CARTESIAN_POINT('',(12.7707363131441,91.1148782141581,7.99033666236827));
#5567=CARTESIAN_POINT('',(12.7707363131446,91.1148782141596,7.99033666236782));
#5568=CARTESIAN_POINT('',(12.6112246355535,91.2038891714557,8.13382824539122));
#5569=CARTESIAN_POINT('',(12.4780192699915,91.3798042259149,8.26110202955839));
#5570=CARTESIAN_POINT('',(12.4213378718212,91.5983329744664,8.31575459144834));
#5571=CARTESIAN_POINT('',(21.9999999998649,49.16512,18.2499999999723));
#5572=CARTESIAN_POINT('',(14.6662514358508,91.2103677091391,6.5599986312889));
#5573=CARTESIAN_POINT('',(15.0790021577943,91.2335631758262,6.30105854061806));
#5574=CARTESIAN_POINT('',(15.5065996913597,91.2619026774348,6.06343015455228));
#5575=CARTESIAN_POINT('',(15.9437940802374,91.2851680033275,5.84990444150715));
#5576=CARTESIAN_POINT('',(18.3423446365712,91.4160839019092,7.87275337124527));
#5577=CARTESIAN_POINT('',(10.7561447472948,90.7523774123559,7.8727533712612));
#5578=CARTESIAN_POINT('',(18.3441133783255,91.3958670911379,7.47454624283511));
#5579=CARTESIAN_POINT('',(10.7579134890491,90.7321606015847,7.47454624285104));
#5580=CARTESIAN_POINT('',(18.3481242605698,91.3500224972861,6.68084169747381));
#5581=CARTESIAN_POINT('',(10.7619243712934,90.6863160077328,6.68084169748974));
#5582=CARTESIAN_POINT('',(18.3523588351727,91.3016210880569,5.07175491507897));
#5583=CARTESIAN_POINT('',(10.7661589458963,90.6379145985036,5.0717549150949));
#5584=CARTESIAN_POINT('',(18.3929488419731,90.8376751873155,3.26243354697721));
#5585=CARTESIAN_POINT('',(10.8067489526966,90.1739686977622,3.26243354699314));
#5586=CARTESIAN_POINT('',(18.5015654230726,89.5961819843567,1.43416167822581));
#5587=CARTESIAN_POINT('',(10.9153655337962,88.9324754948034,1.43416167824174));
#5588=CARTESIAN_POINT('',(18.6132912146261,88.3191503433092,0.440349420951923));
#5589=CARTESIAN_POINT('',(11.0270913253497,87.6554438537559,0.440349420967853));
#5590=CARTESIAN_POINT('',(18.6790348207029,87.5676974872692,1.78600146195599E-11));
#5591=CARTESIAN_POINT('',(11.0928349314264,86.9039909977159,3.3790526593918E-11));
#5592=CARTESIAN_POINT('',(12.6946425174645,90.9190579835541,7.81575354373123));
#5593=CARTESIAN_POINT('',(12.5970572913546,90.8922975715114,7.45954838266788));
#5594=CARTESIAN_POINT('',(12.4023424296245,90.8351110255618,6.74029748116737));
#5595=CARTESIAN_POINT('',(12.2077945833362,90.7927330442384,6.04785432707841));
#5596=CARTESIAN_POINT('',(12.1111623127529,90.7558441303284,5.66474751611862));
#5597=CARTESIAN_POINT('',(12.6946425174645,90.9190579835541,7.81575354373122));
#5598=CARTESIAN_POINT('',(15.9149251742508,91.0886302594504,5.66474751611062));
#5599=CARTESIAN_POINT('',(14.7501091901846,91.0275749245929,6.21516712099134));
#5600=CARTESIAN_POINT('',(13.669537624063,90.959832497515,6.94555550362653));
#5601=CARTESIAN_POINT('',(12.6946425174644,90.9190579835541,7.81575354373114));
#5602=CARTESIAN_POINT('',(12.3633916650831,91.2334929879278,5.4217580016446));
#5603=CARTESIAN_POINT('',(11.5892823014404,91.1685140934212,5.64314459708837));
#5604=CARTESIAN_POINT('',(11.7455082544186,91.9576079967219,5.56963370236794));
#5605=CARTESIAN_POINT('',(12.6066706148284,91.2649249657216,6.23962312572883));
#5606=CARTESIAN_POINT('',(11.8116001687205,91.1823367072299,6.46754882164138));
#5607=CARTESIAN_POINT('',(11.9898149118728,91.9943567733665,6.4295119041899));
#5608=CARTESIAN_POINT('',(12.8407117590751,91.2441231312293,7.12887818937062));
#5609=CARTESIAN_POINT('',(12.0490224692963,91.1698493693889,7.35111026667728));
#5610=CARTESIAN_POINT('',(12.2243759176855,91.9748770096446,7.29764094303186));
#5611=CARTESIAN_POINT('',(13.0793817501605,91.2455180647929,7.99324480868559));
#5612=CARTESIAN_POINT('',(12.2817556485787,91.1707670543304,8.21360695941169));
#5613=CARTESIAN_POINT('',(12.4638994745534,91.9797885112965,8.162007562224));
#5614=CARTESIAN_POINT('',(12.456062359715,91.9796279172335,8.13372497373526));
#5615=CARTESIAN_POINT('',(12.4197106567844,91.7780196823619,8.17920828365815));
#5616=CARTESIAN_POINT('',(12.5336127588913,91.3448383213939,8.03088920796414));
#5617=CARTESIAN_POINT('',(12.8154985983344,91.2289554277097,7.70384424402462));
#5618=CARTESIAN_POINT('',(12.9575260241285,91.2448098406667,7.5517560880639));
#5619=CARTESIAN_POINT('',(12.7905271367903,90.9453408694617,8.16553270877621));
#5620=CARTESIAN_POINT('',(12.2910223090753,90.9087898407991,8.30529491006051));
#5621=CARTESIAN_POINT('',(12.2648039614777,90.3915230928899,8.35136261318703));
#5622=CARTESIAN_POINT('',(12.663803733381,90.910619689996,7.70354766542488));
#5623=CARTESIAN_POINT('',(12.1616526817288,90.8738121847346,7.84282192935826));
#5624=CARTESIAN_POINT('',(12.1378736676332,90.3540291845297,7.88937756984075));
#5625=CARTESIAN_POINT('',(12.4741684617394,90.8584087317128,7.00556281612967));
#5626=CARTESIAN_POINT('',(11.9676197770447,90.8224386955018,7.14668903534607));
#5627=CARTESIAN_POINT('',(11.9479499095687,90.2980635391175,7.19624447885512));
#5628=CARTESIAN_POINT('',(12.2220887138923,90.7894988238448,6.09423000341439));
#5629=CARTESIAN_POINT('',(11.713910219737,90.7502945945091,6.23373935143696));
#5630=CARTESIAN_POINT('',(11.6956377930448,90.2235104338241,6.27197364396593));
#5631=CARTESIAN_POINT('',(12.0963278991112,90.7539834428977,5.60593989728334));
#5632=CARTESIAN_POINT('',(11.5801810842847,90.7203352266704,5.74939464230505));
#5633=CARTESIAN_POINT('',(11.5696432864566,90.1868323219703,5.80955958218534));
#5634=CARTESIAN_POINT('',(12.034029732395,90.7203768984257,5.35902892333667));
#5635=CARTESIAN_POINT('',(11.5118220426871,90.6915003187858,5.50644744668665));
#5636=CARTESIAN_POINT('',(11.5070600216087,90.153421009665,5.58204459821878));
#5637=CARTESIAN_POINT('',(12.6946425174645,90.9190579835541,7.81575354373116));
#5638=CARTESIAN_POINT('',(12.5907842380433,90.9160384060162,7.93434344336284));
#5639=CARTESIAN_POINT('',(12.3898464055014,90.8283660568489,8.17430549227821));
#5640=CARTESIAN_POINT('',(12.2692800950347,90.5480485058204,8.32466996060657));
#5641=CARTESIAN_POINT('',(12.259598218801,90.3899853916606,8.33241468971934));
#5642=CARTESIAN_POINT('',(12.8104163336755,91.1180386864369,7.95478013626346));
#5643=CARTESIAN_POINT('',(12.8146427336118,90.9364759958559,7.9510076227732));
#5644=CARTESIAN_POINT('',(12.6946425174645,90.9190579835541,7.81575354373113));
#5645=CARTESIAN_POINT('',(12.6603867673508,91.1116728003628,8.08869755331665));
#5646=CARTESIAN_POINT('',(12.6972997701753,90.9492035779256,8.05564296627183));
#5647=CARTESIAN_POINT('',(12.5864267440492,90.9159117161453,7.9393190192932));
#5648=CARTESIAN_POINT('',(12.3719027609336,90.9759489465428,8.35972144300461));
#5649=CARTESIAN_POINT('',(12.4472675703242,90.8790773101148,8.28722670336637));
#5650=CARTESIAN_POINT('',(12.3786250834849,90.8173252239174,8.18820581869999));
#5651=CARTESIAN_POINT('',(12.2187263592366,90.6010942094947,8.51517085071344));
#5652=CARTESIAN_POINT('',(12.2973602176214,90.5584884948743,8.43616678073271));
#5653=CARTESIAN_POINT('',(12.2675875074795,90.5376936627943,8.32656642281437));
#5654=CARTESIAN_POINT('',(12.2084517062153,90.3970156255948,8.52551636262033));
#5655=CARTESIAN_POINT('',(12.2895189512124,90.3886770571327,8.44389003941144));
#5656=CARTESIAN_POINT('',(12.2592815806472,90.384500957079,8.33265808273682));
#5657=CARTESIAN_POINT('',(12.6772339617018,91.1180386864369,7.80557405128217));
#5658=CARTESIAN_POINT('',(12.8104645741101,91.1066126452997,7.95429879536069));
#5659=CARTESIAN_POINT('',(12.770736313149,91.114878214158,7.99033666236385));
#5660=CARTESIAN_POINT('',(12.784028021252,91.1121162396303,7.97837986856929));
#5661=CARTESIAN_POINT('',(12.7972517845117,91.1093608089733,7.96634621014775));
#5662=CARTESIAN_POINT('',(12.8104645741102,91.1066126452997,7.95429879536071));
#5663=CARTESIAN_POINT('',(16.0053152957483,91.2883990203768,5.82004604598561));
#5664=CARTESIAN_POINT('',(16.0127661526246,91.1086455038366,5.81645266680541));
#5665=CARTESIAN_POINT('',(15.9358178999051,91.0897207925737,5.6548959397473));
#5666=CARTESIAN_POINT('',(14.8537223898766,91.2287098060116,6.375433170005));
#5667=CARTESIAN_POINT('',(14.8338672305047,91.0367850186213,6.38413525234805));
#5668=CARTESIAN_POINT('',(14.7676254810207,91.0290001407871,6.20456065288612));
#5669=CARTESIAN_POINT('',(13.7773676644557,91.1590670757348,7.09167276478701));
#5670=CARTESIAN_POINT('',(13.7844764367422,90.9770753550138,7.08604160144015));
#5671=CARTESIAN_POINT('',(13.6756076358431,90.960086372827,6.94013736998441));
#5672=CARTESIAN_POINT('',(12.8104163336755,91.1180386864368,7.95478013626346));
#5673=CARTESIAN_POINT('',(12.8146427336118,90.9364759958558,7.9510076227732));
#5674=CARTESIAN_POINT('',(12.6946425174644,90.919057983554,7.81575354373113));
#5675=CARTESIAN_POINT('',(12.8104645741102,91.1066126452999,7.95429879536071));
#5676=CARTESIAN_POINT('',(12.9047950307515,91.0869925997128,7.86828833332003));
#5677=CARTESIAN_POINT('',(12.9992731105603,91.0805684065342,7.78151995157003));
#5678=CARTESIAN_POINT('',(13.0982761090861,91.0881030062613,7.69887912149841));
#5679=CARTESIAN_POINT('',(12.9575260241285,91.2448098406667,7.55175608806389));
#5680=CARTESIAN_POINT('',(13.090981090037,91.2528947922706,7.71104052363121));
#5681=CARTESIAN_POINT('',(13.103882024606,91.0456211257297,7.7001618509638));
#5682=CARTESIAN_POINT('',(12.8107004735898,91.2284198166232,7.7089822552305));
#5683=CARTESIAN_POINT('',(12.9440191381703,91.21218772782,7.83536391951727));
#5684=CARTESIAN_POINT('',(12.9010811924538,91.0237101841166,7.87117301746935));
#5685=CARTESIAN_POINT('',(12.51809008534,91.3623862762408,8.05002039756009));
#5686=CARTESIAN_POINT('',(12.5923570867206,91.2835131822705,8.14832567788164));
#5687=CARTESIAN_POINT('',(12.4945602209572,91.2022026800984,8.23987545886215));
#5688=CARTESIAN_POINT('',(12.4202436605328,91.7914130491545,8.17852913311717));
#5689=CARTESIAN_POINT('',(12.4455607295227,91.7899558708849,8.29149399538961));
#5690=CARTESIAN_POINT('',(12.3573502173728,91.7741872810823,8.37758914337858));
#5691=CARTESIAN_POINT('',(12.4573601296514,91.9866349648251,8.13210141824017));
#5692=CARTESIAN_POINT('',(12.492823365711,92.0018274028155,8.246643897615));
#5693=CARTESIAN_POINT('',(12.4091543839572,92.0345010511148,8.32751642115881));
#5694=CARTESIAN_POINT('',(14.2332240728124,82.5495776899454,8.01130286016113));
#5695=CARTESIAN_POINT('',(15.0269379802347,82.5495776899454,7.73015169671943));
#5696=CARTESIAN_POINT('',(14.5254914397211,83.2022866501006,7.90777524211889));
#5697=CARTESIAN_POINT('',(14.041735537108,82.5495776899454,7.47071425933042));
#5698=CARTESIAN_POINT('',(14.827028652094,82.5495776898923,7.20275105349322));
#5699=CARTESIAN_POINT('',(14.3370854961056,83.1987215167909,7.3671866413154));
#5700=CARTESIAN_POINT('',(13.8529534545324,82.5495776899453,6.92925362798395));
#5701=CARTESIAN_POINT('',(14.6279658576638,82.5495776899355,6.66661280618035));
#5702=CARTESIAN_POINT('',(14.1511476666545,83.195301324941,6.82572600992267));
#5703=CARTESIAN_POINT('',(13.6663802129985,82.5495776899453,6.38708129881076));
#5704=CARTESIAN_POINT('',(14.4301082977383,82.5495776899453,6.12426592289862));
#5705=CARTESIAN_POINT('',(13.9672261934541,83.1920106257156,6.28355368076849));
#5706=CARTESIAN_POINT('',(13.760378426253,82.5500783845098,6.59835885052448));
#5707=CARTESIAN_POINT('',(13.918215017952,82.5574604745402,6.60384008972766));
#5708=CARTESIAN_POINT('',(14.198584527398,82.7856634568311,6.50877931694086));
#5709=CARTESIAN_POINT('',(14.0731474158049,83.0890394458412,6.35011903716772));
#5710=CARTESIAN_POINT('',(13.9705172513231,83.1920695188646,6.29325450093164));
#5711=CARTESIAN_POINT('',(14.2332240728124,82.9495776899454,8.01130286016113));
#5712=CARTESIAN_POINT('',(14.5254914397279,83.2022866500918,7.90777524211661));
#5713=CARTESIAN_POINT('',(15.0269379802056,82.5495776899454,7.73015169673012));
#5714=CARTESIAN_POINT('',(14.2332240728124,82.5495776899454,8.01130286016113));
#5715=CARTESIAN_POINT('',(14.5745746594198,83.1933188558767,8.02445117513177));
#5716=CARTESIAN_POINT('',(15.0663759520245,82.5495776899361,7.93280723591305));
#5717=CARTESIAN_POINT('',(14.2590624713373,82.5495776899454,8.08424720703765));
#5718=CARTESIAN_POINT('',(14.6209957080966,83.1639698300969,8.26513457488079));
#5719=CARTESIAN_POINT('',(15.012644376239,82.5495776899492,8.29723853153317));
#5720=CARTESIAN_POINT('',(14.2751277713162,82.5495776899453,8.23826432610026));
#5721=CARTESIAN_POINT('',(14.5499729022532,83.0776953834223,8.72072009956779));
#5722=CARTESIAN_POINT('',(14.7071074096915,82.5495776899434,8.79306568830571));
#5723=CARTESIAN_POINT('',(14.1985518889698,82.5495776899454,8.53962088263341));
#5724=CARTESIAN_POINT('',(14.3632907973951,83.000251268872,8.99115606573695));
#5725=CARTESIAN_POINT('',(14.4094163128393,82.5495776899454,9.02289637079705));
#5726=CARTESIAN_POINT('',(14.0571639326941,82.5495776899453,8.72662638564839));
#5727=CARTESIAN_POINT('',(14.2011410911497,82.9495776899452,9.12981361367624));
#5728=CARTESIAN_POINT('',(14.2011410911497,82.5495776899453,9.12981361367614));
#5729=CARTESIAN_POINT('',(13.9411791275277,82.5495776899453,8.82580740079601));
#5730=CARTESIAN_POINT('',(13.9411791275277,82.9495776899454,8.82580740079601));
#5731=CARTESIAN_POINT('',(21.9999999998507,82.9495776899453,18.2500000000488));
#5732=CARTESIAN_POINT('',(13.6817586772503,82.9495776899454,9.05397578852223));
#5733=CARTESIAN_POINT('',(12.3265282839974,82.5495776899454,9.98708598098164));
#5734=CARTESIAN_POINT('',(12.3070944821759,82.5495776899454,9.98708598098174));
#5735=CARTESIAN_POINT('',(12.2877522094978,82.5514616063135,9.98708598098184));
#5736=CARTESIAN_POINT('',(12.3265241041244,82.5495776899454,10.0049909754623));
#5737=CARTESIAN_POINT('',(12.3132175564894,82.5495776899432,10.0098123892017));
#5738=CARTESIAN_POINT('',(12.2999252247476,82.5502759678387,10.0146447769178));
#5739=CARTESIAN_POINT('',(12.3609921615311,82.5495776899453,10.0256380143548));
#5740=CARTESIAN_POINT('',(12.3677187327231,82.5495776899463,10.0477515527867));
#5741=CARTESIAN_POINT('',(12.3743813429197,82.5508251284938,10.0698198008674));
#5742=CARTESIAN_POINT('',(12.4274203098819,82.5495776899454,9.98764370939216));
#5743=CARTESIAN_POINT('',(12.4461770871487,82.5495776899448,10.0224929314476));
#5744=CARTESIAN_POINT('',(12.4643606652104,82.5573440114493,10.0568685442404));
#5745=CARTESIAN_POINT('',(12.5018097742163,82.5495776899453,9.94609947602943));
#5746=CARTESIAN_POINT('',(12.5342315231309,82.5495776899455,9.99572697317641));
#5747=CARTESIAN_POINT('',(12.5649929818691,82.5658551665447,10.0436590425145));
#5748=CARTESIAN_POINT('',(12.5897435152066,82.5495776899453,9.88578488698177));
#5749=CARTESIAN_POINT('',(12.6343198520702,82.5495776899453,9.95013996313887));
#5750=CARTESIAN_POINT('',(12.675212284928,82.5786679864458,10.0102573234867));
#5751=CARTESIAN_POINT('',(12.7051490078933,82.5495776899453,9.80547274597458));
#5752=CARTESIAN_POINT('',(12.765698613856,82.5495776899453,9.88910766098828));
#5753=CARTESIAN_POINT('',(12.8177316800177,82.5984401577249,9.96365179429138));
#5754=CARTESIAN_POINT('',(12.848230840238,82.5495776899453,9.7025118226829));
#5755=CARTESIAN_POINT('',(12.9282407472066,82.5495776899453,9.80981008535106));
#5756=CARTESIAN_POINT('',(12.9899116677586,82.6286400676448,9.89851854113938));
#5757=CARTESIAN_POINT('',(13.075966552227,82.5495776899454,9.53670440595307));
#5758=CARTESIAN_POINT('',(13.191014652539,82.5495776899453,9.68325972160829));
#5759=CARTESIAN_POINT('',(13.259277426801,82.6889907562885,9.78595575347311));
#5760=CARTESIAN_POINT('',(13.3581992680418,82.5495776899453,9.3262785048838));
#5761=CARTESIAN_POINT('',(13.5312409274606,82.5495776899449,9.52555655375585));
#5762=CARTESIAN_POINT('',(13.5862095288813,82.787762858181,9.62501733379758));
#5763=CARTESIAN_POINT('',(13.5774043135384,82.5495776899454,9.14836923794411));
#5764=CARTESIAN_POINT('',(13.8063726215113,82.5495776899462,9.40836333353785));
#5765=CARTESIAN_POINT('',(13.8345829954668,82.8921439209817,9.4551024445928));
#5766=CARTESIAN_POINT('',(13.6817586772503,82.5495776899453,9.05397578852222));
#5767=CARTESIAN_POINT('',(13.9500890424955,82.5495776899453,9.35062173082959));
#5768=CARTESIAN_POINT('',(13.9500890424955,82.9495776899454,9.35062173082953));
#5769=CARTESIAN_POINT('',(12.3265282839974,82.9495776899454,9.98708598098164));
#5770=CARTESIAN_POINT('',(12.3265282839831,82.9495776899454,6.60000000005529));
#5771=CARTESIAN_POINT('',(31.6800973852969,82.9495776899453,6.59999999997401));
#5772=CARTESIAN_POINT('',(31.6800973853112,82.9495776899453,9.99482567674773));
#5773=CARTESIAN_POINT('',(29.4745085602476,83.2022866501024,7.90777524233632));
#5774=CARTESIAN_POINT('',(28.9730620197253,82.5495776899453,7.73015169693754));
#5775=CARTESIAN_POINT('',(29.7667759271557,82.5495776899453,8.0113028603761));
#5776=CARTESIAN_POINT('',(29.662914503935,83.1987215168481,7.36718664145377));
#5777=CARTESIAN_POINT('',(29.1729713479591,82.5495776899514,7.2027510536452));
#5778=CARTESIAN_POINT('',(29.9582644629276,82.5495776899453,7.47071425946484));
#5779=CARTESIAN_POINT('',(29.8488523333678,83.1953013249361,6.82572600994726));
#5780=CARTESIAN_POINT('',(29.3720341424156,82.5495776899627,6.66661280620863));
#5781=CARTESIAN_POINT('',(30.1470465454984,82.5495776899453,6.92925362800878));
#5782=CARTESIAN_POINT('',(30.0327738065993,83.1920106257156,6.28355368069937));
#5783=CARTESIAN_POINT('',(29.5698917023137,82.5495776899453,6.12426592283339));
#5784=CARTESIAN_POINT('',(30.3336197870558,82.5495776899453,6.38708129873911));
#5785=CARTESIAN_POINT('',(29.7667759271556,82.9495776899453,8.0113028603761));
#5786=CARTESIAN_POINT('',(30.2396215738025,82.5500783845098,6.59835885045527));
#5787=CARTESIAN_POINT('',(30.0817849821035,82.5574604745403,6.6038400896598));
#5788=CARTESIAN_POINT('',(29.8014154726561,82.7856634568264,6.50877931686578));
#5789=CARTESIAN_POINT('',(29.9268525842495,83.0890394458508,6.35011903712035));
#5790=CARTESIAN_POINT('',(30.0294827487297,83.1920695188646,6.2932545008642));
#5791=CARTESIAN_POINT('',(31.7188734598096,82.5514616063133,9.99482567674763));
#5792=CARTESIAN_POINT('',(31.699531187132,82.5495776899453,9.99482567674768));
#5793=CARTESIAN_POINT('',(31.6800973853111,82.5495776899453,9.99482567674773));
#5794=CARTESIAN_POINT('',(31.7066954337075,82.5502754797869,10.0223857085638));
#5795=CARTESIAN_POINT('',(31.6934055903379,82.5495776899449,10.0175591456521));
#5796=CARTESIAN_POINT('',(31.680101559283,82.5495776899453,10.0127436087472));
#5797=CARTESIAN_POINT('',(31.632154529993,82.5508231960689,10.0775473818467));
#5798=CARTESIAN_POINT('',(31.6388470992371,82.5495776899455,10.0554900728475));
#5799=CARTESIAN_POINT('',(31.6456036875,82.5495776899453,10.0333876759726));
#5800=CARTESIAN_POINT('',(31.5421556212283,82.5573424934497,10.0644430071873));
#5801=CARTESIAN_POINT('',(31.5603730623005,82.5495776899452,10.0300936371872));
#5802=CARTESIAN_POINT('',(31.5791643198082,82.5495776899453,9.99527171631514));
#5803=CARTESIAN_POINT('',(31.4414890752405,82.5658514241173,10.0511104407948));
#5804=CARTESIAN_POINT('',(31.4722974389055,82.5495776899454,10.0032145060161));
#5805=CARTESIAN_POINT('',(31.504767620979,82.5495776899453,9.95362559309414));
#5806=CARTESIAN_POINT('',(31.3312461854614,82.5786617548618,10.0175499232753));
#5807=CARTESIAN_POINT('',(31.3721939258909,82.5495776899453,9.95747887211312));
#5808=CARTESIAN_POINT('',(31.416829040796,82.5495776899453,9.89317550156794));
#5809=CARTESIAN_POINT('',(31.1886934608518,82.5984300058344,9.97074834821761));
#5810=CARTESIAN_POINT('',(31.2407930632699,82.5495776899453,9.89625962739533));
#5811=CARTESIAN_POINT('',(31.3014163594217,82.5495776899454,9.81269198491299));
#5812=CARTESIAN_POINT('',(31.016477312478,82.6286245439772,9.9053801392797));
#5813=CARTESIAN_POINT('',(31.0782249070797,82.5495776899453,9.8167331189368));
#5814=CARTESIAN_POINT('',(31.1583257580015,82.5495776899453,9.70952085004364));
#5815=CARTESIAN_POINT('',(30.7470548986679,82.6889677540512,9.79246355964714));
#5816=CARTESIAN_POINT('',(30.8154027287871,82.5495776899453,9.68982531952806));
#5817=CARTESIAN_POINT('',(30.9305702721188,82.5495776899453,9.54338686745927));
#5818=CARTESIAN_POINT('',(30.4200532702749,82.7877408289661,9.63111256140589));
#5819=CARTESIAN_POINT('',(30.4750958418996,82.5495776899454,9.53168184938051));
#5820=CARTESIAN_POINT('',(30.6482967149546,82.5495776899453,9.33256290284342));
#5821=CARTESIAN_POINT('',(30.1716727232634,82.8921305789694,9.46091292056558));
#5822=CARTESIAN_POINT('',(30.1999174928129,82.549577689945,9.41417937176251));
#5823=CARTESIAN_POINT('',(30.4290755477814,82.5495776899453,9.15436833754634));
#5824=CARTESIAN_POINT('',(30.0561714324013,82.9495776899509,9.35628863474386));
#5825=CARTESIAN_POINT('',(30.0561714323975,82.5495776899453,9.35628863474803));
#5826=CARTESIAN_POINT('',(30.3247104801566,82.5495776899453,9.05983158923705));
#5827=CARTESIAN_POINT('',(30.3247104801567,82.9495776899453,9.05983158923704));
#5828=CARTESIAN_POINT('',(29.7667759271556,82.5495776899453,8.01130286037606));
#5829=CARTESIAN_POINT('',(28.9730620197247,82.5495776899453,7.73015169693735));
#5830=CARTESIAN_POINT('',(29.4745085602478,83.2022866501026,7.90777524233635));
#5831=CARTESIAN_POINT('',(29.7409375286371,82.5495776899453,8.08424720725284));
#5832=CARTESIAN_POINT('',(28.933624051469,82.5495776899442,7.93280723586781));
#5833=CARTESIAN_POINT('',(29.4254253398999,83.1933188549059,8.02445117480825));
#5834=CARTESIAN_POINT('',(29.7248722286487,82.5495776899453,8.23826432631287));
#5835=CARTESIAN_POINT('',(28.9873556223217,82.5495776899458,8.29723853233817));
#5836=CARTESIAN_POINT('',(29.3790042921716,83.1639698305465,8.26513457533844));
#5837=CARTESIAN_POINT('',(29.8014481109942,82.5495776899453,8.53962088284484));
#5838=CARTESIAN_POINT('',(29.2928925907772,82.5495776899453,8.79306568784817));
#5839=CARTESIAN_POINT('',(29.4500270975077,83.0776953831248,8.72072009960726));
#5840=CARTESIAN_POINT('',(29.9428360672668,82.5495776899453,8.72662638586351));
#5841=CARTESIAN_POINT('',(29.5905836870748,82.5495776899445,9.02289637118643));
#5842=CARTESIAN_POINT('',(29.6367092026536,83.0002512690167,8.99115606602529));
#5843=CARTESIAN_POINT('',(30.0588208724258,82.5495776899453,8.82580740101174));
#5844=CARTESIAN_POINT('',(29.7988589087943,82.5495776899453,9.12981361388406));
#5845=CARTESIAN_POINT('',(29.7988589087944,82.9495776899455,9.12981361388391));
#5846=CARTESIAN_POINT('',(30.0588208724259,82.9495776899453,8.82580740101174));
#5847=CARTESIAN_POINT('',(21.9999999998507,82.9495776899453,18.2500000000488));
#5848=CARTESIAN_POINT('',(27.7679708728441,79.7137977200852,4.4924061044509));
#5849=CARTESIAN_POINT('',(27.1039297641803,80.2678176331822,4.90376869348373));
#5850=CARTESIAN_POINT('',(27.5706896468371,80.2844624435595,4.06772682850986));
#5851=CARTESIAN_POINT('',(28.8173768149582,80.5245972051193,5.09442882504395));
#5852=CARTESIAN_POINT('',(28.0453351422272,80.9268518826938,5.3931049587168));
#5853=CARTESIAN_POINT('',(28.5813857312755,81.0722741367449,4.6697495491212));
#5854=CARTESIAN_POINT('',(29.6997861822016,81.5593728915281,5.86275500856485));
#5855=CARTESIAN_POINT('',(28.936230086723,81.8182988433121,6.05500883806705));
#5856=CARTESIAN_POINT('',(29.4282187807718,82.0767454516979,5.43807573261365));
#5857=CARTESIAN_POINT('',(30.3417241600245,82.7319630101415,6.73340910539315));
#5858=CARTESIAN_POINT('',(29.6438535468953,82.9782390177617,6.91627028730607));
#5859=CARTESIAN_POINT('',(30.0403956815939,83.2122527009708,6.30872982945255));
#5860=CARTESIAN_POINT('',(13.66118478237,82.7266533083976,6.72946662504917));
#5861=CARTESIAN_POINT('',(14.3591476313952,82.9733229319024,6.91262006874247));
#5862=CARTESIAN_POINT('',(13.962378433584,83.2071109006344,6.30478734910604));
#5863=CARTESIAN_POINT('',(14.1402011360617,81.8529432602594,6.08073249299309));
#5864=CARTESIAN_POINT('',(14.8780742028012,82.1238921968493,6.28191344956047));
#5865=CARTESIAN_POINT('',(14.4191985301349,82.3610262572222,5.65605321704446));
#5866=CARTESIAN_POINT('',(14.7520597318943,81.0552377649244,5.48843212600526));
#5867=CARTESIAN_POINT('',(15.498779304747,81.4157777133976,5.75613486224526));
#5868=CARTESIAN_POINT('',(15.0056187590329,81.5871948724006,5.06375285006997));
#5869=CARTESIAN_POINT('',(15.4681377886144,80.3708535328683,4.9802733704511));
#5870=CARTESIAN_POINT('',(16.1632104417453,80.8396571204891,5.32836240658452));
#5871=CARTESIAN_POINT('',(15.6941618784773,80.922671306746,4.55559409450828));
#5872=MECHANICAL_DESIGN_GEOMETRIC_PRESENTATION_REPRESENTATION('',(#2337),
#5873);
#5873=(
GEOMETRIC_REPRESENTATION_CONTEXT(3)
GLOBAL_UNCERTAINTY_ASSIGNED_CONTEXT((#5874))
GLOBAL_UNIT_ASSIGNED_CONTEXT((#5877,#5876,#5875))
REPRESENTATION_CONTEXT('Duct-HEF-Dragon-UHF','TOP_LEVEL_ASSEMBLY_PART')
);
#5874=UNCERTAINTY_MEASURE_WITH_UNIT(LENGTH_MEASURE(0.0407966224903779),
#5877,'DISTANCE_ACCURACY_VALUE','Maximum Tolerance applied to model');
#5875=(
NAMED_UNIT(*)
SI_UNIT($,.STERADIAN.)
SOLID_ANGLE_UNIT()
);
#5876=(
NAMED_UNIT(*)
PLANE_ANGLE_UNIT()
SI_UNIT($,.RADIAN.)
);
#5877=(
LENGTH_UNIT()
NAMED_UNIT(*)
SI_UNIT(.MILLI.,.METRE.)
);
#5878=PRODUCT_DEFINITION_SHAPE('','',#5879);
#5879=PRODUCT_DEFINITION('','',#5881,#5880);
#5880=PRODUCT_DEFINITION_CONTEXT('',#5887,'design');
#5881=PRODUCT_DEFINITION_FORMATION_WITH_SPECIFIED_SOURCE('','',#5883,
 .NOT_KNOWN.);
#5882=PRODUCT_RELATED_PRODUCT_CATEGORY('','',(#5883));
#5883=PRODUCT('Duct-HEF-Dragon-UHF','Duct-HEF-Dragon-UHF',
'Duct-HEF-Dragon-UHF',(#5885));
#5884=PRODUCT_CATEGORY('','');
#5885=PRODUCT_CONTEXT('',#5887,'mechanical');
#5886=APPLICATION_PROTOCOL_DEFINITION('international standard',
'ap242_managed_model_based_3d_engineering',2020,#5887);
#5887=APPLICATION_CONTEXT('managed model based 3d engineering');
ENDSEC;
END-ISO-10303-21;
